"arquivo","modelo","status","status_primal","status_dual","raw_status","objetivo","tempo_jump_s","variaveis","restricoes_sem_bounds","restricoes_com_bounds","ipopt_iterations","ipopt_objective_final_log","ipopt_dual_infeasibility","ipopt_constraint_violation","ipopt_variable_bound_violation","ipopt_complementarity","ipopt_overall_nlp_error","ipopt_objective_evaluations","ipopt_gradient_evaluations","ipopt_eq_constraint_evaluations","ipopt_ineq_constraint_evaluations","ipopt_eq_jacobian_evaluations","ipopt_ineq_jacobian_evaluations","ipopt_hessian_evaluations","ipopt_total_seconds","log_ipopt"
"jump_2/abel_jump.jl","abel_jump","ALMOST_LOCALLY_SOLVED","NEARLY_FEASIBLE_POINT","NEARLY_FEASIBLE_POINT","Solved_To_Acceptable_Level","225.19458318594297","0.053080081939697266","30","14","16","36","2.2519458318594297e+02","1.5999200797534030e-07","6.3948846218409017e-14","0.0000000000000000e+00","0.0000000000000000e+00","1.5999200797534030e-07","359","39","359","0","1","0","0","0.039","logs_ipopt_simples_2/abel_jump_ipopt_2.log"
"jump_2/alkyl_jump.jl","alkyl_jump","LOCALLY_SOLVED","FEASIBLE_POINT","FEASIBLE_POINT","Solve_Succeeded","-1.7650001898924756","0.783574104309082","14","7","35","13","-1.7650001898924756e+00","1.4460156049747656e-08","1.0338396805309458e-12","1.9988690702632539e-08","1.2987141079797037e-11","1.4460156049747656e-08","14","14","14","0","14","0","0","0.782","logs_ipopt_simples_2/alkyl_jump_ipopt_2.log"
"jump_2/camshape100_jump.jl","camshape100_jump","LOCALLY_SOLVED","FEASIBLE_POINT","FEASIBLE_POINT","Solve_Succeeded","-4.284199802584951","0.043248891830444336","200","201","597","34","-4.2841998025849506e+00","2.1790876757344645e-08","8.8817841970012523e-16","1.9682908636298180e-08","1.0050403505609673e-11","2.1790876757344645e-08","35","35","35","35","35","35","0","0.029","logs_ipopt_simples_2/camshape100_jump_ipopt_2.log"
"jump_2/camshape200_jump.jl","camshape200_jump","LOCALLY_SOLVED","FEASIBLE_POINT","FEASIBLE_POINT","Solve_Succeeded","-4.278705712059962","0.07671403884887695","400","401","1197","49","-4.2787057120599616e+00","4.3870778634039364e-10","1.7763568394002505e-15","1.9363385117543430e-08","1.0000967471731428e-11","4.3870778634039364e-10","53","49","53","53","51","51","0","0.060","logs_ipopt_simples_2/camshape200_jump_ipopt_2.log"
"jump_2/catmix100_jump.jl","catmix100_jump","LOCALLY_SOLVED","FEASIBLE_POINT","FEASIBLE_POINT","Solve_Succeeded","-0.04806939095033431","0.11272001266479492","304","201","405","54","-4.8069390950334308e-02","9.5730554451158384e-08","9.9590911472463572e-11","0.0000000000000000e+00","1.8488961994445215e-11","9.5730554451158384e-08","64","55","64","0","55","0","0","0.094","logs_ipopt_simples_2/catmix100_jump_ipopt_2.log"
"jump_2/catmix200_jump.jl","catmix200_jump","LOCALLY_SOLVED","FEASIBLE_POINT","FEASIBLE_POINT","Solve_Succeeded","-0.048058902211540765","0.2891709804534912","604","401","805","118","-4.8058902211540765e-02","9.1025342670565947e-08","1.9743942372848176e-08","0.0000000000000000e+00","3.2173393322051317e-09","9.1025342670565947e-08","146","119","146","0","119","0","0","0.275","logs_ipopt_simples_2/catmix200_jump_ipopt_2.log"
"jump_2/chain100_jump.jl","chain100_jump","LOCALLY_SOLVED","FEASIBLE_POINT","FEASIBLE_POINT","Solve_Succeeded","5.069784610685977","0.9071998596191406","203","102","104","156","5.0697846106859767e+00","4.1773822404179853e-08","2.1263195648657529e-09","0.0000000000000000e+00","0.0000000000000000e+00","4.1773822404179853e-08","357","157","404","0","157","0","0","0.906","logs_ipopt_simples_2/chain100_jump_ipopt_2.log"
"jump_2/chain200_jump.jl","chain200_jump","ITERATION_LIMIT","INFEASIBLE_POINT","UNKNOWN_RESULT_STATUS","Maximum_Iterations_Exceeded","374021.97223490046","4.2913758754730225","403","202","204","3000","3.7402197223490046e+05","3.9644409098056667e+02","3.1539293060284504e+03","0.0000000000000000e+00","0.0000000000000000e+00","3.1539293060284504e+03","7110","1692","7812","0","3005","0","0","4.289","logs_ipopt_simples_2/chain200_jump_ipopt_2.log"
"jump_2/chain400_jump.jl","chain400_jump","ITERATION_LIMIT","INFEASIBLE_POINT","UNKNOWN_RESULT_STATUS","Maximum_Iterations_Exceeded","-709906.6355512593","9.874512910842896","803","402","404","3000","-7.0990663555125927e+05","4.4079953691108805e+01","2.2692955602369388e+04","0.0000000000000000e+00","0.0000000000000000e+00","2.2692955602369388e+04","12492","507","14747","0","3005","0","0","9.872","logs_ipopt_simples_2/chain400_jump_ipopt_2.log"
"jump_2/chain50_jump.jl","chain50_jump","ITERATION_LIMIT","INFEASIBLE_POINT","UNKNOWN_RESULT_STATUS","Maximum_Iterations_Exceeded","-149657.23240469943","3.5776848793029785","103","52","54","3000","-1.4965723240469943e+05","6.9218614178323065e+01","1.2777185498132696e+05","0.0000000000000000e+00","0.0000000000000000e+00","1.2777185498132696e+05","9710","50","9963","0","3005","0","0","3.576","logs_ipopt_simples_2/chain50_jump_ipopt_2.log"
"jump_2/chakra_jump.jl","chakra_jump","LOCALLY_SOLVED","FEASIBLE_POINT","FEASIBLE_POINT","Solve_Succeeded","-179.1335578648266","0.8261020183563232","63","42","104","115","-1.7913355786482660e+02","8.8467983660401982e-08","5.1159076974727213e-13","0.0000000000000000e+00","9.9999999999999994e-12","8.8467983660401982e-08","121","116","121","0","116","0","0","0.825","logs_ipopt_simples_2/chakra_jump_ipopt_2.log"
"jump_2/chance_jump.jl","chance_jump","LOCALLY_SOLVED","FEASIBLE_POINT","FEASIBLE_POINT","Solve_Succeeded","29.89437812369626","0.7411351203918457","5","4","8","5","2.9894378123696260e+01","9.8122966418756619e-09","1.7763568394002505e-15","9.9954145556248117e-09","6.4179784058428067e-11","9.8122966418756619e-09","6","6","6","6","6","6","0","0.740","logs_ipopt_simples_2/chance_jump_ipopt_2.log"
"jump_2/chem_jump.jl","chem_jump","LOCALLY_SOLVED","FEASIBLE_POINT","FEASIBLE_POINT","Solve_Succeeded","-47.70651483454083","0.7447969913482666","12","5","16","41","-4.7706514834540833e+01","7.6310990844341240e-08","7.1054273576010019e-15","9.9730737836926237e-09","1.0000000011793033e-11","7.6310990844341240e-08","42","42","42","0","42","0","0","0.743","logs_ipopt_simples_2/chem_jump_ipopt_2.log"
"jump_2/chenery_jump.jl","chenery_jump","LOCALLY_SOLVED","FEASIBLE_POINT","FEASIBLE_POINT","Solve_Succeeded","-1058.9198560087732","0.8754098415374756","45","39","120","402","-1.0589198560087732e+03","7.0754337785086698e-10","5.6843418860808015e-14","3.9997535949964913e-08","1.0002493513420468e-11","7.0754337785086698e-10","403","403","403","403","403","403","0","0.874","logs_ipopt_simples_2/chenery_jump_ipopt_2.log"
"jump_2/demo7_jump.jl","demo7_jump","ITERATION_LIMIT","NEARLY_FEASIBLE_POINT","UNKNOWN_RESULT_STATUS","Maximum_Iterations_Exceeded","-754.134378405243","1.9787769317626953","72","58","124","3000","-7.5413437840524296e+02","3.2894346786368145e-01","1.2321292186830632e-07","9.9998906218632108e-09","1.0000000000061235e-11","3.2894346786368145e-01","3001","3001","3001","3001","3001","3001","0","1.965","logs_ipopt_simples_2/demo7_jump_ipopt_2.log"
"jump_2/dispatch_jump.jl","dispatch_jump","LOCALLY_SOLVED","FEASIBLE_POINT","FEASIBLE_POINT","Solve_Succeeded","3155.2878994181838","0.018896102905273438","5","3","9","8","3.1552878994181838e+03","6.6672978288957647e-11","9.5610630523879081e-11","4.9989659345328619e-07","1.0562822892880375e-11","9.5610630523879081e-11","9","9","9","9","9","9","0","0.005","logs_ipopt_simples_2/dispatch_jump_ipopt_2.log"
"jump_2/elec25_jump.jl","elec25_jump","ITERATION_LIMIT","INFEASIBLE_POINT","UNKNOWN_RESULT_STATUS","Maximum_Iterations_Exceeded","78.09547533528836","4.342020034790039","76","26","26","3000","7.8095475335288356e+01","3.9301539677701200e+01","4.9537539514946062e+01","0.0000000000000000e+00","0.0000000000000000e+00","4.9537539514946062e+01","10234","2956","10251","0","3004","0","0","4.335","logs_ipopt_simples_2/elec25_jump_ipopt_2.log"
"jump_2/elec50_jump.jl","elec50_jump","ITERATION_LIMIT","INFEASIBLE_POINT","UNKNOWN_RESULT_STATUS","Maximum_Iterations_Exceeded","188.11918346216552","8.908025026321411","151","51","51","3000","1.8811918346216552e+02","4.9439189122129226e+08","1.9638331701317171e+02","0.0000000000000000e+00","0.0000000000000000e+00","4.9439189122129226e+08","12304","2905","12594","0","3005","0","0","8.839","logs_ipopt_simples_2/elec50_jump_ipopt_2.log"
"jump_2/etamac_jump.jl","etamac_jump","LOCALLY_SOLVED","FEASIBLE_POINT","FEASIBLE_POINT","Solve_Succeeded","-15.294675646372871","1.1206169128417969","98","71","159","401","-1.5294675646372871e+01","8.3428806363068083e-08","3.0070501644274827e-10","0.0000000000000000e+00","1.0000000000000243e-11","8.3428806363068083e-08","423","402","423","423","402","402","0","1.119","logs_ipopt_simples_2/etamac_jump_ipopt_2.log"
"jump_2/ex14_1_2_jump.jl","ex14_1_2_jump","LOCALLY_SOLVED","FEASIBLE_POINT","FEASIBLE_POINT","Solve_Succeeded","-9.908511058957582e-9","1.0138778686523438","7","10","20","21","-9.9085110589575819e-09","1.3812306853822065e-09","2.4347961289834172e-09","0.0000000000000000e+00","2.0392895059195850e-11","2.4347961289834172e-09","22","22","22","22","22","22","0","1.012","logs_ipopt_simples_2/ex14_1_2_jump_ipopt_2.log"
"jump_2/ex14_1_3_jump.jl","ex14_1_3_jump","LOCALLY_SOLVED","FEASIBLE_POINT","FEASIBLE_POINT","Solve_Succeeded","0.9133678091903433","0.7374720573425293","4","5","9","13","9.1336780919034333e-01","1.4600521244757587e-08","0.0000000000000000e+00","9.9997057635171915e-09","1.0000002170494853e-11","1.4600521244757587e-08","14","14","14","14","14","14","0","0.736","logs_ipopt_simples_2/ex14_1_3_jump_ipopt_2.log"
"jump_2/ex_14_1_4_jump.jl","ex_14_1_4_jump","LOCALLY_SOLVED","FEASIBLE_POINT","FEASIBLE_POINT","Solve_Succeeded","-9.960000273374098e-9","0.7285230159759521","4","5","9","10","-9.9600002733740979e-09","1.6731663651313384e-10","0.0000000000000000e+00","0.0000000000000000e+00","1.2431938678449763e-11","1.6731663651313384e-10","11","11","11","11","11","11","0","0.727","logs_ipopt_simples_2/ex_14_1_4_jump_ipopt_2.log"
"jump_2/ex_14_1_5_jump.jl","ex_14_1_5_jump","LOCALLY_SOLVED","FEASIBLE_POINT","FEASIBLE_POINT","Solve_Succeeded","-9.971850971999176e-9","0.7283530235290527","7","7","17","5","-9.9718509719991756e-09","7.9692879907062465e-14","8.8817841970012523e-16","0.0000000000000000e+00","1.4585877032726732e-11","1.4585877032726732e-11","6","6","6","6","6","6","0","0.727","logs_ipopt_simples_2/ex_14_1_5_jump_ipopt_2.log"
"jump_2/ex_14_1_6_jump.jl","ex_14_1_6_jump","LOCALLY_SOLVED","FEASIBLE_POINT","FEASIBLE_POINT","Solve_Succeeded","0.9999999900099402","0.016940832138061523","10","16","32","9","9.9999999000994022e-01","2.7891983058576006e-10","5.5511151231257827e-17","0.0000000000000000e+00","1.0022117810048992e-11","2.7891983058576006e-10","10","10","10","10","10","10","0","0.004","logs_ipopt_simples_2/ex_14_1_6_jump_ipopt_2.log"
"jump_2/ex_14_1_7_jump.jl","ex_14_1_7_jump","LOCALLY_SOLVED","FEASIBLE_POINT","FEASIBLE_POINT","Solve_Succeeded","0.1349902026351355","0.7584328651428223","11","18","36","84","1.3499020263513550e-01","2.5786223005279887e-12","4.4408920985006262e-16","9.3139031833205966e-09","1.0000000345145934e-11","1.0000000345145934e-11","86","85","86","86","85","85","0","0.757","logs_ipopt_simples_2/ex_14_1_7_jump_ipopt_2.log"
"jump_2/ex14_1_8_jump.jl","ex14_1_8_jump","LOCALLY_SOLVED","FEASIBLE_POINT","FEASIBLE_POINT","Solve_Succeeded","0.04141587585453707","0.7316591739654541","4","5","9","10","4.1415875854537071e-02","4.3145900851223276e-10","0.0000000000000000e+00","0.0000000000000000e+00","1.0000000085651170e-11","4.3145900851223276e-10","11","11","11","11","11","11","0","0.730","logs_ipopt_simples_2/ex14_1_8_jump_ipopt_2.log"
"jump_2/ex14_1_9_jump.jl","ex14_1_9_jump","LOCALLY_SOLVED","FEASIBLE_POINT","FEASIBLE_POINT","Solve_Succeeded","-9.980605902862727e-9","0.7407369613647461","3","3","5","10","-9.9806059028627268e-09","2.0416037094213358e-10","0.0000000000000000e+00","0.0000000000000000e+00","1.0062722660519632e-11","2.0416037094213358e-10","11","11","11","11","11","11","0","0.739","logs_ipopt_simples_2/ex14_1_9_jump_ipopt_2.log"
"jump_2/ex2_1_1_jump.jl","ex2_1_1_jump","LOCALLY_SOLVED","FEASIBLE_POINT","FEASIBLE_POINT","Solve_Succeeded","-17.00000259495077","0.019443035125732422","6","2","12","25","-1.7000002594950772e+01","6.1486652103148742e-08","5.4737784350273569e-14","9.9998302971471276e-09","1.0000058332036556e-11","6.1486652103148742e-08","26","26","26","26","26","26","0","0.006","logs_ipopt_simples_2/ex2_1_1_jump_ipopt_2.log"
"jump_2/ex2_1_2_jump.jl","ex2_1_2_jump","LOCALLY_SOLVED","FEASIBLE_POINT","FEASIBLE_POINT","Solve_Succeeded","-213.00000400494","0.023836135864257812","7","3","14","36","-2.1300000400494000e+02","8.7564977491183527e-10","5.0182080713057076e-14","9.9998963742784287e-09","1.0000000050726093e-11","8.7564977491183527e-10","39","37","39","39","37","37","0","0.010","logs_ipopt_simples_2/ex2_1_2_jump_ipopt_2.log"
"jump_2/ex2_1_3_jump.jl","ex2_1_3_jump","LOCALLY_SOLVED","FEASIBLE_POINT","FEASIBLE_POINT","Solve_Succeeded","-15.000000232442833","0.018677949905395508","14","10","33","14","-1.5000000232442833e+01","6.5635507695560591e-08","1.7763568394002505e-15","8.6758953354859614e-09","2.0760325151559436e-08","6.5635507695560591e-08","15","15","15","15","15","15","0","0.005","logs_ipopt_simples_2/ex2_1_3_jump_ipopt_2.log"
"jump_2/ex2_1_4_jump.jl","ex2_1_4_jump","LOCALLY_SOLVED","FEASIBLE_POINT","FEASIBLE_POINT","Solve_Succeeded","-11.00000021494","0.020653963088989258","7","6","16","17","-1.1000000214940000e+01","1.0135170480651823e-09","4.9985715379261022e-17","9.9985714358863307e-09","1.0000111846558038e-11","1.0135170480651823e-09","18","18","18","18","18","18","0","0.006","logs_ipopt_simples_2/ex2_1_4_jump_ipopt_2.log"
"jump_2/ex2_1_6_jump.jl","ex2_1_6_jump","LOCALLY_SOLVED","FEASIBLE_POINT","FEASIBLE_POINT","Solve_Succeeded","-39.00000525989999","0.024721145629882812","11","6","26","49","-3.9000005259899993e+01","1.0247580561895120e-11","2.1316282072803006e-14","9.9998305191917325e-09","1.0001999410807276e-11","1.0247580561895120e-11","50","50","50","50","50","50","0","0.011","logs_ipopt_simples_2/ex2_1_6_jump_ipopt_2.log"
"jump_2/ex2_1_7_jump.jl","ex2_1_7_jump","LOCALLY_SOLVED","FEASIBLE_POINT","FEASIBLE_POINT","Solve_Succeeded","-3802.2656618450014","0.04575490951538086","21","11","31","79","-3.8022656618450014e+03","7.8402395686794080e-11","0.0000000000000000e+00","9.9999736863770236e-09","1.0361362557179902e-11","7.8402395686794080e-11","80","80","80","80","80","80","0","0.032","logs_ipopt_simples_2/ex2_1_7_jump_ipopt_2.log"
"jump_2/ex2_1_8_jump.jl","ex2_1_8_jump","LOCALLY_SOLVED","FEASIBLE_POINT","FEASIBLE_POINT","Solve_Succeeded","15638.999890940137","0.7497458457946777","25","11","59","2992","1.5638999890940137e+04","3.4266695925211366e-08","6.1378892406725997e-12","9.9999928673307081e-09","1.0000003109092913e-11","3.4266695925211366e-08","2993","2993","2993","0","2993","0","0","0.734","logs_ipopt_simples_2/ex2_1_8_jump_ipopt_2.log"
"jump_2/ex2_1_9_jump.jl","ex2_1_9_jump","LOCALLY_SOLVED","FEASIBLE_POINT","FEASIBLE_POINT","Solve_Succeeded","-0.37500002744008687","0.017036914825439453","11","2","12","7","-3.7500002744008687e-01","2.9715061522495034e-09","8.5608623764708006e-14","9.9866666678564430e-09","1.0000000218935115e-11","2.9715061522495034e-09","8","8","8","0","8","0","0","0.004","logs_ipopt_simples_2/ex2_1_9_jump_ipopt_2.log"
"jump_2/ex3_1_1_jump.jl","ex3_1_1_jump","LOCALLY_SOLVED","FEASIBLE_POINT","FEASIBLE_POINT","Solve_Succeeded","7049.247895834138","0.019256114959716797","9","7","23","9","7.0492478958341380e+03","3.5802974467600119e-09","0.0000000000000000e+00","0.0000000000000000e+00","1.0413018623537774e-11","3.5802974467600119e-09","10","10","10","10","10","10","0","0.006","logs_ipopt_simples_2/ex3_1_1_jump_ipopt_2.log"
"jump_2/ex3_1_2_jump.jl","ex3_1_2_jump","LOCALLY_SOLVED","FEASIBLE_POINT","FEASIBLE_POINT","Solve_Succeeded","-30665.53886324197","0.025037050247192383","6","7","17","27","-3.0665538863241971e+04","4.3025916244200933e-11","0.0000000000000000e+00","7.7999986558552337e-07","1.0000002229534394e-11","4.3025916244200933e-11","33","28","33","33","28","28","0","0.011","logs_ipopt_simples_2/ex3_1_2_jump_ipopt_2.log"
"jump_2/ex3_1_3_jump.jl","ex3_1_3_jump","LOCALLY_SOLVED","FEASIBLE_POINT","FEASIBLE_POINT","Solve_Succeeded","-172.00000323997298","0.028803110122680664","7","7","17","58","-1.7200000323997298e+02","4.4398484888574785e-10","1.1368683772161603e-13","9.9999557079399892e-08","1.0007399383915635e-11","4.4398484888574785e-10","61","59","61","61","59","59","0","0.015","logs_ipopt_simples_2/ex3_1_3_jump_ipopt_2.log"
"jump_2/ex3_1_4_jump.jl","ex3_1_4_jump","LOCALLY_SOLVED","FEASIBLE_POINT","FEASIBLE_POINT","Solve_Succeeded","-4.000000169970018","0.018929004669189453","4","4","9","15","-4.0000001699700176e+00","8.3646423121308544e-12","0.0000000000000000e+00","2.9993333150457602e-08","1.0000002727027622e-11","1.0000002727027622e-11","16","16","16","16","16","16","0","0.004","logs_ipopt_simples_2/ex3_1_4_jump_ipopt_2.log"
"jump_2/ex4_1_1_jump.jl","ex4_1_1_jump","LOCALLY_SOLVED","FEASIBLE_POINT","FEASIBLE_POINT","Solve_Succeeded","-7.487312364902382","0.7431690692901611","2","1","3","22","-7.4873123649023823e+00","7.0539379887942313e-10","1.6348034037605430e-14","0.0000000000000000e+00","9.9999999999999994e-12","7.0539379887942313e-10","36","23","36","0","23","0","0","0.742","logs_ipopt_simples_2/ex4_1_1_jump_ipopt_2.log"
"jump_2/ex4_1_2_jump.jl","ex4_1_2_jump","LOCALLY_SOLVED","FEASIBLE_POINT","FEASIBLE_POINT","Solve_Succeeded","-663.5000966105","0.7326500415802002","2","1","3","20","-6.6350009661050001e+02","2.7168339727374952e-09","0.0000000000000000e+00","0.0000000000000000e+00","1.0000000000000003e-11","2.7168339727374952e-09","21","21","21","0","21","0","0","0.731","logs_ipopt_simples_2/ex4_1_2_jump_ipopt_2.log"
"jump_2/ex4_1_3_jump.jl","ex4_1_3_jump","LOCALLY_SOLVED","FEASIBLE_POINT","FEASIBLE_POINT","Solve_Succeeded","-3.877684281339735e-7","0.7337219715118408","2","1","3","12","-3.8776842813397351e-07","2.5571616021579388e-09","8.2866065577401733e-13","0.0000000000000000e+00","1.0002382564241079e-11","2.5571616021579388e-09","13","13","13","0","13","0","0","0.732","logs_ipopt_simples_2/ex4_1_3_jump_ipopt_2.log"
"jump_2/ex4_1_5_jump.jl","ex4_1_5_jump","LOCALLY_SOLVED","FEASIBLE_POINT","FEASIBLE_POINT","Solve_Succeeded","-2.0475743680129815e-12","0.7299878597259521","3","1","3","6","-2.0475743680129815e-12","1.8107266934070357e-08","2.0476287524251683e-12","0.0000000000000000e+00","1.0049550613827010e-11","1.8107266934070357e-08","7","7","7","0","7","0","0","0.729","logs_ipopt_simples_2/ex4_1_5_jump_ipopt_2.log"
"jump_2/ex4_1_6_jump.jl","ex4_1_6_jump","LOCALLY_SOLVED","FEASIBLE_POINT","FEASIBLE_POINT","Solve_Succeeded","6.999999999999782","0.739469051361084","2","1","3","5","6.9999999999997824e+00","2.0859434898864694e-11","1.1368683772161603e-13","0.0000000000000000e+00","6.4032105611555078e-11","6.4032105611555078e-11","6","6","6","0","6","0","0","0.738","logs_ipopt_simples_2/ex4_1_6_jump_ipopt_2.log"
"jump_2/ex4_1_7_jump.jl","ex4_1_7_jump","LOCALLY_SOLVED","FEASIBLE_POINT","FEASIBLE_POINT","Solve_Succeeded","-7.500000000000009","0.7419631481170654","2","1","3","5","-7.5000000000000089e+00","6.3843508163473112e-13","8.8817841970012523e-15","0.0000000000000000e+00","2.2629146541474832e-08","2.2629146541474832e-08","6","6","6","0","6","0","0","0.741","logs_ipopt_simples_2/ex4_1_7_jump_ipopt_2.log"
"jump_2/ex4_1_8_jump.jl","ex4_1_8_jump","LOCALLY_SOLVED","FEASIBLE_POINT","FEASIBLE_POINT","Solve_Succeeded","-16.738893200033036","0.751399040222168","3","2","6","6","-1.6738893200033036e+01","1.1574283998195439e-08","4.0375045529117415e-09","0.0000000000000000e+00","1.0297942057433189e-11","1.1574283998195439e-08","7","7","7","0","7","0","0","0.750","logs_ipopt_simples_2/ex4_1_8_jump_ipopt_2.log"
"jump_2/ex4_1_9_jump.jl","ex4_1_9_jump","LOCALLY_SOLVED","FEASIBLE_POINT","FEASIBLE_POINT","Solve_Succeeded","-5.508013281575265","0.7721841335296631","3","3","7","9","-5.5080132815752654e+00","1.0879730449886438e-10","8.8817841970012523e-16","0.0000000000000000e+00","1.0000044586986010e-11","1.0879730449886438e-10","10","10","10","10","10","10","0","0.771","logs_ipopt_simples_2/ex4_1_9_jump_ipopt_2.log"
"jump_2/ex5_2_2_case1_jump.jl","ex5_2_2_case1_jump","LOCALLY_SOLVED","FEASIBLE_POINT","FEASIBLE_POINT","Solve_Succeeded","-4.632798177051679e-7","0.019570112228393555","10","7","25","9","-4.6327981770516793e-07","6.6601297499567093e-09","1.6971846476444861e-09","9.9711138038096369e-09","9.9840744072044582e-10","6.6601297499567093e-09","10","10","10","10","10","10","0","0.006","logs_ipopt_simples_2/ex5_2_2_case1_jump_ipopt_2.log"
"jump_2/ex5_2_2_case2_jump.jl","ex5_2_2_case2_jump","LOCALLY_SOLVED","FEASIBLE_POINT","FEASIBLE_POINT","Solve_Succeeded","-4.697907375020684e-7","0.019953012466430664","10","7","25","9","-4.6979073750206840e-07","1.1593417385414897e-08","4.8528522068978721e-09","9.9151948420588459e-09","1.7454703986642571e-09","1.1593417385414897e-08","10","10","10","10","10","10","0","0.006","logs_ipopt_simples_2/ex5_2_2_case2_jump_ipopt_2.log"
"jump_2/ex5_2_2_case3_jump.jl","ex5_2_2_case3_jump","LOCALLY_SOLVED","FEASIBLE_POINT","FEASIBLE_POINT","Solve_Succeeded","-5.258601311314886e-6","0.023951053619384766","10","7","25","26","-5.2586013113148863e-06","7.9990456030372315e-08","1.3531351332387448e-19","9.9999804211080136e-09","1.0124224914144723e-11","7.9990456030372315e-08","27","27","27","27","27","27","0","0.011","logs_ipopt_simples_2/ex5_2_2_case3_jump_ipopt_2.log"
"jump_2/ex5_2_4_jump.jl","ex5_2_4_jump","LOCALLY_SOLVED","FEASIBLE_POINT","FEASIBLE_POINT","Solve_Succeeded","-450.0000065987539","0.02114391326904297","8","7","21","22","-4.5000000659875388e+02","3.6523672974908550e-11","2.2737367544323206e-13","9.9847550970311738e-09","5.7038183409123714e-09","5.7038183409123714e-09","23","23","23","23","23","23","0","0.008","logs_ipopt_simples_2/ex5_2_4_jump_ipopt_2.log"
"jump_2/ex5_2_5_jump.jl","ex5_2_5_jump","LOCALLY_SOLVED","FEASIBLE_POINT","FEASIBLE_POINT","Solve_Succeeded","-3500.000045470395","0.0961308479309082","33","20","84","178","-3.5000000454703950e+03","2.5933184599757908e-08","2.2737367544323206e-13","9.9999634231729240e-09","1.3912584535750340e-11","2.5933184599757908e-08","210","179","210","210","179","179","0","0.082","logs_ipopt_simples_2/ex5_2_5_jump_ipopt_2.log"
"jump_2/ex5_3_2_jump.jl","ex5_3_2_jump","LOCALLY_SOLVED","FEASIBLE_POINT","FEASIBLE_POINT","Solve_Succeeded","1.8641594589628525","0.8649089336395264","23","17","61","2771","1.8641594589628525e+00","3.4340919855733310e-09","2.3144510038605362e-14","9.9993454074472328e-09","1.6669957946111230e-10","3.4340919855733310e-09","2777","2772","2777","0","2773","0","0","0.850","logs_ipopt_simples_2/ex5_3_2_jump_ipopt_2.log"
"jump_2/ex5_3_3_jump.jl","ex5_3_3_jump","LOCALLY_SOLVED","FEASIBLE_POINT","FEASIBLE_POINT","Solve_Succeeded","3.2340182232322614","0.3472480773925781","63","54","178","555","3.2340182232322614e+00","1.6390385269213082e-09","8.6153306710912148e-14","8.5899799210360993e-09","2.6395771478606562e-11","1.6390385269213082e-09","1181","544","1181","0","571","0","0","0.333","logs_ipopt_simples_2/ex5_3_3_jump_ipopt_2.log"
"jump_2/ex5_4_2_jump.jl","ex5_4_2_jump","LOCALLY_SOLVED","FEASIBLE_POINT","FEASIBLE_POINT","Solve_Succeeded","7512.2300160558725","0.027592182159423828","9","7","23","26","7.5122300160558725e+03","5.6683280291736082e-10","5.9117155615240315e-10","9.9999872418266023e-06","1.0133570110212914e-11","5.9117155615240315e-10","27","27","27","27","27","27","0","0.014","logs_ipopt_simples_2/ex5_4_2_jump_ipopt_2.log"
"jump_2/ex5_4_3_jump.jl","ex5_4_3_jump","LOCALLY_SOLVED","FEASIBLE_POINT","FEASIBLE_POINT","Solve_Succeeded","4845.461995351305","0.7753992080688477","17","14","46","37","4.8454619953513047e+03","5.7595738150911292e-13","1.7763568394002505e-15","1.5999981428649335e-07","1.0000064312836815e-11","1.0000064312836815e-11","46","38","46","0","39","0","0","0.774","logs_ipopt_simples_2/ex5_4_3_jump_ipopt_2.log"
"jump_2/ex5_4_4_jump.jl","ex5_4_4_jump","LOCALLY_SOLVED","FEASIBLE_POINT","FEASIBLE_POINT","Solve_Succeeded","11841.609155252618","0.8202099800109863","28","20","74","108","1.1841609155252618e+04","3.3310198885652675e-08","4.9351825074443983e-13","9.9995389746254659e-08","2.9926279658093430e-09","3.3310198885652675e-08","152","109","152","0","113","0","0","0.819","logs_ipopt_simples_2/ex5_4_4_jump_ipopt_2.log"
"jump_2/gtm_jump.jl","gtm_jump","LOCALLY_SOLVED","FEASIBLE_POINT","FEASIBLE_POINT","Solve_Succeeded","543.5650921361895","2.8423430919647217","64","25","124","2203","5.4356509213618949e+02","7.0781367592606703e-09","1.1368683772161603e-13","3.7286486342935632e-08","1.0000587537817246e-11","7.0781367592606703e-09","3127","2204","3127","3127","2204","2204","0","2.841","logs_ipopt_simples_2/gtm_jump_ipopt_2.log"
"jump_2/harker_jump.jl","harker_jump","LOCALLY_SOLVED","FEASIBLE_POINT","FEASIBLE_POINT","Solve_Succeeded","-914.9057209888222","1.2142751216888428","21","8","28","616","-9.1490572098882217e+02","9.9720992234239536e-01","5.1067331696685869e-08","0.0000000000000000e+00","2.8469166888003502e-08","9.9720992234239536e-01","741","615","741","0","621","0","0","1.213","logs_ipopt_simples_2/harker_jump_ipopt_2.log"
"jump_2/haverly_jump.jl","haverly_jump","LOCALLY_SOLVED","FEASIBLE_POINT","FEASIBLE_POINT","Solve_Succeeded","-400.00000413891973","0.024912118911743164","13","10","24","27","-4.0000000413891973e+02","1.4037732072675654e-08","4.5474735088646412e-13","1.9999135929538170e-06","3.1408907011580057e-10","1.4037732072675654e-08","28","28","28","28","28","28","0","0.011","logs_ipopt_simples_2/haverly_jump_ipopt_2.log"
"jump_2/hhfair_jump.jl","hhfair_jump","LOCALLY_SOLVED","FEASIBLE_POINT","FEASIBLE_POINT","Solve_Succeeded","-87.15903760661956","0.7466199398040771","30","26","40","39","-8.7159037606619563e+01","6.5089381751288539e-08","1.9797674610799731e-09","0.0000000000000000e+00","3.0132610412631824e-10","6.5089381751288539e-08","55","40","55","55","40","40","0","0.745","logs_ipopt_simples_2/hhfair_jump_ipopt_2.log"
"jump_2/himmel16_jump.jl","himmel16_jump","LOCALLY_SOLVED","FEASIBLE_POINT","FEASIBLE_POINT","Solve_Succeeded","-0.6749814496518751","0.03144407272338867","19","22","25","27","-6.7498144965187512e-01","4.8450225567653327e-08","2.7519667100683876e-11","0.0000000000000000e+00","1.0027074429809915e-11","4.8450225567653327e-08","28","28","28","28","28","28","0","0.018","logs_ipopt_simples_2/himmel16_jump_ipopt_2.log"
"jump_2/house_jump.jl","house_jump","LOCALLY_SOLVED","FEASIBLE_POINT","FEASIBLE_POINT","Solve_Succeeded","-4500.0000452316035","0.028827190399169922","9","9","14","52","-4.5000000452316035e+03","3.9587371158944507e-09","2.2737367544323206e-13","2.9999993330420693e-05","1.0691214014217972e-11","3.9587371158944507e-09","53","53","53","53","53","53","0","0.016","logs_ipopt_simples_2/house_jump_ipopt_2.log"
"jump_2/immum_jump.jl","immum_jump","ITERATION_LIMIT","INFEASIBLE_POINT","UNKNOWN_RESULT_STATUS","Maximum_Iterations_Exceeded","-1.3762871275269371e13","1.8722560405731201","22","8","29","3000","-1.3762871275269371e+13","6.4124628684261795e+00","1.3762871275393273e+13","6.6206578059382340e-09","1.0590240274736076e-01","1.3762871275393273e+13","3338","31","3341","0","3002","0","0","1.859","logs_ipopt_simples_2/immum_jump_ipopt_2.log"
"jump_2/Ints100_jump.jl","Ints100_jump","LOCALLY_SOLVED","FEASIBLE_POINT","FEASIBLE_POINT","Solve_Succeeded","0.5545954025686685","0.9003560543060303","507","401","611","69","5.5459540256866846e-01","9.2016974073360062e-08","1.8579682237174211e-10","0.0000000000000000e+00","9.9999999999999994e-12","9.2016974073360062e-08","73","70","73","0","70","0","0","0.897","logs_ipopt_simples_2/Ints100_jump_ipopt_2.log"
"jump_2/Ints50_jump.jl","Ints50_jump","LOCALLY_SOLVED","FEASIBLE_POINT","FEASIBLE_POINT","Solve_Succeeded","0.5546687652510897","0.8543100357055664","257","201","311","60","5.5466876525108966e-01","9.2846620592789558e-08","4.1327608002461602e-11","0.0000000000000000e+00","9.9999999999999978e-12","9.2846620592789558e-08","61","61","61","0","61","0","0","0.852","logs_ipopt_simples_2/Ints50_jump_ipopt_2.log"
"jump_2/launch_jump.jl","launch_jump","LOCALLY_SOLVED","FEASIBLE_POINT","FEASIBLE_POINT","Solve_Succeeded","2257.7973301165234","0.7866458892822266","39","29","78","47","2.2577973301165234e+03","4.4254964558484517e-09","1.4551915228366852e-11","1.2499789647790749e-06","1.2573414512460442e-11","4.4254964558484517e-09","48","48","48","48","48","48","0","0.785","logs_ipopt_simples_2/launch_jump_ipopt_2.log"
"jump_2/least_jump.jl","least_jump","ITERATION_LIMIT","FEASIBLE_POINT","UNKNOWN_RESULT_STATUS","Maximum_Iterations_Exceeded","1.5938450720748944e7","1.3985779285430908","4","1","3","3000","1.5938450720748944e+07","1.0000000000000000e+00","2.9802322387695312e-08","0.0000000000000000e+00","1.0060387368907641e-11","1.0000000000000000e+00","3337","2759","4149","0","3005","0","0","1.397","logs_ipopt_simples_2/least_jump_ipopt_2.log"
"jump_2/linear_jump.jl","linear_jump","ITERATION_LIMIT","INFEASIBLE_POINT","UNKNOWN_RESULT_STATUS","Maximum_Iterations_Exceeded","92.95990344990953","2.7823469638824463","25","21","61","3000","9.2959903449909532e+01","1.6884928335121105e+00","9.8710277571539677e+00","0.0000000000000000e+00","8.8770670539744575e-03","9.8710277571539677e+00","4272","3001","4272","0","3001","0","0","2.781","logs_ipopt_simples_2/linear_jump_ipopt_2.log"
"jump_2/meanvar_jump.jl","meanvar_jump","LOCALLY_SOLVED","FEASIBLE_POINT","FEASIBLE_POINT","Solve_Succeeded","5.24339900721936","0.0221710205078125","9","3","18","15","5.2433990072193604e+00","3.5116352491509537e-08","6.6613381477509392e-16","9.9979049539702667e-09","9.9999999999999994e-12","3.5116352491509537e-08","16","16","16","0","16","0","0","0.009","logs_ipopt_simples_2/meanvar_jump_ipopt_2.log"
"jump_2/mhw4d_jump.jl","mhw4d_jump","LOCALLY_SOLVED","FEASIBLE_POINT","FEASIBLE_POINT","Solve_Succeeded","0.029310830705093195","0.7435429096221924","6","4","4","44","2.9310830705093195e-02","1.1928499819846561e-09","1.6230742444500734e-11","0.0000000000000000e+00","0.0000000000000000e+00","1.1928499819846561e-09","62","45","108","0","45","0","0","0.742","logs_ipopt_simples_2/mhw4d_jump_ipopt_2.log"
"jump_2/minlphi_jump.jl","minlphi_jump","LOCALLY_SOLVED","FEASIBLE_POINT","FEASIBLE_POINT","Solve_Succeeded","582.2361396424142","0.8141450881958008","65","80","150","27","5.8223613964241417e+02","1.4933602354716413e-08","1.7053025658242404e-13","9.5140376362273250e-09","6.7895333187580175e-08","6.7895333187580175e-08","45","28","45","45","28","28","0","0.813","logs_ipopt_simples_2/minlphi_jump_ipopt_2.log"
"jump_2/nemhaus_jump.jl","nemhaus_jump","LOCALLY_SOLVED","FEASIBLE_POINT","FEASIBLE_POINT","Solve_Succeeded","31.0","0.015424966812133789","6","6","11","2","3.1000000000000000e+01","2.2870594307278225e-14","0.0000000000000000e+00","0.0000000000000000e+00","0.0000000000000000e+00","2.2870594307278225e-14","3","3","3","0","3","0","0","0.002","logs_ipopt_simples_2/nemhaus_jump_ipopt_2.log"
"jump_2/otpop_jump.jl","otpop_jump","LOCALLY_SOLVED","FEASIBLE_POINT","FEASIBLE_POINT","Solve_Succeeded","-4.7691547589341565e-12","0.9551970958709717","104","77","136","194","-4.7691547589341565e-12","8.5731785814554386e-08","5.9117155615240335e-12","0.0000000000000000e+00","9.9999999999999994e-12","8.5731785814554386e-08","217","195","217","0","195","0","0","0.954","logs_ipopt_simples_2/otpop_jump_ipopt_2.log"
"jump_2/pindyck_jump.jl","pindyck_jump","LOCALLY_SOLVED","FEASIBLE_POINT","FEASIBLE_POINT","Solve_Succeeded","-1170.4862854361138","0.7803800106048584","117","97","197","56","-1.1704862854361138e+03","5.5385967479004705e-08","8.9386276158620603e-12","0.0000000000000000e+00","1.0000000000000001e-11","5.5385967479004705e-08","60","57","60","0","57","0","0","0.779","logs_ipopt_simples_2/pindyck_jump_ipopt_2.log"
"jump_2/pollut_jump.jl","pollut_jump","LOCALLY_SOLVED","FEASIBLE_POINT","FEASIBLE_POINT","Solve_Succeeded","-5.353268636799413e6","0.7870631217956543","43","9","89","73","-5.3532686367994128e+06","2.4354320782293826e-09","9.3132257461547852e-10","1.0000000474974513e-04","1.7480027840364857e-11","2.4354320782293826e-09","74","74","74","74","74","74","0","0.786","logs_ipopt_simples_2/pollut_jump_ipopt_2.log"
"jump_2/polygon25_jump.jl","polygon25_jump","LOCALLY_SOLVED","FEASIBLE_POINT","FEASIBLE_POINT","Solve_Succeeded","-0.7797400518021427","0.9644660949707031","51","325","423","40","-7.7974005180214268e-01","7.6248666283640354e-08","1.5407675135747922e-12","4.8661219498313812e-09","1.0000000000000001e-11","7.6248666283640354e-08","41","41","41","41","41","41","0","0.958","logs_ipopt_simples_2/polygon25_jump_ipopt_2.log"
"jump_2/polygon50_jump.jl","polygon50_jump","LOCALLY_SOLVED","FEASIBLE_POINT","FEASIBLE_POINT","Solve_Succeeded","-0.769720468056655","1.5756349563598633","101","1275","1473","47","-7.6972046805665495e-01","9.2909651191669190e-08","8.9306340100847592e-13","4.9221204889704495e-09","1.0000000079492856e-11","9.2909651191669190e-08","49","48","49","49","48","48","0","1.564","logs_ipopt_simples_2/polygon50_jump_ipopt_2.log"
"jump_2/abel_jump.jl","abel_jump","ALMOST_LOCALLY_SOLVED","NEARLY_FEASIBLE_POINT","NEARLY_FEASIBLE_POINT","Solved_To_Acceptable_Level","225.19458318594297","0.03971409797668457","30","14","16","36","2.2519458318594297e+02","1.5999200797534030e-07","6.3948846218409017e-14","0.0000000000000000e+00","0.0000000000000000e+00","1.5999200797534030e-07","359","39","359","0","1","0","0","0.030","logs_ipopt_simples_2/abel_jump_ipopt_2.log"
"jump_2/alkyl_jump.jl","alkyl_jump","LOCALLY_SOLVED","FEASIBLE_POINT","FEASIBLE_POINT","Solve_Succeeded","-1.7650001898924756","0.5284829139709473","14","7","35","13","-1.7650001898924756e+00","1.4460156049747656e-08","1.0338396805309458e-12","1.9988690702632539e-08","1.2987141079797037e-11","1.4460156049747656e-08","14","14","14","0","14","0","0","0.527","logs_ipopt_simples_2/alkyl_jump_ipopt_2.log"
"jump_2/camshape100_jump.jl","camshape100_jump","LOCALLY_SOLVED","FEASIBLE_POINT","FEASIBLE_POINT","Solve_Succeeded","-4.284199802584951","0.028316974639892578","200","201","597","34","-4.2841998025849506e+00","2.1790876757344645e-08","8.8817841970012523e-16","1.9682908636298180e-08","1.0050403505609673e-11","2.1790876757344645e-08","35","35","35","35","35","35","0","0.018","logs_ipopt_simples_2/camshape100_jump_ipopt_2.log"
"jump_2/camshape200_jump.jl","camshape200_jump","LOCALLY_SOLVED","FEASIBLE_POINT","FEASIBLE_POINT","Solve_Succeeded","-4.278705712059962","0.04372096061706543","400","401","1197","49","-4.2787057120599616e+00","4.3870778634039364e-10","1.7763568394002505e-15","1.9363385117543430e-08","1.0000967471731428e-11","4.3870778634039364e-10","53","49","53","53","51","51","0","0.034","logs_ipopt_simples_2/camshape200_jump_ipopt_2.log"
"jump_2/catmix100_jump.jl","catmix100_jump","LOCALLY_SOLVED","FEASIBLE_POINT","FEASIBLE_POINT","Solve_Succeeded","-0.04806939095033431","0.06302809715270996","304","201","405","54","-4.8069390950334308e-02","9.5730554451158384e-08","9.9590911472463572e-11","0.0000000000000000e+00","1.8488961994445215e-11","9.5730554451158384e-08","64","55","64","0","55","0","0","0.053","logs_ipopt_simples_2/catmix100_jump_ipopt_2.log"
"jump_2/catmix200_jump.jl","catmix200_jump","LOCALLY_SOLVED","FEASIBLE_POINT","FEASIBLE_POINT","Solve_Succeeded","-0.048058902211540765","0.18759584426879883","604","401","805","118","-4.8058902211540765e-02","9.1025342670565947e-08","1.9743942372848176e-08","0.0000000000000000e+00","3.2173393322051317e-09","9.1025342670565947e-08","146","119","146","0","119","0","0","0.177","logs_ipopt_simples_2/catmix200_jump_ipopt_2.log"
"jump_2/chain100_jump.jl","chain100_jump","LOCALLY_SOLVED","FEASIBLE_POINT","FEASIBLE_POINT","Solve_Succeeded","5.069784610685977","0.5908961296081543","203","102","104","156","5.0697846106859767e+00","4.1773822404179853e-08","2.1263195648657529e-09","0.0000000000000000e+00","0.0000000000000000e+00","4.1773822404179853e-08","357","157","404","0","157","0","0","0.590","logs_ipopt_simples_2/chain100_jump_ipopt_2.log"
"jump_2/chain200_jump.jl","chain200_jump","ITERATION_LIMIT","INFEASIBLE_POINT","UNKNOWN_RESULT_STATUS","Maximum_Iterations_Exceeded","374021.97223490046","2.6749308109283447","403","202","204","3000","3.7402197223490046e+05","3.9644409098056667e+02","3.1539293060284504e+03","0.0000000000000000e+00","0.0000000000000000e+00","3.1539293060284504e+03","7110","1692","7812","0","3005","0","0","2.674","logs_ipopt_simples_2/chain200_jump_ipopt_2.log"
"jump_2/chain400_jump.jl","chain400_jump","ITERATION_LIMIT","INFEASIBLE_POINT","UNKNOWN_RESULT_STATUS","Maximum_Iterations_Exceeded","-709906.6355512593","6.409533977508545","803","402","404","3000","-7.0990663555125927e+05","4.4079953691108805e+01","2.2692955602369388e+04","0.0000000000000000e+00","0.0000000000000000e+00","2.2692955602369388e+04","12492","507","14747","0","3005","0","0","6.408","logs_ipopt_simples_2/chain400_jump_ipopt_2.log"
"jump_2/chain50_jump.jl","chain50_jump","ITERATION_LIMIT","INFEASIBLE_POINT","UNKNOWN_RESULT_STATUS","Maximum_Iterations_Exceeded","-149657.23240469943","2.309783935546875","103","52","54","3000","-1.4965723240469943e+05","6.9218614178323065e+01","1.2777185498132696e+05","0.0000000000000000e+00","0.0000000000000000e+00","1.2777185498132696e+05","9710","50","9963","0","3005","0","0","2.309","logs_ipopt_simples_2/chain50_jump_ipopt_2.log"
"jump_2/chakra_jump.jl","chakra_jump","LOCALLY_SOLVED","FEASIBLE_POINT","FEASIBLE_POINT","Solve_Succeeded","-179.1335578648266","0.5380549430847168","63","42","104","115","-1.7913355786482660e+02","8.8467983660401982e-08","5.1159076974727213e-13","0.0000000000000000e+00","9.9999999999999994e-12","8.8467983660401982e-08","121","116","121","0","116","0","0","0.537","logs_ipopt_simples_2/chakra_jump_ipopt_2.log"
"jump_2/chance_jump.jl","chance_jump","LOCALLY_SOLVED","FEASIBLE_POINT","FEASIBLE_POINT","Solve_Succeeded","29.89437812369626","0.4856529235839844","5","4","8","5","2.9894378123696260e+01","9.8122966418756619e-09","1.7763568394002505e-15","9.9954145556248117e-09","6.4179784058428067e-11","9.8122966418756619e-09","6","6","6","6","6","6","0","0.485","logs_ipopt_simples_2/chance_jump_ipopt_2.log"
"jump_2/chem_jump.jl","chem_jump","LOCALLY_SOLVED","FEASIBLE_POINT","FEASIBLE_POINT","Solve_Succeeded","-47.70651483454083","0.49326205253601074","12","5","16","41","-4.7706514834540833e+01","7.6310990844341240e-08","7.1054273576010019e-15","9.9730737836926237e-09","1.0000000011793033e-11","7.6310990844341240e-08","42","42","42","0","42","0","0","0.492","logs_ipopt_simples_2/chem_jump_ipopt_2.log"
"jump_2/chenery_jump.jl","chenery_jump","LOCALLY_SOLVED","FEASIBLE_POINT","FEASIBLE_POINT","Solve_Succeeded","-1058.9198560087732","0.5745859146118164","45","39","120","402","-1.0589198560087732e+03","7.0754337785086698e-10","5.6843418860808015e-14","3.9997535949964913e-08","1.0002493513420468e-11","7.0754337785086698e-10","403","403","403","403","403","403","0","0.574","logs_ipopt_simples_2/chenery_jump_ipopt_2.log"
"jump_2/demo7_jump.jl","demo7_jump","ITERATION_LIMIT","NEARLY_FEASIBLE_POINT","UNKNOWN_RESULT_STATUS","Maximum_Iterations_Exceeded","-754.134378405243","1.1930639743804932","72","58","124","3000","-7.5413437840524296e+02","3.2894346786368145e-01","1.2321292186830632e-07","9.9998906218632108e-09","1.0000000000061235e-11","3.2894346786368145e-01","3001","3001","3001","3001","3001","3001","0","1.184","logs_ipopt_simples_2/demo7_jump_ipopt_2.log"
"jump_2/dispatch_jump.jl","dispatch_jump","LOCALLY_SOLVED","FEASIBLE_POINT","FEASIBLE_POINT","Solve_Succeeded","3155.2878994181838","0.013366937637329102","5","3","9","8","3.1552878994181838e+03","6.6672978288957647e-11","9.5610630523879081e-11","4.9989659345328619e-07","1.0562822892880375e-11","9.5610630523879081e-11","9","9","9","9","9","9","0","0.003","logs_ipopt_simples_2/dispatch_jump_ipopt_2.log"
"jump_2/elec25_jump.jl","elec25_jump","ITERATION_LIMIT","INFEASIBLE_POINT","UNKNOWN_RESULT_STATUS","Maximum_Iterations_Exceeded","78.09547533528836","2.737744092941284","76","26","26","3000","7.8095475335288356e+01","3.9301539677701200e+01","4.9537539514946062e+01","0.0000000000000000e+00","0.0000000000000000e+00","4.9537539514946062e+01","10234","2956","10251","0","3004","0","0","2.733","logs_ipopt_simples_2/elec25_jump_ipopt_2.log"
"jump_2/elec50_jump.jl","elec50_jump","ITERATION_LIMIT","INFEASIBLE_POINT","UNKNOWN_RESULT_STATUS","Maximum_Iterations_Exceeded","188.11918346216552","5.758899927139282","151","51","51","3000","1.8811918346216552e+02","4.9439189122129226e+08","1.9638331701317171e+02","0.0000000000000000e+00","0.0000000000000000e+00","4.9439189122129226e+08","12304","2905","12594","0","3005","0","0","5.708","logs_ipopt_simples_2/elec50_jump_ipopt_2.log"
"jump_2/etamac_jump.jl","etamac_jump","LOCALLY_SOLVED","FEASIBLE_POINT","FEASIBLE_POINT","Solve_Succeeded","-15.294675646372871","0.7160670757293701","98","71","159","401","-1.5294675646372871e+01","8.3428806363068083e-08","3.0070501644274827e-10","0.0000000000000000e+00","1.0000000000000243e-11","8.3428806363068083e-08","423","402","423","423","402","402","0","0.715","logs_ipopt_simples_2/etamac_jump_ipopt_2.log"
"jump_2/ex14_1_2_jump.jl","ex14_1_2_jump","LOCALLY_SOLVED","FEASIBLE_POINT","FEASIBLE_POINT","Solve_Succeeded","-9.908511058957582e-9","0.6476888656616211","7","10","20","21","-9.9085110589575819e-09","1.3812306853822065e-09","2.4347961289834172e-09","0.0000000000000000e+00","2.0392895059195850e-11","2.4347961289834172e-09","22","22","22","22","22","22","0","0.647","logs_ipopt_simples_2/ex14_1_2_jump_ipopt_2.log"
"jump_2/ex14_1_3_jump.jl","ex14_1_3_jump","LOCALLY_SOLVED","FEASIBLE_POINT","FEASIBLE_POINT","Solve_Succeeded","0.9133678091903433","0.48018693923950195","4","5","9","13","9.1336780919034333e-01","1.4600521244757587e-08","0.0000000000000000e+00","9.9997057635171915e-09","1.0000002170494853e-11","1.4600521244757587e-08","14","14","14","14","14","14","0","0.479","logs_ipopt_simples_2/ex14_1_3_jump_ipopt_2.log"
"jump_2/ex_14_1_4_jump.jl","ex_14_1_4_jump","LOCALLY_SOLVED","FEASIBLE_POINT","FEASIBLE_POINT","Solve_Succeeded","-9.960000273374098e-9","0.48148202896118164","4","5","9","10","-9.9600002733740979e-09","1.6731663651313384e-10","0.0000000000000000e+00","0.0000000000000000e+00","1.2431938678449763e-11","1.6731663651313384e-10","11","11","11","11","11","11","0","0.481","logs_ipopt_simples_2/ex_14_1_4_jump_ipopt_2.log"
"jump_2/ex_14_1_5_jump.jl","ex_14_1_5_jump","LOCALLY_SOLVED","FEASIBLE_POINT","FEASIBLE_POINT","Solve_Succeeded","-9.971850971999176e-9","0.5057799816131592","7","7","17","5","-9.9718509719991756e-09","7.9692879907062465e-14","8.8817841970012523e-16","0.0000000000000000e+00","1.4585877032726732e-11","1.4585877032726732e-11","6","6","6","6","6","6","0","0.505","logs_ipopt_simples_2/ex_14_1_5_jump_ipopt_2.log"
"jump_2/ex_14_1_6_jump.jl","ex_14_1_6_jump","LOCALLY_SOLVED","FEASIBLE_POINT","FEASIBLE_POINT","Solve_Succeeded","0.9999999900099402","0.013346195220947266","10","16","32","9","9.9999999000994022e-01","2.7891983058576006e-10","5.5511151231257827e-17","0.0000000000000000e+00","1.0022117810048992e-11","2.7891983058576006e-10","10","10","10","10","10","10","0","0.003","logs_ipopt_simples_2/ex_14_1_6_jump_ipopt_2.log"
"jump_2/ex_14_1_7_jump.jl","ex_14_1_7_jump","LOCALLY_SOLVED","FEASIBLE_POINT","FEASIBLE_POINT","Solve_Succeeded","0.1349902026351355","0.5064311027526855","11","18","36","84","1.3499020263513550e-01","2.5786223005279887e-12","4.4408920985006262e-16","9.3139031833205966e-09","1.0000000345145934e-11","1.0000000345145934e-11","86","85","86","86","85","85","0","0.505","logs_ipopt_simples_2/ex_14_1_7_jump_ipopt_2.log"
"jump_2/ex14_1_8_jump.jl","ex14_1_8_jump","LOCALLY_SOLVED","FEASIBLE_POINT","FEASIBLE_POINT","Solve_Succeeded","0.04141587585453707","0.49687814712524414","4","5","9","10","4.1415875854537071e-02","4.3145900851223276e-10","0.0000000000000000e+00","0.0000000000000000e+00","1.0000000085651170e-11","4.3145900851223276e-10","11","11","11","11","11","11","0","0.496","logs_ipopt_simples_2/ex14_1_8_jump_ipopt_2.log"
"jump_2/ex14_1_9_jump.jl","ex14_1_9_jump","LOCALLY_SOLVED","FEASIBLE_POINT","FEASIBLE_POINT","Solve_Succeeded","-9.980605902862727e-9","0.49662303924560547","3","3","5","10","-9.9806059028627268e-09","2.0416037094213358e-10","0.0000000000000000e+00","0.0000000000000000e+00","1.0062722660519632e-11","2.0416037094213358e-10","11","11","11","11","11","11","0","0.496","logs_ipopt_simples_2/ex14_1_9_jump_ipopt_2.log"
"jump_2/ex2_1_1_jump.jl","ex2_1_1_jump","LOCALLY_SOLVED","FEASIBLE_POINT","FEASIBLE_POINT","Solve_Succeeded","-17.00000259495077","0.014991998672485352","6","2","12","25","-1.7000002594950772e+01","6.1486652103148742e-08","5.4737784350273569e-14","9.9998302971471276e-09","1.0000058332036556e-11","6.1486652103148742e-08","26","26","26","26","26","26","0","0.004","logs_ipopt_simples_2/ex2_1_1_jump_ipopt_2.log"
"jump_2/ex2_1_2_jump.jl","ex2_1_2_jump","LOCALLY_SOLVED","FEASIBLE_POINT","FEASIBLE_POINT","Solve_Succeeded","-213.00000400494","0.01589679718017578","7","3","14","36","-2.1300000400494000e+02","8.7564977491183527e-10","5.0182080713057076e-14","9.9998963742784287e-09","1.0000000050726093e-11","8.7564977491183527e-10","39","37","39","39","37","37","0","0.006","logs_ipopt_simples_2/ex2_1_2_jump_ipopt_2.log"
"jump_2/ex2_1_3_jump.jl","ex2_1_3_jump","LOCALLY_SOLVED","FEASIBLE_POINT","FEASIBLE_POINT","Solve_Succeeded","-15.000000232442833","0.013770103454589844","14","10","33","14","-1.5000000232442833e+01","6.5635507695560591e-08","1.7763568394002505e-15","8.6758953354859614e-09","2.0760325151559436e-08","6.5635507695560591e-08","15","15","15","15","15","15","0","0.003","logs_ipopt_simples_2/ex2_1_3_jump_ipopt_2.log"
"jump_2/ex2_1_4_jump.jl","ex2_1_4_jump","LOCALLY_SOLVED","FEASIBLE_POINT","FEASIBLE_POINT","Solve_Succeeded","-11.00000021494","0.014281034469604492","7","6","16","17","-1.1000000214940000e+01","1.0135170480651823e-09","4.9985715379261022e-17","9.9985714358863307e-09","1.0000111846558038e-11","1.0135170480651823e-09","18","18","18","18","18","18","0","0.004","logs_ipopt_simples_2/ex2_1_4_jump_ipopt_2.log"
"jump_2/ex2_1_6_jump.jl","ex2_1_6_jump","LOCALLY_SOLVED","FEASIBLE_POINT","FEASIBLE_POINT","Solve_Succeeded","-39.00000525989999","0.017000913619995117","11","6","26","49","-3.9000005259899993e+01","1.0247580561895120e-11","2.1316282072803006e-14","9.9998305191917325e-09","1.0001999410807276e-11","1.0247580561895120e-11","50","50","50","50","50","50","0","0.007","logs_ipopt_simples_2/ex2_1_6_jump_ipopt_2.log"
"jump_2/ex2_1_7_jump.jl","ex2_1_7_jump","LOCALLY_SOLVED","FEASIBLE_POINT","FEASIBLE_POINT","Solve_Succeeded","-3802.2656618450014","0.02979588508605957","21","11","31","79","-3.8022656618450014e+03","7.8402395686794080e-11","0.0000000000000000e+00","9.9999736863770236e-09","1.0361362557179902e-11","7.8402395686794080e-11","80","80","80","80","80","80","0","0.019","logs_ipopt_simples_2/ex2_1_7_jump_ipopt_2.log"
"jump_2/ex2_1_8_jump.jl","ex2_1_8_jump","LOCALLY_SOLVED","FEASIBLE_POINT","FEASIBLE_POINT","Solve_Succeeded","15638.999890940137","0.4665369987487793","25","11","59","2992","1.5638999890940137e+04","3.4266695925211366e-08","6.1378892406725997e-12","9.9999928673307081e-09","1.0000003109092913e-11","3.4266695925211366e-08","2993","2993","2993","0","2993","0","0","0.456","logs_ipopt_simples_2/ex2_1_8_jump_ipopt_2.log"
"jump_2/ex2_1_9_jump.jl","ex2_1_9_jump","LOCALLY_SOLVED","FEASIBLE_POINT","FEASIBLE_POINT","Solve_Succeeded","-0.37500002744008687","0.012862205505371094","11","2","12","7","-3.7500002744008687e-01","2.9715061522495034e-09","8.5608623764708006e-14","9.9866666678564430e-09","1.0000000218935115e-11","2.9715061522495034e-09","8","8","8","0","8","0","0","0.003","logs_ipopt_simples_2/ex2_1_9_jump_ipopt_2.log"
"jump_2/ex3_1_1_jump.jl","ex3_1_1_jump","LOCALLY_SOLVED","FEASIBLE_POINT","FEASIBLE_POINT","Solve_Succeeded","7049.247895834138","0.014314889907836914","9","7","23","9","7.0492478958341380e+03","3.5802974467600119e-09","0.0000000000000000e+00","0.0000000000000000e+00","1.0413018623537774e-11","3.5802974467600119e-09","10","10","10","10","10","10","0","0.004","logs_ipopt_simples_2/ex3_1_1_jump_ipopt_2.log"
"jump_2/ex3_1_2_jump.jl","ex3_1_2_jump","LOCALLY_SOLVED","FEASIBLE_POINT","FEASIBLE_POINT","Solve_Succeeded","-30665.53886324197","0.01753997802734375","6","7","17","27","-3.0665538863241971e+04","4.3025916244200933e-11","0.0000000000000000e+00","7.7999986558552337e-07","1.0000002229534394e-11","4.3025916244200933e-11","33","28","33","33","28","28","0","0.007","logs_ipopt_simples_2/ex3_1_2_jump_ipopt_2.log"
"jump_2/ex3_1_3_jump.jl","ex3_1_3_jump","LOCALLY_SOLVED","FEASIBLE_POINT","FEASIBLE_POINT","Solve_Succeeded","-172.00000323997298","0.019165992736816406","7","7","17","58","-1.7200000323997298e+02","4.4398484888574785e-10","1.1368683772161603e-13","9.9999557079399892e-08","1.0007399383915635e-11","4.4398484888574785e-10","61","59","61","61","59","59","0","0.009","logs_ipopt_simples_2/ex3_1_3_jump_ipopt_2.log"
"jump_2/ex3_1_4_jump.jl","ex3_1_4_jump","LOCALLY_SOLVED","FEASIBLE_POINT","FEASIBLE_POINT","Solve_Succeeded","-4.000000169970018","0.013108968734741211","4","4","9","15","-4.0000001699700176e+00","8.3646423121308544e-12","0.0000000000000000e+00","2.9993333150457602e-08","1.0000002727027622e-11","1.0000002727027622e-11","16","16","16","16","16","16","0","0.003","logs_ipopt_simples_2/ex3_1_4_jump_ipopt_2.log"
"jump_2/ex4_1_1_jump.jl","ex4_1_1_jump","LOCALLY_SOLVED","FEASIBLE_POINT","FEASIBLE_POINT","Solve_Succeeded","-7.487312364902382","0.4953908920288086","2","1","3","22","-7.4873123649023823e+00","7.0539379887942313e-10","1.6348034037605430e-14","0.0000000000000000e+00","9.9999999999999994e-12","7.0539379887942313e-10","36","23","36","0","23","0","0","0.494","logs_ipopt_simples_2/ex4_1_1_jump_ipopt_2.log"
"jump_2/ex4_1_2_jump.jl","ex4_1_2_jump","LOCALLY_SOLVED","FEASIBLE_POINT","FEASIBLE_POINT","Solve_Succeeded","-663.5000966105","0.5040280818939209","2","1","3","20","-6.6350009661050001e+02","2.7168339727374952e-09","0.0000000000000000e+00","0.0000000000000000e+00","1.0000000000000003e-11","2.7168339727374952e-09","21","21","21","0","21","0","0","0.503","logs_ipopt_simples_2/ex4_1_2_jump_ipopt_2.log"
"jump_2/ex4_1_3_jump.jl","ex4_1_3_jump","LOCALLY_SOLVED","FEASIBLE_POINT","FEASIBLE_POINT","Solve_Succeeded","-3.877684281339735e-7","0.49097418785095215","2","1","3","12","-3.8776842813397351e-07","2.5571616021579388e-09","8.2866065577401733e-13","0.0000000000000000e+00","1.0002382564241079e-11","2.5571616021579388e-09","13","13","13","0","13","0","0","0.490","logs_ipopt_simples_2/ex4_1_3_jump_ipopt_2.log"
"jump_2/ex4_1_5_jump.jl","ex4_1_5_jump","LOCALLY_SOLVED","FEASIBLE_POINT","FEASIBLE_POINT","Solve_Succeeded","-2.0475743680129815e-12","0.5062580108642578","3","1","3","6","-2.0475743680129815e-12","1.8107266934070357e-08","2.0476287524251683e-12","0.0000000000000000e+00","1.0049550613827010e-11","1.8107266934070357e-08","7","7","7","0","7","0","0","0.505","logs_ipopt_simples_2/ex4_1_5_jump_ipopt_2.log"
"jump_2/ex4_1_6_jump.jl","ex4_1_6_jump","LOCALLY_SOLVED","FEASIBLE_POINT","FEASIBLE_POINT","Solve_Succeeded","6.999999999999782","0.4932699203491211","2","1","3","5","6.9999999999997824e+00","2.0859434898864694e-11","1.1368683772161603e-13","0.0000000000000000e+00","6.4032105611555078e-11","6.4032105611555078e-11","6","6","6","0","6","0","0","0.492","logs_ipopt_simples_2/ex4_1_6_jump_ipopt_2.log"
"jump_2/ex4_1_7_jump.jl","ex4_1_7_jump","LOCALLY_SOLVED","FEASIBLE_POINT","FEASIBLE_POINT","Solve_Succeeded","-7.500000000000009","0.49524593353271484","2","1","3","5","-7.5000000000000089e+00","6.3843508163473112e-13","8.8817841970012523e-15","0.0000000000000000e+00","2.2629146541474832e-08","2.2629146541474832e-08","6","6","6","0","6","0","0","0.494","logs_ipopt_simples_2/ex4_1_7_jump_ipopt_2.log"
"jump_2/ex4_1_8_jump.jl","ex4_1_8_jump","LOCALLY_SOLVED","FEASIBLE_POINT","FEASIBLE_POINT","Solve_Succeeded","-16.738893200033036","0.5198249816894531","3","2","6","6","-1.6738893200033036e+01","1.1574283998195439e-08","4.0375045529117415e-09","0.0000000000000000e+00","1.0297942057433189e-11","1.1574283998195439e-08","7","7","7","0","7","0","0","0.519","logs_ipopt_simples_2/ex4_1_8_jump_ipopt_2.log"
"jump_2/ex4_1_9_jump.jl","ex4_1_9_jump","LOCALLY_SOLVED","FEASIBLE_POINT","FEASIBLE_POINT","Solve_Succeeded","-5.508013281575265","0.5300309658050537","3","3","7","9","-5.5080132815752654e+00","1.0879730449886438e-10","8.8817841970012523e-16","0.0000000000000000e+00","1.0000044586986010e-11","1.0879730449886438e-10","10","10","10","10","10","10","0","0.529","logs_ipopt_simples_2/ex4_1_9_jump_ipopt_2.log"
"jump_2/ex5_2_2_case1_jump.jl","ex5_2_2_case1_jump","LOCALLY_SOLVED","FEASIBLE_POINT","FEASIBLE_POINT","Solve_Succeeded","-4.632798177051679e-7","0.014631986618041992","10","7","25","9","-4.6327981770516793e-07","6.6601297499567093e-09","1.6971846476444861e-09","9.9711138038096369e-09","9.9840744072044582e-10","6.6601297499567093e-09","10","10","10","10","10","10","0","0.004","logs_ipopt_simples_2/ex5_2_2_case1_jump_ipopt_2.log"
"jump_2/ex5_2_2_case2_jump.jl","ex5_2_2_case2_jump","LOCALLY_SOLVED","FEASIBLE_POINT","FEASIBLE_POINT","Solve_Succeeded","-4.697907375020684e-7","0.014235973358154297","10","7","25","9","-4.6979073750206840e-07","1.1593417385414897e-08","4.8528522068978721e-09","9.9151948420588459e-09","1.7454703986642571e-09","1.1593417385414897e-08","10","10","10","10","10","10","0","0.004","logs_ipopt_simples_2/ex5_2_2_case2_jump_ipopt_2.log"
"jump_2/ex5_2_2_case3_jump.jl","ex5_2_2_case3_jump","LOCALLY_SOLVED","FEASIBLE_POINT","FEASIBLE_POINT","Solve_Succeeded","-5.258601311314886e-6","0.01584601402282715","10","7","25","26","-5.2586013113148863e-06","7.9990456030372315e-08","1.3531351332387448e-19","9.9999804211080136e-09","1.0124224914144723e-11","7.9990456030372315e-08","27","27","27","27","27","27","0","0.007","logs_ipopt_simples_2/ex5_2_2_case3_jump_ipopt_2.log"
"jump_2/ex5_2_4_jump.jl","ex5_2_4_jump","LOCALLY_SOLVED","FEASIBLE_POINT","FEASIBLE_POINT","Solve_Succeeded","-450.0000065987539","0.01583099365234375","8","7","21","22","-4.5000000659875388e+02","3.6523672974908550e-11","2.2737367544323206e-13","9.9847550970311738e-09","5.7038183409123714e-09","5.7038183409123714e-09","23","23","23","23","23","23","0","0.005","logs_ipopt_simples_2/ex5_2_4_jump_ipopt_2.log"
"jump_2/ex5_2_5_jump.jl","ex5_2_5_jump","LOCALLY_SOLVED","FEASIBLE_POINT","FEASIBLE_POINT","Solve_Succeeded","-3500.000045470395","0.05920815467834473","33","20","84","178","-3.5000000454703950e+03","2.5933184599757908e-08","2.2737367544323206e-13","9.9999634231729240e-09","1.3912584535750340e-11","2.5933184599757908e-08","210","179","210","210","179","179","0","0.048","logs_ipopt_simples_2/ex5_2_5_jump_ipopt_2.log"
"jump_2/ex5_3_2_jump.jl","ex5_3_2_jump","LOCALLY_SOLVED","FEASIBLE_POINT","FEASIBLE_POINT","Solve_Succeeded","1.8641594589628525","0.5441069602966309","23","17","61","2771","1.8641594589628525e+00","3.4340919855733310e-09","2.3144510038605362e-14","9.9993454074472328e-09","1.6669957946111230e-10","3.4340919855733310e-09","2777","2772","2777","0","2773","0","0","0.534","logs_ipopt_simples_2/ex5_3_2_jump_ipopt_2.log"
"jump_2/ex5_3_3_jump.jl","ex5_3_3_jump","LOCALLY_SOLVED","FEASIBLE_POINT","FEASIBLE_POINT","Solve_Succeeded","3.2340182232322614","0.21428203582763672","63","54","178","555","3.2340182232322614e+00","1.6390385269213082e-09","8.6153306710912148e-14","8.5899799210360993e-09","2.6395771478606562e-11","1.6390385269213082e-09","1181","544","1181","0","571","0","0","0.204","logs_ipopt_simples_2/ex5_3_3_jump_ipopt_2.log"
"jump_2/ex5_4_2_jump.jl","ex5_4_2_jump","LOCALLY_SOLVED","FEASIBLE_POINT","FEASIBLE_POINT","Solve_Succeeded","7512.2300160558725","0.017570972442626953","9","7","23","26","7.5122300160558725e+03","5.6683280291736082e-10","5.9117155615240315e-10","9.9999872418266023e-06","1.0133570110212914e-11","5.9117155615240315e-10","27","27","27","27","27","27","0","0.008","logs_ipopt_simples_2/ex5_4_2_jump_ipopt_2.log"
"jump_2/ex5_4_3_jump.jl","ex5_4_3_jump","LOCALLY_SOLVED","FEASIBLE_POINT","FEASIBLE_POINT","Solve_Succeeded","4845.461995351305","0.5238120555877686","17","14","46","37","4.8454619953513047e+03","5.7595738150911292e-13","1.7763568394002505e-15","1.5999981428649335e-07","1.0000064312836815e-11","1.0000064312836815e-11","46","38","46","0","39","0","0","0.523","logs_ipopt_simples_2/ex5_4_3_jump_ipopt_2.log"
"jump_2/ex5_4_4_jump.jl","ex5_4_4_jump","LOCALLY_SOLVED","FEASIBLE_POINT","FEASIBLE_POINT","Solve_Succeeded","11841.609155252618","0.5437819957733154","28","20","74","108","1.1841609155252618e+04","3.3310198885652675e-08","4.9351825074443983e-13","9.9995389746254659e-08","2.9926279658093430e-09","3.3310198885652675e-08","152","109","152","0","113","0","0","0.543","logs_ipopt_simples_2/ex5_4_4_jump_ipopt_2.log"
"jump_2/ex6_1_1_jump.jl","ex6_1_1_jump","LOCALLY_SOLVED","FEASIBLE_POINT","FEASIBLE_POINT","Solve_Succeeded","-0.02019831170399973","0.0031960010528564453","9","7","19","7","-2.0198311703999730e-02","8.1815529369810848e-08","6.3180155551734174e-12","0.0000000000000000e+00","1.0000007388365367e-11","8.1815529369810848e-08","8","8","8","0","8","0","0","0.002","logs_ipopt_simples_2/ex6_1_1_jump_ipopt_2.log"
"jump_2/ex6_1_2_jump.jl","ex6_1_2_jump","LOCALLY_SOLVED","FEASIBLE_POINT","FEASIBLE_POINT","Solve_Succeeded","-0.02019831170399973","0.003532886505126953","9","7","19","7","-2.0198311703999730e-02","8.1815529369810848e-08","6.3180155551734174e-12","0.0000000000000000e+00","1.0000007388365367e-11","8.1815529369810848e-08","8","8","8","0","8","0","0","0.003","logs_ipopt_simples_2/ex6_1_2_jump_ipopt_2.log"
"jump_2/ex6_1_3_jump.jl","ex6_1_3_jump","LOCALLY_SOLVED","FEASIBLE_POINT","FEASIBLE_POINT","Solve_Succeeded","-0.3524978012019534","0.004578113555908203","13","10","28","10","-3.5249780120195340e-01","5.5265605259221275e-08","2.8033131371785203e-14","0.0000000000000000e+00","1.0000007612591405e-11","5.5265605259221275e-08","11","11","11","0","11","0","0","0.004","logs_ipopt_simples_2/ex6_1_3_jump_ipopt_2.log"
"jump_2/ex6_1_4_jump.jl","ex6_1_4_jump","LOCALLY_SOLVED","FEASIBLE_POINT","FEASIBLE_POINT","Solve_Succeeded","-0.29454128777853184","0.00482487678527832","7","5","14","11","-2.9454128777853184e-01","9.7935853441262774e-10","7.2164496600635175e-16","0.0000000000000000e+00","1.0000000003013220e-11","9.7935853441262774e-10","12","12","12","0","12","0","0","0.004","logs_ipopt_simples_2/ex6_1_4_jump_ipopt_2.log"
"jump_2/gtm_jump.jl","gtm_jump","LOCALLY_SOLVED","FEASIBLE_POINT","FEASIBLE_POINT","Solve_Succeeded","543.5650921361895","1.747689962387085","64","25","124","2203","5.4356509213618949e+02","7.0781367592606703e-09","1.1368683772161603e-13","3.7286486342935632e-08","1.0000587537817246e-11","7.0781367592606703e-09","3127","2204","3127","3127","2204","2204","0","1.747","logs_ipopt_simples_2/gtm_jump_ipopt_2.log"
"jump_2/harker_jump.jl","harker_jump","LOCALLY_SOLVED","FEASIBLE_POINT","FEASIBLE_POINT","Solve_Succeeded","-914.9057209888222","0.7829539775848389","21","8","28","616","-9.1490572098882217e+02","9.9720992234239536e-01","5.1067331696685869e-08","0.0000000000000000e+00","2.8469166888003502e-08","9.9720992234239536e-01","741","615","741","0","621","0","0","0.782","logs_ipopt_simples_2/harker_jump_ipopt_2.log"
"jump_2/haverly_jump.jl","haverly_jump","LOCALLY_SOLVED","FEASIBLE_POINT","FEASIBLE_POINT","Solve_Succeeded","-400.00000413891973","0.0176241397857666","13","10","24","27","-4.0000000413891973e+02","1.4037732072675654e-08","4.5474735088646412e-13","1.9999135929538170e-06","3.1408907011580057e-10","1.4037732072675654e-08","28","28","28","28","28","28","0","0.007","logs_ipopt_simples_2/haverly_jump_ipopt_2.log"
"jump_2/hhfair_jump.jl","hhfair_jump","LOCALLY_SOLVED","FEASIBLE_POINT","FEASIBLE_POINT","Solve_Succeeded","-87.15903760661956","0.5058438777923584","30","26","40","39","-8.7159037606619563e+01","6.5089381751288539e-08","1.9797674610799731e-09","0.0000000000000000e+00","3.0132610412631824e-10","6.5089381751288539e-08","55","40","55","55","40","40","0","0.505","logs_ipopt_simples_2/hhfair_jump_ipopt_2.log"
"jump_2/himmel16_jump.jl","himmel16_jump","LOCALLY_SOLVED","FEASIBLE_POINT","FEASIBLE_POINT","Solve_Succeeded","-0.6749814496518751","0.021809816360473633","19","22","25","27","-6.7498144965187512e-01","4.8450225567653327e-08","2.7519667100683876e-11","0.0000000000000000e+00","1.0027074429809915e-11","4.8450225567653327e-08","28","28","28","28","28","28","0","0.011","logs_ipopt_simples_2/himmel16_jump_ipopt_2.log"
"jump_2/house_jump.jl","house_jump","LOCALLY_SOLVED","FEASIBLE_POINT","FEASIBLE_POINT","Solve_Succeeded","-4500.0000452316035","0.02184605598449707","9","9","14","52","-4.5000000452316035e+03","3.9587371158944507e-09","2.2737367544323206e-13","2.9999993330420693e-05","1.0691214014217972e-11","3.9587371158944507e-09","53","53","53","53","53","53","0","0.011","logs_ipopt_simples_2/house_jump_ipopt_2.log"
"jump_2/immum_jump.jl","immum_jump","ITERATION_LIMIT","INFEASIBLE_POINT","UNKNOWN_RESULT_STATUS","Maximum_Iterations_Exceeded","-1.3762871275269371e13","1.2414770126342773","22","8","29","3000","-1.3762871275269371e+13","6.4124628684261795e+00","1.3762871275393273e+13","6.6206578059382340e-09","1.0590240274736076e-01","1.3762871275393273e+13","3338","31","3341","0","3002","0","0","1.232","logs_ipopt_simples_2/immum_jump_ipopt_2.log"
"jump_2/Ints100_jump.jl","Ints100_jump","LOCALLY_SOLVED","FEASIBLE_POINT","FEASIBLE_POINT","Solve_Succeeded","0.5545954025686685","0.6148409843444824","507","401","611","69","5.5459540256866846e-01","9.2016974073360062e-08","1.8579682237174211e-10","0.0000000000000000e+00","9.9999999999999994e-12","9.2016974073360062e-08","73","70","73","0","70","0","0","0.613","logs_ipopt_simples_2/Ints100_jump_ipopt_2.log"
"jump_2/Ints50_jump.jl","Ints50_jump","LOCALLY_SOLVED","FEASIBLE_POINT","FEASIBLE_POINT","Solve_Succeeded","0.5546687652510897","0.5864081382751465","257","201","311","60","5.5466876525108966e-01","9.2846620592789558e-08","4.1327608002461602e-11","0.0000000000000000e+00","9.9999999999999978e-12","9.2846620592789558e-08","61","61","61","0","61","0","0","0.585","logs_ipopt_simples_2/Ints50_jump_ipopt_2.log"
"jump_2/launch_jump.jl","launch_jump","LOCALLY_SOLVED","FEASIBLE_POINT","FEASIBLE_POINT","Solve_Succeeded","2257.7973301165234","0.5385441780090332","39","29","78","47","2.2577973301165234e+03","4.4254964558484517e-09","1.4551915228366852e-11","1.2499789647790749e-06","1.2573414512460442e-11","4.4254964558484517e-09","48","48","48","48","48","48","0","0.538","logs_ipopt_simples_2/launch_jump_ipopt_2.log"
"jump_2/least_jump.jl","least_jump","ITERATION_LIMIT","FEASIBLE_POINT","UNKNOWN_RESULT_STATUS","Maximum_Iterations_Exceeded","1.5938450720748944e7","0.9131369590759277","4","1","3","3000","1.5938450720748944e+07","1.0000000000000000e+00","2.9802322387695312e-08","0.0000000000000000e+00","1.0060387368907641e-11","1.0000000000000000e+00","3337","2759","4149","0","3005","0","0","0.912","logs_ipopt_simples_2/least_jump_ipopt_2.log"
"jump_2/linear_jump.jl","linear_jump","ITERATION_LIMIT","INFEASIBLE_POINT","UNKNOWN_RESULT_STATUS","Maximum_Iterations_Exceeded","92.95990344990953","1.7443780899047852","25","21","61","3000","9.2959903449909532e+01","1.6884928335121105e+00","9.8710277571539677e+00","0.0000000000000000e+00","8.8770670539744575e-03","9.8710277571539677e+00","4272","3001","4272","0","3001","0","0","1.743","logs_ipopt_simples_2/linear_jump_ipopt_2.log"
"jump_2/meanvar_jump.jl","meanvar_jump","LOCALLY_SOLVED","FEASIBLE_POINT","FEASIBLE_POINT","Solve_Succeeded","5.24339900721936","0.016672849655151367","9","3","18","15","5.2433990072193604e+00","3.5116352491509537e-08","6.6613381477509392e-16","9.9979049539702667e-09","9.9999999999999994e-12","3.5116352491509537e-08","16","16","16","0","16","0","0","0.006","logs_ipopt_simples_2/meanvar_jump_ipopt_2.log"
"jump_2/mhw4d_jump.jl","mhw4d_jump","LOCALLY_SOLVED","FEASIBLE_POINT","FEASIBLE_POINT","Solve_Succeeded","0.029310830705093195","0.5086319446563721","6","4","4","44","2.9310830705093195e-02","1.1928499819846561e-09","1.6230742444500734e-11","0.0000000000000000e+00","0.0000000000000000e+00","1.1928499819846561e-09","62","45","108","0","45","0","0","0.508","logs_ipopt_simples_2/mhw4d_jump_ipopt_2.log"
"jump_2/minlphi_jump.jl","minlphi_jump","LOCALLY_SOLVED","FEASIBLE_POINT","FEASIBLE_POINT","Solve_Succeeded","582.2361396424142","0.5185389518737793","65","80","150","27","5.8223613964241417e+02","1.4933602354716413e-08","1.7053025658242404e-13","9.5140376362273250e-09","6.7895333187580175e-08","6.7895333187580175e-08","45","28","45","45","28","28","0","0.517","logs_ipopt_simples_2/minlphi_jump_ipopt_2.log"
"jump_2/nemhaus_jump.jl","nemhaus_jump","LOCALLY_SOLVED","FEASIBLE_POINT","FEASIBLE_POINT","Solve_Succeeded","31.0","0.011590003967285156","6","6","11","2","3.1000000000000000e+01","2.2870594307278225e-14","0.0000000000000000e+00","0.0000000000000000e+00","0.0000000000000000e+00","2.2870594307278225e-14","3","3","3","0","3","0","0","0.001","logs_ipopt_simples_2/nemhaus_jump_ipopt_2.log"
"jump_2/otpop_jump.jl","otpop_jump","LOCALLY_SOLVED","FEASIBLE_POINT","FEASIBLE_POINT","Solve_Succeeded","-4.7691547589341565e-12","0.6375570297241211","104","77","136","194","-4.7691547589341565e-12","8.5731785814554386e-08","5.9117155615240335e-12","0.0000000000000000e+00","9.9999999999999994e-12","8.5731785814554386e-08","217","195","217","0","195","0","0","0.637","logs_ipopt_simples_2/otpop_jump_ipopt_2.log"
"jump_2/pindyck_jump.jl","pindyck_jump","LOCALLY_SOLVED","FEASIBLE_POINT","FEASIBLE_POINT","Solve_Succeeded","-1170.4862854361138","0.5250720977783203","117","97","197","56","-1.1704862854361138e+03","5.5385967479004705e-08","8.9386276158620603e-12","0.0000000000000000e+00","1.0000000000000001e-11","5.5385967479004705e-08","60","57","60","0","57","0","0","0.524","logs_ipopt_simples_2/pindyck_jump_ipopt_2.log"
"jump_2/pollut_jump.jl","pollut_jump","LOCALLY_SOLVED","FEASIBLE_POINT","FEASIBLE_POINT","Solve_Succeeded","-5.353268636799413e6","0.519909143447876","43","9","89","73","-5.3532686367994128e+06","2.4354320782293826e-09","9.3132257461547852e-10","1.0000000474974513e-04","1.7480027840364857e-11","2.4354320782293826e-09","74","74","74","74","74","74","0","0.519","logs_ipopt_simples_2/pollut_jump_ipopt_2.log"
"jump_2/polygon25_jump.jl","polygon25_jump","LOCALLY_SOLVED","FEASIBLE_POINT","FEASIBLE_POINT","Solve_Succeeded","-0.7797400518021427","0.5952270030975342","51","325","423","40","-7.7974005180214268e-01","7.6248666283640354e-08","1.5407675135747922e-12","4.8661219498313812e-09","1.0000000000000001e-11","7.6248666283640354e-08","41","41","41","41","41","41","0","0.591","logs_ipopt_simples_2/polygon25_jump_ipopt_2.log"
"jump_2/polygon50_jump.jl","polygon50_jump","LOCALLY_SOLVED","FEASIBLE_POINT","FEASIBLE_POINT","Solve_Succeeded","-0.769720468056655","0.9573209285736084","101","1275","1473","47","-7.6972046805665495e-01","9.2909651191669190e-08","8.9306340100847592e-13","4.9221204889704495e-09","1.0000000079492856e-11","9.2909651191669190e-08","49","48","49","49","48","48","0","0.949","logs_ipopt_simples_2/polygon50_jump_ipopt_2.log"
"jump_2/prolog_jump_2.jl","prolog_jump_2","ITERATION_LIMIT","FEASIBLE_POINT","UNKNOWN_RESULT_STATUS","Maximum_Iterations_Exceeded","-3000.0","0.8120481967926025","1","0","0","3000","-3.0000000000000000e+03","1.0000000000000000e+00","0.0000000000000000e+00","0.0000000000000000e+00","0.0000000000000000e+00","1.0000000000000000e+00","3001","3001","0","0","0","0","0","0.811","logs_ipopt_simples_2/prolog_jump_2_ipopt_2.log"
"jump_2/qp3_jump.jl","qp3_jump","LOCALLY_SOLVED","FEASIBLE_POINT","FEASIBLE_POINT","Solve_Succeeded","0.0008093122789407407","0.6012840270996094","101","53","103","63","8.0931227894074070e-04","5.9795228633751871e-08","1.3878246425333418e-11","9.7673006925952353e-09","9.9999999999714794e-12","5.9795228633751871e-08","66","64","66","66","64","64","0","0.599","logs_ipopt_simples_2/qp3_jump_ipopt_2.log"
"jump_2/qp4_jump.jl","qp4_jump","LOCALLY_SOLVED","FEASIBLE_POINT","FEASIBLE_POINT","Solve_Succeeded","0.0008093122907262473","0.5525529384613037","80","32","82","26","8.0931229072624730e-04","7.2067364080725949e-08","1.8732245572403161e-12","9.7673009593784694e-09","9.9999999999832248e-12","7.2067364080725949e-08","27","27","27","27","27","27","0","0.551","logs_ipopt_simples_2/qp4_jump_ipopt_2.log"
"jump_2/qp5_jump.jl","qp5_jump","LOCALLY_SOLVED","FEASIBLE_POINT","FEASIBLE_POINT","Solve_Succeeded","0.4314540583734143","0.5440959930419922","109","32","140","14","4.3145405837341427e-01","6.9445052939031526e-15","1.3716033631646447e-16","9.9955647711942980e-09","6.5899267041190846e-10","6.5899267041190846e-10","15","15","15","15","15","15","0","0.543","logs_ipopt_simples_2/qp5_jump_ipopt_2.log"
"jump_2/ramsey_jump.jl","ramsey_jump","LOCALLY_SOLVED","FEASIBLE_POINT","FEASIBLE_POINT","Solve_Succeeded","-2.4874687338519705","0.5290420055389404","34","23","66","19","-2.4874687338519705e+00","1.9547643947959159e-08","9.5523589038748469e-13","9.7974350091178941e-09","1.0006085982908360e-11","1.9547643947959159e-08","21","20","21","21","20","20","0","0.528","logs_ipopt_simples_2/ramsey_jump_ipopt_2.log"
"jump_2/rbrock_jump.jl","rbrock_jump","LOCALLY_SOLVED","FEASIBLE_POINT","FEASIBLE_POINT","Solve_Succeeded","-8.236199157971739e-15","0.5476579666137695","3","1","5","51","-8.2361991579717386e-15","1.8625141987574947e-11","8.2361993385979852e-15","0.0000000000000000e+00","1.0000000000000001e-11","1.8625141987574947e-11","52","52","56","0","52","0","0","0.547","logs_ipopt_simples_2/rbrock_jump_ipopt_2.log"
"jump_2/srcpm_jump.jl","srcpm_jump","LOCALLY_SOLVED","FEASIBLE_POINT","FEASIBLE_POINT","Solve_Succeeded","2109.781825701738","0.02986884117126465","40","28","75","55","2.1097818257017379e+03","3.2357443955698969e-09","0.0000000000000000e+00","1.6199642871583819e-07","1.0001943071239949e-11","3.2357443955698969e-09","58","56","58","58","56","56","0","0.029","logs_ipopt_simples_2/srcpm_jump_ipopt_2.log"
"jump_2/turkey_jump.jl","turkey_jump","ITERATION_LIMIT","INFEASIBLE_POINT","UNKNOWN_RESULT_STATUS","Maximum_Iterations_Exceeded","-29329.974286606248","7.621104955673218","519","288","763","3000","-2.9329974286606248e+04","1.8650291568156278e-02","1.5240907305269502e-04","9.9992412287974730e-05","3.8231236047512170e-10","1.8650291568156278e-02","3242","2995","3242","3242","3005","3005","0","7.619","logs_ipopt_simples_2/turkey_jump_ipopt_2.log"
"jump_2/wall_jump.jl","wall_jump","LOCALLY_SOLVED","FEASIBLE_POINT","FEASIBLE_POINT","Solve_Succeeded","1.0000046575934247","0.0015671253204345703","6","6","6","2","1.0000046575934247e+00","4.3871764116103416e-14","1.8619150665699635e-10","0.0000000000000000e+00","0.0000000000000000e+00","1.8619150665699635e-10","3","3","3","0","3","0","0","0.001","logs_ipopt_simples_2/wall_jump_ipopt_2.log"
"jump_2/water_jump.jl","water_jump","LOCALLY_SOLVED","FEASIBLE_POINT","FEASIBLE_POINT","Solve_Succeeded","1217.556639543831","0.24073076248168945","42","26","66","620","1.2175566395438309e+03","2.0978415099604940e-09","2.6564350719127106e-10","1.6579948436401537e-07","1.0008963199231031e-11","2.0978415099604940e-09","859","621","859","0","621","0","0","0.240","logs_ipopt_simples_2/water_jump_ipopt_2.log"
"jump_2/abel_jump.jl","abel_jump","ALMOST_LOCALLY_SOLVED","NEARLY_FEASIBLE_POINT","NEARLY_FEASIBLE_POINT","Solved_To_Acceptable_Level","225.19458318594297","0.024276018142700195","30","14","16","36","2.2519458318594297e+02","1.5999200797534030e-07","6.3948846218409017e-14","0.0000000000000000e+00","0.0000000000000000e+00","1.5999200797534030e-07","359","39","359","0","1","0","0","0.014","logs_ipopt_simples_2/abel_jump_ipopt_2.log"
"jump_2/alkyl_jump.jl","alkyl_jump","LOCALLY_SOLVED","FEASIBLE_POINT","FEASIBLE_POINT","Solve_Succeeded","-1.7650001898924756","0.5259199142456055","14","7","35","13","-1.7650001898924756e+00","1.4460156049747656e-08","1.0338396805309458e-12","1.9988690702632539e-08","1.2987141079797037e-11","1.4460156049747656e-08","14","14","14","0","14","0","0","0.525","logs_ipopt_simples_2/alkyl_jump_ipopt_2.log"
"jump_2/camshape100_jump.jl","camshape100_jump","LOCALLY_SOLVED","FEASIBLE_POINT","FEASIBLE_POINT","Solve_Succeeded","-4.284199802584951","0.026642799377441406","200","201","597","34","-4.2841998025849506e+00","2.1790876757344645e-08","8.8817841970012523e-16","1.9682908636298180e-08","1.0050403505609673e-11","2.1790876757344645e-08","35","35","35","35","35","35","0","0.017","logs_ipopt_simples_2/camshape100_jump_ipopt_2.log"
"jump_2/camshape200_jump.jl","camshape200_jump","LOCALLY_SOLVED","FEASIBLE_POINT","FEASIBLE_POINT","Solve_Succeeded","-4.278705712059962","0.04394698143005371","400","401","1197","49","-4.2787057120599616e+00","4.3870778634039364e-10","1.7763568394002505e-15","1.9363385117543430e-08","1.0000967471731428e-11","4.3870778634039364e-10","53","49","53","53","51","51","0","0.034","logs_ipopt_simples_2/camshape200_jump_ipopt_2.log"
"jump_2/catmix100_jump.jl","catmix100_jump","LOCALLY_SOLVED","FEASIBLE_POINT","FEASIBLE_POINT","Solve_Succeeded","-0.04806939095033431","0.06133604049682617","304","201","405","54","-4.8069390950334308e-02","9.5730554451158384e-08","9.9590911472463572e-11","0.0000000000000000e+00","1.8488961994445215e-11","9.5730554451158384e-08","64","55","64","0","55","0","0","0.052","logs_ipopt_simples_2/catmix100_jump_ipopt_2.log"
"jump_2/catmix200_jump.jl","catmix200_jump","LOCALLY_SOLVED","FEASIBLE_POINT","FEASIBLE_POINT","Solve_Succeeded","-0.048058902211540765","0.18360400199890137","604","401","805","118","-4.8058902211540765e-02","9.1025342670565947e-08","1.9743942372848176e-08","0.0000000000000000e+00","3.2173393322051317e-09","9.1025342670565947e-08","146","119","146","0","119","0","0","0.175","logs_ipopt_simples_2/catmix200_jump_ipopt_2.log"
"jump_2/chain100_jump.jl","chain100_jump","LOCALLY_SOLVED","FEASIBLE_POINT","FEASIBLE_POINT","Solve_Succeeded","5.069784610685977","0.5728459358215332","203","102","104","156","5.0697846106859767e+00","4.1773822404179853e-08","2.1263195648657529e-09","0.0000000000000000e+00","0.0000000000000000e+00","4.1773822404179853e-08","357","157","404","0","157","0","0","0.572","logs_ipopt_simples_2/chain100_jump_ipopt_2.log"
"jump_2/chain200_jump.jl","chain200_jump","ITERATION_LIMIT","INFEASIBLE_POINT","UNKNOWN_RESULT_STATUS","Maximum_Iterations_Exceeded","374021.97223490046","2.6529719829559326","403","202","204","3000","3.7402197223490046e+05","3.9644409098056667e+02","3.1539293060284504e+03","0.0000000000000000e+00","0.0000000000000000e+00","3.1539293060284504e+03","7110","1692","7812","0","3005","0","0","2.652","logs_ipopt_simples_2/chain200_jump_ipopt_2.log"
"jump_2/chain400_jump.jl","chain400_jump","ITERATION_LIMIT","INFEASIBLE_POINT","UNKNOWN_RESULT_STATUS","Maximum_Iterations_Exceeded","-709906.6355512593","6.146546125411987","803","402","404","3000","-7.0990663555125927e+05","4.4079953691108805e+01","2.2692955602369388e+04","0.0000000000000000e+00","0.0000000000000000e+00","2.2692955602369388e+04","12492","507","14747","0","3005","0","0","6.145","logs_ipopt_simples_2/chain400_jump_ipopt_2.log"
"jump_2/chain50_jump.jl","chain50_jump","ITERATION_LIMIT","INFEASIBLE_POINT","UNKNOWN_RESULT_STATUS","Maximum_Iterations_Exceeded","-149657.23240469943","2.274505138397217","103","52","54","3000","-1.4965723240469943e+05","6.9218614178323065e+01","1.2777185498132696e+05","0.0000000000000000e+00","0.0000000000000000e+00","1.2777185498132696e+05","9710","50","9963","0","3005","0","0","2.273","logs_ipopt_simples_2/chain50_jump_ipopt_2.log"
"jump_2/chakra_jump.jl","chakra_jump","LOCALLY_SOLVED","FEASIBLE_POINT","FEASIBLE_POINT","Solve_Succeeded","-179.1335578648266","0.5266449451446533","63","42","104","115","-1.7913355786482660e+02","8.8467983660401982e-08","5.1159076974727213e-13","0.0000000000000000e+00","9.9999999999999994e-12","8.8467983660401982e-08","121","116","121","0","116","0","0","0.526","logs_ipopt_simples_2/chakra_jump_ipopt_2.log"
"jump_2/chance_jump.jl","chance_jump","LOCALLY_SOLVED","FEASIBLE_POINT","FEASIBLE_POINT","Solve_Succeeded","29.89437812369626","0.4716041088104248","5","4","8","5","2.9894378123696260e+01","9.8122966418756619e-09","1.7763568394002505e-15","9.9954145556248117e-09","6.4179784058428067e-11","9.8122966418756619e-09","6","6","6","6","6","6","0","0.471","logs_ipopt_simples_2/chance_jump_ipopt_2.log"
"jump_2/chem_jump.jl","chem_jump","LOCALLY_SOLVED","FEASIBLE_POINT","FEASIBLE_POINT","Solve_Succeeded","-47.70651483454083","0.4798769950866699","12","5","16","41","-4.7706514834540833e+01","7.6310990844341240e-08","7.1054273576010019e-15","9.9730737836926237e-09","1.0000000011793033e-11","7.6310990844341240e-08","42","42","42","0","42","0","0","0.479","logs_ipopt_simples_2/chem_jump_ipopt_2.log"
"jump_2/chenery_jump.jl","chenery_jump","LOCALLY_SOLVED","FEASIBLE_POINT","FEASIBLE_POINT","Solve_Succeeded","-1058.9198560087732","0.550710916519165","45","39","120","402","-1.0589198560087732e+03","7.0754337785086698e-10","5.6843418860808015e-14","3.9997535949964913e-08","1.0002493513420468e-11","7.0754337785086698e-10","403","403","403","403","403","403","0","0.550","logs_ipopt_simples_2/chenery_jump_ipopt_2.log"
"jump_2/demo7_jump.jl","demo7_jump","ITERATION_LIMIT","NEARLY_FEASIBLE_POINT","UNKNOWN_RESULT_STATUS","Maximum_Iterations_Exceeded","-754.134378405243","1.167527198791504","72","58","124","3000","-7.5413437840524296e+02","3.2894346786368145e-01","1.2321292186830632e-07","9.9998906218632108e-09","1.0000000000061235e-11","3.2894346786368145e-01","3001","3001","3001","3001","3001","3001","0","1.158","logs_ipopt_simples_2/demo7_jump_ipopt_2.log"
"jump_2/dispatch_jump.jl","dispatch_jump","LOCALLY_SOLVED","FEASIBLE_POINT","FEASIBLE_POINT","Solve_Succeeded","3155.2878994181838","0.012372016906738281","5","3","9","8","3.1552878994181838e+03","6.6672978288957647e-11","9.5610630523879081e-11","4.9989659345328619e-07","1.0562822892880375e-11","9.5610630523879081e-11","9","9","9","9","9","9","0","0.003","logs_ipopt_simples_2/dispatch_jump_ipopt_2.log"
"jump_2/elec25_jump.jl","elec25_jump","ITERATION_LIMIT","INFEASIBLE_POINT","UNKNOWN_RESULT_STATUS","Maximum_Iterations_Exceeded","78.09547533528836","2.6821439266204834","76","26","26","3000","7.8095475335288356e+01","3.9301539677701200e+01","4.9537539514946062e+01","0.0000000000000000e+00","0.0000000000000000e+00","4.9537539514946062e+01","10234","2956","10251","0","3004","0","0","2.677","logs_ipopt_simples_2/elec25_jump_ipopt_2.log"
"jump_2/elec50_jump.jl","elec50_jump","ITERATION_LIMIT","INFEASIBLE_POINT","UNKNOWN_RESULT_STATUS","Maximum_Iterations_Exceeded","188.11918346216552","5.708101034164429","151","51","51","3000","1.8811918346216552e+02","4.9439189122129226e+08","1.9638331701317171e+02","0.0000000000000000e+00","0.0000000000000000e+00","4.9439189122129226e+08","12304","2905","12594","0","3005","0","0","5.659","logs_ipopt_simples_2/elec50_jump_ipopt_2.log"
"jump_2/etamac_jump.jl","etamac_jump","LOCALLY_SOLVED","FEASIBLE_POINT","FEASIBLE_POINT","Solve_Succeeded","-15.294675646372871","0.7136120796203613","98","71","159","401","-1.5294675646372871e+01","8.3428806363068083e-08","3.0070501644274827e-10","0.0000000000000000e+00","1.0000000000000243e-11","8.3428806363068083e-08","423","402","423","423","402","402","0","0.713","logs_ipopt_simples_2/etamac_jump_ipopt_2.log"
"jump_2/ex14_1_2_jump.jl","ex14_1_2_jump","LOCALLY_SOLVED","FEASIBLE_POINT","FEASIBLE_POINT","Solve_Succeeded","-9.908511058957582e-9","0.6342380046844482","7","10","20","21","-9.9085110589575819e-09","1.3812306853822065e-09","2.4347961289834172e-09","0.0000000000000000e+00","2.0392895059195850e-11","2.4347961289834172e-09","22","22","22","22","22","22","0","0.633","logs_ipopt_simples_2/ex14_1_2_jump_ipopt_2.log"
"jump_2/ex14_1_3_jump.jl","ex14_1_3_jump","LOCALLY_SOLVED","FEASIBLE_POINT","FEASIBLE_POINT","Solve_Succeeded","0.9133678091903433","0.4719069004058838","4","5","9","13","9.1336780919034333e-01","1.4600521244757587e-08","0.0000000000000000e+00","9.9997057635171915e-09","1.0000002170494853e-11","1.4600521244757587e-08","14","14","14","14","14","14","0","0.471","logs_ipopt_simples_2/ex14_1_3_jump_ipopt_2.log"
"jump_2/ex_14_1_4_jump.jl","ex_14_1_4_jump","LOCALLY_SOLVED","FEASIBLE_POINT","FEASIBLE_POINT","Solve_Succeeded","-9.960000273374098e-9","0.4709911346435547","4","5","9","10","-9.9600002733740979e-09","1.6731663651313384e-10","0.0000000000000000e+00","0.0000000000000000e+00","1.2431938678449763e-11","1.6731663651313384e-10","11","11","11","11","11","11","0","0.470","logs_ipopt_simples_2/ex_14_1_4_jump_ipopt_2.log"
"jump_2/ex_14_1_5_jump.jl","ex_14_1_5_jump","LOCALLY_SOLVED","FEASIBLE_POINT","FEASIBLE_POINT","Solve_Succeeded","-9.971850971999176e-9","0.46935200691223145","7","7","17","5","-9.9718509719991756e-09","7.9692879907062465e-14","8.8817841970012523e-16","0.0000000000000000e+00","1.4585877032726732e-11","1.4585877032726732e-11","6","6","6","6","6","6","0","0.468","logs_ipopt_simples_2/ex_14_1_5_jump_ipopt_2.log"
"jump_2/ex_14_1_6_jump.jl","ex_14_1_6_jump","LOCALLY_SOLVED","FEASIBLE_POINT","FEASIBLE_POINT","Solve_Succeeded","0.9999999900099402","0.011944055557250977","10","16","32","9","9.9999999000994022e-01","2.7891983058576006e-10","5.5511151231257827e-17","0.0000000000000000e+00","1.0022117810048992e-11","2.7891983058576006e-10","10","10","10","10","10","10","0","0.003","logs_ipopt_simples_2/ex_14_1_6_jump_ipopt_2.log"
"jump_2/ex_14_1_7_jump.jl","ex_14_1_7_jump","LOCALLY_SOLVED","FEASIBLE_POINT","FEASIBLE_POINT","Solve_Succeeded","0.1349902026351355","0.48153018951416016","11","18","36","84","1.3499020263513550e-01","2.5786223005279887e-12","4.4408920985006262e-16","9.3139031833205966e-09","1.0000000345145934e-11","1.0000000345145934e-11","86","85","86","86","85","85","0","0.480","logs_ipopt_simples_2/ex_14_1_7_jump_ipopt_2.log"
"jump_2/ex14_1_8_jump.jl","ex14_1_8_jump","LOCALLY_SOLVED","FEASIBLE_POINT","FEASIBLE_POINT","Solve_Succeeded","0.04141587585453707","0.47122812271118164","4","5","9","10","4.1415875854537071e-02","4.3145900851223276e-10","0.0000000000000000e+00","0.0000000000000000e+00","1.0000000085651170e-11","4.3145900851223276e-10","11","11","11","11","11","11","0","0.470","logs_ipopt_simples_2/ex14_1_8_jump_ipopt_2.log"
"jump_2/ex14_1_9_jump.jl","ex14_1_9_jump","LOCALLY_SOLVED","FEASIBLE_POINT","FEASIBLE_POINT","Solve_Succeeded","-9.980605902862727e-9","0.47216010093688965","3","3","5","10","-9.9806059028627268e-09","2.0416037094213358e-10","0.0000000000000000e+00","0.0000000000000000e+00","1.0062722660519632e-11","2.0416037094213358e-10","11","11","11","11","11","11","0","0.471","logs_ipopt_simples_2/ex14_1_9_jump_ipopt_2.log"
"jump_2/ex2_1_1_jump.jl","ex2_1_1_jump","LOCALLY_SOLVED","FEASIBLE_POINT","FEASIBLE_POINT","Solve_Succeeded","-17.00000259495077","0.012987136840820312","6","2","12","25","-1.7000002594950772e+01","6.1486652103148742e-08","5.4737784350273569e-14","9.9998302971471276e-09","1.0000058332036556e-11","6.1486652103148742e-08","26","26","26","26","26","26","0","0.004","logs_ipopt_simples_2/ex2_1_1_jump_ipopt_2.log"
"jump_2/ex2_1_2_jump.jl","ex2_1_2_jump","LOCALLY_SOLVED","FEASIBLE_POINT","FEASIBLE_POINT","Solve_Succeeded","-213.00000400494","0.015404939651489258","7","3","14","36","-2.1300000400494000e+02","8.7564977491183527e-10","5.0182080713057076e-14","9.9998963742784287e-09","1.0000000050726093e-11","8.7564977491183527e-10","39","37","39","39","37","37","0","0.006","logs_ipopt_simples_2/ex2_1_2_jump_ipopt_2.log"
"jump_2/ex2_1_3_jump.jl","ex2_1_3_jump","LOCALLY_SOLVED","FEASIBLE_POINT","FEASIBLE_POINT","Solve_Succeeded","-15.000000232442833","0.01214599609375","14","10","33","14","-1.5000000232442833e+01","6.5635507695560591e-08","1.7763568394002505e-15","8.6758953354859614e-09","2.0760325151559436e-08","6.5635507695560591e-08","15","15","15","15","15","15","0","0.003","logs_ipopt_simples_2/ex2_1_3_jump_ipopt_2.log"
"jump_2/ex2_1_4_jump.jl","ex2_1_4_jump","LOCALLY_SOLVED","FEASIBLE_POINT","FEASIBLE_POINT","Solve_Succeeded","-11.00000021494","0.012722015380859375","7","6","16","17","-1.1000000214940000e+01","1.0135170480651823e-09","4.9985715379261022e-17","9.9985714358863307e-09","1.0000111846558038e-11","1.0135170480651823e-09","18","18","18","18","18","18","0","0.003","logs_ipopt_simples_2/ex2_1_4_jump_ipopt_2.log"
"jump_2/ex2_1_6_jump.jl","ex2_1_6_jump","LOCALLY_SOLVED","FEASIBLE_POINT","FEASIBLE_POINT","Solve_Succeeded","-39.00000525989999","0.016232013702392578","11","6","26","49","-3.9000005259899993e+01","1.0247580561895120e-11","2.1316282072803006e-14","9.9998305191917325e-09","1.0001999410807276e-11","1.0247580561895120e-11","50","50","50","50","50","50","0","0.007","logs_ipopt_simples_2/ex2_1_6_jump_ipopt_2.log"
"jump_2/ex2_1_7_jump.jl","ex2_1_7_jump","LOCALLY_SOLVED","FEASIBLE_POINT","FEASIBLE_POINT","Solve_Succeeded","-3802.2656618450014","0.027954816818237305","21","11","31","79","-3.8022656618450014e+03","7.8402395686794080e-11","0.0000000000000000e+00","9.9999736863770236e-09","1.0361362557179902e-11","7.8402395686794080e-11","80","80","80","80","80","80","0","0.019","logs_ipopt_simples_2/ex2_1_7_jump_ipopt_2.log"
"jump_2/ex2_1_8_jump.jl","ex2_1_8_jump","LOCALLY_SOLVED","FEASIBLE_POINT","FEASIBLE_POINT","Solve_Succeeded","15638.999890940137","0.447735071182251","25","11","59","2992","1.5638999890940137e+04","3.4266695925211366e-08","6.1378892406725997e-12","9.9999928673307081e-09","1.0000003109092913e-11","3.4266695925211366e-08","2993","2993","2993","0","2993","0","0","0.439","logs_ipopt_simples_2/ex2_1_8_jump_ipopt_2.log"
"jump_2/ex2_1_9_jump.jl","ex2_1_9_jump","LOCALLY_SOLVED","FEASIBLE_POINT","FEASIBLE_POINT","Solve_Succeeded","-0.37500002744008687","0.011528968811035156","11","2","12","7","-3.7500002744008687e-01","2.9715061522495034e-09","8.5608623764708006e-14","9.9866666678564430e-09","1.0000000218935115e-11","2.9715061522495034e-09","8","8","8","0","8","0","0","0.002","logs_ipopt_simples_2/ex2_1_9_jump_ipopt_2.log"
"jump_2/ex3_1_1_jump.jl","ex3_1_1_jump","LOCALLY_SOLVED","FEASIBLE_POINT","FEASIBLE_POINT","Solve_Succeeded","7049.247895834138","0.012941122055053711","9","7","23","9","7.0492478958341380e+03","3.5802974467600119e-09","0.0000000000000000e+00","0.0000000000000000e+00","1.0413018623537774e-11","3.5802974467600119e-09","10","10","10","10","10","10","0","0.004","logs_ipopt_simples_2/ex3_1_1_jump_ipopt_2.log"
"jump_2/ex3_1_2_jump.jl","ex3_1_2_jump","LOCALLY_SOLVED","FEASIBLE_POINT","FEASIBLE_POINT","Solve_Succeeded","-30665.53886324197","0.01599597930908203","6","7","17","27","-3.0665538863241971e+04","4.3025916244200933e-11","0.0000000000000000e+00","7.7999986558552337e-07","1.0000002229534394e-11","4.3025916244200933e-11","33","28","33","33","28","28","0","0.007","logs_ipopt_simples_2/ex3_1_2_jump_ipopt_2.log"
"jump_2/ex3_1_3_jump.jl","ex3_1_3_jump","LOCALLY_SOLVED","FEASIBLE_POINT","FEASIBLE_POINT","Solve_Succeeded","-172.00000323997298","0.01805591583251953","7","7","17","58","-1.7200000323997298e+02","4.4398484888574785e-10","1.1368683772161603e-13","9.9999557079399892e-08","1.0007399383915635e-11","4.4398484888574785e-10","61","59","61","61","59","59","0","0.009","logs_ipopt_simples_2/ex3_1_3_jump_ipopt_2.log"
"jump_2/ex3_1_4_jump.jl","ex3_1_4_jump","LOCALLY_SOLVED","FEASIBLE_POINT","FEASIBLE_POINT","Solve_Succeeded","-4.000000169970018","0.012068986892700195","4","4","9","15","-4.0000001699700176e+00","8.3646423121308544e-12","0.0000000000000000e+00","2.9993333150457602e-08","1.0000002727027622e-11","1.0000002727027622e-11","16","16","16","16","16","16","0","0.003","logs_ipopt_simples_2/ex3_1_4_jump_ipopt_2.log"
"jump_2/ex4_1_1_jump.jl","ex4_1_1_jump","LOCALLY_SOLVED","FEASIBLE_POINT","FEASIBLE_POINT","Solve_Succeeded","-7.487312364902382","0.47344398498535156","2","1","3","22","-7.4873123649023823e+00","7.0539379887942313e-10","1.6348034037605430e-14","0.0000000000000000e+00","9.9999999999999994e-12","7.0539379887942313e-10","36","23","36","0","23","0","0","0.472","logs_ipopt_simples_2/ex4_1_1_jump_ipopt_2.log"
"jump_2/ex4_1_2_jump.jl","ex4_1_2_jump","LOCALLY_SOLVED","FEASIBLE_POINT","FEASIBLE_POINT","Solve_Succeeded","-663.5000966105","0.47267603874206543","2","1","3","20","-6.6350009661050001e+02","2.7168339727374952e-09","0.0000000000000000e+00","0.0000000000000000e+00","1.0000000000000003e-11","2.7168339727374952e-09","21","21","21","0","21","0","0","0.472","logs_ipopt_simples_2/ex4_1_2_jump_ipopt_2.log"
"jump_2/ex4_1_3_jump.jl","ex4_1_3_jump","LOCALLY_SOLVED","FEASIBLE_POINT","FEASIBLE_POINT","Solve_Succeeded","-3.877684281339735e-7","0.470228910446167","2","1","3","12","-3.8776842813397351e-07","2.5571616021579388e-09","8.2866065577401733e-13","0.0000000000000000e+00","1.0002382564241079e-11","2.5571616021579388e-09","13","13","13","0","13","0","0","0.469","logs_ipopt_simples_2/ex4_1_3_jump_ipopt_2.log"
"jump_2/ex4_1_5_jump.jl","ex4_1_5_jump","LOCALLY_SOLVED","FEASIBLE_POINT","FEASIBLE_POINT","Solve_Succeeded","-2.0475743680129815e-12","0.48223090171813965","3","1","3","6","-2.0475743680129815e-12","1.8107266934070357e-08","2.0476287524251683e-12","0.0000000000000000e+00","1.0049550613827010e-11","1.8107266934070357e-08","7","7","7","0","7","0","0","0.481","logs_ipopt_simples_2/ex4_1_5_jump_ipopt_2.log"
"jump_2/ex4_1_6_jump.jl","ex4_1_6_jump","LOCALLY_SOLVED","FEASIBLE_POINT","FEASIBLE_POINT","Solve_Succeeded","6.999999999999782","0.47358012199401855","2","1","3","5","6.9999999999997824e+00","2.0859434898864694e-11","1.1368683772161603e-13","0.0000000000000000e+00","6.4032105611555078e-11","6.4032105611555078e-11","6","6","6","0","6","0","0","0.473","logs_ipopt_simples_2/ex4_1_6_jump_ipopt_2.log"
"jump_2/ex4_1_7_jump.jl","ex4_1_7_jump","LOCALLY_SOLVED","FEASIBLE_POINT","FEASIBLE_POINT","Solve_Succeeded","-7.500000000000009","0.4760410785675049","2","1","3","5","-7.5000000000000089e+00","6.3843508163473112e-13","8.8817841970012523e-15","0.0000000000000000e+00","2.2629146541474832e-08","2.2629146541474832e-08","6","6","6","0","6","0","0","0.475","logs_ipopt_simples_2/ex4_1_7_jump_ipopt_2.log"
"jump_2/ex4_1_8_jump.jl","ex4_1_8_jump","LOCALLY_SOLVED","FEASIBLE_POINT","FEASIBLE_POINT","Solve_Succeeded","-16.738893200033036","0.486469030380249","3","2","6","6","-1.6738893200033036e+01","1.1574283998195439e-08","4.0375045529117415e-09","0.0000000000000000e+00","1.0297942057433189e-11","1.1574283998195439e-08","7","7","7","0","7","0","0","0.485","logs_ipopt_simples_2/ex4_1_8_jump_ipopt_2.log"
"jump_2/ex4_1_9_jump.jl","ex4_1_9_jump","LOCALLY_SOLVED","FEASIBLE_POINT","FEASIBLE_POINT","Solve_Succeeded","-5.508013281575265","0.5034627914428711","3","3","7","9","-5.5080132815752654e+00","1.0879730449886438e-10","8.8817841970012523e-16","0.0000000000000000e+00","1.0000044586986010e-11","1.0879730449886438e-10","10","10","10","10","10","10","0","0.502","logs_ipopt_simples_2/ex4_1_9_jump_ipopt_2.log"
"jump_2/ex5_2_2_case1_jump.jl","ex5_2_2_case1_jump","LOCALLY_SOLVED","FEASIBLE_POINT","FEASIBLE_POINT","Solve_Succeeded","-4.632798177051679e-7","0.012985944747924805","10","7","25","9","-4.6327981770516793e-07","6.6601297499567093e-09","1.6971846476444861e-09","9.9711138038096369e-09","9.9840744072044582e-10","6.6601297499567093e-09","10","10","10","10","10","10","0","0.004","logs_ipopt_simples_2/ex5_2_2_case1_jump_ipopt_2.log"
"jump_2/ex5_2_2_case2_jump.jl","ex5_2_2_case2_jump","LOCALLY_SOLVED","FEASIBLE_POINT","FEASIBLE_POINT","Solve_Succeeded","-4.697907375020684e-7","0.012953042984008789","10","7","25","9","-4.6979073750206840e-07","1.1593417385414897e-08","4.8528522068978721e-09","9.9151948420588459e-09","1.7454703986642571e-09","1.1593417385414897e-08","10","10","10","10","10","10","0","0.004","logs_ipopt_simples_2/ex5_2_2_case2_jump_ipopt_2.log"
"jump_2/ex5_2_2_case3_jump.jl","ex5_2_2_case3_jump","LOCALLY_SOLVED","FEASIBLE_POINT","FEASIBLE_POINT","Solve_Succeeded","-5.258601311314886e-6","0.015686988830566406","10","7","25","26","-5.2586013113148863e-06","7.9990456030372315e-08","1.3531351332387448e-19","9.9999804211080136e-09","1.0124224914144723e-11","7.9990456030372315e-08","27","27","27","27","27","27","0","0.007","logs_ipopt_simples_2/ex5_2_2_case3_jump_ipopt_2.log"
"jump_2/ex5_2_4_jump.jl","ex5_2_4_jump","LOCALLY_SOLVED","FEASIBLE_POINT","FEASIBLE_POINT","Solve_Succeeded","-450.0000065987539","0.014083147048950195","8","7","21","22","-4.5000000659875388e+02","3.6523672974908550e-11","2.2737367544323206e-13","9.9847550970311738e-09","5.7038183409123714e-09","5.7038183409123714e-09","23","23","23","23","23","23","0","0.005","logs_ipopt_simples_2/ex5_2_4_jump_ipopt_2.log"
"jump_2/ex5_2_5_jump.jl","ex5_2_5_jump","LOCALLY_SOLVED","FEASIBLE_POINT","FEASIBLE_POINT","Solve_Succeeded","-3500.000045470395","0.05526089668273926","33","20","84","178","-3.5000000454703950e+03","2.5933184599757908e-08","2.2737367544323206e-13","9.9999634231729240e-09","1.3912584535750340e-11","2.5933184599757908e-08","210","179","210","210","179","179","0","0.046","logs_ipopt_simples_2/ex5_2_5_jump_ipopt_2.log"
"jump_2/ex5_3_2_jump.jl","ex5_3_2_jump","LOCALLY_SOLVED","FEASIBLE_POINT","FEASIBLE_POINT","Solve_Succeeded","1.8641594589628525","0.5259568691253662","23","17","61","2771","1.8641594589628525e+00","3.4340919855733310e-09","2.3144510038605362e-14","9.9993454074472328e-09","1.6669957946111230e-10","3.4340919855733310e-09","2777","2772","2777","0","2773","0","0","0.517","logs_ipopt_simples_2/ex5_3_2_jump_ipopt_2.log"
"jump_2/ex5_3_3_jump.jl","ex5_3_3_jump","LOCALLY_SOLVED","FEASIBLE_POINT","FEASIBLE_POINT","Solve_Succeeded","3.2340182232322614","0.2062370777130127","63","54","178","555","3.2340182232322614e+00","1.6390385269213082e-09","8.6153306710912148e-14","8.5899799210360993e-09","2.6395771478606562e-11","1.6390385269213082e-09","1181","544","1181","0","571","0","0","0.197","logs_ipopt_simples_2/ex5_3_3_jump_ipopt_2.log"
"jump_2/ex5_4_2_jump.jl","ex5_4_2_jump","LOCALLY_SOLVED","FEASIBLE_POINT","FEASIBLE_POINT","Solve_Succeeded","7512.2300160558725","0.018018007278442383","9","7","23","26","7.5122300160558725e+03","5.6683280291736082e-10","5.9117155615240315e-10","9.9999872418266023e-06","1.0133570110212914e-11","5.9117155615240315e-10","27","27","27","27","27","27","0","0.009","logs_ipopt_simples_2/ex5_4_2_jump_ipopt_2.log"
"jump_2/ex5_4_3_jump.jl","ex5_4_3_jump","LOCALLY_SOLVED","FEASIBLE_POINT","FEASIBLE_POINT","Solve_Succeeded","4845.461995351305","0.497481107711792","17","14","46","37","4.8454619953513047e+03","5.7595738150911292e-13","1.7763568394002505e-15","1.5999981428649335e-07","1.0000064312836815e-11","1.0000064312836815e-11","46","38","46","0","39","0","0","0.497","logs_ipopt_simples_2/ex5_4_3_jump_ipopt_2.log"
"jump_2/ex5_4_4_jump.jl","ex5_4_4_jump","LOCALLY_SOLVED","FEASIBLE_POINT","FEASIBLE_POINT","Solve_Succeeded","11841.609155252618","0.5207901000976562","28","20","74","108","1.1841609155252618e+04","3.3310198885652675e-08","4.9351825074443983e-13","9.9995389746254659e-08","2.9926279658093430e-09","3.3310198885652675e-08","152","109","152","0","113","0","0","0.520","logs_ipopt_simples_2/ex5_4_4_jump_ipopt_2.log"
"jump_2/ex6_1_1_jump.jl","ex6_1_1_jump","LOCALLY_SOLVED","FEASIBLE_POINT","FEASIBLE_POINT","Solve_Succeeded","-0.02019831170399973","0.003122091293334961","9","7","19","7","-2.0198311703999730e-02","8.1815529369810848e-08","6.3180155551734174e-12","0.0000000000000000e+00","1.0000007388365367e-11","8.1815529369810848e-08","8","8","8","0","8","0","0","0.002","logs_ipopt_simples_2/ex6_1_1_jump_ipopt_2.log"
"jump_2/ex6_1_2_jump.jl","ex6_1_2_jump","LOCALLY_SOLVED","FEASIBLE_POINT","FEASIBLE_POINT","Solve_Succeeded","-0.02019831170399973","0.003280162811279297","9","7","19","7","-2.0198311703999730e-02","8.1815529369810848e-08","6.3180155551734174e-12","0.0000000000000000e+00","1.0000007388365367e-11","8.1815529369810848e-08","8","8","8","0","8","0","0","0.003","logs_ipopt_simples_2/ex6_1_2_jump_ipopt_2.log"
"jump_2/ex6_1_3_jump.jl","ex6_1_3_jump","LOCALLY_SOLVED","FEASIBLE_POINT","FEASIBLE_POINT","Solve_Succeeded","-0.3524978012019534","0.004338979721069336","13","10","28","10","-3.5249780120195340e-01","5.5265605259221275e-08","2.8033131371785203e-14","0.0000000000000000e+00","1.0000007612591405e-11","5.5265605259221275e-08","11","11","11","0","11","0","0","0.004","logs_ipopt_simples_2/ex6_1_3_jump_ipopt_2.log"
"jump_2/ex6_1_4_jump.jl","ex6_1_4_jump","LOCALLY_SOLVED","FEASIBLE_POINT","FEASIBLE_POINT","Solve_Succeeded","-0.29454128777853184","0.004446983337402344","7","5","14","11","-2.9454128777853184e-01","9.7935853441262774e-10","7.2164496600635175e-16","0.0000000000000000e+00","1.0000000003013220e-11","9.7935853441262774e-10","12","12","12","0","12","0","0","0.004","logs_ipopt_simples_2/ex6_1_4_jump_ipopt_2.log"
"jump_2/gtm_jump.jl","gtm_jump","LOCALLY_SOLVED","FEASIBLE_POINT","FEASIBLE_POINT","Solve_Succeeded","543.5650921361895","1.6954710483551025","64","25","124","2203","5.4356509213618949e+02","7.0781367592606703e-09","1.1368683772161603e-13","3.7286486342935632e-08","1.0000587537817246e-11","7.0781367592606703e-09","3127","2204","3127","3127","2204","2204","0","1.694","logs_ipopt_simples_2/gtm_jump_ipopt_2.log"
"jump_2/harker_jump.jl","harker_jump","LOCALLY_SOLVED","FEASIBLE_POINT","FEASIBLE_POINT","Solve_Succeeded","-914.9057209888222","0.765164852142334","21","8","28","616","-9.1490572098882217e+02","9.9720992234239536e-01","5.1067331696685869e-08","0.0000000000000000e+00","2.8469166888003502e-08","9.9720992234239536e-01","741","615","741","0","621","0","0","0.764","logs_ipopt_simples_2/harker_jump_ipopt_2.log"
"jump_2/haverly_jump.jl","haverly_jump","LOCALLY_SOLVED","FEASIBLE_POINT","FEASIBLE_POINT","Solve_Succeeded","-400.00000413891973","0.015900850296020508","13","10","24","27","-4.0000000413891973e+02","1.4037732072675654e-08","4.5474735088646412e-13","1.9999135929538170e-06","3.1408907011580057e-10","1.4037732072675654e-08","28","28","28","28","28","28","0","0.007","logs_ipopt_simples_2/haverly_jump_ipopt_2.log"
"jump_2/hhfair_jump.jl","hhfair_jump","LOCALLY_SOLVED","FEASIBLE_POINT","FEASIBLE_POINT","Solve_Succeeded","-87.15903760661956","0.48484301567077637","30","26","40","39","-8.7159037606619563e+01","6.5089381751288539e-08","1.9797674610799731e-09","0.0000000000000000e+00","3.0132610412631824e-10","6.5089381751288539e-08","55","40","55","55","40","40","0","0.484","logs_ipopt_simples_2/hhfair_jump_ipopt_2.log"
"jump_2/himmel16_jump.jl","himmel16_jump","LOCALLY_SOLVED","FEASIBLE_POINT","FEASIBLE_POINT","Solve_Succeeded","-0.6749814496518751","0.019958019256591797","19","22","25","27","-6.7498144965187512e-01","4.8450225567653327e-08","2.7519667100683876e-11","0.0000000000000000e+00","1.0027074429809915e-11","4.8450225567653327e-08","28","28","28","28","28","28","0","0.011","logs_ipopt_simples_2/himmel16_jump_ipopt_2.log"
"jump_2/house_jump.jl","house_jump","LOCALLY_SOLVED","FEASIBLE_POINT","FEASIBLE_POINT","Solve_Succeeded","-4500.0000452316035","0.018975019454956055","9","9","14","52","-4.5000000452316035e+03","3.9587371158944507e-09","2.2737367544323206e-13","2.9999993330420693e-05","1.0691214014217972e-11","3.9587371158944507e-09","53","53","53","53","53","53","0","0.010","logs_ipopt_simples_2/house_jump_ipopt_2.log"
"jump_2/immum_jump.jl","immum_jump","ITERATION_LIMIT","INFEASIBLE_POINT","UNKNOWN_RESULT_STATUS","Maximum_Iterations_Exceeded","-1.3762871275269371e13","1.2007169723510742","22","8","29","3000","-1.3762871275269371e+13","6.4124628684261795e+00","1.3762871275393273e+13","6.6206578059382340e-09","1.0590240274736076e-01","1.3762871275393273e+13","3338","31","3341","0","3002","0","0","1.192","logs_ipopt_simples_2/immum_jump_ipopt_2.log"
"jump_2/Ints100_jump.jl","Ints100_jump","LOCALLY_SOLVED","FEASIBLE_POINT","FEASIBLE_POINT","Solve_Succeeded","0.5545954025686685","0.5839748382568359","507","401","611","69","5.5459540256866846e-01","9.2016974073360062e-08","1.8579682237174211e-10","0.0000000000000000e+00","9.9999999999999994e-12","9.2016974073360062e-08","73","70","73","0","70","0","0","0.582","logs_ipopt_simples_2/Ints100_jump_ipopt_2.log"
"jump_2/Ints50_jump.jl","Ints50_jump","LOCALLY_SOLVED","FEASIBLE_POINT","FEASIBLE_POINT","Solve_Succeeded","0.5546687652510897","0.5526230335235596","257","201","311","60","5.5466876525108966e-01","9.2846620592789558e-08","4.1327608002461602e-11","0.0000000000000000e+00","9.9999999999999978e-12","9.2846620592789558e-08","61","61","61","0","61","0","0","0.551","logs_ipopt_simples_2/Ints50_jump_ipopt_2.log"
"jump_2/launch_jump.jl","launch_jump","LOCALLY_SOLVED","FEASIBLE_POINT","FEASIBLE_POINT","Solve_Succeeded","2257.7973301165234","0.5128500461578369","39","29","78","47","2.2577973301165234e+03","4.4254964558484517e-09","1.4551915228366852e-11","1.2499789647790749e-06","1.2573414512460442e-11","4.4254964558484517e-09","48","48","48","48","48","48","0","0.512","logs_ipopt_simples_2/launch_jump_ipopt_2.log"
"jump_2/least_jump.jl","least_jump","ITERATION_LIMIT","FEASIBLE_POINT","UNKNOWN_RESULT_STATUS","Maximum_Iterations_Exceeded","1.5938450720748944e7","0.9217288494110107","4","1","3","3000","1.5938450720748944e+07","1.0000000000000000e+00","2.9802322387695312e-08","0.0000000000000000e+00","1.0060387368907641e-11","1.0000000000000000e+00","3337","2759","4149","0","3005","0","0","0.921","logs_ipopt_simples_2/least_jump_ipopt_2.log"
"jump_2/linear_jump.jl","linear_jump","ITERATION_LIMIT","INFEASIBLE_POINT","UNKNOWN_RESULT_STATUS","Maximum_Iterations_Exceeded","92.95990344990953","1.6883270740509033","25","21","61","3000","9.2959903449909532e+01","1.6884928335121105e+00","9.8710277571539677e+00","0.0000000000000000e+00","8.8770670539744575e-03","9.8710277571539677e+00","4272","3001","4272","0","3001","0","0","1.687","logs_ipopt_simples_2/linear_jump_ipopt_2.log"
"jump_2/meanvar_jump.jl","meanvar_jump","LOCALLY_SOLVED","FEASIBLE_POINT","FEASIBLE_POINT","Solve_Succeeded","5.24339900721936","0.014770984649658203","9","3","18","15","5.2433990072193604e+00","3.5116352491509537e-08","6.6613381477509392e-16","9.9979049539702667e-09","9.9999999999999994e-12","3.5116352491509537e-08","16","16","16","0","16","0","0","0.006","logs_ipopt_simples_2/meanvar_jump_ipopt_2.log"
"jump_2/mhw4d_jump.jl","mhw4d_jump","LOCALLY_SOLVED","FEASIBLE_POINT","FEASIBLE_POINT","Solve_Succeeded","0.029310830705093195","0.4818241596221924","6","4","4","44","2.9310830705093195e-02","1.1928499819846561e-09","1.6230742444500734e-11","0.0000000000000000e+00","0.0000000000000000e+00","1.1928499819846561e-09","62","45","108","0","45","0","0","0.481","logs_ipopt_simples_2/mhw4d_jump_ipopt_2.log"
"jump_2/minlphi_jump.jl","minlphi_jump","LOCALLY_SOLVED","FEASIBLE_POINT","FEASIBLE_POINT","Solve_Succeeded","582.2361396424142","0.4960939884185791","65","80","150","27","5.8223613964241417e+02","1.4933602354716413e-08","1.7053025658242404e-13","9.5140376362273250e-09","6.7895333187580175e-08","6.7895333187580175e-08","45","28","45","45","28","28","0","0.495","logs_ipopt_simples_2/minlphi_jump_ipopt_2.log"
"jump_2/nemhaus_jump.jl","nemhaus_jump","LOCALLY_SOLVED","FEASIBLE_POINT","FEASIBLE_POINT","Solve_Succeeded","31.0","0.010070085525512695","6","6","11","2","3.1000000000000000e+01","2.2870594307278225e-14","0.0000000000000000e+00","0.0000000000000000e+00","0.0000000000000000e+00","2.2870594307278225e-14","3","3","3","0","3","0","0","0.001","logs_ipopt_simples_2/nemhaus_jump_ipopt_2.log"
"jump_2/otpop_jump.jl","otpop_jump","LOCALLY_SOLVED","FEASIBLE_POINT","FEASIBLE_POINT","Solve_Succeeded","-4.7691547589341565e-12","0.6069350242614746","104","77","136","194","-4.7691547589341565e-12","8.5731785814554386e-08","5.9117155615240335e-12","0.0000000000000000e+00","9.9999999999999994e-12","8.5731785814554386e-08","217","195","217","0","195","0","0","0.606","logs_ipopt_simples_2/otpop_jump_ipopt_2.log"
"jump_2/pindyck_jump.jl","pindyck_jump","LOCALLY_SOLVED","FEASIBLE_POINT","FEASIBLE_POINT","Solve_Succeeded","-1170.4862854361138","0.5008411407470703","117","97","197","56","-1.1704862854361138e+03","5.5385967479004705e-08","8.9386276158620603e-12","0.0000000000000000e+00","1.0000000000000001e-11","5.5385967479004705e-08","60","57","60","0","57","0","0","0.500","logs_ipopt_simples_2/pindyck_jump_ipopt_2.log"
"jump_2/pollut_jump.jl","pollut_jump","LOCALLY_SOLVED","FEASIBLE_POINT","FEASIBLE_POINT","Solve_Succeeded","-5.353268636799413e6","0.49692320823669434","43","9","89","73","-5.3532686367994128e+06","2.4354320782293826e-09","9.3132257461547852e-10","1.0000000474974513e-04","1.7480027840364857e-11","2.4354320782293826e-09","74","74","74","74","74","74","0","0.496","logs_ipopt_simples_2/pollut_jump_ipopt_2.log"
"jump_2/polygon25_jump.jl","polygon25_jump","LOCALLY_SOLVED","FEASIBLE_POINT","FEASIBLE_POINT","Solve_Succeeded","-0.7797400518021427","0.5646719932556152","51","325","423","40","-7.7974005180214268e-01","7.6248666283640354e-08","1.5407675135747922e-12","4.8661219498313812e-09","1.0000000000000001e-11","7.6248666283640354e-08","41","41","41","41","41","41","0","0.561","logs_ipopt_simples_2/polygon25_jump_ipopt_2.log"
"jump_2/polygon50_jump.jl","polygon50_jump","LOCALLY_SOLVED","FEASIBLE_POINT","FEASIBLE_POINT","Solve_Succeeded","-0.769720468056655","0.9028451442718506","101","1275","1473","47","-7.6972046805665495e-01","9.2909651191669190e-08","8.9306340100847592e-13","4.9221204889704495e-09","1.0000000079492856e-11","9.2909651191669190e-08","49","48","49","49","48","48","0","0.895","logs_ipopt_simples_2/polygon50_jump_ipopt_2.log"
"jump_2/prolog_jump_2.jl","prolog_jump_2","ITERATION_LIMIT","FEASIBLE_POINT","UNKNOWN_RESULT_STATUS","Maximum_Iterations_Exceeded","-3000.0","0.7851378917694092","1","0","0","3000","-3.0000000000000000e+03","1.0000000000000000e+00","0.0000000000000000e+00","0.0000000000000000e+00","0.0000000000000000e+00","1.0000000000000000e+00","3001","3001","0","0","0","0","0","0.784","logs_ipopt_simples_2/prolog_jump_2_ipopt_2.log"
"jump_2/qp3_jump.jl","qp3_jump","LOCALLY_SOLVED","FEASIBLE_POINT","FEASIBLE_POINT","Solve_Succeeded","0.0008093122789407407","0.5714199542999268","101","53","103","63","8.0931227894074070e-04","5.9795228633751871e-08","1.3878246425333418e-11","9.7673006925952353e-09","9.9999999999714794e-12","5.9795228633751871e-08","66","64","66","66","64","64","0","0.569","logs_ipopt_simples_2/qp3_jump_ipopt_2.log"
"jump_2/qp4_jump.jl","qp4_jump","LOCALLY_SOLVED","FEASIBLE_POINT","FEASIBLE_POINT","Solve_Succeeded","0.0008093122907262473","0.5227329730987549","80","32","82","26","8.0931229072624730e-04","7.2067364080725949e-08","1.8732245572403161e-12","9.7673009593784694e-09","9.9999999999832248e-12","7.2067364080725949e-08","27","27","27","27","27","27","0","0.521","logs_ipopt_simples_2/qp4_jump_ipopt_2.log"
"jump_2/qp5_jump.jl","qp5_jump","LOCALLY_SOLVED","FEASIBLE_POINT","FEASIBLE_POINT","Solve_Succeeded","0.4314540583734143","0.5112271308898926","109","32","140","14","4.3145405837341427e-01","6.9445052939031526e-15","1.3716033631646447e-16","9.9955647711942980e-09","6.5899267041190846e-10","6.5899267041190846e-10","15","15","15","15","15","15","0","0.510","logs_ipopt_simples_2/qp5_jump_ipopt_2.log"
"jump_2/ramsey_jump.jl","ramsey_jump","LOCALLY_SOLVED","FEASIBLE_POINT","FEASIBLE_POINT","Solve_Succeeded","-2.4874687338519705","0.5047311782836914","34","23","66","19","-2.4874687338519705e+00","1.9547643947959159e-08","9.5523589038748469e-13","9.7974350091178941e-09","1.0006085982908360e-11","1.9547643947959159e-08","21","20","21","21","20","20","0","0.504","logs_ipopt_simples_2/ramsey_jump_ipopt_2.log"
"jump_2/rbrock_jump.jl","rbrock_jump","LOCALLY_SOLVED","FEASIBLE_POINT","FEASIBLE_POINT","Solve_Succeeded","-8.236199157971739e-15","0.5207879543304443","3","1","5","51","-8.2361991579717386e-15","1.8625141987574947e-11","8.2361993385979852e-15","0.0000000000000000e+00","1.0000000000000001e-11","1.8625141987574947e-11","52","52","56","0","52","0","0","0.520","logs_ipopt_simples_2/rbrock_jump_ipopt_2.log"
"jump_2/srcpm_jump.jl","srcpm_jump","LOCALLY_SOLVED","FEASIBLE_POINT","FEASIBLE_POINT","Solve_Succeeded","2109.781825701738","0.027709007263183594","40","28","75","55","2.1097818257017379e+03","3.2357443955698969e-09","0.0000000000000000e+00","1.6199642871583819e-07","1.0001943071239949e-11","3.2357443955698969e-09","58","56","58","58","56","56","0","0.027","logs_ipopt_simples_2/srcpm_jump_ipopt_2.log"
"jump_2/turkey_jump.jl","turkey_jump","ITERATION_LIMIT","INFEASIBLE_POINT","UNKNOWN_RESULT_STATUS","Maximum_Iterations_Exceeded","-29329.974286606248","7.153517961502075","519","288","763","3000","-2.9329974286606248e+04","1.8650291568156278e-02","1.5240907305269502e-04","9.9992412287974730e-05","3.8231236047512170e-10","1.8650291568156278e-02","3242","2995","3242","3242","3005","3005","0","7.152","logs_ipopt_simples_2/turkey_jump_ipopt_2.log"
"jump_2/wall_jump.jl","wall_jump","LOCALLY_SOLVED","FEASIBLE_POINT","FEASIBLE_POINT","Solve_Succeeded","1.0000046575934247","0.0013349056243896484","6","6","6","2","1.0000046575934247e+00","4.3871764116103416e-14","1.8619150665699635e-10","0.0000000000000000e+00","0.0000000000000000e+00","1.8619150665699635e-10","3","3","3","0","3","0","0","0.001","logs_ipopt_simples_2/wall_jump_ipopt_2.log"
"jump_2/water_jump.jl","water_jump","LOCALLY_SOLVED","FEASIBLE_POINT","FEASIBLE_POINT","Solve_Succeeded","1217.556639543831","0.23540616035461426","42","26","66","620","1.2175566395438309e+03","2.0978415099604940e-09","2.6564350719127106e-10","1.6579948436401537e-07","1.0008963199231031e-11","2.0978415099604940e-09","859","621","859","0","621","0","0","0.235","logs_ipopt_simples_2/water_jump_ipopt_2.log"
"jump_2/abel_jump.jl","abel_jump","ALMOST_LOCALLY_SOLVED","NEARLY_FEASIBLE_POINT","NEARLY_FEASIBLE_POINT","Solved_To_Acceptable_Level","225.19458318594297","0.023874998092651367","30","14","16","36","2.2519458318594297e+02","1.5999200797534030e-07","6.3948846218409017e-14","0.0000000000000000e+00","0.0000000000000000e+00","1.5999200797534030e-07","359","39","359","0","1","0","0","0.014","logs_ipopt_simples_2/abel_jump_ipopt_2.log"
"jump_2/alkyl_jump.jl","alkyl_jump","LOCALLY_SOLVED","FEASIBLE_POINT","FEASIBLE_POINT","Solve_Succeeded","-1.7650001898924756","0.5240278244018555","14","7","35","13","-1.7650001898924756e+00","1.4460156049747656e-08","1.0338396805309458e-12","1.9988690702632539e-08","1.2987141079797037e-11","1.4460156049747656e-08","14","14","14","0","14","0","0","0.523","logs_ipopt_simples_2/alkyl_jump_ipopt_2.log"
"jump_2/camshape100_jump.jl","camshape100_jump","LOCALLY_SOLVED","FEASIBLE_POINT","FEASIBLE_POINT","Solve_Succeeded","-4.284199802584951","0.02589702606201172","200","201","597","34","-4.2841998025849506e+00","2.1790876757344645e-08","8.8817841970012523e-16","1.9682908636298180e-08","1.0050403505609673e-11","2.1790876757344645e-08","35","35","35","35","35","35","0","0.016","logs_ipopt_simples_2/camshape100_jump_ipopt_2.log"
"jump_2/camshape200_jump.jl","camshape200_jump","LOCALLY_SOLVED","FEASIBLE_POINT","FEASIBLE_POINT","Solve_Succeeded","-4.278705712059962","0.044409990310668945","400","401","1197","49","-4.2787057120599616e+00","4.3870778634039364e-10","1.7763568394002505e-15","1.9363385117543430e-08","1.0000967471731428e-11","4.3870778634039364e-10","53","49","53","53","51","51","0","0.035","logs_ipopt_simples_2/camshape200_jump_ipopt_2.log"
"jump_2/catmix100_jump.jl","catmix100_jump","LOCALLY_SOLVED","FEASIBLE_POINT","FEASIBLE_POINT","Solve_Succeeded","-0.04806939095033431","0.06255602836608887","304","201","405","54","-4.8069390950334308e-02","9.5730554451158384e-08","9.9590911472463572e-11","0.0000000000000000e+00","1.8488961994445215e-11","9.5730554451158384e-08","64","55","64","0","55","0","0","0.053","logs_ipopt_simples_2/catmix100_jump_ipopt_2.log"
"jump_2/catmix200_jump.jl","catmix200_jump","LOCALLY_SOLVED","FEASIBLE_POINT","FEASIBLE_POINT","Solve_Succeeded","-0.048058902211540765","0.18994402885437012","604","401","805","118","-4.8058902211540765e-02","9.1025342670565947e-08","1.9743942372848176e-08","0.0000000000000000e+00","3.2173393322051317e-09","9.1025342670565947e-08","146","119","146","0","119","0","0","0.180","logs_ipopt_simples_2/catmix200_jump_ipopt_2.log"
"jump_2/chain100_jump.jl","chain100_jump","LOCALLY_SOLVED","FEASIBLE_POINT","FEASIBLE_POINT","Solve_Succeeded","5.069784610685977","0.594635009765625","203","102","104","156","5.0697846106859767e+00","4.1773822404179853e-08","2.1263195648657529e-09","0.0000000000000000e+00","0.0000000000000000e+00","4.1773822404179853e-08","357","157","404","0","157","0","0","0.593","logs_ipopt_simples_2/chain100_jump_ipopt_2.log"
"jump_2/chain200_jump.jl","chain200_jump","ITERATION_LIMIT","INFEASIBLE_POINT","UNKNOWN_RESULT_STATUS","Maximum_Iterations_Exceeded","374021.97223490046","2.7175159454345703","403","202","204","3000","3.7402197223490046e+05","3.9644409098056667e+02","3.1539293060284504e+03","0.0000000000000000e+00","0.0000000000000000e+00","3.1539293060284504e+03","7110","1692","7812","0","3005","0","0","2.716","logs_ipopt_simples_2/chain200_jump_ipopt_2.log"
"jump_2/chain400_jump.jl","chain400_jump","ITERATION_LIMIT","INFEASIBLE_POINT","UNKNOWN_RESULT_STATUS","Maximum_Iterations_Exceeded","-709906.6355512593","6.3604700565338135","803","402","404","3000","-7.0990663555125927e+05","4.4079953691108805e+01","2.2692955602369388e+04","0.0000000000000000e+00","0.0000000000000000e+00","2.2692955602369388e+04","12492","507","14747","0","3005","0","0","6.359","logs_ipopt_simples_2/chain400_jump_ipopt_2.log"
"jump_2/chain50_jump.jl","chain50_jump","ITERATION_LIMIT","INFEASIBLE_POINT","UNKNOWN_RESULT_STATUS","Maximum_Iterations_Exceeded","-149657.23240469943","2.3974010944366455","103","52","54","3000","-1.4965723240469943e+05","6.9218614178323065e+01","1.2777185498132696e+05","0.0000000000000000e+00","0.0000000000000000e+00","1.2777185498132696e+05","9710","50","9963","0","3005","0","0","2.396","logs_ipopt_simples_2/chain50_jump_ipopt_2.log"
"jump_2/chakra_jump.jl","chakra_jump","LOCALLY_SOLVED","FEASIBLE_POINT","FEASIBLE_POINT","Solve_Succeeded","-179.13355786500185","0.5468909740447998","63","42","104","119","-1.7913355786500185e+02","7.5870787044407595e-08","1.6692069948476274e-10","0.0000000000000000e+00","9.9999999999999994e-12","7.5870787044407595e-08","128","120","128","0","120","0","0","0.546","logs_ipopt_simples_2/chakra_jump_ipopt_2.log"
"jump_2/chance_jump.jl","chance_jump","LOCALLY_SOLVED","FEASIBLE_POINT","FEASIBLE_POINT","Solve_Succeeded","29.89437812369626","0.503004789352417","5","4","8","5","2.9894378123696260e+01","9.8122966418756619e-09","1.7763568394002505e-15","9.9954145556248117e-09","6.4179784058428067e-11","9.8122966418756619e-09","6","6","6","6","6","6","0","0.502","logs_ipopt_simples_2/chance_jump_ipopt_2.log"
"jump_2/chem_jump.jl","chem_jump","LOCALLY_SOLVED","FEASIBLE_POINT","FEASIBLE_POINT","Solve_Succeeded","-47.70651483454083","0.49782800674438477","12","5","16","41","-4.7706514834540833e+01","7.6310990844341240e-08","7.1054273576010019e-15","9.9730737836926237e-09","1.0000000011793033e-11","7.6310990844341240e-08","42","42","42","0","42","0","0","0.497","logs_ipopt_simples_2/chem_jump_ipopt_2.log"
"jump_2/chenery_jump.jl","chenery_jump","LOCALLY_SOLVED","FEASIBLE_POINT","FEASIBLE_POINT","Solve_Succeeded","-1058.9198560087732","0.5689330101013184","45","39","120","402","-1.0589198560087732e+03","7.0762800460091903e-10","5.6843418860808015e-14","3.9997535949964913e-08","1.0002493513420434e-11","7.0762800460091903e-10","403","403","403","403","403","403","0","0.568","logs_ipopt_simples_2/chenery_jump_ipopt_2.log"
"jump_2/demo7_jump.jl","demo7_jump","ITERATION_LIMIT","NEARLY_FEASIBLE_POINT","UNKNOWN_RESULT_STATUS","Maximum_Iterations_Exceeded","-754.134378405243","1.2534151077270508","72","58","124","3000","-7.5413437840524296e+02","3.2894346786368145e-01","1.2321292186830632e-07","9.9998906218632108e-09","1.0000000000061235e-11","3.2894346786368145e-01","3001","3001","3001","3001","3001","3001","0","1.243","logs_ipopt_simples_2/demo7_jump_ipopt_2.log"
"jump_2/dispatch_jump.jl","dispatch_jump","LOCALLY_SOLVED","FEASIBLE_POINT","FEASIBLE_POINT","Solve_Succeeded","3155.2878994181838","0.01260995864868164","5","3","9","8","3.1552878994181838e+03","6.6672978288957647e-11","9.5610630523879081e-11","4.9989659345328619e-07","1.0562822892880375e-11","9.5610630523879081e-11","9","9","9","9","9","9","0","0.003","logs_ipopt_simples_2/dispatch_jump_ipopt_2.log"
"jump_2/elec25_jump.jl","elec25_jump","ITERATION_LIMIT","INFEASIBLE_POINT","UNKNOWN_RESULT_STATUS","Maximum_Iterations_Exceeded","78.09547533528836","2.7834229469299316","76","26","26","3000","7.8095475335288356e+01","3.9301539677701200e+01","4.9537539514946062e+01","0.0000000000000000e+00","0.0000000000000000e+00","4.9537539514946062e+01","10234","2956","10251","0","3004","0","0","2.779","logs_ipopt_simples_2/elec25_jump_ipopt_2.log"
"jump_2/elec50_jump.jl","elec50_jump","ITERATION_LIMIT","INFEASIBLE_POINT","UNKNOWN_RESULT_STATUS","Maximum_Iterations_Exceeded","188.11918346216552","5.854595899581909","151","51","51","3000","1.8811918346216552e+02","4.9439189122129226e+08","1.9638331701317171e+02","0.0000000000000000e+00","0.0000000000000000e+00","4.9439189122129226e+08","12304","2905","12594","0","3005","0","0","5.802","logs_ipopt_simples_2/elec50_jump_ipopt_2.log"
"jump_2/etamac_jump.jl","etamac_jump","LOCALLY_SOLVED","FEASIBLE_POINT","FEASIBLE_POINT","Solve_Succeeded","-15.294675646687072","0.6950929164886475","98","71","159","338","-1.5294675646687072e+01","9.9717174885098517e-08","1.3345768934414082e-11","0.0000000000000000e+00","1.0000000000000001e-11","9.9717174885098517e-08","359","339","359","359","339","339","0","0.694","logs_ipopt_simples_2/etamac_jump_ipopt_2.log"
"jump_2/ex14_1_2_jump.jl","ex14_1_2_jump","LOCALLY_SOLVED","FEASIBLE_POINT","FEASIBLE_POINT","Solve_Succeeded","-9.908511058957582e-9","0.6473329067230225","7","10","20","21","-9.9085110589575819e-09","1.3812306853822065e-09","2.4347961289834172e-09","0.0000000000000000e+00","2.0392895059195850e-11","2.4347961289834172e-09","22","22","22","22","22","22","0","0.646","logs_ipopt_simples_2/ex14_1_2_jump_ipopt_2.log"
"jump_2/ex14_1_3_jump.jl","ex14_1_3_jump","LOCALLY_SOLVED","FEASIBLE_POINT","FEASIBLE_POINT","Solve_Succeeded","0.9133678091903433","0.48992013931274414","4","5","9","13","9.1336780919034333e-01","1.4600521244757587e-08","0.0000000000000000e+00","9.9997057635171915e-09","1.0000002170494853e-11","1.4600521244757587e-08","14","14","14","14","14","14","0","0.489","logs_ipopt_simples_2/ex14_1_3_jump_ipopt_2.log"
"jump_2/ex_14_1_4_jump.jl","ex_14_1_4_jump","LOCALLY_SOLVED","FEASIBLE_POINT","FEASIBLE_POINT","Solve_Succeeded","-9.960000273374098e-9","0.4921760559082031","4","5","9","10","-9.9600002733740979e-09","1.6731663651313384e-10","0.0000000000000000e+00","0.0000000000000000e+00","1.2431938678449763e-11","1.6731663651313384e-10","11","11","11","11","11","11","0","0.491","logs_ipopt_simples_2/ex_14_1_4_jump_ipopt_2.log"
"jump_2/ex_14_1_5_jump.jl","ex_14_1_5_jump","LOCALLY_SOLVED","FEASIBLE_POINT","FEASIBLE_POINT","Solve_Succeeded","-9.971850971999176e-9","0.5010929107666016","7","7","17","5","-9.9718509719991756e-09","7.9692879907062465e-14","8.8817841970012523e-16","0.0000000000000000e+00","1.4585877032726732e-11","1.4585877032726732e-11","6","6","6","6","6","6","0","0.500","logs_ipopt_simples_2/ex_14_1_5_jump_ipopt_2.log"
"jump_2/ex_14_1_6_jump.jl","ex_14_1_6_jump","LOCALLY_SOLVED","FEASIBLE_POINT","FEASIBLE_POINT","Solve_Succeeded","0.9999999900099402","0.013255119323730469","10","16","32","9","9.9999999000994022e-01","2.7891983058576006e-10","5.5511151231257827e-17","0.0000000000000000e+00","1.0022117810048992e-11","2.7891983058576006e-10","10","10","10","10","10","10","0","0.003","logs_ipopt_simples_2/ex_14_1_6_jump_ipopt_2.log"
"jump_2/ex_14_1_7_jump.jl","ex_14_1_7_jump","LOCALLY_SOLVED","FEASIBLE_POINT","FEASIBLE_POINT","Solve_Succeeded","0.1349902026351355","0.504080057144165","11","18","36","84","1.3499020263513550e-01","2.5786223005279887e-12","4.4408920985006262e-16","9.3139031833205966e-09","1.0000000345145934e-11","1.0000000345145934e-11","86","85","86","86","85","85","0","0.503","logs_ipopt_simples_2/ex_14_1_7_jump_ipopt_2.log"
"jump_2/ex14_1_8_jump.jl","ex14_1_8_jump","LOCALLY_SOLVED","FEASIBLE_POINT","FEASIBLE_POINT","Solve_Succeeded","0.04141587585453707","0.48941993713378906","4","5","9","10","4.1415875854537071e-02","4.3145900851223276e-10","0.0000000000000000e+00","0.0000000000000000e+00","1.0000000085651170e-11","4.3145900851223276e-10","11","11","11","11","11","11","0","0.488","logs_ipopt_simples_2/ex14_1_8_jump_ipopt_2.log"
"jump_2/ex14_1_9_jump.jl","ex14_1_9_jump","LOCALLY_SOLVED","FEASIBLE_POINT","FEASIBLE_POINT","Solve_Succeeded","-9.980605902862727e-9","0.48311305046081543","3","3","5","10","-9.9806059028627268e-09","2.0416037094213358e-10","0.0000000000000000e+00","0.0000000000000000e+00","1.0062722660519632e-11","2.0416037094213358e-10","11","11","11","11","11","11","0","0.482","logs_ipopt_simples_2/ex14_1_9_jump_ipopt_2.log"
"jump_2/ex2_1_1_jump.jl","ex2_1_1_jump","LOCALLY_SOLVED","FEASIBLE_POINT","FEASIBLE_POINT","Solve_Succeeded","-17.00000259495077","0.013644933700561523","6","2","12","25","-1.7000002594950772e+01","6.1486652103148742e-08","5.4737784350273569e-14","9.9998302971471276e-09","1.0000058332036556e-11","6.1486652103148742e-08","26","26","26","26","26","26","0","0.004","logs_ipopt_simples_2/ex2_1_1_jump_ipopt_2.log"
"jump_2/ex2_1_2_jump.jl","ex2_1_2_jump","LOCALLY_SOLVED","FEASIBLE_POINT","FEASIBLE_POINT","Solve_Succeeded","-213.00000400494","0.016550064086914062","7","3","14","36","-2.1300000400494000e+02","8.7564977491183527e-10","5.0182080713057076e-14","9.9998963742784287e-09","1.0000000050726093e-11","8.7564977491183527e-10","39","37","39","39","37","37","0","0.007","logs_ipopt_simples_2/ex2_1_2_jump_ipopt_2.log"
"jump_2/ex2_1_3_jump.jl","ex2_1_3_jump","LOCALLY_SOLVED","FEASIBLE_POINT","FEASIBLE_POINT","Solve_Succeeded","-15.000000232442833","0.013422012329101562","14","10","33","14","-1.5000000232442833e+01","6.5635507695560591e-08","1.7763568394002505e-15","8.6758953354859614e-09","2.0760325151559436e-08","6.5635507695560591e-08","15","15","15","15","15","15","0","0.004","logs_ipopt_simples_2/ex2_1_3_jump_ipopt_2.log"
"jump_2/ex2_1_4_jump.jl","ex2_1_4_jump","LOCALLY_SOLVED","FEASIBLE_POINT","FEASIBLE_POINT","Solve_Succeeded","-11.00000021494","0.013895988464355469","7","6","16","17","-1.1000000214940000e+01","1.0135170480651823e-09","4.9985715379261022e-17","9.9985714358863307e-09","1.0000111846558038e-11","1.0135170480651823e-09","18","18","18","18","18","18","0","0.004","logs_ipopt_simples_2/ex2_1_4_jump_ipopt_2.log"
"jump_2/ex2_1_6_jump.jl","ex2_1_6_jump","LOCALLY_SOLVED","FEASIBLE_POINT","FEASIBLE_POINT","Solve_Succeeded","-39.00000525989999","0.01833486557006836","11","6","26","49","-3.9000005259899993e+01","1.0247580561895120e-11","2.1316282072803006e-14","9.9998305191917325e-09","1.0001999410807276e-11","1.0247580561895120e-11","50","50","50","50","50","50","0","0.008","logs_ipopt_simples_2/ex2_1_6_jump_ipopt_2.log"
"jump_2/ex2_1_7_jump.jl","ex2_1_7_jump","LOCALLY_SOLVED","FEASIBLE_POINT","FEASIBLE_POINT","Solve_Succeeded","-3802.2656618450014","0.029407978057861328","21","11","31","79","-3.8022656618450014e+03","7.8402395686794080e-11","0.0000000000000000e+00","9.9999736863770236e-09","1.0361362557179902e-11","7.8402395686794080e-11","80","80","80","80","80","80","0","0.020","logs_ipopt_simples_2/ex2_1_7_jump_ipopt_2.log"
"jump_2/ex2_1_8_jump.jl","ex2_1_8_jump","LOCALLY_SOLVED","FEASIBLE_POINT","FEASIBLE_POINT","Solve_Succeeded","15638.999890940137","0.46584200859069824","25","11","59","2992","1.5638999890940137e+04","3.4266695925211366e-08","6.1378892406725997e-12","9.9999928673307081e-09","1.0000003109092913e-11","3.4266695925211366e-08","2993","2993","2993","0","2993","0","0","0.457","logs_ipopt_simples_2/ex2_1_8_jump_ipopt_2.log"
"jump_2/ex2_1_9_jump.jl","ex2_1_9_jump","LOCALLY_SOLVED","FEASIBLE_POINT","FEASIBLE_POINT","Solve_Succeeded","-0.37500002744008687","0.012439966201782227","11","2","12","7","-3.7500002744008687e-01","2.9715061522495034e-09","8.5608623764708006e-14","9.9866666678564430e-09","1.0000000218935115e-11","2.9715061522495034e-09","8","8","8","0","8","0","0","0.002","logs_ipopt_simples_2/ex2_1_9_jump_ipopt_2.log"
"jump_2/ex3_1_1_jump.jl","ex3_1_1_jump","LOCALLY_SOLVED","FEASIBLE_POINT","FEASIBLE_POINT","Solve_Succeeded","7049.247895834138","0.013763904571533203","9","7","23","9","7.0492478958341380e+03","3.5802974467600119e-09","0.0000000000000000e+00","0.0000000000000000e+00","1.0413018623537774e-11","3.5802974467600119e-09","10","10","10","10","10","10","0","0.004","logs_ipopt_simples_2/ex3_1_1_jump_ipopt_2.log"
"jump_2/ex3_1_2_jump.jl","ex3_1_2_jump","LOCALLY_SOLVED","FEASIBLE_POINT","FEASIBLE_POINT","Solve_Succeeded","-30665.53886324197","0.017719030380249023","6","7","17","27","-3.0665538863241971e+04","4.3025916244200933e-11","0.0000000000000000e+00","7.7999986558552337e-07","1.0000002229534394e-11","4.3025916244200933e-11","33","28","33","33","28","28","0","0.007","logs_ipopt_simples_2/ex3_1_2_jump_ipopt_2.log"
"jump_2/ex3_1_3_jump.jl","ex3_1_3_jump","LOCALLY_SOLVED","FEASIBLE_POINT","FEASIBLE_POINT","Solve_Succeeded","-172.00000323997298","0.020420074462890625","7","7","17","58","-1.7200000323997298e+02","4.4398484888574785e-10","1.1368683772161603e-13","9.9999557079399892e-08","1.0007399383915635e-11","4.4398484888574785e-10","61","59","61","61","59","59","0","0.011","logs_ipopt_simples_2/ex3_1_3_jump_ipopt_2.log"
"jump_2/ex3_1_4_jump.jl","ex3_1_4_jump","LOCALLY_SOLVED","FEASIBLE_POINT","FEASIBLE_POINT","Solve_Succeeded","-4.000000169970018","0.012670040130615234","4","4","9","15","-4.0000001699700176e+00","8.3646423121308544e-12","0.0000000000000000e+00","2.9993333150457602e-08","1.0000002727027622e-11","1.0000002727027622e-11","16","16","16","16","16","16","0","0.003","logs_ipopt_simples_2/ex3_1_4_jump_ipopt_2.log"
"jump_2/ex4_1_1_jump.jl","ex4_1_1_jump","LOCALLY_SOLVED","FEASIBLE_POINT","FEASIBLE_POINT","Solve_Succeeded","-7.487312364902382","0.4882528781890869","2","1","3","22","-7.4873123649023823e+00","7.0539379887942313e-10","1.6348034037605430e-14","0.0000000000000000e+00","9.9999999999999994e-12","7.0539379887942313e-10","36","23","36","0","23","0","0","0.487","logs_ipopt_simples_2/ex4_1_1_jump_ipopt_2.log"
"jump_2/ex4_1_2_jump.jl","ex4_1_2_jump","LOCALLY_SOLVED","FEASIBLE_POINT","FEASIBLE_POINT","Solve_Succeeded","-663.5000966105","0.4941370487213135","2","1","3","20","-6.6350009661050001e+02","2.7161482989974863e-09","0.0000000000000000e+00","0.0000000000000000e+00","1.0000000000000003e-11","2.7161482989974863e-09","21","21","21","0","21","0","0","0.493","logs_ipopt_simples_2/ex4_1_2_jump_ipopt_2.log"
"jump_2/ex4_1_3_jump.jl","ex4_1_3_jump","LOCALLY_SOLVED","FEASIBLE_POINT","FEASIBLE_POINT","Solve_Succeeded","-3.877684281339735e-7","0.48634791374206543","2","1","3","12","-3.8776842813397351e-07","2.5571616021579388e-09","8.2866065577401733e-13","0.0000000000000000e+00","1.0002382564241079e-11","2.5571616021579388e-09","13","13","13","0","13","0","0","0.485","logs_ipopt_simples_2/ex4_1_3_jump_ipopt_2.log"
"jump_2/ex4_1_5_jump.jl","ex4_1_5_jump","LOCALLY_SOLVED","FEASIBLE_POINT","FEASIBLE_POINT","Solve_Succeeded","-2.0475743680129815e-12","0.4730970859527588","3","1","3","6","-2.0475743680129815e-12","1.8107266934070357e-08","2.0476287524251683e-12","0.0000000000000000e+00","1.0049550613827010e-11","1.8107266934070357e-08","7","7","7","0","7","0","0","0.472","logs_ipopt_simples_2/ex4_1_5_jump_ipopt_2.log"
"jump_2/ex4_1_6_jump.jl","ex4_1_6_jump","LOCALLY_SOLVED","FEASIBLE_POINT","FEASIBLE_POINT","Solve_Succeeded","7.00000000000001","0.47165822982788086","2","1","3","5","7.0000000000000098e+00","2.1342603960028595e-11","8.5265128291212022e-14","0.0000000000000000e+00","6.4032105613249131e-11","6.4032105613249131e-11","6","6","6","0","6","0","0","0.471","logs_ipopt_simples_2/ex4_1_6_jump_ipopt_2.log"
"jump_2/ex4_1_7_jump.jl","ex4_1_7_jump","LOCALLY_SOLVED","FEASIBLE_POINT","FEASIBLE_POINT","Solve_Succeeded","-7.500000000000009","0.4741079807281494","2","1","3","5","-7.5000000000000089e+00","6.3843508163473112e-13","8.8817841970012523e-15","0.0000000000000000e+00","2.2629146541474832e-08","2.2629146541474832e-08","6","6","6","0","6","0","0","0.473","logs_ipopt_simples_2/ex4_1_7_jump_ipopt_2.log"
"jump_2/ex4_1_8_jump.jl","ex4_1_8_jump","LOCALLY_SOLVED","FEASIBLE_POINT","FEASIBLE_POINT","Solve_Succeeded","-16.738893200033036","0.4777810573577881","3","2","6","6","-1.6738893200033036e+01","1.1574283998195437e-08","4.0375072174470006e-09","0.0000000000000000e+00","1.0297942057434457e-11","1.1574283998195437e-08","7","7","7","0","7","0","0","0.477","logs_ipopt_simples_2/ex4_1_8_jump_ipopt_2.log"
"jump_2/ex4_1_9_jump.jl","ex4_1_9_jump","LOCALLY_SOLVED","FEASIBLE_POINT","FEASIBLE_POINT","Solve_Succeeded","-5.508013281575269","0.4753410816192627","3","3","7","9","-5.5080132815752689e+00","1.0881140433127712e-10","8.8817841970012523e-16","0.0000000000000000e+00","1.0000044586992678e-11","1.0881140433127712e-10","10","10","10","10","10","10","0","0.474","logs_ipopt_simples_2/ex4_1_9_jump_ipopt_2.log"
"jump_2/ex5_2_2_case1_jump.jl","ex5_2_2_case1_jump","LOCALLY_SOLVED","FEASIBLE_POINT","FEASIBLE_POINT","Solve_Succeeded","-4.632798177051679e-7","0.012985944747924805","10","7","25","9","-4.6327981770516793e-07","6.6601297499567093e-09","1.6971846476444861e-09","9.9711138038096369e-09","9.9840744072044582e-10","6.6601297499567093e-09","10","10","10","10","10","10","0","0.004","logs_ipopt_simples_2/ex5_2_2_case1_jump_ipopt_2.log"
"jump_2/ex5_2_2_case2_jump.jl","ex5_2_2_case2_jump","LOCALLY_SOLVED","FEASIBLE_POINT","FEASIBLE_POINT","Solve_Succeeded","-4.697907375020684e-7","0.013178110122680664","10","7","25","9","-4.6979073750206840e-07","1.1593417385414897e-08","4.8528522068978721e-09","9.9151948420588459e-09","1.7454703986642571e-09","1.1593417385414897e-08","10","10","10","10","10","10","0","0.004","logs_ipopt_simples_2/ex5_2_2_case2_jump_ipopt_2.log"
"jump_2/ex5_2_2_case3_jump.jl","ex5_2_2_case3_jump","LOCALLY_SOLVED","FEASIBLE_POINT","FEASIBLE_POINT","Solve_Succeeded","-5.258601311314886e-6","0.017082929611206055","10","7","25","26","-5.2586013113148863e-06","7.9990456030372315e-08","1.3531351332387448e-19","9.9999804211080136e-09","1.0124224914144723e-11","7.9990456030372315e-08","27","27","27","27","27","27","0","0.008","logs_ipopt_simples_2/ex5_2_2_case3_jump_ipopt_2.log"
"jump_2/ex5_2_4_jump.jl","ex5_2_4_jump","LOCALLY_SOLVED","FEASIBLE_POINT","FEASIBLE_POINT","Solve_Succeeded","-450.0000065987539","0.013975858688354492","8","7","21","22","-4.5000000659875388e+02","3.6523672974908550e-11","2.2737367544323206e-13","9.9847550970311738e-09","5.7038183409123714e-09","5.7038183409123714e-09","23","23","23","23","23","23","0","0.005","logs_ipopt_simples_2/ex5_2_4_jump_ipopt_2.log"
"jump_2/ex5_2_5_jump.jl","ex5_2_5_jump","LOCALLY_SOLVED","FEASIBLE_POINT","FEASIBLE_POINT","Solve_Succeeded","-3500.000045470395","0.05475807189941406","33","20","84","178","-3.5000000454703950e+03","2.5933184599757908e-08","2.2737367544323206e-13","9.9999634231729240e-09","1.3912584535750340e-11","2.5933184599757908e-08","210","179","210","210","179","179","0","0.046","logs_ipopt_simples_2/ex5_2_5_jump_ipopt_2.log"
"jump_2/ex5_3_2_jump.jl","ex5_3_2_jump","LOCALLY_SOLVED","FEASIBLE_POINT","FEASIBLE_POINT","Solve_Succeeded","1.8641594589628525","0.5375761985778809","23","17","61","2771","1.8641594589628525e+00","3.4340919855733310e-09","2.3144510038605362e-14","9.9993454074472328e-09","1.6669957946111230e-10","3.4340919855733310e-09","2777","2772","2777","0","2773","0","0","0.528","logs_ipopt_simples_2/ex5_3_2_jump_ipopt_2.log"
"jump_2/ex5_3_3_jump.jl","ex5_3_3_jump","LOCALLY_SOLVED","FEASIBLE_POINT","FEASIBLE_POINT","Solve_Succeeded","3.2340182232322614","0.20841097831726074","63","54","178","555","3.2340182232322614e+00","1.6390385269213082e-09","8.6153306710912148e-14","8.5899799210360993e-09","2.6395771478606562e-11","1.6390385269213082e-09","1181","544","1181","0","571","0","0","0.199","logs_ipopt_simples_2/ex5_3_3_jump_ipopt_2.log"
"jump_2/ex5_4_2_jump.jl","ex5_4_2_jump","LOCALLY_SOLVED","FEASIBLE_POINT","FEASIBLE_POINT","Solve_Succeeded","7512.2300160558725","0.0171968936920166","9","7","23","26","7.5122300160558725e+03","5.6683280291736082e-10","5.9117155615240315e-10","9.9999872418266023e-06","1.0133570110212914e-11","5.9117155615240315e-10","27","27","27","27","27","27","0","0.008","logs_ipopt_simples_2/ex5_4_2_jump_ipopt_2.log"
"jump_2/ex5_4_3_jump.jl","ex5_4_3_jump","LOCALLY_SOLVED","FEASIBLE_POINT","FEASIBLE_POINT","Solve_Succeeded","4845.461995448406","0.5003869533538818","17","14","46","35","4.8454619954484060e+03","4.1461990952704458e-08","2.2737367544323206e-13","1.5813640175110777e-07","9.6051507579036147e-08","9.6051507579036147e-08","44","36","44","0","37","0","0","0.499","logs_ipopt_simples_2/ex5_4_3_jump_ipopt_2.log"
"jump_2/ex5_4_4_jump.jl","ex5_4_4_jump","LOCALLY_SOLVED","FEASIBLE_POINT","FEASIBLE_POINT","Solve_Succeeded","11841.609155328499","0.5252680778503418","28","20","74","110","1.1841609155328499e+04","1.6502233991677181e-07","1.8189894035458565e-12","9.9968159972263493e-08","2.7717093120606651e-08","1.6502233991677181e-07","153","111","153","0","115","0","0","0.524","logs_ipopt_simples_2/ex5_4_4_jump_ipopt_2.log"
"jump_2/ex6_1_1_jump.jl","ex6_1_1_jump","LOCALLY_SOLVED","FEASIBLE_POINT","FEASIBLE_POINT","Solve_Succeeded","-0.02019831170399973","0.0031180381774902344","9","7","19","7","-2.0198311703999730e-02","8.1815529369810848e-08","6.3180155551734174e-12","0.0000000000000000e+00","1.0000007388365367e-11","8.1815529369810848e-08","8","8","8","0","8","0","0","0.002","logs_ipopt_simples_2/ex6_1_1_jump_ipopt_2.log"
"jump_2/ex6_1_2_jump.jl","ex6_1_2_jump","LOCALLY_SOLVED","FEASIBLE_POINT","FEASIBLE_POINT","Solve_Succeeded","-0.02019831170399973","0.003136157989501953","9","7","19","7","-2.0198311703999730e-02","8.1815529369810848e-08","6.3180155551734174e-12","0.0000000000000000e+00","1.0000007388365367e-11","8.1815529369810848e-08","8","8","8","0","8","0","0","0.002","logs_ipopt_simples_2/ex6_1_2_jump_ipopt_2.log"
"jump_2/ex6_1_3_jump.jl","ex6_1_3_jump","LOCALLY_SOLVED","FEASIBLE_POINT","FEASIBLE_POINT","Solve_Succeeded","-0.3524978012019534","0.00453495979309082","13","10","28","10","-3.5249780120195340e-01","5.5265605259221275e-08","2.8033131371785203e-14","0.0000000000000000e+00","1.0000007612591405e-11","5.5265605259221275e-08","11","11","11","0","11","0","0","0.004","logs_ipopt_simples_2/ex6_1_3_jump_ipopt_2.log"
"jump_2/ex6_1_4_jump.jl","ex6_1_4_jump","LOCALLY_SOLVED","FEASIBLE_POINT","FEASIBLE_POINT","Solve_Succeeded","-0.29454128777853184","0.004580020904541016","7","5","14","11","-2.9454128777853184e-01","9.7935853441262774e-10","7.2164496600635175e-16","0.0000000000000000e+00","1.0000000003013220e-11","9.7935853441262774e-10","12","12","12","0","12","0","0","0.004","logs_ipopt_simples_2/ex6_1_4_jump_ipopt_2.log"
"jump_2/gtm_jump.jl","gtm_jump","LOCALLY_SOLVED","FEASIBLE_POINT","FEASIBLE_POINT","Solve_Succeeded","543.5650921361895","1.8034770488739014","64","25","124","2345","5.4356509213618949e+02","2.8146351027658056e-08","1.1368683772161603e-13","3.7286486342935632e-08","1.0000587496847661e-11","2.8146351027658056e-08","3334","2346","3334","3334","2346","2346","0","1.802","logs_ipopt_simples_2/gtm_jump_ipopt_2.log"
"jump_2/harker_jump.jl","harker_jump","LOCALLY_SOLVED","FEASIBLE_POINT","FEASIBLE_POINT","Solve_Succeeded","-914.9057209888222","0.7794787883758545","21","8","28","616","-9.1490572098882217e+02","9.9720992234239536e-01","5.1067331696685869e-08","0.0000000000000000e+00","2.8469166888003502e-08","9.9720992234239536e-01","741","615","741","0","621","0","0","0.779","logs_ipopt_simples_2/harker_jump_ipopt_2.log"
"jump_2/haverly_jump.jl","haverly_jump","LOCALLY_SOLVED","FEASIBLE_POINT","FEASIBLE_POINT","Solve_Succeeded","-400.00000413891973","0.016571998596191406","13","10","24","27","-4.0000000413891973e+02","1.4037732072675654e-08","4.5474735088646412e-13","1.9999135929538170e-06","3.1408907011580057e-10","1.4037732072675654e-08","28","28","28","28","28","28","0","0.008","logs_ipopt_simples_2/haverly_jump_ipopt_2.log"
"jump_2/hhfair_jump.jl","hhfair_jump","LOCALLY_SOLVED","FEASIBLE_POINT","FEASIBLE_POINT","Solve_Succeeded","-87.15903760662066","0.49221205711364746","30","26","40","39","-8.7159037606620657e+01","6.5453970455301592e-08","1.9861836619838869e-09","0.0000000000000000e+00","3.0146834926900533e-10","6.5453970455301592e-08","55","40","55","55","40","40","0","0.491","logs_ipopt_simples_2/hhfair_jump_ipopt_2.log"
"jump_2/himmel16_jump.jl","himmel16_jump","LOCALLY_SOLVED","FEASIBLE_POINT","FEASIBLE_POINT","Solve_Succeeded","-0.6749814496518751","0.02067089080810547","19","22","25","27","-6.7498144965187512e-01","4.8450225567653327e-08","2.7519667100683876e-11","0.0000000000000000e+00","1.0027074429809915e-11","4.8450225567653327e-08","28","28","28","28","28","28","0","0.012","logs_ipopt_simples_2/himmel16_jump_ipopt_2.log"
"jump_2/house_jump.jl","house_jump","LOCALLY_SOLVED","FEASIBLE_POINT","FEASIBLE_POINT","Solve_Succeeded","-4500.0000452316035","0.01961803436279297","9","9","14","52","-4.5000000452316035e+03","3.9587371158944507e-09","2.2737367544323206e-13","2.9999993330420693e-05","1.0691214014217972e-11","3.9587371158944507e-09","53","53","53","53","53","53","0","0.010","logs_ipopt_simples_2/house_jump_ipopt_2.log"
"jump_2/immum_jump.jl","immum_jump","ITERATION_LIMIT","INFEASIBLE_POINT","UNKNOWN_RESULT_STATUS","Maximum_Iterations_Exceeded","-1.3762871275269371e13","1.2264947891235352","22","8","29","3000","-1.3762871275269371e+13","6.4124628684261795e+00","1.3762871275393273e+13","6.6206578059382340e-09","1.0590240274736076e-01","1.3762871275393273e+13","3338","31","3341","0","3002","0","0","1.217","logs_ipopt_simples_2/immum_jump_ipopt_2.log"
"jump_2/Ints100_jump.jl","Ints100_jump","LOCALLY_SOLVED","FEASIBLE_POINT","FEASIBLE_POINT","Solve_Succeeded","0.5545954025686685","0.5899620056152344","507","401","611","69","5.5459540256866846e-01","9.2016974073360062e-08","1.8579682237174211e-10","0.0000000000000000e+00","9.9999999999999994e-12","9.2016974073360062e-08","73","70","73","0","70","0","0","0.576","logs_ipopt_simples_2/Ints100_jump_ipopt_2.log"
"jump_2/Ints50_jump.jl","Ints50_jump","LOCALLY_SOLVED","FEASIBLE_POINT","FEASIBLE_POINT","Solve_Succeeded","0.5546687652510897","0.5440270900726318","257","201","311","60","5.5466876525108966e-01","9.2846620592789558e-08","4.1327608002461602e-11","0.0000000000000000e+00","9.9999999999999978e-12","9.2846620592789558e-08","61","61","61","0","61","0","0","0.542","logs_ipopt_simples_2/Ints50_jump_ipopt_2.log"
"jump_2/launch_jump.jl","launch_jump","LOCALLY_SOLVED","FEASIBLE_POINT","FEASIBLE_POINT","Solve_Succeeded","2257.7973301165234","0.51603102684021","39","29","78","47","2.2577973301165234e+03","4.4236476569566781e-09","1.1641532182693481e-10","1.2499789647790749e-06","1.2573414512460442e-11","4.4236476569566781e-09","48","48","48","48","48","48","0","0.515","logs_ipopt_simples_2/launch_jump_ipopt_2.log"
"jump_2/least_jump.jl","least_jump","ITERATION_LIMIT","FEASIBLE_POINT","UNKNOWN_RESULT_STATUS","Maximum_Iterations_Exceeded","1.5938450720748944e7","0.8902091979980469","4","1","3","3000","1.5938450720748944e+07","1.0000000000000000e+00","2.9802322387695312e-08","0.0000000000000000e+00","1.0060387368907641e-11","1.0000000000000000e+00","3337","2759","4149","0","3005","0","0","0.889","logs_ipopt_simples_2/least_jump_ipopt_2.log"
"jump_2/linear_jump.jl","linear_jump","ITERATION_LIMIT","INFEASIBLE_POINT","UNKNOWN_RESULT_STATUS","Maximum_Iterations_Exceeded","92.95990344990953","1.7221920490264893","25","21","61","3000","9.2959903449909532e+01","1.6884928335121105e+00","9.8710277571539677e+00","0.0000000000000000e+00","8.8770670539744575e-03","9.8710277571539677e+00","4272","3001","4272","0","3001","0","0","1.721","logs_ipopt_simples_2/linear_jump_ipopt_2.log"
"jump_2/meanvar_jump.jl","meanvar_jump","LOCALLY_SOLVED","FEASIBLE_POINT","FEASIBLE_POINT","Solve_Succeeded","5.24339900721936","0.014739990234375","9","3","18","15","5.2433990072193604e+00","3.5116352491509537e-08","6.6613381477509392e-16","9.9979049539702667e-09","9.9999999999999994e-12","3.5116352491509537e-08","16","16","16","0","16","0","0","0.006","logs_ipopt_simples_2/meanvar_jump_ipopt_2.log"
"jump_2/mhw4d_jump.jl","mhw4d_jump","LOCALLY_SOLVED","FEASIBLE_POINT","FEASIBLE_POINT","Solve_Succeeded","0.029310830718000395","0.4875960350036621","6","4","4","46","2.9310830718000395e-02","3.3607151353476361e-08","2.9976923721086730e-12","0.0000000000000000e+00","0.0000000000000000e+00","3.3607151353476361e-08","64","47","110","0","47","0","0","0.486","logs_ipopt_simples_2/mhw4d_jump_ipopt_2.log"
"jump_2/minlphi_jump.jl","minlphi_jump","LOCALLY_SOLVED","FEASIBLE_POINT","FEASIBLE_POINT","Solve_Succeeded","582.2361396424142","0.5001881122589111","65","80","150","27","5.8223613964241417e+02","1.4933602354716413e-08","1.7053025658242404e-13","9.5140376362273250e-09","6.7895333187580175e-08","6.7895333187580175e-08","45","28","45","45","28","28","0","0.499","logs_ipopt_simples_2/minlphi_jump_ipopt_2.log"
"jump_2/nemhaus_jump.jl","nemhaus_jump","LOCALLY_SOLVED","FEASIBLE_POINT","FEASIBLE_POINT","Solve_Succeeded","31.0","0.010133981704711914","6","6","11","2","3.1000000000000000e+01","2.2870594307278225e-14","0.0000000000000000e+00","0.0000000000000000e+00","0.0000000000000000e+00","2.2870594307278225e-14","3","3","3","0","3","0","0","0.001","logs_ipopt_simples_2/nemhaus_jump_ipopt_2.log"
"jump_2/otpop_jump.jl","otpop_jump","LOCALLY_SOLVED","FEASIBLE_POINT","FEASIBLE_POINT","Solve_Succeeded","-1.2329406021283102e-10","0.5680758953094482","104","77","136","170","-1.2329406021283102e-10","9.7702222285105210e-08","1.2323653209023178e-10","0.0000000000000000e+00","9.9999999999999994e-12","9.7702222285105210e-08","192","171","192","0","171","0","0","0.567","logs_ipopt_simples_2/otpop_jump_ipopt_2.log"
"jump_2/pindyck_jump.jl","pindyck_jump","LOCALLY_SOLVED","FEASIBLE_POINT","FEASIBLE_POINT","Solve_Succeeded","-1170.486285436114","0.5056908130645752","117","97","197","56","-1.1704862854361140e+03","5.5370860341241723e-08","8.9386276158620603e-12","0.0000000000000000e+00","9.9999999999999994e-12","5.5370860341241723e-08","60","57","60","0","57","0","0","0.505","logs_ipopt_simples_2/pindyck_jump_ipopt_2.log"
"jump_2/pollut_jump.jl","pollut_jump","LOCALLY_SOLVED","FEASIBLE_POINT","FEASIBLE_POINT","Solve_Succeeded","-5.353268636799411e6","0.5000572204589844","43","9","89","73","-5.3532686367994109e+06","1.0127715333041465e-08","1.8626451492309570e-09","1.0000000474974513e-04","1.7480028071473627e-11","1.0127715333041465e-08","74","74","74","74","74","74","0","0.499","logs_ipopt_simples_2/pollut_jump_ipopt_2.log"
"jump_2/polygon25_jump.jl","polygon25_jump","LOCALLY_SOLVED","FEASIBLE_POINT","FEASIBLE_POINT","Solve_Succeeded","-0.7797400518021427","0.5728809833526611","51","325","423","40","-7.7974005180214268e-01","7.6248666283640354e-08","1.5407675135747922e-12","4.8661219498313812e-09","1.0000000000000001e-11","7.6248666283640354e-08","41","41","41","41","41","41","0","0.569","logs_ipopt_simples_2/polygon25_jump_ipopt_2.log"
"jump_2/polygon50_jump.jl","polygon50_jump","LOCALLY_SOLVED","FEASIBLE_POINT","FEASIBLE_POINT","Solve_Succeeded","-0.769720468056655","0.9174239635467529","101","1275","1473","47","-7.6972046805665495e-01","9.2909651191669190e-08","8.9306340100847592e-13","4.9221204889704495e-09","1.0000000079492856e-11","9.2909651191669190e-08","49","48","49","49","48","48","0","0.910","logs_ipopt_simples_2/polygon50_jump_ipopt_2.log"
"jump_2/prolog_jump_2.jl","prolog_jump_2","ITERATION_LIMIT","FEASIBLE_POINT","UNKNOWN_RESULT_STATUS","Maximum_Iterations_Exceeded","-3000.0","0.826146125793457","1","0","0","3000","-3.0000000000000000e+03","1.0000000000000000e+00","0.0000000000000000e+00","0.0000000000000000e+00","0.0000000000000000e+00","1.0000000000000000e+00","3001","3001","0","0","0","0","0","0.825","logs_ipopt_simples_2/prolog_jump_2_ipopt_2.log"
"jump_2/qp3_jump.jl","qp3_jump","LOCALLY_SOLVED","FEASIBLE_POINT","FEASIBLE_POINT","Solve_Succeeded","0.0008093122789407407","0.5761551856994629","101","53","103","63","8.0931227894074070e-04","5.9795228633751871e-08","1.3878246425333418e-11","9.7673006925952353e-09","9.9999999999714794e-12","5.9795228633751871e-08","66","64","66","66","64","64","0","0.574","logs_ipopt_simples_2/qp3_jump_ipopt_2.log"
"jump_2/qp4_jump.jl","qp4_jump","LOCALLY_SOLVED","FEASIBLE_POINT","FEASIBLE_POINT","Solve_Succeeded","0.0008093122907262473","0.5279669761657715","80","32","82","26","8.0931229072624730e-04","7.2067364080725949e-08","1.8732245572403161e-12","9.7673009593784694e-09","9.9999999999832248e-12","7.2067364080725949e-08","27","27","27","27","27","27","0","0.526","logs_ipopt_simples_2/qp4_jump_ipopt_2.log"
"jump_2/qp5_jump.jl","qp5_jump","LOCALLY_SOLVED","FEASIBLE_POINT","FEASIBLE_POINT","Solve_Succeeded","0.4314540583734143","0.5174179077148438","109","32","140","14","4.3145405837341427e-01","6.9445052939031526e-15","1.3716033631646447e-16","9.9955647711942980e-09","6.5899267041190846e-10","6.5899267041190846e-10","15","15","15","15","15","15","0","0.516","logs_ipopt_simples_2/qp5_jump_ipopt_2.log"
"jump_2/ramsey_jump.jl","ramsey_jump","LOCALLY_SOLVED","FEASIBLE_POINT","FEASIBLE_POINT","Solve_Succeeded","-2.48746873385197","0.5000247955322266","34","23","66","19","-2.4874687338519701e+00","1.9547644170003764e-08","9.5479180117763462e-13","9.7974350091178941e-09","1.0006085982907696e-11","1.9547644170003764e-08","21","20","21","21","20","20","0","0.499","logs_ipopt_simples_2/ramsey_jump_ipopt_2.log"
"jump_2/rbrock_jump.jl","rbrock_jump","LOCALLY_SOLVED","FEASIBLE_POINT","FEASIBLE_POINT","Solve_Succeeded","-8.236199157971739e-15","0.5252408981323242","3","1","5","51","-8.2361991579717386e-15","1.8625141987574947e-11","8.2361993385979852e-15","0.0000000000000000e+00","1.0000000000000001e-11","1.8625141987574947e-11","52","52","56","0","52","0","0","0.524","logs_ipopt_simples_2/rbrock_jump_ipopt_2.log"
"jump_2/srcpm_jump.jl","srcpm_jump","LOCALLY_SOLVED","FEASIBLE_POINT","FEASIBLE_POINT","Solve_Succeeded","2109.7818257017384","0.025734901428222656","40","28","75","50","2.1097818257017384e+03","8.9548018460879151e-08","2.2737367544323206e-13","1.6199642871583819e-07","1.0001943248265378e-11","8.9548018460879151e-08","53","51","53","53","51","51","0","0.025","logs_ipopt_simples_2/srcpm_jump_ipopt_2.log"
"jump_2/turkey_jump.jl","turkey_jump","ITERATION_LIMIT","INFEASIBLE_POINT","UNKNOWN_RESULT_STATUS","Maximum_Iterations_Exceeded","-29329.974286606248","7.1504130363464355","519","288","763","3000","-2.9329974286606248e+04","1.8650291568156278e-02","1.5240907305269502e-04","9.9992412287974730e-05","3.8231236047512170e-10","1.8650291568156278e-02","3242","2995","3242","3242","3005","3005","0","7.149","logs_ipopt_simples_2/turkey_jump_ipopt_2.log"
"jump_2/wall_jump.jl","wall_jump","LOCALLY_SOLVED","FEASIBLE_POINT","FEASIBLE_POINT","Solve_Succeeded","1.0000046575934247","0.0013740062713623047","6","6","6","2","1.0000046575934247e+00","4.3871764116103416e-14","1.8619150665699635e-10","0.0000000000000000e+00","0.0000000000000000e+00","1.8619150665699635e-10","3","3","3","0","3","0","0","0.001","logs_ipopt_simples_2/wall_jump_ipopt_2.log"
"jump_2/water_jump.jl","water_jump","LOCALLY_SOLVED","FEASIBLE_POINT","FEASIBLE_POINT","Solve_Succeeded","949.6870967506419","0.631666898727417","42","26","66","1612","9.4968709675064190e+02","6.9173272040646142e-09","5.6843418860808015e-14","1.6579926054305361e-07","1.0020635749946225e-11","6.9173272040646142e-09","2517","1613","2518","0","1613","0","0","0.631","logs_ipopt_simples_2/water_jump_ipopt_2.log"
