

******************************************************************************
This program contains Ipopt, a library for large-scale nonlinear optimization.
 Ipopt is released as open source code under the Eclipse Public License (EPL).
         For more information visit http://projects.coin-or.org/Ipopt
******************************************************************************

This is Ipopt version 3.12.13, running with linear solver mumps.
NOTE: Other linear solvers might be more efficient (see Ipopt documentation).

Number of nonzeros in equality constraint Jacobian...:   159994
Number of nonzeros in inequality constraint Jacobian.:        0
Number of nonzeros in Lagrangian Hessian.............:    40000

Total number of variables............................:    59999
                     variables with only lower bounds:        0
                variables with lower and upper bounds:    39998
                     variables with only upper bounds:        0
Total number of equality constraints.................:    40000
Total number of inequality constraints...............:        0
        inequality constraints with only lower bounds:        0
   inequality constraints with lower and upper bounds:        0
        inequality constraints with only upper bounds:        0

iter    objective    inf_pr   inf_du lg(mu)  ||d||  lg(rg) alpha_du alpha_pr  ls
   0  3.4968186e+02 5.00e-02 9.10e-04  -1.0 0.00e+00    -  0.00e+00 0.00e+00   0
   1  3.7620345e+02 8.34e-07 2.87e+01  -1.7 9.31e+01    -  3.30e-02 1.00e+00f  1
   2  3.6203971e+02 1.61e-07 1.67e-01  -1.7 5.47e+01    -  8.29e-01 1.00e+00f  1
   3  3.5122794e+02 5.07e-07 2.37e-02  -1.7 3.07e+01    -  9.06e-01 1.00e+00f  1
   4  3.5024641e+02 2.42e-08 2.64e-04  -2.5 4.35e+00    -  1.00e+00 1.00e+00f  1
   5  3.5000449e+02 5.87e-09 6.57e-05  -3.8 2.63e+00    -  9.98e-01 1.00e+00f  1
   6  3.5000393e+02 1.07e-13 3.76e-05  -5.7 3.76e-03  -2.0 1.00e+00 1.00e+00h  1
   7  3.5000201e+02 1.15e-12 3.90e-05  -5.7 1.17e-02  -2.5 1.00e+00 1.00e+00f  1
   8  3.4999349e+02 1.88e-11 4.50e-05  -5.7 4.05e-02  -3.0 1.00e+00 1.00e+00f  1
   9  3.4891996e+02 1.85e-08 2.58e-04  -5.7 6.96e-01  -3.4 1.00e+00 1.00e+00f  1
iter    objective    inf_pr   inf_du lg(mu)  ||d||  lg(rg) alpha_du alpha_pr  ls
  10  3.4838388e+02 1.26e-08 3.12e-04  -5.7 3.83e-01  -3.0 1.00e+00 4.57e-01f  1
  11  3.4838584e+02 1.25e-08 4.94e+00  -5.7 3.43e-01  -3.5 1.00e+00 7.81e-03f  8
  12  3.4826259e+02 1.43e-09 6.25e-05  -5.7 5.69e-01  -4.0 1.00e+00 1.00e+00f  1
  13  3.4824063e+02 1.22e-09 4.63e-01  -5.7 8.68e-01  -4.4 3.05e-01 1.74e-01f  1
  14  3.4819173e+02 8.62e-10 1.49e+01  -5.7 3.37e-01  -4.0 5.39e-03 1.00e+00f  1
  15  3.4816867e+02 6.72e-10 5.85e+00  -5.7 4.85e-01  -4.5 3.27e-01 6.06e-01f  1
  16  3.4814292e+02 9.98e-09 6.42e+00  -5.7 9.32e-01  -5.0 5.44e-03 1.00e+00f  1
  17  3.4812737e+02 7.15e-09 3.54e+00  -5.7 6.40e-01  -4.5 3.28e-01 4.49e-01f  1
  18  3.4810701e+02 1.61e-09 3.30e+01  -5.7 2.98e-01  -4.1 6.89e-03 1.00e+00f  1
  19  3.4809121e+02 2.13e-09 3.27e+01  -5.7 1.58e+01  -4.6 1.54e-02 8.36e-03f  1
iter    objective    inf_pr   inf_du lg(mu)  ||d||  lg(rg) alpha_du alpha_pr  ls
  20  3.4800366e+02 9.85e-09 3.01e+02  -5.7 6.24e-01  -4.2 1.18e-03 1.00e+00f  1
  21  3.4799518e+02 8.65e-09 2.64e+02  -5.7 2.85e-01  -3.7 2.07e-01 1.26e-01f  1
  22  3.4798397e+02 8.44e-09 2.54e+02  -5.7 1.37e+00  -4.2 1.45e-04 3.54e-02f  1
  23  3.4796058e+02 6.49e-09 1.86e+02  -5.7 4.09e-01  -3.8 1.60e-03 2.67e-01f  1
  24  3.4793167e+02 6.64e-09 1.77e+02  -5.7 2.08e+00  -4.3 9.36e-04 5.21e-02f  1
  25  3.4777967e+02 9.21e-09 4.30e+03  -5.7 5.20e-01  -3.8 1.63e-05 1.00e+00f  1
  26  3.4777213e+02 9.21e-09 4.30e+03  -5.7 1.01e+01  -4.3 3.43e-02 1.75e-03f  1
  27  3.4776441e+02 9.03e-09 4.21e+03  -5.7 9.49e-01  -3.9 3.21e-04 2.12e-02f  1
  28  3.4776407e+02 9.03e-09 4.21e+03  -5.7 2.74e+01  -4.4 4.38e-05 3.01e-05f  1
  29  3.4776185e+02 8.98e-09 4.19e+03  -5.7 1.12e+00  -3.9 7.38e-05 4.82e-03f  1
iter    objective    inf_pr   inf_du lg(mu)  ||d||  lg(rg) alpha_du alpha_pr  ls
  30  3.4775402e+02 8.48e-09 3.94e+03  -5.7 3.47e-01  -3.5 1.16e-03 5.80e-02f  1
  31  3.4774514e+02 8.36e-09 3.88e+03  -5.7 1.35e+00  -4.0 4.16e-04 1.61e-02f  1
  32  3.4772898e+02 7.58e-09 3.49e+03  -5.7 4.02e-01  -3.6 8.23e-04 1.01e-01f  1
  33  3.4771278e+02 7.47e-09 3.41e+03  -5.7 1.68e+00  -4.0 3.16e-04 2.20e-02f  1
  34  3.4767494e+02 6.37e-09 2.77e+03  -5.7 4.71e-01  -3.6 1.11e-03 1.87e-01f  1
  35  3.4763961e+02 6.44e-09 2.68e+03  -5.7 2.28e+00  -4.1 7.77e-04 3.17e-02f  1
  36  3.4751587e+02 6.35e-09 1.53e+03  -5.7 5.69e-01  -3.7 1.06e-03 4.28e-01f  1
  37  3.4741208e+02 7.82e-09 1.47e+03  -5.7 3.83e+00  -4.1 3.27e-04 4.50e-02f  1
  38  3.4682544e+02 3.77e-08 2.95e+02  -5.7 7.86e-01  -3.7 1.09e-03 1.00e+00f  1
  39  3.4681786e+02 3.71e-08 2.90e+02  -5.7 4.20e-01  -3.3 6.69e-01 1.63e-02f  1
iter    objective    inf_pr   inf_du lg(mu)  ||d||  lg(rg) alpha_du alpha_pr  ls
  40  3.4680673e+02 3.68e-08 2.88e+02  -5.7 1.57e+00  -3.8 2.90e-04 7.39e-03f  1
  41  3.4678597e+02 3.51e-08 2.74e+02  -5.7 4.62e-01  -3.3 1.15e-03 4.71e-02f  1
  42  3.4677396e+02 3.49e-08 2.72e+02  -5.7 1.91e+00  -3.8 4.42e-05 6.45e-03f  1
  43  3.4674983e+02 3.33e-08 2.59e+02  -5.7 5.35e-01  -3.4 2.95e-04 4.67e-02f  1
  44  3.4674094e+02 3.32e-08 2.58e+02  -5.7 2.40e+00  -3.9 1.31e-04 3.73e-03f  1
  45  3.4671488e+02 3.18e-08 2.47e+02  -5.7 6.21e-01  -3.4 4.45e-04 4.27e-02f  1
  46  3.4670247e+02 3.17e-08 2.46e+02  -5.7 3.07e+00  -3.9 1.70e-04 3.99e-03f  1
  47  3.4667449e+02 3.05e-08 2.37e+02  -5.7 7.26e-01  -3.5 3.70e-04 3.85e-02f  1
  48  3.4666012e+02 3.04e-08 2.36e+02  -5.7 4.04e+00  -4.0 2.82e-05 3.43e-03f  1
  49  3.4661961e+02 2.91e-08 2.25e+02  -5.7 8.52e-01  -3.6 2.61e-04 4.65e-02f  1
iter    objective    inf_pr   inf_du lg(mu)  ||d||  lg(rg) alpha_du alpha_pr  ls
  50  3.4660874e+02 2.91e-08 2.24e+02  -5.7 5.75e+00  -4.0 3.42e-04 1.78e-03f  1
  51  3.4657188e+02 2.82e-08 2.17e+02  -5.7 1.01e+00  -3.6 2.86e-04 3.49e-02f  1
  52  3.4656288e+02 2.81e-08 2.16e+02  -5.7 9.00e+00  -4.1 2.07e-04 9.25e-04f  1
  53  3.4652374e+02 2.74e-08 2.10e+02  -5.7 1.20e+00  -3.7 1.96e-04 3.05e-02f  1
  54  3.4651767e+02 2.74e-08 2.10e+02  -5.7 1.75e+01  -4.1 1.02e-04 3.17e-04f  1
  55  3.4648884e+02 2.69e-08 2.06e+02  -5.7 1.44e+00  -3.7 4.81e-05 1.84e-02f  1
  56  3.4648812e+02 2.69e-08 2.06e+02  -5.7 8.67e+01  -4.2 2.41e-05 7.58e-06f  1
  57  3.4647558e+02 2.67e-08 2.04e+02  -5.7 1.73e+00  -3.8 4.68e-05 6.58e-03f  1
  58  3.4636021e+02 2.19e-08 1.92e+02  -5.7 5.02e-01  -3.3 4.75e-04 2.08e-01f  1
  59  3.4626108e+02 2.16e-08 1.84e+02  -5.7 2.19e+00  -3.8 1.59e-04 3.84e-02f  1
iter    objective    inf_pr   inf_du lg(mu)  ||d||  lg(rg) alpha_du alpha_pr  ls
  60  3.4585052e+02 1.77e-08 2.10e+02  -5.7 6.14e-01  -3.4 2.32e-04 5.39e-01f  1
  61  3.4570321e+02 1.81e-08 2.03e+02  -5.7 3.06e+00  -3.9 1.37e-03 3.43e-02f  1
  62  3.4569832e+02 1.81e-08 2.03e+02  -5.7 3.16e+01    -  9.74e-03 3.92e-04f  1
  63  3.4569307e+02 1.81e-08 2.02e+02  -5.7 8.78e+00    -  2.44e-06 1.55e-03f  1
  64  3.4569121e+02 1.81e-08 2.02e+02  -5.7 1.13e+01    -  2.27e-04 4.26e-04f  1
  65  3.4568799e+02 1.80e-08 2.02e+02  -5.7 1.01e+01    -  1.47e-05 8.29e-04f  1
  66  3.4568487e+02 1.80e-08 2.02e+02  -5.7 1.08e+01    -  2.15e-05 7.48e-04f  1
  67  3.4568208e+02 1.80e-08 2.02e+02  -5.7 1.12e+01    -  5.97e-05 6.42e-04f  1
  68  3.4567925e+02 1.80e-08 2.02e+02  -5.7 1.12e+01    -  4.82e-05 6.57e-04f  1
  69  3.4567637e+02 1.80e-08 2.01e+02  -5.7 1.12e+01    -  4.67e-05 6.66e-04f  1
iter    objective    inf_pr   inf_du lg(mu)  ||d||  lg(rg) alpha_du alpha_pr  ls
  70  3.4567354e+02 1.80e-08 2.01e+02  -5.7 1.12e+01    -  5.35e-05 6.55e-04f  1
  71  3.4567071e+02 1.80e-08 2.01e+02  -5.7 1.12e+01    -  5.45e-05 6.56e-04f  1
  72  3.4566786e+02 1.80e-08 2.01e+02  -5.7 1.12e+01    -  5.59e-05 6.62e-04f  1
  73  3.4566604e+02 1.80e-08 2.01e+02  -5.7 1.09e+01    -  6.15e-05 4.36e-04f  1
  74  3.4566495e+02 1.79e-08 2.01e+02  -5.7 8.33e+00    -  1.18e-04 3.55e-04f  1
  75  3.4566322e+02 1.79e-08 2.01e+02  -5.7 1.02e+01    -  1.12e-04 4.45e-04f  1
  76  3.4566239e+02 1.79e-08 2.01e+02  -5.7 9.45e+00    -  1.80e-04 2.34e-04f  1
  77  3.4566122e+02 1.79e-08 2.01e+02  -5.7 9.18e+00    -  7.61e-05 3.40e-04f  1
  78  3.4565981e+02 1.79e-08 2.01e+02  -5.7 8.56e+00    -  3.40e-05 4.42e-04f  1
  79  3.4565900e+02 1.79e-08 2.01e+02  -5.7 9.21e+00    -  3.81e-05 2.36e-04f  1
iter    objective    inf_pr   inf_du lg(mu)  ||d||  lg(rg) alpha_du alpha_pr  ls
  80  3.4565828e+02 1.79e-08 2.00e+02  -5.7 9.56e+00    -  1.93e-04 2.00e-04f  1
  81  3.4565707e+02 1.79e-08 2.00e+02  -5.7 9.22e+00    -  6.85e-05 3.51e-04f  1
  82  3.4565678e+02 1.79e-08 2.00e+02  -5.7 9.16e+00    -  7.48e-05 8.31e-05f  1
  83  3.4565570e+02 1.79e-08 2.00e+02  -5.7 9.53e+00    -  1.04e-04 3.05e-04f  1
  84  3.4565453e+02 1.79e-08 2.00e+02  -5.7 8.18e+00    -  4.22e-05 3.84e-04f  1
  85  3.4565388e+02 1.79e-08 2.00e+02  -5.7 9.43e+00    -  4.72e-05 1.83e-04f  1
  86  3.4565269e+02 1.79e-08 2.00e+02  -5.7 9.30e+00    -  1.13e-04 3.43e-04f  1
  87  3.4565145e+02 1.79e-08 2.00e+02  -5.7 8.72e+00    -  7.83e-05 3.84e-04f  1
  88  3.4565110e+02 1.79e-08 2.00e+02  -5.7 9.56e+00    -  1.38e-04 9.81e-05f  1
  89  3.4565031e+02 1.79e-08 2.00e+02  -5.7 9.62e+00    -  1.29e-04 2.21e-04f  1
iter    objective    inf_pr   inf_du lg(mu)  ||d||  lg(rg) alpha_du alpha_pr  ls
  90  3.4565012e+02 1.79e-08 2.00e+02  -5.7 9.08e+00    -  9.52e-05 5.59e-05f  1
  91  3.4564936e+02 1.79e-08 2.00e+02  -5.7 1.03e+01    -  3.42e-04 1.98e-04f  1
  92  3.4564805e+02 1.79e-08 2.00e+02  -5.7 9.80e+00    -  6.02e-05 3.59e-04f  1
  93  3.4564631e+02 1.79e-08 2.00e+02  -5.7 8.97e+00    -  4.35e-05 5.25e-04f  1
  94  3.4564574e+02 1.78e-08 2.00e+02  -5.7 9.09e+00    -  6.70e-05 1.69e-04f  1
  95  3.4564554e+02 1.78e-08 2.00e+02  -5.7 9.64e+00    -  2.72e-04 5.57e-05f  1
  96  3.4564465e+02 1.78e-08 2.00e+02  -5.7 1.01e+01    -  1.14e-04 2.37e-04f  1
  97  3.4564418e+02 1.78e-08 2.00e+02  -5.7 1.00e+01    -  2.43e-04 1.27e-04f  1
  98  3.4564287e+02 1.78e-08 2.00e+02  -5.7 1.06e+01    -  3.46e-05 3.33e-04f  1
  99  3.4564113e+02 1.78e-08 1.99e+02  -5.7 7.90e+00    -  3.03e-05 6.01e-04f  1
iter    objective    inf_pr   inf_du lg(mu)  ||d||  lg(rg) alpha_du alpha_pr  ls
 100  3.4564070e+02 1.78e-08 1.99e+02  -5.7 9.61e+00    -  1.38e-04 1.23e-04f  1
 101  3.4564024e+02 1.78e-08 1.99e+02  -5.7 9.74e+00    -  2.27e-04 1.28e-04f  1
 102  3.4563904e+02 1.78e-08 1.99e+02  -5.7 8.45e+00    -  2.75e-05 3.87e-04f  1
 103  3.4563875e+02 1.78e-08 1.99e+02  -5.7 8.15e+00    -  4.63e-05 9.64e-05f  1
 104  3.4563779e+02 1.78e-08 1.99e+02  -5.7 9.30e+00    -  6.05e-05 2.80e-04f  1
 105  3.4563736e+02 1.78e-08 1.99e+02  -5.7 7.50e+00    -  4.35e-05 1.58e-04f  1
 106  3.4563641e+02 1.78e-08 1.99e+02  -5.7 9.51e+00    -  7.26e-05 2.72e-04f  1
 107  3.4563593e+02 1.78e-08 1.99e+02  -5.7 7.87e+00    -  5.46e-05 1.66e-04f  1
 108  3.4563507e+02 1.78e-08 1.99e+02  -5.7 9.89e+00    -  9.62e-05 2.36e-04f  1
 109  3.4563468e+02 1.78e-08 1.99e+02  -5.7 7.89e+00    -  5.69e-05 1.34e-04f  1
iter    objective    inf_pr   inf_du lg(mu)  ||d||  lg(rg) alpha_du alpha_pr  ls
 110  3.4563381e+02 1.78e-08 1.99e+02  -5.7 9.92e+00    -  9.07e-05 2.40e-04f  1
 111  3.4563346e+02 1.78e-08 1.99e+02  -5.7 7.43e+00    -  5.20e-05 1.28e-04f  1
 112  3.4563252e+02 1.78e-08 1.99e+02  -5.7 9.77e+00    -  7.67e-05 2.62e-04f  1
 113  3.4563214e+02 1.78e-08 1.99e+02  -5.7 7.21e+00    -  5.27e-05 1.42e-04f  1
 114  3.4563119e+02 1.78e-08 1.99e+02  -5.7 9.83e+00    -  7.87e-05 2.63e-04f  1
 115  3.4563081e+02 1.78e-08 1.99e+02  -5.7 7.29e+00    -  5.69e-05 1.43e-04f  1
 116  3.4562989e+02 1.78e-08 1.99e+02  -5.7 9.99e+00    -  8.54e-05 2.52e-04f  1
 117  3.4562954e+02 1.78e-08 1.99e+02  -5.7 7.25e+00    -  5.86e-05 1.32e-04f  1
 118  3.4562861e+02 1.78e-08 1.99e+02  -5.7 1.00e+01    -  8.30e-05 2.53e-04f  1
 119  3.4562828e+02 1.78e-08 1.99e+02  -5.7 7.04e+00    -  5.78e-05 1.30e-04f  1
iter    objective    inf_pr   inf_du lg(mu)  ||d||  lg(rg) alpha_du alpha_pr  ls
 120  3.4562733e+02 1.78e-08 1.99e+02  -5.7 9.94e+00    -  7.72e-05 2.61e-04f  1
 121  3.4562698e+02 1.77e-08 1.99e+02  -5.7 6.93e+00    -  5.88e-05 1.37e-04f  1
 122  3.4562603e+02 1.77e-08 1.99e+02  -5.7 9.97e+00    -  7.69e-05 2.61e-04f  1
 123  3.4562568e+02 1.77e-08 1.99e+02  -5.7 6.96e+00    -  6.14e-05 1.39e-04f  1
 124  3.4562475e+02 1.77e-08 1.98e+02  -5.7 1.01e+01    -  7.91e-05 2.55e-04f  1
 125  3.4562440e+02 1.77e-08 1.98e+02  -5.7 6.94e+00    -  6.29e-05 1.35e-04f  1
 126  3.4562347e+02 1.77e-08 1.98e+02  -5.7 1.01e+01    -  7.78e-05 2.54e-04f  1
 127  3.4562313e+02 1.77e-08 1.98e+02  -5.7 6.84e+00    -  6.35e-05 1.36e-04f  1
 128  3.4562220e+02 1.77e-08 1.98e+02  -5.7 1.00e+01    -  7.51e-05 2.56e-04f  1
 129  3.4562185e+02 1.77e-08 1.98e+02  -5.7 6.79e+00    -  6.47e-05 1.41e-04f  1
iter    objective    inf_pr   inf_du lg(mu)  ||d||  lg(rg) alpha_du alpha_pr  ls
 130  3.4562092e+02 1.77e-08 1.98e+02  -5.7 1.01e+01    -  7.46e-05 2.55e-04f  1
 131  3.4562057e+02 1.77e-08 1.98e+02  -5.7 6.79e+00    -  6.66e-05 1.43e-04f  1
 132  3.4561964e+02 1.77e-08 1.98e+02  -5.7 1.01e+01    -  7.51e-05 2.52e-04f  1
 133  3.4561929e+02 1.77e-08 1.98e+02  -5.7 6.77e+00    -  6.79e-05 1.43e-04f  1
 134  3.4561837e+02 1.77e-08 1.98e+02  -5.7 1.01e+01    -  7.41e-05 2.50e-04f  1
 135  3.4561802e+02 1.77e-08 1.98e+02  -5.7 6.73e+00    -  6.89e-05 1.45e-04f  1
 136  3.4561710e+02 1.77e-08 1.98e+02  -5.7 1.01e+01    -  7.26e-05 2.50e-04f  1
 137  3.4561674e+02 1.77e-08 1.98e+02  -5.7 6.70e+00    -  7.02e-05 1.48e-04f  1
 138  3.4561583e+02 1.77e-08 1.98e+02  -5.7 1.01e+01    -  7.22e-05 2.49e-04f  1
 139  3.4561547e+02 1.77e-08 1.98e+02  -5.7 6.70e+00    -  7.17e-05 1.50e-04f  1
iter    objective    inf_pr   inf_du lg(mu)  ||d||  lg(rg) alpha_du alpha_pr  ls
 140  3.4561456e+02 1.77e-08 1.98e+02  -5.7 1.01e+01    -  7.20e-05 2.46e-04f  1
 141  3.4561420e+02 1.77e-08 1.98e+02  -5.7 6.68e+00    -  7.29e-05 1.51e-04f  1
 142  3.4561330e+02 1.77e-08 1.98e+02  -5.7 1.01e+01    -  7.11e-05 2.45e-04f  1
 143  3.4561293e+02 1.77e-08 1.98e+02  -5.7 6.66e+00    -  7.40e-05 1.54e-04f  1
 144  3.4561204e+02 1.77e-08 1.98e+02  -5.7 1.01e+01    -  7.03e-05 2.44e-04f  1
 145  3.4561166e+02 1.77e-08 1.98e+02  -5.7 6.64e+00    -  7.52e-05 1.56e-04f  1
 146  3.4561077e+02 1.77e-08 1.98e+02  -5.7 1.02e+01    -  6.99e-05 2.43e-04f  1
 147  3.4561039e+02 1.77e-08 1.98e+02  -5.7 6.64e+00    -  7.65e-05 1.58e-04f  1
 148  3.4560951e+02 1.77e-08 1.98e+02  -5.7 1.02e+01    -  6.94e-05 2.41e-04f  1
 149  3.4560913e+02 1.77e-08 1.97e+02  -5.7 6.62e+00    -  7.76e-05 1.60e-04f  1
iter    objective    inf_pr   inf_du lg(mu)  ||d||  lg(rg) alpha_du alpha_pr  ls
 150  3.4560825e+02 1.76e-08 1.97e+02  -5.7 1.02e+01    -  6.86e-05 2.40e-04f  1
 151  3.4560787e+02 1.76e-08 1.97e+02  -5.7 6.61e+00    -  7.87e-05 1.62e-04f  1
 152  3.4560699e+02 1.76e-08 1.97e+02  -5.7 1.02e+01    -  6.81e-05 2.39e-04f  1
 153  3.4560660e+02 1.76e-08 1.97e+02  -5.7 6.60e+00    -  7.99e-05 1.64e-04f  1
 154  3.4560574e+02 1.76e-08 1.97e+02  -5.7 1.02e+01    -  6.76e-05 2.37e-04f  1
 155  3.4560534e+02 1.76e-08 1.97e+02  -5.7 6.59e+00    -  8.10e-05 1.66e-04f  1
 156  3.4560448e+02 1.76e-08 1.97e+02  -5.7 1.02e+01    -  6.71e-05 2.36e-04f  1
 157  3.4560408e+02 1.76e-08 1.97e+02  -5.7 6.58e+00    -  8.21e-05 1.68e-04f  1
 158  3.4560323e+02 1.76e-08 1.97e+02  -5.7 1.02e+01    -  6.65e-05 2.35e-04f  1
 159  3.4560283e+02 1.76e-08 1.97e+02  -5.7 6.57e+00    -  8.32e-05 1.70e-04f  1
iter    objective    inf_pr   inf_du lg(mu)  ||d||  lg(rg) alpha_du alpha_pr  ls
 160  3.4560197e+02 1.76e-08 1.97e+02  -5.7 1.02e+01    -  6.60e-05 2.34e-04f  1
 161  3.4560157e+02 1.76e-08 1.97e+02  -5.7 6.56e+00    -  8.43e-05 1.72e-04f  1
 162  3.4560072e+02 1.76e-08 1.97e+02  -5.7 1.02e+01    -  6.56e-05 2.32e-04f  1
 163  3.4560032e+02 1.76e-08 1.97e+02  -5.7 6.55e+00    -  8.54e-05 1.73e-04f  1
 164  3.4559947e+02 1.76e-08 1.97e+02  -5.7 1.02e+01    -  6.51e-05 2.31e-04f  1
 165  3.4559906e+02 1.76e-08 1.97e+02  -5.7 6.54e+00    -  8.64e-05 1.75e-04f  1
 166  3.4559823e+02 1.76e-08 1.97e+02  -5.7 1.02e+01    -  6.46e-05 2.30e-04f  1
 167  3.4559781e+02 1.76e-08 1.97e+02  -5.7 6.54e+00    -  8.74e-05 1.77e-04f  1
 168  3.4559698e+02 1.76e-08 1.97e+02  -5.7 1.02e+01    -  6.42e-05 2.29e-04f  1
 169  3.4559656e+02 1.76e-08 1.97e+02  -5.7 6.53e+00    -  8.85e-05 1.79e-04f  1
iter    objective    inf_pr   inf_du lg(mu)  ||d||  lg(rg) alpha_du alpha_pr  ls
 170  3.4559573e+02 1.76e-08 1.97e+02  -5.7 1.02e+01    -  6.37e-05 2.28e-04f  1
 171  3.4559531e+02 1.76e-08 1.97e+02  -5.7 6.52e+00    -  8.95e-05 1.81e-04f  1
 172  3.4559449e+02 1.76e-08 1.97e+02  -5.7 1.02e+01    -  6.33e-05 2.27e-04f  1
 173  3.4559407e+02 1.76e-08 1.97e+02  -5.7 6.52e+00    -  9.05e-05 1.82e-04f  1
 174  3.4559325e+02 1.76e-08 1.96e+02  -5.7 1.02e+01    -  6.29e-05 2.25e-04f  1
 175  3.4559282e+02 1.76e-08 1.96e+02  -5.7 6.51e+00    -  9.14e-05 1.84e-04f  1
 176  3.4559201e+02 1.76e-08 1.96e+02  -5.7 1.02e+01    -  6.24e-05 2.24e-04f  1
 177  3.4559158e+02 1.76e-08 1.96e+02  -5.7 6.50e+00    -  9.24e-05 1.86e-04f  1
 178  3.4559077e+02 1.75e-08 1.96e+02  -5.7 1.02e+01    -  6.20e-05 2.23e-04f  1
 179  3.4559034e+02 1.75e-08 1.96e+02  -5.7 6.50e+00    -  9.34e-05 1.87e-04f  1
iter    objective    inf_pr   inf_du lg(mu)  ||d||  lg(rg) alpha_du alpha_pr  ls
 180  3.4558953e+02 1.75e-08 1.96e+02  -5.7 1.02e+01    -  6.16e-05 2.22e-04f  1
 181  3.4558910e+02 1.75e-08 1.96e+02  -5.7 6.49e+00    -  9.43e-05 1.89e-04f  1
 182  3.4558829e+02 1.75e-08 1.96e+02  -5.7 1.02e+01    -  6.13e-05 2.21e-04f  1
 183  3.4558786e+02 1.75e-08 1.96e+02  -5.7 6.49e+00    -  9.52e-05 1.91e-04f  1
 184  3.4558706e+02 1.75e-08 1.96e+02  -5.7 1.02e+01    -  6.09e-05 2.20e-04f  1
 185  3.4558662e+02 1.75e-08 1.96e+02  -5.7 6.48e+00    -  9.61e-05 1.92e-04f  1
 186  3.4558583e+02 1.75e-08 1.96e+02  -5.7 1.02e+01    -  6.05e-05 2.19e-04f  1
 187  3.4558538e+02 1.75e-08 1.96e+02  -5.7 6.48e+00    -  9.71e-05 1.94e-04f  1
 188  3.4558460e+02 1.75e-08 1.96e+02  -5.7 1.02e+01    -  6.02e-05 2.18e-04f  1
 189  3.4558415e+02 1.75e-08 1.96e+02  -5.7 6.47e+00    -  9.80e-05 1.95e-04f  1
iter    objective    inf_pr   inf_du lg(mu)  ||d||  lg(rg) alpha_du alpha_pr  ls
 190  3.4558337e+02 1.75e-08 1.96e+02  -5.7 1.02e+01    -  5.98e-05 2.18e-04f  1
 191  3.4558292e+02 1.75e-08 1.96e+02  -5.7 6.47e+00    -  9.88e-05 1.97e-04f  1
 192  3.4558214e+02 1.75e-08 1.96e+02  -5.7 1.02e+01    -  5.95e-05 2.17e-04f  1
 193  3.4558168e+02 1.75e-08 1.96e+02  -5.7 6.46e+00    -  9.97e-05 1.98e-04f  1
 194  3.4558091e+02 1.75e-08 1.96e+02  -5.7 1.02e+01    -  5.92e-05 2.16e-04f  1
 195  3.4558045e+02 1.75e-08 1.96e+02  -5.7 6.46e+00    -  1.01e-04 2.00e-04f  1
 196  3.4557968e+02 1.75e-08 1.96e+02  -5.7 1.02e+01    -  5.88e-05 2.15e-04f  1
 197  3.4557923e+02 1.75e-08 1.96e+02  -5.7 6.46e+00    -  1.01e-04 2.01e-04f  1
 198  3.4557846e+02 1.75e-08 1.96e+02  -5.7 1.02e+01    -  5.85e-05 2.14e-04f  1
 199  3.4557800e+02 1.75e-08 1.95e+02  -5.7 6.45e+00    -  1.02e-04 2.03e-04f  1
iter    objective    inf_pr   inf_du lg(mu)  ||d||  lg(rg) alpha_du alpha_pr  ls
 200  3.4557724e+02 1.75e-08 1.95e+02  -5.7 1.02e+01    -  5.82e-05 2.13e-04f  1
 201  3.4557677e+02 1.75e-08 1.95e+02  -5.7 6.45e+00    -  1.03e-04 2.04e-04f  1
 202  3.4557602e+02 1.75e-08 1.95e+02  -5.7 1.02e+01    -  5.79e-05 2.12e-04f  1
 203  3.4557555e+02 1.75e-08 1.95e+02  -5.7 6.44e+00    -  1.04e-04 2.05e-04f  1
 204  3.4557480e+02 1.75e-08 1.95e+02  -5.7 1.02e+01    -  5.76e-05 2.12e-04f  1
 205  3.4557433e+02 1.75e-08 1.95e+02  -5.7 6.44e+00    -  1.05e-04 2.07e-04f  1
 206  3.4557358e+02 1.74e-08 1.95e+02  -5.7 1.02e+01    -  5.74e-05 2.11e-04f  1
 207  3.4557311e+02 1.74e-08 1.95e+02  -5.7 6.44e+00    -  1.06e-04 2.08e-04f  1
 208  3.4557236e+02 1.74e-08 1.95e+02  -5.7 1.02e+01    -  5.71e-05 2.10e-04f  1
 209  3.4557189e+02 1.74e-08 1.95e+02  -5.7 6.43e+00    -  1.06e-04 2.10e-04f  1
iter    objective    inf_pr   inf_du lg(mu)  ||d||  lg(rg) alpha_du alpha_pr  ls
 210  3.4557115e+02 1.74e-08 1.95e+02  -5.7 1.02e+01    -  5.68e-05 2.09e-04f  1
 211  3.4557067e+02 1.74e-08 1.95e+02  -5.7 6.43e+00    -  1.07e-04 2.11e-04f  1
 212  3.4556993e+02 1.74e-08 1.95e+02  -5.7 1.02e+01    -  5.66e-05 2.09e-04f  1
 213  3.4556946e+02 1.74e-08 1.95e+02  -5.7 6.43e+00    -  1.08e-04 2.12e-04f  1
 214  3.4556872e+02 1.74e-08 1.95e+02  -5.7 1.02e+01    -  5.63e-05 2.08e-04f  1
 215  3.4556824e+02 1.74e-08 1.95e+02  -5.7 6.42e+00    -  1.09e-04 2.13e-04f  1
 216  3.4556751e+02 1.74e-08 1.95e+02  -5.7 1.01e+01    -  5.61e-05 2.07e-04f  1
 217  3.4556703e+02 1.74e-08 1.95e+02  -5.7 6.42e+00    -  1.09e-04 2.15e-04f  1
 218  3.4556630e+02 1.74e-08 1.95e+02  -5.7 1.01e+01    -  5.58e-05 2.07e-04f  1
 219  3.4556582e+02 1.74e-08 1.95e+02  -5.7 6.42e+00    -  1.10e-04 2.16e-04f  1
iter    objective    inf_pr   inf_du lg(mu)  ||d||  lg(rg) alpha_du alpha_pr  ls
 220  3.4556509e+02 1.74e-08 1.95e+02  -5.7 1.01e+01    -  5.56e-05 2.06e-04f  1
 221  3.4556461e+02 1.74e-08 1.95e+02  -5.7 6.41e+00    -  1.11e-04 2.17e-04f  1
 222  3.4556389e+02 1.74e-08 1.95e+02  -5.7 1.01e+01    -  5.53e-05 2.05e-04f  1
 223  3.4556340e+02 1.74e-08 1.94e+02  -5.7 6.41e+00    -  1.12e-04 2.18e-04f  1
 224  3.4556268e+02 1.74e-08 1.94e+02  -5.7 1.01e+01    -  5.51e-05 2.05e-04f  1
 225  3.4556219e+02 1.74e-08 1.94e+02  -5.7 6.41e+00    -  1.12e-04 2.20e-04f  1
 226  3.4556148e+02 1.74e-08 1.94e+02  -5.7 1.01e+01    -  5.49e-05 2.04e-04f  1
 227  3.4556099e+02 1.74e-08 1.94e+02  -5.7 6.40e+00    -  1.13e-04 2.21e-04f  1
 228  3.4556028e+02 1.74e-08 1.94e+02  -5.7 1.01e+01    -  5.47e-05 2.04e-04f  1
 229  3.4555978e+02 1.74e-08 1.94e+02  -5.7 6.40e+00    -  1.14e-04 2.22e-04f  1
iter    objective    inf_pr   inf_du lg(mu)  ||d||  lg(rg) alpha_du alpha_pr  ls
 230  3.4555908e+02 1.74e-08 1.94e+02  -5.7 1.01e+01    -  5.45e-05 2.03e-04f  1
 231  3.4555858e+02 1.74e-08 1.94e+02  -5.7 6.40e+00    -  1.15e-04 2.23e-04f  1
 232  3.4555788e+02 1.74e-08 1.94e+02  -5.7 1.01e+01    -  5.43e-05 2.02e-04f  1
 233  3.4555738e+02 1.73e-08 1.94e+02  -5.7 6.39e+00    -  1.15e-04 2.24e-04f  1
 234  3.4555668e+02 1.73e-08 1.94e+02  -5.7 1.01e+01    -  5.41e-05 2.02e-04f  1
 235  3.4555618e+02 1.73e-08 1.94e+02  -5.7 6.39e+00    -  1.16e-04 2.26e-04f  1
 236  3.4555548e+02 1.73e-08 1.94e+02  -5.7 1.01e+01    -  5.39e-05 2.01e-04f  1
 237  3.4555498e+02 1.73e-08 1.94e+02  -5.7 6.39e+00    -  1.17e-04 2.27e-04f  1
 238  3.4555429e+02 1.73e-08 1.94e+02  -5.7 1.00e+01    -  5.37e-05 2.01e-04f  1
 239  3.4555379e+02 1.73e-08 1.94e+02  -5.7 6.38e+00    -  1.17e-04 2.28e-04f  1
iter    objective    inf_pr   inf_du lg(mu)  ||d||  lg(rg) alpha_du alpha_pr  ls
 240  3.4555310e+02 1.73e-08 1.94e+02  -5.7 1.00e+01    -  5.35e-05 2.00e-04f  1
 241  3.4555259e+02 1.73e-08 1.94e+02  -5.7 6.38e+00    -  1.18e-04 2.29e-04f  1
 242  3.4555191e+02 1.73e-08 1.94e+02  -5.7 1.00e+01    -  5.34e-05 2.00e-04f  1
 243  3.4555140e+02 1.73e-08 1.94e+02  -5.7 6.38e+00    -  1.19e-04 2.30e-04f  1
 244  3.4555072e+02 1.73e-08 1.94e+02  -5.7 1.00e+01    -  5.32e-05 1.99e-04f  1
 245  3.4555021e+02 1.73e-08 1.94e+02  -5.7 6.37e+00    -  1.19e-04 2.31e-04f  1
 246  3.4554953e+02 1.73e-08 1.94e+02  -5.7 9.99e+00    -  5.30e-05 1.99e-04f  1
 247  3.4554902e+02 1.73e-08 1.93e+02  -5.7 6.37e+00    -  1.20e-04 2.32e-04f  1
 248  3.4554834e+02 1.73e-08 1.93e+02  -5.7 9.98e+00    -  5.29e-05 1.99e-04f  1
 249  3.4554783e+02 1.73e-08 1.93e+02  -5.7 6.36e+00    -  1.21e-04 2.33e-04f  1
iter    objective    inf_pr   inf_du lg(mu)  ||d||  lg(rg) alpha_du alpha_pr  ls
 250  3.4554715e+02 1.73e-08 1.93e+02  -5.7 9.97e+00    -  5.27e-05 1.98e-04f  1
 251  3.4554664e+02 1.73e-08 1.93e+02  -5.7 6.36e+00    -  1.21e-04 2.34e-04f  1
 252  3.4554597e+02 1.73e-08 1.93e+02  -5.7 9.96e+00    -  5.26e-05 1.98e-04f  1
 253  3.4554546e+02 1.73e-08 1.93e+02  -5.7 6.36e+00    -  1.22e-04 2.35e-04f  1
 254  3.4554479e+02 1.73e-08 1.93e+02  -5.7 9.94e+00    -  5.24e-05 1.97e-04f  1
 255  3.4554427e+02 1.73e-08 1.93e+02  -5.7 6.35e+00    -  1.22e-04 2.36e-04f  1
 256  3.4554361e+02 1.73e-08 1.93e+02  -5.7 9.93e+00    -  5.23e-05 1.97e-04f  1
 257  3.4554309e+02 1.73e-08 1.93e+02  -5.7 6.35e+00    -  1.23e-04 2.37e-04f  1
 258  3.4554243e+02 1.73e-08 1.93e+02  -5.7 9.92e+00    -  5.21e-05 1.97e-04f  1
 259  3.4554191e+02 1.73e-08 1.93e+02  -5.7 6.35e+00    -  1.24e-04 2.38e-04f  1
iter    objective    inf_pr   inf_du lg(mu)  ||d||  lg(rg) alpha_du alpha_pr  ls
 260  3.4554125e+02 1.72e-08 1.93e+02  -5.7 9.90e+00    -  5.20e-05 1.96e-04f  1
 261  3.4554073e+02 1.72e-08 1.93e+02  -5.7 6.34e+00    -  1.24e-04 2.39e-04f  1
 262  3.4554007e+02 1.72e-08 1.93e+02  -5.7 9.89e+00    -  5.19e-05 1.96e-04f  1
 263  3.4553955e+02 1.72e-08 1.93e+02  -5.7 6.34e+00    -  1.25e-04 2.40e-04f  1
 264  3.4553890e+02 1.72e-08 1.93e+02  -5.7 9.87e+00    -  5.17e-05 1.95e-04f  1
 265  3.4553838e+02 1.72e-08 1.93e+02  -5.7 6.34e+00    -  1.26e-04 2.41e-04f  1
 266  3.4553772e+02 1.72e-08 1.93e+02  -5.7 9.86e+00    -  5.16e-05 1.95e-04f  1
 267  3.4553720e+02 1.72e-08 1.93e+02  -5.7 6.33e+00    -  1.26e-04 2.42e-04f  1
 268  3.4553655e+02 1.72e-08 1.93e+02  -5.7 9.84e+00    -  5.15e-05 1.95e-04f  1
 269  3.4553603e+02 1.72e-08 1.93e+02  -5.7 6.33e+00    -  1.27e-04 2.43e-04f  1
iter    objective    inf_pr   inf_du lg(mu)  ||d||  lg(rg) alpha_du alpha_pr  ls
 270  3.4553538e+02 1.72e-08 1.93e+02  -5.7 9.83e+00    -  5.14e-05 1.95e-04f  1
 271  3.4553486e+02 1.72e-08 1.92e+02  -5.7 6.33e+00    -  1.27e-04 2.44e-04f  1
 272  3.4553421e+02 1.72e-08 1.92e+02  -5.7 9.81e+00    -  5.13e-05 1.94e-04f  1
 273  3.4553369e+02 1.72e-08 1.92e+02  -5.7 6.32e+00    -  1.28e-04 2.45e-04f  1
 274  3.4553305e+02 1.72e-08 1.92e+02  -5.7 9.80e+00    -  5.12e-05 1.94e-04f  1
 275  3.4553252e+02 1.72e-08 1.92e+02  -5.7 6.32e+00    -  1.28e-04 2.46e-04f  1
 276  3.4553188e+02 1.72e-08 1.92e+02  -5.7 9.78e+00    -  5.11e-05 1.94e-04f  1
 277  3.4553135e+02 1.72e-08 1.92e+02  -5.7 6.32e+00    -  1.29e-04 2.47e-04f  1
 278  3.4553071e+02 1.72e-08 1.92e+02  -5.7 9.76e+00    -  5.10e-05 1.93e-04f  1
 279  3.4553018e+02 1.72e-08 1.92e+02  -5.7 6.31e+00    -  1.30e-04 2.47e-04f  1
iter    objective    inf_pr   inf_du lg(mu)  ||d||  lg(rg) alpha_du alpha_pr  ls
 280  3.4552955e+02 1.72e-08 1.92e+02  -5.7 9.75e+00    -  5.09e-05 1.93e-04f  1
 281  3.4552902e+02 1.72e-08 1.92e+02  -5.7 6.31e+00    -  1.30e-04 2.48e-04f  1
 282  3.4552839e+02 1.72e-08 1.92e+02  -5.7 9.73e+00    -  5.08e-05 1.93e-04f  1
 283  3.4552786e+02 1.72e-08 1.92e+02  -5.7 6.31e+00    -  1.31e-04 2.49e-04f  1
 284  3.4552723e+02 1.72e-08 1.92e+02  -5.7 9.72e+00    -  5.07e-05 1.93e-04f  1
 285  3.4552669e+02 1.72e-08 1.92e+02  -5.7 6.30e+00    -  1.31e-04 2.50e-04f  1
 286  3.4552607e+02 1.71e-08 1.92e+02  -5.7 9.70e+00    -  5.06e-05 1.92e-04f  1
 287  3.4552553e+02 1.71e-08 1.92e+02  -5.7 6.30e+00    -  1.32e-04 2.51e-04f  1
 288  3.4552491e+02 1.71e-08 1.92e+02  -5.7 9.68e+00    -  5.05e-05 1.92e-04f  1
 289  3.4552438e+02 1.71e-08 1.92e+02  -5.7 6.29e+00    -  1.32e-04 2.52e-04f  1
iter    objective    inf_pr   inf_du lg(mu)  ||d||  lg(rg) alpha_du alpha_pr  ls
 290  3.4552376e+02 1.71e-08 1.92e+02  -5.7 9.66e+00    -  5.05e-05 1.92e-04f  1
 291  3.4552322e+02 1.71e-08 1.92e+02  -5.7 6.29e+00    -  1.33e-04 2.53e-04f  1
 292  3.4552260e+02 1.71e-08 1.92e+02  -5.7 9.65e+00    -  5.04e-05 1.92e-04f  1
 293  3.4552206e+02 1.71e-08 1.92e+02  -5.7 6.29e+00    -  1.33e-04 2.53e-04f  1
 294  3.4552145e+02 1.71e-08 1.91e+02  -5.7 9.63e+00    -  5.03e-05 1.92e-04f  1
 295  3.4552091e+02 1.71e-08 1.91e+02  -5.7 6.28e+00    -  1.34e-04 2.54e-04f  1
 296  3.4552030e+02 1.71e-08 1.91e+02  -5.7 9.61e+00    -  5.02e-05 1.91e-04f  1
 297  3.4551976e+02 1.71e-08 1.91e+02  -5.7 6.28e+00    -  1.35e-04 2.55e-04f  1
 298  3.4551915e+02 1.71e-08 1.91e+02  -5.7 9.59e+00    -  5.02e-05 1.91e-04f  1
 299  3.4551861e+02 1.71e-08 1.91e+02  -5.7 6.28e+00    -  1.35e-04 2.56e-04f  1
iter    objective    inf_pr   inf_du lg(mu)  ||d||  lg(rg) alpha_du alpha_pr  ls
 300  3.4551800e+02 1.71e-08 1.91e+02  -5.7 9.58e+00    -  5.01e-05 1.91e-04f  1
 301  3.4551746e+02 1.71e-08 1.91e+02  -5.7 6.27e+00    -  1.36e-04 2.57e-04f  1
 302  3.4551685e+02 1.71e-08 1.91e+02  -5.7 9.56e+00    -  5.00e-05 1.91e-04f  1
 303  3.4551631e+02 1.71e-08 1.91e+02  -5.7 6.27e+00    -  1.36e-04 2.57e-04f  1
 304  3.4551571e+02 1.71e-08 1.91e+02  -5.7 9.54e+00    -  5.00e-05 1.91e-04f  1
 305  3.4551516e+02 1.71e-08 1.91e+02  -5.7 6.26e+00    -  1.37e-04 2.58e-04f  1
 306  3.4551456e+02 1.71e-08 1.91e+02  -5.7 9.52e+00    -  4.99e-05 1.91e-04f  1
 307  3.4551402e+02 1.71e-08 1.91e+02  -5.7 6.26e+00    -  1.37e-04 2.59e-04f  1
 308  3.4551342e+02 1.71e-08 1.91e+02  -5.7 9.50e+00    -  4.99e-05 1.91e-04f  1
 309  3.4551288e+02 1.71e-08 1.91e+02  -5.7 6.26e+00    -  1.38e-04 2.60e-04f  1
iter    objective    inf_pr   inf_du lg(mu)  ||d||  lg(rg) alpha_du alpha_pr  ls
 310  3.4551228e+02 1.71e-08 1.91e+02  -5.7 9.48e+00    -  4.98e-05 1.90e-04f  1
 311  3.4551173e+02 1.71e-08 1.91e+02  -5.7 6.25e+00    -  1.38e-04 2.60e-04f  1
 312  3.4551114e+02 1.71e-08 1.91e+02  -5.7 9.47e+00    -  4.98e-05 1.90e-04f  1
 313  3.4551059e+02 1.70e-08 1.91e+02  -5.7 6.25e+00    -  1.39e-04 2.61e-04f  1
 314  3.4551000e+02 1.70e-08 1.91e+02  -5.7 9.45e+00    -  4.97e-05 1.90e-04f  1
 315  3.4550945e+02 1.70e-08 1.91e+02  -5.7 6.25e+00    -  1.39e-04 2.62e-04f  1
 316  3.4550886e+02 1.70e-08 1.91e+02  -5.7 9.43e+00    -  4.97e-05 1.90e-04f  1
 317  3.4550832e+02 1.70e-08 1.90e+02  -5.7 6.24e+00    -  1.40e-04 2.63e-04f  1
 318  3.4550773e+02 1.70e-08 1.90e+02  -5.7 9.41e+00    -  4.97e-05 1.90e-04f  1
 319  3.4550718e+02 1.70e-08 1.90e+02  -5.7 6.24e+00    -  1.40e-04 2.63e-04f  1
iter    objective    inf_pr   inf_du lg(mu)  ||d||  lg(rg) alpha_du alpha_pr  ls
 320  3.4550659e+02 1.70e-08 1.90e+02  -5.7 9.39e+00    -  4.96e-05 1.90e-04f  1
 321  3.4550605e+02 1.70e-08 1.90e+02  -5.7 6.23e+00    -  1.41e-04 2.64e-04f  1
 322  3.4550546e+02 1.70e-08 1.90e+02  -5.7 9.37e+00    -  4.96e-05 1.90e-04f  1
 323  3.4550491e+02 1.70e-08 1.90e+02  -5.7 6.23e+00    -  1.41e-04 2.65e-04f  1
 324  3.4550433e+02 1.70e-08 1.90e+02  -5.7 9.35e+00    -  4.96e-05 1.90e-04f  1
 325  3.4550378e+02 1.70e-08 1.90e+02  -5.7 6.23e+00    -  1.42e-04 2.65e-04f  1
 326  3.4550320e+02 1.70e-08 1.90e+02  -5.7 9.33e+00    -  4.95e-05 1.90e-04f  1
 327  3.4550265e+02 1.70e-08 1.90e+02  -5.7 6.22e+00    -  1.42e-04 2.66e-04f  1
 328  3.4550207e+02 1.70e-08 1.90e+02  -5.7 9.31e+00    -  4.95e-05 1.90e-04f  1
 329  3.4550152e+02 1.70e-08 1.90e+02  -5.7 6.22e+00    -  1.42e-04 2.67e-04f  1
iter    objective    inf_pr   inf_du lg(mu)  ||d||  lg(rg) alpha_du alpha_pr  ls
 330  3.4550095e+02 1.70e-08 1.90e+02  -5.7 9.29e+00    -  4.95e-05 1.90e-04f  1
 331  3.4550039e+02 1.70e-08 1.90e+02  -5.7 6.21e+00    -  1.43e-04 2.67e-04f  1
 332  3.4549982e+02 1.70e-08 1.90e+02  -5.7 9.27e+00    -  4.95e-05 1.90e-04f  1
 333  3.4549927e+02 1.70e-08 1.90e+02  -5.7 6.21e+00    -  1.43e-04 2.68e-04f  1
 334  3.4549870e+02 1.70e-08 1.90e+02  -5.7 9.25e+00    -  4.94e-05 1.90e-04f  1
 335  3.4549814e+02 1.70e-08 1.90e+02  -5.7 6.21e+00    -  1.44e-04 2.69e-04f  1
 336  3.4549757e+02 1.70e-08 1.90e+02  -5.7 9.23e+00    -  4.94e-05 1.90e-04f  1
 337  3.4549702e+02 1.70e-08 1.90e+02  -5.7 6.20e+00    -  1.44e-04 2.69e-04f  1
 338  3.4549645e+02 1.70e-08 1.90e+02  -5.7 9.21e+00    -  4.94e-05 1.90e-04f  1
 339  3.4549590e+02 1.69e-08 1.90e+02  -5.7 6.20e+00    -  1.45e-04 2.70e-04f  1
iter    objective    inf_pr   inf_du lg(mu)  ||d||  lg(rg) alpha_du alpha_pr  ls
 340  3.4549533e+02 1.69e-08 1.90e+02  -5.7 9.19e+00    -  4.94e-05 1.90e-04f  1
 341  3.4549478e+02 1.69e-08 1.89e+02  -5.7 6.19e+00    -  1.45e-04 2.71e-04f  1
 342  3.4549422e+02 1.69e-08 1.89e+02  -5.7 9.17e+00    -  4.94e-05 1.90e-04f  1
 343  3.4549366e+02 1.69e-08 1.89e+02  -5.7 6.19e+00    -  1.46e-04 2.71e-04f  1
 344  3.4549310e+02 1.69e-08 1.89e+02  -5.7 9.15e+00    -  4.94e-05 1.90e-04f  1
 345  3.4549255e+02 1.69e-08 1.89e+02  -5.7 6.18e+00    -  1.46e-04 2.72e-04f  1
 346  3.4549198e+02 1.69e-08 1.89e+02  -5.7 9.13e+00    -  4.94e-05 1.90e-04f  1
 347  3.4549143e+02 1.69e-08 1.89e+02  -5.7 6.18e+00    -  1.47e-04 2.73e-04f  1
 348  3.4549087e+02 1.69e-08 1.89e+02  -5.7 9.11e+00    -  4.94e-05 1.90e-04f  1
 349  3.4549032e+02 1.69e-08 1.89e+02  -5.7 6.18e+00    -  1.47e-04 2.73e-04f  1
iter    objective    inf_pr   inf_du lg(mu)  ||d||  lg(rg) alpha_du alpha_pr  ls
 350  3.4548976e+02 1.69e-08 1.89e+02  -5.7 9.09e+00    -  4.94e-05 1.90e-04f  1
 351  3.4548920e+02 1.69e-08 1.89e+02  -5.7 6.17e+00    -  1.48e-04 2.74e-04f  1
 352  3.4548865e+02 1.69e-08 1.89e+02  -5.7 9.06e+00    -  4.94e-05 1.90e-04f  1
 353  3.4548809e+02 1.69e-08 1.89e+02  -5.7 6.17e+00    -  1.48e-04 2.75e-04f  1
 354  3.4548754e+02 1.69e-08 1.89e+02  -5.7 9.04e+00    -  4.94e-05 1.90e-04f  1
 355  3.4548698e+02 1.69e-08 1.89e+02  -5.7 6.16e+00    -  1.48e-04 2.75e-04f  1
 356  3.4548643e+02 1.69e-08 1.89e+02  -5.7 9.02e+00    -  4.94e-05 1.90e-04f  1
 357  3.4548587e+02 1.69e-08 1.89e+02  -5.7 6.16e+00    -  1.49e-04 2.76e-04f  1
 358  3.4548532e+02 1.69e-08 1.89e+02  -5.7 9.00e+00    -  4.94e-05 1.90e-04f  1
 359  3.4548477e+02 1.69e-08 1.89e+02  -5.7 6.16e+00    -  1.49e-04 2.76e-04f  1
iter    objective    inf_pr   inf_du lg(mu)  ||d||  lg(rg) alpha_du alpha_pr  ls
 360  3.4548422e+02 1.69e-08 1.89e+02  -5.7 8.98e+00    -  4.94e-05 1.90e-04f  1
 361  3.4548366e+02 1.69e-08 1.89e+02  -5.7 6.15e+00    -  1.50e-04 2.77e-04f  1
 362  3.4548312e+02 1.69e-08 1.89e+02  -5.7 8.96e+00    -  4.94e-05 1.90e-04f  1
 363  3.4548256e+02 1.69e-08 1.88e+02  -5.7 6.15e+00    -  1.50e-04 2.78e-04f  1
 364  3.4548201e+02 1.68e-08 1.88e+02  -5.7 8.94e+00    -  4.94e-05 1.90e-04f  1
 365  3.4548146e+02 1.68e-08 1.88e+02  -5.7 6.14e+00    -  1.51e-04 2.78e-04f  1
 366  3.4548091e+02 1.68e-08 1.88e+02  -5.7 8.92e+00    -  4.94e-05 1.90e-04f  1
 367  3.4548035e+02 1.68e-08 1.88e+02  -5.7 6.14e+00    -  1.51e-04 2.79e-04f  1
 368  3.4547981e+02 1.68e-08 1.88e+02  -5.7 8.89e+00    -  4.94e-05 1.90e-04f  1
 369  3.4547925e+02 1.68e-08 1.88e+02  -5.7 6.13e+00    -  1.51e-04 2.79e-04f  1
iter    objective    inf_pr   inf_du lg(mu)  ||d||  lg(rg) alpha_du alpha_pr  ls
 370  3.4547872e+02 1.68e-08 1.88e+02  -5.7 8.87e+00    -  4.95e-05 1.90e-04f  1
 371  3.4547816e+02 1.68e-08 1.88e+02  -5.7 6.13e+00    -  1.52e-04 2.80e-04f  1
 372  3.4547762e+02 1.68e-08 1.88e+02  -5.7 8.85e+00    -  4.95e-05 1.90e-04f  1
 373  3.4547706e+02 1.68e-08 1.88e+02  -5.7 6.12e+00    -  1.52e-04 2.81e-04f  1
 374  3.4547652e+02 1.68e-08 1.88e+02  -5.7 8.83e+00    -  4.95e-05 1.91e-04f  1
 375  3.4547596e+02 1.68e-08 1.88e+02  -5.7 6.12e+00    -  1.53e-04 2.81e-04f  1
 376  3.4547543e+02 1.68e-08 1.88e+02  -5.7 8.81e+00    -  4.95e-05 1.91e-04f  1
 377  3.4547487e+02 1.68e-08 1.88e+02  -5.7 6.12e+00    -  1.53e-04 2.82e-04f  1
 378  3.4547434e+02 1.68e-08 1.88e+02  -5.7 8.79e+00    -  4.95e-05 1.91e-04f  1
 379  3.4547378e+02 1.68e-08 1.88e+02  -5.7 6.11e+00    -  1.54e-04 2.82e-04f  1
iter    objective    inf_pr   inf_du lg(mu)  ||d||  lg(rg) alpha_du alpha_pr  ls
 380  3.4547325e+02 1.68e-08 1.88e+02  -5.7 8.76e+00    -  4.96e-05 1.91e-04f  1
 381  3.4547269e+02 1.68e-08 1.88e+02  -5.7 6.11e+00    -  1.54e-04 2.83e-04f  1
 382  3.4547216e+02 1.68e-08 1.88e+02  -5.7 8.74e+00    -  4.96e-05 1.91e-04f  1
 383  3.4547160e+02 1.68e-08 1.88e+02  -5.7 6.10e+00    -  1.54e-04 2.83e-04f  1
 384  3.4547107e+02 1.68e-08 1.88e+02  -5.7 8.72e+00    -  4.96e-05 1.91e-04f  1
 385  3.4547051e+02 1.68e-08 1.88e+02  -5.7 6.10e+00    -  1.55e-04 2.84e-04f  1
 386  3.4546998e+02 1.68e-08 1.87e+02  -5.7 8.70e+00    -  4.97e-05 1.91e-04f  1
 387  3.4546942e+02 1.68e-08 1.87e+02  -5.7 6.09e+00    -  1.55e-04 2.84e-04f  1
 388  3.4546890e+02 1.68e-08 1.87e+02  -5.7 8.68e+00    -  4.97e-05 1.91e-04f  1
 389  3.4546834e+02 1.67e-08 1.87e+02  -5.7 6.09e+00    -  1.56e-04 2.85e-04f  1
iter    objective    inf_pr   inf_du lg(mu)  ||d||  lg(rg) alpha_du alpha_pr  ls
 390  3.4546781e+02 1.67e-08 1.87e+02  -5.7 8.65e+00    -  4.97e-05 1.92e-04f  1
 391  3.4546725e+02 1.67e-08 1.87e+02  -5.7 6.08e+00    -  1.56e-04 2.85e-04f  1
 392  3.4546673e+02 1.67e-08 1.87e+02  -5.7 8.63e+00    -  4.98e-05 1.92e-04f  1
 393  3.4546617e+02 1.67e-08 1.87e+02  -5.7 6.08e+00    -  1.56e-04 2.86e-04f  1
 394  3.4546565e+02 1.67e-08 1.87e+02  -5.7 8.61e+00    -  4.98e-05 1.92e-04f  1
 395  3.4546509e+02 1.67e-08 1.87e+02  -5.7 6.08e+00    -  1.57e-04 2.87e-04f  1
 396  3.4546457e+02 1.67e-08 1.87e+02  -5.7 8.59e+00    -  4.98e-05 1.92e-04f  1
 397  3.4546401e+02 1.67e-08 1.87e+02  -5.7 6.07e+00    -  1.57e-04 2.87e-04f  1
 398  3.4546349e+02 1.67e-08 1.87e+02  -5.7 8.57e+00    -  4.99e-05 1.92e-04f  1
 399  3.4546293e+02 1.67e-08 1.87e+02  -5.7 6.07e+00    -  1.58e-04 2.88e-04f  1
iter    objective    inf_pr   inf_du lg(mu)  ||d||  lg(rg) alpha_du alpha_pr  ls
 400  3.4546242e+02 1.67e-08 1.87e+02  -5.7 8.54e+00    -  4.99e-05 1.92e-04f  1
 401  3.4546186e+02 1.67e-08 1.87e+02  -5.7 6.06e+00    -  1.58e-04 2.88e-04f  1
 402  3.4546134e+02 1.67e-08 1.87e+02  -5.7 8.52e+00    -  5.00e-05 1.92e-04f  1
 403  3.4546078e+02 1.67e-08 1.87e+02  -5.7 6.06e+00    -  1.58e-04 2.89e-04f  1
 404  3.4546027e+02 1.67e-08 1.87e+02  -5.7 8.50e+00    -  5.00e-05 1.93e-04f  1
 405  3.4545971e+02 1.67e-08 1.87e+02  -5.7 6.05e+00    -  1.59e-04 2.89e-04f  1
 406  3.4545920e+02 1.67e-08 1.87e+02  -5.7 8.48e+00    -  5.01e-05 1.93e-04f  1
 407  3.4545864e+02 1.67e-08 1.87e+02  -5.7 6.05e+00    -  1.59e-04 2.90e-04f  1
 408  3.4545812e+02 1.67e-08 1.86e+02  -5.7 8.46e+00    -  5.01e-05 1.93e-04f  1
 409  3.4545756e+02 1.67e-08 1.86e+02  -5.7 6.04e+00    -  1.60e-04 2.90e-04f  1
iter    objective    inf_pr   inf_du lg(mu)  ||d||  lg(rg) alpha_du alpha_pr  ls
 410  3.4545706e+02 1.67e-08 1.86e+02  -5.7 8.43e+00    -  5.02e-05 1.93e-04f  1
 411  3.4545649e+02 1.67e-08 1.86e+02  -5.7 6.04e+00    -  1.60e-04 2.91e-04f  1
 412  3.4545599e+02 1.67e-08 1.86e+02  -5.7 8.41e+00    -  5.02e-05 1.93e-04f  1
 413  3.4545543e+02 1.67e-08 1.86e+02  -5.7 6.03e+00    -  1.60e-04 2.91e-04f  1
 414  3.4545492e+02 1.67e-08 1.86e+02  -5.7 8.39e+00    -  5.03e-05 1.94e-04f  1
 415  3.4545436e+02 1.66e-08 1.86e+02  -5.7 6.03e+00    -  1.61e-04 2.92e-04f  1
 416  3.4545385e+02 1.66e-08 1.86e+02  -5.7 8.37e+00    -  5.03e-05 1.94e-04f  1
 417  3.4545329e+02 1.66e-08 1.86e+02  -5.7 6.03e+00    -  1.61e-04 2.92e-04f  1
 418  3.4545279e+02 1.66e-08 1.86e+02  -5.7 8.34e+00    -  5.04e-05 1.94e-04f  1
 419  3.4545223e+02 1.66e-08 1.86e+02  -5.7 6.02e+00    -  1.62e-04 2.93e-04f  1
iter    objective    inf_pr   inf_du lg(mu)  ||d||  lg(rg) alpha_du alpha_pr  ls
 420  3.4545173e+02 1.66e-08 1.86e+02  -5.7 8.32e+00    -  5.04e-05 1.94e-04f  1
 421  3.4545117e+02 1.66e-08 1.86e+02  -5.7 6.02e+00    -  1.62e-04 2.93e-04f  1
 422  3.4545067e+02 1.66e-08 1.86e+02  -5.7 8.30e+00    -  5.05e-05 1.94e-04f  1
 423  3.4545011e+02 1.66e-08 1.86e+02  -5.7 6.01e+00    -  1.62e-04 2.94e-04f  1
 424  3.4544961e+02 1.66e-08 1.86e+02  -5.7 8.28e+00    -  5.06e-05 1.95e-04f  1
 425  3.4544905e+02 1.66e-08 1.86e+02  -5.7 6.01e+00    -  1.63e-04 2.94e-04f  1
 426  3.4544855e+02 1.66e-08 1.86e+02  -5.7 8.26e+00    -  5.06e-05 1.95e-04f  1
 427  3.4544799e+02 1.66e-08 1.86e+02  -5.7 6.00e+00    -  1.63e-04 2.95e-04f  1
 428  3.4544749e+02 1.66e-08 1.86e+02  -5.7 8.23e+00    -  5.07e-05 1.95e-04f  1
 429  3.4544693e+02 1.66e-08 1.86e+02  -5.7 6.00e+00    -  1.63e-04 2.95e-04f  1
iter    objective    inf_pr   inf_du lg(mu)  ||d||  lg(rg) alpha_du alpha_pr  ls
 430  3.4544644e+02 1.66e-08 1.85e+02  -5.7 8.21e+00    -  5.07e-05 1.95e-04f  1
 431  3.4544588e+02 1.66e-08 1.85e+02  -5.7 5.99e+00    -  1.64e-04 2.95e-04f  1
 432  3.4544538e+02 1.66e-08 1.85e+02  -5.7 8.19e+00    -  5.08e-05 1.96e-04f  1
 433  3.4544482e+02 1.66e-08 1.85e+02  -5.7 5.99e+00    -  1.64e-04 2.96e-04f  1
 434  3.4544433e+02 1.66e-08 1.85e+02  -5.7 8.17e+00    -  5.09e-05 1.96e-04f  1
 435  3.4544377e+02 1.66e-08 1.85e+02  -5.7 5.98e+00    -  1.65e-04 2.96e-04f  1
 436  3.4544328e+02 1.66e-08 1.85e+02  -5.7 8.14e+00    -  5.09e-05 1.96e-04f  1
 437  3.4544272e+02 1.66e-08 1.85e+02  -5.7 5.98e+00    -  1.65e-04 2.97e-04f  1
 438  3.4544223e+02 1.66e-08 1.85e+02  -5.7 8.12e+00    -  5.10e-05 1.96e-04f  1
 439  3.4544167e+02 1.65e-08 1.85e+02  -5.7 5.97e+00    -  1.65e-04 2.97e-04f  1
iter    objective    inf_pr   inf_du lg(mu)  ||d||  lg(rg) alpha_du alpha_pr  ls
 440  3.4544118e+02 1.65e-08 1.85e+02  -5.7 8.10e+00    -  5.11e-05 1.97e-04f  1
 441  3.4544062e+02 1.65e-08 1.85e+02  -5.7 5.97e+00    -  1.66e-04 2.98e-04f  1
 442  3.4544013e+02 1.65e-08 1.85e+02  -5.7 8.08e+00    -  5.12e-05 1.97e-04f  1
 443  3.4543957e+02 1.65e-08 1.85e+02  -5.7 5.96e+00    -  1.66e-04 2.98e-04f  1
 444  3.4543909e+02 1.65e-08 1.85e+02  -5.7 8.06e+00    -  5.12e-05 1.97e-04f  1
 445  3.4543853e+02 1.65e-08 1.85e+02  -5.7 5.96e+00    -  1.66e-04 2.99e-04f  1
 446  3.4543804e+02 1.65e-08 1.85e+02  -5.7 8.03e+00    -  5.13e-05 1.97e-04f  1
 447  3.4543748e+02 1.65e-08 1.85e+02  -5.7 5.95e+00    -  1.67e-04 2.99e-04f  1
 448  3.4543700e+02 1.65e-08 1.85e+02  -5.7 8.01e+00    -  5.14e-05 1.98e-04f  1
 449  3.4543644e+02 1.65e-08 1.85e+02  -5.7 5.95e+00    -  1.67e-04 3.00e-04f  1
iter    objective    inf_pr   inf_du lg(mu)  ||d||  lg(rg) alpha_du alpha_pr  ls
 450  3.4543596e+02 1.65e-08 1.85e+02  -5.7 7.99e+00    -  5.15e-05 1.98e-04f  1
 451  3.4543540e+02 1.65e-08 1.85e+02  -5.7 5.95e+00    -  1.68e-04 3.00e-04f  1
 452  3.4543492e+02 1.65e-08 1.84e+02  -5.7 7.97e+00    -  5.15e-05 1.98e-04f  1
 453  3.4543436e+02 1.65e-08 1.84e+02  -5.7 5.94e+00    -  1.68e-04 3.00e-04f  1
 454  3.4543388e+02 1.65e-08 1.84e+02  -5.7 7.94e+00    -  5.16e-05 1.99e-04f  1
 455  3.4543332e+02 1.65e-08 1.84e+02  -5.7 5.94e+00    -  1.68e-04 3.01e-04f  1
 456  3.4543284e+02 1.65e-08 1.84e+02  -5.7 7.92e+00    -  5.17e-05 1.99e-04f  1
 457  3.4543228e+02 1.65e-08 1.84e+02  -5.7 5.93e+00    -  1.69e-04 3.01e-04f  1
 458  3.4543180e+02 1.65e-08 1.84e+02  -5.7 7.90e+00    -  5.18e-05 1.99e-04f  1
 459  3.4543124e+02 1.65e-08 1.84e+02  -5.7 5.93e+00    -  1.69e-04 3.02e-04f  1
iter    objective    inf_pr   inf_du lg(mu)  ||d||  lg(rg) alpha_du alpha_pr  ls
 460  3.4543077e+02 1.65e-08 1.84e+02  -5.7 7.88e+00    -  5.19e-05 2.00e-04f  1
 461  3.4543021e+02 1.65e-08 1.84e+02  -5.7 5.92e+00    -  1.69e-04 3.02e-04f  1
 462  3.4542973e+02 1.65e-08 1.84e+02  -5.7 7.86e+00    -  5.20e-05 2.00e-04f  1
 463  3.4542918e+02 1.64e-08 1.84e+02  -5.7 5.92e+00    -  1.70e-04 3.03e-04f  1
 464  3.4542870e+02 1.64e-08 1.84e+02  -5.7 7.83e+00    -  5.20e-05 2.00e-04f  1
 465  3.4542814e+02 1.64e-08 1.84e+02  -5.7 5.91e+00    -  1.70e-04 3.03e-04f  1
 466  3.4542767e+02 1.64e-08 1.84e+02  -5.7 7.81e+00    -  5.21e-05 2.00e-04f  1
 467  3.4542711e+02 1.64e-08 1.84e+02  -5.7 5.91e+00    -  1.70e-04 3.03e-04f  1
 468  3.4542664e+02 1.64e-08 1.84e+02  -5.7 7.79e+00    -  5.22e-05 2.01e-04f  1
 469  3.4542608e+02 1.64e-08 1.84e+02  -5.7 5.90e+00    -  1.71e-04 3.04e-04f  1
iter    objective    inf_pr   inf_du lg(mu)  ||d||  lg(rg) alpha_du alpha_pr  ls
 470  3.4542561e+02 1.64e-08 1.84e+02  -5.7 7.77e+00    -  5.23e-05 2.01e-04f  1
 471  3.4542506e+02 1.64e-08 1.84e+02  -5.7 5.90e+00    -  1.71e-04 3.04e-04f  1
 472  3.4542459e+02 1.64e-08 1.84e+02  -5.7 7.75e+00    -  5.24e-05 2.01e-04f  1
 473  3.4542403e+02 1.64e-08 1.83e+02  -5.7 5.89e+00    -  1.71e-04 3.05e-04f  1
 474  3.4542356e+02 1.64e-08 1.83e+02  -5.7 7.72e+00    -  5.25e-05 2.02e-04f  1
 475  3.4542300e+02 1.64e-08 1.83e+02  -5.7 5.89e+00    -  1.72e-04 3.05e-04f  1
 476  3.4542254e+02 1.64e-08 1.83e+02  -5.7 7.70e+00    -  5.26e-05 2.02e-04f  1
 477  3.4542198e+02 1.64e-08 1.83e+02  -5.7 5.88e+00    -  1.72e-04 3.05e-04f  1
 478  3.4542151e+02 1.64e-08 1.83e+02  -5.7 7.68e+00    -  5.27e-05 2.02e-04f  1
 479  3.4542096e+02 1.64e-08 1.83e+02  -5.7 5.88e+00    -  1.73e-04 3.06e-04f  1
iter    objective    inf_pr   inf_du lg(mu)  ||d||  lg(rg) alpha_du alpha_pr  ls
 480  3.4542049e+02 1.64e-08 1.83e+02  -5.7 7.66e+00    -  5.28e-05 2.03e-04f  1
 481  3.4541994e+02 1.64e-08 1.83e+02  -5.7 5.87e+00    -  1.73e-04 3.06e-04f  1
 482  3.4541947e+02 1.64e-08 1.83e+02  -5.7 7.64e+00    -  5.29e-05 2.03e-04f  1
 483  3.4541892e+02 1.64e-08 1.83e+02  -5.7 5.87e+00    -  1.73e-04 3.07e-04f  1
 484  3.4541845e+02 1.64e-08 1.83e+02  -5.7 7.61e+00    -  5.30e-05 2.03e-04f  1
 485  3.4541790e+02 1.64e-08 1.83e+02  -5.7 5.86e+00    -  1.74e-04 3.07e-04f  1
 486  3.4541744e+02 1.64e-08 1.83e+02  -5.7 7.59e+00    -  5.31e-05 2.04e-04f  1
 487  3.4541688e+02 1.64e-08 1.83e+02  -5.7 5.86e+00    -  1.74e-04 3.07e-04f  1
 488  3.4541642e+02 1.63e-08 1.83e+02  -5.7 7.57e+00    -  5.32e-05 2.04e-04f  1
 489  3.4541587e+02 1.63e-08 1.83e+02  -5.7 5.85e+00    -  1.74e-04 3.08e-04f  1
iter    objective    inf_pr   inf_du lg(mu)  ||d||  lg(rg) alpha_du alpha_pr  ls
 490  3.4541541e+02 1.63e-08 1.83e+02  -5.7 7.55e+00    -  5.33e-05 2.04e-04f  1
 491  3.4541485e+02 1.63e-08 1.83e+02  -5.7 5.85e+00    -  1.75e-04 3.08e-04f  1
 492  3.4541439e+02 1.63e-08 1.83e+02  -5.7 7.53e+00    -  5.34e-05 2.05e-04f  1
 493  3.4541384e+02 1.63e-08 1.83e+02  -5.7 5.84e+00    -  1.75e-04 3.09e-04f  1
 494  3.4541338e+02 1.63e-08 1.83e+02  -5.7 7.50e+00    -  5.35e-05 2.05e-04f  1
 495  3.4541283e+02 1.63e-08 1.82e+02  -5.7 5.84e+00    -  1.75e-04 3.09e-04f  1
 496  3.4541237e+02 1.63e-08 1.82e+02  -5.7 7.48e+00    -  5.36e-05 2.06e-04f  1
 497  3.4541182e+02 1.63e-08 1.82e+02  -5.7 5.83e+00    -  1.76e-04 3.09e-04f  1
 498  3.4541136e+02 1.63e-08 1.82e+02  -5.7 7.46e+00    -  5.37e-05 2.06e-04f  1
 499  3.4541081e+02 1.63e-08 1.82e+02  -5.7 5.83e+00    -  1.76e-04 3.10e-04f  1
iter    objective    inf_pr   inf_du lg(mu)  ||d||  lg(rg) alpha_du alpha_pr  ls
 500  3.4541035e+02 1.63e-08 1.82e+02  -5.7 7.44e+00    -  5.38e-05 2.06e-04f  1
 501  3.4540980e+02 1.63e-08 1.82e+02  -5.7 5.82e+00    -  1.76e-04 3.10e-04f  1
 502  3.4540935e+02 1.63e-08 1.82e+02  -5.7 7.42e+00    -  5.39e-05 2.07e-04f  1
 503  3.4540880e+02 1.63e-08 1.82e+02  -5.7 5.82e+00    -  1.77e-04 3.11e-04f  1
 504  3.4540834e+02 1.63e-08 1.82e+02  -5.7 7.40e+00    -  5.40e-05 2.07e-04f  1
 505  3.4540779e+02 1.63e-08 1.82e+02  -5.7 5.81e+00    -  1.77e-04 3.11e-04f  1
 506  3.4540734e+02 1.63e-08 1.82e+02  -5.7 7.37e+00    -  5.41e-05 2.07e-04f  1
 507  3.4540679e+02 1.63e-08 1.82e+02  -5.7 5.81e+00    -  1.77e-04 3.11e-04f  1
 508  3.4540634e+02 1.63e-08 1.82e+02  -5.7 7.35e+00    -  5.42e-05 2.08e-04f  1
 509  3.4540578e+02 1.63e-08 1.82e+02  -5.7 5.80e+00    -  1.78e-04 3.12e-04f  1
iter    objective    inf_pr   inf_du lg(mu)  ||d||  lg(rg) alpha_du alpha_pr  ls
 510  3.4540533e+02 1.63e-08 1.82e+02  -5.7 7.33e+00    -  5.43e-05 2.08e-04f  1
 511  3.4540478e+02 1.62e-08 1.82e+02  -5.7 5.80e+00    -  1.78e-04 3.12e-04f  1
 512  3.4540433e+02 1.62e-08 1.82e+02  -5.7 7.31e+00    -  5.44e-05 2.09e-04f  1
 513  3.4540378e+02 1.62e-08 1.82e+02  -5.7 5.79e+00    -  1.78e-04 3.13e-04f  1
 514  3.4540334e+02 1.62e-08 1.82e+02  -5.7 7.29e+00    -  5.46e-05 2.09e-04f  1
 515  3.4540279e+02 1.62e-08 1.82e+02  -5.7 5.79e+00    -  1.79e-04 3.13e-04f  1
 516  3.4540234e+02 1.62e-08 1.81e+02  -5.7 7.27e+00    -  5.47e-05 2.09e-04f  1
 517  3.4540179e+02 1.62e-08 1.81e+02  -5.7 5.78e+00    -  1.79e-04 3.13e-04f  1
 518  3.4540134e+02 1.62e-08 1.81e+02  -5.7 7.25e+00    -  5.48e-05 2.10e-04f  1
 519  3.4540079e+02 1.62e-08 1.81e+02  -5.7 5.78e+00    -  1.79e-04 3.14e-04f  1
iter    objective    inf_pr   inf_du lg(mu)  ||d||  lg(rg) alpha_du alpha_pr  ls
 520  3.4540035e+02 1.62e-08 1.81e+02  -5.7 7.22e+00    -  5.49e-05 2.10e-04f  1
 521  3.4539980e+02 1.62e-08 1.81e+02  -5.7 5.77e+00    -  1.80e-04 3.14e-04f  1
 522  3.4539936e+02 1.62e-08 1.81e+02  -5.7 7.20e+00    -  5.50e-05 2.11e-04f  1
 523  3.4539881e+02 1.62e-08 1.81e+02  -5.7 5.77e+00    -  1.80e-04 3.14e-04f  1
 524  3.4539836e+02 1.62e-08 1.81e+02  -5.7 7.18e+00    -  5.51e-05 2.11e-04f  1
 525  3.4539782e+02 1.62e-08 1.81e+02  -5.7 5.76e+00    -  1.80e-04 3.15e-04f  1
 526  3.4539737e+02 1.62e-08 1.81e+02  -5.7 7.16e+00    -  5.53e-05 2.12e-04f  1
 527  3.4539683e+02 1.62e-08 1.81e+02  -5.7 5.76e+00    -  1.81e-04 3.15e-04f  1
 528  3.4539638e+02 1.62e-08 1.81e+02  -5.7 7.14e+00    -  5.54e-05 2.12e-04f  1
 529  3.4539584e+02 1.62e-08 1.81e+02  -5.7 5.75e+00    -  1.81e-04 3.15e-04f  1
iter    objective    inf_pr   inf_du lg(mu)  ||d||  lg(rg) alpha_du alpha_pr  ls
 530  3.4539540e+02 1.62e-08 1.81e+02  -5.7 7.12e+00    -  5.55e-05 2.12e-04f  1
 531  3.4539485e+02 1.62e-08 1.81e+02  -5.7 5.75e+00    -  1.81e-04 3.16e-04f  1
 532  3.4539441e+02 1.62e-08 1.81e+02  -5.7 7.10e+00    -  5.56e-05 2.13e-04f  1
 533  3.4539386e+02 1.62e-08 1.81e+02  -5.7 5.74e+00    -  1.82e-04 3.16e-04f  1
 534  3.4539342e+02 1.62e-08 1.81e+02  -5.7 7.08e+00    -  5.58e-05 2.13e-04f  1
 535  3.4539288e+02 1.61e-08 1.81e+02  -5.7 5.74e+00    -  1.82e-04 3.17e-04f  1
 536  3.4539244e+02 1.61e-08 1.81e+02  -5.7 7.06e+00    -  5.59e-05 2.14e-04f  1
 537  3.4539190e+02 1.61e-08 1.80e+02  -5.7 5.73e+00    -  1.82e-04 3.17e-04f  1
 538  3.4539146e+02 1.61e-08 1.80e+02  -5.7 7.04e+00    -  5.60e-05 2.14e-04f  1
 539  3.4539091e+02 1.61e-08 1.80e+02  -5.7 5.73e+00    -  1.83e-04 3.17e-04f  1
iter    objective    inf_pr   inf_du lg(mu)  ||d||  lg(rg) alpha_du alpha_pr  ls
 540  3.4539048e+02 1.61e-08 1.80e+02  -5.7 7.02e+00    -  5.61e-05 2.15e-04f  1
 541  3.4538993e+02 1.61e-08 1.80e+02  -5.7 5.72e+00    -  1.83e-04 3.18e-04f  1
 542  3.4538950e+02 1.61e-08 1.80e+02  -5.7 6.99e+00    -  5.63e-05 2.15e-04f  1
 543  3.4538895e+02 1.61e-08 1.80e+02  -5.7 5.72e+00    -  1.83e-04 3.18e-04f  1
 544  3.4538852e+02 1.61e-08 1.80e+02  -5.7 6.97e+00    -  5.64e-05 2.15e-04f  1
 545  3.4538797e+02 1.61e-08 1.80e+02  -5.7 5.71e+00    -  1.84e-04 3.18e-04f  1
 546  3.4538754e+02 1.61e-08 1.80e+02  -5.7 6.95e+00    -  5.65e-05 2.16e-04f  1
 547  3.4538700e+02 1.61e-08 1.80e+02  -5.7 5.71e+00    -  1.84e-04 3.19e-04f  1
 548  3.4538657e+02 1.61e-08 1.80e+02  -5.7 6.93e+00    -  5.67e-05 2.16e-04f  1
 549  3.4538602e+02 1.61e-08 1.80e+02  -5.7 5.70e+00    -  1.84e-04 3.19e-04f  1
iter    objective    inf_pr   inf_du lg(mu)  ||d||  lg(rg) alpha_du alpha_pr  ls
 550  3.4538559e+02 1.61e-08 1.80e+02  -5.7 6.91e+00    -  5.68e-05 2.17e-04f  1
 551  3.4538505e+02 1.61e-08 1.80e+02  -5.7 5.70e+00    -  1.85e-04 3.19e-04f  1
 552  3.4538462e+02 1.61e-08 1.80e+02  -5.7 6.89e+00    -  5.69e-05 2.17e-04f  1
 553  3.4538407e+02 1.61e-08 1.80e+02  -5.7 5.69e+00    -  1.85e-04 3.20e-04f  1
 554  3.4538364e+02 1.61e-08 1.80e+02  -5.7 6.87e+00    -  5.70e-05 2.18e-04f  1
 555  3.4538310e+02 1.61e-08 1.80e+02  -5.7 5.69e+00    -  1.85e-04 3.20e-04f  1
 556  3.4538267e+02 1.61e-08 1.80e+02  -5.7 6.85e+00    -  5.72e-05 2.18e-04f  1
 557  3.4538213e+02 1.61e-08 1.80e+02  -5.7 5.68e+00    -  1.86e-04 3.20e-04f  1
 558  3.4538170e+02 1.60e-08 1.79e+02  -5.7 6.83e+00    -  5.73e-05 2.19e-04f  1
 559  3.4538116e+02 1.60e-08 1.79e+02  -5.7 5.68e+00    -  1.86e-04 3.21e-04f  1
iter    objective    inf_pr   inf_du lg(mu)  ||d||  lg(rg) alpha_du alpha_pr  ls
 560  3.4538074e+02 1.60e-08 1.79e+02  -5.7 6.81e+00    -  5.75e-05 2.19e-04f  1
 561  3.4538020e+02 1.60e-08 1.79e+02  -5.7 5.67e+00    -  1.86e-04 3.21e-04f  1
 562  3.4537977e+02 1.60e-08 1.79e+02  -5.7 6.79e+00    -  5.76e-05 2.20e-04f  1
 563  3.4537923e+02 1.60e-08 1.79e+02  -5.7 5.67e+00    -  1.87e-04 3.21e-04f  1
 564  3.4537880e+02 1.60e-08 1.79e+02  -5.7 6.77e+00    -  5.77e-05 2.20e-04f  1
 565  3.4537826e+02 1.60e-08 1.79e+02  -5.7 5.66e+00    -  1.87e-04 3.22e-04f  1
 566  3.4537784e+02 1.60e-08 1.79e+02  -5.7 6.75e+00    -  5.79e-05 2.21e-04f  1
 567  3.4537730e+02 1.60e-08 1.79e+02  -5.7 5.66e+00    -  1.87e-04 3.22e-04f  1
 568  3.4537688e+02 1.60e-08 1.79e+02  -5.7 6.72e+00    -  5.80e-05 2.21e-04f  1
 569  3.4537634e+02 1.60e-08 1.79e+02  -5.7 5.65e+00    -  1.88e-04 3.23e-04f  1
iter    objective    inf_pr   inf_du lg(mu)  ||d||  lg(rg) alpha_du alpha_pr  ls
 570  3.4537592e+02 1.60e-08 1.79e+02  -5.7 6.71e+00    -  5.82e-05 2.22e-04f  1
 571  3.4537538e+02 1.60e-08 1.79e+02  -5.7 5.65e+00    -  1.88e-04 3.23e-04f  1
 572  3.4537495e+02 1.60e-08 1.79e+02  -5.7 6.69e+00    -  5.83e-05 2.22e-04f  1
 573  3.4537442e+02 1.60e-08 1.79e+02  -5.7 5.64e+00    -  1.88e-04 3.23e-04f  1
 574  3.4537400e+02 1.60e-08 1.79e+02  -5.7 6.66e+00    -  5.84e-05 2.23e-04f  1
 575  3.4537346e+02 1.60e-08 1.79e+02  -5.7 5.64e+00    -  1.89e-04 3.23e-04f  1
 576  3.4537304e+02 1.60e-08 1.79e+02  -5.7 6.65e+00    -  5.86e-05 2.23e-04f  1
 577  3.4537250e+02 1.60e-08 1.79e+02  -5.7 5.63e+00    -  1.89e-04 3.24e-04f  1
 578  3.4537208e+02 1.60e-08 1.78e+02  -5.7 6.62e+00    -  5.87e-05 2.24e-04f  1
 579  3.4537155e+02 1.60e-08 1.78e+02  -5.7 5.63e+00    -  1.89e-04 3.24e-04f  1
iter    objective    inf_pr   inf_du lg(mu)  ||d||  lg(rg) alpha_du alpha_pr  ls
 580  3.4537113e+02 1.60e-08 1.78e+02  -5.7 6.61e+00    -  5.89e-05 2.24e-04f  1
 581  3.4537059e+02 1.59e-08 1.78e+02  -5.7 5.62e+00    -  1.90e-04 3.24e-04f  1
 582  3.4537017e+02 1.59e-08 1.78e+02  -5.7 6.59e+00    -  5.90e-05 2.25e-04f  1
 583  3.4536964e+02 1.59e-08 1.78e+02  -5.7 5.62e+00    -  1.90e-04 3.25e-04f  1
 584  3.4536922e+02 1.59e-08 1.78e+02  -5.7 6.56e+00    -  5.92e-05 2.25e-04f  1
 585  3.4536868e+02 1.59e-08 1.78e+02  -5.7 5.61e+00    -  1.90e-04 3.25e-04f  1
 586  3.4536827e+02 1.59e-08 1.78e+02  -5.7 6.55e+00    -  5.93e-05 2.26e-04f  1
 587  3.4536773e+02 1.59e-08 1.78e+02  -5.7 5.61e+00    -  1.91e-04 3.25e-04f  1
 588  3.4536732e+02 1.59e-08 1.78e+02  -5.7 6.53e+00    -  5.95e-05 2.26e-04f  1
 589  3.4536678e+02 1.59e-08 1.78e+02  -5.7 5.60e+00    -  1.91e-04 3.26e-04f  1
iter    objective    inf_pr   inf_du lg(mu)  ||d||  lg(rg) alpha_du alpha_pr  ls
 590  3.4536637e+02 1.59e-08 1.78e+02  -5.7 6.50e+00    -  5.96e-05 2.27e-04f  1
 591  3.4536584e+02 1.59e-08 1.78e+02  -5.7 5.60e+00    -  1.91e-04 3.26e-04f  1
 592  3.4536542e+02 1.59e-08 1.78e+02  -5.7 6.49e+00    -  5.98e-05 2.27e-04f  1
 593  3.4536489e+02 1.59e-08 1.78e+02  -5.7 5.59e+00    -  1.92e-04 3.26e-04f  1
 594  3.4536448e+02 1.59e-08 1.78e+02  -5.7 6.46e+00    -  5.99e-05 2.28e-04f  1
 595  3.4536394e+02 1.59e-08 1.78e+02  -5.7 5.59e+00    -  1.92e-04 3.27e-04f  1
 596  3.4536353e+02 1.59e-08 1.78e+02  -5.7 6.45e+00    -  6.01e-05 2.28e-04f  1
 597  3.4536300e+02 1.59e-08 1.78e+02  -5.7 5.58e+00    -  1.92e-04 3.27e-04f  1
 598  3.4536259e+02 1.59e-08 1.78e+02  -5.7 6.43e+00    -  6.02e-05 2.29e-04f  1
 599  3.4536206e+02 1.59e-08 1.77e+02  -5.7 5.58e+00    -  1.93e-04 3.27e-04f  1
iter    objective    inf_pr   inf_du lg(mu)  ||d||  lg(rg) alpha_du alpha_pr  ls
 600  3.4536164e+02 1.59e-08 1.77e+02  -5.7 6.40e+00    -  6.04e-05 2.30e-04f  1
 601  3.4536111e+02 1.59e-08 1.77e+02  -5.7 5.57e+00    -  1.93e-04 3.28e-04f  1
 602  3.4536070e+02 1.59e-08 1.77e+02  -5.7 6.40e+00    -  6.05e-05 2.30e-04f  1
 603  3.4536017e+02 1.59e-08 1.77e+02  -5.7 5.57e+00    -  1.93e-04 3.28e-04f  1
 604  3.4535976e+02 1.58e-08 1.77e+02  -5.7 6.37e+00    -  6.07e-05 2.31e-04f  1
 605  3.4535923e+02 1.58e-08 1.77e+02  -5.7 5.56e+00    -  1.94e-04 3.29e-04f  1
 606  3.4535882e+02 1.58e-08 1.77e+02  -5.7 6.35e+00    -  6.09e-05 2.31e-04f  1
 607  3.4535830e+02 1.58e-08 1.77e+02  -5.7 5.56e+00    -  1.94e-04 3.28e-04f  1
 608  3.4535789e+02 1.58e-08 1.77e+02  -5.7 6.34e+00    -  6.10e-05 2.31e-04f  1
 609  3.4535736e+02 1.58e-08 1.77e+02  -5.7 5.55e+00    -  1.94e-04 3.29e-04f  1
iter    objective    inf_pr   inf_du lg(mu)  ||d||  lg(rg) alpha_du alpha_pr  ls
 610  3.4535695e+02 1.58e-08 1.77e+02  -5.7 6.30e+00    -  6.12e-05 2.33e-04f  1
 611  3.4535642e+02 1.58e-08 1.77e+02  -5.7 5.55e+00    -  1.94e-04 3.30e-04f  1
 612  3.4535602e+02 1.58e-08 1.77e+02  -5.7 6.30e+00    -  6.13e-05 2.33e-04f  1
 613  3.4535549e+02 1.58e-08 1.77e+02  -5.7 5.54e+00    -  1.95e-04 3.29e-04f  1
 614  3.4535508e+02 1.58e-08 1.77e+02  -5.7 6.27e+00    -  6.15e-05 2.33e-04f  1
 615  3.4535456e+02 1.58e-08 1.77e+02  -5.7 5.54e+00    -  1.95e-04 3.30e-04f  1
 616  3.4535415e+02 1.58e-08 1.77e+02  -5.7 6.25e+00    -  6.17e-05 2.34e-04f  1
 617  3.4535362e+02 1.58e-08 1.77e+02  -5.7 5.53e+00    -  1.95e-04 3.30e-04f  1
 618  3.4535322e+02 1.58e-08 1.77e+02  -5.7 6.25e+00    -  6.18e-05 2.34e-04f  1
 619  3.4535269e+02 1.58e-08 1.76e+02  -5.7 5.53e+00    -  1.96e-04 3.30e-04f  1
iter    objective    inf_pr   inf_du lg(mu)  ||d||  lg(rg) alpha_du alpha_pr  ls
 620  3.4535229e+02 1.58e-08 1.76e+02  -5.7 6.21e+00    -  6.20e-05 2.35e-04f  1
 621  3.4535176e+02 1.58e-08 1.76e+02  -5.7 5.52e+00    -  1.96e-04 3.31e-04f  1
 622  3.4535136e+02 1.58e-08 1.76e+02  -5.7 6.20e+00    -  6.22e-05 2.36e-04f  1
 623  3.4535084e+02 1.58e-08 1.76e+02  -5.7 5.52e+00    -  1.96e-04 3.31e-04f  1
 624  3.4535043e+02 1.58e-08 1.76e+02  -5.7 6.19e+00    -  6.23e-05 2.36e-04f  1
 625  3.4534991e+02 1.58e-08 1.76e+02  -5.7 5.51e+00    -  1.97e-04 3.31e-04f  1
 626  3.4534951e+02 1.58e-08 1.76e+02  -5.7 6.15e+00    -  6.25e-05 2.37e-04f  1
 627  3.4534898e+02 1.57e-08 1.76e+02  -5.7 5.50e+00    -  1.97e-04 3.32e-04f  1
 628  3.4534858e+02 1.57e-08 1.76e+02  -5.7 6.16e+00    -  6.27e-05 2.37e-04f  1
 629  3.4534806e+02 1.57e-08 1.76e+02  -5.7 5.50e+00    -  1.97e-04 3.31e-04f  1
iter    objective    inf_pr   inf_du lg(mu)  ||d||  lg(rg) alpha_du alpha_pr  ls
 630  3.4534766e+02 1.57e-08 1.76e+02  -5.7 6.12e+00    -  6.28e-05 2.38e-04f  1
 631  3.4534714e+02 1.57e-08 1.76e+02  -5.7 5.49e+00    -  1.98e-04 3.33e-04f  1
 632  3.4534674e+02 1.57e-08 1.76e+02  -5.7 6.10e+00    -  6.30e-05 2.39e-04f  1
 633  3.4534622e+02 1.57e-08 1.76e+02  -5.7 5.49e+00    -  1.98e-04 3.32e-04f  1
 634  3.4534582e+02 1.57e-08 1.76e+02  -5.7 6.10e+00    -  6.32e-05 2.38e-04f  1
 635  3.4534530e+02 1.57e-08 1.76e+02  -5.7 5.49e+00    -  1.98e-04 3.32e-04f  1
 636  3.4534490e+02 1.57e-08 1.76e+02  -5.7 6.05e+00    -  6.34e-05 2.40e-04f  1
 637  3.4534438e+02 1.57e-08 1.76e+02  -5.7 5.48e+00    -  1.99e-04 3.34e-04f  1
 638  3.4534398e+02 1.57e-08 1.76e+02  -5.7 6.06e+00    -  6.35e-05 2.40e-04f  1
 639  3.4534346e+02 1.57e-08 1.75e+02  -5.7 5.48e+00    -  1.99e-04 3.33e-04f  1
iter    objective    inf_pr   inf_du lg(mu)  ||d||  lg(rg) alpha_du alpha_pr  ls
 640  3.4534306e+02 1.57e-08 1.75e+02  -5.7 6.03e+00    -  6.37e-05 2.40e-04f  1
 641  3.4534254e+02 1.57e-08 1.75e+02  -5.7 5.47e+00    -  1.99e-04 3.34e-04f  1
 642  3.4534215e+02 1.57e-08 1.75e+02  -5.7 5.99e+00    -  6.39e-05 2.43e-04f  1
 643  3.4534163e+02 1.57e-08 1.75e+02  -5.7 5.46e+00    -  2.00e-04 3.34e-04f  1
 644  3.4534123e+02 1.57e-08 1.75e+02  -5.7 6.02e+00    -  6.40e-05 2.41e-04f  1
 645  3.4534071e+02 1.57e-08 1.75e+02  -5.7 5.46e+00    -  2.00e-04 3.33e-04f  1
 646  3.4534032e+02 1.57e-08 1.75e+02  -5.7 5.95e+00    -  6.43e-05 2.43e-04f  1
 647  3.4533980e+02 1.57e-08 1.75e+02  -5.7 5.45e+00    -  2.00e-04 3.36e-04f  1
 648  3.4533940e+02 1.57e-08 1.75e+02  -5.7 5.96e+00    -  6.44e-05 2.44e-04f  1
 649  3.4533889e+02 1.56e-08 1.75e+02  -5.7 5.46e+00    -  2.00e-04 3.34e-04f  1
iter    objective    inf_pr   inf_du lg(mu)  ||d||  lg(rg) alpha_du alpha_pr  ls
 650  3.4533849e+02 1.56e-08 1.75e+02  -5.7 5.96e+00    -  6.46e-05 2.43e-04f  1
 651  3.4533798e+02 1.56e-08 1.75e+02  -5.7 5.44e+00    -  2.01e-04 3.35e-04f  1
 652  3.4533759e+02 1.56e-08 1.75e+02  -5.7 5.89e+00    -  6.48e-05 2.46e-04f  1
 653  3.4533707e+02 1.56e-08 1.75e+02  -5.7 5.43e+00    -  2.01e-04 3.37e-04f  1
 654  3.4533667e+02 1.56e-08 1.75e+02  -5.7 5.93e+00    -  6.49e-05 2.44e-04f  1
 655  3.4533616e+02 1.56e-08 1.75e+02  -5.7 5.44e+00    -  2.01e-04 3.34e-04f  1
 656  3.4533577e+02 1.56e-08 1.75e+02  -5.7 5.87e+00    -  6.51e-05 2.46e-04f  1
 657  3.4533525e+02 1.56e-08 1.75e+02  -5.7 5.42e+00    -  2.02e-04 3.37e-04f  1
 658  3.4533486e+02 1.56e-08 1.74e+02  -5.7 5.85e+00    -  6.53e-05 2.48e-04f  1
 659  3.4533435e+02 1.56e-08 1.74e+02  -5.7 5.43e+00    -  2.02e-04 3.36e-04f  1
iter    objective    inf_pr   inf_du lg(mu)  ||d||  lg(rg) alpha_du alpha_pr  ls
 660  3.4533396e+02 1.56e-08 1.74e+02  -5.7 5.89e+00    -  6.54e-05 2.45e-04f  1
 661  3.4533344e+02 1.56e-08 1.74e+02  -5.7 5.42e+00    -  2.02e-04 3.35e-04f  1
 662  3.4533306e+02 1.56e-08 1.74e+02  -5.7 5.78e+00    -  6.58e-05 2.49e-04f  1
 663  3.4533254e+02 1.56e-08 1.74e+02  -5.7 5.40e+00    -  2.03e-04 3.39e-04f  1
 664  3.4533215e+02 1.56e-08 1.74e+02  -5.7 5.84e+00    -  6.58e-05 2.48e-04f  1
 665  3.4533164e+02 1.56e-08 1.74e+02  -5.7 5.42e+00    -  2.03e-04 3.35e-04f  1
 666  3.4533125e+02 1.56e-08 1.74e+02  -5.7 5.80e+00    -  6.60e-05 2.48e-04f  1
 667  3.4533074e+02 1.56e-08 1.74e+02  -5.7 5.40e+00    -  2.03e-04 3.38e-04f  1
 668  3.4533035e+02 1.56e-08 1.74e+02  -5.7 5.73e+00    -  6.63e-05 2.52e-04f  1
 669  3.4532984e+02 1.56e-08 1.74e+02  -5.7 5.40e+00    -  2.04e-04 3.39e-04f  1
iter    objective    inf_pr   inf_du lg(mu)  ||d||  lg(rg) alpha_du alpha_pr  ls
 670  3.4532945e+02 1.56e-08 1.74e+02  -5.7 5.82e+00    -  6.63e-05 2.48e-04f  1
 671  3.4532894e+02 1.55e-08 1.74e+02  -5.7 5.40e+00    -  2.04e-04 3.36e-04f  1
 672  3.4532856e+02 1.55e-08 1.74e+02  -5.7 5.69e+00    -  6.67e-05 2.52e-04f  1
 673  3.4532804e+02 1.55e-08 1.74e+02  -5.7 5.37e+00    -  2.04e-04 3.41e-04f  1
 674  3.4532766e+02 1.55e-08 1.74e+02  -5.7 5.73e+00    -  6.68e-05 2.53e-04f  1
 675  3.4532715e+02 1.55e-08 1.74e+02  -5.7 5.40e+00    -  2.05e-04 3.37e-04f  1
 676  3.4532676e+02 1.55e-08 1.74e+02  -5.7 5.75e+00    -  6.69e-05 2.49e-04f  1
 677  3.4532626e+02 1.55e-08 1.74e+02  -5.7 5.38e+00    -  2.05e-04 3.38e-04f  1
 678  3.4532587e+02 1.55e-08 1.73e+02  -5.7 5.61e+00    -  6.73e-05 2.57e-04f  1
 679  3.4532536e+02 1.55e-08 1.73e+02  -5.7 5.36e+00    -  2.05e-04 3.42e-04f  1
iter    objective    inf_pr   inf_du lg(mu)  ||d||  lg(rg) alpha_du alpha_pr  ls
 680  3.4532497e+02 1.55e-08 1.73e+02  -5.7 5.74e+00    -  6.72e-05 2.52e-04f  1
 681  3.4532447e+02 1.55e-08 1.73e+02  -5.7 5.39e+00    -  2.05e-04 3.36e-04f  1
 682  3.4532409e+02 1.55e-08 1.73e+02  -5.7 5.63e+00    -  6.76e-05 2.54e-04f  1
 683  3.4532358e+02 1.55e-08 1.73e+02  -5.7 5.34e+00    -  2.06e-04 3.43e-04f  1
 684  3.4532319e+02 1.55e-08 1.73e+02  -5.7 5.60e+00    -  6.78e-05 2.59e-04f  1
 685  3.4532269e+02 1.55e-08 1.73e+02  -5.7 5.36e+00    -  2.06e-04 3.40e-04f  1
 686  3.4532231e+02 1.55e-08 1.73e+02  -5.7 5.71e+00    -  6.78e-05 2.51e-04f  1
 687  3.4532180e+02 1.55e-08 1.73e+02  -5.7 5.36e+00    -  2.06e-04 3.37e-04f  1
 688  3.4532142e+02 1.55e-08 1.73e+02  -5.7 5.50e+00    -  6.83e-05 2.60e-04f  1
 689  3.4532091e+02 1.55e-08 1.73e+02  -5.7 5.32e+00    -  2.07e-04 3.46e-04f  1
iter    objective    inf_pr   inf_du lg(mu)  ||d||  lg(rg) alpha_du alpha_pr  ls
 690  3.4532053e+02 1.55e-08 1.73e+02  -5.7 5.64e+00    -  6.82e-05 2.57e-04f  1
 691  3.4532003e+02 1.55e-08 1.73e+02  -5.7 5.37e+00    -  2.07e-04 3.37e-04f  1
 692  3.4531965e+02 1.55e-08 1.73e+02  -5.7 5.59e+00    -  6.85e-05 2.54e-04f  1
 693  3.4531914e+02 1.54e-08 1.73e+02  -5.7 5.32e+00    -  2.07e-04 3.43e-04f  1
 694  3.4531876e+02 1.54e-08 1.73e+02  -5.7 5.45e+00    -  6.89e-05 2.65e-04f  1
 695  3.4531826e+02 1.54e-08 1.73e+02  -5.7 5.33e+00    -  2.08e-04 3.44e-04f  1
 696  3.4531788e+02 1.54e-08 1.73e+02  -5.7 5.67e+00    -  6.87e-05 2.54e-04f  1
 697  3.4531738e+02 1.54e-08 1.72e+02  -5.7 5.35e+00    -  2.08e-04 3.36e-04f  1
 698  3.4531700e+02 1.54e-08 1.72e+02  -5.7 5.42e+00    -  6.93e-05 2.62e-04f  1
 699  3.4531650e+02 1.54e-08 1.72e+02  -5.7 5.29e+00    -  2.09e-04 3.49e-04f  1
iter    objective    inf_pr   inf_du lg(mu)  ||d||  lg(rg) alpha_du alpha_pr  ls
 700  3.4531611e+02 1.54e-08 1.72e+02  -5.7 5.51e+00    -  6.93e-05 2.64e-04f  1
 701  3.4531561e+02 1.54e-08 1.72e+02  -5.7 5.34e+00    -  2.09e-04 3.39e-04f  1
 702  3.4531524e+02 1.54e-08 1.72e+02  -5.7 5.58e+00    -  6.93e-05 2.54e-04f  1
 703  3.4531474e+02 1.54e-08 1.72e+02  -5.7 5.31e+00    -  2.09e-04 3.41e-04f  1
 704  3.4531437e+02 1.54e-08 1.72e+02  -5.7 5.30e+00    -  7.01e-05 2.70e-04f  1
 705  3.4531386e+02 1.54e-08 1.72e+02  -5.7 5.28e+00    -  2.09e-04 3.50e-04f  1
 706  3.4531348e+02 1.54e-08 1.72e+02  -5.7 5.61e+00    -  6.96e-05 2.58e-04f  1
 707  3.4531298e+02 1.54e-08 1.72e+02  -5.7 5.35e+00    -  2.09e-04 3.35e-04f  1
 708  3.4531262e+02 1.54e-08 1.72e+02  -5.7 5.38e+00    -  7.03e-05 2.62e-04f  1
 709  3.4531211e+02 1.54e-08 1.72e+02  -5.7 5.25e+00    -  2.10e-04 3.50e-04f  1
iter    objective    inf_pr   inf_du lg(mu)  ||d||  lg(rg) alpha_du alpha_pr  ls
 710  3.4531173e+02 1.54e-08 1.72e+02  -5.7 5.33e+00    -  7.05e-05 2.72e-04f  1
 711  3.4531123e+02 1.54e-08 1.72e+02  -5.7 5.31e+00    -  2.10e-04 3.44e-04f  1
 712  3.4531086e+02 1.54e-08 1.72e+02  -5.7 5.60e+00    -  7.01e-05 2.54e-04f  1
 713  3.4531037e+02 1.54e-08 1.72e+02  -5.7 5.31e+00    -  2.10e-04 3.37e-04f  1
 714  3.4531000e+02 1.53e-08 1.72e+02  -5.7 5.17e+00    -  7.13e-05 2.74e-04f  1
 715  3.4530949e+02 1.53e-08 1.72e+02  -5.7 5.23e+00    -  2.11e-04 3.55e-04f  1
 716  3.4530911e+02 1.53e-08 1.71e+02  -5.7 5.49e+00    -  7.07e-05 2.66e-04f  1
 717  3.4530862e+02 1.53e-08 1.71e+02  -5.7 5.33e+00    -  2.11e-04 3.35e-04f  1
 718  3.4530825e+02 1.53e-08 1.71e+02  -5.7 5.40e+00    -  7.11e-05 2.59e-04f  1
 719  3.4530776e+02 1.53e-08 1.71e+02  -5.7 5.24e+00    -  2.12e-04 3.48e-04f  1
iter    objective    inf_pr   inf_du lg(mu)  ||d||  lg(rg) alpha_du alpha_pr  ls
 720  3.4530738e+02 1.53e-08 1.71e+02  -5.7 5.12e+00    -  7.19e-05 2.82e-04f  1
 721  3.4530688e+02 1.53e-08 1.71e+02  -5.7 5.25e+00    -  2.12e-04 3.51e-04f  1
 722  3.4530650e+02 1.53e-08 1.71e+02  -5.7 5.61e+00    -  7.09e-05 2.56e-04f  1
 723  3.4530602e+02 1.53e-08 1.71e+02  -5.7 5.32e+00    -  2.12e-04 3.32e-04f  1
 724  3.4530566e+02 1.53e-08 1.71e+02  -5.7 5.09e+00    -  7.23e-05 2.74e-04f  1
 725  3.4530515e+02 1.53e-08 1.71e+02  -5.7 5.18e+00    -  2.13e-04 3.60e-04f  1
 726  3.4530477e+02 1.53e-08 1.71e+02  -5.7 5.30e+00    -  7.20e-05 2.77e-04f  1
 727  3.4530428e+02 1.53e-08 1.71e+02  -5.7 5.31e+00    -  2.12e-04 3.39e-04f  1
 728  3.4530392e+02 1.53e-08 1.71e+02  -5.7 5.49e+00    -  7.17e-05 2.55e-04f  1
 729  3.4530343e+02 1.53e-08 1.71e+02  -5.7 5.24e+00    -  2.13e-04 3.42e-04f  1
iter    objective    inf_pr   inf_du lg(mu)  ||d||  lg(rg) alpha_du alpha_pr  ls
 730  3.4530307e+02 1.53e-08 1.71e+02  -5.7 4.91e+00    -  7.33e-05 2.90e-04f  1
 731  3.4530256e+02 1.53e-08 1.71e+02  -5.7 5.18e+00    -  2.14e-04 3.61e-04f  1
 732  3.4530218e+02 1.53e-08 1.71e+02  -5.7 5.57e+00    -  7.19e-05 2.62e-04f  1
 733  3.4530170e+02 1.53e-08 1.71e+02  -5.7 5.33e+00    -  2.13e-04 3.28e-04f  1
 734  3.4530135e+02 1.53e-08 1.71e+02  -5.7 5.10e+00    -  7.32e-05 2.69e-04f  1
 735  3.4530085e+02 1.52e-08 1.70e+02  -5.7 5.14e+00    -  2.14e-04 3.61e-04f  1
 736  3.4530047e+02 1.52e-08 1.70e+02  -5.7 5.03e+00    -  7.35e-05 2.93e-04f  1
 737  3.4529997e+02 1.52e-08 1.70e+02  -5.7 5.25e+00    -  2.14e-04 3.48e-04f  1
 738  3.4529961e+02 1.52e-08 1.70e+02  -5.7 5.62e+00    -  7.22e-05 2.51e-04f  1
 739  3.4529914e+02 1.52e-08 1.70e+02  -5.7 5.27e+00    -  2.14e-04 3.33e-04f  1
iter    objective    inf_pr   inf_du lg(mu)  ||d||  lg(rg) alpha_du alpha_pr  ls
 740  3.4529878e+02 1.52e-08 1.70e+02  -5.7 4.75e+00    -  7.46e-05 2.94e-04f  1
 741  3.4529827e+02 1.52e-08 1.70e+02  -5.7 5.10e+00    -  2.16e-04 3.72e-04f  1
 742  3.4529788e+02 1.52e-08 1.70e+02  -5.7 5.41e+00    -  7.31e-05 2.75e-04f  1
 743  3.4529741e+02 1.52e-08 1.70e+02  -5.7 5.33e+00    -  2.15e-04 3.28e-04f  1
 744  3.4529706e+02 1.52e-08 1.70e+02  -5.7 5.24e+00    -  7.37e-05 2.60e-04f  1
 745  3.4529657e+02 1.52e-08 1.70e+02  -5.7 5.13e+00    -  2.16e-04 3.55e-04f  1
 746  3.4529620e+02 1.52e-08 1.70e+02  -5.7 4.70e+00    -  7.53e-05 3.09e-04f  1
 747  3.4529570e+02 1.52e-08 1.70e+02  -5.7 5.17e+00    -  2.16e-04 3.63e-04f  1
 748  3.4529533e+02 1.52e-08 1.70e+02  -5.7 5.74e+00    -  7.28e-05 2.52e-04f  1
 749  3.4529487e+02 1.52e-08 1.70e+02  -5.7 5.32e+00    -  2.15e-04 3.21e-04f  1
iter    objective    inf_pr   inf_du lg(mu)  ||d||  lg(rg) alpha_du alpha_pr  ls
 750  3.4529452e+02 1.52e-08 1.70e+02  -5.7 4.68e+00    -  7.57e-05 2.89e-04f  1
 751  3.4529401e+02 1.52e-08 1.70e+02  -5.7 5.03e+00    -  2.17e-04 3.79e-04f  1
 752  3.4529363e+02 1.52e-08 1.70e+02  -5.7 5.09e+00    -  7.48e-05 2.96e-04f  1
 753  3.4529315e+02 1.52e-08 1.70e+02  -5.7 5.30e+00    -  2.16e-04 3.35e-04f  1
 754  3.4529280e+02 1.52e-08 1.69e+02  -5.7 5.52e+00    -  7.39e-05 2.48e-04f  1
 755  3.4529233e+02 1.52e-08 1.69e+02  -5.7 5.17e+00    -  2.17e-04 3.41e-04f  1
 756  3.4529197e+02 1.51e-08 1.69e+02  -5.7 4.40e+00    -  7.71e-05 3.22e-04f  1
 757  3.4529145e+02 1.51e-08 1.69e+02  -5.7 5.06e+00    -  2.18e-04 3.82e-04f  1
 758  3.4529107e+02 1.51e-08 1.69e+02  -5.7 5.71e+00    -  7.37e-05 2.61e-04f  1
 759  3.4529062e+02 1.51e-08 1.69e+02  -5.7 5.37e+00    -  2.16e-04 3.12e-04f  1
iter    objective    inf_pr   inf_du lg(mu)  ||d||  lg(rg) alpha_du alpha_pr  ls
 760  3.4529029e+02 1.51e-08 1.69e+02  -5.7 4.80e+00    -  7.63e-05 2.75e-04f  1
 761  3.4528979e+02 1.51e-08 1.69e+02  -5.7 4.98e+00    -  2.19e-04 3.78e-04f  1
 762  3.4528940e+02 1.51e-08 1.69e+02  -5.7 4.64e+00    -  7.70e-05 3.26e-04f  1
 763  3.4528891e+02 1.51e-08 1.69e+02  -5.7 5.21e+00    -  2.18e-04 3.53e-04f  1
 764  3.4528855e+02 1.51e-08 1.69e+02  -5.7 5.89e+00    -  7.37e-05 2.37e-04f  1
 765  3.4528811e+02 1.51e-08 1.69e+02  -5.7 5.26e+00    -  2.18e-04 3.20e-04f  1
 766  3.4528777e+02 1.51e-08 1.69e+02  -5.7 4.24e+00    -  7.87e-05 3.24e-04f  1
 767  3.4528724e+02 1.51e-08 1.69e+02  -5.7 4.93e+00    -  2.20e-04 4.01e-04f  1
 768  3.4528685e+02 1.51e-08 1.69e+02  -5.7 5.42e+00    -  7.53e-05 2.86e-04f  1
 769  3.4528640e+02 1.51e-08 1.69e+02  -5.7 5.38e+00    -  2.18e-04 3.11e-04f  1
iter    objective    inf_pr   inf_du lg(mu)  ||d||  lg(rg) alpha_du alpha_pr  ls
 770  3.4528607e+02 1.51e-08 1.69e+02  -5.7 5.17e+00    -  7.62e-05 2.52e-04f  1
 771  3.4528559e+02 1.51e-08 1.69e+02  -5.7 5.00e+00    -  2.20e-04 3.64e-04f  1
 772  3.4528522e+02 1.51e-08 1.69e+02  -5.7 4.21e+00    -  7.95e-05 3.57e-04f  1
 773  3.4528471e+02 1.51e-08 1.68e+02  -5.7 5.07e+00    -  2.20e-04 3.83e-04f  1
 774  3.4528433e+02 1.51e-08 1.68e+02  -5.7 6.19e+00    -  7.37e-05 2.37e-04f  1
 775  3.4528391e+02 1.51e-08 1.68e+02  -5.7 5.38e+00    -  2.18e-04 2.96e-04f  1
 776  3.4528359e+02 1.51e-08 1.68e+02  -5.7 4.23e+00    -  7.97e-05 3.07e-04f  1
 777  3.4528306e+02 1.50e-08 1.68e+02  -5.7 4.82e+00    -  2.23e-04 4.12e-04f  1
 778  3.4528266e+02 1.50e-08 1.68e+02  -5.7 4.84e+00    -  7.79e-05 3.29e-04f  1
 779  3.4528220e+02 1.50e-08 1.68e+02  -5.7 5.32e+00    -  2.20e-04 3.28e-04f  1
iter    objective    inf_pr   inf_du lg(mu)  ||d||  lg(rg) alpha_du alpha_pr  ls
 780  3.4528187e+02 1.50e-08 1.68e+02  -5.7 5.83e+00    -  7.52e-05 2.27e-04f  1
 781  3.4528142e+02 1.50e-08 1.68e+02  -5.7 5.11e+00    -  2.21e-04 3.33e-04f  1
 782  3.4528107e+02 1.50e-08 1.68e+02  -5.7 3.92e+00    -  8.19e-05 3.76e-04f  1
 783  3.4528053e+02 1.50e-08 1.68e+02  -5.7 4.88e+00    -  2.23e-04 4.19e-04f  1
 784  3.4528014e+02 1.50e-08 1.68e+02  -5.7 6.12e+00    -  7.47e-05 2.56e-04f  1
 785  3.4527973e+02 1.50e-08 1.68e+02  -5.7 5.49e+00    -  2.19e-04 2.81e-04f  1
 786  3.4527942e+02 1.50e-08 1.68e+02  -5.7 4.49e+00    -  7.97e-05 2.73e-04f  1
 787  3.4527892e+02 1.50e-08 1.68e+02  -5.7 4.77e+00    -  2.24e-04 4.05e-04f  1
 788  3.4527853e+02 1.50e-08 1.68e+02  -5.7 4.18e+00    -  8.13e-05 3.88e-04f  1
 789  3.4527803e+02 1.50e-08 1.68e+02  -5.7 5.17e+00    -  2.22e-04 3.65e-04f  1
iter    objective    inf_pr   inf_du lg(mu)  ||d||  lg(rg) alpha_du alpha_pr  ls
 790  3.4527768e+02 1.50e-08 1.68e+02  -5.7 6.67e+00    -  7.37e-05 2.09e-04f  1
 791  3.4527727e+02 1.50e-08 1.67e+02  -5.7 5.32e+00    -  2.21e-04 2.92e-04f  1
 792  3.4527695e+02 1.50e-08 1.67e+02  -5.7 3.76e+00    -  8.36e-05 3.66e-04f  1
 793  3.4527640e+02 1.50e-08 1.67e+02  -5.7 4.68e+00    -  2.26e-04 4.51e-04f  1
 794  3.4527598e+02 1.50e-08 1.67e+02  -5.7 5.46e+00    -  7.75e-05 3.06e-04f  1
 795  3.4527557e+02 1.50e-08 1.67e+02  -5.7 5.49e+00    -  2.21e-04 2.86e-04f  1
 796  3.4527527e+02 1.50e-08 1.67e+02  -5.7 5.29e+00    -  7.81e-05 2.30e-04f  1
 797  3.4527480e+02 1.49e-08 1.67e+02  -5.7 4.85e+00    -  2.25e-04 3.70e-04f  1
 798  3.4527443e+02 1.49e-08 1.67e+02  -5.7 3.70e+00    -  8.46e-05 4.40e-04f  1
 799  3.4527389e+02 1.49e-08 1.67e+02  -5.7 4.93e+00    -  2.25e-04 4.21e-04f  1
iter    objective    inf_pr   inf_du lg(mu)  ||d||  lg(rg) alpha_du alpha_pr  ls
 800  3.4527350e+02 1.49e-08 1.67e+02  -5.7 7.20e+00    -  7.29e-05 2.12e-04f  1
 801  3.4527313e+02 1.49e-08 1.67e+02  -5.7 5.56e+00    -  2.21e-04 2.53e-04f  1
 802  3.4527285e+02 1.49e-08 1.67e+02  -5.7 3.83e+00    -  8.40e-05 3.23e-04f  1
 803  3.4527231e+02 1.49e-08 1.67e+02  -5.7 4.53e+00    -  2.29e-04 4.61e-04f  1
 804  3.4527188e+02 1.49e-08 1.67e+02  -5.7 4.38e+00    -  8.18e-05 3.94e-04f  1
 805  3.4527142e+02 1.49e-08 1.67e+02  -5.7 5.36e+00    -  2.23e-04 3.25e-04f  1
 806  3.4527110e+02 1.49e-08 1.67e+02  -5.7 6.69e+00    -  7.48e-05 1.90e-04f  1
 807  3.4527069e+02 1.49e-08 1.67e+02  -5.7 5.11e+00    -  2.25e-04 3.11e-04f  1
 808  3.4527037e+02 1.49e-08 1.67e+02  -5.7 3.38e+00    -  8.73e-05 4.53e-04f  1
 809  3.4526979e+02 1.49e-08 1.66e+02  -5.7 4.64e+00    -  2.29e-04 4.81e-04f  1
iter    objective    inf_pr   inf_du lg(mu)  ||d||  lg(rg) alpha_du alpha_pr  ls
 810  3.4526937e+02 1.49e-08 1.66e+02  -5.7 6.67e+00    -  7.51e-05 2.55e-04f  1
 811  3.4526901e+02 1.49e-08 1.66e+02  -5.7 5.68e+00    -  2.21e-04 2.39e-04f  1
 812  3.4526874e+02 1.49e-08 1.66e+02  -5.7 4.33e+00    -  8.24e-05 2.58e-04f  1
 813  3.4526823e+02 1.49e-08 1.66e+02  -5.7 4.52e+00    -  2.30e-04 4.32e-04f  1
 814  3.4526783e+02 1.49e-08 1.66e+02  -5.7 3.66e+00    -  8.65e-05 4.98e-04f  1
 815  3.4526730e+02 1.49e-08 1.66e+02  -5.7 5.09e+00    -  2.26e-04 3.98e-04f  1
 816  3.4526695e+02 1.49e-08 1.66e+02  -5.7 8.28e+00    -  7.10e-05 1.71e-04f  1
 817  3.4526660e+02 1.48e-08 1.66e+02  -5.7 5.52e+00    -  2.23e-04 2.44e-04f  1
 818  3.4526632e+02 1.48e-08 1.66e+02  -5.7 3.30e+00    -  8.84e-05 4.06e-04f  1
 819  3.4526574e+02 1.48e-08 1.66e+02  -5.7 4.37e+00    -  2.32e-04 5.17e-04f  1
iter    objective    inf_pr   inf_du lg(mu)  ||d||  lg(rg) alpha_du alpha_pr  ls
 820  3.4526529e+02 1.48e-08 1.66e+02  -5.7 5.14e+00    -  8.07e-05 3.59e-04f  1
 821  3.4526489e+02 1.48e-08 1.66e+02  -5.7 5.59e+00    -  2.23e-04 2.70e-04f  1
 822  3.4526461e+02 1.48e-08 1.66e+02  -5.7 5.92e+00    -  7.82e-05 1.94e-04f  1
 823  3.4526417e+02 1.48e-08 1.66e+02  -5.7 4.76e+00    -  2.30e-04 3.60e-04f  1
 824  3.4526382e+02 1.48e-08 1.66e+02  -5.7 3.19e+00    -  9.02e-05 5.52e-04f  1
 825  3.4526323e+02 1.48e-08 1.65e+02  -5.7 4.71e+00    -  2.31e-04 4.86e-04f  1
 826  3.4526282e+02 1.48e-08 1.65e+02  -5.7 8.43e+00    -  7.11e-05 1.96e-04f  1
 827  3.4526251e+02 1.48e-08 1.65e+02  -5.7 5.82e+00    -  2.23e-04 2.03e-04f  1
 828  3.4526226e+02 1.48e-08 1.65e+02  -5.7 3.61e+00    -  8.71e-05 3.17e-04f  1
 829  3.4526172e+02 1.48e-08 1.65e+02  -5.7 4.26e+00    -  2.35e-04 5.03e-04f  1
iter    objective    inf_pr   inf_du lg(mu)  ||d||  lg(rg) alpha_du alpha_pr  ls
 830  3.4526127e+02 1.48e-08 1.65e+02  -5.7 3.82e+00    -  8.72e-05 5.16e-04f  1
 831  3.4526079e+02 1.48e-08 1.65e+02  -5.7 5.30e+00    -  2.27e-04 3.53e-04f  1
 832  3.4526047e+02 1.48e-08 1.65e+02  -5.7 8.46e+00    -  7.15e-05 1.51e-04f  1
 833  3.4526011e+02 1.48e-08 1.65e+02  -5.7 5.29e+00    -  2.27e-04 2.63e-04f  1
 834  3.4525983e+02 1.48e-08 1.65e+02  -5.7 2.97e+00    -  9.22e-05 5.10e-04f  1
 835  3.4525922e+02 1.48e-08 1.65e+02  -5.7 4.34e+00    -  2.35e-04 5.53e-04f  1
 836  3.4525876e+02 1.47e-08 1.65e+02  -5.7 6.41e+00    -  7.77e-05 2.93e-04f  1
 837  3.4525843e+02 1.47e-08 1.65e+02  -5.7 5.78e+00    -  2.24e-04 2.17e-04f  1
 838  3.4525818e+02 1.47e-08 1.65e+02  -5.7 4.72e+00    -  8.31e-05 2.23e-04f  1
 839  3.4525770e+02 1.47e-08 1.65e+02  -5.7 4.40e+00    -  2.35e-04 4.28e-04f  1
iter    objective    inf_pr   inf_du lg(mu)  ||d||  lg(rg) alpha_du alpha_pr  ls
 840  3.4525731e+02 1.47e-08 1.65e+02  -5.7 3.17e+00    -  9.22e-05 6.29e-04f  1
 841  3.4525673e+02 1.47e-08 1.65e+02  -5.7 4.88e+00    -  2.31e-04 4.62e-04f  1
 842  3.4525635e+02 1.47e-08 1.65e+02  -5.7 9.97e+00    -  6.80e-05 1.53e-04f  1
 843  3.4525606e+02 1.47e-08 1.64e+02  -5.7 5.80e+00    -  2.25e-04 1.93e-04f  1
 844  3.4525582e+02 1.47e-08 1.64e+02  -5.7 3.10e+00    -  9.15e-05 3.99e-04f  1
 845  3.4525524e+02 1.47e-08 1.64e+02  -5.7 4.12e+00    -  2.39e-04 5.60e-04f  1
 846  3.4525477e+02 1.47e-08 1.64e+02  -5.7 4.20e+00    -  8.65e-05 4.75e-04f  1
 847  3.4525435e+02 1.47e-08 1.64e+02  -5.7 5.48e+00    -  2.28e-04 2.98e-04f  1
 848  3.4525407e+02 1.47e-08 1.64e+02  -5.7 7.38e+00    -  7.55e-05 1.57e-04f  1
 849  3.4525368e+02 1.47e-08 1.64e+02  -5.7 4.92e+00    -  2.32e-04 3.11e-04f  1
iter    objective    inf_pr   inf_du lg(mu)  ||d||  lg(rg) alpha_du alpha_pr  ls
 850  3.4525337e+02 1.47e-08 1.64e+02  -5.7 2.86e+00    -  9.51e-05 6.04e-04f  1
 851  3.4525275e+02 1.47e-08 1.64e+02  -5.7 4.41e+00    -  2.37e-04 5.55e-04f  1
 852  3.4525230e+02 1.47e-08 1.64e+02  -5.7 7.95e+00    -  7.39e-05 2.29e-04f  1
 853  3.4525203e+02 1.47e-08 1.64e+02  -5.7 5.89e+00    -  2.26e-04 1.85e-04f  1
 854  3.4525179e+02 1.47e-08 1.64e+02  -5.7 3.83e+00    -  8.80e-05 2.73e-04f  1
 855  3.4525128e+02 1.46e-08 1.64e+02  -5.7 4.15e+00    -  2.40e-04 4.93e-04f  1
 856  3.4525085e+02 1.46e-08 1.64e+02  -5.7 3.27e+00    -  9.32e-05 6.51e-04f  1
 857  3.4525031e+02 1.46e-08 1.64e+02  -5.7 5.07e+00    -  2.32e-04 4.18e-04f  1
 858  3.4524997e+02 1.46e-08 1.64e+02  -5.7 1.02e+01    -  6.83e-05 1.36e-04f  1
 859  3.4524967e+02 1.46e-08 1.63e+02  -5.7 5.59e+00    -  2.28e-04 2.11e-04f  1
iter    objective    inf_pr   inf_du lg(mu)  ||d||  lg(rg) alpha_du alpha_pr  ls
 860  3.4524942e+02 1.46e-08 1.63e+02  -5.7 2.84e+00    -  9.53e-05 4.85e-04f  1
 861  3.4524882e+02 1.46e-08 1.63e+02  -5.7 4.10e+00    -  2.41e-04 5.88e-04f  1
 862  3.4524835e+02 1.46e-08 1.63e+02  -5.7 4.97e+00    -  8.47e-05 3.99e-04f  1
 863  3.4524799e+02 1.46e-08 1.63e+02  -5.7 5.61e+00    -  2.29e-04 2.50e-04f  1
 864  3.4524773e+02 1.46e-08 1.63e+02  -5.7 5.89e+00    -  8.13e-05 1.84e-04f  1
 865  3.4524730e+02 1.46e-08 1.63e+02  -5.7 4.56e+00    -  2.38e-04 3.71e-04f  1
 866  3.4524696e+02 1.46e-08 1.63e+02  -5.7 2.88e+00    -  9.71e-05 6.66e-04f  1
 867  3.4524636e+02 1.46e-08 1.63e+02  -5.7 4.56e+00    -  2.38e-04 5.27e-04f  1
 868  3.4524594e+02 1.46e-08 1.63e+02  -5.7 9.16e+00    -  7.14e-05 1.85e-04f  1
 869  3.4524568e+02 1.46e-08 1.63e+02  -5.7 5.86e+00    -  2.28e-04 1.77e-04f  1
iter    objective    inf_pr   inf_du lg(mu)  ||d||  lg(rg) alpha_du alpha_pr  ls
 870  3.4524545e+02 1.46e-08 1.63e+02  -5.7 3.32e+00    -  9.25e-05 3.38e-04f  1
 871  3.4524491e+02 1.46e-08 1.63e+02  -5.7 4.04e+00    -  2.44e-04 5.39e-04f  1
 872  3.4524446e+02 1.45e-08 1.63e+02  -5.7 3.51e+00    -  9.34e-05 6.08e-04f  1
 873  3.4524398e+02 1.45e-08 1.63e+02  -5.7 5.21e+00    -  2.33e-04 3.68e-04f  1
 874  3.4524367e+02 1.45e-08 1.63e+02  -5.7 8.94e+00    -  7.26e-05 1.42e-04f  1
 875  3.4524334e+02 1.45e-08 1.63e+02  -5.7 5.26e+00    -  2.33e-04 2.50e-04f  1
 876  3.4524308e+02 1.45e-08 1.62e+02  -5.7 2.75e+00    -  9.85e-05 5.58e-04f  1
 877  3.4524247e+02 1.45e-08 1.62e+02  -5.7 4.17e+00    -  2.43e-04 5.88e-04f  1
 878  3.4524201e+02 1.45e-08 1.62e+02  -5.7 5.94e+00    -  8.25e-05 3.25e-04f  1
 879  3.4524170e+02 1.45e-08 1.62e+02  -5.7 5.68e+00    -  2.31e-04 2.17e-04f  1
iter    objective    inf_pr   inf_du lg(mu)  ||d||  lg(rg) alpha_du alpha_pr  ls
 880  3.4524145e+02 1.45e-08 1.62e+02  -5.7 4.63e+00    -  8.71e-05 2.24e-04f  1
 881  3.4524099e+02 1.45e-08 1.62e+02  -5.7 4.29e+00    -  2.43e-04 4.30e-04f  1
 882  3.4524062e+02 1.45e-08 1.62e+02  -5.7 2.97e+00    -  9.85e-05 6.89e-04f  1
 883  3.4524005e+02 1.45e-08 1.62e+02  -5.7 4.73e+00    -  2.39e-04 4.85e-04f  1
 884  3.4523967e+02 1.45e-08 1.62e+02  -5.7 9.53e+00    -  7.13e-05 1.63e-04f  1
 885  3.4523940e+02 1.45e-08 1.62e+02  -5.7 5.72e+00    -  2.31e-04 1.89e-04f  1
 886  3.4523917e+02 1.45e-08 1.62e+02  -5.7 3.01e+00    -  9.68e-05 4.07e-04f  1
 887  3.4523861e+02 1.45e-08 1.62e+02  -5.7 4.01e+00    -  2.47e-04 5.66e-04f  1
 888  3.4523816e+02 1.45e-08 1.62e+02  -5.7 3.85e+00    -  9.29e-05 5.32e-04f  1
 889  3.4523773e+02 1.45e-08 1.62e+02  -5.7 5.31e+00    -  2.35e-04 3.19e-04f  1
iter    objective    inf_pr   inf_du lg(mu)  ||d||  lg(rg) alpha_du alpha_pr  ls
 890  3.4523745e+02 1.45e-08 1.62e+02  -5.7 7.28e+00    -  7.88e-05 1.63e-04f  1
 891  3.4523708e+02 1.44e-08 1.62e+02  -5.7 4.89e+00    -  2.39e-04 3.01e-04f  1
 892  3.4523679e+02 1.44e-08 1.61e+02  -5.7 2.76e+00    -  1.01e-04 6.12e-04f  1
 893  3.4523620e+02 1.44e-08 1.61e+02  -5.7 4.28e+00    -  2.45e-04 5.66e-04f  1
 894  3.4523576e+02 1.44e-08 1.61e+02  -5.7 6.83e+00    -  8.07e-05 2.68e-04f  1
 895  3.4523548e+02 1.44e-08 1.61e+02  -5.7 5.68e+00    -  2.33e-04 2.01e-04f  1
 896  3.4523524e+02 1.44e-08 1.61e+02  -5.7 3.86e+00    -  9.25e-05 2.74e-04f  1
 897  3.4523476e+02 1.44e-08 1.61e+02  -5.7 4.13e+00    -  2.47e-04 4.77e-04f  1
 898  3.4523436e+02 1.44e-08 1.61e+02  -5.7 3.11e+00    -  9.96e-05 6.72e-04f  1
 899  3.4523383e+02 1.44e-08 1.61e+02  -5.7 4.87e+00    -  2.40e-04 4.39e-04f  1
iter    objective    inf_pr   inf_du lg(mu)  ||d||  lg(rg) alpha_du alpha_pr  ls
 900  3.4523349e+02 1.44e-08 1.61e+02  -5.7 9.00e+00    -  7.40e-05 1.58e-04f  1
 901  3.4523319e+02 1.44e-08 1.61e+02  -5.7 5.47e+00    -  2.35e-04 2.15e-04f  1
 902  3.4523295e+02 1.44e-08 1.61e+02  -5.7 2.85e+00    -  1.01e-04 4.71e-04f  1
 903  3.4523239e+02 1.44e-08 1.61e+02  -5.7 4.04e+00    -  2.49e-04 5.75e-04f  1
 904  3.4523194e+02 1.44e-08 1.61e+02  -5.7 4.27e+00    -  9.21e-05 4.53e-04f  1
 905  3.4523157e+02 1.44e-08 1.61e+02  -5.7 5.37e+00    -  2.36e-04 2.81e-04f  1
 906  3.4523130e+02 1.44e-08 1.61e+02  -5.7 5.84e+00    -  8.53e-05 1.93e-04f  1
 907  3.4523090e+02 1.44e-08 1.61e+02  -5.7 4.59e+00    -  2.44e-04 3.52e-04f  1
 908  3.4523059e+02 1.43e-08 1.60e+02  -5.7 2.81e+00    -  1.03e-04 6.45e-04f  1
 909  3.4523001e+02 1.43e-08 1.60e+02  -5.7 4.40e+00    -  2.46e-04 5.33e-04f  1
iter    objective    inf_pr   inf_du lg(mu)  ||d||  lg(rg) alpha_du alpha_pr  ls
 910  3.4522960e+02 1.43e-08 1.60e+02  -5.7 7.39e+00    -  8.00e-05 2.32e-04f  1
 911  3.4522933e+02 1.43e-08 1.60e+02  -5.7 5.61e+00    -  2.36e-04 2.01e-04f  1
 912  3.4522909e+02 1.43e-08 1.60e+02  -5.7 3.43e+00    -  9.73e-05 3.28e-04f  1
 913  3.4522859e+02 1.43e-08 1.60e+02  -5.7 4.05e+00    -  2.51e-04 5.09e-04f  1
 914  3.4522818e+02 1.43e-08 1.60e+02  -5.7 3.30e+00    -  1.00e-04 6.26e-04f  1
 915  3.4522770e+02 1.43e-08 1.60e+02  -5.7 4.98e+00    -  2.41e-04 3.95e-04f  1
 916  3.4522738e+02 1.43e-08 1.60e+02  -5.7 7.92e+00    -  7.87e-05 1.68e-04f  1
 917  3.4522706e+02 1.43e-08 1.60e+02  -5.7 5.19e+00    -  2.40e-04 2.50e-04f  1
 918  3.4522681e+02 1.43e-08 1.60e+02  -5.7 2.79e+00    -  1.04e-04 5.25e-04f  1
 919  3.4522625e+02 1.43e-08 1.60e+02  -5.7 4.10e+00    -  2.51e-04 5.68e-04f  1
iter    objective    inf_pr   inf_du lg(mu)  ||d||  lg(rg) alpha_du alpha_pr  ls
 920  3.4522581e+02 1.43e-08 1.60e+02  -5.7 4.85e+00    -  9.12e-05 3.87e-04f  1
 921  3.4522547e+02 1.43e-08 1.60e+02  -5.7 5.40e+00    -  2.38e-04 2.55e-04f  1
 922  3.4522522e+02 1.43e-08 1.60e+02  -5.7 4.77e+00    -  9.13e-05 2.30e-04f  1
 923  3.4522479e+02 1.43e-08 1.60e+02  -5.7 4.37e+00    -  2.49e-04 3.98e-04f  1
 924  3.4522446e+02 1.43e-08 1.59e+02  -5.7 2.90e+00    -  1.05e-04 6.57e-04f  1
 925  3.4522391e+02 1.43e-08 1.59e+02  -5.7 4.53e+00    -  2.47e-04 4.96e-04f  1
 926  3.4522353e+02 1.42e-08 1.59e+02  -5.7 7.50e+00    -  8.09e-05 2.13e-04f  1
 927  3.4522325e+02 1.42e-08 1.59e+02  -5.7 5.48e+00    -  2.39e-04 2.12e-04f  1
 928  3.4522301e+02 1.42e-08 1.59e+02  -5.7 3.16e+00    -  1.02e-04 3.82e-04f  1
 929  3.4522250e+02 1.42e-08 1.59e+02  -5.7 4.03e+00    -  2.54e-04 5.29e-04f  1
iter    objective    inf_pr   inf_du lg(mu)  ||d||  lg(rg) alpha_du alpha_pr  ls
 930  3.4522209e+02 1.42e-08 1.59e+02  -5.7 3.52e+00    -  1.01e-04 5.69e-04f  1
 931  3.4522165e+02 1.42e-08 1.59e+02  -5.7 5.04e+00    -  2.43e-04 3.57e-04f  1
 932  3.4522135e+02 1.42e-08 1.59e+02  -5.7 6.75e+00    -  8.43e-05 1.86e-04f  1
 933  3.4522101e+02 1.42e-08 1.59e+02  -5.7 4.91e+00    -  2.44e-04 2.89e-04f  1
 934  3.4522074e+02 1.42e-08 1.59e+02  -5.7 2.79e+00    -  1.07e-04 5.65e-04f  1
 935  3.4522018e+02 1.42e-08 1.59e+02  -5.7 4.17e+00    -  2.53e-04 5.51e-04f  1
 936  3.4521977e+02 1.42e-08 1.59e+02  -5.7 5.32e+00    -  9.09e-05 3.39e-04f  1
 937  3.4521945e+02 1.42e-08 1.59e+02  -5.7 5.38e+00    -  2.41e-04 2.42e-04f  1
 938  3.4521920e+02 1.42e-08 1.59e+02  -5.7 4.05e+00    -  9.66e-05 2.69e-04f  1
 939  3.4521876e+02 1.42e-08 1.59e+02  -5.7 4.23e+00    -  2.53e-04 4.35e-04f  1
iter    objective    inf_pr   inf_du lg(mu)  ||d||  lg(rg) alpha_du alpha_pr  ls
 940  3.4521841e+02 1.42e-08 1.58e+02  -5.7 2.99e+00    -  1.06e-04 6.49e-04f  1
 941  3.4521789e+02 1.42e-08 1.58e+02  -5.7 4.63e+00    -  2.48e-04 4.61e-04f  1
 942  3.4521754e+02 1.42e-08 1.58e+02  -5.7 7.20e+00    -  8.35e-05 2.08e-04f  1
 943  3.4521725e+02 1.42e-08 1.58e+02  -5.7 5.30e+00    -  2.42e-04 2.31e-04f  1
 944  3.4521701e+02 1.42e-08 1.58e+02  -5.7 3.01e+00    -  1.05e-04 4.30e-04f  1
 945  3.4521649e+02 1.41e-08 1.58e+02  -5.7 4.03e+00    -  2.56e-04 5.36e-04f  1
 946  3.4521608e+02 1.41e-08 1.58e+02  -5.7 3.74e+00    -  1.01e-04 5.13e-04f  1
 947  3.4521568e+02 1.41e-08 1.58e+02  -5.7 5.08e+00    -  2.45e-04 3.28e-04f  1
 948  3.4521540e+02 1.41e-08 1.58e+02  -5.7 5.75e+00    -  9.00e-05 2.11e-04f  1
 949  3.4521503e+02 1.41e-08 1.58e+02  -5.7 4.68e+00    -  2.49e-04 3.26e-04f  1
iter    objective    inf_pr   inf_du lg(mu)  ||d||  lg(rg) alpha_du alpha_pr  ls
 950  3.4521474e+02 1.41e-08 1.58e+02  -5.7 2.81e+00    -  1.09e-04 5.92e-04f  1
 951  3.4521420e+02 1.41e-08 1.58e+02  -5.7 4.25e+00    -  2.54e-04 5.29e-04f  1
 952  3.4521381e+02 1.41e-08 1.58e+02  -5.7 5.59e+00    -  9.14e-05 3.09e-04f  1
 953  3.4521350e+02 1.41e-08 1.58e+02  -5.7 5.31e+00    -  2.44e-04 2.40e-04f  1
 954  3.4521326e+02 1.41e-08 1.58e+02  -5.7 3.68e+00    -  1.01e-04 3.10e-04f  1
 955  3.4521280e+02 1.41e-08 1.58e+02  -5.7 4.14e+00    -  2.56e-04 4.60e-04f  1
 956  3.4521244e+02 1.41e-08 1.57e+02  -5.7 3.10e+00    -  1.08e-04 6.27e-04f  1
 957  3.4521196e+02 1.41e-08 1.57e+02  -5.7 4.69e+00    -  2.50e-04 4.29e-04f  1
 958  3.4521163e+02 1.41e-08 1.57e+02  -5.7 6.65e+00    -  8.73e-05 2.14e-04f  1
 959  3.4521132e+02 1.41e-08 1.57e+02  -5.7 5.11e+00    -  2.46e-04 2.54e-04f  1
iter    objective    inf_pr   inf_du lg(mu)  ||d||  lg(rg) alpha_du alpha_pr  ls
 960  3.4521107e+02 1.41e-08 1.57e+02  -5.7 2.93e+00    -  1.09e-04 4.70e-04f  1
 961  3.4521056e+02 1.41e-08 1.57e+02  -5.7 4.05e+00    -  2.58e-04 5.34e-04f  1
 962  3.4521015e+02 1.40e-08 1.57e+02  -5.7 3.93e+00    -  1.01e-04 4.68e-04f  1
 963  3.4520978e+02 1.40e-08 1.57e+02  -5.7 5.07e+00    -  2.47e-04 3.09e-04f  1
 964  3.4520951e+02 1.40e-08 1.57e+02  -5.7 4.97e+00    -  9.54e-05 2.39e-04f  1
 965  3.4520912e+02 1.40e-08 1.57e+02  -5.7 4.50e+00    -  2.54e-04 3.57e-04f  1
 966  3.4520882e+02 1.40e-08 1.57e+02  -5.7 2.86e+00    -  1.11e-04 6.05e-04f  1
 967  3.4520830e+02 1.40e-08 1.57e+02  -5.7 4.32e+00    -  2.56e-04 5.05e-04f  1
 968  3.4520793e+02 1.40e-08 1.57e+02  -5.7 5.63e+00    -  9.29e-05 2.93e-04f  1
 969  3.4520762e+02 1.40e-08 1.57e+02  -5.7 5.21e+00    -  2.47e-04 2.46e-04f  1
iter    objective    inf_pr   inf_du lg(mu)  ||d||  lg(rg) alpha_du alpha_pr  ls
 970  3.4520738e+02 1.40e-08 1.57e+02  -5.7 3.44e+00    -  1.05e-04 3.48e-04f  1
 971  3.4520692e+02 1.40e-08 1.57e+02  -5.7 4.09e+00    -  2.59e-04 4.76e-04f  1
 972  3.4520655e+02 1.40e-08 1.56e+02  -5.7 3.21e+00    -  1.09e-04 5.98e-04f  1
 973  3.4520610e+02 1.40e-08 1.56e+02  -5.7 4.73e+00    -  2.52e-04 4.04e-04f  1
 974  3.4520579e+02 1.40e-08 1.56e+02  -5.7 6.02e+00    -  9.17e-05 2.28e-04f  1
 975  3.4520546e+02 1.40e-08 1.56e+02  -5.7 4.92e+00    -  2.50e-04 2.78e-04f  1
 976  3.4520520e+02 1.40e-08 1.56e+02  -5.7 2.90e+00    -  1.12e-04 5.00e-04f  1
 977  3.4520470e+02 1.40e-08 1.56e+02  -5.7 4.09e+00    -  2.60e-04 5.25e-04f  1
 978  3.4520431e+02 1.40e-08 1.56e+02  -5.7 4.05e+00    -  1.03e-04 4.36e-04f  1
 979  3.4520395e+02 1.40e-08 1.56e+02  -5.7 5.04e+00    -  2.50e-04 2.99e-04f  1
iter    objective    inf_pr   inf_du lg(mu)  ||d||  lg(rg) alpha_du alpha_pr  ls
 980  3.4520368e+02 1.40e-08 1.56e+02  -5.7 4.40e+00    -  1.00e-04 2.68e-04f  1
 981  3.4520329e+02 1.39e-08 1.56e+02  -5.7 4.38e+00    -  2.58e-04 3.82e-04f  1
 982  3.4520298e+02 1.39e-08 1.56e+02  -5.7 2.90e+00    -  1.13e-04 6.07e-04f  1
 983  3.4520248e+02 1.39e-08 1.56e+02  -5.7 4.36e+00    -  2.58e-04 4.83e-04f  1
 984  3.4520212e+02 1.39e-08 1.56e+02  -5.7 5.49e+00    -  9.55e-05 2.89e-04f  1
 985  3.4520181e+02 1.39e-08 1.56e+02  -5.7 5.09e+00    -  2.50e-04 2.57e-04f  1
 986  3.4520157e+02 1.39e-08 1.56e+02  -5.7 3.29e+00    -  1.09e-04 3.81e-04f  1
 987  3.4520111e+02 1.39e-08 1.55e+02  -5.7 4.07e+00    -  2.62e-04 4.82e-04f  1
 988  3.4520074e+02 1.39e-08 1.55e+02  -5.7 3.30e+00    -  1.10e-04 5.70e-04f  1
 989  3.4520031e+02 1.39e-08 1.55e+02  -5.7 4.73e+00    -  2.54e-04 3.85e-04f  1
iter    objective    inf_pr   inf_du lg(mu)  ||d||  lg(rg) alpha_du alpha_pr  ls
 990  3.4520001e+02 1.39e-08 1.55e+02  -5.7 5.44e+00    -  9.63e-05 2.46e-04f  1
 991  3.4519967e+02 1.39e-08 1.55e+02  -5.7 4.76e+00    -  2.54e-04 3.01e-04f  1
 992  3.4519941e+02 1.39e-08 1.55e+02  -5.7 2.89e+00    -  1.14e-04 5.21e-04f  1
 993  3.4519891e+02 1.39e-08 1.55e+02  -5.7 4.12e+00    -  2.62e-04 5.13e-04f  1
 994  3.4519854e+02 1.39e-08 1.55e+02  -5.7 4.11e+00    -  1.04e-04 4.16e-04f  1
 995  3.4519819e+02 1.39e-08 1.55e+02  -5.7 4.98e+00    -  2.52e-04 2.97e-04f  1
 996  3.4519793e+02 1.39e-08 1.55e+02  -5.7 4.00e+00    -  1.05e-04 2.96e-04f  1
 997  3.4519753e+02 1.39e-08 1.55e+02  -5.7 4.29e+00    -  2.61e-04 3.99e-04f  1
 998  3.4519721e+02 1.38e-08 1.55e+02  -5.7 2.95e+00    -  1.15e-04 6.01e-04f  1
 999  3.4519673e+02 1.38e-08 1.55e+02  -5.7 4.39e+00    -  2.60e-04 4.64e-04f  1
iter    objective    inf_pr   inf_du lg(mu)  ||d||  lg(rg) alpha_du alpha_pr  ls
1000  3.4519639e+02 1.38e-08 1.55e+02  -5.7 5.22e+00    -  9.87e-05 2.94e-04f  1
1001  3.4519608e+02 1.38e-08 1.55e+02  -5.7 4.97e+00    -  2.54e-04 2.71e-04f  1
1002  3.4519582e+02 1.38e-08 1.55e+02  -5.7 3.19e+00    -  1.12e-04 4.08e-04f  1
1003  3.4519537e+02 1.38e-08 1.54e+02  -5.7 4.07e+00    -  2.65e-04 4.82e-04f  1
1004  3.4519501e+02 1.38e-08 1.54e+02  -5.7 3.36e+00    -  1.12e-04 5.47e-04f  1
1005  3.4519460e+02 1.38e-08 1.54e+02  -5.7 4.71e+00    -  2.57e-04 3.74e-04f  1
1006  3.4519430e+02 1.38e-08 1.54e+02  -5.7 4.94e+00    -  1.01e-04 2.68e-04f  1
1007  3.4519396e+02 1.38e-08 1.54e+02  -5.7 4.64e+00    -  2.58e-04 3.20e-04f  1
1008  3.4519368e+02 1.38e-08 1.54e+02  -5.7 2.90e+00    -  1.17e-04 5.32e-04f  1
1009  3.4519321e+02 1.38e-08 1.54e+02  -5.7 4.14e+00    -  2.64e-04 4.99e-04f  1
iter    objective    inf_pr   inf_du lg(mu)  ||d||  lg(rg) alpha_du alpha_pr  ls
1010  3.4519284e+02 1.38e-08 1.54e+02  -5.7 4.09e+00    -  1.07e-04 4.08e-04f  1
1011  3.4519250e+02 1.38e-08 1.54e+02  -5.7 4.90e+00    -  2.56e-04 3.00e-04f  1
1012  3.4519224e+02 1.38e-08 1.54e+02  -5.7 3.79e+00    -  1.09e-04 3.22e-04f  1
1013  3.4519184e+02 1.38e-08 1.54e+02  -5.7 4.24e+00    -  2.64e-04 4.10e-04f  1
1014  3.4519152e+02 1.38e-08 1.54e+02  -5.7 2.99e+00    -  1.17e-04 5.92e-04f  1
1015  3.4519106e+02 1.38e-08 1.54e+02  -5.7 4.40e+00    -  2.62e-04 4.49e-04f  1
1016  3.4519073e+02 1.37e-08 1.54e+02  -5.7 4.90e+00    -  1.03e-04 3.07e-04f  1
1017  3.4519041e+02 1.37e-08 1.54e+02  -5.7 4.85e+00    -  2.57e-04 2.86e-04f  1
1018  3.4519015e+02 1.37e-08 1.54e+02  -5.7 3.14e+00    -  1.15e-04 4.28e-04f  1
1019  3.4518970e+02 1.37e-08 1.53e+02  -5.7 4.07e+00    -  2.67e-04 4.78e-04f  1
iter    objective    inf_pr   inf_du lg(mu)  ||d||  lg(rg) alpha_du alpha_pr  ls
1020  3.4518935e+02 1.37e-08 1.53e+02  -5.7 3.38e+00    -  1.14e-04 5.31e-04f  1
1021  3.4518895e+02 1.37e-08 1.53e+02  -5.7 4.67e+00    -  2.59e-04 3.69e-04f  1
1022  3.4518866e+02 1.37e-08 1.53e+02  -5.7 4.54e+00    -  1.05e-04 2.90e-04f  1
1023  3.4518831e+02 1.37e-08 1.53e+02  -5.7 4.54e+00    -  2.62e-04 3.36e-04f  1
1024  3.4518803e+02 1.37e-08 1.53e+02  -5.7 2.92e+00    -  1.19e-04 5.37e-04f  1
1025  3.4518757e+02 1.37e-08 1.53e+02  -5.7 4.15e+00    -  2.67e-04 4.86e-04f  1
1026  3.4518722e+02 1.37e-08 1.53e+02  -5.7 3.99e+00    -  1.09e-04 4.09e-04f  1
1027  3.4518687e+02 1.37e-08 1.53e+02  -5.7 4.81e+00    -  2.59e-04 3.08e-04f  1
1028  3.4518661e+02 1.37e-08 1.53e+02  -5.7 3.65e+00    -  1.12e-04 3.46e-04f  1
1029  3.4518621e+02 1.37e-08 1.53e+02  -5.7 4.21e+00    -  2.67e-04 4.14e-04f  1
iter    objective    inf_pr   inf_du lg(mu)  ||d||  lg(rg) alpha_du alpha_pr  ls
1030  3.4518589e+02 1.37e-08 1.53e+02  -5.7 3.02e+00    -  1.19e-04 5.81e-04f  1
1031  3.4518545e+02 1.37e-08 1.53e+02  -5.7 4.38e+00    -  2.64e-04 4.38e-04f  1
1032  3.4518513e+02 1.37e-08 1.53e+02  -5.7 4.57e+00    -  1.07e-04 3.24e-04f  1
1033  3.4518480e+02 1.37e-08 1.53e+02  -5.7 4.74e+00    -  2.61e-04 3.01e-04f  1
1034  3.4518454e+02 1.36e-08 1.53e+02  -5.7 3.12e+00    -  1.18e-04 4.43e-04f  1
1035  3.4518411e+02 1.36e-08 1.52e+02  -5.7 4.08e+00    -  2.69e-04 4.70e-04f  1
1036  3.4518376e+02 1.36e-08 1.52e+02  -5.7 3.37e+00    -  1.17e-04 5.23e-04f  1
1037  3.4518337e+02 1.36e-08 1.52e+02  -5.7 4.61e+00    -  2.62e-04 3.68e-04f  1
1038  3.4518309e+02 1.36e-08 1.52e+02  -5.7 4.22e+00    -  1.09e-04 3.14e-04f  1
1039  3.4518273e+02 1.36e-08 1.52e+02  -5.7 4.46e+00    -  2.65e-04 3.47e-04f  1
iter    objective    inf_pr   inf_du lg(mu)  ||d||  lg(rg) alpha_du alpha_pr  ls
1040  3.4518245e+02 1.36e-08 1.52e+02  -5.7 2.94e+00    -  1.21e-04 5.37e-04f  1
1041  3.4518200e+02 1.36e-08 1.52e+02  -5.7 4.15e+00    -  2.69e-04 4.74e-04f  1
1042  3.4518166e+02 1.36e-08 1.52e+02  -5.7 3.87e+00    -  1.13e-04 4.17e-04f  1
1043  3.4518132e+02 1.36e-08 1.52e+02  -5.7 4.72e+00    -  2.62e-04 3.18e-04f  1
1044  3.4518105e+02 1.36e-08 1.52e+02  -5.7 3.55e+00    -  1.15e-04 3.66e-04f  1
1045  3.4518066e+02 1.36e-08 1.52e+02  -5.7 4.19e+00    -  2.69e-04 4.15e-04f  1
1046  3.4518034e+02 1.36e-08 1.52e+02  -5.7 3.03e+00    -  1.22e-04 5.71e-04f  1
1047  3.4517992e+02 1.36e-08 1.52e+02  -5.7 4.35e+00    -  2.67e-04 4.31e-04f  1
1048  3.4517960e+02 1.36e-08 1.52e+02  -5.7 4.26e+00    -  1.11e-04 3.46e-04f  1
1049  3.4517927e+02 1.36e-08 1.52e+02  -5.7 4.64e+00    -  2.64e-04 3.15e-04f  1
iter    objective    inf_pr   inf_du lg(mu)  ||d||  lg(rg) alpha_du alpha_pr  ls
1050  3.4517901e+02 1.36e-08 1.52e+02  -5.7 3.11e+00    -  1.21e-04 4.53e-04f  1
1051  3.4517858e+02 1.36e-08 1.51e+02  -5.7 4.08e+00    -  2.72e-04 4.61e-04f  1
1052  3.4517825e+02 1.35e-08 1.51e+02  -5.7 3.33e+00    -  1.20e-04 5.20e-04f  1
1053  3.4517786e+02 1.35e-08 1.51e+02  -5.7 4.54e+00    -  2.66e-04 3.72e-04f  1
1054  3.4517758e+02 1.35e-08 1.51e+02  -5.7 3.97e+00    -  1.13e-04 3.38e-04f  1
1055  3.4517722e+02 1.35e-08 1.51e+02  -5.7 4.40e+00    -  2.68e-04 3.55e-04f  1
1056  3.4517694e+02 1.35e-08 1.51e+02  -5.7 2.96e+00    -  1.24e-04 5.33e-04f  1
1057  3.4517651e+02 1.35e-08 1.51e+02  -5.7 4.15e+00    -  2.71e-04 4.64e-04f  1
1058  3.4517617e+02 1.35e-08 1.51e+02  -5.7 3.73e+00    -  1.16e-04 4.31e-04f  1
1059  3.4517583e+02 1.35e-08 1.51e+02  -5.7 4.62e+00    -  2.66e-04 3.31e-04f  1
iter    objective    inf_pr   inf_du lg(mu)  ||d||  lg(rg) alpha_du alpha_pr  ls
1060  3.4517556e+02 1.35e-08 1.51e+02  -5.7 3.48e+00    -  1.19e-04 3.84e-04f  1
1061  3.4517517e+02 1.35e-08 1.51e+02  -5.7 4.18e+00    -  2.72e-04 4.12e-04f  1
1062  3.4517486e+02 1.35e-08 1.51e+02  -5.7 3.03e+00    -  1.24e-04 5.62e-04f  1
1063  3.4517445e+02 1.35e-08 1.51e+02  -5.7 4.31e+00    -  2.70e-04 4.28e-04f  1
1064  3.4517414e+02 1.35e-08 1.51e+02  -5.7 3.97e+00    -  1.15e-04 3.70e-04f  1
1065  3.4517380e+02 1.35e-08 1.51e+02  -5.7 4.55e+00    -  2.68e-04 3.28e-04f  1
1066  3.4517353e+02 1.35e-08 1.51e+02  -5.7 3.12e+00    -  1.23e-04 4.59e-04f  1
1067  3.4517312e+02 1.35e-08 1.50e+02  -5.7 4.08e+00    -  2.74e-04 4.51e-04f  1
1068  3.4517279e+02 1.35e-08 1.50e+02  -5.7 3.27e+00    -  1.23e-04 5.22e-04f  1
1069  3.4517242e+02 1.34e-08 1.50e+02  -5.7 4.46e+00    -  2.69e-04 3.78e-04f  1
iter    objective    inf_pr   inf_du lg(mu)  ||d||  lg(rg) alpha_du alpha_pr  ls
1070  3.4517213e+02 1.34e-08 1.50e+02  -5.7 3.79e+00    -  1.17e-04 3.62e-04f  1
1071  3.4517178e+02 1.34e-08 1.50e+02  -5.7 4.36e+00    -  2.71e-04 3.61e-04f  1
1072  3.4517149e+02 1.34e-08 1.50e+02  -5.7 2.97e+00    -  1.26e-04 5.28e-04f  1
1073  3.4517108e+02 1.34e-08 1.50e+02  -5.7 4.13e+00    -  2.74e-04 4.54e-04f  1
1074  3.4517075e+02 1.34e-08 1.50e+02  -5.7 3.58e+00    -  1.20e-04 4.49e-04f  1
1075  3.4517040e+02 1.34e-08 1.50e+02  -5.7 4.53e+00    -  2.69e-04 3.43e-04f  1
1076  3.4517013e+02 1.34e-08 1.50e+02  -5.7 3.42e+00    -  1.22e-04 4.00e-04f  1
1077  3.4516975e+02 1.34e-08 1.50e+02  -5.7 4.17e+00    -  2.75e-04 4.08e-04f  1
1078  3.4516945e+02 1.34e-08 1.50e+02  -5.7 3.02e+00    -  1.27e-04 5.55e-04f  1
1079  3.4516904e+02 1.34e-08 1.50e+02  -5.7 4.26e+00    -  2.73e-04 4.26e-04f  1
iter    objective    inf_pr   inf_du lg(mu)  ||d||  lg(rg) alpha_du alpha_pr  ls
1080  3.4516874e+02 1.34e-08 1.50e+02  -5.7 3.75e+00    -  1.19e-04 3.96e-04f  1
1081  3.4516840e+02 1.34e-08 1.50e+02  -5.7 4.47e+00    -  2.71e-04 3.40e-04f  1
1082  3.4516813e+02 1.34e-08 1.49e+02  -5.7 3.12e+00    -  1.26e-04 4.64e-04f  1
1083  3.4516773e+02 1.34e-08 1.49e+02  -5.7 4.08e+00    -  2.76e-04 4.41e-04f  1
1084  3.4516741e+02 1.34e-08 1.49e+02  -5.7 3.21e+00    -  1.26e-04 5.26e-04f  1
1085  3.4516703e+02 1.34e-08 1.49e+02  -5.7 4.38e+00    -  2.73e-04 3.86e-04f  1
1086  3.4516675e+02 1.34e-08 1.49e+02  -5.7 3.65e+00    -  1.21e-04 3.87e-04f  1
1087  3.4516640e+02 1.33e-08 1.49e+02  -5.7 4.31e+00    -  2.74e-04 3.65e-04f  1
1088  3.4516612e+02 1.33e-08 1.49e+02  -5.7 2.99e+00    -  1.29e-04 5.23e-04f  1
1089  3.4516571e+02 1.33e-08 1.49e+02  -5.7 4.11e+00    -  2.77e-04 4.46e-04f  1
iter    objective    inf_pr   inf_du lg(mu)  ||d||  lg(rg) alpha_du alpha_pr  ls
1090  3.4516539e+02 1.33e-08 1.49e+02  -5.7 3.44e+00    -  1.24e-04 4.69e-04f  1
1091  3.4516504e+02 1.33e-08 1.49e+02  -5.7 4.43e+00    -  2.73e-04 3.57e-04f  1
1092  3.4516477e+02 1.33e-08 1.49e+02  -5.7 3.37e+00    -  1.25e-04 4.16e-04f  1
1093  3.4516440e+02 1.33e-08 1.49e+02  -5.7 4.16e+00    -  2.77e-04 4.03e-04f  1
1094  3.4516410e+02 1.33e-08 1.49e+02  -5.7 3.01e+00    -  1.30e-04 5.49e-04f  1
1095  3.4516370e+02 1.33e-08 1.49e+02  -5.7 4.20e+00    -  2.76e-04 4.26e-04f  1
1096  3.4516340e+02 1.33e-08 1.49e+02  -5.7 3.58e+00    -  1.24e-04 4.24e-04f  1
1097  3.4516306e+02 1.33e-08 1.49e+02  -5.7 4.39e+00    -  2.75e-04 3.51e-04f  1
1098  3.4516279e+02 1.33e-08 1.48e+02  -5.7 3.13e+00    -  1.28e-04 4.68e-04f  1
1099  3.4516240e+02 1.33e-08 1.48e+02  -5.7 4.08e+00    -  2.79e-04 4.31e-04f  1
iter    objective    inf_pr   inf_du lg(mu)  ||d||  lg(rg) alpha_du alpha_pr  ls
1100  3.4516209e+02 1.33e-08 1.48e+02  -5.7 3.14e+00    -  1.29e-04 5.32e-04f  1
1101  3.4516172e+02 1.33e-08 1.48e+02  -5.7 4.30e+00    -  2.76e-04 3.94e-04f  1
1102  3.4516143e+02 1.33e-08 1.48e+02  -5.7 3.52e+00    -  1.25e-04 4.12e-04f  1
1103  3.4516108e+02 1.33e-08 1.48e+02  -5.7 4.27e+00    -  2.77e-04 3.69e-04f  1
1104  3.4516080e+02 1.32e-08 1.48e+02  -5.7 3.00e+00    -  1.31e-04 5.18e-04f  1
1105  3.4516041e+02 1.32e-08 1.48e+02  -5.7 4.09e+00    -  2.80e-04 4.39e-04f  1
1106  3.4516010e+02 1.32e-08 1.48e+02  -5.7 3.31e+00    -  1.28e-04 4.90e-04f  1
1107  3.4515974e+02 1.32e-08 1.48e+02  -5.7 4.34e+00    -  2.77e-04 3.69e-04f  1
1108  3.4515947e+02 1.32e-08 1.48e+02  -5.7 3.32e+00    -  1.28e-04 4.33e-04f  1
1109  3.4515910e+02 1.32e-08 1.48e+02  -5.7 4.15e+00    -  2.80e-04 3.98e-04f  1
iter    objective    inf_pr   inf_du lg(mu)  ||d||  lg(rg) alpha_du alpha_pr  ls
1110  3.4515881e+02 1.32e-08 1.48e+02  -5.7 2.99e+00    -  1.32e-04 5.45e-04f  1
1111  3.4515843e+02 1.32e-08 1.48e+02  -5.7 4.15e+00    -  2.80e-04 4.25e-04f  1
1112  3.4515812e+02 1.32e-08 1.48e+02  -5.7 3.42e+00    -  1.28e-04 4.52e-04f  1
1113  3.4515778e+02 1.32e-08 1.47e+02  -5.7 4.32e+00    -  2.78e-04 3.62e-04f  1
1114  3.4515751e+02 1.32e-08 1.47e+02  -5.7 3.13e+00    -  1.31e-04 4.73e-04f  1
1115  3.4515713e+02 1.32e-08 1.47e+02  -5.7 4.07e+00    -  2.82e-04 4.22e-04f  1
1116  3.4515683e+02 1.32e-08 1.47e+02  -5.7 3.07e+00    -  1.33e-04 5.38e-04f  1
1117  3.4515646e+02 1.32e-08 1.47e+02  -5.7 4.22e+00    -  2.80e-04 4.02e-04f  1
1118  3.4515617e+02 1.32e-08 1.47e+02  -5.7 3.40e+00    -  1.29e-04 4.38e-04f  1
1119  3.4515583e+02 1.32e-08 1.47e+02  -5.7 4.23e+00    -  2.80e-04 3.73e-04f  1
iter    objective    inf_pr   inf_du lg(mu)  ||d||  lg(rg) alpha_du alpha_pr  ls
1120  3.4515555e+02 1.32e-08 1.47e+02  -5.7 3.00e+00    -  1.34e-04 5.15e-04f  1
1121  3.4515517e+02 1.31e-08 1.47e+02  -5.7 4.06e+00    -  2.83e-04 4.31e-04f  1
1122  3.4515486e+02 1.31e-08 1.47e+02  -5.7 3.19e+00    -  1.32e-04 5.10e-04f  1
1123  3.4515451e+02 1.31e-08 1.47e+02  -5.7 4.26e+00    -  2.80e-04 3.81e-04f  1
1124  3.4515423e+02 1.31e-08 1.47e+02  -5.7 3.27e+00    -  1.31e-04 4.51e-04f  1
1125  3.4515387e+02 1.31e-08 1.47e+02  -5.7 4.13e+00    -  2.83e-04 3.95e-04f  1
1126  3.4515359e+02 1.31e-08 1.47e+02  -5.7 2.97e+00    -  1.35e-04 5.42e-04f  1
1127  3.4515321e+02 1.31e-08 1.47e+02  -5.7 4.10e+00    -  2.83e-04 4.25e-04f  1
1128  3.4515291e+02 1.31e-08 1.46e+02  -5.7 3.28e+00    -  1.32e-04 4.80e-04f  1
1129  3.4515257e+02 1.31e-08 1.46e+02  -5.7 4.24e+00    -  2.82e-04 3.73e-04f  1
iter    objective    inf_pr   inf_du lg(mu)  ||d||  lg(rg) alpha_du alpha_pr  ls
1130  3.4515229e+02 1.31e-08 1.46e+02  -5.7 3.11e+00    -  1.34e-04 4.81e-04f  1
1131  3.4515193e+02 1.31e-08 1.46e+02  -5.7 4.06e+00    -  2.84e-04 4.15e-04f  1
1132  3.4515163e+02 1.31e-08 1.46e+02  -5.7 3.02e+00    -  1.36e-04 5.44e-04f  1
1133  3.4515127e+02 1.31e-08 1.46e+02  -5.7 4.15e+00    -  2.83e-04 4.08e-04f  1
1134  3.4515098e+02 1.31e-08 1.46e+02  -5.7 3.28e+00    -  1.33e-04 4.66e-04f  1
1135  3.4515063e+02 1.31e-08 1.46e+02  -5.7 4.18e+00    -  2.83e-04 3.79e-04f  1
1136  3.4515036e+02 1.31e-08 1.46e+02  -5.7 3.00e+00    -  1.36e-04 5.15e-04f  1
1137  3.4514999e+02 1.31e-08 1.46e+02  -5.7 4.04e+00    -  2.86e-04 4.25e-04f  1
1138  3.4514969e+02 1.30e-08 1.46e+02  -5.7 3.09e+00    -  1.36e-04 5.27e-04f  1
1139  3.4514934e+02 1.30e-08 1.46e+02  -5.7 4.18e+00    -  2.84e-04 3.92e-04f  1
iter    objective    inf_pr   inf_du lg(mu)  ||d||  lg(rg) alpha_du alpha_pr  ls
1140  3.4514905e+02 1.30e-08 1.46e+02  -5.7 3.20e+00    -  1.35e-04 4.71e-04f  1
1141  3.4514871e+02 1.30e-08 1.46e+02  -5.7 4.11e+00    -  2.85e-04 3.93e-04f  1
1142  3.4514842e+02 1.30e-08 1.46e+02  -5.7 2.96e+00    -  1.38e-04 5.40e-04f  1
1143  3.4514806e+02 1.30e-08 1.46e+02  -5.7 4.05e+00    -  2.86e-04 4.23e-04f  1
1144  3.4514776e+02 1.30e-08 1.45e+02  -5.7 3.16e+00    -  1.36e-04 5.06e-04f  1
1145  3.4514742e+02 1.30e-08 1.45e+02  -5.7 4.17e+00    -  2.85e-04 3.84e-04f  1
1146  3.4514714e+02 1.30e-08 1.45e+02  -5.7 3.09e+00    -  1.37e-04 4.92e-04f  1
1147  3.4514678e+02 1.30e-08 1.45e+02  -5.7 4.05e+00    -  2.87e-04 4.09e-04f  1
1148  3.4514649e+02 1.30e-08 1.45e+02  -5.7 2.97e+00    -  1.39e-04 5.49e-04f  1
1149  3.4514613e+02 1.30e-08 1.45e+02  -5.7 4.08e+00    -  2.87e-04 4.13e-04f  1
iter    objective    inf_pr   inf_du lg(mu)  ||d||  lg(rg) alpha_du alpha_pr  ls
1150  3.4514584e+02 1.30e-08 1.45e+02  -5.7 3.17e+00    -  1.37e-04 4.92e-04f  1
1151  3.4514550e+02 1.30e-08 1.45e+02  -5.7 4.13e+00    -  2.87e-04 3.85e-04f  1
1152  3.4514523e+02 1.30e-08 1.45e+02  -5.7 2.99e+00    -  1.39e-04 5.19e-04f  1
1153  3.4514487e+02 1.30e-08 1.45e+02  -5.7 4.01e+00    -  2.89e-04 4.19e-04f  1
1154  3.4514457e+02 1.30e-08 1.45e+02  -5.7 3.01e+00    -  1.40e-04 5.42e-04f  1
1155  3.4514422e+02 1.29e-08 1.45e+02  -5.7 4.10e+00    -  2.88e-04 4.01e-04f  1
1156  3.4514394e+02 1.29e-08 1.45e+02  -5.7 3.12e+00    -  1.39e-04 4.93e-04f  1
1157  3.4514360e+02 1.29e-08 1.45e+02  -5.7 4.08e+00    -  2.89e-04 3.94e-04f  1
1158  3.4514332e+02 1.29e-08 1.44e+02  -5.7 2.94e+00    -  1.41e-04 5.41e-04f  1
1159  3.4514296e+02 1.29e-08 1.44e+02  -5.7 4.01e+00    -  2.90e-04 4.21e-04f  1
iter    objective    inf_pr   inf_du lg(mu)  ||d||  lg(rg) alpha_du alpha_pr  ls
1160  3.4514267e+02 1.29e-08 1.44e+02  -5.7 3.05e+00    -  1.40e-04 5.29e-04f  1
1161  3.4514233e+02 1.29e-08 1.44e+02  -5.7 4.10e+00    -  2.89e-04 3.93e-04f  1
1162  3.4514205e+02 1.29e-08 1.44e+02  -5.7 3.05e+00    -  1.41e-04 5.06e-04f  1
1163  3.4514170e+02 1.29e-08 1.44e+02  -5.7 4.02e+00    -  2.90e-04 4.06e-04f  1
1164  3.4514141e+02 1.29e-08 1.44e+02  -5.7 2.93e+00    -  1.43e-04 5.54e-04f  1
1165  3.4514106e+02 1.29e-08 1.44e+02  -5.7 4.02e+00    -  2.90e-04 4.16e-04f  1
1166  3.4514077e+02 1.29e-08 1.44e+02  -5.7 3.07e+00    -  1.41e-04 5.18e-04f  1
1167  3.4514044e+02 1.29e-08 1.44e+02  -5.7 4.08e+00    -  2.90e-04 3.92e-04f  1
1168  3.4514016e+02 1.29e-08 1.44e+02  -5.7 2.97e+00    -  1.43e-04 5.26e-04f  1
1169  3.4513981e+02 1.29e-08 1.44e+02  -5.7 3.99e+00    -  2.92e-04 4.15e-04f  1
iter    objective    inf_pr   inf_du lg(mu)  ||d||  lg(rg) alpha_du alpha_pr  ls
1170  3.4513952e+02 1.29e-08 1.44e+02  -5.7 2.94e+00    -  1.43e-04 5.54e-04f  1
1171  3.4513917e+02 1.28e-08 1.44e+02  -5.7 4.03e+00    -  2.91e-04 4.08e-04f  1
1172  3.4513889e+02 1.28e-08 1.44e+02  -5.7 3.04e+00    -  1.42e-04 5.16e-04f  1
1173  3.4513855e+02 1.28e-08 1.43e+02  -5.7 4.03e+00    -  2.92e-04 3.97e-04f  1
1174  3.4513827e+02 1.28e-08 1.43e+02  -5.7 2.92e+00    -  1.44e-04 5.45e-04f  1
1175  3.4513792e+02 1.28e-08 1.43e+02  -5.7 3.97e+00    -  2.93e-04 4.18e-04f  1
1176  3.4513764e+02 1.28e-08 1.43e+02  -5.7 2.97e+00    -  1.44e-04 5.48e-04f  1
1177  3.4513730e+02 1.28e-08 1.43e+02  -5.7 4.03e+00    -  2.92e-04 4.02e-04f  1
1178  3.4513701e+02 1.28e-08 1.43e+02  -5.7 2.99e+00    -  1.44e-04 5.24e-04f  1
1179  3.4513668e+02 1.28e-08 1.43e+02  -5.7 3.99e+00    -  2.93e-04 4.04e-04f  1
iter    objective    inf_pr   inf_du lg(mu)  ||d||  lg(rg) alpha_du alpha_pr  ls
1180  3.4513639e+02 1.28e-08 1.43e+02  -5.7 2.89e+00    -  1.46e-04 5.59e-04f  1
1181  3.4513605e+02 1.28e-08 1.43e+02  -5.7 3.97e+00    -  2.94e-04 4.17e-04f  1
1182  3.4513576e+02 1.28e-08 1.43e+02  -5.7 2.98e+00    -  1.45e-04 5.42e-04f  1
1183  3.4513543e+02 1.28e-08 1.43e+02  -5.7 4.02e+00    -  2.94e-04 3.99e-04f  1
1184  3.4513515e+02 1.28e-08 1.43e+02  -5.7 2.94e+00    -  1.46e-04 5.38e-04f  1
1185  3.4513481e+02 1.28e-08 1.43e+02  -5.7 3.96e+00    -  2.95e-04 4.12e-04f  1
1186  3.4513452e+02 1.28e-08 1.43e+02  -5.7 2.89e+00    -  1.47e-04 5.65e-04f  1
1187  3.4513418e+02 1.28e-08 1.43e+02  -5.7 3.97e+00    -  2.95e-04 4.13e-04f  1
1188  3.4513390e+02 1.27e-08 1.42e+02  -5.7 2.96e+00    -  1.46e-04 5.40e-04f  1
1189  3.4513357e+02 1.27e-08 1.42e+02  -5.7 3.99e+00    -  2.95e-04 4.01e-04f  1
iter    objective    inf_pr   inf_du lg(mu)  ||d||  lg(rg) alpha_du alpha_pr  ls
1190  3.4513329e+02 1.27e-08 1.42e+02  -5.7 2.89e+00    -  1.48e-04 5.53e-04f  1
1191  3.4513295e+02 1.27e-08 1.42e+02  -5.7 3.93e+00    -  2.96e-04 4.16e-04f  1
1192  3.4513266e+02 1.27e-08 1.42e+02  -5.7 2.89e+00    -  1.48e-04 5.65e-04f  1
1193  3.4513232e+02 1.27e-08 1.42e+02  -5.7 3.97e+00    -  2.96e-04 4.08e-04f  1
1194  3.4513204e+02 1.27e-08 1.42e+02  -5.7 2.93e+00    -  1.48e-04 5.44e-04f  1
1195  3.4513171e+02 1.27e-08 1.42e+02  -5.7 3.95e+00    -  2.97e-04 4.05e-04f  1
1196  3.4513143e+02 1.27e-08 1.42e+02  -5.7 2.86e+00    -  1.49e-04 5.66e-04f  1
1197  3.4513109e+02 1.27e-08 1.42e+02  -5.7 3.92e+00    -  2.97e-04 4.17e-04f  1
1198  3.4513081e+02 1.27e-08 1.42e+02  -5.7 2.89e+00    -  1.49e-04 5.63e-04f  1
1199  3.4513048e+02 1.27e-08 1.42e+02  -5.7 3.96e+00    -  2.97e-04 4.06e-04f  1
iter    objective    inf_pr   inf_du lg(mu)  ||d||  lg(rg) alpha_du alpha_pr  ls
1200  3.4513020e+02 1.27e-08 1.42e+02  -5.7 2.89e+00    -  1.50e-04 5.53e-04f  1
1201  3.4512987e+02 1.27e-08 1.42e+02  -5.7 3.92e+00    -  2.98e-04 4.11e-04f  1
1202  3.4512958e+02 1.27e-08 1.41e+02  -5.7 2.84e+00    -  1.51e-04 5.75e-04f  1
1203  3.4512925e+02 1.27e-08 1.41e+02  -5.7 3.92e+00    -  2.99e-04 4.16e-04f  1
1204  3.4512897e+02 1.26e-08 1.41e+02  -5.7 2.89e+00    -  1.51e-04 5.62e-04f  1
1205  3.4512864e+02 1.26e-08 1.41e+02  -5.7 3.93e+00    -  2.99e-04 4.06e-04f  1
1206  3.4512836e+02 1.26e-08 1.41e+02  -5.7 2.85e+00    -  1.51e-04 5.65e-04f  1
1207  3.4512803e+02 1.26e-08 1.41e+02  -5.7 3.89e+00    -  3.00e-04 4.15e-04f  1
1208  3.4512774e+02 1.26e-08 1.41e+02  -5.7 2.83e+00    -  1.52e-04 5.80e-04f  1
1209  3.4512741e+02 1.26e-08 1.41e+02  -5.7 3.91e+00    -  3.00e-04 4.13e-04f  1
iter    objective    inf_pr   inf_du lg(mu)  ||d||  lg(rg) alpha_du alpha_pr  ls
1210  3.4512713e+02 1.26e-08 1.41e+02  -5.7 2.87e+00    -  1.52e-04 5.65e-04f  1
1211  3.4512681e+02 1.26e-08 1.41e+02  -5.7 3.91e+00    -  3.00e-04 4.08e-04f  1
1212  3.4512653e+02 1.26e-08 1.41e+02  -5.7 2.82e+00    -  1.53e-04 5.77e-04f  1
1213  3.4512620e+02 1.26e-08 1.41e+02  -5.7 3.88e+00    -  3.01e-04 4.17e-04f  1
1214  3.4512591e+02 1.26e-08 1.41e+02  -5.7 2.83e+00    -  1.53e-04 5.81e-04f  1
1215  3.4512559e+02 1.26e-08 1.41e+02  -5.7 3.90e+00    -  3.01e-04 4.11e-04f  1
1216  3.4512531e+02 1.26e-08 1.41e+02  -5.7 2.84e+00    -  1.53e-04 5.71e-04f  1
1217  3.4512498e+02 1.26e-08 1.40e+02  -5.7 3.88e+00    -  3.02e-04 4.11e-04f  1
1218  3.4512470e+02 1.26e-08 1.40e+02  -5.7 2.79e+00    -  1.54e-04 5.86e-04f  1
1219  3.4512437e+02 1.26e-08 1.40e+02  -5.7 3.86e+00    -  3.02e-04 4.17e-04f  1
iter    objective    inf_pr   inf_du lg(mu)  ||d||  lg(rg) alpha_du alpha_pr  ls
1220  3.4512409e+02 1.25e-08 1.40e+02  -5.7 2.82e+00    -  1.55e-04 5.83e-04f  1
1221  3.4512377e+02 1.25e-08 1.40e+02  -5.7 3.88e+00    -  3.02e-04 4.11e-04f  1
1222  3.4512349e+02 1.25e-08 1.40e+02  -5.7 2.81e+00    -  1.55e-04 5.80e-04f  1
1223  3.4512316e+02 1.25e-08 1.40e+02  -5.7 3.85e+00    -  3.03e-04 4.15e-04f  1
1224  3.4512289e+02 1.25e-08 1.40e+02  -5.7 2.78e+00    -  1.56e-04 5.93e-04f  1
1225  3.4512256e+02 1.25e-08 1.40e+02  -5.7 3.85e+00    -  3.03e-04 4.17e-04f  1
1226  3.4512228e+02 1.25e-08 1.40e+02  -5.7 2.80e+00    -  1.56e-04 5.85e-04f  1
1227  3.4512196e+02 1.25e-08 1.40e+02  -5.7 3.86e+00    -  3.04e-04 4.11e-04f  1
1228  3.4512168e+02 1.25e-08 1.40e+02  -5.7 2.78e+00    -  1.57e-04 5.89e-04f  1
1229  3.4512136e+02 1.25e-08 1.40e+02  -5.7 3.83e+00    -  3.05e-04 4.17e-04f  1
iter    objective    inf_pr   inf_du lg(mu)  ||d||  lg(rg) alpha_du alpha_pr  ls
1230  3.4512108e+02 1.25e-08 1.40e+02  -5.7 2.77e+00    -  1.57e-04 5.98e-04f  1
1231  3.4512075e+02 1.25e-08 1.39e+02  -5.7 3.84e+00    -  3.05e-04 4.16e-04f  1
1232  3.4512048e+02 1.25e-08 1.39e+02  -5.7 2.78e+00    -  1.57e-04 5.90e-04f  1
1233  3.4512016e+02 1.25e-08 1.39e+02  -5.7 3.83e+00    -  3.05e-04 4.13e-04f  1
1234  3.4511988e+02 1.25e-08 1.39e+02  -5.7 2.75e+00    -  1.58e-04 5.99e-04f  1
1235  3.4511956e+02 1.25e-08 1.39e+02  -5.7 3.82e+00    -  3.06e-04 4.18e-04f  1
1236  3.4511928e+02 1.24e-08 1.39e+02  -5.7 2.75e+00    -  1.59e-04 6.01e-04f  1
1237  3.4511896e+02 1.24e-08 1.39e+02  -5.7 3.82e+00    -  3.06e-04 4.15e-04f  1
1238  3.4511868e+02 1.24e-08 1.39e+02  -5.7 2.75e+00    -  1.59e-04 5.97e-04f  1
1239  3.4511836e+02 1.24e-08 1.39e+02  -5.7 3.81e+00    -  3.07e-04 4.16e-04f  1
iter    objective    inf_pr   inf_du lg(mu)  ||d||  lg(rg) alpha_du alpha_pr  ls
1240  3.4511808e+02 1.24e-08 1.39e+02  -5.7 2.73e+00    -  1.60e-04 6.07e-04f  1
1241  3.4511776e+02 1.24e-08 1.39e+02  -5.7 3.80e+00    -  3.07e-04 4.19e-04f  1
1242  3.4511749e+02 1.24e-08 1.39e+02  -5.7 2.74e+00    -  1.60e-04 6.05e-04f  1
1243  3.4511717e+02 1.24e-08 1.39e+02  -5.7 3.80e+00    -  3.08e-04 4.15e-04f  1
1244  3.4511689e+02 1.24e-08 1.39e+02  -5.7 2.73e+00    -  1.61e-04 6.05e-04f  1
1245  3.4511657e+02 1.24e-08 1.38e+02  -5.7 3.79e+00    -  3.08e-04 4.18e-04f  1
1246  3.4511630e+02 1.24e-08 1.38e+02  -5.7 2.71e+00    -  1.61e-04 6.13e-04f  1
1247  3.4511598e+02 1.24e-08 1.38e+02  -5.7 3.78e+00    -  3.09e-04 4.19e-04f  1
1248  3.4511570e+02 1.24e-08 1.38e+02  -5.7 2.72e+00    -  1.62e-04 6.10e-04f  1
1249  3.4511539e+02 1.24e-08 1.38e+02  -5.7 3.78e+00    -  3.09e-04 4.16e-04f  1
iter    objective    inf_pr   inf_du lg(mu)  ||d||  lg(rg) alpha_du alpha_pr  ls
1250  3.4511511e+02 1.24e-08 1.38e+02  -5.7 2.70e+00    -  1.62e-04 6.14e-04f  1
1251  3.4511479e+02 1.24e-08 1.38e+02  -5.7 3.77e+00    -  3.10e-04 4.20e-04f  1
1252  3.4511452e+02 1.23e-08 1.38e+02  -5.7 2.70e+00    -  1.63e-04 6.19e-04f  1
1253  3.4511420e+02 1.23e-08 1.38e+02  -5.7 3.77e+00    -  3.10e-04 4.19e-04f  1
1254  3.4511393e+02 1.23e-08 1.38e+02  -5.7 2.70e+00    -  1.63e-04 6.16e-04f  1
1255  3.4511361e+02 1.23e-08 1.38e+02  -5.7 3.76e+00    -  3.10e-04 4.18e-04f  1
1256  3.4511334e+02 1.23e-08 1.38e+02  -5.7 2.68e+00    -  1.64e-04 6.22e-04f  1
1257  3.4511302e+02 1.23e-08 1.38e+02  -5.7 3.75e+00    -  3.11e-04 4.21e-04f  1
1258  3.4511275e+02 1.23e-08 1.38e+02  -5.7 2.68e+00    -  1.64e-04 6.24e-04f  1
1259  3.4511243e+02 1.23e-08 1.37e+02  -5.7 3.75e+00    -  3.11e-04 4.19e-04f  1
iter    objective    inf_pr   inf_du lg(mu)  ||d||  lg(rg) alpha_du alpha_pr  ls
1260  3.4511216e+02 1.23e-08 1.37e+02  -5.7 2.68e+00    -  1.65e-04 6.23e-04f  1
1261  3.4511185e+02 1.23e-08 1.37e+02  -5.7 3.74e+00    -  3.12e-04 4.20e-04f  1
1262  3.4511157e+02 1.23e-08 1.37e+02  -5.7 2.66e+00    -  1.65e-04 6.29e-04f  1
1263  3.4511126e+02 1.23e-08 1.37e+02  -5.7 3.73e+00    -  3.12e-04 4.21e-04f  1
1264  3.4511099e+02 1.23e-08 1.37e+02  -5.7 2.66e+00    -  1.66e-04 6.29e-04f  1
1265  3.4511067e+02 1.23e-08 1.37e+02  -5.7 3.73e+00    -  3.13e-04 4.20e-04f  1
1266  3.4511040e+02 1.23e-08 1.37e+02  -5.7 2.65e+00    -  1.66e-04 6.31e-04f  1
1267  3.4511009e+02 1.23e-08 1.37e+02  -5.7 3.72e+00    -  3.13e-04 4.21e-04f  1
1268  3.4510982e+02 1.22e-08 1.37e+02  -5.7 2.64e+00    -  1.67e-04 6.36e-04f  1
1269  3.4510951e+02 1.22e-08 1.37e+02  -5.7 3.71e+00    -  3.14e-04 4.22e-04f  1
iter    objective    inf_pr   inf_du lg(mu)  ||d||  lg(rg) alpha_du alpha_pr  ls
1270  3.4510923e+02 1.22e-08 1.37e+02  -5.7 2.64e+00    -  1.67e-04 6.35e-04f  1
1271  3.4510892e+02 1.22e-08 1.37e+02  -5.7 3.71e+00    -  3.14e-04 4.21e-04f  1
1272  3.4510865e+02 1.22e-08 1.37e+02  -5.7 2.63e+00    -  1.68e-04 6.38e-04f  1
1273  3.4510834e+02 1.22e-08 1.36e+02  -5.7 3.70e+00    -  3.15e-04 4.23e-04f  1
1274  3.4510807e+02 1.22e-08 1.36e+02  -5.7 2.63e+00    -  1.68e-04 6.42e-04f  1
1275  3.4510776e+02 1.22e-08 1.36e+02  -5.7 3.70e+00    -  3.15e-04 4.22e-04f  1
1276  3.4510749e+02 1.22e-08 1.36e+02  -5.7 2.62e+00    -  1.69e-04 6.42e-04f  1
1277  3.4510718e+02 1.22e-08 1.36e+02  -5.7 3.69e+00    -  3.16e-04 4.22e-04f  1
1278  3.4510691e+02 1.22e-08 1.36e+02  -5.7 2.61e+00    -  1.69e-04 6.46e-04f  1
1279  3.4510660e+02 1.22e-08 1.36e+02  -5.7 3.68e+00    -  3.16e-04 4.24e-04f  1
iter    objective    inf_pr   inf_du lg(mu)  ||d||  lg(rg) alpha_du alpha_pr  ls
1280  3.4510633e+02 1.22e-08 1.36e+02  -5.7 2.61e+00    -  1.70e-04 6.49e-04f  1
1281  3.4510602e+02 1.22e-08 1.36e+02  -5.7 3.68e+00    -  3.17e-04 4.23e-04f  1
1282  3.4510575e+02 1.22e-08 1.36e+02  -5.7 2.60e+00    -  1.70e-04 6.49e-04f  1
1283  3.4510544e+02 1.21e-08 1.36e+02  -5.7 3.67e+00    -  3.17e-04 4.23e-04f  1
1284  3.4510517e+02 1.21e-08 1.36e+02  -5.7 2.59e+00    -  1.71e-04 6.53e-04f  1
1285  3.4510487e+02 1.21e-08 1.36e+02  -5.7 3.66e+00    -  3.18e-04 4.24e-04f  1
1286  3.4510459e+02 1.21e-08 1.36e+02  -5.7 2.59e+00    -  1.72e-04 6.55e-04f  1
1287  3.4510429e+02 1.21e-08 1.35e+02  -5.7 3.66e+00    -  3.18e-04 4.24e-04f  1
1288  3.4510402e+02 1.21e-08 1.35e+02  -5.7 2.58e+00    -  1.72e-04 6.57e-04f  1
1289  3.4510371e+02 1.21e-08 1.35e+02  -5.7 3.65e+00    -  3.19e-04 4.25e-04f  1
iter    objective    inf_pr   inf_du lg(mu)  ||d||  lg(rg) alpha_du alpha_pr  ls
1290  3.4510344e+02 1.21e-08 1.35e+02  -5.7 2.57e+00    -  1.73e-04 6.61e-04f  1
1291  3.4510314e+02 1.21e-08 1.35e+02  -5.7 3.64e+00    -  3.19e-04 4.25e-04f  1
1292  3.4510287e+02 1.21e-08 1.35e+02  -5.7 2.57e+00    -  1.73e-04 6.62e-04f  1
1293  3.4510257e+02 1.21e-08 1.35e+02  -5.7 3.64e+00    -  3.20e-04 4.25e-04f  1
1294  3.4510229e+02 1.21e-08 1.35e+02  -5.7 2.56e+00    -  1.74e-04 6.64e-04f  1
1295  3.4510199e+02 1.21e-08 1.35e+02  -5.7 3.63e+00    -  3.20e-04 4.26e-04f  1
1296  3.4510172e+02 1.21e-08 1.35e+02  -5.7 2.56e+00    -  1.74e-04 6.68e-04f  1
1297  3.4510142e+02 1.21e-08 1.35e+02  -5.7 3.62e+00    -  3.21e-04 4.26e-04f  1
1298  3.4510115e+02 1.20e-08 1.35e+02  -5.7 2.55e+00    -  1.75e-04 6.69e-04f  1
1299  3.4510085e+02 1.20e-08 1.35e+02  -5.7 3.62e+00    -  3.21e-04 4.26e-04f  1
iter    objective    inf_pr   inf_du lg(mu)  ||d||  lg(rg) alpha_du alpha_pr  ls
1300  3.4510058e+02 1.20e-08 1.34e+02  -5.7 2.54e+00    -  1.75e-04 6.72e-04f  1
1301  3.4510028e+02 1.20e-08 1.34e+02  -5.7 3.61e+00    -  3.22e-04 4.27e-04f  1
1302  3.4510001e+02 1.20e-08 1.34e+02  -5.7 2.54e+00    -  1.76e-04 6.75e-04f  1
1303  3.4509971e+02 1.20e-08 1.34e+02  -5.7 3.60e+00    -  3.22e-04 4.27e-04f  1
1304  3.4509944e+02 1.20e-08 1.34e+02  -5.7 2.53e+00    -  1.76e-04 6.76e-04f  1
1305  3.4509914e+02 1.20e-08 1.34e+02  -5.7 3.60e+00    -  3.23e-04 4.27e-04f  1
1306  3.4509887e+02 1.20e-08 1.34e+02  -5.7 2.52e+00    -  1.77e-04 6.79e-04f  1
1307  3.4509857e+02 1.20e-08 1.34e+02  -5.7 3.59e+00    -  3.23e-04 4.28e-04f  1
1308  3.4509830e+02 1.20e-08 1.34e+02  -5.7 2.52e+00    -  1.78e-04 6.82e-04f  1
1309  3.4509801e+02 1.20e-08 1.34e+02  -5.7 3.59e+00    -  3.24e-04 4.28e-04f  1
iter    objective    inf_pr   inf_du lg(mu)  ||d||  lg(rg) alpha_du alpha_pr  ls
1310  3.4509774e+02 1.20e-08 1.34e+02  -5.7 2.51e+00    -  1.78e-04 6.84e-04f  1
1311  3.4509744e+02 1.20e-08 1.34e+02  -5.7 3.58e+00    -  3.25e-04 4.28e-04f  1
1312  3.4509717e+02 1.20e-08 1.34e+02  -5.7 2.51e+00    -  1.79e-04 6.87e-04f  1
1313  3.4509688e+02 1.19e-08 1.34e+02  -5.7 3.57e+00    -  3.25e-04 4.29e-04f  1
1314  3.4509661e+02 1.19e-08 1.33e+02  -5.7 2.50e+00    -  1.79e-04 6.89e-04f  1
1315  3.4509631e+02 1.19e-08 1.33e+02  -5.7 3.57e+00    -  3.26e-04 4.29e-04f  1
1316  3.4509604e+02 1.19e-08 1.33e+02  -5.7 2.49e+00    -  1.80e-04 6.91e-04f  1
1317  3.4509575e+02 1.19e-08 1.33e+02  -5.7 3.56e+00    -  3.26e-04 4.29e-04f  1
1318  3.4509548e+02 1.19e-08 1.33e+02  -5.7 2.49e+00    -  1.80e-04 6.94e-04f  1
1319  3.4509519e+02 1.19e-08 1.33e+02  -5.7 3.55e+00    -  3.27e-04 4.30e-04f  1
iter    objective    inf_pr   inf_du lg(mu)  ||d||  lg(rg) alpha_du alpha_pr  ls
1320  3.4509492e+02 1.19e-08 1.33e+02  -5.7 2.48e+00    -  1.81e-04 6.96e-04f  1
1321  3.4509463e+02 1.19e-08 1.33e+02  -5.7 3.55e+00    -  3.27e-04 4.30e-04f  1
1322  3.4509436e+02 1.19e-08 1.33e+02  -5.7 2.47e+00    -  1.81e-04 6.99e-04f  1
1323  3.4509407e+02 1.19e-08 1.33e+02  -5.7 3.54e+00    -  3.28e-04 4.30e-04f  1
1324  3.4509380e+02 1.19e-08 1.33e+02  -5.7 2.47e+00    -  1.82e-04 7.02e-04f  1
1325  3.4509351e+02 1.19e-08 1.33e+02  -5.7 3.53e+00    -  3.28e-04 4.31e-04f  1
1326  3.4509324e+02 1.19e-08 1.33e+02  -5.7 2.46e+00    -  1.83e-04 7.04e-04f  1
1327  3.4509295e+02 1.19e-08 1.32e+02  -5.7 3.53e+00    -  3.29e-04 4.31e-04f  1
1328  3.4509268e+02 1.18e-08 1.32e+02  -5.7 2.46e+00    -  1.83e-04 7.07e-04f  1
1329  3.4509239e+02 1.18e-08 1.32e+02  -5.7 3.52e+00    -  3.29e-04 4.31e-04f  1
iter    objective    inf_pr   inf_du lg(mu)  ||d||  lg(rg) alpha_du alpha_pr  ls
1330  3.4509212e+02 1.18e-08 1.32e+02  -5.7 2.45e+00    -  1.84e-04 7.10e-04f  1
1331  3.4509183e+02 1.18e-08 1.32e+02  -5.7 3.51e+00    -  3.30e-04 4.32e-04f  1
1332  3.4509156e+02 1.18e-08 1.32e+02  -5.7 2.44e+00    -  1.84e-04 7.12e-04f  1
1333  3.4509128e+02 1.18e-08 1.32e+02  -5.7 3.50e+00    -  3.30e-04 4.32e-04f  1
1334  3.4509101e+02 1.18e-08 1.32e+02  -5.7 2.44e+00    -  1.85e-04 7.15e-04f  1
1335  3.4509072e+02 1.18e-08 1.32e+02  -5.7 3.50e+00    -  3.31e-04 4.32e-04f  1
1336  3.4509045e+02 1.18e-08 1.32e+02  -5.7 2.43e+00    -  1.85e-04 7.17e-04f  1
1337  3.4509016e+02 1.18e-08 1.32e+02  -5.7 3.49e+00    -  3.31e-04 4.33e-04f  1
1338  3.4508990e+02 1.18e-08 1.32e+02  -5.7 2.43e+00    -  1.86e-04 7.20e-04f  1
1339  3.4508961e+02 1.18e-08 1.32e+02  -5.7 3.48e+00    -  3.32e-04 4.33e-04f  1
iter    objective    inf_pr   inf_du lg(mu)  ||d||  lg(rg) alpha_du alpha_pr  ls
1340  3.4508934e+02 1.18e-08 1.31e+02  -5.7 2.42e+00    -  1.87e-04 7.23e-04f  1
1341  3.4508906e+02 1.18e-08 1.31e+02  -5.7 3.48e+00    -  3.33e-04 4.33e-04f  1
1342  3.4508879e+02 1.18e-08 1.31e+02  -5.7 2.41e+00    -  1.87e-04 7.25e-04f  1
1343  3.4508851e+02 1.17e-08 1.31e+02  -5.7 3.47e+00    -  3.33e-04 4.34e-04f  1
1344  3.4508824e+02 1.17e-08 1.31e+02  -5.7 2.41e+00    -  1.88e-04 7.28e-04f  1
1345  3.4508795e+02 1.17e-08 1.31e+02  -5.7 3.46e+00    -  3.34e-04 4.34e-04f  1
1346  3.4508769e+02 1.17e-08 1.31e+02  -5.7 2.40e+00    -  1.88e-04 7.31e-04f  1
1347  3.4508740e+02 1.17e-08 1.31e+02  -5.7 3.46e+00    -  3.34e-04 4.34e-04f  1
1348  3.4508714e+02 1.17e-08 1.31e+02  -5.7 2.40e+00    -  1.89e-04 7.33e-04f  1
1349  3.4508685e+02 1.17e-08 1.31e+02  -5.7 3.45e+00    -  3.35e-04 4.35e-04f  1
iter    objective    inf_pr   inf_du lg(mu)  ||d||  lg(rg) alpha_du alpha_pr  ls
1350  3.4508659e+02 1.17e-08 1.31e+02  -5.7 2.39e+00    -  1.90e-04 7.36e-04f  1
1351  3.4508631e+02 1.17e-08 1.31e+02  -5.7 3.44e+00    -  3.35e-04 4.35e-04f  1
1352  3.4508604e+02 1.17e-08 1.31e+02  -5.7 2.38e+00    -  1.90e-04 7.39e-04f  1
1353  3.4508576e+02 1.17e-08 1.31e+02  -5.7 3.44e+00    -  3.36e-04 4.35e-04f  1
1354  3.4508549e+02 1.17e-08 1.30e+02  -5.7 2.38e+00    -  1.91e-04 7.42e-04f  1
1355  3.4508521e+02 1.17e-08 1.30e+02  -5.7 3.43e+00    -  3.36e-04 4.36e-04f  1
1356  3.4508494e+02 1.17e-08 1.30e+02  -5.7 2.37e+00    -  1.91e-04 7.44e-04f  1
1357  3.4508466e+02 1.17e-08 1.30e+02  -5.7 3.42e+00    -  3.37e-04 4.36e-04f  1
1358  3.4508440e+02 1.16e-08 1.30e+02  -5.7 2.37e+00    -  1.92e-04 7.47e-04f  1
1359  3.4508412e+02 1.16e-08 1.30e+02  -5.7 3.42e+00    -  3.38e-04 4.36e-04f  1
iter    objective    inf_pr   inf_du lg(mu)  ||d||  lg(rg) alpha_du alpha_pr  ls
1360  3.4508385e+02 1.16e-08 1.30e+02  -5.7 2.36e+00    -  1.92e-04 7.50e-04f  1
1361  3.4508357e+02 1.16e-08 1.30e+02  -5.7 3.41e+00    -  3.38e-04 4.37e-04f  1
1362  3.4508331e+02 1.16e-08 1.30e+02  -5.7 2.35e+00    -  1.93e-04 7.53e-04f  1
1363  3.4508303e+02 1.16e-08 1.30e+02  -5.7 3.40e+00    -  3.39e-04 4.37e-04f  1
1364  3.4508276e+02 1.16e-08 1.30e+02  -5.7 2.35e+00    -  1.94e-04 7.56e-04f  1
1365  3.4508249e+02 1.16e-08 1.30e+02  -5.7 3.40e+00    -  3.39e-04 4.38e-04f  1
1366  3.4508222e+02 1.16e-08 1.29e+02  -5.7 2.34e+00    -  1.94e-04 7.58e-04f  1
1367  3.4508195e+02 1.16e-08 1.29e+02  -5.7 3.39e+00    -  3.40e-04 4.38e-04f  1
1368  3.4508168e+02 1.16e-08 1.29e+02  -5.7 2.34e+00    -  1.95e-04 7.61e-04f  1
1369  3.4508140e+02 1.16e-08 1.29e+02  -5.7 3.38e+00    -  3.40e-04 4.38e-04f  1
iter    objective    inf_pr   inf_du lg(mu)  ||d||  lg(rg) alpha_du alpha_pr  ls
1370  3.4508114e+02 1.16e-08 1.29e+02  -5.7 2.33e+00    -  1.95e-04 7.64e-04f  1
1371  3.4508086e+02 1.16e-08 1.29e+02  -5.7 3.38e+00    -  3.41e-04 4.39e-04f  1
1372  3.4508060e+02 1.15e-08 1.29e+02  -5.7 2.32e+00    -  1.96e-04 7.67e-04f  1
1373  3.4508032e+02 1.15e-08 1.29e+02  -5.7 3.37e+00    -  3.42e-04 4.39e-04f  1
1374  3.4508006e+02 1.15e-08 1.29e+02  -5.7 2.32e+00    -  1.97e-04 7.70e-04f  1
1375  3.4507979e+02 1.15e-08 1.29e+02  -5.7 3.36e+00    -  3.42e-04 4.39e-04f  1
1376  3.4507952e+02 1.15e-08 1.29e+02  -5.7 2.31e+00    -  1.97e-04 7.73e-04f  1
1377  3.4507925e+02 1.15e-08 1.29e+02  -5.7 3.36e+00    -  3.43e-04 4.40e-04f  1
1378  3.4507898e+02 1.15e-08 1.29e+02  -5.7 2.31e+00    -  1.98e-04 7.76e-04f  1
1379  3.4507871e+02 1.15e-08 1.29e+02  -5.7 3.35e+00    -  3.43e-04 4.40e-04f  1
iter    objective    inf_pr   inf_du lg(mu)  ||d||  lg(rg) alpha_du alpha_pr  ls
1380  3.4507844e+02 1.15e-08 1.28e+02  -5.7 2.30e+00    -  1.99e-04 7.79e-04f  1
1381  3.4507817e+02 1.15e-08 1.28e+02  -5.7 3.34e+00    -  3.44e-04 4.40e-04f  1
1382  3.4507791e+02 1.15e-08 1.28e+02  -5.7 2.29e+00    -  1.99e-04 7.82e-04f  1
1383  3.4507764e+02 1.15e-08 1.28e+02  -5.7 3.34e+00    -  3.44e-04 4.41e-04f  1
1384  3.4507737e+02 1.15e-08 1.28e+02  -5.7 2.29e+00    -  2.00e-04 7.85e-04f  1
1385  3.4507711e+02 1.15e-08 1.28e+02  -5.7 3.33e+00    -  3.45e-04 4.41e-04f  1
1386  3.4507684e+02 1.14e-08 1.28e+02  -5.7 2.28e+00    -  2.00e-04 7.87e-04f  1
1387  3.4507657e+02 1.14e-08 1.28e+02  -5.7 3.32e+00    -  3.46e-04 4.41e-04f  1
1388  3.4507631e+02 1.14e-08 1.28e+02  -5.7 2.28e+00    -  2.01e-04 7.90e-04f  1
1389  3.4507604e+02 1.14e-08 1.28e+02  -5.7 3.31e+00    -  3.46e-04 4.42e-04f  1
iter    objective    inf_pr   inf_du lg(mu)  ||d||  lg(rg) alpha_du alpha_pr  ls
1390  3.4507577e+02 1.14e-08 1.28e+02  -5.7 2.27e+00    -  2.02e-04 7.93e-04f  1
1391  3.4507551e+02 1.14e-08 1.28e+02  -5.7 3.31e+00    -  3.47e-04 4.42e-04f  1
1392  3.4507524e+02 1.14e-08 1.27e+02  -5.7 2.27e+00    -  2.02e-04 7.96e-04f  1
1393  3.4507498e+02 1.14e-08 1.27e+02  -5.7 3.30e+00    -  3.47e-04 4.42e-04f  1
1394  3.4507471e+02 1.14e-08 1.27e+02  -5.7 2.26e+00    -  2.03e-04 7.99e-04f  1
1395  3.4507444e+02 1.14e-08 1.27e+02  -5.7 3.29e+00    -  3.48e-04 4.43e-04f  1
1396  3.4507418e+02 1.14e-08 1.27e+02  -5.7 2.25e+00    -  2.04e-04 8.03e-04f  1
1397  3.4507392e+02 1.14e-08 1.27e+02  -5.7 3.29e+00    -  3.49e-04 4.43e-04f  1
1398  3.4507365e+02 1.14e-08 1.27e+02  -5.7 2.25e+00    -  2.04e-04 8.06e-04f  1
1399  3.4507339e+02 1.14e-08 1.27e+02  -5.7 3.28e+00    -  3.49e-04 4.44e-04f  1
iter    objective    inf_pr   inf_du lg(mu)  ||d||  lg(rg) alpha_du alpha_pr  ls
1400  3.4507312e+02 1.13e-08 1.27e+02  -5.7 2.24e+00    -  2.05e-04 8.09e-04f  1
1401  3.4507286e+02 1.13e-08 1.27e+02  -5.7 3.27e+00    -  3.50e-04 4.44e-04f  1
1402  3.4507259e+02 1.13e-08 1.27e+02  -5.7 2.24e+00    -  2.05e-04 8.12e-04f  1
1403  3.4507233e+02 1.13e-08 1.27e+02  -5.7 3.27e+00    -  3.50e-04 4.44e-04f  1
1404  3.4507207e+02 1.13e-08 1.27e+02  -5.7 2.23e+00    -  2.06e-04 8.15e-04f  1
1405  3.4507180e+02 1.13e-08 1.26e+02  -5.7 3.26e+00    -  3.51e-04 4.45e-04f  1
1406  3.4507154e+02 1.13e-08 1.26e+02  -5.7 2.23e+00    -  2.07e-04 8.18e-04f  1
1407  3.4507128e+02 1.13e-08 1.26e+02  -5.7 3.25e+00    -  3.52e-04 4.45e-04f  1
1408  3.4507101e+02 1.13e-08 1.26e+02  -5.7 2.22e+00    -  2.07e-04 8.21e-04f  1
1409  3.4507075e+02 1.13e-08 1.26e+02  -5.7 3.25e+00    -  3.52e-04 4.45e-04f  1
iter    objective    inf_pr   inf_du lg(mu)  ||d||  lg(rg) alpha_du alpha_pr  ls
1410  3.4507049e+02 1.13e-08 1.26e+02  -5.7 2.21e+00    -  2.08e-04 8.24e-04f  1
1411  3.4507023e+02 1.13e-08 1.26e+02  -5.7 3.24e+00    -  3.53e-04 4.46e-04f  1
1412  3.4506997e+02 1.13e-08 1.26e+02  -5.7 2.21e+00    -  2.09e-04 8.27e-04f  1
1413  3.4506971e+02 1.13e-08 1.26e+02  -5.7 3.23e+00    -  3.53e-04 4.46e-04f  1
1414  3.4506944e+02 1.12e-08 1.26e+02  -5.7 2.20e+00    -  2.09e-04 8.31e-04f  1
1415  3.4506919e+02 1.12e-08 1.26e+02  -5.7 3.22e+00    -  3.54e-04 4.46e-04f  1
1416  3.4506892e+02 1.12e-08 1.26e+02  -5.7 2.20e+00    -  2.10e-04 8.34e-04f  1
1417  3.4506866e+02 1.12e-08 1.25e+02  -5.7 3.22e+00    -  3.55e-04 4.47e-04f  1
1418  3.4506840e+02 1.12e-08 1.25e+02  -5.7 2.19e+00    -  2.11e-04 8.37e-04f  1
1419  3.4506814e+02 1.12e-08 1.25e+02  -5.7 3.21e+00    -  3.55e-04 4.47e-04f  1
iter    objective    inf_pr   inf_du lg(mu)  ||d||  lg(rg) alpha_du alpha_pr  ls
1420  3.4506788e+02 1.12e-08 1.25e+02  -5.7 2.19e+00    -  2.11e-04 8.40e-04f  1
1421  3.4506762e+02 1.12e-08 1.25e+02  -5.7 3.20e+00    -  3.56e-04 4.47e-04f  1
1422  3.4506736e+02 1.12e-08 1.25e+02  -5.7 2.18e+00    -  2.12e-04 8.44e-04f  1
1423  3.4506711e+02 1.12e-08 1.25e+02  -5.7 3.20e+00    -  3.57e-04 4.48e-04f  1
1424  3.4506684e+02 1.12e-08 1.25e+02  -5.7 2.17e+00    -  2.13e-04 8.47e-04f  1
1425  3.4506659e+02 1.12e-08 1.25e+02  -5.7 3.19e+00    -  3.57e-04 4.48e-04f  1
1426  3.4506632e+02 1.12e-08 1.25e+02  -5.7 2.17e+00    -  2.13e-04 8.50e-04f  1
1427  3.4506607e+02 1.12e-08 1.25e+02  -5.7 3.18e+00    -  3.58e-04 4.49e-04f  1
1428  3.4506581e+02 1.11e-08 1.25e+02  -5.7 2.16e+00    -  2.14e-04 8.53e-04f  1
1429  3.4506555e+02 1.11e-08 1.25e+02  -5.7 3.17e+00    -  3.58e-04 4.49e-04f  1
iter    objective    inf_pr   inf_du lg(mu)  ||d||  lg(rg) alpha_du alpha_pr  ls
1430  3.4506529e+02 1.11e-08 1.24e+02  -5.7 2.16e+00    -  2.15e-04 8.57e-04f  1
1431  3.4506504e+02 1.11e-08 1.24e+02  -5.7 3.17e+00    -  3.59e-04 4.49e-04f  1
1432  3.4506477e+02 1.11e-08 1.24e+02  -5.7 2.15e+00    -  2.15e-04 8.60e-04f  1
1433  3.4506452e+02 1.11e-08 1.24e+02  -5.7 3.16e+00    -  3.60e-04 4.50e-04f  1
1434  3.4506426e+02 1.11e-08 1.24e+02  -5.7 2.15e+00    -  2.16e-04 8.63e-04f  1
1435  3.4506401e+02 1.11e-08 1.24e+02  -5.7 3.15e+00    -  3.60e-04 4.50e-04f  1
1436  3.4506375e+02 1.11e-08 1.24e+02  -5.7 2.14e+00    -  2.17e-04 8.67e-04f  1
1437  3.4506350e+02 1.11e-08 1.24e+02  -5.7 3.15e+00    -  3.61e-04 4.50e-04f  1
1438  3.4506323e+02 1.11e-08 1.24e+02  -5.7 2.14e+00    -  2.17e-04 8.70e-04f  1
1439  3.4506298e+02 1.11e-08 1.24e+02  -5.7 3.14e+00    -  3.62e-04 4.51e-04f  1
iter    objective    inf_pr   inf_du lg(mu)  ||d||  lg(rg) alpha_du alpha_pr  ls
1440  3.4506272e+02 1.11e-08 1.24e+02  -5.7 2.13e+00    -  2.18e-04 8.73e-04f  1
1441  3.4506247e+02 1.11e-08 1.24e+02  -5.7 3.13e+00    -  3.62e-04 4.51e-04f  1
1442  3.4506221e+02 1.10e-08 1.23e+02  -5.7 2.12e+00    -  2.19e-04 8.77e-04f  1
1443  3.4506196e+02 1.10e-08 1.23e+02  -5.7 3.13e+00    -  3.63e-04 4.51e-04f  1
1444  3.4506170e+02 1.10e-08 1.23e+02  -5.7 2.12e+00    -  2.19e-04 8.80e-04f  1
1445  3.4506145e+02 1.10e-08 1.23e+02  -5.7 3.12e+00    -  3.64e-04 4.52e-04f  1
1446  3.4506119e+02 1.10e-08 1.23e+02  -5.7 2.11e+00    -  2.20e-04 8.84e-04f  1
1447  3.4506094e+02 1.10e-08 1.23e+02  -5.7 3.11e+00    -  3.64e-04 4.52e-04f  1
1448  3.4506068e+02 1.10e-08 1.23e+02  -5.7 2.11e+00    -  2.21e-04 8.87e-04f  1
1449  3.4506043e+02 1.10e-08 1.23e+02  -5.7 3.10e+00    -  3.65e-04 4.52e-04f  1
iter    objective    inf_pr   inf_du lg(mu)  ||d||  lg(rg) alpha_du alpha_pr  ls
1450  3.4506017e+02 1.10e-08 1.23e+02  -5.7 2.10e+00    -  2.21e-04 8.91e-04f  1
1451  3.4505993e+02 1.10e-08 1.23e+02  -5.7 3.10e+00    -  3.65e-04 4.53e-04f  1
1452  3.4505966e+02 1.10e-08 1.23e+02  -5.7 2.10e+00    -  2.22e-04 8.94e-04f  1
1453  3.4505942e+02 1.10e-08 1.23e+02  -5.7 3.09e+00    -  3.66e-04 4.53e-04f  1
1454  3.4505916e+02 1.10e-08 1.22e+02  -5.7 2.09e+00    -  2.23e-04 8.98e-04f  1
1455  3.4505891e+02 1.10e-08 1.22e+02  -5.7 3.08e+00    -  3.67e-04 4.54e-04f  1
1456  3.4505865e+02 1.09e-08 1.22e+02  -5.7 2.09e+00    -  2.23e-04 9.01e-04f  1
1457  3.4505841e+02 1.09e-08 1.22e+02  -5.7 3.08e+00    -  3.67e-04 4.54e-04f  1
1458  3.4505814e+02 1.09e-08 1.22e+02  -5.7 2.08e+00    -  2.24e-04 9.05e-04f  1
1459  3.4505790e+02 1.09e-08 1.22e+02  -5.7 3.07e+00    -  3.68e-04 4.54e-04f  1
iter    objective    inf_pr   inf_du lg(mu)  ||d||  lg(rg) alpha_du alpha_pr  ls
1460  3.4505764e+02 1.09e-08 1.22e+02  -5.7 2.08e+00    -  2.25e-04 9.08e-04f  1
1461  3.4505740e+02 1.09e-08 1.22e+02  -5.7 3.06e+00    -  3.69e-04 4.55e-04f  1
1462  3.4505714e+02 1.09e-08 1.22e+02  -5.7 2.07e+00    -  2.25e-04 9.12e-04f  1
1463  3.4505690e+02 1.09e-08 1.22e+02  -5.7 3.05e+00    -  3.69e-04 4.55e-04f  1
1464  3.4505663e+02 1.09e-08 1.22e+02  -5.7 2.06e+00    -  2.26e-04 9.16e-04f  1
1465  3.4505639e+02 1.09e-08 1.22e+02  -5.7 3.05e+00    -  3.70e-04 4.55e-04f  1
1466  3.4505613e+02 1.09e-08 1.21e+02  -5.7 2.06e+00    -  2.27e-04 9.19e-04f  1
1467  3.4505589e+02 1.09e-08 1.21e+02  -5.7 3.04e+00    -  3.71e-04 4.56e-04f  1
1468  3.4505563e+02 1.09e-08 1.21e+02  -5.7 2.05e+00    -  2.28e-04 9.23e-04f  1
1469  3.4505539e+02 1.08e-08 1.21e+02  -5.7 3.03e+00    -  3.71e-04 4.56e-04f  1
iter    objective    inf_pr   inf_du lg(mu)  ||d||  lg(rg) alpha_du alpha_pr  ls
1470  3.4505513e+02 1.08e-08 1.21e+02  -5.7 2.05e+00    -  2.28e-04 9.27e-04f  1
1471  3.4505489e+02 1.08e-08 1.21e+02  -5.7 3.02e+00    -  3.72e-04 4.56e-04f  1
1472  3.4505463e+02 1.08e-08 1.21e+02  -5.7 2.04e+00    -  2.29e-04 9.30e-04f  1
1473  3.4505439e+02 1.08e-08 1.21e+02  -5.7 3.02e+00    -  3.73e-04 4.57e-04f  1
1474  3.4505413e+02 1.08e-08 1.21e+02  -5.7 2.04e+00    -  2.30e-04 9.34e-04f  1
1475  3.4505390e+02 1.08e-08 1.21e+02  -5.7 3.01e+00    -  3.73e-04 4.57e-04f  1
1476  3.4505363e+02 1.08e-08 1.21e+02  -5.7 2.03e+00    -  2.30e-04 9.38e-04f  1
1477  3.4505340e+02 1.08e-08 1.21e+02  -5.7 3.00e+00    -  3.74e-04 4.57e-04f  1
1478  3.4505314e+02 1.08e-08 1.20e+02  -5.7 2.03e+00    -  2.31e-04 9.42e-04f  1
1479  3.4505290e+02 1.08e-08 1.20e+02  -5.7 3.00e+00    -  3.75e-04 4.58e-04f  1
iter    objective    inf_pr   inf_du lg(mu)  ||d||  lg(rg) alpha_du alpha_pr  ls
1480  3.4505264e+02 1.08e-08 1.20e+02  -5.7 2.02e+00    -  2.32e-04 9.45e-04f  1
1481  3.4505241e+02 1.08e-08 1.20e+02  -5.7 2.99e+00    -  3.75e-04 4.58e-04f  1
1482  3.4505215e+02 1.07e-08 1.20e+02  -5.7 2.02e+00    -  2.32e-04 9.49e-04f  1
1483  3.4505191e+02 1.07e-08 1.20e+02  -5.7 2.98e+00    -  3.76e-04 4.58e-04f  1
1484  3.4505165e+02 1.07e-08 1.20e+02  -5.7 2.01e+00    -  2.33e-04 9.53e-04f  1
1485  3.4505142e+02 1.07e-08 1.20e+02  -5.7 2.97e+00    -  3.77e-04 4.59e-04f  1
1486  3.4505116e+02 1.07e-08 1.20e+02  -5.7 2.01e+00    -  2.34e-04 9.57e-04f  1
1487  3.4505092e+02 1.07e-08 1.20e+02  -5.7 2.97e+00    -  3.78e-04 4.59e-04f  1
1488  3.4505066e+02 1.07e-08 1.20e+02  -5.7 2.00e+00    -  2.35e-04 9.61e-04f  1
1489  3.4505043e+02 1.07e-08 1.20e+02  -5.7 2.96e+00    -  3.78e-04 4.59e-04f  1
iter    objective    inf_pr   inf_du lg(mu)  ||d||  lg(rg) alpha_du alpha_pr  ls
1490  3.4505017e+02 1.07e-08 1.19e+02  -5.7 1.99e+00    -  2.35e-04 9.64e-04f  1
1491  3.4504994e+02 1.07e-08 1.19e+02  -5.7 2.95e+00    -  3.79e-04 4.60e-04f  1
1492  3.4504968e+02 1.07e-08 1.19e+02  -5.7 1.99e+00    -  2.36e-04 9.68e-04f  1
1493  3.4504945e+02 1.07e-08 1.19e+02  -5.7 2.95e+00    -  3.80e-04 4.60e-04f  1
1494  3.4504919e+02 1.07e-08 1.19e+02  -5.7 1.98e+00    -  2.37e-04 9.72e-04f  1
1495  3.4504896e+02 1.07e-08 1.19e+02  -5.7 2.94e+00    -  3.80e-04 4.61e-04f  1
1496  3.4504870e+02 1.06e-08 1.19e+02  -5.7 1.98e+00    -  2.38e-04 9.76e-04f  1
1497  3.4504847e+02 1.06e-08 1.19e+02  -5.7 2.93e+00    -  3.81e-04 4.61e-04f  1
1498  3.4504821e+02 1.06e-08 1.19e+02  -5.7 1.97e+00    -  2.38e-04 9.80e-04f  1
1499  3.4504798e+02 1.06e-08 1.19e+02  -5.7 2.92e+00    -  3.82e-04 4.61e-04f  1
iter    objective    inf_pr   inf_du lg(mu)  ||d||  lg(rg) alpha_du alpha_pr  ls
1500  3.4504772e+02 1.06e-08 1.19e+02  -5.7 1.97e+00    -  2.39e-04 9.84e-04f  1
1501  3.4504749e+02 1.06e-08 1.19e+02  -5.7 2.92e+00    -  3.82e-04 4.62e-04f  1
1502  3.4504723e+02 1.06e-08 1.18e+02  -5.7 1.96e+00    -  2.40e-04 9.88e-04f  1
1503  3.4504701e+02 1.06e-08 1.18e+02  -5.7 2.91e+00    -  3.83e-04 4.62e-04f  1
1504  3.4504675e+02 1.06e-08 1.18e+02  -5.7 1.96e+00    -  2.41e-04 9.92e-04f  1
1505  3.4504652e+02 1.06e-08 1.18e+02  -5.7 2.90e+00    -  3.84e-04 4.62e-04f  1
1506  3.4504626e+02 1.06e-08 1.18e+02  -5.7 1.95e+00    -  2.41e-04 9.96e-04f  1
1507  3.4504604e+02 1.06e-08 1.18e+02  -5.7 2.89e+00    -  3.85e-04 4.63e-04f  1
1508  3.4504577e+02 1.05e-08 1.18e+02  -5.7 1.95e+00    -  2.42e-04 1.00e-03f  1
1509  3.4504555e+02 1.05e-08 1.18e+02  -5.7 2.89e+00    -  3.85e-04 4.63e-04f  1
iter    objective    inf_pr   inf_du lg(mu)  ||d||  lg(rg) alpha_du alpha_pr  ls
1510  3.4504529e+02 1.05e-08 1.18e+02  -5.7 1.94e+00    -  2.43e-04 1.00e-03f  1
1511  3.4504507e+02 1.05e-08 1.18e+02  -5.7 2.88e+00    -  3.86e-04 4.63e-04f  1
1512  3.4504481e+02 1.05e-08 1.18e+02  -5.7 1.94e+00    -  2.44e-04 1.01e-03f  1
1513  3.4504458e+02 1.05e-08 1.17e+02  -5.7 2.87e+00    -  3.87e-04 4.64e-04f  1
1514  3.4504432e+02 1.05e-08 1.17e+02  -5.7 1.93e+00    -  2.44e-04 1.01e-03f  1
1515  3.4504410e+02 1.05e-08 1.17e+02  -5.7 2.86e+00    -  3.87e-04 4.64e-04f  1
1516  3.4504384e+02 1.05e-08 1.17e+02  -5.7 1.93e+00    -  2.45e-04 1.02e-03f  1
1517  3.4504362e+02 1.05e-08 1.17e+02  -5.7 2.86e+00    -  3.88e-04 4.64e-04f  1
1518  3.4504336e+02 1.05e-08 1.17e+02  -5.7 1.92e+00    -  2.46e-04 1.02e-03f  1
1519  3.4504314e+02 1.05e-08 1.17e+02  -5.7 2.85e+00    -  3.89e-04 4.65e-04f  1
iter    objective    inf_pr   inf_du lg(mu)  ||d||  lg(rg) alpha_du alpha_pr  ls
1520  3.4504288e+02 1.05e-08 1.17e+02  -5.7 1.92e+00    -  2.47e-04 1.03e-03f  1
1521  3.4504266e+02 1.04e-08 1.17e+02  -5.7 2.84e+00    -  3.90e-04 4.65e-04f  1
1522  3.4504240e+02 1.04e-08 1.17e+02  -5.7 1.91e+00    -  2.47e-04 1.03e-03f  1
1523  3.4504218e+02 1.04e-08 1.17e+02  -5.7 2.83e+00    -  3.90e-04 4.65e-04f  1
1524  3.4504192e+02 1.04e-08 1.16e+02  -5.7 1.91e+00    -  2.48e-04 1.03e-03f  1
1525  3.4504170e+02 1.04e-08 1.16e+02  -5.7 2.83e+00    -  3.91e-04 4.65e-04f  1
1526  3.4504144e+02 1.04e-08 1.16e+02  -5.7 1.90e+00    -  2.49e-04 1.04e-03f  1
1527  3.4504122e+02 1.04e-08 1.16e+02  -5.7 2.82e+00    -  3.92e-04 4.66e-04f  1
1528  3.4504096e+02 1.04e-08 1.16e+02  -5.7 1.90e+00    -  2.50e-04 1.04e-03f  1
1529  3.4504075e+02 1.04e-08 1.16e+02  -5.7 2.81e+00    -  3.92e-04 4.66e-04f  1
iter    objective    inf_pr   inf_du lg(mu)  ||d||  lg(rg) alpha_du alpha_pr  ls
1530  3.4504049e+02 1.04e-08 1.16e+02  -5.7 1.89e+00    -  2.50e-04 1.05e-03f  1
1531  3.4504027e+02 1.04e-08 1.16e+02  -5.7 2.81e+00    -  3.93e-04 4.66e-04f  1
1532  3.4504001e+02 1.04e-08 1.16e+02  -5.7 1.89e+00    -  2.51e-04 1.05e-03f  1
1533  3.4503980e+02 1.04e-08 1.16e+02  -5.7 2.80e+00    -  3.94e-04 4.67e-04f  1
1534  3.4503954e+02 1.03e-08 1.16e+02  -5.7 1.88e+00    -  2.52e-04 1.06e-03f  1
1535  3.4503932e+02 1.03e-08 1.16e+02  -5.7 2.79e+00    -  3.95e-04 4.67e-04f  1
1536  3.4503906e+02 1.03e-08 1.15e+02  -5.7 1.87e+00    -  2.53e-04 1.06e-03f  1
1537  3.4503885e+02 1.03e-08 1.15e+02  -5.7 2.78e+00    -  3.95e-04 4.67e-04f  1
1538  3.4503859e+02 1.03e-08 1.15e+02  -5.7 1.87e+00    -  2.54e-04 1.06e-03f  1
1539  3.4503838e+02 1.03e-08 1.15e+02  -5.7 2.78e+00    -  3.96e-04 4.68e-04f  1
iter    objective    inf_pr   inf_du lg(mu)  ||d||  lg(rg) alpha_du alpha_pr  ls
1540  3.4503811e+02 1.03e-08 1.15e+02  -5.7 1.86e+00    -  2.54e-04 1.07e-03f  1
1541  3.4503790e+02 1.03e-08 1.15e+02  -5.7 2.77e+00    -  3.97e-04 4.68e-04f  1
1542  3.4503764e+02 1.03e-08 1.15e+02  -5.7 1.86e+00    -  2.55e-04 1.07e-03f  1
1543  3.4503743e+02 1.03e-08 1.15e+02  -5.7 2.76e+00    -  3.98e-04 4.68e-04f  1
1544  3.4503717e+02 1.03e-08 1.15e+02  -5.7 1.85e+00    -  2.56e-04 1.08e-03f  1
1545  3.4503696e+02 1.03e-08 1.15e+02  -5.7 2.75e+00    -  3.98e-04 4.69e-04f  1
1546  3.4503670e+02 1.02e-08 1.15e+02  -5.7 1.85e+00    -  2.57e-04 1.08e-03f  1
1547  3.4503649e+02 1.02e-08 1.14e+02  -5.7 2.75e+00    -  3.99e-04 4.69e-04f  1
1548  3.4503623e+02 1.02e-08 1.14e+02  -5.7 1.84e+00    -  2.58e-04 1.09e-03f  1
1549  3.4503602e+02 1.02e-08 1.14e+02  -5.7 2.74e+00    -  4.00e-04 4.69e-04f  1
iter    objective    inf_pr   inf_du lg(mu)  ||d||  lg(rg) alpha_du alpha_pr  ls
1550  3.4503576e+02 1.02e-08 1.14e+02  -5.7 1.84e+00    -  2.58e-04 1.09e-03f  1
1551  3.4503555e+02 1.02e-08 1.14e+02  -5.7 2.73e+00    -  4.01e-04 4.70e-04f  1
1552  3.4503529e+02 1.02e-08 1.14e+02  -5.7 1.83e+00    -  2.59e-04 1.10e-03f  1
1553  3.4503509e+02 1.02e-08 1.14e+02  -5.7 2.72e+00    -  4.01e-04 4.70e-04f  1
1554  3.4503483e+02 1.02e-08 1.14e+02  -5.7 1.83e+00    -  2.60e-04 1.10e-03f  1
1555  3.4503462e+02 1.02e-08 1.14e+02  -5.7 2.72e+00    -  4.02e-04 4.70e-04f  1
1556  3.4503436e+02 1.02e-08 1.14e+02  -5.7 1.82e+00    -  2.61e-04 1.11e-03f  1
1557  3.4503415e+02 1.02e-08 1.14e+02  -5.7 2.71e+00    -  4.03e-04 4.70e-04f  1
1558  3.4503389e+02 1.02e-08 1.13e+02  -5.7 1.82e+00    -  2.62e-04 1.11e-03f  1
1559  3.4503369e+02 1.01e-08 1.13e+02  -5.7 2.70e+00    -  4.04e-04 4.71e-04f  1
iter    objective    inf_pr   inf_du lg(mu)  ||d||  lg(rg) alpha_du alpha_pr  ls
1560  3.4503343e+02 1.01e-08 1.13e+02  -5.7 1.81e+00    -  2.62e-04 1.11e-03f  1
1561  3.4503322e+02 1.01e-08 1.13e+02  -5.7 2.69e+00    -  4.04e-04 4.71e-04f  1
1562  3.4503296e+02 1.01e-08 1.13e+02  -5.7 1.81e+00    -  2.63e-04 1.12e-03f  1
1563  3.4503276e+02 1.01e-08 1.13e+02  -5.7 2.69e+00    -  4.05e-04 4.71e-04f  1
1564  3.4503250e+02 1.01e-08 1.13e+02  -5.7 1.80e+00    -  2.64e-04 1.12e-03f  1
1565  3.4503230e+02 1.01e-08 1.13e+02  -5.7 2.68e+00    -  4.06e-04 4.72e-04f  1
1566  3.4503204e+02 1.01e-08 1.13e+02  -5.7 1.80e+00    -  2.65e-04 1.13e-03f  1
1567  3.4503183e+02 1.01e-08 1.13e+02  -5.7 2.67e+00    -  4.07e-04 4.72e-04f  1
1568  3.4503157e+02 1.01e-08 1.13e+02  -5.7 1.79e+00    -  2.66e-04 1.13e-03f  1
1569  3.4503137e+02 1.01e-08 1.13e+02  -5.7 2.66e+00    -  4.08e-04 4.72e-04f  1
iter    objective    inf_pr   inf_du lg(mu)  ||d||  lg(rg) alpha_du alpha_pr  ls
1570  3.4503111e+02 1.01e-08 1.12e+02  -5.7 1.79e+00    -  2.67e-04 1.14e-03f  1
1571  3.4503091e+02 1.01e-08 1.12e+02  -5.7 2.66e+00    -  4.08e-04 4.72e-04f  1
1572  3.4503065e+02 1.00e-08 1.12e+02  -5.7 1.78e+00    -  2.67e-04 1.14e-03f  1
1573  3.4503045e+02 1.00e-08 1.12e+02  -5.7 2.65e+00    -  4.09e-04 4.73e-04f  1
1574  3.4503019e+02 1.00e-08 1.12e+02  -5.7 1.78e+00    -  2.68e-04 1.15e-03f  1
1575  3.4502999e+02 1.00e-08 1.12e+02  -5.7 2.64e+00    -  4.10e-04 4.73e-04f  1
1576  3.4502973e+02 1.00e-08 1.12e+02  -5.7 1.77e+00    -  2.69e-04 1.15e-03f  1
1577  3.4502954e+02 1.00e-08 1.12e+02  -5.7 2.63e+00    -  4.11e-04 4.73e-04f  1
1578  3.4502927e+02 9.99e-09 1.12e+02  -5.7 1.77e+00    -  2.70e-04 1.16e-03f  1
1579  3.4502908e+02 9.99e-09 1.12e+02  -5.7 2.63e+00    -  4.11e-04 4.73e-04f  1
iter    objective    inf_pr   inf_du lg(mu)  ||d||  lg(rg) alpha_du alpha_pr  ls
1580  3.4502882e+02 9.98e-09 1.11e+02  -5.7 1.76e+00    -  2.71e-04 1.16e-03f  1
1581  3.4502862e+02 9.97e-09 1.11e+02  -5.7 2.62e+00    -  4.12e-04 4.74e-04f  1
1582  3.4502836e+02 9.96e-09 1.11e+02  -5.7 1.76e+00    -  2.72e-04 1.17e-03f  1
1583  3.4502816e+02 9.95e-09 1.11e+02  -5.7 2.61e+00    -  4.13e-04 4.74e-04f  1
1584  3.4502790e+02 9.94e-09 1.11e+02  -5.7 1.75e+00    -  2.73e-04 1.17e-03f  1
1585  3.4502771e+02 9.94e-09 1.11e+02  -5.7 2.60e+00    -  4.14e-04 4.74e-04f  1
1586  3.4502745e+02 9.93e-09 1.11e+02  -5.7 1.75e+00    -  2.73e-04 1.18e-03f  1
1587  3.4502725e+02 9.92e-09 1.11e+02  -5.7 2.59e+00    -  4.15e-04 4.74e-04f  1
1588  3.4502699e+02 9.91e-09 1.11e+02  -5.7 1.74e+00    -  2.74e-04 1.18e-03f  1
1589  3.4502680e+02 9.91e-09 1.11e+02  -5.7 2.59e+00    -  4.15e-04 4.75e-04f  1
iter    objective    inf_pr   inf_du lg(mu)  ||d||  lg(rg) alpha_du alpha_pr  ls
1590  3.4502654e+02 9.89e-09 1.11e+02  -5.7 1.74e+00    -  2.75e-04 1.19e-03f  1
1591  3.4502635e+02 9.89e-09 1.10e+02  -5.7 2.58e+00    -  4.16e-04 4.75e-04f  1
1592  3.4502609e+02 9.88e-09 1.10e+02  -5.7 1.73e+00    -  2.76e-04 1.19e-03f  1
1593  3.4502590e+02 9.87e-09 1.10e+02  -5.7 2.57e+00    -  4.17e-04 4.75e-04f  1
1594  3.4502563e+02 9.86e-09 1.10e+02  -5.7 1.73e+00    -  2.77e-04 1.20e-03f  1
1595  3.4502544e+02 9.86e-09 1.10e+02  -5.7 2.56e+00    -  4.18e-04 4.75e-04f  1
1596  3.4502518e+02 9.84e-09 1.10e+02  -5.7 1.73e+00    -  2.78e-04 1.20e-03f  1
1597  3.4502499e+02 9.84e-09 1.10e+02  -5.7 2.56e+00    -  4.19e-04 4.76e-04f  1
1598  3.4502473e+02 9.83e-09 1.10e+02  -5.7 1.72e+00    -  2.79e-04 1.21e-03f  1
1599  3.4502454e+02 9.82e-09 1.10e+02  -5.7 2.55e+00    -  4.19e-04 4.76e-04f  1
iter    objective    inf_pr   inf_du lg(mu)  ||d||  lg(rg) alpha_du alpha_pr  ls
1600  3.4502428e+02 9.81e-09 1.10e+02  -5.7 1.72e+00    -  2.80e-04 1.22e-03f  1
1601  3.4502409e+02 9.81e-09 1.10e+02  -5.7 2.54e+00    -  4.20e-04 4.76e-04f  1
1602  3.4502383e+02 9.79e-09 1.09e+02  -5.7 1.71e+00    -  2.80e-04 1.22e-03f  1
1603  3.4502365e+02 9.79e-09 1.09e+02  -5.7 2.53e+00    -  4.21e-04 4.76e-04f  1
1604  3.4502338e+02 9.78e-09 1.09e+02  -5.7 1.71e+00    -  2.81e-04 1.23e-03f  1
1605  3.4502320e+02 9.77e-09 1.09e+02  -5.7 2.53e+00    -  4.22e-04 4.76e-04f  1
1606  3.4502294e+02 9.76e-09 1.09e+02  -5.7 1.70e+00    -  2.82e-04 1.23e-03f  1
1607  3.4502275e+02 9.76e-09 1.09e+02  -5.7 2.52e+00    -  4.22e-04 4.77e-04f  1
1608  3.4502249e+02 9.74e-09 1.09e+02  -5.7 1.70e+00    -  2.83e-04 1.24e-03f  1
1609  3.4502230e+02 9.74e-09 1.09e+02  -5.7 2.51e+00    -  4.23e-04 4.77e-04f  1
iter    objective    inf_pr   inf_du lg(mu)  ||d||  lg(rg) alpha_du alpha_pr  ls
1610  3.4502204e+02 9.73e-09 1.09e+02  -5.7 1.69e+00    -  2.84e-04 1.24e-03f  1
1611  3.4502186e+02 9.72e-09 1.09e+02  -5.7 2.50e+00    -  4.24e-04 4.77e-04f  1
1612  3.4502160e+02 9.71e-09 1.09e+02  -5.7 1.69e+00    -  2.85e-04 1.25e-03f  1
1613  3.4502141e+02 9.71e-09 1.08e+02  -5.7 2.50e+00    -  4.25e-04 4.77e-04f  1
1614  3.4502115e+02 9.69e-09 1.08e+02  -5.7 1.68e+00    -  2.86e-04 1.25e-03f  1
1615  3.4502097e+02 9.69e-09 1.08e+02  -5.7 2.49e+00    -  4.26e-04 4.77e-04f  1
1616  3.4502071e+02 9.68e-09 1.08e+02  -5.7 1.68e+00    -  2.87e-04 1.26e-03f  1
1617  3.4502053e+02 9.67e-09 1.08e+02  -5.7 2.48e+00    -  4.27e-04 4.77e-04f  1
1618  3.4502027e+02 9.66e-09 1.08e+02  -5.7 1.67e+00    -  2.88e-04 1.27e-03f  1
1619  3.4502008e+02 9.66e-09 1.08e+02  -5.7 2.47e+00    -  4.27e-04 4.78e-04f  1
iter    objective    inf_pr   inf_du lg(mu)  ||d||  lg(rg) alpha_du alpha_pr  ls
1620  3.4501982e+02 9.64e-09 1.08e+02  -5.7 1.67e+00    -  2.89e-04 1.27e-03f  1
1621  3.4501964e+02 9.64e-09 1.08e+02  -5.7 2.47e+00    -  4.28e-04 4.78e-04f  1
1622  3.4501938e+02 9.63e-09 1.08e+02  -5.7 1.66e+00    -  2.89e-04 1.28e-03f  1
1623  3.4501920e+02 9.62e-09 1.08e+02  -5.7 2.46e+00    -  4.29e-04 4.78e-04f  1
1624  3.4501894e+02 9.61e-09 1.07e+02  -5.7 1.66e+00    -  2.90e-04 1.28e-03f  1
1625  3.4501876e+02 9.60e-09 1.07e+02  -5.7 2.45e+00    -  4.30e-04 4.78e-04f  1
1626  3.4501850e+02 9.59e-09 1.07e+02  -5.7 1.65e+00    -  2.91e-04 1.29e-03f  1
1627  3.4501832e+02 9.59e-09 1.07e+02  -5.7 2.44e+00    -  4.31e-04 4.78e-04f  1
1628  3.4501806e+02 9.58e-09 1.07e+02  -5.7 1.65e+00    -  2.92e-04 1.29e-03f  1
1629  3.4501788e+02 9.57e-09 1.07e+02  -5.7 2.43e+00    -  4.31e-04 4.78e-04f  1
iter    objective    inf_pr   inf_du lg(mu)  ||d||  lg(rg) alpha_du alpha_pr  ls
1630  3.4501762e+02 9.56e-09 1.07e+02  -5.7 1.64e+00    -  2.93e-04 1.30e-03f  1
1631  3.4501744e+02 9.55e-09 1.07e+02  -5.7 2.43e+00    -  4.32e-04 4.79e-04f  1
1632  3.4501718e+02 9.54e-09 1.07e+02  -5.7 1.64e+00    -  2.94e-04 1.31e-03f  1
1633  3.4501701e+02 9.54e-09 1.07e+02  -5.7 2.42e+00    -  4.33e-04 4.79e-04f  1
1634  3.4501675e+02 9.52e-09 1.06e+02  -5.7 1.63e+00    -  2.95e-04 1.31e-03f  1
1635  3.4501657e+02 9.52e-09 1.06e+02  -5.7 2.41e+00    -  4.34e-04 4.79e-04f  1
1636  3.4501631e+02 9.51e-09 1.06e+02  -5.7 1.63e+00    -  2.96e-04 1.32e-03f  1
1637  3.4501613e+02 9.50e-09 1.06e+02  -5.7 2.40e+00    -  4.35e-04 4.79e-04f  1
1638  3.4501587e+02 9.49e-09 1.06e+02  -5.7 1.62e+00    -  2.97e-04 1.32e-03f  1
1639  3.4501570e+02 9.49e-09 1.06e+02  -5.7 2.40e+00    -  4.35e-04 4.79e-04f  1
iter    objective    inf_pr   inf_du lg(mu)  ||d||  lg(rg) alpha_du alpha_pr  ls
1640  3.4501544e+02 9.47e-09 1.06e+02  -5.7 1.62e+00    -  2.98e-04 1.33e-03f  1
1641  3.4501526e+02 9.47e-09 1.06e+02  -5.7 2.39e+00    -  4.36e-04 4.79e-04f  1
1642  3.4501500e+02 9.46e-09 1.06e+02  -5.7 1.61e+00    -  2.99e-04 1.34e-03f  1
1643  3.4501483e+02 9.45e-09 1.06e+02  -5.7 2.38e+00    -  4.37e-04 4.79e-04f  1
1644  3.4501457e+02 9.44e-09 1.05e+02  -5.7 1.61e+00    -  3.00e-04 1.34e-03f  1
1645  3.4501440e+02 9.43e-09 1.05e+02  -5.7 2.37e+00    -  4.38e-04 4.79e-04f  1
1646  3.4501414e+02 9.42e-09 1.05e+02  -5.7 1.61e+00    -  3.01e-04 1.35e-03f  1
1647  3.4501397e+02 9.42e-09 1.05e+02  -5.7 2.36e+00    -  4.39e-04 4.79e-04f  1
1648  3.4501370e+02 9.40e-09 1.05e+02  -5.7 1.60e+00    -  3.02e-04 1.35e-03f  1
1649  3.4501353e+02 9.40e-09 1.05e+02  -5.7 2.36e+00    -  4.40e-04 4.79e-04f  1
iter    objective    inf_pr   inf_du lg(mu)  ||d||  lg(rg) alpha_du alpha_pr  ls
1650  3.4501327e+02 9.39e-09 1.05e+02  -5.7 1.60e+00    -  3.03e-04 1.36e-03f  1
1651  3.4501310e+02 9.38e-09 1.05e+02  -5.7 2.35e+00    -  4.40e-04 4.80e-04f  1
1652  3.4501284e+02 9.37e-09 1.05e+02  -5.7 1.59e+00    -  3.04e-04 1.37e-03f  1
1653  3.4501267e+02 9.37e-09 1.05e+02  -5.7 2.34e+00    -  4.41e-04 4.80e-04f  1
1654  3.4501241e+02 9.35e-09 1.04e+02  -5.7 1.59e+00    -  3.05e-04 1.37e-03f  1
1655  3.4501225e+02 9.35e-09 1.04e+02  -5.7 2.33e+00    -  4.42e-04 4.80e-04f  1
1656  3.4501198e+02 9.34e-09 1.04e+02  -5.7 1.58e+00    -  3.06e-04 1.38e-03f  1
1657  3.4501182e+02 9.33e-09 1.04e+02  -5.7 2.33e+00    -  4.43e-04 4.80e-04f  1
1658  3.4501155e+02 9.32e-09 1.04e+02  -5.7 1.58e+00    -  3.07e-04 1.39e-03f  1
1659  3.4501139e+02 9.31e-09 1.04e+02  -5.7 2.32e+00    -  4.44e-04 4.80e-04f  1
iter    objective    inf_pr   inf_du lg(mu)  ||d||  lg(rg) alpha_du alpha_pr  ls
1660  3.4501113e+02 9.30e-09 1.04e+02  -5.7 1.57e+00    -  3.08e-04 1.39e-03f  1
1661  3.4501096e+02 9.30e-09 1.04e+02  -5.7 2.31e+00    -  4.45e-04 4.80e-04f  1
1662  3.4501070e+02 9.28e-09 1.04e+02  -5.7 1.57e+00    -  3.09e-04 1.40e-03f  1
1663  3.4501054e+02 9.28e-09 1.04e+02  -5.7 2.30e+00    -  4.45e-04 4.80e-04f  1
1664  3.4501027e+02 9.27e-09 1.04e+02  -5.7 1.56e+00    -  3.10e-04 1.41e-03f  1
1665  3.4501011e+02 9.26e-09 1.03e+02  -5.7 2.30e+00    -  4.46e-04 4.80e-04f  1
1666  3.4500985e+02 9.25e-09 1.03e+02  -5.7 1.56e+00    -  3.11e-04 1.41e-03f  1
1667  3.4500969e+02 9.24e-09 1.03e+02  -5.7 2.29e+00    -  4.47e-04 4.80e-04f  1
1668  3.4500942e+02 9.23e-09 1.03e+02  -5.7 1.55e+00    -  3.12e-04 1.42e-03f  1
1669  3.4500926e+02 9.23e-09 1.03e+02  -5.7 2.28e+00    -  4.48e-04 4.80e-04f  1
iter    objective    inf_pr   inf_du lg(mu)  ||d||  lg(rg) alpha_du alpha_pr  ls
1670  3.4500900e+02 9.21e-09 1.03e+02  -5.7 1.55e+00    -  3.13e-04 1.43e-03f  1
1671  3.4500884e+02 9.21e-09 1.03e+02  -5.7 2.27e+00    -  4.49e-04 4.80e-04f  1
1672  3.4500858e+02 9.20e-09 1.03e+02  -5.7 1.54e+00    -  3.14e-04 1.43e-03f  1
1673  3.4500842e+02 9.19e-09 1.03e+02  -5.7 2.26e+00    -  4.49e-04 4.80e-04f  1
1674  3.4500815e+02 9.18e-09 1.03e+02  -5.7 1.54e+00    -  3.15e-04 1.44e-03f  1
1675  3.4500799e+02 9.17e-09 1.02e+02  -5.7 2.26e+00    -  4.50e-04 4.80e-04f  1
1676  3.4500773e+02 9.16e-09 1.02e+02  -5.7 1.54e+00    -  3.16e-04 1.45e-03f  1
1677  3.4500757e+02 9.16e-09 1.02e+02  -5.7 2.25e+00    -  4.51e-04 4.80e-04f  1
1678  3.4500731e+02 9.14e-09 1.02e+02  -5.7 1.53e+00    -  3.17e-04 1.45e-03f  1
1679  3.4500715e+02 9.14e-09 1.02e+02  -5.7 2.24e+00    -  4.52e-04 4.79e-04f  1
iter    objective    inf_pr   inf_du lg(mu)  ||d||  lg(rg) alpha_du alpha_pr  ls
1680  3.4500689e+02 9.12e-09 1.02e+02  -5.7 1.53e+00    -  3.18e-04 1.46e-03f  1
1681  3.4500673e+02 9.12e-09 1.02e+02  -5.7 2.23e+00    -  4.53e-04 4.79e-04f  1
1682  3.4500647e+02 9.11e-09 1.02e+02  -5.7 1.52e+00    -  3.19e-04 1.47e-03f  1
1683  3.4500631e+02 9.10e-09 1.02e+02  -5.7 2.22e+00    -  4.54e-04 4.79e-04f  1
1684  3.4500605e+02 9.09e-09 1.02e+02  -5.7 1.52e+00    -  3.20e-04 1.48e-03f  1
1685  3.4500590e+02 9.08e-09 1.01e+02  -5.7 2.22e+00    -  4.54e-04 4.79e-04f  1
1686  3.4500563e+02 9.07e-09 1.01e+02  -5.7 1.51e+00    -  3.21e-04 1.48e-03f  1
1687  3.4500548e+02 9.07e-09 1.01e+02  -5.7 2.21e+00    -  4.55e-04 4.79e-04f  1
1688  3.4500521e+02 9.05e-09 1.01e+02  -5.7 1.51e+00    -  3.22e-04 1.49e-03f  1
1689  3.4500506e+02 9.05e-09 1.01e+02  -5.7 2.20e+00    -  4.56e-04 4.79e-04f  1
iter    objective    inf_pr   inf_du lg(mu)  ||d||  lg(rg) alpha_du alpha_pr  ls
1690  3.4500480e+02 9.04e-09 1.01e+02  -5.7 1.50e+00    -  3.23e-04 1.50e-03f  1
1691  3.4500465e+02 9.03e-09 1.01e+02  -5.7 2.19e+00    -  4.57e-04 4.79e-04f  1
1692  3.4500438e+02 9.02e-09 1.01e+02  -5.7 1.50e+00    -  3.25e-04 1.50e-03f  1
1693  3.4500423e+02 9.01e-09 1.01e+02  -5.7 2.19e+00    -  4.58e-04 4.79e-04f  1
1694  3.4500397e+02 9.00e-09 1.01e+02  -5.7 1.49e+00    -  3.26e-04 1.51e-03f  1
1695  3.4500382e+02 9.00e-09 1.00e+02  -5.7 2.18e+00    -  4.58e-04 4.79e-04f  1
1696  3.4500355e+02 8.98e-09 1.00e+02  -5.7 1.49e+00    -  3.27e-04 1.52e-03f  1
1697  3.4500340e+02 8.98e-09 1.00e+02  -5.7 2.17e+00    -  4.59e-04 4.78e-04f  1
1698  3.4500314e+02 8.96e-09 1.00e+02  -5.7 1.48e+00    -  3.28e-04 1.53e-03f  1
1699  3.4500299e+02 8.96e-09 1.00e+02  -5.7 2.16e+00    -  4.60e-04 4.78e-04f  1
iter    objective    inf_pr   inf_du lg(mu)  ||d||  lg(rg) alpha_du alpha_pr  ls
1700  3.4500272e+02 8.95e-09 9.99e+01  -5.7 1.48e+00    -  3.29e-04 1.53e-03f  1
1701  3.4500258e+02 8.94e-09 9.99e+01  -5.7 2.15e+00    -  4.61e-04 4.78e-04f  1
1702  3.4500231e+02 8.93e-09 9.97e+01  -5.7 1.48e+00    -  3.30e-04 1.54e-03f  1
1703  3.4500216e+02 8.92e-09 9.97e+01  -5.7 2.15e+00    -  4.62e-04 4.78e-04f  1
1704  3.4500190e+02 8.91e-09 9.95e+01  -5.7 1.47e+00    -  3.31e-04 1.55e-03f  1
1705  3.4500175e+02 8.91e-09 9.95e+01  -5.7 2.14e+00    -  4.62e-04 4.78e-04f  1
1706  3.4500149e+02 8.89e-09 9.93e+01  -5.7 1.47e+00    -  3.32e-04 1.56e-03f  1
1707  3.4500134e+02 8.89e-09 9.93e+01  -5.7 2.13e+00    -  4.63e-04 4.77e-04f  1
1708  3.4500108e+02 8.87e-09 9.91e+01  -5.7 1.46e+00    -  3.33e-04 1.56e-03f  1
1709  3.4500093e+02 8.87e-09 9.91e+01  -5.7 2.12e+00    -  4.64e-04 4.77e-04f  1
iter    objective    inf_pr   inf_du lg(mu)  ||d||  lg(rg) alpha_du alpha_pr  ls
1710  3.4500067e+02 8.86e-09 9.89e+01  -5.7 1.46e+00    -  3.35e-04 1.57e-03f  1
1711  3.4500053e+02 8.85e-09 9.89e+01  -5.7 2.12e+00    -  4.65e-04 4.77e-04f  1
1712  3.4500026e+02 8.84e-09 9.87e+01  -5.7 1.45e+00    -  3.36e-04 1.58e-03f  1
1713  3.4500012e+02 8.83e-09 9.87e+01  -5.7 2.11e+00    -  4.66e-04 4.77e-04f  1
1714  3.4499985e+02 8.82e-09 9.85e+01  -5.7 1.45e+00    -  3.37e-04 1.59e-03f  1
1715  3.4499971e+02 8.81e-09 9.85e+01  -5.7 2.10e+00    -  4.66e-04 4.76e-04f  1
1716  3.4499945e+02 8.80e-09 9.83e+01  -5.7 1.44e+00    -  3.38e-04 1.60e-03f  1
1717  3.4499930e+02 8.80e-09 9.83e+01  -5.7 2.09e+00    -  4.67e-04 4.76e-04f  1
1718  3.4499904e+02 8.78e-09 9.81e+01  -5.7 1.44e+00    -  3.39e-04 1.60e-03f  1
1719  3.4499890e+02 8.78e-09 9.81e+01  -5.7 2.08e+00    -  4.68e-04 4.76e-04f  1
iter    objective    inf_pr   inf_du lg(mu)  ||d||  lg(rg) alpha_du alpha_pr  ls
1720  3.4499863e+02 8.76e-09 9.79e+01  -5.7 1.43e+00    -  3.40e-04 1.61e-03f  1
1721  3.4499849e+02 8.76e-09 9.79e+01  -5.7 2.08e+00    -  4.69e-04 4.75e-04f  1
1722  3.4499823e+02 8.75e-09 9.77e+01  -5.7 1.43e+00    -  3.42e-04 1.62e-03f  1
1723  3.4499809e+02 8.74e-09 9.77e+01  -5.7 2.07e+00    -  4.70e-04 4.75e-04f  1
1724  3.4499782e+02 8.73e-09 9.75e+01  -5.7 1.43e+00    -  3.43e-04 1.63e-03f  1
1725  3.4499768e+02 8.72e-09 9.75e+01  -5.7 2.06e+00    -  4.70e-04 4.75e-04f  1
1726  3.4499742e+02 8.71e-09 9.73e+01  -5.7 1.42e+00    -  3.44e-04 1.64e-03f  1
1727  3.4499728e+02 8.70e-09 9.72e+01  -5.7 2.05e+00    -  4.71e-04 4.74e-04f  1
1728  3.4499702e+02 8.69e-09 9.71e+01  -5.7 1.42e+00    -  3.45e-04 1.65e-03f  1
1729  3.4499688e+02 8.69e-09 9.70e+01  -5.7 2.04e+00    -  4.72e-04 4.74e-04f  1
iter    objective    inf_pr   inf_du lg(mu)  ||d||  lg(rg) alpha_du alpha_pr  ls
1730  3.4499661e+02 8.67e-09 9.69e+01  -5.7 1.41e+00    -  3.46e-04 1.65e-03f  1
1731  3.4499648e+02 8.67e-09 9.68e+01  -5.7 2.04e+00    -  4.73e-04 4.73e-04f  1
1732  3.4499621e+02 8.65e-09 9.67e+01  -5.7 1.41e+00    -  3.48e-04 1.66e-03f  1
1733  3.4499608e+02 8.65e-09 9.66e+01  -5.7 2.03e+00    -  4.74e-04 4.73e-04f  1
1734  3.4499581e+02 8.64e-09 9.65e+01  -5.7 1.40e+00    -  3.49e-04 1.67e-03f  1
1735  3.4499568e+02 8.63e-09 9.64e+01  -5.7 2.02e+00    -  4.74e-04 4.73e-04f  1
1736  3.4499541e+02 8.62e-09 9.63e+01  -5.7 1.40e+00    -  3.50e-04 1.68e-03f  1
1737  3.4499528e+02 8.61e-09 9.62e+01  -5.7 2.01e+00    -  4.75e-04 4.72e-04f  1
1738  3.4499501e+02 8.60e-09 9.61e+01  -5.7 1.39e+00    -  3.51e-04 1.69e-03f  1
1739  3.4499488e+02 8.59e-09 9.60e+01  -5.7 2.00e+00    -  4.76e-04 4.72e-04f  1
iter    objective    inf_pr   inf_du lg(mu)  ||d||  lg(rg) alpha_du alpha_pr  ls
1740  3.4499461e+02 8.58e-09 9.58e+01  -5.7 1.39e+00    -  3.52e-04 1.70e-03f  1
1741  3.4499448e+02 8.58e-09 9.58e+01  -5.7 2.00e+00    -  4.77e-04 4.71e-04f  1
1742  3.4499421e+02 8.56e-09 9.56e+01  -5.7 1.38e+00    -  3.54e-04 1.71e-03f  1
1743  3.4499408e+02 8.56e-09 9.56e+01  -5.7 1.99e+00    -  4.77e-04 4.71e-04f  1
1744  3.4499382e+02 8.54e-09 9.54e+01  -5.7 1.38e+00    -  3.55e-04 1.72e-03f  1
1745  3.4499369e+02 8.54e-09 9.54e+01  -5.7 1.98e+00    -  4.78e-04 4.70e-04f  1
1746  3.4499342e+02 8.52e-09 9.52e+01  -5.7 1.38e+00    -  3.56e-04 1.72e-03f  1
1747  3.4499329e+02 8.52e-09 9.52e+01  -5.7 1.97e+00    -  4.79e-04 4.69e-04f  1
1748  3.4499302e+02 8.50e-09 9.50e+01  -5.7 1.37e+00    -  3.58e-04 1.73e-03f  1
1749  3.4499290e+02 8.50e-09 9.50e+01  -5.7 1.96e+00    -  4.79e-04 4.69e-04f  1
iter    objective    inf_pr   inf_du lg(mu)  ||d||  lg(rg) alpha_du alpha_pr  ls
1750  3.4499263e+02 8.49e-09 9.48e+01  -5.7 1.37e+00    -  3.59e-04 1.74e-03f  1
1751  3.4499250e+02 8.48e-09 9.48e+01  -5.7 1.96e+00    -  4.80e-04 4.68e-04f  1
1752  3.4499223e+02 8.47e-09 9.46e+01  -5.7 1.36e+00    -  3.60e-04 1.75e-03f  1
1753  3.4499211e+02 8.46e-09 9.45e+01  -5.7 1.95e+00    -  4.81e-04 4.68e-04f  1
1754  3.4499184e+02 8.45e-09 9.44e+01  -5.7 1.36e+00    -  3.61e-04 1.76e-03f  1
1755  3.4499171e+02 8.44e-09 9.43e+01  -5.7 1.94e+00    -  4.82e-04 4.67e-04f  1
1756  3.4499145e+02 8.43e-09 9.42e+01  -5.7 1.35e+00    -  3.63e-04 1.77e-03f  1
1757  3.4499132e+02 8.43e-09 9.41e+01  -5.7 1.93e+00    -  4.82e-04 4.66e-04f  1
1758  3.4499105e+02 8.41e-09 9.40e+01  -5.7 1.35e+00    -  3.64e-04 1.78e-03f  1
1759  3.4499093e+02 8.41e-09 9.39e+01  -5.7 1.92e+00    -  4.83e-04 4.66e-04f  1
iter    objective    inf_pr   inf_du lg(mu)  ||d||  lg(rg) alpha_du alpha_pr  ls
1760  3.4499066e+02 8.39e-09 9.37e+01  -5.7 1.34e+00    -  3.65e-04 1.79e-03f  1
1761  3.4499054e+02 8.39e-09 9.37e+01  -5.7 1.92e+00    -  4.84e-04 4.65e-04f  1
1762  3.4499027e+02 8.37e-09 9.35e+01  -5.7 1.34e+00    -  3.67e-04 1.80e-03f  1
1763  3.4499015e+02 8.37e-09 9.35e+01  -5.7 1.91e+00    -  4.84e-04 4.64e-04f  1
1764  3.4498988e+02 8.35e-09 9.33e+01  -5.7 1.34e+00    -  3.68e-04 1.81e-03f  1
1765  3.4498976e+02 8.35e-09 9.33e+01  -5.7 1.90e+00    -  4.85e-04 4.63e-04f  1
1766  3.4498949e+02 8.33e-09 9.31e+01  -5.7 1.33e+00    -  3.69e-04 1.82e-03f  1
1767  3.4498937e+02 8.33e-09 9.31e+01  -5.7 1.89e+00    -  4.86e-04 4.63e-04f  1
1768  3.4498910e+02 8.32e-09 9.29e+01  -5.7 1.33e+00    -  3.71e-04 1.83e-03f  1
1769  3.4498898e+02 8.31e-09 9.28e+01  -5.7 1.88e+00    -  4.86e-04 4.62e-04f  1
iter    objective    inf_pr   inf_du lg(mu)  ||d||  lg(rg) alpha_du alpha_pr  ls
1770  3.4498871e+02 8.30e-09 9.27e+01  -5.7 1.32e+00    -  3.72e-04 1.84e-03f  1
1771  3.4498860e+02 8.29e-09 9.26e+01  -5.7 1.88e+00    -  4.87e-04 4.61e-04f  1
1772  3.4498833e+02 8.28e-09 9.25e+01  -5.7 1.32e+00    -  3.73e-04 1.85e-03f  1
1773  3.4498821e+02 8.27e-09 9.24e+01  -5.7 1.87e+00    -  4.88e-04 4.60e-04f  1
1774  3.4498794e+02 8.26e-09 9.22e+01  -5.7 1.31e+00    -  3.75e-04 1.86e-03f  1
1775  3.4498782e+02 8.25e-09 9.22e+01  -5.7 1.86e+00    -  4.88e-04 4.59e-04f  1
1776  3.4498755e+02 8.24e-09 9.20e+01  -5.7 1.31e+00    -  3.76e-04 1.87e-03f  1
1777  3.4498744e+02 8.24e-09 9.20e+01  -5.7 1.85e+00    -  4.89e-04 4.58e-04f  1
1778  3.4498717e+02 8.22e-09 9.18e+01  -5.7 1.30e+00    -  3.78e-04 1.88e-03f  1
1779  3.4498705e+02 8.22e-09 9.18e+01  -5.7 1.84e+00    -  4.90e-04 4.57e-04f  1
iter    objective    inf_pr   inf_du lg(mu)  ||d||  lg(rg) alpha_du alpha_pr  ls
1780  3.4498678e+02 8.20e-09 9.16e+01  -5.7 1.30e+00    -  3.79e-04 1.89e-03f  1
1781  3.4498667e+02 8.20e-09 9.16e+01  -5.7 1.84e+00    -  4.90e-04 4.56e-04f  1
1782  3.4498640e+02 8.18e-09 9.14e+01  -5.7 1.30e+00    -  3.80e-04 1.90e-03f  1
1783  3.4498629e+02 8.18e-09 9.13e+01  -5.7 1.83e+00    -  4.91e-04 4.55e-04f  1
1784  3.4498602e+02 8.16e-09 9.12e+01  -5.7 1.29e+00    -  3.82e-04 1.91e-03f  1
1785  3.4498590e+02 8.16e-09 9.11e+01  -5.7 1.82e+00    -  4.92e-04 4.54e-04f  1
1786  3.4498563e+02 8.14e-09 9.10e+01  -5.7 1.29e+00    -  3.83e-04 1.92e-03f  1
1787  3.4498552e+02 8.14e-09 9.09e+01  -5.7 1.81e+00    -  4.92e-04 4.53e-04f  1
1788  3.4498525e+02 8.12e-09 9.07e+01  -5.7 1.28e+00    -  3.85e-04 1.93e-03f  1
1789  3.4498514e+02 8.12e-09 9.07e+01  -5.7 1.80e+00    -  4.93e-04 4.52e-04f  1
iter    objective    inf_pr   inf_du lg(mu)  ||d||  lg(rg) alpha_du alpha_pr  ls
1790  3.4498487e+02 8.10e-09 9.05e+01  -5.7 1.28e+00    -  3.86e-04 1.95e-03f  1
1791  3.4498476e+02 8.10e-09 9.05e+01  -5.7 1.79e+00    -  4.93e-04 4.51e-04f  1
1792  3.4498449e+02 8.08e-09 9.03e+01  -5.7 1.27e+00    -  3.88e-04 1.96e-03f  1
1793  3.4498438e+02 8.08e-09 9.03e+01  -5.7 1.79e+00    -  4.94e-04 4.50e-04f  1
1794  3.4498411e+02 8.06e-09 9.01e+01  -5.7 1.27e+00    -  3.89e-04 1.97e-03f  1
1795  3.4498400e+02 8.06e-09 9.00e+01  -5.7 1.78e+00    -  4.94e-04 4.49e-04f  1
1796  3.4498373e+02 8.05e-09 8.99e+01  -5.7 1.26e+00    -  3.91e-04 1.98e-03f  1
1797  3.4498362e+02 8.04e-09 8.98e+01  -5.7 1.77e+00    -  4.95e-04 4.47e-04f  1
1798  3.4498335e+02 8.03e-09 8.96e+01  -5.7 1.26e+00    -  3.92e-04 1.99e-03f  1
1799  3.4498325e+02 8.02e-09 8.96e+01  -5.7 1.76e+00    -  4.95e-04 4.46e-04f  1
iter    objective    inf_pr   inf_du lg(mu)  ||d||  lg(rg) alpha_du alpha_pr  ls
1800  3.4498297e+02 8.01e-09 8.94e+01  -5.7 1.26e+00    -  3.94e-04 2.00e-03f  1
1801  3.4498287e+02 8.00e-09 8.94e+01  -5.7 1.75e+00    -  4.96e-04 4.45e-04f  1
1802  3.4498260e+02 7.99e-09 8.92e+01  -5.7 1.25e+00    -  3.95e-04 2.01e-03f  1
1803  3.4498249e+02 7.98e-09 8.92e+01  -5.7 1.75e+00    -  4.96e-04 4.43e-04f  1
1804  3.4498222e+02 7.97e-09 8.90e+01  -5.7 1.25e+00    -  3.97e-04 2.03e-03f  1
1805  3.4498212e+02 7.96e-09 8.89e+01  -5.7 1.74e+00    -  4.97e-04 4.42e-04f  1
1806  3.4498184e+02 7.95e-09 8.88e+01  -5.7 1.24e+00    -  3.98e-04 2.04e-03f  1
1807  3.4498174e+02 7.94e-09 8.87e+01  -5.7 1.73e+00    -  4.97e-04 4.41e-04f  1
1808  3.4498147e+02 7.93e-09 8.85e+01  -5.7 1.24e+00    -  4.00e-04 2.05e-03f  1
1809  3.4498137e+02 7.92e-09 8.85e+01  -5.7 1.72e+00    -  4.98e-04 4.39e-04f  1
iter    objective    inf_pr   inf_du lg(mu)  ||d||  lg(rg) alpha_du alpha_pr  ls
1810  3.4498109e+02 7.91e-09 8.83e+01  -5.7 1.23e+00    -  4.01e-04 2.06e-03f  1
1811  3.4498100e+02 7.90e-09 8.83e+01  -5.7 1.71e+00    -  4.98e-04 4.38e-04f  1
1812  3.4498072e+02 7.89e-09 8.81e+01  -5.7 1.23e+00    -  4.03e-04 2.08e-03f  1
1813  3.4498062e+02 7.88e-09 8.81e+01  -5.7 1.70e+00    -  4.99e-04 4.36e-04f  1
1814  3.4498035e+02 7.87e-09 8.79e+01  -5.7 1.23e+00    -  4.04e-04 2.09e-03f  1
1815  3.4498025e+02 7.86e-09 8.78e+01  -5.7 1.70e+00    -  4.99e-04 4.34e-04f  1
1816  3.4497998e+02 7.85e-09 8.77e+01  -5.7 1.22e+00    -  4.06e-04 2.10e-03f  1
1817  3.4497988e+02 7.84e-09 8.76e+01  -5.7 1.69e+00    -  5.00e-04 4.33e-04f  1
1818  3.4497960e+02 7.83e-09 8.74e+01  -5.7 1.22e+00    -  4.08e-04 2.11e-03f  1
1819  3.4497951e+02 7.82e-09 8.74e+01  -5.7 1.68e+00    -  5.00e-04 4.31e-04f  1
iter    objective    inf_pr   inf_du lg(mu)  ||d||  lg(rg) alpha_du alpha_pr  ls
1820  3.4497923e+02 7.81e-09 8.72e+01  -5.7 1.21e+00    -  4.09e-04 2.13e-03f  1
1821  3.4497914e+02 7.80e-09 8.72e+01  -5.7 1.67e+00    -  5.00e-04 4.30e-04f  1
1822  3.4497886e+02 7.79e-09 8.70e+01  -5.7 1.21e+00    -  4.11e-04 2.14e-03f  1
1823  3.4497877e+02 7.78e-09 8.69e+01  -5.7 1.66e+00    -  5.01e-04 4.28e-04f  1
1824  3.4497849e+02 7.77e-09 8.68e+01  -5.7 1.20e+00    -  4.13e-04 2.15e-03f  1
1825  3.4497840e+02 7.76e-09 8.67e+01  -5.7 1.65e+00    -  5.01e-04 4.26e-04f  1
1826  3.4497812e+02 7.75e-09 8.65e+01  -5.7 1.20e+00    -  4.14e-04 2.17e-03f  1
1827  3.4497803e+02 7.74e-09 8.65e+01  -5.7 1.64e+00    -  5.01e-04 4.24e-04f  1
1828  3.4497776e+02 7.73e-09 8.63e+01  -5.7 1.19e+00    -  4.16e-04 2.18e-03f  1
1829  3.4497767e+02 7.72e-09 8.63e+01  -5.7 1.64e+00    -  5.02e-04 4.22e-04f  1
iter    objective    inf_pr   inf_du lg(mu)  ||d||  lg(rg) alpha_du alpha_pr  ls
1830  3.4497739e+02 7.71e-09 8.61e+01  -5.7 1.19e+00    -  4.18e-04 2.19e-03f  1
1831  3.4497730e+02 7.70e-09 8.60e+01  -5.7 1.63e+00    -  5.02e-04 4.20e-04f  1
1832  3.4497702e+02 7.69e-09 8.59e+01  -5.7 1.19e+00    -  4.19e-04 2.21e-03f  1
1833  3.4497694e+02 7.68e-09 8.58e+01  -5.7 1.62e+00    -  5.02e-04 4.18e-04f  1
1834  3.4497666e+02 7.67e-09 8.56e+01  -5.7 1.18e+00    -  4.21e-04 2.22e-03f  1
1835  3.4497657e+02 7.66e-09 8.56e+01  -5.7 1.61e+00    -  5.02e-04 4.16e-04f  1
1836  3.4497629e+02 7.65e-09 8.54e+01  -5.7 1.18e+00    -  4.23e-04 2.23e-03f  1
1837  3.4497621e+02 7.64e-09 8.54e+01  -5.7 1.60e+00    -  5.03e-04 4.14e-04f  1
1838  3.4497593e+02 7.63e-09 8.52e+01  -5.7 1.17e+00    -  4.24e-04 2.25e-03f  1
1839  3.4497584e+02 7.62e-09 8.51e+01  -5.7 1.59e+00    -  5.03e-04 4.12e-04f  1
iter    objective    inf_pr   inf_du lg(mu)  ||d||  lg(rg) alpha_du alpha_pr  ls
1840  3.4497556e+02 7.61e-09 8.49e+01  -5.7 1.17e+00    -  4.26e-04 2.26e-03f  1
1841  3.4497548e+02 7.60e-09 8.49e+01  -5.7 1.58e+00    -  5.03e-04 4.10e-04f  1
1842  3.4497520e+02 7.59e-09 8.47e+01  -5.7 1.16e+00    -  4.28e-04 2.28e-03f  1
1843  3.4497512e+02 7.58e-09 8.47e+01  -5.7 1.58e+00    -  5.03e-04 4.08e-04f  1
1844  3.4497483e+02 7.57e-09 8.45e+01  -5.7 1.16e+00    -  4.30e-04 2.29e-03f  1
1845  3.4497475e+02 7.56e-09 8.45e+01  -5.7 1.57e+00    -  5.03e-04 4.05e-04f  1
1846  3.4497447e+02 7.54e-09 8.43e+01  -5.7 1.15e+00    -  4.31e-04 2.31e-03f  1
1847  3.4497439e+02 7.54e-09 8.42e+01  -5.7 1.56e+00    -  5.03e-04 4.03e-04f  1
1848  3.4497411e+02 7.52e-09 8.40e+01  -5.7 1.15e+00    -  4.33e-04 2.32e-03f  1
1849  3.4497403e+02 7.52e-09 8.40e+01  -5.7 1.55e+00    -  5.03e-04 4.01e-04f  1
iter    objective    inf_pr   inf_du lg(mu)  ||d||  lg(rg) alpha_du alpha_pr  ls
1850  3.4497375e+02 7.50e-09 8.38e+01  -5.7 1.15e+00    -  4.35e-04 2.34e-03f  1
1851  3.4497367e+02 7.50e-09 8.38e+01  -5.7 1.54e+00    -  5.04e-04 3.98e-04f  1
1852  3.4497339e+02 7.48e-09 8.36e+01  -5.7 1.14e+00    -  4.37e-04 2.35e-03f  1
1853  3.4497331e+02 7.48e-09 8.35e+01  -5.7 1.53e+00    -  5.04e-04 3.96e-04f  1
1854  3.4497303e+02 7.46e-09 8.33e+01  -5.7 1.14e+00    -  4.39e-04 2.37e-03f  1
1855  3.4497296e+02 7.46e-09 8.33e+01  -5.7 1.52e+00    -  5.04e-04 3.93e-04f  1
1856  3.4497267e+02 7.44e-09 8.31e+01  -5.7 1.13e+00    -  4.40e-04 2.38e-03f  1
1857  3.4497260e+02 7.44e-09 8.31e+01  -5.7 1.51e+00    -  5.04e-04 3.90e-04f  1
1858  3.4497231e+02 7.42e-09 8.29e+01  -5.7 1.13e+00    -  4.42e-04 2.40e-03f  1
1859  3.4497224e+02 7.42e-09 8.28e+01  -5.7 1.50e+00    -  5.04e-04 3.87e-04f  1
iter    objective    inf_pr   inf_du lg(mu)  ||d||  lg(rg) alpha_du alpha_pr  ls
1860  3.4497196e+02 7.40e-09 8.26e+01  -5.7 1.12e+00    -  4.44e-04 2.42e-03f  1
1861  3.4497189e+02 7.40e-09 8.26e+01  -5.7 1.50e+00    -  5.03e-04 3.85e-04f  1
1862  3.4497160e+02 7.38e-09 8.24e+01  -5.7 1.12e+00    -  4.46e-04 2.43e-03f  1
1863  3.4497153e+02 7.38e-09 8.24e+01  -5.7 1.49e+00    -  5.03e-04 3.82e-04f  1
1864  3.4497124e+02 7.36e-09 8.22e+01  -5.7 1.11e+00    -  4.48e-04 2.45e-03f  1
1865  3.4497117e+02 7.36e-09 8.21e+01  -5.7 1.48e+00    -  5.03e-04 3.79e-04f  1
1866  3.4497089e+02 7.34e-09 8.19e+01  -5.7 1.11e+00    -  4.50e-04 2.47e-03f  1
1867  3.4497082e+02 7.34e-09 8.19e+01  -5.7 1.47e+00    -  5.03e-04 3.76e-04f  1
1868  3.4497053e+02 7.32e-09 8.17e+01  -5.7 1.11e+00    -  4.52e-04 2.48e-03f  1
1869  3.4497047e+02 7.31e-09 8.17e+01  -5.7 1.46e+00    -  5.03e-04 3.73e-04f  1
iter    objective    inf_pr   inf_du lg(mu)  ||d||  lg(rg) alpha_du alpha_pr  ls
1870  3.4497018e+02 7.30e-09 8.15e+01  -5.7 1.10e+00    -  4.53e-04 2.50e-03f  1
1871  3.4497011e+02 7.29e-09 8.14e+01  -5.7 1.45e+00    -  5.03e-04 3.70e-04f  1
1872  3.4496983e+02 7.27e-09 8.12e+01  -5.7 1.10e+00    -  4.55e-04 2.52e-03f  1
1873  3.4496976e+02 7.27e-09 8.12e+01  -5.7 1.44e+00    -  5.02e-04 3.66e-04f  1
1874  3.4496947e+02 7.25e-09 8.10e+01  -5.7 1.09e+00    -  4.57e-04 2.54e-03f  1
1875  3.4496941e+02 7.25e-09 8.10e+01  -5.7 1.43e+00    -  5.02e-04 3.63e-04f  1
1876  3.4496912e+02 7.23e-09 8.08e+01  -5.7 1.09e+00    -  4.59e-04 2.56e-03f  1
1877  3.4496906e+02 7.23e-09 8.07e+01  -5.7 1.42e+00    -  5.02e-04 3.60e-04f  1
1878  3.4496877e+02 7.21e-09 8.05e+01  -5.7 1.08e+00    -  4.61e-04 2.57e-03f  1
1879  3.4496871e+02 7.21e-09 8.05e+01  -5.7 1.41e+00    -  5.02e-04 3.56e-04f  1
iter    objective    inf_pr   inf_du lg(mu)  ||d||  lg(rg) alpha_du alpha_pr  ls
1880  3.4496842e+02 7.19e-09 8.03e+01  -5.7 1.08e+00    -  4.63e-04 2.59e-03f  1
1881  3.4496836e+02 7.19e-09 8.03e+01  -5.7 1.40e+00    -  5.01e-04 3.53e-04f  1
1882  3.4496807e+02 7.17e-09 8.01e+01  -5.7 1.07e+00    -  4.65e-04 2.61e-03f  1
1883  3.4496801e+02 7.17e-09 8.00e+01  -5.7 1.39e+00    -  5.01e-04 3.49e-04f  1
1884  3.4496772e+02 7.15e-09 7.98e+01  -5.7 1.07e+00    -  4.67e-04 2.63e-03f  1
1885  3.4496766e+02 7.15e-09 7.98e+01  -5.7 1.38e+00    -  5.00e-04 3.45e-04f  1
1886  3.4496737e+02 7.13e-09 7.96e+01  -5.7 1.06e+00    -  4.69e-04 2.65e-03f  1
1887  3.4496731e+02 7.12e-09 7.95e+01  -5.7 1.37e+00    -  5.00e-04 3.41e-04f  1
1888  3.4496702e+02 7.10e-09 7.93e+01  -5.7 1.06e+00    -  4.71e-04 2.67e-03f  1
1889  3.4496697e+02 7.10e-09 7.93e+01  -5.7 1.36e+00    -  4.99e-04 3.38e-04f  1
iter    objective    inf_pr   inf_du lg(mu)  ||d||  lg(rg) alpha_du alpha_pr  ls
1890  3.4496667e+02 7.08e-09 7.91e+01  -5.7 1.06e+00    -  4.73e-04 2.69e-03f  1
1891  3.4496662e+02 7.08e-09 7.91e+01  -5.7 1.35e+00    -  4.99e-04 3.34e-04f  1
1892  3.4496633e+02 7.06e-09 7.89e+01  -5.7 1.05e+00    -  4.75e-04 2.71e-03f  1
1893  3.4496627e+02 7.06e-09 7.88e+01  -5.7 1.34e+00    -  4.98e-04 3.29e-04f  1
1894  3.4496598e+02 7.04e-09 7.86e+01  -5.7 1.05e+00    -  4.76e-04 2.73e-03f  1
1895  3.4496593e+02 7.04e-09 7.86e+01  -5.7 1.33e+00    -  4.98e-04 3.25e-04f  1
1896  3.4496564e+02 7.02e-09 7.84e+01  -5.7 1.04e+00    -  4.78e-04 2.75e-03f  1
1897  3.4496558e+02 7.02e-09 7.83e+01  -5.7 1.32e+00    -  4.97e-04 3.21e-04f  1
1898  3.4496529e+02 7.00e-09 7.81e+01  -5.7 1.04e+00    -  4.80e-04 2.78e-03f  1
1899  3.4496524e+02 6.99e-09 7.81e+01  -5.7 1.31e+00    -  4.96e-04 3.17e-04f  1
iter    objective    inf_pr   inf_du lg(mu)  ||d||  lg(rg) alpha_du alpha_pr  ls
1900  3.4496495e+02 6.98e-09 7.79e+01  -5.7 1.03e+00    -  4.82e-04 2.80e-03f  1
1901  3.4496490e+02 6.97e-09 7.82e+01  -5.7 1.30e+00    -  4.96e-04 3.12e-04f  1
1902  3.4496460e+02 6.95e-09 7.76e+01  -5.7 1.03e+00    -  4.84e-04 2.82e-03f  1
1903  3.4496455e+02 6.95e-09 7.86e+01  -5.7 1.28e+00    -  4.95e-04 3.08e-04f  1
1904  3.4496426e+02 6.93e-09 7.74e+01  -5.7 1.02e+00    -  4.85e-04 2.85e-03f  1
1905  3.4496421e+02 6.93e-09 7.92e+01  -5.7 1.27e+00    -  4.94e-04 3.03e-04f  1
1906  3.4496392e+02 6.91e-09 7.75e+01  -5.7 1.02e+00    -  4.88e-04 2.87e-03f  1
1907  3.4496387e+02 6.91e-09 7.96e+01  -5.7 1.26e+00    -  4.94e-04 2.98e-04f  1
1908  3.4496357e+02 6.89e-09 7.76e+01  -5.7 1.01e+00    -  4.89e-04 2.88e-03f  1
1909  3.4496353e+02 6.89e-09 7.98e+01  -5.7 1.25e+00    -  4.93e-04 2.92e-04f  1
iter    objective    inf_pr   inf_du lg(mu)  ||d||  lg(rg) alpha_du alpha_pr  ls
1910  3.4496323e+02 6.87e-09 7.80e+01  -5.7 1.01e+00    -  4.90e-04 2.91e-03f  1
1911  3.4496319e+02 6.86e-09 8.03e+01  -5.7 1.23e+00    -  4.92e-04 2.88e-04f  1
1912  3.4496289e+02 6.84e-09 7.89e+01  -5.7 1.00e+00    -  4.92e-04 2.95e-03f  1
1913  3.4496285e+02 6.84e-09 8.11e+01  -5.7 1.23e+00    -  4.90e-04 2.85e-04f  1
1914  3.4496255e+02 6.82e-09 7.91e+01  -5.7 9.99e-01    -  4.95e-04 2.97e-03f  1
1915  3.4496251e+02 6.82e-09 8.15e+01  -5.7 1.22e+00    -  4.90e-04 2.79e-04f  1
1916  3.4496221e+02 6.80e-09 7.86e+01  -5.7 9.97e-01    -  4.97e-04 2.97e-03f  1
1917  3.4496217e+02 6.80e-09 8.12e+01  -5.7 1.19e+00    -  4.92e-04 2.69e-04f  1
1918  3.4496187e+02 6.78e-09 7.90e+01  -5.7 9.92e-01    -  4.94e-04 3.00e-03f  1
1919  3.4496184e+02 6.78e-09 8.17e+01  -5.7 1.17e+00    -  4.89e-04 2.64e-04f  1
iter    objective    inf_pr   inf_du lg(mu)  ||d||  lg(rg) alpha_du alpha_pr  ls
1920  3.4496154e+02 6.75e-09 8.13e+01  -5.7 9.82e-01    -  4.94e-04 3.07e-03f  1
1921  3.4496150e+02 6.75e-09 8.38e+01  -5.7 1.19e+00    -  4.82e-04 2.67e-04f  1
1922  3.4496120e+02 6.73e-09 8.25e+01  -5.7 9.74e-01    -  5.04e-04 3.12e-03f  1
1923  3.4496116e+02 6.73e-09 8.50e+01  -5.7 1.20e+00    -  4.84e-04 2.65e-04f  1
1924  3.4496086e+02 6.71e-09 7.92e+01  -5.7 9.80e-01    -  5.11e-04 3.05e-03f  1
1925  3.4496083e+02 6.71e-09 8.24e+01  -5.7 1.12e+00    -  4.97e-04 2.42e-04f  1
1926  3.4496052e+02 6.69e-09 7.61e+01  -5.7 9.88e-01    -  4.94e-04 2.99e-03f  1
1927  3.4496050e+02 6.69e-09 8.02e+01  -5.7 9.77e-01    -  5.06e-04 2.18e-04f  1
1928  3.4496019e+02 6.67e-09 8.13e+01  -5.7 9.71e-01    -  4.62e-04 3.13e-03f  1
1929  3.4496017e+02 6.66e-09 8.46e+01  -5.7 1.02e+00    -  4.76e-04 2.25e-04f  1
iter    objective    inf_pr   inf_du lg(mu)  ||d||  lg(rg) alpha_du alpha_pr  ls
1930  3.4495986e+02 6.64e-09 9.67e+01  -5.7 9.21e-01    -  4.86e-04 3.55e-03f  1
1931  3.4495981e+02 6.64e-09 9.79e+01  -5.7 1.33e+00    -  4.40e-04 3.05e-04f  1
1932  3.4495950e+02 6.62e-09 9.54e+01  -5.7 9.20e-01    -  5.65e-04 3.56e-03f  1
1933  3.4495945e+02 6.61e-09 9.72e+01  -5.7 1.45e+00    -  4.84e-04 2.98e-04f  1
1934  3.4495917e+02 6.60e-09 7.36e+01  -5.7 1.04e+00    -  5.95e-04 2.46e-03f  1
1935  3.4495753e+02 6.31e-09 1.33e+03  -5.7 6.28e-01    -  6.96e-04 4.40e-02f  1
1936  3.4495726e+02 6.30e-09 1.32e+03  -5.7 2.17e+00    -  1.22e-04 1.04e-03f  1
1937  3.4495694e+02 6.28e-09 1.30e+03  -5.7 9.02e-01    -  3.79e-04 3.40e-03f  1
1938  3.4495673e+02 6.27e-09 1.30e+03  -5.7 1.63e+00    -  3.15e-04 1.08e-03f  1
1939  3.4495624e+02 6.24e-09 1.29e+03  -5.7 8.40e-01    -  1.45e-04 6.02e-03f  1
iter    objective    inf_pr   inf_du lg(mu)  ||d||  lg(rg) alpha_du alpha_pr  ls
1940  3.4495601e+02 6.23e-09 1.29e+03  -5.7 1.44e+00    -  5.78e-05 1.34e-03f  1
1941  3.4495565e+02 6.21e-09 1.29e+03  -5.7 1.02e+00    -  9.06e-04 3.27e-03f  1
1942  3.4495542e+02 6.20e-09 1.29e+03  -5.7 1.42e+00    -  2.64e-04 1.41e-03f  1
1943  3.4495493e+02 6.17e-09 1.28e+03  -5.7 1.07e+00    -  1.08e-03 4.11e-03f  1
1944  3.4495478e+02 6.17e-09 1.28e+03  -5.7 1.41e+00    -  1.14e-03 9.39e-04f  1
1945  3.4495422e+02 6.13e-09 1.27e+03  -5.7 8.49e-01    -  1.52e-04 6.29e-03f  1
1946  3.4495408e+02 6.12e-09 1.27e+03  -5.7 1.34e+00    -  8.88e-04 9.70e-04f  1
1947  3.4495365e+02 6.10e-09 1.27e+03  -5.7 1.12e+00    -  9.69e-04 3.46e-03f  1
1948  3.4495247e+02 5.99e-09 1.24e+03  -5.7 7.20e-01    -  1.16e-04 1.84e-02f  1
1949  3.4495227e+02 5.98e-09 1.24e+03  -5.7 1.44e+00    -  8.69e-04 1.17e-03f  1
iter    objective    inf_pr   inf_du lg(mu)  ||d||  lg(rg) alpha_du alpha_pr  ls
1950  3.4495174e+02 5.96e-09 1.24e+03  -5.7 1.05e+00    -  1.10e-03 4.64e-03f  1
1951  3.4495156e+02 5.95e-09 1.23e+03  -5.7 1.21e+00    -  6.21e-04 1.38e-03f  1
1952  3.4495098e+02 5.92e-09 1.23e+03  -5.7 9.98e-01    -  4.83e-04 5.44e-03f  1
1953  3.4495080e+02 5.91e-09 1.23e+03  -5.7 1.13e+00    -  3.95e-04 1.40e-03f  1
1954  3.4495015e+02 5.87e-09 1.22e+03  -5.7 9.03e-01    -  2.00e-04 6.86e-03f  1
1955  3.4494993e+02 5.86e-09 1.22e+03  -5.7 1.21e+00    -  4.27e-04 1.69e-03f  1
1956  3.4494929e+02 5.82e-09 1.21e+03  -5.7 9.59e-01    -  6.62e-04 6.31e-03f  1
1957  3.4494901e+02 5.81e-09 1.21e+03  -5.7 1.25e+00    -  6.30e-04 2.08e-03f  1
1958  3.4494832e+02 5.77e-09 1.20e+03  -5.7 9.54e-01    -  3.04e-04 6.87e-03f  1
1959  3.4494811e+02 5.76e-09 1.20e+03  -5.7 1.17e+00    -  1.16e-03 1.69e-03f  1
iter    objective    inf_pr   inf_du lg(mu)  ||d||  lg(rg) alpha_du alpha_pr  ls
1960  3.4494738e+02 5.72e-09 1.19e+03  -5.7 9.92e-01    -  7.59e-04 6.96e-03f  1
1961  3.4494714e+02 5.71e-09 1.18e+03  -5.7 1.07e+00    -  2.82e-04 2.17e-03f  1
1962  3.4494643e+02 5.66e-09 1.18e+03  -5.7 8.97e-01    -  3.20e-04 7.66e-03f  1
1963  3.4494611e+02 5.65e-09 1.17e+03  -5.7 1.23e+00    -  8.55e-04 2.43e-03f  1
1964  3.4494534e+02 5.60e-09 1.16e+03  -5.7 8.95e-01    -  3.92e-04 8.49e-03f  1
1965  3.4494499e+02 5.59e-09 1.16e+03  -5.7 1.22e+00    -  5.63e-04 2.72e-03f  1
1966  3.4494424e+02 5.54e-09 1.15e+03  -5.7 9.10e-01    -  1.09e-03 8.15e-03f  1
1967  3.4494382e+02 5.52e-09 1.15e+03  -5.7 1.17e+00    -  3.97e-04 3.39e-03f  1
1968  3.4494307e+02 5.47e-09 1.14e+03  -5.7 8.56e-01    -  6.09e-04 8.96e-03f  1
1969  3.4494262e+02 5.45e-09 1.13e+03  -5.7 1.21e+00    -  4.71e-04 3.52e-03f  1
iter    objective    inf_pr   inf_du lg(mu)  ||d||  lg(rg) alpha_du alpha_pr  ls
1970  3.4494183e+02 5.40e-09 1.12e+03  -5.7 8.13e-01    -  5.22e-04 9.98e-03f  1
1971  3.4494133e+02 5.38e-09 1.12e+03  -5.7 1.28e+00    -  8.20e-04 3.72e-03f  1
1972  3.4494048e+02 5.32e-09 1.10e+03  -5.7 8.22e-01    -  1.00e-03 1.08e-02f  1
1973  3.4493993e+02 5.30e-09 1.10e+03  -5.7 1.21e+00    -  3.62e-04 4.41e-03f  1
1974  3.4493913e+02 5.24e-09 1.09e+03  -5.7 7.78e-01    -  7.54e-04 1.09e-02f  1
1975  3.4493854e+02 5.22e-09 1.08e+03  -5.7 1.25e+00    -  1.33e-03 4.55e-03f  1
1976  3.4493750e+02 5.14e-09 1.07e+03  -5.7 7.74e-01    -  7.23e-04 1.46e-02f  1
1977  3.4493688e+02 5.12e-09 1.06e+03  -5.7 1.24e+00    -  6.70e-04 4.85e-03f  1
1978  3.4493596e+02 5.05e-09 1.05e+03  -5.7 7.45e-01    -  9.27e-04 1.36e-02f  1
1979  3.4493529e+02 5.02e-09 1.04e+03  -5.7 1.25e+00    -  1.18e-03 5.28e-03f  1
iter    objective    inf_pr   inf_du lg(mu)  ||d||  lg(rg) alpha_du alpha_pr  ls
1980  3.4493429e+02 4.95e-09 1.03e+03  -5.7 7.31e-01    -  8.81e-04 1.55e-02f  1
1981  3.4493359e+02 4.92e-09 1.02e+03  -5.7 1.22e+00    -  9.79e-04 5.65e-03f  1
1982  3.4493260e+02 4.84e-09 1.00e+03  -5.7 6.98e-01    -  3.51e-04 1.70e-02f  1
1983  3.4493188e+02 4.81e-09 9.97e+02  -5.7 1.28e+00    -  9.77e-04 5.54e-03f  1
1984  3.4493086e+02 4.70e-09 9.74e+02  -5.7 6.34e-01    -  1.29e-05 2.28e-02f  1
1985  3.4492999e+02 4.68e-09 9.68e+02  -5.7 1.47e+00    -  5.51e-04 5.73e-03f  1
1986  3.4492920e+02 4.60e-09 9.52e+02  -5.7 6.57e-01    -  8.23e-04 1.67e-02f  1
1987  3.4492836e+02 4.57e-09 9.46e+02  -5.7 1.36e+00    -  7.23e-04 6.06e-03f  1
1988  3.4492755e+02 4.49e-09 9.29e+02  -5.7 6.32e-01    -  4.53e-04 1.88e-02f  1
1989  3.4492670e+02 4.46e-09 9.22e+02  -5.7 1.23e+00    -  1.27e-05 6.92e-03f  1
iter    objective    inf_pr   inf_du lg(mu)  ||d||  lg(rg) alpha_du alpha_pr  ls
1990  3.4492611e+02 4.38e-09 9.07e+02  -5.7 6.08e-01    -  5.48e-04 1.68e-02f  1
1991  3.4492520e+02 4.35e-09 9.01e+02  -5.7 1.38e+00    -  6.58e-04 6.53e-03f  1
1992  3.4492458e+02 4.28e-09 8.84e+02  -5.7 5.92e-01    -  9.41e-04 1.86e-02f  1
1993  3.4492359e+02 4.24e-09 8.77e+02  -5.7 1.33e+00    -  7.87e-04 7.44e-03f  1
1994  3.4492295e+02 4.14e-09 8.55e+02  -5.7 5.43e-01    -  2.60e-05 2.51e-02f  1
1995  3.4492182e+02 4.11e-09 8.49e+02  -5.7 1.52e+00    -  6.85e-04 7.22e-03f  1
1996  3.4492126e+02 4.01e-09 8.28e+02  -5.7 5.32e-01    -  1.68e-04 2.50e-02f  1
1997  3.4492007e+02 3.98e-09 8.22e+02  -5.7 1.57e+00    -  7.14e-05 7.28e-03f  1
1998  3.4491978e+02 3.89e-09 8.02e+02  -5.7 4.97e-01    -  2.76e-04 2.40e-02f  1
1999  3.4491845e+02 3.86e-09 7.97e+02  -5.7 1.80e+00    -  6.88e-04 6.96e-03f  1
iter    objective    inf_pr   inf_du lg(mu)  ||d||  lg(rg) alpha_du alpha_pr  ls
2000  3.4491824e+02 3.75e-09 7.74e+02  -5.7 4.70e-01    -  4.16e-05 2.82e-02f  1
2001  3.4491674e+02 3.73e-09 7.69e+02  -5.7 1.97e+00    -  9.22e-05 7.01e-03f  1
2002  3.4491677e+02 3.62e-09 7.47e+02  -5.7 4.38e-01    -  6.20e-04 2.83e-02f  1
2003  3.4491506e+02 3.60e-09 7.42e+02  -5.7 2.13e+00    -  2.50e-04 7.28e-03f  1
2004  3.4491527e+02 3.49e-09 7.19e+02  -5.7 4.06e-01    -  1.18e-04 3.11e-02f  1
2005  3.4491341e+02 3.47e-09 7.14e+02  -5.7 2.42e+00    -  6.11e-04 6.84e-03f  1
2006  3.4491363e+02 3.40e-09 7.00e+02  -5.7 3.80e-01    -  7.41e-04 1.93e-02f  2
2007  3.4491288e+02 3.39e-09 6.99e+02  -5.7 3.77e+00    -  5.36e-02 1.73e-03f  1
2008  3.4491078e+02 3.29e-09 6.76e+02  -5.7 8.40e-01    -  2.01e-04 3.24e-02f  1
2009  3.4490992e+02 3.24e-09 6.65e+02  -5.7 7.16e-01    -  3.64e-03 1.67e-02f  1
iter    objective    inf_pr   inf_du lg(mu)  ||d||  lg(rg) alpha_du alpha_pr  ls
2010  3.4490947e+02 3.20e-09 6.57e+02  -5.7 5.63e-01    -  2.22e-03 1.20e-02f  1
2011  3.4490868e+02 3.14e-09 6.44e+02  -5.7 5.84e-01    -  1.33e-03 1.99e-02f  1
2012  3.4490822e+02 3.10e-09 6.35e+02  -5.7 5.35e-01    -  5.42e-04 1.31e-02f  1
2013  3.4490752e+02 3.04e-09 6.23e+02  -5.7 5.60e-01    -  3.55e-03 1.91e-02f  1
2014  3.4490696e+02 2.99e-09 6.13e+02  -5.7 5.49e-01    -  1.20e-03 1.56e-02f  1
2015  3.4490623e+02 2.93e-09 6.00e+02  -5.7 5.47e-01    -  2.81e-03 2.14e-02f  1
2016  3.4490568e+02 2.89e-09 5.90e+02  -5.7 5.36e-01    -  1.50e-03 1.63e-02f  1
2017  3.4490494e+02 2.80e-09 5.73e+02  -5.7 5.21e-01    -  4.70e-05 2.89e-02f  1
2018  3.4490443e+02 2.76e-09 5.64e+02  -5.7 5.20e-01    -  8.48e-04 1.59e-02f  1
2019  3.4490380e+02 2.71e-09 5.52e+02  -5.7 5.32e-01    -  1.30e-03 2.09e-02f  1
iter    objective    inf_pr   inf_du lg(mu)  ||d||  lg(rg) alpha_du alpha_pr  ls
2020  3.4490329e+02 2.66e-09 5.43e+02  -5.7 5.01e-01    -  2.01e-03 1.70e-02f  1
2021  3.4490262e+02 2.60e-09 5.30e+02  -5.7 5.20e-01    -  9.76e-04 2.38e-02f  1
2022  3.4490211e+02 2.55e-09 5.20e+02  -5.7 4.78e-01    -  1.76e-03 1.83e-02f  1
2023  3.4490145e+02 2.49e-09 5.08e+02  -5.7 5.10e-01    -  1.89e-03 2.45e-02f  1
2024  3.4490091e+02 2.44e-09 4.97e+02  -5.7 4.46e-01    -  7.71e-05 2.20e-02f  1
2025  3.4490036e+02 2.39e-09 4.85e+02  -5.7 5.06e-01    -  8.77e-04 2.22e-02f  1
2026  3.4489987e+02 2.34e-09 4.75e+02  -5.7 4.45e-01    -  1.26e-03 2.09e-02f  1
2027  3.4489931e+02 2.29e-09 4.64e+02  -5.7 5.05e-01    -  9.59e-04 2.31e-02f  1
2028  3.4489884e+02 2.24e-09 4.54e+02  -5.7 4.27e-01    -  4.62e-04 2.24e-02f  1
2029  3.4489831e+02 2.19e-09 4.44e+02  -5.7 5.03e-01    -  1.32e-03 2.23e-02f  1
iter    objective    inf_pr   inf_du lg(mu)  ||d||  lg(rg) alpha_du alpha_pr  ls
2030  3.4489785e+02 2.14e-09 4.33e+02  -5.7 4.15e-01    -  1.17e-03 2.36e-02f  1
2031  3.4489731e+02 2.09e-09 4.23e+02  -5.7 4.96e-01    -  1.46e-03 2.34e-02f  1
2032  3.4489686e+02 2.04e-09 4.12e+02  -5.7 3.88e-01    -  3.31e-04 2.66e-02f  1
2033  3.4489636e+02 1.99e-09 4.02e+02  -5.7 4.88e-01    -  1.71e-04 2.38e-02f  1
2034  3.4489598e+02 1.94e-09 3.92e+02  -5.7 3.88e-01    -  9.76e-04 2.47e-02f  1
2035  3.4489546e+02 1.90e-09 3.83e+02  -5.7 4.88e-01    -  1.97e-03 2.35e-02f  1
2036  3.4489505e+02 1.85e-09 3.72e+02  -5.7 3.74e-01    -  9.95e-04 2.79e-02f  1
2037  3.4489454e+02 1.80e-09 3.63e+02  -5.7 4.69e-01    -  3.95e-04 2.54e-02f  1
2038  3.4489423e+02 1.75e-09 3.52e+02  -5.7 3.39e-01    -  4.61e-05 2.96e-02f  1
2039  3.4489374e+02 1.71e-09 3.44e+02  -5.7 4.76e-01    -  4.08e-04 2.43e-02f  1
iter    objective    inf_pr   inf_du lg(mu)  ||d||  lg(rg) alpha_du alpha_pr  ls
2040  3.4489345e+02 1.67e-09 3.34e+02  -5.7 3.52e-01    -  9.96e-04 2.73e-02f  1
2041  3.4489295e+02 1.63e-09 3.26e+02  -5.7 4.72e-01    -  1.52e-03 2.47e-02f  1
2042  3.4489265e+02 1.58e-09 3.16e+02  -5.7 3.31e-01    -  4.11e-04 3.05e-02f  1
2043  3.4489216e+02 1.54e-09 3.08e+02  -5.7 4.61e-01    -  6.06e-05 2.51e-02f  1
2044  3.4489196e+02 1.50e-09 2.99e+02  -5.7 3.09e-01    -  1.03e-03 2.97e-02f  1
2045  3.4489149e+02 1.46e-09 2.91e+02  -5.7 4.50e-01    -  5.45e-04 2.60e-02f  1
2046  3.4489126e+02 1.42e-09 2.82e+02  -5.7 3.06e-01    -  4.62e-05 3.10e-02f  1
2047  3.4489081e+02 1.38e-09 2.75e+02  -5.7 4.46e-01    -  1.18e-03 2.49e-02f  1
2048  3.4489064e+02 1.34e-09 2.66e+02  -5.7 2.98e-01    -  8.58e-04 3.17e-02f  1
2049  3.4489012e+02 1.31e-09 2.60e+02  -5.7 4.50e-01    -  4.41e-04 2.58e-02f  1
iter    objective    inf_pr   inf_du lg(mu)  ||d||  lg(rg) alpha_du alpha_pr  ls
2050  3.4488998e+02 1.27e-09 2.51e+02  -5.7 2.78e-01    -  6.33e-04 3.22e-02f  1
2051  3.4488952e+02 1.24e-09 2.45e+02  -5.7 4.29e-01    -  8.13e-04 2.60e-02f  1
2052  3.4488939e+02 1.20e-09 2.36e+02  -5.7 2.65e-01    -  2.23e-04 3.40e-02f  1
2053  3.4488897e+02 1.16e-09 2.30e+02  -5.7 4.22e-01    -  3.96e-05 2.70e-02f  1
2054  3.4488891e+02 1.13e-09 2.22e+02  -5.7 2.58e-01    -  3.24e-04 3.33e-02f  1
2055  3.4488845e+02 1.10e-09 2.16e+02  -5.7 4.26e-01    -  6.55e-04 2.60e-02f  1
2056  3.4488838e+02 1.06e-09 2.09e+02  -5.7 2.58e-01    -  2.95e-04 3.37e-02f  1
2057  3.4488790e+02 1.04e-09 2.04e+02  -5.7 4.28e-01    -  6.00e-04 2.55e-02f  1
2058  3.4488793e+02 1.00e-09 1.97e+02  -5.7 2.32e-01    -  2.13e-04 3.57e-02f  1
2059  3.4488740e+02 9.78e-10 1.92e+02  -5.7 4.41e-01    -  3.38e-04 2.53e-02f  1
iter    objective    inf_pr   inf_du lg(mu)  ||d||  lg(rg) alpha_du alpha_pr  ls
2060  3.4488745e+02 9.45e-10 1.85e+02  -5.7 2.24e-01    -  4.03e-04 3.50e-02f  1
2061  3.4488699e+02 9.21e-10 1.80e+02  -5.7 4.24e-01    -  7.03e-05 2.63e-02f  1
2062  3.4488701e+02 8.91e-10 1.74e+02  -5.7 2.26e-01    -  1.02e-04 3.43e-02f  1
2063  3.4488662e+02 8.68e-10 1.69e+02  -5.7 4.05e-01    -  3.15e-04 2.61e-02f  1
2064  3.4488658e+02 8.42e-10 1.64e+02  -5.7 2.46e-01    -  2.39e-04 3.22e-02f  1
2065  3.4488621e+02 8.21e-10 1.60e+02  -5.7 3.97e-01    -  4.00e-04 2.57e-02f  1
2066  3.4488615e+02 7.97e-10 1.55e+02  -5.7 2.42e-01    -  2.60e-04 3.16e-02f  1
2067  3.4488581e+02 7.77e-10 1.51e+02  -5.7 3.85e-01    -  3.48e-04 2.53e-02f  1
2068  3.4488576e+02 7.54e-10 1.46e+02  -5.7 2.32e-01    -  2.02e-04 3.12e-02f  1
2069  3.4488546e+02 7.35e-10 1.42e+02  -5.7 3.70e-01    -  1.92e-04 2.54e-02f  1
iter    objective    inf_pr   inf_du lg(mu)  ||d||  lg(rg) alpha_du alpha_pr  ls
2070  3.4488553e+02 7.11e-10 1.37e+02  -5.7 2.00e-01    -  4.56e-05 3.41e-02f  1
2071  3.4488513e+02 6.94e-10 1.34e+02  -5.7 3.92e-01    -  2.52e-04 2.43e-02f  1
2072  3.4488526e+02 6.82e-10 1.32e+02  -5.7 1.76e-01    -  4.06e-05 1.88e-02f  2
2073  3.4488456e+02 6.78e-10 1.31e+02  -5.7 1.11e+00    -  2.46e-01 7.52e-03f  1
2074  3.4488374e+02 6.22e-10 1.26e+02  -5.7 3.73e-01    -  3.74e-03 1.10e-01f  1
2075  3.4488336e+02 5.92e-10 1.16e+02  -5.7 2.90e-01    -  7.08e-03 5.72e-02f  1
2076  3.4488266e+02 5.30e-10 1.71e+02  -5.7 3.02e-01    -  8.47e-04 1.38e-01f  1
2077  3.4488229e+02 5.02e-10 1.60e+02  -5.7 2.37e-01    -  2.83e-03 6.40e-02f  1
2078  3.4488179e+02 4.51e-10 1.36e+02  -5.7 2.62e-01    -  4.05e-03 1.29e-01f  1
2079  3.4488140e+02 4.27e-10 1.27e+02  -5.7 2.03e-01    -  3.31e-03 6.61e-02f  1
iter    objective    inf_pr   inf_du lg(mu)  ||d||  lg(rg) alpha_du alpha_pr  ls
2080  3.4488107e+02 3.75e-10 1.06e+02  -5.7 2.22e-01    -  9.79e-04 1.46e-01f  1
2081  3.4488064e+02 3.58e-10 9.94e+01  -5.7 2.07e-01    -  1.11e-03 6.44e-02f  1
2082  3.4488053e+02 3.10e-10 8.57e+01  -5.7 1.87e-01    -  5.06e-04 1.51e-01f  1
2083  3.4488003e+02 2.99e-10 8.08e+01  -5.7 2.30e-01    -  1.16e-03 6.21e-02f  1
2084  3.4488002e+02 2.62e-10 6.70e+01  -5.7 1.70e-01    -  7.90e-03 1.35e-01f  1
2085  3.4487951e+02 2.53e-10 6.25e+01  -5.7 2.13e-01    -  2.05e-03 7.03e-02f  1
2086  3.4487966e+02 2.14e-10 9.51e+01  -5.7 1.59e-01    -  3.78e-04 1.57e-01f  1
2087  3.4487909e+02 2.09e-10 8.88e+01  -5.7 2.19e-01    -  1.84e-04 6.92e-02f  1
2088  3.4487922e+02 1.93e-10 7.94e+01  -5.7 1.37e-01    -  3.91e-03 7.47e-02f  2
2089  3.4487868e+02 1.93e-10 7.56e+01  -5.7 3.81e-01    -  3.05e-01 3.45e-02f  1
iter    objective    inf_pr   inf_du lg(mu)  ||d||  lg(rg) alpha_du alpha_pr  ls
2090  3.4487828e+02 1.75e-10 1.17e+02  -5.7 1.77e-01    -  1.88e-03 1.76e-01f  1
2091  3.4487789e+02 1.41e-10 1.62e+02  -5.7 1.66e-01    -  4.11e-03 4.91e-01f  1
2092  3.4487754e+02 1.28e-10 1.35e+02  -5.7 9.95e-02    -  7.43e-03 1.66e-01f  1
2093  3.4487772e+02 7.27e-11 1.54e+02  -5.7 9.86e-02    -  3.15e-03 5.64e-01f  1
2094  3.4487709e+02 7.83e-11 1.31e+02  -5.7 1.37e-01    -  9.66e-03 1.58e-01f  1
2095  3.4487731e+02 6.40e-11 1.24e+02  -5.7 7.15e-02    -  3.13e-04 1.83e-01f  3
2096  3.4487681e+02 7.20e-11 1.12e+02  -5.7 2.23e-01    -  3.47e-01 8.52e-02f  1
2097  3.4487681e+02 4.02e-11 6.61e+01  -5.7 9.24e-02    -  2.95e-02 1.00e+00f  1
2098  3.4487639e+02 5.99e-11 4.90e+01  -5.7 1.09e-01    -  3.89e-01 2.61e-01h  1
2099  3.4487665e+02 8.63e-13 2.17e+02  -5.7 5.23e-02    -  8.23e-03 1.00e+00f  1
iter    objective    inf_pr   inf_du lg(mu)  ||d||  lg(rg) alpha_du alpha_pr  ls
2100  3.4487648e+02 1.31e-11 1.74e+02  -5.7 9.31e-02    -  5.03e-01 1.95e-01f  2
2101  3.4487640e+02 2.40e-11 1.04e+02  -5.7 5.03e-02    -  6.02e-01 4.12e-01h  2
2102  3.4487641e+02 1.60e-11 9.55e-09  -5.7 2.57e-02    -  1.00e+00 1.00e+00h  1
2103  3.4487616e+02 8.16e-12 1.02e+00  -8.6 5.80e-02    -  9.99e-01 4.97e-01f  1
2104  3.4487615e+02 7.31e-12 2.67e+01  -8.6 4.28e-02    -  5.76e-01 1.04e-01f  1
In iteration 2104, 1 Slack too small, adjusting variable bound
2105  3.4487614e+02 5.27e-12 3.38e+01  -8.6 4.03e-02    -  1.58e-01 2.79e-01f  1
2106  3.4487614e+02 3.18e-12 2.28e+01  -8.6 2.88e-02    -  3.28e-01 4.01e-01h  1
2107  3.4487613e+02 1.02e-13 1.22e+02  -8.6 1.81e-02    -  8.18e-02 1.00e+00f  1
2108  3.4487613e+02 8.59e-14 9.39e+01  -8.6 2.54e-03    -  5.40e-01 1.75e-01h  1
In iteration 2108, 1 Slack too small, adjusting variable bound
2109  3.4487613e+02 5.90e-14 6.46e+01  -8.6 5.73e-04    -  6.84e-01 3.13e-01f  1
In iteration 2109, 1 Slack too small, adjusting variable bound
iter    objective    inf_pr   inf_du lg(mu)  ||d||  lg(rg) alpha_du alpha_pr  ls
2110  3.4487613e+02 8.14e-14 7.63e+01  -8.6 2.09e-02    -  3.40e-02 5.27e-02h  1
In iteration 2110, 1 Slack too small, adjusting variable bound
2111  3.4487613e+02 7.56e-14 4.43e+01  -8.6 2.40e-03    -  3.69e-01 9.56e-02h  1
In iteration 2111, 1 Slack too small, adjusting variable bound
2112  3.4487613e+02 7.53e-14 4.48e+01  -8.6 1.31e-02    -  2.33e-02 3.09e-03h  1
In iteration 2112, 1 Slack too small, adjusting variable bound
2113  3.4487613e+02 7.53e-14 7.15e+01  -8.6 3.27e-01    -  2.11e-03 3.29e-05h  1
2114  3.4487613e+02 7.56e-16 1.05e-10  -8.6 5.15e-04    -  1.00e+00 1.00e+00h  1
2115  3.4487613e+02 8.50e-16 3.04e-13  -9.0 2.36e-04    -  1.00e+00 1.00e+00h  1

Number of Iterations....: 2115

                                   (scaled)                 (unscaled)
Objective...............:   3.4487613140199710e+02    3.4487613140199710e+02
Dual infeasibility......:   3.0363382240070910e-13    3.0363382240070910e-13
Constraint violation....:   8.5001450322863548e-16    8.5001450322863548e-16
Complementarity.........:   1.2001403180352398e-09    1.2001403180352398e-09
Overall NLP error.......:   1.2001403180352398e-09    1.2001403180352398e-09


Number of objective function evaluations             = 2134
Number of objective gradient evaluations             = 2116
Number of equality constraint evaluations            = 2134
Number of inequality constraint evaluations          = 0
Number of equality constraint Jacobian evaluations   = 2116
Number of inequality constraint Jacobian evaluations = 0
Number of Lagrangian Hessian evaluations             = 2115
Total CPU secs in IPOPT (w/o function evaluations)   =    326.844
Total CPU secs in NLP function evaluations           =     32.882

EXIT: Optimal Solution Found.
 
Ipopt 3.12.13: Optimal Solution Found
