GAMS 53.5.1  f2e5fac3 May 20, 2026          WEX-WEI x86 64bit/MS Windows - 06/14/26 21:48:59 Page 1
G e n e r a l   A l g e b r a i c   M o d e l i n g   S y s t e m
C o m p i l a t i o n


   1  * GAMS-model camshape200.dag.gms written by dag2gams Converter at 29/03/2004 14:15:01
   2  * University of Vienna
   4   Set i/1*400/;
   5   Set j/1*399/;
   6   Equations objcon
   7  con1
   8  con2
   9  con3
  10  con4
  11  con5
  12  con6
  13  con7
  14  con8
  15  con9
  16  con10
  17  con11
  18  con12
  19  con13
  20  con14
  21  con15
  22  con16
  23  con17
  24  con18
  25  con19
  26  con20
  27  con21
  28  con22
  29  con23
  30  con24
  31  con25
  32  con26
  33  con27
  34  con28
  35  con29
  36  con30
  37  con31
  38  con32
  39  con33
  40  con34
  41  con35
  42  con36
  43  con37
  44  con38
  45  con39
  46  con40
  47  con41
  48  con42
  49  con43
  50  con44
  51  con45
  52  con46
  53  con47
  54  con48
  55  con49
  56  con50
  57  con51
  58  con52
  59  con53
  60  con54
  61  con55
  62  con56
  63  con57
  64  con58
  65  con59
  66  con60
  67  con61
  68  con62
  69  con63
  70  con64
  71  con65
  72  con66
  73  con67
  74  con68
  75  con69
  76  con70
  77  con71
  78  con72
  79  con73
  80  con74
  81  con75
  82  con76
  83  con77
  84  con78
  85  con79
  86  con80
  87  con81
  88  con82
  89  con83
  90  con84
  91  con85
  92  con86
  93  con87
  94  con88
  95  con89
  96  con90
  97  con91
  98  con92
  99  con93
 100  con94
 101  con95
 102  con96
 103  con97
 104  con98
 105  con99
 106  con100
 107  con101
 108  con102
 109  con103
 110  con104
 111  con105
 112  con106
 113  con107
 114  con108
 115  con109
 116  con110
 117  con111
 118  con112
 119  con113
 120  con114
 121  con115
 122  con116
 123  con117
 124  con118
 125  con119
 126  con120
 127  con121
 128  con122
 129  con123
 130  con124
 131  con125
 132  con126
 133  con127
 134  con128
 135  con129
 136  con130
 137  con131
 138  con132
 139  con133
 140  con134
 141  con135
 142  con136
 143  con137
 144  con138
 145  con139
 146  con140
 147  con141
 148  con142
 149  con143
 150  con144
 151  con145
 152  con146
 153  con147
 154  con148
 155  con149
 156  con150
 157  con151
 158  con152
 159  con153
 160  con154
 161  con155
 162  con156
 163  con157
 164  con158
 165  con159
 166  con160
 167  con161
 168  con162
 169  con163
 170  con164
 171  con165
 172  con166
 173  con167
 174  con168
 175  con169
 176  con170
 177  con171
 178  con172
 179  con173
 180  con174
 181  con175
 182  con176
 183  con177
 184  con178
 185  con179
 186  con180
 187  con181
 188  con182
 189  con183
 190  con184
 191  con185
 192  con186
 193  con187
 194  con188
 195  con189
 196  con190
 197  con191
 198  con192
 199  con193
 200  con194
 201  con195
 202  con196
 203  con197
 204  con198
 205  con199
 206  con200
 207  con201
 208  con202
 209  con203
 210  con204
 211  con205
 212  con206
 213  con207
 214  con208
 215  con209
 216  con210
 217  con211
 218  con212
 219  con213
 220  con214
 221  con215
 222  con216
 223  con217
 224  con218
 225  con219
 226  con220
 227  con221
 228  con222
 229  con223
 230  con224
 231  con225
 232  con226
 233  con227
 234  con228
 235  con229
 236  con230
 237  con231
 238  con232
 239  con233
 240  con234
 241  con235
 242  con236
 243  con237
 244  con238
 245  con239
 246  con240
 247  con241
 248  con242
 249  con243
 250  con244
 251  con245
 252  con246
 253  con247
 254  con248
 255  con249
 256  con250
 257  con251
 258  con252
 259  con253
 260  con254
 261  con255
 262  con256
 263  con257
 264  con258
 265  con259
 266  con260
 267  con261
 268  con262
 269  con263
 270  con264
 271  con265
 272  con266
 273  con267
 274  con268
 275  con269
 276  con270
 277  con271
 278  con272
 279  con273
 280  con274
 281  con275
 282  con276
 283  con277
 284  con278
 285  con279
 286  con280
 287  con281
 288  con282
 289  con283
 290  con284
 291  con285
 292  con286
 293  con287
 294  con288
 295  con289
 296  con290
 297  con291
 298  con292
 299  con293
 300  con294
 301  con295
 302  con296
 303  con297
 304  con298
 305  con299
 306  con300
 307  con301
 308  con302
 309  con303
 310  con304
 311  con305
 312  con306
 313  con307
 314  con308
 315  con309
 316  con310
 317  con311
 318  con312
 319  con313
 320  con314
 321  con315
 322  con316
 323  con317
 324  con318
 325  con319
 326  con320
 327  con321
 328  con322
 329  con323
 330  con324
 331  con325
 332  con326
 333  con327
 334  con328
 335  con329
 336  con330
 337  con331
 338  con332
 339  con333
 340  con334
 341  con335
 342  con336
 343  con337
 344  con338
 345  con339
 346  con340
 347  con341
 348  con342
 349  con343
 350  con344
 351  con345
 352  con346
 353  con347
 354  con348
 355  con349
 356  con350
 357  con351
 358  con352
 359  con353
 360  con354
 361  con355
 362  con356
 363  con357
 364  con358
 365  con359
 366  con360
 367  con361
 368  con362
 369  con363
 370  con364
 371  con365
 372  con366
 373  con367
 374  con368
 375  con369
 376  con370
 377  con371
 378  con372
 379  con373
 380  con374
 381  con375
 382  con376
 383  con377
 384  con378
 385  con379
 386  con380
 387  con381
 388  con382
 389  con383
 390  con384
 391  con385
 392  con386
 393  con387
 394  con388
 395  con389
 396  con390
 397  con391
 398  con392
 399  con393
 400  con394
 401  con395
 402  con396
 403  con397
 404  con398
 405  con399
 406  con400
 407  ;
 408  Variables x(j), obj;
 409  * Objective function (to be minimized)
 410  objcon.. obj =e= (-0.015707963267949002) * x('1') -
 411  0.015707963267949002 * x('2') -
 412  0.015707963267949002 * x('3') -
 413  0.015707963267949002 * x('4') -
 414  0.015707963267949002 * x('5') -
 415  0.015707963267949002 * x('6') -
 416  0.015707963267949002 * x('7') -
 417  0.015707963267949002 * x('8') -
 418  0.015707963267949002 * x('9') -
 419  0.015707963267949002 * x('10') -
 420  0.015707963267949002 * x('11') -
 421  0.015707963267949002 * x('12') -
 422  0.015707963267949002 * x('13') -
 423  0.015707963267949002 * x('14') -
 424  0.015707963267949002 * x('15') -
 425  0.015707963267949002 * x('16') -
 426  0.015707963267949002 * x('17') -
 427  0.015707963267949002 * x('18') -
 428  0.015707963267949002 * x('19') -
 429  0.015707963267949002 * x('20') -
 430  0.015707963267949002 * x('21') -
 431  0.015707963267949002 * x('22') -
 432  0.015707963267949002 * x('23') -
 433  0.015707963267949002 * x('24') -
 434  0.015707963267949002 * x('25') -
 435  0.015707963267949002 * x('26') -
 436  0.015707963267949002 * x('27') -
 437  0.015707963267949002 * x('28') -
 438  0.015707963267949002 * x('29') -
 439  0.015707963267949002 * x('30') -
 440  0.015707963267949002 * x('31') -
 441  0.015707963267949002 * x('32') -
 442  0.015707963267949002 * x('33') -
 443  0.015707963267949002 * x('34') -
 444  0.015707963267949002 * x('35') -
 445  0.015707963267949002 * x('36') -
 446  0.015707963267949002 * x('37') -
 447  0.015707963267949002 * x('38') -
 448  0.015707963267949002 * x('39') -
 449  0.015707963267949002 * x('40') -
 450  0.015707963267949002 * x('41') -
 451  0.015707963267949002 * x('42') -
 452  0.015707963267949002 * x('43') -
 453  0.015707963267949002 * x('44') -
 454  0.015707963267949002 * x('45') -
 455  0.015707963267949002 * x('46') -
 456  0.015707963267949002 * x('47') -
 457  0.015707963267949002 * x('48') -
 458  0.015707963267949002 * x('49') -
 459  0.015707963267949002 * x('50') -
 460  0.015707963267949002 * x('51') -
 461  0.015707963267949002 * x('52') -
 462  0.015707963267949002 * x('53') -
 463  0.015707963267949002 * x('54') -
 464  0.015707963267949002 * x('55') -
 465  0.015707963267949002 * x('56') -
 466  0.015707963267949002 * x('57') -
 467  0.015707963267949002 * x('58') -
 468  0.015707963267949002 * x('59') -
 469  0.015707963267949002 * x('60') -
 470  0.015707963267949002 * x('61') -
 471  0.015707963267949002 * x('62') -
 472  0.015707963267949002 * x('63') -
 473  0.015707963267949002 * x('64') -
 474  0.015707963267949002 * x('65') -
 475  0.015707963267949002 * x('66') -
 476  0.015707963267949002 * x('67') -
 477  0.015707963267949002 * x('68') -
 478  0.015707963267949002 * x('69') -
 479  0.015707963267949002 * x('70') -
 480  0.015707963267949002 * x('71') -
 481  0.015707963267949002 * x('72') -
 482  0.015707963267949002 * x('73') -
 483  0.015707963267949002 * x('74') -
 484  0.015707963267949002 * x('75') -
 485  0.015707963267949002 * x('76') -
 486  0.015707963267949002 * x('77') -
 487  0.015707963267949002 * x('78') -
 488  0.015707963267949002 * x('79') -
 489  0.015707963267949002 * x('80') -
 490  0.015707963267949002 * x('81') -
 491  0.015707963267949002 * x('82') -
 492  0.015707963267949002 * x('83') -
 493  0.015707963267949002 * x('84') -
 494  0.015707963267949002 * x('85') -
 495  0.015707963267949002 * x('86') -
 496  0.015707963267949002 * x('87') -
 497  0.015707963267949002 * x('88') -
 498  0.015707963267949002 * x('89') -
 499  0.015707963267949002 * x('90') -
 500  0.015707963267949002 * x('91') -
 501  0.015707963267949002 * x('92') -
 502  0.015707963267949002 * x('93') -
 503  0.015707963267949002 * x('94') -
 504  0.015707963267949002 * x('95') -
 505  0.015707963267949002 * x('96') -
 506  0.015707963267949002 * x('97') -
 507  0.015707963267949002 * x('98') -
 508  0.015707963267949002 * x('99') -
 509  0.015707963267949002 * x('100') -
 510  0.015707963267949002 * x('101') -
 511  0.015707963267949002 * x('102') -
 512  0.015707963267949002 * x('103') -
 513  0.015707963267949002 * x('104') -
 514  0.015707963267949002 * x('105') -
 515  0.015707963267949002 * x('106') -
 516  0.015707963267949002 * x('107') -
 517  0.015707963267949002 * x('108') -
 518  0.015707963267949002 * x('109') -
 519  0.015707963267949002 * x('110') -
 520  0.015707963267949002 * x('111') -
 521  0.015707963267949002 * x('112') -
 522  0.015707963267949002 * x('113') -
 523  0.015707963267949002 * x('114') -
 524  0.015707963267949002 * x('115') -
 525  0.015707963267949002 * x('116') -
 526  0.015707963267949002 * x('117') -
 527  0.015707963267949002 * x('118') -
 528  0.015707963267949002 * x('119') -
 529  0.015707963267949002 * x('120') -
 530  0.015707963267949002 * x('121') -
 531  0.015707963267949002 * x('122') -
 532  0.015707963267949002 * x('123') -
 533  0.015707963267949002 * x('124') -
 534  0.015707963267949002 * x('125') -
 535  0.015707963267949002 * x('126') -
 536  0.015707963267949002 * x('127') -
 537  0.015707963267949002 * x('128') -
 538  0.015707963267949002 * x('129') -
 539  0.015707963267949002 * x('130') -
 540  0.015707963267949002 * x('131') -
 541  0.015707963267949002 * x('132') -
 542  0.015707963267949002 * x('133') -
 543  0.015707963267949002 * x('134') -
 544  0.015707963267949002 * x('135') -
 545  0.015707963267949002 * x('136') -
 546  0.015707963267949002 * x('137') -
 547  0.015707963267949002 * x('138') -
 548  0.015707963267949002 * x('139') -
 549  0.015707963267949002 * x('140') -
 550  0.015707963267949002 * x('141') -
 551  0.015707963267949002 * x('142') -
 552  0.015707963267949002 * x('143') -
 553  0.015707963267949002 * x('144') -
 554  0.015707963267949002 * x('145') -
 555  0.015707963267949002 * x('146') -
 556  0.015707963267949002 * x('147') -
 557  0.015707963267949002 * x('148') -
 558  0.015707963267949002 * x('149') -
 559  0.015707963267949002 * x('150') -
 560  0.015707963267949002 * x('151') -
 561  0.015707963267949002 * x('152') -
 562  0.015707963267949002 * x('153') -
 563  0.015707963267949002 * x('154') -
 564  0.015707963267949002 * x('155') -
 565  0.015707963267949002 * x('156') -
 566  0.015707963267949002 * x('157') -
 567  0.015707963267949002 * x('158') -
 568  0.015707963267949002 * x('159') -
 569  0.015707963267949002 * x('160') -
 570  0.015707963267949002 * x('161') -
 571  0.015707963267949002 * x('162') -
 572  0.015707963267949002 * x('163') -
 573  0.015707963267949002 * x('164') -
 574  0.015707963267949002 * x('165') -
 575  0.015707963267949002 * x('166') -
 576  0.015707963267949002 * x('167') -
 577  0.015707963267949002 * x('168') -
 578  0.015707963267949002 * x('169') -
 579  0.015707963267949002 * x('170') -
 580  0.015707963267949002 * x('171') -
 581  0.015707963267949002 * x('172') -
 582  0.015707963267949002 * x('173') -
 583  0.015707963267949002 * x('174') -
 584  0.015707963267949002 * x('175') -
 585  0.015707963267949002 * x('176') -
 586  0.015707963267949002 * x('177') -
 587  0.015707963267949002 * x('178') -
 588  0.015707963267949002 * x('179') -
 589  0.015707963267949002 * x('180') -
 590  0.015707963267949002 * x('181') -
 591  0.015707963267949002 * x('182') -
 592  0.015707963267949002 * x('183') -
 593  0.015707963267949002 * x('184') -
 594  0.015707963267949002 * x('185') -
 595  0.015707963267949002 * x('186') -
 596  0.015707963267949002 * x('187') -
 597  0.015707963267949002 * x('188') -
 598  0.015707963267949002 * x('189') -
 599  0.015707963267949002 * x('190') -
 600  0.015707963267949002 * x('191') -
 601  0.015707963267949002 * x('192') -
 602  0.015707963267949002 * x('193') -
 603  0.015707963267949002 * x('194') -
 604  0.015707963267949002 * x('195') -
 605  0.015707963267949002 * x('196') -
 606  0.015707963267949002 * x('197') -
 607  0.015707963267949002 * x('198') -
 608  0.015707963267949002 * x('199') -
 609  0.015707963267949002 * x('200');
 610   
 611   
 612  con1.. x('199') -
 613  x('200') +
 614  x('399') =e= 0;
 615  con2.. x('198') -
 616  x('199') +
 617  x('398') =e= 0;
 618  con3.. x('197') -
 619  x('198') +
 620  x('397') =e= 0;
 621  con4.. x('196') -
 622  x('197') +
 623  x('396') =e= 0;
 624  con5.. x('195') -
 625  x('196') +
 626  x('395') =e= 0;
 627  con6.. x('194') -
 628  x('195') +
 629  x('394') =e= 0;
 630  con7.. x('193') -
 631  x('194') +
 632  x('393') =e= 0;
 633  con8.. x('192') -
 634  x('193') +
 635  x('392') =e= 0;
 636  con9.. x('191') -
 637  x('192') +
 638  x('391') =e= 0;
 639  con10.. x('190') -
 640  x('191') +
 641  x('390') =e= 0;
 642  con11.. x('189') -
 643  x('190') +
 644  x('389') =e= 0;
 645  con12.. x('188') -
 646  x('189') +
 647  x('388') =e= 0;
 648  con13.. x('187') -
 649  x('188') +
 650  x('387') =e= 0;
 651  con14.. x('186') -
 652  x('187') +
 653  x('386') =e= 0;
 654  con15.. x('185') -
 655  x('186') +
 656  x('385') =e= 0;
 657  con16.. x('184') -
 658  x('185') +
 659  x('384') =e= 0;
 660  con17.. x('183') -
 661  x('184') +
 662  x('383') =e= 0;
 663  con18.. x('182') -
 664  x('183') +
 665  x('382') =e= 0;
 666  con19.. x('181') -
 667  x('182') +
 668  x('381') =e= 0;
 669  con20.. x('180') -
 670  x('181') +
 671  x('380') =e= 0;
 672  con21.. x('179') -
 673  x('180') +
 674  x('379') =e= 0;
 675  con22.. x('178') -
 676  x('179') +
 677  x('378') =e= 0;
 678  con23.. x('177') -
 679  x('178') +
 680  x('377') =e= 0;
 681  con24.. x('176') -
 682  x('177') +
 683  x('376') =e= 0;
 684  con25.. x('175') -
 685  x('176') +
 686  x('375') =e= 0;
 687  con26.. x('174') -
 688  x('175') +
 689  x('374') =e= 0;
 690  con27.. x('173') -
 691  x('174') +
 692  x('373') =e= 0;
 693  con28.. x('172') -
 694  x('173') +
 695  x('372') =e= 0;
 696  con29.. x('171') -
 697  x('172') +
 698  x('371') =e= 0;
 699  con30.. x('170') -
 700  x('171') +
 701  x('370') =e= 0;
 702  con31.. x('169') -
 703  x('170') +
 704  x('369') =e= 0;
 705  con32.. x('168') -
 706  x('169') +
 707  x('368') =e= 0;
 708  con33.. x('167') -
 709  x('168') +
 710  x('367') =e= 0;
 711  con34.. x('166') -
 712  x('167') +
 713  x('366') =e= 0;
 714  con35.. x('165') -
 715  x('166') +
 716  x('365') =e= 0;
 717  con36.. x('164') -
 718  x('165') +
 719  x('364') =e= 0;
 720  con37.. x('163') -
 721  x('164') +
 722  x('363') =e= 0;
 723  con38.. x('162') -
 724  x('163') +
 725  x('362') =e= 0;
 726  con39.. x('161') -
 727  x('162') +
 728  x('361') =e= 0;
 729  con40.. x('160') -
 730  x('161') +
 731  x('360') =e= 0;
 732  con41.. x('159') -
 733  x('160') +
 734  x('359') =e= 0;
 735  con42.. x('158') -
 736  x('159') +
 737  x('358') =e= 0;
 738  con43.. x('157') -
 739  x('158') +
 740  x('357') =e= 0;
 741  con44.. x('156') -
 742  x('157') +
 743  x('356') =e= 0;
 744  con45.. x('155') -
 745  x('156') +
 746  x('355') =e= 0;
 747  con46.. x('154') -
 748  x('155') +
 749  x('354') =e= 0;
 750  con47.. x('153') -
 751  x('154') +
 752  x('353') =e= 0;
 753  con48.. x('152') -
 754  x('153') +
 755  x('352') =e= 0;
 756  con49.. x('151') -
 757  x('152') +
 758  x('351') =e= 0;
 759  con50.. x('150') -
 760  x('151') +
 761  x('350') =e= 0;
 762  con51.. x('149') -
 763  x('150') +
 764  x('349') =e= 0;
 765  con52.. x('148') -
 766  x('149') +
 767  x('348') =e= 0;
 768  con53.. x('147') -
 769  x('148') +
 770  x('347') =e= 0;
 771  con54.. x('146') -
 772  x('147') +
 773  x('346') =e= 0;
 774  con55.. x('145') -
 775  x('146') +
 776  x('345') =e= 0;
 777  con56.. x('144') -
 778  x('145') +
 779  x('344') =e= 0;
 780  con57.. x('143') -
 781  x('144') +
 782  x('343') =e= 0;
 783  con58.. x('142') -
 784  x('143') +
 785  x('342') =e= 0;
 786  con59.. x('141') -
 787  x('142') +
 788  x('341') =e= 0;
 789  con60.. x('140') -
 790  x('141') +
 791  x('340') =e= 0;
 792  con61.. x('139') -
 793  x('140') +
 794  x('339') =e= 0;
 795  con62.. x('138') -
 796  x('139') +
 797  x('338') =e= 0;
 798  con63.. x('137') -
 799  x('138') +
 800  x('337') =e= 0;
 801  con64.. x('136') -
 802  x('137') +
 803  x('336') =e= 0;
 804  con65.. x('135') -
 805  x('136') +
 806  x('335') =e= 0;
 807  con66.. x('134') -
 808  x('135') +
 809  x('334') =e= 0;
 810  con67.. x('133') -
 811  x('134') +
 812  x('333') =e= 0;
 813  con68.. x('132') -
 814  x('133') +
 815  x('332') =e= 0;
 816  con69.. x('131') -
 817  x('132') +
 818  x('331') =e= 0;
 819  con70.. x('130') -
 820  x('131') +
 821  x('330') =e= 0;
 822  con71.. x('129') -
 823  x('130') +
 824  x('329') =e= 0;
 825  con72.. x('128') -
 826  x('129') +
 827  x('328') =e= 0;
 828  con73.. x('127') -
 829  x('128') +
 830  x('327') =e= 0;
 831  con74.. x('126') -
 832  x('127') +
 833  x('326') =e= 0;
 834  con75.. x('125') -
 835  x('126') +
 836  x('325') =e= 0;
 837  con76.. x('124') -
 838  x('125') +
 839  x('324') =e= 0;
 840  con77.. x('123') -
 841  x('124') +
 842  x('323') =e= 0;
 843  con78.. x('122') -
 844  x('123') +
 845  x('322') =e= 0;
 846  con79.. x('121') -
 847  x('122') +
 848  x('321') =e= 0;
 849  con80.. x('120') -
 850  x('121') +
 851  x('320') =e= 0;
 852  con81.. x('119') -
 853  x('120') +
 854  x('319') =e= 0;
 855  con82.. x('118') -
 856  x('119') +
 857  x('318') =e= 0;
 858  con83.. x('117') -
 859  x('118') +
 860  x('317') =e= 0;
 861  con84.. x('116') -
 862  x('117') +
 863  x('316') =e= 0;
 864  con85.. x('115') -
 865  x('116') +
 866  x('315') =e= 0;
 867  con86.. x('114') -
 868  x('115') +
 869  x('314') =e= 0;
 870  con87.. x('113') -
 871  x('114') +
 872  x('313') =e= 0;
 873  con88.. x('112') -
 874  x('113') +
 875  x('312') =e= 0;
 876  con89.. x('111') -
 877  x('112') +
 878  x('311') =e= 0;
 879  con90.. x('110') -
 880  x('111') +
 881  x('310') =e= 0;
 882  con91.. x('109') -
 883  x('110') +
 884  x('309') =e= 0;
 885  con92.. x('108') -
 886  x('109') +
 887  x('308') =e= 0;
 888  con93.. x('107') -
 889  x('108') +
 890  x('307') =e= 0;
 891  con94.. x('106') -
 892  x('107') +
 893  x('306') =e= 0;
 894  con95.. x('105') -
 895  x('106') +
 896  x('305') =e= 0;
 897  con96.. x('104') -
 898  x('105') +
 899  x('304') =e= 0;
 900  con97.. x('103') -
 901  x('104') +
 902  x('303') =e= 0;
 903  con98.. x('102') -
 904  x('103') +
 905  x('302') =e= 0;
 906  con99.. x('101') -
 907  x('102') +
 908  x('301') =e= 0;
 909  con100.. x('100') -
 910  x('101') +
 911  x('300') =e= 0;
 912  con101.. x('99') -
 913  x('100') +
 914  x('299') =e= 0;
 915  con102.. x('98') -
 916  x('99') +
 917  x('298') =e= 0;
 918  con103.. x('97') -
 919  x('98') +
 920  x('297') =e= 0;
 921  con104.. x('96') -
 922  x('97') +
 923  x('296') =e= 0;
 924  con105.. x('95') -
 925  x('96') +
 926  x('295') =e= 0;
 927  con106.. x('94') -
 928  x('95') +
 929  x('294') =e= 0;
 930  con107.. x('93') -
 931  x('94') +
 932  x('293') =e= 0;
 933  con108.. x('92') -
 934  x('93') +
 935  x('292') =e= 0;
 936  con109.. x('91') -
 937  x('92') +
 938  x('291') =e= 0;
 939  con110.. x('90') -
 940  x('91') +
 941  x('290') =e= 0;
 942  con111.. x('89') -
 943  x('90') +
 944  x('289') =e= 0;
 945  con112.. x('88') -
 946  x('89') +
 947  x('288') =e= 0;
 948  con113.. x('87') -
 949  x('88') +
 950  x('287') =e= 0;
 951  con114.. x('86') -
 952  x('87') +
 953  x('286') =e= 0;
 954  con115.. x('85') -
 955  x('86') +
 956  x('285') =e= 0;
 957  con116.. x('84') -
 958  x('85') +
 959  x('284') =e= 0;
 960  con117.. x('83') -
 961  x('84') +
 962  x('283') =e= 0;
 963  con118.. x('82') -
 964  x('83') +
 965  x('282') =e= 0;
 966  con119.. x('81') -
 967  x('82') +
 968  x('281') =e= 0;
 969  con120.. x('80') -
 970  x('81') +
 971  x('280') =e= 0;
 972  con121.. x('79') -
 973  x('80') +
 974  x('279') =e= 0;
 975  con122.. x('78') -
 976  x('79') +
 977  x('278') =e= 0;
 978  con123.. x('77') -
 979  x('78') +
 980  x('277') =e= 0;
 981  con124.. x('76') -
 982  x('77') +
 983  x('276') =e= 0;
 984  con125.. x('75') -
 985  x('76') +
 986  x('275') =e= 0;
 987  con126.. x('74') -
 988  x('75') +
 989  x('274') =e= 0;
 990  con127.. x('73') -
 991  x('74') +
 992  x('273') =e= 0;
 993  con128.. x('72') -
 994  x('73') +
 995  x('272') =e= 0;
 996  con129.. x('71') -
 997  x('72') +
 998  x('271') =e= 0;
 999  con130.. x('70') -
1000  x('71') +
1001  x('270') =e= 0;
1002  con131.. x('69') -
1003  x('70') +
1004  x('269') =e= 0;
1005  con132.. x('68') -
1006  x('69') +
1007  x('268') =e= 0;
1008  con133.. x('67') -
1009  x('68') +
1010  x('267') =e= 0;
1011  con134.. x('66') -
1012  x('67') +
1013  x('266') =e= 0;
1014  con135.. x('65') -
1015  x('66') +
1016  x('265') =e= 0;
1017  con136.. x('64') -
1018  x('65') +
1019  x('264') =e= 0;
1020  con137.. x('63') -
1021  x('64') +
1022  x('263') =e= 0;
1023  con138.. x('62') -
1024  x('63') +
1025  x('262') =e= 0;
1026  con139.. x('61') -
1027  x('62') +
1028  x('261') =e= 0;
1029  con140.. x('60') -
1030  x('61') +
1031  x('260') =e= 0;
1032  con141.. x('59') -
1033  x('60') +
1034  x('259') =e= 0;
1035  con142.. x('58') -
1036  x('59') +
1037  x('258') =e= 0;
1038  con143.. x('57') -
1039  x('58') +
1040  x('257') =e= 0;
1041  con144.. x('56') -
1042  x('57') +
1043  x('256') =e= 0;
1044  con145.. x('55') -
1045  x('56') +
1046  x('255') =e= 0;
1047  con146.. x('54') -
1048  x('55') +
1049  x('254') =e= 0;
1050  con147.. x('53') -
1051  x('54') +
1052  x('253') =e= 0;
1053  con148.. x('52') -
1054  x('53') +
1055  x('252') =e= 0;
1056  con149.. x('51') -
1057  x('52') +
1058  x('251') =e= 0;
1059  con150.. x('50') -
1060  x('51') +
1061  x('250') =e= 0;
1062  con151.. x('49') -
1063  x('50') +
1064  x('249') =e= 0;
1065  con152.. x('48') -
1066  x('49') +
1067  x('248') =e= 0;
1068  con153.. x('47') -
1069  x('48') +
1070  x('247') =e= 0;
1071  con154.. x('46') -
1072  x('47') +
1073  x('246') =e= 0;
1074  con155.. x('45') -
1075  x('46') +
1076  x('245') =e= 0;
1077  con156.. x('44') -
1078  x('45') +
1079  x('244') =e= 0;
1080  con157.. x('43') -
1081  x('44') +
1082  x('243') =e= 0;
1083  con158.. x('42') -
1084  x('43') +
1085  x('242') =e= 0;
1086  con159.. x('41') -
1087  x('42') +
1088  x('241') =e= 0;
1089  con160.. x('40') -
1090  x('41') +
1091  x('240') =e= 0;
1092  con161.. x('39') -
1093  x('40') +
1094  x('239') =e= 0;
1095  con162.. x('38') -
1096  x('39') +
1097  x('238') =e= 0;
1098  con163.. x('37') -
1099  x('38') +
1100  x('237') =e= 0;
1101  con164.. x('36') -
1102  x('37') +
1103  x('236') =e= 0;
1104  con165.. x('35') -
1105  x('36') +
1106  x('235') =e= 0;
1107  con166.. x('34') -
1108  x('35') +
1109  x('234') =e= 0;
1110  con167.. x('33') -
1111  x('34') +
1112  x('233') =e= 0;
1113  con168.. x('32') -
1114  x('33') +
1115  x('232') =e= 0;
1116  con169.. x('31') -
1117  x('32') +
1118  x('231') =e= 0;
1119  con170.. x('30') -
1120  x('31') +
1121  x('230') =e= 0;
1122  con171.. x('29') -
1123  x('30') +
1124  x('229') =e= 0;
1125  con172.. x('28') -
1126  x('29') +
1127  x('228') =e= 0;
1128  con173.. x('27') -
1129  x('28') +
1130  x('227') =e= 0;
1131  con174.. x('26') -
1132  x('27') +
1133  x('226') =e= 0;
1134  con175.. x('25') -
1135  x('26') +
1136  x('225') =e= 0;
1137  con176.. x('24') -
1138  x('25') +
1139  x('224') =e= 0;
1140  con177.. x('23') -
1141  x('24') +
1142  x('223') =e= 0;
1143  con178.. x('22') -
1144  x('23') +
1145  x('222') =e= 0;
1146  con179.. x('21') -
1147  x('22') +
1148  x('221') =e= 0;
1149  con180.. x('20') -
1150  x('21') +
1151  x('220') =e= 0;
1152  con181.. x('19') -
1153  x('20') +
1154  x('219') =e= 0;
1155  con182.. x('18') -
1156  x('19') +
1157  x('218') =e= 0;
1158  con183.. x('17') -
1159  x('18') +
1160  x('217') =e= 0;
1161  con184.. x('16') -
1162  x('17') +
1163  x('216') =e= 0;
1164  con185.. x('15') -
1165  x('16') +
1166  x('215') =e= 0;
1167  con186.. x('14') -
1168  x('15') +
1169  x('214') =e= 0;
1170  con187.. x('13') -
1171  x('14') +
1172  x('213') =e= 0;
1173  con188.. x('12') -
1174  x('13') +
1175  x('212') =e= 0;
1176  con189.. x('11') -
1177  x('12') +
1178  x('211') =e= 0;
1179  con190.. x('10') -
1180  x('11') +
1181  x('210') =e= 0;
1182  con191.. x('9') -
1183  x('10') +
1184  x('209') =e= 0;
1185  con192.. x('8') -
1186  x('9') +
1187  x('208') =e= 0;
1188  con193.. x('7') -
1189  x('8') +
1190  x('207') =e= 0;
1191  con194.. x('6') -
1192  x('7') +
1193  x('206') =e= 0;
1194  con195.. x('5') -
1195  x('6') +
1196  x('205') =e= 0;
1197  con196.. x('4') -
1198  x('5') +
1199  x('204') =e= 0;
1200  con197.. x('3') -
1201  x('4') +
1202  x('203') =e= 0;
1203  con198.. x('2') -
1204  x('3') +
1205  x('202') =e= 0;
1206  con199.. x('1') -
1207  x('2') +
1208  x('201') =e= 0;
1209  con200..-(x('1') * x('2')) +
1210  1.99996091355262 * x('1') * x('3') -
1211  x('2') * x('3') =l= 0;
1212  con201..(-4) * x('200') +
1213  1.99996091355262 * power(x('200'), 2) =l= 0;
1214  con202..3.9999218271052399 * x('199') -
1215  2 * x('200') -
1216  x('199') * x('200') =l= 0;
1217  con203..-x('1') +
1218  1.99996091355262 * x('2') -
1219  x('1') * x('2') =l= 0;
1220  con204..-(x('2') * x('3')) +
1221  1.99996091355262 * x('2') * x('4') -
1222  x('3') * x('4') =l= 0;
1223  con205..-(x('198') * x('199')) +
1224  1.99996091355262 * x('198') * x('200') -
1225  x('199') * x('200') =l= 0;
1226  con206..-(x('197') * x('198')) +
1227  1.99996091355262 * x('197') * x('199') -
1228  x('198') * x('199') =l= 0;
1229  con207..-(x('196') * x('197')) +
1230  1.99996091355262 * x('196') * x('198') -
1231  x('197') * x('198') =l= 0;
1232  con208..-(x('3') * x('4')) +
1233  1.99996091355262 * x('3') * x('5') -
1234  x('4') * x('5') =l= 0;
1235  con209..-(x('195') * x('196')) +
1236  1.99996091355262 * x('195') * x('197') -
1237  x('196') * x('197') =l= 0;
1238  con210..-(x('194') * x('195')) +
1239  1.99996091355262 * x('194') * x('196') -
1240  x('195') * x('196') =l= 0;
1241  con211..-(x('193') * x('194')) +
1242  1.99996091355262 * x('193') * x('195') -
1243  x('194') * x('195') =l= 0;
1244  con212..-(x('4') * x('5')) +
1245  1.99996091355262 * x('4') * x('6') -
1246  x('5') * x('6') =l= 0;
1247  con213..-(x('192') * x('193')) +
1248  1.99996091355262 * x('192') * x('194') -
1249  x('193') * x('194') =l= 0;
1250  con214..-(x('191') * x('192')) +
1251  1.99996091355262 * x('191') * x('193') -
1252  x('192') * x('193') =l= 0;
1253  con215..-(x('5') * x('6')) +
1254  1.99996091355262 * x('5') * x('7') -
1255  x('6') * x('7') =l= 0;
1256  con216..-(x('190') * x('191')) +
1257  1.99996091355262 * x('190') * x('192') -
1258  x('191') * x('192') =l= 0;
1259  con217..-(x('189') * x('190')) +
1260  1.99996091355262 * x('189') * x('191') -
1261  x('190') * x('191') =l= 0;
1262  con218..-(x('188') * x('189')) +
1263  1.99996091355262 * x('188') * x('190') -
1264  x('189') * x('190') =l= 0;
1265  con219..-(x('6') * x('7')) +
1266  1.99996091355262 * x('6') * x('8') -
1267  x('7') * x('8') =l= 0;
1268  con220..-(x('187') * x('188')) +
1269  1.99996091355262 * x('187') * x('189') -
1270  x('188') * x('189') =l= 0;
1271  con221..-(x('186') * x('187')) +
1272  1.99996091355262 * x('186') * x('188') -
1273  x('187') * x('188') =l= 0;
1274  con222..-(x('185') * x('186')) +
1275  1.99996091355262 * x('185') * x('187') -
1276  x('186') * x('187') =l= 0;
1277  con223..-(x('7') * x('8')) +
1278  1.99996091355262 * x('7') * x('9') -
1279  x('8') * x('9') =l= 0;
1280  con224..-(x('184') * x('185')) +
1281  1.99996091355262 * x('184') * x('186') -
1282  x('185') * x('186') =l= 0;
1283  con225..-(x('183') * x('184')) +
1284  1.99996091355262 * x('183') * x('185') -
1285  x('184') * x('185') =l= 0;
1286  con226..-(x('8') * x('9')) +
1287  1.99996091355262 * x('8') * x('10') -
1288  x('9') * x('10') =l= 0;
1289  con227..-(x('182') * x('183')) +
1290  1.99996091355262 * x('182') * x('184') -
1291  x('183') * x('184') =l= 0;
1292  con228..-(x('181') * x('182')) +
1293  1.99996091355262 * x('181') * x('183') -
1294  x('182') * x('183') =l= 0;
1295  con229..-(x('180') * x('181')) +
1296  1.99996091355262 * x('180') * x('182') -
1297  x('181') * x('182') =l= 0;
1298  con230..-(x('9') * x('10')) +
1299  1.99996091355262 * x('9') * x('11') -
1300  x('10') * x('11') =l= 0;
1301  con231..-(x('179') * x('180')) +
1302  1.99996091355262 * x('179') * x('181') -
1303  x('180') * x('181') =l= 0;
1304  con232..-(x('178') * x('179')) +
1305  1.99996091355262 * x('178') * x('180') -
1306  x('179') * x('180') =l= 0;
1307  con233..-(x('177') * x('178')) +
1308  1.99996091355262 * x('177') * x('179') -
1309  x('178') * x('179') =l= 0;
1310  con234..-(x('10') * x('11')) +
1311  1.99996091355262 * x('10') * x('12') -
1312  x('11') * x('12') =l= 0;
1313  con235..-(x('176') * x('177')) +
1314  1.99996091355262 * x('176') * x('178') -
1315  x('177') * x('178') =l= 0;
1316  con236..-(x('175') * x('176')) +
1317  1.99996091355262 * x('175') * x('177') -
1318  x('176') * x('177') =l= 0;
1319  con237..-(x('11') * x('12')) +
1320  1.99996091355262 * x('11') * x('13') -
1321  x('12') * x('13') =l= 0;
1322  con238..-(x('174') * x('175')) +
1323  1.99996091355262 * x('174') * x('176') -
1324  x('175') * x('176') =l= 0;
1325  con239..-(x('173') * x('174')) +
1326  1.99996091355262 * x('173') * x('175') -
1327  x('174') * x('175') =l= 0;
1328  con240..-(x('172') * x('173')) +
1329  1.99996091355262 * x('172') * x('174') -
1330  x('173') * x('174') =l= 0;
1331  con241..-(x('12') * x('13')) +
1332  1.99996091355262 * x('12') * x('14') -
1333  x('13') * x('14') =l= 0;
1334  con242..-(x('171') * x('172')) +
1335  1.99996091355262 * x('171') * x('173') -
1336  x('172') * x('173') =l= 0;
1337  con243..-(x('170') * x('171')) +
1338  1.99996091355262 * x('170') * x('172') -
1339  x('171') * x('172') =l= 0;
1340  con244..-(x('169') * x('170')) +
1341  1.99996091355262 * x('169') * x('171') -
1342  x('170') * x('171') =l= 0;
1343  con245..-(x('13') * x('14')) +
1344  1.99996091355262 * x('13') * x('15') -
1345  x('14') * x('15') =l= 0;
1346  con246..-(x('168') * x('169')) +
1347  1.99996091355262 * x('168') * x('170') -
1348  x('169') * x('170') =l= 0;
1349  con247..-(x('167') * x('168')) +
1350  1.99996091355262 * x('167') * x('169') -
1351  x('168') * x('169') =l= 0;
1352  con248..-(x('14') * x('15')) +
1353  1.99996091355262 * x('14') * x('16') -
1354  x('15') * x('16') =l= 0;
1355  con249..-(x('166') * x('167')) +
1356  1.99996091355262 * x('166') * x('168') -
1357  x('167') * x('168') =l= 0;
1358  con250..-(x('165') * x('166')) +
1359  1.99996091355262 * x('165') * x('167') -
1360  x('166') * x('167') =l= 0;
1361  con251..-(x('164') * x('165')) +
1362  1.99996091355262 * x('164') * x('166') -
1363  x('165') * x('166') =l= 0;
1364  con252..-(x('15') * x('16')) +
1365  1.99996091355262 * x('15') * x('17') -
1366  x('16') * x('17') =l= 0;
1367  con253..-(x('163') * x('164')) +
1368  1.99996091355262 * x('163') * x('165') -
1369  x('164') * x('165') =l= 0;
1370  con254..-(x('162') * x('163')) +
1371  1.99996091355262 * x('162') * x('164') -
1372  x('163') * x('164') =l= 0;
1373  con255..-(x('161') * x('162')) +
1374  1.99996091355262 * x('161') * x('163') -
1375  x('162') * x('163') =l= 0;
1376  con256..-(x('16') * x('17')) +
1377  1.99996091355262 * x('16') * x('18') -
1378  x('17') * x('18') =l= 0;
1379  con257..-(x('160') * x('161')) +
1380  1.99996091355262 * x('160') * x('162') -
1381  x('161') * x('162') =l= 0;
1382  con258..-(x('159') * x('160')) +
1383  1.99996091355262 * x('159') * x('161') -
1384  x('160') * x('161') =l= 0;
1385  con259..-(x('17') * x('18')) +
1386  1.99996091355262 * x('17') * x('19') -
1387  x('18') * x('19') =l= 0;
1388  con260..-(x('158') * x('159')) +
1389  1.99996091355262 * x('158') * x('160') -
1390  x('159') * x('160') =l= 0;
1391  con261..-(x('157') * x('158')) +
1392  1.99996091355262 * x('157') * x('159') -
1393  x('158') * x('159') =l= 0;
1394  con262..-(x('156') * x('157')) +
1395  1.99996091355262 * x('156') * x('158') -
1396  x('157') * x('158') =l= 0;
1397  con263..-(x('18') * x('19')) +
1398  1.99996091355262 * x('18') * x('20') -
1399  x('19') * x('20') =l= 0;
1400  con264..-(x('155') * x('156')) +
1401  1.99996091355262 * x('155') * x('157') -
1402  x('156') * x('157') =l= 0;
1403  con265..-(x('154') * x('155')) +
1404  1.99996091355262 * x('154') * x('156') -
1405  x('155') * x('156') =l= 0;
1406  con266..-(x('153') * x('154')) +
1407  1.99996091355262 * x('153') * x('155') -
1408  x('154') * x('155') =l= 0;
1409  con267..-(x('19') * x('20')) +
1410  1.99996091355262 * x('19') * x('21') -
1411  x('20') * x('21') =l= 0;
1412  con268..-(x('152') * x('153')) +
1413  1.99996091355262 * x('152') * x('154') -
1414  x('153') * x('154') =l= 0;
1415  con269..-(x('151') * x('152')) +
1416  1.99996091355262 * x('151') * x('153') -
1417  x('152') * x('153') =l= 0;
1418  con270..-(x('20') * x('21')) +
1419  1.99996091355262 * x('20') * x('22') -
1420  x('21') * x('22') =l= 0;
1421  con271..-(x('150') * x('151')) +
1422  1.99996091355262 * x('150') * x('152') -
1423  x('151') * x('152') =l= 0;
1424  con272..-(x('149') * x('150')) +
1425  1.99996091355262 * x('149') * x('151') -
1426  x('150') * x('151') =l= 0;
1427  con273..-(x('148') * x('149')) +
1428  1.99996091355262 * x('148') * x('150') -
1429  x('149') * x('150') =l= 0;
1430  con274..-(x('21') * x('22')) +
1431  1.99996091355262 * x('21') * x('23') -
1432  x('22') * x('23') =l= 0;
1433  con275..-(x('147') * x('148')) +
1434  1.99996091355262 * x('147') * x('149') -
1435  x('148') * x('149') =l= 0;
1436  con276..-(x('146') * x('147')) +
1437  1.99996091355262 * x('146') * x('148') -
1438  x('147') * x('148') =l= 0;
1439  con277..-(x('145') * x('146')) +
1440  1.99996091355262 * x('145') * x('147') -
1441  x('146') * x('147') =l= 0;
1442  con278..-(x('22') * x('23')) +
1443  1.99996091355262 * x('22') * x('24') -
1444  x('23') * x('24') =l= 0;
1445  con279..-(x('144') * x('145')) +
1446  1.99996091355262 * x('144') * x('146') -
1447  x('145') * x('146') =l= 0;
1448  con280..-(x('143') * x('144')) +
1449  1.99996091355262 * x('143') * x('145') -
1450  x('144') * x('145') =l= 0;
1451  con281..-(x('23') * x('24')) +
1452  1.99996091355262 * x('23') * x('25') -
1453  x('24') * x('25') =l= 0;
1454  con282..-(x('142') * x('143')) +
1455  1.99996091355262 * x('142') * x('144') -
1456  x('143') * x('144') =l= 0;
1457  con283..-(x('141') * x('142')) +
1458  1.99996091355262 * x('141') * x('143') -
1459  x('142') * x('143') =l= 0;
1460  con284..-(x('140') * x('141')) +
1461  1.99996091355262 * x('140') * x('142') -
1462  x('141') * x('142') =l= 0;
1463  con285..-(x('24') * x('25')) +
1464  1.99996091355262 * x('24') * x('26') -
1465  x('25') * x('26') =l= 0;
1466  con286..-(x('139') * x('140')) +
1467  1.99996091355262 * x('139') * x('141') -
1468  x('140') * x('141') =l= 0;
1469  con287..-(x('138') * x('139')) +
1470  1.99996091355262 * x('138') * x('140') -
1471  x('139') * x('140') =l= 0;
1472  con288..-(x('137') * x('138')) +
1473  1.99996091355262 * x('137') * x('139') -
1474  x('138') * x('139') =l= 0;
1475  con289..-(x('25') * x('26')) +
1476  1.99996091355262 * x('25') * x('27') -
1477  x('26') * x('27') =l= 0;
1478  con290..-(x('136') * x('137')) +
1479  1.99996091355262 * x('136') * x('138') -
1480  x('137') * x('138') =l= 0;
1481  con291..-(x('135') * x('136')) +
1482  1.99996091355262 * x('135') * x('137') -
1483  x('136') * x('137') =l= 0;
1484  con292..-(x('26') * x('27')) +
1485  1.99996091355262 * x('26') * x('28') -
1486  x('27') * x('28') =l= 0;
1487  con293..-(x('134') * x('135')) +
1488  1.99996091355262 * x('134') * x('136') -
1489  x('135') * x('136') =l= 0;
1490  con294..-(x('133') * x('134')) +
1491  1.99996091355262 * x('133') * x('135') -
1492  x('134') * x('135') =l= 0;
1493  con295..-(x('132') * x('133')) +
1494  1.99996091355262 * x('132') * x('134') -
1495  x('133') * x('134') =l= 0;
1496  con296..-(x('27') * x('28')) +
1497  1.99996091355262 * x('27') * x('29') -
1498  x('28') * x('29') =l= 0;
1499  con297..-(x('131') * x('132')) +
1500  1.99996091355262 * x('131') * x('133') -
1501  x('132') * x('133') =l= 0;
1502  con298..-(x('130') * x('131')) +
1503  1.99996091355262 * x('130') * x('132') -
1504  x('131') * x('132') =l= 0;
1505  con299..-(x('129') * x('130')) +
1506  1.99996091355262 * x('129') * x('131') -
1507  x('130') * x('131') =l= 0;
1508  con300..-(x('28') * x('29')) +
1509  1.99996091355262 * x('28') * x('30') -
1510  x('29') * x('30') =l= 0;
1511  con301..-(x('128') * x('129')) +
1512  1.99996091355262 * x('128') * x('130') -
1513  x('129') * x('130') =l= 0;
1514  con302..-(x('127') * x('128')) +
1515  1.99996091355262 * x('127') * x('129') -
1516  x('128') * x('129') =l= 0;
1517  con303..-(x('29') * x('30')) +
1518  1.99996091355262 * x('29') * x('31') -
1519  x('30') * x('31') =l= 0;
1520  con304..-(x('126') * x('127')) +
1521  1.99996091355262 * x('126') * x('128') -
1522  x('127') * x('128') =l= 0;
1523  con305..-(x('125') * x('126')) +
1524  1.99996091355262 * x('125') * x('127') -
1525  x('126') * x('127') =l= 0;
1526  con306..-(x('124') * x('125')) +
1527  1.99996091355262 * x('124') * x('126') -
1528  x('125') * x('126') =l= 0;
1529  con307..-(x('30') * x('31')) +
1530  1.99996091355262 * x('30') * x('32') -
1531  x('31') * x('32') =l= 0;
1532  con308..-(x('123') * x('124')) +
1533  1.99996091355262 * x('123') * x('125') -
1534  x('124') * x('125') =l= 0;
1535  con309..-(x('122') * x('123')) +
1536  1.99996091355262 * x('122') * x('124') -
1537  x('123') * x('124') =l= 0;
1538  con310..-(x('121') * x('122')) +
1539  1.99996091355262 * x('121') * x('123') -
1540  x('122') * x('123') =l= 0;
1541  con311..-(x('31') * x('32')) +
1542  1.99996091355262 * x('31') * x('33') -
1543  x('32') * x('33') =l= 0;
1544  con312..-(x('120') * x('121')) +
1545  1.99996091355262 * x('120') * x('122') -
1546  x('121') * x('122') =l= 0;
1547  con313..-(x('119') * x('120')) +
1548  1.99996091355262 * x('119') * x('121') -
1549  x('120') * x('121') =l= 0;
1550  con314..-(x('32') * x('33')) +
1551  1.99996091355262 * x('32') * x('34') -
1552  x('33') * x('34') =l= 0;
1553  con315..-(x('118') * x('119')) +
1554  1.99996091355262 * x('118') * x('120') -
1555  x('119') * x('120') =l= 0;
1556  con316..-(x('117') * x('118')) +
1557  1.99996091355262 * x('117') * x('119') -
1558  x('118') * x('119') =l= 0;
1559  con317..-(x('116') * x('117')) +
1560  1.99996091355262 * x('116') * x('118') -
1561  x('117') * x('118') =l= 0;
1562  con318..-(x('33') * x('34')) +
1563  1.99996091355262 * x('33') * x('35') -
1564  x('34') * x('35') =l= 0;
1565  con319..-(x('115') * x('116')) +
1566  1.99996091355262 * x('115') * x('117') -
1567  x('116') * x('117') =l= 0;
1568  con320..-(x('114') * x('115')) +
1569  1.99996091355262 * x('114') * x('116') -
1570  x('115') * x('116') =l= 0;
1571  con321..-(x('113') * x('114')) +
1572  1.99996091355262 * x('113') * x('115') -
1573  x('114') * x('115') =l= 0;
1574  con322..-(x('34') * x('35')) +
1575  1.99996091355262 * x('34') * x('36') -
1576  x('35') * x('36') =l= 0;
1577  con323..-(x('112') * x('113')) +
1578  1.99996091355262 * x('112') * x('114') -
1579  x('113') * x('114') =l= 0;
1580  con324..-(x('111') * x('112')) +
1581  1.99996091355262 * x('111') * x('113') -
1582  x('112') * x('113') =l= 0;
1583  con325..-(x('35') * x('36')) +
1584  1.99996091355262 * x('35') * x('37') -
1585  x('36') * x('37') =l= 0;
1586  con326..-(x('110') * x('111')) +
1587  1.99996091355262 * x('110') * x('112') -
1588  x('111') * x('112') =l= 0;
1589  con327..-(x('109') * x('110')) +
1590  1.99996091355262 * x('109') * x('111') -
1591  x('110') * x('111') =l= 0;
1592  con328..-(x('108') * x('109')) +
1593  1.99996091355262 * x('108') * x('110') -
1594  x('109') * x('110') =l= 0;
1595  con329..-(x('36') * x('37')) +
1596  1.99996091355262 * x('36') * x('38') -
1597  x('37') * x('38') =l= 0;
1598  con330..-(x('107') * x('108')) +
1599  1.99996091355262 * x('107') * x('109') -
1600  x('108') * x('109') =l= 0;
1601  con331..-(x('106') * x('107')) +
1602  1.99996091355262 * x('106') * x('108') -
1603  x('107') * x('108') =l= 0;
1604  con332..-(x('105') * x('106')) +
1605  1.99996091355262 * x('105') * x('107') -
1606  x('106') * x('107') =l= 0;
1607  con333..-(x('37') * x('38')) +
1608  1.99996091355262 * x('37') * x('39') -
1609  x('38') * x('39') =l= 0;
1610  con334..-(x('104') * x('105')) +
1611  1.99996091355262 * x('104') * x('106') -
1612  x('105') * x('106') =l= 0;
1613  con335..-(x('103') * x('104')) +
1614  1.99996091355262 * x('103') * x('105') -
1615  x('104') * x('105') =l= 0;
1616  con336..-(x('38') * x('39')) +
1617  1.99996091355262 * x('38') * x('40') -
1618  x('39') * x('40') =l= 0;
1619  con337..-(x('102') * x('103')) +
1620  1.99996091355262 * x('102') * x('104') -
1621  x('103') * x('104') =l= 0;
1622  con338..-(x('101') * x('102')) +
1623  1.99996091355262 * x('101') * x('103') -
1624  x('102') * x('103') =l= 0;
1625  con339..-(x('100') * x('101')) +
1626  1.99996091355262 * x('100') * x('102') -
1627  x('101') * x('102') =l= 0;
1628  con340..-(x('39') * x('40')) +
1629  1.99996091355262 * x('39') * x('41') -
1630  x('40') * x('41') =l= 0;
1631  con341..-(x('99') * x('100')) +
1632  1.99996091355262 * x('99') * x('101') -
1633  x('100') * x('101') =l= 0;
1634  con342..-(x('98') * x('99')) +
1635  1.99996091355262 * x('98') * x('100') -
1636  x('99') * x('100') =l= 0;
1637  con343..-(x('97') * x('98')) +
1638  1.99996091355262 * x('97') * x('99') -
1639  x('98') * x('99') =l= 0;
1640  con344..-(x('40') * x('41')) +
1641  1.99996091355262 * x('40') * x('42') -
1642  x('41') * x('42') =l= 0;
1643  con345..-(x('96') * x('97')) +
1644  1.99996091355262 * x('96') * x('98') -
1645  x('97') * x('98') =l= 0;
1646  con346..-(x('95') * x('96')) +
1647  1.99996091355262 * x('95') * x('97') -
1648  x('96') * x('97') =l= 0;
1649  con347..-(x('41') * x('42')) +
1650  1.99996091355262 * x('41') * x('43') -
1651  x('42') * x('43') =l= 0;
1652  con348..-(x('94') * x('95')) +
1653  1.99996091355262 * x('94') * x('96') -
1654  x('95') * x('96') =l= 0;
1655  con349..-(x('93') * x('94')) +
1656  1.99996091355262 * x('93') * x('95') -
1657  x('94') * x('95') =l= 0;
1658  con350..-(x('92') * x('93')) +
1659  1.99996091355262 * x('92') * x('94') -
1660  x('93') * x('94') =l= 0;
1661  con351..-(x('42') * x('43')) +
1662  1.99996091355262 * x('42') * x('44') -
1663  x('43') * x('44') =l= 0;
1664  con352..-(x('91') * x('92')) +
1665  1.99996091355262 * x('91') * x('93') -
1666  x('92') * x('93') =l= 0;
1667  con353..-(x('90') * x('91')) +
1668  1.99996091355262 * x('90') * x('92') -
1669  x('91') * x('92') =l= 0;
1670  con354..-(x('89') * x('90')) +
1671  1.99996091355262 * x('89') * x('91') -
1672  x('90') * x('91') =l= 0;
1673  con355..-(x('43') * x('44')) +
1674  1.99996091355262 * x('43') * x('45') -
1675  x('44') * x('45') =l= 0;
1676  con356..-(x('88') * x('89')) +
1677  1.99996091355262 * x('88') * x('90') -
1678  x('89') * x('90') =l= 0;
1679  con357..-(x('87') * x('88')) +
1680  1.99996091355262 * x('87') * x('89') -
1681  x('88') * x('89') =l= 0;
1682  con358..-(x('44') * x('45')) +
1683  1.99996091355262 * x('44') * x('46') -
1684  x('45') * x('46') =l= 0;
1685  con359..-(x('86') * x('87')) +
1686  1.99996091355262 * x('86') * x('88') -
1687  x('87') * x('88') =l= 0;
1688  con360..-(x('85') * x('86')) +
1689  1.99996091355262 * x('85') * x('87') -
1690  x('86') * x('87') =l= 0;
1691  con361..-(x('84') * x('85')) +
1692  1.99996091355262 * x('84') * x('86') -
1693  x('85') * x('86') =l= 0;
1694  con362..-(x('45') * x('46')) +
1695  1.99996091355262 * x('45') * x('47') -
1696  x('46') * x('47') =l= 0;
1697  con363..-(x('83') * x('84')) +
1698  1.99996091355262 * x('83') * x('85') -
1699  x('84') * x('85') =l= 0;
1700  con364..-(x('82') * x('83')) +
1701  1.99996091355262 * x('82') * x('84') -
1702  x('83') * x('84') =l= 0;
1703  con365..-(x('81') * x('82')) +
1704  1.99996091355262 * x('81') * x('83') -
1705  x('82') * x('83') =l= 0;
1706  con366..-(x('46') * x('47')) +
1707  1.99996091355262 * x('46') * x('48') -
1708  x('47') * x('48') =l= 0;
1709  con367..-(x('80') * x('81')) +
1710  1.99996091355262 * x('80') * x('82') -
1711  x('81') * x('82') =l= 0;
1712  con368..-(x('79') * x('80')) +
1713  1.99996091355262 * x('79') * x('81') -
1714  x('80') * x('81') =l= 0;
1715  con369..-(x('47') * x('48')) +
1716  1.99996091355262 * x('47') * x('49') -
1717  x('48') * x('49') =l= 0;
1718  con370..-(x('78') * x('79')) +
1719  1.99996091355262 * x('78') * x('80') -
1720  x('79') * x('80') =l= 0;
1721  con371..-(x('77') * x('78')) +
1722  1.99996091355262 * x('77') * x('79') -
1723  x('78') * x('79') =l= 0;
1724  con372..-(x('76') * x('77')) +
1725  1.99996091355262 * x('76') * x('78') -
1726  x('77') * x('78') =l= 0;
1727  con373..-(x('48') * x('49')) +
1728  1.99996091355262 * x('48') * x('50') -
1729  x('49') * x('50') =l= 0;
1730  con374..-(x('75') * x('76')) +
1731  1.99996091355262 * x('75') * x('77') -
1732  x('76') * x('77') =l= 0;
1733  con375..-(x('74') * x('75')) +
1734  1.99996091355262 * x('74') * x('76') -
1735  x('75') * x('76') =l= 0;
1736  con376..-(x('73') * x('74')) +
1737  1.99996091355262 * x('73') * x('75') -
1738  x('74') * x('75') =l= 0;
1739  con377..-(x('49') * x('50')) +
1740  1.99996091355262 * x('49') * x('51') -
1741  x('50') * x('51') =l= 0;
1742  con378..-(x('72') * x('73')) +
1743  1.99996091355262 * x('72') * x('74') -
1744  x('73') * x('74') =l= 0;
1745  con379..-(x('71') * x('72')) +
1746  1.99996091355262 * x('71') * x('73') -
1747  x('72') * x('73') =l= 0;
1748  con380..-(x('50') * x('51')) +
1749  1.99996091355262 * x('50') * x('52') -
1750  x('51') * x('52') =l= 0;
1751  con381..-(x('70') * x('71')) +
1752  1.99996091355262 * x('70') * x('72') -
1753  x('71') * x('72') =l= 0;
1754  con382..-(x('69') * x('70')) +
1755  1.99996091355262 * x('69') * x('71') -
1756  x('70') * x('71') =l= 0;
1757  con383..-(x('68') * x('69')) +
1758  1.99996091355262 * x('68') * x('70') -
1759  x('69') * x('70') =l= 0;
1760  con384..-(x('51') * x('52')) +
1761  1.99996091355262 * x('51') * x('53') -
1762  x('52') * x('53') =l= 0;
1763  con385..-(x('67') * x('68')) +
1764  1.99996091355262 * x('67') * x('69') -
1765  x('68') * x('69') =l= 0;
1766  con386..-(x('66') * x('67')) +
1767  1.99996091355262 * x('66') * x('68') -
1768  x('67') * x('68') =l= 0;
1769  con387..-(x('65') * x('66')) +
1770  1.99996091355262 * x('65') * x('67') -
1771  x('66') * x('67') =l= 0;
1772  con388..-(x('52') * x('53')) +
1773  1.99996091355262 * x('52') * x('54') -
1774  x('53') * x('54') =l= 0;
1775  con389..-(x('64') * x('65')) +
1776  1.99996091355262 * x('64') * x('66') -
1777  x('65') * x('66') =l= 0;
1778  con390..-(x('63') * x('64')) +
1779  1.99996091355262 * x('63') * x('65') -
1780  x('64') * x('65') =l= 0;
1781  con391..-(x('53') * x('54')) +
1782  1.99996091355262 * x('53') * x('55') -
1783  x('54') * x('55') =l= 0;
1784  con392..-(x('62') * x('63')) +
1785  1.99996091355262 * x('62') * x('64') -
1786  x('63') * x('64') =l= 0;
1787  con393..-(x('61') * x('62')) +
1788  1.99996091355262 * x('61') * x('63') -
1789  x('62') * x('63') =l= 0;
1790  con394..-(x('60') * x('61')) +
1791  1.99996091355262 * x('60') * x('62') -
1792  x('61') * x('62') =l= 0;
1793  con395..-(x('54') * x('55')) +
1794  1.99996091355262 * x('54') * x('56') -
1795  x('55') * x('56') =l= 0;
1796  con396..-(x('59') * x('60')) +
1797  1.99996091355262 * x('59') * x('61') -
1798  x('60') * x('61') =l= 0;
1799  con397..-(x('58') * x('59')) +
1800  1.99996091355262 * x('58') * x('60') -
1801  x('59') * x('60') =l= 0;
1802  con398..-(x('57') * x('58')) +
1803  1.99996091355262 * x('57') * x('59') -
1804  x('58') * x('59') =l= 0;
1805  con399..-(x('55') * x('56')) +
1806  1.99996091355262 * x('55') * x('57') -
1807  x('56') * x('57') =l= 0;
1808  con400..-(x('56') * x('57')) +
1809  1.99996091355262 * x('56') * x('58') -
1810  x('57') * x('58') =l= 0;
1811  x.lo('1')=1;
1812  x.up('1')=1.0000390879751899;
1813  x.lo('2')=1;
1814  x.up('2')=2;
1815  x.lo('3')=1;
1816  x.up('3')=2;
1817  x.lo('4')=1;
1818  x.up('4')=2;
1819  x.lo('5')=1;
1820  x.up('5')=2;
1821  x.lo('6')=1;
1822  x.up('6')=2;
1823  x.lo('7')=1;
1824  x.up('7')=2;
1825  x.lo('8')=1;
1826  x.up('8')=2;
1827  x.lo('9')=1;
1828  x.up('9')=2;
1829  x.lo('10')=1;
1830  x.up('10')=2;
1831  x.lo('11')=1;
1832  x.up('11')=2;
1833  x.lo('12')=1;
1834  x.up('12')=2;
1835  x.lo('13')=1;
1836  x.up('13')=2;
1837  x.lo('14')=1;
1838  x.up('14')=2;
1839  x.lo('15')=1;
1840  x.up('15')=2;
1841  x.lo('16')=1;
1842  x.up('16')=2;
1843  x.lo('17')=1;
1844  x.up('17')=2;
1845  x.lo('18')=1;
1846  x.up('18')=2;
1847  x.lo('19')=1;
1848  x.up('19')=2;
1849  x.lo('20')=1;
1850  x.up('20')=2;
1851  x.lo('21')=1;
1852  x.up('21')=2;
1853  x.lo('22')=1;
1854  x.up('22')=2;
1855  x.lo('23')=1;
1856  x.up('23')=2;
1857  x.lo('24')=1;
1858  x.up('24')=2;
1859  x.lo('25')=1;
1860  x.up('25')=2;
1861  x.lo('26')=1;
1862  x.up('26')=2;
1863  x.lo('27')=1;
1864  x.up('27')=2;
1865  x.lo('28')=1;
1866  x.up('28')=2;
1867  x.lo('29')=1;
1868  x.up('29')=2;
1869  x.lo('30')=1;
1870  x.up('30')=2;
1871  x.lo('31')=1;
1872  x.up('31')=2;
1873  x.lo('32')=1;
1874  x.up('32')=2;
1875  x.lo('33')=1;
1876  x.up('33')=2;
1877  x.lo('34')=1;
1878  x.up('34')=2;
1879  x.lo('35')=1;
1880  x.up('35')=2;
1881  x.lo('36')=1;
1882  x.up('36')=2;
1883  x.lo('37')=1;
1884  x.up('37')=2;
1885  x.lo('38')=1;
1886  x.up('38')=2;
1887  x.lo('39')=1;
1888  x.up('39')=2;
1889  x.lo('40')=1;
1890  x.up('40')=2;
1891  x.lo('41')=1;
1892  x.up('41')=2;
1893  x.lo('42')=1;
1894  x.up('42')=2;
1895  x.lo('43')=1;
1896  x.up('43')=2;
1897  x.lo('44')=1;
1898  x.up('44')=2;
1899  x.lo('45')=1;
1900  x.up('45')=2;
1901  x.lo('46')=1;
1902  x.up('46')=2;
1903  x.lo('47')=1;
1904  x.up('47')=2;
1905  x.lo('48')=1;
1906  x.up('48')=2;
1907  x.lo('49')=1;
1908  x.up('49')=2;
1909  x.lo('50')=1;
1910  x.up('50')=2;
1911  x.lo('51')=1;
1912  x.up('51')=2;
1913  x.lo('52')=1;
1914  x.up('52')=2;
1915  x.lo('53')=1;
1916  x.up('53')=2;
1917  x.lo('54')=1;
1918  x.up('54')=2;
1919  x.lo('55')=1;
1920  x.up('55')=2;
1921  x.lo('56')=1;
1922  x.up('56')=2;
1923  x.lo('57')=1;
1924  x.up('57')=2;
1925  x.lo('58')=1;
1926  x.up('58')=2;
1927  x.lo('59')=1;
1928  x.up('59')=2;
1929  x.lo('60')=1;
1930  x.up('60')=2;
1931  x.lo('61')=1;
1932  x.up('61')=2;
1933  x.lo('62')=1;
1934  x.up('62')=2;
1935  x.lo('63')=1;
1936  x.up('63')=2;
1937  x.lo('64')=1;
1938  x.up('64')=2;
1939  x.lo('65')=1;
1940  x.up('65')=2;
1941  x.lo('66')=1;
1942  x.up('66')=2;
1943  x.lo('67')=1;
1944  x.up('67')=2;
1945  x.lo('68')=1;
1946  x.up('68')=2;
1947  x.lo('69')=1;
1948  x.up('69')=2;
1949  x.lo('70')=1;
1950  x.up('70')=2;
1951  x.lo('71')=1;
1952  x.up('71')=2;
1953  x.lo('72')=1;
1954  x.up('72')=2;
1955  x.lo('73')=1;
1956  x.up('73')=2;
1957  x.lo('74')=1;
1958  x.up('74')=2;
1959  x.lo('75')=1;
1960  x.up('75')=2;
1961  x.lo('76')=1;
1962  x.up('76')=2;
1963  x.lo('77')=1;
1964  x.up('77')=2;
1965  x.lo('78')=1;
1966  x.up('78')=2;
1967  x.lo('79')=1;
1968  x.up('79')=2;
1969  x.lo('80')=1;
1970  x.up('80')=2;
1971  x.lo('81')=1;
1972  x.up('81')=2;
1973  x.lo('82')=1;
1974  x.up('82')=2;
1975  x.lo('83')=1;
1976  x.up('83')=2;
1977  x.lo('84')=1;
1978  x.up('84')=2;
1979  x.lo('85')=1;
1980  x.up('85')=2;
1981  x.lo('86')=1;
1982  x.up('86')=2;
1983  x.lo('87')=1;
1984  x.up('87')=2;
1985  x.lo('88')=1;
1986  x.up('88')=2;
1987  x.lo('89')=1;
1988  x.up('89')=2;
1989  x.lo('90')=1;
1990  x.up('90')=2;
1991  x.lo('91')=1;
1992  x.up('91')=2;
1993  x.lo('92')=1;
1994  x.up('92')=2;
1995  x.lo('93')=1;
1996  x.up('93')=2;
1997  x.lo('94')=1;
1998  x.up('94')=2;
1999  x.lo('95')=1;
2000  x.up('95')=2;
2001  x.lo('96')=1;
2002  x.up('96')=2;
2003  x.lo('97')=1;
2004  x.up('97')=2;
2005  x.lo('98')=1;
2006  x.up('98')=2;
2007  x.lo('99')=1;
2008  x.up('99')=2;
2009  x.lo('100')=1;
2010  x.up('100')=2;
2011  x.lo('101')=1;
2012  x.up('101')=2;
2013  x.lo('102')=1;
2014  x.up('102')=2;
2015  x.lo('103')=1;
2016  x.up('103')=2;
2017  x.lo('104')=1;
2018  x.up('104')=2;
2019  x.lo('105')=1;
2020  x.up('105')=2;
2021  x.lo('106')=1;
2022  x.up('106')=2;
2023  x.lo('107')=1;
2024  x.up('107')=2;
2025  x.lo('108')=1;
2026  x.up('108')=2;
2027  x.lo('109')=1;
2028  x.up('109')=2;
2029  x.lo('110')=1;
2030  x.up('110')=2;
2031  x.lo('111')=1;
2032  x.up('111')=2;
2033  x.lo('112')=1;
2034  x.up('112')=2;
2035  x.lo('113')=1;
2036  x.up('113')=2;
2037  x.lo('114')=1;
2038  x.up('114')=2;
2039  x.lo('115')=1;
2040  x.up('115')=2;
2041  x.lo('116')=1;
2042  x.up('116')=2;
2043  x.lo('117')=1;
2044  x.up('117')=2;
2045  x.lo('118')=1;
2046  x.up('118')=2;
2047  x.lo('119')=1;
2048  x.up('119')=2;
2049  x.lo('120')=1;
2050  x.up('120')=2;
2051  x.lo('121')=1;
2052  x.up('121')=2;
2053  x.lo('122')=1;
2054  x.up('122')=2;
2055  x.lo('123')=1;
2056  x.up('123')=2;
2057  x.lo('124')=1;
2058  x.up('124')=2;
2059  x.lo('125')=1;
2060  x.up('125')=2;
2061  x.lo('126')=1;
2062  x.up('126')=2;
2063  x.lo('127')=1;
2064  x.up('127')=2;
2065  x.lo('128')=1;
2066  x.up('128')=2;
2067  x.lo('129')=1;
2068  x.up('129')=2;
2069  x.lo('130')=1;
2070  x.up('130')=2;
2071  x.lo('131')=1;
2072  x.up('131')=2;
2073  x.lo('132')=1;
2074  x.up('132')=2;
2075  x.lo('133')=1;
2076  x.up('133')=2;
2077  x.lo('134')=1;
2078  x.up('134')=2;
2079  x.lo('135')=1;
2080  x.up('135')=2;
2081  x.lo('136')=1;
2082  x.up('136')=2;
2083  x.lo('137')=1;
2084  x.up('137')=2;
2085  x.lo('138')=1;
2086  x.up('138')=2;
2087  x.lo('139')=1;
2088  x.up('139')=2;
2089  x.lo('140')=1;
2090  x.up('140')=2;
2091  x.lo('141')=1;
2092  x.up('141')=2;
2093  x.lo('142')=1;
2094  x.up('142')=2;
2095  x.lo('143')=1;
2096  x.up('143')=2;
2097  x.lo('144')=1;
2098  x.up('144')=2;
2099  x.lo('145')=1;
2100  x.up('145')=2;
2101  x.lo('146')=1;
2102  x.up('146')=2;
2103  x.lo('147')=1;
2104  x.up('147')=2;
2105  x.lo('148')=1;
2106  x.up('148')=2;
2107  x.lo('149')=1;
2108  x.up('149')=2;
2109  x.lo('150')=1;
2110  x.up('150')=2;
2111  x.lo('151')=1;
2112  x.up('151')=2;
2113  x.lo('152')=1;
2114  x.up('152')=2;
2115  x.lo('153')=1;
2116  x.up('153')=2;
2117  x.lo('154')=1;
2118  x.up('154')=2;
2119  x.lo('155')=1;
2120  x.up('155')=2;
2121  x.lo('156')=1;
2122  x.up('156')=2;
2123  x.lo('157')=1;
2124  x.up('157')=2;
2125  x.lo('158')=1;
2126  x.up('158')=2;
2127  x.lo('159')=1;
2128  x.up('159')=2;
2129  x.lo('160')=1;
2130  x.up('160')=2;
2131  x.lo('161')=1;
2132  x.up('161')=2;
2133  x.lo('162')=1;
2134  x.up('162')=2;
2135  x.lo('163')=1;
2136  x.up('163')=2;
2137  x.lo('164')=1;
2138  x.up('164')=2;
2139  x.lo('165')=1;
2140  x.up('165')=2;
2141  x.lo('166')=1;
2142  x.up('166')=2;
2143  x.lo('167')=1;
2144  x.up('167')=2;
2145  x.lo('168')=1;
2146  x.up('168')=2;
2147  x.lo('169')=1;
2148  x.up('169')=2;
2149  x.lo('170')=1;
2150  x.up('170')=2;
2151  x.lo('171')=1;
2152  x.up('171')=2;
2153  x.lo('172')=1;
2154  x.up('172')=2;
2155  x.lo('173')=1;
2156  x.up('173')=2;
2157  x.lo('174')=1;
2158  x.up('174')=2;
2159  x.lo('175')=1;
2160  x.up('175')=2;
2161  x.lo('176')=1;
2162  x.up('176')=2;
2163  x.lo('177')=1;
2164  x.up('177')=2;
2165  x.lo('178')=1;
2166  x.up('178')=2;
2167  x.lo('179')=1;
2168  x.up('179')=2;
2169  x.lo('180')=1;
2170  x.up('180')=2;
2171  x.lo('181')=1;
2172  x.up('181')=2;
2173  x.lo('182')=1;
2174  x.up('182')=2;
2175  x.lo('183')=1;
2176  x.up('183')=2;
2177  x.lo('184')=1;
2178  x.up('184')=2;
2179  x.lo('185')=1;
2180  x.up('185')=2;
2181  x.lo('186')=1;
2182  x.up('186')=2;
2183  x.lo('187')=1;
2184  x.up('187')=2;
2185  x.lo('188')=1;
2186  x.up('188')=2;
2187  x.lo('189')=1;
2188  x.up('189')=2;
2189  x.lo('190')=1;
2190  x.up('190')=2;
2191  x.lo('191')=1;
2192  x.up('191')=2;
2193  x.lo('192')=1;
2194  x.up('192')=2;
2195  x.lo('193')=1;
2196  x.up('193')=2;
2197  x.lo('194')=1;
2198  x.up('194')=2;
2199  x.lo('195')=1;
2200  x.up('195')=2;
2201  x.lo('196')=1;
2202  x.up('196')=2;
2203  x.lo('197')=1;
2204  x.up('197')=2;
2205  x.lo('198')=1;
2206  x.up('198')=2;
2207  x.lo('199')=1;
2208  x.up('199')=2;
2209  x.lo('200')=1.9906221114818199;
2210  x.up('200')=2;
2211  x.lo('202')=-0.0093778885181784906;
2212  x.up('202')=0.0093778885181784906;
2213  x.lo('203')=-0.0093778885181784906;
2214  x.up('203')=0.0093778885181784906;
2215  x.lo('204')=-0.0093778885181784906;
2216  x.up('204')=0.0093778885181784906;
2217  x.lo('205')=-0.0093778885181784906;
2218  x.up('205')=0.0093778885181784906;
2219  x.lo('206')=-0.0093778885181784906;
2220  x.up('206')=0.0093778885181784906;
2221  x.lo('207')=-0.0093778885181784906;
2222  x.up('207')=0.0093778885181784906;
2223  x.lo('208')=-0.0093778885181784906;
2224  x.up('208')=0.0093778885181784906;
2225  x.lo('209')=-0.0093778885181784906;
2226  x.up('209')=0.0093778885181784906;
2227  x.lo('210')=-0.0093778885181784906;
2228  x.up('210')=0.0093778885181784906;
2229  x.lo('211')=-0.0093778885181784906;
2230  x.up('211')=0.0093778885181784906;
2231  x.lo('212')=-0.0093778885181784906;
2232  x.up('212')=0.0093778885181784906;
2233  x.lo('213')=-0.0093778885181784906;
2234  x.up('213')=0.0093778885181784906;
2235  x.lo('214')=-0.0093778885181784906;
2236  x.up('214')=0.0093778885181784906;
2237  x.lo('215')=-0.0093778885181784906;
2238  x.up('215')=0.0093778885181784906;
2239  x.lo('216')=-0.0093778885181784906;
2240  x.up('216')=0.0093778885181784906;
2241  x.lo('217')=-0.0093778885181784906;
2242  x.up('217')=0.0093778885181784906;
2243  x.lo('218')=-0.0093778885181784906;
2244  x.up('218')=0.0093778885181784906;
2245  x.lo('219')=-0.0093778885181784906;
2246  x.up('219')=0.0093778885181784906;
2247  x.lo('220')=-0.0093778885181784906;
2248  x.up('220')=0.0093778885181784906;
2249  x.lo('221')=-0.0093778885181784906;
2250  x.up('221')=0.0093778885181784906;
2251  x.lo('222')=-0.0093778885181784906;
2252  x.up('222')=0.0093778885181784906;
2253  x.lo('223')=-0.0093778885181784906;
2254  x.up('223')=0.0093778885181784906;
2255  x.lo('224')=-0.0093778885181784906;
2256  x.up('224')=0.0093778885181784906;
2257  x.lo('225')=-0.0093778885181784906;
2258  x.up('225')=0.0093778885181784906;
2259  x.lo('226')=-0.0093778885181784906;
2260  x.up('226')=0.0093778885181784906;
2261  x.lo('227')=-0.0093778885181784906;
2262  x.up('227')=0.0093778885181784906;
2263  x.lo('228')=-0.0093778885181784906;
2264  x.up('228')=0.0093778885181784906;
2265  x.lo('229')=-0.0093778885181784906;
2266  x.up('229')=0.0093778885181784906;
2267  x.lo('230')=-0.0093778885181784906;
2268  x.up('230')=0.0093778885181784906;
2269  x.lo('231')=-0.0093778885181784906;
2270  x.up('231')=0.0093778885181784906;
2271  x.lo('232')=-0.0093778885181784906;
2272  x.up('232')=0.0093778885181784906;
2273  x.lo('233')=-0.0093778885181784906;
2274  x.up('233')=0.0093778885181784906;
2275  x.lo('234')=-0.0093778885181784906;
2276  x.up('234')=0.0093778885181784906;
2277  x.lo('235')=-0.0093778885181784906;
2278  x.up('235')=0.0093778885181784906;
2279  x.lo('236')=-0.0093778885181784906;
2280  x.up('236')=0.0093778885181784906;
2281  x.lo('237')=-0.0093778885181784906;
2282  x.up('237')=0.0093778885181784906;
2283  x.lo('238')=-0.0093778885181784906;
2284  x.up('238')=0.0093778885181784906;
2285  x.lo('239')=-0.0093778885181784906;
2286  x.up('239')=0.0093778885181784906;
2287  x.lo('240')=-0.0093778885181784906;
2288  x.up('240')=0.0093778885181784906;
2289  x.lo('241')=-0.0093778885181784906;
2290  x.up('241')=0.0093778885181784906;
2291  x.lo('242')=-0.0093778885181784906;
2292  x.up('242')=0.0093778885181784906;
2293  x.lo('243')=-0.0093778885181784906;
2294  x.up('243')=0.0093778885181784906;
2295  x.lo('244')=-0.0093778885181784906;
2296  x.up('244')=0.0093778885181784906;
2297  x.lo('245')=-0.0093778885181784906;
2298  x.up('245')=0.0093778885181784906;
2299  x.lo('246')=-0.0093778885181784906;
2300  x.up('246')=0.0093778885181784906;
2301  x.lo('247')=-0.0093778885181784906;
2302  x.up('247')=0.0093778885181784906;
2303  x.lo('248')=-0.0093778885181784906;
2304  x.up('248')=0.0093778885181784906;
2305  x.lo('249')=-0.0093778885181784906;
2306  x.up('249')=0.0093778885181784906;
2307  x.lo('250')=-0.0093778885181784906;
2308  x.up('250')=0.0093778885181784906;
2309  x.lo('251')=-0.0093778885181784906;
2310  x.up('251')=0.0093778885181784906;
2311  x.lo('252')=-0.0093778885181784906;
2312  x.up('252')=0.0093778885181784906;
2313  x.lo('253')=-0.0093778885181784906;
2314  x.up('253')=0.0093778885181784906;
2315  x.lo('254')=-0.0093778885181784906;
2316  x.up('254')=0.0093778885181784906;
2317  x.lo('255')=-0.0093778885181784906;
2318  x.up('255')=0.0093778885181784906;
2319  x.lo('256')=-0.0093778885181784906;
2320  x.up('256')=0.0093778885181784906;
2321  x.lo('257')=-0.0093778885181784906;
2322  x.up('257')=0.0093778885181784906;
2323  x.lo('258')=-0.0093778885181784906;
2324  x.up('258')=0.0093778885181784906;
2325  x.lo('259')=-0.0093778885181784906;
2326  x.up('259')=0.0093778885181784906;
2327  x.lo('260')=-0.0093778885181784906;
2328  x.up('260')=0.0093778885181784906;
2329  x.lo('261')=-0.0093778885181784906;
2330  x.up('261')=0.0093778885181784906;
2331  x.lo('262')=-0.0093778885181784906;
2332  x.up('262')=0.0093778885181784906;
2333  x.lo('263')=-0.0093778885181784906;
2334  x.up('263')=0.0093778885181784906;
2335  x.lo('264')=-0.0093778885181784906;
2336  x.up('264')=0.0093778885181784906;
2337  x.lo('265')=-0.0093778885181784906;
2338  x.up('265')=0.0093778885181784906;
2339  x.lo('266')=-0.0093778885181784906;
2340  x.up('266')=0.0093778885181784906;
2341  x.lo('267')=-0.0093778885181784906;
2342  x.up('267')=0.0093778885181784906;
2343  x.lo('268')=-0.0093778885181784906;
2344  x.up('268')=0.0093778885181784906;
2345  x.lo('269')=-0.0093778885181784906;
2346  x.up('269')=0.0093778885181784906;
2347  x.lo('270')=-0.0093778885181784906;
2348  x.up('270')=0.0093778885181784906;
2349  x.lo('271')=-0.0093778885181784906;
2350  x.up('271')=0.0093778885181784906;
2351  x.lo('272')=-0.0093778885181784906;
2352  x.up('272')=0.0093778885181784906;
2353  x.lo('273')=-0.0093778885181784906;
2354  x.up('273')=0.0093778885181784906;
2355  x.lo('274')=-0.0093778885181784906;
2356  x.up('274')=0.0093778885181784906;
2357  x.lo('275')=-0.0093778885181784906;
2358  x.up('275')=0.0093778885181784906;
2359  x.lo('276')=-0.0093778885181784906;
2360  x.up('276')=0.0093778885181784906;
2361  x.lo('277')=-0.0093778885181784906;
2362  x.up('277')=0.0093778885181784906;
2363  x.lo('278')=-0.0093778885181784906;
2364  x.up('278')=0.0093778885181784906;
2365  x.lo('279')=-0.0093778885181784906;
2366  x.up('279')=0.0093778885181784906;
2367  x.lo('280')=-0.0093778885181784906;
2368  x.up('280')=0.0093778885181784906;
2369  x.lo('281')=-0.0093778885181784906;
2370  x.up('281')=0.0093778885181784906;
2371  x.lo('282')=-0.0093778885181784906;
2372  x.up('282')=0.0093778885181784906;
2373  x.lo('283')=-0.0093778885181784906;
2374  x.up('283')=0.0093778885181784906;
2375  x.lo('284')=-0.0093778885181784906;
2376  x.up('284')=0.0093778885181784906;
2377  x.lo('285')=-0.0093778885181784906;
2378  x.up('285')=0.0093778885181784906;
2379  x.lo('286')=-0.0093778885181784906;
2380  x.up('286')=0.0093778885181784906;
2381  x.lo('287')=-0.0093778885181784906;
2382  x.up('287')=0.0093778885181784906;
2383  x.lo('288')=-0.0093778885181784906;
2384  x.up('288')=0.0093778885181784906;
2385  x.lo('289')=-0.0093778885181784906;
2386  x.up('289')=0.0093778885181784906;
2387  x.lo('290')=-0.0093778885181784906;
2388  x.up('290')=0.0093778885181784906;
2389  x.lo('291')=-0.0093778885181784906;
2390  x.up('291')=0.0093778885181784906;
2391  x.lo('292')=-0.0093778885181784906;
2392  x.up('292')=0.0093778885181784906;
2393  x.lo('293')=-0.0093778885181784906;
2394  x.up('293')=0.0093778885181784906;
2395  x.lo('294')=-0.0093778885181784906;
2396  x.up('294')=0.0093778885181784906;
2397  x.lo('295')=-0.0093778885181784906;
2398  x.up('295')=0.0093778885181784906;
2399  x.lo('296')=-0.0093778885181784906;
2400  x.up('296')=0.0093778885181784906;
2401  x.lo('297')=-0.0093778885181784906;
2402  x.up('297')=0.0093778885181784906;
2403  x.lo('298')=-0.0093778885181784906;
2404  x.up('298')=0.0093778885181784906;
2405  x.lo('299')=-0.0093778885181784906;
2406  x.up('299')=0.0093778885181784906;
2407  x.lo('300')=-0.0093778885181784906;
2408  x.up('300')=0.0093778885181784906;
2409  x.lo('301')=-0.0093778885181784906;
2410  x.up('301')=0.0093778885181784906;
2411  x.lo('302')=-0.0093778885181784906;
2412  x.up('302')=0.0093778885181784906;
2413  x.lo('303')=-0.0093778885181784906;
2414  x.up('303')=0.0093778885181784906;
2415  x.lo('304')=-0.0093778885181784906;
2416  x.up('304')=0.0093778885181784906;
2417  x.lo('305')=-0.0093778885181784906;
2418  x.up('305')=0.0093778885181784906;
2419  x.lo('306')=-0.0093778885181784906;
2420  x.up('306')=0.0093778885181784906;
2421  x.lo('307')=-0.0093778885181784906;
2422  x.up('307')=0.0093778885181784906;
2423  x.lo('308')=-0.0093778885181784906;
2424  x.up('308')=0.0093778885181784906;
2425  x.lo('309')=-0.0093778885181784906;
2426  x.up('309')=0.0093778885181784906;
2427  x.lo('310')=-0.0093778885181784906;
2428  x.up('310')=0.0093778885181784906;
2429  x.lo('311')=-0.0093778885181784906;
2430  x.up('311')=0.0093778885181784906;
2431  x.lo('312')=-0.0093778885181784906;
2432  x.up('312')=0.0093778885181784906;
2433  x.lo('313')=-0.0093778885181784906;
2434  x.up('313')=0.0093778885181784906;
2435  x.lo('314')=-0.0093778885181784906;
2436  x.up('314')=0.0093778885181784906;
2437  x.lo('315')=-0.0093778885181784906;
2438  x.up('315')=0.0093778885181784906;
2439  x.lo('316')=-0.0093778885181784906;
2440  x.up('316')=0.0093778885181784906;
2441  x.lo('317')=-0.0093778885181784906;
2442  x.up('317')=0.0093778885181784906;
2443  x.lo('318')=-0.0093778885181784906;
2444  x.up('318')=0.0093778885181784906;
2445  x.lo('319')=-0.0093778885181784906;
2446  x.up('319')=0.0093778885181784906;
2447  x.lo('320')=-0.0093778885181784906;
2448  x.up('320')=0.0093778885181784906;
2449  x.lo('321')=-0.0093778885181784906;
2450  x.up('321')=0.0093778885181784906;
2451  x.lo('322')=-0.0093778885181784906;
2452  x.up('322')=0.0093778885181784906;
2453  x.lo('323')=-0.0093778885181784906;
2454  x.up('323')=0.0093778885181784906;
2455  x.lo('324')=-0.0093778885181784906;
2456  x.up('324')=0.0093778885181784906;
2457  x.lo('325')=-0.0093778885181784906;
2458  x.up('325')=0.0093778885181784906;
2459  x.lo('326')=-0.0093778885181784906;
2460  x.up('326')=0.0093778885181784906;
2461  x.lo('327')=-0.0093778885181784906;
2462  x.up('327')=0.0093778885181784906;
2463  x.lo('328')=-0.0093778885181784906;
2464  x.up('328')=0.0093778885181784906;
2465  x.lo('329')=-0.0093778885181784906;
2466  x.up('329')=0.0093778885181784906;
2467  x.lo('330')=-0.0093778885181784906;
2468  x.up('330')=0.0093778885181784906;
2469  x.lo('331')=-0.0093778885181784906;
2470  x.up('331')=0.0093778885181784906;
2471  x.lo('332')=-0.0093778885181784906;
2472  x.up('332')=0.0093778885181784906;
2473  x.lo('333')=-0.0093778885181784906;
2474  x.up('333')=0.0093778885181784906;
2475  x.lo('334')=-0.0093778885181784906;
2476  x.up('334')=0.0093778885181784906;
2477  x.lo('335')=-0.0093778885181784906;
2478  x.up('335')=0.0093778885181784906;
2479  x.lo('336')=-0.0093778885181784906;
2480  x.up('336')=0.0093778885181784906;
2481  x.lo('337')=-0.0093778885181784906;
2482  x.up('337')=0.0093778885181784906;
2483  x.lo('338')=-0.0093778885181784906;
2484  x.up('338')=0.0093778885181784906;
2485  x.lo('339')=-0.0093778885181784906;
2486  x.up('339')=0.0093778885181784906;
2487  x.lo('340')=-0.0093778885181784906;
2488  x.up('340')=0.0093778885181784906;
2489  x.lo('341')=-0.0093778885181784906;
2490  x.up('341')=0.0093778885181784906;
2491  x.lo('342')=-0.0093778885181784906;
2492  x.up('342')=0.0093778885181784906;
2493  x.lo('343')=-0.0093778885181784906;
2494  x.up('343')=0.0093778885181784906;
2495  x.lo('344')=-0.0093778885181784906;
2496  x.up('344')=0.0093778885181784906;
2497  x.lo('345')=-0.0093778885181784906;
2498  x.up('345')=0.0093778885181784906;
2499  x.lo('346')=-0.0093778885181784906;
2500  x.up('346')=0.0093778885181784906;
2501  x.lo('347')=-0.0093778885181784906;
2502  x.up('347')=0.0093778885181784906;
2503  x.lo('348')=-0.0093778885181784906;
2504  x.up('348')=0.0093778885181784906;
2505  x.lo('349')=-0.0093778885181784906;
2506  x.up('349')=0.0093778885181784906;
2507  x.lo('350')=-0.0093778885181784906;
2508  x.up('350')=0.0093778885181784906;
2509  x.lo('351')=-0.0093778885181784906;
2510  x.up('351')=0.0093778885181784906;
2511  x.lo('352')=-0.0093778885181784906;
2512  x.up('352')=0.0093778885181784906;
2513  x.lo('353')=-0.0093778885181784906;
2514  x.up('353')=0.0093778885181784906;
2515  x.lo('354')=-0.0093778885181784906;
2516  x.up('354')=0.0093778885181784906;
2517  x.lo('355')=-0.0093778885181784906;
2518  x.up('355')=0.0093778885181784906;
2519  x.lo('356')=-0.0093778885181784906;
2520  x.up('356')=0.0093778885181784906;
2521  x.lo('357')=-0.0093778885181784906;
2522  x.up('357')=0.0093778885181784906;
2523  x.lo('358')=-0.0093778885181784906;
2524  x.up('358')=0.0093778885181784906;
2525  x.lo('359')=-0.0093778885181784906;
2526  x.up('359')=0.0093778885181784906;
2527  x.lo('360')=-0.0093778885181784906;
2528  x.up('360')=0.0093778885181784906;
2529  x.lo('361')=-0.0093778885181784906;
2530  x.up('361')=0.0093778885181784906;
2531  x.lo('362')=-0.0093778885181784906;
2532  x.up('362')=0.0093778885181784906;
2533  x.lo('363')=-0.0093778885181784906;
2534  x.up('363')=0.0093778885181784906;
2535  x.lo('364')=-0.0093778885181784906;
2536  x.up('364')=0.0093778885181784906;
2537  x.lo('365')=-0.0093778885181784906;
2538  x.up('365')=0.0093778885181784906;
2539  x.lo('366')=-0.0093778885181784906;
2540  x.up('366')=0.0093778885181784906;
2541  x.lo('367')=-0.0093778885181784906;
2542  x.up('367')=0.0093778885181784906;
2543  x.lo('368')=-0.0093778885181784906;
2544  x.up('368')=0.0093778885181784906;
2545  x.lo('369')=-0.0093778885181784906;
2546  x.up('369')=0.0093778885181784906;
2547  x.lo('370')=-0.0093778885181784906;
2548  x.up('370')=0.0093778885181784906;
2549  x.lo('371')=-0.0093778885181784906;
2550  x.up('371')=0.0093778885181784906;
2551  x.lo('372')=-0.0093778885181784906;
2552  x.up('372')=0.0093778885181784906;
2553  x.lo('373')=-0.0093778885181784906;
2554  x.up('373')=0.0093778885181784906;
2555  x.lo('374')=-0.0093778885181784906;
2556  x.up('374')=0.0093778885181784906;
2557  x.lo('375')=-0.0093778885181784906;
2558  x.up('375')=0.0093778885181784906;
2559  x.lo('376')=-0.0093778885181784906;
2560  x.up('376')=0.0093778885181784906;
2561  x.lo('377')=-0.0093778885181784906;
2562  x.up('377')=0.0093778885181784906;
2563  x.lo('378')=-0.0093778885181784906;
2564  x.up('378')=0.0093778885181784906;
2565  x.lo('379')=-0.0093778885181784906;
2566  x.up('379')=0.0093778885181784906;
2567  x.lo('380')=-0.0093778885181784906;
2568  x.up('380')=0.0093778885181784906;
2569  x.lo('381')=-0.0093778885181784906;
2570  x.up('381')=0.0093778885181784906;
2571  x.lo('382')=-0.0093778885181784906;
2572  x.up('382')=0.0093778885181784906;
2573  x.lo('383')=-0.0093778885181784906;
2574  x.up('383')=0.0093778885181784906;
2575  x.lo('384')=-0.0093778885181784906;
2576  x.up('384')=0.0093778885181784906;
2577  x.lo('385')=-0.0093778885181784906;
2578  x.up('385')=0.0093778885181784906;
2579  x.lo('386')=-0.0093778885181784906;
2580  x.up('386')=0.0093778885181784906;
2581  x.lo('387')=-0.0093778885181784906;
2582  x.up('387')=0.0093778885181784906;
2583  x.lo('388')=-0.0093778885181784906;
2584  x.up('388')=0.0093778885181784906;
2585  x.lo('389')=-0.0093778885181784906;
2586  x.up('389')=0.0093778885181784906;
2587  x.lo('390')=-0.0093778885181784906;
2588  x.up('390')=0.0093778885181784906;
2589  x.lo('391')=-0.0093778885181784906;
2590  x.up('391')=0.0093778885181784906;
2591  x.lo('392')=-0.0093778885181784906;
2592  x.up('392')=0.0093778885181784906;
2593  x.lo('393')=-0.0093778885181784906;
2594  x.up('393')=0.0093778885181784906;
2595  x.lo('394')=-0.0093778885181784906;
2596  x.up('394')=0.0093778885181784906;
2597  x.lo('395')=-0.0093778885181784906;
2598  x.up('395')=0.0093778885181784906;
2599  x.lo('396')=-0.0093778885181784906;
2600  x.up('396')=0.0093778885181784906;
2601  x.lo('397')=-0.0093778885181784906;
2602  x.up('397')=0.0093778885181784906;
2603  x.lo('398')=-0.0093778885181784906;
2604  x.up('398')=0.0093778885181784906;
2605  x.lo('399')=-0.0093778885181784906;
2606  x.up('399')=0.0093778885181784906;
2607  Model m/All/;
2608  m.workspace = 32;
2609  m.optfile = 1;options nlp=convert;
2610  Solve m using nlp minimizing obj;
2611  display x.l, obj.l;
2612   
2613   
2614   


COMPILATION TIME     =        0.266 SECONDS      3 MB  53.5.1 f2e5fac3 WEX-WEI
GAMS 53.5.1  f2e5fac3 May 20, 2026          WEX-WEI x86 64bit/MS Windows - 06/14/26 21:48:59 Page 2
G e n e r a l   A l g e b r a i c   M o d e l i n g   S y s t e m
Equation Listing    SOLVE m Using NLP From line 2610


---- objcon  =E=  

objcon..  0.015707963267949*x(1) + 0.015707963267949*x(2) + 0.015707963267949*x(3) + 0.015707963267949*x(4) + 0.015707963267949*x(5) + 0.015707963267949*x(6) + 0.015707963267949*x(7) + 0.015707963267949*x(8) + 0.015707963267949*x(9) + 0.015707963267949*x(10) + 0.015707963267949*x(11) + 0.015707963267949*x(12) + 0.015707963267949*x(13) + 0.015707963267949*x(14) + 0.015707963267949*x(15) + 0.015707963267949*x(16) + 0.015707963267949*x(17) + 0.015707963267949*x(18) + 0.015707963267949*x(19) + 0.015707963267949*x(20) + 0.015707963267949*x(21) + 0.015707963267949*x(22) + 0.015707963267949*x(23) + 0.015707963267949*x(24) + 0.015707963267949*x(25) + 0.015707963267949*x(26) + 0.015707963267949*x(27) + 0.015707963267949*x(28) + 0.015707963267949*x(29) + 0.015707963267949*x(30) + 0.015707963267949*x(31) + 0.015707963267949*x(32) + 0.015707963267949*x(33) + 0.015707963267949*x(34) + 0.015707963267949*x(35) + 0.015707963267949*x(36) + 0.015707963267949*x(37) + 0.015707963267949*x(38) + 0.015707963267949*x(39) + 0.015707963267949*x(40) + 0.015707963267949*x(41) + 0.015707963267949*x(42) + 0.015707963267949*x(43) + 0.015707963267949*x(44) + 0.015707963267949*x(45) + 0.015707963267949*x(46) + 0.015707963267949*x(47) + 0.015707963267949*x(48) + 0.015707963267949*x(49) + 0.015707963267949*x(50) + 0.015707963267949*x(51) + 0.015707963267949*x(52) + 0.015707963267949*x(53) + 0.015707963267949*x(54) + 0.015707963267949*x(55) + 0.015707963267949*x(56) + 0.015707963267949*x(57) + 0.015707963267949*x(58) + 0.015707963267949*x(59) + 0.015707963267949*x(60) + 0.015707963267949*x(61) + 0.015707963267949*x(62) + 0.015707963267949*x(63) + 0.015707963267949*x(64) + 0.015707963267949*x(65) + 0.015707963267949*x(66) + 0.015707963267949*x(67) + 0.015707963267949*x(68) + 0.015707963267949*x(69) + 0.015707963267949*x(70) + 0.015707963267949*x(71) + 0.015707963267949*x(72) + 0.015707963267949*x(73) + 0.015707963267949*x(74) + 0.015707963267949*x(75) + 0.015707963267949*x(76) + 0.015707963267949*x(77) + 0.015707963267949*x(78) + 0.015707963267949*x(79) + 0.015707963267949*x(80) + 0.015707963267949*x(81) + 0.015707963267949*x(82) + 0.015707963267949*x(83) + 0.015707963267949*x(84) + 0.015707963267949*x(85) + 0.015707963267949*x(86) + 0.015707963267949*x(87) + 0.015707963267949*x(88) + 0.015707963267949*x(89) + 0.015707963267949*x(90) + 0.015707963267949*x(91) + 0.015707963267949*x(92) + 0.015707963267949*x(93) + 0.015707963267949*x(94) + 0.015707963267949*x(95) + 0.015707963267949*x(96) + 0.015707963267949*x(97) + 0.015707963267949*x(98) + 0.015707963267949*x(99) + 0.015707963267949*x(100) + 0.015707963267949*x(101) + 0.015707963267949*x(102) + 0.015707963267949*x(103) + 0.015707963267949*x(104) + 0.015707963267949*x(105) + 0.015707963267949*x(106) + 0.015707963267949*x(107) + 0.015707963267949*x(108) + 0.015707963267949*x(109) + 0.015707963267949*x(110) + 0.015707963267949*x(111) + 0.015707963267949*x(112) + 0.015707963267949*x(113) + 0.015707963267949*x(114) + 0.015707963267949*x(115) + 0.015707963267949*x(116) + 0.015707963267949*x(117) + 0.015707963267949*x(118) + 0.015707963267949*x(119) + 0.015707963267949*x(120) + 0.015707963267949*x(121) + 0.015707963267949*x(122) + 0.015707963267949*x(123) + 0.015707963267949*x(124) + 0.015707963267949*x(125) + 0.015707963267949*x(126) + 0.015707963267949*x(127) + 0.015707963267949*x(128) + 0.015707963267949*x(129) + 0.015707963267949*x(130) + 0.015707963267949*x(131) + 0.015707963267949*x(132) + 0.015707963267949*x(133) + 0.015707963267949*x(134) + 0.015707963267949*x(135) + 0.015707963267949*x(136) + 0.015707963267949*x(137) + 0.015707963267949*x(138) + 0.015707963267949*x(139) + 0.015707963267949*x(140) + 0.015707963267949*x(141) + 0.015707963267949*x(142) + 0.015707963267949*x(143) + 0.015707963267949*x(144) + 0.015707963267949*x(145) + 0.015707963267949*x(146) + 0.015707963267949*x(147) + 0.015707963267949*x(148) + 0.015707963267949*x(149) + 0.015707963267949*x(150) + 0.015707963267949*x(151) + 0.015707963267949*x(152) + 0.015707963267949*x(153) + 0.015707963267949*x(154) + 0.015707963267949*x(155) + 0.015707963267949*x(156) + 0.015707963267949*x(157) + 0.015707963267949*x(158) + 0.015707963267949*x(159) + 0.015707963267949*x(160) + 0.015707963267949*x(161) + 0.015707963267949*x(162) + 0.015707963267949*x(163) + 0.015707963267949*x(164) + 0.015707963267949*x(165) + 0.015707963267949*x(166) + 0.015707963267949*x(167) + 0.015707963267949*x(168) + 0.015707963267949*x(169) + 0.015707963267949*x(170) + 0.015707963267949*x(171) + 0.015707963267949*x(172) + 0.015707963267949*x(173) + 0.015707963267949*x(174) + 0.015707963267949*x(175) + 0.015707963267949*x(176) + 0.015707963267949*x(177) + 0.015707963267949*x(178) + 0.015707963267949*x(179) + 0.015707963267949*x(180) + 0.015707963267949*x(181) + 0.015707963267949*x(182) + 0.015707963267949*x(183) + 0.015707963267949*x(184) + 0.015707963267949*x(185) + 0.015707963267949*x(186) + 0.015707963267949*x(187) + 0.015707963267949*x(188) + 0.015707963267949*x(189) + 0.015707963267949*x(190) + 0.015707963267949*x(191) + 0.015707963267949*x(192) + 0.015707963267949*x(193) + 0.015707963267949*x(194) + 0.015707963267949*x(195) + 0.015707963267949*x(196) + 0.015707963267949*x(197) + 0.015707963267949*x(198) + 0.015707963267949*x(199) + 0.015707963267949*x(200) + obj =E= 0 ; (LHS = 3.15715330932937, INFES = 3.15715330932937 ****)
     

---- con1  =E=  

con1..  x(199) - x(200) + x(399) =E= 0 ; (LHS = -0.99062211148182, INFES = 0.99062211148182 ****)
     

---- con2  =E=  

con2..  x(198) - x(199) + x(398) =E= 0 ; (LHS = 0)
     

---- con3  =E=  

con3..  x(197) - x(198) + x(397) =E= 0 ; (LHS = 0)
     

---- con4  =E=  

con4..  x(196) - x(197) + x(396) =E= 0 ; (LHS = 0)
     

---- con5  =E=  

con5..  x(195) - x(196) + x(395) =E= 0 ; (LHS = 0)
     

---- con6  =E=  

con6..  x(194) - x(195) + x(394) =E= 0 ; (LHS = 0)
     

---- con7  =E=  

con7..  x(193) - x(194) + x(393) =E= 0 ; (LHS = 0)
     

---- con8  =E=  

con8..  x(192) - x(193) + x(392) =E= 0 ; (LHS = 0)
     

---- con9  =E=  

con9..  x(191) - x(192) + x(391) =E= 0 ; (LHS = 0)
     

---- con10  =E=  

con10..  x(190) - x(191) + x(390) =E= 0 ; (LHS = 0)
     

---- con11  =E=  

con11..  x(189) - x(190) + x(389) =E= 0 ; (LHS = 0)
     

---- con12  =E=  

con12..  x(188) - x(189) + x(388) =E= 0 ; (LHS = 0)
     

---- con13  =E=  

con13..  x(187) - x(188) + x(387) =E= 0 ; (LHS = 0)
     

---- con14  =E=  

con14..  x(186) - x(187) + x(386) =E= 0 ; (LHS = 0)
     

---- con15  =E=  

con15..  x(185) - x(186) + x(385) =E= 0 ; (LHS = 0)
     

---- con16  =E=  

con16..  x(184) - x(185) + x(384) =E= 0 ; (LHS = 0)
     

---- con17  =E=  

con17..  x(183) - x(184) + x(383) =E= 0 ; (LHS = 0)
     

---- con18  =E=  

con18..  x(182) - x(183) + x(382) =E= 0 ; (LHS = 0)
     

---- con19  =E=  

con19..  x(181) - x(182) + x(381) =E= 0 ; (LHS = 0)
     

---- con20  =E=  

con20..  x(180) - x(181) + x(380) =E= 0 ; (LHS = 0)
     

---- con21  =E=  

con21..  x(179) - x(180) + x(379) =E= 0 ; (LHS = 0)
     

---- con22  =E=  

con22..  x(178) - x(179) + x(378) =E= 0 ; (LHS = 0)
     

---- con23  =E=  

con23..  x(177) - x(178) + x(377) =E= 0 ; (LHS = 0)
     

---- con24  =E=  

con24..  x(176) - x(177) + x(376) =E= 0 ; (LHS = 0)
     

---- con25  =E=  

con25..  x(175) - x(176) + x(375) =E= 0 ; (LHS = 0)
     

---- con26  =E=  

con26..  x(174) - x(175) + x(374) =E= 0 ; (LHS = 0)
     

---- con27  =E=  

con27..  x(173) - x(174) + x(373) =E= 0 ; (LHS = 0)
     

---- con28  =E=  

con28..  x(172) - x(173) + x(372) =E= 0 ; (LHS = 0)
     

---- con29  =E=  

con29..  x(171) - x(172) + x(371) =E= 0 ; (LHS = 0)
     

---- con30  =E=  

con30..  x(170) - x(171) + x(370) =E= 0 ; (LHS = 0)
     

---- con31  =E=  

con31..  x(169) - x(170) + x(369) =E= 0 ; (LHS = 0)
     

---- con32  =E=  

con32..  x(168) - x(169) + x(368) =E= 0 ; (LHS = 0)
     

---- con33  =E=  

con33..  x(167) - x(168) + x(367) =E= 0 ; (LHS = 0)
     

---- con34  =E=  

con34..  x(166) - x(167) + x(366) =E= 0 ; (LHS = 0)
     

---- con35  =E=  

con35..  x(165) - x(166) + x(365) =E= 0 ; (LHS = 0)
     

---- con36  =E=  

con36..  x(164) - x(165) + x(364) =E= 0 ; (LHS = 0)
     

---- con37  =E=  

con37..  x(163) - x(164) + x(363) =E= 0 ; (LHS = 0)
     

---- con38  =E=  

con38..  x(162) - x(163) + x(362) =E= 0 ; (LHS = 0)
     

---- con39  =E=  

con39..  x(161) - x(162) + x(361) =E= 0 ; (LHS = 0)
     

---- con40  =E=  

con40..  x(160) - x(161) + x(360) =E= 0 ; (LHS = 0)
     

---- con41  =E=  

con41..  x(159) - x(160) + x(359) =E= 0 ; (LHS = 0)
     

---- con42  =E=  

con42..  x(158) - x(159) + x(358) =E= 0 ; (LHS = 0)
     

---- con43  =E=  

con43..  x(157) - x(158) + x(357) =E= 0 ; (LHS = 0)
     

---- con44  =E=  

con44..  x(156) - x(157) + x(356) =E= 0 ; (LHS = 0)
     

---- con45  =E=  

con45..  x(155) - x(156) + x(355) =E= 0 ; (LHS = 0)
     

---- con46  =E=  

con46..  x(154) - x(155) + x(354) =E= 0 ; (LHS = 0)
     

---- con47  =E=  

con47..  x(153) - x(154) + x(353) =E= 0 ; (LHS = 0)
     

---- con48  =E=  

con48..  x(152) - x(153) + x(352) =E= 0 ; (LHS = 0)
     

---- con49  =E=  

con49..  x(151) - x(152) + x(351) =E= 0 ; (LHS = 0)
     

---- con50  =E=  

con50..  x(150) - x(151) + x(350) =E= 0 ; (LHS = 0)
     

---- con51  =E=  

con51..  x(149) - x(150) + x(349) =E= 0 ; (LHS = 0)
     

---- con52  =E=  

con52..  x(148) - x(149) + x(348) =E= 0 ; (LHS = 0)
     

---- con53  =E=  

con53..  x(147) - x(148) + x(347) =E= 0 ; (LHS = 0)
     

---- con54  =E=  

con54..  x(146) - x(147) + x(346) =E= 0 ; (LHS = 0)
     

---- con55  =E=  

con55..  x(145) - x(146) + x(345) =E= 0 ; (LHS = 0)
     

---- con56  =E=  

con56..  x(144) - x(145) + x(344) =E= 0 ; (LHS = 0)
     

---- con57  =E=  

con57..  x(143) - x(144) + x(343) =E= 0 ; (LHS = 0)
     

---- con58  =E=  

con58..  x(142) - x(143) + x(342) =E= 0 ; (LHS = 0)
     

---- con59  =E=  

con59..  x(141) - x(142) + x(341) =E= 0 ; (LHS = 0)
     

---- con60  =E=  

con60..  x(140) - x(141) + x(340) =E= 0 ; (LHS = 0)
     

---- con61  =E=  

con61..  x(139) - x(140) + x(339) =E= 0 ; (LHS = 0)
     

---- con62  =E=  

con62..  x(138) - x(139) + x(338) =E= 0 ; (LHS = 0)
     

---- con63  =E=  

con63..  x(137) - x(138) + x(337) =E= 0 ; (LHS = 0)
     

---- con64  =E=  

con64..  x(136) - x(137) + x(336) =E= 0 ; (LHS = 0)
     

---- con65  =E=  

con65..  x(135) - x(136) + x(335) =E= 0 ; (LHS = 0)
     

---- con66  =E=  

con66..  x(134) - x(135) + x(334) =E= 0 ; (LHS = 0)
     

---- con67  =E=  

con67..  x(133) - x(134) + x(333) =E= 0 ; (LHS = 0)
     

---- con68  =E=  

con68..  x(132) - x(133) + x(332) =E= 0 ; (LHS = 0)
     

---- con69  =E=  

con69..  x(131) - x(132) + x(331) =E= 0 ; (LHS = 0)
     

---- con70  =E=  

con70..  x(130) - x(131) + x(330) =E= 0 ; (LHS = 0)
     

---- con71  =E=  

con71..  x(129) - x(130) + x(329) =E= 0 ; (LHS = 0)
     

---- con72  =E=  

con72..  x(128) - x(129) + x(328) =E= 0 ; (LHS = 0)
     

---- con73  =E=  

con73..  x(127) - x(128) + x(327) =E= 0 ; (LHS = 0)
     

---- con74  =E=  

con74..  x(126) - x(127) + x(326) =E= 0 ; (LHS = 0)
     

---- con75  =E=  

con75..  x(125) - x(126) + x(325) =E= 0 ; (LHS = 0)
     

---- con76  =E=  

con76..  x(124) - x(125) + x(324) =E= 0 ; (LHS = 0)
     

---- con77  =E=  

con77..  x(123) - x(124) + x(323) =E= 0 ; (LHS = 0)
     

---- con78  =E=  

con78..  x(122) - x(123) + x(322) =E= 0 ; (LHS = 0)
     

---- con79  =E=  

con79..  x(121) - x(122) + x(321) =E= 0 ; (LHS = 0)
     

---- con80  =E=  

con80..  x(120) - x(121) + x(320) =E= 0 ; (LHS = 0)
     

---- con81  =E=  

con81..  x(119) - x(120) + x(319) =E= 0 ; (LHS = 0)
     

---- con82  =E=  

con82..  x(118) - x(119) + x(318) =E= 0 ; (LHS = 0)
     

---- con83  =E=  

con83..  x(117) - x(118) + x(317) =E= 0 ; (LHS = 0)
     

---- con84  =E=  

con84..  x(116) - x(117) + x(316) =E= 0 ; (LHS = 0)
     

---- con85  =E=  

con85..  x(115) - x(116) + x(315) =E= 0 ; (LHS = 0)
     

---- con86  =E=  

con86..  x(114) - x(115) + x(314) =E= 0 ; (LHS = 0)
     

---- con87  =E=  

con87..  x(113) - x(114) + x(313) =E= 0 ; (LHS = 0)
     

---- con88  =E=  

con88..  x(112) - x(113) + x(312) =E= 0 ; (LHS = 0)
     

---- con89  =E=  

con89..  x(111) - x(112) + x(311) =E= 0 ; (LHS = 0)
     

---- con90  =E=  

con90..  x(110) - x(111) + x(310) =E= 0 ; (LHS = 0)
     

---- con91  =E=  

con91..  x(109) - x(110) + x(309) =E= 0 ; (LHS = 0)
     

---- con92  =E=  

con92..  x(108) - x(109) + x(308) =E= 0 ; (LHS = 0)
     

---- con93  =E=  

con93..  x(107) - x(108) + x(307) =E= 0 ; (LHS = 0)
     

---- con94  =E=  

con94..  x(106) - x(107) + x(306) =E= 0 ; (LHS = 0)
     

---- con95  =E=  

con95..  x(105) - x(106) + x(305) =E= 0 ; (LHS = 0)
     

---- con96  =E=  

con96..  x(104) - x(105) + x(304) =E= 0 ; (LHS = 0)
     

---- con97  =E=  

con97..  x(103) - x(104) + x(303) =E= 0 ; (LHS = 0)
     

---- con98  =E=  

con98..  x(102) - x(103) + x(302) =E= 0 ; (LHS = 0)
     

---- con99  =E=  

con99..  x(101) - x(102) + x(301) =E= 0 ; (LHS = 0)
     

---- con100  =E=  

con100..  x(100) - x(101) + x(300) =E= 0 ; (LHS = 0)
     

---- con101  =E=  

con101..  x(99) - x(100) + x(299) =E= 0 ; (LHS = 0)
     

---- con102  =E=  

con102..  x(98) - x(99) + x(298) =E= 0 ; (LHS = 0)
     

---- con103  =E=  

con103..  x(97) - x(98) + x(297) =E= 0 ; (LHS = 0)
     

---- con104  =E=  

con104..  x(96) - x(97) + x(296) =E= 0 ; (LHS = 0)
     

---- con105  =E=  

con105..  x(95) - x(96) + x(295) =E= 0 ; (LHS = 0)
     

---- con106  =E=  

con106..  x(94) - x(95) + x(294) =E= 0 ; (LHS = 0)
     

---- con107  =E=  

con107..  x(93) - x(94) + x(293) =E= 0 ; (LHS = 0)
     

---- con108  =E=  

con108..  x(92) - x(93) + x(292) =E= 0 ; (LHS = 0)
     

---- con109  =E=  

con109..  x(91) - x(92) + x(291) =E= 0 ; (LHS = 0)
     

---- con110  =E=  

con110..  x(90) - x(91) + x(290) =E= 0 ; (LHS = 0)
     

---- con111  =E=  

con111..  x(89) - x(90) + x(289) =E= 0 ; (LHS = 0)
     

---- con112  =E=  

con112..  x(88) - x(89) + x(288) =E= 0 ; (LHS = 0)
     

---- con113  =E=  

con113..  x(87) - x(88) + x(287) =E= 0 ; (LHS = 0)
     

---- con114  =E=  

con114..  x(86) - x(87) + x(286) =E= 0 ; (LHS = 0)
     

---- con115  =E=  

con115..  x(85) - x(86) + x(285) =E= 0 ; (LHS = 0)
     

---- con116  =E=  

con116..  x(84) - x(85) + x(284) =E= 0 ; (LHS = 0)
     

---- con117  =E=  

con117..  x(83) - x(84) + x(283) =E= 0 ; (LHS = 0)
     

---- con118  =E=  

con118..  x(82) - x(83) + x(282) =E= 0 ; (LHS = 0)
     

---- con119  =E=  

con119..  x(81) - x(82) + x(281) =E= 0 ; (LHS = 0)
     

---- con120  =E=  

con120..  x(80) - x(81) + x(280) =E= 0 ; (LHS = 0)
     

---- con121  =E=  

con121..  x(79) - x(80) + x(279) =E= 0 ; (LHS = 0)
     

---- con122  =E=  

con122..  x(78) - x(79) + x(278) =E= 0 ; (LHS = 0)
     

---- con123  =E=  

con123..  x(77) - x(78) + x(277) =E= 0 ; (LHS = 0)
     

---- con124  =E=  

con124..  x(76) - x(77) + x(276) =E= 0 ; (LHS = 0)
     

---- con125  =E=  

con125..  x(75) - x(76) + x(275) =E= 0 ; (LHS = 0)
     

---- con126  =E=  

con126..  x(74) - x(75) + x(274) =E= 0 ; (LHS = 0)
     

---- con127  =E=  

con127..  x(73) - x(74) + x(273) =E= 0 ; (LHS = 0)
     

---- con128  =E=  

con128..  x(72) - x(73) + x(272) =E= 0 ; (LHS = 0)
     

---- con129  =E=  

con129..  x(71) - x(72) + x(271) =E= 0 ; (LHS = 0)
     

---- con130  =E=  

con130..  x(70) - x(71) + x(270) =E= 0 ; (LHS = 0)
     

---- con131  =E=  

con131..  x(69) - x(70) + x(269) =E= 0 ; (LHS = 0)
     

---- con132  =E=  

con132..  x(68) - x(69) + x(268) =E= 0 ; (LHS = 0)
     

---- con133  =E=  

con133..  x(67) - x(68) + x(267) =E= 0 ; (LHS = 0)
     

---- con134  =E=  

con134..  x(66) - x(67) + x(266) =E= 0 ; (LHS = 0)
     

---- con135  =E=  

con135..  x(65) - x(66) + x(265) =E= 0 ; (LHS = 0)
     

---- con136  =E=  

con136..  x(64) - x(65) + x(264) =E= 0 ; (LHS = 0)
     

---- con137  =E=  

con137..  x(63) - x(64) + x(263) =E= 0 ; (LHS = 0)
     

---- con138  =E=  

con138..  x(62) - x(63) + x(262) =E= 0 ; (LHS = 0)
     

---- con139  =E=  

con139..  x(61) - x(62) + x(261) =E= 0 ; (LHS = 0)
     

---- con140  =E=  

con140..  x(60) - x(61) + x(260) =E= 0 ; (LHS = 0)
     

---- con141  =E=  

con141..  x(59) - x(60) + x(259) =E= 0 ; (LHS = 0)
     

---- con142  =E=  

con142..  x(58) - x(59) + x(258) =E= 0 ; (LHS = 0)
     

---- con143  =E=  

con143..  x(57) - x(58) + x(257) =E= 0 ; (LHS = 0)
     

---- con144  =E=  

con144..  x(56) - x(57) + x(256) =E= 0 ; (LHS = 0)
     

---- con145  =E=  

con145..  x(55) - x(56) + x(255) =E= 0 ; (LHS = 0)
     

---- con146  =E=  

con146..  x(54) - x(55) + x(254) =E= 0 ; (LHS = 0)
     

---- con147  =E=  

con147..  x(53) - x(54) + x(253) =E= 0 ; (LHS = 0)
     

---- con148  =E=  

con148..  x(52) - x(53) + x(252) =E= 0 ; (LHS = 0)
     

---- con149  =E=  

con149..  x(51) - x(52) + x(251) =E= 0 ; (LHS = 0)
     

---- con150  =E=  

con150..  x(50) - x(51) + x(250) =E= 0 ; (LHS = 0)
     

---- con151  =E=  

con151..  x(49) - x(50) + x(249) =E= 0 ; (LHS = 0)
     

---- con152  =E=  

con152..  x(48) - x(49) + x(248) =E= 0 ; (LHS = 0)
     

---- con153  =E=  

con153..  x(47) - x(48) + x(247) =E= 0 ; (LHS = 0)
     

---- con154  =E=  

con154..  x(46) - x(47) + x(246) =E= 0 ; (LHS = 0)
     

---- con155  =E=  

con155..  x(45) - x(46) + x(245) =E= 0 ; (LHS = 0)
     

---- con156  =E=  

con156..  x(44) - x(45) + x(244) =E= 0 ; (LHS = 0)
     

---- con157  =E=  

con157..  x(43) - x(44) + x(243) =E= 0 ; (LHS = 0)
     

---- con158  =E=  

con158..  x(42) - x(43) + x(242) =E= 0 ; (LHS = 0)
     

---- con159  =E=  

con159..  x(41) - x(42) + x(241) =E= 0 ; (LHS = 0)
     

---- con160  =E=  

con160..  x(40) - x(41) + x(240) =E= 0 ; (LHS = 0)
     

---- con161  =E=  

con161..  x(39) - x(40) + x(239) =E= 0 ; (LHS = 0)
     

---- con162  =E=  

con162..  x(38) - x(39) + x(238) =E= 0 ; (LHS = 0)
     

---- con163  =E=  

con163..  x(37) - x(38) + x(237) =E= 0 ; (LHS = 0)
     

---- con164  =E=  

con164..  x(36) - x(37) + x(236) =E= 0 ; (LHS = 0)
     

---- con165  =E=  

con165..  x(35) - x(36) + x(235) =E= 0 ; (LHS = 0)
     

---- con166  =E=  

con166..  x(34) - x(35) + x(234) =E= 0 ; (LHS = 0)
     

---- con167  =E=  

con167..  x(33) - x(34) + x(233) =E= 0 ; (LHS = 0)
     

---- con168  =E=  

con168..  x(32) - x(33) + x(232) =E= 0 ; (LHS = 0)
     

---- con169  =E=  

con169..  x(31) - x(32) + x(231) =E= 0 ; (LHS = 0)
     

---- con170  =E=  

con170..  x(30) - x(31) + x(230) =E= 0 ; (LHS = 0)
     

---- con171  =E=  

con171..  x(29) - x(30) + x(229) =E= 0 ; (LHS = 0)
     

---- con172  =E=  

con172..  x(28) - x(29) + x(228) =E= 0 ; (LHS = 0)
     

---- con173  =E=  

con173..  x(27) - x(28) + x(227) =E= 0 ; (LHS = 0)
     

---- con174  =E=  

con174..  x(26) - x(27) + x(226) =E= 0 ; (LHS = 0)
     

---- con175  =E=  

con175..  x(25) - x(26) + x(225) =E= 0 ; (LHS = 0)
     

---- con176  =E=  

con176..  x(24) - x(25) + x(224) =E= 0 ; (LHS = 0)
     

---- con177  =E=  

con177..  x(23) - x(24) + x(223) =E= 0 ; (LHS = 0)
     

---- con178  =E=  

con178..  x(22) - x(23) + x(222) =E= 0 ; (LHS = 0)
     

---- con179  =E=  

con179..  x(21) - x(22) + x(221) =E= 0 ; (LHS = 0)
     

---- con180  =E=  

con180..  x(20) - x(21) + x(220) =E= 0 ; (LHS = 0)
     

---- con181  =E=  

con181..  x(19) - x(20) + x(219) =E= 0 ; (LHS = 0)
     

---- con182  =E=  

con182..  x(18) - x(19) + x(218) =E= 0 ; (LHS = 0)
     

---- con183  =E=  

con183..  x(17) - x(18) + x(217) =E= 0 ; (LHS = 0)
     

---- con184  =E=  

con184..  x(16) - x(17) + x(216) =E= 0 ; (LHS = 0)
     

---- con185  =E=  

con185..  x(15) - x(16) + x(215) =E= 0 ; (LHS = 0)
     

---- con186  =E=  

con186..  x(14) - x(15) + x(214) =E= 0 ; (LHS = 0)
     

---- con187  =E=  

con187..  x(13) - x(14) + x(213) =E= 0 ; (LHS = 0)
     

---- con188  =E=  

con188..  x(12) - x(13) + x(212) =E= 0 ; (LHS = 0)
     

---- con189  =E=  

con189..  x(11) - x(12) + x(211) =E= 0 ; (LHS = 0)
     

---- con190  =E=  

con190..  x(10) - x(11) + x(210) =E= 0 ; (LHS = 0)
     

---- con191  =E=  

con191..  x(9) - x(10) + x(209) =E= 0 ; (LHS = 0)
     

---- con192  =E=  

con192..  x(8) - x(9) + x(208) =E= 0 ; (LHS = 0)
     

---- con193  =E=  

con193..  x(7) - x(8) + x(207) =E= 0 ; (LHS = 0)
     

---- con194  =E=  

con194..  x(6) - x(7) + x(206) =E= 0 ; (LHS = 0)
     

---- con195  =E=  

con195..  x(5) - x(6) + x(205) =E= 0 ; (LHS = 0)
     

---- con196  =E=  

con196..  x(4) - x(5) + x(204) =E= 0 ; (LHS = 0)
     

---- con197  =E=  

con197..  x(3) - x(4) + x(203) =E= 0 ; (LHS = 0)
     

---- con198  =E=  

con198..  x(2) - x(3) + x(202) =E= 0 ; (LHS = 0)
     

---- con199  =E=  

con199..  x(1) - x(2) + x(201) =E= 0 ; (LHS = 0)
     

---- con200  =L=  

con200..  (0.99996091355262)*x(1) - (2)*x(2) + (0.99996091355262)*x(3) =L= 0 ; (LHS = -3.90864473800434E-5)
     

---- con201  =L=  

con201..  (3.96233283323445)*x(200) =L= 0 ; (LHS = -0.0374905475201865)
     

---- con202  =L=  

con202..  (2.00929971562342)*x(199) - (3)*x(200) =L= 0 ; (LHS = -1.97194450734022)
     

---- con203  =L=  

con203..  - (2)*x(1) + (0.99996091355262)*x(2) =L= 0 ; (LHS = -3.90864473800434E-5)
     

---- con204  =L=  

con204..  (0.99996091355262)*x(2) - (2)*x(3) + (0.99996091355262)*x(4) =L= 0 ; (LHS = -3.90864473800434E-5)
     

---- con205  =L=  

con205..  (2.98116641661723)*x(198) - (2.99062211148182)*x(199) + (0.99996091355262)*x(200) =L= 0 ; (LHS = 0.990544305135406, INFES = 0.990544305135406 ****)
     

---- con206  =L=  

con206..  (0.99996091355262)*x(197) - (2)*x(198) + (0.99996091355262)*x(199) =L= 0 ; (LHS = -3.90864473800434E-5)
     

---- con207  =L=  

con207..  (0.99996091355262)*x(196) - (2)*x(197) + (0.99996091355262)*x(198) =L= 0 ; (LHS = -3.90864473800434E-5)
     

---- con208  =L=  

con208..  (0.99996091355262)*x(3) - (2)*x(4) + (0.99996091355262)*x(5) =L= 0 ; (LHS = -3.90864473800434E-5)
     

---- con209  =L=  

con209..  (0.99996091355262)*x(195) - (2)*x(196) + (0.99996091355262)*x(197) =L= 0 ; (LHS = -3.90864473800434E-5)
     

---- con210  =L=  

con210..  (0.99996091355262)*x(194) - (2)*x(195) + (0.99996091355262)*x(196) =L= 0 ; (LHS = -3.90864473800434E-5)
     

---- con211  =L=  

con211..  (0.99996091355262)*x(193) - (2)*x(194) + (0.99996091355262)*x(195) =L= 0 ; (LHS = -3.90864473800434E-5)
     

---- con212  =L=  

con212..  (0.99996091355262)*x(4) - (2)*x(5) + (0.99996091355262)*x(6) =L= 0 ; (LHS = -3.90864473800434E-5)
     

---- con213  =L=  

con213..  (0.99996091355262)*x(192) - (2)*x(193) + (0.99996091355262)*x(194) =L= 0 ; (LHS = -3.90864473800434E-5)
     

---- con214  =L=  

con214..  (0.99996091355262)*x(191) - (2)*x(192) + (0.99996091355262)*x(193) =L= 0 ; (LHS = -3.90864473800434E-5)
     

---- con215  =L=  

con215..  (0.99996091355262)*x(5) - (2)*x(6) + (0.99996091355262)*x(7) =L= 0 ; (LHS = -3.90864473800434E-5)
     

---- con216  =L=  

con216..  (0.99996091355262)*x(190) - (2)*x(191) + (0.99996091355262)*x(192) =L= 0 ; (LHS = -3.90864473800434E-5)
     

---- con217  =L=  

con217..  (0.99996091355262)*x(189) - (2)*x(190) + (0.99996091355262)*x(191) =L= 0 ; (LHS = -3.90864473800434E-5)
     

---- con218  =L=  

con218..  (0.99996091355262)*x(188) - (2)*x(189) + (0.99996091355262)*x(190) =L= 0 ; (LHS = -3.90864473800434E-5)
     

---- con219  =L=  

con219..  (0.99996091355262)*x(6) - (2)*x(7) + (0.99996091355262)*x(8) =L= 0 ; (LHS = -3.90864473800434E-5)
     

---- con220  =L=  

con220..  (0.99996091355262)*x(187) - (2)*x(188) + (0.99996091355262)*x(189) =L= 0 ; (LHS = -3.90864473800434E-5)
     

---- con221  =L=  

con221..  (0.99996091355262)*x(186) - (2)*x(187) + (0.99996091355262)*x(188) =L= 0 ; (LHS = -3.90864473800434E-5)
     

---- con222  =L=  

con222..  (0.99996091355262)*x(185) - (2)*x(186) + (0.99996091355262)*x(187) =L= 0 ; (LHS = -3.90864473800434E-5)
     

---- con223  =L=  

con223..  (0.99996091355262)*x(7) - (2)*x(8) + (0.99996091355262)*x(9) =L= 0 ; (LHS = -3.90864473800434E-5)
     

---- con224  =L=  

con224..  (0.99996091355262)*x(184) - (2)*x(185) + (0.99996091355262)*x(186) =L= 0 ; (LHS = -3.90864473800434E-5)
     

---- con225  =L=  

con225..  (0.99996091355262)*x(183) - (2)*x(184) + (0.99996091355262)*x(185) =L= 0 ; (LHS = -3.90864473800434E-5)
     

---- con226  =L=  

con226..  (0.99996091355262)*x(8) - (2)*x(9) + (0.99996091355262)*x(10) =L= 0 ; (LHS = -3.90864473800434E-5)
     

---- con227  =L=  

con227..  (0.99996091355262)*x(182) - (2)*x(183) + (0.99996091355262)*x(184) =L= 0 ; (LHS = -3.90864473800434E-5)
     

---- con228  =L=  

con228..  (0.99996091355262)*x(181) - (2)*x(182) + (0.99996091355262)*x(183) =L= 0 ; (LHS = -3.90864473800434E-5)
     

---- con229  =L=  

con229..  (0.99996091355262)*x(180) - (2)*x(181) + (0.99996091355262)*x(182) =L= 0 ; (LHS = -3.90864473800434E-5)
     

---- con230  =L=  

con230..  (0.99996091355262)*x(9) - (2)*x(10) + (0.99996091355262)*x(11) =L= 0 ; (LHS = -3.90864473800434E-5)
     

---- con231  =L=  

con231..  (0.99996091355262)*x(179) - (2)*x(180) + (0.99996091355262)*x(181) =L= 0 ; (LHS = -3.90864473800434E-5)
     

---- con232  =L=  

con232..  (0.99996091355262)*x(178) - (2)*x(179) + (0.99996091355262)*x(180) =L= 0 ; (LHS = -3.90864473800434E-5)
     

---- con233  =L=  

con233..  (0.99996091355262)*x(177) - (2)*x(178) + (0.99996091355262)*x(179) =L= 0 ; (LHS = -3.90864473800434E-5)
     

---- con234  =L=  

con234..  (0.99996091355262)*x(10) - (2)*x(11) + (0.99996091355262)*x(12) =L= 0 ; (LHS = -3.90864473800434E-5)
     

---- con235  =L=  

con235..  (0.99996091355262)*x(176) - (2)*x(177) + (0.99996091355262)*x(178) =L= 0 ; (LHS = -3.90864473800434E-5)
     

---- con236  =L=  

con236..  (0.99996091355262)*x(175) - (2)*x(176) + (0.99996091355262)*x(177) =L= 0 ; (LHS = -3.90864473800434E-5)
     

---- con237  =L=  

con237..  (0.99996091355262)*x(11) - (2)*x(12) + (0.99996091355262)*x(13) =L= 0 ; (LHS = -3.90864473800434E-5)
     

---- con238  =L=  

con238..  (0.99996091355262)*x(174) - (2)*x(175) + (0.99996091355262)*x(176) =L= 0 ; (LHS = -3.90864473800434E-5)
     

---- con239  =L=  

con239..  (0.99996091355262)*x(173) - (2)*x(174) + (0.99996091355262)*x(175) =L= 0 ; (LHS = -3.90864473800434E-5)
     

---- con240  =L=  

con240..  (0.99996091355262)*x(172) - (2)*x(173) + (0.99996091355262)*x(174) =L= 0 ; (LHS = -3.90864473800434E-5)
     

---- con241  =L=  

con241..  (0.99996091355262)*x(12) - (2)*x(13) + (0.99996091355262)*x(14) =L= 0 ; (LHS = -3.90864473800434E-5)
     

---- con242  =L=  

con242..  (0.99996091355262)*x(171) - (2)*x(172) + (0.99996091355262)*x(173) =L= 0 ; (LHS = -3.90864473800434E-5)
     

---- con243  =L=  

con243..  (0.99996091355262)*x(170) - (2)*x(171) + (0.99996091355262)*x(172) =L= 0 ; (LHS = -3.90864473800434E-5)
     

---- con244  =L=  

con244..  (0.99996091355262)*x(169) - (2)*x(170) + (0.99996091355262)*x(171) =L= 0 ; (LHS = -3.90864473800434E-5)
     

---- con245  =L=  

con245..  (0.99996091355262)*x(13) - (2)*x(14) + (0.99996091355262)*x(15) =L= 0 ; (LHS = -3.90864473800434E-5)
     

---- con246  =L=  

con246..  (0.99996091355262)*x(168) - (2)*x(169) + (0.99996091355262)*x(170) =L= 0 ; (LHS = -3.90864473800434E-5)
     

---- con247  =L=  

con247..  (0.99996091355262)*x(167) - (2)*x(168) + (0.99996091355262)*x(169) =L= 0 ; (LHS = -3.90864473800434E-5)
     

---- con248  =L=  

con248..  (0.99996091355262)*x(14) - (2)*x(15) + (0.99996091355262)*x(16) =L= 0 ; (LHS = -3.90864473800434E-5)
     

---- con249  =L=  

con249..  (0.99996091355262)*x(166) - (2)*x(167) + (0.99996091355262)*x(168) =L= 0 ; (LHS = -3.90864473800434E-5)
     

---- con250  =L=  

con250..  (0.99996091355262)*x(165) - (2)*x(166) + (0.99996091355262)*x(167) =L= 0 ; (LHS = -3.90864473800434E-5)
     

---- con251  =L=  

con251..  (0.99996091355262)*x(164) - (2)*x(165) + (0.99996091355262)*x(166) =L= 0 ; (LHS = -3.90864473800434E-5)
     

---- con252  =L=  

con252..  (0.99996091355262)*x(15) - (2)*x(16) + (0.99996091355262)*x(17) =L= 0 ; (LHS = -3.90864473800434E-5)
     

---- con253  =L=  

con253..  (0.99996091355262)*x(163) - (2)*x(164) + (0.99996091355262)*x(165) =L= 0 ; (LHS = -3.90864473800434E-5)
     

---- con254  =L=  

con254..  (0.99996091355262)*x(162) - (2)*x(163) + (0.99996091355262)*x(164) =L= 0 ; (LHS = -3.90864473800434E-5)
     

---- con255  =L=  

con255..  (0.99996091355262)*x(161) - (2)*x(162) + (0.99996091355262)*x(163) =L= 0 ; (LHS = -3.90864473800434E-5)
     

---- con256  =L=  

con256..  (0.99996091355262)*x(16) - (2)*x(17) + (0.99996091355262)*x(18) =L= 0 ; (LHS = -3.90864473800434E-5)
     

---- con257  =L=  

con257..  (0.99996091355262)*x(160) - (2)*x(161) + (0.99996091355262)*x(162) =L= 0 ; (LHS = -3.90864473800434E-5)
     

---- con258  =L=  

con258..  (0.99996091355262)*x(159) - (2)*x(160) + (0.99996091355262)*x(161) =L= 0 ; (LHS = -3.90864473800434E-5)
     

---- con259  =L=  

con259..  (0.99996091355262)*x(17) - (2)*x(18) + (0.99996091355262)*x(19) =L= 0 ; (LHS = -3.90864473800434E-5)
     

---- con260  =L=  

con260..  (0.99996091355262)*x(158) - (2)*x(159) + (0.99996091355262)*x(160) =L= 0 ; (LHS = -3.90864473800434E-5)
     

---- con261  =L=  

con261..  (0.99996091355262)*x(157) - (2)*x(158) + (0.99996091355262)*x(159) =L= 0 ; (LHS = -3.90864473800434E-5)
     

---- con262  =L=  

con262..  (0.99996091355262)*x(156) - (2)*x(157) + (0.99996091355262)*x(158) =L= 0 ; (LHS = -3.90864473800434E-5)
     

---- con263  =L=  

con263..  (0.99996091355262)*x(18) - (2)*x(19) + (0.99996091355262)*x(20) =L= 0 ; (LHS = -3.90864473800434E-5)
     

---- con264  =L=  

con264..  (0.99996091355262)*x(155) - (2)*x(156) + (0.99996091355262)*x(157) =L= 0 ; (LHS = -3.90864473800434E-5)
     

---- con265  =L=  

con265..  (0.99996091355262)*x(154) - (2)*x(155) + (0.99996091355262)*x(156) =L= 0 ; (LHS = -3.90864473800434E-5)
     

---- con266  =L=  

con266..  (0.99996091355262)*x(153) - (2)*x(154) + (0.99996091355262)*x(155) =L= 0 ; (LHS = -3.90864473800434E-5)
     

---- con267  =L=  

con267..  (0.99996091355262)*x(19) - (2)*x(20) + (0.99996091355262)*x(21) =L= 0 ; (LHS = -3.90864473800434E-5)
     

---- con268  =L=  

con268..  (0.99996091355262)*x(152) - (2)*x(153) + (0.99996091355262)*x(154) =L= 0 ; (LHS = -3.90864473800434E-5)
     

---- con269  =L=  

con269..  (0.99996091355262)*x(151) - (2)*x(152) + (0.99996091355262)*x(153) =L= 0 ; (LHS = -3.90864473800434E-5)
     

---- con270  =L=  

con270..  (0.99996091355262)*x(20) - (2)*x(21) + (0.99996091355262)*x(22) =L= 0 ; (LHS = -3.90864473800434E-5)
     

---- con271  =L=  

con271..  (0.99996091355262)*x(150) - (2)*x(151) + (0.99996091355262)*x(152) =L= 0 ; (LHS = -3.90864473800434E-5)
     

---- con272  =L=  

con272..  (0.99996091355262)*x(149) - (2)*x(150) + (0.99996091355262)*x(151) =L= 0 ; (LHS = -3.90864473800434E-5)
     

---- con273  =L=  

con273..  (0.99996091355262)*x(148) - (2)*x(149) + (0.99996091355262)*x(150) =L= 0 ; (LHS = -3.90864473800434E-5)
     

---- con274  =L=  

con274..  (0.99996091355262)*x(21) - (2)*x(22) + (0.99996091355262)*x(23) =L= 0 ; (LHS = -3.90864473800434E-5)
     

---- con275  =L=  

con275..  (0.99996091355262)*x(147) - (2)*x(148) + (0.99996091355262)*x(149) =L= 0 ; (LHS = -3.90864473800434E-5)
     

---- con276  =L=  

con276..  (0.99996091355262)*x(146) - (2)*x(147) + (0.99996091355262)*x(148) =L= 0 ; (LHS = -3.90864473800434E-5)
     

---- con277  =L=  

con277..  (0.99996091355262)*x(145) - (2)*x(146) + (0.99996091355262)*x(147) =L= 0 ; (LHS = -3.90864473800434E-5)
     

---- con278  =L=  

con278..  (0.99996091355262)*x(22) - (2)*x(23) + (0.99996091355262)*x(24) =L= 0 ; (LHS = -3.90864473800434E-5)
     

---- con279  =L=  

con279..  (0.99996091355262)*x(144) - (2)*x(145) + (0.99996091355262)*x(146) =L= 0 ; (LHS = -3.90864473800434E-5)
     

---- con280  =L=  

con280..  (0.99996091355262)*x(143) - (2)*x(144) + (0.99996091355262)*x(145) =L= 0 ; (LHS = -3.90864473800434E-5)
     

---- con281  =L=  

con281..  (0.99996091355262)*x(23) - (2)*x(24) + (0.99996091355262)*x(25) =L= 0 ; (LHS = -3.90864473800434E-5)
     

---- con282  =L=  

con282..  (0.99996091355262)*x(142) - (2)*x(143) + (0.99996091355262)*x(144) =L= 0 ; (LHS = -3.90864473800434E-5)
     

---- con283  =L=  

con283..  (0.99996091355262)*x(141) - (2)*x(142) + (0.99996091355262)*x(143) =L= 0 ; (LHS = -3.90864473800434E-5)
     

---- con284  =L=  

con284..  (0.99996091355262)*x(140) - (2)*x(141) + (0.99996091355262)*x(142) =L= 0 ; (LHS = -3.90864473800434E-5)
     

---- con285  =L=  

con285..  (0.99996091355262)*x(24) - (2)*x(25) + (0.99996091355262)*x(26) =L= 0 ; (LHS = -3.90864473800434E-5)
     

---- con286  =L=  

con286..  (0.99996091355262)*x(139) - (2)*x(140) + (0.99996091355262)*x(141) =L= 0 ; (LHS = -3.90864473800434E-5)
     

---- con287  =L=  

con287..  (0.99996091355262)*x(138) - (2)*x(139) + (0.99996091355262)*x(140) =L= 0 ; (LHS = -3.90864473800434E-5)
     

---- con288  =L=  

con288..  (0.99996091355262)*x(137) - (2)*x(138) + (0.99996091355262)*x(139) =L= 0 ; (LHS = -3.90864473800434E-5)
     

---- con289  =L=  

con289..  (0.99996091355262)*x(25) - (2)*x(26) + (0.99996091355262)*x(27) =L= 0 ; (LHS = -3.90864473800434E-5)
     

---- con290  =L=  

con290..  (0.99996091355262)*x(136) - (2)*x(137) + (0.99996091355262)*x(138) =L= 0 ; (LHS = -3.90864473800434E-5)
     

---- con291  =L=  

con291..  (0.99996091355262)*x(135) - (2)*x(136) + (0.99996091355262)*x(137) =L= 0 ; (LHS = -3.90864473800434E-5)
     

---- con292  =L=  

con292..  (0.99996091355262)*x(26) - (2)*x(27) + (0.99996091355262)*x(28) =L= 0 ; (LHS = -3.90864473800434E-5)
     

---- con293  =L=  

con293..  (0.99996091355262)*x(134) - (2)*x(135) + (0.99996091355262)*x(136) =L= 0 ; (LHS = -3.90864473800434E-5)
     

---- con294  =L=  

con294..  (0.99996091355262)*x(133) - (2)*x(134) + (0.99996091355262)*x(135) =L= 0 ; (LHS = -3.90864473800434E-5)
     

---- con295  =L=  

con295..  (0.99996091355262)*x(132) - (2)*x(133) + (0.99996091355262)*x(134) =L= 0 ; (LHS = -3.90864473800434E-5)
     

---- con296  =L=  

con296..  (0.99996091355262)*x(27) - (2)*x(28) + (0.99996091355262)*x(29) =L= 0 ; (LHS = -3.90864473800434E-5)
     

---- con297  =L=  

con297..  (0.99996091355262)*x(131) - (2)*x(132) + (0.99996091355262)*x(133) =L= 0 ; (LHS = -3.90864473800434E-5)
     

---- con298  =L=  

con298..  (0.99996091355262)*x(130) - (2)*x(131) + (0.99996091355262)*x(132) =L= 0 ; (LHS = -3.90864473800434E-5)
     

---- con299  =L=  

con299..  (0.99996091355262)*x(129) - (2)*x(130) + (0.99996091355262)*x(131) =L= 0 ; (LHS = -3.90864473800434E-5)
     

---- con300  =L=  

con300..  (0.99996091355262)*x(28) - (2)*x(29) + (0.99996091355262)*x(30) =L= 0 ; (LHS = -3.90864473800434E-5)
     

---- con301  =L=  

con301..  (0.99996091355262)*x(128) - (2)*x(129) + (0.99996091355262)*x(130) =L= 0 ; (LHS = -3.90864473800434E-5)
     

---- con302  =L=  

con302..  (0.99996091355262)*x(127) - (2)*x(128) + (0.99996091355262)*x(129) =L= 0 ; (LHS = -3.90864473800434E-5)
     

---- con303  =L=  

con303..  (0.99996091355262)*x(29) - (2)*x(30) + (0.99996091355262)*x(31) =L= 0 ; (LHS = -3.90864473800434E-5)
     

---- con304  =L=  

con304..  (0.99996091355262)*x(126) - (2)*x(127) + (0.99996091355262)*x(128) =L= 0 ; (LHS = -3.90864473800434E-5)
     

---- con305  =L=  

con305..  (0.99996091355262)*x(125) - (2)*x(126) + (0.99996091355262)*x(127) =L= 0 ; (LHS = -3.90864473800434E-5)
     

---- con306  =L=  

con306..  (0.99996091355262)*x(124) - (2)*x(125) + (0.99996091355262)*x(126) =L= 0 ; (LHS = -3.90864473800434E-5)
     

---- con307  =L=  

con307..  (0.99996091355262)*x(30) - (2)*x(31) + (0.99996091355262)*x(32) =L= 0 ; (LHS = -3.90864473800434E-5)
     

---- con308  =L=  

con308..  (0.99996091355262)*x(123) - (2)*x(124) + (0.99996091355262)*x(125) =L= 0 ; (LHS = -3.90864473800434E-5)
     

---- con309  =L=  

con309..  (0.99996091355262)*x(122) - (2)*x(123) + (0.99996091355262)*x(124) =L= 0 ; (LHS = -3.90864473800434E-5)
     

---- con310  =L=  

con310..  (0.99996091355262)*x(121) - (2)*x(122) + (0.99996091355262)*x(123) =L= 0 ; (LHS = -3.90864473800434E-5)
     

---- con311  =L=  

con311..  (0.99996091355262)*x(31) - (2)*x(32) + (0.99996091355262)*x(33) =L= 0 ; (LHS = -3.90864473800434E-5)
     

---- con312  =L=  

con312..  (0.99996091355262)*x(120) - (2)*x(121) + (0.99996091355262)*x(122) =L= 0 ; (LHS = -3.90864473800434E-5)
     

---- con313  =L=  

con313..  (0.99996091355262)*x(119) - (2)*x(120) + (0.99996091355262)*x(121) =L= 0 ; (LHS = -3.90864473800434E-5)
     

---- con314  =L=  

con314..  (0.99996091355262)*x(32) - (2)*x(33) + (0.99996091355262)*x(34) =L= 0 ; (LHS = -3.90864473800434E-5)
     

---- con315  =L=  

con315..  (0.99996091355262)*x(118) - (2)*x(119) + (0.99996091355262)*x(120) =L= 0 ; (LHS = -3.90864473800434E-5)
     

---- con316  =L=  

con316..  (0.99996091355262)*x(117) - (2)*x(118) + (0.99996091355262)*x(119) =L= 0 ; (LHS = -3.90864473800434E-5)
     

---- con317  =L=  

con317..  (0.99996091355262)*x(116) - (2)*x(117) + (0.99996091355262)*x(118) =L= 0 ; (LHS = -3.90864473800434E-5)
     

---- con318  =L=  

con318..  (0.99996091355262)*x(33) - (2)*x(34) + (0.99996091355262)*x(35) =L= 0 ; (LHS = -3.90864473800434E-5)
     

---- con319  =L=  

con319..  (0.99996091355262)*x(115) - (2)*x(116) + (0.99996091355262)*x(117) =L= 0 ; (LHS = -3.90864473800434E-5)
     

---- con320  =L=  

con320..  (0.99996091355262)*x(114) - (2)*x(115) + (0.99996091355262)*x(116) =L= 0 ; (LHS = -3.90864473800434E-5)
     

---- con321  =L=  

con321..  (0.99996091355262)*x(113) - (2)*x(114) + (0.99996091355262)*x(115) =L= 0 ; (LHS = -3.90864473800434E-5)
     

---- con322  =L=  

con322..  (0.99996091355262)*x(34) - (2)*x(35) + (0.99996091355262)*x(36) =L= 0 ; (LHS = -3.90864473800434E-5)
     

---- con323  =L=  

con323..  (0.99996091355262)*x(112) - (2)*x(113) + (0.99996091355262)*x(114) =L= 0 ; (LHS = -3.90864473800434E-5)
     

---- con324  =L=  

con324..  (0.99996091355262)*x(111) - (2)*x(112) + (0.99996091355262)*x(113) =L= 0 ; (LHS = -3.90864473800434E-5)
     

---- con325  =L=  

con325..  (0.99996091355262)*x(35) - (2)*x(36) + (0.99996091355262)*x(37) =L= 0 ; (LHS = -3.90864473800434E-5)
     

---- con326  =L=  

con326..  (0.99996091355262)*x(110) - (2)*x(111) + (0.99996091355262)*x(112) =L= 0 ; (LHS = -3.90864473800434E-5)
     

---- con327  =L=  

con327..  (0.99996091355262)*x(109) - (2)*x(110) + (0.99996091355262)*x(111) =L= 0 ; (LHS = -3.90864473800434E-5)
     

---- con328  =L=  

con328..  (0.99996091355262)*x(108) - (2)*x(109) + (0.99996091355262)*x(110) =L= 0 ; (LHS = -3.90864473800434E-5)
     

---- con329  =L=  

con329..  (0.99996091355262)*x(36) - (2)*x(37) + (0.99996091355262)*x(38) =L= 0 ; (LHS = -3.90864473800434E-5)
     

---- con330  =L=  

con330..  (0.99996091355262)*x(107) - (2)*x(108) + (0.99996091355262)*x(109) =L= 0 ; (LHS = -3.90864473800434E-5)
     

---- con331  =L=  

con331..  (0.99996091355262)*x(106) - (2)*x(107) + (0.99996091355262)*x(108) =L= 0 ; (LHS = -3.90864473800434E-5)
     

---- con332  =L=  

con332..  (0.99996091355262)*x(105) - (2)*x(106) + (0.99996091355262)*x(107) =L= 0 ; (LHS = -3.90864473800434E-5)
     

---- con333  =L=  

con333..  (0.99996091355262)*x(37) - (2)*x(38) + (0.99996091355262)*x(39) =L= 0 ; (LHS = -3.90864473800434E-5)
     

---- con334  =L=  

con334..  (0.99996091355262)*x(104) - (2)*x(105) + (0.99996091355262)*x(106) =L= 0 ; (LHS = -3.90864473800434E-5)
     

---- con335  =L=  

con335..  (0.99996091355262)*x(103) - (2)*x(104) + (0.99996091355262)*x(105) =L= 0 ; (LHS = -3.90864473800434E-5)
     

---- con336  =L=  

con336..  (0.99996091355262)*x(38) - (2)*x(39) + (0.99996091355262)*x(40) =L= 0 ; (LHS = -3.90864473800434E-5)
     

---- con337  =L=  

con337..  (0.99996091355262)*x(102) - (2)*x(103) + (0.99996091355262)*x(104) =L= 0 ; (LHS = -3.90864473800434E-5)
     

---- con338  =L=  

con338..  (0.99996091355262)*x(101) - (2)*x(102) + (0.99996091355262)*x(103) =L= 0 ; (LHS = -3.90864473800434E-5)
     

---- con339  =L=  

con339..  (0.99996091355262)*x(100) - (2)*x(101) + (0.99996091355262)*x(102) =L= 0 ; (LHS = -3.90864473800434E-5)
     

---- con340  =L=  

con340..  (0.99996091355262)*x(39) - (2)*x(40) + (0.99996091355262)*x(41) =L= 0 ; (LHS = -3.90864473800434E-5)
     

---- con341  =L=  

con341..  (0.99996091355262)*x(99) - (2)*x(100) + (0.99996091355262)*x(101) =L= 0 ; (LHS = -3.90864473800434E-5)
     

---- con342  =L=  

con342..  (0.99996091355262)*x(98) - (2)*x(99) + (0.99996091355262)*x(100) =L= 0 ; (LHS = -3.90864473800434E-5)
     

---- con343  =L=  

con343..  (0.99996091355262)*x(97) - (2)*x(98) + (0.99996091355262)*x(99) =L= 0 ; (LHS = -3.90864473800434E-5)
     

---- con344  =L=  

con344..  (0.99996091355262)*x(40) - (2)*x(41) + (0.99996091355262)*x(42) =L= 0 ; (LHS = -3.90864473800434E-5)
     

---- con345  =L=  

con345..  (0.99996091355262)*x(96) - (2)*x(97) + (0.99996091355262)*x(98) =L= 0 ; (LHS = -3.90864473800434E-5)
     

---- con346  =L=  

con346..  (0.99996091355262)*x(95) - (2)*x(96) + (0.99996091355262)*x(97) =L= 0 ; (LHS = -3.90864473800434E-5)
     

---- con347  =L=  

con347..  (0.99996091355262)*x(41) - (2)*x(42) + (0.99996091355262)*x(43) =L= 0 ; (LHS = -3.90864473800434E-5)
     

---- con348  =L=  

con348..  (0.99996091355262)*x(94) - (2)*x(95) + (0.99996091355262)*x(96) =L= 0 ; (LHS = -3.90864473800434E-5)
     

---- con349  =L=  

con349..  (0.99996091355262)*x(93) - (2)*x(94) + (0.99996091355262)*x(95) =L= 0 ; (LHS = -3.90864473800434E-5)
     

---- con350  =L=  

con350..  (0.99996091355262)*x(92) - (2)*x(93) + (0.99996091355262)*x(94) =L= 0 ; (LHS = -3.90864473800434E-5)
     

---- con351  =L=  

con351..  (0.99996091355262)*x(42) - (2)*x(43) + (0.99996091355262)*x(44) =L= 0 ; (LHS = -3.90864473800434E-5)
     

---- con352  =L=  

con352..  (0.99996091355262)*x(91) - (2)*x(92) + (0.99996091355262)*x(93) =L= 0 ; (LHS = -3.90864473800434E-5)
     

---- con353  =L=  

con353..  (0.99996091355262)*x(90) - (2)*x(91) + (0.99996091355262)*x(92) =L= 0 ; (LHS = -3.90864473800434E-5)
     

---- con354  =L=  

con354..  (0.99996091355262)*x(89) - (2)*x(90) + (0.99996091355262)*x(91) =L= 0 ; (LHS = -3.90864473800434E-5)
     

---- con355  =L=  

con355..  (0.99996091355262)*x(43) - (2)*x(44) + (0.99996091355262)*x(45) =L= 0 ; (LHS = -3.90864473800434E-5)
     

---- con356  =L=  

con356..  (0.99996091355262)*x(88) - (2)*x(89) + (0.99996091355262)*x(90) =L= 0 ; (LHS = -3.90864473800434E-5)
     

---- con357  =L=  

con357..  (0.99996091355262)*x(87) - (2)*x(88) + (0.99996091355262)*x(89) =L= 0 ; (LHS = -3.90864473800434E-5)
     

---- con358  =L=  

con358..  (0.99996091355262)*x(44) - (2)*x(45) + (0.99996091355262)*x(46) =L= 0 ; (LHS = -3.90864473800434E-5)
     

---- con359  =L=  

con359..  (0.99996091355262)*x(86) - (2)*x(87) + (0.99996091355262)*x(88) =L= 0 ; (LHS = -3.90864473800434E-5)
     

---- con360  =L=  

con360..  (0.99996091355262)*x(85) - (2)*x(86) + (0.99996091355262)*x(87) =L= 0 ; (LHS = -3.90864473800434E-5)
     

---- con361  =L=  

con361..  (0.99996091355262)*x(84) - (2)*x(85) + (0.99996091355262)*x(86) =L= 0 ; (LHS = -3.90864473800434E-5)
     

---- con362  =L=  

con362..  (0.99996091355262)*x(45) - (2)*x(46) + (0.99996091355262)*x(47) =L= 0 ; (LHS = -3.90864473800434E-5)
     

---- con363  =L=  

con363..  (0.99996091355262)*x(83) - (2)*x(84) + (0.99996091355262)*x(85) =L= 0 ; (LHS = -3.90864473800434E-5)
     

---- con364  =L=  

con364..  (0.99996091355262)*x(82) - (2)*x(83) + (0.99996091355262)*x(84) =L= 0 ; (LHS = -3.90864473800434E-5)
     

---- con365  =L=  

con365..  (0.99996091355262)*x(81) - (2)*x(82) + (0.99996091355262)*x(83) =L= 0 ; (LHS = -3.90864473800434E-5)
     

---- con366  =L=  

con366..  (0.99996091355262)*x(46) - (2)*x(47) + (0.99996091355262)*x(48) =L= 0 ; (LHS = -3.90864473800434E-5)
     

---- con367  =L=  

con367..  (0.99996091355262)*x(80) - (2)*x(81) + (0.99996091355262)*x(82) =L= 0 ; (LHS = -3.90864473800434E-5)
     

---- con368  =L=  

con368..  (0.99996091355262)*x(79) - (2)*x(80) + (0.99996091355262)*x(81) =L= 0 ; (LHS = -3.90864473800434E-5)
     

---- con369  =L=  

con369..  (0.99996091355262)*x(47) - (2)*x(48) + (0.99996091355262)*x(49) =L= 0 ; (LHS = -3.90864473800434E-5)
     

---- con370  =L=  

con370..  (0.99996091355262)*x(78) - (2)*x(79) + (0.99996091355262)*x(80) =L= 0 ; (LHS = -3.90864473800434E-5)
     

---- con371  =L=  

con371..  (0.99996091355262)*x(77) - (2)*x(78) + (0.99996091355262)*x(79) =L= 0 ; (LHS = -3.90864473800434E-5)
     

---- con372  =L=  

con372..  (0.99996091355262)*x(76) - (2)*x(77) + (0.99996091355262)*x(78) =L= 0 ; (LHS = -3.90864473800434E-5)
     

---- con373  =L=  

con373..  (0.99996091355262)*x(48) - (2)*x(49) + (0.99996091355262)*x(50) =L= 0 ; (LHS = -3.90864473800434E-5)
     

---- con374  =L=  

con374..  (0.99996091355262)*x(75) - (2)*x(76) + (0.99996091355262)*x(77) =L= 0 ; (LHS = -3.90864473800434E-5)
     

---- con375  =L=  

con375..  (0.99996091355262)*x(74) - (2)*x(75) + (0.99996091355262)*x(76) =L= 0 ; (LHS = -3.90864473800434E-5)
     

---- con376  =L=  

con376..  (0.99996091355262)*x(73) - (2)*x(74) + (0.99996091355262)*x(75) =L= 0 ; (LHS = -3.90864473800434E-5)
     

---- con377  =L=  

con377..  (0.99996091355262)*x(49) - (2)*x(50) + (0.99996091355262)*x(51) =L= 0 ; (LHS = -3.90864473800434E-5)
     

---- con378  =L=  

con378..  (0.99996091355262)*x(72) - (2)*x(73) + (0.99996091355262)*x(74) =L= 0 ; (LHS = -3.90864473800434E-5)
     

---- con379  =L=  

con379..  (0.99996091355262)*x(71) - (2)*x(72) + (0.99996091355262)*x(73) =L= 0 ; (LHS = -3.90864473800434E-5)
     

---- con380  =L=  

con380..  (0.99996091355262)*x(50) - (2)*x(51) + (0.99996091355262)*x(52) =L= 0 ; (LHS = -3.90864473800434E-5)
     

---- con381  =L=  

con381..  (0.99996091355262)*x(70) - (2)*x(71) + (0.99996091355262)*x(72) =L= 0 ; (LHS = -3.90864473800434E-5)
     

---- con382  =L=  

con382..  (0.99996091355262)*x(69) - (2)*x(70) + (0.99996091355262)*x(71) =L= 0 ; (LHS = -3.90864473800434E-5)
     

---- con383  =L=  

con383..  (0.99996091355262)*x(68) - (2)*x(69) + (0.99996091355262)*x(70) =L= 0 ; (LHS = -3.90864473800434E-5)
     

---- con384  =L=  

con384..  (0.99996091355262)*x(51) - (2)*x(52) + (0.99996091355262)*x(53) =L= 0 ; (LHS = -3.90864473800434E-5)
     

---- con385  =L=  

con385..  (0.99996091355262)*x(67) - (2)*x(68) + (0.99996091355262)*x(69) =L= 0 ; (LHS = -3.90864473800434E-5)
     

---- con386  =L=  

con386..  (0.99996091355262)*x(66) - (2)*x(67) + (0.99996091355262)*x(68) =L= 0 ; (LHS = -3.90864473800434E-5)
     

---- con387  =L=  

con387..  (0.99996091355262)*x(65) - (2)*x(66) + (0.99996091355262)*x(67) =L= 0 ; (LHS = -3.90864473800434E-5)
     

---- con388  =L=  

con388..  (0.99996091355262)*x(52) - (2)*x(53) + (0.99996091355262)*x(54) =L= 0 ; (LHS = -3.90864473800434E-5)
     

---- con389  =L=  

con389..  (0.99996091355262)*x(64) - (2)*x(65) + (0.99996091355262)*x(66) =L= 0 ; (LHS = -3.90864473800434E-5)
     

---- con390  =L=  

con390..  (0.99996091355262)*x(63) - (2)*x(64) + (0.99996091355262)*x(65) =L= 0 ; (LHS = -3.90864473800434E-5)
     

---- con391  =L=  

con391..  (0.99996091355262)*x(53) - (2)*x(54) + (0.99996091355262)*x(55) =L= 0 ; (LHS = -3.90864473800434E-5)
     

---- con392  =L=  

con392..  (0.99996091355262)*x(62) - (2)*x(63) + (0.99996091355262)*x(64) =L= 0 ; (LHS = -3.90864473800434E-5)
     

---- con393  =L=  

con393..  (0.99996091355262)*x(61) - (2)*x(62) + (0.99996091355262)*x(63) =L= 0 ; (LHS = -3.90864473800434E-5)
     

---- con394  =L=  

con394..  (0.99996091355262)*x(60) - (2)*x(61) + (0.99996091355262)*x(62) =L= 0 ; (LHS = -3.90864473800434E-5)
     

---- con395  =L=  

con395..  (0.99996091355262)*x(54) - (2)*x(55) + (0.99996091355262)*x(56) =L= 0 ; (LHS = -3.90864473800434E-5)
     

---- con396  =L=  

con396..  (0.99996091355262)*x(59) - (2)*x(60) + (0.99996091355262)*x(61) =L= 0 ; (LHS = -3.90864473800434E-5)
     

---- con397  =L=  

con397..  (0.99996091355262)*x(58) - (2)*x(59) + (0.99996091355262)*x(60) =L= 0 ; (LHS = -3.90864473800434E-5)
     

---- con398  =L=  

con398..  (0.99996091355262)*x(57) - (2)*x(58) + (0.99996091355262)*x(59) =L= 0 ; (LHS = -3.90864473800434E-5)
     

---- con399  =L=  

con399..  (0.99996091355262)*x(55) - (2)*x(56) + (0.99996091355262)*x(57) =L= 0 ; (LHS = -3.90864473800434E-5)
     

---- con400  =L=  

con400..  (0.99996091355262)*x(56) - (2)*x(57) + (0.99996091355262)*x(58) =L= 0 ; (LHS = -3.90864473800434E-5)
     
GAMS 53.5.1  f2e5fac3 May 20, 2026          WEX-WEI x86 64bit/MS Windows - 06/14/26 21:48:59 Page 3
G e n e r a l   A l g e b r a i c   M o d e l i n g   S y s t e m
Column Listing      SOLVE m Using NLP From line 2610


---- x  

x(1)
                (.LO, .L, .UP, .M = 1, 1, 1.00003908797519, 0)
        0.0157  objcon
        1       con199
       (1)      con200
      (-2)      con203
        0       (OLD LEVEL ****)

x(2)
                (.LO, .L, .UP, .M = 1, 1, 2, 0)
        0.0157  objcon
        1       con198
       -1       con199
      (-2)      con200
       (1)      con203
       (1)      con204
        0       (OLD LEVEL ****)

x(3)
                (.LO, .L, .UP, .M = 1, 1, 2, 0)
        0.0157  objcon
        1       con197
       -1       con198
       (1)      con200
      (-2)      con204
       (1)      con208
        0       (OLD LEVEL ****)

REMAINING 396 ENTRIES SKIPPED

---- obj  

obj
                (.LO, .L, .UP, .M = -INF, 0, +INF, 0)
        1       objcon

GAMS 53.5.1  f2e5fac3 May 20, 2026          WEX-WEI x86 64bit/MS Windows - 06/14/26 21:48:59 Page 4
G e n e r a l   A l g e b r a i c   M o d e l i n g   S y s t e m
Range Statistics    SOLVE m Using NLP From line 2610


RANGE STATISTICS (ABSOLUTE NON-ZERO FINITE VALUES)

RHS       [min, max] : [        NA,        NA] - Zero values observed as well
Bound     [min, max] : [ 9.378E-03, 2.000E+00]
Matrix    [min, max] : [ 1.571E-02, 3.962E+00]

GAMS 53.5.1  f2e5fac3 May 20, 2026          WEX-WEI x86 64bit/MS Windows - 06/14/26 21:48:59 Page 5
G e n e r a l   A l g e b r a i c   M o d e l i n g   S y s t e m
Model Statistics    SOLVE m Using NLP From line 2610


MODEL STATISTICS

BLOCKS OF EQUATIONS         401     SINGLE EQUATIONS          401
BLOCKS OF VARIABLES           2     SINGLE VARIABLES          400  200 projected
NON ZERO ELEMENTS         1,397     NON LINEAR N-Z            599
CODE LENGTH               2,401     CONSTANT POOL              20


GENERATION TIME      =        0.109 SECONDS      4 MB  53.5.1 f2e5fac3 WEX-WEI
GAMS 53.5.1  f2e5fac3 May 20, 2026          WEX-WEI x86 64bit/MS Windows - 06/14/26 21:48:59 Page 6
G e n e r a l   A l g e b r a i c   M o d e l i n g   S y s t e m
Solution Report     SOLVE m Using NLP From line 2610


               S O L V E      S U M M A R Y

     MODEL   m                   OBJECTIVE  obj
     TYPE    NLP                 DIRECTION  MINIMIZE
     SOLVER  CONVERT             FROM LINE  2610

**** SOLVER STATUS     1 Normal Completion
**** MODEL STATUS      14 No Solution Returned
**** OBJECTIVE VALUE                0.0000

 RESOURCE USAGE, LIMIT          0.125 10000000000.000
 ITERATION COUNT, LIMIT         0    2147483647
 EVALUATION ERRORS              0             0

*** Error Cannot open parameter file "C:\Users\edmil\Desktop\benchmark_nlp\convert.opt"
*** Error Error code = 2; No such file or directory

--- Writing Dict      : dict.txt
--- Writing Gams      : gams.gms


No solution returned
GAMS 53.5.1  f2e5fac3 May 20, 2026          WEX-WEI x86 64bit/MS Windows - 06/14/26 21:48:59 Page 7
G e n e r a l   A l g e b r a i c   M o d e l i n g   S y s t e m
E x e c u t i o n


----   2611 VARIABLE x.L  

                      ( ALL       0.000 )


----   2611 VARIABLE obj.L                 =        0.000  


EXECUTION TIME       =        2.343 SECONDS      4 MB  53.5.1 f2e5fac3 WEX-WEI


USER: GAMS Demo, for EULA and demo limitations see   G260130+0003Cc-GEN
      https://www.gams.com/latest/docs/UG%5FLicense.html         DC0000


**** FILE SUMMARY

Input      C:\Users\edmil\Desktop\benchmark_nlp\coconut_gams\camshape200.gms
Output     C:\Users\edmil\Desktop\benchmark_nlp\logs\gams\camshape200.lst
