GAMS 53.5.1  f2e5fac3 May 20, 2026          WEX-WEI x86 64bit/MS Windows - 06/14/26 21:49:15 Page 1
G e n e r a l   A l g e b r a i c   M o d e l i n g   S y s t e m
C o m p i l a t i o n


   1  * GAMS-model catmix200.dag.gms written by dag2gams Converter at 29/03/2004 14:15:15
   2  * University of Vienna
   4   Set i/1*400/;
   5   Set j/1*603/;
   6   Equations objcon
   7  con1
   8  con2
   9  con3
  10  con4
  11  con5
  12  con6
  13  con7
  14  con8
  15  con9
  16  con10
  17  con11
  18  con12
  19  con13
  20  con14
  21  con15
  22  con16
  23  con17
  24  con18
  25  con19
  26  con20
  27  con21
  28  con22
  29  con23
  30  con24
  31  con25
  32  con26
  33  con27
  34  con28
  35  con29
  36  con30
  37  con31
  38  con32
  39  con33
  40  con34
  41  con35
  42  con36
  43  con37
  44  con38
  45  con39
  46  con40
  47  con41
  48  con42
  49  con43
  50  con44
  51  con45
  52  con46
  53  con47
  54  con48
  55  con49
  56  con50
  57  con51
  58  con52
  59  con53
  60  con54
  61  con55
  62  con56
  63  con57
  64  con58
  65  con59
  66  con60
  67  con61
  68  con62
  69  con63
  70  con64
  71  con65
  72  con66
  73  con67
  74  con68
  75  con69
  76  con70
  77  con71
  78  con72
  79  con73
  80  con74
  81  con75
  82  con76
  83  con77
  84  con78
  85  con79
  86  con80
  87  con81
  88  con82
  89  con83
  90  con84
  91  con85
  92  con86
  93  con87
  94  con88
  95  con89
  96  con90
  97  con91
  98  con92
  99  con93
 100  con94
 101  con95
 102  con96
 103  con97
 104  con98
 105  con99
 106  con100
 107  con101
 108  con102
 109  con103
 110  con104
 111  con105
 112  con106
 113  con107
 114  con108
 115  con109
 116  con110
 117  con111
 118  con112
 119  con113
 120  con114
 121  con115
 122  con116
 123  con117
 124  con118
 125  con119
 126  con120
 127  con121
 128  con122
 129  con123
 130  con124
 131  con125
 132  con126
 133  con127
 134  con128
 135  con129
 136  con130
 137  con131
 138  con132
 139  con133
 140  con134
 141  con135
 142  con136
 143  con137
 144  con138
 145  con139
 146  con140
 147  con141
 148  con142
 149  con143
 150  con144
 151  con145
 152  con146
 153  con147
 154  con148
 155  con149
 156  con150
 157  con151
 158  con152
 159  con153
 160  con154
 161  con155
 162  con156
 163  con157
 164  con158
 165  con159
 166  con160
 167  con161
 168  con162
 169  con163
 170  con164
 171  con165
 172  con166
 173  con167
 174  con168
 175  con169
 176  con170
 177  con171
 178  con172
 179  con173
 180  con174
 181  con175
 182  con176
 183  con177
 184  con178
 185  con179
 186  con180
 187  con181
 188  con182
 189  con183
 190  con184
 191  con185
 192  con186
 193  con187
 194  con188
 195  con189
 196  con190
 197  con191
 198  con192
 199  con193
 200  con194
 201  con195
 202  con196
 203  con197
 204  con198
 205  con199
 206  con200
 207  con201
 208  con202
 209  con203
 210  con204
 211  con205
 212  con206
 213  con207
 214  con208
 215  con209
 216  con210
 217  con211
 218  con212
 219  con213
 220  con214
 221  con215
 222  con216
 223  con217
 224  con218
 225  con219
 226  con220
 227  con221
 228  con222
 229  con223
 230  con224
 231  con225
 232  con226
 233  con227
 234  con228
 235  con229
 236  con230
 237  con231
 238  con232
 239  con233
 240  con234
 241  con235
 242  con236
 243  con237
 244  con238
 245  con239
 246  con240
 247  con241
 248  con242
 249  con243
 250  con244
 251  con245
 252  con246
 253  con247
 254  con248
 255  con249
 256  con250
 257  con251
 258  con252
 259  con253
 260  con254
 261  con255
 262  con256
 263  con257
 264  con258
 265  con259
 266  con260
 267  con261
 268  con262
 269  con263
 270  con264
 271  con265
 272  con266
 273  con267
 274  con268
 275  con269
 276  con270
 277  con271
 278  con272
 279  con273
 280  con274
 281  con275
 282  con276
 283  con277
 284  con278
 285  con279
 286  con280
 287  con281
 288  con282
 289  con283
 290  con284
 291  con285
 292  con286
 293  con287
 294  con288
 295  con289
 296  con290
 297  con291
 298  con292
 299  con293
 300  con294
 301  con295
 302  con296
 303  con297
 304  con298
 305  con299
 306  con300
 307  con301
 308  con302
 309  con303
 310  con304
 311  con305
 312  con306
 313  con307
 314  con308
 315  con309
 316  con310
 317  con311
 318  con312
 319  con313
 320  con314
 321  con315
 322  con316
 323  con317
 324  con318
 325  con319
 326  con320
 327  con321
 328  con322
 329  con323
 330  con324
 331  con325
 332  con326
 333  con327
 334  con328
 335  con329
 336  con330
 337  con331
 338  con332
 339  con333
 340  con334
 341  con335
 342  con336
 343  con337
 344  con338
 345  con339
 346  con340
 347  con341
 348  con342
 349  con343
 350  con344
 351  con345
 352  con346
 353  con347
 354  con348
 355  con349
 356  con350
 357  con351
 358  con352
 359  con353
 360  con354
 361  con355
 362  con356
 363  con357
 364  con358
 365  con359
 366  con360
 367  con361
 368  con362
 369  con363
 370  con364
 371  con365
 372  con366
 373  con367
 374  con368
 375  con369
 376  con370
 377  con371
 378  con372
 379  con373
 380  con374
 381  con375
 382  con376
 383  con377
 384  con378
 385  con379
 386  con380
 387  con381
 388  con382
 389  con383
 390  con384
 391  con385
 392  con386
 393  con387
 394  con388
 395  con389
 396  con390
 397  con391
 398  con392
 399  con393
 400  con394
 401  con395
 402  con396
 403  con397
 404  con398
 405  con399
 406  con400
 407  ;
 408  Variables x(j), obj;
 409  * Objective function (to be minimized)
 410  objcon.. obj =e= x('402') +
 411  x('603') - 1;
 412   
 413   
 414  con1.. -x('202') +
 415  x('203') -
 416  0.0025000000000000001 * x('1') * ((- x('202')) +
 417  10 * x('403')) -
 418  0.0025000000000000001 * x('2') * ((- x('203')) +
 419  10 * x('404')) =e= 0;
 420  con2.. -x('602') +
 421  x('603') +
 422  0.0025000000000000001 * ((- x('200')) +
 423  1) * x('602') +
 424  0.0025000000000000001 * ((- x('201')) +
 425  1) * x('603') -
 426  0.0025000000000000001 * x('200') * (x('401') -
 427  10 * x('602')) -
 428  0.0025000000000000001 * x('201') * (x('402') -
 429  10 * x('603')) =e= 0;
 430  con3.. -x('601') +
 431  x('602') +
 432  0.0025000000000000001 * ((- x('199')) +
 433  1) * x('601') +
 434  0.0025000000000000001 * ((- x('200')) +
 435  1) * x('602') -
 436  0.0025000000000000001 * x('199') * (x('400') -
 437  10 * x('601')) -
 438  0.0025000000000000001 * x('200') * (x('401') -
 439  10 * x('602')) =e= 0;
 440  con4.. -x('203') +
 441  x('204') -
 442  0.0025000000000000001 * x('2') * ((- x('203')) +
 443  10 * x('404')) -
 444  0.0025000000000000001 * x('3') * ((- x('204')) +
 445  10 * x('405')) =e= 0;
 446  con5.. -x('600') +
 447  x('601') +
 448  0.0025000000000000001 * ((- x('198')) +
 449  1) * x('600') +
 450  0.0025000000000000001 * ((- x('199')) +
 451  1) * x('601') -
 452  0.0025000000000000001 * x('198') * (x('399') -
 453  10 * x('600')) -
 454  0.0025000000000000001 * x('199') * (x('400') -
 455  10 * x('601')) =e= 0;
 456  con6.. -x('599') +
 457  x('600') +
 458  0.0025000000000000001 * ((- x('197')) +
 459  1) * x('599') +
 460  0.0025000000000000001 * ((- x('198')) +
 461  1) * x('600') -
 462  0.0025000000000000001 * x('197') * (x('398') -
 463  10 * x('599')) -
 464  0.0025000000000000001 * x('198') * (x('399') -
 465  10 * x('600')) =e= 0;
 466  con7.. -x('598') +
 467  x('599') +
 468  0.0025000000000000001 * ((- x('196')) +
 469  1) * x('598') +
 470  0.0025000000000000001 * ((- x('197')) +
 471  1) * x('599') -
 472  0.0025000000000000001 * x('196') * (x('397') -
 473  10 * x('598')) -
 474  0.0025000000000000001 * x('197') * (x('398') -
 475  10 * x('599')) =e= 0;
 476  con8.. -x('204') +
 477  x('205') -
 478  0.0025000000000000001 * x('3') * ((- x('204')) +
 479  10 * x('405')) -
 480  0.0025000000000000001 * x('4') * ((- x('205')) +
 481  10 * x('406')) =e= 0;
 482  con9.. -x('597') +
 483  x('598') +
 484  0.0025000000000000001 * ((- x('195')) +
 485  1) * x('597') +
 486  0.0025000000000000001 * ((- x('196')) +
 487  1) * x('598') -
 488  0.0025000000000000001 * x('195') * (x('396') -
 489  10 * x('597')) -
 490  0.0025000000000000001 * x('196') * (x('397') -
 491  10 * x('598')) =e= 0;
 492  con10.. -x('596') +
 493  x('597') +
 494  0.0025000000000000001 * ((- x('194')) +
 495  1) * x('596') +
 496  0.0025000000000000001 * ((- x('195')) +
 497  1) * x('597') -
 498  0.0025000000000000001 * x('194') * (x('395') -
 499  10 * x('596')) -
 500  0.0025000000000000001 * x('195') * (x('396') -
 501  10 * x('597')) =e= 0;
 502  con11.. -x('595') +
 503  x('596') +
 504  0.0025000000000000001 * ((- x('193')) +
 505  1) * x('595') +
 506  0.0025000000000000001 * ((- x('194')) +
 507  1) * x('596') -
 508  0.0025000000000000001 * x('193') * (x('394') -
 509  10 * x('595')) -
 510  0.0025000000000000001 * x('194') * (x('395') -
 511  10 * x('596')) =e= 0;
 512  con12.. -x('205') +
 513  x('206') -
 514  0.0025000000000000001 * x('4') * ((- x('205')) +
 515  10 * x('406')) -
 516  0.0025000000000000001 * x('5') * ((- x('206')) +
 517  10 * x('407')) =e= 0;
 518  con13.. -x('594') +
 519  x('595') +
 520  0.0025000000000000001 * ((- x('192')) +
 521  1) * x('594') +
 522  0.0025000000000000001 * ((- x('193')) +
 523  1) * x('595') -
 524  0.0025000000000000001 * x('192') * (x('393') -
 525  10 * x('594')) -
 526  0.0025000000000000001 * x('193') * (x('394') -
 527  10 * x('595')) =e= 0;
 528  con14.. -x('593') +
 529  x('594') +
 530  0.0025000000000000001 * ((- x('191')) +
 531  1) * x('593') +
 532  0.0025000000000000001 * ((- x('192')) +
 533  1) * x('594') -
 534  0.0025000000000000001 * x('191') * (x('392') -
 535  10 * x('593')) -
 536  0.0025000000000000001 * x('192') * (x('393') -
 537  10 * x('594')) =e= 0;
 538  con15.. -x('592') +
 539  x('593') +
 540  0.0025000000000000001 * ((- x('190')) +
 541  1) * x('592') +
 542  0.0025000000000000001 * ((- x('191')) +
 543  1) * x('593') -
 544  0.0025000000000000001 * x('190') * (x('391') -
 545  10 * x('592')) -
 546  0.0025000000000000001 * x('191') * (x('392') -
 547  10 * x('593')) =e= 0;
 548  con16.. -x('206') +
 549  x('207') -
 550  0.0025000000000000001 * x('5') * ((- x('206')) +
 551  10 * x('407')) -
 552  0.0025000000000000001 * x('6') * ((- x('207')) +
 553  10 * x('408')) =e= 0;
 554  con17.. -x('591') +
 555  x('592') +
 556  0.0025000000000000001 * ((- x('189')) +
 557  1) * x('591') +
 558  0.0025000000000000001 * ((- x('190')) +
 559  1) * x('592') -
 560  0.0025000000000000001 * x('189') * (x('390') -
 561  10 * x('591')) -
 562  0.0025000000000000001 * x('190') * (x('391') -
 563  10 * x('592')) =e= 0;
 564  con18.. -x('590') +
 565  x('591') +
 566  0.0025000000000000001 * ((- x('188')) +
 567  1) * x('590') +
 568  0.0025000000000000001 * ((- x('189')) +
 569  1) * x('591') -
 570  0.0025000000000000001 * x('188') * (x('389') -
 571  10 * x('590')) -
 572  0.0025000000000000001 * x('189') * (x('390') -
 573  10 * x('591')) =e= 0;
 574  con19.. -x('589') +
 575  x('590') +
 576  0.0025000000000000001 * ((- x('187')) +
 577  1) * x('589') +
 578  0.0025000000000000001 * ((- x('188')) +
 579  1) * x('590') -
 580  0.0025000000000000001 * x('187') * (x('388') -
 581  10 * x('589')) -
 582  0.0025000000000000001 * x('188') * (x('389') -
 583  10 * x('590')) =e= 0;
 584  con20.. -x('207') +
 585  x('208') -
 586  0.0025000000000000001 * x('6') * ((- x('207')) +
 587  10 * x('408')) -
 588  0.0025000000000000001 * x('7') * ((- x('208')) +
 589  10 * x('409')) =e= 0;
 590  con21.. -x('588') +
 591  x('589') +
 592  0.0025000000000000001 * ((- x('186')) +
 593  1) * x('588') +
 594  0.0025000000000000001 * ((- x('187')) +
 595  1) * x('589') -
 596  0.0025000000000000001 * x('186') * (x('387') -
 597  10 * x('588')) -
 598  0.0025000000000000001 * x('187') * (x('388') -
 599  10 * x('589')) =e= 0;
 600  con22.. -x('587') +
 601  x('588') +
 602  0.0025000000000000001 * ((- x('185')) +
 603  1) * x('587') +
 604  0.0025000000000000001 * ((- x('186')) +
 605  1) * x('588') -
 606  0.0025000000000000001 * x('185') * (x('386') -
 607  10 * x('587')) -
 608  0.0025000000000000001 * x('186') * (x('387') -
 609  10 * x('588')) =e= 0;
 610  con23.. -x('586') +
 611  x('587') +
 612  0.0025000000000000001 * ((- x('184')) +
 613  1) * x('586') +
 614  0.0025000000000000001 * ((- x('185')) +
 615  1) * x('587') -
 616  0.0025000000000000001 * x('184') * (x('385') -
 617  10 * x('586')) -
 618  0.0025000000000000001 * x('185') * (x('386') -
 619  10 * x('587')) =e= 0;
 620  con24.. -x('208') +
 621  x('209') -
 622  0.0025000000000000001 * x('7') * ((- x('208')) +
 623  10 * x('409')) -
 624  0.0025000000000000001 * x('8') * ((- x('209')) +
 625  10 * x('410')) =e= 0;
 626  con25.. -x('585') +
 627  x('586') +
 628  0.0025000000000000001 * ((- x('183')) +
 629  1) * x('585') +
 630  0.0025000000000000001 * ((- x('184')) +
 631  1) * x('586') -
 632  0.0025000000000000001 * x('183') * (x('384') -
 633  10 * x('585')) -
 634  0.0025000000000000001 * x('184') * (x('385') -
 635  10 * x('586')) =e= 0;
 636  con26.. -x('584') +
 637  x('585') +
 638  0.0025000000000000001 * ((- x('182')) +
 639  1) * x('584') +
 640  0.0025000000000000001 * ((- x('183')) +
 641  1) * x('585') -
 642  0.0025000000000000001 * x('182') * (x('383') -
 643  10 * x('584')) -
 644  0.0025000000000000001 * x('183') * (x('384') -
 645  10 * x('585')) =e= 0;
 646  con27.. -x('583') +
 647  x('584') +
 648  0.0025000000000000001 * ((- x('181')) +
 649  1) * x('583') +
 650  0.0025000000000000001 * ((- x('182')) +
 651  1) * x('584') -
 652  0.0025000000000000001 * x('181') * (x('382') -
 653  10 * x('583')) -
 654  0.0025000000000000001 * x('182') * (x('383') -
 655  10 * x('584')) =e= 0;
 656  con28.. -x('209') +
 657  x('210') -
 658  0.0025000000000000001 * x('8') * ((- x('209')) +
 659  10 * x('410')) -
 660  0.0025000000000000001 * x('9') * ((- x('210')) +
 661  10 * x('411')) =e= 0;
 662  con29.. -x('582') +
 663  x('583') +
 664  0.0025000000000000001 * ((- x('180')) +
 665  1) * x('582') +
 666  0.0025000000000000001 * ((- x('181')) +
 667  1) * x('583') -
 668  0.0025000000000000001 * x('180') * (x('381') -
 669  10 * x('582')) -
 670  0.0025000000000000001 * x('181') * (x('382') -
 671  10 * x('583')) =e= 0;
 672  con30.. -x('581') +
 673  x('582') +
 674  0.0025000000000000001 * ((- x('179')) +
 675  1) * x('581') +
 676  0.0025000000000000001 * ((- x('180')) +
 677  1) * x('582') -
 678  0.0025000000000000001 * x('179') * (x('380') -
 679  10 * x('581')) -
 680  0.0025000000000000001 * x('180') * (x('381') -
 681  10 * x('582')) =e= 0;
 682  con31.. -x('580') +
 683  x('581') +
 684  0.0025000000000000001 * ((- x('178')) +
 685  1) * x('580') +
 686  0.0025000000000000001 * ((- x('179')) +
 687  1) * x('581') -
 688  0.0025000000000000001 * x('178') * (x('379') -
 689  10 * x('580')) -
 690  0.0025000000000000001 * x('179') * (x('380') -
 691  10 * x('581')) =e= 0;
 692  con32.. -x('210') +
 693  x('211') -
 694  0.0025000000000000001 * x('9') * ((- x('210')) +
 695  10 * x('411')) -
 696  0.0025000000000000001 * x('10') * ((- x('211')) +
 697  10 * x('412')) =e= 0;
 698  con33.. -x('579') +
 699  x('580') +
 700  0.0025000000000000001 * ((- x('177')) +
 701  1) * x('579') +
 702  0.0025000000000000001 * ((- x('178')) +
 703  1) * x('580') -
 704  0.0025000000000000001 * x('177') * (x('378') -
 705  10 * x('579')) -
 706  0.0025000000000000001 * x('178') * (x('379') -
 707  10 * x('580')) =e= 0;
 708  con34.. -x('578') +
 709  x('579') +
 710  0.0025000000000000001 * ((- x('176')) +
 711  1) * x('578') +
 712  0.0025000000000000001 * ((- x('177')) +
 713  1) * x('579') -
 714  0.0025000000000000001 * x('176') * (x('377') -
 715  10 * x('578')) -
 716  0.0025000000000000001 * x('177') * (x('378') -
 717  10 * x('579')) =e= 0;
 718  con35.. -x('577') +
 719  x('578') +
 720  0.0025000000000000001 * ((- x('175')) +
 721  1) * x('577') +
 722  0.0025000000000000001 * ((- x('176')) +
 723  1) * x('578') -
 724  0.0025000000000000001 * x('175') * (x('376') -
 725  10 * x('577')) -
 726  0.0025000000000000001 * x('176') * (x('377') -
 727  10 * x('578')) =e= 0;
 728  con36.. -x('211') +
 729  x('212') -
 730  0.0025000000000000001 * x('10') * ((- x('211')) +
 731  10 * x('412')) -
 732  0.0025000000000000001 * x('11') * ((- x('212')) +
 733  10 * x('413')) =e= 0;
 734  con37.. -x('576') +
 735  x('577') +
 736  0.0025000000000000001 * ((- x('174')) +
 737  1) * x('576') +
 738  0.0025000000000000001 * ((- x('175')) +
 739  1) * x('577') -
 740  0.0025000000000000001 * x('174') * (x('375') -
 741  10 * x('576')) -
 742  0.0025000000000000001 * x('175') * (x('376') -
 743  10 * x('577')) =e= 0;
 744  con38.. -x('575') +
 745  x('576') +
 746  0.0025000000000000001 * ((- x('173')) +
 747  1) * x('575') +
 748  0.0025000000000000001 * ((- x('174')) +
 749  1) * x('576') -
 750  0.0025000000000000001 * x('173') * (x('374') -
 751  10 * x('575')) -
 752  0.0025000000000000001 * x('174') * (x('375') -
 753  10 * x('576')) =e= 0;
 754  con39.. -x('574') +
 755  x('575') +
 756  0.0025000000000000001 * ((- x('172')) +
 757  1) * x('574') +
 758  0.0025000000000000001 * ((- x('173')) +
 759  1) * x('575') -
 760  0.0025000000000000001 * x('172') * (x('373') -
 761  10 * x('574')) -
 762  0.0025000000000000001 * x('173') * (x('374') -
 763  10 * x('575')) =e= 0;
 764  con40.. -x('212') +
 765  x('213') -
 766  0.0025000000000000001 * x('11') * ((- x('212')) +
 767  10 * x('413')) -
 768  0.0025000000000000001 * x('12') * ((- x('213')) +
 769  10 * x('414')) =e= 0;
 770  con41.. -x('573') +
 771  x('574') +
 772  0.0025000000000000001 * ((- x('171')) +
 773  1) * x('573') +
 774  0.0025000000000000001 * ((- x('172')) +
 775  1) * x('574') -
 776  0.0025000000000000001 * x('171') * (x('372') -
 777  10 * x('573')) -
 778  0.0025000000000000001 * x('172') * (x('373') -
 779  10 * x('574')) =e= 0;
 780  con42.. -x('572') +
 781  x('573') +
 782  0.0025000000000000001 * ((- x('170')) +
 783  1) * x('572') +
 784  0.0025000000000000001 * ((- x('171')) +
 785  1) * x('573') -
 786  0.0025000000000000001 * x('170') * (x('371') -
 787  10 * x('572')) -
 788  0.0025000000000000001 * x('171') * (x('372') -
 789  10 * x('573')) =e= 0;
 790  con43.. -x('571') +
 791  x('572') +
 792  0.0025000000000000001 * ((- x('169')) +
 793  1) * x('571') +
 794  0.0025000000000000001 * ((- x('170')) +
 795  1) * x('572') -
 796  0.0025000000000000001 * x('169') * (x('370') -
 797  10 * x('571')) -
 798  0.0025000000000000001 * x('170') * (x('371') -
 799  10 * x('572')) =e= 0;
 800  con44.. -x('213') +
 801  x('214') -
 802  0.0025000000000000001 * x('12') * ((- x('213')) +
 803  10 * x('414')) -
 804  0.0025000000000000001 * x('13') * ((- x('214')) +
 805  10 * x('415')) =e= 0;
 806  con45.. -x('570') +
 807  x('571') +
 808  0.0025000000000000001 * ((- x('168')) +
 809  1) * x('570') +
 810  0.0025000000000000001 * ((- x('169')) +
 811  1) * x('571') -
 812  0.0025000000000000001 * x('168') * (x('369') -
 813  10 * x('570')) -
 814  0.0025000000000000001 * x('169') * (x('370') -
 815  10 * x('571')) =e= 0;
 816  con46.. -x('569') +
 817  x('570') +
 818  0.0025000000000000001 * ((- x('167')) +
 819  1) * x('569') +
 820  0.0025000000000000001 * ((- x('168')) +
 821  1) * x('570') -
 822  0.0025000000000000001 * x('167') * (x('368') -
 823  10 * x('569')) -
 824  0.0025000000000000001 * x('168') * (x('369') -
 825  10 * x('570')) =e= 0;
 826  con47.. -x('568') +
 827  x('569') +
 828  0.0025000000000000001 * ((- x('166')) +
 829  1) * x('568') +
 830  0.0025000000000000001 * ((- x('167')) +
 831  1) * x('569') -
 832  0.0025000000000000001 * x('166') * (x('367') -
 833  10 * x('568')) -
 834  0.0025000000000000001 * x('167') * (x('368') -
 835  10 * x('569')) =e= 0;
 836  con48.. -x('214') +
 837  x('215') -
 838  0.0025000000000000001 * x('13') * ((- x('214')) +
 839  10 * x('415')) -
 840  0.0025000000000000001 * x('14') * ((- x('215')) +
 841  10 * x('416')) =e= 0;
 842  con49.. -x('567') +
 843  x('568') +
 844  0.0025000000000000001 * ((- x('165')) +
 845  1) * x('567') +
 846  0.0025000000000000001 * ((- x('166')) +
 847  1) * x('568') -
 848  0.0025000000000000001 * x('165') * (x('366') -
 849  10 * x('567')) -
 850  0.0025000000000000001 * x('166') * (x('367') -
 851  10 * x('568')) =e= 0;
 852  con50.. -x('566') +
 853  x('567') +
 854  0.0025000000000000001 * ((- x('164')) +
 855  1) * x('566') +
 856  0.0025000000000000001 * ((- x('165')) +
 857  1) * x('567') -
 858  0.0025000000000000001 * x('164') * (x('365') -
 859  10 * x('566')) -
 860  0.0025000000000000001 * x('165') * (x('366') -
 861  10 * x('567')) =e= 0;
 862  con51.. -x('565') +
 863  x('566') +
 864  0.0025000000000000001 * ((- x('163')) +
 865  1) * x('565') +
 866  0.0025000000000000001 * ((- x('164')) +
 867  1) * x('566') -
 868  0.0025000000000000001 * x('163') * (x('364') -
 869  10 * x('565')) -
 870  0.0025000000000000001 * x('164') * (x('365') -
 871  10 * x('566')) =e= 0;
 872  con52.. -x('215') +
 873  x('216') -
 874  0.0025000000000000001 * x('14') * ((- x('215')) +
 875  10 * x('416')) -
 876  0.0025000000000000001 * x('15') * ((- x('216')) +
 877  10 * x('417')) =e= 0;
 878  con53.. -x('564') +
 879  x('565') +
 880  0.0025000000000000001 * ((- x('162')) +
 881  1) * x('564') +
 882  0.0025000000000000001 * ((- x('163')) +
 883  1) * x('565') -
 884  0.0025000000000000001 * x('162') * (x('363') -
 885  10 * x('564')) -
 886  0.0025000000000000001 * x('163') * (x('364') -
 887  10 * x('565')) =e= 0;
 888  con54.. -x('563') +
 889  x('564') +
 890  0.0025000000000000001 * ((- x('161')) +
 891  1) * x('563') +
 892  0.0025000000000000001 * ((- x('162')) +
 893  1) * x('564') -
 894  0.0025000000000000001 * x('161') * (x('362') -
 895  10 * x('563')) -
 896  0.0025000000000000001 * x('162') * (x('363') -
 897  10 * x('564')) =e= 0;
 898  con55.. -x('562') +
 899  x('563') +
 900  0.0025000000000000001 * ((- x('160')) +
 901  1) * x('562') +
 902  0.0025000000000000001 * ((- x('161')) +
 903  1) * x('563') -
 904  0.0025000000000000001 * x('160') * (x('361') -
 905  10 * x('562')) -
 906  0.0025000000000000001 * x('161') * (x('362') -
 907  10 * x('563')) =e= 0;
 908  con56.. -x('216') +
 909  x('217') -
 910  0.0025000000000000001 * x('15') * ((- x('216')) +
 911  10 * x('417')) -
 912  0.0025000000000000001 * x('16') * ((- x('217')) +
 913  10 * x('418')) =e= 0;
 914  con57.. -x('561') +
 915  x('562') +
 916  0.0025000000000000001 * ((- x('159')) +
 917  1) * x('561') +
 918  0.0025000000000000001 * ((- x('160')) +
 919  1) * x('562') -
 920  0.0025000000000000001 * x('159') * (x('360') -
 921  10 * x('561')) -
 922  0.0025000000000000001 * x('160') * (x('361') -
 923  10 * x('562')) =e= 0;
 924  con58.. -x('560') +
 925  x('561') +
 926  0.0025000000000000001 * ((- x('158')) +
 927  1) * x('560') +
 928  0.0025000000000000001 * ((- x('159')) +
 929  1) * x('561') -
 930  0.0025000000000000001 * x('158') * (x('359') -
 931  10 * x('560')) -
 932  0.0025000000000000001 * x('159') * (x('360') -
 933  10 * x('561')) =e= 0;
 934  con59.. -x('559') +
 935  x('560') +
 936  0.0025000000000000001 * ((- x('157')) +
 937  1) * x('559') +
 938  0.0025000000000000001 * ((- x('158')) +
 939  1) * x('560') -
 940  0.0025000000000000001 * x('157') * (x('358') -
 941  10 * x('559')) -
 942  0.0025000000000000001 * x('158') * (x('359') -
 943  10 * x('560')) =e= 0;
 944  con60.. -x('217') +
 945  x('218') -
 946  0.0025000000000000001 * x('16') * ((- x('217')) +
 947  10 * x('418')) -
 948  0.0025000000000000001 * x('17') * ((- x('218')) +
 949  10 * x('419')) =e= 0;
 950  con61.. -x('558') +
 951  x('559') +
 952  0.0025000000000000001 * ((- x('156')) +
 953  1) * x('558') +
 954  0.0025000000000000001 * ((- x('157')) +
 955  1) * x('559') -
 956  0.0025000000000000001 * x('156') * (x('357') -
 957  10 * x('558')) -
 958  0.0025000000000000001 * x('157') * (x('358') -
 959  10 * x('559')) =e= 0;
 960  con62.. -x('557') +
 961  x('558') +
 962  0.0025000000000000001 * ((- x('155')) +
 963  1) * x('557') +
 964  0.0025000000000000001 * ((- x('156')) +
 965  1) * x('558') -
 966  0.0025000000000000001 * x('155') * (x('356') -
 967  10 * x('557')) -
 968  0.0025000000000000001 * x('156') * (x('357') -
 969  10 * x('558')) =e= 0;
 970  con63.. -x('556') +
 971  x('557') +
 972  0.0025000000000000001 * ((- x('154')) +
 973  1) * x('556') +
 974  0.0025000000000000001 * ((- x('155')) +
 975  1) * x('557') -
 976  0.0025000000000000001 * x('154') * (x('355') -
 977  10 * x('556')) -
 978  0.0025000000000000001 * x('155') * (x('356') -
 979  10 * x('557')) =e= 0;
 980  con64.. -x('218') +
 981  x('219') -
 982  0.0025000000000000001 * x('17') * ((- x('218')) +
 983  10 * x('419')) -
 984  0.0025000000000000001 * x('18') * ((- x('219')) +
 985  10 * x('420')) =e= 0;
 986  con65.. -x('555') +
 987  x('556') +
 988  0.0025000000000000001 * ((- x('153')) +
 989  1) * x('555') +
 990  0.0025000000000000001 * ((- x('154')) +
 991  1) * x('556') -
 992  0.0025000000000000001 * x('153') * (x('354') -
 993  10 * x('555')) -
 994  0.0025000000000000001 * x('154') * (x('355') -
 995  10 * x('556')) =e= 0;
 996  con66.. -x('554') +
 997  x('555') +
 998  0.0025000000000000001 * ((- x('152')) +
 999  1) * x('554') +
1000  0.0025000000000000001 * ((- x('153')) +
1001  1) * x('555') -
1002  0.0025000000000000001 * x('152') * (x('353') -
1003  10 * x('554')) -
1004  0.0025000000000000001 * x('153') * (x('354') -
1005  10 * x('555')) =e= 0;
1006  con67.. -x('553') +
1007  x('554') +
1008  0.0025000000000000001 * ((- x('151')) +
1009  1) * x('553') +
1010  0.0025000000000000001 * ((- x('152')) +
1011  1) * x('554') -
1012  0.0025000000000000001 * x('151') * (x('352') -
1013  10 * x('553')) -
1014  0.0025000000000000001 * x('152') * (x('353') -
1015  10 * x('554')) =e= 0;
1016  con68.. -x('219') +
1017  x('220') -
1018  0.0025000000000000001 * x('18') * ((- x('219')) +
1019  10 * x('420')) -
1020  0.0025000000000000001 * x('19') * ((- x('220')) +
1021  10 * x('421')) =e= 0;
1022  con69.. -x('552') +
1023  x('553') +
1024  0.0025000000000000001 * ((- x('150')) +
1025  1) * x('552') +
1026  0.0025000000000000001 * ((- x('151')) +
1027  1) * x('553') -
1028  0.0025000000000000001 * x('150') * (x('351') -
1029  10 * x('552')) -
1030  0.0025000000000000001 * x('151') * (x('352') -
1031  10 * x('553')) =e= 0;
1032  con70.. -x('551') +
1033  x('552') +
1034  0.0025000000000000001 * ((- x('149')) +
1035  1) * x('551') +
1036  0.0025000000000000001 * ((- x('150')) +
1037  1) * x('552') -
1038  0.0025000000000000001 * x('149') * (x('350') -
1039  10 * x('551')) -
1040  0.0025000000000000001 * x('150') * (x('351') -
1041  10 * x('552')) =e= 0;
1042  con71.. -x('550') +
1043  x('551') +
1044  0.0025000000000000001 * ((- x('148')) +
1045  1) * x('550') +
1046  0.0025000000000000001 * ((- x('149')) +
1047  1) * x('551') -
1048  0.0025000000000000001 * x('148') * (x('349') -
1049  10 * x('550')) -
1050  0.0025000000000000001 * x('149') * (x('350') -
1051  10 * x('551')) =e= 0;
1052  con72.. -x('220') +
1053  x('221') -
1054  0.0025000000000000001 * x('19') * ((- x('220')) +
1055  10 * x('421')) -
1056  0.0025000000000000001 * x('20') * ((- x('221')) +
1057  10 * x('422')) =e= 0;
1058  con73.. -x('549') +
1059  x('550') +
1060  0.0025000000000000001 * ((- x('147')) +
1061  1) * x('549') +
1062  0.0025000000000000001 * ((- x('148')) +
1063  1) * x('550') -
1064  0.0025000000000000001 * x('147') * (x('348') -
1065  10 * x('549')) -
1066  0.0025000000000000001 * x('148') * (x('349') -
1067  10 * x('550')) =e= 0;
1068  con74.. -x('548') +
1069  x('549') +
1070  0.0025000000000000001 * ((- x('146')) +
1071  1) * x('548') +
1072  0.0025000000000000001 * ((- x('147')) +
1073  1) * x('549') -
1074  0.0025000000000000001 * x('146') * (x('347') -
1075  10 * x('548')) -
1076  0.0025000000000000001 * x('147') * (x('348') -
1077  10 * x('549')) =e= 0;
1078  con75.. -x('547') +
1079  x('548') +
1080  0.0025000000000000001 * ((- x('145')) +
1081  1) * x('547') +
1082  0.0025000000000000001 * ((- x('146')) +
1083  1) * x('548') -
1084  0.0025000000000000001 * x('145') * (x('346') -
1085  10 * x('547')) -
1086  0.0025000000000000001 * x('146') * (x('347') -
1087  10 * x('548')) =e= 0;
1088  con76.. -x('221') +
1089  x('222') -
1090  0.0025000000000000001 * x('20') * ((- x('221')) +
1091  10 * x('422')) -
1092  0.0025000000000000001 * x('21') * ((- x('222')) +
1093  10 * x('423')) =e= 0;
1094  con77.. -x('546') +
1095  x('547') +
1096  0.0025000000000000001 * ((- x('144')) +
1097  1) * x('546') +
1098  0.0025000000000000001 * ((- x('145')) +
1099  1) * x('547') -
1100  0.0025000000000000001 * x('144') * (x('345') -
1101  10 * x('546')) -
1102  0.0025000000000000001 * x('145') * (x('346') -
1103  10 * x('547')) =e= 0;
1104  con78.. -x('545') +
1105  x('546') +
1106  0.0025000000000000001 * ((- x('143')) +
1107  1) * x('545') +
1108  0.0025000000000000001 * ((- x('144')) +
1109  1) * x('546') -
1110  0.0025000000000000001 * x('143') * (x('344') -
1111  10 * x('545')) -
1112  0.0025000000000000001 * x('144') * (x('345') -
1113  10 * x('546')) =e= 0;
1114  con79.. -x('544') +
1115  x('545') +
1116  0.0025000000000000001 * ((- x('142')) +
1117  1) * x('544') +
1118  0.0025000000000000001 * ((- x('143')) +
1119  1) * x('545') -
1120  0.0025000000000000001 * x('142') * (x('343') -
1121  10 * x('544')) -
1122  0.0025000000000000001 * x('143') * (x('344') -
1123  10 * x('545')) =e= 0;
1124  con80.. -x('222') +
1125  x('223') -
1126  0.0025000000000000001 * x('21') * ((- x('222')) +
1127  10 * x('423')) -
1128  0.0025000000000000001 * x('22') * ((- x('223')) +
1129  10 * x('424')) =e= 0;
1130  con81.. -x('543') +
1131  x('544') +
1132  0.0025000000000000001 * ((- x('141')) +
1133  1) * x('543') +
1134  0.0025000000000000001 * ((- x('142')) +
1135  1) * x('544') -
1136  0.0025000000000000001 * x('141') * (x('342') -
1137  10 * x('543')) -
1138  0.0025000000000000001 * x('142') * (x('343') -
1139  10 * x('544')) =e= 0;
1140  con82.. -x('542') +
1141  x('543') +
1142  0.0025000000000000001 * ((- x('140')) +
1143  1) * x('542') +
1144  0.0025000000000000001 * ((- x('141')) +
1145  1) * x('543') -
1146  0.0025000000000000001 * x('140') * (x('341') -
1147  10 * x('542')) -
1148  0.0025000000000000001 * x('141') * (x('342') -
1149  10 * x('543')) =e= 0;
1150  con83.. -x('541') +
1151  x('542') +
1152  0.0025000000000000001 * ((- x('139')) +
1153  1) * x('541') +
1154  0.0025000000000000001 * ((- x('140')) +
1155  1) * x('542') -
1156  0.0025000000000000001 * x('139') * (x('340') -
1157  10 * x('541')) -
1158  0.0025000000000000001 * x('140') * (x('341') -
1159  10 * x('542')) =e= 0;
1160  con84.. -x('223') +
1161  x('224') -
1162  0.0025000000000000001 * x('22') * ((- x('223')) +
1163  10 * x('424')) -
1164  0.0025000000000000001 * x('23') * ((- x('224')) +
1165  10 * x('425')) =e= 0;
1166  con85.. -x('540') +
1167  x('541') +
1168  0.0025000000000000001 * ((- x('138')) +
1169  1) * x('540') +
1170  0.0025000000000000001 * ((- x('139')) +
1171  1) * x('541') -
1172  0.0025000000000000001 * x('138') * (x('339') -
1173  10 * x('540')) -
1174  0.0025000000000000001 * x('139') * (x('340') -
1175  10 * x('541')) =e= 0;
1176  con86.. -x('539') +
1177  x('540') +
1178  0.0025000000000000001 * ((- x('137')) +
1179  1) * x('539') +
1180  0.0025000000000000001 * ((- x('138')) +
1181  1) * x('540') -
1182  0.0025000000000000001 * x('137') * (x('338') -
1183  10 * x('539')) -
1184  0.0025000000000000001 * x('138') * (x('339') -
1185  10 * x('540')) =e= 0;
1186  con87.. -x('538') +
1187  x('539') +
1188  0.0025000000000000001 * ((- x('136')) +
1189  1) * x('538') +
1190  0.0025000000000000001 * ((- x('137')) +
1191  1) * x('539') -
1192  0.0025000000000000001 * x('136') * (x('337') -
1193  10 * x('538')) -
1194  0.0025000000000000001 * x('137') * (x('338') -
1195  10 * x('539')) =e= 0;
1196  con88.. -x('224') +
1197  x('225') -
1198  0.0025000000000000001 * x('23') * ((- x('224')) +
1199  10 * x('425')) -
1200  0.0025000000000000001 * x('24') * ((- x('225')) +
1201  10 * x('426')) =e= 0;
1202  con89.. -x('537') +
1203  x('538') +
1204  0.0025000000000000001 * ((- x('135')) +
1205  1) * x('537') +
1206  0.0025000000000000001 * ((- x('136')) +
1207  1) * x('538') -
1208  0.0025000000000000001 * x('135') * (x('336') -
1209  10 * x('537')) -
1210  0.0025000000000000001 * x('136') * (x('337') -
1211  10 * x('538')) =e= 0;
1212  con90.. -x('536') +
1213  x('537') +
1214  0.0025000000000000001 * ((- x('134')) +
1215  1) * x('536') +
1216  0.0025000000000000001 * ((- x('135')) +
1217  1) * x('537') -
1218  0.0025000000000000001 * x('134') * (x('335') -
1219  10 * x('536')) -
1220  0.0025000000000000001 * x('135') * (x('336') -
1221  10 * x('537')) =e= 0;
1222  con91.. -x('535') +
1223  x('536') +
1224  0.0025000000000000001 * ((- x('133')) +
1225  1) * x('535') +
1226  0.0025000000000000001 * ((- x('134')) +
1227  1) * x('536') -
1228  0.0025000000000000001 * x('133') * (x('334') -
1229  10 * x('535')) -
1230  0.0025000000000000001 * x('134') * (x('335') -
1231  10 * x('536')) =e= 0;
1232  con92.. -x('225') +
1233  x('226') -
1234  0.0025000000000000001 * x('24') * ((- x('225')) +
1235  10 * x('426')) -
1236  0.0025000000000000001 * x('25') * ((- x('226')) +
1237  10 * x('427')) =e= 0;
1238  con93.. -x('534') +
1239  x('535') +
1240  0.0025000000000000001 * ((- x('132')) +
1241  1) * x('534') +
1242  0.0025000000000000001 * ((- x('133')) +
1243  1) * x('535') -
1244  0.0025000000000000001 * x('132') * (x('333') -
1245  10 * x('534')) -
1246  0.0025000000000000001 * x('133') * (x('334') -
1247  10 * x('535')) =e= 0;
1248  con94.. -x('533') +
1249  x('534') +
1250  0.0025000000000000001 * ((- x('131')) +
1251  1) * x('533') +
1252  0.0025000000000000001 * ((- x('132')) +
1253  1) * x('534') -
1254  0.0025000000000000001 * x('131') * (x('332') -
1255  10 * x('533')) -
1256  0.0025000000000000001 * x('132') * (x('333') -
1257  10 * x('534')) =e= 0;
1258  con95.. -x('532') +
1259  x('533') +
1260  0.0025000000000000001 * ((- x('130')) +
1261  1) * x('532') +
1262  0.0025000000000000001 * ((- x('131')) +
1263  1) * x('533') -
1264  0.0025000000000000001 * x('130') * (x('331') -
1265  10 * x('532')) -
1266  0.0025000000000000001 * x('131') * (x('332') -
1267  10 * x('533')) =e= 0;
1268  con96.. -x('226') +
1269  x('227') -
1270  0.0025000000000000001 * x('25') * ((- x('226')) +
1271  10 * x('427')) -
1272  0.0025000000000000001 * x('26') * ((- x('227')) +
1273  10 * x('428')) =e= 0;
1274  con97.. -x('531') +
1275  x('532') +
1276  0.0025000000000000001 * ((- x('129')) +
1277  1) * x('531') +
1278  0.0025000000000000001 * ((- x('130')) +
1279  1) * x('532') -
1280  0.0025000000000000001 * x('129') * (x('330') -
1281  10 * x('531')) -
1282  0.0025000000000000001 * x('130') * (x('331') -
1283  10 * x('532')) =e= 0;
1284  con98.. -x('530') +
1285  x('531') +
1286  0.0025000000000000001 * ((- x('128')) +
1287  1) * x('530') +
1288  0.0025000000000000001 * ((- x('129')) +
1289  1) * x('531') -
1290  0.0025000000000000001 * x('128') * (x('329') -
1291  10 * x('530')) -
1292  0.0025000000000000001 * x('129') * (x('330') -
1293  10 * x('531')) =e= 0;
1294  con99.. -x('529') +
1295  x('530') +
1296  0.0025000000000000001 * ((- x('127')) +
1297  1) * x('529') +
1298  0.0025000000000000001 * ((- x('128')) +
1299  1) * x('530') -
1300  0.0025000000000000001 * x('127') * (x('328') -
1301  10 * x('529')) -
1302  0.0025000000000000001 * x('128') * (x('329') -
1303  10 * x('530')) =e= 0;
1304  con100.. -x('227') +
1305  x('228') -
1306  0.0025000000000000001 * x('26') * ((- x('227')) +
1307  10 * x('428')) -
1308  0.0025000000000000001 * x('27') * ((- x('228')) +
1309  10 * x('429')) =e= 0;
1310  con101.. -x('528') +
1311  x('529') +
1312  0.0025000000000000001 * ((- x('126')) +
1313  1) * x('528') +
1314  0.0025000000000000001 * ((- x('127')) +
1315  1) * x('529') -
1316  0.0025000000000000001 * x('126') * (x('327') -
1317  10 * x('528')) -
1318  0.0025000000000000001 * x('127') * (x('328') -
1319  10 * x('529')) =e= 0;
1320  con102.. -x('527') +
1321  x('528') +
1322  0.0025000000000000001 * ((- x('125')) +
1323  1) * x('527') +
1324  0.0025000000000000001 * ((- x('126')) +
1325  1) * x('528') -
1326  0.0025000000000000001 * x('125') * (x('326') -
1327  10 * x('527')) -
1328  0.0025000000000000001 * x('126') * (x('327') -
1329  10 * x('528')) =e= 0;
1330  con103.. -x('526') +
1331  x('527') +
1332  0.0025000000000000001 * ((- x('124')) +
1333  1) * x('526') +
1334  0.0025000000000000001 * ((- x('125')) +
1335  1) * x('527') -
1336  0.0025000000000000001 * x('124') * (x('325') -
1337  10 * x('526')) -
1338  0.0025000000000000001 * x('125') * (x('326') -
1339  10 * x('527')) =e= 0;
1340  con104.. -x('228') +
1341  x('229') -
1342  0.0025000000000000001 * x('27') * ((- x('228')) +
1343  10 * x('429')) -
1344  0.0025000000000000001 * x('28') * ((- x('229')) +
1345  10 * x('430')) =e= 0;
1346  con105.. -x('525') +
1347  x('526') +
1348  0.0025000000000000001 * ((- x('123')) +
1349  1) * x('525') +
1350  0.0025000000000000001 * ((- x('124')) +
1351  1) * x('526') -
1352  0.0025000000000000001 * x('123') * (x('324') -
1353  10 * x('525')) -
1354  0.0025000000000000001 * x('124') * (x('325') -
1355  10 * x('526')) =e= 0;
1356  con106.. -x('524') +
1357  x('525') +
1358  0.0025000000000000001 * ((- x('122')) +
1359  1) * x('524') +
1360  0.0025000000000000001 * ((- x('123')) +
1361  1) * x('525') -
1362  0.0025000000000000001 * x('122') * (x('323') -
1363  10 * x('524')) -
1364  0.0025000000000000001 * x('123') * (x('324') -
1365  10 * x('525')) =e= 0;
1366  con107.. -x('523') +
1367  x('524') +
1368  0.0025000000000000001 * ((- x('121')) +
1369  1) * x('523') +
1370  0.0025000000000000001 * ((- x('122')) +
1371  1) * x('524') -
1372  0.0025000000000000001 * x('121') * (x('322') -
1373  10 * x('523')) -
1374  0.0025000000000000001 * x('122') * (x('323') -
1375  10 * x('524')) =e= 0;
1376  con108.. -x('229') +
1377  x('230') -
1378  0.0025000000000000001 * x('28') * ((- x('229')) +
1379  10 * x('430')) -
1380  0.0025000000000000001 * x('29') * ((- x('230')) +
1381  10 * x('431')) =e= 0;
1382  con109.. -x('522') +
1383  x('523') +
1384  0.0025000000000000001 * ((- x('120')) +
1385  1) * x('522') +
1386  0.0025000000000000001 * ((- x('121')) +
1387  1) * x('523') -
1388  0.0025000000000000001 * x('120') * (x('321') -
1389  10 * x('522')) -
1390  0.0025000000000000001 * x('121') * (x('322') -
1391  10 * x('523')) =e= 0;
1392  con110.. -x('521') +
1393  x('522') +
1394  0.0025000000000000001 * ((- x('119')) +
1395  1) * x('521') +
1396  0.0025000000000000001 * ((- x('120')) +
1397  1) * x('522') -
1398  0.0025000000000000001 * x('119') * (x('320') -
1399  10 * x('521')) -
1400  0.0025000000000000001 * x('120') * (x('321') -
1401  10 * x('522')) =e= 0;
1402  con111.. -x('520') +
1403  x('521') +
1404  0.0025000000000000001 * ((- x('118')) +
1405  1) * x('520') +
1406  0.0025000000000000001 * ((- x('119')) +
1407  1) * x('521') -
1408  0.0025000000000000001 * x('118') * (x('319') -
1409  10 * x('520')) -
1410  0.0025000000000000001 * x('119') * (x('320') -
1411  10 * x('521')) =e= 0;
1412  con112.. -x('230') +
1413  x('231') -
1414  0.0025000000000000001 * x('29') * ((- x('230')) +
1415  10 * x('431')) -
1416  0.0025000000000000001 * x('30') * ((- x('231')) +
1417  10 * x('432')) =e= 0;
1418  con113.. -x('519') +
1419  x('520') +
1420  0.0025000000000000001 * ((- x('117')) +
1421  1) * x('519') +
1422  0.0025000000000000001 * ((- x('118')) +
1423  1) * x('520') -
1424  0.0025000000000000001 * x('117') * (x('318') -
1425  10 * x('519')) -
1426  0.0025000000000000001 * x('118') * (x('319') -
1427  10 * x('520')) =e= 0;
1428  con114.. -x('518') +
1429  x('519') +
1430  0.0025000000000000001 * ((- x('116')) +
1431  1) * x('518') +
1432  0.0025000000000000001 * ((- x('117')) +
1433  1) * x('519') -
1434  0.0025000000000000001 * x('116') * (x('317') -
1435  10 * x('518')) -
1436  0.0025000000000000001 * x('117') * (x('318') -
1437  10 * x('519')) =e= 0;
1438  con115.. -x('517') +
1439  x('518') +
1440  0.0025000000000000001 * ((- x('115')) +
1441  1) * x('517') +
1442  0.0025000000000000001 * ((- x('116')) +
1443  1) * x('518') -
1444  0.0025000000000000001 * x('115') * (x('316') -
1445  10 * x('517')) -
1446  0.0025000000000000001 * x('116') * (x('317') -
1447  10 * x('518')) =e= 0;
1448  con116.. -x('231') +
1449  x('232') -
1450  0.0025000000000000001 * x('30') * ((- x('231')) +
1451  10 * x('432')) -
1452  0.0025000000000000001 * x('31') * ((- x('232')) +
1453  10 * x('433')) =e= 0;
1454  con117.. -x('516') +
1455  x('517') +
1456  0.0025000000000000001 * ((- x('114')) +
1457  1) * x('516') +
1458  0.0025000000000000001 * ((- x('115')) +
1459  1) * x('517') -
1460  0.0025000000000000001 * x('114') * (x('315') -
1461  10 * x('516')) -
1462  0.0025000000000000001 * x('115') * (x('316') -
1463  10 * x('517')) =e= 0;
1464  con118.. -x('515') +
1465  x('516') +
1466  0.0025000000000000001 * ((- x('113')) +
1467  1) * x('515') +
1468  0.0025000000000000001 * ((- x('114')) +
1469  1) * x('516') -
1470  0.0025000000000000001 * x('113') * (x('314') -
1471  10 * x('515')) -
1472  0.0025000000000000001 * x('114') * (x('315') -
1473  10 * x('516')) =e= 0;
1474  con119.. -x('514') +
1475  x('515') +
1476  0.0025000000000000001 * ((- x('112')) +
1477  1) * x('514') +
1478  0.0025000000000000001 * ((- x('113')) +
1479  1) * x('515') -
1480  0.0025000000000000001 * x('112') * (x('313') -
1481  10 * x('514')) -
1482  0.0025000000000000001 * x('113') * (x('314') -
1483  10 * x('515')) =e= 0;
1484  con120.. -x('232') +
1485  x('233') -
1486  0.0025000000000000001 * x('31') * ((- x('232')) +
1487  10 * x('433')) -
1488  0.0025000000000000001 * x('32') * ((- x('233')) +
1489  10 * x('434')) =e= 0;
1490  con121.. -x('513') +
1491  x('514') +
1492  0.0025000000000000001 * ((- x('111')) +
1493  1) * x('513') +
1494  0.0025000000000000001 * ((- x('112')) +
1495  1) * x('514') -
1496  0.0025000000000000001 * x('111') * (x('312') -
1497  10 * x('513')) -
1498  0.0025000000000000001 * x('112') * (x('313') -
1499  10 * x('514')) =e= 0;
1500  con122.. -x('512') +
1501  x('513') +
1502  0.0025000000000000001 * ((- x('110')) +
1503  1) * x('512') +
1504  0.0025000000000000001 * ((- x('111')) +
1505  1) * x('513') -
1506  0.0025000000000000001 * x('110') * (x('311') -
1507  10 * x('512')) -
1508  0.0025000000000000001 * x('111') * (x('312') -
1509  10 * x('513')) =e= 0;
1510  con123.. -x('511') +
1511  x('512') +
1512  0.0025000000000000001 * ((- x('109')) +
1513  1) * x('511') +
1514  0.0025000000000000001 * ((- x('110')) +
1515  1) * x('512') -
1516  0.0025000000000000001 * x('109') * (x('310') -
1517  10 * x('511')) -
1518  0.0025000000000000001 * x('110') * (x('311') -
1519  10 * x('512')) =e= 0;
1520  con124.. -x('233') +
1521  x('234') -
1522  0.0025000000000000001 * x('32') * ((- x('233')) +
1523  10 * x('434')) -
1524  0.0025000000000000001 * x('33') * ((- x('234')) +
1525  10 * x('435')) =e= 0;
1526  con125.. -x('510') +
1527  x('511') +
1528  0.0025000000000000001 * ((- x('108')) +
1529  1) * x('510') +
1530  0.0025000000000000001 * ((- x('109')) +
1531  1) * x('511') -
1532  0.0025000000000000001 * x('108') * (x('309') -
1533  10 * x('510')) -
1534  0.0025000000000000001 * x('109') * (x('310') -
1535  10 * x('511')) =e= 0;
1536  con126.. -x('509') +
1537  x('510') +
1538  0.0025000000000000001 * ((- x('107')) +
1539  1) * x('509') +
1540  0.0025000000000000001 * ((- x('108')) +
1541  1) * x('510') -
1542  0.0025000000000000001 * x('107') * (x('308') -
1543  10 * x('509')) -
1544  0.0025000000000000001 * x('108') * (x('309') -
1545  10 * x('510')) =e= 0;
1546  con127.. -x('508') +
1547  x('509') +
1548  0.0025000000000000001 * ((- x('106')) +
1549  1) * x('508') +
1550  0.0025000000000000001 * ((- x('107')) +
1551  1) * x('509') -
1552  0.0025000000000000001 * x('106') * (x('307') -
1553  10 * x('508')) -
1554  0.0025000000000000001 * x('107') * (x('308') -
1555  10 * x('509')) =e= 0;
1556  con128.. -x('234') +
1557  x('235') -
1558  0.0025000000000000001 * x('33') * ((- x('234')) +
1559  10 * x('435')) -
1560  0.0025000000000000001 * x('34') * ((- x('235')) +
1561  10 * x('436')) =e= 0;
1562  con129.. -x('507') +
1563  x('508') +
1564  0.0025000000000000001 * ((- x('105')) +
1565  1) * x('507') +
1566  0.0025000000000000001 * ((- x('106')) +
1567  1) * x('508') -
1568  0.0025000000000000001 * x('105') * (x('306') -
1569  10 * x('507')) -
1570  0.0025000000000000001 * x('106') * (x('307') -
1571  10 * x('508')) =e= 0;
1572  con130.. -x('506') +
1573  x('507') +
1574  0.0025000000000000001 * ((- x('104')) +
1575  1) * x('506') +
1576  0.0025000000000000001 * ((- x('105')) +
1577  1) * x('507') -
1578  0.0025000000000000001 * x('104') * (x('305') -
1579  10 * x('506')) -
1580  0.0025000000000000001 * x('105') * (x('306') -
1581  10 * x('507')) =e= 0;
1582  con131.. -x('505') +
1583  x('506') +
1584  0.0025000000000000001 * ((- x('103')) +
1585  1) * x('505') +
1586  0.0025000000000000001 * ((- x('104')) +
1587  1) * x('506') -
1588  0.0025000000000000001 * x('103') * (x('304') -
1589  10 * x('505')) -
1590  0.0025000000000000001 * x('104') * (x('305') -
1591  10 * x('506')) =e= 0;
1592  con132.. -x('235') +
1593  x('236') -
1594  0.0025000000000000001 * x('34') * ((- x('235')) +
1595  10 * x('436')) -
1596  0.0025000000000000001 * x('35') * ((- x('236')) +
1597  10 * x('437')) =e= 0;
1598  con133.. -x('504') +
1599  x('505') +
1600  0.0025000000000000001 * ((- x('102')) +
1601  1) * x('504') +
1602  0.0025000000000000001 * ((- x('103')) +
1603  1) * x('505') -
1604  0.0025000000000000001 * x('102') * (x('303') -
1605  10 * x('504')) -
1606  0.0025000000000000001 * x('103') * (x('304') -
1607  10 * x('505')) =e= 0;
1608  con134.. -x('503') +
1609  x('504') +
1610  0.0025000000000000001 * ((- x('101')) +
1611  1) * x('503') +
1612  0.0025000000000000001 * ((- x('102')) +
1613  1) * x('504') -
1614  0.0025000000000000001 * x('101') * (x('302') -
1615  10 * x('503')) -
1616  0.0025000000000000001 * x('102') * (x('303') -
1617  10 * x('504')) =e= 0;
1618  con135.. -x('502') +
1619  x('503') +
1620  0.0025000000000000001 * ((- x('100')) +
1621  1) * x('502') +
1622  0.0025000000000000001 * ((- x('101')) +
1623  1) * x('503') -
1624  0.0025000000000000001 * x('100') * (x('301') -
1625  10 * x('502')) -
1626  0.0025000000000000001 * x('101') * (x('302') -
1627  10 * x('503')) =e= 0;
1628  con136.. -x('236') +
1629  x('237') -
1630  0.0025000000000000001 * x('35') * ((- x('236')) +
1631  10 * x('437')) -
1632  0.0025000000000000001 * x('36') * ((- x('237')) +
1633  10 * x('438')) =e= 0;
1634  con137.. -x('501') +
1635  x('502') +
1636  0.0025000000000000001 * ((- x('99')) +
1637  1) * x('501') +
1638  0.0025000000000000001 * ((- x('100')) +
1639  1) * x('502') -
1640  0.0025000000000000001 * x('99') * (x('300') -
1641  10 * x('501')) -
1642  0.0025000000000000001 * x('100') * (x('301') -
1643  10 * x('502')) =e= 0;
1644  con138.. -x('500') +
1645  x('501') +
1646  0.0025000000000000001 * ((- x('98')) +
1647  1) * x('500') +
1648  0.0025000000000000001 * ((- x('99')) +
1649  1) * x('501') -
1650  0.0025000000000000001 * x('98') * (x('299') -
1651  10 * x('500')) -
1652  0.0025000000000000001 * x('99') * (x('300') -
1653  10 * x('501')) =e= 0;
1654  con139.. -x('499') +
1655  x('500') +
1656  0.0025000000000000001 * ((- x('97')) +
1657  1) * x('499') +
1658  0.0025000000000000001 * ((- x('98')) +
1659  1) * x('500') -
1660  0.0025000000000000001 * x('97') * (x('298') -
1661  10 * x('499')) -
1662  0.0025000000000000001 * x('98') * (x('299') -
1663  10 * x('500')) =e= 0;
1664  con140.. -x('237') +
1665  x('238') -
1666  0.0025000000000000001 * x('36') * ((- x('237')) +
1667  10 * x('438')) -
1668  0.0025000000000000001 * x('37') * ((- x('238')) +
1669  10 * x('439')) =e= 0;
1670  con141.. -x('498') +
1671  x('499') +
1672  0.0025000000000000001 * ((- x('96')) +
1673  1) * x('498') +
1674  0.0025000000000000001 * ((- x('97')) +
1675  1) * x('499') -
1676  0.0025000000000000001 * x('96') * (x('297') -
1677  10 * x('498')) -
1678  0.0025000000000000001 * x('97') * (x('298') -
1679  10 * x('499')) =e= 0;
1680  con142.. -x('497') +
1681  x('498') +
1682  0.0025000000000000001 * ((- x('95')) +
1683  1) * x('497') +
1684  0.0025000000000000001 * ((- x('96')) +
1685  1) * x('498') -
1686  0.0025000000000000001 * x('95') * (x('296') -
1687  10 * x('497')) -
1688  0.0025000000000000001 * x('96') * (x('297') -
1689  10 * x('498')) =e= 0;
1690  con143.. -x('496') +
1691  x('497') +
1692  0.0025000000000000001 * ((- x('94')) +
1693  1) * x('496') +
1694  0.0025000000000000001 * ((- x('95')) +
1695  1) * x('497') -
1696  0.0025000000000000001 * x('94') * (x('295') -
1697  10 * x('496')) -
1698  0.0025000000000000001 * x('95') * (x('296') -
1699  10 * x('497')) =e= 0;
1700  con144.. -x('238') +
1701  x('239') -
1702  0.0025000000000000001 * x('37') * ((- x('238')) +
1703  10 * x('439')) -
1704  0.0025000000000000001 * x('38') * ((- x('239')) +
1705  10 * x('440')) =e= 0;
1706  con145.. -x('495') +
1707  x('496') +
1708  0.0025000000000000001 * ((- x('93')) +
1709  1) * x('495') +
1710  0.0025000000000000001 * ((- x('94')) +
1711  1) * x('496') -
1712  0.0025000000000000001 * x('93') * (x('294') -
1713  10 * x('495')) -
1714  0.0025000000000000001 * x('94') * (x('295') -
1715  10 * x('496')) =e= 0;
1716  con146.. -x('494') +
1717  x('495') +
1718  0.0025000000000000001 * ((- x('92')) +
1719  1) * x('494') +
1720  0.0025000000000000001 * ((- x('93')) +
1721  1) * x('495') -
1722  0.0025000000000000001 * x('92') * (x('293') -
1723  10 * x('494')) -
1724  0.0025000000000000001 * x('93') * (x('294') -
1725  10 * x('495')) =e= 0;
1726  con147.. -x('493') +
1727  x('494') +
1728  0.0025000000000000001 * ((- x('91')) +
1729  1) * x('493') +
1730  0.0025000000000000001 * ((- x('92')) +
1731  1) * x('494') -
1732  0.0025000000000000001 * x('91') * (x('292') -
1733  10 * x('493')) -
1734  0.0025000000000000001 * x('92') * (x('293') -
1735  10 * x('494')) =e= 0;
1736  con148.. -x('239') +
1737  x('240') -
1738  0.0025000000000000001 * x('38') * ((- x('239')) +
1739  10 * x('440')) -
1740  0.0025000000000000001 * x('39') * ((- x('240')) +
1741  10 * x('441')) =e= 0;
1742  con149.. -x('492') +
1743  x('493') +
1744  0.0025000000000000001 * ((- x('90')) +
1745  1) * x('492') +
1746  0.0025000000000000001 * ((- x('91')) +
1747  1) * x('493') -
1748  0.0025000000000000001 * x('90') * (x('291') -
1749  10 * x('492')) -
1750  0.0025000000000000001 * x('91') * (x('292') -
1751  10 * x('493')) =e= 0;
1752  con150.. -x('491') +
1753  x('492') +
1754  0.0025000000000000001 * ((- x('89')) +
1755  1) * x('491') +
1756  0.0025000000000000001 * ((- x('90')) +
1757  1) * x('492') -
1758  0.0025000000000000001 * x('89') * (x('290') -
1759  10 * x('491')) -
1760  0.0025000000000000001 * x('90') * (x('291') -
1761  10 * x('492')) =e= 0;
1762  con151.. -x('490') +
1763  x('491') +
1764  0.0025000000000000001 * ((- x('88')) +
1765  1) * x('490') +
1766  0.0025000000000000001 * ((- x('89')) +
1767  1) * x('491') -
1768  0.0025000000000000001 * x('88') * (x('289') -
1769  10 * x('490')) -
1770  0.0025000000000000001 * x('89') * (x('290') -
1771  10 * x('491')) =e= 0;
1772  con152.. -x('240') +
1773  x('241') -
1774  0.0025000000000000001 * x('39') * ((- x('240')) +
1775  10 * x('441')) -
1776  0.0025000000000000001 * x('40') * ((- x('241')) +
1777  10 * x('442')) =e= 0;
1778  con153.. -x('489') +
1779  x('490') +
1780  0.0025000000000000001 * ((- x('87')) +
1781  1) * x('489') +
1782  0.0025000000000000001 * ((- x('88')) +
1783  1) * x('490') -
1784  0.0025000000000000001 * x('87') * (x('288') -
1785  10 * x('489')) -
1786  0.0025000000000000001 * x('88') * (x('289') -
1787  10 * x('490')) =e= 0;
1788  con154.. -x('488') +
1789  x('489') +
1790  0.0025000000000000001 * ((- x('86')) +
1791  1) * x('488') +
1792  0.0025000000000000001 * ((- x('87')) +
1793  1) * x('489') -
1794  0.0025000000000000001 * x('86') * (x('287') -
1795  10 * x('488')) -
1796  0.0025000000000000001 * x('87') * (x('288') -
1797  10 * x('489')) =e= 0;
1798  con155.. -x('487') +
1799  x('488') +
1800  0.0025000000000000001 * ((- x('85')) +
1801  1) * x('487') +
1802  0.0025000000000000001 * ((- x('86')) +
1803  1) * x('488') -
1804  0.0025000000000000001 * x('85') * (x('286') -
1805  10 * x('487')) -
1806  0.0025000000000000001 * x('86') * (x('287') -
1807  10 * x('488')) =e= 0;
1808  con156.. -x('241') +
1809  x('242') -
1810  0.0025000000000000001 * x('40') * ((- x('241')) +
1811  10 * x('442')) -
1812  0.0025000000000000001 * x('41') * ((- x('242')) +
1813  10 * x('443')) =e= 0;
1814  con157.. -x('486') +
1815  x('487') +
1816  0.0025000000000000001 * ((- x('84')) +
1817  1) * x('486') +
1818  0.0025000000000000001 * ((- x('85')) +
1819  1) * x('487') -
1820  0.0025000000000000001 * x('84') * (x('285') -
1821  10 * x('486')) -
1822  0.0025000000000000001 * x('85') * (x('286') -
1823  10 * x('487')) =e= 0;
1824  con158.. -x('485') +
1825  x('486') +
1826  0.0025000000000000001 * ((- x('83')) +
1827  1) * x('485') +
1828  0.0025000000000000001 * ((- x('84')) +
1829  1) * x('486') -
1830  0.0025000000000000001 * x('83') * (x('284') -
1831  10 * x('485')) -
1832  0.0025000000000000001 * x('84') * (x('285') -
1833  10 * x('486')) =e= 0;
1834  con159.. -x('484') +
1835  x('485') +
1836  0.0025000000000000001 * ((- x('82')) +
1837  1) * x('484') +
1838  0.0025000000000000001 * ((- x('83')) +
1839  1) * x('485') -
1840  0.0025000000000000001 * x('82') * (x('283') -
1841  10 * x('484')) -
1842  0.0025000000000000001 * x('83') * (x('284') -
1843  10 * x('485')) =e= 0;
1844  con160.. -x('242') +
1845  x('243') -
1846  0.0025000000000000001 * x('41') * ((- x('242')) +
1847  10 * x('443')) -
1848  0.0025000000000000001 * x('42') * ((- x('243')) +
1849  10 * x('444')) =e= 0;
1850  con161.. -x('483') +
1851  x('484') +
1852  0.0025000000000000001 * ((- x('81')) +
1853  1) * x('483') +
1854  0.0025000000000000001 * ((- x('82')) +
1855  1) * x('484') -
1856  0.0025000000000000001 * x('81') * (x('282') -
1857  10 * x('483')) -
1858  0.0025000000000000001 * x('82') * (x('283') -
1859  10 * x('484')) =e= 0;
1860  con162.. -x('482') +
1861  x('483') +
1862  0.0025000000000000001 * ((- x('80')) +
1863  1) * x('482') +
1864  0.0025000000000000001 * ((- x('81')) +
1865  1) * x('483') -
1866  0.0025000000000000001 * x('80') * (x('281') -
1867  10 * x('482')) -
1868  0.0025000000000000001 * x('81') * (x('282') -
1869  10 * x('483')) =e= 0;
1870  con163.. -x('481') +
1871  x('482') +
1872  0.0025000000000000001 * ((- x('79')) +
1873  1) * x('481') +
1874  0.0025000000000000001 * ((- x('80')) +
1875  1) * x('482') -
1876  0.0025000000000000001 * x('79') * (x('280') -
1877  10 * x('481')) -
1878  0.0025000000000000001 * x('80') * (x('281') -
1879  10 * x('482')) =e= 0;
1880  con164.. -x('243') +
1881  x('244') -
1882  0.0025000000000000001 * x('42') * ((- x('243')) +
1883  10 * x('444')) -
1884  0.0025000000000000001 * x('43') * ((- x('244')) +
1885  10 * x('445')) =e= 0;
1886  con165.. -x('480') +
1887  x('481') +
1888  0.0025000000000000001 * ((- x('78')) +
1889  1) * x('480') +
1890  0.0025000000000000001 * ((- x('79')) +
1891  1) * x('481') -
1892  0.0025000000000000001 * x('78') * (x('279') -
1893  10 * x('480')) -
1894  0.0025000000000000001 * x('79') * (x('280') -
1895  10 * x('481')) =e= 0;
1896  con166.. -x('479') +
1897  x('480') +
1898  0.0025000000000000001 * ((- x('77')) +
1899  1) * x('479') +
1900  0.0025000000000000001 * ((- x('78')) +
1901  1) * x('480') -
1902  0.0025000000000000001 * x('77') * (x('278') -
1903  10 * x('479')) -
1904  0.0025000000000000001 * x('78') * (x('279') -
1905  10 * x('480')) =e= 0;
1906  con167.. -x('478') +
1907  x('479') +
1908  0.0025000000000000001 * ((- x('76')) +
1909  1) * x('478') +
1910  0.0025000000000000001 * ((- x('77')) +
1911  1) * x('479') -
1912  0.0025000000000000001 * x('76') * (x('277') -
1913  10 * x('478')) -
1914  0.0025000000000000001 * x('77') * (x('278') -
1915  10 * x('479')) =e= 0;
1916  con168.. -x('244') +
1917  x('245') -
1918  0.0025000000000000001 * x('43') * ((- x('244')) +
1919  10 * x('445')) -
1920  0.0025000000000000001 * x('44') * ((- x('245')) +
1921  10 * x('446')) =e= 0;
1922  con169.. -x('477') +
1923  x('478') +
1924  0.0025000000000000001 * ((- x('75')) +
1925  1) * x('477') +
1926  0.0025000000000000001 * ((- x('76')) +
1927  1) * x('478') -
1928  0.0025000000000000001 * x('75') * (x('276') -
1929  10 * x('477')) -
1930  0.0025000000000000001 * x('76') * (x('277') -
1931  10 * x('478')) =e= 0;
1932  con170.. -x('476') +
1933  x('477') +
1934  0.0025000000000000001 * ((- x('74')) +
1935  1) * x('476') +
1936  0.0025000000000000001 * ((- x('75')) +
1937  1) * x('477') -
1938  0.0025000000000000001 * x('74') * (x('275') -
1939  10 * x('476')) -
1940  0.0025000000000000001 * x('75') * (x('276') -
1941  10 * x('477')) =e= 0;
1942  con171.. -x('475') +
1943  x('476') +
1944  0.0025000000000000001 * ((- x('73')) +
1945  1) * x('475') +
1946  0.0025000000000000001 * ((- x('74')) +
1947  1) * x('476') -
1948  0.0025000000000000001 * x('73') * (x('274') -
1949  10 * x('475')) -
1950  0.0025000000000000001 * x('74') * (x('275') -
1951  10 * x('476')) =e= 0;
1952  con172.. -x('245') +
1953  x('246') -
1954  0.0025000000000000001 * x('44') * ((- x('245')) +
1955  10 * x('446')) -
1956  0.0025000000000000001 * x('45') * ((- x('246')) +
1957  10 * x('447')) =e= 0;
1958  con173.. -x('474') +
1959  x('475') +
1960  0.0025000000000000001 * ((- x('72')) +
1961  1) * x('474') +
1962  0.0025000000000000001 * ((- x('73')) +
1963  1) * x('475') -
1964  0.0025000000000000001 * x('72') * (x('273') -
1965  10 * x('474')) -
1966  0.0025000000000000001 * x('73') * (x('274') -
1967  10 * x('475')) =e= 0;
1968  con174.. -x('473') +
1969  x('474') +
1970  0.0025000000000000001 * ((- x('71')) +
1971  1) * x('473') +
1972  0.0025000000000000001 * ((- x('72')) +
1973  1) * x('474') -
1974  0.0025000000000000001 * x('71') * (x('272') -
1975  10 * x('473')) -
1976  0.0025000000000000001 * x('72') * (x('273') -
1977  10 * x('474')) =e= 0;
1978  con175.. -x('472') +
1979  x('473') +
1980  0.0025000000000000001 * ((- x('70')) +
1981  1) * x('472') +
1982  0.0025000000000000001 * ((- x('71')) +
1983  1) * x('473') -
1984  0.0025000000000000001 * x('70') * (x('271') -
1985  10 * x('472')) -
1986  0.0025000000000000001 * x('71') * (x('272') -
1987  10 * x('473')) =e= 0;
1988  con176.. -x('246') +
1989  x('247') -
1990  0.0025000000000000001 * x('45') * ((- x('246')) +
1991  10 * x('447')) -
1992  0.0025000000000000001 * x('46') * ((- x('247')) +
1993  10 * x('448')) =e= 0;
1994  con177.. -x('471') +
1995  x('472') +
1996  0.0025000000000000001 * ((- x('69')) +
1997  1) * x('471') +
1998  0.0025000000000000001 * ((- x('70')) +
1999  1) * x('472') -
2000  0.0025000000000000001 * x('69') * (x('270') -
2001  10 * x('471')) -
2002  0.0025000000000000001 * x('70') * (x('271') -
2003  10 * x('472')) =e= 0;
2004  con178.. -x('470') +
2005  x('471') +
2006  0.0025000000000000001 * ((- x('68')) +
2007  1) * x('470') +
2008  0.0025000000000000001 * ((- x('69')) +
2009  1) * x('471') -
2010  0.0025000000000000001 * x('68') * (x('269') -
2011  10 * x('470')) -
2012  0.0025000000000000001 * x('69') * (x('270') -
2013  10 * x('471')) =e= 0;
2014  con179.. -x('469') +
2015  x('470') +
2016  0.0025000000000000001 * ((- x('67')) +
2017  1) * x('469') +
2018  0.0025000000000000001 * ((- x('68')) +
2019  1) * x('470') -
2020  0.0025000000000000001 * x('67') * (x('268') -
2021  10 * x('469')) -
2022  0.0025000000000000001 * x('68') * (x('269') -
2023  10 * x('470')) =e= 0;
2024  con180.. -x('247') +
2025  x('248') -
2026  0.0025000000000000001 * x('46') * ((- x('247')) +
2027  10 * x('448')) -
2028  0.0025000000000000001 * x('47') * ((- x('248')) +
2029  10 * x('449')) =e= 0;
2030  con181.. -x('468') +
2031  x('469') +
2032  0.0025000000000000001 * ((- x('66')) +
2033  1) * x('468') +
2034  0.0025000000000000001 * ((- x('67')) +
2035  1) * x('469') -
2036  0.0025000000000000001 * x('66') * (x('267') -
2037  10 * x('468')) -
2038  0.0025000000000000001 * x('67') * (x('268') -
2039  10 * x('469')) =e= 0;
2040  con182.. -x('467') +
2041  x('468') +
2042  0.0025000000000000001 * ((- x('65')) +
2043  1) * x('467') +
2044  0.0025000000000000001 * ((- x('66')) +
2045  1) * x('468') -
2046  0.0025000000000000001 * x('65') * (x('266') -
2047  10 * x('467')) -
2048  0.0025000000000000001 * x('66') * (x('267') -
2049  10 * x('468')) =e= 0;
2050  con183.. -x('466') +
2051  x('467') +
2052  0.0025000000000000001 * ((- x('64')) +
2053  1) * x('466') +
2054  0.0025000000000000001 * ((- x('65')) +
2055  1) * x('467') -
2056  0.0025000000000000001 * x('64') * (x('265') -
2057  10 * x('466')) -
2058  0.0025000000000000001 * x('65') * (x('266') -
2059  10 * x('467')) =e= 0;
2060  con184.. -x('248') +
2061  x('249') -
2062  0.0025000000000000001 * x('47') * ((- x('248')) +
2063  10 * x('449')) -
2064  0.0025000000000000001 * x('48') * ((- x('249')) +
2065  10 * x('450')) =e= 0;
2066  con185.. -x('465') +
2067  x('466') +
2068  0.0025000000000000001 * ((- x('63')) +
2069  1) * x('465') +
2070  0.0025000000000000001 * ((- x('64')) +
2071  1) * x('466') -
2072  0.0025000000000000001 * x('63') * (x('264') -
2073  10 * x('465')) -
2074  0.0025000000000000001 * x('64') * (x('265') -
2075  10 * x('466')) =e= 0;
2076  con186.. -x('464') +
2077  x('465') +
2078  0.0025000000000000001 * ((- x('62')) +
2079  1) * x('464') +
2080  0.0025000000000000001 * ((- x('63')) +
2081  1) * x('465') -
2082  0.0025000000000000001 * x('62') * (x('263') -
2083  10 * x('464')) -
2084  0.0025000000000000001 * x('63') * (x('264') -
2085  10 * x('465')) =e= 0;
2086  con187.. -x('463') +
2087  x('464') +
2088  0.0025000000000000001 * ((- x('61')) +
2089  1) * x('463') +
2090  0.0025000000000000001 * ((- x('62')) +
2091  1) * x('464') -
2092  0.0025000000000000001 * x('61') * (x('262') -
2093  10 * x('463')) -
2094  0.0025000000000000001 * x('62') * (x('263') -
2095  10 * x('464')) =e= 0;
2096  con188.. -x('249') +
2097  x('250') -
2098  0.0025000000000000001 * x('48') * ((- x('249')) +
2099  10 * x('450')) -
2100  0.0025000000000000001 * x('49') * ((- x('250')) +
2101  10 * x('451')) =e= 0;
2102  con189.. -x('462') +
2103  x('463') +
2104  0.0025000000000000001 * ((- x('60')) +
2105  1) * x('462') +
2106  0.0025000000000000001 * ((- x('61')) +
2107  1) * x('463') -
2108  0.0025000000000000001 * x('60') * (x('261') -
2109  10 * x('462')) -
2110  0.0025000000000000001 * x('61') * (x('262') -
2111  10 * x('463')) =e= 0;
2112  con190.. -x('461') +
2113  x('462') +
2114  0.0025000000000000001 * ((- x('59')) +
2115  1) * x('461') +
2116  0.0025000000000000001 * ((- x('60')) +
2117  1) * x('462') -
2118  0.0025000000000000001 * x('59') * (x('260') -
2119  10 * x('461')) -
2120  0.0025000000000000001 * x('60') * (x('261') -
2121  10 * x('462')) =e= 0;
2122  con191.. -x('460') +
2123  x('461') +
2124  0.0025000000000000001 * ((- x('58')) +
2125  1) * x('460') +
2126  0.0025000000000000001 * ((- x('59')) +
2127  1) * x('461') -
2128  0.0025000000000000001 * x('58') * (x('259') -
2129  10 * x('460')) -
2130  0.0025000000000000001 * x('59') * (x('260') -
2131  10 * x('461')) =e= 0;
2132  con192.. -x('250') +
2133  x('251') -
2134  0.0025000000000000001 * x('49') * ((- x('250')) +
2135  10 * x('451')) -
2136  0.0025000000000000001 * x('50') * ((- x('251')) +
2137  10 * x('452')) =e= 0;
2138  con193.. -x('459') +
2139  x('460') +
2140  0.0025000000000000001 * ((- x('57')) +
2141  1) * x('459') +
2142  0.0025000000000000001 * ((- x('58')) +
2143  1) * x('460') -
2144  0.0025000000000000001 * x('57') * (x('258') -
2145  10 * x('459')) -
2146  0.0025000000000000001 * x('58') * (x('259') -
2147  10 * x('460')) =e= 0;
2148  con194.. -x('458') +
2149  x('459') +
2150  0.0025000000000000001 * ((- x('56')) +
2151  1) * x('458') +
2152  0.0025000000000000001 * ((- x('57')) +
2153  1) * x('459') -
2154  0.0025000000000000001 * x('56') * (x('257') -
2155  10 * x('458')) -
2156  0.0025000000000000001 * x('57') * (x('258') -
2157  10 * x('459')) =e= 0;
2158  con195.. -x('457') +
2159  x('458') +
2160  0.0025000000000000001 * ((- x('55')) +
2161  1) * x('457') +
2162  0.0025000000000000001 * ((- x('56')) +
2163  1) * x('458') -
2164  0.0025000000000000001 * x('55') * (x('256') -
2165  10 * x('457')) -
2166  0.0025000000000000001 * x('56') * (x('257') -
2167  10 * x('458')) =e= 0;
2168  con196.. -x('251') +
2169  x('252') -
2170  0.0025000000000000001 * x('50') * ((- x('251')) +
2171  10 * x('452')) -
2172  0.0025000000000000001 * x('51') * ((- x('252')) +
2173  10 * x('453')) =e= 0;
2174  con197.. -x('456') +
2175  x('457') +
2176  0.0025000000000000001 * ((- x('54')) +
2177  1) * x('456') +
2178  0.0025000000000000001 * ((- x('55')) +
2179  1) * x('457') -
2180  0.0025000000000000001 * x('54') * (x('255') -
2181  10 * x('456')) -
2182  0.0025000000000000001 * x('55') * (x('256') -
2183  10 * x('457')) =e= 0;
2184  con198.. -x('455') +
2185  x('456') +
2186  0.0025000000000000001 * ((- x('53')) +
2187  1) * x('455') +
2188  0.0025000000000000001 * ((- x('54')) +
2189  1) * x('456') -
2190  0.0025000000000000001 * x('53') * (x('254') -
2191  10 * x('455')) -
2192  0.0025000000000000001 * x('54') * (x('255') -
2193  10 * x('456')) =e= 0;
2194  con199.. -x('454') +
2195  x('455') +
2196  0.0025000000000000001 * ((- x('52')) +
2197  1) * x('454') +
2198  0.0025000000000000001 * ((- x('53')) +
2199  1) * x('455') -
2200  0.0025000000000000001 * x('52') * (x('253') -
2201  10 * x('454')) -
2202  0.0025000000000000001 * x('53') * (x('254') -
2203  10 * x('455')) =e= 0;
2204  con200.. -x('252') +
2205  x('253') -
2206  0.0025000000000000001 * x('51') * ((- x('252')) +
2207  10 * x('453')) -
2208  0.0025000000000000001 * x('52') * ((- x('253')) +
2209  10 * x('454')) =e= 0;
2210  con201.. -x('453') +
2211  x('454') +
2212  0.0025000000000000001 * ((- x('51')) +
2213  1) * x('453') +
2214  0.0025000000000000001 * ((- x('52')) +
2215  1) * x('454') -
2216  0.0025000000000000001 * x('51') * (x('252') -
2217  10 * x('453')) -
2218  0.0025000000000000001 * x('52') * (x('253') -
2219  10 * x('454')) =e= 0;
2220  con202.. -x('452') +
2221  x('453') +
2222  0.0025000000000000001 * ((- x('50')) +
2223  1) * x('452') +
2224  0.0025000000000000001 * ((- x('51')) +
2225  1) * x('453') -
2226  0.0025000000000000001 * x('50') * (x('251') -
2227  10 * x('452')) -
2228  0.0025000000000000001 * x('51') * (x('252') -
2229  10 * x('453')) =e= 0;
2230  con203.. -x('451') +
2231  x('452') +
2232  0.0025000000000000001 * ((- x('49')) +
2233  1) * x('451') +
2234  0.0025000000000000001 * ((- x('50')) +
2235  1) * x('452') -
2236  0.0025000000000000001 * x('49') * (x('250') -
2237  10 * x('451')) -
2238  0.0025000000000000001 * x('50') * (x('251') -
2239  10 * x('452')) =e= 0;
2240  con204.. -x('253') +
2241  x('254') -
2242  0.0025000000000000001 * x('52') * ((- x('253')) +
2243  10 * x('454')) -
2244  0.0025000000000000001 * x('53') * ((- x('254')) +
2245  10 * x('455')) =e= 0;
2246  con205.. -x('450') +
2247  x('451') +
2248  0.0025000000000000001 * ((- x('48')) +
2249  1) * x('450') +
2250  0.0025000000000000001 * ((- x('49')) +
2251  1) * x('451') -
2252  0.0025000000000000001 * x('48') * (x('249') -
2253  10 * x('450')) -
2254  0.0025000000000000001 * x('49') * (x('250') -
2255  10 * x('451')) =e= 0;
2256  con206.. -x('449') +
2257  x('450') +
2258  0.0025000000000000001 * ((- x('47')) +
2259  1) * x('449') +
2260  0.0025000000000000001 * ((- x('48')) +
2261  1) * x('450') -
2262  0.0025000000000000001 * x('47') * (x('248') -
2263  10 * x('449')) -
2264  0.0025000000000000001 * x('48') * (x('249') -
2265  10 * x('450')) =e= 0;
2266  con207.. -x('448') +
2267  x('449') +
2268  0.0025000000000000001 * ((- x('46')) +
2269  1) * x('448') +
2270  0.0025000000000000001 * ((- x('47')) +
2271  1) * x('449') -
2272  0.0025000000000000001 * x('46') * (x('247') -
2273  10 * x('448')) -
2274  0.0025000000000000001 * x('47') * (x('248') -
2275  10 * x('449')) =e= 0;
2276  con208.. -x('254') +
2277  x('255') -
2278  0.0025000000000000001 * x('53') * ((- x('254')) +
2279  10 * x('455')) -
2280  0.0025000000000000001 * x('54') * ((- x('255')) +
2281  10 * x('456')) =e= 0;
2282  con209.. -x('447') +
2283  x('448') +
2284  0.0025000000000000001 * ((- x('45')) +
2285  1) * x('447') +
2286  0.0025000000000000001 * ((- x('46')) +
2287  1) * x('448') -
2288  0.0025000000000000001 * x('45') * (x('246') -
2289  10 * x('447')) -
2290  0.0025000000000000001 * x('46') * (x('247') -
2291  10 * x('448')) =e= 0;
2292  con210.. -x('446') +
2293  x('447') +
2294  0.0025000000000000001 * ((- x('44')) +
2295  1) * x('446') +
2296  0.0025000000000000001 * ((- x('45')) +
2297  1) * x('447') -
2298  0.0025000000000000001 * x('44') * (x('245') -
2299  10 * x('446')) -
2300  0.0025000000000000001 * x('45') * (x('246') -
2301  10 * x('447')) =e= 0;
2302  con211.. -x('445') +
2303  x('446') +
2304  0.0025000000000000001 * ((- x('43')) +
2305  1) * x('445') +
2306  0.0025000000000000001 * ((- x('44')) +
2307  1) * x('446') -
2308  0.0025000000000000001 * x('43') * (x('244') -
2309  10 * x('445')) -
2310  0.0025000000000000001 * x('44') * (x('245') -
2311  10 * x('446')) =e= 0;
2312  con212.. -x('255') +
2313  x('256') -
2314  0.0025000000000000001 * x('54') * ((- x('255')) +
2315  10 * x('456')) -
2316  0.0025000000000000001 * x('55') * ((- x('256')) +
2317  10 * x('457')) =e= 0;
2318  con213.. -x('444') +
2319  x('445') +
2320  0.0025000000000000001 * ((- x('42')) +
2321  1) * x('444') +
2322  0.0025000000000000001 * ((- x('43')) +
2323  1) * x('445') -
2324  0.0025000000000000001 * x('42') * (x('243') -
2325  10 * x('444')) -
2326  0.0025000000000000001 * x('43') * (x('244') -
2327  10 * x('445')) =e= 0;
2328  con214.. -x('443') +
2329  x('444') +
2330  0.0025000000000000001 * ((- x('41')) +
2331  1) * x('443') +
2332  0.0025000000000000001 * ((- x('42')) +
2333  1) * x('444') -
2334  0.0025000000000000001 * x('41') * (x('242') -
2335  10 * x('443')) -
2336  0.0025000000000000001 * x('42') * (x('243') -
2337  10 * x('444')) =e= 0;
2338  con215.. -x('442') +
2339  x('443') +
2340  0.0025000000000000001 * ((- x('40')) +
2341  1) * x('442') +
2342  0.0025000000000000001 * ((- x('41')) +
2343  1) * x('443') -
2344  0.0025000000000000001 * x('40') * (x('241') -
2345  10 * x('442')) -
2346  0.0025000000000000001 * x('41') * (x('242') -
2347  10 * x('443')) =e= 0;
2348  con216.. -x('256') +
2349  x('257') -
2350  0.0025000000000000001 * x('55') * ((- x('256')) +
2351  10 * x('457')) -
2352  0.0025000000000000001 * x('56') * ((- x('257')) +
2353  10 * x('458')) =e= 0;
2354  con217.. -x('441') +
2355  x('442') +
2356  0.0025000000000000001 * ((- x('39')) +
2357  1) * x('441') +
2358  0.0025000000000000001 * ((- x('40')) +
2359  1) * x('442') -
2360  0.0025000000000000001 * x('39') * (x('240') -
2361  10 * x('441')) -
2362  0.0025000000000000001 * x('40') * (x('241') -
2363  10 * x('442')) =e= 0;
2364  con218.. -x('440') +
2365  x('441') +
2366  0.0025000000000000001 * ((- x('38')) +
2367  1) * x('440') +
2368  0.0025000000000000001 * ((- x('39')) +
2369  1) * x('441') -
2370  0.0025000000000000001 * x('38') * (x('239') -
2371  10 * x('440')) -
2372  0.0025000000000000001 * x('39') * (x('240') -
2373  10 * x('441')) =e= 0;
2374  con219.. -x('439') +
2375  x('440') +
2376  0.0025000000000000001 * ((- x('37')) +
2377  1) * x('439') +
2378  0.0025000000000000001 * ((- x('38')) +
2379  1) * x('440') -
2380  0.0025000000000000001 * x('37') * (x('238') -
2381  10 * x('439')) -
2382  0.0025000000000000001 * x('38') * (x('239') -
2383  10 * x('440')) =e= 0;
2384  con220.. -x('257') +
2385  x('258') -
2386  0.0025000000000000001 * x('56') * ((- x('257')) +
2387  10 * x('458')) -
2388  0.0025000000000000001 * x('57') * ((- x('258')) +
2389  10 * x('459')) =e= 0;
2390  con221.. -x('438') +
2391  x('439') +
2392  0.0025000000000000001 * ((- x('36')) +
2393  1) * x('438') +
2394  0.0025000000000000001 * ((- x('37')) +
2395  1) * x('439') -
2396  0.0025000000000000001 * x('36') * (x('237') -
2397  10 * x('438')) -
2398  0.0025000000000000001 * x('37') * (x('238') -
2399  10 * x('439')) =e= 0;
2400  con222.. -x('437') +
2401  x('438') +
2402  0.0025000000000000001 * ((- x('35')) +
2403  1) * x('437') +
2404  0.0025000000000000001 * ((- x('36')) +
2405  1) * x('438') -
2406  0.0025000000000000001 * x('35') * (x('236') -
2407  10 * x('437')) -
2408  0.0025000000000000001 * x('36') * (x('237') -
2409  10 * x('438')) =e= 0;
2410  con223.. -x('436') +
2411  x('437') +
2412  0.0025000000000000001 * ((- x('34')) +
2413  1) * x('436') +
2414  0.0025000000000000001 * ((- x('35')) +
2415  1) * x('437') -
2416  0.0025000000000000001 * x('34') * (x('235') -
2417  10 * x('436')) -
2418  0.0025000000000000001 * x('35') * (x('236') -
2419  10 * x('437')) =e= 0;
2420  con224.. -x('258') +
2421  x('259') -
2422  0.0025000000000000001 * x('57') * ((- x('258')) +
2423  10 * x('459')) -
2424  0.0025000000000000001 * x('58') * ((- x('259')) +
2425  10 * x('460')) =e= 0;
2426  con225.. -x('435') +
2427  x('436') +
2428  0.0025000000000000001 * ((- x('33')) +
2429  1) * x('435') +
2430  0.0025000000000000001 * ((- x('34')) +
2431  1) * x('436') -
2432  0.0025000000000000001 * x('33') * (x('234') -
2433  10 * x('435')) -
2434  0.0025000000000000001 * x('34') * (x('235') -
2435  10 * x('436')) =e= 0;
2436  con226.. -x('434') +
2437  x('435') +
2438  0.0025000000000000001 * ((- x('32')) +
2439  1) * x('434') +
2440  0.0025000000000000001 * ((- x('33')) +
2441  1) * x('435') -
2442  0.0025000000000000001 * x('32') * (x('233') -
2443  10 * x('434')) -
2444  0.0025000000000000001 * x('33') * (x('234') -
2445  10 * x('435')) =e= 0;
2446  con227.. -x('433') +
2447  x('434') +
2448  0.0025000000000000001 * ((- x('31')) +
2449  1) * x('433') +
2450  0.0025000000000000001 * ((- x('32')) +
2451  1) * x('434') -
2452  0.0025000000000000001 * x('31') * (x('232') -
2453  10 * x('433')) -
2454  0.0025000000000000001 * x('32') * (x('233') -
2455  10 * x('434')) =e= 0;
2456  con228.. -x('259') +
2457  x('260') -
2458  0.0025000000000000001 * x('58') * ((- x('259')) +
2459  10 * x('460')) -
2460  0.0025000000000000001 * x('59') * ((- x('260')) +
2461  10 * x('461')) =e= 0;
2462  con229.. -x('432') +
2463  x('433') +
2464  0.0025000000000000001 * ((- x('30')) +
2465  1) * x('432') +
2466  0.0025000000000000001 * ((- x('31')) +
2467  1) * x('433') -
2468  0.0025000000000000001 * x('30') * (x('231') -
2469  10 * x('432')) -
2470  0.0025000000000000001 * x('31') * (x('232') -
2471  10 * x('433')) =e= 0;
2472  con230.. -x('431') +
2473  x('432') +
2474  0.0025000000000000001 * ((- x('29')) +
2475  1) * x('431') +
2476  0.0025000000000000001 * ((- x('30')) +
2477  1) * x('432') -
2478  0.0025000000000000001 * x('29') * (x('230') -
2479  10 * x('431')) -
2480  0.0025000000000000001 * x('30') * (x('231') -
2481  10 * x('432')) =e= 0;
2482  con231.. -x('430') +
2483  x('431') +
2484  0.0025000000000000001 * ((- x('28')) +
2485  1) * x('430') +
2486  0.0025000000000000001 * ((- x('29')) +
2487  1) * x('431') -
2488  0.0025000000000000001 * x('28') * (x('229') -
2489  10 * x('430')) -
2490  0.0025000000000000001 * x('29') * (x('230') -
2491  10 * x('431')) =e= 0;
2492  con232.. -x('260') +
2493  x('261') -
2494  0.0025000000000000001 * x('59') * ((- x('260')) +
2495  10 * x('461')) -
2496  0.0025000000000000001 * x('60') * ((- x('261')) +
2497  10 * x('462')) =e= 0;
2498  con233.. -x('429') +
2499  x('430') +
2500  0.0025000000000000001 * ((- x('27')) +
2501  1) * x('429') +
2502  0.0025000000000000001 * ((- x('28')) +
2503  1) * x('430') -
2504  0.0025000000000000001 * x('27') * (x('228') -
2505  10 * x('429')) -
2506  0.0025000000000000001 * x('28') * (x('229') -
2507  10 * x('430')) =e= 0;
2508  con234.. -x('428') +
2509  x('429') +
2510  0.0025000000000000001 * ((- x('26')) +
2511  1) * x('428') +
2512  0.0025000000000000001 * ((- x('27')) +
2513  1) * x('429') -
2514  0.0025000000000000001 * x('26') * (x('227') -
2515  10 * x('428')) -
2516  0.0025000000000000001 * x('27') * (x('228') -
2517  10 * x('429')) =e= 0;
2518  con235.. -x('427') +
2519  x('428') +
2520  0.0025000000000000001 * ((- x('25')) +
2521  1) * x('427') +
2522  0.0025000000000000001 * ((- x('26')) +
2523  1) * x('428') -
2524  0.0025000000000000001 * x('25') * (x('226') -
2525  10 * x('427')) -
2526  0.0025000000000000001 * x('26') * (x('227') -
2527  10 * x('428')) =e= 0;
2528  con236.. -x('261') +
2529  x('262') -
2530  0.0025000000000000001 * x('60') * ((- x('261')) +
2531  10 * x('462')) -
2532  0.0025000000000000001 * x('61') * ((- x('262')) +
2533  10 * x('463')) =e= 0;
2534  con237.. -x('426') +
2535  x('427') +
2536  0.0025000000000000001 * ((- x('24')) +
2537  1) * x('426') +
2538  0.0025000000000000001 * ((- x('25')) +
2539  1) * x('427') -
2540  0.0025000000000000001 * x('24') * (x('225') -
2541  10 * x('426')) -
2542  0.0025000000000000001 * x('25') * (x('226') -
2543  10 * x('427')) =e= 0;
2544  con238.. -x('425') +
2545  x('426') +
2546  0.0025000000000000001 * ((- x('23')) +
2547  1) * x('425') +
2548  0.0025000000000000001 * ((- x('24')) +
2549  1) * x('426') -
2550  0.0025000000000000001 * x('23') * (x('224') -
2551  10 * x('425')) -
2552  0.0025000000000000001 * x('24') * (x('225') -
2553  10 * x('426')) =e= 0;
2554  con239.. -x('424') +
2555  x('425') +
2556  0.0025000000000000001 * ((- x('22')) +
2557  1) * x('424') +
2558  0.0025000000000000001 * ((- x('23')) +
2559  1) * x('425') -
2560  0.0025000000000000001 * x('22') * (x('223') -
2561  10 * x('424')) -
2562  0.0025000000000000001 * x('23') * (x('224') -
2563  10 * x('425')) =e= 0;
2564  con240.. -x('262') +
2565  x('263') -
2566  0.0025000000000000001 * x('61') * ((- x('262')) +
2567  10 * x('463')) -
2568  0.0025000000000000001 * x('62') * ((- x('263')) +
2569  10 * x('464')) =e= 0;
2570  con241.. -x('423') +
2571  x('424') +
2572  0.0025000000000000001 * ((- x('21')) +
2573  1) * x('423') +
2574  0.0025000000000000001 * ((- x('22')) +
2575  1) * x('424') -
2576  0.0025000000000000001 * x('21') * (x('222') -
2577  10 * x('423')) -
2578  0.0025000000000000001 * x('22') * (x('223') -
2579  10 * x('424')) =e= 0;
2580  con242.. -x('422') +
2581  x('423') +
2582  0.0025000000000000001 * ((- x('20')) +
2583  1) * x('422') +
2584  0.0025000000000000001 * ((- x('21')) +
2585  1) * x('423') -
2586  0.0025000000000000001 * x('20') * (x('221') -
2587  10 * x('422')) -
2588  0.0025000000000000001 * x('21') * (x('222') -
2589  10 * x('423')) =e= 0;
2590  con243.. -x('421') +
2591  x('422') +
2592  0.0025000000000000001 * ((- x('19')) +
2593  1) * x('421') +
2594  0.0025000000000000001 * ((- x('20')) +
2595  1) * x('422') -
2596  0.0025000000000000001 * x('19') * (x('220') -
2597  10 * x('421')) -
2598  0.0025000000000000001 * x('20') * (x('221') -
2599  10 * x('422')) =e= 0;
2600  con244.. -x('263') +
2601  x('264') -
2602  0.0025000000000000001 * x('62') * ((- x('263')) +
2603  10 * x('464')) -
2604  0.0025000000000000001 * x('63') * ((- x('264')) +
2605  10 * x('465')) =e= 0;
2606  con245.. -x('420') +
2607  x('421') +
2608  0.0025000000000000001 * ((- x('18')) +
2609  1) * x('420') +
2610  0.0025000000000000001 * ((- x('19')) +
2611  1) * x('421') -
2612  0.0025000000000000001 * x('18') * (x('219') -
2613  10 * x('420')) -
2614  0.0025000000000000001 * x('19') * (x('220') -
2615  10 * x('421')) =e= 0;
2616  con246.. -x('419') +
2617  x('420') +
2618  0.0025000000000000001 * ((- x('17')) +
2619  1) * x('419') +
2620  0.0025000000000000001 * ((- x('18')) +
2621  1) * x('420') -
2622  0.0025000000000000001 * x('17') * (x('218') -
2623  10 * x('419')) -
2624  0.0025000000000000001 * x('18') * (x('219') -
2625  10 * x('420')) =e= 0;
2626  con247.. -x('418') +
2627  x('419') +
2628  0.0025000000000000001 * ((- x('16')) +
2629  1) * x('418') +
2630  0.0025000000000000001 * ((- x('17')) +
2631  1) * x('419') -
2632  0.0025000000000000001 * x('16') * (x('217') -
2633  10 * x('418')) -
2634  0.0025000000000000001 * x('17') * (x('218') -
2635  10 * x('419')) =e= 0;
2636  con248.. -x('264') +
2637  x('265') -
2638  0.0025000000000000001 * x('63') * ((- x('264')) +
2639  10 * x('465')) -
2640  0.0025000000000000001 * x('64') * ((- x('265')) +
2641  10 * x('466')) =e= 0;
2642  con249.. -x('417') +
2643  x('418') +
2644  0.0025000000000000001 * ((- x('15')) +
2645  1) * x('417') +
2646  0.0025000000000000001 * ((- x('16')) +
2647  1) * x('418') -
2648  0.0025000000000000001 * x('15') * (x('216') -
2649  10 * x('417')) -
2650  0.0025000000000000001 * x('16') * (x('217') -
2651  10 * x('418')) =e= 0;
2652  con250.. -x('416') +
2653  x('417') +
2654  0.0025000000000000001 * ((- x('14')) +
2655  1) * x('416') +
2656  0.0025000000000000001 * ((- x('15')) +
2657  1) * x('417') -
2658  0.0025000000000000001 * x('14') * (x('215') -
2659  10 * x('416')) -
2660  0.0025000000000000001 * x('15') * (x('216') -
2661  10 * x('417')) =e= 0;
2662  con251.. -x('415') +
2663  x('416') +
2664  0.0025000000000000001 * ((- x('13')) +
2665  1) * x('415') +
2666  0.0025000000000000001 * ((- x('14')) +
2667  1) * x('416') -
2668  0.0025000000000000001 * x('13') * (x('214') -
2669  10 * x('415')) -
2670  0.0025000000000000001 * x('14') * (x('215') -
2671  10 * x('416')) =e= 0;
2672  con252.. -x('265') +
2673  x('266') -
2674  0.0025000000000000001 * x('64') * ((- x('265')) +
2675  10 * x('466')) -
2676  0.0025000000000000001 * x('65') * ((- x('266')) +
2677  10 * x('467')) =e= 0;
2678  con253.. -x('414') +
2679  x('415') +
2680  0.0025000000000000001 * ((- x('12')) +
2681  1) * x('414') +
2682  0.0025000000000000001 * ((- x('13')) +
2683  1) * x('415') -
2684  0.0025000000000000001 * x('12') * (x('213') -
2685  10 * x('414')) -
2686  0.0025000000000000001 * x('13') * (x('214') -
2687  10 * x('415')) =e= 0;
2688  con254.. -x('413') +
2689  x('414') +
2690  0.0025000000000000001 * ((- x('11')) +
2691  1) * x('413') +
2692  0.0025000000000000001 * ((- x('12')) +
2693  1) * x('414') -
2694  0.0025000000000000001 * x('11') * (x('212') -
2695  10 * x('413')) -
2696  0.0025000000000000001 * x('12') * (x('213') -
2697  10 * x('414')) =e= 0;
2698  con255.. -x('412') +
2699  x('413') +
2700  0.0025000000000000001 * ((- x('10')) +
2701  1) * x('412') +
2702  0.0025000000000000001 * ((- x('11')) +
2703  1) * x('413') -
2704  0.0025000000000000001 * x('10') * (x('211') -
2705  10 * x('412')) -
2706  0.0025000000000000001 * x('11') * (x('212') -
2707  10 * x('413')) =e= 0;
2708  con256.. -x('266') +
2709  x('267') -
2710  0.0025000000000000001 * x('65') * ((- x('266')) +
2711  10 * x('467')) -
2712  0.0025000000000000001 * x('66') * ((- x('267')) +
2713  10 * x('468')) =e= 0;
2714  con257.. -x('411') +
2715  x('412') +
2716  0.0025000000000000001 * ((- x('9')) +
2717  1) * x('411') +
2718  0.0025000000000000001 * ((- x('10')) +
2719  1) * x('412') -
2720  0.0025000000000000001 * x('9') * (x('210') -
2721  10 * x('411')) -
2722  0.0025000000000000001 * x('10') * (x('211') -
2723  10 * x('412')) =e= 0;
2724  con258.. -x('410') +
2725  x('411') +
2726  0.0025000000000000001 * ((- x('8')) +
2727  1) * x('410') +
2728  0.0025000000000000001 * ((- x('9')) +
2729  1) * x('411') -
2730  0.0025000000000000001 * x('8') * (x('209') -
2731  10 * x('410')) -
2732  0.0025000000000000001 * x('9') * (x('210') -
2733  10 * x('411')) =e= 0;
2734  con259.. -x('409') +
2735  x('410') +
2736  0.0025000000000000001 * ((- x('7')) +
2737  1) * x('409') +
2738  0.0025000000000000001 * ((- x('8')) +
2739  1) * x('410') -
2740  0.0025000000000000001 * x('7') * (x('208') -
2741  10 * x('409')) -
2742  0.0025000000000000001 * x('8') * (x('209') -
2743  10 * x('410')) =e= 0;
2744  con260.. -x('267') +
2745  x('268') -
2746  0.0025000000000000001 * x('66') * ((- x('267')) +
2747  10 * x('468')) -
2748  0.0025000000000000001 * x('67') * ((- x('268')) +
2749  10 * x('469')) =e= 0;
2750  con261.. -x('408') +
2751  x('409') +
2752  0.0025000000000000001 * ((- x('6')) +
2753  1) * x('408') +
2754  0.0025000000000000001 * ((- x('7')) +
2755  1) * x('409') -
2756  0.0025000000000000001 * x('6') * (x('207') -
2757  10 * x('408')) -
2758  0.0025000000000000001 * x('7') * (x('208') -
2759  10 * x('409')) =e= 0;
2760  con262.. -x('407') +
2761  x('408') +
2762  0.0025000000000000001 * ((- x('5')) +
2763  1) * x('407') +
2764  0.0025000000000000001 * ((- x('6')) +
2765  1) * x('408') -
2766  0.0025000000000000001 * x('5') * (x('206') -
2767  10 * x('407')) -
2768  0.0025000000000000001 * x('6') * (x('207') -
2769  10 * x('408')) =e= 0;
2770  con263.. -x('406') +
2771  x('407') +
2772  0.0025000000000000001 * ((- x('4')) +
2773  1) * x('406') +
2774  0.0025000000000000001 * ((- x('5')) +
2775  1) * x('407') -
2776  0.0025000000000000001 * x('4') * (x('205') -
2777  10 * x('406')) -
2778  0.0025000000000000001 * x('5') * (x('206') -
2779  10 * x('407')) =e= 0;
2780  con264.. -x('268') +
2781  x('269') -
2782  0.0025000000000000001 * x('67') * ((- x('268')) +
2783  10 * x('469')) -
2784  0.0025000000000000001 * x('68') * ((- x('269')) +
2785  10 * x('470')) =e= 0;
2786  con265.. -x('405') +
2787  x('406') +
2788  0.0025000000000000001 * ((- x('3')) +
2789  1) * x('405') +
2790  0.0025000000000000001 * ((- x('4')) +
2791  1) * x('406') -
2792  0.0025000000000000001 * x('3') * (x('204') -
2793  10 * x('405')) -
2794  0.0025000000000000001 * x('4') * (x('205') -
2795  10 * x('406')) =e= 0;
2796  con266.. -x('404') +
2797  x('405') +
2798  0.0025000000000000001 * ((- x('2')) +
2799  1) * x('404') +
2800  0.0025000000000000001 * ((- x('3')) +
2801  1) * x('405') -
2802  0.0025000000000000001 * x('2') * (x('203') -
2803  10 * x('404')) -
2804  0.0025000000000000001 * x('3') * (x('204') -
2805  10 * x('405')) =e= 0;
2806  con267.. -x('269') +
2807  x('270') -
2808  0.0025000000000000001 * x('68') * ((- x('269')) +
2809  10 * x('470')) -
2810  0.0025000000000000001 * x('69') * ((- x('270')) +
2811  10 * x('471')) =e= 0;
2812  con268.. -x('403') +
2813  x('404') +
2814  0.0025000000000000001 * ((- x('1')) +
2815  1) * x('403') +
2816  0.0025000000000000001 * ((- x('2')) +
2817  1) * x('404') -
2818  0.0025000000000000001 * x('1') * (x('202') -
2819  10 * x('403')) -
2820  0.0025000000000000001 * x('2') * (x('203') -
2821  10 * x('404')) =e= 0;
2822  con269.. -x('401') +
2823  x('402') -
2824  0.0025000000000000001 * x('200') * ((- x('401')) +
2825  10 * x('602')) -
2826  0.0025000000000000001 * x('201') * ((- x('402')) +
2827  10 * x('603')) =e= 0;
2828  con270.. -x('400') +
2829  x('401') -
2830  0.0025000000000000001 * x('199') * ((- x('400')) +
2831  10 * x('601')) -
2832  0.0025000000000000001 * x('200') * ((- x('401')) +
2833  10 * x('602')) =e= 0;
2834  con271.. -x('399') +
2835  x('400') -
2836  0.0025000000000000001 * x('198') * ((- x('399')) +
2837  10 * x('600')) -
2838  0.0025000000000000001 * x('199') * ((- x('400')) +
2839  10 * x('601')) =e= 0;
2840  con272.. -x('270') +
2841  x('271') -
2842  0.0025000000000000001 * x('69') * ((- x('270')) +
2843  10 * x('471')) -
2844  0.0025000000000000001 * x('70') * ((- x('271')) +
2845  10 * x('472')) =e= 0;
2846  con273.. -x('398') +
2847  x('399') -
2848  0.0025000000000000001 * x('197') * ((- x('398')) +
2849  10 * x('599')) -
2850  0.0025000000000000001 * x('198') * ((- x('399')) +
2851  10 * x('600')) =e= 0;
2852  con274.. -x('397') +
2853  x('398') -
2854  0.0025000000000000001 * x('196') * ((- x('397')) +
2855  10 * x('598')) -
2856  0.0025000000000000001 * x('197') * ((- x('398')) +
2857  10 * x('599')) =e= 0;
2858  con275.. -x('396') +
2859  x('397') -
2860  0.0025000000000000001 * x('195') * ((- x('396')) +
2861  10 * x('597')) -
2862  0.0025000000000000001 * x('196') * ((- x('397')) +
2863  10 * x('598')) =e= 0;
2864  con276.. -x('271') +
2865  x('272') -
2866  0.0025000000000000001 * x('70') * ((- x('271')) +
2867  10 * x('472')) -
2868  0.0025000000000000001 * x('71') * ((- x('272')) +
2869  10 * x('473')) =e= 0;
2870  con277.. -x('395') +
2871  x('396') -
2872  0.0025000000000000001 * x('194') * ((- x('395')) +
2873  10 * x('596')) -
2874  0.0025000000000000001 * x('195') * ((- x('396')) +
2875  10 * x('597')) =e= 0;
2876  con278.. -x('394') +
2877  x('395') -
2878  0.0025000000000000001 * x('193') * ((- x('394')) +
2879  10 * x('595')) -
2880  0.0025000000000000001 * x('194') * ((- x('395')) +
2881  10 * x('596')) =e= 0;
2882  con279.. -x('393') +
2883  x('394') -
2884  0.0025000000000000001 * x('192') * ((- x('393')) +
2885  10 * x('594')) -
2886  0.0025000000000000001 * x('193') * ((- x('394')) +
2887  10 * x('595')) =e= 0;
2888  con280.. -x('272') +
2889  x('273') -
2890  0.0025000000000000001 * x('71') * ((- x('272')) +
2891  10 * x('473')) -
2892  0.0025000000000000001 * x('72') * ((- x('273')) +
2893  10 * x('474')) =e= 0;
2894  con281.. -x('392') +
2895  x('393') -
2896  0.0025000000000000001 * x('191') * ((- x('392')) +
2897  10 * x('593')) -
2898  0.0025000000000000001 * x('192') * ((- x('393')) +
2899  10 * x('594')) =e= 0;
2900  con282.. -x('391') +
2901  x('392') -
2902  0.0025000000000000001 * x('190') * ((- x('391')) +
2903  10 * x('592')) -
2904  0.0025000000000000001 * x('191') * ((- x('392')) +
2905  10 * x('593')) =e= 0;
2906  con283.. -x('390') +
2907  x('391') -
2908  0.0025000000000000001 * x('189') * ((- x('390')) +
2909  10 * x('591')) -
2910  0.0025000000000000001 * x('190') * ((- x('391')) +
2911  10 * x('592')) =e= 0;
2912  con284.. -x('273') +
2913  x('274') -
2914  0.0025000000000000001 * x('72') * ((- x('273')) +
2915  10 * x('474')) -
2916  0.0025000000000000001 * x('73') * ((- x('274')) +
2917  10 * x('475')) =e= 0;
2918  con285.. -x('389') +
2919  x('390') -
2920  0.0025000000000000001 * x('188') * ((- x('389')) +
2921  10 * x('590')) -
2922  0.0025000000000000001 * x('189') * ((- x('390')) +
2923  10 * x('591')) =e= 0;
2924  con286.. -x('388') +
2925  x('389') -
2926  0.0025000000000000001 * x('187') * ((- x('388')) +
2927  10 * x('589')) -
2928  0.0025000000000000001 * x('188') * ((- x('389')) +
2929  10 * x('590')) =e= 0;
2930  con287.. -x('387') +
2931  x('388') -
2932  0.0025000000000000001 * x('186') * ((- x('387')) +
2933  10 * x('588')) -
2934  0.0025000000000000001 * x('187') * ((- x('388')) +
2935  10 * x('589')) =e= 0;
2936  con288.. -x('274') +
2937  x('275') -
2938  0.0025000000000000001 * x('73') * ((- x('274')) +
2939  10 * x('475')) -
2940  0.0025000000000000001 * x('74') * ((- x('275')) +
2941  10 * x('476')) =e= 0;
2942  con289.. -x('386') +
2943  x('387') -
2944  0.0025000000000000001 * x('185') * ((- x('386')) +
2945  10 * x('587')) -
2946  0.0025000000000000001 * x('186') * ((- x('387')) +
2947  10 * x('588')) =e= 0;
2948  con290.. -x('385') +
2949  x('386') -
2950  0.0025000000000000001 * x('184') * ((- x('385')) +
2951  10 * x('586')) -
2952  0.0025000000000000001 * x('185') * ((- x('386')) +
2953  10 * x('587')) =e= 0;
2954  con291.. -x('384') +
2955  x('385') -
2956  0.0025000000000000001 * x('183') * ((- x('384')) +
2957  10 * x('585')) -
2958  0.0025000000000000001 * x('184') * ((- x('385')) +
2959  10 * x('586')) =e= 0;
2960  con292.. -x('275') +
2961  x('276') -
2962  0.0025000000000000001 * x('74') * ((- x('275')) +
2963  10 * x('476')) -
2964  0.0025000000000000001 * x('75') * ((- x('276')) +
2965  10 * x('477')) =e= 0;
2966  con293.. -x('383') +
2967  x('384') -
2968  0.0025000000000000001 * x('182') * ((- x('383')) +
2969  10 * x('584')) -
2970  0.0025000000000000001 * x('183') * ((- x('384')) +
2971  10 * x('585')) =e= 0;
2972  con294.. -x('382') +
2973  x('383') -
2974  0.0025000000000000001 * x('181') * ((- x('382')) +
2975  10 * x('583')) -
2976  0.0025000000000000001 * x('182') * ((- x('383')) +
2977  10 * x('584')) =e= 0;
2978  con295.. -x('381') +
2979  x('382') -
2980  0.0025000000000000001 * x('180') * ((- x('381')) +
2981  10 * x('582')) -
2982  0.0025000000000000001 * x('181') * ((- x('382')) +
2983  10 * x('583')) =e= 0;
2984  con296.. -x('276') +
2985  x('277') -
2986  0.0025000000000000001 * x('75') * ((- x('276')) +
2987  10 * x('477')) -
2988  0.0025000000000000001 * x('76') * ((- x('277')) +
2989  10 * x('478')) =e= 0;
2990  con297.. -x('380') +
2991  x('381') -
2992  0.0025000000000000001 * x('179') * ((- x('380')) +
2993  10 * x('581')) -
2994  0.0025000000000000001 * x('180') * ((- x('381')) +
2995  10 * x('582')) =e= 0;
2996  con298.. -x('379') +
2997  x('380') -
2998  0.0025000000000000001 * x('178') * ((- x('379')) +
2999  10 * x('580')) -
3000  0.0025000000000000001 * x('179') * ((- x('380')) +
3001  10 * x('581')) =e= 0;
3002  con299.. -x('378') +
3003  x('379') -
3004  0.0025000000000000001 * x('177') * ((- x('378')) +
3005  10 * x('579')) -
3006  0.0025000000000000001 * x('178') * ((- x('379')) +
3007  10 * x('580')) =e= 0;
3008  con300.. -x('277') +
3009  x('278') -
3010  0.0025000000000000001 * x('76') * ((- x('277')) +
3011  10 * x('478')) -
3012  0.0025000000000000001 * x('77') * ((- x('278')) +
3013  10 * x('479')) =e= 0;
3014  con301.. -x('377') +
3015  x('378') -
3016  0.0025000000000000001 * x('176') * ((- x('377')) +
3017  10 * x('578')) -
3018  0.0025000000000000001 * x('177') * ((- x('378')) +
3019  10 * x('579')) =e= 0;
3020  con302.. -x('376') +
3021  x('377') -
3022  0.0025000000000000001 * x('175') * ((- x('376')) +
3023  10 * x('577')) -
3024  0.0025000000000000001 * x('176') * ((- x('377')) +
3025  10 * x('578')) =e= 0;
3026  con303.. -x('375') +
3027  x('376') -
3028  0.0025000000000000001 * x('174') * ((- x('375')) +
3029  10 * x('576')) -
3030  0.0025000000000000001 * x('175') * ((- x('376')) +
3031  10 * x('577')) =e= 0;
3032  con304.. -x('278') +
3033  x('279') -
3034  0.0025000000000000001 * x('77') * ((- x('278')) +
3035  10 * x('479')) -
3036  0.0025000000000000001 * x('78') * ((- x('279')) +
3037  10 * x('480')) =e= 0;
3038  con305.. -x('374') +
3039  x('375') -
3040  0.0025000000000000001 * x('173') * ((- x('374')) +
3041  10 * x('575')) -
3042  0.0025000000000000001 * x('174') * ((- x('375')) +
3043  10 * x('576')) =e= 0;
3044  con306.. -x('373') +
3045  x('374') -
3046  0.0025000000000000001 * x('172') * ((- x('373')) +
3047  10 * x('574')) -
3048  0.0025000000000000001 * x('173') * ((- x('374')) +
3049  10 * x('575')) =e= 0;
3050  con307.. -x('372') +
3051  x('373') -
3052  0.0025000000000000001 * x('171') * ((- x('372')) +
3053  10 * x('573')) -
3054  0.0025000000000000001 * x('172') * ((- x('373')) +
3055  10 * x('574')) =e= 0;
3056  con308.. -x('279') +
3057  x('280') -
3058  0.0025000000000000001 * x('78') * ((- x('279')) +
3059  10 * x('480')) -
3060  0.0025000000000000001 * x('79') * ((- x('280')) +
3061  10 * x('481')) =e= 0;
3062  con309.. -x('371') +
3063  x('372') -
3064  0.0025000000000000001 * x('170') * ((- x('371')) +
3065  10 * x('572')) -
3066  0.0025000000000000001 * x('171') * ((- x('372')) +
3067  10 * x('573')) =e= 0;
3068  con310.. -x('370') +
3069  x('371') -
3070  0.0025000000000000001 * x('169') * ((- x('370')) +
3071  10 * x('571')) -
3072  0.0025000000000000001 * x('170') * ((- x('371')) +
3073  10 * x('572')) =e= 0;
3074  con311.. -x('369') +
3075  x('370') -
3076  0.0025000000000000001 * x('168') * ((- x('369')) +
3077  10 * x('570')) -
3078  0.0025000000000000001 * x('169') * ((- x('370')) +
3079  10 * x('571')) =e= 0;
3080  con312.. -x('280') +
3081  x('281') -
3082  0.0025000000000000001 * x('79') * ((- x('280')) +
3083  10 * x('481')) -
3084  0.0025000000000000001 * x('80') * ((- x('281')) +
3085  10 * x('482')) =e= 0;
3086  con313.. -x('368') +
3087  x('369') -
3088  0.0025000000000000001 * x('167') * ((- x('368')) +
3089  10 * x('569')) -
3090  0.0025000000000000001 * x('168') * ((- x('369')) +
3091  10 * x('570')) =e= 0;
3092  con314.. -x('367') +
3093  x('368') -
3094  0.0025000000000000001 * x('166') * ((- x('367')) +
3095  10 * x('568')) -
3096  0.0025000000000000001 * x('167') * ((- x('368')) +
3097  10 * x('569')) =e= 0;
3098  con315.. -x('366') +
3099  x('367') -
3100  0.0025000000000000001 * x('165') * ((- x('366')) +
3101  10 * x('567')) -
3102  0.0025000000000000001 * x('166') * ((- x('367')) +
3103  10 * x('568')) =e= 0;
3104  con316.. -x('281') +
3105  x('282') -
3106  0.0025000000000000001 * x('80') * ((- x('281')) +
3107  10 * x('482')) -
3108  0.0025000000000000001 * x('81') * ((- x('282')) +
3109  10 * x('483')) =e= 0;
3110  con317.. -x('365') +
3111  x('366') -
3112  0.0025000000000000001 * x('164') * ((- x('365')) +
3113  10 * x('566')) -
3114  0.0025000000000000001 * x('165') * ((- x('366')) +
3115  10 * x('567')) =e= 0;
3116  con318.. -x('364') +
3117  x('365') -
3118  0.0025000000000000001 * x('163') * ((- x('364')) +
3119  10 * x('565')) -
3120  0.0025000000000000001 * x('164') * ((- x('365')) +
3121  10 * x('566')) =e= 0;
3122  con319.. -x('363') +
3123  x('364') -
3124  0.0025000000000000001 * x('162') * ((- x('363')) +
3125  10 * x('564')) -
3126  0.0025000000000000001 * x('163') * ((- x('364')) +
3127  10 * x('565')) =e= 0;
3128  con320.. -x('282') +
3129  x('283') -
3130  0.0025000000000000001 * x('81') * ((- x('282')) +
3131  10 * x('483')) -
3132  0.0025000000000000001 * x('82') * ((- x('283')) +
3133  10 * x('484')) =e= 0;
3134  con321.. -x('362') +
3135  x('363') -
3136  0.0025000000000000001 * x('161') * ((- x('362')) +
3137  10 * x('563')) -
3138  0.0025000000000000001 * x('162') * ((- x('363')) +
3139  10 * x('564')) =e= 0;
3140  con322.. -x('361') +
3141  x('362') -
3142  0.0025000000000000001 * x('160') * ((- x('361')) +
3143  10 * x('562')) -
3144  0.0025000000000000001 * x('161') * ((- x('362')) +
3145  10 * x('563')) =e= 0;
3146  con323.. -x('360') +
3147  x('361') -
3148  0.0025000000000000001 * x('159') * ((- x('360')) +
3149  10 * x('561')) -
3150  0.0025000000000000001 * x('160') * ((- x('361')) +
3151  10 * x('562')) =e= 0;
3152  con324.. -x('283') +
3153  x('284') -
3154  0.0025000000000000001 * x('82') * ((- x('283')) +
3155  10 * x('484')) -
3156  0.0025000000000000001 * x('83') * ((- x('284')) +
3157  10 * x('485')) =e= 0;
3158  con325.. -x('359') +
3159  x('360') -
3160  0.0025000000000000001 * x('158') * ((- x('359')) +
3161  10 * x('560')) -
3162  0.0025000000000000001 * x('159') * ((- x('360')) +
3163  10 * x('561')) =e= 0;
3164  con326.. -x('358') +
3165  x('359') -
3166  0.0025000000000000001 * x('157') * ((- x('358')) +
3167  10 * x('559')) -
3168  0.0025000000000000001 * x('158') * ((- x('359')) +
3169  10 * x('560')) =e= 0;
3170  con327.. -x('357') +
3171  x('358') -
3172  0.0025000000000000001 * x('156') * ((- x('357')) +
3173  10 * x('558')) -
3174  0.0025000000000000001 * x('157') * ((- x('358')) +
3175  10 * x('559')) =e= 0;
3176  con328.. -x('284') +
3177  x('285') -
3178  0.0025000000000000001 * x('83') * ((- x('284')) +
3179  10 * x('485')) -
3180  0.0025000000000000001 * x('84') * ((- x('285')) +
3181  10 * x('486')) =e= 0;
3182  con329.. -x('356') +
3183  x('357') -
3184  0.0025000000000000001 * x('155') * ((- x('356')) +
3185  10 * x('557')) -
3186  0.0025000000000000001 * x('156') * ((- x('357')) +
3187  10 * x('558')) =e= 0;
3188  con330.. -x('355') +
3189  x('356') -
3190  0.0025000000000000001 * x('154') * ((- x('355')) +
3191  10 * x('556')) -
3192  0.0025000000000000001 * x('155') * ((- x('356')) +
3193  10 * x('557')) =e= 0;
3194  con331.. -x('354') +
3195  x('355') -
3196  0.0025000000000000001 * x('153') * ((- x('354')) +
3197  10 * x('555')) -
3198  0.0025000000000000001 * x('154') * ((- x('355')) +
3199  10 * x('556')) =e= 0;
3200  con332.. -x('285') +
3201  x('286') -
3202  0.0025000000000000001 * x('84') * ((- x('285')) +
3203  10 * x('486')) -
3204  0.0025000000000000001 * x('85') * ((- x('286')) +
3205  10 * x('487')) =e= 0;
3206  con333.. -x('353') +
3207  x('354') -
3208  0.0025000000000000001 * x('152') * ((- x('353')) +
3209  10 * x('554')) -
3210  0.0025000000000000001 * x('153') * ((- x('354')) +
3211  10 * x('555')) =e= 0;
3212  con334.. -x('352') +
3213  x('353') -
3214  0.0025000000000000001 * x('151') * ((- x('352')) +
3215  10 * x('553')) -
3216  0.0025000000000000001 * x('152') * ((- x('353')) +
3217  10 * x('554')) =e= 0;
3218  con335.. -x('351') +
3219  x('352') -
3220  0.0025000000000000001 * x('150') * ((- x('351')) +
3221  10 * x('552')) -
3222  0.0025000000000000001 * x('151') * ((- x('352')) +
3223  10 * x('553')) =e= 0;
3224  con336.. -x('286') +
3225  x('287') -
3226  0.0025000000000000001 * x('85') * ((- x('286')) +
3227  10 * x('487')) -
3228  0.0025000000000000001 * x('86') * ((- x('287')) +
3229  10 * x('488')) =e= 0;
3230  con337.. -x('350') +
3231  x('351') -
3232  0.0025000000000000001 * x('149') * ((- x('350')) +
3233  10 * x('551')) -
3234  0.0025000000000000001 * x('150') * ((- x('351')) +
3235  10 * x('552')) =e= 0;
3236  con338.. -x('349') +
3237  x('350') -
3238  0.0025000000000000001 * x('148') * ((- x('349')) +
3239  10 * x('550')) -
3240  0.0025000000000000001 * x('149') * ((- x('350')) +
3241  10 * x('551')) =e= 0;
3242  con339.. -x('348') +
3243  x('349') -
3244  0.0025000000000000001 * x('147') * ((- x('348')) +
3245  10 * x('549')) -
3246  0.0025000000000000001 * x('148') * ((- x('349')) +
3247  10 * x('550')) =e= 0;
3248  con340.. -x('287') +
3249  x('288') -
3250  0.0025000000000000001 * x('86') * ((- x('287')) +
3251  10 * x('488')) -
3252  0.0025000000000000001 * x('87') * ((- x('288')) +
3253  10 * x('489')) =e= 0;
3254  con341.. -x('347') +
3255  x('348') -
3256  0.0025000000000000001 * x('146') * ((- x('347')) +
3257  10 * x('548')) -
3258  0.0025000000000000001 * x('147') * ((- x('348')) +
3259  10 * x('549')) =e= 0;
3260  con342.. -x('346') +
3261  x('347') -
3262  0.0025000000000000001 * x('145') * ((- x('346')) +
3263  10 * x('547')) -
3264  0.0025000000000000001 * x('146') * ((- x('347')) +
3265  10 * x('548')) =e= 0;
3266  con343.. -x('345') +
3267  x('346') -
3268  0.0025000000000000001 * x('144') * ((- x('345')) +
3269  10 * x('546')) -
3270  0.0025000000000000001 * x('145') * ((- x('346')) +
3271  10 * x('547')) =e= 0;
3272  con344.. -x('288') +
3273  x('289') -
3274  0.0025000000000000001 * x('87') * ((- x('288')) +
3275  10 * x('489')) -
3276  0.0025000000000000001 * x('88') * ((- x('289')) +
3277  10 * x('490')) =e= 0;
3278  con345.. -x('344') +
3279  x('345') -
3280  0.0025000000000000001 * x('143') * ((- x('344')) +
3281  10 * x('545')) -
3282  0.0025000000000000001 * x('144') * ((- x('345')) +
3283  10 * x('546')) =e= 0;
3284  con346.. -x('343') +
3285  x('344') -
3286  0.0025000000000000001 * x('142') * ((- x('343')) +
3287  10 * x('544')) -
3288  0.0025000000000000001 * x('143') * ((- x('344')) +
3289  10 * x('545')) =e= 0;
3290  con347.. -x('342') +
3291  x('343') -
3292  0.0025000000000000001 * x('141') * ((- x('342')) +
3293  10 * x('543')) -
3294  0.0025000000000000001 * x('142') * ((- x('343')) +
3295  10 * x('544')) =e= 0;
3296  con348.. -x('289') +
3297  x('290') -
3298  0.0025000000000000001 * x('88') * ((- x('289')) +
3299  10 * x('490')) -
3300  0.0025000000000000001 * x('89') * ((- x('290')) +
3301  10 * x('491')) =e= 0;
3302  con349.. -x('341') +
3303  x('342') -
3304  0.0025000000000000001 * x('140') * ((- x('341')) +
3305  10 * x('542')) -
3306  0.0025000000000000001 * x('141') * ((- x('342')) +
3307  10 * x('543')) =e= 0;
3308  con350.. -x('340') +
3309  x('341') -
3310  0.0025000000000000001 * x('139') * ((- x('340')) +
3311  10 * x('541')) -
3312  0.0025000000000000001 * x('140') * ((- x('341')) +
3313  10 * x('542')) =e= 0;
3314  con351.. -x('339') +
3315  x('340') -
3316  0.0025000000000000001 * x('138') * ((- x('339')) +
3317  10 * x('540')) -
3318  0.0025000000000000001 * x('139') * ((- x('340')) +
3319  10 * x('541')) =e= 0;
3320  con352.. -x('290') +
3321  x('291') -
3322  0.0025000000000000001 * x('89') * ((- x('290')) +
3323  10 * x('491')) -
3324  0.0025000000000000001 * x('90') * ((- x('291')) +
3325  10 * x('492')) =e= 0;
3326  con353.. -x('338') +
3327  x('339') -
3328  0.0025000000000000001 * x('137') * ((- x('338')) +
3329  10 * x('539')) -
3330  0.0025000000000000001 * x('138') * ((- x('339')) +
3331  10 * x('540')) =e= 0;
3332  con354.. -x('337') +
3333  x('338') -
3334  0.0025000000000000001 * x('136') * ((- x('337')) +
3335  10 * x('538')) -
3336  0.0025000000000000001 * x('137') * ((- x('338')) +
3337  10 * x('539')) =e= 0;
3338  con355.. -x('336') +
3339  x('337') -
3340  0.0025000000000000001 * x('135') * ((- x('336')) +
3341  10 * x('537')) -
3342  0.0025000000000000001 * x('136') * ((- x('337')) +
3343  10 * x('538')) =e= 0;
3344  con356.. -x('291') +
3345  x('292') -
3346  0.0025000000000000001 * x('90') * ((- x('291')) +
3347  10 * x('492')) -
3348  0.0025000000000000001 * x('91') * ((- x('292')) +
3349  10 * x('493')) =e= 0;
3350  con357.. -x('335') +
3351  x('336') -
3352  0.0025000000000000001 * x('134') * ((- x('335')) +
3353  10 * x('536')) -
3354  0.0025000000000000001 * x('135') * ((- x('336')) +
3355  10 * x('537')) =e= 0;
3356  con358.. -x('334') +
3357  x('335') -
3358  0.0025000000000000001 * x('133') * ((- x('334')) +
3359  10 * x('535')) -
3360  0.0025000000000000001 * x('134') * ((- x('335')) +
3361  10 * x('536')) =e= 0;
3362  con359.. -x('333') +
3363  x('334') -
3364  0.0025000000000000001 * x('132') * ((- x('333')) +
3365  10 * x('534')) -
3366  0.0025000000000000001 * x('133') * ((- x('334')) +
3367  10 * x('535')) =e= 0;
3368  con360.. -x('292') +
3369  x('293') -
3370  0.0025000000000000001 * x('91') * ((- x('292')) +
3371  10 * x('493')) -
3372  0.0025000000000000001 * x('92') * ((- x('293')) +
3373  10 * x('494')) =e= 0;
3374  con361.. -x('332') +
3375  x('333') -
3376  0.0025000000000000001 * x('131') * ((- x('332')) +
3377  10 * x('533')) -
3378  0.0025000000000000001 * x('132') * ((- x('333')) +
3379  10 * x('534')) =e= 0;
3380  con362.. -x('331') +
3381  x('332') -
3382  0.0025000000000000001 * x('130') * ((- x('331')) +
3383  10 * x('532')) -
3384  0.0025000000000000001 * x('131') * ((- x('332')) +
3385  10 * x('533')) =e= 0;
3386  con363.. -x('330') +
3387  x('331') -
3388  0.0025000000000000001 * x('129') * ((- x('330')) +
3389  10 * x('531')) -
3390  0.0025000000000000001 * x('130') * ((- x('331')) +
3391  10 * x('532')) =e= 0;
3392  con364.. -x('293') +
3393  x('294') -
3394  0.0025000000000000001 * x('92') * ((- x('293')) +
3395  10 * x('494')) -
3396  0.0025000000000000001 * x('93') * ((- x('294')) +
3397  10 * x('495')) =e= 0;
3398  con365.. -x('329') +
3399  x('330') -
3400  0.0025000000000000001 * x('128') * ((- x('329')) +
3401  10 * x('530')) -
3402  0.0025000000000000001 * x('129') * ((- x('330')) +
3403  10 * x('531')) =e= 0;
3404  con366.. -x('328') +
3405  x('329') -
3406  0.0025000000000000001 * x('127') * ((- x('328')) +
3407  10 * x('529')) -
3408  0.0025000000000000001 * x('128') * ((- x('329')) +
3409  10 * x('530')) =e= 0;
3410  con367.. -x('327') +
3411  x('328') -
3412  0.0025000000000000001 * x('126') * ((- x('327')) +
3413  10 * x('528')) -
3414  0.0025000000000000001 * x('127') * ((- x('328')) +
3415  10 * x('529')) =e= 0;
3416  con368.. -x('294') +
3417  x('295') -
3418  0.0025000000000000001 * x('93') * ((- x('294')) +
3419  10 * x('495')) -
3420  0.0025000000000000001 * x('94') * ((- x('295')) +
3421  10 * x('496')) =e= 0;
3422  con369.. -x('326') +
3423  x('327') -
3424  0.0025000000000000001 * x('125') * ((- x('326')) +
3425  10 * x('527')) -
3426  0.0025000000000000001 * x('126') * ((- x('327')) +
3427  10 * x('528')) =e= 0;
3428  con370.. -x('325') +
3429  x('326') -
3430  0.0025000000000000001 * x('124') * ((- x('325')) +
3431  10 * x('526')) -
3432  0.0025000000000000001 * x('125') * ((- x('326')) +
3433  10 * x('527')) =e= 0;
3434  con371.. -x('324') +
3435  x('325') -
3436  0.0025000000000000001 * x('123') * ((- x('324')) +
3437  10 * x('525')) -
3438  0.0025000000000000001 * x('124') * ((- x('325')) +
3439  10 * x('526')) =e= 0;
3440  con372.. -x('295') +
3441  x('296') -
3442  0.0025000000000000001 * x('94') * ((- x('295')) +
3443  10 * x('496')) -
3444  0.0025000000000000001 * x('95') * ((- x('296')) +
3445  10 * x('497')) =e= 0;
3446  con373.. -x('323') +
3447  x('324') -
3448  0.0025000000000000001 * x('122') * ((- x('323')) +
3449  10 * x('524')) -
3450  0.0025000000000000001 * x('123') * ((- x('324')) +
3451  10 * x('525')) =e= 0;
3452  con374.. -x('322') +
3453  x('323') -
3454  0.0025000000000000001 * x('121') * ((- x('322')) +
3455  10 * x('523')) -
3456  0.0025000000000000001 * x('122') * ((- x('323')) +
3457  10 * x('524')) =e= 0;
3458  con375.. -x('321') +
3459  x('322') -
3460  0.0025000000000000001 * x('120') * ((- x('321')) +
3461  10 * x('522')) -
3462  0.0025000000000000001 * x('121') * ((- x('322')) +
3463  10 * x('523')) =e= 0;
3464  con376.. -x('296') +
3465  x('297') -
3466  0.0025000000000000001 * x('95') * ((- x('296')) +
3467  10 * x('497')) -
3468  0.0025000000000000001 * x('96') * ((- x('297')) +
3469  10 * x('498')) =e= 0;
3470  con377.. -x('320') +
3471  x('321') -
3472  0.0025000000000000001 * x('119') * ((- x('320')) +
3473  10 * x('521')) -
3474  0.0025000000000000001 * x('120') * ((- x('321')) +
3475  10 * x('522')) =e= 0;
3476  con378.. -x('319') +
3477  x('320') -
3478  0.0025000000000000001 * x('118') * ((- x('319')) +
3479  10 * x('520')) -
3480  0.0025000000000000001 * x('119') * ((- x('320')) +
3481  10 * x('521')) =e= 0;
3482  con379.. -x('318') +
3483  x('319') -
3484  0.0025000000000000001 * x('117') * ((- x('318')) +
3485  10 * x('519')) -
3486  0.0025000000000000001 * x('118') * ((- x('319')) +
3487  10 * x('520')) =e= 0;
3488  con380.. -x('297') +
3489  x('298') -
3490  0.0025000000000000001 * x('96') * ((- x('297')) +
3491  10 * x('498')) -
3492  0.0025000000000000001 * x('97') * ((- x('298')) +
3493  10 * x('499')) =e= 0;
3494  con381.. -x('317') +
3495  x('318') -
3496  0.0025000000000000001 * x('116') * ((- x('317')) +
3497  10 * x('518')) -
3498  0.0025000000000000001 * x('117') * ((- x('318')) +
3499  10 * x('519')) =e= 0;
3500  con382.. -x('316') +
3501  x('317') -
3502  0.0025000000000000001 * x('115') * ((- x('316')) +
3503  10 * x('517')) -
3504  0.0025000000000000001 * x('116') * ((- x('317')) +
3505  10 * x('518')) =e= 0;
3506  con383.. -x('315') +
3507  x('316') -
3508  0.0025000000000000001 * x('114') * ((- x('315')) +
3509  10 * x('516')) -
3510  0.0025000000000000001 * x('115') * ((- x('316')) +
3511  10 * x('517')) =e= 0;
3512  con384.. -x('298') +
3513  x('299') -
3514  0.0025000000000000001 * x('97') * ((- x('298')) +
3515  10 * x('499')) -
3516  0.0025000000000000001 * x('98') * ((- x('299')) +
3517  10 * x('500')) =e= 0;
3518  con385.. -x('314') +
3519  x('315') -
3520  0.0025000000000000001 * x('113') * ((- x('314')) +
3521  10 * x('515')) -
3522  0.0025000000000000001 * x('114') * ((- x('315')) +
3523  10 * x('516')) =e= 0;
3524  con386.. -x('313') +
3525  x('314') -
3526  0.0025000000000000001 * x('112') * ((- x('313')) +
3527  10 * x('514')) -
3528  0.0025000000000000001 * x('113') * ((- x('314')) +
3529  10 * x('515')) =e= 0;
3530  con387.. -x('312') +
3531  x('313') -
3532  0.0025000000000000001 * x('111') * ((- x('312')) +
3533  10 * x('513')) -
3534  0.0025000000000000001 * x('112') * ((- x('313')) +
3535  10 * x('514')) =e= 0;
3536  con388.. -x('299') +
3537  x('300') -
3538  0.0025000000000000001 * x('98') * ((- x('299')) +
3539  10 * x('500')) -
3540  0.0025000000000000001 * x('99') * ((- x('300')) +
3541  10 * x('501')) =e= 0;
3542  con389.. -x('311') +
3543  x('312') -
3544  0.0025000000000000001 * x('110') * ((- x('311')) +
3545  10 * x('512')) -
3546  0.0025000000000000001 * x('111') * ((- x('312')) +
3547  10 * x('513')) =e= 0;
3548  con390.. -x('310') +
3549  x('311') -
3550  0.0025000000000000001 * x('109') * ((- x('310')) +
3551  10 * x('511')) -
3552  0.0025000000000000001 * x('110') * ((- x('311')) +
3553  10 * x('512')) =e= 0;
3554  con391.. -x('309') +
3555  x('310') -
3556  0.0025000000000000001 * x('108') * ((- x('309')) +
3557  10 * x('510')) -
3558  0.0025000000000000001 * x('109') * ((- x('310')) +
3559  10 * x('511')) =e= 0;
3560  con392.. -x('300') +
3561  x('301') -
3562  0.0025000000000000001 * x('99') * ((- x('300')) +
3563  10 * x('501')) -
3564  0.0025000000000000001 * x('100') * ((- x('301')) +
3565  10 * x('502')) =e= 0;
3566  con393.. -x('308') +
3567  x('309') -
3568  0.0025000000000000001 * x('107') * ((- x('308')) +
3569  10 * x('509')) -
3570  0.0025000000000000001 * x('108') * ((- x('309')) +
3571  10 * x('510')) =e= 0;
3572  con394.. -x('307') +
3573  x('308') -
3574  0.0025000000000000001 * x('106') * ((- x('307')) +
3575  10 * x('508')) -
3576  0.0025000000000000001 * x('107') * ((- x('308')) +
3577  10 * x('509')) =e= 0;
3578  con395.. -x('306') +
3579  x('307') -
3580  0.0025000000000000001 * x('105') * ((- x('306')) +
3581  10 * x('507')) -
3582  0.0025000000000000001 * x('106') * ((- x('307')) +
3583  10 * x('508')) =e= 0;
3584  con396.. -x('301') +
3585  x('302') -
3586  0.0025000000000000001 * x('100') * ((- x('301')) +
3587  10 * x('502')) -
3588  0.0025000000000000001 * x('101') * ((- x('302')) +
3589  10 * x('503')) =e= 0;
3590  con397.. -x('305') +
3591  x('306') -
3592  0.0025000000000000001 * x('104') * ((- x('305')) +
3593  10 * x('506')) -
3594  0.0025000000000000001 * x('105') * ((- x('306')) +
3595  10 * x('507')) =e= 0;
3596  con398.. -x('304') +
3597  x('305') -
3598  0.0025000000000000001 * x('103') * ((- x('304')) +
3599  10 * x('505')) -
3600  0.0025000000000000001 * x('104') * ((- x('305')) +
3601  10 * x('506')) =e= 0;
3602  con399.. -x('303') +
3603  x('304') -
3604  0.0025000000000000001 * x('102') * ((- x('303')) +
3605  10 * x('504')) -
3606  0.0025000000000000001 * x('103') * ((- x('304')) +
3607  10 * x('505')) =e= 0;
3608  con400.. -x('302') +
3609  x('303') -
3610  0.0025000000000000001 * x('101') * ((- x('302')) +
3611  10 * x('503')) -
3612  0.0025000000000000001 * x('102') * ((- x('303')) +
3613  10 * x('504')) =e= 0;
3614  x.lo('202')=1;
3615  x.up('202')=1;
3616  x.lo('403')=0;
3617  x.up('403')=0;
3618  x.lo('1')=0;
3619  x.up('1')=1;
3620  x.lo('2')=0;
3621  x.up('2')=1;
3622  x.lo('3')=0;
3623  x.up('3')=1;
3624  x.lo('4')=0;
3625  x.up('4')=1;
3626  x.lo('5')=0;
3627  x.up('5')=1;
3628  x.lo('6')=0;
3629  x.up('6')=1;
3630  x.lo('7')=0;
3631  x.up('7')=1;
3632  x.lo('8')=0;
3633  x.up('8')=1;
3634  x.lo('9')=0;
3635  x.up('9')=1;
3636  x.lo('10')=0;
3637  x.up('10')=1;
3638  x.lo('11')=0;
3639  x.up('11')=1;
3640  x.lo('12')=0;
3641  x.up('12')=1;
3642  x.lo('13')=0;
3643  x.up('13')=1;
3644  x.lo('14')=0;
3645  x.up('14')=1;
3646  x.lo('15')=0;
3647  x.up('15')=1;
3648  x.lo('16')=0;
3649  x.up('16')=1;
3650  x.lo('17')=0;
3651  x.up('17')=1;
3652  x.lo('18')=0;
3653  x.up('18')=1;
3654  x.lo('19')=0;
3655  x.up('19')=1;
3656  x.lo('20')=0;
3657  x.up('20')=1;
3658  x.lo('21')=0;
3659  x.up('21')=1;
3660  x.lo('22')=0;
3661  x.up('22')=1;
3662  x.lo('23')=0;
3663  x.up('23')=1;
3664  x.lo('24')=0;
3665  x.up('24')=1;
3666  x.lo('25')=0;
3667  x.up('25')=1;
3668  x.lo('26')=0;
3669  x.up('26')=1;
3670  x.lo('27')=0;
3671  x.up('27')=1;
3672  x.lo('28')=0;
3673  x.up('28')=1;
3674  x.lo('29')=0;
3675  x.up('29')=1;
3676  x.lo('30')=0;
3677  x.up('30')=1;
3678  x.lo('31')=0;
3679  x.up('31')=1;
3680  x.lo('32')=0;
3681  x.up('32')=1;
3682  x.lo('33')=0;
3683  x.up('33')=1;
3684  x.lo('34')=0;
3685  x.up('34')=1;
3686  x.lo('35')=0;
3687  x.up('35')=1;
3688  x.lo('36')=0;
3689  x.up('36')=1;
3690  x.lo('37')=0;
3691  x.up('37')=1;
3692  x.lo('38')=0;
3693  x.up('38')=1;
3694  x.lo('39')=0;
3695  x.up('39')=1;
3696  x.lo('40')=0;
3697  x.up('40')=1;
3698  x.lo('41')=0;
3699  x.up('41')=1;
3700  x.lo('42')=0;
3701  x.up('42')=1;
3702  x.lo('43')=0;
3703  x.up('43')=1;
3704  x.lo('44')=0;
3705  x.up('44')=1;
3706  x.lo('45')=0;
3707  x.up('45')=1;
3708  x.lo('46')=0;
3709  x.up('46')=1;
3710  x.lo('47')=0;
3711  x.up('47')=1;
3712  x.lo('48')=0;
3713  x.up('48')=1;
3714  x.lo('49')=0;
3715  x.up('49')=1;
3716  x.lo('50')=0;
3717  x.up('50')=1;
3718  x.lo('51')=0;
3719  x.up('51')=1;
3720  x.lo('52')=0;
3721  x.up('52')=1;
3722  x.lo('53')=0;
3723  x.up('53')=1;
3724  x.lo('54')=0;
3725  x.up('54')=1;
3726  x.lo('55')=0;
3727  x.up('55')=1;
3728  x.lo('56')=0;
3729  x.up('56')=1;
3730  x.lo('57')=0;
3731  x.up('57')=1;
3732  x.lo('58')=0;
3733  x.up('58')=1;
3734  x.lo('59')=0;
3735  x.up('59')=1;
3736  x.lo('60')=0;
3737  x.up('60')=1;
3738  x.lo('61')=0;
3739  x.up('61')=1;
3740  x.lo('62')=0;
3741  x.up('62')=1;
3742  x.lo('63')=0;
3743  x.up('63')=1;
3744  x.lo('64')=0;
3745  x.up('64')=1;
3746  x.lo('65')=0;
3747  x.up('65')=1;
3748  x.lo('66')=0;
3749  x.up('66')=1;
3750  x.lo('67')=0;
3751  x.up('67')=1;
3752  x.lo('68')=0;
3753  x.up('68')=1;
3754  x.lo('69')=0;
3755  x.up('69')=1;
3756  x.lo('70')=0;
3757  x.up('70')=1;
3758  x.lo('71')=0;
3759  x.up('71')=1;
3760  x.lo('72')=0;
3761  x.up('72')=1;
3762  x.lo('73')=0;
3763  x.up('73')=1;
3764  x.lo('74')=0;
3765  x.up('74')=1;
3766  x.lo('75')=0;
3767  x.up('75')=1;
3768  x.lo('76')=0;
3769  x.up('76')=1;
3770  x.lo('77')=0;
3771  x.up('77')=1;
3772  x.lo('78')=0;
3773  x.up('78')=1;
3774  x.lo('79')=0;
3775  x.up('79')=1;
3776  x.lo('80')=0;
3777  x.up('80')=1;
3778  x.lo('81')=0;
3779  x.up('81')=1;
3780  x.lo('82')=0;
3781  x.up('82')=1;
3782  x.lo('83')=0;
3783  x.up('83')=1;
3784  x.lo('84')=0;
3785  x.up('84')=1;
3786  x.lo('85')=0;
3787  x.up('85')=1;
3788  x.lo('86')=0;
3789  x.up('86')=1;
3790  x.lo('87')=0;
3791  x.up('87')=1;
3792  x.lo('88')=0;
3793  x.up('88')=1;
3794  x.lo('89')=0;
3795  x.up('89')=1;
3796  x.lo('90')=0;
3797  x.up('90')=1;
3798  x.lo('91')=0;
3799  x.up('91')=1;
3800  x.lo('92')=0;
3801  x.up('92')=1;
3802  x.lo('93')=0;
3803  x.up('93')=1;
3804  x.lo('94')=0;
3805  x.up('94')=1;
3806  x.lo('95')=0;
3807  x.up('95')=1;
3808  x.lo('96')=0;
3809  x.up('96')=1;
3810  x.lo('97')=0;
3811  x.up('97')=1;
3812  x.lo('98')=0;
3813  x.up('98')=1;
3814  x.lo('99')=0;
3815  x.up('99')=1;
3816  x.lo('100')=0;
3817  x.up('100')=1;
3818  x.lo('101')=0;
3819  x.up('101')=1;
3820  x.lo('102')=0;
3821  x.up('102')=1;
3822  x.lo('103')=0;
3823  x.up('103')=1;
3824  x.lo('104')=0;
3825  x.up('104')=1;
3826  x.lo('105')=0;
3827  x.up('105')=1;
3828  x.lo('106')=0;
3829  x.up('106')=1;
3830  x.lo('107')=0;
3831  x.up('107')=1;
3832  x.lo('108')=0;
3833  x.up('108')=1;
3834  x.lo('109')=0;
3835  x.up('109')=1;
3836  x.lo('110')=0;
3837  x.up('110')=1;
3838  x.lo('111')=0;
3839  x.up('111')=1;
3840  x.lo('112')=0;
3841  x.up('112')=1;
3842  x.lo('113')=0;
3843  x.up('113')=1;
3844  x.lo('114')=0;
3845  x.up('114')=1;
3846  x.lo('115')=0;
3847  x.up('115')=1;
3848  x.lo('116')=0;
3849  x.up('116')=1;
3850  x.lo('117')=0;
3851  x.up('117')=1;
3852  x.lo('118')=0;
3853  x.up('118')=1;
3854  x.lo('119')=0;
3855  x.up('119')=1;
3856  x.lo('120')=0;
3857  x.up('120')=1;
3858  x.lo('121')=0;
3859  x.up('121')=1;
3860  x.lo('122')=0;
3861  x.up('122')=1;
3862  x.lo('123')=0;
3863  x.up('123')=1;
3864  x.lo('124')=0;
3865  x.up('124')=1;
3866  x.lo('125')=0;
3867  x.up('125')=1;
3868  x.lo('126')=0;
3869  x.up('126')=1;
3870  x.lo('127')=0;
3871  x.up('127')=1;
3872  x.lo('128')=0;
3873  x.up('128')=1;
3874  x.lo('129')=0;
3875  x.up('129')=1;
3876  x.lo('130')=0;
3877  x.up('130')=1;
3878  x.lo('131')=0;
3879  x.up('131')=1;
3880  x.lo('132')=0;
3881  x.up('132')=1;
3882  x.lo('133')=0;
3883  x.up('133')=1;
3884  x.lo('134')=0;
3885  x.up('134')=1;
3886  x.lo('135')=0;
3887  x.up('135')=1;
3888  x.lo('136')=0;
3889  x.up('136')=1;
3890  x.lo('137')=0;
3891  x.up('137')=1;
3892  x.lo('138')=0;
3893  x.up('138')=1;
3894  x.lo('139')=0;
3895  x.up('139')=1;
3896  x.lo('140')=0;
3897  x.up('140')=1;
3898  x.lo('141')=0;
3899  x.up('141')=1;
3900  x.lo('142')=0;
3901  x.up('142')=1;
3902  x.lo('143')=0;
3903  x.up('143')=1;
3904  x.lo('144')=0;
3905  x.up('144')=1;
3906  x.lo('145')=0;
3907  x.up('145')=1;
3908  x.lo('146')=0;
3909  x.up('146')=1;
3910  x.lo('147')=0;
3911  x.up('147')=1;
3912  x.lo('148')=0;
3913  x.up('148')=1;
3914  x.lo('149')=0;
3915  x.up('149')=1;
3916  x.lo('150')=0;
3917  x.up('150')=1;
3918  x.lo('151')=0;
3919  x.up('151')=1;
3920  x.lo('152')=0;
3921  x.up('152')=1;
3922  x.lo('153')=0;
3923  x.up('153')=1;
3924  x.lo('154')=0;
3925  x.up('154')=1;
3926  x.lo('155')=0;
3927  x.up('155')=1;
3928  x.lo('156')=0;
3929  x.up('156')=1;
3930  x.lo('157')=0;
3931  x.up('157')=1;
3932  x.lo('158')=0;
3933  x.up('158')=1;
3934  x.lo('159')=0;
3935  x.up('159')=1;
3936  x.lo('160')=0;
3937  x.up('160')=1;
3938  x.lo('161')=0;
3939  x.up('161')=1;
3940  x.lo('162')=0;
3941  x.up('162')=1;
3942  x.lo('163')=0;
3943  x.up('163')=1;
3944  x.lo('164')=0;
3945  x.up('164')=1;
3946  x.lo('165')=0;
3947  x.up('165')=1;
3948  x.lo('166')=0;
3949  x.up('166')=1;
3950  x.lo('167')=0;
3951  x.up('167')=1;
3952  x.lo('168')=0;
3953  x.up('168')=1;
3954  x.lo('169')=0;
3955  x.up('169')=1;
3956  x.lo('170')=0;
3957  x.up('170')=1;
3958  x.lo('171')=0;
3959  x.up('171')=1;
3960  x.lo('172')=0;
3961  x.up('172')=1;
3962  x.lo('173')=0;
3963  x.up('173')=1;
3964  x.lo('174')=0;
3965  x.up('174')=1;
3966  x.lo('175')=0;
3967  x.up('175')=1;
3968  x.lo('176')=0;
3969  x.up('176')=1;
3970  x.lo('177')=0;
3971  x.up('177')=1;
3972  x.lo('178')=0;
3973  x.up('178')=1;
3974  x.lo('179')=0;
3975  x.up('179')=1;
3976  x.lo('180')=0;
3977  x.up('180')=1;
3978  x.lo('181')=0;
3979  x.up('181')=1;
3980  x.lo('182')=0;
3981  x.up('182')=1;
3982  x.lo('183')=0;
3983  x.up('183')=1;
3984  x.lo('184')=0;
3985  x.up('184')=1;
3986  x.lo('185')=0;
3987  x.up('185')=1;
3988  x.lo('186')=0;
3989  x.up('186')=1;
3990  x.lo('187')=0;
3991  x.up('187')=1;
3992  x.lo('188')=0;
3993  x.up('188')=1;
3994  x.lo('189')=0;
3995  x.up('189')=1;
3996  x.lo('190')=0;
3997  x.up('190')=1;
3998  x.lo('191')=0;
3999  x.up('191')=1;
4000  x.lo('192')=0;
4001  x.up('192')=1;
4002  x.lo('193')=0;
4003  x.up('193')=1;
4004  x.lo('194')=0;
4005  x.up('194')=1;
4006  x.lo('195')=0;
4007  x.up('195')=1;
4008  x.lo('196')=0;
4009  x.up('196')=1;
4010  x.lo('197')=0;
4011  x.up('197')=1;
4012  x.lo('198')=0;
4013  x.up('198')=1;
4014  x.lo('199')=0;
4015  x.up('199')=1;
4016  x.lo('200')=0;
4017  x.up('200')=1;
4018  x.lo('201')=0;
4019  x.up('201')=1;
4020  Model m/All/;
4021  m.workspace = 32;
4022  m.optfile = 1;options nlp=convert;
4023  Solve m using nlp minimizing obj;
4024  display x.l, obj.l;
4025   
4026   
4027   


COMPILATION TIME     =        0.203 SECONDS      3 MB  53.5.1 f2e5fac3 WEX-WEI
GAMS 53.5.1  f2e5fac3 May 20, 2026          WEX-WEI x86 64bit/MS Windows - 06/14/26 21:49:15 Page 2
G e n e r a l   A l g e b r a i c   M o d e l i n g   S y s t e m
Equation Listing    SOLVE m Using NLP From line 4023


---- objcon  =E=  

objcon..  - x(402) - x(603) + obj =E= -1 ; (LHS = 0, INFES = 1 ****)
     

---- con1  =E=  

con1..  (0.0025)*x(1) + (0)*x(2) - (1)*x(202) + (1)*x(203) + (0)*x(403) + (0)*x(404) =E= 0 ; (LHS = -1, INFES = 1 ****)
     

---- con2  =E=  

con2..  (0)*x(200) + (0)*x(201) + (0)*x(401) + (0)*x(402) - (0.9975)*x(602) + (1.0025)*x(603) =E= 0 ; (LHS = 0)
     

---- con3  =E=  

con3..  (0)*x(199) + (0)*x(200) + (0)*x(400) + (0)*x(401) - (0.9975)*x(601) + (1.0025)*x(602) =E= 0 ; (LHS = 0)
     

---- con4  =E=  

con4..  (0)*x(2) + (0)*x(3) - (1)*x(203) + (1)*x(204) + (0)*x(404) + (0)*x(405) =E= 0 ; (LHS = 0)
     

---- con5  =E=  

con5..  (0)*x(198) + (0)*x(199) + (0)*x(399) + (0)*x(400) - (0.9975)*x(600) + (1.0025)*x(601) =E= 0 ; (LHS = 0)
     

---- con6  =E=  

con6..  (0)*x(197) + (0)*x(198) + (0)*x(398) + (0)*x(399) - (0.9975)*x(599) + (1.0025)*x(600) =E= 0 ; (LHS = 0)
     

---- con7  =E=  

con7..  (0)*x(196) + (0)*x(197) + (0)*x(397) + (0)*x(398) - (0.9975)*x(598) + (1.0025)*x(599) =E= 0 ; (LHS = 0)
     

---- con8  =E=  

con8..  (0)*x(3) + (0)*x(4) - (1)*x(204) + (1)*x(205) + (0)*x(405) + (0)*x(406) =E= 0 ; (LHS = 0)
     

---- con9  =E=  

con9..  (0)*x(195) + (0)*x(196) + (0)*x(396) + (0)*x(397) - (0.9975)*x(597) + (1.0025)*x(598) =E= 0 ; (LHS = 0)
     

---- con10  =E=  

con10..  (0)*x(194) + (0)*x(195) + (0)*x(395) + (0)*x(396) - (0.9975)*x(596) + (1.0025)*x(597) =E= 0 ; (LHS = 0)
     

---- con11  =E=  

con11..  (0)*x(193) + (0)*x(194) + (0)*x(394) + (0)*x(395) - (0.9975)*x(595) + (1.0025)*x(596) =E= 0 ; (LHS = 0)
     

---- con12  =E=  

con12..  (0)*x(4) + (0)*x(5) - (1)*x(205) + (1)*x(206) + (0)*x(406) + (0)*x(407) =E= 0 ; (LHS = 0)
     

---- con13  =E=  

con13..  (0)*x(192) + (0)*x(193) + (0)*x(393) + (0)*x(394) - (0.9975)*x(594) + (1.0025)*x(595) =E= 0 ; (LHS = 0)
     

---- con14  =E=  

con14..  (0)*x(191) + (0)*x(192) + (0)*x(392) + (0)*x(393) - (0.9975)*x(593) + (1.0025)*x(594) =E= 0 ; (LHS = 0)
     

---- con15  =E=  

con15..  (0)*x(190) + (0)*x(191) + (0)*x(391) + (0)*x(392) - (0.9975)*x(592) + (1.0025)*x(593) =E= 0 ; (LHS = 0)
     

---- con16  =E=  

con16..  (0)*x(5) + (0)*x(6) - (1)*x(206) + (1)*x(207) + (0)*x(407) + (0)*x(408) =E= 0 ; (LHS = 0)
     

---- con17  =E=  

con17..  (0)*x(189) + (0)*x(190) + (0)*x(390) + (0)*x(391) - (0.9975)*x(591) + (1.0025)*x(592) =E= 0 ; (LHS = 0)
     

---- con18  =E=  

con18..  (0)*x(188) + (0)*x(189) + (0)*x(389) + (0)*x(390) - (0.9975)*x(590) + (1.0025)*x(591) =E= 0 ; (LHS = 0)
     

---- con19  =E=  

con19..  (0)*x(187) + (0)*x(188) + (0)*x(388) + (0)*x(389) - (0.9975)*x(589) + (1.0025)*x(590) =E= 0 ; (LHS = 0)
     

---- con20  =E=  

con20..  (0)*x(6) + (0)*x(7) - (1)*x(207) + (1)*x(208) + (0)*x(408) + (0)*x(409) =E= 0 ; (LHS = 0)
     

---- con21  =E=  

con21..  (0)*x(186) + (0)*x(187) + (0)*x(387) + (0)*x(388) - (0.9975)*x(588) + (1.0025)*x(589) =E= 0 ; (LHS = 0)
     

---- con22  =E=  

con22..  (0)*x(185) + (0)*x(186) + (0)*x(386) + (0)*x(387) - (0.9975)*x(587) + (1.0025)*x(588) =E= 0 ; (LHS = 0)
     

---- con23  =E=  

con23..  (0)*x(184) + (0)*x(185) + (0)*x(385) + (0)*x(386) - (0.9975)*x(586) + (1.0025)*x(587) =E= 0 ; (LHS = 0)
     

---- con24  =E=  

con24..  (0)*x(7) + (0)*x(8) - (1)*x(208) + (1)*x(209) + (0)*x(409) + (0)*x(410) =E= 0 ; (LHS = 0)
     

---- con25  =E=  

con25..  (0)*x(183) + (0)*x(184) + (0)*x(384) + (0)*x(385) - (0.9975)*x(585) + (1.0025)*x(586) =E= 0 ; (LHS = 0)
     

---- con26  =E=  

con26..  (0)*x(182) + (0)*x(183) + (0)*x(383) + (0)*x(384) - (0.9975)*x(584) + (1.0025)*x(585) =E= 0 ; (LHS = 0)
     

---- con27  =E=  

con27..  (0)*x(181) + (0)*x(182) + (0)*x(382) + (0)*x(383) - (0.9975)*x(583) + (1.0025)*x(584) =E= 0 ; (LHS = 0)
     

---- con28  =E=  

con28..  (0)*x(8) + (0)*x(9) - (1)*x(209) + (1)*x(210) + (0)*x(410) + (0)*x(411) =E= 0 ; (LHS = 0)
     

---- con29  =E=  

con29..  (0)*x(180) + (0)*x(181) + (0)*x(381) + (0)*x(382) - (0.9975)*x(582) + (1.0025)*x(583) =E= 0 ; (LHS = 0)
     

---- con30  =E=  

con30..  (0)*x(179) + (0)*x(180) + (0)*x(380) + (0)*x(381) - (0.9975)*x(581) + (1.0025)*x(582) =E= 0 ; (LHS = 0)
     

---- con31  =E=  

con31..  (0)*x(178) + (0)*x(179) + (0)*x(379) + (0)*x(380) - (0.9975)*x(580) + (1.0025)*x(581) =E= 0 ; (LHS = 0)
     

---- con32  =E=  

con32..  (0)*x(9) + (0)*x(10) - (1)*x(210) + (1)*x(211) + (0)*x(411) + (0)*x(412) =E= 0 ; (LHS = 0)
     

---- con33  =E=  

con33..  (0)*x(177) + (0)*x(178) + (0)*x(378) + (0)*x(379) - (0.9975)*x(579) + (1.0025)*x(580) =E= 0 ; (LHS = 0)
     

---- con34  =E=  

con34..  (0)*x(176) + (0)*x(177) + (0)*x(377) + (0)*x(378) - (0.9975)*x(578) + (1.0025)*x(579) =E= 0 ; (LHS = 0)
     

---- con35  =E=  

con35..  (0)*x(175) + (0)*x(176) + (0)*x(376) + (0)*x(377) - (0.9975)*x(577) + (1.0025)*x(578) =E= 0 ; (LHS = 0)
     

---- con36  =E=  

con36..  (0)*x(10) + (0)*x(11) - (1)*x(211) + (1)*x(212) + (0)*x(412) + (0)*x(413) =E= 0 ; (LHS = 0)
     

---- con37  =E=  

con37..  (0)*x(174) + (0)*x(175) + (0)*x(375) + (0)*x(376) - (0.9975)*x(576) + (1.0025)*x(577) =E= 0 ; (LHS = 0)
     

---- con38  =E=  

con38..  (0)*x(173) + (0)*x(174) + (0)*x(374) + (0)*x(375) - (0.9975)*x(575) + (1.0025)*x(576) =E= 0 ; (LHS = 0)
     

---- con39  =E=  

con39..  (0)*x(172) + (0)*x(173) + (0)*x(373) + (0)*x(374) - (0.9975)*x(574) + (1.0025)*x(575) =E= 0 ; (LHS = 0)
     

---- con40  =E=  

con40..  (0)*x(11) + (0)*x(12) - (1)*x(212) + (1)*x(213) + (0)*x(413) + (0)*x(414) =E= 0 ; (LHS = 0)
     

---- con41  =E=  

con41..  (0)*x(171) + (0)*x(172) + (0)*x(372) + (0)*x(373) - (0.9975)*x(573) + (1.0025)*x(574) =E= 0 ; (LHS = 0)
     

---- con42  =E=  

con42..  (0)*x(170) + (0)*x(171) + (0)*x(371) + (0)*x(372) - (0.9975)*x(572) + (1.0025)*x(573) =E= 0 ; (LHS = 0)
     

---- con43  =E=  

con43..  (0)*x(169) + (0)*x(170) + (0)*x(370) + (0)*x(371) - (0.9975)*x(571) + (1.0025)*x(572) =E= 0 ; (LHS = 0)
     

---- con44  =E=  

con44..  (0)*x(12) + (0)*x(13) - (1)*x(213) + (1)*x(214) + (0)*x(414) + (0)*x(415) =E= 0 ; (LHS = 0)
     

---- con45  =E=  

con45..  (0)*x(168) + (0)*x(169) + (0)*x(369) + (0)*x(370) - (0.9975)*x(570) + (1.0025)*x(571) =E= 0 ; (LHS = 0)
     

---- con46  =E=  

con46..  (0)*x(167) + (0)*x(168) + (0)*x(368) + (0)*x(369) - (0.9975)*x(569) + (1.0025)*x(570) =E= 0 ; (LHS = 0)
     

---- con47  =E=  

con47..  (0)*x(166) + (0)*x(167) + (0)*x(367) + (0)*x(368) - (0.9975)*x(568) + (1.0025)*x(569) =E= 0 ; (LHS = 0)
     

---- con48  =E=  

con48..  (0)*x(13) + (0)*x(14) - (1)*x(214) + (1)*x(215) + (0)*x(415) + (0)*x(416) =E= 0 ; (LHS = 0)
     

---- con49  =E=  

con49..  (0)*x(165) + (0)*x(166) + (0)*x(366) + (0)*x(367) - (0.9975)*x(567) + (1.0025)*x(568) =E= 0 ; (LHS = 0)
     

---- con50  =E=  

con50..  (0)*x(164) + (0)*x(165) + (0)*x(365) + (0)*x(366) - (0.9975)*x(566) + (1.0025)*x(567) =E= 0 ; (LHS = 0)
     

---- con51  =E=  

con51..  (0)*x(163) + (0)*x(164) + (0)*x(364) + (0)*x(365) - (0.9975)*x(565) + (1.0025)*x(566) =E= 0 ; (LHS = 0)
     

---- con52  =E=  

con52..  (0)*x(14) + (0)*x(15) - (1)*x(215) + (1)*x(216) + (0)*x(416) + (0)*x(417) =E= 0 ; (LHS = 0)
     

---- con53  =E=  

con53..  (0)*x(162) + (0)*x(163) + (0)*x(363) + (0)*x(364) - (0.9975)*x(564) + (1.0025)*x(565) =E= 0 ; (LHS = 0)
     

---- con54  =E=  

con54..  (0)*x(161) + (0)*x(162) + (0)*x(362) + (0)*x(363) - (0.9975)*x(563) + (1.0025)*x(564) =E= 0 ; (LHS = 0)
     

---- con55  =E=  

con55..  (0)*x(160) + (0)*x(161) + (0)*x(361) + (0)*x(362) - (0.9975)*x(562) + (1.0025)*x(563) =E= 0 ; (LHS = 0)
     

---- con56  =E=  

con56..  (0)*x(15) + (0)*x(16) - (1)*x(216) + (1)*x(217) + (0)*x(417) + (0)*x(418) =E= 0 ; (LHS = 0)
     

---- con57  =E=  

con57..  (0)*x(159) + (0)*x(160) + (0)*x(360) + (0)*x(361) - (0.9975)*x(561) + (1.0025)*x(562) =E= 0 ; (LHS = 0)
     

---- con58  =E=  

con58..  (0)*x(158) + (0)*x(159) + (0)*x(359) + (0)*x(360) - (0.9975)*x(560) + (1.0025)*x(561) =E= 0 ; (LHS = 0)
     

---- con59  =E=  

con59..  (0)*x(157) + (0)*x(158) + (0)*x(358) + (0)*x(359) - (0.9975)*x(559) + (1.0025)*x(560) =E= 0 ; (LHS = 0)
     

---- con60  =E=  

con60..  (0)*x(16) + (0)*x(17) - (1)*x(217) + (1)*x(218) + (0)*x(418) + (0)*x(419) =E= 0 ; (LHS = 0)
     

---- con61  =E=  

con61..  (0)*x(156) + (0)*x(157) + (0)*x(357) + (0)*x(358) - (0.9975)*x(558) + (1.0025)*x(559) =E= 0 ; (LHS = 0)
     

---- con62  =E=  

con62..  (0)*x(155) + (0)*x(156) + (0)*x(356) + (0)*x(357) - (0.9975)*x(557) + (1.0025)*x(558) =E= 0 ; (LHS = 0)
     

---- con63  =E=  

con63..  (0)*x(154) + (0)*x(155) + (0)*x(355) + (0)*x(356) - (0.9975)*x(556) + (1.0025)*x(557) =E= 0 ; (LHS = 0)
     

---- con64  =E=  

con64..  (0)*x(17) + (0)*x(18) - (1)*x(218) + (1)*x(219) + (0)*x(419) + (0)*x(420) =E= 0 ; (LHS = 0)
     

---- con65  =E=  

con65..  (0)*x(153) + (0)*x(154) + (0)*x(354) + (0)*x(355) - (0.9975)*x(555) + (1.0025)*x(556) =E= 0 ; (LHS = 0)
     

---- con66  =E=  

con66..  (0)*x(152) + (0)*x(153) + (0)*x(353) + (0)*x(354) - (0.9975)*x(554) + (1.0025)*x(555) =E= 0 ; (LHS = 0)
     

---- con67  =E=  

con67..  (0)*x(151) + (0)*x(152) + (0)*x(352) + (0)*x(353) - (0.9975)*x(553) + (1.0025)*x(554) =E= 0 ; (LHS = 0)
     

---- con68  =E=  

con68..  (0)*x(18) + (0)*x(19) - (1)*x(219) + (1)*x(220) + (0)*x(420) + (0)*x(421) =E= 0 ; (LHS = 0)
     

---- con69  =E=  

con69..  (0)*x(150) + (0)*x(151) + (0)*x(351) + (0)*x(352) - (0.9975)*x(552) + (1.0025)*x(553) =E= 0 ; (LHS = 0)
     

---- con70  =E=  

con70..  (0)*x(149) + (0)*x(150) + (0)*x(350) + (0)*x(351) - (0.9975)*x(551) + (1.0025)*x(552) =E= 0 ; (LHS = 0)
     

---- con71  =E=  

con71..  (0)*x(148) + (0)*x(149) + (0)*x(349) + (0)*x(350) - (0.9975)*x(550) + (1.0025)*x(551) =E= 0 ; (LHS = 0)
     

---- con72  =E=  

con72..  (0)*x(19) + (0)*x(20) - (1)*x(220) + (1)*x(221) + (0)*x(421) + (0)*x(422) =E= 0 ; (LHS = 0)
     

---- con73  =E=  

con73..  (0)*x(147) + (0)*x(148) + (0)*x(348) + (0)*x(349) - (0.9975)*x(549) + (1.0025)*x(550) =E= 0 ; (LHS = 0)
     

---- con74  =E=  

con74..  (0)*x(146) + (0)*x(147) + (0)*x(347) + (0)*x(348) - (0.9975)*x(548) + (1.0025)*x(549) =E= 0 ; (LHS = 0)
     

---- con75  =E=  

con75..  (0)*x(145) + (0)*x(146) + (0)*x(346) + (0)*x(347) - (0.9975)*x(547) + (1.0025)*x(548) =E= 0 ; (LHS = 0)
     

---- con76  =E=  

con76..  (0)*x(20) + (0)*x(21) - (1)*x(221) + (1)*x(222) + (0)*x(422) + (0)*x(423) =E= 0 ; (LHS = 0)
     

---- con77  =E=  

con77..  (0)*x(144) + (0)*x(145) + (0)*x(345) + (0)*x(346) - (0.9975)*x(546) + (1.0025)*x(547) =E= 0 ; (LHS = 0)
     

---- con78  =E=  

con78..  (0)*x(143) + (0)*x(144) + (0)*x(344) + (0)*x(345) - (0.9975)*x(545) + (1.0025)*x(546) =E= 0 ; (LHS = 0)
     

---- con79  =E=  

con79..  (0)*x(142) + (0)*x(143) + (0)*x(343) + (0)*x(344) - (0.9975)*x(544) + (1.0025)*x(545) =E= 0 ; (LHS = 0)
     

---- con80  =E=  

con80..  (0)*x(21) + (0)*x(22) - (1)*x(222) + (1)*x(223) + (0)*x(423) + (0)*x(424) =E= 0 ; (LHS = 0)
     

---- con81  =E=  

con81..  (0)*x(141) + (0)*x(142) + (0)*x(342) + (0)*x(343) - (0.9975)*x(543) + (1.0025)*x(544) =E= 0 ; (LHS = 0)
     

---- con82  =E=  

con82..  (0)*x(140) + (0)*x(141) + (0)*x(341) + (0)*x(342) - (0.9975)*x(542) + (1.0025)*x(543) =E= 0 ; (LHS = 0)
     

---- con83  =E=  

con83..  (0)*x(139) + (0)*x(140) + (0)*x(340) + (0)*x(341) - (0.9975)*x(541) + (1.0025)*x(542) =E= 0 ; (LHS = 0)
     

---- con84  =E=  

con84..  (0)*x(22) + (0)*x(23) - (1)*x(223) + (1)*x(224) + (0)*x(424) + (0)*x(425) =E= 0 ; (LHS = 0)
     

---- con85  =E=  

con85..  (0)*x(138) + (0)*x(139) + (0)*x(339) + (0)*x(340) - (0.9975)*x(540) + (1.0025)*x(541) =E= 0 ; (LHS = 0)
     

---- con86  =E=  

con86..  (0)*x(137) + (0)*x(138) + (0)*x(338) + (0)*x(339) - (0.9975)*x(539) + (1.0025)*x(540) =E= 0 ; (LHS = 0)
     

---- con87  =E=  

con87..  (0)*x(136) + (0)*x(137) + (0)*x(337) + (0)*x(338) - (0.9975)*x(538) + (1.0025)*x(539) =E= 0 ; (LHS = 0)
     

---- con88  =E=  

con88..  (0)*x(23) + (0)*x(24) - (1)*x(224) + (1)*x(225) + (0)*x(425) + (0)*x(426) =E= 0 ; (LHS = 0)
     

---- con89  =E=  

con89..  (0)*x(135) + (0)*x(136) + (0)*x(336) + (0)*x(337) - (0.9975)*x(537) + (1.0025)*x(538) =E= 0 ; (LHS = 0)
     

---- con90  =E=  

con90..  (0)*x(134) + (0)*x(135) + (0)*x(335) + (0)*x(336) - (0.9975)*x(536) + (1.0025)*x(537) =E= 0 ; (LHS = 0)
     

---- con91  =E=  

con91..  (0)*x(133) + (0)*x(134) + (0)*x(334) + (0)*x(335) - (0.9975)*x(535) + (1.0025)*x(536) =E= 0 ; (LHS = 0)
     

---- con92  =E=  

con92..  (0)*x(24) + (0)*x(25) - (1)*x(225) + (1)*x(226) + (0)*x(426) + (0)*x(427) =E= 0 ; (LHS = 0)
     

---- con93  =E=  

con93..  (0)*x(132) + (0)*x(133) + (0)*x(333) + (0)*x(334) - (0.9975)*x(534) + (1.0025)*x(535) =E= 0 ; (LHS = 0)
     

---- con94  =E=  

con94..  (0)*x(131) + (0)*x(132) + (0)*x(332) + (0)*x(333) - (0.9975)*x(533) + (1.0025)*x(534) =E= 0 ; (LHS = 0)
     

---- con95  =E=  

con95..  (0)*x(130) + (0)*x(131) + (0)*x(331) + (0)*x(332) - (0.9975)*x(532) + (1.0025)*x(533) =E= 0 ; (LHS = 0)
     

---- con96  =E=  

con96..  (0)*x(25) + (0)*x(26) - (1)*x(226) + (1)*x(227) + (0)*x(427) + (0)*x(428) =E= 0 ; (LHS = 0)
     

---- con97  =E=  

con97..  (0)*x(129) + (0)*x(130) + (0)*x(330) + (0)*x(331) - (0.9975)*x(531) + (1.0025)*x(532) =E= 0 ; (LHS = 0)
     

---- con98  =E=  

con98..  (0)*x(128) + (0)*x(129) + (0)*x(329) + (0)*x(330) - (0.9975)*x(530) + (1.0025)*x(531) =E= 0 ; (LHS = 0)
     

---- con99  =E=  

con99..  (0)*x(127) + (0)*x(128) + (0)*x(328) + (0)*x(329) - (0.9975)*x(529) + (1.0025)*x(530) =E= 0 ; (LHS = 0)
     

---- con100  =E=  

con100..  (0)*x(26) + (0)*x(27) - (1)*x(227) + (1)*x(228) + (0)*x(428) + (0)*x(429) =E= 0 ; (LHS = 0)
     

---- con101  =E=  

con101..  (0)*x(126) + (0)*x(127) + (0)*x(327) + (0)*x(328) - (0.9975)*x(528) + (1.0025)*x(529) =E= 0 ; (LHS = 0)
     

---- con102  =E=  

con102..  (0)*x(125) + (0)*x(126) + (0)*x(326) + (0)*x(327) - (0.9975)*x(527) + (1.0025)*x(528) =E= 0 ; (LHS = 0)
     

---- con103  =E=  

con103..  (0)*x(124) + (0)*x(125) + (0)*x(325) + (0)*x(326) - (0.9975)*x(526) + (1.0025)*x(527) =E= 0 ; (LHS = 0)
     

---- con104  =E=  

con104..  (0)*x(27) + (0)*x(28) - (1)*x(228) + (1)*x(229) + (0)*x(429) + (0)*x(430) =E= 0 ; (LHS = 0)
     

---- con105  =E=  

con105..  (0)*x(123) + (0)*x(124) + (0)*x(324) + (0)*x(325) - (0.9975)*x(525) + (1.0025)*x(526) =E= 0 ; (LHS = 0)
     

---- con106  =E=  

con106..  (0)*x(122) + (0)*x(123) + (0)*x(323) + (0)*x(324) - (0.9975)*x(524) + (1.0025)*x(525) =E= 0 ; (LHS = 0)
     

---- con107  =E=  

con107..  (0)*x(121) + (0)*x(122) + (0)*x(322) + (0)*x(323) - (0.9975)*x(523) + (1.0025)*x(524) =E= 0 ; (LHS = 0)
     

---- con108  =E=  

con108..  (0)*x(28) + (0)*x(29) - (1)*x(229) + (1)*x(230) + (0)*x(430) + (0)*x(431) =E= 0 ; (LHS = 0)
     

---- con109  =E=  

con109..  (0)*x(120) + (0)*x(121) + (0)*x(321) + (0)*x(322) - (0.9975)*x(522) + (1.0025)*x(523) =E= 0 ; (LHS = 0)
     

---- con110  =E=  

con110..  (0)*x(119) + (0)*x(120) + (0)*x(320) + (0)*x(321) - (0.9975)*x(521) + (1.0025)*x(522) =E= 0 ; (LHS = 0)
     

---- con111  =E=  

con111..  (0)*x(118) + (0)*x(119) + (0)*x(319) + (0)*x(320) - (0.9975)*x(520) + (1.0025)*x(521) =E= 0 ; (LHS = 0)
     

---- con112  =E=  

con112..  (0)*x(29) + (0)*x(30) - (1)*x(230) + (1)*x(231) + (0)*x(431) + (0)*x(432) =E= 0 ; (LHS = 0)
     

---- con113  =E=  

con113..  (0)*x(117) + (0)*x(118) + (0)*x(318) + (0)*x(319) - (0.9975)*x(519) + (1.0025)*x(520) =E= 0 ; (LHS = 0)
     

---- con114  =E=  

con114..  (0)*x(116) + (0)*x(117) + (0)*x(317) + (0)*x(318) - (0.9975)*x(518) + (1.0025)*x(519) =E= 0 ; (LHS = 0)
     

---- con115  =E=  

con115..  (0)*x(115) + (0)*x(116) + (0)*x(316) + (0)*x(317) - (0.9975)*x(517) + (1.0025)*x(518) =E= 0 ; (LHS = 0)
     

---- con116  =E=  

con116..  (0)*x(30) + (0)*x(31) - (1)*x(231) + (1)*x(232) + (0)*x(432) + (0)*x(433) =E= 0 ; (LHS = 0)
     

---- con117  =E=  

con117..  (0)*x(114) + (0)*x(115) + (0)*x(315) + (0)*x(316) - (0.9975)*x(516) + (1.0025)*x(517) =E= 0 ; (LHS = 0)
     

---- con118  =E=  

con118..  (0)*x(113) + (0)*x(114) + (0)*x(314) + (0)*x(315) - (0.9975)*x(515) + (1.0025)*x(516) =E= 0 ; (LHS = 0)
     

---- con119  =E=  

con119..  (0)*x(112) + (0)*x(113) + (0)*x(313) + (0)*x(314) - (0.9975)*x(514) + (1.0025)*x(515) =E= 0 ; (LHS = 0)
     

---- con120  =E=  

con120..  (0)*x(31) + (0)*x(32) - (1)*x(232) + (1)*x(233) + (0)*x(433) + (0)*x(434) =E= 0 ; (LHS = 0)
     

---- con121  =E=  

con121..  (0)*x(111) + (0)*x(112) + (0)*x(312) + (0)*x(313) - (0.9975)*x(513) + (1.0025)*x(514) =E= 0 ; (LHS = 0)
     

---- con122  =E=  

con122..  (0)*x(110) + (0)*x(111) + (0)*x(311) + (0)*x(312) - (0.9975)*x(512) + (1.0025)*x(513) =E= 0 ; (LHS = 0)
     

---- con123  =E=  

con123..  (0)*x(109) + (0)*x(110) + (0)*x(310) + (0)*x(311) - (0.9975)*x(511) + (1.0025)*x(512) =E= 0 ; (LHS = 0)
     

---- con124  =E=  

con124..  (0)*x(32) + (0)*x(33) - (1)*x(233) + (1)*x(234) + (0)*x(434) + (0)*x(435) =E= 0 ; (LHS = 0)
     

---- con125  =E=  

con125..  (0)*x(108) + (0)*x(109) + (0)*x(309) + (0)*x(310) - (0.9975)*x(510) + (1.0025)*x(511) =E= 0 ; (LHS = 0)
     

---- con126  =E=  

con126..  (0)*x(107) + (0)*x(108) + (0)*x(308) + (0)*x(309) - (0.9975)*x(509) + (1.0025)*x(510) =E= 0 ; (LHS = 0)
     

---- con127  =E=  

con127..  (0)*x(106) + (0)*x(107) + (0)*x(307) + (0)*x(308) - (0.9975)*x(508) + (1.0025)*x(509) =E= 0 ; (LHS = 0)
     

---- con128  =E=  

con128..  (0)*x(33) + (0)*x(34) - (1)*x(234) + (1)*x(235) + (0)*x(435) + (0)*x(436) =E= 0 ; (LHS = 0)
     

---- con129  =E=  

con129..  (0)*x(105) + (0)*x(106) + (0)*x(306) + (0)*x(307) - (0.9975)*x(507) + (1.0025)*x(508) =E= 0 ; (LHS = 0)
     

---- con130  =E=  

con130..  (0)*x(104) + (0)*x(105) + (0)*x(305) + (0)*x(306) - (0.9975)*x(506) + (1.0025)*x(507) =E= 0 ; (LHS = 0)
     

---- con131  =E=  

con131..  (0)*x(103) + (0)*x(104) + (0)*x(304) + (0)*x(305) - (0.9975)*x(505) + (1.0025)*x(506) =E= 0 ; (LHS = 0)
     

---- con132  =E=  

con132..  (0)*x(34) + (0)*x(35) - (1)*x(235) + (1)*x(236) + (0)*x(436) + (0)*x(437) =E= 0 ; (LHS = 0)
     

---- con133  =E=  

con133..  (0)*x(102) + (0)*x(103) + (0)*x(303) + (0)*x(304) - (0.9975)*x(504) + (1.0025)*x(505) =E= 0 ; (LHS = 0)
     

---- con134  =E=  

con134..  (0)*x(101) + (0)*x(102) + (0)*x(302) + (0)*x(303) - (0.9975)*x(503) + (1.0025)*x(504) =E= 0 ; (LHS = 0)
     

---- con135  =E=  

con135..  (0)*x(100) + (0)*x(101) + (0)*x(301) + (0)*x(302) - (0.9975)*x(502) + (1.0025)*x(503) =E= 0 ; (LHS = 0)
     

---- con136  =E=  

con136..  (0)*x(35) + (0)*x(36) - (1)*x(236) + (1)*x(237) + (0)*x(437) + (0)*x(438) =E= 0 ; (LHS = 0)
     

---- con137  =E=  

con137..  (0)*x(99) + (0)*x(100) + (0)*x(300) + (0)*x(301) - (0.9975)*x(501) + (1.0025)*x(502) =E= 0 ; (LHS = 0)
     

---- con138  =E=  

con138..  (0)*x(98) + (0)*x(99) + (0)*x(299) + (0)*x(300) - (0.9975)*x(500) + (1.0025)*x(501) =E= 0 ; (LHS = 0)
     

---- con139  =E=  

con139..  (0)*x(97) + (0)*x(98) + (0)*x(298) + (0)*x(299) - (0.9975)*x(499) + (1.0025)*x(500) =E= 0 ; (LHS = 0)
     

---- con140  =E=  

con140..  (0)*x(36) + (0)*x(37) - (1)*x(237) + (1)*x(238) + (0)*x(438) + (0)*x(439) =E= 0 ; (LHS = 0)
     

---- con141  =E=  

con141..  (0)*x(96) + (0)*x(97) + (0)*x(297) + (0)*x(298) - (0.9975)*x(498) + (1.0025)*x(499) =E= 0 ; (LHS = 0)
     

---- con142  =E=  

con142..  (0)*x(95) + (0)*x(96) + (0)*x(296) + (0)*x(297) - (0.9975)*x(497) + (1.0025)*x(498) =E= 0 ; (LHS = 0)
     

---- con143  =E=  

con143..  (0)*x(94) + (0)*x(95) + (0)*x(295) + (0)*x(296) - (0.9975)*x(496) + (1.0025)*x(497) =E= 0 ; (LHS = 0)
     

---- con144  =E=  

con144..  (0)*x(37) + (0)*x(38) - (1)*x(238) + (1)*x(239) + (0)*x(439) + (0)*x(440) =E= 0 ; (LHS = 0)
     

---- con145  =E=  

con145..  (0)*x(93) + (0)*x(94) + (0)*x(294) + (0)*x(295) - (0.9975)*x(495) + (1.0025)*x(496) =E= 0 ; (LHS = 0)
     

---- con146  =E=  

con146..  (0)*x(92) + (0)*x(93) + (0)*x(293) + (0)*x(294) - (0.9975)*x(494) + (1.0025)*x(495) =E= 0 ; (LHS = 0)
     

---- con147  =E=  

con147..  (0)*x(91) + (0)*x(92) + (0)*x(292) + (0)*x(293) - (0.9975)*x(493) + (1.0025)*x(494) =E= 0 ; (LHS = 0)
     

---- con148  =E=  

con148..  (0)*x(38) + (0)*x(39) - (1)*x(239) + (1)*x(240) + (0)*x(440) + (0)*x(441) =E= 0 ; (LHS = 0)
     

---- con149  =E=  

con149..  (0)*x(90) + (0)*x(91) + (0)*x(291) + (0)*x(292) - (0.9975)*x(492) + (1.0025)*x(493) =E= 0 ; (LHS = 0)
     

---- con150  =E=  

con150..  (0)*x(89) + (0)*x(90) + (0)*x(290) + (0)*x(291) - (0.9975)*x(491) + (1.0025)*x(492) =E= 0 ; (LHS = 0)
     

---- con151  =E=  

con151..  (0)*x(88) + (0)*x(89) + (0)*x(289) + (0)*x(290) - (0.9975)*x(490) + (1.0025)*x(491) =E= 0 ; (LHS = 0)
     

---- con152  =E=  

con152..  (0)*x(39) + (0)*x(40) - (1)*x(240) + (1)*x(241) + (0)*x(441) + (0)*x(442) =E= 0 ; (LHS = 0)
     

---- con153  =E=  

con153..  (0)*x(87) + (0)*x(88) + (0)*x(288) + (0)*x(289) - (0.9975)*x(489) + (1.0025)*x(490) =E= 0 ; (LHS = 0)
     

---- con154  =E=  

con154..  (0)*x(86) + (0)*x(87) + (0)*x(287) + (0)*x(288) - (0.9975)*x(488) + (1.0025)*x(489) =E= 0 ; (LHS = 0)
     

---- con155  =E=  

con155..  (0)*x(85) + (0)*x(86) + (0)*x(286) + (0)*x(287) - (0.9975)*x(487) + (1.0025)*x(488) =E= 0 ; (LHS = 0)
     

---- con156  =E=  

con156..  (0)*x(40) + (0)*x(41) - (1)*x(241) + (1)*x(242) + (0)*x(442) + (0)*x(443) =E= 0 ; (LHS = 0)
     

---- con157  =E=  

con157..  (0)*x(84) + (0)*x(85) + (0)*x(285) + (0)*x(286) - (0.9975)*x(486) + (1.0025)*x(487) =E= 0 ; (LHS = 0)
     

---- con158  =E=  

con158..  (0)*x(83) + (0)*x(84) + (0)*x(284) + (0)*x(285) - (0.9975)*x(485) + (1.0025)*x(486) =E= 0 ; (LHS = 0)
     

---- con159  =E=  

con159..  (0)*x(82) + (0)*x(83) + (0)*x(283) + (0)*x(284) - (0.9975)*x(484) + (1.0025)*x(485) =E= 0 ; (LHS = 0)
     

---- con160  =E=  

con160..  (0)*x(41) + (0)*x(42) - (1)*x(242) + (1)*x(243) + (0)*x(443) + (0)*x(444) =E= 0 ; (LHS = 0)
     

---- con161  =E=  

con161..  (0)*x(81) + (0)*x(82) + (0)*x(282) + (0)*x(283) - (0.9975)*x(483) + (1.0025)*x(484) =E= 0 ; (LHS = 0)
     

---- con162  =E=  

con162..  (0)*x(80) + (0)*x(81) + (0)*x(281) + (0)*x(282) - (0.9975)*x(482) + (1.0025)*x(483) =E= 0 ; (LHS = 0)
     

---- con163  =E=  

con163..  (0)*x(79) + (0)*x(80) + (0)*x(280) + (0)*x(281) - (0.9975)*x(481) + (1.0025)*x(482) =E= 0 ; (LHS = 0)
     

---- con164  =E=  

con164..  (0)*x(42) + (0)*x(43) - (1)*x(243) + (1)*x(244) + (0)*x(444) + (0)*x(445) =E= 0 ; (LHS = 0)
     

---- con165  =E=  

con165..  (0)*x(78) + (0)*x(79) + (0)*x(279) + (0)*x(280) - (0.9975)*x(480) + (1.0025)*x(481) =E= 0 ; (LHS = 0)
     

---- con166  =E=  

con166..  (0)*x(77) + (0)*x(78) + (0)*x(278) + (0)*x(279) - (0.9975)*x(479) + (1.0025)*x(480) =E= 0 ; (LHS = 0)
     

---- con167  =E=  

con167..  (0)*x(76) + (0)*x(77) + (0)*x(277) + (0)*x(278) - (0.9975)*x(478) + (1.0025)*x(479) =E= 0 ; (LHS = 0)
     

---- con168  =E=  

con168..  (0)*x(43) + (0)*x(44) - (1)*x(244) + (1)*x(245) + (0)*x(445) + (0)*x(446) =E= 0 ; (LHS = 0)
     

---- con169  =E=  

con169..  (0)*x(75) + (0)*x(76) + (0)*x(276) + (0)*x(277) - (0.9975)*x(477) + (1.0025)*x(478) =E= 0 ; (LHS = 0)
     

---- con170  =E=  

con170..  (0)*x(74) + (0)*x(75) + (0)*x(275) + (0)*x(276) - (0.9975)*x(476) + (1.0025)*x(477) =E= 0 ; (LHS = 0)
     

---- con171  =E=  

con171..  (0)*x(73) + (0)*x(74) + (0)*x(274) + (0)*x(275) - (0.9975)*x(475) + (1.0025)*x(476) =E= 0 ; (LHS = 0)
     

---- con172  =E=  

con172..  (0)*x(44) + (0)*x(45) - (1)*x(245) + (1)*x(246) + (0)*x(446) + (0)*x(447) =E= 0 ; (LHS = 0)
     

---- con173  =E=  

con173..  (0)*x(72) + (0)*x(73) + (0)*x(273) + (0)*x(274) - (0.9975)*x(474) + (1.0025)*x(475) =E= 0 ; (LHS = 0)
     

---- con174  =E=  

con174..  (0)*x(71) + (0)*x(72) + (0)*x(272) + (0)*x(273) - (0.9975)*x(473) + (1.0025)*x(474) =E= 0 ; (LHS = 0)
     

---- con175  =E=  

con175..  (0)*x(70) + (0)*x(71) + (0)*x(271) + (0)*x(272) - (0.9975)*x(472) + (1.0025)*x(473) =E= 0 ; (LHS = 0)
     

---- con176  =E=  

con176..  (0)*x(45) + (0)*x(46) - (1)*x(246) + (1)*x(247) + (0)*x(447) + (0)*x(448) =E= 0 ; (LHS = 0)
     

---- con177  =E=  

con177..  (0)*x(69) + (0)*x(70) + (0)*x(270) + (0)*x(271) - (0.9975)*x(471) + (1.0025)*x(472) =E= 0 ; (LHS = 0)
     

---- con178  =E=  

con178..  (0)*x(68) + (0)*x(69) + (0)*x(269) + (0)*x(270) - (0.9975)*x(470) + (1.0025)*x(471) =E= 0 ; (LHS = 0)
     

---- con179  =E=  

con179..  (0)*x(67) + (0)*x(68) + (0)*x(268) + (0)*x(269) - (0.9975)*x(469) + (1.0025)*x(470) =E= 0 ; (LHS = 0)
     

---- con180  =E=  

con180..  (0)*x(46) + (0)*x(47) - (1)*x(247) + (1)*x(248) + (0)*x(448) + (0)*x(449) =E= 0 ; (LHS = 0)
     

---- con181  =E=  

con181..  (0)*x(66) + (0)*x(67) + (0)*x(267) + (0)*x(268) - (0.9975)*x(468) + (1.0025)*x(469) =E= 0 ; (LHS = 0)
     

---- con182  =E=  

con182..  (0)*x(65) + (0)*x(66) + (0)*x(266) + (0)*x(267) - (0.9975)*x(467) + (1.0025)*x(468) =E= 0 ; (LHS = 0)
     

---- con183  =E=  

con183..  (0)*x(64) + (0)*x(65) + (0)*x(265) + (0)*x(266) - (0.9975)*x(466) + (1.0025)*x(467) =E= 0 ; (LHS = 0)
     

---- con184  =E=  

con184..  (0)*x(47) + (0)*x(48) - (1)*x(248) + (1)*x(249) + (0)*x(449) + (0)*x(450) =E= 0 ; (LHS = 0)
     

---- con185  =E=  

con185..  (0)*x(63) + (0)*x(64) + (0)*x(264) + (0)*x(265) - (0.9975)*x(465) + (1.0025)*x(466) =E= 0 ; (LHS = 0)
     

---- con186  =E=  

con186..  (0)*x(62) + (0)*x(63) + (0)*x(263) + (0)*x(264) - (0.9975)*x(464) + (1.0025)*x(465) =E= 0 ; (LHS = 0)
     

---- con187  =E=  

con187..  (0)*x(61) + (0)*x(62) + (0)*x(262) + (0)*x(263) - (0.9975)*x(463) + (1.0025)*x(464) =E= 0 ; (LHS = 0)
     

---- con188  =E=  

con188..  (0)*x(48) + (0)*x(49) - (1)*x(249) + (1)*x(250) + (0)*x(450) + (0)*x(451) =E= 0 ; (LHS = 0)
     

---- con189  =E=  

con189..  (0)*x(60) + (0)*x(61) + (0)*x(261) + (0)*x(262) - (0.9975)*x(462) + (1.0025)*x(463) =E= 0 ; (LHS = 0)
     

---- con190  =E=  

con190..  (0)*x(59) + (0)*x(60) + (0)*x(260) + (0)*x(261) - (0.9975)*x(461) + (1.0025)*x(462) =E= 0 ; (LHS = 0)
     

---- con191  =E=  

con191..  (0)*x(58) + (0)*x(59) + (0)*x(259) + (0)*x(260) - (0.9975)*x(460) + (1.0025)*x(461) =E= 0 ; (LHS = 0)
     

---- con192  =E=  

con192..  (0)*x(49) + (0)*x(50) - (1)*x(250) + (1)*x(251) + (0)*x(451) + (0)*x(452) =E= 0 ; (LHS = 0)
     

---- con193  =E=  

con193..  (0)*x(57) + (0)*x(58) + (0)*x(258) + (0)*x(259) - (0.9975)*x(459) + (1.0025)*x(460) =E= 0 ; (LHS = 0)
     

---- con194  =E=  

con194..  (0)*x(56) + (0)*x(57) + (0)*x(257) + (0)*x(258) - (0.9975)*x(458) + (1.0025)*x(459) =E= 0 ; (LHS = 0)
     

---- con195  =E=  

con195..  (0)*x(55) + (0)*x(56) + (0)*x(256) + (0)*x(257) - (0.9975)*x(457) + (1.0025)*x(458) =E= 0 ; (LHS = 0)
     

---- con196  =E=  

con196..  (0)*x(50) + (0)*x(51) - (1)*x(251) + (1)*x(252) + (0)*x(452) + (0)*x(453) =E= 0 ; (LHS = 0)
     

---- con197  =E=  

con197..  (0)*x(54) + (0)*x(55) + (0)*x(255) + (0)*x(256) - (0.9975)*x(456) + (1.0025)*x(457) =E= 0 ; (LHS = 0)
     

---- con198  =E=  

con198..  (0)*x(53) + (0)*x(54) + (0)*x(254) + (0)*x(255) - (0.9975)*x(455) + (1.0025)*x(456) =E= 0 ; (LHS = 0)
     

---- con199  =E=  

con199..  (0)*x(52) + (0)*x(53) + (0)*x(253) + (0)*x(254) - (0.9975)*x(454) + (1.0025)*x(455) =E= 0 ; (LHS = 0)
     

---- con200  =E=  

con200..  (0)*x(51) + (0)*x(52) - (1)*x(252) + (1)*x(253) + (0)*x(453) + (0)*x(454) =E= 0 ; (LHS = 0)
     

---- con201  =E=  

con201..  (0)*x(51) + (0)*x(52) + (0)*x(252) + (0)*x(253) - (0.9975)*x(453) + (1.0025)*x(454) =E= 0 ; (LHS = 0)
     

---- con202  =E=  

con202..  (0)*x(50) + (0)*x(51) + (0)*x(251) + (0)*x(252) - (0.9975)*x(452) + (1.0025)*x(453) =E= 0 ; (LHS = 0)
     

---- con203  =E=  

con203..  (0)*x(49) + (0)*x(50) + (0)*x(250) + (0)*x(251) - (0.9975)*x(451) + (1.0025)*x(452) =E= 0 ; (LHS = 0)
     

---- con204  =E=  

con204..  (0)*x(52) + (0)*x(53) - (1)*x(253) + (1)*x(254) + (0)*x(454) + (0)*x(455) =E= 0 ; (LHS = 0)
     

---- con205  =E=  

con205..  (0)*x(48) + (0)*x(49) + (0)*x(249) + (0)*x(250) - (0.9975)*x(450) + (1.0025)*x(451) =E= 0 ; (LHS = 0)
     

---- con206  =E=  

con206..  (0)*x(47) + (0)*x(48) + (0)*x(248) + (0)*x(249) - (0.9975)*x(449) + (1.0025)*x(450) =E= 0 ; (LHS = 0)
     

---- con207  =E=  

con207..  (0)*x(46) + (0)*x(47) + (0)*x(247) + (0)*x(248) - (0.9975)*x(448) + (1.0025)*x(449) =E= 0 ; (LHS = 0)
     

---- con208  =E=  

con208..  (0)*x(53) + (0)*x(54) - (1)*x(254) + (1)*x(255) + (0)*x(455) + (0)*x(456) =E= 0 ; (LHS = 0)
     

---- con209  =E=  

con209..  (0)*x(45) + (0)*x(46) + (0)*x(246) + (0)*x(247) - (0.9975)*x(447) + (1.0025)*x(448) =E= 0 ; (LHS = 0)
     

---- con210  =E=  

con210..  (0)*x(44) + (0)*x(45) + (0)*x(245) + (0)*x(246) - (0.9975)*x(446) + (1.0025)*x(447) =E= 0 ; (LHS = 0)
     

---- con211  =E=  

con211..  (0)*x(43) + (0)*x(44) + (0)*x(244) + (0)*x(245) - (0.9975)*x(445) + (1.0025)*x(446) =E= 0 ; (LHS = 0)
     

---- con212  =E=  

con212..  (0)*x(54) + (0)*x(55) - (1)*x(255) + (1)*x(256) + (0)*x(456) + (0)*x(457) =E= 0 ; (LHS = 0)
     

---- con213  =E=  

con213..  (0)*x(42) + (0)*x(43) + (0)*x(243) + (0)*x(244) - (0.9975)*x(444) + (1.0025)*x(445) =E= 0 ; (LHS = 0)
     

---- con214  =E=  

con214..  (0)*x(41) + (0)*x(42) + (0)*x(242) + (0)*x(243) - (0.9975)*x(443) + (1.0025)*x(444) =E= 0 ; (LHS = 0)
     

---- con215  =E=  

con215..  (0)*x(40) + (0)*x(41) + (0)*x(241) + (0)*x(242) - (0.9975)*x(442) + (1.0025)*x(443) =E= 0 ; (LHS = 0)
     

---- con216  =E=  

con216..  (0)*x(55) + (0)*x(56) - (1)*x(256) + (1)*x(257) + (0)*x(457) + (0)*x(458) =E= 0 ; (LHS = 0)
     

---- con217  =E=  

con217..  (0)*x(39) + (0)*x(40) + (0)*x(240) + (0)*x(241) - (0.9975)*x(441) + (1.0025)*x(442) =E= 0 ; (LHS = 0)
     

---- con218  =E=  

con218..  (0)*x(38) + (0)*x(39) + (0)*x(239) + (0)*x(240) - (0.9975)*x(440) + (1.0025)*x(441) =E= 0 ; (LHS = 0)
     

---- con219  =E=  

con219..  (0)*x(37) + (0)*x(38) + (0)*x(238) + (0)*x(239) - (0.9975)*x(439) + (1.0025)*x(440) =E= 0 ; (LHS = 0)
     

---- con220  =E=  

con220..  (0)*x(56) + (0)*x(57) - (1)*x(257) + (1)*x(258) + (0)*x(458) + (0)*x(459) =E= 0 ; (LHS = 0)
     

---- con221  =E=  

con221..  (0)*x(36) + (0)*x(37) + (0)*x(237) + (0)*x(238) - (0.9975)*x(438) + (1.0025)*x(439) =E= 0 ; (LHS = 0)
     

---- con222  =E=  

con222..  (0)*x(35) + (0)*x(36) + (0)*x(236) + (0)*x(237) - (0.9975)*x(437) + (1.0025)*x(438) =E= 0 ; (LHS = 0)
     

---- con223  =E=  

con223..  (0)*x(34) + (0)*x(35) + (0)*x(235) + (0)*x(236) - (0.9975)*x(436) + (1.0025)*x(437) =E= 0 ; (LHS = 0)
     

---- con224  =E=  

con224..  (0)*x(57) + (0)*x(58) - (1)*x(258) + (1)*x(259) + (0)*x(459) + (0)*x(460) =E= 0 ; (LHS = 0)
     

---- con225  =E=  

con225..  (0)*x(33) + (0)*x(34) + (0)*x(234) + (0)*x(235) - (0.9975)*x(435) + (1.0025)*x(436) =E= 0 ; (LHS = 0)
     

---- con226  =E=  

con226..  (0)*x(32) + (0)*x(33) + (0)*x(233) + (0)*x(234) - (0.9975)*x(434) + (1.0025)*x(435) =E= 0 ; (LHS = 0)
     

---- con227  =E=  

con227..  (0)*x(31) + (0)*x(32) + (0)*x(232) + (0)*x(233) - (0.9975)*x(433) + (1.0025)*x(434) =E= 0 ; (LHS = 0)
     

---- con228  =E=  

con228..  (0)*x(58) + (0)*x(59) - (1)*x(259) + (1)*x(260) + (0)*x(460) + (0)*x(461) =E= 0 ; (LHS = 0)
     

---- con229  =E=  

con229..  (0)*x(30) + (0)*x(31) + (0)*x(231) + (0)*x(232) - (0.9975)*x(432) + (1.0025)*x(433) =E= 0 ; (LHS = 0)
     

---- con230  =E=  

con230..  (0)*x(29) + (0)*x(30) + (0)*x(230) + (0)*x(231) - (0.9975)*x(431) + (1.0025)*x(432) =E= 0 ; (LHS = 0)
     

---- con231  =E=  

con231..  (0)*x(28) + (0)*x(29) + (0)*x(229) + (0)*x(230) - (0.9975)*x(430) + (1.0025)*x(431) =E= 0 ; (LHS = 0)
     

---- con232  =E=  

con232..  (0)*x(59) + (0)*x(60) - (1)*x(260) + (1)*x(261) + (0)*x(461) + (0)*x(462) =E= 0 ; (LHS = 0)
     

---- con233  =E=  

con233..  (0)*x(27) + (0)*x(28) + (0)*x(228) + (0)*x(229) - (0.9975)*x(429) + (1.0025)*x(430) =E= 0 ; (LHS = 0)
     

---- con234  =E=  

con234..  (0)*x(26) + (0)*x(27) + (0)*x(227) + (0)*x(228) - (0.9975)*x(428) + (1.0025)*x(429) =E= 0 ; (LHS = 0)
     

---- con235  =E=  

con235..  (0)*x(25) + (0)*x(26) + (0)*x(226) + (0)*x(227) - (0.9975)*x(427) + (1.0025)*x(428) =E= 0 ; (LHS = 0)
     

---- con236  =E=  

con236..  (0)*x(60) + (0)*x(61) - (1)*x(261) + (1)*x(262) + (0)*x(462) + (0)*x(463) =E= 0 ; (LHS = 0)
     

---- con237  =E=  

con237..  (0)*x(24) + (0)*x(25) + (0)*x(225) + (0)*x(226) - (0.9975)*x(426) + (1.0025)*x(427) =E= 0 ; (LHS = 0)
     

---- con238  =E=  

con238..  (0)*x(23) + (0)*x(24) + (0)*x(224) + (0)*x(225) - (0.9975)*x(425) + (1.0025)*x(426) =E= 0 ; (LHS = 0)
     

---- con239  =E=  

con239..  (0)*x(22) + (0)*x(23) + (0)*x(223) + (0)*x(224) - (0.9975)*x(424) + (1.0025)*x(425) =E= 0 ; (LHS = 0)
     

---- con240  =E=  

con240..  (0)*x(61) + (0)*x(62) - (1)*x(262) + (1)*x(263) + (0)*x(463) + (0)*x(464) =E= 0 ; (LHS = 0)
     

---- con241  =E=  

con241..  (0)*x(21) + (0)*x(22) + (0)*x(222) + (0)*x(223) - (0.9975)*x(423) + (1.0025)*x(424) =E= 0 ; (LHS = 0)
     

---- con242  =E=  

con242..  (0)*x(20) + (0)*x(21) + (0)*x(221) + (0)*x(222) - (0.9975)*x(422) + (1.0025)*x(423) =E= 0 ; (LHS = 0)
     

---- con243  =E=  

con243..  (0)*x(19) + (0)*x(20) + (0)*x(220) + (0)*x(221) - (0.9975)*x(421) + (1.0025)*x(422) =E= 0 ; (LHS = 0)
     

---- con244  =E=  

con244..  (0)*x(62) + (0)*x(63) - (1)*x(263) + (1)*x(264) + (0)*x(464) + (0)*x(465) =E= 0 ; (LHS = 0)
     

---- con245  =E=  

con245..  (0)*x(18) + (0)*x(19) + (0)*x(219) + (0)*x(220) - (0.9975)*x(420) + (1.0025)*x(421) =E= 0 ; (LHS = 0)
     

---- con246  =E=  

con246..  (0)*x(17) + (0)*x(18) + (0)*x(218) + (0)*x(219) - (0.9975)*x(419) + (1.0025)*x(420) =E= 0 ; (LHS = 0)
     

---- con247  =E=  

con247..  (0)*x(16) + (0)*x(17) + (0)*x(217) + (0)*x(218) - (0.9975)*x(418) + (1.0025)*x(419) =E= 0 ; (LHS = 0)
     

---- con248  =E=  

con248..  (0)*x(63) + (0)*x(64) - (1)*x(264) + (1)*x(265) + (0)*x(465) + (0)*x(466) =E= 0 ; (LHS = 0)
     

---- con249  =E=  

con249..  (0)*x(15) + (0)*x(16) + (0)*x(216) + (0)*x(217) - (0.9975)*x(417) + (1.0025)*x(418) =E= 0 ; (LHS = 0)
     

---- con250  =E=  

con250..  (0)*x(14) + (0)*x(15) + (0)*x(215) + (0)*x(216) - (0.9975)*x(416) + (1.0025)*x(417) =E= 0 ; (LHS = 0)
     

---- con251  =E=  

con251..  (0)*x(13) + (0)*x(14) + (0)*x(214) + (0)*x(215) - (0.9975)*x(415) + (1.0025)*x(416) =E= 0 ; (LHS = 0)
     

---- con252  =E=  

con252..  (0)*x(64) + (0)*x(65) - (1)*x(265) + (1)*x(266) + (0)*x(466) + (0)*x(467) =E= 0 ; (LHS = 0)
     

---- con253  =E=  

con253..  (0)*x(12) + (0)*x(13) + (0)*x(213) + (0)*x(214) - (0.9975)*x(414) + (1.0025)*x(415) =E= 0 ; (LHS = 0)
     

---- con254  =E=  

con254..  (0)*x(11) + (0)*x(12) + (0)*x(212) + (0)*x(213) - (0.9975)*x(413) + (1.0025)*x(414) =E= 0 ; (LHS = 0)
     

---- con255  =E=  

con255..  (0)*x(10) + (0)*x(11) + (0)*x(211) + (0)*x(212) - (0.9975)*x(412) + (1.0025)*x(413) =E= 0 ; (LHS = 0)
     

---- con256  =E=  

con256..  (0)*x(65) + (0)*x(66) - (1)*x(266) + (1)*x(267) + (0)*x(467) + (0)*x(468) =E= 0 ; (LHS = 0)
     

---- con257  =E=  

con257..  (0)*x(9) + (0)*x(10) + (0)*x(210) + (0)*x(211) - (0.9975)*x(411) + (1.0025)*x(412) =E= 0 ; (LHS = 0)
     

---- con258  =E=  

con258..  (0)*x(8) + (0)*x(9) + (0)*x(209) + (0)*x(210) - (0.9975)*x(410) + (1.0025)*x(411) =E= 0 ; (LHS = 0)
     

---- con259  =E=  

con259..  (0)*x(7) + (0)*x(8) + (0)*x(208) + (0)*x(209) - (0.9975)*x(409) + (1.0025)*x(410) =E= 0 ; (LHS = 0)
     

---- con260  =E=  

con260..  (0)*x(66) + (0)*x(67) - (1)*x(267) + (1)*x(268) + (0)*x(468) + (0)*x(469) =E= 0 ; (LHS = 0)
     

---- con261  =E=  

con261..  (0)*x(6) + (0)*x(7) + (0)*x(207) + (0)*x(208) - (0.9975)*x(408) + (1.0025)*x(409) =E= 0 ; (LHS = 0)
     

---- con262  =E=  

con262..  (0)*x(5) + (0)*x(6) + (0)*x(206) + (0)*x(207) - (0.9975)*x(407) + (1.0025)*x(408) =E= 0 ; (LHS = 0)
     

---- con263  =E=  

con263..  (0)*x(4) + (0)*x(5) + (0)*x(205) + (0)*x(206) - (0.9975)*x(406) + (1.0025)*x(407) =E= 0 ; (LHS = 0)
     

---- con264  =E=  

con264..  (0)*x(67) + (0)*x(68) - (1)*x(268) + (1)*x(269) + (0)*x(469) + (0)*x(470) =E= 0 ; (LHS = 0)
     

---- con265  =E=  

con265..  (0)*x(3) + (0)*x(4) + (0)*x(204) + (0)*x(205) - (0.9975)*x(405) + (1.0025)*x(406) =E= 0 ; (LHS = 0)
     

---- con266  =E=  

con266..  (0)*x(2) + (0)*x(3) + (0)*x(203) + (0)*x(204) - (0.9975)*x(404) + (1.0025)*x(405) =E= 0 ; (LHS = 0)
     

---- con267  =E=  

con267..  (0)*x(68) + (0)*x(69) - (1)*x(269) + (1)*x(270) + (0)*x(470) + (0)*x(471) =E= 0 ; (LHS = 0)
     

---- con268  =E=  

con268..  - (0.0025)*x(1) + (0)*x(2) + (0)*x(202) + (0)*x(203) - (0.9975)*x(403) + (1.0025)*x(404) =E= 0 ; (LHS = 0)
     

---- con269  =E=  

con269..  (0)*x(200) + (0)*x(201) - (1)*x(401) + (1)*x(402) + (0)*x(602) + (0)*x(603) =E= 0 ; (LHS = 0)
     

---- con270  =E=  

con270..  (0)*x(199) + (0)*x(200) - (1)*x(400) + (1)*x(401) + (0)*x(601) + (0)*x(602) =E= 0 ; (LHS = 0)
     

---- con271  =E=  

con271..  (0)*x(198) + (0)*x(199) - (1)*x(399) + (1)*x(400) + (0)*x(600) + (0)*x(601) =E= 0 ; (LHS = 0)
     

---- con272  =E=  

con272..  (0)*x(69) + (0)*x(70) - (1)*x(270) + (1)*x(271) + (0)*x(471) + (0)*x(472) =E= 0 ; (LHS = 0)
     

---- con273  =E=  

con273..  (0)*x(197) + (0)*x(198) - (1)*x(398) + (1)*x(399) + (0)*x(599) + (0)*x(600) =E= 0 ; (LHS = 0)
     

---- con274  =E=  

con274..  (0)*x(196) + (0)*x(197) - (1)*x(397) + (1)*x(398) + (0)*x(598) + (0)*x(599) =E= 0 ; (LHS = 0)
     

---- con275  =E=  

con275..  (0)*x(195) + (0)*x(196) - (1)*x(396) + (1)*x(397) + (0)*x(597) + (0)*x(598) =E= 0 ; (LHS = 0)
     

---- con276  =E=  

con276..  (0)*x(70) + (0)*x(71) - (1)*x(271) + (1)*x(272) + (0)*x(472) + (0)*x(473) =E= 0 ; (LHS = 0)
     

---- con277  =E=  

con277..  (0)*x(194) + (0)*x(195) - (1)*x(395) + (1)*x(396) + (0)*x(596) + (0)*x(597) =E= 0 ; (LHS = 0)
     

---- con278  =E=  

con278..  (0)*x(193) + (0)*x(194) - (1)*x(394) + (1)*x(395) + (0)*x(595) + (0)*x(596) =E= 0 ; (LHS = 0)
     

---- con279  =E=  

con279..  (0)*x(192) + (0)*x(193) - (1)*x(393) + (1)*x(394) + (0)*x(594) + (0)*x(595) =E= 0 ; (LHS = 0)
     

---- con280  =E=  

con280..  (0)*x(71) + (0)*x(72) - (1)*x(272) + (1)*x(273) + (0)*x(473) + (0)*x(474) =E= 0 ; (LHS = 0)
     

---- con281  =E=  

con281..  (0)*x(191) + (0)*x(192) - (1)*x(392) + (1)*x(393) + (0)*x(593) + (0)*x(594) =E= 0 ; (LHS = 0)
     

---- con282  =E=  

con282..  (0)*x(190) + (0)*x(191) - (1)*x(391) + (1)*x(392) + (0)*x(592) + (0)*x(593) =E= 0 ; (LHS = 0)
     

---- con283  =E=  

con283..  (0)*x(189) + (0)*x(190) - (1)*x(390) + (1)*x(391) + (0)*x(591) + (0)*x(592) =E= 0 ; (LHS = 0)
     

---- con284  =E=  

con284..  (0)*x(72) + (0)*x(73) - (1)*x(273) + (1)*x(274) + (0)*x(474) + (0)*x(475) =E= 0 ; (LHS = 0)
     

---- con285  =E=  

con285..  (0)*x(188) + (0)*x(189) - (1)*x(389) + (1)*x(390) + (0)*x(590) + (0)*x(591) =E= 0 ; (LHS = 0)
     

---- con286  =E=  

con286..  (0)*x(187) + (0)*x(188) - (1)*x(388) + (1)*x(389) + (0)*x(589) + (0)*x(590) =E= 0 ; (LHS = 0)
     

---- con287  =E=  

con287..  (0)*x(186) + (0)*x(187) - (1)*x(387) + (1)*x(388) + (0)*x(588) + (0)*x(589) =E= 0 ; (LHS = 0)
     

---- con288  =E=  

con288..  (0)*x(73) + (0)*x(74) - (1)*x(274) + (1)*x(275) + (0)*x(475) + (0)*x(476) =E= 0 ; (LHS = 0)
     

---- con289  =E=  

con289..  (0)*x(185) + (0)*x(186) - (1)*x(386) + (1)*x(387) + (0)*x(587) + (0)*x(588) =E= 0 ; (LHS = 0)
     

---- con290  =E=  

con290..  (0)*x(184) + (0)*x(185) - (1)*x(385) + (1)*x(386) + (0)*x(586) + (0)*x(587) =E= 0 ; (LHS = 0)
     

---- con291  =E=  

con291..  (0)*x(183) + (0)*x(184) - (1)*x(384) + (1)*x(385) + (0)*x(585) + (0)*x(586) =E= 0 ; (LHS = 0)
     

---- con292  =E=  

con292..  (0)*x(74) + (0)*x(75) - (1)*x(275) + (1)*x(276) + (0)*x(476) + (0)*x(477) =E= 0 ; (LHS = 0)
     

---- con293  =E=  

con293..  (0)*x(182) + (0)*x(183) - (1)*x(383) + (1)*x(384) + (0)*x(584) + (0)*x(585) =E= 0 ; (LHS = 0)
     

---- con294  =E=  

con294..  (0)*x(181) + (0)*x(182) - (1)*x(382) + (1)*x(383) + (0)*x(583) + (0)*x(584) =E= 0 ; (LHS = 0)
     

---- con295  =E=  

con295..  (0)*x(180) + (0)*x(181) - (1)*x(381) + (1)*x(382) + (0)*x(582) + (0)*x(583) =E= 0 ; (LHS = 0)
     

---- con296  =E=  

con296..  (0)*x(75) + (0)*x(76) - (1)*x(276) + (1)*x(277) + (0)*x(477) + (0)*x(478) =E= 0 ; (LHS = 0)
     

---- con297  =E=  

con297..  (0)*x(179) + (0)*x(180) - (1)*x(380) + (1)*x(381) + (0)*x(581) + (0)*x(582) =E= 0 ; (LHS = 0)
     

---- con298  =E=  

con298..  (0)*x(178) + (0)*x(179) - (1)*x(379) + (1)*x(380) + (0)*x(580) + (0)*x(581) =E= 0 ; (LHS = 0)
     

---- con299  =E=  

con299..  (0)*x(177) + (0)*x(178) - (1)*x(378) + (1)*x(379) + (0)*x(579) + (0)*x(580) =E= 0 ; (LHS = 0)
     

---- con300  =E=  

con300..  (0)*x(76) + (0)*x(77) - (1)*x(277) + (1)*x(278) + (0)*x(478) + (0)*x(479) =E= 0 ; (LHS = 0)
     

---- con301  =E=  

con301..  (0)*x(176) + (0)*x(177) - (1)*x(377) + (1)*x(378) + (0)*x(578) + (0)*x(579) =E= 0 ; (LHS = 0)
     

---- con302  =E=  

con302..  (0)*x(175) + (0)*x(176) - (1)*x(376) + (1)*x(377) + (0)*x(577) + (0)*x(578) =E= 0 ; (LHS = 0)
     

---- con303  =E=  

con303..  (0)*x(174) + (0)*x(175) - (1)*x(375) + (1)*x(376) + (0)*x(576) + (0)*x(577) =E= 0 ; (LHS = 0)
     

---- con304  =E=  

con304..  (0)*x(77) + (0)*x(78) - (1)*x(278) + (1)*x(279) + (0)*x(479) + (0)*x(480) =E= 0 ; (LHS = 0)
     

---- con305  =E=  

con305..  (0)*x(173) + (0)*x(174) - (1)*x(374) + (1)*x(375) + (0)*x(575) + (0)*x(576) =E= 0 ; (LHS = 0)
     

---- con306  =E=  

con306..  (0)*x(172) + (0)*x(173) - (1)*x(373) + (1)*x(374) + (0)*x(574) + (0)*x(575) =E= 0 ; (LHS = 0)
     

---- con307  =E=  

con307..  (0)*x(171) + (0)*x(172) - (1)*x(372) + (1)*x(373) + (0)*x(573) + (0)*x(574) =E= 0 ; (LHS = 0)
     

---- con308  =E=  

con308..  (0)*x(78) + (0)*x(79) - (1)*x(279) + (1)*x(280) + (0)*x(480) + (0)*x(481) =E= 0 ; (LHS = 0)
     

---- con309  =E=  

con309..  (0)*x(170) + (0)*x(171) - (1)*x(371) + (1)*x(372) + (0)*x(572) + (0)*x(573) =E= 0 ; (LHS = 0)
     

---- con310  =E=  

con310..  (0)*x(169) + (0)*x(170) - (1)*x(370) + (1)*x(371) + (0)*x(571) + (0)*x(572) =E= 0 ; (LHS = 0)
     

---- con311  =E=  

con311..  (0)*x(168) + (0)*x(169) - (1)*x(369) + (1)*x(370) + (0)*x(570) + (0)*x(571) =E= 0 ; (LHS = 0)
     

---- con312  =E=  

con312..  (0)*x(79) + (0)*x(80) - (1)*x(280) + (1)*x(281) + (0)*x(481) + (0)*x(482) =E= 0 ; (LHS = 0)
     

---- con313  =E=  

con313..  (0)*x(167) + (0)*x(168) - (1)*x(368) + (1)*x(369) + (0)*x(569) + (0)*x(570) =E= 0 ; (LHS = 0)
     

---- con314  =E=  

con314..  (0)*x(166) + (0)*x(167) - (1)*x(367) + (1)*x(368) + (0)*x(568) + (0)*x(569) =E= 0 ; (LHS = 0)
     

---- con315  =E=  

con315..  (0)*x(165) + (0)*x(166) - (1)*x(366) + (1)*x(367) + (0)*x(567) + (0)*x(568) =E= 0 ; (LHS = 0)
     

---- con316  =E=  

con316..  (0)*x(80) + (0)*x(81) - (1)*x(281) + (1)*x(282) + (0)*x(482) + (0)*x(483) =E= 0 ; (LHS = 0)
     

---- con317  =E=  

con317..  (0)*x(164) + (0)*x(165) - (1)*x(365) + (1)*x(366) + (0)*x(566) + (0)*x(567) =E= 0 ; (LHS = 0)
     

---- con318  =E=  

con318..  (0)*x(163) + (0)*x(164) - (1)*x(364) + (1)*x(365) + (0)*x(565) + (0)*x(566) =E= 0 ; (LHS = 0)
     

---- con319  =E=  

con319..  (0)*x(162) + (0)*x(163) - (1)*x(363) + (1)*x(364) + (0)*x(564) + (0)*x(565) =E= 0 ; (LHS = 0)
     

---- con320  =E=  

con320..  (0)*x(81) + (0)*x(82) - (1)*x(282) + (1)*x(283) + (0)*x(483) + (0)*x(484) =E= 0 ; (LHS = 0)
     

---- con321  =E=  

con321..  (0)*x(161) + (0)*x(162) - (1)*x(362) + (1)*x(363) + (0)*x(563) + (0)*x(564) =E= 0 ; (LHS = 0)
     

---- con322  =E=  

con322..  (0)*x(160) + (0)*x(161) - (1)*x(361) + (1)*x(362) + (0)*x(562) + (0)*x(563) =E= 0 ; (LHS = 0)
     

---- con323  =E=  

con323..  (0)*x(159) + (0)*x(160) - (1)*x(360) + (1)*x(361) + (0)*x(561) + (0)*x(562) =E= 0 ; (LHS = 0)
     

---- con324  =E=  

con324..  (0)*x(82) + (0)*x(83) - (1)*x(283) + (1)*x(284) + (0)*x(484) + (0)*x(485) =E= 0 ; (LHS = 0)
     

---- con325  =E=  

con325..  (0)*x(158) + (0)*x(159) - (1)*x(359) + (1)*x(360) + (0)*x(560) + (0)*x(561) =E= 0 ; (LHS = 0)
     

---- con326  =E=  

con326..  (0)*x(157) + (0)*x(158) - (1)*x(358) + (1)*x(359) + (0)*x(559) + (0)*x(560) =E= 0 ; (LHS = 0)
     

---- con327  =E=  

con327..  (0)*x(156) + (0)*x(157) - (1)*x(357) + (1)*x(358) + (0)*x(558) + (0)*x(559) =E= 0 ; (LHS = 0)
     

---- con328  =E=  

con328..  (0)*x(83) + (0)*x(84) - (1)*x(284) + (1)*x(285) + (0)*x(485) + (0)*x(486) =E= 0 ; (LHS = 0)
     

---- con329  =E=  

con329..  (0)*x(155) + (0)*x(156) - (1)*x(356) + (1)*x(357) + (0)*x(557) + (0)*x(558) =E= 0 ; (LHS = 0)
     

---- con330  =E=  

con330..  (0)*x(154) + (0)*x(155) - (1)*x(355) + (1)*x(356) + (0)*x(556) + (0)*x(557) =E= 0 ; (LHS = 0)
     

---- con331  =E=  

con331..  (0)*x(153) + (0)*x(154) - (1)*x(354) + (1)*x(355) + (0)*x(555) + (0)*x(556) =E= 0 ; (LHS = 0)
     

---- con332  =E=  

con332..  (0)*x(84) + (0)*x(85) - (1)*x(285) + (1)*x(286) + (0)*x(486) + (0)*x(487) =E= 0 ; (LHS = 0)
     

---- con333  =E=  

con333..  (0)*x(152) + (0)*x(153) - (1)*x(353) + (1)*x(354) + (0)*x(554) + (0)*x(555) =E= 0 ; (LHS = 0)
     

---- con334  =E=  

con334..  (0)*x(151) + (0)*x(152) - (1)*x(352) + (1)*x(353) + (0)*x(553) + (0)*x(554) =E= 0 ; (LHS = 0)
     

---- con335  =E=  

con335..  (0)*x(150) + (0)*x(151) - (1)*x(351) + (1)*x(352) + (0)*x(552) + (0)*x(553) =E= 0 ; (LHS = 0)
     

---- con336  =E=  

con336..  (0)*x(85) + (0)*x(86) - (1)*x(286) + (1)*x(287) + (0)*x(487) + (0)*x(488) =E= 0 ; (LHS = 0)
     

---- con337  =E=  

con337..  (0)*x(149) + (0)*x(150) - (1)*x(350) + (1)*x(351) + (0)*x(551) + (0)*x(552) =E= 0 ; (LHS = 0)
     

---- con338  =E=  

con338..  (0)*x(148) + (0)*x(149) - (1)*x(349) + (1)*x(350) + (0)*x(550) + (0)*x(551) =E= 0 ; (LHS = 0)
     

---- con339  =E=  

con339..  (0)*x(147) + (0)*x(148) - (1)*x(348) + (1)*x(349) + (0)*x(549) + (0)*x(550) =E= 0 ; (LHS = 0)
     

---- con340  =E=  

con340..  (0)*x(86) + (0)*x(87) - (1)*x(287) + (1)*x(288) + (0)*x(488) + (0)*x(489) =E= 0 ; (LHS = 0)
     

---- con341  =E=  

con341..  (0)*x(146) + (0)*x(147) - (1)*x(347) + (1)*x(348) + (0)*x(548) + (0)*x(549) =E= 0 ; (LHS = 0)
     

---- con342  =E=  

con342..  (0)*x(145) + (0)*x(146) - (1)*x(346) + (1)*x(347) + (0)*x(547) + (0)*x(548) =E= 0 ; (LHS = 0)
     

---- con343  =E=  

con343..  (0)*x(144) + (0)*x(145) - (1)*x(345) + (1)*x(346) + (0)*x(546) + (0)*x(547) =E= 0 ; (LHS = 0)
     

---- con344  =E=  

con344..  (0)*x(87) + (0)*x(88) - (1)*x(288) + (1)*x(289) + (0)*x(489) + (0)*x(490) =E= 0 ; (LHS = 0)
     

---- con345  =E=  

con345..  (0)*x(143) + (0)*x(144) - (1)*x(344) + (1)*x(345) + (0)*x(545) + (0)*x(546) =E= 0 ; (LHS = 0)
     

---- con346  =E=  

con346..  (0)*x(142) + (0)*x(143) - (1)*x(343) + (1)*x(344) + (0)*x(544) + (0)*x(545) =E= 0 ; (LHS = 0)
     

---- con347  =E=  

con347..  (0)*x(141) + (0)*x(142) - (1)*x(342) + (1)*x(343) + (0)*x(543) + (0)*x(544) =E= 0 ; (LHS = 0)
     

---- con348  =E=  

con348..  (0)*x(88) + (0)*x(89) - (1)*x(289) + (1)*x(290) + (0)*x(490) + (0)*x(491) =E= 0 ; (LHS = 0)
     

---- con349  =E=  

con349..  (0)*x(140) + (0)*x(141) - (1)*x(341) + (1)*x(342) + (0)*x(542) + (0)*x(543) =E= 0 ; (LHS = 0)
     

---- con350  =E=  

con350..  (0)*x(139) + (0)*x(140) - (1)*x(340) + (1)*x(341) + (0)*x(541) + (0)*x(542) =E= 0 ; (LHS = 0)
     

---- con351  =E=  

con351..  (0)*x(138) + (0)*x(139) - (1)*x(339) + (1)*x(340) + (0)*x(540) + (0)*x(541) =E= 0 ; (LHS = 0)
     

---- con352  =E=  

con352..  (0)*x(89) + (0)*x(90) - (1)*x(290) + (1)*x(291) + (0)*x(491) + (0)*x(492) =E= 0 ; (LHS = 0)
     

---- con353  =E=  

con353..  (0)*x(137) + (0)*x(138) - (1)*x(338) + (1)*x(339) + (0)*x(539) + (0)*x(540) =E= 0 ; (LHS = 0)
     

---- con354  =E=  

con354..  (0)*x(136) + (0)*x(137) - (1)*x(337) + (1)*x(338) + (0)*x(538) + (0)*x(539) =E= 0 ; (LHS = 0)
     

---- con355  =E=  

con355..  (0)*x(135) + (0)*x(136) - (1)*x(336) + (1)*x(337) + (0)*x(537) + (0)*x(538) =E= 0 ; (LHS = 0)
     

---- con356  =E=  

con356..  (0)*x(90) + (0)*x(91) - (1)*x(291) + (1)*x(292) + (0)*x(492) + (0)*x(493) =E= 0 ; (LHS = 0)
     

---- con357  =E=  

con357..  (0)*x(134) + (0)*x(135) - (1)*x(335) + (1)*x(336) + (0)*x(536) + (0)*x(537) =E= 0 ; (LHS = 0)
     

---- con358  =E=  

con358..  (0)*x(133) + (0)*x(134) - (1)*x(334) + (1)*x(335) + (0)*x(535) + (0)*x(536) =E= 0 ; (LHS = 0)
     

---- con359  =E=  

con359..  (0)*x(132) + (0)*x(133) - (1)*x(333) + (1)*x(334) + (0)*x(534) + (0)*x(535) =E= 0 ; (LHS = 0)
     

---- con360  =E=  

con360..  (0)*x(91) + (0)*x(92) - (1)*x(292) + (1)*x(293) + (0)*x(493) + (0)*x(494) =E= 0 ; (LHS = 0)
     

---- con361  =E=  

con361..  (0)*x(131) + (0)*x(132) - (1)*x(332) + (1)*x(333) + (0)*x(533) + (0)*x(534) =E= 0 ; (LHS = 0)
     

---- con362  =E=  

con362..  (0)*x(130) + (0)*x(131) - (1)*x(331) + (1)*x(332) + (0)*x(532) + (0)*x(533) =E= 0 ; (LHS = 0)
     

---- con363  =E=  

con363..  (0)*x(129) + (0)*x(130) - (1)*x(330) + (1)*x(331) + (0)*x(531) + (0)*x(532) =E= 0 ; (LHS = 0)
     

---- con364  =E=  

con364..  (0)*x(92) + (0)*x(93) - (1)*x(293) + (1)*x(294) + (0)*x(494) + (0)*x(495) =E= 0 ; (LHS = 0)
     

---- con365  =E=  

con365..  (0)*x(128) + (0)*x(129) - (1)*x(329) + (1)*x(330) + (0)*x(530) + (0)*x(531) =E= 0 ; (LHS = 0)
     

---- con366  =E=  

con366..  (0)*x(127) + (0)*x(128) - (1)*x(328) + (1)*x(329) + (0)*x(529) + (0)*x(530) =E= 0 ; (LHS = 0)
     

---- con367  =E=  

con367..  (0)*x(126) + (0)*x(127) - (1)*x(327) + (1)*x(328) + (0)*x(528) + (0)*x(529) =E= 0 ; (LHS = 0)
     

---- con368  =E=  

con368..  (0)*x(93) + (0)*x(94) - (1)*x(294) + (1)*x(295) + (0)*x(495) + (0)*x(496) =E= 0 ; (LHS = 0)
     

---- con369  =E=  

con369..  (0)*x(125) + (0)*x(126) - (1)*x(326) + (1)*x(327) + (0)*x(527) + (0)*x(528) =E= 0 ; (LHS = 0)
     

---- con370  =E=  

con370..  (0)*x(124) + (0)*x(125) - (1)*x(325) + (1)*x(326) + (0)*x(526) + (0)*x(527) =E= 0 ; (LHS = 0)
     

---- con371  =E=  

con371..  (0)*x(123) + (0)*x(124) - (1)*x(324) + (1)*x(325) + (0)*x(525) + (0)*x(526) =E= 0 ; (LHS = 0)
     

---- con372  =E=  

con372..  (0)*x(94) + (0)*x(95) - (1)*x(295) + (1)*x(296) + (0)*x(496) + (0)*x(497) =E= 0 ; (LHS = 0)
     

---- con373  =E=  

con373..  (0)*x(122) + (0)*x(123) - (1)*x(323) + (1)*x(324) + (0)*x(524) + (0)*x(525) =E= 0 ; (LHS = 0)
     

---- con374  =E=  

con374..  (0)*x(121) + (0)*x(122) - (1)*x(322) + (1)*x(323) + (0)*x(523) + (0)*x(524) =E= 0 ; (LHS = 0)
     

---- con375  =E=  

con375..  (0)*x(120) + (0)*x(121) - (1)*x(321) + (1)*x(322) + (0)*x(522) + (0)*x(523) =E= 0 ; (LHS = 0)
     

---- con376  =E=  

con376..  (0)*x(95) + (0)*x(96) - (1)*x(296) + (1)*x(297) + (0)*x(497) + (0)*x(498) =E= 0 ; (LHS = 0)
     

---- con377  =E=  

con377..  (0)*x(119) + (0)*x(120) - (1)*x(320) + (1)*x(321) + (0)*x(521) + (0)*x(522) =E= 0 ; (LHS = 0)
     

---- con378  =E=  

con378..  (0)*x(118) + (0)*x(119) - (1)*x(319) + (1)*x(320) + (0)*x(520) + (0)*x(521) =E= 0 ; (LHS = 0)
     

---- con379  =E=  

con379..  (0)*x(117) + (0)*x(118) - (1)*x(318) + (1)*x(319) + (0)*x(519) + (0)*x(520) =E= 0 ; (LHS = 0)
     

---- con380  =E=  

con380..  (0)*x(96) + (0)*x(97) - (1)*x(297) + (1)*x(298) + (0)*x(498) + (0)*x(499) =E= 0 ; (LHS = 0)
     

---- con381  =E=  

con381..  (0)*x(116) + (0)*x(117) - (1)*x(317) + (1)*x(318) + (0)*x(518) + (0)*x(519) =E= 0 ; (LHS = 0)
     

---- con382  =E=  

con382..  (0)*x(115) + (0)*x(116) - (1)*x(316) + (1)*x(317) + (0)*x(517) + (0)*x(518) =E= 0 ; (LHS = 0)
     

---- con383  =E=  

con383..  (0)*x(114) + (0)*x(115) - (1)*x(315) + (1)*x(316) + (0)*x(516) + (0)*x(517) =E= 0 ; (LHS = 0)
     

---- con384  =E=  

con384..  (0)*x(97) + (0)*x(98) - (1)*x(298) + (1)*x(299) + (0)*x(499) + (0)*x(500) =E= 0 ; (LHS = 0)
     

---- con385  =E=  

con385..  (0)*x(113) + (0)*x(114) - (1)*x(314) + (1)*x(315) + (0)*x(515) + (0)*x(516) =E= 0 ; (LHS = 0)
     

---- con386  =E=  

con386..  (0)*x(112) + (0)*x(113) - (1)*x(313) + (1)*x(314) + (0)*x(514) + (0)*x(515) =E= 0 ; (LHS = 0)
     

---- con387  =E=  

con387..  (0)*x(111) + (0)*x(112) - (1)*x(312) + (1)*x(313) + (0)*x(513) + (0)*x(514) =E= 0 ; (LHS = 0)
     

---- con388  =E=  

con388..  (0)*x(98) + (0)*x(99) - (1)*x(299) + (1)*x(300) + (0)*x(500) + (0)*x(501) =E= 0 ; (LHS = 0)
     

---- con389  =E=  

con389..  (0)*x(110) + (0)*x(111) - (1)*x(311) + (1)*x(312) + (0)*x(512) + (0)*x(513) =E= 0 ; (LHS = 0)
     

---- con390  =E=  

con390..  (0)*x(109) + (0)*x(110) - (1)*x(310) + (1)*x(311) + (0)*x(511) + (0)*x(512) =E= 0 ; (LHS = 0)
     

---- con391  =E=  

con391..  (0)*x(108) + (0)*x(109) - (1)*x(309) + (1)*x(310) + (0)*x(510) + (0)*x(511) =E= 0 ; (LHS = 0)
     

---- con392  =E=  

con392..  (0)*x(99) + (0)*x(100) - (1)*x(300) + (1)*x(301) + (0)*x(501) + (0)*x(502) =E= 0 ; (LHS = 0)
     

---- con393  =E=  

con393..  (0)*x(107) + (0)*x(108) - (1)*x(308) + (1)*x(309) + (0)*x(509) + (0)*x(510) =E= 0 ; (LHS = 0)
     

---- con394  =E=  

con394..  (0)*x(106) + (0)*x(107) - (1)*x(307) + (1)*x(308) + (0)*x(508) + (0)*x(509) =E= 0 ; (LHS = 0)
     

---- con395  =E=  

con395..  (0)*x(105) + (0)*x(106) - (1)*x(306) + (1)*x(307) + (0)*x(507) + (0)*x(508) =E= 0 ; (LHS = 0)
     

---- con396  =E=  

con396..  (0)*x(100) + (0)*x(101) - (1)*x(301) + (1)*x(302) + (0)*x(502) + (0)*x(503) =E= 0 ; (LHS = 0)
     

---- con397  =E=  

con397..  (0)*x(104) + (0)*x(105) - (1)*x(305) + (1)*x(306) + (0)*x(506) + (0)*x(507) =E= 0 ; (LHS = 0)
     

---- con398  =E=  

con398..  (0)*x(103) + (0)*x(104) - (1)*x(304) + (1)*x(305) + (0)*x(505) + (0)*x(506) =E= 0 ; (LHS = 0)
     

---- con399  =E=  

con399..  (0)*x(102) + (0)*x(103) - (1)*x(303) + (1)*x(304) + (0)*x(504) + (0)*x(505) =E= 0 ; (LHS = 0)
     

---- con400  =E=  

con400..  (0)*x(101) + (0)*x(102) - (1)*x(302) + (1)*x(303) + (0)*x(503) + (0)*x(504) =E= 0 ; (LHS = 0)
     
GAMS 53.5.1  f2e5fac3 May 20, 2026          WEX-WEI x86 64bit/MS Windows - 06/14/26 21:49:15 Page 3
G e n e r a l   A l g e b r a i c   M o d e l i n g   S y s t e m
Column Listing      SOLVE m Using NLP From line 4023


---- x  

x(1)
                (.LO, .L, .UP, .M = 0, 0, 1, 0)
       (0.0025) con1
      (-0.0025) con268

x(2)
                (.LO, .L, .UP, .M = 0, 0, 1, 0)
       (0)      con1
       (0)      con4
       (0)      con266
       (0)      con268

x(3)
                (.LO, .L, .UP, .M = 0, 0, 1, 0)
       (0)      con4
       (0)      con8
       (0)      con265
       (0)      con266

REMAINING 600 ENTRIES SKIPPED

---- obj  

obj
                (.LO, .L, .UP, .M = -INF, 0, +INF, 0)
        1       objcon

GAMS 53.5.1  f2e5fac3 May 20, 2026          WEX-WEI x86 64bit/MS Windows - 06/14/26 21:49:15 Page 4
G e n e r a l   A l g e b r a i c   M o d e l i n g   S y s t e m
Range Statistics    SOLVE m Using NLP From line 4023


RANGE STATISTICS (ABSOLUTE NON-ZERO FINITE VALUES)

RHS       [min, max] : [ 1.000E+00, 1.000E+00] - Zero values observed as well
Bound     [min, max] : [ 1.000E+00, 1.000E+00] - Zero values observed as well
Matrix    [min, max] : [ 2.500E-03, 1.003E+00] - Zero values observed as well

GAMS 53.5.1  f2e5fac3 May 20, 2026          WEX-WEI x86 64bit/MS Windows - 06/14/26 21:49:15 Page 5
G e n e r a l   A l g e b r a i c   M o d e l i n g   S y s t e m
Model Statistics    SOLVE m Using NLP From line 4023


MODEL STATISTICS

BLOCKS OF EQUATIONS         401     SINGLE EQUATIONS          401
BLOCKS OF VARIABLES           2     SINGLE VARIABLES          604  1 projected
NON ZERO ELEMENTS         2,403     NON LINEAR N-Z          2,400
CODE LENGTH               9,001     CONSTANT POOL              19


GENERATION TIME      =        0.578 SECONDS      4 MB  53.5.1 f2e5fac3 WEX-WEI
GAMS 53.5.1  f2e5fac3 May 20, 2026          WEX-WEI x86 64bit/MS Windows - 06/14/26 21:49:15 Page 6
G e n e r a l   A l g e b r a i c   M o d e l i n g   S y s t e m
Solution Report     SOLVE m Using NLP From line 4023


               S O L V E      S U M M A R Y

     MODEL   m                   OBJECTIVE  obj
     TYPE    NLP                 DIRECTION  MINIMIZE
     SOLVER  CONVERT             FROM LINE  4023

**** SOLVER STATUS     1 Normal Completion
**** MODEL STATUS      14 No Solution Returned
**** OBJECTIVE VALUE                0.0000

 RESOURCE USAGE, LIMIT          0.203 10000000000.000
 ITERATION COUNT, LIMIT         0    2147483647
 EVALUATION ERRORS              0             0

*** Error Cannot open parameter file "C:\Users\edmil\Desktop\benchmark_nlp\convert.opt"
*** Error Error code = 2; No such file or directory

--- Writing Dict      : dict.txt
--- Writing Gams      : gams.gms


No solution returned
GAMS 53.5.1  f2e5fac3 May 20, 2026          WEX-WEI x86 64bit/MS Windows - 06/14/26 21:49:15 Page 7
G e n e r a l   A l g e b r a i c   M o d e l i n g   S y s t e m
E x e c u t i o n


----   4024 VARIABLE x.L  

                      ( ALL       0.000 )


----   4024 VARIABLE obj.L                 =        0.000  


EXECUTION TIME       =        3.641 SECONDS      4 MB  53.5.1 f2e5fac3 WEX-WEI


USER: GAMS Demo, for EULA and demo limitations see   G260130+0003Cc-GEN
      https://www.gams.com/latest/docs/UG%5FLicense.html         DC0000


**** FILE SUMMARY

Input      C:\Users\edmil\Desktop\benchmark_nlp\coconut_gams\catmix200.gms
Output     C:\Users\edmil\Desktop\benchmark_nlp\logs\gams\catmix200.lst
