GAMS 53.5.1  f2e5fac3 May 20, 2026          WEX-WEI x86 64bit/MS Windows - 06/14/26 21:49:35 Page 1
G e n e r a l   A l g e b r a i c   M o d e l i n g   S y s t e m
C o m p i l a t i o n


   1  * GAMS-model chain400.dag.gms written by dag2gams Converter at 29/03/2004 14:16:09
   2  * University of Vienna
   4   Set i/1*401/;
   5   Set j/1*802/;
   6   Equations objcon
   7  con1
   8  con2
   9  con3
  10  con4
  11  con5
  12  con6
  13  con7
  14  con8
  15  con9
  16  con10
  17  con11
  18  con12
  19  con13
  20  con14
  21  con15
  22  con16
  23  con17
  24  con18
  25  con19
  26  con20
  27  con21
  28  con22
  29  con23
  30  con24
  31  con25
  32  con26
  33  con27
  34  con28
  35  con29
  36  con30
  37  con31
  38  con32
  39  con33
  40  con34
  41  con35
  42  con36
  43  con37
  44  con38
  45  con39
  46  con40
  47  con41
  48  con42
  49  con43
  50  con44
  51  con45
  52  con46
  53  con47
  54  con48
  55  con49
  56  con50
  57  con51
  58  con52
  59  con53
  60  con54
  61  con55
  62  con56
  63  con57
  64  con58
  65  con59
  66  con60
  67  con61
  68  con62
  69  con63
  70  con64
  71  con65
  72  con66
  73  con67
  74  con68
  75  con69
  76  con70
  77  con71
  78  con72
  79  con73
  80  con74
  81  con75
  82  con76
  83  con77
  84  con78
  85  con79
  86  con80
  87  con81
  88  con82
  89  con83
  90  con84
  91  con85
  92  con86
  93  con87
  94  con88
  95  con89
  96  con90
  97  con91
  98  con92
  99  con93
 100  con94
 101  con95
 102  con96
 103  con97
 104  con98
 105  con99
 106  con100
 107  con101
 108  con102
 109  con103
 110  con104
 111  con105
 112  con106
 113  con107
 114  con108
 115  con109
 116  con110
 117  con111
 118  con112
 119  con113
 120  con114
 121  con115
 122  con116
 123  con117
 124  con118
 125  con119
 126  con120
 127  con121
 128  con122
 129  con123
 130  con124
 131  con125
 132  con126
 133  con127
 134  con128
 135  con129
 136  con130
 137  con131
 138  con132
 139  con133
 140  con134
 141  con135
 142  con136
 143  con137
 144  con138
 145  con139
 146  con140
 147  con141
 148  con142
 149  con143
 150  con144
 151  con145
 152  con146
 153  con147
 154  con148
 155  con149
 156  con150
 157  con151
 158  con152
 159  con153
 160  con154
 161  con155
 162  con156
 163  con157
 164  con158
 165  con159
 166  con160
 167  con161
 168  con162
 169  con163
 170  con164
 171  con165
 172  con166
 173  con167
 174  con168
 175  con169
 176  con170
 177  con171
 178  con172
 179  con173
 180  con174
 181  con175
 182  con176
 183  con177
 184  con178
 185  con179
 186  con180
 187  con181
 188  con182
 189  con183
 190  con184
 191  con185
 192  con186
 193  con187
 194  con188
 195  con189
 196  con190
 197  con191
 198  con192
 199  con193
 200  con194
 201  con195
 202  con196
 203  con197
 204  con198
 205  con199
 206  con200
 207  con201
 208  con202
 209  con203
 210  con204
 211  con205
 212  con206
 213  con207
 214  con208
 215  con209
 216  con210
 217  con211
 218  con212
 219  con213
 220  con214
 221  con215
 222  con216
 223  con217
 224  con218
 225  con219
 226  con220
 227  con221
 228  con222
 229  con223
 230  con224
 231  con225
 232  con226
 233  con227
 234  con228
 235  con229
 236  con230
 237  con231
 238  con232
 239  con233
 240  con234
 241  con235
 242  con236
 243  con237
 244  con238
 245  con239
 246  con240
 247  con241
 248  con242
 249  con243
 250  con244
 251  con245
 252  con246
 253  con247
 254  con248
 255  con249
 256  con250
 257  con251
 258  con252
 259  con253
 260  con254
 261  con255
 262  con256
 263  con257
 264  con258
 265  con259
 266  con260
 267  con261
 268  con262
 269  con263
 270  con264
 271  con265
 272  con266
 273  con267
 274  con268
 275  con269
 276  con270
 277  con271
 278  con272
 279  con273
 280  con274
 281  con275
 282  con276
 283  con277
 284  con278
 285  con279
 286  con280
 287  con281
 288  con282
 289  con283
 290  con284
 291  con285
 292  con286
 293  con287
 294  con288
 295  con289
 296  con290
 297  con291
 298  con292
 299  con293
 300  con294
 301  con295
 302  con296
 303  con297
 304  con298
 305  con299
 306  con300
 307  con301
 308  con302
 309  con303
 310  con304
 311  con305
 312  con306
 313  con307
 314  con308
 315  con309
 316  con310
 317  con311
 318  con312
 319  con313
 320  con314
 321  con315
 322  con316
 323  con317
 324  con318
 325  con319
 326  con320
 327  con321
 328  con322
 329  con323
 330  con324
 331  con325
 332  con326
 333  con327
 334  con328
 335  con329
 336  con330
 337  con331
 338  con332
 339  con333
 340  con334
 341  con335
 342  con336
 343  con337
 344  con338
 345  con339
 346  con340
 347  con341
 348  con342
 349  con343
 350  con344
 351  con345
 352  con346
 353  con347
 354  con348
 355  con349
 356  con350
 357  con351
 358  con352
 359  con353
 360  con354
 361  con355
 362  con356
 363  con357
 364  con358
 365  con359
 366  con360
 367  con361
 368  con362
 369  con363
 370  con364
 371  con365
 372  con366
 373  con367
 374  con368
 375  con369
 376  con370
 377  con371
 378  con372
 379  con373
 380  con374
 381  con375
 382  con376
 383  con377
 384  con378
 385  con379
 386  con380
 387  con381
 388  con382
 389  con383
 390  con384
 391  con385
 392  con386
 393  con387
 394  con388
 395  con389
 396  con390
 397  con391
 398  con392
 399  con393
 400  con394
 401  con395
 402  con396
 403  con397
 404  con398
 405  con399
 406  con400
 407  con401
 408  ;
 409  Variables x(j), obj;
 410  * Objective function (to be minimized)
 411  objcon.. obj =e= 0.00125 * sqrt(power(x('1'), 2) + 1) * x('402') +
 412  0.0025000000000000001 * sqrt(power(x('2'), 2) + 1) * x('403') +
 413  0.0025000000000000001 * sqrt(power(x('3'), 2) + 1) * x('404') +
 414  0.0025000000000000001 * sqrt(power(x('4'), 2) + 1) * x('405') +
 415  0.0025000000000000001 * sqrt(power(x('5'), 2) + 1) * x('406') +
 416  0.0025000000000000001 * sqrt(power(x('6'), 2) + 1) * x('407') +
 417  0.0025000000000000001 * sqrt(power(x('7'), 2) + 1) * x('408') +
 418  0.0025000000000000001 * sqrt(power(x('8'), 2) + 1) * x('409') +
 419  0.0025000000000000001 * sqrt(power(x('9'), 2) + 1) * x('410') +
 420  0.0025000000000000001 * sqrt(power(x('10'), 2) + 1) * x('411') +
 421  0.0025000000000000001 * sqrt(power(x('11'), 2) + 1) * x('412') +
 422  0.0025000000000000001 * sqrt(power(x('12'), 2) + 1) * x('413') +
 423  0.0025000000000000001 * sqrt(power(x('13'), 2) + 1) * x('414') +
 424  0.0025000000000000001 * sqrt(power(x('14'), 2) + 1) * x('415') +
 425  0.0025000000000000001 * sqrt(power(x('15'), 2) + 1) * x('416') +
 426  0.0025000000000000001 * sqrt(power(x('16'), 2) + 1) * x('417') +
 427  0.0025000000000000001 * sqrt(power(x('17'), 2) + 1) * x('418') +
 428  0.0025000000000000001 * sqrt(power(x('18'), 2) + 1) * x('419') +
 429  0.0025000000000000001 * sqrt(power(x('19'), 2) + 1) * x('420') +
 430  0.0025000000000000001 * sqrt(power(x('20'), 2) + 1) * x('421') +
 431  0.0025000000000000001 * sqrt(power(x('21'), 2) + 1) * x('422') +
 432  0.0025000000000000001 * sqrt(power(x('22'), 2) + 1) * x('423') +
 433  0.0025000000000000001 * sqrt(power(x('23'), 2) + 1) * x('424') +
 434  0.0025000000000000001 * sqrt(power(x('24'), 2) + 1) * x('425') +
 435  0.0025000000000000001 * sqrt(power(x('25'), 2) + 1) * x('426') +
 436  0.0025000000000000001 * sqrt(power(x('26'), 2) + 1) * x('427') +
 437  0.0025000000000000001 * sqrt(power(x('27'), 2) + 1) * x('428') +
 438  0.0025000000000000001 * sqrt(power(x('28'), 2) + 1) * x('429') +
 439  0.0025000000000000001 * sqrt(power(x('29'), 2) + 1) * x('430') +
 440  0.0025000000000000001 * sqrt(power(x('30'), 2) + 1) * x('431') +
 441  0.0025000000000000001 * sqrt(power(x('31'), 2) + 1) * x('432') +
 442  0.0025000000000000001 * sqrt(power(x('32'), 2) + 1) * x('433') +
 443  0.0025000000000000001 * sqrt(power(x('33'), 2) + 1) * x('434') +
 444  0.0025000000000000001 * sqrt(power(x('34'), 2) + 1) * x('435') +
 445  0.0025000000000000001 * sqrt(power(x('35'), 2) + 1) * x('436') +
 446  0.0025000000000000001 * sqrt(power(x('36'), 2) + 1) * x('437') +
 447  0.0025000000000000001 * sqrt(power(x('37'), 2) + 1) * x('438') +
 448  0.0025000000000000001 * sqrt(power(x('38'), 2) + 1) * x('439') +
 449  0.0025000000000000001 * sqrt(power(x('39'), 2) + 1) * x('440') +
 450  0.0025000000000000001 * sqrt(power(x('40'), 2) + 1) * x('441') +
 451  0.0025000000000000001 * sqrt(power(x('41'), 2) + 1) * x('442') +
 452  0.0025000000000000001 * sqrt(power(x('42'), 2) + 1) * x('443') +
 453  0.0025000000000000001 * sqrt(power(x('43'), 2) + 1) * x('444') +
 454  0.0025000000000000001 * sqrt(power(x('44'), 2) + 1) * x('445') +
 455  0.0025000000000000001 * sqrt(power(x('45'), 2) + 1) * x('446') +
 456  0.0025000000000000001 * sqrt(power(x('46'), 2) + 1) * x('447') +
 457  0.0025000000000000001 * sqrt(power(x('47'), 2) + 1) * x('448') +
 458  0.0025000000000000001 * sqrt(power(x('48'), 2) + 1) * x('449') +
 459  0.0025000000000000001 * sqrt(power(x('49'), 2) + 1) * x('450') +
 460  0.0025000000000000001 * sqrt(power(x('50'), 2) + 1) * x('451') +
 461  0.0025000000000000001 * sqrt(power(x('51'), 2) + 1) * x('452') +
 462  0.0025000000000000001 * sqrt(power(x('52'), 2) + 1) * x('453') +
 463  0.0025000000000000001 * sqrt(power(x('53'), 2) + 1) * x('454') +
 464  0.0025000000000000001 * sqrt(power(x('54'), 2) + 1) * x('455') +
 465  0.0025000000000000001 * sqrt(power(x('55'), 2) + 1) * x('456') +
 466  0.0025000000000000001 * sqrt(power(x('56'), 2) + 1) * x('457') +
 467  0.0025000000000000001 * sqrt(power(x('57'), 2) + 1) * x('458') +
 468  0.0025000000000000001 * sqrt(power(x('58'), 2) + 1) * x('459') +
 469  0.0025000000000000001 * sqrt(power(x('59'), 2) + 1) * x('460') +
 470  0.0025000000000000001 * sqrt(power(x('60'), 2) + 1) * x('461') +
 471  0.0025000000000000001 * sqrt(power(x('61'), 2) + 1) * x('462') +
 472  0.0025000000000000001 * sqrt(power(x('62'), 2) + 1) * x('463') +
 473  0.0025000000000000001 * sqrt(power(x('63'), 2) + 1) * x('464') +
 474  0.0025000000000000001 * sqrt(power(x('64'), 2) + 1) * x('465') +
 475  0.0025000000000000001 * sqrt(power(x('65'), 2) + 1) * x('466') +
 476  0.0025000000000000001 * sqrt(power(x('66'), 2) + 1) * x('467') +
 477  0.0025000000000000001 * sqrt(power(x('67'), 2) + 1) * x('468') +
 478  0.0025000000000000001 * sqrt(power(x('68'), 2) + 1) * x('469') +
 479  0.0025000000000000001 * sqrt(power(x('69'), 2) + 1) * x('470') +
 480  0.0025000000000000001 * sqrt(power(x('70'), 2) + 1) * x('471') +
 481  0.0025000000000000001 * sqrt(power(x('71'), 2) + 1) * x('472') +
 482  0.0025000000000000001 * sqrt(power(x('72'), 2) + 1) * x('473') +
 483  0.0025000000000000001 * sqrt(power(x('73'), 2) + 1) * x('474') +
 484  0.0025000000000000001 * sqrt(power(x('74'), 2) + 1) * x('475') +
 485  0.0025000000000000001 * sqrt(power(x('75'), 2) + 1) * x('476') +
 486  0.0025000000000000001 * sqrt(power(x('76'), 2) + 1) * x('477') +
 487  0.0025000000000000001 * sqrt(power(x('77'), 2) + 1) * x('478') +
 488  0.0025000000000000001 * sqrt(power(x('78'), 2) + 1) * x('479') +
 489  0.0025000000000000001 * sqrt(power(x('79'), 2) + 1) * x('480') +
 490  0.0025000000000000001 * sqrt(power(x('80'), 2) + 1) * x('481') +
 491  0.0025000000000000001 * sqrt(power(x('81'), 2) + 1) * x('482') +
 492  0.0025000000000000001 * sqrt(power(x('82'), 2) + 1) * x('483') +
 493  0.0025000000000000001 * sqrt(power(x('83'), 2) + 1) * x('484') +
 494  0.0025000000000000001 * sqrt(power(x('84'), 2) + 1) * x('485') +
 495  0.0025000000000000001 * sqrt(power(x('85'), 2) + 1) * x('486') +
 496  0.0025000000000000001 * sqrt(power(x('86'), 2) + 1) * x('487') +
 497  0.0025000000000000001 * sqrt(power(x('87'), 2) + 1) * x('488') +
 498  0.0025000000000000001 * sqrt(power(x('88'), 2) + 1) * x('489') +
 499  0.0025000000000000001 * sqrt(power(x('89'), 2) + 1) * x('490') +
 500  0.0025000000000000001 * sqrt(power(x('90'), 2) + 1) * x('491') +
 501  0.0025000000000000001 * sqrt(power(x('91'), 2) + 1) * x('492') +
 502  0.0025000000000000001 * sqrt(power(x('92'), 2) + 1) * x('493') +
 503  0.0025000000000000001 * sqrt(power(x('93'), 2) + 1) * x('494') +
 504  0.0025000000000000001 * sqrt(power(x('94'), 2) + 1) * x('495') +
 505  0.0025000000000000001 * sqrt(power(x('95'), 2) + 1) * x('496') +
 506  0.0025000000000000001 * sqrt(power(x('96'), 2) + 1) * x('497') +
 507  0.0025000000000000001 * sqrt(power(x('97'), 2) + 1) * x('498') +
 508  0.0025000000000000001 * sqrt(power(x('98'), 2) + 1) * x('499') +
 509  0.0025000000000000001 * sqrt(power(x('99'), 2) + 1) * x('500') +
 510  0.0025000000000000001 * sqrt(power(x('100'), 2) + 1) * x('501') +
 511  0.0025000000000000001 * sqrt(power(x('101'), 2) + 1) * x('502') +
 512  0.0025000000000000001 * sqrt(power(x('102'), 2) + 1) * x('503') +
 513  0.0025000000000000001 * sqrt(power(x('103'), 2) + 1) * x('504') +
 514  0.0025000000000000001 * sqrt(power(x('104'), 2) + 1) * x('505') +
 515  0.0025000000000000001 * sqrt(power(x('105'), 2) + 1) * x('506') +
 516  0.0025000000000000001 * sqrt(power(x('106'), 2) + 1) * x('507') +
 517  0.0025000000000000001 * sqrt(power(x('107'), 2) + 1) * x('508') +
 518  0.0025000000000000001 * sqrt(power(x('108'), 2) + 1) * x('509') +
 519  0.0025000000000000001 * sqrt(power(x('109'), 2) + 1) * x('510') +
 520  0.0025000000000000001 * sqrt(power(x('110'), 2) + 1) * x('511') +
 521  0.0025000000000000001 * sqrt(power(x('111'), 2) + 1) * x('512') +
 522  0.0025000000000000001 * sqrt(power(x('112'), 2) + 1) * x('513') +
 523  0.0025000000000000001 * sqrt(power(x('113'), 2) + 1) * x('514') +
 524  0.0025000000000000001 * sqrt(power(x('114'), 2) + 1) * x('515') +
 525  0.0025000000000000001 * sqrt(power(x('115'), 2) + 1) * x('516') +
 526  0.0025000000000000001 * sqrt(power(x('116'), 2) + 1) * x('517') +
 527  0.0025000000000000001 * sqrt(power(x('117'), 2) + 1) * x('518') +
 528  0.0025000000000000001 * sqrt(power(x('118'), 2) + 1) * x('519') +
 529  0.0025000000000000001 * sqrt(power(x('119'), 2) + 1) * x('520') +
 530  0.0025000000000000001 * sqrt(power(x('120'), 2) + 1) * x('521') +
 531  0.0025000000000000001 * sqrt(power(x('121'), 2) + 1) * x('522') +
 532  0.0025000000000000001 * sqrt(power(x('122'), 2) + 1) * x('523') +
 533  0.0025000000000000001 * sqrt(power(x('123'), 2) + 1) * x('524') +
 534  0.0025000000000000001 * sqrt(power(x('124'), 2) + 1) * x('525') +
 535  0.0025000000000000001 * sqrt(power(x('125'), 2) + 1) * x('526') +
 536  0.0025000000000000001 * sqrt(power(x('126'), 2) + 1) * x('527') +
 537  0.0025000000000000001 * sqrt(power(x('127'), 2) + 1) * x('528') +
 538  0.0025000000000000001 * sqrt(power(x('128'), 2) + 1) * x('529') +
 539  0.0025000000000000001 * sqrt(power(x('129'), 2) + 1) * x('530') +
 540  0.0025000000000000001 * sqrt(power(x('130'), 2) + 1) * x('531') +
 541  0.0025000000000000001 * sqrt(power(x('131'), 2) + 1) * x('532') +
 542  0.0025000000000000001 * sqrt(power(x('132'), 2) + 1) * x('533') +
 543  0.0025000000000000001 * sqrt(power(x('133'), 2) + 1) * x('534') +
 544  0.0025000000000000001 * sqrt(power(x('134'), 2) + 1) * x('535') +
 545  0.0025000000000000001 * sqrt(power(x('135'), 2) + 1) * x('536') +
 546  0.0025000000000000001 * sqrt(power(x('136'), 2) + 1) * x('537') +
 547  0.0025000000000000001 * sqrt(power(x('137'), 2) + 1) * x('538') +
 548  0.0025000000000000001 * sqrt(power(x('138'), 2) + 1) * x('539') +
 549  0.0025000000000000001 * sqrt(power(x('139'), 2) + 1) * x('540') +
 550  0.0025000000000000001 * sqrt(power(x('140'), 2) + 1) * x('541') +
 551  0.0025000000000000001 * sqrt(power(x('141'), 2) + 1) * x('542') +
 552  0.0025000000000000001 * sqrt(power(x('142'), 2) + 1) * x('543') +
 553  0.0025000000000000001 * sqrt(power(x('143'), 2) + 1) * x('544') +
 554  0.0025000000000000001 * sqrt(power(x('144'), 2) + 1) * x('545') +
 555  0.0025000000000000001 * sqrt(power(x('145'), 2) + 1) * x('546') +
 556  0.0025000000000000001 * sqrt(power(x('146'), 2) + 1) * x('547') +
 557  0.0025000000000000001 * sqrt(power(x('147'), 2) + 1) * x('548') +
 558  0.0025000000000000001 * sqrt(power(x('148'), 2) + 1) * x('549') +
 559  0.0025000000000000001 * sqrt(power(x('149'), 2) + 1) * x('550') +
 560  0.0025000000000000001 * sqrt(power(x('150'), 2) + 1) * x('551') +
 561  0.0025000000000000001 * sqrt(power(x('151'), 2) + 1) * x('552') +
 562  0.0025000000000000001 * sqrt(power(x('152'), 2) + 1) * x('553') +
 563  0.0025000000000000001 * sqrt(power(x('153'), 2) + 1) * x('554') +
 564  0.0025000000000000001 * sqrt(power(x('154'), 2) + 1) * x('555') +
 565  0.0025000000000000001 * sqrt(power(x('155'), 2) + 1) * x('556') +
 566  0.0025000000000000001 * sqrt(power(x('156'), 2) + 1) * x('557') +
 567  0.0025000000000000001 * sqrt(power(x('157'), 2) + 1) * x('558') +
 568  0.0025000000000000001 * sqrt(power(x('158'), 2) + 1) * x('559') +
 569  0.0025000000000000001 * sqrt(power(x('159'), 2) + 1) * x('560') +
 570  0.0025000000000000001 * sqrt(power(x('160'), 2) + 1) * x('561') +
 571  0.0025000000000000001 * sqrt(power(x('161'), 2) + 1) * x('562') +
 572  0.0025000000000000001 * sqrt(power(x('162'), 2) + 1) * x('563') +
 573  0.0025000000000000001 * sqrt(power(x('163'), 2) + 1) * x('564') +
 574  0.0025000000000000001 * sqrt(power(x('164'), 2) + 1) * x('565') +
 575  0.0025000000000000001 * sqrt(power(x('165'), 2) + 1) * x('566') +
 576  0.0025000000000000001 * sqrt(power(x('166'), 2) + 1) * x('567') +
 577  0.0025000000000000001 * sqrt(power(x('167'), 2) + 1) * x('568') +
 578  0.0025000000000000001 * sqrt(power(x('168'), 2) + 1) * x('569') +
 579  0.0025000000000000001 * sqrt(power(x('169'), 2) + 1) * x('570') +
 580  0.0025000000000000001 * sqrt(power(x('170'), 2) + 1) * x('571') +
 581  0.0025000000000000001 * sqrt(power(x('171'), 2) + 1) * x('572') +
 582  0.0025000000000000001 * sqrt(power(x('172'), 2) + 1) * x('573') +
 583  0.0025000000000000001 * sqrt(power(x('173'), 2) + 1) * x('574') +
 584  0.0025000000000000001 * sqrt(power(x('174'), 2) + 1) * x('575') +
 585  0.0025000000000000001 * sqrt(power(x('175'), 2) + 1) * x('576') +
 586  0.0025000000000000001 * sqrt(power(x('176'), 2) + 1) * x('577') +
 587  0.0025000000000000001 * sqrt(power(x('177'), 2) + 1) * x('578') +
 588  0.0025000000000000001 * sqrt(power(x('178'), 2) + 1) * x('579') +
 589  0.0025000000000000001 * sqrt(power(x('179'), 2) + 1) * x('580') +
 590  0.0025000000000000001 * sqrt(power(x('180'), 2) + 1) * x('581') +
 591  0.0025000000000000001 * sqrt(power(x('181'), 2) + 1) * x('582') +
 592  0.0025000000000000001 * sqrt(power(x('182'), 2) + 1) * x('583') +
 593  0.0025000000000000001 * sqrt(power(x('183'), 2) + 1) * x('584') +
 594  0.0025000000000000001 * sqrt(power(x('184'), 2) + 1) * x('585') +
 595  0.0025000000000000001 * sqrt(power(x('185'), 2) + 1) * x('586') +
 596  0.0025000000000000001 * sqrt(power(x('186'), 2) + 1) * x('587') +
 597  0.0025000000000000001 * sqrt(power(x('187'), 2) + 1) * x('588') +
 598  0.0025000000000000001 * sqrt(power(x('188'), 2) + 1) * x('589') +
 599  0.0025000000000000001 * sqrt(power(x('189'), 2) + 1) * x('590') +
 600  0.0025000000000000001 * sqrt(power(x('190'), 2) + 1) * x('591') +
 601  0.0025000000000000001 * sqrt(power(x('191'), 2) + 1) * x('592') +
 602  0.0025000000000000001 * sqrt(power(x('192'), 2) + 1) * x('593') +
 603  0.0025000000000000001 * sqrt(power(x('193'), 2) + 1) * x('594') +
 604  0.0025000000000000001 * sqrt(power(x('194'), 2) + 1) * x('595') +
 605  0.0025000000000000001 * sqrt(power(x('195'), 2) + 1) * x('596') +
 606  0.0025000000000000001 * sqrt(power(x('196'), 2) + 1) * x('597') +
 607  0.0025000000000000001 * sqrt(power(x('197'), 2) + 1) * x('598') +
 608  0.0025000000000000001 * sqrt(power(x('198'), 2) + 1) * x('599') +
 609  0.0025000000000000001 * sqrt(power(x('199'), 2) + 1) * x('600') +
 610  0.0025000000000000001 * sqrt(power(x('200'), 2) + 1) * x('601') +
 611  0.0025000000000000001 * sqrt(power(x('201'), 2) + 1) * x('602') +
 612  0.0025000000000000001 * sqrt(power(x('202'), 2) + 1) * x('603') +
 613  0.0025000000000000001 * sqrt(power(x('203'), 2) + 1) * x('604') +
 614  0.0025000000000000001 * sqrt(power(x('204'), 2) + 1) * x('605') +
 615  0.0025000000000000001 * sqrt(power(x('205'), 2) + 1) * x('606') +
 616  0.0025000000000000001 * sqrt(power(x('206'), 2) + 1) * x('607') +
 617  0.0025000000000000001 * sqrt(power(x('207'), 2) + 1) * x('608') +
 618  0.0025000000000000001 * sqrt(power(x('208'), 2) + 1) * x('609') +
 619  0.0025000000000000001 * sqrt(power(x('209'), 2) + 1) * x('610') +
 620  0.0025000000000000001 * sqrt(power(x('210'), 2) + 1) * x('611') +
 621  0.0025000000000000001 * sqrt(power(x('211'), 2) + 1) * x('612') +
 622  0.0025000000000000001 * sqrt(power(x('212'), 2) + 1) * x('613') +
 623  0.0025000000000000001 * sqrt(power(x('213'), 2) + 1) * x('614') +
 624  0.0025000000000000001 * sqrt(power(x('214'), 2) + 1) * x('615') +
 625  0.0025000000000000001 * sqrt(power(x('215'), 2) + 1) * x('616') +
 626  0.0025000000000000001 * sqrt(power(x('216'), 2) + 1) * x('617') +
 627  0.0025000000000000001 * sqrt(power(x('217'), 2) + 1) * x('618') +
 628  0.0025000000000000001 * sqrt(power(x('218'), 2) + 1) * x('619') +
 629  0.0025000000000000001 * sqrt(power(x('219'), 2) + 1) * x('620') +
 630  0.0025000000000000001 * sqrt(power(x('220'), 2) + 1) * x('621') +
 631  0.0025000000000000001 * sqrt(power(x('221'), 2) + 1) * x('622') +
 632  0.0025000000000000001 * sqrt(power(x('222'), 2) + 1) * x('623') +
 633  0.0025000000000000001 * sqrt(power(x('223'), 2) + 1) * x('624') +
 634  0.0025000000000000001 * sqrt(power(x('224'), 2) + 1) * x('625') +
 635  0.0025000000000000001 * sqrt(power(x('225'), 2) + 1) * x('626') +
 636  0.0025000000000000001 * sqrt(power(x('226'), 2) + 1) * x('627') +
 637  0.0025000000000000001 * sqrt(power(x('227'), 2) + 1) * x('628') +
 638  0.0025000000000000001 * sqrt(power(x('228'), 2) + 1) * x('629') +
 639  0.0025000000000000001 * sqrt(power(x('229'), 2) + 1) * x('630') +
 640  0.0025000000000000001 * sqrt(power(x('230'), 2) + 1) * x('631') +
 641  0.0025000000000000001 * sqrt(power(x('231'), 2) + 1) * x('632') +
 642  0.0025000000000000001 * sqrt(power(x('232'), 2) + 1) * x('633') +
 643  0.0025000000000000001 * sqrt(power(x('233'), 2) + 1) * x('634') +
 644  0.0025000000000000001 * sqrt(power(x('234'), 2) + 1) * x('635') +
 645  0.0025000000000000001 * sqrt(power(x('235'), 2) + 1) * x('636') +
 646  0.0025000000000000001 * sqrt(power(x('236'), 2) + 1) * x('637') +
 647  0.0025000000000000001 * sqrt(power(x('237'), 2) + 1) * x('638') +
 648  0.0025000000000000001 * sqrt(power(x('238'), 2) + 1) * x('639') +
 649  0.0025000000000000001 * sqrt(power(x('239'), 2) + 1) * x('640') +
 650  0.0025000000000000001 * sqrt(power(x('240'), 2) + 1) * x('641') +
 651  0.0025000000000000001 * sqrt(power(x('241'), 2) + 1) * x('642') +
 652  0.0025000000000000001 * sqrt(power(x('242'), 2) + 1) * x('643') +
 653  0.0025000000000000001 * sqrt(power(x('243'), 2) + 1) * x('644') +
 654  0.0025000000000000001 * sqrt(power(x('244'), 2) + 1) * x('645') +
 655  0.0025000000000000001 * sqrt(power(x('245'), 2) + 1) * x('646') +
 656  0.0025000000000000001 * sqrt(power(x('246'), 2) + 1) * x('647') +
 657  0.0025000000000000001 * sqrt(power(x('247'), 2) + 1) * x('648') +
 658  0.0025000000000000001 * sqrt(power(x('248'), 2) + 1) * x('649') +
 659  0.0025000000000000001 * sqrt(power(x('249'), 2) + 1) * x('650') +
 660  0.0025000000000000001 * sqrt(power(x('250'), 2) + 1) * x('651') +
 661  0.0025000000000000001 * sqrt(power(x('251'), 2) + 1) * x('652') +
 662  0.0025000000000000001 * sqrt(power(x('252'), 2) + 1) * x('653') +
 663  0.0025000000000000001 * sqrt(power(x('253'), 2) + 1) * x('654') +
 664  0.0025000000000000001 * sqrt(power(x('254'), 2) + 1) * x('655') +
 665  0.0025000000000000001 * sqrt(power(x('255'), 2) + 1) * x('656') +
 666  0.0025000000000000001 * sqrt(power(x('256'), 2) + 1) * x('657') +
 667  0.0025000000000000001 * sqrt(power(x('257'), 2) + 1) * x('658') +
 668  0.0025000000000000001 * sqrt(power(x('258'), 2) + 1) * x('659') +
 669  0.0025000000000000001 * sqrt(power(x('259'), 2) + 1) * x('660') +
 670  0.0025000000000000001 * sqrt(power(x('260'), 2) + 1) * x('661') +
 671  0.0025000000000000001 * sqrt(power(x('261'), 2) + 1) * x('662') +
 672  0.0025000000000000001 * sqrt(power(x('262'), 2) + 1) * x('663') +
 673  0.0025000000000000001 * sqrt(power(x('263'), 2) + 1) * x('664') +
 674  0.0025000000000000001 * sqrt(power(x('264'), 2) + 1) * x('665') +
 675  0.0025000000000000001 * sqrt(power(x('265'), 2) + 1) * x('666') +
 676  0.0025000000000000001 * sqrt(power(x('266'), 2) + 1) * x('667') +
 677  0.0025000000000000001 * sqrt(power(x('267'), 2) + 1) * x('668') +
 678  0.0025000000000000001 * sqrt(power(x('268'), 2) + 1) * x('669') +
 679  0.0025000000000000001 * sqrt(power(x('269'), 2) + 1) * x('670') +
 680  0.0025000000000000001 * sqrt(power(x('270'), 2) + 1) * x('671') +
 681  0.0025000000000000001 * sqrt(power(x('271'), 2) + 1) * x('672') +
 682  0.0025000000000000001 * sqrt(power(x('272'), 2) + 1) * x('673') +
 683  0.0025000000000000001 * sqrt(power(x('273'), 2) + 1) * x('674') +
 684  0.0025000000000000001 * sqrt(power(x('274'), 2) + 1) * x('675') +
 685  0.0025000000000000001 * sqrt(power(x('275'), 2) + 1) * x('676') +
 686  0.0025000000000000001 * sqrt(power(x('276'), 2) + 1) * x('677') +
 687  0.0025000000000000001 * sqrt(power(x('277'), 2) + 1) * x('678') +
 688  0.0025000000000000001 * sqrt(power(x('278'), 2) + 1) * x('679') +
 689  0.0025000000000000001 * sqrt(power(x('279'), 2) + 1) * x('680') +
 690  0.0025000000000000001 * sqrt(power(x('280'), 2) + 1) * x('681') +
 691  0.0025000000000000001 * sqrt(power(x('281'), 2) + 1) * x('682') +
 692  0.0025000000000000001 * sqrt(power(x('282'), 2) + 1) * x('683') +
 693  0.0025000000000000001 * sqrt(power(x('283'), 2) + 1) * x('684') +
 694  0.0025000000000000001 * sqrt(power(x('284'), 2) + 1) * x('685') +
 695  0.0025000000000000001 * sqrt(power(x('285'), 2) + 1) * x('686') +
 696  0.0025000000000000001 * sqrt(power(x('286'), 2) + 1) * x('687') +
 697  0.0025000000000000001 * sqrt(power(x('287'), 2) + 1) * x('688') +
 698  0.0025000000000000001 * sqrt(power(x('288'), 2) + 1) * x('689') +
 699  0.0025000000000000001 * sqrt(power(x('289'), 2) + 1) * x('690') +
 700  0.0025000000000000001 * sqrt(power(x('290'), 2) + 1) * x('691') +
 701  0.0025000000000000001 * sqrt(power(x('291'), 2) + 1) * x('692') +
 702  0.0025000000000000001 * sqrt(power(x('292'), 2) + 1) * x('693') +
 703  0.0025000000000000001 * sqrt(power(x('293'), 2) + 1) * x('694') +
 704  0.0025000000000000001 * sqrt(power(x('294'), 2) + 1) * x('695') +
 705  0.0025000000000000001 * sqrt(power(x('295'), 2) + 1) * x('696') +
 706  0.0025000000000000001 * sqrt(power(x('296'), 2) + 1) * x('697') +
 707  0.0025000000000000001 * sqrt(power(x('297'), 2) + 1) * x('698') +
 708  0.0025000000000000001 * sqrt(power(x('298'), 2) + 1) * x('699') +
 709  0.0025000000000000001 * sqrt(power(x('299'), 2) + 1) * x('700') +
 710  0.0025000000000000001 * sqrt(power(x('300'), 2) + 1) * x('701') +
 711  0.0025000000000000001 * sqrt(power(x('301'), 2) + 1) * x('702') +
 712  0.0025000000000000001 * sqrt(power(x('302'), 2) + 1) * x('703') +
 713  0.0025000000000000001 * sqrt(power(x('303'), 2) + 1) * x('704') +
 714  0.0025000000000000001 * sqrt(power(x('304'), 2) + 1) * x('705') +
 715  0.0025000000000000001 * sqrt(power(x('305'), 2) + 1) * x('706') +
 716  0.0025000000000000001 * sqrt(power(x('306'), 2) + 1) * x('707') +
 717  0.0025000000000000001 * sqrt(power(x('307'), 2) + 1) * x('708') +
 718  0.0025000000000000001 * sqrt(power(x('308'), 2) + 1) * x('709') +
 719  0.0025000000000000001 * sqrt(power(x('309'), 2) + 1) * x('710') +
 720  0.0025000000000000001 * sqrt(power(x('310'), 2) + 1) * x('711') +
 721  0.0025000000000000001 * sqrt(power(x('311'), 2) + 1) * x('712') +
 722  0.0025000000000000001 * sqrt(power(x('312'), 2) + 1) * x('713') +
 723  0.0025000000000000001 * sqrt(power(x('313'), 2) + 1) * x('714') +
 724  0.0025000000000000001 * sqrt(power(x('314'), 2) + 1) * x('715') +
 725  0.0025000000000000001 * sqrt(power(x('315'), 2) + 1) * x('716') +
 726  0.0025000000000000001 * sqrt(power(x('316'), 2) + 1) * x('717') +
 727  0.0025000000000000001 * sqrt(power(x('317'), 2) + 1) * x('718') +
 728  0.0025000000000000001 * sqrt(power(x('318'), 2) + 1) * x('719') +
 729  0.0025000000000000001 * sqrt(power(x('319'), 2) + 1) * x('720') +
 730  0.0025000000000000001 * sqrt(power(x('320'), 2) + 1) * x('721') +
 731  0.0025000000000000001 * sqrt(power(x('321'), 2) + 1) * x('722') +
 732  0.0025000000000000001 * sqrt(power(x('322'), 2) + 1) * x('723') +
 733  0.0025000000000000001 * sqrt(power(x('323'), 2) + 1) * x('724') +
 734  0.0025000000000000001 * sqrt(power(x('324'), 2) + 1) * x('725') +
 735  0.0025000000000000001 * sqrt(power(x('325'), 2) + 1) * x('726') +
 736  0.0025000000000000001 * sqrt(power(x('326'), 2) + 1) * x('727') +
 737  0.0025000000000000001 * sqrt(power(x('327'), 2) + 1) * x('728') +
 738  0.0025000000000000001 * sqrt(power(x('328'), 2) + 1) * x('729') +
 739  0.0025000000000000001 * sqrt(power(x('329'), 2) + 1) * x('730') +
 740  0.0025000000000000001 * sqrt(power(x('330'), 2) + 1) * x('731') +
 741  0.0025000000000000001 * sqrt(power(x('331'), 2) + 1) * x('732') +
 742  0.0025000000000000001 * sqrt(power(x('332'), 2) + 1) * x('733') +
 743  0.0025000000000000001 * sqrt(power(x('333'), 2) + 1) * x('734') +
 744  0.0025000000000000001 * sqrt(power(x('334'), 2) + 1) * x('735') +
 745  0.0025000000000000001 * sqrt(power(x('335'), 2) + 1) * x('736') +
 746  0.0025000000000000001 * sqrt(power(x('336'), 2) + 1) * x('737') +
 747  0.0025000000000000001 * sqrt(power(x('337'), 2) + 1) * x('738') +
 748  0.0025000000000000001 * sqrt(power(x('338'), 2) + 1) * x('739') +
 749  0.0025000000000000001 * sqrt(power(x('339'), 2) + 1) * x('740') +
 750  0.0025000000000000001 * sqrt(power(x('340'), 2) + 1) * x('741') +
 751  0.0025000000000000001 * sqrt(power(x('341'), 2) + 1) * x('742') +
 752  0.0025000000000000001 * sqrt(power(x('342'), 2) + 1) * x('743') +
 753  0.0025000000000000001 * sqrt(power(x('343'), 2) + 1) * x('744') +
 754  0.0025000000000000001 * sqrt(power(x('344'), 2) + 1) * x('745') +
 755  0.0025000000000000001 * sqrt(power(x('345'), 2) + 1) * x('746') +
 756  0.0025000000000000001 * sqrt(power(x('346'), 2) + 1) * x('747') +
 757  0.0025000000000000001 * sqrt(power(x('347'), 2) + 1) * x('748') +
 758  0.0025000000000000001 * sqrt(power(x('348'), 2) + 1) * x('749') +
 759  0.0025000000000000001 * sqrt(power(x('349'), 2) + 1) * x('750') +
 760  0.0025000000000000001 * sqrt(power(x('350'), 2) + 1) * x('751') +
 761  0.0025000000000000001 * sqrt(power(x('351'), 2) + 1) * x('752') +
 762  0.0025000000000000001 * sqrt(power(x('352'), 2) + 1) * x('753') +
 763  0.0025000000000000001 * sqrt(power(x('353'), 2) + 1) * x('754') +
 764  0.0025000000000000001 * sqrt(power(x('354'), 2) + 1) * x('755') +
 765  0.0025000000000000001 * sqrt(power(x('355'), 2) + 1) * x('756') +
 766  0.0025000000000000001 * sqrt(power(x('356'), 2) + 1) * x('757') +
 767  0.0025000000000000001 * sqrt(power(x('357'), 2) + 1) * x('758') +
 768  0.0025000000000000001 * sqrt(power(x('358'), 2) + 1) * x('759') +
 769  0.0025000000000000001 * sqrt(power(x('359'), 2) + 1) * x('760') +
 770  0.0025000000000000001 * sqrt(power(x('360'), 2) + 1) * x('761') +
 771  0.0025000000000000001 * sqrt(power(x('361'), 2) + 1) * x('762') +
 772  0.0025000000000000001 * sqrt(power(x('362'), 2) + 1) * x('763') +
 773  0.0025000000000000001 * sqrt(power(x('363'), 2) + 1) * x('764') +
 774  0.0025000000000000001 * sqrt(power(x('364'), 2) + 1) * x('765') +
 775  0.0025000000000000001 * sqrt(power(x('365'), 2) + 1) * x('766') +
 776  0.0025000000000000001 * sqrt(power(x('366'), 2) + 1) * x('767') +
 777  0.0025000000000000001 * sqrt(power(x('367'), 2) + 1) * x('768') +
 778  0.0025000000000000001 * sqrt(power(x('368'), 2) + 1) * x('769') +
 779  0.0025000000000000001 * sqrt(power(x('369'), 2) + 1) * x('770') +
 780  0.0025000000000000001 * sqrt(power(x('370'), 2) + 1) * x('771') +
 781  0.0025000000000000001 * sqrt(power(x('371'), 2) + 1) * x('772') +
 782  0.0025000000000000001 * sqrt(power(x('372'), 2) + 1) * x('773') +
 783  0.0025000000000000001 * sqrt(power(x('373'), 2) + 1) * x('774') +
 784  0.0025000000000000001 * sqrt(power(x('374'), 2) + 1) * x('775') +
 785  0.0025000000000000001 * sqrt(power(x('375'), 2) + 1) * x('776') +
 786  0.0025000000000000001 * sqrt(power(x('376'), 2) + 1) * x('777') +
 787  0.0025000000000000001 * sqrt(power(x('377'), 2) + 1) * x('778') +
 788  0.0025000000000000001 * sqrt(power(x('378'), 2) + 1) * x('779') +
 789  0.0025000000000000001 * sqrt(power(x('379'), 2) + 1) * x('780') +
 790  0.0025000000000000001 * sqrt(power(x('380'), 2) + 1) * x('781') +
 791  0.0025000000000000001 * sqrt(power(x('381'), 2) + 1) * x('782') +
 792  0.0025000000000000001 * sqrt(power(x('382'), 2) + 1) * x('783') +
 793  0.0025000000000000001 * sqrt(power(x('383'), 2) + 1) * x('784') +
 794  0.0025000000000000001 * sqrt(power(x('384'), 2) + 1) * x('785') +
 795  0.0025000000000000001 * sqrt(power(x('385'), 2) + 1) * x('786') +
 796  0.0025000000000000001 * sqrt(power(x('386'), 2) + 1) * x('787') +
 797  0.0025000000000000001 * sqrt(power(x('387'), 2) + 1) * x('788') +
 798  0.0025000000000000001 * sqrt(power(x('388'), 2) + 1) * x('789') +
 799  0.0025000000000000001 * sqrt(power(x('389'), 2) + 1) * x('790') +
 800  0.0025000000000000001 * sqrt(power(x('390'), 2) + 1) * x('791') +
 801  0.0025000000000000001 * sqrt(power(x('391'), 2) + 1) * x('792') +
 802  0.0025000000000000001 * sqrt(power(x('392'), 2) + 1) * x('793') +
 803  0.0025000000000000001 * sqrt(power(x('393'), 2) + 1) * x('794') +
 804  0.0025000000000000001 * sqrt(power(x('394'), 2) + 1) * x('795') +
 805  0.0025000000000000001 * sqrt(power(x('395'), 2) + 1) * x('796') +
 806  0.0025000000000000001 * sqrt(power(x('396'), 2) + 1) * x('797') +
 807  0.0025000000000000001 * sqrt(power(x('397'), 2) + 1) * x('798') +
 808  0.0025000000000000001 * sqrt(power(x('398'), 2) + 1) * x('799') +
 809  0.0025000000000000001 * sqrt(power(x('399'), 2) + 1) * x('800') +
 810  0.0025000000000000001 * sqrt(power(x('400'), 2) + 1) * x('801') +
 811  0.00125 * sqrt(power(x('401'), 2) + 1) * x('802');
 812   
 813   
 814  con1.. (-0.00125) * x('400') -
 815  0.00125 * x('401') -
 816  x('801') +
 817  x('802') =e= 0;
 818  con2.. (-0.00125) * x('399') -
 819  0.00125 * x('400') -
 820  x('800') +
 821  x('801') =e= 0;
 822  con3.. (-0.00125) * x('398') -
 823  0.00125 * x('399') -
 824  x('799') +
 825  x('800') =e= 0;
 826  con4.. (-0.00125) * x('397') -
 827  0.00125 * x('398') -
 828  x('798') +
 829  x('799') =e= 0;
 830  con5.. (-0.00125) * x('396') -
 831  0.00125 * x('397') -
 832  x('797') +
 833  x('798') =e= 0;
 834  con6.. (-0.00125) * x('395') -
 835  0.00125 * x('396') -
 836  x('796') +
 837  x('797') =e= 0;
 838  con7.. (-0.00125) * x('394') -
 839  0.00125 * x('395') -
 840  x('795') +
 841  x('796') =e= 0;
 842  con8.. (-0.00125) * x('393') -
 843  0.00125 * x('394') -
 844  x('794') +
 845  x('795') =e= 0;
 846  con9.. (-0.00125) * x('392') -
 847  0.00125 * x('393') -
 848  x('793') +
 849  x('794') =e= 0;
 850  con10.. (-0.00125) * x('391') -
 851  0.00125 * x('392') -
 852  x('792') +
 853  x('793') =e= 0;
 854  con11.. (-0.00125) * x('390') -
 855  0.00125 * x('391') -
 856  x('791') +
 857  x('792') =e= 0;
 858  con12.. (-0.00125) * x('389') -
 859  0.00125 * x('390') -
 860  x('790') +
 861  x('791') =e= 0;
 862  con13.. (-0.00125) * x('388') -
 863  0.00125 * x('389') -
 864  x('789') +
 865  x('790') =e= 0;
 866  con14.. (-0.00125) * x('387') -
 867  0.00125 * x('388') -
 868  x('788') +
 869  x('789') =e= 0;
 870  con15.. (-0.00125) * x('386') -
 871  0.00125 * x('387') -
 872  x('787') +
 873  x('788') =e= 0;
 874  con16.. (-0.00125) * x('385') -
 875  0.00125 * x('386') -
 876  x('786') +
 877  x('787') =e= 0;
 878  con17.. (-0.00125) * x('384') -
 879  0.00125 * x('385') -
 880  x('785') +
 881  x('786') =e= 0;
 882  con18.. (-0.00125) * x('383') -
 883  0.00125 * x('384') -
 884  x('784') +
 885  x('785') =e= 0;
 886  con19.. (-0.00125) * x('382') -
 887  0.00125 * x('383') -
 888  x('783') +
 889  x('784') =e= 0;
 890  con20.. (-0.00125) * x('381') -
 891  0.00125 * x('382') -
 892  x('782') +
 893  x('783') =e= 0;
 894  con21.. (-0.00125) * x('380') -
 895  0.00125 * x('381') -
 896  x('781') +
 897  x('782') =e= 0;
 898  con22.. (-0.00125) * x('379') -
 899  0.00125 * x('380') -
 900  x('780') +
 901  x('781') =e= 0;
 902  con23.. (-0.00125) * x('378') -
 903  0.00125 * x('379') -
 904  x('779') +
 905  x('780') =e= 0;
 906  con24.. (-0.00125) * x('377') -
 907  0.00125 * x('378') -
 908  x('778') +
 909  x('779') =e= 0;
 910  con25.. (-0.00125) * x('376') -
 911  0.00125 * x('377') -
 912  x('777') +
 913  x('778') =e= 0;
 914  con26.. (-0.00125) * x('375') -
 915  0.00125 * x('376') -
 916  x('776') +
 917  x('777') =e= 0;
 918  con27.. (-0.00125) * x('374') -
 919  0.00125 * x('375') -
 920  x('775') +
 921  x('776') =e= 0;
 922  con28.. (-0.00125) * x('373') -
 923  0.00125 * x('374') -
 924  x('774') +
 925  x('775') =e= 0;
 926  con29.. (-0.00125) * x('372') -
 927  0.00125 * x('373') -
 928  x('773') +
 929  x('774') =e= 0;
 930  con30.. (-0.00125) * x('371') -
 931  0.00125 * x('372') -
 932  x('772') +
 933  x('773') =e= 0;
 934  con31.. (-0.00125) * x('370') -
 935  0.00125 * x('371') -
 936  x('771') +
 937  x('772') =e= 0;
 938  con32.. (-0.00125) * x('369') -
 939  0.00125 * x('370') -
 940  x('770') +
 941  x('771') =e= 0;
 942  con33.. (-0.00125) * x('368') -
 943  0.00125 * x('369') -
 944  x('769') +
 945  x('770') =e= 0;
 946  con34.. (-0.00125) * x('367') -
 947  0.00125 * x('368') -
 948  x('768') +
 949  x('769') =e= 0;
 950  con35.. (-0.00125) * x('366') -
 951  0.00125 * x('367') -
 952  x('767') +
 953  x('768') =e= 0;
 954  con36.. (-0.00125) * x('365') -
 955  0.00125 * x('366') -
 956  x('766') +
 957  x('767') =e= 0;
 958  con37.. (-0.00125) * x('364') -
 959  0.00125 * x('365') -
 960  x('765') +
 961  x('766') =e= 0;
 962  con38.. (-0.00125) * x('363') -
 963  0.00125 * x('364') -
 964  x('764') +
 965  x('765') =e= 0;
 966  con39.. (-0.00125) * x('362') -
 967  0.00125 * x('363') -
 968  x('763') +
 969  x('764') =e= 0;
 970  con40.. (-0.00125) * x('361') -
 971  0.00125 * x('362') -
 972  x('762') +
 973  x('763') =e= 0;
 974  con41.. (-0.00125) * x('360') -
 975  0.00125 * x('361') -
 976  x('761') +
 977  x('762') =e= 0;
 978  con42.. (-0.00125) * x('359') -
 979  0.00125 * x('360') -
 980  x('760') +
 981  x('761') =e= 0;
 982  con43.. (-0.00125) * x('358') -
 983  0.00125 * x('359') -
 984  x('759') +
 985  x('760') =e= 0;
 986  con44.. (-0.00125) * x('357') -
 987  0.00125 * x('358') -
 988  x('758') +
 989  x('759') =e= 0;
 990  con45.. (-0.00125) * x('356') -
 991  0.00125 * x('357') -
 992  x('757') +
 993  x('758') =e= 0;
 994  con46.. (-0.00125) * x('355') -
 995  0.00125 * x('356') -
 996  x('756') +
 997  x('757') =e= 0;
 998  con47.. (-0.00125) * x('354') -
 999  0.00125 * x('355') -
1000  x('755') +
1001  x('756') =e= 0;
1002  con48.. (-0.00125) * x('353') -
1003  0.00125 * x('354') -
1004  x('754') +
1005  x('755') =e= 0;
1006  con49.. (-0.00125) * x('352') -
1007  0.00125 * x('353') -
1008  x('753') +
1009  x('754') =e= 0;
1010  con50.. (-0.00125) * x('351') -
1011  0.00125 * x('352') -
1012  x('752') +
1013  x('753') =e= 0;
1014  con51.. (-0.00125) * x('350') -
1015  0.00125 * x('351') -
1016  x('751') +
1017  x('752') =e= 0;
1018  con52.. (-0.00125) * x('349') -
1019  0.00125 * x('350') -
1020  x('750') +
1021  x('751') =e= 0;
1022  con53.. (-0.00125) * x('348') -
1023  0.00125 * x('349') -
1024  x('749') +
1025  x('750') =e= 0;
1026  con54.. (-0.00125) * x('347') -
1027  0.00125 * x('348') -
1028  x('748') +
1029  x('749') =e= 0;
1030  con55.. (-0.00125) * x('346') -
1031  0.00125 * x('347') -
1032  x('747') +
1033  x('748') =e= 0;
1034  con56.. (-0.00125) * x('345') -
1035  0.00125 * x('346') -
1036  x('746') +
1037  x('747') =e= 0;
1038  con57.. (-0.00125) * x('344') -
1039  0.00125 * x('345') -
1040  x('745') +
1041  x('746') =e= 0;
1042  con58.. (-0.00125) * x('343') -
1043  0.00125 * x('344') -
1044  x('744') +
1045  x('745') =e= 0;
1046  con59.. (-0.00125) * x('342') -
1047  0.00125 * x('343') -
1048  x('743') +
1049  x('744') =e= 0;
1050  con60.. (-0.00125) * x('341') -
1051  0.00125 * x('342') -
1052  x('742') +
1053  x('743') =e= 0;
1054  con61.. (-0.00125) * x('340') -
1055  0.00125 * x('341') -
1056  x('741') +
1057  x('742') =e= 0;
1058  con62.. (-0.00125) * x('339') -
1059  0.00125 * x('340') -
1060  x('740') +
1061  x('741') =e= 0;
1062  con63.. (-0.00125) * x('338') -
1063  0.00125 * x('339') -
1064  x('739') +
1065  x('740') =e= 0;
1066  con64.. (-0.00125) * x('337') -
1067  0.00125 * x('338') -
1068  x('738') +
1069  x('739') =e= 0;
1070  con65.. (-0.00125) * x('336') -
1071  0.00125 * x('337') -
1072  x('737') +
1073  x('738') =e= 0;
1074  con66.. (-0.00125) * x('335') -
1075  0.00125 * x('336') -
1076  x('736') +
1077  x('737') =e= 0;
1078  con67.. (-0.00125) * x('334') -
1079  0.00125 * x('335') -
1080  x('735') +
1081  x('736') =e= 0;
1082  con68.. (-0.00125) * x('333') -
1083  0.00125 * x('334') -
1084  x('734') +
1085  x('735') =e= 0;
1086  con69.. (-0.00125) * x('332') -
1087  0.00125 * x('333') -
1088  x('733') +
1089  x('734') =e= 0;
1090  con70.. (-0.00125) * x('331') -
1091  0.00125 * x('332') -
1092  x('732') +
1093  x('733') =e= 0;
1094  con71.. (-0.00125) * x('330') -
1095  0.00125 * x('331') -
1096  x('731') +
1097  x('732') =e= 0;
1098  con72.. (-0.00125) * x('329') -
1099  0.00125 * x('330') -
1100  x('730') +
1101  x('731') =e= 0;
1102  con73.. (-0.00125) * x('328') -
1103  0.00125 * x('329') -
1104  x('729') +
1105  x('730') =e= 0;
1106  con74.. (-0.00125) * x('327') -
1107  0.00125 * x('328') -
1108  x('728') +
1109  x('729') =e= 0;
1110  con75.. (-0.00125) * x('326') -
1111  0.00125 * x('327') -
1112  x('727') +
1113  x('728') =e= 0;
1114  con76.. (-0.00125) * x('325') -
1115  0.00125 * x('326') -
1116  x('726') +
1117  x('727') =e= 0;
1118  con77.. (-0.00125) * x('324') -
1119  0.00125 * x('325') -
1120  x('725') +
1121  x('726') =e= 0;
1122  con78.. (-0.00125) * x('323') -
1123  0.00125 * x('324') -
1124  x('724') +
1125  x('725') =e= 0;
1126  con79.. (-0.00125) * x('322') -
1127  0.00125 * x('323') -
1128  x('723') +
1129  x('724') =e= 0;
1130  con80.. (-0.00125) * x('321') -
1131  0.00125 * x('322') -
1132  x('722') +
1133  x('723') =e= 0;
1134  con81.. (-0.00125) * x('320') -
1135  0.00125 * x('321') -
1136  x('721') +
1137  x('722') =e= 0;
1138  con82.. (-0.00125) * x('319') -
1139  0.00125 * x('320') -
1140  x('720') +
1141  x('721') =e= 0;
1142  con83.. (-0.00125) * x('318') -
1143  0.00125 * x('319') -
1144  x('719') +
1145  x('720') =e= 0;
1146  con84.. (-0.00125) * x('317') -
1147  0.00125 * x('318') -
1148  x('718') +
1149  x('719') =e= 0;
1150  con85.. (-0.00125) * x('316') -
1151  0.00125 * x('317') -
1152  x('717') +
1153  x('718') =e= 0;
1154  con86.. (-0.00125) * x('315') -
1155  0.00125 * x('316') -
1156  x('716') +
1157  x('717') =e= 0;
1158  con87.. (-0.00125) * x('314') -
1159  0.00125 * x('315') -
1160  x('715') +
1161  x('716') =e= 0;
1162  con88.. (-0.00125) * x('313') -
1163  0.00125 * x('314') -
1164  x('714') +
1165  x('715') =e= 0;
1166  con89.. (-0.00125) * x('312') -
1167  0.00125 * x('313') -
1168  x('713') +
1169  x('714') =e= 0;
1170  con90.. (-0.00125) * x('311') -
1171  0.00125 * x('312') -
1172  x('712') +
1173  x('713') =e= 0;
1174  con91.. (-0.00125) * x('310') -
1175  0.00125 * x('311') -
1176  x('711') +
1177  x('712') =e= 0;
1178  con92.. (-0.00125) * x('309') -
1179  0.00125 * x('310') -
1180  x('710') +
1181  x('711') =e= 0;
1182  con93.. (-0.00125) * x('308') -
1183  0.00125 * x('309') -
1184  x('709') +
1185  x('710') =e= 0;
1186  con94.. (-0.00125) * x('307') -
1187  0.00125 * x('308') -
1188  x('708') +
1189  x('709') =e= 0;
1190  con95.. (-0.00125) * x('306') -
1191  0.00125 * x('307') -
1192  x('707') +
1193  x('708') =e= 0;
1194  con96.. (-0.00125) * x('305') -
1195  0.00125 * x('306') -
1196  x('706') +
1197  x('707') =e= 0;
1198  con97.. (-0.00125) * x('304') -
1199  0.00125 * x('305') -
1200  x('705') +
1201  x('706') =e= 0;
1202  con98.. (-0.00125) * x('303') -
1203  0.00125 * x('304') -
1204  x('704') +
1205  x('705') =e= 0;
1206  con99.. (-0.00125) * x('302') -
1207  0.00125 * x('303') -
1208  x('703') +
1209  x('704') =e= 0;
1210  con100.. (-0.00125) * x('301') -
1211  0.00125 * x('302') -
1212  x('702') +
1213  x('703') =e= 0;
1214  con101.. (-0.00125) * x('300') -
1215  0.00125 * x('301') -
1216  x('701') +
1217  x('702') =e= 0;
1218  con102.. (-0.00125) * x('299') -
1219  0.00125 * x('300') -
1220  x('700') +
1221  x('701') =e= 0;
1222  con103.. (-0.00125) * x('298') -
1223  0.00125 * x('299') -
1224  x('699') +
1225  x('700') =e= 0;
1226  con104.. (-0.00125) * x('297') -
1227  0.00125 * x('298') -
1228  x('698') +
1229  x('699') =e= 0;
1230  con105.. (-0.00125) * x('296') -
1231  0.00125 * x('297') -
1232  x('697') +
1233  x('698') =e= 0;
1234  con106.. (-0.00125) * x('295') -
1235  0.00125 * x('296') -
1236  x('696') +
1237  x('697') =e= 0;
1238  con107.. (-0.00125) * x('294') -
1239  0.00125 * x('295') -
1240  x('695') +
1241  x('696') =e= 0;
1242  con108.. (-0.00125) * x('293') -
1243  0.00125 * x('294') -
1244  x('694') +
1245  x('695') =e= 0;
1246  con109.. (-0.00125) * x('292') -
1247  0.00125 * x('293') -
1248  x('693') +
1249  x('694') =e= 0;
1250  con110.. (-0.00125) * x('291') -
1251  0.00125 * x('292') -
1252  x('692') +
1253  x('693') =e= 0;
1254  con111.. (-0.00125) * x('290') -
1255  0.00125 * x('291') -
1256  x('691') +
1257  x('692') =e= 0;
1258  con112.. (-0.00125) * x('289') -
1259  0.00125 * x('290') -
1260  x('690') +
1261  x('691') =e= 0;
1262  con113.. (-0.00125) * x('288') -
1263  0.00125 * x('289') -
1264  x('689') +
1265  x('690') =e= 0;
1266  con114.. (-0.00125) * x('287') -
1267  0.00125 * x('288') -
1268  x('688') +
1269  x('689') =e= 0;
1270  con115.. (-0.00125) * x('286') -
1271  0.00125 * x('287') -
1272  x('687') +
1273  x('688') =e= 0;
1274  con116.. (-0.00125) * x('285') -
1275  0.00125 * x('286') -
1276  x('686') +
1277  x('687') =e= 0;
1278  con117.. (-0.00125) * x('284') -
1279  0.00125 * x('285') -
1280  x('685') +
1281  x('686') =e= 0;
1282  con118.. (-0.00125) * x('283') -
1283  0.00125 * x('284') -
1284  x('684') +
1285  x('685') =e= 0;
1286  con119.. (-0.00125) * x('282') -
1287  0.00125 * x('283') -
1288  x('683') +
1289  x('684') =e= 0;
1290  con120.. (-0.00125) * x('281') -
1291  0.00125 * x('282') -
1292  x('682') +
1293  x('683') =e= 0;
1294  con121.. (-0.00125) * x('280') -
1295  0.00125 * x('281') -
1296  x('681') +
1297  x('682') =e= 0;
1298  con122.. (-0.00125) * x('279') -
1299  0.00125 * x('280') -
1300  x('680') +
1301  x('681') =e= 0;
1302  con123.. (-0.00125) * x('278') -
1303  0.00125 * x('279') -
1304  x('679') +
1305  x('680') =e= 0;
1306  con124.. (-0.00125) * x('277') -
1307  0.00125 * x('278') -
1308  x('678') +
1309  x('679') =e= 0;
1310  con125.. (-0.00125) * x('276') -
1311  0.00125 * x('277') -
1312  x('677') +
1313  x('678') =e= 0;
1314  con126.. (-0.00125) * x('275') -
1315  0.00125 * x('276') -
1316  x('676') +
1317  x('677') =e= 0;
1318  con127.. (-0.00125) * x('274') -
1319  0.00125 * x('275') -
1320  x('675') +
1321  x('676') =e= 0;
1322  con128.. (-0.00125) * x('273') -
1323  0.00125 * x('274') -
1324  x('674') +
1325  x('675') =e= 0;
1326  con129.. (-0.00125) * x('272') -
1327  0.00125 * x('273') -
1328  x('673') +
1329  x('674') =e= 0;
1330  con130.. (-0.00125) * x('271') -
1331  0.00125 * x('272') -
1332  x('672') +
1333  x('673') =e= 0;
1334  con131.. (-0.00125) * x('270') -
1335  0.00125 * x('271') -
1336  x('671') +
1337  x('672') =e= 0;
1338  con132.. (-0.00125) * x('269') -
1339  0.00125 * x('270') -
1340  x('670') +
1341  x('671') =e= 0;
1342  con133.. (-0.00125) * x('268') -
1343  0.00125 * x('269') -
1344  x('669') +
1345  x('670') =e= 0;
1346  con134.. (-0.00125) * x('267') -
1347  0.00125 * x('268') -
1348  x('668') +
1349  x('669') =e= 0;
1350  con135.. (-0.00125) * x('266') -
1351  0.00125 * x('267') -
1352  x('667') +
1353  x('668') =e= 0;
1354  con136.. (-0.00125) * x('265') -
1355  0.00125 * x('266') -
1356  x('666') +
1357  x('667') =e= 0;
1358  con137.. (-0.00125) * x('264') -
1359  0.00125 * x('265') -
1360  x('665') +
1361  x('666') =e= 0;
1362  con138.. (-0.00125) * x('263') -
1363  0.00125 * x('264') -
1364  x('664') +
1365  x('665') =e= 0;
1366  con139.. (-0.00125) * x('262') -
1367  0.00125 * x('263') -
1368  x('663') +
1369  x('664') =e= 0;
1370  con140.. (-0.00125) * x('261') -
1371  0.00125 * x('262') -
1372  x('662') +
1373  x('663') =e= 0;
1374  con141.. (-0.00125) * x('260') -
1375  0.00125 * x('261') -
1376  x('661') +
1377  x('662') =e= 0;
1378  con142.. (-0.00125) * x('259') -
1379  0.00125 * x('260') -
1380  x('660') +
1381  x('661') =e= 0;
1382  con143.. (-0.00125) * x('258') -
1383  0.00125 * x('259') -
1384  x('659') +
1385  x('660') =e= 0;
1386  con144.. (-0.00125) * x('257') -
1387  0.00125 * x('258') -
1388  x('658') +
1389  x('659') =e= 0;
1390  con145.. (-0.00125) * x('256') -
1391  0.00125 * x('257') -
1392  x('657') +
1393  x('658') =e= 0;
1394  con146.. (-0.00125) * x('255') -
1395  0.00125 * x('256') -
1396  x('656') +
1397  x('657') =e= 0;
1398  con147.. (-0.00125) * x('254') -
1399  0.00125 * x('255') -
1400  x('655') +
1401  x('656') =e= 0;
1402  con148.. (-0.00125) * x('253') -
1403  0.00125 * x('254') -
1404  x('654') +
1405  x('655') =e= 0;
1406  con149.. (-0.00125) * x('252') -
1407  0.00125 * x('253') -
1408  x('653') +
1409  x('654') =e= 0;
1410  con150.. (-0.00125) * x('251') -
1411  0.00125 * x('252') -
1412  x('652') +
1413  x('653') =e= 0;
1414  con151.. (-0.00125) * x('250') -
1415  0.00125 * x('251') -
1416  x('651') +
1417  x('652') =e= 0;
1418  con152.. (-0.00125) * x('249') -
1419  0.00125 * x('250') -
1420  x('650') +
1421  x('651') =e= 0;
1422  con153.. (-0.00125) * x('248') -
1423  0.00125 * x('249') -
1424  x('649') +
1425  x('650') =e= 0;
1426  con154.. (-0.00125) * x('247') -
1427  0.00125 * x('248') -
1428  x('648') +
1429  x('649') =e= 0;
1430  con155.. (-0.00125) * x('246') -
1431  0.00125 * x('247') -
1432  x('647') +
1433  x('648') =e= 0;
1434  con156.. (-0.00125) * x('245') -
1435  0.00125 * x('246') -
1436  x('646') +
1437  x('647') =e= 0;
1438  con157.. (-0.00125) * x('244') -
1439  0.00125 * x('245') -
1440  x('645') +
1441  x('646') =e= 0;
1442  con158.. (-0.00125) * x('243') -
1443  0.00125 * x('244') -
1444  x('644') +
1445  x('645') =e= 0;
1446  con159.. (-0.00125) * x('242') -
1447  0.00125 * x('243') -
1448  x('643') +
1449  x('644') =e= 0;
1450  con160.. (-0.00125) * x('241') -
1451  0.00125 * x('242') -
1452  x('642') +
1453  x('643') =e= 0;
1454  con161.. (-0.00125) * x('240') -
1455  0.00125 * x('241') -
1456  x('641') +
1457  x('642') =e= 0;
1458  con162.. (-0.00125) * x('239') -
1459  0.00125 * x('240') -
1460  x('640') +
1461  x('641') =e= 0;
1462  con163.. (-0.00125) * x('238') -
1463  0.00125 * x('239') -
1464  x('639') +
1465  x('640') =e= 0;
1466  con164.. (-0.00125) * x('237') -
1467  0.00125 * x('238') -
1468  x('638') +
1469  x('639') =e= 0;
1470  con165.. (-0.00125) * x('236') -
1471  0.00125 * x('237') -
1472  x('637') +
1473  x('638') =e= 0;
1474  con166.. (-0.00125) * x('235') -
1475  0.00125 * x('236') -
1476  x('636') +
1477  x('637') =e= 0;
1478  con167.. (-0.00125) * x('234') -
1479  0.00125 * x('235') -
1480  x('635') +
1481  x('636') =e= 0;
1482  con168.. (-0.00125) * x('233') -
1483  0.00125 * x('234') -
1484  x('634') +
1485  x('635') =e= 0;
1486  con169.. (-0.00125) * x('232') -
1487  0.00125 * x('233') -
1488  x('633') +
1489  x('634') =e= 0;
1490  con170.. (-0.00125) * x('231') -
1491  0.00125 * x('232') -
1492  x('632') +
1493  x('633') =e= 0;
1494  con171.. (-0.00125) * x('230') -
1495  0.00125 * x('231') -
1496  x('631') +
1497  x('632') =e= 0;
1498  con172.. (-0.00125) * x('229') -
1499  0.00125 * x('230') -
1500  x('630') +
1501  x('631') =e= 0;
1502  con173.. (-0.00125) * x('228') -
1503  0.00125 * x('229') -
1504  x('629') +
1505  x('630') =e= 0;
1506  con174.. (-0.00125) * x('227') -
1507  0.00125 * x('228') -
1508  x('628') +
1509  x('629') =e= 0;
1510  con175.. (-0.00125) * x('226') -
1511  0.00125 * x('227') -
1512  x('627') +
1513  x('628') =e= 0;
1514  con176.. (-0.00125) * x('225') -
1515  0.00125 * x('226') -
1516  x('626') +
1517  x('627') =e= 0;
1518  con177.. (-0.00125) * x('224') -
1519  0.00125 * x('225') -
1520  x('625') +
1521  x('626') =e= 0;
1522  con178.. (-0.00125) * x('223') -
1523  0.00125 * x('224') -
1524  x('624') +
1525  x('625') =e= 0;
1526  con179.. (-0.00125) * x('222') -
1527  0.00125 * x('223') -
1528  x('623') +
1529  x('624') =e= 0;
1530  con180.. (-0.00125) * x('221') -
1531  0.00125 * x('222') -
1532  x('622') +
1533  x('623') =e= 0;
1534  con181.. (-0.00125) * x('220') -
1535  0.00125 * x('221') -
1536  x('621') +
1537  x('622') =e= 0;
1538  con182.. (-0.00125) * x('219') -
1539  0.00125 * x('220') -
1540  x('620') +
1541  x('621') =e= 0;
1542  con183.. (-0.00125) * x('218') -
1543  0.00125 * x('219') -
1544  x('619') +
1545  x('620') =e= 0;
1546  con184.. (-0.00125) * x('217') -
1547  0.00125 * x('218') -
1548  x('618') +
1549  x('619') =e= 0;
1550  con185.. (-0.00125) * x('216') -
1551  0.00125 * x('217') -
1552  x('617') +
1553  x('618') =e= 0;
1554  con186.. (-0.00125) * x('215') -
1555  0.00125 * x('216') -
1556  x('616') +
1557  x('617') =e= 0;
1558  con187.. (-0.00125) * x('214') -
1559  0.00125 * x('215') -
1560  x('615') +
1561  x('616') =e= 0;
1562  con188.. (-0.00125) * x('213') -
1563  0.00125 * x('214') -
1564  x('614') +
1565  x('615') =e= 0;
1566  con189.. (-0.00125) * x('212') -
1567  0.00125 * x('213') -
1568  x('613') +
1569  x('614') =e= 0;
1570  con190.. (-0.00125) * x('211') -
1571  0.00125 * x('212') -
1572  x('612') +
1573  x('613') =e= 0;
1574  con191.. (-0.00125) * x('210') -
1575  0.00125 * x('211') -
1576  x('611') +
1577  x('612') =e= 0;
1578  con192.. (-0.00125) * x('209') -
1579  0.00125 * x('210') -
1580  x('610') +
1581  x('611') =e= 0;
1582  con193.. (-0.00125) * x('208') -
1583  0.00125 * x('209') -
1584  x('609') +
1585  x('610') =e= 0;
1586  con194.. (-0.00125) * x('207') -
1587  0.00125 * x('208') -
1588  x('608') +
1589  x('609') =e= 0;
1590  con195.. (-0.00125) * x('206') -
1591  0.00125 * x('207') -
1592  x('607') +
1593  x('608') =e= 0;
1594  con196.. (-0.00125) * x('205') -
1595  0.00125 * x('206') -
1596  x('606') +
1597  x('607') =e= 0;
1598  con197.. (-0.00125) * x('204') -
1599  0.00125 * x('205') -
1600  x('605') +
1601  x('606') =e= 0;
1602  con198.. (-0.00125) * x('203') -
1603  0.00125 * x('204') -
1604  x('604') +
1605  x('605') =e= 0;
1606  con199.. (-0.00125) * x('202') -
1607  0.00125 * x('203') -
1608  x('603') +
1609  x('604') =e= 0;
1610  con200.. (-0.00125) * x('201') -
1611  0.00125 * x('202') -
1612  x('602') +
1613  x('603') =e= 0;
1614  con201.. (-0.00125) * x('200') -
1615  0.00125 * x('201') -
1616  x('601') +
1617  x('602') =e= 0;
1618  con202.. (-0.00125) * x('199') -
1619  0.00125 * x('200') -
1620  x('600') +
1621  x('601') =e= 0;
1622  con203.. (-0.00125) * x('198') -
1623  0.00125 * x('199') -
1624  x('599') +
1625  x('600') =e= 0;
1626  con204.. (-0.00125) * x('197') -
1627  0.00125 * x('198') -
1628  x('598') +
1629  x('599') =e= 0;
1630  con205.. (-0.00125) * x('196') -
1631  0.00125 * x('197') -
1632  x('597') +
1633  x('598') =e= 0;
1634  con206.. (-0.00125) * x('195') -
1635  0.00125 * x('196') -
1636  x('596') +
1637  x('597') =e= 0;
1638  con207.. (-0.00125) * x('194') -
1639  0.00125 * x('195') -
1640  x('595') +
1641  x('596') =e= 0;
1642  con208.. (-0.00125) * x('193') -
1643  0.00125 * x('194') -
1644  x('594') +
1645  x('595') =e= 0;
1646  con209.. (-0.00125) * x('192') -
1647  0.00125 * x('193') -
1648  x('593') +
1649  x('594') =e= 0;
1650  con210.. (-0.00125) * x('191') -
1651  0.00125 * x('192') -
1652  x('592') +
1653  x('593') =e= 0;
1654  con211.. (-0.00125) * x('190') -
1655  0.00125 * x('191') -
1656  x('591') +
1657  x('592') =e= 0;
1658  con212.. (-0.00125) * x('189') -
1659  0.00125 * x('190') -
1660  x('590') +
1661  x('591') =e= 0;
1662  con213.. (-0.00125) * x('188') -
1663  0.00125 * x('189') -
1664  x('589') +
1665  x('590') =e= 0;
1666  con214.. (-0.00125) * x('187') -
1667  0.00125 * x('188') -
1668  x('588') +
1669  x('589') =e= 0;
1670  con215.. (-0.00125) * x('186') -
1671  0.00125 * x('187') -
1672  x('587') +
1673  x('588') =e= 0;
1674  con216.. (-0.00125) * x('185') -
1675  0.00125 * x('186') -
1676  x('586') +
1677  x('587') =e= 0;
1678  con217.. (-0.00125) * x('184') -
1679  0.00125 * x('185') -
1680  x('585') +
1681  x('586') =e= 0;
1682  con218.. (-0.00125) * x('183') -
1683  0.00125 * x('184') -
1684  x('584') +
1685  x('585') =e= 0;
1686  con219.. (-0.00125) * x('182') -
1687  0.00125 * x('183') -
1688  x('583') +
1689  x('584') =e= 0;
1690  con220.. (-0.00125) * x('181') -
1691  0.00125 * x('182') -
1692  x('582') +
1693  x('583') =e= 0;
1694  con221.. (-0.00125) * x('180') -
1695  0.00125 * x('181') -
1696  x('581') +
1697  x('582') =e= 0;
1698  con222.. (-0.00125) * x('179') -
1699  0.00125 * x('180') -
1700  x('580') +
1701  x('581') =e= 0;
1702  con223.. (-0.00125) * x('178') -
1703  0.00125 * x('179') -
1704  x('579') +
1705  x('580') =e= 0;
1706  con224.. (-0.00125) * x('177') -
1707  0.00125 * x('178') -
1708  x('578') +
1709  x('579') =e= 0;
1710  con225.. (-0.00125) * x('176') -
1711  0.00125 * x('177') -
1712  x('577') +
1713  x('578') =e= 0;
1714  con226.. (-0.00125) * x('175') -
1715  0.00125 * x('176') -
1716  x('576') +
1717  x('577') =e= 0;
1718  con227.. (-0.00125) * x('174') -
1719  0.00125 * x('175') -
1720  x('575') +
1721  x('576') =e= 0;
1722  con228.. (-0.00125) * x('173') -
1723  0.00125 * x('174') -
1724  x('574') +
1725  x('575') =e= 0;
1726  con229.. (-0.00125) * x('172') -
1727  0.00125 * x('173') -
1728  x('573') +
1729  x('574') =e= 0;
1730  con230.. (-0.00125) * x('171') -
1731  0.00125 * x('172') -
1732  x('572') +
1733  x('573') =e= 0;
1734  con231.. (-0.00125) * x('170') -
1735  0.00125 * x('171') -
1736  x('571') +
1737  x('572') =e= 0;
1738  con232.. (-0.00125) * x('169') -
1739  0.00125 * x('170') -
1740  x('570') +
1741  x('571') =e= 0;
1742  con233.. (-0.00125) * x('168') -
1743  0.00125 * x('169') -
1744  x('569') +
1745  x('570') =e= 0;
1746  con234.. (-0.00125) * x('167') -
1747  0.00125 * x('168') -
1748  x('568') +
1749  x('569') =e= 0;
1750  con235.. (-0.00125) * x('166') -
1751  0.00125 * x('167') -
1752  x('567') +
1753  x('568') =e= 0;
1754  con236.. (-0.00125) * x('165') -
1755  0.00125 * x('166') -
1756  x('566') +
1757  x('567') =e= 0;
1758  con237.. (-0.00125) * x('164') -
1759  0.00125 * x('165') -
1760  x('565') +
1761  x('566') =e= 0;
1762  con238.. (-0.00125) * x('163') -
1763  0.00125 * x('164') -
1764  x('564') +
1765  x('565') =e= 0;
1766  con239.. (-0.00125) * x('162') -
1767  0.00125 * x('163') -
1768  x('563') +
1769  x('564') =e= 0;
1770  con240.. (-0.00125) * x('161') -
1771  0.00125 * x('162') -
1772  x('562') +
1773  x('563') =e= 0;
1774  con241.. (-0.00125) * x('160') -
1775  0.00125 * x('161') -
1776  x('561') +
1777  x('562') =e= 0;
1778  con242.. (-0.00125) * x('159') -
1779  0.00125 * x('160') -
1780  x('560') +
1781  x('561') =e= 0;
1782  con243.. (-0.00125) * x('158') -
1783  0.00125 * x('159') -
1784  x('559') +
1785  x('560') =e= 0;
1786  con244.. (-0.00125) * x('157') -
1787  0.00125 * x('158') -
1788  x('558') +
1789  x('559') =e= 0;
1790  con245.. (-0.00125) * x('156') -
1791  0.00125 * x('157') -
1792  x('557') +
1793  x('558') =e= 0;
1794  con246.. (-0.00125) * x('155') -
1795  0.00125 * x('156') -
1796  x('556') +
1797  x('557') =e= 0;
1798  con247.. (-0.00125) * x('154') -
1799  0.00125 * x('155') -
1800  x('555') +
1801  x('556') =e= 0;
1802  con248.. (-0.00125) * x('153') -
1803  0.00125 * x('154') -
1804  x('554') +
1805  x('555') =e= 0;
1806  con249.. (-0.00125) * x('152') -
1807  0.00125 * x('153') -
1808  x('553') +
1809  x('554') =e= 0;
1810  con250.. (-0.00125) * x('151') -
1811  0.00125 * x('152') -
1812  x('552') +
1813  x('553') =e= 0;
1814  con251.. (-0.00125) * x('150') -
1815  0.00125 * x('151') -
1816  x('551') +
1817  x('552') =e= 0;
1818  con252.. (-0.00125) * x('149') -
1819  0.00125 * x('150') -
1820  x('550') +
1821  x('551') =e= 0;
1822  con253.. (-0.00125) * x('148') -
1823  0.00125 * x('149') -
1824  x('549') +
1825  x('550') =e= 0;
1826  con254.. (-0.00125) * x('147') -
1827  0.00125 * x('148') -
1828  x('548') +
1829  x('549') =e= 0;
1830  con255.. (-0.00125) * x('146') -
1831  0.00125 * x('147') -
1832  x('547') +
1833  x('548') =e= 0;
1834  con256.. (-0.00125) * x('145') -
1835  0.00125 * x('146') -
1836  x('546') +
1837  x('547') =e= 0;
1838  con257.. (-0.00125) * x('144') -
1839  0.00125 * x('145') -
1840  x('545') +
1841  x('546') =e= 0;
1842  con258.. (-0.00125) * x('143') -
1843  0.00125 * x('144') -
1844  x('544') +
1845  x('545') =e= 0;
1846  con259.. (-0.00125) * x('142') -
1847  0.00125 * x('143') -
1848  x('543') +
1849  x('544') =e= 0;
1850  con260.. (-0.00125) * x('141') -
1851  0.00125 * x('142') -
1852  x('542') +
1853  x('543') =e= 0;
1854  con261.. (-0.00125) * x('140') -
1855  0.00125 * x('141') -
1856  x('541') +
1857  x('542') =e= 0;
1858  con262.. (-0.00125) * x('139') -
1859  0.00125 * x('140') -
1860  x('540') +
1861  x('541') =e= 0;
1862  con263.. (-0.00125) * x('138') -
1863  0.00125 * x('139') -
1864  x('539') +
1865  x('540') =e= 0;
1866  con264.. (-0.00125) * x('137') -
1867  0.00125 * x('138') -
1868  x('538') +
1869  x('539') =e= 0;
1870  con265.. (-0.00125) * x('136') -
1871  0.00125 * x('137') -
1872  x('537') +
1873  x('538') =e= 0;
1874  con266.. (-0.00125) * x('135') -
1875  0.00125 * x('136') -
1876  x('536') +
1877  x('537') =e= 0;
1878  con267.. (-0.00125) * x('134') -
1879  0.00125 * x('135') -
1880  x('535') +
1881  x('536') =e= 0;
1882  con268.. (-0.00125) * x('133') -
1883  0.00125 * x('134') -
1884  x('534') +
1885  x('535') =e= 0;
1886  con269.. (-0.00125) * x('132') -
1887  0.00125 * x('133') -
1888  x('533') +
1889  x('534') =e= 0;
1890  con270.. (-0.00125) * x('131') -
1891  0.00125 * x('132') -
1892  x('532') +
1893  x('533') =e= 0;
1894  con271.. (-0.00125) * x('130') -
1895  0.00125 * x('131') -
1896  x('531') +
1897  x('532') =e= 0;
1898  con272.. (-0.00125) * x('129') -
1899  0.00125 * x('130') -
1900  x('530') +
1901  x('531') =e= 0;
1902  con273.. (-0.00125) * x('128') -
1903  0.00125 * x('129') -
1904  x('529') +
1905  x('530') =e= 0;
1906  con274.. (-0.00125) * x('127') -
1907  0.00125 * x('128') -
1908  x('528') +
1909  x('529') =e= 0;
1910  con275.. (-0.00125) * x('126') -
1911  0.00125 * x('127') -
1912  x('527') +
1913  x('528') =e= 0;
1914  con276.. (-0.00125) * x('125') -
1915  0.00125 * x('126') -
1916  x('526') +
1917  x('527') =e= 0;
1918  con277.. (-0.00125) * x('124') -
1919  0.00125 * x('125') -
1920  x('525') +
1921  x('526') =e= 0;
1922  con278.. (-0.00125) * x('123') -
1923  0.00125 * x('124') -
1924  x('524') +
1925  x('525') =e= 0;
1926  con279.. (-0.00125) * x('122') -
1927  0.00125 * x('123') -
1928  x('523') +
1929  x('524') =e= 0;
1930  con280.. (-0.00125) * x('121') -
1931  0.00125 * x('122') -
1932  x('522') +
1933  x('523') =e= 0;
1934  con281.. (-0.00125) * x('120') -
1935  0.00125 * x('121') -
1936  x('521') +
1937  x('522') =e= 0;
1938  con282.. (-0.00125) * x('119') -
1939  0.00125 * x('120') -
1940  x('520') +
1941  x('521') =e= 0;
1942  con283.. (-0.00125) * x('118') -
1943  0.00125 * x('119') -
1944  x('519') +
1945  x('520') =e= 0;
1946  con284.. (-0.00125) * x('117') -
1947  0.00125 * x('118') -
1948  x('518') +
1949  x('519') =e= 0;
1950  con285.. (-0.00125) * x('116') -
1951  0.00125 * x('117') -
1952  x('517') +
1953  x('518') =e= 0;
1954  con286.. (-0.00125) * x('115') -
1955  0.00125 * x('116') -
1956  x('516') +
1957  x('517') =e= 0;
1958  con287.. (-0.00125) * x('114') -
1959  0.00125 * x('115') -
1960  x('515') +
1961  x('516') =e= 0;
1962  con288.. (-0.00125) * x('113') -
1963  0.00125 * x('114') -
1964  x('514') +
1965  x('515') =e= 0;
1966  con289.. (-0.00125) * x('112') -
1967  0.00125 * x('113') -
1968  x('513') +
1969  x('514') =e= 0;
1970  con290.. (-0.00125) * x('111') -
1971  0.00125 * x('112') -
1972  x('512') +
1973  x('513') =e= 0;
1974  con291.. (-0.00125) * x('110') -
1975  0.00125 * x('111') -
1976  x('511') +
1977  x('512') =e= 0;
1978  con292.. (-0.00125) * x('109') -
1979  0.00125 * x('110') -
1980  x('510') +
1981  x('511') =e= 0;
1982  con293.. (-0.00125) * x('108') -
1983  0.00125 * x('109') -
1984  x('509') +
1985  x('510') =e= 0;
1986  con294.. (-0.00125) * x('107') -
1987  0.00125 * x('108') -
1988  x('508') +
1989  x('509') =e= 0;
1990  con295.. (-0.00125) * x('106') -
1991  0.00125 * x('107') -
1992  x('507') +
1993  x('508') =e= 0;
1994  con296.. (-0.00125) * x('105') -
1995  0.00125 * x('106') -
1996  x('506') +
1997  x('507') =e= 0;
1998  con297.. (-0.00125) * x('104') -
1999  0.00125 * x('105') -
2000  x('505') +
2001  x('506') =e= 0;
2002  con298.. (-0.00125) * x('103') -
2003  0.00125 * x('104') -
2004  x('504') +
2005  x('505') =e= 0;
2006  con299.. (-0.00125) * x('102') -
2007  0.00125 * x('103') -
2008  x('503') +
2009  x('504') =e= 0;
2010  con300.. (-0.00125) * x('101') -
2011  0.00125 * x('102') -
2012  x('502') +
2013  x('503') =e= 0;
2014  con301.. (-0.00125) * x('100') -
2015  0.00125 * x('101') -
2016  x('501') +
2017  x('502') =e= 0;
2018  con302.. (-0.00125) * x('99') -
2019  0.00125 * x('100') -
2020  x('500') +
2021  x('501') =e= 0;
2022  con303.. (-0.00125) * x('98') -
2023  0.00125 * x('99') -
2024  x('499') +
2025  x('500') =e= 0;
2026  con304.. (-0.00125) * x('97') -
2027  0.00125 * x('98') -
2028  x('498') +
2029  x('499') =e= 0;
2030  con305.. (-0.00125) * x('96') -
2031  0.00125 * x('97') -
2032  x('497') +
2033  x('498') =e= 0;
2034  con306.. (-0.00125) * x('95') -
2035  0.00125 * x('96') -
2036  x('496') +
2037  x('497') =e= 0;
2038  con307.. (-0.00125) * x('94') -
2039  0.00125 * x('95') -
2040  x('495') +
2041  x('496') =e= 0;
2042  con308.. (-0.00125) * x('93') -
2043  0.00125 * x('94') -
2044  x('494') +
2045  x('495') =e= 0;
2046  con309.. (-0.00125) * x('92') -
2047  0.00125 * x('93') -
2048  x('493') +
2049  x('494') =e= 0;
2050  con310.. (-0.00125) * x('91') -
2051  0.00125 * x('92') -
2052  x('492') +
2053  x('493') =e= 0;
2054  con311.. (-0.00125) * x('90') -
2055  0.00125 * x('91') -
2056  x('491') +
2057  x('492') =e= 0;
2058  con312.. (-0.00125) * x('89') -
2059  0.00125 * x('90') -
2060  x('490') +
2061  x('491') =e= 0;
2062  con313.. (-0.00125) * x('88') -
2063  0.00125 * x('89') -
2064  x('489') +
2065  x('490') =e= 0;
2066  con314.. (-0.00125) * x('87') -
2067  0.00125 * x('88') -
2068  x('488') +
2069  x('489') =e= 0;
2070  con315.. (-0.00125) * x('86') -
2071  0.00125 * x('87') -
2072  x('487') +
2073  x('488') =e= 0;
2074  con316.. (-0.00125) * x('85') -
2075  0.00125 * x('86') -
2076  x('486') +
2077  x('487') =e= 0;
2078  con317.. (-0.00125) * x('84') -
2079  0.00125 * x('85') -
2080  x('485') +
2081  x('486') =e= 0;
2082  con318.. (-0.00125) * x('83') -
2083  0.00125 * x('84') -
2084  x('484') +
2085  x('485') =e= 0;
2086  con319.. (-0.00125) * x('82') -
2087  0.00125 * x('83') -
2088  x('483') +
2089  x('484') =e= 0;
2090  con320.. (-0.00125) * x('81') -
2091  0.00125 * x('82') -
2092  x('482') +
2093  x('483') =e= 0;
2094  con321.. (-0.00125) * x('80') -
2095  0.00125 * x('81') -
2096  x('481') +
2097  x('482') =e= 0;
2098  con322.. (-0.00125) * x('79') -
2099  0.00125 * x('80') -
2100  x('480') +
2101  x('481') =e= 0;
2102  con323.. (-0.00125) * x('78') -
2103  0.00125 * x('79') -
2104  x('479') +
2105  x('480') =e= 0;
2106  con324.. (-0.00125) * x('77') -
2107  0.00125 * x('78') -
2108  x('478') +
2109  x('479') =e= 0;
2110  con325.. (-0.00125) * x('76') -
2111  0.00125 * x('77') -
2112  x('477') +
2113  x('478') =e= 0;
2114  con326.. (-0.00125) * x('75') -
2115  0.00125 * x('76') -
2116  x('476') +
2117  x('477') =e= 0;
2118  con327.. (-0.00125) * x('74') -
2119  0.00125 * x('75') -
2120  x('475') +
2121  x('476') =e= 0;
2122  con328.. (-0.00125) * x('73') -
2123  0.00125 * x('74') -
2124  x('474') +
2125  x('475') =e= 0;
2126  con329.. (-0.00125) * x('72') -
2127  0.00125 * x('73') -
2128  x('473') +
2129  x('474') =e= 0;
2130  con330.. (-0.00125) * x('71') -
2131  0.00125 * x('72') -
2132  x('472') +
2133  x('473') =e= 0;
2134  con331.. (-0.00125) * x('70') -
2135  0.00125 * x('71') -
2136  x('471') +
2137  x('472') =e= 0;
2138  con332.. (-0.00125) * x('69') -
2139  0.00125 * x('70') -
2140  x('470') +
2141  x('471') =e= 0;
2142  con333.. (-0.00125) * x('68') -
2143  0.00125 * x('69') -
2144  x('469') +
2145  x('470') =e= 0;
2146  con334.. (-0.00125) * x('67') -
2147  0.00125 * x('68') -
2148  x('468') +
2149  x('469') =e= 0;
2150  con335.. (-0.00125) * x('66') -
2151  0.00125 * x('67') -
2152  x('467') +
2153  x('468') =e= 0;
2154  con336.. (-0.00125) * x('65') -
2155  0.00125 * x('66') -
2156  x('466') +
2157  x('467') =e= 0;
2158  con337.. (-0.00125) * x('64') -
2159  0.00125 * x('65') -
2160  x('465') +
2161  x('466') =e= 0;
2162  con338.. (-0.00125) * x('63') -
2163  0.00125 * x('64') -
2164  x('464') +
2165  x('465') =e= 0;
2166  con339.. (-0.00125) * x('62') -
2167  0.00125 * x('63') -
2168  x('463') +
2169  x('464') =e= 0;
2170  con340.. (-0.00125) * x('61') -
2171  0.00125 * x('62') -
2172  x('462') +
2173  x('463') =e= 0;
2174  con341.. (-0.00125) * x('60') -
2175  0.00125 * x('61') -
2176  x('461') +
2177  x('462') =e= 0;
2178  con342.. (-0.00125) * x('59') -
2179  0.00125 * x('60') -
2180  x('460') +
2181  x('461') =e= 0;
2182  con343.. (-0.00125) * x('58') -
2183  0.00125 * x('59') -
2184  x('459') +
2185  x('460') =e= 0;
2186  con344.. (-0.00125) * x('57') -
2187  0.00125 * x('58') -
2188  x('458') +
2189  x('459') =e= 0;
2190  con345.. (-0.00125) * x('56') -
2191  0.00125 * x('57') -
2192  x('457') +
2193  x('458') =e= 0;
2194  con346.. (-0.00125) * x('55') -
2195  0.00125 * x('56') -
2196  x('456') +
2197  x('457') =e= 0;
2198  con347.. (-0.00125) * x('54') -
2199  0.00125 * x('55') -
2200  x('455') +
2201  x('456') =e= 0;
2202  con348.. (-0.00125) * x('53') -
2203  0.00125 * x('54') -
2204  x('454') +
2205  x('455') =e= 0;
2206  con349.. (-0.00125) * x('52') -
2207  0.00125 * x('53') -
2208  x('453') +
2209  x('454') =e= 0;
2210  con350.. (-0.00125) * x('51') -
2211  0.00125 * x('52') -
2212  x('452') +
2213  x('453') =e= 0;
2214  con351.. (-0.00125) * x('50') -
2215  0.00125 * x('51') -
2216  x('451') +
2217  x('452') =e= 0;
2218  con352.. (-0.00125) * x('49') -
2219  0.00125 * x('50') -
2220  x('450') +
2221  x('451') =e= 0;
2222  con353.. (-0.00125) * x('48') -
2223  0.00125 * x('49') -
2224  x('449') +
2225  x('450') =e= 0;
2226  con354.. (-0.00125) * x('47') -
2227  0.00125 * x('48') -
2228  x('448') +
2229  x('449') =e= 0;
2230  con355.. (-0.00125) * x('46') -
2231  0.00125 * x('47') -
2232  x('447') +
2233  x('448') =e= 0;
2234  con356.. (-0.00125) * x('45') -
2235  0.00125 * x('46') -
2236  x('446') +
2237  x('447') =e= 0;
2238  con357.. (-0.00125) * x('44') -
2239  0.00125 * x('45') -
2240  x('445') +
2241  x('446') =e= 0;
2242  con358.. (-0.00125) * x('43') -
2243  0.00125 * x('44') -
2244  x('444') +
2245  x('445') =e= 0;
2246  con359.. (-0.00125) * x('42') -
2247  0.00125 * x('43') -
2248  x('443') +
2249  x('444') =e= 0;
2250  con360.. (-0.00125) * x('41') -
2251  0.00125 * x('42') -
2252  x('442') +
2253  x('443') =e= 0;
2254  con361.. (-0.00125) * x('40') -
2255  0.00125 * x('41') -
2256  x('441') +
2257  x('442') =e= 0;
2258  con362.. (-0.00125) * x('39') -
2259  0.00125 * x('40') -
2260  x('440') +
2261  x('441') =e= 0;
2262  con363.. (-0.00125) * x('38') -
2263  0.00125 * x('39') -
2264  x('439') +
2265  x('440') =e= 0;
2266  con364.. (-0.00125) * x('37') -
2267  0.00125 * x('38') -
2268  x('438') +
2269  x('439') =e= 0;
2270  con365.. (-0.00125) * x('36') -
2271  0.00125 * x('37') -
2272  x('437') +
2273  x('438') =e= 0;
2274  con366.. (-0.00125) * x('35') -
2275  0.00125 * x('36') -
2276  x('436') +
2277  x('437') =e= 0;
2278  con367.. (-0.00125) * x('34') -
2279  0.00125 * x('35') -
2280  x('435') +
2281  x('436') =e= 0;
2282  con368.. (-0.00125) * x('33') -
2283  0.00125 * x('34') -
2284  x('434') +
2285  x('435') =e= 0;
2286  con369.. (-0.00125) * x('32') -
2287  0.00125 * x('33') -
2288  x('433') +
2289  x('434') =e= 0;
2290  con370.. (-0.00125) * x('31') -
2291  0.00125 * x('32') -
2292  x('432') +
2293  x('433') =e= 0;
2294  con371.. (-0.00125) * x('30') -
2295  0.00125 * x('31') -
2296  x('431') +
2297  x('432') =e= 0;
2298  con372.. (-0.00125) * x('29') -
2299  0.00125 * x('30') -
2300  x('430') +
2301  x('431') =e= 0;
2302  con373.. (-0.00125) * x('28') -
2303  0.00125 * x('29') -
2304  x('429') +
2305  x('430') =e= 0;
2306  con374.. (-0.00125) * x('27') -
2307  0.00125 * x('28') -
2308  x('428') +
2309  x('429') =e= 0;
2310  con375.. (-0.00125) * x('26') -
2311  0.00125 * x('27') -
2312  x('427') +
2313  x('428') =e= 0;
2314  con376.. (-0.00125) * x('25') -
2315  0.00125 * x('26') -
2316  x('426') +
2317  x('427') =e= 0;
2318  con377.. (-0.00125) * x('24') -
2319  0.00125 * x('25') -
2320  x('425') +
2321  x('426') =e= 0;
2322  con378.. (-0.00125) * x('23') -
2323  0.00125 * x('24') -
2324  x('424') +
2325  x('425') =e= 0;
2326  con379.. (-0.00125) * x('22') -
2327  0.00125 * x('23') -
2328  x('423') +
2329  x('424') =e= 0;
2330  con380.. (-0.00125) * x('21') -
2331  0.00125 * x('22') -
2332  x('422') +
2333  x('423') =e= 0;
2334  con381.. (-0.00125) * x('20') -
2335  0.00125 * x('21') -
2336  x('421') +
2337  x('422') =e= 0;
2338  con382.. (-0.00125) * x('19') -
2339  0.00125 * x('20') -
2340  x('420') +
2341  x('421') =e= 0;
2342  con383.. (-0.00125) * x('18') -
2343  0.00125 * x('19') -
2344  x('419') +
2345  x('420') =e= 0;
2346  con384.. (-0.00125) * x('17') -
2347  0.00125 * x('18') -
2348  x('418') +
2349  x('419') =e= 0;
2350  con385.. (-0.00125) * x('16') -
2351  0.00125 * x('17') -
2352  x('417') +
2353  x('418') =e= 0;
2354  con386.. (-0.00125) * x('15') -
2355  0.00125 * x('16') -
2356  x('416') +
2357  x('417') =e= 0;
2358  con387.. (-0.00125) * x('14') -
2359  0.00125 * x('15') -
2360  x('415') +
2361  x('416') =e= 0;
2362  con388.. (-0.00125) * x('13') -
2363  0.00125 * x('14') -
2364  x('414') +
2365  x('415') =e= 0;
2366  con389.. (-0.00125) * x('12') -
2367  0.00125 * x('13') -
2368  x('413') +
2369  x('414') =e= 0;
2370  con390.. (-0.00125) * x('11') -
2371  0.00125 * x('12') -
2372  x('412') +
2373  x('413') =e= 0;
2374  con391.. (-0.00125) * x('10') -
2375  0.00125 * x('11') -
2376  x('411') +
2377  x('412') =e= 0;
2378  con392.. (-0.00125) * x('9') -
2379  0.00125 * x('10') -
2380  x('410') +
2381  x('411') =e= 0;
2382  con393.. (-0.00125) * x('8') -
2383  0.00125 * x('9') -
2384  x('409') +
2385  x('410') =e= 0;
2386  con394.. (-0.00125) * x('7') -
2387  0.00125 * x('8') -
2388  x('408') +
2389  x('409') =e= 0;
2390  con395.. (-0.00125) * x('6') -
2391  0.00125 * x('7') -
2392  x('407') +
2393  x('408') =e= 0;
2394  con396.. (-0.00125) * x('5') -
2395  0.00125 * x('6') -
2396  x('406') +
2397  x('407') =e= 0;
2398  con397.. (-0.00125) * x('4') -
2399  0.00125 * x('5') -
2400  x('405') +
2401  x('406') =e= 0;
2402  con398.. (-0.00125) * x('3') -
2403  0.00125 * x('4') -
2404  x('404') +
2405  x('405') =e= 0;
2406  con399.. (-0.00125) * x('2') -
2407  0.00125 * x('3') -
2408  x('403') +
2409  x('404') =e= 0;
2410  con400.. (-0.00125) * x('1') -
2411  0.00125 * x('2') -
2412  x('402') +
2413  x('403') =e= 0;
2414  con401.. 0.00125 * sqrt(power(x('1'), 2) + 1) +
2415  0.0025000000000000001 * sqrt(power(x('2'), 2) + 1) +
2416  0.0025000000000000001 * sqrt(power(x('3'), 2) + 1) +
2417  0.0025000000000000001 * sqrt(power(x('4'), 2) + 1) +
2418  0.0025000000000000001 * sqrt(power(x('5'), 2) + 1) +
2419  0.0025000000000000001 * sqrt(power(x('6'), 2) + 1) +
2420  0.0025000000000000001 * sqrt(power(x('7'), 2) + 1) +
2421  0.0025000000000000001 * sqrt(power(x('8'), 2) + 1) +
2422  0.0025000000000000001 * sqrt(power(x('9'), 2) + 1) +
2423  0.0025000000000000001 * sqrt(power(x('10'), 2) + 1) +
2424  0.0025000000000000001 * sqrt(power(x('11'), 2) + 1) +
2425  0.0025000000000000001 * sqrt(power(x('12'), 2) + 1) +
2426  0.0025000000000000001 * sqrt(power(x('13'), 2) + 1) +
2427  0.0025000000000000001 * sqrt(power(x('14'), 2) + 1) +
2428  0.0025000000000000001 * sqrt(power(x('15'), 2) + 1) +
2429  0.0025000000000000001 * sqrt(power(x('16'), 2) + 1) +
2430  0.0025000000000000001 * sqrt(power(x('17'), 2) + 1) +
2431  0.0025000000000000001 * sqrt(power(x('18'), 2) + 1) +
2432  0.0025000000000000001 * sqrt(power(x('19'), 2) + 1) +
2433  0.0025000000000000001 * sqrt(power(x('20'), 2) + 1) +
2434  0.0025000000000000001 * sqrt(power(x('21'), 2) + 1) +
2435  0.0025000000000000001 * sqrt(power(x('22'), 2) + 1) +
2436  0.0025000000000000001 * sqrt(power(x('23'), 2) + 1) +
2437  0.0025000000000000001 * sqrt(power(x('24'), 2) + 1) +
2438  0.0025000000000000001 * sqrt(power(x('25'), 2) + 1) +
2439  0.0025000000000000001 * sqrt(power(x('26'), 2) + 1) +
2440  0.0025000000000000001 * sqrt(power(x('27'), 2) + 1) +
2441  0.0025000000000000001 * sqrt(power(x('28'), 2) + 1) +
2442  0.0025000000000000001 * sqrt(power(x('29'), 2) + 1) +
2443  0.0025000000000000001 * sqrt(power(x('30'), 2) + 1) +
2444  0.0025000000000000001 * sqrt(power(x('31'), 2) + 1) +
2445  0.0025000000000000001 * sqrt(power(x('32'), 2) + 1) +
2446  0.0025000000000000001 * sqrt(power(x('33'), 2) + 1) +
2447  0.0025000000000000001 * sqrt(power(x('34'), 2) + 1) +
2448  0.0025000000000000001 * sqrt(power(x('35'), 2) + 1) +
2449  0.0025000000000000001 * sqrt(power(x('36'), 2) + 1) +
2450  0.0025000000000000001 * sqrt(power(x('37'), 2) + 1) +
2451  0.0025000000000000001 * sqrt(power(x('38'), 2) + 1) +
2452  0.0025000000000000001 * sqrt(power(x('39'), 2) + 1) +
2453  0.0025000000000000001 * sqrt(power(x('40'), 2) + 1) +
2454  0.0025000000000000001 * sqrt(power(x('41'), 2) + 1) +
2455  0.0025000000000000001 * sqrt(power(x('42'), 2) + 1) +
2456  0.0025000000000000001 * sqrt(power(x('43'), 2) + 1) +
2457  0.0025000000000000001 * sqrt(power(x('44'), 2) + 1) +
2458  0.0025000000000000001 * sqrt(power(x('45'), 2) + 1) +
2459  0.0025000000000000001 * sqrt(power(x('46'), 2) + 1) +
2460  0.0025000000000000001 * sqrt(power(x('47'), 2) + 1) +
2461  0.0025000000000000001 * sqrt(power(x('48'), 2) + 1) +
2462  0.0025000000000000001 * sqrt(power(x('49'), 2) + 1) +
2463  0.0025000000000000001 * sqrt(power(x('50'), 2) + 1) +
2464  0.0025000000000000001 * sqrt(power(x('51'), 2) + 1) +
2465  0.0025000000000000001 * sqrt(power(x('52'), 2) + 1) +
2466  0.0025000000000000001 * sqrt(power(x('53'), 2) + 1) +
2467  0.0025000000000000001 * sqrt(power(x('54'), 2) + 1) +
2468  0.0025000000000000001 * sqrt(power(x('55'), 2) + 1) +
2469  0.0025000000000000001 * sqrt(power(x('56'), 2) + 1) +
2470  0.0025000000000000001 * sqrt(power(x('57'), 2) + 1) +
2471  0.0025000000000000001 * sqrt(power(x('58'), 2) + 1) +
2472  0.0025000000000000001 * sqrt(power(x('59'), 2) + 1) +
2473  0.0025000000000000001 * sqrt(power(x('60'), 2) + 1) +
2474  0.0025000000000000001 * sqrt(power(x('61'), 2) + 1) +
2475  0.0025000000000000001 * sqrt(power(x('62'), 2) + 1) +
2476  0.0025000000000000001 * sqrt(power(x('63'), 2) + 1) +
2477  0.0025000000000000001 * sqrt(power(x('64'), 2) + 1) +
2478  0.0025000000000000001 * sqrt(power(x('65'), 2) + 1) +
2479  0.0025000000000000001 * sqrt(power(x('66'), 2) + 1) +
2480  0.0025000000000000001 * sqrt(power(x('67'), 2) + 1) +
2481  0.0025000000000000001 * sqrt(power(x('68'), 2) + 1) +
2482  0.0025000000000000001 * sqrt(power(x('69'), 2) + 1) +
2483  0.0025000000000000001 * sqrt(power(x('70'), 2) + 1) +
2484  0.0025000000000000001 * sqrt(power(x('71'), 2) + 1) +
2485  0.0025000000000000001 * sqrt(power(x('72'), 2) + 1) +
2486  0.0025000000000000001 * sqrt(power(x('73'), 2) + 1) +
2487  0.0025000000000000001 * sqrt(power(x('74'), 2) + 1) +
2488  0.0025000000000000001 * sqrt(power(x('75'), 2) + 1) +
2489  0.0025000000000000001 * sqrt(power(x('76'), 2) + 1) +
2490  0.0025000000000000001 * sqrt(power(x('77'), 2) + 1) +
2491  0.0025000000000000001 * sqrt(power(x('78'), 2) + 1) +
2492  0.0025000000000000001 * sqrt(power(x('79'), 2) + 1) +
2493  0.0025000000000000001 * sqrt(power(x('80'), 2) + 1) +
2494  0.0025000000000000001 * sqrt(power(x('81'), 2) + 1) +
2495  0.0025000000000000001 * sqrt(power(x('82'), 2) + 1) +
2496  0.0025000000000000001 * sqrt(power(x('83'), 2) + 1) +
2497  0.0025000000000000001 * sqrt(power(x('84'), 2) + 1) +
2498  0.0025000000000000001 * sqrt(power(x('85'), 2) + 1) +
2499  0.0025000000000000001 * sqrt(power(x('86'), 2) + 1) +
2500  0.0025000000000000001 * sqrt(power(x('87'), 2) + 1) +
2501  0.0025000000000000001 * sqrt(power(x('88'), 2) + 1) +
2502  0.0025000000000000001 * sqrt(power(x('89'), 2) + 1) +
2503  0.0025000000000000001 * sqrt(power(x('90'), 2) + 1) +
2504  0.0025000000000000001 * sqrt(power(x('91'), 2) + 1) +
2505  0.0025000000000000001 * sqrt(power(x('92'), 2) + 1) +
2506  0.0025000000000000001 * sqrt(power(x('93'), 2) + 1) +
2507  0.0025000000000000001 * sqrt(power(x('94'), 2) + 1) +
2508  0.0025000000000000001 * sqrt(power(x('95'), 2) + 1) +
2509  0.0025000000000000001 * sqrt(power(x('96'), 2) + 1) +
2510  0.0025000000000000001 * sqrt(power(x('97'), 2) + 1) +
2511  0.0025000000000000001 * sqrt(power(x('98'), 2) + 1) +
2512  0.0025000000000000001 * sqrt(power(x('99'), 2) + 1) +
2513  0.0025000000000000001 * sqrt(power(x('100'), 2) + 1) +
2514  0.0025000000000000001 * sqrt(power(x('101'), 2) + 1) +
2515  0.0025000000000000001 * sqrt(power(x('102'), 2) + 1) +
2516  0.0025000000000000001 * sqrt(power(x('103'), 2) + 1) +
2517  0.0025000000000000001 * sqrt(power(x('104'), 2) + 1) +
2518  0.0025000000000000001 * sqrt(power(x('105'), 2) + 1) +
2519  0.0025000000000000001 * sqrt(power(x('106'), 2) + 1) +
2520  0.0025000000000000001 * sqrt(power(x('107'), 2) + 1) +
2521  0.0025000000000000001 * sqrt(power(x('108'), 2) + 1) +
2522  0.0025000000000000001 * sqrt(power(x('109'), 2) + 1) +
2523  0.0025000000000000001 * sqrt(power(x('110'), 2) + 1) +
2524  0.0025000000000000001 * sqrt(power(x('111'), 2) + 1) +
2525  0.0025000000000000001 * sqrt(power(x('112'), 2) + 1) +
2526  0.0025000000000000001 * sqrt(power(x('113'), 2) + 1) +
2527  0.0025000000000000001 * sqrt(power(x('114'), 2) + 1) +
2528  0.0025000000000000001 * sqrt(power(x('115'), 2) + 1) +
2529  0.0025000000000000001 * sqrt(power(x('116'), 2) + 1) +
2530  0.0025000000000000001 * sqrt(power(x('117'), 2) + 1) +
2531  0.0025000000000000001 * sqrt(power(x('118'), 2) + 1) +
2532  0.0025000000000000001 * sqrt(power(x('119'), 2) + 1) +
2533  0.0025000000000000001 * sqrt(power(x('120'), 2) + 1) +
2534  0.0025000000000000001 * sqrt(power(x('121'), 2) + 1) +
2535  0.0025000000000000001 * sqrt(power(x('122'), 2) + 1) +
2536  0.0025000000000000001 * sqrt(power(x('123'), 2) + 1) +
2537  0.0025000000000000001 * sqrt(power(x('124'), 2) + 1) +
2538  0.0025000000000000001 * sqrt(power(x('125'), 2) + 1) +
2539  0.0025000000000000001 * sqrt(power(x('126'), 2) + 1) +
2540  0.0025000000000000001 * sqrt(power(x('127'), 2) + 1) +
2541  0.0025000000000000001 * sqrt(power(x('128'), 2) + 1) +
2542  0.0025000000000000001 * sqrt(power(x('129'), 2) + 1) +
2543  0.0025000000000000001 * sqrt(power(x('130'), 2) + 1) +
2544  0.0025000000000000001 * sqrt(power(x('131'), 2) + 1) +
2545  0.0025000000000000001 * sqrt(power(x('132'), 2) + 1) +
2546  0.0025000000000000001 * sqrt(power(x('133'), 2) + 1) +
2547  0.0025000000000000001 * sqrt(power(x('134'), 2) + 1) +
2548  0.0025000000000000001 * sqrt(power(x('135'), 2) + 1) +
2549  0.0025000000000000001 * sqrt(power(x('136'), 2) + 1) +
2550  0.0025000000000000001 * sqrt(power(x('137'), 2) + 1) +
2551  0.0025000000000000001 * sqrt(power(x('138'), 2) + 1) +
2552  0.0025000000000000001 * sqrt(power(x('139'), 2) + 1) +
2553  0.0025000000000000001 * sqrt(power(x('140'), 2) + 1) +
2554  0.0025000000000000001 * sqrt(power(x('141'), 2) + 1) +
2555  0.0025000000000000001 * sqrt(power(x('142'), 2) + 1) +
2556  0.0025000000000000001 * sqrt(power(x('143'), 2) + 1) +
2557  0.0025000000000000001 * sqrt(power(x('144'), 2) + 1) +
2558  0.0025000000000000001 * sqrt(power(x('145'), 2) + 1) +
2559  0.0025000000000000001 * sqrt(power(x('146'), 2) + 1) +
2560  0.0025000000000000001 * sqrt(power(x('147'), 2) + 1) +
2561  0.0025000000000000001 * sqrt(power(x('148'), 2) + 1) +
2562  0.0025000000000000001 * sqrt(power(x('149'), 2) + 1) +
2563  0.0025000000000000001 * sqrt(power(x('150'), 2) + 1) +
2564  0.0025000000000000001 * sqrt(power(x('151'), 2) + 1) +
2565  0.0025000000000000001 * sqrt(power(x('152'), 2) + 1) +
2566  0.0025000000000000001 * sqrt(power(x('153'), 2) + 1) +
2567  0.0025000000000000001 * sqrt(power(x('154'), 2) + 1) +
2568  0.0025000000000000001 * sqrt(power(x('155'), 2) + 1) +
2569  0.0025000000000000001 * sqrt(power(x('156'), 2) + 1) +
2570  0.0025000000000000001 * sqrt(power(x('157'), 2) + 1) +
2571  0.0025000000000000001 * sqrt(power(x('158'), 2) + 1) +
2572  0.0025000000000000001 * sqrt(power(x('159'), 2) + 1) +
2573  0.0025000000000000001 * sqrt(power(x('160'), 2) + 1) +
2574  0.0025000000000000001 * sqrt(power(x('161'), 2) + 1) +
2575  0.0025000000000000001 * sqrt(power(x('162'), 2) + 1) +
2576  0.0025000000000000001 * sqrt(power(x('163'), 2) + 1) +
2577  0.0025000000000000001 * sqrt(power(x('164'), 2) + 1) +
2578  0.0025000000000000001 * sqrt(power(x('165'), 2) + 1) +
2579  0.0025000000000000001 * sqrt(power(x('166'), 2) + 1) +
2580  0.0025000000000000001 * sqrt(power(x('167'), 2) + 1) +
2581  0.0025000000000000001 * sqrt(power(x('168'), 2) + 1) +
2582  0.0025000000000000001 * sqrt(power(x('169'), 2) + 1) +
2583  0.0025000000000000001 * sqrt(power(x('170'), 2) + 1) +
2584  0.0025000000000000001 * sqrt(power(x('171'), 2) + 1) +
2585  0.0025000000000000001 * sqrt(power(x('172'), 2) + 1) +
2586  0.0025000000000000001 * sqrt(power(x('173'), 2) + 1) +
2587  0.0025000000000000001 * sqrt(power(x('174'), 2) + 1) +
2588  0.0025000000000000001 * sqrt(power(x('175'), 2) + 1) +
2589  0.0025000000000000001 * sqrt(power(x('176'), 2) + 1) +
2590  0.0025000000000000001 * sqrt(power(x('177'), 2) + 1) +
2591  0.0025000000000000001 * sqrt(power(x('178'), 2) + 1) +
2592  0.0025000000000000001 * sqrt(power(x('179'), 2) + 1) +
2593  0.0025000000000000001 * sqrt(power(x('180'), 2) + 1) +
2594  0.0025000000000000001 * sqrt(power(x('181'), 2) + 1) +
2595  0.0025000000000000001 * sqrt(power(x('182'), 2) + 1) +
2596  0.0025000000000000001 * sqrt(power(x('183'), 2) + 1) +
2597  0.0025000000000000001 * sqrt(power(x('184'), 2) + 1) +
2598  0.0025000000000000001 * sqrt(power(x('185'), 2) + 1) +
2599  0.0025000000000000001 * sqrt(power(x('186'), 2) + 1) +
2600  0.0025000000000000001 * sqrt(power(x('187'), 2) + 1) +
2601  0.0025000000000000001 * sqrt(power(x('188'), 2) + 1) +
2602  0.0025000000000000001 * sqrt(power(x('189'), 2) + 1) +
2603  0.0025000000000000001 * sqrt(power(x('190'), 2) + 1) +
2604  0.0025000000000000001 * sqrt(power(x('191'), 2) + 1) +
2605  0.0025000000000000001 * sqrt(power(x('192'), 2) + 1) +
2606  0.0025000000000000001 * sqrt(power(x('193'), 2) + 1) +
2607  0.0025000000000000001 * sqrt(power(x('194'), 2) + 1) +
2608  0.0025000000000000001 * sqrt(power(x('195'), 2) + 1) +
2609  0.0025000000000000001 * sqrt(power(x('196'), 2) + 1) +
2610  0.0025000000000000001 * sqrt(power(x('197'), 2) + 1) +
2611  0.0025000000000000001 * sqrt(power(x('198'), 2) + 1) +
2612  0.0025000000000000001 * sqrt(power(x('199'), 2) + 1) +
2613  0.0025000000000000001 * sqrt(power(x('200'), 2) + 1) +
2614  0.0025000000000000001 * sqrt(power(x('201'), 2) + 1) +
2615  0.0025000000000000001 * sqrt(power(x('202'), 2) + 1) +
2616  0.0025000000000000001 * sqrt(power(x('203'), 2) + 1) +
2617  0.0025000000000000001 * sqrt(power(x('204'), 2) + 1) +
2618  0.0025000000000000001 * sqrt(power(x('205'), 2) + 1) +
2619  0.0025000000000000001 * sqrt(power(x('206'), 2) + 1) +
2620  0.0025000000000000001 * sqrt(power(x('207'), 2) + 1) +
2621  0.0025000000000000001 * sqrt(power(x('208'), 2) + 1) +
2622  0.0025000000000000001 * sqrt(power(x('209'), 2) + 1) +
2623  0.0025000000000000001 * sqrt(power(x('210'), 2) + 1) +
2624  0.0025000000000000001 * sqrt(power(x('211'), 2) + 1) +
2625  0.0025000000000000001 * sqrt(power(x('212'), 2) + 1) +
2626  0.0025000000000000001 * sqrt(power(x('213'), 2) + 1) +
2627  0.0025000000000000001 * sqrt(power(x('214'), 2) + 1) +
2628  0.0025000000000000001 * sqrt(power(x('215'), 2) + 1) +
2629  0.0025000000000000001 * sqrt(power(x('216'), 2) + 1) +
2630  0.0025000000000000001 * sqrt(power(x('217'), 2) + 1) +
2631  0.0025000000000000001 * sqrt(power(x('218'), 2) + 1) +
2632  0.0025000000000000001 * sqrt(power(x('219'), 2) + 1) +
2633  0.0025000000000000001 * sqrt(power(x('220'), 2) + 1) +
2634  0.0025000000000000001 * sqrt(power(x('221'), 2) + 1) +
2635  0.0025000000000000001 * sqrt(power(x('222'), 2) + 1) +
2636  0.0025000000000000001 * sqrt(power(x('223'), 2) + 1) +
2637  0.0025000000000000001 * sqrt(power(x('224'), 2) + 1) +
2638  0.0025000000000000001 * sqrt(power(x('225'), 2) + 1) +
2639  0.0025000000000000001 * sqrt(power(x('226'), 2) + 1) +
2640  0.0025000000000000001 * sqrt(power(x('227'), 2) + 1) +
2641  0.0025000000000000001 * sqrt(power(x('228'), 2) + 1) +
2642  0.0025000000000000001 * sqrt(power(x('229'), 2) + 1) +
2643  0.0025000000000000001 * sqrt(power(x('230'), 2) + 1) +
2644  0.0025000000000000001 * sqrt(power(x('231'), 2) + 1) +
2645  0.0025000000000000001 * sqrt(power(x('232'), 2) + 1) +
2646  0.0025000000000000001 * sqrt(power(x('233'), 2) + 1) +
2647  0.0025000000000000001 * sqrt(power(x('234'), 2) + 1) +
2648  0.0025000000000000001 * sqrt(power(x('235'), 2) + 1) +
2649  0.0025000000000000001 * sqrt(power(x('236'), 2) + 1) +
2650  0.0025000000000000001 * sqrt(power(x('237'), 2) + 1) +
2651  0.0025000000000000001 * sqrt(power(x('238'), 2) + 1) +
2652  0.0025000000000000001 * sqrt(power(x('239'), 2) + 1) +
2653  0.0025000000000000001 * sqrt(power(x('240'), 2) + 1) +
2654  0.0025000000000000001 * sqrt(power(x('241'), 2) + 1) +
2655  0.0025000000000000001 * sqrt(power(x('242'), 2) + 1) +
2656  0.0025000000000000001 * sqrt(power(x('243'), 2) + 1) +
2657  0.0025000000000000001 * sqrt(power(x('244'), 2) + 1) +
2658  0.0025000000000000001 * sqrt(power(x('245'), 2) + 1) +
2659  0.0025000000000000001 * sqrt(power(x('246'), 2) + 1) +
2660  0.0025000000000000001 * sqrt(power(x('247'), 2) + 1) +
2661  0.0025000000000000001 * sqrt(power(x('248'), 2) + 1) +
2662  0.0025000000000000001 * sqrt(power(x('249'), 2) + 1) +
2663  0.0025000000000000001 * sqrt(power(x('250'), 2) + 1) +
2664  0.0025000000000000001 * sqrt(power(x('251'), 2) + 1) +
2665  0.0025000000000000001 * sqrt(power(x('252'), 2) + 1) +
2666  0.0025000000000000001 * sqrt(power(x('253'), 2) + 1) +
2667  0.0025000000000000001 * sqrt(power(x('254'), 2) + 1) +
2668  0.0025000000000000001 * sqrt(power(x('255'), 2) + 1) +
2669  0.0025000000000000001 * sqrt(power(x('256'), 2) + 1) +
2670  0.0025000000000000001 * sqrt(power(x('257'), 2) + 1) +
2671  0.0025000000000000001 * sqrt(power(x('258'), 2) + 1) +
2672  0.0025000000000000001 * sqrt(power(x('259'), 2) + 1) +
2673  0.0025000000000000001 * sqrt(power(x('260'), 2) + 1) +
2674  0.0025000000000000001 * sqrt(power(x('261'), 2) + 1) +
2675  0.0025000000000000001 * sqrt(power(x('262'), 2) + 1) +
2676  0.0025000000000000001 * sqrt(power(x('263'), 2) + 1) +
2677  0.0025000000000000001 * sqrt(power(x('264'), 2) + 1) +
2678  0.0025000000000000001 * sqrt(power(x('265'), 2) + 1) +
2679  0.0025000000000000001 * sqrt(power(x('266'), 2) + 1) +
2680  0.0025000000000000001 * sqrt(power(x('267'), 2) + 1) +
2681  0.0025000000000000001 * sqrt(power(x('268'), 2) + 1) +
2682  0.0025000000000000001 * sqrt(power(x('269'), 2) + 1) +
2683  0.0025000000000000001 * sqrt(power(x('270'), 2) + 1) +
2684  0.0025000000000000001 * sqrt(power(x('271'), 2) + 1) +
2685  0.0025000000000000001 * sqrt(power(x('272'), 2) + 1) +
2686  0.0025000000000000001 * sqrt(power(x('273'), 2) + 1) +
2687  0.0025000000000000001 * sqrt(power(x('274'), 2) + 1) +
2688  0.0025000000000000001 * sqrt(power(x('275'), 2) + 1) +
2689  0.0025000000000000001 * sqrt(power(x('276'), 2) + 1) +
2690  0.0025000000000000001 * sqrt(power(x('277'), 2) + 1) +
2691  0.0025000000000000001 * sqrt(power(x('278'), 2) + 1) +
2692  0.0025000000000000001 * sqrt(power(x('279'), 2) + 1) +
2693  0.0025000000000000001 * sqrt(power(x('280'), 2) + 1) +
2694  0.0025000000000000001 * sqrt(power(x('281'), 2) + 1) +
2695  0.0025000000000000001 * sqrt(power(x('282'), 2) + 1) +
2696  0.0025000000000000001 * sqrt(power(x('283'), 2) + 1) +
2697  0.0025000000000000001 * sqrt(power(x('284'), 2) + 1) +
2698  0.0025000000000000001 * sqrt(power(x('285'), 2) + 1) +
2699  0.0025000000000000001 * sqrt(power(x('286'), 2) + 1) +
2700  0.0025000000000000001 * sqrt(power(x('287'), 2) + 1) +
2701  0.0025000000000000001 * sqrt(power(x('288'), 2) + 1) +
2702  0.0025000000000000001 * sqrt(power(x('289'), 2) + 1) +
2703  0.0025000000000000001 * sqrt(power(x('290'), 2) + 1) +
2704  0.0025000000000000001 * sqrt(power(x('291'), 2) + 1) +
2705  0.0025000000000000001 * sqrt(power(x('292'), 2) + 1) +
2706  0.0025000000000000001 * sqrt(power(x('293'), 2) + 1) +
2707  0.0025000000000000001 * sqrt(power(x('294'), 2) + 1) +
2708  0.0025000000000000001 * sqrt(power(x('295'), 2) + 1) +
2709  0.0025000000000000001 * sqrt(power(x('296'), 2) + 1) +
2710  0.0025000000000000001 * sqrt(power(x('297'), 2) + 1) +
2711  0.0025000000000000001 * sqrt(power(x('298'), 2) + 1) +
2712  0.0025000000000000001 * sqrt(power(x('299'), 2) + 1) +
2713  0.0025000000000000001 * sqrt(power(x('300'), 2) + 1) +
2714  0.0025000000000000001 * sqrt(power(x('301'), 2) + 1) +
2715  0.0025000000000000001 * sqrt(power(x('302'), 2) + 1) +
2716  0.0025000000000000001 * sqrt(power(x('303'), 2) + 1) +
2717  0.0025000000000000001 * sqrt(power(x('304'), 2) + 1) +
2718  0.0025000000000000001 * sqrt(power(x('305'), 2) + 1) +
2719  0.0025000000000000001 * sqrt(power(x('306'), 2) + 1) +
2720  0.0025000000000000001 * sqrt(power(x('307'), 2) + 1) +
2721  0.0025000000000000001 * sqrt(power(x('308'), 2) + 1) +
2722  0.0025000000000000001 * sqrt(power(x('309'), 2) + 1) +
2723  0.0025000000000000001 * sqrt(power(x('310'), 2) + 1) +
2724  0.0025000000000000001 * sqrt(power(x('311'), 2) + 1) +
2725  0.0025000000000000001 * sqrt(power(x('312'), 2) + 1) +
2726  0.0025000000000000001 * sqrt(power(x('313'), 2) + 1) +
2727  0.0025000000000000001 * sqrt(power(x('314'), 2) + 1) +
2728  0.0025000000000000001 * sqrt(power(x('315'), 2) + 1) +
2729  0.0025000000000000001 * sqrt(power(x('316'), 2) + 1) +
2730  0.0025000000000000001 * sqrt(power(x('317'), 2) + 1) +
2731  0.0025000000000000001 * sqrt(power(x('318'), 2) + 1) +
2732  0.0025000000000000001 * sqrt(power(x('319'), 2) + 1) +
2733  0.0025000000000000001 * sqrt(power(x('320'), 2) + 1) +
2734  0.0025000000000000001 * sqrt(power(x('321'), 2) + 1) +
2735  0.0025000000000000001 * sqrt(power(x('322'), 2) + 1) +
2736  0.0025000000000000001 * sqrt(power(x('323'), 2) + 1) +
2737  0.0025000000000000001 * sqrt(power(x('324'), 2) + 1) +
2738  0.0025000000000000001 * sqrt(power(x('325'), 2) + 1) +
2739  0.0025000000000000001 * sqrt(power(x('326'), 2) + 1) +
2740  0.0025000000000000001 * sqrt(power(x('327'), 2) + 1) +
2741  0.0025000000000000001 * sqrt(power(x('328'), 2) + 1) +
2742  0.0025000000000000001 * sqrt(power(x('329'), 2) + 1) +
2743  0.0025000000000000001 * sqrt(power(x('330'), 2) + 1) +
2744  0.0025000000000000001 * sqrt(power(x('331'), 2) + 1) +
2745  0.0025000000000000001 * sqrt(power(x('332'), 2) + 1) +
2746  0.0025000000000000001 * sqrt(power(x('333'), 2) + 1) +
2747  0.0025000000000000001 * sqrt(power(x('334'), 2) + 1) +
2748  0.0025000000000000001 * sqrt(power(x('335'), 2) + 1) +
2749  0.0025000000000000001 * sqrt(power(x('336'), 2) + 1) +
2750  0.0025000000000000001 * sqrt(power(x('337'), 2) + 1) +
2751  0.0025000000000000001 * sqrt(power(x('338'), 2) + 1) +
2752  0.0025000000000000001 * sqrt(power(x('339'), 2) + 1) +
2753  0.0025000000000000001 * sqrt(power(x('340'), 2) + 1) +
2754  0.0025000000000000001 * sqrt(power(x('341'), 2) + 1) +
2755  0.0025000000000000001 * sqrt(power(x('342'), 2) + 1) +
2756  0.0025000000000000001 * sqrt(power(x('343'), 2) + 1) +
2757  0.0025000000000000001 * sqrt(power(x('344'), 2) + 1) +
2758  0.0025000000000000001 * sqrt(power(x('345'), 2) + 1) +
2759  0.0025000000000000001 * sqrt(power(x('346'), 2) + 1) +
2760  0.0025000000000000001 * sqrt(power(x('347'), 2) + 1) +
2761  0.0025000000000000001 * sqrt(power(x('348'), 2) + 1) +
2762  0.0025000000000000001 * sqrt(power(x('349'), 2) + 1) +
2763  0.0025000000000000001 * sqrt(power(x('350'), 2) + 1) +
2764  0.0025000000000000001 * sqrt(power(x('351'), 2) + 1) +
2765  0.0025000000000000001 * sqrt(power(x('352'), 2) + 1) +
2766  0.0025000000000000001 * sqrt(power(x('353'), 2) + 1) +
2767  0.0025000000000000001 * sqrt(power(x('354'), 2) + 1) +
2768  0.0025000000000000001 * sqrt(power(x('355'), 2) + 1) +
2769  0.0025000000000000001 * sqrt(power(x('356'), 2) + 1) +
2770  0.0025000000000000001 * sqrt(power(x('357'), 2) + 1) +
2771  0.0025000000000000001 * sqrt(power(x('358'), 2) + 1) +
2772  0.0025000000000000001 * sqrt(power(x('359'), 2) + 1) +
2773  0.0025000000000000001 * sqrt(power(x('360'), 2) + 1) +
2774  0.0025000000000000001 * sqrt(power(x('361'), 2) + 1) +
2775  0.0025000000000000001 * sqrt(power(x('362'), 2) + 1) +
2776  0.0025000000000000001 * sqrt(power(x('363'), 2) + 1) +
2777  0.0025000000000000001 * sqrt(power(x('364'), 2) + 1) +
2778  0.0025000000000000001 * sqrt(power(x('365'), 2) + 1) +
2779  0.0025000000000000001 * sqrt(power(x('366'), 2) + 1) +
2780  0.0025000000000000001 * sqrt(power(x('367'), 2) + 1) +
2781  0.0025000000000000001 * sqrt(power(x('368'), 2) + 1) +
2782  0.0025000000000000001 * sqrt(power(x('369'), 2) + 1) +
2783  0.0025000000000000001 * sqrt(power(x('370'), 2) + 1) +
2784  0.0025000000000000001 * sqrt(power(x('371'), 2) + 1) +
2785  0.0025000000000000001 * sqrt(power(x('372'), 2) + 1) +
2786  0.0025000000000000001 * sqrt(power(x('373'), 2) + 1) +
2787  0.0025000000000000001 * sqrt(power(x('374'), 2) + 1) +
2788  0.0025000000000000001 * sqrt(power(x('375'), 2) + 1) +
2789  0.0025000000000000001 * sqrt(power(x('376'), 2) + 1) +
2790  0.0025000000000000001 * sqrt(power(x('377'), 2) + 1) +
2791  0.0025000000000000001 * sqrt(power(x('378'), 2) + 1) +
2792  0.0025000000000000001 * sqrt(power(x('379'), 2) + 1) +
2793  0.0025000000000000001 * sqrt(power(x('380'), 2) + 1) +
2794  0.0025000000000000001 * sqrt(power(x('381'), 2) + 1) +
2795  0.0025000000000000001 * sqrt(power(x('382'), 2) + 1) +
2796  0.0025000000000000001 * sqrt(power(x('383'), 2) + 1) +
2797  0.0025000000000000001 * sqrt(power(x('384'), 2) + 1) +
2798  0.0025000000000000001 * sqrt(power(x('385'), 2) + 1) +
2799  0.0025000000000000001 * sqrt(power(x('386'), 2) + 1) +
2800  0.0025000000000000001 * sqrt(power(x('387'), 2) + 1) +
2801  0.0025000000000000001 * sqrt(power(x('388'), 2) + 1) +
2802  0.0025000000000000001 * sqrt(power(x('389'), 2) + 1) +
2803  0.0025000000000000001 * sqrt(power(x('390'), 2) + 1) +
2804  0.0025000000000000001 * sqrt(power(x('391'), 2) + 1) +
2805  0.0025000000000000001 * sqrt(power(x('392'), 2) + 1) +
2806  0.0025000000000000001 * sqrt(power(x('393'), 2) + 1) +
2807  0.0025000000000000001 * sqrt(power(x('394'), 2) + 1) +
2808  0.0025000000000000001 * sqrt(power(x('395'), 2) + 1) +
2809  0.0025000000000000001 * sqrt(power(x('396'), 2) + 1) +
2810  0.0025000000000000001 * sqrt(power(x('397'), 2) + 1) +
2811  0.0025000000000000001 * sqrt(power(x('398'), 2) + 1) +
2812  0.0025000000000000001 * sqrt(power(x('399'), 2) + 1) +
2813  0.0025000000000000001 * sqrt(power(x('400'), 2) + 1) +
2814  0.00125 * sqrt(power(x('401'), 2) + 1) =e= 4;
2815  x.lo('402')=1;
2816  x.up('402')=1;
2817  x.lo('802')=3;
2818  x.up('802')=3;
2819  Model m/All/;
2820  m.workspace = 32;
2821  m.optfile = 1;options nlp=convert;
2822  Solve m using nlp minimizing obj;
2823  display x.l, obj.l;
2824   
2825   
2826   


COMPILATION TIME     =        0.015 SECONDS      3 MB  53.5.1 f2e5fac3 WEX-WEI
GAMS 53.5.1  f2e5fac3 May 20, 2026          WEX-WEI x86 64bit/MS Windows - 06/14/26 21:49:35 Page 2
G e n e r a l   A l g e b r a i c   M o d e l i n g   S y s t e m
Equation Listing    SOLVE m Using NLP From line 2822


---- objcon  =E=  

objcon..  (0)*x(1) + (0)*x(2) + (0)*x(3) + (0)*x(4) + (0)*x(5) + (0)*x(6) + (0)*x(7) + (0)*x(8) + (0)*x(9) + (0)*x(10) + (0)*x(11) + (0)*x(12) + (0)*x(13) + (0)*x(14) + (0)*x(15) + (0)*x(16) + (0)*x(17) + (0)*x(18) + (0)*x(19) + (0)*x(20) + (0)*x(21) + (0)*x(22) + (0)*x(23) + (0)*x(24) + (0)*x(25) + (0)*x(26) + (0)*x(27) + (0)*x(28) + (0)*x(29) + (0)*x(30) + (0)*x(31) + (0)*x(32) + (0)*x(33) + (0)*x(34) + (0)*x(35) + (0)*x(36) + (0)*x(37) + (0)*x(38) + (0)*x(39) + (0)*x(40) + (0)*x(41) + (0)*x(42) + (0)*x(43) + (0)*x(44) + (0)*x(45) + (0)*x(46) + (0)*x(47) + (0)*x(48) + (0)*x(49) + (0)*x(50) + (0)*x(51) + (0)*x(52) + (0)*x(53) + (0)*x(54) + (0)*x(55) + (0)*x(56) + (0)*x(57) + (0)*x(58) + (0)*x(59) + (0)*x(60) + (0)*x(61) + (0)*x(62) + (0)*x(63) + (0)*x(64) + (0)*x(65) + (0)*x(66) + (0)*x(67) + (0)*x(68) + (0)*x(69) + (0)*x(70) + (0)*x(71) + (0)*x(72) + (0)*x(73) + (0)*x(74) + (0)*x(75) + (0)*x(76) + (0)*x(77) + (0)*x(78) + (0)*x(79) + (0)*x(80) + (0)*x(81) + (0)*x(82) + (0)*x(83) + (0)*x(84) + (0)*x(85) + (0)*x(86) + (0)*x(87) + (0)*x(88) + (0)*x(89) + (0)*x(90) + (0)*x(91) + (0)*x(92) + (0)*x(93) + (0)*x(94) + (0)*x(95) + (0)*x(96) + (0)*x(97) + (0)*x(98) + (0)*x(99) + (0)*x(100) + (0)*x(101) + (0)*x(102) + (0)*x(103) + (0)*x(104) + (0)*x(105) + (0)*x(106) + (0)*x(107) + (0)*x(108) + (0)*x(109) + (0)*x(110) + (0)*x(111) + (0)*x(112) + (0)*x(113) + (0)*x(114) + (0)*x(115) + (0)*x(116) + (0)*x(117) + (0)*x(118) + (0)*x(119) + (0)*x(120) + (0)*x(121) + (0)*x(122) + (0)*x(123) + (0)*x(124) + (0)*x(125) + (0)*x(126) + (0)*x(127) + (0)*x(128) + (0)*x(129) + (0)*x(130) + (0)*x(131) + (0)*x(132) + (0)*x(133) + (0)*x(134) + (0)*x(135) + (0)*x(136) + (0)*x(137) + (0)*x(138) + (0)*x(139) + (0)*x(140) + (0)*x(141) + (0)*x(142) + (0)*x(143) + (0)*x(144) + (0)*x(145) + (0)*x(146) + (0)*x(147) + (0)*x(148) + (0)*x(149) + (0)*x(150) + (0)*x(151) + (0)*x(152) + (0)*x(153) + (0)*x(154) + (0)*x(155) + (0)*x(156) + (0)*x(157) + (0)*x(158) + (0)*x(159) + (0)*x(160) + (0)*x(161) + (0)*x(162) + (0)*x(163) + (0)*x(164) + (0)*x(165) + (0)*x(166) + (0)*x(167) + (0)*x(168) + (0)*x(169) + (0)*x(170) + (0)*x(171) + (0)*x(172) + (0)*x(173) + (0)*x(174) + (0)*x(175) + (0)*x(176) + (0)*x(177) + (0)*x(178) + (0)*x(179) + (0)*x(180) + (0)*x(181) + (0)*x(182) + (0)*x(183) + (0)*x(184) + (0)*x(185) + (0)*x(186) + (0)*x(187) + (0)*x(188) + (0)*x(189) + (0)*x(190) + (0)*x(191) + (0)*x(192) + (0)*x(193) + (0)*x(194) + (0)*x(195) + (0)*x(196) + (0)*x(197) + (0)*x(198) + (0)*x(199) + (0)*x(200) + (0)*x(201) + (0)*x(202) + (0)*x(203) + (0)*x(204) + (0)*x(205) + (0)*x(206) + (0)*x(207) + (0)*x(208) + (0)*x(209) + (0)*x(210) + (0)*x(211) + (0)*x(212) + (0)*x(213) + (0)*x(214) + (0)*x(215) + (0)*x(216) + (0)*x(217) + (0)*x(218) + (0)*x(219) + (0)*x(220) + (0)*x(221) + (0)*x(222) + (0)*x(223) + (0)*x(224) + (0)*x(225) + (0)*x(226) + (0)*x(227) + (0)*x(228) + (0)*x(229) + (0)*x(230) + (0)*x(231) + (0)*x(232) + (0)*x(233) + (0)*x(234) + (0)*x(235) + (0)*x(236) + (0)*x(237) + (0)*x(238) + (0)*x(239) + (0)*x(240) + (0)*x(241) + (0)*x(242) + (0)*x(243) + (0)*x(244) + (0)*x(245) + (0)*x(246) + (0)*x(247) + (0)*x(248) + (0)*x(249) + (0)*x(250) + (0)*x(251) + (0)*x(252) + (0)*x(253) + (0)*x(254) + (0)*x(255) + (0)*x(256) + (0)*x(257) + (0)*x(258) + (0)*x(259) + (0)*x(260) + (0)*x(261) + (0)*x(262) + (0)*x(263) + (0)*x(264) + (0)*x(265) + (0)*x(266) + (0)*x(267) + (0)*x(268) + (0)*x(269) + (0)*x(270) + (0)*x(271) + (0)*x(272) + (0)*x(273) + (0)*x(274) + (0)*x(275) + (0)*x(276) + (0)*x(277) + (0)*x(278) + (0)*x(279) + (0)*x(280) + (0)*x(281) + (0)*x(282) + (0)*x(283) + (0)*x(284) + (0)*x(285) + (0)*x(286) + (0)*x(287) + (0)*x(288) + (0)*x(289) + (0)*x(290) + (0)*x(291) + (0)*x(292) + (0)*x(293) + (0)*x(294) + (0)*x(295) + (0)*x(296) + (0)*x(297) + (0)*x(298) + (0)*x(299) + (0)*x(300) + (0)*x(301) + (0)*x(302) + (0)*x(303) + (0)*x(304) + (0)*x(305) + (0)*x(306) + (0)*x(307) + (0)*x(308) + (0)*x(309) + (0)*x(310) + (0)*x(311) + (0)*x(312) + (0)*x(313) + (0)*x(314) + (0)*x(315) + (0)*x(316) + (0)*x(317) + (0)*x(318) + (0)*x(319) + (0)*x(320) + (0)*x(321) + (0)*x(322) + (0)*x(323) + (0)*x(324) + (0)*x(325) + (0)*x(326) + (0)*x(327) + (0)*x(328) + (0)*x(329) + (0)*x(330) + (0)*x(331) + (0)*x(332) + (0)*x(333) + (0)*x(334) + (0)*x(335) + (0)*x(336) + (0)*x(337) + (0)*x(338) + (0)*x(339) + (0)*x(340) + (0)*x(341) + (0)*x(342) + (0)*x(343) + (0)*x(344) + (0)*x(345) + (0)*x(346) + (0)*x(347) + (0)*x(348) + (0)*x(349) + (0)*x(350) + (0)*x(351) + (0)*x(352) + (0)*x(353) + (0)*x(354) + (0)*x(355) + (0)*x(356) + (0)*x(357) + (0)*x(358) + (0)*x(359) + (0)*x(360) + (0)*x(361) + (0)*x(362) + (0)*x(363) + (0)*x(364) + (0)*x(365) + (0)*x(366) + (0)*x(367) + (0)*x(368) + (0)*x(369) + (0)*x(370) + (0)*x(371) + (0)*x(372) + (0)*x(373) + (0)*x(374) + (0)*x(375) + (0)*x(376) + (0)*x(377) + (0)*x(378) + (0)*x(379) + (0)*x(380) + (0)*x(381) + (0)*x(382) + (0)*x(383) + (0)*x(384) + (0)*x(385) + (0)*x(386) + (0)*x(387) + (0)*x(388) + (0)*x(389) + (0)*x(390) + (0)*x(391) + (0)*x(392) + (0)*x(393) + (0)*x(394) + (0)*x(395) + (0)*x(396) + (0)*x(397) + (0)*x(398) + (0)*x(399) + (0)*x(400) + (0)*x(401) - (0.00125)*x(402) - (0.0025)*x(403) - (0.0025)*x(404) - (0.0025)*x(405) - (0.0025)*x(406) - (0.0025)*x(407) - (0.0025)*x(408) - (0.0025)*x(409) - (0.0025)*x(410) - (0.0025)*x(411) - (0.0025)*x(412) - (0.0025)*x(413) - (0.0025)*x(414) - (0.0025)*x(415) - (0.0025)*x(416) - (0.0025)*x(417) - (0.0025)*x(418) - (0.0025)*x(419) - (0.0025)*x(420) - (0.0025)*x(421) - (0.0025)*x(422) - (0.0025)*x(423) - (0.0025)*x(424) - (0.0025)*x(425) - (0.0025)*x(426) - (0.0025)*x(427) - (0.0025)*x(428) - (0.0025)*x(429) - (0.0025)*x(430) - (0.0025)*x(431) - (0.0025)*x(432) - (0.0025)*x(433) - (0.0025)*x(434) - (0.0025)*x(435) - (0.0025)*x(436) - (0.0025)*x(437) - (0.0025)*x(438) - (0.0025)*x(439) - (0.0025)*x(440) - (0.0025)*x(441) - (0.0025)*x(442) - (0.0025)*x(443) - (0.0025)*x(444) - (0.0025)*x(445) - (0.0025)*x(446) - (0.0025)*x(447) - (0.0025)*x(448) - (0.0025)*x(449) - (0.0025)*x(450) - (0.0025)*x(451) - (0.0025)*x(452) - (0.0025)*x(453) - (0.0025)*x(454) - (0.0025)*x(455) - (0.0025)*x(456) - (0.0025)*x(457) - (0.0025)*x(458) - (0.0025)*x(459) - (0.0025)*x(460) - (0.0025)*x(461) - (0.0025)*x(462) - (0.0025)*x(463) - (0.0025)*x(464) - (0.0025)*x(465) - (0.0025)*x(466) - (0.0025)*x(467) - (0.0025)*x(468) - (0.0025)*x(469) - (0.0025)*x(470) - (0.0025)*x(471) - (0.0025)*x(472) - (0.0025)*x(473) - (0.0025)*x(474) - (0.0025)*x(475) - (0.0025)*x(476) - (0.0025)*x(477) - (0.0025)*x(478) - (0.0025)*x(479) - (0.0025)*x(480) - (0.0025)*x(481) - (0.0025)*x(482) - (0.0025)*x(483) - (0.0025)*x(484) - (0.0025)*x(485) - (0.0025)*x(486) - (0.0025)*x(487) - (0.0025)*x(488) - (0.0025)*x(489) - (0.0025)*x(490) - (0.0025)*x(491) - (0.0025)*x(492) - (0.0025)*x(493) - (0.0025)*x(494) - (0.0025)*x(495) - (0.0025)*x(496) - (0.0025)*x(497) - (0.0025)*x(498) - (0.0025)*x(499) - (0.0025)*x(500) - (0.0025)*x(501) - (0.0025)*x(502) - (0.0025)*x(503) - (0.0025)*x(504) - (0.0025)*x(505) - (0.0025)*x(506) - (0.0025)*x(507) - (0.0025)*x(508) - (0.0025)*x(509) - (0.0025)*x(510) - (0.0025)*x(511) - (0.0025)*x(512) - (0.0025)*x(513) - (0.0025)*x(514) - (0.0025)*x(515) - (0.0025)*x(516) - (0.0025)*x(517) - (0.0025)*x(518) - (0.0025)*x(519) - (0.0025)*x(520) - (0.0025)*x(521) - (0.0025)*x(522) - (0.0025)*x(523) - (0.0025)*x(524) - (0.0025)*x(525) - (0.0025)*x(526) - (0.0025)*x(527) - (0.0025)*x(528) - (0.0025)*x(529) - (0.0025)*x(530) - (0.0025)*x(531) - (0.0025)*x(532) - (0.0025)*x(533) - (0.0025)*x(534) - (0.0025)*x(535) - (0.0025)*x(536) - (0.0025)*x(537) - (0.0025)*x(538) - (0.0025)*x(539) - (0.0025)*x(540) - (0.0025)*x(541) - (0.0025)*x(542) - (0.0025)*x(543) - (0.0025)*x(544) - (0.0025)*x(545) - (0.0025)*x(546) - (0.0025)*x(547) - (0.0025)*x(548) - (0.0025)*x(549) - (0.0025)*x(550) - (0.0025)*x(551) - (0.0025)*x(552) - (0.0025)*x(553) - (0.0025)*x(554) - (0.0025)*x(555) - (0.0025)*x(556) - (0.0025)*x(557) - (0.0025)*x(558) - (0.0025)*x(559) - (0.0025)*x(560) - (0.0025)*x(561) - (0.0025)*x(562) - (0.0025)*x(563) - (0.0025)*x(564) - (0.0025)*x(565) - (0.0025)*x(566) - (0.0025)*x(567) - (0.0025)*x(568) - (0.0025)*x(569) - (0.0025)*x(570) - (0.0025)*x(571) - (0.0025)*x(572) - (0.0025)*x(573) - (0.0025)*x(574) - (0.0025)*x(575) - (0.0025)*x(576) - (0.0025)*x(577) - (0.0025)*x(578) - (0.0025)*x(579) - (0.0025)*x(580) - (0.0025)*x(581) - (0.0025)*x(582) - (0.0025)*x(583) - (0.0025)*x(584) - (0.0025)*x(585) - (0.0025)*x(586) - (0.0025)*x(587) - (0.0025)*x(588) - (0.0025)*x(589) - (0.0025)*x(590) - (0.0025)*x(591) - (0.0025)*x(592) - (0.0025)*x(593) - (0.0025)*x(594) - (0.0025)*x(595) - (0.0025)*x(596) - (0.0025)*x(597) - (0.0025)*x(598) - (0.0025)*x(599) - (0.0025)*x(600) - (0.0025)*x(601) - (0.0025)*x(602) - (0.0025)*x(603) - (0.0025)*x(604) - (0.0025)*x(605) - (0.0025)*x(606) - (0.0025)*x(607) - (0.0025)*x(608) - (0.0025)*x(609) - (0.0025)*x(610) - (0.0025)*x(611) - (0.0025)*x(612) - (0.0025)*x(613) - (0.0025)*x(614) - (0.0025)*x(615) - (0.0025)*x(616) - (0.0025)*x(617) - (0.0025)*x(618) - (0.0025)*x(619) - (0.0025)*x(620) - (0.0025)*x(621) - (0.0025)*x(622) - (0.0025)*x(623) - (0.0025)*x(624) - (0.0025)*x(625) - (0.0025)*x(626) - (0.0025)*x(627) - (0.0025)*x(628) - (0.0025)*x(629) - (0.0025)*x(630) - (0.0025)*x(631) - (0.0025)*x(632) - (0.0025)*x(633) - (0.0025)*x(634) - (0.0025)*x(635) - (0.0025)*x(636) - (0.0025)*x(637) - (0.0025)*x(638) - (0.0025)*x(639) - (0.0025)*x(640) - (0.0025)*x(641) - (0.0025)*x(642) - (0.0025)*x(643) - (0.0025)*x(644) - (0.0025)*x(645) - (0.0025)*x(646) - (0.0025)*x(647) - (0.0025)*x(648) - (0.0025)*x(649) - (0.0025)*x(650) - (0.0025)*x(651) - (0.0025)*x(652) - (0.0025)*x(653) - (0.0025)*x(654) - (0.0025)*x(655) - (0.0025)*x(656) - (0.0025)*x(657) - (0.0025)*x(658) - (0.0025)*x(659) - (0.0025)*x(660) - (0.0025)*x(661) - (0.0025)*x(662) - (0.0025)*x(663) - (0.0025)*x(664) - (0.0025)*x(665) - (0.0025)*x(666) - (0.0025)*x(667) - (0.0025)*x(668) - (0.0025)*x(669) - (0.0025)*x(670) - (0.0025)*x(671) - (0.0025)*x(672) - (0.0025)*x(673) - (0.0025)*x(674) - (0.0025)*x(675) - (0.0025)*x(676) - (0.0025)*x(677) - (0.0025)*x(678) - (0.0025)*x(679) - (0.0025)*x(680) - (0.0025)*x(681) - (0.0025)*x(682) - (0.0025)*x(683) - (0.0025)*x(684) - (0.0025)*x(685) - (0.0025)*x(686) - (0.0025)*x(687) - (0.0025)*x(688) - (0.0025)*x(689) - (0.0025)*x(690) - (0.0025)*x(691) - (0.0025)*x(692) - (0.0025)*x(693) - (0.0025)*x(694) - (0.0025)*x(695) - (0.0025)*x(696) - (0.0025)*x(697) - (0.0025)*x(698) - (0.0025)*x(699) - (0.0025)*x(700) - (0.0025)*x(701) - (0.0025)*x(702) - (0.0025)*x(703) - (0.0025)*x(704) - (0.0025)*x(705) - (0.0025)*x(706) - (0.0025)*x(707) - (0.0025)*x(708) - (0.0025)*x(709) - (0.0025)*x(710) - (0.0025)*x(711) - (0.0025)*x(712) - (0.0025)*x(713) - (0.0025)*x(714) - (0.0025)*x(715) - (0.0025)*x(716) - (0.0025)*x(717) - (0.0025)*x(718) - (0.0025)*x(719) - (0.0025)*x(720) - (0.0025)*x(721) - (0.0025)*x(722) - (0.0025)*x(723) - (0.0025)*x(724) - (0.0025)*x(725) - (0.0025)*x(726) - (0.0025)*x(727) - (0.0025)*x(728) - (0.0025)*x(729) - (0.0025)*x(730) - (0.0025)*x(731) - (0.0025)*x(732) - (0.0025)*x(733) - (0.0025)*x(734) - (0.0025)*x(735) - (0.0025)*x(736) - (0.0025)*x(737) - (0.0025)*x(738) - (0.0025)*x(739) - (0.0025)*x(740) - (0.0025)*x(741) - (0.0025)*x(742) - (0.0025)*x(743) - (0.0025)*x(744) - (0.0025)*x(745) - (0.0025)*x(746) - (0.0025)*x(747) - (0.0025)*x(748) - (0.0025)*x(749) - (0.0025)*x(750) - (0.0025)*x(751) - (0.0025)*x(752) - (0.0025)*x(753) - (0.0025)*x(754) - (0.0025)*x(755) - (0.0025)*x(756) - (0.0025)*x(757) - (0.0025)*x(758) - (0.0025)*x(759) - (0.0025)*x(760) - (0.0025)*x(761) - (0.0025)*x(762) - (0.0025)*x(763) - (0.0025)*x(764) - (0.0025)*x(765) - (0.0025)*x(766) - (0.0025)*x(767) - (0.0025)*x(768) - (0.0025)*x(769) - (0.0025)*x(770) - (0.0025)*x(771) - (0.0025)*x(772) - (0.0025)*x(773) - (0.0025)*x(774) - (0.0025)*x(775) - (0.0025)*x(776) - (0.0025)*x(777) - (0.0025)*x(778) - (0.0025)*x(779) - (0.0025)*x(780) - (0.0025)*x(781) - (0.0025)*x(782) - (0.0025)*x(783) - (0.0025)*x(784) - (0.0025)*x(785) - (0.0025)*x(786) - (0.0025)*x(787) - (0.0025)*x(788) - (0.0025)*x(789) - (0.0025)*x(790) - (0.0025)*x(791) - (0.0025)*x(792) - (0.0025)*x(793) - (0.0025)*x(794) - (0.0025)*x(795) - (0.0025)*x(796) - (0.0025)*x(797) - (0.0025)*x(798) - (0.0025)*x(799) - (0.0025)*x(800) - (0.0025)*x(801) - (0.00125)*x(802) + obj =E= 0 ; (LHS = -0.005, INFES = 0.005 ****)
     

---- con1  =E=  

con1..  - 0.00125*x(400) - 0.00125*x(401) - x(801) + x(802) =E= 0 ; (LHS = 3, INFES = 3 ****)
     

---- con2  =E=  

con2..  - 0.00125*x(399) - 0.00125*x(400) - x(800) + x(801) =E= 0 ; (LHS = 0)
     

---- con3  =E=  

con3..  - 0.00125*x(398) - 0.00125*x(399) - x(799) + x(800) =E= 0 ; (LHS = 0)
     

---- con4  =E=  

con4..  - 0.00125*x(397) - 0.00125*x(398) - x(798) + x(799) =E= 0 ; (LHS = 0)
     

---- con5  =E=  

con5..  - 0.00125*x(396) - 0.00125*x(397) - x(797) + x(798) =E= 0 ; (LHS = 0)
     

---- con6  =E=  

con6..  - 0.00125*x(395) - 0.00125*x(396) - x(796) + x(797) =E= 0 ; (LHS = 0)
     

---- con7  =E=  

con7..  - 0.00125*x(394) - 0.00125*x(395) - x(795) + x(796) =E= 0 ; (LHS = 0)
     

---- con8  =E=  

con8..  - 0.00125*x(393) - 0.00125*x(394) - x(794) + x(795) =E= 0 ; (LHS = 0)
     

---- con9  =E=  

con9..  - 0.00125*x(392) - 0.00125*x(393) - x(793) + x(794) =E= 0 ; (LHS = 0)
     

---- con10  =E=  

con10..  - 0.00125*x(391) - 0.00125*x(392) - x(792) + x(793) =E= 0 ; (LHS = 0)
     

---- con11  =E=  

con11..  - 0.00125*x(390) - 0.00125*x(391) - x(791) + x(792) =E= 0 ; (LHS = 0)
     

---- con12  =E=  

con12..  - 0.00125*x(389) - 0.00125*x(390) - x(790) + x(791) =E= 0 ; (LHS = 0)
     

---- con13  =E=  

con13..  - 0.00125*x(388) - 0.00125*x(389) - x(789) + x(790) =E= 0 ; (LHS = 0)
     

---- con14  =E=  

con14..  - 0.00125*x(387) - 0.00125*x(388) - x(788) + x(789) =E= 0 ; (LHS = 0)
     

---- con15  =E=  

con15..  - 0.00125*x(386) - 0.00125*x(387) - x(787) + x(788) =E= 0 ; (LHS = 0)
     

---- con16  =E=  

con16..  - 0.00125*x(385) - 0.00125*x(386) - x(786) + x(787) =E= 0 ; (LHS = 0)
     

---- con17  =E=  

con17..  - 0.00125*x(384) - 0.00125*x(385) - x(785) + x(786) =E= 0 ; (LHS = 0)
     

---- con18  =E=  

con18..  - 0.00125*x(383) - 0.00125*x(384) - x(784) + x(785) =E= 0 ; (LHS = 0)
     

---- con19  =E=  

con19..  - 0.00125*x(382) - 0.00125*x(383) - x(783) + x(784) =E= 0 ; (LHS = 0)
     

---- con20  =E=  

con20..  - 0.00125*x(381) - 0.00125*x(382) - x(782) + x(783) =E= 0 ; (LHS = 0)
     

---- con21  =E=  

con21..  - 0.00125*x(380) - 0.00125*x(381) - x(781) + x(782) =E= 0 ; (LHS = 0)
     

---- con22  =E=  

con22..  - 0.00125*x(379) - 0.00125*x(380) - x(780) + x(781) =E= 0 ; (LHS = 0)
     

---- con23  =E=  

con23..  - 0.00125*x(378) - 0.00125*x(379) - x(779) + x(780) =E= 0 ; (LHS = 0)
     

---- con24  =E=  

con24..  - 0.00125*x(377) - 0.00125*x(378) - x(778) + x(779) =E= 0 ; (LHS = 0)
     

---- con25  =E=  

con25..  - 0.00125*x(376) - 0.00125*x(377) - x(777) + x(778) =E= 0 ; (LHS = 0)
     

---- con26  =E=  

con26..  - 0.00125*x(375) - 0.00125*x(376) - x(776) + x(777) =E= 0 ; (LHS = 0)
     

---- con27  =E=  

con27..  - 0.00125*x(374) - 0.00125*x(375) - x(775) + x(776) =E= 0 ; (LHS = 0)
     

---- con28  =E=  

con28..  - 0.00125*x(373) - 0.00125*x(374) - x(774) + x(775) =E= 0 ; (LHS = 0)
     

---- con29  =E=  

con29..  - 0.00125*x(372) - 0.00125*x(373) - x(773) + x(774) =E= 0 ; (LHS = 0)
     

---- con30  =E=  

con30..  - 0.00125*x(371) - 0.00125*x(372) - x(772) + x(773) =E= 0 ; (LHS = 0)
     

---- con31  =E=  

con31..  - 0.00125*x(370) - 0.00125*x(371) - x(771) + x(772) =E= 0 ; (LHS = 0)
     

---- con32  =E=  

con32..  - 0.00125*x(369) - 0.00125*x(370) - x(770) + x(771) =E= 0 ; (LHS = 0)
     

---- con33  =E=  

con33..  - 0.00125*x(368) - 0.00125*x(369) - x(769) + x(770) =E= 0 ; (LHS = 0)
     

---- con34  =E=  

con34..  - 0.00125*x(367) - 0.00125*x(368) - x(768) + x(769) =E= 0 ; (LHS = 0)
     

---- con35  =E=  

con35..  - 0.00125*x(366) - 0.00125*x(367) - x(767) + x(768) =E= 0 ; (LHS = 0)
     

---- con36  =E=  

con36..  - 0.00125*x(365) - 0.00125*x(366) - x(766) + x(767) =E= 0 ; (LHS = 0)
     

---- con37  =E=  

con37..  - 0.00125*x(364) - 0.00125*x(365) - x(765) + x(766) =E= 0 ; (LHS = 0)
     

---- con38  =E=  

con38..  - 0.00125*x(363) - 0.00125*x(364) - x(764) + x(765) =E= 0 ; (LHS = 0)
     

---- con39  =E=  

con39..  - 0.00125*x(362) - 0.00125*x(363) - x(763) + x(764) =E= 0 ; (LHS = 0)
     

---- con40  =E=  

con40..  - 0.00125*x(361) - 0.00125*x(362) - x(762) + x(763) =E= 0 ; (LHS = 0)
     

---- con41  =E=  

con41..  - 0.00125*x(360) - 0.00125*x(361) - x(761) + x(762) =E= 0 ; (LHS = 0)
     

---- con42  =E=  

con42..  - 0.00125*x(359) - 0.00125*x(360) - x(760) + x(761) =E= 0 ; (LHS = 0)
     

---- con43  =E=  

con43..  - 0.00125*x(358) - 0.00125*x(359) - x(759) + x(760) =E= 0 ; (LHS = 0)
     

---- con44  =E=  

con44..  - 0.00125*x(357) - 0.00125*x(358) - x(758) + x(759) =E= 0 ; (LHS = 0)
     

---- con45  =E=  

con45..  - 0.00125*x(356) - 0.00125*x(357) - x(757) + x(758) =E= 0 ; (LHS = 0)
     

---- con46  =E=  

con46..  - 0.00125*x(355) - 0.00125*x(356) - x(756) + x(757) =E= 0 ; (LHS = 0)
     

---- con47  =E=  

con47..  - 0.00125*x(354) - 0.00125*x(355) - x(755) + x(756) =E= 0 ; (LHS = 0)
     

---- con48  =E=  

con48..  - 0.00125*x(353) - 0.00125*x(354) - x(754) + x(755) =E= 0 ; (LHS = 0)
     

---- con49  =E=  

con49..  - 0.00125*x(352) - 0.00125*x(353) - x(753) + x(754) =E= 0 ; (LHS = 0)
     

---- con50  =E=  

con50..  - 0.00125*x(351) - 0.00125*x(352) - x(752) + x(753) =E= 0 ; (LHS = 0)
     

---- con51  =E=  

con51..  - 0.00125*x(350) - 0.00125*x(351) - x(751) + x(752) =E= 0 ; (LHS = 0)
     

---- con52  =E=  

con52..  - 0.00125*x(349) - 0.00125*x(350) - x(750) + x(751) =E= 0 ; (LHS = 0)
     

---- con53  =E=  

con53..  - 0.00125*x(348) - 0.00125*x(349) - x(749) + x(750) =E= 0 ; (LHS = 0)
     

---- con54  =E=  

con54..  - 0.00125*x(347) - 0.00125*x(348) - x(748) + x(749) =E= 0 ; (LHS = 0)
     

---- con55  =E=  

con55..  - 0.00125*x(346) - 0.00125*x(347) - x(747) + x(748) =E= 0 ; (LHS = 0)
     

---- con56  =E=  

con56..  - 0.00125*x(345) - 0.00125*x(346) - x(746) + x(747) =E= 0 ; (LHS = 0)
     

---- con57  =E=  

con57..  - 0.00125*x(344) - 0.00125*x(345) - x(745) + x(746) =E= 0 ; (LHS = 0)
     

---- con58  =E=  

con58..  - 0.00125*x(343) - 0.00125*x(344) - x(744) + x(745) =E= 0 ; (LHS = 0)
     

---- con59  =E=  

con59..  - 0.00125*x(342) - 0.00125*x(343) - x(743) + x(744) =E= 0 ; (LHS = 0)
     

---- con60  =E=  

con60..  - 0.00125*x(341) - 0.00125*x(342) - x(742) + x(743) =E= 0 ; (LHS = 0)
     

---- con61  =E=  

con61..  - 0.00125*x(340) - 0.00125*x(341) - x(741) + x(742) =E= 0 ; (LHS = 0)
     

---- con62  =E=  

con62..  - 0.00125*x(339) - 0.00125*x(340) - x(740) + x(741) =E= 0 ; (LHS = 0)
     

---- con63  =E=  

con63..  - 0.00125*x(338) - 0.00125*x(339) - x(739) + x(740) =E= 0 ; (LHS = 0)
     

---- con64  =E=  

con64..  - 0.00125*x(337) - 0.00125*x(338) - x(738) + x(739) =E= 0 ; (LHS = 0)
     

---- con65  =E=  

con65..  - 0.00125*x(336) - 0.00125*x(337) - x(737) + x(738) =E= 0 ; (LHS = 0)
     

---- con66  =E=  

con66..  - 0.00125*x(335) - 0.00125*x(336) - x(736) + x(737) =E= 0 ; (LHS = 0)
     

---- con67  =E=  

con67..  - 0.00125*x(334) - 0.00125*x(335) - x(735) + x(736) =E= 0 ; (LHS = 0)
     

---- con68  =E=  

con68..  - 0.00125*x(333) - 0.00125*x(334) - x(734) + x(735) =E= 0 ; (LHS = 0)
     

---- con69  =E=  

con69..  - 0.00125*x(332) - 0.00125*x(333) - x(733) + x(734) =E= 0 ; (LHS = 0)
     

---- con70  =E=  

con70..  - 0.00125*x(331) - 0.00125*x(332) - x(732) + x(733) =E= 0 ; (LHS = 0)
     

---- con71  =E=  

con71..  - 0.00125*x(330) - 0.00125*x(331) - x(731) + x(732) =E= 0 ; (LHS = 0)
     

---- con72  =E=  

con72..  - 0.00125*x(329) - 0.00125*x(330) - x(730) + x(731) =E= 0 ; (LHS = 0)
     

---- con73  =E=  

con73..  - 0.00125*x(328) - 0.00125*x(329) - x(729) + x(730) =E= 0 ; (LHS = 0)
     

---- con74  =E=  

con74..  - 0.00125*x(327) - 0.00125*x(328) - x(728) + x(729) =E= 0 ; (LHS = 0)
     

---- con75  =E=  

con75..  - 0.00125*x(326) - 0.00125*x(327) - x(727) + x(728) =E= 0 ; (LHS = 0)
     

---- con76  =E=  

con76..  - 0.00125*x(325) - 0.00125*x(326) - x(726) + x(727) =E= 0 ; (LHS = 0)
     

---- con77  =E=  

con77..  - 0.00125*x(324) - 0.00125*x(325) - x(725) + x(726) =E= 0 ; (LHS = 0)
     

---- con78  =E=  

con78..  - 0.00125*x(323) - 0.00125*x(324) - x(724) + x(725) =E= 0 ; (LHS = 0)
     

---- con79  =E=  

con79..  - 0.00125*x(322) - 0.00125*x(323) - x(723) + x(724) =E= 0 ; (LHS = 0)
     

---- con80  =E=  

con80..  - 0.00125*x(321) - 0.00125*x(322) - x(722) + x(723) =E= 0 ; (LHS = 0)
     

---- con81  =E=  

con81..  - 0.00125*x(320) - 0.00125*x(321) - x(721) + x(722) =E= 0 ; (LHS = 0)
     

---- con82  =E=  

con82..  - 0.00125*x(319) - 0.00125*x(320) - x(720) + x(721) =E= 0 ; (LHS = 0)
     

---- con83  =E=  

con83..  - 0.00125*x(318) - 0.00125*x(319) - x(719) + x(720) =E= 0 ; (LHS = 0)
     

---- con84  =E=  

con84..  - 0.00125*x(317) - 0.00125*x(318) - x(718) + x(719) =E= 0 ; (LHS = 0)
     

---- con85  =E=  

con85..  - 0.00125*x(316) - 0.00125*x(317) - x(717) + x(718) =E= 0 ; (LHS = 0)
     

---- con86  =E=  

con86..  - 0.00125*x(315) - 0.00125*x(316) - x(716) + x(717) =E= 0 ; (LHS = 0)
     

---- con87  =E=  

con87..  - 0.00125*x(314) - 0.00125*x(315) - x(715) + x(716) =E= 0 ; (LHS = 0)
     

---- con88  =E=  

con88..  - 0.00125*x(313) - 0.00125*x(314) - x(714) + x(715) =E= 0 ; (LHS = 0)
     

---- con89  =E=  

con89..  - 0.00125*x(312) - 0.00125*x(313) - x(713) + x(714) =E= 0 ; (LHS = 0)
     

---- con90  =E=  

con90..  - 0.00125*x(311) - 0.00125*x(312) - x(712) + x(713) =E= 0 ; (LHS = 0)
     

---- con91  =E=  

con91..  - 0.00125*x(310) - 0.00125*x(311) - x(711) + x(712) =E= 0 ; (LHS = 0)
     

---- con92  =E=  

con92..  - 0.00125*x(309) - 0.00125*x(310) - x(710) + x(711) =E= 0 ; (LHS = 0)
     

---- con93  =E=  

con93..  - 0.00125*x(308) - 0.00125*x(309) - x(709) + x(710) =E= 0 ; (LHS = 0)
     

---- con94  =E=  

con94..  - 0.00125*x(307) - 0.00125*x(308) - x(708) + x(709) =E= 0 ; (LHS = 0)
     

---- con95  =E=  

con95..  - 0.00125*x(306) - 0.00125*x(307) - x(707) + x(708) =E= 0 ; (LHS = 0)
     

---- con96  =E=  

con96..  - 0.00125*x(305) - 0.00125*x(306) - x(706) + x(707) =E= 0 ; (LHS = 0)
     

---- con97  =E=  

con97..  - 0.00125*x(304) - 0.00125*x(305) - x(705) + x(706) =E= 0 ; (LHS = 0)
     

---- con98  =E=  

con98..  - 0.00125*x(303) - 0.00125*x(304) - x(704) + x(705) =E= 0 ; (LHS = 0)
     

---- con99  =E=  

con99..  - 0.00125*x(302) - 0.00125*x(303) - x(703) + x(704) =E= 0 ; (LHS = 0)
     

---- con100  =E=  

con100..  - 0.00125*x(301) - 0.00125*x(302) - x(702) + x(703) =E= 0 ; (LHS = 0)
     

---- con101  =E=  

con101..  - 0.00125*x(300) - 0.00125*x(301) - x(701) + x(702) =E= 0 ; (LHS = 0)
     

---- con102  =E=  

con102..  - 0.00125*x(299) - 0.00125*x(300) - x(700) + x(701) =E= 0 ; (LHS = 0)
     

---- con103  =E=  

con103..  - 0.00125*x(298) - 0.00125*x(299) - x(699) + x(700) =E= 0 ; (LHS = 0)
     

---- con104  =E=  

con104..  - 0.00125*x(297) - 0.00125*x(298) - x(698) + x(699) =E= 0 ; (LHS = 0)
     

---- con105  =E=  

con105..  - 0.00125*x(296) - 0.00125*x(297) - x(697) + x(698) =E= 0 ; (LHS = 0)
     

---- con106  =E=  

con106..  - 0.00125*x(295) - 0.00125*x(296) - x(696) + x(697) =E= 0 ; (LHS = 0)
     

---- con107  =E=  

con107..  - 0.00125*x(294) - 0.00125*x(295) - x(695) + x(696) =E= 0 ; (LHS = 0)
     

---- con108  =E=  

con108..  - 0.00125*x(293) - 0.00125*x(294) - x(694) + x(695) =E= 0 ; (LHS = 0)
     

---- con109  =E=  

con109..  - 0.00125*x(292) - 0.00125*x(293) - x(693) + x(694) =E= 0 ; (LHS = 0)
     

---- con110  =E=  

con110..  - 0.00125*x(291) - 0.00125*x(292) - x(692) + x(693) =E= 0 ; (LHS = 0)
     

---- con111  =E=  

con111..  - 0.00125*x(290) - 0.00125*x(291) - x(691) + x(692) =E= 0 ; (LHS = 0)
     

---- con112  =E=  

con112..  - 0.00125*x(289) - 0.00125*x(290) - x(690) + x(691) =E= 0 ; (LHS = 0)
     

---- con113  =E=  

con113..  - 0.00125*x(288) - 0.00125*x(289) - x(689) + x(690) =E= 0 ; (LHS = 0)
     

---- con114  =E=  

con114..  - 0.00125*x(287) - 0.00125*x(288) - x(688) + x(689) =E= 0 ; (LHS = 0)
     

---- con115  =E=  

con115..  - 0.00125*x(286) - 0.00125*x(287) - x(687) + x(688) =E= 0 ; (LHS = 0)
     

---- con116  =E=  

con116..  - 0.00125*x(285) - 0.00125*x(286) - x(686) + x(687) =E= 0 ; (LHS = 0)
     

---- con117  =E=  

con117..  - 0.00125*x(284) - 0.00125*x(285) - x(685) + x(686) =E= 0 ; (LHS = 0)
     

---- con118  =E=  

con118..  - 0.00125*x(283) - 0.00125*x(284) - x(684) + x(685) =E= 0 ; (LHS = 0)
     

---- con119  =E=  

con119..  - 0.00125*x(282) - 0.00125*x(283) - x(683) + x(684) =E= 0 ; (LHS = 0)
     

---- con120  =E=  

con120..  - 0.00125*x(281) - 0.00125*x(282) - x(682) + x(683) =E= 0 ; (LHS = 0)
     

---- con121  =E=  

con121..  - 0.00125*x(280) - 0.00125*x(281) - x(681) + x(682) =E= 0 ; (LHS = 0)
     

---- con122  =E=  

con122..  - 0.00125*x(279) - 0.00125*x(280) - x(680) + x(681) =E= 0 ; (LHS = 0)
     

---- con123  =E=  

con123..  - 0.00125*x(278) - 0.00125*x(279) - x(679) + x(680) =E= 0 ; (LHS = 0)
     

---- con124  =E=  

con124..  - 0.00125*x(277) - 0.00125*x(278) - x(678) + x(679) =E= 0 ; (LHS = 0)
     

---- con125  =E=  

con125..  - 0.00125*x(276) - 0.00125*x(277) - x(677) + x(678) =E= 0 ; (LHS = 0)
     

---- con126  =E=  

con126..  - 0.00125*x(275) - 0.00125*x(276) - x(676) + x(677) =E= 0 ; (LHS = 0)
     

---- con127  =E=  

con127..  - 0.00125*x(274) - 0.00125*x(275) - x(675) + x(676) =E= 0 ; (LHS = 0)
     

---- con128  =E=  

con128..  - 0.00125*x(273) - 0.00125*x(274) - x(674) + x(675) =E= 0 ; (LHS = 0)
     

---- con129  =E=  

con129..  - 0.00125*x(272) - 0.00125*x(273) - x(673) + x(674) =E= 0 ; (LHS = 0)
     

---- con130  =E=  

con130..  - 0.00125*x(271) - 0.00125*x(272) - x(672) + x(673) =E= 0 ; (LHS = 0)
     

---- con131  =E=  

con131..  - 0.00125*x(270) - 0.00125*x(271) - x(671) + x(672) =E= 0 ; (LHS = 0)
     

---- con132  =E=  

con132..  - 0.00125*x(269) - 0.00125*x(270) - x(670) + x(671) =E= 0 ; (LHS = 0)
     

---- con133  =E=  

con133..  - 0.00125*x(268) - 0.00125*x(269) - x(669) + x(670) =E= 0 ; (LHS = 0)
     

---- con134  =E=  

con134..  - 0.00125*x(267) - 0.00125*x(268) - x(668) + x(669) =E= 0 ; (LHS = 0)
     

---- con135  =E=  

con135..  - 0.00125*x(266) - 0.00125*x(267) - x(667) + x(668) =E= 0 ; (LHS = 0)
     

---- con136  =E=  

con136..  - 0.00125*x(265) - 0.00125*x(266) - x(666) + x(667) =E= 0 ; (LHS = 0)
     

---- con137  =E=  

con137..  - 0.00125*x(264) - 0.00125*x(265) - x(665) + x(666) =E= 0 ; (LHS = 0)
     

---- con138  =E=  

con138..  - 0.00125*x(263) - 0.00125*x(264) - x(664) + x(665) =E= 0 ; (LHS = 0)
     

---- con139  =E=  

con139..  - 0.00125*x(262) - 0.00125*x(263) - x(663) + x(664) =E= 0 ; (LHS = 0)
     

---- con140  =E=  

con140..  - 0.00125*x(261) - 0.00125*x(262) - x(662) + x(663) =E= 0 ; (LHS = 0)
     

---- con141  =E=  

con141..  - 0.00125*x(260) - 0.00125*x(261) - x(661) + x(662) =E= 0 ; (LHS = 0)
     

---- con142  =E=  

con142..  - 0.00125*x(259) - 0.00125*x(260) - x(660) + x(661) =E= 0 ; (LHS = 0)
     

---- con143  =E=  

con143..  - 0.00125*x(258) - 0.00125*x(259) - x(659) + x(660) =E= 0 ; (LHS = 0)
     

---- con144  =E=  

con144..  - 0.00125*x(257) - 0.00125*x(258) - x(658) + x(659) =E= 0 ; (LHS = 0)
     

---- con145  =E=  

con145..  - 0.00125*x(256) - 0.00125*x(257) - x(657) + x(658) =E= 0 ; (LHS = 0)
     

---- con146  =E=  

con146..  - 0.00125*x(255) - 0.00125*x(256) - x(656) + x(657) =E= 0 ; (LHS = 0)
     

---- con147  =E=  

con147..  - 0.00125*x(254) - 0.00125*x(255) - x(655) + x(656) =E= 0 ; (LHS = 0)
     

---- con148  =E=  

con148..  - 0.00125*x(253) - 0.00125*x(254) - x(654) + x(655) =E= 0 ; (LHS = 0)
     

---- con149  =E=  

con149..  - 0.00125*x(252) - 0.00125*x(253) - x(653) + x(654) =E= 0 ; (LHS = 0)
     

---- con150  =E=  

con150..  - 0.00125*x(251) - 0.00125*x(252) - x(652) + x(653) =E= 0 ; (LHS = 0)
     

---- con151  =E=  

con151..  - 0.00125*x(250) - 0.00125*x(251) - x(651) + x(652) =E= 0 ; (LHS = 0)
     

---- con152  =E=  

con152..  - 0.00125*x(249) - 0.00125*x(250) - x(650) + x(651) =E= 0 ; (LHS = 0)
     

---- con153  =E=  

con153..  - 0.00125*x(248) - 0.00125*x(249) - x(649) + x(650) =E= 0 ; (LHS = 0)
     

---- con154  =E=  

con154..  - 0.00125*x(247) - 0.00125*x(248) - x(648) + x(649) =E= 0 ; (LHS = 0)
     

---- con155  =E=  

con155..  - 0.00125*x(246) - 0.00125*x(247) - x(647) + x(648) =E= 0 ; (LHS = 0)
     

---- con156  =E=  

con156..  - 0.00125*x(245) - 0.00125*x(246) - x(646) + x(647) =E= 0 ; (LHS = 0)
     

---- con157  =E=  

con157..  - 0.00125*x(244) - 0.00125*x(245) - x(645) + x(646) =E= 0 ; (LHS = 0)
     

---- con158  =E=  

con158..  - 0.00125*x(243) - 0.00125*x(244) - x(644) + x(645) =E= 0 ; (LHS = 0)
     

---- con159  =E=  

con159..  - 0.00125*x(242) - 0.00125*x(243) - x(643) + x(644) =E= 0 ; (LHS = 0)
     

---- con160  =E=  

con160..  - 0.00125*x(241) - 0.00125*x(242) - x(642) + x(643) =E= 0 ; (LHS = 0)
     

---- con161  =E=  

con161..  - 0.00125*x(240) - 0.00125*x(241) - x(641) + x(642) =E= 0 ; (LHS = 0)
     

---- con162  =E=  

con162..  - 0.00125*x(239) - 0.00125*x(240) - x(640) + x(641) =E= 0 ; (LHS = 0)
     

---- con163  =E=  

con163..  - 0.00125*x(238) - 0.00125*x(239) - x(639) + x(640) =E= 0 ; (LHS = 0)
     

---- con164  =E=  

con164..  - 0.00125*x(237) - 0.00125*x(238) - x(638) + x(639) =E= 0 ; (LHS = 0)
     

---- con165  =E=  

con165..  - 0.00125*x(236) - 0.00125*x(237) - x(637) + x(638) =E= 0 ; (LHS = 0)
     

---- con166  =E=  

con166..  - 0.00125*x(235) - 0.00125*x(236) - x(636) + x(637) =E= 0 ; (LHS = 0)
     

---- con167  =E=  

con167..  - 0.00125*x(234) - 0.00125*x(235) - x(635) + x(636) =E= 0 ; (LHS = 0)
     

---- con168  =E=  

con168..  - 0.00125*x(233) - 0.00125*x(234) - x(634) + x(635) =E= 0 ; (LHS = 0)
     

---- con169  =E=  

con169..  - 0.00125*x(232) - 0.00125*x(233) - x(633) + x(634) =E= 0 ; (LHS = 0)
     

---- con170  =E=  

con170..  - 0.00125*x(231) - 0.00125*x(232) - x(632) + x(633) =E= 0 ; (LHS = 0)
     

---- con171  =E=  

con171..  - 0.00125*x(230) - 0.00125*x(231) - x(631) + x(632) =E= 0 ; (LHS = 0)
     

---- con172  =E=  

con172..  - 0.00125*x(229) - 0.00125*x(230) - x(630) + x(631) =E= 0 ; (LHS = 0)
     

---- con173  =E=  

con173..  - 0.00125*x(228) - 0.00125*x(229) - x(629) + x(630) =E= 0 ; (LHS = 0)
     

---- con174  =E=  

con174..  - 0.00125*x(227) - 0.00125*x(228) - x(628) + x(629) =E= 0 ; (LHS = 0)
     

---- con175  =E=  

con175..  - 0.00125*x(226) - 0.00125*x(227) - x(627) + x(628) =E= 0 ; (LHS = 0)
     

---- con176  =E=  

con176..  - 0.00125*x(225) - 0.00125*x(226) - x(626) + x(627) =E= 0 ; (LHS = 0)
     

---- con177  =E=  

con177..  - 0.00125*x(224) - 0.00125*x(225) - x(625) + x(626) =E= 0 ; (LHS = 0)
     

---- con178  =E=  

con178..  - 0.00125*x(223) - 0.00125*x(224) - x(624) + x(625) =E= 0 ; (LHS = 0)
     

---- con179  =E=  

con179..  - 0.00125*x(222) - 0.00125*x(223) - x(623) + x(624) =E= 0 ; (LHS = 0)
     

---- con180  =E=  

con180..  - 0.00125*x(221) - 0.00125*x(222) - x(622) + x(623) =E= 0 ; (LHS = 0)
     

---- con181  =E=  

con181..  - 0.00125*x(220) - 0.00125*x(221) - x(621) + x(622) =E= 0 ; (LHS = 0)
     

---- con182  =E=  

con182..  - 0.00125*x(219) - 0.00125*x(220) - x(620) + x(621) =E= 0 ; (LHS = 0)
     

---- con183  =E=  

con183..  - 0.00125*x(218) - 0.00125*x(219) - x(619) + x(620) =E= 0 ; (LHS = 0)
     

---- con184  =E=  

con184..  - 0.00125*x(217) - 0.00125*x(218) - x(618) + x(619) =E= 0 ; (LHS = 0)
     

---- con185  =E=  

con185..  - 0.00125*x(216) - 0.00125*x(217) - x(617) + x(618) =E= 0 ; (LHS = 0)
     

---- con186  =E=  

con186..  - 0.00125*x(215) - 0.00125*x(216) - x(616) + x(617) =E= 0 ; (LHS = 0)
     

---- con187  =E=  

con187..  - 0.00125*x(214) - 0.00125*x(215) - x(615) + x(616) =E= 0 ; (LHS = 0)
     

---- con188  =E=  

con188..  - 0.00125*x(213) - 0.00125*x(214) - x(614) + x(615) =E= 0 ; (LHS = 0)
     

---- con189  =E=  

con189..  - 0.00125*x(212) - 0.00125*x(213) - x(613) + x(614) =E= 0 ; (LHS = 0)
     

---- con190  =E=  

con190..  - 0.00125*x(211) - 0.00125*x(212) - x(612) + x(613) =E= 0 ; (LHS = 0)
     

---- con191  =E=  

con191..  - 0.00125*x(210) - 0.00125*x(211) - x(611) + x(612) =E= 0 ; (LHS = 0)
     

---- con192  =E=  

con192..  - 0.00125*x(209) - 0.00125*x(210) - x(610) + x(611) =E= 0 ; (LHS = 0)
     

---- con193  =E=  

con193..  - 0.00125*x(208) - 0.00125*x(209) - x(609) + x(610) =E= 0 ; (LHS = 0)
     

---- con194  =E=  

con194..  - 0.00125*x(207) - 0.00125*x(208) - x(608) + x(609) =E= 0 ; (LHS = 0)
     

---- con195  =E=  

con195..  - 0.00125*x(206) - 0.00125*x(207) - x(607) + x(608) =E= 0 ; (LHS = 0)
     

---- con196  =E=  

con196..  - 0.00125*x(205) - 0.00125*x(206) - x(606) + x(607) =E= 0 ; (LHS = 0)
     

---- con197  =E=  

con197..  - 0.00125*x(204) - 0.00125*x(205) - x(605) + x(606) =E= 0 ; (LHS = 0)
     

---- con198  =E=  

con198..  - 0.00125*x(203) - 0.00125*x(204) - x(604) + x(605) =E= 0 ; (LHS = 0)
     

---- con199  =E=  

con199..  - 0.00125*x(202) - 0.00125*x(203) - x(603) + x(604) =E= 0 ; (LHS = 0)
     

---- con200  =E=  

con200..  - 0.00125*x(201) - 0.00125*x(202) - x(602) + x(603) =E= 0 ; (LHS = 0)
     

---- con201  =E=  

con201..  - 0.00125*x(200) - 0.00125*x(201) - x(601) + x(602) =E= 0 ; (LHS = 0)
     

---- con202  =E=  

con202..  - 0.00125*x(199) - 0.00125*x(200) - x(600) + x(601) =E= 0 ; (LHS = 0)
     

---- con203  =E=  

con203..  - 0.00125*x(198) - 0.00125*x(199) - x(599) + x(600) =E= 0 ; (LHS = 0)
     

---- con204  =E=  

con204..  - 0.00125*x(197) - 0.00125*x(198) - x(598) + x(599) =E= 0 ; (LHS = 0)
     

---- con205  =E=  

con205..  - 0.00125*x(196) - 0.00125*x(197) - x(597) + x(598) =E= 0 ; (LHS = 0)
     

---- con206  =E=  

con206..  - 0.00125*x(195) - 0.00125*x(196) - x(596) + x(597) =E= 0 ; (LHS = 0)
     

---- con207  =E=  

con207..  - 0.00125*x(194) - 0.00125*x(195) - x(595) + x(596) =E= 0 ; (LHS = 0)
     

---- con208  =E=  

con208..  - 0.00125*x(193) - 0.00125*x(194) - x(594) + x(595) =E= 0 ; (LHS = 0)
     

---- con209  =E=  

con209..  - 0.00125*x(192) - 0.00125*x(193) - x(593) + x(594) =E= 0 ; (LHS = 0)
     

---- con210  =E=  

con210..  - 0.00125*x(191) - 0.00125*x(192) - x(592) + x(593) =E= 0 ; (LHS = 0)
     

---- con211  =E=  

con211..  - 0.00125*x(190) - 0.00125*x(191) - x(591) + x(592) =E= 0 ; (LHS = 0)
     

---- con212  =E=  

con212..  - 0.00125*x(189) - 0.00125*x(190) - x(590) + x(591) =E= 0 ; (LHS = 0)
     

---- con213  =E=  

con213..  - 0.00125*x(188) - 0.00125*x(189) - x(589) + x(590) =E= 0 ; (LHS = 0)
     

---- con214  =E=  

con214..  - 0.00125*x(187) - 0.00125*x(188) - x(588) + x(589) =E= 0 ; (LHS = 0)
     

---- con215  =E=  

con215..  - 0.00125*x(186) - 0.00125*x(187) - x(587) + x(588) =E= 0 ; (LHS = 0)
     

---- con216  =E=  

con216..  - 0.00125*x(185) - 0.00125*x(186) - x(586) + x(587) =E= 0 ; (LHS = 0)
     

---- con217  =E=  

con217..  - 0.00125*x(184) - 0.00125*x(185) - x(585) + x(586) =E= 0 ; (LHS = 0)
     

---- con218  =E=  

con218..  - 0.00125*x(183) - 0.00125*x(184) - x(584) + x(585) =E= 0 ; (LHS = 0)
     

---- con219  =E=  

con219..  - 0.00125*x(182) - 0.00125*x(183) - x(583) + x(584) =E= 0 ; (LHS = 0)
     

---- con220  =E=  

con220..  - 0.00125*x(181) - 0.00125*x(182) - x(582) + x(583) =E= 0 ; (LHS = 0)
     

---- con221  =E=  

con221..  - 0.00125*x(180) - 0.00125*x(181) - x(581) + x(582) =E= 0 ; (LHS = 0)
     

---- con222  =E=  

con222..  - 0.00125*x(179) - 0.00125*x(180) - x(580) + x(581) =E= 0 ; (LHS = 0)
     

---- con223  =E=  

con223..  - 0.00125*x(178) - 0.00125*x(179) - x(579) + x(580) =E= 0 ; (LHS = 0)
     

---- con224  =E=  

con224..  - 0.00125*x(177) - 0.00125*x(178) - x(578) + x(579) =E= 0 ; (LHS = 0)
     

---- con225  =E=  

con225..  - 0.00125*x(176) - 0.00125*x(177) - x(577) + x(578) =E= 0 ; (LHS = 0)
     

---- con226  =E=  

con226..  - 0.00125*x(175) - 0.00125*x(176) - x(576) + x(577) =E= 0 ; (LHS = 0)
     

---- con227  =E=  

con227..  - 0.00125*x(174) - 0.00125*x(175) - x(575) + x(576) =E= 0 ; (LHS = 0)
     

---- con228  =E=  

con228..  - 0.00125*x(173) - 0.00125*x(174) - x(574) + x(575) =E= 0 ; (LHS = 0)
     

---- con229  =E=  

con229..  - 0.00125*x(172) - 0.00125*x(173) - x(573) + x(574) =E= 0 ; (LHS = 0)
     

---- con230  =E=  

con230..  - 0.00125*x(171) - 0.00125*x(172) - x(572) + x(573) =E= 0 ; (LHS = 0)
     

---- con231  =E=  

con231..  - 0.00125*x(170) - 0.00125*x(171) - x(571) + x(572) =E= 0 ; (LHS = 0)
     

---- con232  =E=  

con232..  - 0.00125*x(169) - 0.00125*x(170) - x(570) + x(571) =E= 0 ; (LHS = 0)
     

---- con233  =E=  

con233..  - 0.00125*x(168) - 0.00125*x(169) - x(569) + x(570) =E= 0 ; (LHS = 0)
     

---- con234  =E=  

con234..  - 0.00125*x(167) - 0.00125*x(168) - x(568) + x(569) =E= 0 ; (LHS = 0)
     

---- con235  =E=  

con235..  - 0.00125*x(166) - 0.00125*x(167) - x(567) + x(568) =E= 0 ; (LHS = 0)
     

---- con236  =E=  

con236..  - 0.00125*x(165) - 0.00125*x(166) - x(566) + x(567) =E= 0 ; (LHS = 0)
     

---- con237  =E=  

con237..  - 0.00125*x(164) - 0.00125*x(165) - x(565) + x(566) =E= 0 ; (LHS = 0)
     

---- con238  =E=  

con238..  - 0.00125*x(163) - 0.00125*x(164) - x(564) + x(565) =E= 0 ; (LHS = 0)
     

---- con239  =E=  

con239..  - 0.00125*x(162) - 0.00125*x(163) - x(563) + x(564) =E= 0 ; (LHS = 0)
     

---- con240  =E=  

con240..  - 0.00125*x(161) - 0.00125*x(162) - x(562) + x(563) =E= 0 ; (LHS = 0)
     

---- con241  =E=  

con241..  - 0.00125*x(160) - 0.00125*x(161) - x(561) + x(562) =E= 0 ; (LHS = 0)
     

---- con242  =E=  

con242..  - 0.00125*x(159) - 0.00125*x(160) - x(560) + x(561) =E= 0 ; (LHS = 0)
     

---- con243  =E=  

con243..  - 0.00125*x(158) - 0.00125*x(159) - x(559) + x(560) =E= 0 ; (LHS = 0)
     

---- con244  =E=  

con244..  - 0.00125*x(157) - 0.00125*x(158) - x(558) + x(559) =E= 0 ; (LHS = 0)
     

---- con245  =E=  

con245..  - 0.00125*x(156) - 0.00125*x(157) - x(557) + x(558) =E= 0 ; (LHS = 0)
     

---- con246  =E=  

con246..  - 0.00125*x(155) - 0.00125*x(156) - x(556) + x(557) =E= 0 ; (LHS = 0)
     

---- con247  =E=  

con247..  - 0.00125*x(154) - 0.00125*x(155) - x(555) + x(556) =E= 0 ; (LHS = 0)
     

---- con248  =E=  

con248..  - 0.00125*x(153) - 0.00125*x(154) - x(554) + x(555) =E= 0 ; (LHS = 0)
     

---- con249  =E=  

con249..  - 0.00125*x(152) - 0.00125*x(153) - x(553) + x(554) =E= 0 ; (LHS = 0)
     

---- con250  =E=  

con250..  - 0.00125*x(151) - 0.00125*x(152) - x(552) + x(553) =E= 0 ; (LHS = 0)
     

---- con251  =E=  

con251..  - 0.00125*x(150) - 0.00125*x(151) - x(551) + x(552) =E= 0 ; (LHS = 0)
     

---- con252  =E=  

con252..  - 0.00125*x(149) - 0.00125*x(150) - x(550) + x(551) =E= 0 ; (LHS = 0)
     

---- con253  =E=  

con253..  - 0.00125*x(148) - 0.00125*x(149) - x(549) + x(550) =E= 0 ; (LHS = 0)
     

---- con254  =E=  

con254..  - 0.00125*x(147) - 0.00125*x(148) - x(548) + x(549) =E= 0 ; (LHS = 0)
     

---- con255  =E=  

con255..  - 0.00125*x(146) - 0.00125*x(147) - x(547) + x(548) =E= 0 ; (LHS = 0)
     

---- con256  =E=  

con256..  - 0.00125*x(145) - 0.00125*x(146) - x(546) + x(547) =E= 0 ; (LHS = 0)
     

---- con257  =E=  

con257..  - 0.00125*x(144) - 0.00125*x(145) - x(545) + x(546) =E= 0 ; (LHS = 0)
     

---- con258  =E=  

con258..  - 0.00125*x(143) - 0.00125*x(144) - x(544) + x(545) =E= 0 ; (LHS = 0)
     

---- con259  =E=  

con259..  - 0.00125*x(142) - 0.00125*x(143) - x(543) + x(544) =E= 0 ; (LHS = 0)
     

---- con260  =E=  

con260..  - 0.00125*x(141) - 0.00125*x(142) - x(542) + x(543) =E= 0 ; (LHS = 0)
     

---- con261  =E=  

con261..  - 0.00125*x(140) - 0.00125*x(141) - x(541) + x(542) =E= 0 ; (LHS = 0)
     

---- con262  =E=  

con262..  - 0.00125*x(139) - 0.00125*x(140) - x(540) + x(541) =E= 0 ; (LHS = 0)
     

---- con263  =E=  

con263..  - 0.00125*x(138) - 0.00125*x(139) - x(539) + x(540) =E= 0 ; (LHS = 0)
     

---- con264  =E=  

con264..  - 0.00125*x(137) - 0.00125*x(138) - x(538) + x(539) =E= 0 ; (LHS = 0)
     

---- con265  =E=  

con265..  - 0.00125*x(136) - 0.00125*x(137) - x(537) + x(538) =E= 0 ; (LHS = 0)
     

---- con266  =E=  

con266..  - 0.00125*x(135) - 0.00125*x(136) - x(536) + x(537) =E= 0 ; (LHS = 0)
     

---- con267  =E=  

con267..  - 0.00125*x(134) - 0.00125*x(135) - x(535) + x(536) =E= 0 ; (LHS = 0)
     

---- con268  =E=  

con268..  - 0.00125*x(133) - 0.00125*x(134) - x(534) + x(535) =E= 0 ; (LHS = 0)
     

---- con269  =E=  

con269..  - 0.00125*x(132) - 0.00125*x(133) - x(533) + x(534) =E= 0 ; (LHS = 0)
     

---- con270  =E=  

con270..  - 0.00125*x(131) - 0.00125*x(132) - x(532) + x(533) =E= 0 ; (LHS = 0)
     

---- con271  =E=  

con271..  - 0.00125*x(130) - 0.00125*x(131) - x(531) + x(532) =E= 0 ; (LHS = 0)
     

---- con272  =E=  

con272..  - 0.00125*x(129) - 0.00125*x(130) - x(530) + x(531) =E= 0 ; (LHS = 0)
     

---- con273  =E=  

con273..  - 0.00125*x(128) - 0.00125*x(129) - x(529) + x(530) =E= 0 ; (LHS = 0)
     

---- con274  =E=  

con274..  - 0.00125*x(127) - 0.00125*x(128) - x(528) + x(529) =E= 0 ; (LHS = 0)
     

---- con275  =E=  

con275..  - 0.00125*x(126) - 0.00125*x(127) - x(527) + x(528) =E= 0 ; (LHS = 0)
     

---- con276  =E=  

con276..  - 0.00125*x(125) - 0.00125*x(126) - x(526) + x(527) =E= 0 ; (LHS = 0)
     

---- con277  =E=  

con277..  - 0.00125*x(124) - 0.00125*x(125) - x(525) + x(526) =E= 0 ; (LHS = 0)
     

---- con278  =E=  

con278..  - 0.00125*x(123) - 0.00125*x(124) - x(524) + x(525) =E= 0 ; (LHS = 0)
     

---- con279  =E=  

con279..  - 0.00125*x(122) - 0.00125*x(123) - x(523) + x(524) =E= 0 ; (LHS = 0)
     

---- con280  =E=  

con280..  - 0.00125*x(121) - 0.00125*x(122) - x(522) + x(523) =E= 0 ; (LHS = 0)
     

---- con281  =E=  

con281..  - 0.00125*x(120) - 0.00125*x(121) - x(521) + x(522) =E= 0 ; (LHS = 0)
     

---- con282  =E=  

con282..  - 0.00125*x(119) - 0.00125*x(120) - x(520) + x(521) =E= 0 ; (LHS = 0)
     

---- con283  =E=  

con283..  - 0.00125*x(118) - 0.00125*x(119) - x(519) + x(520) =E= 0 ; (LHS = 0)
     

---- con284  =E=  

con284..  - 0.00125*x(117) - 0.00125*x(118) - x(518) + x(519) =E= 0 ; (LHS = 0)
     

---- con285  =E=  

con285..  - 0.00125*x(116) - 0.00125*x(117) - x(517) + x(518) =E= 0 ; (LHS = 0)
     

---- con286  =E=  

con286..  - 0.00125*x(115) - 0.00125*x(116) - x(516) + x(517) =E= 0 ; (LHS = 0)
     

---- con287  =E=  

con287..  - 0.00125*x(114) - 0.00125*x(115) - x(515) + x(516) =E= 0 ; (LHS = 0)
     

---- con288  =E=  

con288..  - 0.00125*x(113) - 0.00125*x(114) - x(514) + x(515) =E= 0 ; (LHS = 0)
     

---- con289  =E=  

con289..  - 0.00125*x(112) - 0.00125*x(113) - x(513) + x(514) =E= 0 ; (LHS = 0)
     

---- con290  =E=  

con290..  - 0.00125*x(111) - 0.00125*x(112) - x(512) + x(513) =E= 0 ; (LHS = 0)
     

---- con291  =E=  

con291..  - 0.00125*x(110) - 0.00125*x(111) - x(511) + x(512) =E= 0 ; (LHS = 0)
     

---- con292  =E=  

con292..  - 0.00125*x(109) - 0.00125*x(110) - x(510) + x(511) =E= 0 ; (LHS = 0)
     

---- con293  =E=  

con293..  - 0.00125*x(108) - 0.00125*x(109) - x(509) + x(510) =E= 0 ; (LHS = 0)
     

---- con294  =E=  

con294..  - 0.00125*x(107) - 0.00125*x(108) - x(508) + x(509) =E= 0 ; (LHS = 0)
     

---- con295  =E=  

con295..  - 0.00125*x(106) - 0.00125*x(107) - x(507) + x(508) =E= 0 ; (LHS = 0)
     

---- con296  =E=  

con296..  - 0.00125*x(105) - 0.00125*x(106) - x(506) + x(507) =E= 0 ; (LHS = 0)
     

---- con297  =E=  

con297..  - 0.00125*x(104) - 0.00125*x(105) - x(505) + x(506) =E= 0 ; (LHS = 0)
     

---- con298  =E=  

con298..  - 0.00125*x(103) - 0.00125*x(104) - x(504) + x(505) =E= 0 ; (LHS = 0)
     

---- con299  =E=  

con299..  - 0.00125*x(102) - 0.00125*x(103) - x(503) + x(504) =E= 0 ; (LHS = 0)
     

---- con300  =E=  

con300..  - 0.00125*x(101) - 0.00125*x(102) - x(502) + x(503) =E= 0 ; (LHS = 0)
     

---- con301  =E=  

con301..  - 0.00125*x(100) - 0.00125*x(101) - x(501) + x(502) =E= 0 ; (LHS = 0)
     

---- con302  =E=  

con302..  - 0.00125*x(99) - 0.00125*x(100) - x(500) + x(501) =E= 0 ; (LHS = 0)
     

---- con303  =E=  

con303..  - 0.00125*x(98) - 0.00125*x(99) - x(499) + x(500) =E= 0 ; (LHS = 0)
     

---- con304  =E=  

con304..  - 0.00125*x(97) - 0.00125*x(98) - x(498) + x(499) =E= 0 ; (LHS = 0)
     

---- con305  =E=  

con305..  - 0.00125*x(96) - 0.00125*x(97) - x(497) + x(498) =E= 0 ; (LHS = 0)
     

---- con306  =E=  

con306..  - 0.00125*x(95) - 0.00125*x(96) - x(496) + x(497) =E= 0 ; (LHS = 0)
     

---- con307  =E=  

con307..  - 0.00125*x(94) - 0.00125*x(95) - x(495) + x(496) =E= 0 ; (LHS = 0)
     

---- con308  =E=  

con308..  - 0.00125*x(93) - 0.00125*x(94) - x(494) + x(495) =E= 0 ; (LHS = 0)
     

---- con309  =E=  

con309..  - 0.00125*x(92) - 0.00125*x(93) - x(493) + x(494) =E= 0 ; (LHS = 0)
     

---- con310  =E=  

con310..  - 0.00125*x(91) - 0.00125*x(92) - x(492) + x(493) =E= 0 ; (LHS = 0)
     

---- con311  =E=  

con311..  - 0.00125*x(90) - 0.00125*x(91) - x(491) + x(492) =E= 0 ; (LHS = 0)
     

---- con312  =E=  

con312..  - 0.00125*x(89) - 0.00125*x(90) - x(490) + x(491) =E= 0 ; (LHS = 0)
     

---- con313  =E=  

con313..  - 0.00125*x(88) - 0.00125*x(89) - x(489) + x(490) =E= 0 ; (LHS = 0)
     

---- con314  =E=  

con314..  - 0.00125*x(87) - 0.00125*x(88) - x(488) + x(489) =E= 0 ; (LHS = 0)
     

---- con315  =E=  

con315..  - 0.00125*x(86) - 0.00125*x(87) - x(487) + x(488) =E= 0 ; (LHS = 0)
     

---- con316  =E=  

con316..  - 0.00125*x(85) - 0.00125*x(86) - x(486) + x(487) =E= 0 ; (LHS = 0)
     

---- con317  =E=  

con317..  - 0.00125*x(84) - 0.00125*x(85) - x(485) + x(486) =E= 0 ; (LHS = 0)
     

---- con318  =E=  

con318..  - 0.00125*x(83) - 0.00125*x(84) - x(484) + x(485) =E= 0 ; (LHS = 0)
     

---- con319  =E=  

con319..  - 0.00125*x(82) - 0.00125*x(83) - x(483) + x(484) =E= 0 ; (LHS = 0)
     

---- con320  =E=  

con320..  - 0.00125*x(81) - 0.00125*x(82) - x(482) + x(483) =E= 0 ; (LHS = 0)
     

---- con321  =E=  

con321..  - 0.00125*x(80) - 0.00125*x(81) - x(481) + x(482) =E= 0 ; (LHS = 0)
     

---- con322  =E=  

con322..  - 0.00125*x(79) - 0.00125*x(80) - x(480) + x(481) =E= 0 ; (LHS = 0)
     

---- con323  =E=  

con323..  - 0.00125*x(78) - 0.00125*x(79) - x(479) + x(480) =E= 0 ; (LHS = 0)
     

---- con324  =E=  

con324..  - 0.00125*x(77) - 0.00125*x(78) - x(478) + x(479) =E= 0 ; (LHS = 0)
     

---- con325  =E=  

con325..  - 0.00125*x(76) - 0.00125*x(77) - x(477) + x(478) =E= 0 ; (LHS = 0)
     

---- con326  =E=  

con326..  - 0.00125*x(75) - 0.00125*x(76) - x(476) + x(477) =E= 0 ; (LHS = 0)
     

---- con327  =E=  

con327..  - 0.00125*x(74) - 0.00125*x(75) - x(475) + x(476) =E= 0 ; (LHS = 0)
     

---- con328  =E=  

con328..  - 0.00125*x(73) - 0.00125*x(74) - x(474) + x(475) =E= 0 ; (LHS = 0)
     

---- con329  =E=  

con329..  - 0.00125*x(72) - 0.00125*x(73) - x(473) + x(474) =E= 0 ; (LHS = 0)
     

---- con330  =E=  

con330..  - 0.00125*x(71) - 0.00125*x(72) - x(472) + x(473) =E= 0 ; (LHS = 0)
     

---- con331  =E=  

con331..  - 0.00125*x(70) - 0.00125*x(71) - x(471) + x(472) =E= 0 ; (LHS = 0)
     

---- con332  =E=  

con332..  - 0.00125*x(69) - 0.00125*x(70) - x(470) + x(471) =E= 0 ; (LHS = 0)
     

---- con333  =E=  

con333..  - 0.00125*x(68) - 0.00125*x(69) - x(469) + x(470) =E= 0 ; (LHS = 0)
     

---- con334  =E=  

con334..  - 0.00125*x(67) - 0.00125*x(68) - x(468) + x(469) =E= 0 ; (LHS = 0)
     

---- con335  =E=  

con335..  - 0.00125*x(66) - 0.00125*x(67) - x(467) + x(468) =E= 0 ; (LHS = 0)
     

---- con336  =E=  

con336..  - 0.00125*x(65) - 0.00125*x(66) - x(466) + x(467) =E= 0 ; (LHS = 0)
     

---- con337  =E=  

con337..  - 0.00125*x(64) - 0.00125*x(65) - x(465) + x(466) =E= 0 ; (LHS = 0)
     

---- con338  =E=  

con338..  - 0.00125*x(63) - 0.00125*x(64) - x(464) + x(465) =E= 0 ; (LHS = 0)
     

---- con339  =E=  

con339..  - 0.00125*x(62) - 0.00125*x(63) - x(463) + x(464) =E= 0 ; (LHS = 0)
     

---- con340  =E=  

con340..  - 0.00125*x(61) - 0.00125*x(62) - x(462) + x(463) =E= 0 ; (LHS = 0)
     

---- con341  =E=  

con341..  - 0.00125*x(60) - 0.00125*x(61) - x(461) + x(462) =E= 0 ; (LHS = 0)
     

---- con342  =E=  

con342..  - 0.00125*x(59) - 0.00125*x(60) - x(460) + x(461) =E= 0 ; (LHS = 0)
     

---- con343  =E=  

con343..  - 0.00125*x(58) - 0.00125*x(59) - x(459) + x(460) =E= 0 ; (LHS = 0)
     

---- con344  =E=  

con344..  - 0.00125*x(57) - 0.00125*x(58) - x(458) + x(459) =E= 0 ; (LHS = 0)
     

---- con345  =E=  

con345..  - 0.00125*x(56) - 0.00125*x(57) - x(457) + x(458) =E= 0 ; (LHS = 0)
     

---- con346  =E=  

con346..  - 0.00125*x(55) - 0.00125*x(56) - x(456) + x(457) =E= 0 ; (LHS = 0)
     

---- con347  =E=  

con347..  - 0.00125*x(54) - 0.00125*x(55) - x(455) + x(456) =E= 0 ; (LHS = 0)
     

---- con348  =E=  

con348..  - 0.00125*x(53) - 0.00125*x(54) - x(454) + x(455) =E= 0 ; (LHS = 0)
     

---- con349  =E=  

con349..  - 0.00125*x(52) - 0.00125*x(53) - x(453) + x(454) =E= 0 ; (LHS = 0)
     

---- con350  =E=  

con350..  - 0.00125*x(51) - 0.00125*x(52) - x(452) + x(453) =E= 0 ; (LHS = 0)
     

---- con351  =E=  

con351..  - 0.00125*x(50) - 0.00125*x(51) - x(451) + x(452) =E= 0 ; (LHS = 0)
     

---- con352  =E=  

con352..  - 0.00125*x(49) - 0.00125*x(50) - x(450) + x(451) =E= 0 ; (LHS = 0)
     

---- con353  =E=  

con353..  - 0.00125*x(48) - 0.00125*x(49) - x(449) + x(450) =E= 0 ; (LHS = 0)
     

---- con354  =E=  

con354..  - 0.00125*x(47) - 0.00125*x(48) - x(448) + x(449) =E= 0 ; (LHS = 0)
     

---- con355  =E=  

con355..  - 0.00125*x(46) - 0.00125*x(47) - x(447) + x(448) =E= 0 ; (LHS = 0)
     

---- con356  =E=  

con356..  - 0.00125*x(45) - 0.00125*x(46) - x(446) + x(447) =E= 0 ; (LHS = 0)
     

---- con357  =E=  

con357..  - 0.00125*x(44) - 0.00125*x(45) - x(445) + x(446) =E= 0 ; (LHS = 0)
     

---- con358  =E=  

con358..  - 0.00125*x(43) - 0.00125*x(44) - x(444) + x(445) =E= 0 ; (LHS = 0)
     

---- con359  =E=  

con359..  - 0.00125*x(42) - 0.00125*x(43) - x(443) + x(444) =E= 0 ; (LHS = 0)
     

---- con360  =E=  

con360..  - 0.00125*x(41) - 0.00125*x(42) - x(442) + x(443) =E= 0 ; (LHS = 0)
     

---- con361  =E=  

con361..  - 0.00125*x(40) - 0.00125*x(41) - x(441) + x(442) =E= 0 ; (LHS = 0)
     

---- con362  =E=  

con362..  - 0.00125*x(39) - 0.00125*x(40) - x(440) + x(441) =E= 0 ; (LHS = 0)
     

---- con363  =E=  

con363..  - 0.00125*x(38) - 0.00125*x(39) - x(439) + x(440) =E= 0 ; (LHS = 0)
     

---- con364  =E=  

con364..  - 0.00125*x(37) - 0.00125*x(38) - x(438) + x(439) =E= 0 ; (LHS = 0)
     

---- con365  =E=  

con365..  - 0.00125*x(36) - 0.00125*x(37) - x(437) + x(438) =E= 0 ; (LHS = 0)
     

---- con366  =E=  

con366..  - 0.00125*x(35) - 0.00125*x(36) - x(436) + x(437) =E= 0 ; (LHS = 0)
     

---- con367  =E=  

con367..  - 0.00125*x(34) - 0.00125*x(35) - x(435) + x(436) =E= 0 ; (LHS = 0)
     

---- con368  =E=  

con368..  - 0.00125*x(33) - 0.00125*x(34) - x(434) + x(435) =E= 0 ; (LHS = 0)
     

---- con369  =E=  

con369..  - 0.00125*x(32) - 0.00125*x(33) - x(433) + x(434) =E= 0 ; (LHS = 0)
     

---- con370  =E=  

con370..  - 0.00125*x(31) - 0.00125*x(32) - x(432) + x(433) =E= 0 ; (LHS = 0)
     

---- con371  =E=  

con371..  - 0.00125*x(30) - 0.00125*x(31) - x(431) + x(432) =E= 0 ; (LHS = 0)
     

---- con372  =E=  

con372..  - 0.00125*x(29) - 0.00125*x(30) - x(430) + x(431) =E= 0 ; (LHS = 0)
     

---- con373  =E=  

con373..  - 0.00125*x(28) - 0.00125*x(29) - x(429) + x(430) =E= 0 ; (LHS = 0)
     

---- con374  =E=  

con374..  - 0.00125*x(27) - 0.00125*x(28) - x(428) + x(429) =E= 0 ; (LHS = 0)
     

---- con375  =E=  

con375..  - 0.00125*x(26) - 0.00125*x(27) - x(427) + x(428) =E= 0 ; (LHS = 0)
     

---- con376  =E=  

con376..  - 0.00125*x(25) - 0.00125*x(26) - x(426) + x(427) =E= 0 ; (LHS = 0)
     

---- con377  =E=  

con377..  - 0.00125*x(24) - 0.00125*x(25) - x(425) + x(426) =E= 0 ; (LHS = 0)
     

---- con378  =E=  

con378..  - 0.00125*x(23) - 0.00125*x(24) - x(424) + x(425) =E= 0 ; (LHS = 0)
     

---- con379  =E=  

con379..  - 0.00125*x(22) - 0.00125*x(23) - x(423) + x(424) =E= 0 ; (LHS = 0)
     

---- con380  =E=  

con380..  - 0.00125*x(21) - 0.00125*x(22) - x(422) + x(423) =E= 0 ; (LHS = 0)
     

---- con381  =E=  

con381..  - 0.00125*x(20) - 0.00125*x(21) - x(421) + x(422) =E= 0 ; (LHS = 0)
     

---- con382  =E=  

con382..  - 0.00125*x(19) - 0.00125*x(20) - x(420) + x(421) =E= 0 ; (LHS = 0)
     

---- con383  =E=  

con383..  - 0.00125*x(18) - 0.00125*x(19) - x(419) + x(420) =E= 0 ; (LHS = 0)
     

---- con384  =E=  

con384..  - 0.00125*x(17) - 0.00125*x(18) - x(418) + x(419) =E= 0 ; (LHS = 0)
     

---- con385  =E=  

con385..  - 0.00125*x(16) - 0.00125*x(17) - x(417) + x(418) =E= 0 ; (LHS = 0)
     

---- con386  =E=  

con386..  - 0.00125*x(15) - 0.00125*x(16) - x(416) + x(417) =E= 0 ; (LHS = 0)
     

---- con387  =E=  

con387..  - 0.00125*x(14) - 0.00125*x(15) - x(415) + x(416) =E= 0 ; (LHS = 0)
     

---- con388  =E=  

con388..  - 0.00125*x(13) - 0.00125*x(14) - x(414) + x(415) =E= 0 ; (LHS = 0)
     

---- con389  =E=  

con389..  - 0.00125*x(12) - 0.00125*x(13) - x(413) + x(414) =E= 0 ; (LHS = 0)
     

---- con390  =E=  

con390..  - 0.00125*x(11) - 0.00125*x(12) - x(412) + x(413) =E= 0 ; (LHS = 0)
     

---- con391  =E=  

con391..  - 0.00125*x(10) - 0.00125*x(11) - x(411) + x(412) =E= 0 ; (LHS = 0)
     

---- con392  =E=  

con392..  - 0.00125*x(9) - 0.00125*x(10) - x(410) + x(411) =E= 0 ; (LHS = 0)
     

---- con393  =E=  

con393..  - 0.00125*x(8) - 0.00125*x(9) - x(409) + x(410) =E= 0 ; (LHS = 0)
     

---- con394  =E=  

con394..  - 0.00125*x(7) - 0.00125*x(8) - x(408) + x(409) =E= 0 ; (LHS = 0)
     

---- con395  =E=  

con395..  - 0.00125*x(6) - 0.00125*x(7) - x(407) + x(408) =E= 0 ; (LHS = 0)
     

---- con396  =E=  

con396..  - 0.00125*x(5) - 0.00125*x(6) - x(406) + x(407) =E= 0 ; (LHS = 0)
     

---- con397  =E=  

con397..  - 0.00125*x(4) - 0.00125*x(5) - x(405) + x(406) =E= 0 ; (LHS = 0)
     

---- con398  =E=  

con398..  - 0.00125*x(3) - 0.00125*x(4) - x(404) + x(405) =E= 0 ; (LHS = 0)
     

---- con399  =E=  

con399..  - 0.00125*x(2) - 0.00125*x(3) - x(403) + x(404) =E= 0 ; (LHS = 0)
     

---- con400  =E=  

con400..  - 0.00125*x(1) - 0.00125*x(2) - x(402) + x(403) =E= 0 ; (LHS = -1, INFES = 1 ****)
     

---- con401  =E=  

con401..  (0)*x(1) + (0)*x(2) + (0)*x(3) + (0)*x(4) + (0)*x(5) + (0)*x(6) + (0)*x(7) + (0)*x(8) + (0)*x(9) + (0)*x(10) + (0)*x(11) + (0)*x(12) + (0)*x(13) + (0)*x(14) + (0)*x(15) + (0)*x(16) + (0)*x(17) + (0)*x(18) + (0)*x(19) + (0)*x(20) + (0)*x(21) + (0)*x(22) + (0)*x(23) + (0)*x(24) + (0)*x(25) + (0)*x(26) + (0)*x(27) + (0)*x(28) + (0)*x(29) + (0)*x(30) + (0)*x(31) + (0)*x(32) + (0)*x(33) + (0)*x(34) + (0)*x(35) + (0)*x(36) + (0)*x(37) + (0)*x(38) + (0)*x(39) + (0)*x(40) + (0)*x(41) + (0)*x(42) + (0)*x(43) + (0)*x(44) + (0)*x(45) + (0)*x(46) + (0)*x(47) + (0)*x(48) + (0)*x(49) + (0)*x(50) + (0)*x(51) + (0)*x(52) + (0)*x(53) + (0)*x(54) + (0)*x(55) + (0)*x(56) + (0)*x(57) + (0)*x(58) + (0)*x(59) + (0)*x(60) + (0)*x(61) + (0)*x(62) + (0)*x(63) + (0)*x(64) + (0)*x(65) + (0)*x(66) + (0)*x(67) + (0)*x(68) + (0)*x(69) + (0)*x(70) + (0)*x(71) + (0)*x(72) + (0)*x(73) + (0)*x(74) + (0)*x(75) + (0)*x(76) + (0)*x(77) + (0)*x(78) + (0)*x(79) + (0)*x(80) + (0)*x(81) + (0)*x(82) + (0)*x(83) + (0)*x(84) + (0)*x(85) + (0)*x(86) + (0)*x(87) + (0)*x(88) + (0)*x(89) + (0)*x(90) + (0)*x(91) + (0)*x(92) + (0)*x(93) + (0)*x(94) + (0)*x(95) + (0)*x(96) + (0)*x(97) + (0)*x(98) + (0)*x(99) + (0)*x(100) + (0)*x(101) + (0)*x(102) + (0)*x(103) + (0)*x(104) + (0)*x(105) + (0)*x(106) + (0)*x(107) + (0)*x(108) + (0)*x(109) + (0)*x(110) + (0)*x(111) + (0)*x(112) + (0)*x(113) + (0)*x(114) + (0)*x(115) + (0)*x(116) + (0)*x(117) + (0)*x(118) + (0)*x(119) + (0)*x(120) + (0)*x(121) + (0)*x(122) + (0)*x(123) + (0)*x(124) + (0)*x(125) + (0)*x(126) + (0)*x(127) + (0)*x(128) + (0)*x(129) + (0)*x(130) + (0)*x(131) + (0)*x(132) + (0)*x(133) + (0)*x(134) + (0)*x(135) + (0)*x(136) + (0)*x(137) + (0)*x(138) + (0)*x(139) + (0)*x(140) + (0)*x(141) + (0)*x(142) + (0)*x(143) + (0)*x(144) + (0)*x(145) + (0)*x(146) + (0)*x(147) + (0)*x(148) + (0)*x(149) + (0)*x(150) + (0)*x(151) + (0)*x(152) + (0)*x(153) + (0)*x(154) + (0)*x(155) + (0)*x(156) + (0)*x(157) + (0)*x(158) + (0)*x(159) + (0)*x(160) + (0)*x(161) + (0)*x(162) + (0)*x(163) + (0)*x(164) + (0)*x(165) + (0)*x(166) + (0)*x(167) + (0)*x(168) + (0)*x(169) + (0)*x(170) + (0)*x(171) + (0)*x(172) + (0)*x(173) + (0)*x(174) + (0)*x(175) + (0)*x(176) + (0)*x(177) + (0)*x(178) + (0)*x(179) + (0)*x(180) + (0)*x(181) + (0)*x(182) + (0)*x(183) + (0)*x(184) + (0)*x(185) + (0)*x(186) + (0)*x(187) + (0)*x(188) + (0)*x(189) + (0)*x(190) + (0)*x(191) + (0)*x(192) + (0)*x(193) + (0)*x(194) + (0)*x(195) + (0)*x(196) + (0)*x(197) + (0)*x(198) + (0)*x(199) + (0)*x(200) + (0)*x(201) + (0)*x(202) + (0)*x(203) + (0)*x(204) + (0)*x(205) + (0)*x(206) + (0)*x(207) + (0)*x(208) + (0)*x(209) + (0)*x(210) + (0)*x(211) + (0)*x(212) + (0)*x(213) + (0)*x(214) + (0)*x(215) + (0)*x(216) + (0)*x(217) + (0)*x(218) + (0)*x(219) + (0)*x(220) + (0)*x(221) + (0)*x(222) + (0)*x(223) + (0)*x(224) + (0)*x(225) + (0)*x(226) + (0)*x(227) + (0)*x(228) + (0)*x(229) + (0)*x(230) + (0)*x(231) + (0)*x(232) + (0)*x(233) + (0)*x(234) + (0)*x(235) + (0)*x(236) + (0)*x(237) + (0)*x(238) + (0)*x(239) + (0)*x(240) + (0)*x(241) + (0)*x(242) + (0)*x(243) + (0)*x(244) + (0)*x(245) + (0)*x(246) + (0)*x(247) + (0)*x(248) + (0)*x(249) + (0)*x(250) + (0)*x(251) + (0)*x(252) + (0)*x(253) + (0)*x(254) + (0)*x(255) + (0)*x(256) + (0)*x(257) + (0)*x(258) + (0)*x(259) + (0)*x(260) + (0)*x(261) + (0)*x(262) + (0)*x(263) + (0)*x(264) + (0)*x(265) + (0)*x(266) + (0)*x(267) + (0)*x(268) + (0)*x(269) + (0)*x(270) + (0)*x(271) + (0)*x(272) + (0)*x(273) + (0)*x(274) + (0)*x(275) + (0)*x(276) + (0)*x(277) + (0)*x(278) + (0)*x(279) + (0)*x(280) + (0)*x(281) + (0)*x(282) + (0)*x(283) + (0)*x(284) + (0)*x(285) + (0)*x(286) + (0)*x(287) + (0)*x(288) + (0)*x(289) + (0)*x(290) + (0)*x(291) + (0)*x(292) + (0)*x(293) + (0)*x(294) + (0)*x(295) + (0)*x(296) + (0)*x(297) + (0)*x(298) + (0)*x(299) + (0)*x(300) + (0)*x(301) + (0)*x(302) + (0)*x(303) + (0)*x(304) + (0)*x(305) + (0)*x(306) + (0)*x(307) + (0)*x(308) + (0)*x(309) + (0)*x(310) + (0)*x(311) + (0)*x(312) + (0)*x(313) + (0)*x(314) + (0)*x(315) + (0)*x(316) + (0)*x(317) + (0)*x(318) + (0)*x(319) + (0)*x(320) + (0)*x(321) + (0)*x(322) + (0)*x(323) + (0)*x(324) + (0)*x(325) + (0)*x(326) + (0)*x(327) + (0)*x(328) + (0)*x(329) + (0)*x(330) + (0)*x(331) + (0)*x(332) + (0)*x(333) + (0)*x(334) + (0)*x(335) + (0)*x(336) + (0)*x(337) + (0)*x(338) + (0)*x(339) + (0)*x(340) + (0)*x(341) + (0)*x(342) + (0)*x(343) + (0)*x(344) + (0)*x(345) + (0)*x(346) + (0)*x(347) + (0)*x(348) + (0)*x(349) + (0)*x(350) + (0)*x(351) + (0)*x(352) + (0)*x(353) + (0)*x(354) + (0)*x(355) + (0)*x(356) + (0)*x(357) + (0)*x(358) + (0)*x(359) + (0)*x(360) + (0)*x(361) + (0)*x(362) + (0)*x(363) + (0)*x(364) + (0)*x(365) + (0)*x(366) + (0)*x(367) + (0)*x(368) + (0)*x(369) + (0)*x(370) + (0)*x(371) + (0)*x(372) + (0)*x(373) + (0)*x(374) + (0)*x(375) + (0)*x(376) + (0)*x(377) + (0)*x(378) + (0)*x(379) + (0)*x(380) + (0)*x(381) + (0)*x(382) + (0)*x(383) + (0)*x(384) + (0)*x(385) + (0)*x(386) + (0)*x(387) + (0)*x(388) + (0)*x(389) + (0)*x(390) + (0)*x(391) + (0)*x(392) + (0)*x(393) + (0)*x(394) + (0)*x(395) + (0)*x(396) + (0)*x(397) + (0)*x(398) + (0)*x(399) + (0)*x(400) + (0)*x(401) =E= 4 ; (LHS = 0.99999999999999, INFES = 3.00000000000001 ****)
     
GAMS 53.5.1  f2e5fac3 May 20, 2026          WEX-WEI x86 64bit/MS Windows - 06/14/26 21:49:35 Page 3
G e n e r a l   A l g e b r a i c   M o d e l i n g   S y s t e m
Column Listing      SOLVE m Using NLP From line 2822


---- x  

x(1)
                (.LO, .L, .UP, .M = -INF, 0, +INF, 0)
       (0)      objcon
       -0.0013  con400
       (0)      con401

x(2)
                (.LO, .L, .UP, .M = -INF, 0, +INF, 0)
       (0)      objcon
       -0.0013  con399
       -0.0013  con400
       (0)      con401

x(3)
                (.LO, .L, .UP, .M = -INF, 0, +INF, 0)
       (0)      objcon
       -0.0013  con398
       -0.0013  con399
       (0)      con401

REMAINING 799 ENTRIES SKIPPED

---- obj  

obj
                (.LO, .L, .UP, .M = -INF, 0, +INF, 0)
        1       objcon

GAMS 53.5.1  f2e5fac3 May 20, 2026          WEX-WEI x86 64bit/MS Windows - 06/14/26 21:49:35 Page 4
G e n e r a l   A l g e b r a i c   M o d e l i n g   S y s t e m
Range Statistics    SOLVE m Using NLP From line 2822


RANGE STATISTICS (ABSOLUTE NON-ZERO FINITE VALUES)

RHS       [min, max] : [ 4.000E+00, 4.000E+00] - Zero values observed as well
Bound     [min, max] : [ 1.000E+00, 3.000E+00]
Matrix    [min, max] : [ 1.250E-03, 1.000E+00] - Zero values observed as well

GAMS 53.5.1  f2e5fac3 May 20, 2026          WEX-WEI x86 64bit/MS Windows - 06/14/26 21:49:35 Page 5
G e n e r a l   A l g e b r a i c   M o d e l i n g   S y s t e m
Model Statistics    SOLVE m Using NLP From line 2822


MODEL STATISTICS

BLOCKS OF EQUATIONS         402     SINGLE EQUATIONS          402
BLOCKS OF VARIABLES           2     SINGLE VARIABLES          803  2 projected
NON ZERO ELEMENTS         2,804     NON LINEAR N-Z          1,203
CODE LENGTH               4,817     CONSTANT POOL              18


GENERATION TIME      =        0.094 SECONDS      4 MB  53.5.1 f2e5fac3 WEX-WEI
GAMS 53.5.1  f2e5fac3 May 20, 2026          WEX-WEI x86 64bit/MS Windows - 06/14/26 21:49:35 Page 6
G e n e r a l   A l g e b r a i c   M o d e l i n g   S y s t e m
Solution Report     SOLVE m Using NLP From line 2822


               S O L V E      S U M M A R Y

     MODEL   m                   OBJECTIVE  obj
     TYPE    NLP                 DIRECTION  MINIMIZE
     SOLVER  CONVERT             FROM LINE  2822

**** SOLVER STATUS     1 Normal Completion
**** MODEL STATUS      14 No Solution Returned
**** OBJECTIVE VALUE                0.0000

 RESOURCE USAGE, LIMIT          0.015 10000000000.000
 ITERATION COUNT, LIMIT         0    2147483647
 EVALUATION ERRORS              0             0

*** Error Cannot open parameter file "C:\Users\edmil\Desktop\benchmark_nlp\convert.opt"
*** Error Error code = 2; No such file or directory

--- Writing Dict      : dict.txt
--- Writing Gams      : gams.gms


No solution returned
GAMS 53.5.1  f2e5fac3 May 20, 2026          WEX-WEI x86 64bit/MS Windows - 06/14/26 21:49:35 Page 7
G e n e r a l   A l g e b r a i c   M o d e l i n g   S y s t e m
E x e c u t i o n


----   2823 VARIABLE x.L  

                      ( ALL       0.000 )


----   2823 VARIABLE obj.L                 =        0.000  


EXECUTION TIME       =        0.610 SECONDS      4 MB  53.5.1 f2e5fac3 WEX-WEI


USER: GAMS Demo, for EULA and demo limitations see   G260130+0003Cc-GEN
      https://www.gams.com/latest/docs/UG%5FLicense.html         DC0000


**** FILE SUMMARY

Input      C:\Users\edmil\Desktop\benchmark_nlp\coconut_gams\chain400.gms
Output     C:\Users\edmil\Desktop\benchmark_nlp\logs\gams\chain400.lst
