GAMS 53.5.1  f2e5fac3 May 20, 2026          WEX-WEI x86 64bit/MS Windows - 06/14/26 21:49:43 Page 1
G e n e r a l   A l g e b r a i c   M o d e l i n g   S y s t e m
C o m p i l a t i o n


   1  * GAMS-model elec100.dag.gms written by dag2gams Converter at 26/09/2004 14:39:39
   2  * University of Vienna
   4   Set i/1*100/;
   5   Set j/1*300/;
   6   Equations objcon
   7  con1
   8  con2
   9  con3
  10  con4
  11  con5
  12  con6
  13  con7
  14  con8
  15  con9
  16  con10
  17  con11
  18  con12
  19  con13
  20  con14
  21  con15
  22  con16
  23  con17
  24  con18
  25  con19
  26  con20
  27  con21
  28  con22
  29  con23
  30  con24
  31  con25
  32  con26
  33  con27
  34  con28
  35  con29
  36  con30
  37  con31
  38  con32
  39  con33
  40  con34
  41  con35
  42  con36
  43  con37
  44  con38
  45  con39
  46  con40
  47  con41
  48  con42
  49  con43
  50  con44
  51  con45
  52  con46
  53  con47
  54  con48
  55  con49
  56  con50
  57  con51
  58  con52
  59  con53
  60  con54
  61  con55
  62  con56
  63  con57
  64  con58
  65  con59
  66  con60
  67  con61
  68  con62
  69  con63
  70  con64
  71  con65
  72  con66
  73  con67
  74  con68
  75  con69
  76  con70
  77  con71
  78  con72
  79  con73
  80  con74
  81  con75
  82  con76
  83  con77
  84  con78
  85  con79
  86  con80
  87  con81
  88  con82
  89  con83
  90  con84
  91  con85
  92  con86
  93  con87
  94  con88
  95  con89
  96  con90
  97  con91
  98  con92
  99  con93
 100  con94
 101  con95
 102  con96
 103  con97
 104  con98
 105  con99
 106  con100
 107  ;
 108  Variables x(j), obj;
 109  * Objective function (to be minimized)
 110  objcon.. obj =e= 1/sqrt(power(x('1') -
 111  x('2'), 2) +
 112  power(x('101') -
 113  x('102'), 2) +
 114  power(x('201') -
 115  x('202'), 2)) +
 116  1/sqrt(power(x('1') -
 117  x('3'), 2) +
 118  power(x('101') -
 119  x('103'), 2) +
 120  power(x('201') -
 121  x('203'), 2)) +
 122  1/sqrt(power(x('1') -
 123  x('4'), 2) +
 124  power(x('101') -
 125  x('104'), 2) +
 126  power(x('201') -
 127  x('204'), 2)) +
 128  1/sqrt(power(x('2') -
 129  x('3'), 2) +
 130  power(x('102') -
 131  x('103'), 2) +
 132  power(x('202') -
 133  x('203'), 2)) +
 134  1/sqrt(power(x('1') -
 135  x('5'), 2) +
 136  power(x('101') -
 137  x('105'), 2) +
 138  power(x('201') -
 139  x('205'), 2)) +
 140  1/sqrt(power(x('2') -
 141  x('4'), 2) +
 142  power(x('102') -
 143  x('104'), 2) +
 144  power(x('202') -
 145  x('204'), 2)) +
 146  1/sqrt(power(x('3') -
 147  x('4'), 2) +
 148  power(x('103') -
 149  x('104'), 2) +
 150  power(x('203') -
 151  x('204'), 2)) +
 152  1/sqrt(power(x('1') -
 153  x('6'), 2) +
 154  power(x('101') -
 155  x('106'), 2) +
 156  power(x('201') -
 157  x('206'), 2)) +
 158  1/sqrt(power(x('2') -
 159  x('5'), 2) +
 160  power(x('102') -
 161  x('105'), 2) +
 162  power(x('202') -
 163  x('205'), 2)) +
 164  1/sqrt(power(x('2') -
 165  x('6'), 2) +
 166  power(x('102') -
 167  x('106'), 2) +
 168  power(x('202') -
 169  x('206'), 2)) +
 170  1/sqrt(power(x('3') -
 171  x('5'), 2) +
 172  power(x('103') -
 173  x('105'), 2) +
 174  power(x('203') -
 175  x('205'), 2)) +
 176  1/sqrt(power(x('1') -
 177  x('7'), 2) +
 178  power(x('101') -
 179  x('107'), 2) +
 180  power(x('201') -
 181  x('207'), 2)) +
 182  1/sqrt(power(x('2') -
 183  x('7'), 2) +
 184  power(x('102') -
 185  x('107'), 2) +
 186  power(x('202') -
 187  x('207'), 2)) +
 188  1/sqrt(power(x('1') -
 189  x('8'), 2) +
 190  power(x('101') -
 191  x('108'), 2) +
 192  power(x('201') -
 193  x('208'), 2)) +
 194  1/sqrt(power(x('3') -
 195  x('6'), 2) +
 196  power(x('103') -
 197  x('106'), 2) +
 198  power(x('203') -
 199  x('206'), 2)) +
 200  1/sqrt(power(x('4') -
 201  x('5'), 2) +
 202  power(x('104') -
 203  x('105'), 2) +
 204  power(x('204') -
 205  x('205'), 2)) +
 206  1/sqrt(power(x('3') -
 207  x('7'), 2) +
 208  power(x('103') -
 209  x('107'), 2) +
 210  power(x('203') -
 211  x('207'), 2)) +
 212  1/sqrt(power(x('4') -
 213  x('6'), 2) +
 214  power(x('104') -
 215  x('106'), 2) +
 216  power(x('204') -
 217  x('206'), 2)) +
 218  1/sqrt(power(x('2') -
 219  x('8'), 2) +
 220  power(x('102') -
 221  x('108'), 2) +
 222  power(x('202') -
 223  x('208'), 2)) +
 224  1/sqrt(power(x('1') -
 225  x('9'), 2) +
 226  power(x('101') -
 227  x('109'), 2) +
 228  power(x('201') -
 229  x('209'), 2)) +
 230  1/sqrt(power(x('5') -
 231  x('6'), 2) +
 232  power(x('105') -
 233  x('106'), 2) +
 234  power(x('205') -
 235  x('206'), 2)) +
 236  1/sqrt(power(x('3') -
 237  x('8'), 2) +
 238  power(x('103') -
 239  x('108'), 2) +
 240  power(x('203') -
 241  x('208'), 2)) +
 242  1/sqrt(power(x('2') -
 243  x('9'), 2) +
 244  power(x('102') -
 245  x('109'), 2) +
 246  power(x('202') -
 247  x('209'), 2)) +
 248  1/sqrt(power(x('4') -
 249  x('7'), 2) +
 250  power(x('104') -
 251  x('107'), 2) +
 252  power(x('204') -
 253  x('207'), 2)) +
 254  1/sqrt(power(x('1') -
 255  x('10'), 2) +
 256  power(x('101') -
 257  x('110'), 2) +
 258  power(x('201') -
 259  x('210'), 2)) +
 260  1/sqrt(power(x('5') -
 261  x('7'), 2) +
 262  power(x('105') -
 263  x('107'), 2) +
 264  power(x('205') -
 265  x('207'), 2)) +
 266  1/sqrt(power(x('2') -
 267  x('10'), 2) +
 268  power(x('102') -
 269  x('110'), 2) +
 270  power(x('202') -
 271  x('210'), 2)) +
 272  1/sqrt(power(x('1') -
 273  x('11'), 2) +
 274  power(x('101') -
 275  x('111'), 2) +
 276  power(x('201') -
 277  x('211'), 2)) +
 278  1/sqrt(power(x('4') -
 279  x('8'), 2) +
 280  power(x('104') -
 281  x('108'), 2) +
 282  power(x('204') -
 283  x('208'), 2)) +
 284  1/sqrt(power(x('3') -
 285  x('9'), 2) +
 286  power(x('103') -
 287  x('109'), 2) +
 288  power(x('203') -
 289  x('209'), 2)) +
 290  1/sqrt(power(x('4') -
 291  x('9'), 2) +
 292  power(x('104') -
 293  x('109'), 2) +
 294  power(x('204') -
 295  x('209'), 2)) +
 296  1/sqrt(power(x('1') -
 297  x('12'), 2) +
 298  power(x('101') -
 299  x('112'), 2) +
 300  power(x('201') -
 301  x('212'), 2)) +
 302  1/sqrt(power(x('3') -
 303  x('10'), 2) +
 304  power(x('103') -
 305  x('110'), 2) +
 306  power(x('203') -
 307  x('210'), 2)) +
 308  1/sqrt(power(x('2') -
 309  x('11'), 2) +
 310  power(x('102') -
 311  x('111'), 2) +
 312  power(x('202') -
 313  x('211'), 2)) +
 314  1/sqrt(power(x('5') -
 315  x('8'), 2) +
 316  power(x('105') -
 317  x('108'), 2) +
 318  power(x('205') -
 319  x('208'), 2)) +
 320  1/sqrt(power(x('6') -
 321  x('7'), 2) +
 322  power(x('106') -
 323  x('107'), 2) +
 324  power(x('206') -
 325  x('207'), 2)) +
 326  1/sqrt(power(x('5') -
 327  x('9'), 2) +
 328  power(x('105') -
 329  x('109'), 2) +
 330  power(x('205') -
 331  x('209'), 2)) +
 332  1/sqrt(power(x('1') -
 333  x('13'), 2) +
 334  power(x('101') -
 335  x('113'), 2) +
 336  power(x('201') -
 337  x('213'), 2)) +
 338  1/sqrt(power(x('6') -
 339  x('8'), 2) +
 340  power(x('106') -
 341  x('108'), 2) +
 342  power(x('206') -
 343  x('208'), 2)) +
 344  1/sqrt(power(x('4') -
 345  x('10'), 2) +
 346  power(x('104') -
 347  x('110'), 2) +
 348  power(x('204') -
 349  x('210'), 2)) +
 350  1/sqrt(power(x('2') -
 351  x('12'), 2) +
 352  power(x('102') -
 353  x('112'), 2) +
 354  power(x('202') -
 355  x('212'), 2)) +
 356  1/sqrt(power(x('3') -
 357  x('11'), 2) +
 358  power(x('103') -
 359  x('111'), 2) +
 360  power(x('203') -
 361  x('211'), 2)) +
 362  1/sqrt(power(x('1') -
 363  x('14'), 2) +
 364  power(x('101') -
 365  x('114'), 2) +
 366  power(x('201') -
 367  x('214'), 2)) +
 368  1/sqrt(power(x('5') -
 369  x('10'), 2) +
 370  power(x('105') -
 371  x('110'), 2) +
 372  power(x('205') -
 373  x('210'), 2)) +
 374  1/sqrt(power(x('2') -
 375  x('13'), 2) +
 376  power(x('102') -
 377  x('113'), 2) +
 378  power(x('202') -
 379  x('213'), 2)) +
 380  1/sqrt(power(x('4') -
 381  x('11'), 2) +
 382  power(x('104') -
 383  x('111'), 2) +
 384  power(x('204') -
 385  x('211'), 2)) +
 386  1/sqrt(power(x('3') -
 387  x('12'), 2) +
 388  power(x('103') -
 389  x('112'), 2) +
 390  power(x('203') -
 391  x('212'), 2)) +
 392  1/sqrt(power(x('6') -
 393  x('9'), 2) +
 394  power(x('106') -
 395  x('109'), 2) +
 396  power(x('206') -
 397  x('209'), 2)) +
 398  1/sqrt(power(x('7') -
 399  x('8'), 2) +
 400  power(x('107') -
 401  x('108'), 2) +
 402  power(x('207') -
 403  x('208'), 2)) +
 404  1/sqrt(power(x('6') -
 405  x('10'), 2) +
 406  power(x('106') -
 407  x('110'), 2) +
 408  power(x('206') -
 409  x('210'), 2)) +
 410  1/sqrt(power(x('2') -
 411  x('14'), 2) +
 412  power(x('102') -
 413  x('114'), 2) +
 414  power(x('202') -
 415  x('214'), 2)) +
 416  1/sqrt(power(x('7') -
 417  x('9'), 2) +
 418  power(x('107') -
 419  x('109'), 2) +
 420  power(x('207') -
 421  x('209'), 2)) +
 422  1/sqrt(power(x('5') -
 423  x('11'), 2) +
 424  power(x('105') -
 425  x('111'), 2) +
 426  power(x('205') -
 427  x('211'), 2)) +
 428  1/sqrt(power(x('3') -
 429  x('13'), 2) +
 430  power(x('103') -
 431  x('113'), 2) +
 432  power(x('203') -
 433  x('213'), 2)) +
 434  1/sqrt(power(x('4') -
 435  x('12'), 2) +
 436  power(x('104') -
 437  x('112'), 2) +
 438  power(x('204') -
 439  x('212'), 2)) +
 440  1/sqrt(power(x('1') -
 441  x('15'), 2) +
 442  power(x('101') -
 443  x('115'), 2) +
 444  power(x('201') -
 445  x('215'), 2)) +
 446  1/sqrt(power(x('2') -
 447  x('15'), 2) +
 448  power(x('102') -
 449  x('115'), 2) +
 450  power(x('202') -
 451  x('215'), 2)) +
 452  1/sqrt(power(x('8') -
 453  x('9'), 2) +
 454  power(x('108') -
 455  x('109'), 2) +
 456  power(x('208') -
 457  x('209'), 2)) +
 458  1/sqrt(power(x('6') -
 459  x('11'), 2) +
 460  power(x('106') -
 461  x('111'), 2) +
 462  power(x('206') -
 463  x('211'), 2)) +
 464  1/sqrt(power(x('1') -
 465  x('16'), 2) +
 466  power(x('101') -
 467  x('116'), 2) +
 468  power(x('201') -
 469  x('216'), 2)) +
 470  1/sqrt(power(x('3') -
 471  x('14'), 2) +
 472  power(x('103') -
 473  x('114'), 2) +
 474  power(x('203') -
 475  x('214'), 2)) +
 476  1/sqrt(power(x('5') -
 477  x('12'), 2) +
 478  power(x('105') -
 479  x('112'), 2) +
 480  power(x('205') -
 481  x('212'), 2)) +
 482  1/sqrt(power(x('4') -
 483  x('13'), 2) +
 484  power(x('104') -
 485  x('113'), 2) +
 486  power(x('204') -
 487  x('213'), 2)) +
 488  1/sqrt(power(x('7') -
 489  x('10'), 2) +
 490  power(x('107') -
 491  x('110'), 2) +
 492  power(x('207') -
 493  x('210'), 2)) +
 494  1/sqrt(power(x('3') -
 495  x('15'), 2) +
 496  power(x('103') -
 497  x('115'), 2) +
 498  power(x('203') -
 499  x('215'), 2)) +
 500  1/sqrt(power(x('8') -
 501  x('10'), 2) +
 502  power(x('108') -
 503  x('110'), 2) +
 504  power(x('208') -
 505  x('210'), 2)) +
 506  1/sqrt(power(x('4') -
 507  x('14'), 2) +
 508  power(x('104') -
 509  x('114'), 2) +
 510  power(x('204') -
 511  x('214'), 2)) +
 512  1/sqrt(power(x('5') -
 513  x('13'), 2) +
 514  power(x('105') -
 515  x('113'), 2) +
 516  power(x('205') -
 517  x('213'), 2)) +
 518  1/sqrt(power(x('2') -
 519  x('16'), 2) +
 520  power(x('102') -
 521  x('116'), 2) +
 522  power(x('202') -
 523  x('216'), 2)) +
 524  1/sqrt(power(x('1') -
 525  x('17'), 2) +
 526  power(x('101') -
 527  x('117'), 2) +
 528  power(x('201') -
 529  x('217'), 2)) +
 530  1/sqrt(power(x('7') -
 531  x('11'), 2) +
 532  power(x('107') -
 533  x('111'), 2) +
 534  power(x('207') -
 535  x('211'), 2)) +
 536  1/sqrt(power(x('6') -
 537  x('12'), 2) +
 538  power(x('106') -
 539  x('112'), 2) +
 540  power(x('206') -
 541  x('212'), 2)) +
 542  1/sqrt(power(x('8') -
 543  x('11'), 2) +
 544  power(x('108') -
 545  x('111'), 2) +
 546  power(x('208') -
 547  x('211'), 2)) +
 548  1/sqrt(power(x('3') -
 549  x('16'), 2) +
 550  power(x('103') -
 551  x('116'), 2) +
 552  power(x('203') -
 553  x('216'), 2)) +
 554  1/sqrt(power(x('9') -
 555  x('10'), 2) +
 556  power(x('109') -
 557  x('110'), 2) +
 558  power(x('209') -
 559  x('210'), 2)) +
 560  1/sqrt(power(x('2') -
 561  x('17'), 2) +
 562  power(x('102') -
 563  x('117'), 2) +
 564  power(x('202') -
 565  x('217'), 2)) +
 566  1/sqrt(power(x('1') -
 567  x('18'), 2) +
 568  power(x('101') -
 569  x('118'), 2) +
 570  power(x('201') -
 571  x('218'), 2)) +
 572  1/sqrt(power(x('7') -
 573  x('12'), 2) +
 574  power(x('107') -
 575  x('112'), 2) +
 576  power(x('207') -
 577  x('212'), 2)) +
 578  1/sqrt(power(x('4') -
 579  x('15'), 2) +
 580  power(x('104') -
 581  x('115'), 2) +
 582  power(x('204') -
 583  x('215'), 2)) +
 584  1/sqrt(power(x('6') -
 585  x('13'), 2) +
 586  power(x('106') -
 587  x('113'), 2) +
 588  power(x('206') -
 589  x('213'), 2)) +
 590  1/sqrt(power(x('5') -
 591  x('14'), 2) +
 592  power(x('105') -
 593  x('114'), 2) +
 594  power(x('205') -
 595  x('214'), 2)) +
 596  1/sqrt(power(x('4') -
 597  x('16'), 2) +
 598  power(x('104') -
 599  x('116'), 2) +
 600  power(x('204') -
 601  x('216'), 2)) +
 602  1/sqrt(power(x('8') -
 603  x('12'), 2) +
 604  power(x('108') -
 605  x('112'), 2) +
 606  power(x('208') -
 607  x('212'), 2)) +
 608  1/sqrt(power(x('5') -
 609  x('15'), 2) +
 610  power(x('105') -
 611  x('115'), 2) +
 612  power(x('205') -
 613  x('215'), 2)) +
 614  1/sqrt(power(x('7') -
 615  x('13'), 2) +
 616  power(x('107') -
 617  x('113'), 2) +
 618  power(x('207') -
 619  x('213'), 2)) +
 620  1/sqrt(power(x('9') -
 621  x('11'), 2) +
 622  power(x('109') -
 623  x('111'), 2) +
 624  power(x('209') -
 625  x('211'), 2)) +
 626  1/sqrt(power(x('3') -
 627  x('17'), 2) +
 628  power(x('103') -
 629  x('117'), 2) +
 630  power(x('203') -
 631  x('217'), 2)) +
 632  1/sqrt(power(x('1') -
 633  x('19'), 2) +
 634  power(x('101') -
 635  x('119'), 2) +
 636  power(x('201') -
 637  x('219'), 2)) +
 638  1/sqrt(power(x('6') -
 639  x('14'), 2) +
 640  power(x('106') -
 641  x('114'), 2) +
 642  power(x('206') -
 643  x('214'), 2)) +
 644  1/sqrt(power(x('2') -
 645  x('18'), 2) +
 646  power(x('102') -
 647  x('118'), 2) +
 648  power(x('202') -
 649  x('218'), 2)) +
 650  1/sqrt(power(x('9') -
 651  x('12'), 2) +
 652  power(x('109') -
 653  x('112'), 2) +
 654  power(x('209') -
 655  x('212'), 2)) +
 656  1/sqrt(power(x('10') -
 657  x('11'), 2) +
 658  power(x('110') -
 659  x('111'), 2) +
 660  power(x('210') -
 661  x('211'), 2)) +
 662  1/sqrt(power(x('5') -
 663  x('16'), 2) +
 664  power(x('105') -
 665  x('116'), 2) +
 666  power(x('205') -
 667  x('216'), 2)) +
 668  1/sqrt(power(x('8') -
 669  x('13'), 2) +
 670  power(x('108') -
 671  x('113'), 2) +
 672  power(x('208') -
 673  x('213'), 2)) +
 674  1/sqrt(power(x('6') -
 675  x('15'), 2) +
 676  power(x('106') -
 677  x('115'), 2) +
 678  power(x('206') -
 679  x('215'), 2)) +
 680  1/sqrt(power(x('7') -
 681  x('14'), 2) +
 682  power(x('107') -
 683  x('114'), 2) +
 684  power(x('207') -
 685  x('214'), 2)) +
 686  1/sqrt(power(x('1') -
 687  x('20'), 2) +
 688  power(x('101') -
 689  x('120'), 2) +
 690  power(x('201') -
 691  x('220'), 2)) +
 692  1/sqrt(power(x('4') -
 693  x('17'), 2) +
 694  power(x('104') -
 695  x('117'), 2) +
 696  power(x('204') -
 697  x('217'), 2)) +
 698  1/sqrt(power(x('2') -
 699  x('19'), 2) +
 700  power(x('102') -
 701  x('119'), 2) +
 702  power(x('202') -
 703  x('219'), 2)) +
 704  1/sqrt(power(x('3') -
 705  x('18'), 2) +
 706  power(x('103') -
 707  x('118'), 2) +
 708  power(x('203') -
 709  x('218'), 2)) +
 710  1/sqrt(power(x('1') -
 711  x('21'), 2) +
 712  power(x('101') -
 713  x('121'), 2) +
 714  power(x('201') -
 715  x('221'), 2)) +
 716  1/sqrt(power(x('5') -
 717  x('17'), 2) +
 718  power(x('105') -
 719  x('117'), 2) +
 720  power(x('205') -
 721  x('217'), 2)) +
 722  1/sqrt(power(x('9') -
 723  x('13'), 2) +
 724  power(x('109') -
 725  x('113'), 2) +
 726  power(x('209') -
 727  x('213'), 2)) +
 728  1/sqrt(power(x('2') -
 729  x('20'), 2) +
 730  power(x('102') -
 731  x('120'), 2) +
 732  power(x('202') -
 733  x('220'), 2)) +
 734  1/sqrt(power(x('4') -
 735  x('18'), 2) +
 736  power(x('104') -
 737  x('118'), 2) +
 738  power(x('204') -
 739  x('218'), 2)) +
 740  1/sqrt(power(x('6') -
 741  x('16'), 2) +
 742  power(x('106') -
 743  x('116'), 2) +
 744  power(x('206') -
 745  x('216'), 2)) +
 746  1/sqrt(power(x('3') -
 747  x('19'), 2) +
 748  power(x('103') -
 749  x('119'), 2) +
 750  power(x('203') -
 751  x('219'), 2)) +
 752  1/sqrt(power(x('8') -
 753  x('14'), 2) +
 754  power(x('108') -
 755  x('114'), 2) +
 756  power(x('208') -
 757  x('214'), 2)) +
 758  1/sqrt(power(x('10') -
 759  x('12'), 2) +
 760  power(x('110') -
 761  x('112'), 2) +
 762  power(x('210') -
 763  x('212'), 2)) +
 764  1/sqrt(power(x('7') -
 765  x('15'), 2) +
 766  power(x('107') -
 767  x('115'), 2) +
 768  power(x('207') -
 769  x('215'), 2)) +
 770  1/sqrt(power(x('10') -
 771  x('13'), 2) +
 772  power(x('110') -
 773  x('113'), 2) +
 774  power(x('210') -
 775  x('213'), 2)) +
 776  1/sqrt(power(x('11') -
 777  x('12'), 2) +
 778  power(x('111') -
 779  x('112'), 2) +
 780  power(x('211') -
 781  x('212'), 2)) +
 782  1/sqrt(power(x('6') -
 783  x('17'), 2) +
 784  power(x('106') -
 785  x('117'), 2) +
 786  power(x('206') -
 787  x('217'), 2)) +
 788  1/sqrt(power(x('9') -
 789  x('14'), 2) +
 790  power(x('109') -
 791  x('114'), 2) +
 792  power(x('209') -
 793  x('214'), 2)) +
 794  1/sqrt(power(x('2') -
 795  x('21'), 2) +
 796  power(x('102') -
 797  x('121'), 2) +
 798  power(x('202') -
 799  x('221'), 2)) +
 800  1/sqrt(power(x('7') -
 801  x('16'), 2) +
 802  power(x('107') -
 803  x('116'), 2) +
 804  power(x('207') -
 805  x('216'), 2)) +
 806  1/sqrt(power(x('8') -
 807  x('15'), 2) +
 808  power(x('108') -
 809  x('115'), 2) +
 810  power(x('208') -
 811  x('215'), 2)) +
 812  1/sqrt(power(x('5') -
 813  x('18'), 2) +
 814  power(x('105') -
 815  x('118'), 2) +
 816  power(x('205') -
 817  x('218'), 2)) +
 818  1/sqrt(power(x('3') -
 819  x('20'), 2) +
 820  power(x('103') -
 821  x('120'), 2) +
 822  power(x('203') -
 823  x('220'), 2)) +
 824  1/sqrt(power(x('4') -
 825  x('19'), 2) +
 826  power(x('104') -
 827  x('119'), 2) +
 828  power(x('204') -
 829  x('219'), 2)) +
 830  1/sqrt(power(x('1') -
 831  x('22'), 2) +
 832  power(x('101') -
 833  x('122'), 2) +
 834  power(x('201') -
 835  x('222'), 2)) +
 836  1/sqrt(power(x('10') -
 837  x('14'), 2) +
 838  power(x('110') -
 839  x('114'), 2) +
 840  power(x('210') -
 841  x('214'), 2)) +
 842  1/sqrt(power(x('9') -
 843  x('15'), 2) +
 844  power(x('109') -
 845  x('115'), 2) +
 846  power(x('209') -
 847  x('215'), 2)) +
 848  1/sqrt(power(x('2') -
 849  x('22'), 2) +
 850  power(x('102') -
 851  x('122'), 2) +
 852  power(x('202') -
 853  x('222'), 2)) +
 854  1/sqrt(power(x('11') -
 855  x('13'), 2) +
 856  power(x('111') -
 857  x('113'), 2) +
 858  power(x('211') -
 859  x('213'), 2)) +
 860  1/sqrt(power(x('8') -
 861  x('16'), 2) +
 862  power(x('108') -
 863  x('116'), 2) +
 864  power(x('208') -
 865  x('216'), 2)) +
 866  1/sqrt(power(x('1') -
 867  x('23'), 2) +
 868  power(x('101') -
 869  x('123'), 2) +
 870  power(x('201') -
 871  x('223'), 2)) +
 872  1/sqrt(power(x('6') -
 873  x('18'), 2) +
 874  power(x('106') -
 875  x('118'), 2) +
 876  power(x('206') -
 877  x('218'), 2)) +
 878  1/sqrt(power(x('3') -
 879  x('21'), 2) +
 880  power(x('103') -
 881  x('121'), 2) +
 882  power(x('203') -
 883  x('221'), 2)) +
 884  1/sqrt(power(x('5') -
 885  x('19'), 2) +
 886  power(x('105') -
 887  x('119'), 2) +
 888  power(x('205') -
 889  x('219'), 2)) +
 890  1/sqrt(power(x('4') -
 891  x('20'), 2) +
 892  power(x('104') -
 893  x('120'), 2) +
 894  power(x('204') -
 895  x('220'), 2)) +
 896  1/sqrt(power(x('7') -
 897  x('17'), 2) +
 898  power(x('107') -
 899  x('117'), 2) +
 900  power(x('207') -
 901  x('217'), 2)) +
 902  1/sqrt(power(x('11') -
 903  x('14'), 2) +
 904  power(x('111') -
 905  x('114'), 2) +
 906  power(x('211') -
 907  x('214'), 2)) +
 908  1/sqrt(power(x('3') -
 909  x('22'), 2) +
 910  power(x('103') -
 911  x('122'), 2) +
 912  power(x('203') -
 913  x('222'), 2)) +
 914  1/sqrt(power(x('7') -
 915  x('18'), 2) +
 916  power(x('107') -
 917  x('118'), 2) +
 918  power(x('207') -
 919  x('218'), 2)) +
 920  1/sqrt(power(x('12') -
 921  x('13'), 2) +
 922  power(x('112') -
 923  x('113'), 2) +
 924  power(x('212') -
 925  x('213'), 2)) +
 926  1/sqrt(power(x('10') -
 927  x('15'), 2) +
 928  power(x('110') -
 929  x('115'), 2) +
 930  power(x('210') -
 931  x('215'), 2)) +
 932  1/sqrt(power(x('2') -
 933  x('23'), 2) +
 934  power(x('102') -
 935  x('123'), 2) +
 936  power(x('202') -
 937  x('223'), 2)) +
 938  1/sqrt(power(x('8') -
 939  x('17'), 2) +
 940  power(x('108') -
 941  x('117'), 2) +
 942  power(x('208') -
 943  x('217'), 2)) +
 944  1/sqrt(power(x('4') -
 945  x('21'), 2) +
 946  power(x('104') -
 947  x('121'), 2) +
 948  power(x('204') -
 949  x('221'), 2)) +
 950  1/sqrt(power(x('6') -
 951  x('19'), 2) +
 952  power(x('106') -
 953  x('119'), 2) +
 954  power(x('206') -
 955  x('219'), 2)) +
 956  1/sqrt(power(x('9') -
 957  x('16'), 2) +
 958  power(x('109') -
 959  x('116'), 2) +
 960  power(x('209') -
 961  x('216'), 2)) +
 962  1/sqrt(power(x('1') -
 963  x('24'), 2) +
 964  power(x('101') -
 965  x('124'), 2) +
 966  power(x('201') -
 967  x('224'), 2)) +
 968  1/sqrt(power(x('5') -
 969  x('20'), 2) +
 970  power(x('105') -
 971  x('120'), 2) +
 972  power(x('205') -
 973  x('220'), 2)) +
 974  1/sqrt(power(x('4') -
 975  x('22'), 2) +
 976  power(x('104') -
 977  x('122'), 2) +
 978  power(x('204') -
 979  x('222'), 2)) +
 980  1/sqrt(power(x('7') -
 981  x('19'), 2) +
 982  power(x('107') -
 983  x('119'), 2) +
 984  power(x('207') -
 985  x('219'), 2)) +
 986  1/sqrt(power(x('5') -
 987  x('21'), 2) +
 988  power(x('105') -
 989  x('121'), 2) +
 990  power(x('205') -
 991  x('221'), 2)) +
 992  1/sqrt(power(x('6') -
 993  x('20'), 2) +
 994  power(x('106') -
 995  x('120'), 2) +
 996  power(x('206') -
 997  x('220'), 2)) +
 998  1/sqrt(power(x('3') -
 999  x('23'), 2) +
1000  power(x('103') -
1001  x('123'), 2) +
1002  power(x('203') -
1003  x('223'), 2)) +
1004  1/sqrt(power(x('11') -
1005  x('15'), 2) +
1006  power(x('111') -
1007  x('115'), 2) +
1008  power(x('211') -
1009  x('215'), 2)) +
1010  1/sqrt(power(x('1') -
1011  x('25'), 2) +
1012  power(x('101') -
1013  x('125'), 2) +
1014  power(x('201') -
1015  x('225'), 2)) +
1016  1/sqrt(power(x('8') -
1017  x('18'), 2) +
1018  power(x('108') -
1019  x('118'), 2) +
1020  power(x('208') -
1021  x('218'), 2)) +
1022  1/sqrt(power(x('2') -
1023  x('24'), 2) +
1024  power(x('102') -
1025  x('124'), 2) +
1026  power(x('202') -
1027  x('224'), 2)) +
1028  1/sqrt(power(x('10') -
1029  x('16'), 2) +
1030  power(x('110') -
1031  x('116'), 2) +
1032  power(x('210') -
1033  x('216'), 2)) +
1034  1/sqrt(power(x('9') -
1035  x('17'), 2) +
1036  power(x('109') -
1037  x('117'), 2) +
1038  power(x('209') -
1039  x('217'), 2)) +
1040  1/sqrt(power(x('12') -
1041  x('14'), 2) +
1042  power(x('112') -
1043  x('114'), 2) +
1044  power(x('212') -
1045  x('214'), 2)) +
1046  1/sqrt(power(x('12') -
1047  x('15'), 2) +
1048  power(x('112') -
1049  x('115'), 2) +
1050  power(x('212') -
1051  x('215'), 2)) +
1052  1/sqrt(power(x('8') -
1053  x('19'), 2) +
1054  power(x('108') -
1055  x('119'), 2) +
1056  power(x('208') -
1057  x('219'), 2)) +
1058  1/sqrt(power(x('13') -
1059  x('14'), 2) +
1060  power(x('113') -
1061  x('114'), 2) +
1062  power(x('213') -
1063  x('214'), 2)) +
1064  1/sqrt(power(x('11') -
1065  x('16'), 2) +
1066  power(x('111') -
1067  x('116'), 2) +
1068  power(x('211') -
1069  x('216'), 2)) +
1070  1/sqrt(power(x('7') -
1071  x('20'), 2) +
1072  power(x('107') -
1073  x('120'), 2) +
1074  power(x('207') -
1075  x('220'), 2)) +
1076  1/sqrt(power(x('9') -
1077  x('18'), 2) +
1078  power(x('109') -
1079  x('118'), 2) +
1080  power(x('209') -
1081  x('218'), 2)) +
1082  1/sqrt(power(x('6') -
1083  x('21'), 2) +
1084  power(x('106') -
1085  x('121'), 2) +
1086  power(x('206') -
1087  x('221'), 2)) +
1088  1/sqrt(power(x('10') -
1089  x('17'), 2) +
1090  power(x('110') -
1091  x('117'), 2) +
1092  power(x('210') -
1093  x('217'), 2)) +
1094  1/sqrt(power(x('4') -
1095  x('23'), 2) +
1096  power(x('104') -
1097  x('123'), 2) +
1098  power(x('204') -
1099  x('223'), 2)) +
1100  1/sqrt(power(x('1') -
1101  x('26'), 2) +
1102  power(x('101') -
1103  x('126'), 2) +
1104  power(x('201') -
1105  x('226'), 2)) +
1106  1/sqrt(power(x('3') -
1107  x('24'), 2) +
1108  power(x('103') -
1109  x('124'), 2) +
1110  power(x('203') -
1111  x('224'), 2)) +
1112  1/sqrt(power(x('2') -
1113  x('25'), 2) +
1114  power(x('102') -
1115  x('125'), 2) +
1116  power(x('202') -
1117  x('225'), 2)) +
1118  1/sqrt(power(x('5') -
1119  x('22'), 2) +
1120  power(x('105') -
1121  x('122'), 2) +
1122  power(x('205') -
1123  x('222'), 2)) +
1124  1/sqrt(power(x('12') -
1125  x('16'), 2) +
1126  power(x('112') -
1127  x('116'), 2) +
1128  power(x('212') -
1129  x('216'), 2)) +
1130  1/sqrt(power(x('9') -
1131  x('19'), 2) +
1132  power(x('109') -
1133  x('119'), 2) +
1134  power(x('209') -
1135  x('219'), 2)) +
1136  1/sqrt(power(x('5') -
1137  x('23'), 2) +
1138  power(x('105') -
1139  x('123'), 2) +
1140  power(x('205') -
1141  x('223'), 2)) +
1142  1/sqrt(power(x('11') -
1143  x('17'), 2) +
1144  power(x('111') -
1145  x('117'), 2) +
1146  power(x('211') -
1147  x('217'), 2)) +
1148  1/sqrt(power(x('10') -
1149  x('18'), 2) +
1150  power(x('110') -
1151  x('118'), 2) +
1152  power(x('210') -
1153  x('218'), 2)) +
1154  1/sqrt(power(x('13') -
1155  x('15'), 2) +
1156  power(x('113') -
1157  x('115'), 2) +
1158  power(x('213') -
1159  x('215'), 2)) +
1160  1/sqrt(power(x('8') -
1161  x('20'), 2) +
1162  power(x('108') -
1163  x('120'), 2) +
1164  power(x('208') -
1165  x('220'), 2)) +
1166  1/sqrt(power(x('4') -
1167  x('24'), 2) +
1168  power(x('104') -
1169  x('124'), 2) +
1170  power(x('204') -
1171  x('224'), 2)) +
1172  1/sqrt(power(x('6') -
1173  x('22'), 2) +
1174  power(x('106') -
1175  x('122'), 2) +
1176  power(x('206') -
1177  x('222'), 2)) +
1178  1/sqrt(power(x('3') -
1179  x('25'), 2) +
1180  power(x('103') -
1181  x('125'), 2) +
1182  power(x('203') -
1183  x('225'), 2)) +
1184  1/sqrt(power(x('7') -
1185  x('21'), 2) +
1186  power(x('107') -
1187  x('121'), 2) +
1188  power(x('207') -
1189  x('221'), 2)) +
1190  1/sqrt(power(x('1') -
1191  x('27'), 2) +
1192  power(x('101') -
1193  x('127'), 2) +
1194  power(x('201') -
1195  x('227'), 2)) +
1196  1/sqrt(power(x('2') -
1197  x('26'), 2) +
1198  power(x('102') -
1199  x('126'), 2) +
1200  power(x('202') -
1201  x('226'), 2)) +
1202  1/sqrt(power(x('9') -
1203  x('20'), 2) +
1204  power(x('109') -
1205  x('120'), 2) +
1206  power(x('209') -
1207  x('220'), 2)) +
1208  1/sqrt(power(x('13') -
1209  x('16'), 2) +
1210  power(x('113') -
1211  x('116'), 2) +
1212  power(x('213') -
1213  x('216'), 2)) +
1214  1/sqrt(power(x('6') -
1215  x('23'), 2) +
1216  power(x('106') -
1217  x('123'), 2) +
1218  power(x('206') -
1219  x('223'), 2)) +
1220  1/sqrt(power(x('2') -
1221  x('27'), 2) +
1222  power(x('102') -
1223  x('127'), 2) +
1224  power(x('202') -
1225  x('227'), 2)) +
1226  1/sqrt(power(x('14') -
1227  x('15'), 2) +
1228  power(x('114') -
1229  x('115'), 2) +
1230  power(x('214') -
1231  x('215'), 2)) +
1232  1/sqrt(power(x('8') -
1233  x('21'), 2) +
1234  power(x('108') -
1235  x('121'), 2) +
1236  power(x('208') -
1237  x('221'), 2)) +
1238  1/sqrt(power(x('7') -
1239  x('22'), 2) +
1240  power(x('107') -
1241  x('122'), 2) +
1242  power(x('207') -
1243  x('222'), 2)) +
1244  1/sqrt(power(x('10') -
1245  x('19'), 2) +
1246  power(x('110') -
1247  x('119'), 2) +
1248  power(x('210') -
1249  x('219'), 2)) +
1250  1/sqrt(power(x('12') -
1251  x('17'), 2) +
1252  power(x('112') -
1253  x('117'), 2) +
1254  power(x('212') -
1255  x('217'), 2)) +
1256  1/sqrt(power(x('5') -
1257  x('24'), 2) +
1258  power(x('105') -
1259  x('124'), 2) +
1260  power(x('205') -
1261  x('224'), 2)) +
1262  1/sqrt(power(x('11') -
1263  x('18'), 2) +
1264  power(x('111') -
1265  x('118'), 2) +
1266  power(x('211') -
1267  x('218'), 2)) +
1268  1/sqrt(power(x('3') -
1269  x('26'), 2) +
1270  power(x('103') -
1271  x('126'), 2) +
1272  power(x('203') -
1273  x('226'), 2)) +
1274  1/sqrt(power(x('1') -
1275  x('28'), 2) +
1276  power(x('101') -
1277  x('128'), 2) +
1278  power(x('201') -
1279  x('228'), 2)) +
1280  1/sqrt(power(x('4') -
1281  x('25'), 2) +
1282  power(x('104') -
1283  x('125'), 2) +
1284  power(x('204') -
1285  x('225'), 2)) +
1286  1/sqrt(power(x('6') -
1287  x('24'), 2) +
1288  power(x('106') -
1289  x('124'), 2) +
1290  power(x('206') -
1291  x('224'), 2)) +
1292  1/sqrt(power(x('3') -
1293  x('27'), 2) +
1294  power(x('103') -
1295  x('127'), 2) +
1296  power(x('203') -
1297  x('227'), 2)) +
1298  1/sqrt(power(x('13') -
1299  x('17'), 2) +
1300  power(x('113') -
1301  x('117'), 2) +
1302  power(x('213') -
1303  x('217'), 2)) +
1304  1/sqrt(power(x('5') -
1305  x('25'), 2) +
1306  power(x('105') -
1307  x('125'), 2) +
1308  power(x('205') -
1309  x('225'), 2)) +
1310  1/sqrt(power(x('4') -
1311  x('26'), 2) +
1312  power(x('104') -
1313  x('126'), 2) +
1314  power(x('204') -
1315  x('226'), 2)) +
1316  1/sqrt(power(x('11') -
1317  x('19'), 2) +
1318  power(x('111') -
1319  x('119'), 2) +
1320  power(x('211') -
1321  x('219'), 2)) +
1322  1/sqrt(power(x('12') -
1323  x('18'), 2) +
1324  power(x('112') -
1325  x('118'), 2) +
1326  power(x('212') -
1327  x('218'), 2)) +
1328  1/sqrt(power(x('7') -
1329  x('23'), 2) +
1330  power(x('107') -
1331  x('123'), 2) +
1332  power(x('207') -
1333  x('223'), 2)) +
1334  1/sqrt(power(x('2') -
1335  x('28'), 2) +
1336  power(x('102') -
1337  x('128'), 2) +
1338  power(x('202') -
1339  x('228'), 2)) +
1340  1/sqrt(power(x('14') -
1341  x('16'), 2) +
1342  power(x('114') -
1343  x('116'), 2) +
1344  power(x('214') -
1345  x('216'), 2)) +
1346  1/sqrt(power(x('8') -
1347  x('22'), 2) +
1348  power(x('108') -
1349  x('122'), 2) +
1350  power(x('208') -
1351  x('222'), 2)) +
1352  1/sqrt(power(x('1') -
1353  x('29'), 2) +
1354  power(x('101') -
1355  x('129'), 2) +
1356  power(x('201') -
1357  x('229'), 2)) +
1358  1/sqrt(power(x('10') -
1359  x('20'), 2) +
1360  power(x('110') -
1361  x('120'), 2) +
1362  power(x('210') -
1363  x('220'), 2)) +
1364  1/sqrt(power(x('9') -
1365  x('21'), 2) +
1366  power(x('109') -
1367  x('121'), 2) +
1368  power(x('209') -
1369  x('221'), 2)) +
1370  1/sqrt(power(x('15') -
1371  x('16'), 2) +
1372  power(x('115') -
1373  x('116'), 2) +
1374  power(x('215') -
1375  x('216'), 2)) +
1376  1/sqrt(power(x('3') -
1377  x('28'), 2) +
1378  power(x('103') -
1379  x('128'), 2) +
1380  power(x('203') -
1381  x('228'), 2)) +
1382  1/sqrt(power(x('7') -
1383  x('24'), 2) +
1384  power(x('107') -
1385  x('124'), 2) +
1386  power(x('207') -
1387  x('224'), 2)) +
1388  1/sqrt(power(x('10') -
1389  x('21'), 2) +
1390  power(x('110') -
1391  x('121'), 2) +
1392  power(x('210') -
1393  x('221'), 2)) +
1394  1/sqrt(power(x('2') -
1395  x('29'), 2) +
1396  power(x('102') -
1397  x('129'), 2) +
1398  power(x('202') -
1399  x('229'), 2)) +
1400  1/sqrt(power(x('1') -
1401  x('30'), 2) +
1402  power(x('101') -
1403  x('130'), 2) +
1404  power(x('201') -
1405  x('230'), 2)) +
1406  1/sqrt(power(x('14') -
1407  x('17'), 2) +
1408  power(x('114') -
1409  x('117'), 2) +
1410  power(x('214') -
1411  x('217'), 2)) +
1412  1/sqrt(power(x('4') -
1413  x('27'), 2) +
1414  power(x('104') -
1415  x('127'), 2) +
1416  power(x('204') -
1417  x('227'), 2)) +
1418  1/sqrt(power(x('8') -
1419  x('23'), 2) +
1420  power(x('108') -
1421  x('123'), 2) +
1422  power(x('208') -
1423  x('223'), 2)) +
1424  1/sqrt(power(x('9') -
1425  x('22'), 2) +
1426  power(x('109') -
1427  x('122'), 2) +
1428  power(x('209') -
1429  x('222'), 2)) +
1430  1/sqrt(power(x('6') -
1431  x('25'), 2) +
1432  power(x('106') -
1433  x('125'), 2) +
1434  power(x('206') -
1435  x('225'), 2)) +
1436  1/sqrt(power(x('5') -
1437  x('26'), 2) +
1438  power(x('105') -
1439  x('126'), 2) +
1440  power(x('205') -
1441  x('226'), 2)) +
1442  1/sqrt(power(x('11') -
1443  x('20'), 2) +
1444  power(x('111') -
1445  x('120'), 2) +
1446  power(x('211') -
1447  x('220'), 2)) +
1448  1/sqrt(power(x('13') -
1449  x('18'), 2) +
1450  power(x('113') -
1451  x('118'), 2) +
1452  power(x('213') -
1453  x('218'), 2)) +
1454  1/sqrt(power(x('12') -
1455  x('19'), 2) +
1456  power(x('112') -
1457  x('119'), 2) +
1458  power(x('212') -
1459  x('219'), 2)) +
1460  1/sqrt(power(x('15') -
1461  x('17'), 2) +
1462  power(x('115') -
1463  x('117'), 2) +
1464  power(x('215') -
1465  x('217'), 2)) +
1466  1/sqrt(power(x('11') -
1467  x('21'), 2) +
1468  power(x('111') -
1469  x('121'), 2) +
1470  power(x('211') -
1471  x('221'), 2)) +
1472  1/sqrt(power(x('14') -
1473  x('18'), 2) +
1474  power(x('114') -
1475  x('118'), 2) +
1476  power(x('214') -
1477  x('218'), 2)) +
1478  1/sqrt(power(x('8') -
1479  x('24'), 2) +
1480  power(x('108') -
1481  x('124'), 2) +
1482  power(x('208') -
1483  x('224'), 2)) +
1484  1/sqrt(power(x('12') -
1485  x('20'), 2) +
1486  power(x('112') -
1487  x('120'), 2) +
1488  power(x('212') -
1489  x('220'), 2)) +
1490  1/sqrt(power(x('10') -
1491  x('22'), 2) +
1492  power(x('110') -
1493  x('122'), 2) +
1494  power(x('210') -
1495  x('222'), 2)) +
1496  1/sqrt(power(x('13') -
1497  x('19'), 2) +
1498  power(x('113') -
1499  x('119'), 2) +
1500  power(x('213') -
1501  x('219'), 2)) +
1502  1/sqrt(power(x('9') -
1503  x('23'), 2) +
1504  power(x('109') -
1505  x('123'), 2) +
1506  power(x('209') -
1507  x('223'), 2)) +
1508  1/sqrt(power(x('4') -
1509  x('28'), 2) +
1510  power(x('104') -
1511  x('128'), 2) +
1512  power(x('204') -
1513  x('228'), 2)) +
1514  1/sqrt(power(x('7') -
1515  x('25'), 2) +
1516  power(x('107') -
1517  x('125'), 2) +
1518  power(x('207') -
1519  x('225'), 2)) +
1520  1/sqrt(power(x('1') -
1521  x('31'), 2) +
1522  power(x('101') -
1523  x('131'), 2) +
1524  power(x('201') -
1525  x('231'), 2)) +
1526  1/sqrt(power(x('5') -
1527  x('27'), 2) +
1528  power(x('105') -
1529  x('127'), 2) +
1530  power(x('205') -
1531  x('227'), 2)) +
1532  1/sqrt(power(x('3') -
1533  x('29'), 2) +
1534  power(x('103') -
1535  x('129'), 2) +
1536  power(x('203') -
1537  x('229'), 2)) +
1538  1/sqrt(power(x('6') -
1539  x('26'), 2) +
1540  power(x('106') -
1541  x('126'), 2) +
1542  power(x('206') -
1543  x('226'), 2)) +
1544  1/sqrt(power(x('2') -
1545  x('30'), 2) +
1546  power(x('102') -
1547  x('130'), 2) +
1548  power(x('202') -
1549  x('230'), 2)) +
1550  1/sqrt(power(x('15') -
1551  x('18'), 2) +
1552  power(x('115') -
1553  x('118'), 2) +
1554  power(x('215') -
1555  x('218'), 2)) +
1556  1/sqrt(power(x('12') -
1557  x('21'), 2) +
1558  power(x('112') -
1559  x('121'), 2) +
1560  power(x('212') -
1561  x('221'), 2)) +
1562  1/sqrt(power(x('16') -
1563  x('17'), 2) +
1564  power(x('116') -
1565  x('117'), 2) +
1566  power(x('216') -
1567  x('217'), 2)) +
1568  1/sqrt(power(x('14') -
1569  x('19'), 2) +
1570  power(x('114') -
1571  x('119'), 2) +
1572  power(x('214') -
1573  x('219'), 2)) +
1574  1/sqrt(power(x('8') -
1575  x('25'), 2) +
1576  power(x('108') -
1577  x('125'), 2) +
1578  power(x('208') -
1579  x('225'), 2)) +
1580  1/sqrt(power(x('13') -
1581  x('20'), 2) +
1582  power(x('113') -
1583  x('120'), 2) +
1584  power(x('213') -
1585  x('220'), 2)) +
1586  1/sqrt(power(x('5') -
1587  x('28'), 2) +
1588  power(x('105') -
1589  x('128'), 2) +
1590  power(x('205') -
1591  x('228'), 2)) +
1592  1/sqrt(power(x('1') -
1593  x('32'), 2) +
1594  power(x('101') -
1595  x('132'), 2) +
1596  power(x('201') -
1597  x('232'), 2)) +
1598  1/sqrt(power(x('7') -
1599  x('26'), 2) +
1600  power(x('107') -
1601  x('126'), 2) +
1602  power(x('207') -
1603  x('226'), 2)) +
1604  1/sqrt(power(x('11') -
1605  x('22'), 2) +
1606  power(x('111') -
1607  x('122'), 2) +
1608  power(x('211') -
1609  x('222'), 2)) +
1610  1/sqrt(power(x('6') -
1611  x('27'), 2) +
1612  power(x('106') -
1613  x('127'), 2) +
1614  power(x('206') -
1615  x('227'), 2)) +
1616  1/sqrt(power(x('9') -
1617  x('24'), 2) +
1618  power(x('109') -
1619  x('124'), 2) +
1620  power(x('209') -
1621  x('224'), 2)) +
1622  1/sqrt(power(x('4') -
1623  x('29'), 2) +
1624  power(x('104') -
1625  x('129'), 2) +
1626  power(x('204') -
1627  x('229'), 2)) +
1628  1/sqrt(power(x('10') -
1629  x('23'), 2) +
1630  power(x('110') -
1631  x('123'), 2) +
1632  power(x('210') -
1633  x('223'), 2)) +
1634  1/sqrt(power(x('2') -
1635  x('31'), 2) +
1636  power(x('102') -
1637  x('131'), 2) +
1638  power(x('202') -
1639  x('231'), 2)) +
1640  1/sqrt(power(x('3') -
1641  x('30'), 2) +
1642  power(x('103') -
1643  x('130'), 2) +
1644  power(x('203') -
1645  x('230'), 2)) +
1646  1/sqrt(power(x('2') -
1647  x('32'), 2) +
1648  power(x('102') -
1649  x('132'), 2) +
1650  power(x('202') -
1651  x('232'), 2)) +
1652  1/sqrt(power(x('5') -
1653  x('29'), 2) +
1654  power(x('105') -
1655  x('129'), 2) +
1656  power(x('205') -
1657  x('229'), 2)) +
1658  1/sqrt(power(x('12') -
1659  x('22'), 2) +
1660  power(x('112') -
1661  x('122'), 2) +
1662  power(x('212') -
1663  x('222'), 2)) +
1664  1/sqrt(power(x('9') -
1665  x('25'), 2) +
1666  power(x('109') -
1667  x('125'), 2) +
1668  power(x('209') -
1669  x('225'), 2)) +
1670  1/sqrt(power(x('3') -
1671  x('31'), 2) +
1672  power(x('103') -
1673  x('131'), 2) +
1674  power(x('203') -
1675  x('231'), 2)) +
1676  1/sqrt(power(x('4') -
1677  x('30'), 2) +
1678  power(x('104') -
1679  x('130'), 2) +
1680  power(x('204') -
1681  x('230'), 2)) +
1682  1/sqrt(power(x('15') -
1683  x('19'), 2) +
1684  power(x('115') -
1685  x('119'), 2) +
1686  power(x('215') -
1687  x('219'), 2)) +
1688  1/sqrt(power(x('1') -
1689  x('33'), 2) +
1690  power(x('101') -
1691  x('133'), 2) +
1692  power(x('201') -
1693  x('233'), 2)) +
1694  1/sqrt(power(x('11') -
1695  x('23'), 2) +
1696  power(x('111') -
1697  x('123'), 2) +
1698  power(x('211') -
1699  x('223'), 2)) +
1700  1/sqrt(power(x('10') -
1701  x('24'), 2) +
1702  power(x('110') -
1703  x('124'), 2) +
1704  power(x('210') -
1705  x('224'), 2)) +
1706  1/sqrt(power(x('13') -
1707  x('21'), 2) +
1708  power(x('113') -
1709  x('121'), 2) +
1710  power(x('213') -
1711  x('221'), 2)) +
1712  1/sqrt(power(x('6') -
1713  x('28'), 2) +
1714  power(x('106') -
1715  x('128'), 2) +
1716  power(x('206') -
1717  x('228'), 2)) +
1718  1/sqrt(power(x('8') -
1719  x('26'), 2) +
1720  power(x('108') -
1721  x('126'), 2) +
1722  power(x('208') -
1723  x('226'), 2)) +
1724  1/sqrt(power(x('14') -
1725  x('20'), 2) +
1726  power(x('114') -
1727  x('120'), 2) +
1728  power(x('214') -
1729  x('220'), 2)) +
1730  1/sqrt(power(x('7') -
1731  x('27'), 2) +
1732  power(x('107') -
1733  x('127'), 2) +
1734  power(x('207') -
1735  x('227'), 2)) +
1736  1/sqrt(power(x('16') -
1737  x('18'), 2) +
1738  power(x('116') -
1739  x('118'), 2) +
1740  power(x('216') -
1741  x('218'), 2)) +
1742  1/sqrt(power(x('6') -
1743  x('29'), 2) +
1744  power(x('106') -
1745  x('129'), 2) +
1746  power(x('206') -
1747  x('229'), 2)) +
1748  1/sqrt(power(x('16') -
1749  x('19'), 2) +
1750  power(x('116') -
1751  x('119'), 2) +
1752  power(x('216') -
1753  x('219'), 2)) +
1754  1/sqrt(power(x('3') -
1755  x('32'), 2) +
1756  power(x('103') -
1757  x('132'), 2) +
1758  power(x('203') -
1759  x('232'), 2)) +
1760  1/sqrt(power(x('9') -
1761  x('26'), 2) +
1762  power(x('109') -
1763  x('126'), 2) +
1764  power(x('209') -
1765  x('226'), 2)) +
1766  1/sqrt(power(x('13') -
1767  x('22'), 2) +
1768  power(x('113') -
1769  x('122'), 2) +
1770  power(x('213') -
1771  x('222'), 2)) +
1772  1/sqrt(power(x('5') -
1773  x('30'), 2) +
1774  power(x('105') -
1775  x('130'), 2) +
1776  power(x('205') -
1777  x('230'), 2)) +
1778  1/sqrt(power(x('7') -
1779  x('28'), 2) +
1780  power(x('107') -
1781  x('128'), 2) +
1782  power(x('207') -
1783  x('228'), 2)) +
1784  1/sqrt(power(x('17') -
1785  x('18'), 2) +
1786  power(x('117') -
1787  x('118'), 2) +
1788  power(x('217') -
1789  x('218'), 2)) +
1790  1/sqrt(power(x('4') -
1791  x('31'), 2) +
1792  power(x('104') -
1793  x('131'), 2) +
1794  power(x('204') -
1795  x('231'), 2)) +
1796  1/sqrt(power(x('8') -
1797  x('27'), 2) +
1798  power(x('108') -
1799  x('127'), 2) +
1800  power(x('208') -
1801  x('227'), 2)) +
1802  1/sqrt(power(x('15') -
1803  x('20'), 2) +
1804  power(x('115') -
1805  x('120'), 2) +
1806  power(x('215') -
1807  x('220'), 2)) +
1808  1/sqrt(power(x('14') -
1809  x('21'), 2) +
1810  power(x('114') -
1811  x('121'), 2) +
1812  power(x('214') -
1813  x('221'), 2)) +
1814  1/sqrt(power(x('2') -
1815  x('33'), 2) +
1816  power(x('102') -
1817  x('133'), 2) +
1818  power(x('202') -
1819  x('233'), 2)) +
1820  1/sqrt(power(x('10') -
1821  x('25'), 2) +
1822  power(x('110') -
1823  x('125'), 2) +
1824  power(x('210') -
1825  x('225'), 2)) +
1826  1/sqrt(power(x('12') -
1827  x('23'), 2) +
1828  power(x('112') -
1829  x('123'), 2) +
1830  power(x('212') -
1831  x('223'), 2)) +
1832  1/sqrt(power(x('11') -
1833  x('24'), 2) +
1834  power(x('111') -
1835  x('124'), 2) +
1836  power(x('211') -
1837  x('224'), 2)) +
1838  1/sqrt(power(x('1') -
1839  x('34'), 2) +
1840  power(x('101') -
1841  x('134'), 2) +
1842  power(x('201') -
1843  x('234'), 2)) +
1844  1/sqrt(power(x('10') -
1845  x('26'), 2) +
1846  power(x('110') -
1847  x('126'), 2) +
1848  power(x('210') -
1849  x('226'), 2)) +
1850  1/sqrt(power(x('7') -
1851  x('29'), 2) +
1852  power(x('107') -
1853  x('129'), 2) +
1854  power(x('207') -
1855  x('229'), 2)) +
1856  1/sqrt(power(x('3') -
1857  x('33'), 2) +
1858  power(x('103') -
1859  x('133'), 2) +
1860  power(x('203') -
1861  x('233'), 2)) +
1862  1/sqrt(power(x('13') -
1863  x('23'), 2) +
1864  power(x('113') -
1865  x('123'), 2) +
1866  power(x('213') -
1867  x('223'), 2)) +
1868  1/sqrt(power(x('9') -
1869  x('27'), 2) +
1870  power(x('109') -
1871  x('127'), 2) +
1872  power(x('209') -
1873  x('227'), 2)) +
1874  1/sqrt(power(x('11') -
1875  x('25'), 2) +
1876  power(x('111') -
1877  x('125'), 2) +
1878  power(x('211') -
1879  x('225'), 2)) +
1880  1/sqrt(power(x('8') -
1881  x('28'), 2) +
1882  power(x('108') -
1883  x('128'), 2) +
1884  power(x('208') -
1885  x('228'), 2)) +
1886  1/sqrt(power(x('12') -
1887  x('24'), 2) +
1888  power(x('112') -
1889  x('124'), 2) +
1890  power(x('212') -
1891  x('224'), 2)) +
1892  1/sqrt(power(x('2') -
1893  x('34'), 2) +
1894  power(x('102') -
1895  x('134'), 2) +
1896  power(x('202') -
1897  x('234'), 2)) +
1898  1/sqrt(power(x('1') -
1899  x('35'), 2) +
1900  power(x('101') -
1901  x('135'), 2) +
1902  power(x('201') -
1903  x('235'), 2)) +
1904  1/sqrt(power(x('16') -
1905  x('20'), 2) +
1906  power(x('116') -
1907  x('120'), 2) +
1908  power(x('216') -
1909  x('220'), 2)) +
1910  1/sqrt(power(x('6') -
1911  x('30'), 2) +
1912  power(x('106') -
1913  x('130'), 2) +
1914  power(x('206') -
1915  x('230'), 2)) +
1916  1/sqrt(power(x('4') -
1917  x('32'), 2) +
1918  power(x('104') -
1919  x('132'), 2) +
1920  power(x('204') -
1921  x('232'), 2)) +
1922  1/sqrt(power(x('14') -
1923  x('22'), 2) +
1924  power(x('114') -
1925  x('122'), 2) +
1926  power(x('214') -
1927  x('222'), 2)) +
1928  1/sqrt(power(x('15') -
1929  x('21'), 2) +
1930  power(x('115') -
1931  x('121'), 2) +
1932  power(x('215') -
1933  x('221'), 2)) +
1934  1/sqrt(power(x('5') -
1935  x('31'), 2) +
1936  power(x('105') -
1937  x('131'), 2) +
1938  power(x('205') -
1939  x('231'), 2)) +
1940  1/sqrt(power(x('17') -
1941  x('19'), 2) +
1942  power(x('117') -
1943  x('119'), 2) +
1944  power(x('217') -
1945  x('219'), 2)) +
1946  1/sqrt(power(x('8') -
1947  x('29'), 2) +
1948  power(x('108') -
1949  x('129'), 2) +
1950  power(x('208') -
1951  x('229'), 2)) +
1952  1/sqrt(power(x('10') -
1953  x('27'), 2) +
1954  power(x('110') -
1955  x('127'), 2) +
1956  power(x('210') -
1957  x('227'), 2)) +
1958  1/sqrt(power(x('9') -
1959  x('28'), 2) +
1960  power(x('109') -
1961  x('128'), 2) +
1962  power(x('209') -
1963  x('228'), 2)) +
1964  1/sqrt(power(x('17') -
1965  x('20'), 2) +
1966  power(x('117') -
1967  x('120'), 2) +
1968  power(x('217') -
1969  x('220'), 2)) +
1970  1/sqrt(power(x('14') -
1971  x('23'), 2) +
1972  power(x('114') -
1973  x('123'), 2) +
1974  power(x('214') -
1975  x('223'), 2)) +
1976  1/sqrt(power(x('4') -
1977  x('33'), 2) +
1978  power(x('104') -
1979  x('133'), 2) +
1980  power(x('204') -
1981  x('233'), 2)) +
1982  1/sqrt(power(x('7') -
1983  x('30'), 2) +
1984  power(x('107') -
1985  x('130'), 2) +
1986  power(x('207') -
1987  x('230'), 2)) +
1988  1/sqrt(power(x('18') -
1989  x('19'), 2) +
1990  power(x('118') -
1991  x('119'), 2) +
1992  power(x('218') -
1993  x('219'), 2)) +
1994  1/sqrt(power(x('11') -
1995  x('26'), 2) +
1996  power(x('111') -
1997  x('126'), 2) +
1998  power(x('211') -
1999  x('226'), 2)) +
2000  1/sqrt(power(x('16') -
2001  x('21'), 2) +
2002  power(x('116') -
2003  x('121'), 2) +
2004  power(x('216') -
2005  x('221'), 2)) +
2006  1/sqrt(power(x('15') -
2007  x('22'), 2) +
2008  power(x('115') -
2009  x('122'), 2) +
2010  power(x('215') -
2011  x('222'), 2)) +
2012  1/sqrt(power(x('1') -
2013  x('36'), 2) +
2014  power(x('101') -
2015  x('136'), 2) +
2016  power(x('201') -
2017  x('236'), 2)) +
2018  1/sqrt(power(x('5') -
2019  x('32'), 2) +
2020  power(x('105') -
2021  x('132'), 2) +
2022  power(x('205') -
2023  x('232'), 2)) +
2024  1/sqrt(power(x('13') -
2025  x('24'), 2) +
2026  power(x('113') -
2027  x('124'), 2) +
2028  power(x('213') -
2029  x('224'), 2)) +
2030  1/sqrt(power(x('3') -
2031  x('34'), 2) +
2032  power(x('103') -
2033  x('134'), 2) +
2034  power(x('203') -
2035  x('234'), 2)) +
2036  1/sqrt(power(x('6') -
2037  x('31'), 2) +
2038  power(x('106') -
2039  x('131'), 2) +
2040  power(x('206') -
2041  x('231'), 2)) +
2042  1/sqrt(power(x('12') -
2043  x('25'), 2) +
2044  power(x('112') -
2045  x('125'), 2) +
2046  power(x('212') -
2047  x('225'), 2)) +
2048  1/sqrt(power(x('2') -
2049  x('35'), 2) +
2050  power(x('102') -
2051  x('135'), 2) +
2052  power(x('202') -
2053  x('235'), 2)) +
2054  1/sqrt(power(x('3') -
2055  x('35'), 2) +
2056  power(x('103') -
2057  x('135'), 2) +
2058  power(x('203') -
2059  x('235'), 2)) +
2060  1/sqrt(power(x('17') -
2061  x('21'), 2) +
2062  power(x('117') -
2063  x('121'), 2) +
2064  power(x('217') -
2065  x('221'), 2)) +
2066  1/sqrt(power(x('15') -
2067  x('23'), 2) +
2068  power(x('115') -
2069  x('123'), 2) +
2070  power(x('215') -
2071  x('223'), 2)) +
2072  1/sqrt(power(x('8') -
2073  x('30'), 2) +
2074  power(x('108') -
2075  x('130'), 2) +
2076  power(x('208') -
2077  x('230'), 2)) +
2078  1/sqrt(power(x('16') -
2079  x('22'), 2) +
2080  power(x('116') -
2081  x('122'), 2) +
2082  power(x('216') -
2083  x('222'), 2)) +
2084  1/sqrt(power(x('5') -
2085  x('33'), 2) +
2086  power(x('105') -
2087  x('133'), 2) +
2088  power(x('205') -
2089  x('233'), 2)) +
2090  1/sqrt(power(x('1') -
2091  x('37'), 2) +
2092  power(x('101') -
2093  x('137'), 2) +
2094  power(x('201') -
2095  x('237'), 2)) +
2096  1/sqrt(power(x('11') -
2097  x('27'), 2) +
2098  power(x('111') -
2099  x('127'), 2) +
2100  power(x('211') -
2101  x('227'), 2)) +
2102  1/sqrt(power(x('7') -
2103  x('31'), 2) +
2104  power(x('107') -
2105  x('131'), 2) +
2106  power(x('207') -
2107  x('231'), 2)) +
2108  1/sqrt(power(x('6') -
2109  x('32'), 2) +
2110  power(x('106') -
2111  x('132'), 2) +
2112  power(x('206') -
2113  x('232'), 2)) +
2114  1/sqrt(power(x('9') -
2115  x('29'), 2) +
2116  power(x('109') -
2117  x('129'), 2) +
2118  power(x('209') -
2119  x('229'), 2)) +
2120  1/sqrt(power(x('18') -
2121  x('20'), 2) +
2122  power(x('118') -
2123  x('120'), 2) +
2124  power(x('218') -
2125  x('220'), 2)) +
2126  1/sqrt(power(x('10') -
2127  x('28'), 2) +
2128  power(x('110') -
2129  x('128'), 2) +
2130  power(x('210') -
2131  x('228'), 2)) +
2132  1/sqrt(power(x('14') -
2133  x('24'), 2) +
2134  power(x('114') -
2135  x('124'), 2) +
2136  power(x('214') -
2137  x('224'), 2)) +
2138  1/sqrt(power(x('4') -
2139  x('34'), 2) +
2140  power(x('104') -
2141  x('134'), 2) +
2142  power(x('204') -
2143  x('234'), 2)) +
2144  1/sqrt(power(x('2') -
2145  x('36'), 2) +
2146  power(x('102') -
2147  x('136'), 2) +
2148  power(x('202') -
2149  x('236'), 2)) +
2150  1/sqrt(power(x('12') -
2151  x('26'), 2) +
2152  power(x('112') -
2153  x('126'), 2) +
2154  power(x('212') -
2155  x('226'), 2)) +
2156  1/sqrt(power(x('13') -
2157  x('25'), 2) +
2158  power(x('113') -
2159  x('125'), 2) +
2160  power(x('213') -
2161  x('225'), 2)) +
2162  1/sqrt(power(x('2') -
2163  x('37'), 2) +
2164  power(x('102') -
2165  x('137'), 2) +
2166  power(x('202') -
2167  x('237'), 2)) +
2168  1/sqrt(power(x('18') -
2169  x('21'), 2) +
2170  power(x('118') -
2171  x('121'), 2) +
2172  power(x('218') -
2173  x('221'), 2)) +
2174  1/sqrt(power(x('15') -
2175  x('24'), 2) +
2176  power(x('115') -
2177  x('124'), 2) +
2178  power(x('215') -
2179  x('224'), 2)) +
2180  1/sqrt(power(x('12') -
2181  x('27'), 2) +
2182  power(x('112') -
2183  x('127'), 2) +
2184  power(x('212') -
2185  x('227'), 2)) +
2186  1/sqrt(power(x('5') -
2187  x('34'), 2) +
2188  power(x('105') -
2189  x('134'), 2) +
2190  power(x('205') -
2191  x('234'), 2)) +
2192  1/sqrt(power(x('9') -
2193  x('30'), 2) +
2194  power(x('109') -
2195  x('130'), 2) +
2196  power(x('209') -
2197  x('230'), 2)) +
2198  1/sqrt(power(x('19') -
2199  x('20'), 2) +
2200  power(x('119') -
2201  x('120'), 2) +
2202  power(x('219') -
2203  x('220'), 2)) +
2204  1/sqrt(power(x('3') -
2205  x('36'), 2) +
2206  power(x('103') -
2207  x('136'), 2) +
2208  power(x('203') -
2209  x('236'), 2)) +
2210  1/sqrt(power(x('17') -
2211  x('22'), 2) +
2212  power(x('117') -
2213  x('122'), 2) +
2214  power(x('217') -
2215  x('222'), 2)) +
2216  1/sqrt(power(x('16') -
2217  x('23'), 2) +
2218  power(x('116') -
2219  x('123'), 2) +
2220  power(x('216') -
2221  x('223'), 2)) +
2222  1/sqrt(power(x('1') -
2223  x('38'), 2) +
2224  power(x('101') -
2225  x('138'), 2) +
2226  power(x('201') -
2227  x('238'), 2)) +
2228  1/sqrt(power(x('14') -
2229  x('25'), 2) +
2230  power(x('114') -
2231  x('125'), 2) +
2232  power(x('214') -
2233  x('225'), 2)) +
2234  1/sqrt(power(x('13') -
2235  x('26'), 2) +
2236  power(x('113') -
2237  x('126'), 2) +
2238  power(x('213') -
2239  x('226'), 2)) +
2240  1/sqrt(power(x('4') -
2241  x('35'), 2) +
2242  power(x('104') -
2243  x('135'), 2) +
2244  power(x('204') -
2245  x('235'), 2)) +
2246  1/sqrt(power(x('11') -
2247  x('28'), 2) +
2248  power(x('111') -
2249  x('128'), 2) +
2250  power(x('211') -
2251  x('228'), 2)) +
2252  1/sqrt(power(x('10') -
2253  x('29'), 2) +
2254  power(x('110') -
2255  x('129'), 2) +
2256  power(x('210') -
2257  x('229'), 2)) +
2258  1/sqrt(power(x('6') -
2259  x('33'), 2) +
2260  power(x('106') -
2261  x('133'), 2) +
2262  power(x('206') -
2263  x('233'), 2)) +
2264  1/sqrt(power(x('8') -
2265  x('31'), 2) +
2266  power(x('108') -
2267  x('131'), 2) +
2268  power(x('208') -
2269  x('231'), 2)) +
2270  1/sqrt(power(x('7') -
2271  x('32'), 2) +
2272  power(x('107') -
2273  x('132'), 2) +
2274  power(x('207') -
2275  x('232'), 2)) +
2276  1/sqrt(power(x('6') -
2277  x('34'), 2) +
2278  power(x('106') -
2279  x('134'), 2) +
2280  power(x('206') -
2281  x('234'), 2)) +
2282  1/sqrt(power(x('3') -
2283  x('37'), 2) +
2284  power(x('103') -
2285  x('137'), 2) +
2286  power(x('203') -
2287  x('237'), 2)) +
2288  1/sqrt(power(x('19') -
2289  x('21'), 2) +
2290  power(x('119') -
2291  x('121'), 2) +
2292  power(x('219') -
2293  x('221'), 2)) +
2294  1/sqrt(power(x('9') -
2295  x('31'), 2) +
2296  power(x('109') -
2297  x('131'), 2) +
2298  power(x('209') -
2299  x('231'), 2)) +
2300  1/sqrt(power(x('5') -
2301  x('35'), 2) +
2302  power(x('105') -
2303  x('135'), 2) +
2304  power(x('205') -
2305  x('235'), 2)) +
2306  1/sqrt(power(x('4') -
2307  x('36'), 2) +
2308  power(x('104') -
2309  x('136'), 2) +
2310  power(x('204') -
2311  x('236'), 2)) +
2312  1/sqrt(power(x('7') -
2313  x('33'), 2) +
2314  power(x('107') -
2315  x('133'), 2) +
2316  power(x('207') -
2317  x('233'), 2)) +
2318  1/sqrt(power(x('2') -
2319  x('38'), 2) +
2320  power(x('102') -
2321  x('138'), 2) +
2322  power(x('202') -
2323  x('238'), 2)) +
2324  1/sqrt(power(x('8') -
2325  x('32'), 2) +
2326  power(x('108') -
2327  x('132'), 2) +
2328  power(x('208') -
2329  x('232'), 2)) +
2330  1/sqrt(power(x('1') -
2331  x('39'), 2) +
2332  power(x('101') -
2333  x('139'), 2) +
2334  power(x('201') -
2335  x('239'), 2)) +
2336  1/sqrt(power(x('12') -
2337  x('28'), 2) +
2338  power(x('112') -
2339  x('128'), 2) +
2340  power(x('212') -
2341  x('228'), 2)) +
2342  1/sqrt(power(x('16') -
2343  x('24'), 2) +
2344  power(x('116') -
2345  x('124'), 2) +
2346  power(x('216') -
2347  x('224'), 2)) +
2348  1/sqrt(power(x('18') -
2349  x('22'), 2) +
2350  power(x('118') -
2351  x('122'), 2) +
2352  power(x('218') -
2353  x('222'), 2)) +
2354  1/sqrt(power(x('10') -
2355  x('30'), 2) +
2356  power(x('110') -
2357  x('130'), 2) +
2358  power(x('210') -
2359  x('230'), 2)) +
2360  1/sqrt(power(x('11') -
2361  x('29'), 2) +
2362  power(x('111') -
2363  x('129'), 2) +
2364  power(x('211') -
2365  x('229'), 2)) +
2366  1/sqrt(power(x('17') -
2367  x('23'), 2) +
2368  power(x('117') -
2369  x('123'), 2) +
2370  power(x('217') -
2371  x('223'), 2)) +
2372  1/sqrt(power(x('13') -
2373  x('27'), 2) +
2374  power(x('113') -
2375  x('127'), 2) +
2376  power(x('213') -
2377  x('227'), 2)) +
2378  1/sqrt(power(x('15') -
2379  x('25'), 2) +
2380  power(x('115') -
2381  x('125'), 2) +
2382  power(x('215') -
2383  x('225'), 2)) +
2384  1/sqrt(power(x('14') -
2385  x('26'), 2) +
2386  power(x('114') -
2387  x('126'), 2) +
2388  power(x('214') -
2389  x('226'), 2)) +
2390  1/sqrt(power(x('3') -
2391  x('38'), 2) +
2392  power(x('103') -
2393  x('138'), 2) +
2394  power(x('203') -
2395  x('238'), 2)) +
2396  1/sqrt(power(x('1') -
2397  x('40'), 2) +
2398  power(x('101') -
2399  x('140'), 2) +
2400  power(x('201') -
2401  x('240'), 2)) +
2402  1/sqrt(power(x('2') -
2403  x('39'), 2) +
2404  power(x('102') -
2405  x('139'), 2) +
2406  power(x('202') -
2407  x('239'), 2)) +
2408  1/sqrt(power(x('10') -
2409  x('31'), 2) +
2410  power(x('110') -
2411  x('131'), 2) +
2412  power(x('210') -
2413  x('231'), 2)) +
2414  1/sqrt(power(x('7') -
2415  x('34'), 2) +
2416  power(x('107') -
2417  x('134'), 2) +
2418  power(x('207') -
2419  x('234'), 2)) +
2420  1/sqrt(power(x('13') -
2421  x('28'), 2) +
2422  power(x('113') -
2423  x('128'), 2) +
2424  power(x('213') -
2425  x('228'), 2)) +
2426  1/sqrt(power(x('16') -
2427  x('25'), 2) +
2428  power(x('116') -
2429  x('125'), 2) +
2430  power(x('216') -
2431  x('225'), 2)) +
2432  1/sqrt(power(x('19') -
2433  x('22'), 2) +
2434  power(x('119') -
2435  x('122'), 2) +
2436  power(x('219') -
2437  x('222'), 2)) +
2438  1/sqrt(power(x('4') -
2439  x('37'), 2) +
2440  power(x('104') -
2441  x('137'), 2) +
2442  power(x('204') -
2443  x('237'), 2)) +
2444  1/sqrt(power(x('9') -
2445  x('32'), 2) +
2446  power(x('109') -
2447  x('132'), 2) +
2448  power(x('209') -
2449  x('232'), 2)) +
2450  1/sqrt(power(x('8') -
2451  x('33'), 2) +
2452  power(x('108') -
2453  x('133'), 2) +
2454  power(x('208') -
2455  x('233'), 2)) +
2456  1/sqrt(power(x('11') -
2457  x('30'), 2) +
2458  power(x('111') -
2459  x('130'), 2) +
2460  power(x('211') -
2461  x('230'), 2)) +
2462  1/sqrt(power(x('12') -
2463  x('29'), 2) +
2464  power(x('112') -
2465  x('129'), 2) +
2466  power(x('212') -
2467  x('229'), 2)) +
2468  1/sqrt(power(x('6') -
2469  x('35'), 2) +
2470  power(x('106') -
2471  x('135'), 2) +
2472  power(x('206') -
2473  x('235'), 2)) +
2474  1/sqrt(power(x('14') -
2475  x('27'), 2) +
2476  power(x('114') -
2477  x('127'), 2) +
2478  power(x('214') -
2479  x('227'), 2)) +
2480  1/sqrt(power(x('15') -
2481  x('26'), 2) +
2482  power(x('115') -
2483  x('126'), 2) +
2484  power(x('215') -
2485  x('226'), 2)) +
2486  1/sqrt(power(x('5') -
2487  x('36'), 2) +
2488  power(x('105') -
2489  x('136'), 2) +
2490  power(x('205') -
2491  x('236'), 2)) +
2492  1/sqrt(power(x('17') -
2493  x('24'), 2) +
2494  power(x('117') -
2495  x('124'), 2) +
2496  power(x('217') -
2497  x('224'), 2)) +
2498  1/sqrt(power(x('18') -
2499  x('23'), 2) +
2500  power(x('118') -
2501  x('123'), 2) +
2502  power(x('218') -
2503  x('223'), 2)) +
2504  1/sqrt(power(x('20') -
2505  x('21'), 2) +
2506  power(x('120') -
2507  x('121'), 2) +
2508  power(x('220') -
2509  x('221'), 2)) +
2510  1/sqrt(power(x('20') -
2511  x('22'), 2) +
2512  power(x('120') -
2513  x('122'), 2) +
2514  power(x('220') -
2515  x('222'), 2)) +
2516  1/sqrt(power(x('1') -
2517  x('41'), 2) +
2518  power(x('101') -
2519  x('141'), 2) +
2520  power(x('201') -
2521  x('241'), 2)) +
2522  1/sqrt(power(x('8') -
2523  x('34'), 2) +
2524  power(x('108') -
2525  x('134'), 2) +
2526  power(x('208') -
2527  x('234'), 2)) +
2528  1/sqrt(power(x('17') -
2529  x('25'), 2) +
2530  power(x('117') -
2531  x('125'), 2) +
2532  power(x('217') -
2533  x('225'), 2)) +
2534  1/sqrt(power(x('4') -
2535  x('38'), 2) +
2536  power(x('104') -
2537  x('138'), 2) +
2538  power(x('204') -
2539  x('238'), 2)) +
2540  1/sqrt(power(x('10') -
2541  x('32'), 2) +
2542  power(x('110') -
2543  x('132'), 2) +
2544  power(x('210') -
2545  x('232'), 2)) +
2546  1/sqrt(power(x('19') -
2547  x('23'), 2) +
2548  power(x('119') -
2549  x('123'), 2) +
2550  power(x('219') -
2551  x('223'), 2)) +
2552  1/sqrt(power(x('9') -
2553  x('33'), 2) +
2554  power(x('109') -
2555  x('133'), 2) +
2556  power(x('209') -
2557  x('233'), 2)) +
2558  1/sqrt(power(x('18') -
2559  x('24'), 2) +
2560  power(x('118') -
2561  x('124'), 2) +
2562  power(x('218') -
2563  x('224'), 2)) +
2564  1/sqrt(power(x('2') -
2565  x('40'), 2) +
2566  power(x('102') -
2567  x('140'), 2) +
2568  power(x('202') -
2569  x('240'), 2)) +
2570  1/sqrt(power(x('3') -
2571  x('39'), 2) +
2572  power(x('103') -
2573  x('139'), 2) +
2574  power(x('203') -
2575  x('239'), 2)) +
2576  1/sqrt(power(x('14') -
2577  x('28'), 2) +
2578  power(x('114') -
2579  x('128'), 2) +
2580  power(x('214') -
2581  x('228'), 2)) +
2582  1/sqrt(power(x('7') -
2583  x('35'), 2) +
2584  power(x('107') -
2585  x('135'), 2) +
2586  power(x('207') -
2587  x('235'), 2)) +
2588  1/sqrt(power(x('5') -
2589  x('37'), 2) +
2590  power(x('105') -
2591  x('137'), 2) +
2592  power(x('205') -
2593  x('237'), 2)) +
2594  1/sqrt(power(x('16') -
2595  x('26'), 2) +
2596  power(x('116') -
2597  x('126'), 2) +
2598  power(x('216') -
2599  x('226'), 2)) +
2600  1/sqrt(power(x('15') -
2601  x('27'), 2) +
2602  power(x('115') -
2603  x('127'), 2) +
2604  power(x('215') -
2605  x('227'), 2)) +
2606  1/sqrt(power(x('6') -
2607  x('36'), 2) +
2608  power(x('106') -
2609  x('136'), 2) +
2610  power(x('206') -
2611  x('236'), 2)) +
2612  1/sqrt(power(x('11') -
2613  x('31'), 2) +
2614  power(x('111') -
2615  x('131'), 2) +
2616  power(x('211') -
2617  x('231'), 2)) +
2618  1/sqrt(power(x('13') -
2619  x('29'), 2) +
2620  power(x('113') -
2621  x('129'), 2) +
2622  power(x('213') -
2623  x('229'), 2)) +
2624  1/sqrt(power(x('12') -
2625  x('30'), 2) +
2626  power(x('112') -
2627  x('130'), 2) +
2628  power(x('212') -
2629  x('230'), 2)) +
2630  1/sqrt(power(x('5') -
2631  x('38'), 2) +
2632  power(x('105') -
2633  x('138'), 2) +
2634  power(x('205') -
2635  x('238'), 2)) +
2636  1/sqrt(power(x('2') -
2637  x('41'), 2) +
2638  power(x('102') -
2639  x('141'), 2) +
2640  power(x('202') -
2641  x('241'), 2)) +
2642  1/sqrt(power(x('17') -
2643  x('26'), 2) +
2644  power(x('117') -
2645  x('126'), 2) +
2646  power(x('217') -
2647  x('226'), 2)) +
2648  1/sqrt(power(x('8') -
2649  x('35'), 2) +
2650  power(x('108') -
2651  x('135'), 2) +
2652  power(x('208') -
2653  x('235'), 2)) +
2654  1/sqrt(power(x('20') -
2655  x('23'), 2) +
2656  power(x('120') -
2657  x('123'), 2) +
2658  power(x('220') -
2659  x('223'), 2)) +
2660  1/sqrt(power(x('15') -
2661  x('28'), 2) +
2662  power(x('115') -
2663  x('128'), 2) +
2664  power(x('215') -
2665  x('228'), 2)) +
2666  1/sqrt(power(x('4') -
2667  x('39'), 2) +
2668  power(x('104') -
2669  x('139'), 2) +
2670  power(x('204') -
2671  x('239'), 2)) +
2672  1/sqrt(power(x('3') -
2673  x('40'), 2) +
2674  power(x('103') -
2675  x('140'), 2) +
2676  power(x('203') -
2677  x('240'), 2)) +
2678  1/sqrt(power(x('6') -
2679  x('37'), 2) +
2680  power(x('106') -
2681  x('137'), 2) +
2682  power(x('206') -
2683  x('237'), 2)) +
2684  1/sqrt(power(x('16') -
2685  x('27'), 2) +
2686  power(x('116') -
2687  x('127'), 2) +
2688  power(x('216') -
2689  x('227'), 2)) +
2690  1/sqrt(power(x('7') -
2691  x('36'), 2) +
2692  power(x('107') -
2693  x('136'), 2) +
2694  power(x('207') -
2695  x('236'), 2)) +
2696  1/sqrt(power(x('11') -
2697  x('32'), 2) +
2698  power(x('111') -
2699  x('132'), 2) +
2700  power(x('211') -
2701  x('232'), 2)) +
2702  1/sqrt(power(x('18') -
2703  x('25'), 2) +
2704  power(x('118') -
2705  x('125'), 2) +
2706  power(x('218') -
2707  x('225'), 2)) +
2708  1/sqrt(power(x('1') -
2709  x('42'), 2) +
2710  power(x('101') -
2711  x('142'), 2) +
2712  power(x('201') -
2713  x('242'), 2)) +
2714  1/sqrt(power(x('19') -
2715  x('24'), 2) +
2716  power(x('119') -
2717  x('124'), 2) +
2718  power(x('219') -
2719  x('224'), 2)) +
2720  1/sqrt(power(x('9') -
2721  x('34'), 2) +
2722  power(x('109') -
2723  x('134'), 2) +
2724  power(x('209') -
2725  x('234'), 2)) +
2726  1/sqrt(power(x('21') -
2727  x('22'), 2) +
2728  power(x('121') -
2729  x('122'), 2) +
2730  power(x('221') -
2731  x('222'), 2)) +
2732  1/sqrt(power(x('10') -
2733  x('33'), 2) +
2734  power(x('110') -
2735  x('133'), 2) +
2736  power(x('210') -
2737  x('233'), 2)) +
2738  1/sqrt(power(x('14') -
2739  x('29'), 2) +
2740  power(x('114') -
2741  x('129'), 2) +
2742  power(x('214') -
2743  x('229'), 2)) +
2744  1/sqrt(power(x('12') -
2745  x('31'), 2) +
2746  power(x('112') -
2747  x('131'), 2) +
2748  power(x('212') -
2749  x('231'), 2)) +
2750  1/sqrt(power(x('13') -
2751  x('30'), 2) +
2752  power(x('113') -
2753  x('130'), 2) +
2754  power(x('213') -
2755  x('230'), 2)) +
2756  1/sqrt(power(x('9') -
2757  x('35'), 2) +
2758  power(x('109') -
2759  x('135'), 2) +
2760  power(x('209') -
2761  x('235'), 2)) +
2762  1/sqrt(power(x('12') -
2763  x('32'), 2) +
2764  power(x('112') -
2765  x('132'), 2) +
2766  power(x('212') -
2767  x('232'), 2)) +
2768  1/sqrt(power(x('6') -
2769  x('38'), 2) +
2770  power(x('106') -
2771  x('138'), 2) +
2772  power(x('206') -
2773  x('238'), 2)) +
2774  1/sqrt(power(x('14') -
2775  x('30'), 2) +
2776  power(x('114') -
2777  x('130'), 2) +
2778  power(x('214') -
2779  x('230'), 2)) +
2780  1/sqrt(power(x('10') -
2781  x('34'), 2) +
2782  power(x('110') -
2783  x('134'), 2) +
2784  power(x('210') -
2785  x('234'), 2)) +
2786  1/sqrt(power(x('13') -
2787  x('31'), 2) +
2788  power(x('113') -
2789  x('131'), 2) +
2790  power(x('213') -
2791  x('231'), 2)) +
2792  1/sqrt(power(x('11') -
2793  x('33'), 2) +
2794  power(x('111') -
2795  x('133'), 2) +
2796  power(x('211') -
2797  x('233'), 2)) +
2798  1/sqrt(power(x('8') -
2799  x('36'), 2) +
2800  power(x('108') -
2801  x('136'), 2) +
2802  power(x('208') -
2803  x('236'), 2)) +
2804  1/sqrt(power(x('3') -
2805  x('41'), 2) +
2806  power(x('103') -
2807  x('141'), 2) +
2808  power(x('203') -
2809  x('241'), 2)) +
2810  1/sqrt(power(x('7') -
2811  x('37'), 2) +
2812  power(x('107') -
2813  x('137'), 2) +
2814  power(x('207') -
2815  x('237'), 2)) +
2816  1/sqrt(power(x('5') -
2817  x('39'), 2) +
2818  power(x('105') -
2819  x('139'), 2) +
2820  power(x('205') -
2821  x('239'), 2)) +
2822  1/sqrt(power(x('21') -
2823  x('23'), 2) +
2824  power(x('121') -
2825  x('123'), 2) +
2826  power(x('221') -
2827  x('223'), 2)) +
2828  1/sqrt(power(x('4') -
2829  x('40'), 2) +
2830  power(x('104') -
2831  x('140'), 2) +
2832  power(x('204') -
2833  x('240'), 2)) +
2834  1/sqrt(power(x('18') -
2835  x('26'), 2) +
2836  power(x('118') -
2837  x('126'), 2) +
2838  power(x('218') -
2839  x('226'), 2)) +
2840  1/sqrt(power(x('2') -
2841  x('42'), 2) +
2842  power(x('102') -
2843  x('142'), 2) +
2844  power(x('202') -
2845  x('242'), 2)) +
2846  1/sqrt(power(x('20') -
2847  x('24'), 2) +
2848  power(x('120') -
2849  x('124'), 2) +
2850  power(x('220') -
2851  x('224'), 2)) +
2852  1/sqrt(power(x('15') -
2853  x('29'), 2) +
2854  power(x('115') -
2855  x('129'), 2) +
2856  power(x('215') -
2857  x('229'), 2)) +
2858  1/sqrt(power(x('19') -
2859  x('25'), 2) +
2860  power(x('119') -
2861  x('125'), 2) +
2862  power(x('219') -
2863  x('225'), 2)) +
2864  1/sqrt(power(x('1') -
2865  x('43'), 2) +
2866  power(x('101') -
2867  x('143'), 2) +
2868  power(x('201') -
2869  x('243'), 2)) +
2870  1/sqrt(power(x('17') -
2871  x('27'), 2) +
2872  power(x('117') -
2873  x('127'), 2) +
2874  power(x('217') -
2875  x('227'), 2)) +
2876  1/sqrt(power(x('16') -
2877  x('28'), 2) +
2878  power(x('116') -
2879  x('128'), 2) +
2880  power(x('216') -
2881  x('228'), 2)) +
2882  1/sqrt(power(x('7') -
2883  x('38'), 2) +
2884  power(x('107') -
2885  x('138'), 2) +
2886  power(x('207') -
2887  x('238'), 2)) +
2888  1/sqrt(power(x('3') -
2889  x('42'), 2) +
2890  power(x('103') -
2891  x('142'), 2) +
2892  power(x('203') -
2893  x('242'), 2)) +
2894  1/sqrt(power(x('8') -
2895  x('37'), 2) +
2896  power(x('108') -
2897  x('137'), 2) +
2898  power(x('208') -
2899  x('237'), 2)) +
2900  1/sqrt(power(x('1') -
2901  x('44'), 2) +
2902  power(x('101') -
2903  x('144'), 2) +
2904  power(x('201') -
2905  x('244'), 2)) +
2906  1/sqrt(power(x('2') -
2907  x('43'), 2) +
2908  power(x('102') -
2909  x('143'), 2) +
2910  power(x('202') -
2911  x('243'), 2)) +
2912  1/sqrt(power(x('13') -
2913  x('32'), 2) +
2914  power(x('113') -
2915  x('132'), 2) +
2916  power(x('213') -
2917  x('232'), 2)) +
2918  1/sqrt(power(x('22') -
2919  x('23'), 2) +
2920  power(x('122') -
2921  x('123'), 2) +
2922  power(x('222') -
2923  x('223'), 2)) +
2924  1/sqrt(power(x('6') -
2925  x('39'), 2) +
2926  power(x('106') -
2927  x('139'), 2) +
2928  power(x('206') -
2929  x('239'), 2)) +
2930  1/sqrt(power(x('4') -
2931  x('41'), 2) +
2932  power(x('104') -
2933  x('141'), 2) +
2934  power(x('204') -
2935  x('241'), 2)) +
2936  1/sqrt(power(x('14') -
2937  x('31'), 2) +
2938  power(x('114') -
2939  x('131'), 2) +
2940  power(x('214') -
2941  x('231'), 2)) +
2942  1/sqrt(power(x('5') -
2943  x('40'), 2) +
2944  power(x('105') -
2945  x('140'), 2) +
2946  power(x('205') -
2947  x('240'), 2)) +
2948  1/sqrt(power(x('10') -
2949  x('35'), 2) +
2950  power(x('110') -
2951  x('135'), 2) +
2952  power(x('210') -
2953  x('235'), 2)) +
2954  1/sqrt(power(x('12') -
2955  x('33'), 2) +
2956  power(x('112') -
2957  x('133'), 2) +
2958  power(x('212') -
2959  x('233'), 2)) +
2960  1/sqrt(power(x('18') -
2961  x('27'), 2) +
2962  power(x('118') -
2963  x('127'), 2) +
2964  power(x('218') -
2965  x('227'), 2)) +
2966  1/sqrt(power(x('11') -
2967  x('34'), 2) +
2968  power(x('111') -
2969  x('134'), 2) +
2970  power(x('211') -
2971  x('234'), 2)) +
2972  1/sqrt(power(x('16') -
2973  x('29'), 2) +
2974  power(x('116') -
2975  x('129'), 2) +
2976  power(x('216') -
2977  x('229'), 2)) +
2978  1/sqrt(power(x('17') -
2979  x('28'), 2) +
2980  power(x('117') -
2981  x('128'), 2) +
2982  power(x('217') -
2983  x('228'), 2)) +
2984  1/sqrt(power(x('9') -
2985  x('36'), 2) +
2986  power(x('109') -
2987  x('136'), 2) +
2988  power(x('209') -
2989  x('236'), 2)) +
2990  1/sqrt(power(x('21') -
2991  x('24'), 2) +
2992  power(x('121') -
2993  x('124'), 2) +
2994  power(x('221') -
2995  x('224'), 2)) +
2996  1/sqrt(power(x('19') -
2997  x('26'), 2) +
2998  power(x('119') -
2999  x('126'), 2) +
3000  power(x('219') -
3001  x('226'), 2)) +
3002  1/sqrt(power(x('20') -
3003  x('25'), 2) +
3004  power(x('120') -
3005  x('125'), 2) +
3006  power(x('220') -
3007  x('225'), 2)) +
3008  1/sqrt(power(x('15') -
3009  x('30'), 2) +
3010  power(x('115') -
3011  x('130'), 2) +
3012  power(x('215') -
3013  x('230'), 2)) +
3014  1/sqrt(power(x('10') -
3015  x('36'), 2) +
3016  power(x('110') -
3017  x('136'), 2) +
3018  power(x('210') -
3019  x('236'), 2)) +
3020  1/sqrt(power(x('8') -
3021  x('38'), 2) +
3022  power(x('108') -
3023  x('138'), 2) +
3024  power(x('208') -
3025  x('238'), 2)) +
3026  1/sqrt(power(x('9') -
3027  x('37'), 2) +
3028  power(x('109') -
3029  x('137'), 2) +
3030  power(x('209') -
3031  x('237'), 2)) +
3032  1/sqrt(power(x('22') -
3033  x('24'), 2) +
3034  power(x('122') -
3035  x('124'), 2) +
3036  power(x('222') -
3037  x('224'), 2)) +
3038  1/sqrt(power(x('13') -
3039  x('33'), 2) +
3040  power(x('113') -
3041  x('133'), 2) +
3042  power(x('213') -
3043  x('233'), 2)) +
3044  1/sqrt(power(x('4') -
3045  x('42'), 2) +
3046  power(x('104') -
3047  x('142'), 2) +
3048  power(x('204') -
3049  x('242'), 2)) +
3050  1/sqrt(power(x('1') -
3051  x('45'), 2) +
3052  power(x('101') -
3053  x('145'), 2) +
3054  power(x('201') -
3055  x('245'), 2)) +
3056  1/sqrt(power(x('11') -
3057  x('35'), 2) +
3058  power(x('111') -
3059  x('135'), 2) +
3060  power(x('211') -
3061  x('235'), 2)) +
3062  1/sqrt(power(x('12') -
3063  x('34'), 2) +
3064  power(x('112') -
3065  x('134'), 2) +
3066  power(x('212') -
3067  x('234'), 2)) +
3068  1/sqrt(power(x('16') -
3069  x('30'), 2) +
3070  power(x('116') -
3071  x('130'), 2) +
3072  power(x('216') -
3073  x('230'), 2)) +
3074  1/sqrt(power(x('19') -
3075  x('27'), 2) +
3076  power(x('119') -
3077  x('127'), 2) +
3078  power(x('219') -
3079  x('227'), 2)) +
3080  1/sqrt(power(x('7') -
3081  x('39'), 2) +
3082  power(x('107') -
3083  x('139'), 2) +
3084  power(x('207') -
3085  x('239'), 2)) +
3086  1/sqrt(power(x('3') -
3087  x('43'), 2) +
3088  power(x('103') -
3089  x('143'), 2) +
3090  power(x('203') -
3091  x('243'), 2)) +
3092  1/sqrt(power(x('2') -
3093  x('44'), 2) +
3094  power(x('102') -
3095  x('144'), 2) +
3096  power(x('202') -
3097  x('244'), 2)) +
3098  1/sqrt(power(x('5') -
3099  x('41'), 2) +
3100  power(x('105') -
3101  x('141'), 2) +
3102  power(x('205') -
3103  x('241'), 2)) +
3104  1/sqrt(power(x('14') -
3105  x('32'), 2) +
3106  power(x('114') -
3107  x('132'), 2) +
3108  power(x('214') -
3109  x('232'), 2)) +
3110  1/sqrt(power(x('21') -
3111  x('25'), 2) +
3112  power(x('121') -
3113  x('125'), 2) +
3114  power(x('221') -
3115  x('225'), 2)) +
3116  1/sqrt(power(x('6') -
3117  x('40'), 2) +
3118  power(x('106') -
3119  x('140'), 2) +
3120  power(x('206') -
3121  x('240'), 2)) +
3122  1/sqrt(power(x('15') -
3123  x('31'), 2) +
3124  power(x('115') -
3125  x('131'), 2) +
3126  power(x('215') -
3127  x('231'), 2)) +
3128  1/sqrt(power(x('20') -
3129  x('26'), 2) +
3130  power(x('120') -
3131  x('126'), 2) +
3132  power(x('220') -
3133  x('226'), 2)) +
3134  1/sqrt(power(x('17') -
3135  x('29'), 2) +
3136  power(x('117') -
3137  x('129'), 2) +
3138  power(x('217') -
3139  x('229'), 2)) +
3140  1/sqrt(power(x('18') -
3141  x('28'), 2) +
3142  power(x('118') -
3143  x('128'), 2) +
3144  power(x('218') -
3145  x('228'), 2)) +
3146  1/sqrt(power(x('17') -
3147  x('30'), 2) +
3148  power(x('117') -
3149  x('130'), 2) +
3150  power(x('217') -
3151  x('230'), 2)) +
3152  1/sqrt(power(x('5') -
3153  x('42'), 2) +
3154  power(x('105') -
3155  x('142'), 2) +
3156  power(x('205') -
3157  x('242'), 2)) +
3158  1/sqrt(power(x('19') -
3159  x('28'), 2) +
3160  power(x('119') -
3161  x('128'), 2) +
3162  power(x('219') -
3163  x('228'), 2)) +
3164  1/sqrt(power(x('8') -
3165  x('39'), 2) +
3166  power(x('108') -
3167  x('139'), 2) +
3168  power(x('208') -
3169  x('239'), 2)) +
3170  1/sqrt(power(x('11') -
3171  x('36'), 2) +
3172  power(x('111') -
3173  x('136'), 2) +
3174  power(x('211') -
3175  x('236'), 2)) +
3176  1/sqrt(power(x('14') -
3177  x('33'), 2) +
3178  power(x('114') -
3179  x('133'), 2) +
3180  power(x('214') -
3181  x('233'), 2)) +
3182  1/sqrt(power(x('2') -
3183  x('45'), 2) +
3184  power(x('102') -
3185  x('145'), 2) +
3186  power(x('202') -
3187  x('245'), 2)) +
3188  1/sqrt(power(x('18') -
3189  x('29'), 2) +
3190  power(x('118') -
3191  x('129'), 2) +
3192  power(x('218') -
3193  x('229'), 2)) +
3194  1/sqrt(power(x('6') -
3195  x('41'), 2) +
3196  power(x('106') -
3197  x('141'), 2) +
3198  power(x('206') -
3199  x('241'), 2)) +
3200  1/sqrt(power(x('7') -
3201  x('40'), 2) +
3202  power(x('107') -
3203  x('140'), 2) +
3204  power(x('207') -
3205  x('240'), 2)) +
3206  1/sqrt(power(x('4') -
3207  x('43'), 2) +
3208  power(x('104') -
3209  x('143'), 2) +
3210  power(x('204') -
3211  x('243'), 2)) +
3212  1/sqrt(power(x('22') -
3213  x('25'), 2) +
3214  power(x('122') -
3215  x('125'), 2) +
3216  power(x('222') -
3217  x('225'), 2)) +
3218  1/sqrt(power(x('16') -
3219  x('31'), 2) +
3220  power(x('116') -
3221  x('131'), 2) +
3222  power(x('216') -
3223  x('231'), 2)) +
3224  1/sqrt(power(x('3') -
3225  x('44'), 2) +
3226  power(x('103') -
3227  x('144'), 2) +
3228  power(x('203') -
3229  x('244'), 2)) +
3230  1/sqrt(power(x('9') -
3231  x('38'), 2) +
3232  power(x('109') -
3233  x('138'), 2) +
3234  power(x('209') -
3235  x('238'), 2)) +
3236  1/sqrt(power(x('10') -
3237  x('37'), 2) +
3238  power(x('110') -
3239  x('137'), 2) +
3240  power(x('210') -
3241  x('237'), 2)) +
3242  1/sqrt(power(x('15') -
3243  x('32'), 2) +
3244  power(x('115') -
3245  x('132'), 2) +
3246  power(x('215') -
3247  x('232'), 2)) +
3248  1/sqrt(power(x('12') -
3249  x('35'), 2) +
3250  power(x('112') -
3251  x('135'), 2) +
3252  power(x('212') -
3253  x('235'), 2)) +
3254  1/sqrt(power(x('13') -
3255  x('34'), 2) +
3256  power(x('113') -
3257  x('134'), 2) +
3258  power(x('213') -
3259  x('234'), 2)) +
3260  1/sqrt(power(x('20') -
3261  x('27'), 2) +
3262  power(x('120') -
3263  x('127'), 2) +
3264  power(x('220') -
3265  x('227'), 2)) +
3266  1/sqrt(power(x('21') -
3267  x('26'), 2) +
3268  power(x('121') -
3269  x('126'), 2) +
3270  power(x('221') -
3271  x('226'), 2)) +
3272  1/sqrt(power(x('1') -
3273  x('46'), 2) +
3274  power(x('101') -
3275  x('146'), 2) +
3276  power(x('201') -
3277  x('246'), 2)) +
3278  1/sqrt(power(x('23') -
3279  x('24'), 2) +
3280  power(x('123') -
3281  x('124'), 2) +
3282  power(x('223') -
3283  x('224'), 2)) +
3284  1/sqrt(power(x('17') -
3285  x('31'), 2) +
3286  power(x('117') -
3287  x('131'), 2) +
3288  power(x('217') -
3289  x('231'), 2)) +
3290  1/sqrt(power(x('23') -
3291  x('25'), 2) +
3292  power(x('123') -
3293  x('125'), 2) +
3294  power(x('223') -
3295  x('225'), 2)) +
3296  1/sqrt(power(x('15') -
3297  x('33'), 2) +
3298  power(x('115') -
3299  x('133'), 2) +
3300  power(x('215') -
3301  x('233'), 2)) +
3302  1/sqrt(power(x('20') -
3303  x('28'), 2) +
3304  power(x('120') -
3305  x('128'), 2) +
3306  power(x('220') -
3307  x('228'), 2)) +
3308  1/sqrt(power(x('16') -
3309  x('32'), 2) +
3310  power(x('116') -
3311  x('132'), 2) +
3312  power(x('216') -
3313  x('232'), 2)) +
3314  1/sqrt(power(x('12') -
3315  x('36'), 2) +
3316  power(x('112') -
3317  x('136'), 2) +
3318  power(x('212') -
3319  x('236'), 2)) +
3320  1/sqrt(power(x('18') -
3321  x('30'), 2) +
3322  power(x('118') -
3323  x('130'), 2) +
3324  power(x('218') -
3325  x('230'), 2)) +
3326  1/sqrt(power(x('22') -
3327  x('26'), 2) +
3328  power(x('122') -
3329  x('126'), 2) +
3330  power(x('222') -
3331  x('226'), 2)) +
3332  1/sqrt(power(x('19') -
3333  x('29'), 2) +
3334  power(x('119') -
3335  x('129'), 2) +
3336  power(x('219') -
3337  x('229'), 2)) +
3338  1/sqrt(power(x('21') -
3339  x('27'), 2) +
3340  power(x('121') -
3341  x('127'), 2) +
3342  power(x('221') -
3343  x('227'), 2)) +
3344  1/sqrt(power(x('14') -
3345  x('34'), 2) +
3346  power(x('114') -
3347  x('134'), 2) +
3348  power(x('214') -
3349  x('234'), 2)) +
3350  1/sqrt(power(x('9') -
3351  x('39'), 2) +
3352  power(x('109') -
3353  x('139'), 2) +
3354  power(x('209') -
3355  x('239'), 2)) +
3356  1/sqrt(power(x('2') -
3357  x('46'), 2) +
3358  power(x('102') -
3359  x('146'), 2) +
3360  power(x('202') -
3361  x('246'), 2)) +
3362  1/sqrt(power(x('13') -
3363  x('35'), 2) +
3364  power(x('113') -
3365  x('135'), 2) +
3366  power(x('213') -
3367  x('235'), 2)) +
3368  1/sqrt(power(x('6') -
3369  x('42'), 2) +
3370  power(x('106') -
3371  x('142'), 2) +
3372  power(x('206') -
3373  x('242'), 2)) +
3374  1/sqrt(power(x('11') -
3375  x('37'), 2) +
3376  power(x('111') -
3377  x('137'), 2) +
3378  power(x('211') -
3379  x('237'), 2)) +
3380  1/sqrt(power(x('1') -
3381  x('47'), 2) +
3382  power(x('101') -
3383  x('147'), 2) +
3384  power(x('201') -
3385  x('247'), 2)) +
3386  1/sqrt(power(x('10') -
3387  x('38'), 2) +
3388  power(x('110') -
3389  x('138'), 2) +
3390  power(x('210') -
3391  x('238'), 2)) +
3392  1/sqrt(power(x('8') -
3393  x('40'), 2) +
3394  power(x('108') -
3395  x('140'), 2) +
3396  power(x('208') -
3397  x('240'), 2)) +
3398  1/sqrt(power(x('7') -
3399  x('41'), 2) +
3400  power(x('107') -
3401  x('141'), 2) +
3402  power(x('207') -
3403  x('241'), 2)) +
3404  1/sqrt(power(x('3') -
3405  x('45'), 2) +
3406  power(x('103') -
3407  x('145'), 2) +
3408  power(x('203') -
3409  x('245'), 2)) +
3410  1/sqrt(power(x('5') -
3411  x('43'), 2) +
3412  power(x('105') -
3413  x('143'), 2) +
3414  power(x('205') -
3415  x('243'), 2)) +
3416  1/sqrt(power(x('4') -
3417  x('44'), 2) +
3418  power(x('104') -
3419  x('144'), 2) +
3420  power(x('204') -
3421  x('244'), 2)) +
3422  1/sqrt(power(x('23') -
3423  x('26'), 2) +
3424  power(x('123') -
3425  x('126'), 2) +
3426  power(x('223') -
3427  x('226'), 2)) +
3428  1/sqrt(power(x('21') -
3429  x('28'), 2) +
3430  power(x('121') -
3431  x('128'), 2) +
3432  power(x('221') -
3433  x('228'), 2)) +
3434  1/sqrt(power(x('22') -
3435  x('27'), 2) +
3436  power(x('122') -
3437  x('127'), 2) +
3438  power(x('222') -
3439  x('227'), 2)) +
3440  1/sqrt(power(x('15') -
3441  x('34'), 2) +
3442  power(x('115') -
3443  x('134'), 2) +
3444  power(x('215') -
3445  x('234'), 2)) +
3446  1/sqrt(power(x('7') -
3447  x('42'), 2) +
3448  power(x('107') -
3449  x('142'), 2) +
3450  power(x('207') -
3451  x('242'), 2)) +
3452  1/sqrt(power(x('3') -
3453  x('46'), 2) +
3454  power(x('103') -
3455  x('146'), 2) +
3456  power(x('203') -
3457  x('246'), 2)) +
3458  1/sqrt(power(x('24') -
3459  x('25'), 2) +
3460  power(x('124') -
3461  x('125'), 2) +
3462  power(x('224') -
3463  x('225'), 2)) +
3464  1/sqrt(power(x('18') -
3465  x('31'), 2) +
3466  power(x('118') -
3467  x('131'), 2) +
3468  power(x('218') -
3469  x('231'), 2)) +
3470  1/sqrt(power(x('8') -
3471  x('41'), 2) +
3472  power(x('108') -
3473  x('141'), 2) +
3474  power(x('208') -
3475  x('241'), 2)) +
3476  1/sqrt(power(x('20') -
3477  x('29'), 2) +
3478  power(x('120') -
3479  x('129'), 2) +
3480  power(x('220') -
3481  x('229'), 2)) +
3482  1/sqrt(power(x('1') -
3483  x('48'), 2) +
3484  power(x('101') -
3485  x('148'), 2) +
3486  power(x('201') -
3487  x('248'), 2)) +
3488  1/sqrt(power(x('2') -
3489  x('47'), 2) +
3490  power(x('102') -
3491  x('147'), 2) +
3492  power(x('202') -
3493  x('247'), 2)) +
3494  1/sqrt(power(x('19') -
3495  x('30'), 2) +
3496  power(x('119') -
3497  x('130'), 2) +
3498  power(x('219') -
3499  x('230'), 2)) +
3500  1/sqrt(power(x('16') -
3501  x('33'), 2) +
3502  power(x('116') -
3503  x('133'), 2) +
3504  power(x('216') -
3505  x('233'), 2)) +
3506  1/sqrt(power(x('17') -
3507  x('32'), 2) +
3508  power(x('117') -
3509  x('132'), 2) +
3510  power(x('217') -
3511  x('232'), 2)) +
3512  1/sqrt(power(x('6') -
3513  x('43'), 2) +
3514  power(x('106') -
3515  x('143'), 2) +
3516  power(x('206') -
3517  x('243'), 2)) +
3518  1/sqrt(power(x('4') -
3519  x('45'), 2) +
3520  power(x('104') -
3521  x('145'), 2) +
3522  power(x('204') -
3523  x('245'), 2)) +
3524  1/sqrt(power(x('10') -
3525  x('39'), 2) +
3526  power(x('110') -
3527  x('139'), 2) +
3528  power(x('210') -
3529  x('239'), 2)) +
3530  1/sqrt(power(x('12') -
3531  x('37'), 2) +
3532  power(x('112') -
3533  x('137'), 2) +
3534  power(x('212') -
3535  x('237'), 2)) +
3536  1/sqrt(power(x('5') -
3537  x('44'), 2) +
3538  power(x('105') -
3539  x('144'), 2) +
3540  power(x('205') -
3541  x('244'), 2)) +
3542  1/sqrt(power(x('11') -
3543  x('38'), 2) +
3544  power(x('111') -
3545  x('138'), 2) +
3546  power(x('211') -
3547  x('238'), 2)) +
3548  1/sqrt(power(x('9') -
3549  x('40'), 2) +
3550  power(x('109') -
3551  x('140'), 2) +
3552  power(x('209') -
3553  x('240'), 2)) +
3554  1/sqrt(power(x('13') -
3555  x('36'), 2) +
3556  power(x('113') -
3557  x('136'), 2) +
3558  power(x('213') -
3559  x('236'), 2)) +
3560  1/sqrt(power(x('14') -
3561  x('35'), 2) +
3562  power(x('114') -
3563  x('135'), 2) +
3564  power(x('214') -
3565  x('235'), 2)) +
3566  1/sqrt(power(x('10') -
3567  x('40'), 2) +
3568  power(x('110') -
3569  x('140'), 2) +
3570  power(x('210') -
3571  x('240'), 2)) +
3572  1/sqrt(power(x('8') -
3573  x('42'), 2) +
3574  power(x('108') -
3575  x('142'), 2) +
3576  power(x('208') -
3577  x('242'), 2)) +
3578  1/sqrt(power(x('9') -
3579  x('41'), 2) +
3580  power(x('109') -
3581  x('141'), 2) +
3582  power(x('209') -
3583  x('241'), 2)) +
3584  1/sqrt(power(x('16') -
3585  x('34'), 2) +
3586  power(x('116') -
3587  x('134'), 2) +
3588  power(x('216') -
3589  x('234'), 2)) +
3590  1/sqrt(power(x('13') -
3591  x('37'), 2) +
3592  power(x('113') -
3593  x('137'), 2) +
3594  power(x('213') -
3595  x('237'), 2)) +
3596  1/sqrt(power(x('1') -
3597  x('49'), 2) +
3598  power(x('101') -
3599  x('149'), 2) +
3600  power(x('201') -
3601  x('249'), 2)) +
3602  1/sqrt(power(x('4') -
3603  x('46'), 2) +
3604  power(x('104') -
3605  x('146'), 2) +
3606  power(x('204') -
3607  x('246'), 2)) +
3608  1/sqrt(power(x('11') -
3609  x('39'), 2) +
3610  power(x('111') -
3611  x('139'), 2) +
3612  power(x('211') -
3613  x('239'), 2)) +
3614  1/sqrt(power(x('17') -
3615  x('33'), 2) +
3616  power(x('117') -
3617  x('133'), 2) +
3618  power(x('217') -
3619  x('233'), 2)) +
3620  1/sqrt(power(x('12') -
3621  x('38'), 2) +
3622  power(x('112') -
3623  x('138'), 2) +
3624  power(x('212') -
3625  x('238'), 2)) +
3626  1/sqrt(power(x('15') -
3627  x('35'), 2) +
3628  power(x('115') -
3629  x('135'), 2) +
3630  power(x('215') -
3631  x('235'), 2)) +
3632  1/sqrt(power(x('14') -
3633  x('36'), 2) +
3634  power(x('114') -
3635  x('136'), 2) +
3636  power(x('214') -
3637  x('236'), 2)) +
3638  1/sqrt(power(x('2') -
3639  x('48'), 2) +
3640  power(x('102') -
3641  x('148'), 2) +
3642  power(x('202') -
3643  x('248'), 2)) +
3644  1/sqrt(power(x('24') -
3645  x('26'), 2) +
3646  power(x('124') -
3647  x('126'), 2) +
3648  power(x('224') -
3649  x('226'), 2)) +
3650  1/sqrt(power(x('3') -
3651  x('47'), 2) +
3652  power(x('103') -
3653  x('147'), 2) +
3654  power(x('203') -
3655  x('247'), 2)) +
3656  1/sqrt(power(x('7') -
3657  x('43'), 2) +
3658  power(x('107') -
3659  x('143'), 2) +
3660  power(x('207') -
3661  x('243'), 2)) +
3662  1/sqrt(power(x('21') -
3663  x('29'), 2) +
3664  power(x('121') -
3665  x('129'), 2) +
3666  power(x('221') -
3667  x('229'), 2)) +
3668  1/sqrt(power(x('5') -
3669  x('45'), 2) +
3670  power(x('105') -
3671  x('145'), 2) +
3672  power(x('205') -
3673  x('245'), 2)) +
3674  1/sqrt(power(x('19') -
3675  x('31'), 2) +
3676  power(x('119') -
3677  x('131'), 2) +
3678  power(x('219') -
3679  x('231'), 2)) +
3680  1/sqrt(power(x('6') -
3681  x('44'), 2) +
3682  power(x('106') -
3683  x('144'), 2) +
3684  power(x('206') -
3685  x('244'), 2)) +
3686  1/sqrt(power(x('20') -
3687  x('30'), 2) +
3688  power(x('120') -
3689  x('130'), 2) +
3690  power(x('220') -
3691  x('230'), 2)) +
3692  1/sqrt(power(x('23') -
3693  x('27'), 2) +
3694  power(x('123') -
3695  x('127'), 2) +
3696  power(x('223') -
3697  x('227'), 2)) +
3698  1/sqrt(power(x('22') -
3699  x('28'), 2) +
3700  power(x('122') -
3701  x('128'), 2) +
3702  power(x('222') -
3703  x('228'), 2)) +
3704  1/sqrt(power(x('18') -
3705  x('32'), 2) +
3706  power(x('118') -
3707  x('132'), 2) +
3708  power(x('218') -
3709  x('232'), 2)) +
3710  1/sqrt(power(x('5') -
3711  x('46'), 2) +
3712  power(x('105') -
3713  x('146'), 2) +
3714  power(x('205') -
3715  x('246'), 2)) +
3716  1/sqrt(power(x('2') -
3717  x('49'), 2) +
3718  power(x('102') -
3719  x('149'), 2) +
3720  power(x('202') -
3721  x('249'), 2)) +
3722  1/sqrt(power(x('8') -
3723  x('43'), 2) +
3724  power(x('108') -
3725  x('143'), 2) +
3726  power(x('208') -
3727  x('243'), 2)) +
3728  1/sqrt(power(x('14') -
3729  x('37'), 2) +
3730  power(x('114') -
3731  x('137'), 2) +
3732  power(x('214') -
3733  x('237'), 2)) +
3734  1/sqrt(power(x('11') -
3735  x('40'), 2) +
3736  power(x('111') -
3737  x('140'), 2) +
3738  power(x('211') -
3739  x('240'), 2)) +
3740  1/sqrt(power(x('16') -
3741  x('35'), 2) +
3742  power(x('116') -
3743  x('135'), 2) +
3744  power(x('216') -
3745  x('235'), 2)) +
3746  1/sqrt(power(x('4') -
3747  x('47'), 2) +
3748  power(x('104') -
3749  x('147'), 2) +
3750  power(x('204') -
3751  x('247'), 2)) +
3752  1/sqrt(power(x('3') -
3753  x('48'), 2) +
3754  power(x('103') -
3755  x('148'), 2) +
3756  power(x('203') -
3757  x('248'), 2)) +
3758  1/sqrt(power(x('6') -
3759  x('45'), 2) +
3760  power(x('106') -
3761  x('145'), 2) +
3762  power(x('206') -
3763  x('245'), 2)) +
3764  1/sqrt(power(x('15') -
3765  x('36'), 2) +
3766  power(x('115') -
3767  x('136'), 2) +
3768  power(x('215') -
3769  x('236'), 2)) +
3770  1/sqrt(power(x('7') -
3771  x('44'), 2) +
3772  power(x('107') -
3773  x('144'), 2) +
3774  power(x('207') -
3775  x('244'), 2)) +
3776  1/sqrt(power(x('24') -
3777  x('27'), 2) +
3778  power(x('124') -
3779  x('127'), 2) +
3780  power(x('224') -
3781  x('227'), 2)) +
3782  1/sqrt(power(x('22') -
3783  x('29'), 2) +
3784  power(x('122') -
3785  x('129'), 2) +
3786  power(x('222') -
3787  x('229'), 2)) +
3788  1/sqrt(power(x('1') -
3789  x('50'), 2) +
3790  power(x('101') -
3791  x('150'), 2) +
3792  power(x('201') -
3793  x('250'), 2)) +
3794  1/sqrt(power(x('9') -
3795  x('42'), 2) +
3796  power(x('109') -
3797  x('142'), 2) +
3798  power(x('209') -
3799  x('242'), 2)) +
3800  1/sqrt(power(x('13') -
3801  x('38'), 2) +
3802  power(x('113') -
3803  x('138'), 2) +
3804  power(x('213') -
3805  x('238'), 2)) +
3806  1/sqrt(power(x('10') -
3807  x('41'), 2) +
3808  power(x('110') -
3809  x('141'), 2) +
3810  power(x('210') -
3811  x('241'), 2)) +
3812  1/sqrt(power(x('12') -
3813  x('39'), 2) +
3814  power(x('112') -
3815  x('139'), 2) +
3816  power(x('212') -
3817  x('239'), 2)) +
3818  1/sqrt(power(x('19') -
3819  x('32'), 2) +
3820  power(x('119') -
3821  x('132'), 2) +
3822  power(x('219') -
3823  x('232'), 2)) +
3824  1/sqrt(power(x('23') -
3825  x('28'), 2) +
3826  power(x('123') -
3827  x('128'), 2) +
3828  power(x('223') -
3829  x('228'), 2)) +
3830  1/sqrt(power(x('17') -
3831  x('34'), 2) +
3832  power(x('117') -
3833  x('134'), 2) +
3834  power(x('217') -
3835  x('234'), 2)) +
3836  1/sqrt(power(x('25') -
3837  x('26'), 2) +
3838  power(x('125') -
3839  x('126'), 2) +
3840  power(x('225') -
3841  x('226'), 2)) +
3842  1/sqrt(power(x('18') -
3843  x('33'), 2) +
3844  power(x('118') -
3845  x('133'), 2) +
3846  power(x('218') -
3847  x('233'), 2)) +
3848  1/sqrt(power(x('21') -
3849  x('30'), 2) +
3850  power(x('121') -
3851  x('130'), 2) +
3852  power(x('221') -
3853  x('230'), 2)) +
3854  1/sqrt(power(x('20') -
3855  x('31'), 2) +
3856  power(x('120') -
3857  x('131'), 2) +
3858  power(x('220') -
3859  x('231'), 2)) +
3860  1/sqrt(power(x('12') -
3861  x('40'), 2) +
3862  power(x('112') -
3863  x('140'), 2) +
3864  power(x('212') -
3865  x('240'), 2)) +
3866  1/sqrt(power(x('14') -
3867  x('38'), 2) +
3868  power(x('114') -
3869  x('138'), 2) +
3870  power(x('214') -
3871  x('238'), 2)) +
3872  1/sqrt(power(x('9') -
3873  x('43'), 2) +
3874  power(x('109') -
3875  x('143'), 2) +
3876  power(x('209') -
3877  x('243'), 2)) +
3878  1/sqrt(power(x('13') -
3879  x('39'), 2) +
3880  power(x('113') -
3881  x('139'), 2) +
3882  power(x('213') -
3883  x('239'), 2)) +
3884  1/sqrt(power(x('6') -
3885  x('46'), 2) +
3886  power(x('106') -
3887  x('146'), 2) +
3888  power(x('206') -
3889  x('246'), 2)) +
3890  1/sqrt(power(x('25') -
3891  x('27'), 2) +
3892  power(x('125') -
3893  x('127'), 2) +
3894  power(x('225') -
3895  x('227'), 2)) +
3896  1/sqrt(power(x('22') -
3897  x('30'), 2) +
3898  power(x('122') -
3899  x('130'), 2) +
3900  power(x('222') -
3901  x('230'), 2)) +
3902  1/sqrt(power(x('20') -
3903  x('32'), 2) +
3904  power(x('120') -
3905  x('132'), 2) +
3906  power(x('220') -
3907  x('232'), 2)) +
3908  1/sqrt(power(x('3') -
3909  x('49'), 2) +
3910  power(x('103') -
3911  x('149'), 2) +
3912  power(x('203') -
3913  x('249'), 2)) +
3914  1/sqrt(power(x('11') -
3915  x('41'), 2) +
3916  power(x('111') -
3917  x('141'), 2) +
3918  power(x('211') -
3919  x('241'), 2)) +
3920  1/sqrt(power(x('17') -
3921  x('35'), 2) +
3922  power(x('117') -
3923  x('135'), 2) +
3924  power(x('217') -
3925  x('235'), 2)) +
3926  1/sqrt(power(x('10') -
3927  x('42'), 2) +
3928  power(x('110') -
3929  x('142'), 2) +
3930  power(x('210') -
3931  x('242'), 2)) +
3932  1/sqrt(power(x('21') -
3933  x('31'), 2) +
3934  power(x('121') -
3935  x('131'), 2) +
3936  power(x('221') -
3937  x('231'), 2)) +
3938  1/sqrt(power(x('8') -
3939  x('44'), 2) +
3940  power(x('108') -
3941  x('144'), 2) +
3942  power(x('208') -
3943  x('244'), 2)) +
3944  1/sqrt(power(x('7') -
3945  x('45'), 2) +
3946  power(x('107') -
3947  x('145'), 2) +
3948  power(x('207') -
3949  x('245'), 2)) +
3950  1/sqrt(power(x('15') -
3951  x('37'), 2) +
3952  power(x('115') -
3953  x('137'), 2) +
3954  power(x('215') -
3955  x('237'), 2)) +
3956  1/sqrt(power(x('5') -
3957  x('47'), 2) +
3958  power(x('105') -
3959  x('147'), 2) +
3960  power(x('205') -
3961  x('247'), 2)) +
3962  1/sqrt(power(x('4') -
3963  x('48'), 2) +
3964  power(x('104') -
3965  x('148'), 2) +
3966  power(x('204') -
3967  x('248'), 2)) +
3968  1/sqrt(power(x('24') -
3969  x('28'), 2) +
3970  power(x('124') -
3971  x('128'), 2) +
3972  power(x('224') -
3973  x('228'), 2)) +
3974  1/sqrt(power(x('23') -
3975  x('29'), 2) +
3976  power(x('123') -
3977  x('129'), 2) +
3978  power(x('223') -
3979  x('229'), 2)) +
3980  1/sqrt(power(x('16') -
3981  x('36'), 2) +
3982  power(x('116') -
3983  x('136'), 2) +
3984  power(x('216') -
3985  x('236'), 2)) +
3986  1/sqrt(power(x('19') -
3987  x('33'), 2) +
3988  power(x('119') -
3989  x('133'), 2) +
3990  power(x('219') -
3991  x('233'), 2)) +
3992  1/sqrt(power(x('18') -
3993  x('34'), 2) +
3994  power(x('118') -
3995  x('134'), 2) +
3996  power(x('218') -
3997  x('234'), 2)) +
3998  1/sqrt(power(x('2') -
3999  x('50'), 2) +
4000  power(x('102') -
4001  x('150'), 2) +
4002  power(x('202') -
4003  x('250'), 2)) +
4004  1/sqrt(power(x('1') -
4005  x('51'), 2) +
4006  power(x('101') -
4007  x('151'), 2) +
4008  power(x('201') -
4009  x('251'), 2)) +
4010  1/sqrt(power(x('3') -
4011  x('50'), 2) +
4012  power(x('103') -
4013  x('150'), 2) +
4014  power(x('203') -
4015  x('250'), 2)) +
4016  1/sqrt(power(x('1') -
4017  x('52'), 2) +
4018  power(x('101') -
4019  x('152'), 2) +
4020  power(x('201') -
4021  x('252'), 2)) +
4022  1/sqrt(power(x('12') -
4023  x('41'), 2) +
4024  power(x('112') -
4025  x('141'), 2) +
4026  power(x('212') -
4027  x('241'), 2)) +
4028  1/sqrt(power(x('2') -
4029  x('51'), 2) +
4030  power(x('102') -
4031  x('151'), 2) +
4032  power(x('202') -
4033  x('251'), 2)) +
4034  1/sqrt(power(x('11') -
4035  x('42'), 2) +
4036  power(x('111') -
4037  x('142'), 2) +
4038  power(x('211') -
4039  x('242'), 2)) +
4040  1/sqrt(power(x('7') -
4041  x('46'), 2) +
4042  power(x('107') -
4043  x('146'), 2) +
4044  power(x('207') -
4045  x('246'), 2)) +
4046  1/sqrt(power(x('18') -
4047  x('35'), 2) +
4048  power(x('118') -
4049  x('135'), 2) +
4050  power(x('218') -
4051  x('235'), 2)) +
4052  1/sqrt(power(x('20') -
4053  x('33'), 2) +
4054  power(x('120') -
4055  x('133'), 2) +
4056  power(x('220') -
4057  x('233'), 2)) +
4058  1/sqrt(power(x('23') -
4059  x('30'), 2) +
4060  power(x('123') -
4061  x('130'), 2) +
4062  power(x('223') -
4063  x('230'), 2)) +
4064  1/sqrt(power(x('15') -
4065  x('38'), 2) +
4066  power(x('115') -
4067  x('138'), 2) +
4068  power(x('215') -
4069  x('238'), 2)) +
4070  1/sqrt(power(x('25') -
4071  x('28'), 2) +
4072  power(x('125') -
4073  x('128'), 2) +
4074  power(x('225') -
4075  x('228'), 2)) +
4076  1/sqrt(power(x('8') -
4077  x('45'), 2) +
4078  power(x('108') -
4079  x('145'), 2) +
4080  power(x('208') -
4081  x('245'), 2)) +
4082  1/sqrt(power(x('19') -
4083  x('34'), 2) +
4084  power(x('119') -
4085  x('134'), 2) +
4086  power(x('219') -
4087  x('234'), 2)) +
4088  1/sqrt(power(x('13') -
4089  x('40'), 2) +
4090  power(x('113') -
4091  x('140'), 2) +
4092  power(x('213') -
4093  x('240'), 2)) +
4094  1/sqrt(power(x('4') -
4095  x('49'), 2) +
4096  power(x('104') -
4097  x('149'), 2) +
4098  power(x('204') -
4099  x('249'), 2)) +
4100  1/sqrt(power(x('24') -
4101  x('29'), 2) +
4102  power(x('124') -
4103  x('129'), 2) +
4104  power(x('224') -
4105  x('229'), 2)) +
4106  1/sqrt(power(x('14') -
4107  x('39'), 2) +
4108  power(x('114') -
4109  x('139'), 2) +
4110  power(x('214') -
4111  x('239'), 2)) +
4112  1/sqrt(power(x('6') -
4113  x('47'), 2) +
4114  power(x('106') -
4115  x('147'), 2) +
4116  power(x('206') -
4117  x('247'), 2)) +
4118  1/sqrt(power(x('17') -
4119  x('36'), 2) +
4120  power(x('117') -
4121  x('136'), 2) +
4122  power(x('217') -
4123  x('236'), 2)) +
4124  1/sqrt(power(x('21') -
4125  x('32'), 2) +
4126  power(x('121') -
4127  x('132'), 2) +
4128  power(x('221') -
4129  x('232'), 2)) +
4130  1/sqrt(power(x('16') -
4131  x('37'), 2) +
4132  power(x('116') -
4133  x('137'), 2) +
4134  power(x('216') -
4135  x('237'), 2)) +
4136  1/sqrt(power(x('22') -
4137  x('31'), 2) +
4138  power(x('122') -
4139  x('131'), 2) +
4140  power(x('222') -
4141  x('231'), 2)) +
4142  1/sqrt(power(x('5') -
4143  x('48'), 2) +
4144  power(x('105') -
4145  x('148'), 2) +
4146  power(x('205') -
4147  x('248'), 2)) +
4148  1/sqrt(power(x('26') -
4149  x('27'), 2) +
4150  power(x('126') -
4151  x('127'), 2) +
4152  power(x('226') -
4153  x('227'), 2)) +
4154  1/sqrt(power(x('10') -
4155  x('43'), 2) +
4156  power(x('110') -
4157  x('143'), 2) +
4158  power(x('210') -
4159  x('243'), 2)) +
4160  1/sqrt(power(x('9') -
4161  x('44'), 2) +
4162  power(x('109') -
4163  x('144'), 2) +
4164  power(x('209') -
4165  x('244'), 2)) +
4166  1/sqrt(power(x('8') -
4167  x('46'), 2) +
4168  power(x('108') -
4169  x('146'), 2) +
4170  power(x('208') -
4171  x('246'), 2)) +
4172  1/sqrt(power(x('10') -
4173  x('44'), 2) +
4174  power(x('110') -
4175  x('144'), 2) +
4176  power(x('210') -
4177  x('244'), 2)) +
4178  1/sqrt(power(x('3') -
4179  x('51'), 2) +
4180  power(x('103') -
4181  x('151'), 2) +
4182  power(x('203') -
4183  x('251'), 2)) +
4184  1/sqrt(power(x('9') -
4185  x('45'), 2) +
4186  power(x('109') -
4187  x('145'), 2) +
4188  power(x('209') -
4189  x('245'), 2)) +
4190  1/sqrt(power(x('16') -
4191  x('38'), 2) +
4192  power(x('116') -
4193  x('138'), 2) +
4194  power(x('216') -
4195  x('238'), 2)) +
4196  1/sqrt(power(x('13') -
4197  x('41'), 2) +
4198  power(x('113') -
4199  x('141'), 2) +
4200  power(x('213') -
4201  x('241'), 2)) +
4202  1/sqrt(power(x('5') -
4203  x('49'), 2) +
4204  power(x('105') -
4205  x('149'), 2) +
4206  power(x('205') -
4207  x('249'), 2)) +
4208  1/sqrt(power(x('18') -
4209  x('36'), 2) +
4210  power(x('118') -
4211  x('136'), 2) +
4212  power(x('218') -
4213  x('236'), 2)) +
4214  1/sqrt(power(x('7') -
4215  x('47'), 2) +
4216  power(x('107') -
4217  x('147'), 2) +
4218  power(x('207') -
4219  x('247'), 2)) +
4220  1/sqrt(power(x('11') -
4221  x('43'), 2) +
4222  power(x('111') -
4223  x('143'), 2) +
4224  power(x('211') -
4225  x('243'), 2)) +
4226  1/sqrt(power(x('1') -
4227  x('53'), 2) +
4228  power(x('101') -
4229  x('153'), 2) +
4230  power(x('201') -
4231  x('253'), 2)) +
4232  1/sqrt(power(x('21') -
4233  x('33'), 2) +
4234  power(x('121') -
4235  x('133'), 2) +
4236  power(x('221') -
4237  x('233'), 2)) +
4238  1/sqrt(power(x('17') -
4239  x('37'), 2) +
4240  power(x('117') -
4241  x('137'), 2) +
4242  power(x('217') -
4243  x('237'), 2)) +
4244  1/sqrt(power(x('6') -
4245  x('48'), 2) +
4246  power(x('106') -
4247  x('148'), 2) +
4248  power(x('206') -
4249  x('248'), 2)) +
4250  1/sqrt(power(x('12') -
4251  x('42'), 2) +
4252  power(x('112') -
4253  x('142'), 2) +
4254  power(x('212') -
4255  x('242'), 2)) +
4256  1/sqrt(power(x('23') -
4257  x('31'), 2) +
4258  power(x('123') -
4259  x('131'), 2) +
4260  power(x('223') -
4261  x('231'), 2)) +
4262  1/sqrt(power(x('26') -
4263  x('28'), 2) +
4264  power(x('126') -
4265  x('128'), 2) +
4266  power(x('226') -
4267  x('228'), 2)) +
4268  1/sqrt(power(x('14') -
4269  x('40'), 2) +
4270  power(x('114') -
4271  x('140'), 2) +
4272  power(x('214') -
4273  x('240'), 2)) +
4274  1/sqrt(power(x('15') -
4275  x('39'), 2) +
4276  power(x('115') -
4277  x('139'), 2) +
4278  power(x('215') -
4279  x('239'), 2)) +
4280  1/sqrt(power(x('22') -
4281  x('32'), 2) +
4282  power(x('122') -
4283  x('132'), 2) +
4284  power(x('222') -
4285  x('232'), 2)) +
4286  1/sqrt(power(x('19') -
4287  x('35'), 2) +
4288  power(x('119') -
4289  x('135'), 2) +
4290  power(x('219') -
4291  x('235'), 2)) +
4292  1/sqrt(power(x('4') -
4293  x('50'), 2) +
4294  power(x('104') -
4295  x('150'), 2) +
4296  power(x('204') -
4297  x('250'), 2)) +
4298  1/sqrt(power(x('20') -
4299  x('34'), 2) +
4300  power(x('120') -
4301  x('134'), 2) +
4302  power(x('220') -
4303  x('234'), 2)) +
4304  1/sqrt(power(x('2') -
4305  x('52'), 2) +
4306  power(x('102') -
4307  x('152'), 2) +
4308  power(x('202') -
4309  x('252'), 2)) +
4310  1/sqrt(power(x('24') -
4311  x('30'), 2) +
4312  power(x('124') -
4313  x('130'), 2) +
4314  power(x('224') -
4315  x('230'), 2)) +
4316  1/sqrt(power(x('25') -
4317  x('29'), 2) +
4318  power(x('125') -
4319  x('129'), 2) +
4320  power(x('225') -
4321  x('229'), 2)) +
4322  1/sqrt(power(x('8') -
4323  x('47'), 2) +
4324  power(x('108') -
4325  x('147'), 2) +
4326  power(x('208') -
4327  x('247'), 2)) +
4328  1/sqrt(power(x('7') -
4329  x('48'), 2) +
4330  power(x('107') -
4331  x('148'), 2) +
4332  power(x('207') -
4333  x('248'), 2)) +
4334  1/sqrt(power(x('24') -
4335  x('31'), 2) +
4336  power(x('124') -
4337  x('131'), 2) +
4338  power(x('224') -
4339  x('231'), 2)) +
4340  1/sqrt(power(x('26') -
4341  x('29'), 2) +
4342  power(x('126') -
4343  x('129'), 2) +
4344  power(x('226') -
4345  x('229'), 2)) +
4346  1/sqrt(power(x('2') -
4347  x('53'), 2) +
4348  power(x('102') -
4349  x('153'), 2) +
4350  power(x('202') -
4351  x('253'), 2)) +
4352  1/sqrt(power(x('11') -
4353  x('44'), 2) +
4354  power(x('111') -
4355  x('144'), 2) +
4356  power(x('211') -
4357  x('244'), 2)) +
4358  1/sqrt(power(x('14') -
4359  x('41'), 2) +
4360  power(x('114') -
4361  x('141'), 2) +
4362  power(x('214') -
4363  x('241'), 2)) +
4364  1/sqrt(power(x('25') -
4365  x('30'), 2) +
4366  power(x('125') -
4367  x('130'), 2) +
4368  power(x('225') -
4369  x('230'), 2)) +
4370  1/sqrt(power(x('9') -
4371  x('46'), 2) +
4372  power(x('109') -
4373  x('146'), 2) +
4374  power(x('209') -
4375  x('246'), 2)) +
4376  1/sqrt(power(x('22') -
4377  x('33'), 2) +
4378  power(x('122') -
4379  x('133'), 2) +
4380  power(x('222') -
4381  x('233'), 2)) +
4382  1/sqrt(power(x('16') -
4383  x('39'), 2) +
4384  power(x('116') -
4385  x('139'), 2) +
4386  power(x('216') -
4387  x('239'), 2)) +
4388  1/sqrt(power(x('23') -
4389  x('32'), 2) +
4390  power(x('123') -
4391  x('132'), 2) +
4392  power(x('223') -
4393  x('232'), 2)) +
4394  1/sqrt(power(x('10') -
4395  x('45'), 2) +
4396  power(x('110') -
4397  x('145'), 2) +
4398  power(x('210') -
4399  x('245'), 2)) +
4400  1/sqrt(power(x('1') -
4401  x('54'), 2) +
4402  power(x('101') -
4403  x('154'), 2) +
4404  power(x('201') -
4405  x('254'), 2)) +
4406  1/sqrt(power(x('5') -
4407  x('50'), 2) +
4408  power(x('105') -
4409  x('150'), 2) +
4410  power(x('205') -
4411  x('250'), 2)) +
4412  1/sqrt(power(x('15') -
4413  x('40'), 2) +
4414  power(x('115') -
4415  x('140'), 2) +
4416  power(x('215') -
4417  x('240'), 2)) +
4418  1/sqrt(power(x('3') -
4419  x('52'), 2) +
4420  power(x('103') -
4421  x('152'), 2) +
4422  power(x('203') -
4423  x('252'), 2)) +
4424  1/sqrt(power(x('27') -
4425  x('28'), 2) +
4426  power(x('127') -
4427  x('128'), 2) +
4428  power(x('227') -
4429  x('228'), 2)) +
4430  1/sqrt(power(x('12') -
4431  x('43'), 2) +
4432  power(x('112') -
4433  x('143'), 2) +
4434  power(x('212') -
4435  x('243'), 2)) +
4436  1/sqrt(power(x('13') -
4437  x('42'), 2) +
4438  power(x('113') -
4439  x('142'), 2) +
4440  power(x('213') -
4441  x('242'), 2)) +
4442  1/sqrt(power(x('4') -
4443  x('51'), 2) +
4444  power(x('104') -
4445  x('151'), 2) +
4446  power(x('204') -
4447  x('251'), 2)) +
4448  1/sqrt(power(x('19') -
4449  x('36'), 2) +
4450  power(x('119') -
4451  x('136'), 2) +
4452  power(x('219') -
4453  x('236'), 2)) +
4454  1/sqrt(power(x('21') -
4455  x('34'), 2) +
4456  power(x('121') -
4457  x('134'), 2) +
4458  power(x('221') -
4459  x('234'), 2)) +
4460  1/sqrt(power(x('17') -
4461  x('38'), 2) +
4462  power(x('117') -
4463  x('138'), 2) +
4464  power(x('217') -
4465  x('238'), 2)) +
4466  1/sqrt(power(x('6') -
4467  x('49'), 2) +
4468  power(x('106') -
4469  x('149'), 2) +
4470  power(x('206') -
4471  x('249'), 2)) +
4472  1/sqrt(power(x('20') -
4473  x('35'), 2) +
4474  power(x('120') -
4475  x('135'), 2) +
4476  power(x('220') -
4477  x('235'), 2)) +
4478  1/sqrt(power(x('18') -
4479  x('37'), 2) +
4480  power(x('118') -
4481  x('137'), 2) +
4482  power(x('218') -
4483  x('237'), 2)) +
4484  1/sqrt(power(x('9') -
4485  x('47'), 2) +
4486  power(x('109') -
4487  x('147'), 2) +
4488  power(x('209') -
4489  x('247'), 2)) +
4490  1/sqrt(power(x('12') -
4491  x('44'), 2) +
4492  power(x('112') -
4493  x('144'), 2) +
4494  power(x('212') -
4495  x('244'), 2)) +
4496  1/sqrt(power(x('7') -
4497  x('49'), 2) +
4498  power(x('107') -
4499  x('149'), 2) +
4500  power(x('207') -
4501  x('249'), 2)) +
4502  1/sqrt(power(x('8') -
4503  x('48'), 2) +
4504  power(x('108') -
4505  x('148'), 2) +
4506  power(x('208') -
4507  x('248'), 2)) +
4508  1/sqrt(power(x('14') -
4509  x('42'), 2) +
4510  power(x('114') -
4511  x('142'), 2) +
4512  power(x('214') -
4513  x('242'), 2)) +
4514  1/sqrt(power(x('13') -
4515  x('43'), 2) +
4516  power(x('113') -
4517  x('143'), 2) +
4518  power(x('213') -
4519  x('243'), 2)) +
4520  1/sqrt(power(x('10') -
4521  x('46'), 2) +
4522  power(x('110') -
4523  x('146'), 2) +
4524  power(x('210') -
4525  x('246'), 2)) +
4526  1/sqrt(power(x('11') -
4527  x('45'), 2) +
4528  power(x('111') -
4529  x('145'), 2) +
4530  power(x('211') -
4531  x('245'), 2)) +
4532  1/sqrt(power(x('22') -
4533  x('34'), 2) +
4534  power(x('122') -
4535  x('134'), 2) +
4536  power(x('222') -
4537  x('234'), 2)) +
4538  1/sqrt(power(x('3') -
4539  x('53'), 2) +
4540  power(x('103') -
4541  x('153'), 2) +
4542  power(x('203') -
4543  x('253'), 2)) +
4544  1/sqrt(power(x('20') -
4545  x('36'), 2) +
4546  power(x('120') -
4547  x('136'), 2) +
4548  power(x('220') -
4549  x('236'), 2)) +
4550  1/sqrt(power(x('24') -
4551  x('32'), 2) +
4552  power(x('124') -
4553  x('132'), 2) +
4554  power(x('224') -
4555  x('232'), 2)) +
4556  1/sqrt(power(x('21') -
4557  x('35'), 2) +
4558  power(x('121') -
4559  x('135'), 2) +
4560  power(x('221') -
4561  x('235'), 2)) +
4562  1/sqrt(power(x('6') -
4563  x('50'), 2) +
4564  power(x('106') -
4565  x('150'), 2) +
4566  power(x('206') -
4567  x('250'), 2)) +
4568  1/sqrt(power(x('17') -
4569  x('39'), 2) +
4570  power(x('117') -
4571  x('139'), 2) +
4572  power(x('217') -
4573  x('239'), 2)) +
4574  1/sqrt(power(x('23') -
4575  x('33'), 2) +
4576  power(x('123') -
4577  x('133'), 2) +
4578  power(x('223') -
4579  x('233'), 2)) +
4580  1/sqrt(power(x('27') -
4581  x('29'), 2) +
4582  power(x('127') -
4583  x('129'), 2) +
4584  power(x('227') -
4585  x('229'), 2)) +
4586  1/sqrt(power(x('2') -
4587  x('54'), 2) +
4588  power(x('102') -
4589  x('154'), 2) +
4590  power(x('202') -
4591  x('254'), 2)) +
4592  1/sqrt(power(x('1') -
4593  x('55'), 2) +
4594  power(x('101') -
4595  x('155'), 2) +
4596  power(x('201') -
4597  x('255'), 2)) +
4598  1/sqrt(power(x('15') -
4599  x('41'), 2) +
4600  power(x('115') -
4601  x('141'), 2) +
4602  power(x('215') -
4603  x('241'), 2)) +
4604  1/sqrt(power(x('4') -
4605  x('52'), 2) +
4606  power(x('104') -
4607  x('152'), 2) +
4608  power(x('204') -
4609  x('252'), 2)) +
4610  1/sqrt(power(x('5') -
4611  x('51'), 2) +
4612  power(x('105') -
4613  x('151'), 2) +
4614  power(x('205') -
4615  x('251'), 2)) +
4616  1/sqrt(power(x('16') -
4617  x('40'), 2) +
4618  power(x('116') -
4619  x('140'), 2) +
4620  power(x('216') -
4621  x('240'), 2)) +
4622  1/sqrt(power(x('19') -
4623  x('37'), 2) +
4624  power(x('119') -
4625  x('137'), 2) +
4626  power(x('219') -
4627  x('237'), 2)) +
4628  1/sqrt(power(x('18') -
4629  x('38'), 2) +
4630  power(x('118') -
4631  x('138'), 2) +
4632  power(x('218') -
4633  x('238'), 2)) +
4634  1/sqrt(power(x('25') -
4635  x('31'), 2) +
4636  power(x('125') -
4637  x('131'), 2) +
4638  power(x('225') -
4639  x('231'), 2)) +
4640  1/sqrt(power(x('26') -
4641  x('30'), 2) +
4642  power(x('126') -
4643  x('130'), 2) +
4644  power(x('226') -
4645  x('230'), 2)) +
4646  1/sqrt(power(x('25') -
4647  x('32'), 2) +
4648  power(x('125') -
4649  x('132'), 2) +
4650  power(x('225') -
4651  x('232'), 2)) +
4652  1/sqrt(power(x('4') -
4653  x('53'), 2) +
4654  power(x('104') -
4655  x('153'), 2) +
4656  power(x('204') -
4657  x('253'), 2)) +
4658  1/sqrt(power(x('27') -
4659  x('30'), 2) +
4660  power(x('127') -
4661  x('130'), 2) +
4662  power(x('227') -
4663  x('230'), 2)) +
4664  1/sqrt(power(x('1') -
4665  x('56'), 2) +
4666  power(x('101') -
4667  x('156'), 2) +
4668  power(x('201') -
4669  x('256'), 2)) +
4670  1/sqrt(power(x('23') -
4671  x('34'), 2) +
4672  power(x('123') -
4673  x('134'), 2) +
4674  power(x('223') -
4675  x('234'), 2)) +
4676  1/sqrt(power(x('13') -
4677  x('44'), 2) +
4678  power(x('113') -
4679  x('144'), 2) +
4680  power(x('213') -
4681  x('244'), 2)) +
4682  1/sqrt(power(x('15') -
4683  x('42'), 2) +
4684  power(x('115') -
4685  x('142'), 2) +
4686  power(x('215') -
4687  x('242'), 2)) +
4688  1/sqrt(power(x('18') -
4689  x('39'), 2) +
4690  power(x('118') -
4691  x('139'), 2) +
4692  power(x('218') -
4693  x('239'), 2)) +
4694  1/sqrt(power(x('7') -
4695  x('50'), 2) +
4696  power(x('107') -
4697  x('150'), 2) +
4698  power(x('207') -
4699  x('250'), 2)) +
4700  1/sqrt(power(x('20') -
4701  x('37'), 2) +
4702  power(x('120') -
4703  x('137'), 2) +
4704  power(x('220') -
4705  x('237'), 2)) +
4706  1/sqrt(power(x('26') -
4707  x('31'), 2) +
4708  power(x('126') -
4709  x('131'), 2) +
4710  power(x('226') -
4711  x('231'), 2)) +
4712  1/sqrt(power(x('24') -
4713  x('33'), 2) +
4714  power(x('124') -
4715  x('133'), 2) +
4716  power(x('224') -
4717  x('233'), 2)) +
4718  1/sqrt(power(x('10') -
4719  x('47'), 2) +
4720  power(x('110') -
4721  x('147'), 2) +
4722  power(x('210') -
4723  x('247'), 2)) +
4724  1/sqrt(power(x('14') -
4725  x('43'), 2) +
4726  power(x('114') -
4727  x('143'), 2) +
4728  power(x('214') -
4729  x('243'), 2)) +
4730  1/sqrt(power(x('3') -
4731  x('54'), 2) +
4732  power(x('103') -
4733  x('154'), 2) +
4734  power(x('203') -
4735  x('254'), 2)) +
4736  1/sqrt(power(x('2') -
4737  x('55'), 2) +
4738  power(x('102') -
4739  x('155'), 2) +
4740  power(x('202') -
4741  x('255'), 2)) +
4742  1/sqrt(power(x('19') -
4743  x('38'), 2) +
4744  power(x('119') -
4745  x('138'), 2) +
4746  power(x('219') -
4747  x('238'), 2)) +
4748  1/sqrt(power(x('5') -
4749  x('52'), 2) +
4750  power(x('105') -
4751  x('152'), 2) +
4752  power(x('205') -
4753  x('252'), 2)) +
4754  1/sqrt(power(x('6') -
4755  x('51'), 2) +
4756  power(x('106') -
4757  x('151'), 2) +
4758  power(x('206') -
4759  x('251'), 2)) +
4760  1/sqrt(power(x('28') -
4761  x('29'), 2) +
4762  power(x('128') -
4763  x('129'), 2) +
4764  power(x('228') -
4765  x('229'), 2)) +
4766  1/sqrt(power(x('22') -
4767  x('35'), 2) +
4768  power(x('122') -
4769  x('135'), 2) +
4770  power(x('222') -
4771  x('235'), 2)) +
4772  1/sqrt(power(x('16') -
4773  x('41'), 2) +
4774  power(x('116') -
4775  x('141'), 2) +
4776  power(x('216') -
4777  x('241'), 2)) +
4778  1/sqrt(power(x('12') -
4779  x('45'), 2) +
4780  power(x('112') -
4781  x('145'), 2) +
4782  power(x('212') -
4783  x('245'), 2)) +
4784  1/sqrt(power(x('17') -
4785  x('40'), 2) +
4786  power(x('117') -
4787  x('140'), 2) +
4788  power(x('217') -
4789  x('240'), 2)) +
4790  1/sqrt(power(x('8') -
4791  x('49'), 2) +
4792  power(x('108') -
4793  x('149'), 2) +
4794  power(x('208') -
4795  x('249'), 2)) +
4796  1/sqrt(power(x('21') -
4797  x('36'), 2) +
4798  power(x('121') -
4799  x('136'), 2) +
4800  power(x('221') -
4801  x('236'), 2)) +
4802  1/sqrt(power(x('11') -
4803  x('46'), 2) +
4804  power(x('111') -
4805  x('146'), 2) +
4806  power(x('211') -
4807  x('246'), 2)) +
4808  1/sqrt(power(x('9') -
4809  x('48'), 2) +
4810  power(x('109') -
4811  x('148'), 2) +
4812  power(x('209') -
4813  x('248'), 2)) +
4814  1/sqrt(power(x('11') -
4815  x('47'), 2) +
4816  power(x('111') -
4817  x('147'), 2) +
4818  power(x('211') -
4819  x('247'), 2)) +
4820  1/sqrt(power(x('5') -
4821  x('53'), 2) +
4822  power(x('105') -
4823  x('153'), 2) +
4824  power(x('205') -
4825  x('253'), 2)) +
4826  1/sqrt(power(x('8') -
4827  x('50'), 2) +
4828  power(x('108') -
4829  x('150'), 2) +
4830  power(x('208') -
4831  x('250'), 2)) +
4832  1/sqrt(power(x('2') -
4833  x('56'), 2) +
4834  power(x('102') -
4835  x('156'), 2) +
4836  power(x('202') -
4837  x('256'), 2)) +
4838  1/sqrt(power(x('13') -
4839  x('45'), 2) +
4840  power(x('113') -
4841  x('145'), 2) +
4842  power(x('213') -
4843  x('245'), 2)) +
4844  1/sqrt(power(x('12') -
4845  x('46'), 2) +
4846  power(x('112') -
4847  x('146'), 2) +
4848  power(x('212') -
4849  x('246'), 2)) +
4850  1/sqrt(power(x('28') -
4851  x('30'), 2) +
4852  power(x('128') -
4853  x('130'), 2) +
4854  power(x('228') -
4855  x('230'), 2)) +
4856  1/sqrt(power(x('16') -
4857  x('42'), 2) +
4858  power(x('116') -
4859  x('142'), 2) +
4860  power(x('216') -
4861  x('242'), 2)) +
4862  1/sqrt(power(x('4') -
4863  x('54'), 2) +
4864  power(x('104') -
4865  x('154'), 2) +
4866  power(x('204') -
4867  x('254'), 2)) +
4868  1/sqrt(power(x('3') -
4869  x('55'), 2) +
4870  power(x('103') -
4871  x('155'), 2) +
4872  power(x('203') -
4873  x('255'), 2)) +
4874  1/sqrt(power(x('10') -
4875  x('48'), 2) +
4876  power(x('110') -
4877  x('148'), 2) +
4878  power(x('210') -
4879  x('248'), 2)) +
4880  1/sqrt(power(x('6') -
4881  x('52'), 2) +
4882  power(x('106') -
4883  x('152'), 2) +
4884  power(x('206') -
4885  x('252'), 2)) +
4886  1/sqrt(power(x('7') -
4887  x('51'), 2) +
4888  power(x('107') -
4889  x('151'), 2) +
4890  power(x('207') -
4891  x('251'), 2)) +
4892  1/sqrt(power(x('9') -
4893  x('49'), 2) +
4894  power(x('109') -
4895  x('149'), 2) +
4896  power(x('209') -
4897  x('249'), 2)) +
4898  1/sqrt(power(x('1') -
4899  x('57'), 2) +
4900  power(x('101') -
4901  x('157'), 2) +
4902  power(x('201') -
4903  x('257'), 2)) +
4904  1/sqrt(power(x('18') -
4905  x('40'), 2) +
4906  power(x('118') -
4907  x('140'), 2) +
4908  power(x('218') -
4909  x('240'), 2)) +
4910  1/sqrt(power(x('26') -
4911  x('32'), 2) +
4912  power(x('126') -
4913  x('132'), 2) +
4914  power(x('226') -
4915  x('232'), 2)) +
4916  1/sqrt(power(x('14') -
4917  x('44'), 2) +
4918  power(x('114') -
4919  x('144'), 2) +
4920  power(x('214') -
4921  x('244'), 2)) +
4922  1/sqrt(power(x('17') -
4923  x('41'), 2) +
4924  power(x('117') -
4925  x('141'), 2) +
4926  power(x('217') -
4927  x('241'), 2)) +
4928  1/sqrt(power(x('27') -
4929  x('31'), 2) +
4930  power(x('127') -
4931  x('131'), 2) +
4932  power(x('227') -
4933  x('231'), 2)) +
4934  1/sqrt(power(x('15') -
4935  x('43'), 2) +
4936  power(x('115') -
4937  x('143'), 2) +
4938  power(x('215') -
4939  x('243'), 2)) +
4940  1/sqrt(power(x('21') -
4941  x('37'), 2) +
4942  power(x('121') -
4943  x('137'), 2) +
4944  power(x('221') -
4945  x('237'), 2)) +
4946  1/sqrt(power(x('23') -
4947  x('35'), 2) +
4948  power(x('123') -
4949  x('135'), 2) +
4950  power(x('223') -
4951  x('235'), 2)) +
4952  1/sqrt(power(x('22') -
4953  x('36'), 2) +
4954  power(x('122') -
4955  x('136'), 2) +
4956  power(x('222') -
4957  x('236'), 2)) +
4958  1/sqrt(power(x('19') -
4959  x('39'), 2) +
4960  power(x('119') -
4961  x('139'), 2) +
4962  power(x('219') -
4963  x('239'), 2)) +
4964  1/sqrt(power(x('25') -
4965  x('33'), 2) +
4966  power(x('125') -
4967  x('133'), 2) +
4968  power(x('225') -
4969  x('233'), 2)) +
4970  1/sqrt(power(x('20') -
4971  x('38'), 2) +
4972  power(x('120') -
4973  x('138'), 2) +
4974  power(x('220') -
4975  x('238'), 2)) +
4976  1/sqrt(power(x('24') -
4977  x('34'), 2) +
4978  power(x('124') -
4979  x('134'), 2) +
4980  power(x('224') -
4981  x('234'), 2)) +
4982  1/sqrt(power(x('19') -
4983  x('40'), 2) +
4984  power(x('119') -
4985  x('140'), 2) +
4986  power(x('219') -
4987  x('240'), 2)) +
4988  1/sqrt(power(x('17') -
4989  x('42'), 2) +
4990  power(x('117') -
4991  x('142'), 2) +
4992  power(x('217') -
4993  x('242'), 2)) +
4994  1/sqrt(power(x('14') -
4995  x('45'), 2) +
4996  power(x('114') -
4997  x('145'), 2) +
4998  power(x('214') -
4999  x('245'), 2)) +
5000  1/sqrt(power(x('21') -
5001  x('38'), 2) +
5002  power(x('121') -
5003  x('138'), 2) +
5004  power(x('221') -
5005  x('238'), 2)) +
5006  1/sqrt(power(x('18') -
5007  x('41'), 2) +
5008  power(x('118') -
5009  x('141'), 2) +
5010  power(x('218') -
5011  x('241'), 2)) +
5012  1/sqrt(power(x('12') -
5013  x('47'), 2) +
5014  power(x('112') -
5015  x('147'), 2) +
5016  power(x('212') -
5017  x('247'), 2)) +
5018  1/sqrt(power(x('20') -
5019  x('39'), 2) +
5020  power(x('120') -
5021  x('139'), 2) +
5022  power(x('220') -
5023  x('239'), 2)) +
5024  1/sqrt(power(x('26') -
5025  x('33'), 2) +
5026  power(x('126') -
5027  x('133'), 2) +
5028  power(x('226') -
5029  x('233'), 2)) +
5030  1/sqrt(power(x('24') -
5031  x('35'), 2) +
5032  power(x('124') -
5033  x('135'), 2) +
5034  power(x('224') -
5035  x('235'), 2)) +
5036  1/sqrt(power(x('13') -
5037  x('46'), 2) +
5038  power(x('113') -
5039  x('146'), 2) +
5040  power(x('213') -
5041  x('246'), 2)) +
5042  1/sqrt(power(x('16') -
5043  x('43'), 2) +
5044  power(x('116') -
5045  x('143'), 2) +
5046  power(x('216') -
5047  x('243'), 2)) +
5048  1/sqrt(power(x('28') -
5049  x('31'), 2) +
5050  power(x('128') -
5051  x('131'), 2) +
5052  power(x('228') -
5053  x('231'), 2)) +
5054  1/sqrt(power(x('15') -
5055  x('44'), 2) +
5056  power(x('115') -
5057  x('144'), 2) +
5058  power(x('215') -
5059  x('244'), 2)) +
5060  1/sqrt(power(x('9') -
5061  x('50'), 2) +
5062  power(x('109') -
5063  x('150'), 2) +
5064  power(x('209') -
5065  x('250'), 2)) +
5066  1/sqrt(power(x('25') -
5067  x('34'), 2) +
5068  power(x('125') -
5069  x('134'), 2) +
5070  power(x('225') -
5071  x('234'), 2)) +
5072  1/sqrt(power(x('6') -
5073  x('53'), 2) +
5074  power(x('106') -
5075  x('153'), 2) +
5076  power(x('206') -
5077  x('253'), 2)) +
5078  1/sqrt(power(x('27') -
5079  x('32'), 2) +
5080  power(x('127') -
5081  x('132'), 2) +
5082  power(x('227') -
5083  x('232'), 2)) +
5084  1/sqrt(power(x('3') -
5085  x('56'), 2) +
5086  power(x('103') -
5087  x('156'), 2) +
5088  power(x('203') -
5089  x('256'), 2)) +
5090  1/sqrt(power(x('22') -
5091  x('37'), 2) +
5092  power(x('122') -
5093  x('137'), 2) +
5094  power(x('222') -
5095  x('237'), 2)) +
5096  1/sqrt(power(x('11') -
5097  x('48'), 2) +
5098  power(x('111') -
5099  x('148'), 2) +
5100  power(x('211') -
5101  x('248'), 2)) +
5102  1/sqrt(power(x('23') -
5103  x('36'), 2) +
5104  power(x('123') -
5105  x('136'), 2) +
5106  power(x('223') -
5107  x('236'), 2)) +
5108  1/sqrt(power(x('10') -
5109  x('49'), 2) +
5110  power(x('110') -
5111  x('149'), 2) +
5112  power(x('210') -
5113  x('249'), 2)) +
5114  1/sqrt(power(x('8') -
5115  x('51'), 2) +
5116  power(x('108') -
5117  x('151'), 2) +
5118  power(x('208') -
5119  x('251'), 2)) +
5120  1/sqrt(power(x('7') -
5121  x('52'), 2) +
5122  power(x('107') -
5123  x('152'), 2) +
5124  power(x('207') -
5125  x('252'), 2)) +
5126  1/sqrt(power(x('29') -
5127  x('30'), 2) +
5128  power(x('129') -
5129  x('130'), 2) +
5130  power(x('229') -
5131  x('230'), 2)) +
5132  1/sqrt(power(x('5') -
5133  x('54'), 2) +
5134  power(x('105') -
5135  x('154'), 2) +
5136  power(x('205') -
5137  x('254'), 2)) +
5138  1/sqrt(power(x('4') -
5139  x('55'), 2) +
5140  power(x('104') -
5141  x('155'), 2) +
5142  power(x('204') -
5143  x('255'), 2)) +
5144  1/sqrt(power(x('2') -
5145  x('57'), 2) +
5146  power(x('102') -
5147  x('157'), 2) +
5148  power(x('202') -
5149  x('257'), 2)) +
5150  1/sqrt(power(x('1') -
5151  x('58'), 2) +
5152  power(x('101') -
5153  x('158'), 2) +
5154  power(x('201') -
5155  x('258'), 2)) +
5156  1/sqrt(power(x('10') -
5157  x('50'), 2) +
5158  power(x('110') -
5159  x('150'), 2) +
5160  power(x('210') -
5161  x('250'), 2)) +
5162  1/sqrt(power(x('12') -
5163  x('48'), 2) +
5164  power(x('112') -
5165  x('148'), 2) +
5166  power(x('212') -
5167  x('248'), 2)) +
5168  1/sqrt(power(x('15') -
5169  x('45'), 2) +
5170  power(x('115') -
5171  x('145'), 2) +
5172  power(x('215') -
5173  x('245'), 2)) +
5174  1/sqrt(power(x('11') -
5175  x('49'), 2) +
5176  power(x('111') -
5177  x('149'), 2) +
5178  power(x('211') -
5179  x('249'), 2)) +
5180  1/sqrt(power(x('7') -
5181  x('53'), 2) +
5182  power(x('107') -
5183  x('153'), 2) +
5184  power(x('207') -
5185  x('253'), 2)) +
5186  1/sqrt(power(x('29') -
5187  x('31'), 2) +
5188  power(x('129') -
5189  x('131'), 2) +
5190  power(x('229') -
5191  x('231'), 2)) +
5192  1/sqrt(power(x('22') -
5193  x('38'), 2) +
5194  power(x('122') -
5195  x('138'), 2) +
5196  power(x('222') -
5197  x('238'), 2)) +
5198  1/sqrt(power(x('17') -
5199  x('43'), 2) +
5200  power(x('117') -
5201  x('143'), 2) +
5202  power(x('217') -
5203  x('243'), 2)) +
5204  1/sqrt(power(x('4') -
5205  x('56'), 2) +
5206  power(x('104') -
5207  x('156'), 2) +
5208  power(x('204') -
5209  x('256'), 2)) +
5210  1/sqrt(power(x('20') -
5211  x('40'), 2) +
5212  power(x('120') -
5213  x('140'), 2) +
5214  power(x('220') -
5215  x('240'), 2)) +
5216  1/sqrt(power(x('9') -
5217  x('51'), 2) +
5218  power(x('109') -
5219  x('151'), 2) +
5220  power(x('209') -
5221  x('251'), 2)) +
5222  1/sqrt(power(x('16') -
5223  x('44'), 2) +
5224  power(x('116') -
5225  x('144'), 2) +
5226  power(x('216') -
5227  x('244'), 2)) +
5228  1/sqrt(power(x('13') -
5229  x('47'), 2) +
5230  power(x('113') -
5231  x('147'), 2) +
5232  power(x('213') -
5233  x('247'), 2)) +
5234  1/sqrt(power(x('27') -
5235  x('33'), 2) +
5236  power(x('127') -
5237  x('133'), 2) +
5238  power(x('227') -
5239  x('233'), 2)) +
5240  1/sqrt(power(x('24') -
5241  x('36'), 2) +
5242  power(x('124') -
5243  x('136'), 2) +
5244  power(x('224') -
5245  x('236'), 2)) +
5246  1/sqrt(power(x('8') -
5247  x('52'), 2) +
5248  power(x('108') -
5249  x('152'), 2) +
5250  power(x('208') -
5251  x('252'), 2)) +
5252  1/sqrt(power(x('14') -
5253  x('46'), 2) +
5254  power(x('114') -
5255  x('146'), 2) +
5256  power(x('214') -
5257  x('246'), 2)) +
5258  1/sqrt(power(x('21') -
5259  x('39'), 2) +
5260  power(x('121') -
5261  x('139'), 2) +
5262  power(x('221') -
5263  x('239'), 2)) +
5264  1/sqrt(power(x('6') -
5265  x('54'), 2) +
5266  power(x('106') -
5267  x('154'), 2) +
5268  power(x('206') -
5269  x('254'), 2)) +
5270  1/sqrt(power(x('28') -
5271  x('32'), 2) +
5272  power(x('128') -
5273  x('132'), 2) +
5274  power(x('228') -
5275  x('232'), 2)) +
5276  1/sqrt(power(x('23') -
5277  x('37'), 2) +
5278  power(x('123') -
5279  x('137'), 2) +
5280  power(x('223') -
5281  x('237'), 2)) +
5282  1/sqrt(power(x('5') -
5283  x('55'), 2) +
5284  power(x('105') -
5285  x('155'), 2) +
5286  power(x('205') -
5287  x('255'), 2)) +
5288  1/sqrt(power(x('1') -
5289  x('59'), 2) +
5290  power(x('101') -
5291  x('159'), 2) +
5292  power(x('201') -
5293  x('259'), 2)) +
5294  1/sqrt(power(x('3') -
5295  x('57'), 2) +
5296  power(x('103') -
5297  x('157'), 2) +
5298  power(x('203') -
5299  x('257'), 2)) +
5300  1/sqrt(power(x('18') -
5301  x('42'), 2) +
5302  power(x('118') -
5303  x('142'), 2) +
5304  power(x('218') -
5305  x('242'), 2)) +
5306  1/sqrt(power(x('19') -
5307  x('41'), 2) +
5308  power(x('119') -
5309  x('141'), 2) +
5310  power(x('219') -
5311  x('241'), 2)) +
5312  1/sqrt(power(x('2') -
5313  x('58'), 2) +
5314  power(x('102') -
5315  x('158'), 2) +
5316  power(x('202') -
5317  x('258'), 2)) +
5318  1/sqrt(power(x('26') -
5319  x('34'), 2) +
5320  power(x('126') -
5321  x('134'), 2) +
5322  power(x('226') -
5323  x('234'), 2)) +
5324  1/sqrt(power(x('25') -
5325  x('35'), 2) +
5326  power(x('125') -
5327  x('135'), 2) +
5328  power(x('225') -
5329  x('235'), 2)) +
5330  1/sqrt(power(x('5') -
5331  x('56'), 2) +
5332  power(x('105') -
5333  x('156'), 2) +
5334  power(x('205') -
5335  x('256'), 2)) +
5336  1/sqrt(power(x('18') -
5337  x('43'), 2) +
5338  power(x('118') -
5339  x('143'), 2) +
5340  power(x('218') -
5341  x('243'), 2)) +
5342  1/sqrt(power(x('25') -
5343  x('36'), 2) +
5344  power(x('125') -
5345  x('136'), 2) +
5346  power(x('225') -
5347  x('236'), 2)) +
5348  1/sqrt(power(x('27') -
5349  x('34'), 2) +
5350  power(x('127') -
5351  x('134'), 2) +
5352  power(x('227') -
5353  x('234'), 2)) +
5354  1/sqrt(power(x('16') -
5355  x('45'), 2) +
5356  power(x('116') -
5357  x('145'), 2) +
5358  power(x('216') -
5359  x('245'), 2)) +
5360  1/sqrt(power(x('20') -
5361  x('41'), 2) +
5362  power(x('120') -
5363  x('141'), 2) +
5364  power(x('220') -
5365  x('241'), 2)) +
5366  1/sqrt(power(x('2') -
5367  x('59'), 2) +
5368  power(x('102') -
5369  x('159'), 2) +
5370  power(x('202') -
5371  x('259'), 2)) +
5372  1/sqrt(power(x('6') -
5373  x('55'), 2) +
5374  power(x('106') -
5375  x('155'), 2) +
5376  power(x('206') -
5377  x('255'), 2)) +
5378  1/sqrt(power(x('23') -
5379  x('38'), 2) +
5380  power(x('123') -
5381  x('138'), 2) +
5382  power(x('223') -
5383  x('238'), 2)) +
5384  1/sqrt(power(x('13') -
5385  x('48'), 2) +
5386  power(x('113') -
5387  x('148'), 2) +
5388  power(x('213') -
5389  x('248'), 2)) +
5390  1/sqrt(power(x('17') -
5391  x('44'), 2) +
5392  power(x('117') -
5393  x('144'), 2) +
5394  power(x('217') -
5395  x('244'), 2)) +
5396  1/sqrt(power(x('19') -
5397  x('42'), 2) +
5398  power(x('119') -
5399  x('142'), 2) +
5400  power(x('219') -
5401  x('242'), 2)) +
5402  1/sqrt(power(x('26') -
5403  x('35'), 2) +
5404  power(x('126') -
5405  x('135'), 2) +
5406  power(x('226') -
5407  x('235'), 2)) +
5408  1/sqrt(power(x('4') -
5409  x('57'), 2) +
5410  power(x('104') -
5411  x('157'), 2) +
5412  power(x('204') -
5413  x('257'), 2)) +
5414  1/sqrt(power(x('24') -
5415  x('37'), 2) +
5416  power(x('124') -
5417  x('137'), 2) +
5418  power(x('224') -
5419  x('237'), 2)) +
5420  1/sqrt(power(x('29') -
5421  x('32'), 2) +
5422  power(x('129') -
5423  x('132'), 2) +
5424  power(x('229') -
5425  x('232'), 2)) +
5426  1/sqrt(power(x('11') -
5427  x('50'), 2) +
5428  power(x('111') -
5429  x('150'), 2) +
5430  power(x('211') -
5431  x('250'), 2)) +
5432  1/sqrt(power(x('3') -
5433  x('58'), 2) +
5434  power(x('103') -
5435  x('158'), 2) +
5436  power(x('203') -
5437  x('258'), 2)) +
5438  1/sqrt(power(x('28') -
5439  x('33'), 2) +
5440  power(x('128') -
5441  x('133'), 2) +
5442  power(x('228') -
5443  x('233'), 2)) +
5444  1/sqrt(power(x('12') -
5445  x('49'), 2) +
5446  power(x('112') -
5447  x('149'), 2) +
5448  power(x('212') -
5449  x('249'), 2)) +
5450  1/sqrt(power(x('15') -
5451  x('46'), 2) +
5452  power(x('115') -
5453  x('146'), 2) +
5454  power(x('215') -
5455  x('246'), 2)) +
5456  1/sqrt(power(x('14') -
5457  x('47'), 2) +
5458  power(x('114') -
5459  x('147'), 2) +
5460  power(x('214') -
5461  x('247'), 2)) +
5462  1/sqrt(power(x('21') -
5463  x('40'), 2) +
5464  power(x('121') -
5465  x('140'), 2) +
5466  power(x('221') -
5467  x('240'), 2)) +
5468  1/sqrt(power(x('22') -
5469  x('39'), 2) +
5470  power(x('122') -
5471  x('139'), 2) +
5472  power(x('222') -
5473  x('239'), 2)) +
5474  1/sqrt(power(x('1') -
5475  x('60'), 2) +
5476  power(x('101') -
5477  x('160'), 2) +
5478  power(x('201') -
5479  x('260'), 2)) +
5480  1/sqrt(power(x('8') -
5481  x('53'), 2) +
5482  power(x('108') -
5483  x('153'), 2) +
5484  power(x('208') -
5485  x('253'), 2)) +
5486  1/sqrt(power(x('30') -
5487  x('31'), 2) +
5488  power(x('130') -
5489  x('131'), 2) +
5490  power(x('230') -
5491  x('231'), 2)) +
5492  1/sqrt(power(x('10') -
5493  x('51'), 2) +
5494  power(x('110') -
5495  x('151'), 2) +
5496  power(x('210') -
5497  x('251'), 2)) +
5498  1/sqrt(power(x('9') -
5499  x('52'), 2) +
5500  power(x('109') -
5501  x('152'), 2) +
5502  power(x('209') -
5503  x('252'), 2)) +
5504  1/sqrt(power(x('7') -
5505  x('54'), 2) +
5506  power(x('107') -
5507  x('154'), 2) +
5508  power(x('207') -
5509  x('254'), 2)) +
5510  1/sqrt(power(x('9') -
5511  x('53'), 2) +
5512  power(x('109') -
5513  x('153'), 2) +
5514  power(x('209') -
5515  x('253'), 2)) +
5516  1/sqrt(power(x('11') -
5517  x('51'), 2) +
5518  power(x('111') -
5519  x('151'), 2) +
5520  power(x('211') -
5521  x('251'), 2)) +
5522  1/sqrt(power(x('14') -
5523  x('48'), 2) +
5524  power(x('114') -
5525  x('148'), 2) +
5526  power(x('214') -
5527  x('248'), 2)) +
5528  1/sqrt(power(x('1') -
5529  x('61'), 2) +
5530  power(x('101') -
5531  x('161'), 2) +
5532  power(x('201') -
5533  x('261'), 2)) +
5534  1/sqrt(power(x('10') -
5535  x('52'), 2) +
5536  power(x('110') -
5537  x('152'), 2) +
5538  power(x('210') -
5539  x('252'), 2)) +
5540  1/sqrt(power(x('21') -
5541  x('41'), 2) +
5542  power(x('121') -
5543  x('141'), 2) +
5544  power(x('221') -
5545  x('241'), 2)) +
5546  1/sqrt(power(x('26') -
5547  x('36'), 2) +
5548  power(x('126') -
5549  x('136'), 2) +
5550  power(x('226') -
5551  x('236'), 2)) +
5552  1/sqrt(power(x('16') -
5553  x('46'), 2) +
5554  power(x('116') -
5555  x('146'), 2) +
5556  power(x('216') -
5557  x('246'), 2)) +
5558  1/sqrt(power(x('6') -
5559  x('56'), 2) +
5560  power(x('106') -
5561  x('156'), 2) +
5562  power(x('206') -
5563  x('256'), 2)) +
5564  1/sqrt(power(x('27') -
5565  x('35'), 2) +
5566  power(x('127') -
5567  x('135'), 2) +
5568  power(x('227') -
5569  x('235'), 2)) +
5570  1/sqrt(power(x('19') -
5571  x('43'), 2) +
5572  power(x('119') -
5573  x('143'), 2) +
5574  power(x('219') -
5575  x('243'), 2)) +
5576  1/sqrt(power(x('23') -
5577  x('39'), 2) +
5578  power(x('123') -
5579  x('139'), 2) +
5580  power(x('223') -
5581  x('239'), 2)) +
5582  1/sqrt(power(x('15') -
5583  x('47'), 2) +
5584  power(x('115') -
5585  x('147'), 2) +
5586  power(x('215') -
5587  x('247'), 2)) +
5588  1/sqrt(power(x('8') -
5589  x('54'), 2) +
5590  power(x('108') -
5591  x('154'), 2) +
5592  power(x('208') -
5593  x('254'), 2)) +
5594  1/sqrt(power(x('12') -
5595  x('50'), 2) +
5596  power(x('112') -
5597  x('150'), 2) +
5598  power(x('212') -
5599  x('250'), 2)) +
5600  1/sqrt(power(x('20') -
5601  x('42'), 2) +
5602  power(x('120') -
5603  x('142'), 2) +
5604  power(x('220') -
5605  x('242'), 2)) +
5606  1/sqrt(power(x('13') -
5607  x('49'), 2) +
5608  power(x('113') -
5609  x('149'), 2) +
5610  power(x('213') -
5611  x('249'), 2)) +
5612  1/sqrt(power(x('22') -
5613  x('40'), 2) +
5614  power(x('122') -
5615  x('140'), 2) +
5616  power(x('222') -
5617  x('240'), 2)) +
5618  1/sqrt(power(x('7') -
5619  x('55'), 2) +
5620  power(x('107') -
5621  x('155'), 2) +
5622  power(x('207') -
5623  x('255'), 2)) +
5624  1/sqrt(power(x('3') -
5625  x('59'), 2) +
5626  power(x('103') -
5627  x('159'), 2) +
5628  power(x('203') -
5629  x('259'), 2)) +
5630  1/sqrt(power(x('5') -
5631  x('57'), 2) +
5632  power(x('105') -
5633  x('157'), 2) +
5634  power(x('205') -
5635  x('257'), 2)) +
5636  1/sqrt(power(x('17') -
5637  x('45'), 2) +
5638  power(x('117') -
5639  x('145'), 2) +
5640  power(x('217') -
5641  x('245'), 2)) +
5642  1/sqrt(power(x('30') -
5643  x('32'), 2) +
5644  power(x('130') -
5645  x('132'), 2) +
5646  power(x('230') -
5647  x('232'), 2)) +
5648  1/sqrt(power(x('18') -
5649  x('44'), 2) +
5650  power(x('118') -
5651  x('144'), 2) +
5652  power(x('218') -
5653  x('244'), 2)) +
5654  1/sqrt(power(x('25') -
5655  x('37'), 2) +
5656  power(x('125') -
5657  x('137'), 2) +
5658  power(x('225') -
5659  x('237'), 2)) +
5660  1/sqrt(power(x('24') -
5661  x('38'), 2) +
5662  power(x('124') -
5663  x('138'), 2) +
5664  power(x('224') -
5665  x('238'), 2)) +
5666  1/sqrt(power(x('4') -
5667  x('58'), 2) +
5668  power(x('104') -
5669  x('158'), 2) +
5670  power(x('204') -
5671  x('258'), 2)) +
5672  1/sqrt(power(x('28') -
5673  x('34'), 2) +
5674  power(x('128') -
5675  x('134'), 2) +
5676  power(x('228') -
5677  x('234'), 2)) +
5678  1/sqrt(power(x('2') -
5679  x('60'), 2) +
5680  power(x('102') -
5681  x('160'), 2) +
5682  power(x('202') -
5683  x('260'), 2)) +
5684  1/sqrt(power(x('29') -
5685  x('33'), 2) +
5686  power(x('129') -
5687  x('133'), 2) +
5688  power(x('229') -
5689  x('233'), 2)) +
5690  1/sqrt(power(x('4') -
5691  x('59'), 2) +
5692  power(x('104') -
5693  x('159'), 2) +
5694  power(x('204') -
5695  x('259'), 2)) +
5696  1/sqrt(power(x('17') -
5697  x('46'), 2) +
5698  power(x('117') -
5699  x('146'), 2) +
5700  power(x('217') -
5701  x('246'), 2)) +
5702  1/sqrt(power(x('31') -
5703  x('32'), 2) +
5704  power(x('131') -
5705  x('132'), 2) +
5706  power(x('231') -
5707  x('232'), 2)) +
5708  1/sqrt(power(x('26') -
5709  x('37'), 2) +
5710  power(x('126') -
5711  x('137'), 2) +
5712  power(x('226') -
5713  x('237'), 2)) +
5714  1/sqrt(power(x('24') -
5715  x('39'), 2) +
5716  power(x('124') -
5717  x('139'), 2) +
5718  power(x('224') -
5719  x('239'), 2)) +
5720  1/sqrt(power(x('15') -
5721  x('48'), 2) +
5722  power(x('115') -
5723  x('148'), 2) +
5724  power(x('215') -
5725  x('248'), 2)) +
5726  1/sqrt(power(x('6') -
5727  x('57'), 2) +
5728  power(x('106') -
5729  x('157'), 2) +
5730  power(x('206') -
5731  x('257'), 2)) +
5732  1/sqrt(power(x('12') -
5733  x('51'), 2) +
5734  power(x('112') -
5735  x('151'), 2) +
5736  power(x('212') -
5737  x('251'), 2)) +
5738  1/sqrt(power(x('19') -
5739  x('44'), 2) +
5740  power(x('119') -
5741  x('144'), 2) +
5742  power(x('219') -
5743  x('244'), 2)) +
5744  1/sqrt(power(x('5') -
5745  x('58'), 2) +
5746  power(x('105') -
5747  x('158'), 2) +
5748  power(x('205') -
5749  x('258'), 2)) +
5750  1/sqrt(power(x('28') -
5751  x('35'), 2) +
5752  power(x('128') -
5753  x('135'), 2) +
5754  power(x('228') -
5755  x('235'), 2)) +
5756  1/sqrt(power(x('22') -
5757  x('41'), 2) +
5758  power(x('122') -
5759  x('141'), 2) +
5760  power(x('222') -
5761  x('241'), 2)) +
5762  1/sqrt(power(x('16') -
5763  x('47'), 2) +
5764  power(x('116') -
5765  x('147'), 2) +
5766  power(x('216') -
5767  x('247'), 2)) +
5768  1/sqrt(power(x('25') -
5769  x('38'), 2) +
5770  power(x('125') -
5771  x('138'), 2) +
5772  power(x('225') -
5773  x('238'), 2)) +
5774  1/sqrt(power(x('10') -
5775  x('53'), 2) +
5776  power(x('110') -
5777  x('153'), 2) +
5778  power(x('210') -
5779  x('253'), 2)) +
5780  1/sqrt(power(x('18') -
5781  x('45'), 2) +
5782  power(x('118') -
5783  x('145'), 2) +
5784  power(x('218') -
5785  x('245'), 2)) +
5786  1/sqrt(power(x('27') -
5787  x('36'), 2) +
5788  power(x('127') -
5789  x('136'), 2) +
5790  power(x('227') -
5791  x('236'), 2)) +
5792  1/sqrt(power(x('23') -
5793  x('40'), 2) +
5794  power(x('123') -
5795  x('140'), 2) +
5796  power(x('223') -
5797  x('240'), 2)) +
5798  1/sqrt(power(x('1') -
5799  x('62'), 2) +
5800  power(x('101') -
5801  x('162'), 2) +
5802  power(x('201') -
5803  x('262'), 2)) +
5804  1/sqrt(power(x('3') -
5805  x('60'), 2) +
5806  power(x('103') -
5807  x('160'), 2) +
5808  power(x('203') -
5809  x('260'), 2)) +
5810  1/sqrt(power(x('11') -
5811  x('52'), 2) +
5812  power(x('111') -
5813  x('152'), 2) +
5814  power(x('211') -
5815  x('252'), 2)) +
5816  1/sqrt(power(x('14') -
5817  x('49'), 2) +
5818  power(x('114') -
5819  x('149'), 2) +
5820  power(x('214') -
5821  x('249'), 2)) +
5822  1/sqrt(power(x('30') -
5823  x('33'), 2) +
5824  power(x('130') -
5825  x('133'), 2) +
5826  power(x('230') -
5827  x('233'), 2)) +
5828  1/sqrt(power(x('2') -
5829  x('61'), 2) +
5830  power(x('102') -
5831  x('161'), 2) +
5832  power(x('202') -
5833  x('261'), 2)) +
5834  1/sqrt(power(x('13') -
5835  x('50'), 2) +
5836  power(x('113') -
5837  x('150'), 2) +
5838  power(x('213') -
5839  x('250'), 2)) +
5840  1/sqrt(power(x('29') -
5841  x('34'), 2) +
5842  power(x('129') -
5843  x('134'), 2) +
5844  power(x('229') -
5845  x('234'), 2)) +
5846  1/sqrt(power(x('20') -
5847  x('43'), 2) +
5848  power(x('120') -
5849  x('143'), 2) +
5850  power(x('220') -
5851  x('243'), 2)) +
5852  1/sqrt(power(x('21') -
5853  x('42'), 2) +
5854  power(x('121') -
5855  x('142'), 2) +
5856  power(x('221') -
5857  x('242'), 2)) +
5858  1/sqrt(power(x('7') -
5859  x('56'), 2) +
5860  power(x('107') -
5861  x('156'), 2) +
5862  power(x('207') -
5863  x('256'), 2)) +
5864  1/sqrt(power(x('9') -
5865  x('54'), 2) +
5866  power(x('109') -
5867  x('154'), 2) +
5868  power(x('209') -
5869  x('254'), 2)) +
5870  1/sqrt(power(x('8') -
5871  x('55'), 2) +
5872  power(x('108') -
5873  x('155'), 2) +
5874  power(x('208') -
5875  x('255'), 2)) +
5876  1/sqrt(power(x('31') -
5877  x('33'), 2) +
5878  power(x('131') -
5879  x('133'), 2) +
5880  power(x('231') -
5881  x('233'), 2)) +
5882  1/sqrt(power(x('8') -
5883  x('56'), 2) +
5884  power(x('108') -
5885  x('156'), 2) +
5886  power(x('208') -
5887  x('256'), 2)) +
5888  1/sqrt(power(x('10') -
5889  x('54'), 2) +
5890  power(x('110') -
5891  x('154'), 2) +
5892  power(x('210') -
5893  x('254'), 2)) +
5894  1/sqrt(power(x('1') -
5895  x('63'), 2) +
5896  power(x('101') -
5897  x('163'), 2) +
5898  power(x('201') -
5899  x('263'), 2)) +
5900  1/sqrt(power(x('9') -
5901  x('55'), 2) +
5902  power(x('109') -
5903  x('155'), 2) +
5904  power(x('209') -
5905  x('255'), 2)) +
5906  1/sqrt(power(x('13') -
5907  x('51'), 2) +
5908  power(x('113') -
5909  x('151'), 2) +
5910  power(x('213') -
5911  x('251'), 2)) +
5912  1/sqrt(power(x('5') -
5913  x('59'), 2) +
5914  power(x('105') -
5915  x('159'), 2) +
5916  power(x('205') -
5917  x('259'), 2)) +
5918  1/sqrt(power(x('15') -
5919  x('49'), 2) +
5920  power(x('115') -
5921  x('149'), 2) +
5922  power(x('215') -
5923  x('249'), 2)) +
5924  1/sqrt(power(x('7') -
5925  x('57'), 2) +
5926  power(x('107') -
5927  x('157'), 2) +
5928  power(x('207') -
5929  x('257'), 2)) +
5930  1/sqrt(power(x('20') -
5931  x('44'), 2) +
5932  power(x('120') -
5933  x('144'), 2) +
5934  power(x('220') -
5935  x('244'), 2)) +
5936  1/sqrt(power(x('11') -
5937  x('53'), 2) +
5938  power(x('111') -
5939  x('153'), 2) +
5940  power(x('211') -
5941  x('253'), 2)) +
5942  1/sqrt(power(x('14') -
5943  x('50'), 2) +
5944  power(x('114') -
5945  x('150'), 2) +
5946  power(x('214') -
5947  x('250'), 2)) +
5948  1/sqrt(power(x('25') -
5949  x('39'), 2) +
5950  power(x('125') -
5951  x('139'), 2) +
5952  power(x('225') -
5953  x('239'), 2)) +
5954  1/sqrt(power(x('18') -
5955  x('46'), 2) +
5956  power(x('118') -
5957  x('146'), 2) +
5958  power(x('218') -
5959  x('246'), 2)) +
5960  1/sqrt(power(x('6') -
5961  x('58'), 2) +
5962  power(x('106') -
5963  x('158'), 2) +
5964  power(x('206') -
5965  x('258'), 2)) +
5966  1/sqrt(power(x('12') -
5967  x('52'), 2) +
5968  power(x('112') -
5969  x('152'), 2) +
5970  power(x('212') -
5971  x('252'), 2)) +
5972  1/sqrt(power(x('22') -
5973  x('42'), 2) +
5974  power(x('122') -
5975  x('142'), 2) +
5976  power(x('222') -
5977  x('242'), 2)) +
5978  1/sqrt(power(x('2') -
5979  x('62'), 2) +
5980  power(x('102') -
5981  x('162'), 2) +
5982  power(x('202') -
5983  x('262'), 2)) +
5984  1/sqrt(power(x('19') -
5985  x('45'), 2) +
5986  power(x('119') -
5987  x('145'), 2) +
5988  power(x('219') -
5989  x('245'), 2)) +
5990  1/sqrt(power(x('4') -
5991  x('60'), 2) +
5992  power(x('104') -
5993  x('160'), 2) +
5994  power(x('204') -
5995  x('260'), 2)) +
5996  1/sqrt(power(x('21') -
5997  x('43'), 2) +
5998  power(x('121') -
5999  x('143'), 2) +
6000  power(x('221') -
6001  x('243'), 2)) +
6002  1/sqrt(power(x('3') -
6003  x('61'), 2) +
6004  power(x('103') -
6005  x('161'), 2) +
6006  power(x('203') -
6007  x('261'), 2)) +
6008  1/sqrt(power(x('16') -
6009  x('48'), 2) +
6010  power(x('116') -
6011  x('148'), 2) +
6012  power(x('216') -
6013  x('248'), 2)) +
6014  1/sqrt(power(x('29') -
6015  x('35'), 2) +
6016  power(x('129') -
6017  x('135'), 2) +
6018  power(x('229') -
6019  x('235'), 2)) +
6020  1/sqrt(power(x('17') -
6021  x('47'), 2) +
6022  power(x('117') -
6023  x('147'), 2) +
6024  power(x('217') -
6025  x('247'), 2)) +
6026  1/sqrt(power(x('24') -
6027  x('40'), 2) +
6028  power(x('124') -
6029  x('140'), 2) +
6030  power(x('224') -
6031  x('240'), 2)) +
6032  1/sqrt(power(x('23') -
6033  x('41'), 2) +
6034  power(x('123') -
6035  x('141'), 2) +
6036  power(x('223') -
6037  x('241'), 2)) +
6038  1/sqrt(power(x('30') -
6039  x('34'), 2) +
6040  power(x('130') -
6041  x('134'), 2) +
6042  power(x('230') -
6043  x('234'), 2)) +
6044  1/sqrt(power(x('27') -
6045  x('37'), 2) +
6046  power(x('127') -
6047  x('137'), 2) +
6048  power(x('227') -
6049  x('237'), 2)) +
6050  1/sqrt(power(x('28') -
6051  x('36'), 2) +
6052  power(x('128') -
6053  x('136'), 2) +
6054  power(x('228') -
6055  x('236'), 2)) +
6056  1/sqrt(power(x('26') -
6057  x('38'), 2) +
6058  power(x('126') -
6059  x('138'), 2) +
6060  power(x('226') -
6061  x('238'), 2)) +
6062  1/sqrt(power(x('16') -
6063  x('49'), 2) +
6064  power(x('116') -
6065  x('149'), 2) +
6066  power(x('216') -
6067  x('249'), 2)) +
6068  1/sqrt(power(x('11') -
6069  x('54'), 2) +
6070  power(x('111') -
6071  x('154'), 2) +
6072  power(x('211') -
6073  x('254'), 2)) +
6074  1/sqrt(power(x('14') -
6075  x('51'), 2) +
6076  power(x('114') -
6077  x('151'), 2) +
6078  power(x('214') -
6079  x('251'), 2)) +
6080  1/sqrt(power(x('9') -
6081  x('56'), 2) +
6082  power(x('109') -
6083  x('156'), 2) +
6084  power(x('209') -
6085  x('256'), 2)) +
6086  1/sqrt(power(x('31') -
6087  x('34'), 2) +
6088  power(x('131') -
6089  x('134'), 2) +
6090  power(x('231') -
6091  x('234'), 2)) +
6092  1/sqrt(power(x('15') -
6093  x('50'), 2) +
6094  power(x('115') -
6095  x('150'), 2) +
6096  power(x('215') -
6097  x('250'), 2)) +
6098  1/sqrt(power(x('10') -
6099  x('55'), 2) +
6100  power(x('110') -
6101  x('155'), 2) +
6102  power(x('210') -
6103  x('255'), 2)) +
6104  1/sqrt(power(x('18') -
6105  x('47'), 2) +
6106  power(x('118') -
6107  x('147'), 2) +
6108  power(x('218') -
6109  x('247'), 2)) +
6110  1/sqrt(power(x('23') -
6111  x('42'), 2) +
6112  power(x('123') -
6113  x('142'), 2) +
6114  power(x('223') -
6115  x('242'), 2)) +
6116  1/sqrt(power(x('25') -
6117  x('40'), 2) +
6118  power(x('125') -
6119  x('140'), 2) +
6120  power(x('225') -
6121  x('240'), 2)) +
6122  1/sqrt(power(x('17') -
6123  x('48'), 2) +
6124  power(x('117') -
6125  x('148'), 2) +
6126  power(x('217') -
6127  x('248'), 2)) +
6128  1/sqrt(power(x('1') -
6129  x('64'), 2) +
6130  power(x('101') -
6131  x('164'), 2) +
6132  power(x('201') -
6133  x('264'), 2)) +
6134  1/sqrt(power(x('12') -
6135  x('53'), 2) +
6136  power(x('112') -
6137  x('153'), 2) +
6138  power(x('212') -
6139  x('253'), 2)) +
6140  1/sqrt(power(x('13') -
6141  x('52'), 2) +
6142  power(x('113') -
6143  x('152'), 2) +
6144  power(x('213') -
6145  x('252'), 2)) +
6146  1/sqrt(power(x('6') -
6147  x('59'), 2) +
6148  power(x('106') -
6149  x('159'), 2) +
6150  power(x('206') -
6151  x('259'), 2)) +
6152  1/sqrt(power(x('21') -
6153  x('44'), 2) +
6154  power(x('121') -
6155  x('144'), 2) +
6156  power(x('221') -
6157  x('244'), 2)) +
6158  1/sqrt(power(x('27') -
6159  x('38'), 2) +
6160  power(x('127') -
6161  x('138'), 2) +
6162  power(x('227') -
6163  x('238'), 2)) +
6164  1/sqrt(power(x('8') -
6165  x('57'), 2) +
6166  power(x('108') -
6167  x('157'), 2) +
6168  power(x('208') -
6169  x('257'), 2)) +
6170  1/sqrt(power(x('24') -
6171  x('41'), 2) +
6172  power(x('124') -
6173  x('141'), 2) +
6174  power(x('224') -
6175  x('241'), 2)) +
6176  1/sqrt(power(x('22') -
6177  x('43'), 2) +
6178  power(x('122') -
6179  x('143'), 2) +
6180  power(x('222') -
6181  x('243'), 2)) +
6182  1/sqrt(power(x('32') -
6183  x('33'), 2) +
6184  power(x('132') -
6185  x('133'), 2) +
6186  power(x('232') -
6187  x('233'), 2)) +
6188  1/sqrt(power(x('26') -
6189  x('39'), 2) +
6190  power(x('126') -
6191  x('139'), 2) +
6192  power(x('226') -
6193  x('239'), 2)) +
6194  1/sqrt(power(x('7') -
6195  x('58'), 2) +
6196  power(x('107') -
6197  x('158'), 2) +
6198  power(x('207') -
6199  x('258'), 2)) +
6200  1/sqrt(power(x('3') -
6201  x('62'), 2) +
6202  power(x('103') -
6203  x('162'), 2) +
6204  power(x('203') -
6205  x('262'), 2)) +
6206  1/sqrt(power(x('29') -
6207  x('36'), 2) +
6208  power(x('129') -
6209  x('136'), 2) +
6210  power(x('229') -
6211  x('236'), 2)) +
6212  1/sqrt(power(x('19') -
6213  x('46'), 2) +
6214  power(x('119') -
6215  x('146'), 2) +
6216  power(x('219') -
6217  x('246'), 2)) +
6218  1/sqrt(power(x('20') -
6219  x('45'), 2) +
6220  power(x('120') -
6221  x('145'), 2) +
6222  power(x('220') -
6223  x('245'), 2)) +
6224  1/sqrt(power(x('5') -
6225  x('60'), 2) +
6226  power(x('105') -
6227  x('160'), 2) +
6228  power(x('205') -
6229  x('260'), 2)) +
6230  1/sqrt(power(x('28') -
6231  x('37'), 2) +
6232  power(x('128') -
6233  x('137'), 2) +
6234  power(x('228') -
6235  x('237'), 2)) +
6236  1/sqrt(power(x('4') -
6237  x('61'), 2) +
6238  power(x('104') -
6239  x('161'), 2) +
6240  power(x('204') -
6241  x('261'), 2)) +
6242  1/sqrt(power(x('30') -
6243  x('35'), 2) +
6244  power(x('130') -
6245  x('135'), 2) +
6246  power(x('230') -
6247  x('235'), 2)) +
6248  1/sqrt(power(x('2') -
6249  x('63'), 2) +
6250  power(x('102') -
6251  x('163'), 2) +
6252  power(x('202') -
6253  x('263'), 2)) +
6254  1/sqrt(power(x('32') -
6255  x('34'), 2) +
6256  power(x('132') -
6257  x('134'), 2) +
6258  power(x('232') -
6259  x('234'), 2)) +
6260  1/sqrt(power(x('31') -
6261  x('35'), 2) +
6262  power(x('131') -
6263  x('135'), 2) +
6264  power(x('231') -
6265  x('235'), 2)) +
6266  1/sqrt(power(x('17') -
6267  x('49'), 2) +
6268  power(x('117') -
6269  x('149'), 2) +
6270  power(x('217') -
6271  x('249'), 2)) +
6272  1/sqrt(power(x('7') -
6273  x('59'), 2) +
6274  power(x('107') -
6275  x('159'), 2) +
6276  power(x('207') -
6277  x('259'), 2)) +
6278  1/sqrt(power(x('19') -
6279  x('47'), 2) +
6280  power(x('119') -
6281  x('147'), 2) +
6282  power(x('219') -
6283  x('247'), 2)) +
6284  1/sqrt(power(x('9') -
6285  x('57'), 2) +
6286  power(x('109') -
6287  x('157'), 2) +
6288  power(x('209') -
6289  x('257'), 2)) +
6290  1/sqrt(power(x('15') -
6291  x('51'), 2) +
6292  power(x('115') -
6293  x('151'), 2) +
6294  power(x('215') -
6295  x('251'), 2)) +
6296  1/sqrt(power(x('8') -
6297  x('58'), 2) +
6298  power(x('108') -
6299  x('158'), 2) +
6300  power(x('208') -
6301  x('258'), 2)) +
6302  1/sqrt(power(x('18') -
6303  x('48'), 2) +
6304  power(x('118') -
6305  x('148'), 2) +
6306  power(x('218') -
6307  x('248'), 2)) +
6308  1/sqrt(power(x('4') -
6309  x('62'), 2) +
6310  power(x('104') -
6311  x('162'), 2) +
6312  power(x('204') -
6313  x('262'), 2)) +
6314  1/sqrt(power(x('24') -
6315  x('42'), 2) +
6316  power(x('124') -
6317  x('142'), 2) +
6318  power(x('224') -
6319  x('242'), 2)) +
6320  1/sqrt(power(x('16') -
6321  x('50'), 2) +
6322  power(x('116') -
6323  x('150'), 2) +
6324  power(x('216') -
6325  x('250'), 2)) +
6326  1/sqrt(power(x('21') -
6327  x('45'), 2) +
6328  power(x('121') -
6329  x('145'), 2) +
6330  power(x('221') -
6331  x('245'), 2)) +
6332  1/sqrt(power(x('25') -
6333  x('41'), 2) +
6334  power(x('125') -
6335  x('141'), 2) +
6336  power(x('225') -
6337  x('241'), 2)) +
6338  1/sqrt(power(x('20') -
6339  x('46'), 2) +
6340  power(x('120') -
6341  x('146'), 2) +
6342  power(x('220') -
6343  x('246'), 2)) +
6344  1/sqrt(power(x('12') -
6345  x('54'), 2) +
6346  power(x('112') -
6347  x('154'), 2) +
6348  power(x('212') -
6349  x('254'), 2)) +
6350  1/sqrt(power(x('6') -
6351  x('60'), 2) +
6352  power(x('106') -
6353  x('160'), 2) +
6354  power(x('206') -
6355  x('260'), 2)) +
6356  1/sqrt(power(x('5') -
6357  x('61'), 2) +
6358  power(x('105') -
6359  x('161'), 2) +
6360  power(x('205') -
6361  x('261'), 2)) +
6362  1/sqrt(power(x('10') -
6363  x('56'), 2) +
6364  power(x('110') -
6365  x('156'), 2) +
6366  power(x('210') -
6367  x('256'), 2)) +
6368  1/sqrt(power(x('30') -
6369  x('36'), 2) +
6370  power(x('130') -
6371  x('136'), 2) +
6372  power(x('230') -
6373  x('236'), 2)) +
6374  1/sqrt(power(x('14') -
6375  x('52'), 2) +
6376  power(x('114') -
6377  x('152'), 2) +
6378  power(x('214') -
6379  x('252'), 2)) +
6380  1/sqrt(power(x('11') -
6381  x('55'), 2) +
6382  power(x('111') -
6383  x('155'), 2) +
6384  power(x('211') -
6385  x('255'), 2)) +
6386  1/sqrt(power(x('1') -
6387  x('65'), 2) +
6388  power(x('101') -
6389  x('165'), 2) +
6390  power(x('201') -
6391  x('265'), 2)) +
6392  1/sqrt(power(x('3') -
6393  x('63'), 2) +
6394  power(x('103') -
6395  x('163'), 2) +
6396  power(x('203') -
6397  x('263'), 2)) +
6398  1/sqrt(power(x('28') -
6399  x('38'), 2) +
6400  power(x('128') -
6401  x('138'), 2) +
6402  power(x('228') -
6403  x('238'), 2)) +
6404  1/sqrt(power(x('13') -
6405  x('53'), 2) +
6406  power(x('113') -
6407  x('153'), 2) +
6408  power(x('213') -
6409  x('253'), 2)) +
6410  1/sqrt(power(x('23') -
6411  x('43'), 2) +
6412  power(x('123') -
6413  x('143'), 2) +
6414  power(x('223') -
6415  x('243'), 2)) +
6416  1/sqrt(power(x('22') -
6417  x('44'), 2) +
6418  power(x('122') -
6419  x('144'), 2) +
6420  power(x('222') -
6421  x('244'), 2)) +
6422  1/sqrt(power(x('2') -
6423  x('64'), 2) +
6424  power(x('102') -
6425  x('164'), 2) +
6426  power(x('202') -
6427  x('264'), 2)) +
6428  1/sqrt(power(x('29') -
6429  x('37'), 2) +
6430  power(x('129') -
6431  x('137'), 2) +
6432  power(x('229') -
6433  x('237'), 2)) +
6434  1/sqrt(power(x('26') -
6435  x('40'), 2) +
6436  power(x('126') -
6437  x('140'), 2) +
6438  power(x('226') -
6439  x('240'), 2)) +
6440  1/sqrt(power(x('27') -
6441  x('39'), 2) +
6442  power(x('127') -
6443  x('139'), 2) +
6444  power(x('227') -
6445  x('239'), 2)) +
6446  1/sqrt(power(x('32') -
6447  x('35'), 2) +
6448  power(x('132') -
6449  x('135'), 2) +
6450  power(x('232') -
6451  x('235'), 2)) +
6452  1/sqrt(power(x('31') -
6453  x('36'), 2) +
6454  power(x('131') -
6455  x('136'), 2) +
6456  power(x('231') -
6457  x('236'), 2)) +
6458  1/sqrt(power(x('8') -
6459  x('59'), 2) +
6460  power(x('108') -
6461  x('159'), 2) +
6462  power(x('208') -
6463  x('259'), 2)) +
6464  1/sqrt(power(x('10') -
6465  x('57'), 2) +
6466  power(x('110') -
6467  x('157'), 2) +
6468  power(x('210') -
6469  x('257'), 2)) +
6470  1/sqrt(power(x('1') -
6471  x('66'), 2) +
6472  power(x('101') -
6473  x('166'), 2) +
6474  power(x('201') -
6475  x('266'), 2)) +
6476  1/sqrt(power(x('22') -
6477  x('45'), 2) +
6478  power(x('122') -
6479  x('145'), 2) +
6480  power(x('222') -
6481  x('245'), 2)) +
6482  1/sqrt(power(x('20') -
6483  x('47'), 2) +
6484  power(x('120') -
6485  x('147'), 2) +
6486  power(x('220') -
6487  x('247'), 2)) +
6488  1/sqrt(power(x('33') -
6489  x('34'), 2) +
6490  power(x('133') -
6491  x('134'), 2) +
6492  power(x('233') -
6493  x('234'), 2)) +
6494  1/sqrt(power(x('9') -
6495  x('58'), 2) +
6496  power(x('109') -
6497  x('158'), 2) +
6498  power(x('209') -
6499  x('258'), 2)) +
6500  1/sqrt(power(x('13') -
6501  x('54'), 2) +
6502  power(x('113') -
6503  x('154'), 2) +
6504  power(x('213') -
6505  x('254'), 2)) +
6506  1/sqrt(power(x('24') -
6507  x('43'), 2) +
6508  power(x('124') -
6509  x('143'), 2) +
6510  power(x('224') -
6511  x('243'), 2)) +
6512  1/sqrt(power(x('5') -
6513  x('62'), 2) +
6514  power(x('105') -
6515  x('162'), 2) +
6516  power(x('205') -
6517  x('262'), 2)) +
6518  1/sqrt(power(x('18') -
6519  x('49'), 2) +
6520  power(x('118') -
6521  x('149'), 2) +
6522  power(x('218') -
6523  x('249'), 2)) +
6524  1/sqrt(power(x('15') -
6525  x('52'), 2) +
6526  power(x('115') -
6527  x('152'), 2) +
6528  power(x('215') -
6529  x('252'), 2)) +
6530  1/sqrt(power(x('21') -
6531  x('46'), 2) +
6532  power(x('121') -
6533  x('146'), 2) +
6534  power(x('221') -
6535  x('246'), 2)) +
6536  1/sqrt(power(x('23') -
6537  x('44'), 2) +
6538  power(x('123') -
6539  x('144'), 2) +
6540  power(x('223') -
6541  x('244'), 2)) +
6542  1/sqrt(power(x('7') -
6543  x('60'), 2) +
6544  power(x('107') -
6545  x('160'), 2) +
6546  power(x('207') -
6547  x('260'), 2)) +
6548  1/sqrt(power(x('19') -
6549  x('48'), 2) +
6550  power(x('119') -
6551  x('148'), 2) +
6552  power(x('219') -
6553  x('248'), 2)) +
6554  1/sqrt(power(x('14') -
6555  x('53'), 2) +
6556  power(x('114') -
6557  x('153'), 2) +
6558  power(x('214') -
6559  x('253'), 2)) +
6560  1/sqrt(power(x('11') -
6561  x('56'), 2) +
6562  power(x('111') -
6563  x('156'), 2) +
6564  power(x('211') -
6565  x('256'), 2)) +
6566  1/sqrt(power(x('26') -
6567  x('41'), 2) +
6568  power(x('126') -
6569  x('141'), 2) +
6570  power(x('226') -
6571  x('241'), 2)) +
6572  1/sqrt(power(x('6') -
6573  x('61'), 2) +
6574  power(x('106') -
6575  x('161'), 2) +
6576  power(x('206') -
6577  x('261'), 2)) +
6578  1/sqrt(power(x('12') -
6579  x('55'), 2) +
6580  power(x('112') -
6581  x('155'), 2) +
6582  power(x('212') -
6583  x('255'), 2)) +
6584  1/sqrt(power(x('2') -
6585  x('65'), 2) +
6586  power(x('102') -
6587  x('165'), 2) +
6588  power(x('202') -
6589  x('265'), 2)) +
6590  1/sqrt(power(x('25') -
6591  x('42'), 2) +
6592  power(x('125') -
6593  x('142'), 2) +
6594  power(x('225') -
6595  x('242'), 2)) +
6596  1/sqrt(power(x('4') -
6597  x('63'), 2) +
6598  power(x('104') -
6599  x('163'), 2) +
6600  power(x('204') -
6601  x('263'), 2)) +
6602  1/sqrt(power(x('16') -
6603  x('51'), 2) +
6604  power(x('116') -
6605  x('151'), 2) +
6606  power(x('216') -
6607  x('251'), 2)) +
6608  1/sqrt(power(x('17') -
6609  x('50'), 2) +
6610  power(x('117') -
6611  x('150'), 2) +
6612  power(x('217') -
6613  x('250'), 2)) +
6614  1/sqrt(power(x('3') -
6615  x('64'), 2) +
6616  power(x('103') -
6617  x('164'), 2) +
6618  power(x('203') -
6619  x('264'), 2)) +
6620  1/sqrt(power(x('28') -
6621  x('39'), 2) +
6622  power(x('128') -
6623  x('139'), 2) +
6624  power(x('228') -
6625  x('239'), 2)) +
6626  1/sqrt(power(x('27') -
6627  x('40'), 2) +
6628  power(x('127') -
6629  x('140'), 2) +
6630  power(x('227') -
6631  x('240'), 2)) +
6632  1/sqrt(power(x('30') -
6633  x('37'), 2) +
6634  power(x('130') -
6635  x('137'), 2) +
6636  power(x('230') -
6637  x('237'), 2)) +
6638  1/sqrt(power(x('29') -
6639  x('38'), 2) +
6640  power(x('129') -
6641  x('138'), 2) +
6642  power(x('229') -
6643  x('238'), 2)) +
6644  1/sqrt(power(x('11') -
6645  x('57'), 2) +
6646  power(x('111') -
6647  x('157'), 2) +
6648  power(x('211') -
6649  x('257'), 2)) +
6650  1/sqrt(power(x('9') -
6651  x('59'), 2) +
6652  power(x('109') -
6653  x('159'), 2) +
6654  power(x('209') -
6655  x('259'), 2)) +
6656  1/sqrt(power(x('1') -
6657  x('67'), 2) +
6658  power(x('101') -
6659  x('167'), 2) +
6660  power(x('201') -
6661  x('267'), 2)) +
6662  1/sqrt(power(x('10') -
6663  x('58'), 2) +
6664  power(x('110') -
6665  x('158'), 2) +
6666  power(x('210') -
6667  x('258'), 2)) +
6668  1/sqrt(power(x('6') -
6669  x('62'), 2) +
6670  power(x('106') -
6671  x('162'), 2) +
6672  power(x('206') -
6673  x('262'), 2)) +
6674  1/sqrt(power(x('12') -
6675  x('56'), 2) +
6676  power(x('112') -
6677  x('156'), 2) +
6678  power(x('212') -
6679  x('256'), 2)) +
6680  1/sqrt(power(x('13') -
6681  x('55'), 2) +
6682  power(x('113') -
6683  x('155'), 2) +
6684  power(x('213') -
6685  x('255'), 2)) +
6686  1/sqrt(power(x('33') -
6687  x('35'), 2) +
6688  power(x('133') -
6689  x('135'), 2) +
6690  power(x('233') -
6691  x('235'), 2)) +
6692  1/sqrt(power(x('31') -
6693  x('37'), 2) +
6694  power(x('131') -
6695  x('137'), 2) +
6696  power(x('231') -
6697  x('237'), 2)) +
6698  1/sqrt(power(x('29') -
6699  x('39'), 2) +
6700  power(x('129') -
6701  x('139'), 2) +
6702  power(x('229') -
6703  x('239'), 2)) +
6704  1/sqrt(power(x('8') -
6705  x('60'), 2) +
6706  power(x('108') -
6707  x('160'), 2) +
6708  power(x('208') -
6709  x('260'), 2)) +
6710  1/sqrt(power(x('27') -
6711  x('41'), 2) +
6712  power(x('127') -
6713  x('141'), 2) +
6714  power(x('227') -
6715  x('241'), 2)) +
6716  1/sqrt(power(x('3') -
6717  x('65'), 2) +
6718  power(x('103') -
6719  x('165'), 2) +
6720  power(x('203') -
6721  x('265'), 2)) +
6722  1/sqrt(power(x('7') -
6723  x('61'), 2) +
6724  power(x('107') -
6725  x('161'), 2) +
6726  power(x('207') -
6727  x('261'), 2)) +
6728  1/sqrt(power(x('25') -
6729  x('43'), 2) +
6730  power(x('125') -
6731  x('143'), 2) +
6732  power(x('225') -
6733  x('243'), 2)) +
6734  1/sqrt(power(x('32') -
6735  x('36'), 2) +
6736  power(x('132') -
6737  x('136'), 2) +
6738  power(x('232') -
6739  x('236'), 2)) +
6740  1/sqrt(power(x('30') -
6741  x('38'), 2) +
6742  power(x('130') -
6743  x('138'), 2) +
6744  power(x('230') -
6745  x('238'), 2)) +
6746  1/sqrt(power(x('5') -
6747  x('63'), 2) +
6748  power(x('105') -
6749  x('163'), 2) +
6750  power(x('205') -
6751  x('263'), 2)) +
6752  1/sqrt(power(x('28') -
6753  x('40'), 2) +
6754  power(x('128') -
6755  x('140'), 2) +
6756  power(x('228') -
6757  x('240'), 2)) +
6758  1/sqrt(power(x('4') -
6759  x('64'), 2) +
6760  power(x('104') -
6761  x('164'), 2) +
6762  power(x('204') -
6763  x('264'), 2)) +
6764  1/sqrt(power(x('26') -
6765  x('42'), 2) +
6766  power(x('126') -
6767  x('142'), 2) +
6768  power(x('226') -
6769  x('242'), 2)) +
6770  1/sqrt(power(x('23') -
6771  x('45'), 2) +
6772  power(x('123') -
6773  x('145'), 2) +
6774  power(x('223') -
6775  x('245'), 2)) +
6776  1/sqrt(power(x('16') -
6777  x('52'), 2) +
6778  power(x('116') -
6779  x('152'), 2) +
6780  power(x('216') -
6781  x('252'), 2)) +
6782  1/sqrt(power(x('24') -
6783  x('44'), 2) +
6784  power(x('124') -
6785  x('144'), 2) +
6786  power(x('224') -
6787  x('244'), 2)) +
6788  1/sqrt(power(x('2') -
6789  x('66'), 2) +
6790  power(x('102') -
6791  x('166'), 2) +
6792  power(x('202') -
6793  x('266'), 2)) +
6794  1/sqrt(power(x('14') -
6795  x('54'), 2) +
6796  power(x('114') -
6797  x('154'), 2) +
6798  power(x('214') -
6799  x('254'), 2)) +
6800  1/sqrt(power(x('21') -
6801  x('47'), 2) +
6802  power(x('121') -
6803  x('147'), 2) +
6804  power(x('221') -
6805  x('247'), 2)) +
6806  1/sqrt(power(x('18') -
6807  x('50'), 2) +
6808  power(x('118') -
6809  x('150'), 2) +
6810  power(x('218') -
6811  x('250'), 2)) +
6812  1/sqrt(power(x('15') -
6813  x('53'), 2) +
6814  power(x('115') -
6815  x('153'), 2) +
6816  power(x('215') -
6817  x('253'), 2)) +
6818  1/sqrt(power(x('22') -
6819  x('46'), 2) +
6820  power(x('122') -
6821  x('146'), 2) +
6822  power(x('222') -
6823  x('246'), 2)) +
6824  1/sqrt(power(x('17') -
6825  x('51'), 2) +
6826  power(x('117') -
6827  x('151'), 2) +
6828  power(x('217') -
6829  x('251'), 2)) +
6830  1/sqrt(power(x('20') -
6831  x('48'), 2) +
6832  power(x('120') -
6833  x('148'), 2) +
6834  power(x('220') -
6835  x('248'), 2)) +
6836  1/sqrt(power(x('19') -
6837  x('49'), 2) +
6838  power(x('119') -
6839  x('149'), 2) +
6840  power(x('219') -
6841  x('249'), 2)) +
6842  1/sqrt(power(x('4') -
6843  x('65'), 2) +
6844  power(x('104') -
6845  x('165'), 2) +
6846  power(x('204') -
6847  x('265'), 2)) +
6848  1/sqrt(power(x('17') -
6849  x('52'), 2) +
6850  power(x('117') -
6851  x('152'), 2) +
6852  power(x('217') -
6853  x('252'), 2)) +
6854  1/sqrt(power(x('19') -
6855  x('50'), 2) +
6856  power(x('119') -
6857  x('150'), 2) +
6858  power(x('219') -
6859  x('250'), 2)) +
6860  1/sqrt(power(x('21') -
6861  x('48'), 2) +
6862  power(x('121') -
6863  x('148'), 2) +
6864  power(x('221') -
6865  x('248'), 2)) +
6866  1/sqrt(power(x('6') -
6867  x('63'), 2) +
6868  power(x('106') -
6869  x('163'), 2) +
6870  power(x('206') -
6871  x('263'), 2)) +
6872  1/sqrt(power(x('18') -
6873  x('51'), 2) +
6874  power(x('118') -
6875  x('151'), 2) +
6876  power(x('218') -
6877  x('251'), 2)) +
6878  1/sqrt(power(x('15') -
6879  x('54'), 2) +
6880  power(x('115') -
6881  x('154'), 2) +
6882  power(x('215') -
6883  x('254'), 2)) +
6884  1/sqrt(power(x('5') -
6885  x('64'), 2) +
6886  power(x('105') -
6887  x('164'), 2) +
6888  power(x('205') -
6889  x('264'), 2)) +
6890  1/sqrt(power(x('1') -
6891  x('68'), 2) +
6892  power(x('101') -
6893  x('168'), 2) +
6894  power(x('201') -
6895  x('268'), 2)) +
6896  1/sqrt(power(x('20') -
6897  x('49'), 2) +
6898  power(x('120') -
6899  x('149'), 2) +
6900  power(x('220') -
6901  x('249'), 2)) +
6902  1/sqrt(power(x('16') -
6903  x('53'), 2) +
6904  power(x('116') -
6905  x('153'), 2) +
6906  power(x('216') -
6907  x('253'), 2)) +
6908  1/sqrt(power(x('3') -
6909  x('66'), 2) +
6910  power(x('103') -
6911  x('166'), 2) +
6912  power(x('203') -
6913  x('266'), 2)) +
6914  1/sqrt(power(x('27') -
6915  x('42'), 2) +
6916  power(x('127') -
6917  x('142'), 2) +
6918  power(x('227') -
6919  x('242'), 2)) +
6920  1/sqrt(power(x('26') -
6921  x('43'), 2) +
6922  power(x('126') -
6923  x('143'), 2) +
6924  power(x('226') -
6925  x('243'), 2)) +
6926  1/sqrt(power(x('12') -
6927  x('57'), 2) +
6928  power(x('112') -
6929  x('157'), 2) +
6930  power(x('212') -
6931  x('257'), 2)) +
6932  1/sqrt(power(x('30') -
6933  x('39'), 2) +
6934  power(x('130') -
6935  x('139'), 2) +
6936  power(x('230') -
6937  x('239'), 2)) +
6938  1/sqrt(power(x('34') -
6939  x('35'), 2) +
6940  power(x('134') -
6941  x('135'), 2) +
6942  power(x('234') -
6943  x('235'), 2)) +
6944  1/sqrt(power(x('2') -
6945  x('67'), 2) +
6946  power(x('102') -
6947  x('167'), 2) +
6948  power(x('202') -
6949  x('267'), 2)) +
6950  1/sqrt(power(x('23') -
6951  x('46'), 2) +
6952  power(x('123') -
6953  x('146'), 2) +
6954  power(x('223') -
6955  x('246'), 2)) +
6956  1/sqrt(power(x('10') -
6957  x('59'), 2) +
6958  power(x('110') -
6959  x('159'), 2) +
6960  power(x('210') -
6961  x('259'), 2)) +
6962  1/sqrt(power(x('22') -
6963  x('47'), 2) +
6964  power(x('122') -
6965  x('147'), 2) +
6966  power(x('222') -
6967  x('247'), 2)) +
6968  1/sqrt(power(x('11') -
6969  x('58'), 2) +
6970  power(x('111') -
6971  x('158'), 2) +
6972  power(x('211') -
6973  x('258'), 2)) +
6974  1/sqrt(power(x('14') -
6975  x('55'), 2) +
6976  power(x('114') -
6977  x('155'), 2) +
6978  power(x('214') -
6979  x('255'), 2)) +
6980  1/sqrt(power(x('13') -
6981  x('56'), 2) +
6982  power(x('113') -
6983  x('156'), 2) +
6984  power(x('213') -
6985  x('256'), 2)) +
6986  1/sqrt(power(x('7') -
6987  x('62'), 2) +
6988  power(x('107') -
6989  x('162'), 2) +
6990  power(x('207') -
6991  x('262'), 2)) +
6992  1/sqrt(power(x('28') -
6993  x('41'), 2) +
6994  power(x('128') -
6995  x('141'), 2) +
6996  power(x('228') -
6997  x('241'), 2)) +
6998  1/sqrt(power(x('29') -
6999  x('40'), 2) +
7000  power(x('129') -
7001  x('140'), 2) +
7002  power(x('229') -
7003  x('240'), 2)) +
7004  1/sqrt(power(x('25') -
7005  x('44'), 2) +
7006  power(x('125') -
7007  x('144'), 2) +
7008  power(x('225') -
7009  x('244'), 2)) +
7010  1/sqrt(power(x('32') -
7011  x('37'), 2) +
7012  power(x('132') -
7013  x('137'), 2) +
7014  power(x('232') -
7015  x('237'), 2)) +
7016  1/sqrt(power(x('33') -
7017  x('36'), 2) +
7018  power(x('133') -
7019  x('136'), 2) +
7020  power(x('233') -
7021  x('236'), 2)) +
7022  1/sqrt(power(x('24') -
7023  x('45'), 2) +
7024  power(x('124') -
7025  x('145'), 2) +
7026  power(x('224') -
7027  x('245'), 2)) +
7028  1/sqrt(power(x('9') -
7029  x('60'), 2) +
7030  power(x('109') -
7031  x('160'), 2) +
7032  power(x('209') -
7033  x('260'), 2)) +
7034  1/sqrt(power(x('8') -
7035  x('61'), 2) +
7036  power(x('108') -
7037  x('161'), 2) +
7038  power(x('208') -
7039  x('261'), 2)) +
7040  1/sqrt(power(x('31') -
7041  x('38'), 2) +
7042  power(x('131') -
7043  x('138'), 2) +
7044  power(x('231') -
7045  x('238'), 2)) +
7046  1/sqrt(power(x('32') -
7047  x('38'), 2) +
7048  power(x('132') -
7049  x('138'), 2) +
7050  power(x('232') -
7051  x('238'), 2)) +
7052  1/sqrt(power(x('34') -
7053  x('36'), 2) +
7054  power(x('134') -
7055  x('136'), 2) +
7056  power(x('234') -
7057  x('236'), 2)) +
7058  1/sqrt(power(x('31') -
7059  x('39'), 2) +
7060  power(x('131') -
7061  x('139'), 2) +
7062  power(x('231') -
7063  x('239'), 2)) +
7064  1/sqrt(power(x('33') -
7065  x('37'), 2) +
7066  power(x('133') -
7067  x('137'), 2) +
7068  power(x('233') -
7069  x('237'), 2)) +
7070  1/sqrt(power(x('8') -
7071  x('62'), 2) +
7072  power(x('108') -
7073  x('162'), 2) +
7074  power(x('208') -
7075  x('262'), 2)) +
7076  1/sqrt(power(x('5') -
7077  x('65'), 2) +
7078  power(x('105') -
7079  x('165'), 2) +
7080  power(x('205') -
7081  x('265'), 2)) +
7082  1/sqrt(power(x('10') -
7083  x('60'), 2) +
7084  power(x('110') -
7085  x('160'), 2) +
7086  power(x('210') -
7087  x('260'), 2)) +
7088  1/sqrt(power(x('9') -
7089  x('61'), 2) +
7090  power(x('109') -
7091  x('161'), 2) +
7092  power(x('209') -
7093  x('261'), 2)) +
7094  1/sqrt(power(x('2') -
7095  x('68'), 2) +
7096  power(x('102') -
7097  x('168'), 2) +
7098  power(x('202') -
7099  x('268'), 2)) +
7100  1/sqrt(power(x('22') -
7101  x('48'), 2) +
7102  power(x('122') -
7103  x('148'), 2) +
7104  power(x('222') -
7105  x('248'), 2)) +
7106  1/sqrt(power(x('24') -
7107  x('46'), 2) +
7108  power(x('124') -
7109  x('146'), 2) +
7110  power(x('224') -
7111  x('246'), 2)) +
7112  1/sqrt(power(x('7') -
7113  x('63'), 2) +
7114  power(x('107') -
7115  x('163'), 2) +
7116  power(x('207') -
7117  x('263'), 2)) +
7118  1/sqrt(power(x('26') -
7119  x('44'), 2) +
7120  power(x('126') -
7121  x('144'), 2) +
7122  power(x('226') -
7123  x('244'), 2)) +
7124  1/sqrt(power(x('20') -
7125  x('50'), 2) +
7126  power(x('120') -
7127  x('150'), 2) +
7128  power(x('220') -
7129  x('250'), 2)) +
7130  1/sqrt(power(x('6') -
7131  x('64'), 2) +
7132  power(x('106') -
7133  x('164'), 2) +
7134  power(x('206') -
7135  x('264'), 2)) +
7136  1/sqrt(power(x('13') -
7137  x('57'), 2) +
7138  power(x('113') -
7139  x('157'), 2) +
7140  power(x('213') -
7141  x('257'), 2)) +
7142  1/sqrt(power(x('4') -
7143  x('66'), 2) +
7144  power(x('104') -
7145  x('166'), 2) +
7146  power(x('204') -
7147  x('266'), 2)) +
7148  1/sqrt(power(x('28') -
7149  x('42'), 2) +
7150  power(x('128') -
7151  x('142'), 2) +
7152  power(x('228') -
7153  x('242'), 2)) +
7154  1/sqrt(power(x('3') -
7155  x('67'), 2) +
7156  power(x('103') -
7157  x('167'), 2) +
7158  power(x('203') -
7159  x('267'), 2)) +
7160  1/sqrt(power(x('23') -
7161  x('47'), 2) +
7162  power(x('123') -
7163  x('147'), 2) +
7164  power(x('223') -
7165  x('247'), 2)) +
7166  1/sqrt(power(x('30') -
7167  x('40'), 2) +
7168  power(x('130') -
7169  x('140'), 2) +
7170  power(x('230') -
7171  x('240'), 2)) +
7172  1/sqrt(power(x('21') -
7173  x('49'), 2) +
7174  power(x('121') -
7175  x('149'), 2) +
7176  power(x('221') -
7177  x('249'), 2)) +
7178  1/sqrt(power(x('25') -
7179  x('45'), 2) +
7180  power(x('125') -
7181  x('145'), 2) +
7182  power(x('225') -
7183  x('245'), 2)) +
7184  1/sqrt(power(x('15') -
7185  x('55'), 2) +
7186  power(x('115') -
7187  x('155'), 2) +
7188  power(x('215') -
7189  x('255'), 2)) +
7190  1/sqrt(power(x('18') -
7191  x('52'), 2) +
7192  power(x('118') -
7193  x('152'), 2) +
7194  power(x('218') -
7195  x('252'), 2)) +
7196  1/sqrt(power(x('11') -
7197  x('59'), 2) +
7198  power(x('111') -
7199  x('159'), 2) +
7200  power(x('211') -
7201  x('259'), 2)) +
7202  1/sqrt(power(x('27') -
7203  x('43'), 2) +
7204  power(x('127') -
7205  x('143'), 2) +
7206  power(x('227') -
7207  x('243'), 2)) +
7208  1/sqrt(power(x('1') -
7209  x('69'), 2) +
7210  power(x('101') -
7211  x('169'), 2) +
7212  power(x('201') -
7213  x('269'), 2)) +
7214  1/sqrt(power(x('14') -
7215  x('56'), 2) +
7216  power(x('114') -
7217  x('156'), 2) +
7218  power(x('214') -
7219  x('256'), 2)) +
7220  1/sqrt(power(x('19') -
7221  x('51'), 2) +
7222  power(x('119') -
7223  x('151'), 2) +
7224  power(x('219') -
7225  x('251'), 2)) +
7226  1/sqrt(power(x('12') -
7227  x('58'), 2) +
7228  power(x('112') -
7229  x('158'), 2) +
7230  power(x('212') -
7231  x('258'), 2)) +
7232  1/sqrt(power(x('29') -
7233  x('41'), 2) +
7234  power(x('129') -
7235  x('141'), 2) +
7236  power(x('229') -
7237  x('241'), 2)) +
7238  1/sqrt(power(x('16') -
7239  x('54'), 2) +
7240  power(x('116') -
7241  x('154'), 2) +
7242  power(x('216') -
7243  x('254'), 2)) +
7244  1/sqrt(power(x('17') -
7245  x('53'), 2) +
7246  power(x('117') -
7247  x('153'), 2) +
7248  power(x('217') -
7249  x('253'), 2)) +
7250  1/sqrt(power(x('13') -
7251  x('58'), 2) +
7252  power(x('113') -
7253  x('158'), 2) +
7254  power(x('213') -
7255  x('258'), 2)) +
7256  1/sqrt(power(x('25') -
7257  x('46'), 2) +
7258  power(x('125') -
7259  x('146'), 2) +
7260  power(x('225') -
7261  x('246'), 2)) +
7262  1/sqrt(power(x('9') -
7263  x('62'), 2) +
7264  power(x('109') -
7265  x('162'), 2) +
7266  power(x('209') -
7267  x('262'), 2)) +
7268  1/sqrt(power(x('6') -
7269  x('65'), 2) +
7270  power(x('106') -
7271  x('165'), 2) +
7272  power(x('206') -
7273  x('265'), 2)) +
7274  1/sqrt(power(x('3') -
7275  x('68'), 2) +
7276  power(x('103') -
7277  x('168'), 2) +
7278  power(x('203') -
7279  x('268'), 2)) +
7280  1/sqrt(power(x('35') -
7281  x('36'), 2) +
7282  power(x('135') -
7283  x('136'), 2) +
7284  power(x('235') -
7285  x('236'), 2)) +
7286  1/sqrt(power(x('11') -
7287  x('60'), 2) +
7288  power(x('111') -
7289  x('160'), 2) +
7290  power(x('211') -
7291  x('260'), 2)) +
7292  1/sqrt(power(x('23') -
7293  x('48'), 2) +
7294  power(x('123') -
7295  x('148'), 2) +
7296  power(x('223') -
7297  x('248'), 2)) +
7298  1/sqrt(power(x('10') -
7299  x('61'), 2) +
7300  power(x('110') -
7301  x('161'), 2) +
7302  power(x('210') -
7303  x('261'), 2)) +
7304  1/sqrt(power(x('24') -
7305  x('47'), 2) +
7306  power(x('124') -
7307  x('147'), 2) +
7308  power(x('224') -
7309  x('247'), 2)) +
7310  1/sqrt(power(x('29') -
7311  x('42'), 2) +
7312  power(x('129') -
7313  x('142'), 2) +
7314  power(x('229') -
7315  x('242'), 2)) +
7316  1/sqrt(power(x('14') -
7317  x('57'), 2) +
7318  power(x('114') -
7319  x('157'), 2) +
7320  power(x('214') -
7321  x('257'), 2)) +
7322  1/sqrt(power(x('16') -
7323  x('55'), 2) +
7324  power(x('116') -
7325  x('155'), 2) +
7326  power(x('216') -
7327  x('255'), 2)) +
7328  1/sqrt(power(x('8') -
7329  x('63'), 2) +
7330  power(x('108') -
7331  x('163'), 2) +
7332  power(x('208') -
7333  x('263'), 2)) +
7334  1/sqrt(power(x('5') -
7335  x('66'), 2) +
7336  power(x('105') -
7337  x('166'), 2) +
7338  power(x('205') -
7339  x('266'), 2)) +
7340  1/sqrt(power(x('7') -
7341  x('64'), 2) +
7342  power(x('107') -
7343  x('164'), 2) +
7344  power(x('207') -
7345  x('264'), 2)) +
7346  1/sqrt(power(x('4') -
7347  x('67'), 2) +
7348  power(x('104') -
7349  x('167'), 2) +
7350  power(x('204') -
7351  x('267'), 2)) +
7352  1/sqrt(power(x('2') -
7353  x('69'), 2) +
7354  power(x('102') -
7355  x('169'), 2) +
7356  power(x('202') -
7357  x('269'), 2)) +
7358  1/sqrt(power(x('15') -
7359  x('56'), 2) +
7360  power(x('115') -
7361  x('156'), 2) +
7362  power(x('215') -
7363  x('256'), 2)) +
7364  1/sqrt(power(x('21') -
7365  x('50'), 2) +
7366  power(x('121') -
7367  x('150'), 2) +
7368  power(x('221') -
7369  x('250'), 2)) +
7370  1/sqrt(power(x('33') -
7371  x('38'), 2) +
7372  power(x('133') -
7373  x('138'), 2) +
7374  power(x('233') -
7375  x('238'), 2)) +
7376  1/sqrt(power(x('18') -
7377  x('53'), 2) +
7378  power(x('118') -
7379  x('153'), 2) +
7380  power(x('218') -
7381  x('253'), 2)) +
7382  1/sqrt(power(x('27') -
7383  x('44'), 2) +
7384  power(x('127') -
7385  x('144'), 2) +
7386  power(x('227') -
7387  x('244'), 2)) +
7388  1/sqrt(power(x('12') -
7389  x('59'), 2) +
7390  power(x('112') -
7391  x('159'), 2) +
7392  power(x('212') -
7393  x('259'), 2)) +
7394  1/sqrt(power(x('1') -
7395  x('70'), 2) +
7396  power(x('101') -
7397  x('170'), 2) +
7398  power(x('201') -
7399  x('270'), 2)) +
7400  1/sqrt(power(x('34') -
7401  x('37'), 2) +
7402  power(x('134') -
7403  x('137'), 2) +
7404  power(x('234') -
7405  x('237'), 2)) +
7406  1/sqrt(power(x('22') -
7407  x('49'), 2) +
7408  power(x('122') -
7409  x('149'), 2) +
7410  power(x('222') -
7411  x('249'), 2)) +
7412  1/sqrt(power(x('17') -
7413  x('54'), 2) +
7414  power(x('117') -
7415  x('154'), 2) +
7416  power(x('217') -
7417  x('254'), 2)) +
7418  1/sqrt(power(x('28') -
7419  x('43'), 2) +
7420  power(x('128') -
7421  x('143'), 2) +
7422  power(x('228') -
7423  x('243'), 2)) +
7424  1/sqrt(power(x('31') -
7425  x('40'), 2) +
7426  power(x('131') -
7427  x('140'), 2) +
7428  power(x('231') -
7429  x('240'), 2)) +
7430  1/sqrt(power(x('26') -
7431  x('45'), 2) +
7432  power(x('126') -
7433  x('145'), 2) +
7434  power(x('226') -
7435  x('245'), 2)) +
7436  1/sqrt(power(x('32') -
7437  x('39'), 2) +
7438  power(x('132') -
7439  x('139'), 2) +
7440  power(x('232') -
7441  x('239'), 2)) +
7442  1/sqrt(power(x('20') -
7443  x('51'), 2) +
7444  power(x('120') -
7445  x('151'), 2) +
7446  power(x('220') -
7447  x('251'), 2)) +
7448  1/sqrt(power(x('19') -
7449  x('52'), 2) +
7450  power(x('119') -
7451  x('152'), 2) +
7452  power(x('219') -
7453  x('252'), 2)) +
7454  1/sqrt(power(x('30') -
7455  x('41'), 2) +
7456  power(x('130') -
7457  x('141'), 2) +
7458  power(x('230') -
7459  x('241'), 2)) +
7460  1/sqrt(power(x('31') -
7461  x('41'), 2) +
7462  power(x('131') -
7463  x('141'), 2) +
7464  power(x('231') -
7465  x('241'), 2)) +
7466  1/sqrt(power(x('30') -
7467  x('42'), 2) +
7468  power(x('130') -
7469  x('142'), 2) +
7470  power(x('230') -
7471  x('242'), 2)) +
7472  1/sqrt(power(x('17') -
7473  x('55'), 2) +
7474  power(x('117') -
7475  x('155'), 2) +
7476  power(x('217') -
7477  x('255'), 2)) +
7478  1/sqrt(power(x('33') -
7479  x('39'), 2) +
7480  power(x('133') -
7481  x('139'), 2) +
7482  power(x('233') -
7483  x('239'), 2)) +
7484  1/sqrt(power(x('4') -
7485  x('68'), 2) +
7486  power(x('104') -
7487  x('168'), 2) +
7488  power(x('204') -
7489  x('268'), 2)) +
7490  1/sqrt(power(x('19') -
7491  x('53'), 2) +
7492  power(x('119') -
7493  x('153'), 2) +
7494  power(x('219') -
7495  x('253'), 2)) +
7496  1/sqrt(power(x('10') -
7497  x('62'), 2) +
7498  power(x('110') -
7499  x('162'), 2) +
7500  power(x('210') -
7501  x('262'), 2)) +
7502  1/sqrt(power(x('1') -
7503  x('71'), 2) +
7504  power(x('101') -
7505  x('171'), 2) +
7506  power(x('201') -
7507  x('271'), 2)) +
7508  1/sqrt(power(x('12') -
7509  x('60'), 2) +
7510  power(x('112') -
7511  x('160'), 2) +
7512  power(x('212') -
7513  x('260'), 2)) +
7514  1/sqrt(power(x('35') -
7515  x('37'), 2) +
7516  power(x('135') -
7517  x('137'), 2) +
7518  power(x('235') -
7519  x('237'), 2)) +
7520  1/sqrt(power(x('7') -
7521  x('65'), 2) +
7522  power(x('107') -
7523  x('165'), 2) +
7524  power(x('207') -
7525  x('265'), 2)) +
7526  1/sqrt(power(x('15') -
7527  x('57'), 2) +
7528  power(x('115') -
7529  x('157'), 2) +
7530  power(x('215') -
7531  x('257'), 2)) +
7532  1/sqrt(power(x('32') -
7533  x('40'), 2) +
7534  power(x('132') -
7535  x('140'), 2) +
7536  power(x('232') -
7537  x('240'), 2)) +
7538  1/sqrt(power(x('18') -
7539  x('54'), 2) +
7540  power(x('118') -
7541  x('154'), 2) +
7542  power(x('218') -
7543  x('254'), 2)) +
7544  1/sqrt(power(x('27') -
7545  x('45'), 2) +
7546  power(x('127') -
7547  x('145'), 2) +
7548  power(x('227') -
7549  x('245'), 2)) +
7550  1/sqrt(power(x('21') -
7551  x('51'), 2) +
7552  power(x('121') -
7553  x('151'), 2) +
7554  power(x('221') -
7555  x('251'), 2)) +
7556  1/sqrt(power(x('16') -
7557  x('56'), 2) +
7558  power(x('116') -
7559  x('156'), 2) +
7560  power(x('216') -
7561  x('256'), 2)) +
7562  1/sqrt(power(x('11') -
7563  x('61'), 2) +
7564  power(x('111') -
7565  x('161'), 2) +
7566  power(x('211') -
7567  x('261'), 2)) +
7568  1/sqrt(power(x('34') -
7569  x('38'), 2) +
7570  power(x('134') -
7571  x('138'), 2) +
7572  power(x('234') -
7573  x('238'), 2)) +
7574  1/sqrt(power(x('26') -
7575  x('46'), 2) +
7576  power(x('126') -
7577  x('146'), 2) +
7578  power(x('226') -
7579  x('246'), 2)) +
7580  1/sqrt(power(x('3') -
7581  x('69'), 2) +
7582  power(x('103') -
7583  x('169'), 2) +
7584  power(x('203') -
7585  x('269'), 2)) +
7586  1/sqrt(power(x('2') -
7587  x('70'), 2) +
7588  power(x('102') -
7589  x('170'), 2) +
7590  power(x('202') -
7591  x('270'), 2)) +
7592  1/sqrt(power(x('5') -
7593  x('67'), 2) +
7594  power(x('105') -
7595  x('167'), 2) +
7596  power(x('205') -
7597  x('267'), 2)) +
7598  1/sqrt(power(x('20') -
7599  x('52'), 2) +
7600  power(x('120') -
7601  x('152'), 2) +
7602  power(x('220') -
7603  x('252'), 2)) +
7604  1/sqrt(power(x('6') -
7605  x('66'), 2) +
7606  power(x('106') -
7607  x('166'), 2) +
7608  power(x('206') -
7609  x('266'), 2)) +
7610  1/sqrt(power(x('9') -
7611  x('63'), 2) +
7612  power(x('109') -
7613  x('163'), 2) +
7614  power(x('209') -
7615  x('263'), 2)) +
7616  1/sqrt(power(x('8') -
7617  x('64'), 2) +
7618  power(x('108') -
7619  x('164'), 2) +
7620  power(x('208') -
7621  x('264'), 2)) +
7622  1/sqrt(power(x('13') -
7623  x('59'), 2) +
7624  power(x('113') -
7625  x('159'), 2) +
7626  power(x('213') -
7627  x('259'), 2)) +
7628  1/sqrt(power(x('14') -
7629  x('58'), 2) +
7630  power(x('114') -
7631  x('158'), 2) +
7632  power(x('214') -
7633  x('258'), 2)) +
7634  1/sqrt(power(x('23') -
7635  x('49'), 2) +
7636  power(x('123') -
7637  x('149'), 2) +
7638  power(x('223') -
7639  x('249'), 2)) +
7640  1/sqrt(power(x('29') -
7641  x('43'), 2) +
7642  power(x('129') -
7643  x('143'), 2) +
7644  power(x('229') -
7645  x('243'), 2)) +
7646  1/sqrt(power(x('22') -
7647  x('50'), 2) +
7648  power(x('122') -
7649  x('150'), 2) +
7650  power(x('222') -
7651  x('250'), 2)) +
7652  1/sqrt(power(x('28') -
7653  x('44'), 2) +
7654  power(x('128') -
7655  x('144'), 2) +
7656  power(x('228') -
7657  x('244'), 2)) +
7658  1/sqrt(power(x('25') -
7659  x('47'), 2) +
7660  power(x('125') -
7661  x('147'), 2) +
7662  power(x('225') -
7663  x('247'), 2)) +
7664  1/sqrt(power(x('24') -
7665  x('48'), 2) +
7666  power(x('124') -
7667  x('148'), 2) +
7668  power(x('224') -
7669  x('248'), 2)) +
7670  1/sqrt(power(x('28') -
7671  x('45'), 2) +
7672  power(x('128') -
7673  x('145'), 2) +
7674  power(x('228') -
7675  x('245'), 2)) +
7676  1/sqrt(power(x('22') -
7677  x('51'), 2) +
7678  power(x('122') -
7679  x('151'), 2) +
7680  power(x('222') -
7681  x('251'), 2)) +
7682  1/sqrt(power(x('24') -
7683  x('49'), 2) +
7684  power(x('124') -
7685  x('149'), 2) +
7686  power(x('224') -
7687  x('249'), 2)) +
7688  1/sqrt(power(x('26') -
7689  x('47'), 2) +
7690  power(x('126') -
7691  x('147'), 2) +
7692  power(x('226') -
7693  x('247'), 2)) +
7694  1/sqrt(power(x('36') -
7695  x('37'), 2) +
7696  power(x('136') -
7697  x('137'), 2) +
7698  power(x('236') -
7699  x('237'), 2)) +
7700  1/sqrt(power(x('20') -
7701  x('53'), 2) +
7702  power(x('120') -
7703  x('153'), 2) +
7704  power(x('220') -
7705  x('253'), 2)) +
7706  1/sqrt(power(x('18') -
7707  x('55'), 2) +
7708  power(x('118') -
7709  x('155'), 2) +
7710  power(x('218') -
7711  x('255'), 2)) +
7712  1/sqrt(power(x('29') -
7713  x('44'), 2) +
7714  power(x('129') -
7715  x('144'), 2) +
7716  power(x('229') -
7717  x('244'), 2)) +
7718  1/sqrt(power(x('23') -
7719  x('50'), 2) +
7720  power(x('123') -
7721  x('150'), 2) +
7722  power(x('223') -
7723  x('250'), 2)) +
7724  1/sqrt(power(x('27') -
7725  x('46'), 2) +
7726  power(x('127') -
7727  x('146'), 2) +
7728  power(x('227') -
7729  x('246'), 2)) +
7730  1/sqrt(power(x('25') -
7731  x('48'), 2) +
7732  power(x('125') -
7733  x('148'), 2) +
7734  power(x('225') -
7735  x('248'), 2)) +
7736  1/sqrt(power(x('21') -
7737  x('52'), 2) +
7738  power(x('121') -
7739  x('152'), 2) +
7740  power(x('221') -
7741  x('252'), 2)) +
7742  1/sqrt(power(x('19') -
7743  x('54'), 2) +
7744  power(x('119') -
7745  x('154'), 2) +
7746  power(x('219') -
7747  x('254'), 2)) +
7748  1/sqrt(power(x('2') -
7749  x('71'), 2) +
7750  power(x('102') -
7751  x('171'), 2) +
7752  power(x('202') -
7753  x('271'), 2)) +
7754  1/sqrt(power(x('34') -
7755  x('39'), 2) +
7756  power(x('134') -
7757  x('139'), 2) +
7758  power(x('234') -
7759  x('239'), 2)) +
7760  1/sqrt(power(x('35') -
7761  x('38'), 2) +
7762  power(x('135') -
7763  x('138'), 2) +
7764  power(x('235') -
7765  x('238'), 2)) +
7766  1/sqrt(power(x('16') -
7767  x('57'), 2) +
7768  power(x('116') -
7769  x('157'), 2) +
7770  power(x('216') -
7771  x('257'), 2)) +
7772  1/sqrt(power(x('5') -
7773  x('68'), 2) +
7774  power(x('105') -
7775  x('168'), 2) +
7776  power(x('205') -
7777  x('268'), 2)) +
7778  1/sqrt(power(x('17') -
7779  x('56'), 2) +
7780  power(x('117') -
7781  x('156'), 2) +
7782  power(x('217') -
7783  x('256'), 2)) +
7784  1/sqrt(power(x('13') -
7785  x('60'), 2) +
7786  power(x('113') -
7787  x('160'), 2) +
7788  power(x('213') -
7789  x('260'), 2)) +
7790  1/sqrt(power(x('11') -
7791  x('62'), 2) +
7792  power(x('111') -
7793  x('162'), 2) +
7794  power(x('211') -
7795  x('262'), 2)) +
7796  1/sqrt(power(x('32') -
7797  x('41'), 2) +
7798  power(x('132') -
7799  x('141'), 2) +
7800  power(x('232') -
7801  x('241'), 2)) +
7802  1/sqrt(power(x('8') -
7803  x('65'), 2) +
7804  power(x('108') -
7805  x('165'), 2) +
7806  power(x('208') -
7807  x('265'), 2)) +
7808  1/sqrt(power(x('1') -
7809  x('72'), 2) +
7810  power(x('101') -
7811  x('172'), 2) +
7812  power(x('201') -
7813  x('272'), 2)) +
7814  1/sqrt(power(x('3') -
7815  x('70'), 2) +
7816  power(x('103') -
7817  x('170'), 2) +
7818  power(x('203') -
7819  x('270'), 2)) +
7820  1/sqrt(power(x('4') -
7821  x('69'), 2) +
7822  power(x('104') -
7823  x('169'), 2) +
7824  power(x('204') -
7825  x('269'), 2)) +
7826  1/sqrt(power(x('33') -
7827  x('40'), 2) +
7828  power(x('133') -
7829  x('140'), 2) +
7830  power(x('233') -
7831  x('240'), 2)) +
7832  1/sqrt(power(x('12') -
7833  x('61'), 2) +
7834  power(x('112') -
7835  x('161'), 2) +
7836  power(x('212') -
7837  x('261'), 2)) +
7838  1/sqrt(power(x('30') -
7839  x('43'), 2) +
7840  power(x('130') -
7841  x('143'), 2) +
7842  power(x('230') -
7843  x('243'), 2)) +
7844  1/sqrt(power(x('6') -
7845  x('67'), 2) +
7846  power(x('106') -
7847  x('167'), 2) +
7848  power(x('206') -
7849  x('267'), 2)) +
7850  1/sqrt(power(x('15') -
7851  x('58'), 2) +
7852  power(x('115') -
7853  x('158'), 2) +
7854  power(x('215') -
7855  x('258'), 2)) +
7856  1/sqrt(power(x('7') -
7857  x('66'), 2) +
7858  power(x('107') -
7859  x('166'), 2) +
7860  power(x('207') -
7861  x('266'), 2)) +
7862  1/sqrt(power(x('14') -
7863  x('59'), 2) +
7864  power(x('114') -
7865  x('159'), 2) +
7866  power(x('214') -
7867  x('259'), 2)) +
7868  1/sqrt(power(x('31') -
7869  x('42'), 2) +
7870  power(x('131') -
7871  x('142'), 2) +
7872  power(x('231') -
7873  x('242'), 2)) +
7874  1/sqrt(power(x('10') -
7875  x('63'), 2) +
7876  power(x('110') -
7877  x('163'), 2) +
7878  power(x('210') -
7879  x('263'), 2)) +
7880  1/sqrt(power(x('9') -
7881  x('64'), 2) +
7882  power(x('109') -
7883  x('164'), 2) +
7884  power(x('209') -
7885  x('264'), 2)) +
7886  1/sqrt(power(x('21') -
7887  x('53'), 2) +
7888  power(x('121') -
7889  x('153'), 2) +
7890  power(x('221') -
7891  x('253'), 2)) +
7892  1/sqrt(power(x('14') -
7893  x('60'), 2) +
7894  power(x('114') -
7895  x('160'), 2) +
7896  power(x('214') -
7897  x('260'), 2)) +
7898  1/sqrt(power(x('12') -
7899  x('62'), 2) +
7900  power(x('112') -
7901  x('162'), 2) +
7902  power(x('212') -
7903  x('262'), 2)) +
7904  1/sqrt(power(x('34') -
7905  x('40'), 2) +
7906  power(x('134') -
7907  x('140'), 2) +
7908  power(x('234') -
7909  x('240'), 2)) +
7910  1/sqrt(power(x('25') -
7911  x('49'), 2) +
7912  power(x('125') -
7913  x('149'), 2) +
7914  power(x('225') -
7915  x('249'), 2)) +
7916  1/sqrt(power(x('19') -
7917  x('55'), 2) +
7918  power(x('119') -
7919  x('155'), 2) +
7920  power(x('219') -
7921  x('255'), 2)) +
7922  1/sqrt(power(x('20') -
7923  x('54'), 2) +
7924  power(x('120') -
7925  x('154'), 2) +
7926  power(x('220') -
7927  x('254'), 2)) +
7928  1/sqrt(power(x('9') -
7929  x('65'), 2) +
7930  power(x('109') -
7931  x('165'), 2) +
7932  power(x('209') -
7933  x('265'), 2)) +
7934  1/sqrt(power(x('16') -
7935  x('58'), 2) +
7936  power(x('116') -
7937  x('158'), 2) +
7938  power(x('216') -
7939  x('258'), 2)) +
7940  1/sqrt(power(x('33') -
7941  x('41'), 2) +
7942  power(x('133') -
7943  x('141'), 2) +
7944  power(x('233') -
7945  x('241'), 2)) +
7946  1/sqrt(power(x('13') -
7947  x('61'), 2) +
7948  power(x('113') -
7949  x('161'), 2) +
7950  power(x('213') -
7951  x('261'), 2)) +
7952  1/sqrt(power(x('36') -
7953  x('38'), 2) +
7954  power(x('136') -
7955  x('138'), 2) +
7956  power(x('236') -
7957  x('238'), 2)) +
7958  1/sqrt(power(x('15') -
7959  x('59'), 2) +
7960  power(x('115') -
7961  x('159'), 2) +
7962  power(x('215') -
7963  x('259'), 2)) +
7964  1/sqrt(power(x('7') -
7965  x('67'), 2) +
7966  power(x('107') -
7967  x('167'), 2) +
7968  power(x('207') -
7969  x('267'), 2)) +
7970  1/sqrt(power(x('29') -
7971  x('45'), 2) +
7972  power(x('129') -
7973  x('145'), 2) +
7974  power(x('229') -
7975  x('245'), 2)) +
7976  1/sqrt(power(x('30') -
7977  x('44'), 2) +
7978  power(x('130') -
7979  x('144'), 2) +
7980  power(x('230') -
7981  x('244'), 2)) +
7982  1/sqrt(power(x('23') -
7983  x('51'), 2) +
7984  power(x('123') -
7985  x('151'), 2) +
7986  power(x('223') -
7987  x('251'), 2)) +
7988  1/sqrt(power(x('8') -
7989  x('66'), 2) +
7990  power(x('108') -
7991  x('166'), 2) +
7992  power(x('208') -
7993  x('266'), 2)) +
7994  1/sqrt(power(x('35') -
7995  x('39'), 2) +
7996  power(x('135') -
7997  x('139'), 2) +
7998  power(x('235') -
7999  x('239'), 2)) +
8000  1/sqrt(power(x('11') -
8001  x('63'), 2) +
8002  power(x('111') -
8003  x('163'), 2) +
8004  power(x('211') -
8005  x('263'), 2)) +
8006  1/sqrt(power(x('24') -
8007  x('50'), 2) +
8008  power(x('124') -
8009  x('150'), 2) +
8010  power(x('224') -
8011  x('250'), 2)) +
8012  1/sqrt(power(x('10') -
8013  x('64'), 2) +
8014  power(x('110') -
8015  x('164'), 2) +
8016  power(x('210') -
8017  x('264'), 2)) +
8018  1/sqrt(power(x('3') -
8019  x('71'), 2) +
8020  power(x('103') -
8021  x('171'), 2) +
8022  power(x('203') -
8023  x('271'), 2)) +
8024  1/sqrt(power(x('18') -
8025  x('56'), 2) +
8026  power(x('118') -
8027  x('156'), 2) +
8028  power(x('218') -
8029  x('256'), 2)) +
8030  1/sqrt(power(x('17') -
8031  x('57'), 2) +
8032  power(x('117') -
8033  x('157'), 2) +
8034  power(x('217') -
8035  x('257'), 2)) +
8036  1/sqrt(power(x('27') -
8037  x('47'), 2) +
8038  power(x('127') -
8039  x('147'), 2) +
8040  power(x('227') -
8041  x('247'), 2)) +
8042  1/sqrt(power(x('1') -
8043  x('73'), 2) +
8044  power(x('101') -
8045  x('173'), 2) +
8046  power(x('201') -
8047  x('273'), 2)) +
8048  1/sqrt(power(x('32') -
8049  x('42'), 2) +
8050  power(x('132') -
8051  x('142'), 2) +
8052  power(x('232') -
8053  x('242'), 2)) +
8054  1/sqrt(power(x('2') -
8055  x('72'), 2) +
8056  power(x('102') -
8057  x('172'), 2) +
8058  power(x('202') -
8059  x('272'), 2)) +
8060  1/sqrt(power(x('22') -
8061  x('52'), 2) +
8062  power(x('122') -
8063  x('152'), 2) +
8064  power(x('222') -
8065  x('252'), 2)) +
8066  1/sqrt(power(x('28') -
8067  x('46'), 2) +
8068  power(x('128') -
8069  x('146'), 2) +
8070  power(x('228') -
8071  x('246'), 2)) +
8072  1/sqrt(power(x('31') -
8073  x('43'), 2) +
8074  power(x('131') -
8075  x('143'), 2) +
8076  power(x('231') -
8077  x('243'), 2)) +
8078  1/sqrt(power(x('6') -
8079  x('68'), 2) +
8080  power(x('106') -
8081  x('168'), 2) +
8082  power(x('206') -
8083  x('268'), 2)) +
8084  1/sqrt(power(x('4') -
8085  x('70'), 2) +
8086  power(x('104') -
8087  x('170'), 2) +
8088  power(x('204') -
8089  x('270'), 2)) +
8090  1/sqrt(power(x('5') -
8091  x('69'), 2) +
8092  power(x('105') -
8093  x('169'), 2) +
8094  power(x('205') -
8095  x('269'), 2)) +
8096  1/sqrt(power(x('26') -
8097  x('48'), 2) +
8098  power(x('126') -
8099  x('148'), 2) +
8100  power(x('226') -
8101  x('248'), 2)) +
8102  1/sqrt(power(x('11') -
8103  x('64'), 2) +
8104  power(x('111') -
8105  x('164'), 2) +
8106  power(x('211') -
8107  x('264'), 2)) +
8108  1/sqrt(power(x('27') -
8109  x('48'), 2) +
8110  power(x('127') -
8111  x('148'), 2) +
8112  power(x('227') -
8113  x('248'), 2)) +
8114  1/sqrt(power(x('26') -
8115  x('49'), 2) +
8116  power(x('126') -
8117  x('149'), 2) +
8118  power(x('226') -
8119  x('249'), 2)) +
8120  1/sqrt(power(x('5') -
8121  x('70'), 2) +
8122  power(x('105') -
8123  x('170'), 2) +
8124  power(x('205') -
8125  x('270'), 2)) +
8126  1/sqrt(power(x('7') -
8127  x('68'), 2) +
8128  power(x('107') -
8129  x('168'), 2) +
8130  power(x('207') -
8131  x('268'), 2)) +
8132  1/sqrt(power(x('15') -
8133  x('60'), 2) +
8134  power(x('115') -
8135  x('160'), 2) +
8136  power(x('215') -
8137  x('260'), 2)) +
8138  1/sqrt(power(x('29') -
8139  x('46'), 2) +
8140  power(x('129') -
8141  x('146'), 2) +
8142  power(x('229') -
8143  x('246'), 2)) +
8144  1/sqrt(power(x('23') -
8145  x('52'), 2) +
8146  power(x('123') -
8147  x('152'), 2) +
8148  power(x('223') -
8149  x('252'), 2)) +
8150  1/sqrt(power(x('17') -
8151  x('58'), 2) +
8152  power(x('117') -
8153  x('158'), 2) +
8154  power(x('217') -
8155  x('258'), 2)) +
8156  1/sqrt(power(x('22') -
8157  x('53'), 2) +
8158  power(x('122') -
8159  x('153'), 2) +
8160  power(x('222') -
8161  x('253'), 2)) +
8162  1/sqrt(power(x('33') -
8163  x('42'), 2) +
8164  power(x('133') -
8165  x('142'), 2) +
8166  power(x('233') -
8167  x('242'), 2)) +
8168  1/sqrt(power(x('31') -
8169  x('44'), 2) +
8170  power(x('131') -
8171  x('144'), 2) +
8172  power(x('231') -
8173  x('244'), 2)) +
8174  1/sqrt(power(x('1') -
8175  x('74'), 2) +
8176  power(x('101') -
8177  x('174'), 2) +
8178  power(x('201') -
8179  x('274'), 2)) +
8180  1/sqrt(power(x('28') -
8181  x('47'), 2) +
8182  power(x('128') -
8183  x('147'), 2) +
8184  power(x('228') -
8185  x('247'), 2)) +
8186  1/sqrt(power(x('6') -
8187  x('69'), 2) +
8188  power(x('106') -
8189  x('169'), 2) +
8190  power(x('206') -
8191  x('269'), 2)) +
8192  1/sqrt(power(x('13') -
8193  x('62'), 2) +
8194  power(x('113') -
8195  x('162'), 2) +
8196  power(x('213') -
8197  x('262'), 2)) +
8198  1/sqrt(power(x('16') -
8199  x('59'), 2) +
8200  power(x('116') -
8201  x('159'), 2) +
8202  power(x('216') -
8203  x('259'), 2)) +
8204  1/sqrt(power(x('34') -
8205  x('41'), 2) +
8206  power(x('134') -
8207  x('141'), 2) +
8208  power(x('234') -
8209  x('241'), 2)) +
8210  1/sqrt(power(x('19') -
8211  x('56'), 2) +
8212  power(x('119') -
8213  x('156'), 2) +
8214  power(x('219') -
8215  x('256'), 2)) +
8216  1/sqrt(power(x('14') -
8217  x('61'), 2) +
8218  power(x('114') -
8219  x('161'), 2) +
8220  power(x('214') -
8221  x('261'), 2)) +
8222  1/sqrt(power(x('10') -
8223  x('65'), 2) +
8224  power(x('110') -
8225  x('165'), 2) +
8226  power(x('210') -
8227  x('265'), 2)) +
8228  1/sqrt(power(x('30') -
8229  x('45'), 2) +
8230  power(x('130') -
8231  x('145'), 2) +
8232  power(x('230') -
8233  x('245'), 2)) +
8234  1/sqrt(power(x('32') -
8235  x('43'), 2) +
8236  power(x('132') -
8237  x('143'), 2) +
8238  power(x('232') -
8239  x('243'), 2)) +
8240  1/sqrt(power(x('18') -
8241  x('57'), 2) +
8242  power(x('118') -
8243  x('157'), 2) +
8244  power(x('218') -
8245  x('257'), 2)) +
8246  1/sqrt(power(x('25') -
8247  x('50'), 2) +
8248  power(x('125') -
8249  x('150'), 2) +
8250  power(x('225') -
8251  x('250'), 2)) +
8252  1/sqrt(power(x('8') -
8253  x('67'), 2) +
8254  power(x('108') -
8255  x('167'), 2) +
8256  power(x('208') -
8257  x('267'), 2)) +
8258  1/sqrt(power(x('4') -
8259  x('71'), 2) +
8260  power(x('104') -
8261  x('171'), 2) +
8262  power(x('204') -
8263  x('271'), 2)) +
8264  1/sqrt(power(x('24') -
8265  x('51'), 2) +
8266  power(x('124') -
8267  x('151'), 2) +
8268  power(x('224') -
8269  x('251'), 2)) +
8270  1/sqrt(power(x('2') -
8271  x('73'), 2) +
8272  power(x('102') -
8273  x('173'), 2) +
8274  power(x('202') -
8275  x('273'), 2)) +
8276  1/sqrt(power(x('37') -
8277  x('38'), 2) +
8278  power(x('137') -
8279  x('138'), 2) +
8280  power(x('237') -
8281  x('238'), 2)) +
8282  1/sqrt(power(x('9') -
8283  x('66'), 2) +
8284  power(x('109') -
8285  x('166'), 2) +
8286  power(x('209') -
8287  x('266'), 2)) +
8288  1/sqrt(power(x('12') -
8289  x('63'), 2) +
8290  power(x('112') -
8291  x('163'), 2) +
8292  power(x('212') -
8293  x('263'), 2)) +
8294  1/sqrt(power(x('21') -
8295  x('54'), 2) +
8296  power(x('121') -
8297  x('154'), 2) +
8298  power(x('221') -
8299  x('254'), 2)) +
8300  1/sqrt(power(x('3') -
8301  x('72'), 2) +
8302  power(x('103') -
8303  x('172'), 2) +
8304  power(x('203') -
8305  x('272'), 2)) +
8306  1/sqrt(power(x('20') -
8307  x('55'), 2) +
8308  power(x('120') -
8309  x('155'), 2) +
8310  power(x('220') -
8311  x('255'), 2)) +
8312  1/sqrt(power(x('35') -
8313  x('40'), 2) +
8314  power(x('135') -
8315  x('140'), 2) +
8316  power(x('235') -
8317  x('240'), 2)) +
8318  1/sqrt(power(x('36') -
8319  x('39'), 2) +
8320  power(x('136') -
8321  x('139'), 2) +
8322  power(x('236') -
8323  x('239'), 2)) +
8324  1/sqrt(power(x('32') -
8325  x('44'), 2) +
8326  power(x('132') -
8327  x('144'), 2) +
8328  power(x('232') -
8329  x('244'), 2)) +
8330  1/sqrt(power(x('33') -
8331  x('43'), 2) +
8332  power(x('133') -
8333  x('143'), 2) +
8334  power(x('233') -
8335  x('243'), 2)) +
8336  1/sqrt(power(x('18') -
8337  x('58'), 2) +
8338  power(x('118') -
8339  x('158'), 2) +
8340  power(x('218') -
8341  x('258'), 2)) +
8342  1/sqrt(power(x('20') -
8343  x('56'), 2) +
8344  power(x('120') -
8345  x('156'), 2) +
8346  power(x('220') -
8347  x('256'), 2)) +
8348  1/sqrt(power(x('16') -
8349  x('60'), 2) +
8350  power(x('116') -
8351  x('160'), 2) +
8352  power(x('216') -
8353  x('260'), 2)) +
8354  1/sqrt(power(x('6') -
8355  x('70'), 2) +
8356  power(x('106') -
8357  x('170'), 2) +
8358  power(x('206') -
8359  x('270'), 2)) +
8360  1/sqrt(power(x('22') -
8361  x('54'), 2) +
8362  power(x('122') -
8363  x('154'), 2) +
8364  power(x('222') -
8365  x('254'), 2)) +
8366  1/sqrt(power(x('30') -
8367  x('46'), 2) +
8368  power(x('130') -
8369  x('146'), 2) +
8370  power(x('230') -
8371  x('246'), 2)) +
8372  1/sqrt(power(x('1') -
8373  x('75'), 2) +
8374  power(x('101') -
8375  x('175'), 2) +
8376  power(x('201') -
8377  x('275'), 2)) +
8378  1/sqrt(power(x('24') -
8379  x('52'), 2) +
8380  power(x('124') -
8381  x('152'), 2) +
8382  power(x('224') -
8383  x('252'), 2)) +
8384  1/sqrt(power(x('19') -
8385  x('57'), 2) +
8386  power(x('119') -
8387  x('157'), 2) +
8388  power(x('219') -
8389  x('257'), 2)) +
8390  1/sqrt(power(x('17') -
8391  x('59'), 2) +
8392  power(x('117') -
8393  x('159'), 2) +
8394  power(x('217') -
8395  x('259'), 2)) +
8396  1/sqrt(power(x('31') -
8397  x('45'), 2) +
8398  power(x('131') -
8399  x('145'), 2) +
8400  power(x('231') -
8401  x('245'), 2)) +
8402  1/sqrt(power(x('35') -
8403  x('41'), 2) +
8404  power(x('135') -
8405  x('141'), 2) +
8406  power(x('235') -
8407  x('241'), 2)) +
8408  1/sqrt(power(x('28') -
8409  x('48'), 2) +
8410  power(x('128') -
8411  x('148'), 2) +
8412  power(x('228') -
8413  x('248'), 2)) +
8414  1/sqrt(power(x('26') -
8415  x('50'), 2) +
8416  power(x('126') -
8417  x('150'), 2) +
8418  power(x('226') -
8419  x('250'), 2)) +
8420  1/sqrt(power(x('21') -
8421  x('55'), 2) +
8422  power(x('121') -
8423  x('155'), 2) +
8424  power(x('221') -
8425  x('255'), 2)) +
8426  1/sqrt(power(x('34') -
8427  x('42'), 2) +
8428  power(x('134') -
8429  x('142'), 2) +
8430  power(x('234') -
8431  x('242'), 2)) +
8432  1/sqrt(power(x('14') -
8433  x('62'), 2) +
8434  power(x('114') -
8435  x('162'), 2) +
8436  power(x('214') -
8437  x('262'), 2)) +
8438  1/sqrt(power(x('15') -
8439  x('61'), 2) +
8440  power(x('115') -
8441  x('161'), 2) +
8442  power(x('215') -
8443  x('261'), 2)) +
8444  1/sqrt(power(x('23') -
8445  x('53'), 2) +
8446  power(x('123') -
8447  x('153'), 2) +
8448  power(x('223') -
8449  x('253'), 2)) +
8450  1/sqrt(power(x('3') -
8451  x('73'), 2) +
8452  power(x('103') -
8453  x('173'), 2) +
8454  power(x('203') -
8455  x('273'), 2)) +
8456  1/sqrt(power(x('29') -
8457  x('47'), 2) +
8458  power(x('129') -
8459  x('147'), 2) +
8460  power(x('229') -
8461  x('247'), 2)) +
8462  1/sqrt(power(x('37') -
8463  x('39'), 2) +
8464  power(x('137') -
8465  x('139'), 2) +
8466  power(x('237') -
8467  x('239'), 2)) +
8468  1/sqrt(power(x('25') -
8469  x('51'), 2) +
8470  power(x('125') -
8471  x('151'), 2) +
8472  power(x('225') -
8473  x('251'), 2)) +
8474  1/sqrt(power(x('5') -
8475  x('71'), 2) +
8476  power(x('105') -
8477  x('171'), 2) +
8478  power(x('205') -
8479  x('271'), 2)) +
8480  1/sqrt(power(x('27') -
8481  x('49'), 2) +
8482  power(x('127') -
8483  x('149'), 2) +
8484  power(x('227') -
8485  x('249'), 2)) +
8486  1/sqrt(power(x('11') -
8487  x('65'), 2) +
8488  power(x('111') -
8489  x('165'), 2) +
8490  power(x('211') -
8491  x('265'), 2)) +
8492  1/sqrt(power(x('4') -
8493  x('72'), 2) +
8494  power(x('104') -
8495  x('172'), 2) +
8496  power(x('204') -
8497  x('272'), 2)) +
8498  1/sqrt(power(x('36') -
8499  x('40'), 2) +
8500  power(x('136') -
8501  x('140'), 2) +
8502  power(x('236') -
8503  x('240'), 2)) +
8504  1/sqrt(power(x('9') -
8505  x('67'), 2) +
8506  power(x('109') -
8507  x('167'), 2) +
8508  power(x('209') -
8509  x('267'), 2)) +
8510  1/sqrt(power(x('10') -
8511  x('66'), 2) +
8512  power(x('110') -
8513  x('166'), 2) +
8514  power(x('210') -
8515  x('266'), 2)) +
8516  1/sqrt(power(x('13') -
8517  x('63'), 2) +
8518  power(x('113') -
8519  x('163'), 2) +
8520  power(x('213') -
8521  x('263'), 2)) +
8522  1/sqrt(power(x('12') -
8523  x('64'), 2) +
8524  power(x('112') -
8525  x('164'), 2) +
8526  power(x('212') -
8527  x('264'), 2)) +
8528  1/sqrt(power(x('2') -
8529  x('74'), 2) +
8530  power(x('102') -
8531  x('174'), 2) +
8532  power(x('202') -
8533  x('274'), 2)) +
8534  1/sqrt(power(x('8') -
8535  x('68'), 2) +
8536  power(x('108') -
8537  x('168'), 2) +
8538  power(x('208') -
8539  x('268'), 2)) +
8540  1/sqrt(power(x('7') -
8541  x('69'), 2) +
8542  power(x('107') -
8543  x('169'), 2) +
8544  power(x('207') -
8545  x('269'), 2)) +
8546  1/sqrt(power(x('25') -
8547  x('52'), 2) +
8548  power(x('125') -
8549  x('152'), 2) +
8550  power(x('225') -
8551  x('252'), 2)) +
8552  1/sqrt(power(x('4') -
8553  x('73'), 2) +
8554  power(x('104') -
8555  x('173'), 2) +
8556  power(x('204') -
8557  x('273'), 2)) +
8558  1/sqrt(power(x('23') -
8559  x('54'), 2) +
8560  power(x('123') -
8561  x('154'), 2) +
8562  power(x('223') -
8563  x('254'), 2)) +
8564  1/sqrt(power(x('6') -
8565  x('71'), 2) +
8566  power(x('106') -
8567  x('171'), 2) +
8568  power(x('206') -
8569  x('271'), 2)) +
8570  1/sqrt(power(x('30') -
8571  x('47'), 2) +
8572  power(x('130') -
8573  x('147'), 2) +
8574  power(x('230') -
8575  x('247'), 2)) +
8576  1/sqrt(power(x('5') -
8577  x('72'), 2) +
8578  power(x('105') -
8579  x('172'), 2) +
8580  power(x('205') -
8581  x('272'), 2)) +
8582  1/sqrt(power(x('21') -
8583  x('56'), 2) +
8584  power(x('121') -
8585  x('156'), 2) +
8586  power(x('221') -
8587  x('256'), 2)) +
8588  1/sqrt(power(x('29') -
8589  x('48'), 2) +
8590  power(x('129') -
8591  x('148'), 2) +
8592  power(x('229') -
8593  x('248'), 2)) +
8594  1/sqrt(power(x('24') -
8595  x('53'), 2) +
8596  power(x('124') -
8597  x('153'), 2) +
8598  power(x('224') -
8599  x('253'), 2)) +
8600  1/sqrt(power(x('1') -
8601  x('76'), 2) +
8602  power(x('101') -
8603  x('176'), 2) +
8604  power(x('201') -
8605  x('276'), 2)) +
8606  1/sqrt(power(x('38') -
8607  x('39'), 2) +
8608  power(x('138') -
8609  x('139'), 2) +
8610  power(x('238') -
8611  x('239'), 2)) +
8612  1/sqrt(power(x('3') -
8613  x('74'), 2) +
8614  power(x('103') -
8615  x('174'), 2) +
8616  power(x('203') -
8617  x('274'), 2)) +
8618  1/sqrt(power(x('12') -
8619  x('65'), 2) +
8620  power(x('112') -
8621  x('165'), 2) +
8622  power(x('212') -
8623  x('265'), 2)) +
8624  1/sqrt(power(x('19') -
8625  x('58'), 2) +
8626  power(x('119') -
8627  x('158'), 2) +
8628  power(x('219') -
8629  x('258'), 2)) +
8630  1/sqrt(power(x('22') -
8631  x('55'), 2) +
8632  power(x('122') -
8633  x('155'), 2) +
8634  power(x('222') -
8635  x('255'), 2)) +
8636  1/sqrt(power(x('2') -
8637  x('75'), 2) +
8638  power(x('102') -
8639  x('175'), 2) +
8640  power(x('202') -
8641  x('275'), 2)) +
8642  1/sqrt(power(x('10') -
8643  x('67'), 2) +
8644  power(x('110') -
8645  x('167'), 2) +
8646  power(x('210') -
8647  x('267'), 2)) +
8648  1/sqrt(power(x('20') -
8649  x('57'), 2) +
8650  power(x('120') -
8651  x('157'), 2) +
8652  power(x('220') -
8653  x('257'), 2)) +
8654  1/sqrt(power(x('32') -
8655  x('45'), 2) +
8656  power(x('132') -
8657  x('145'), 2) +
8658  power(x('232') -
8659  x('245'), 2)) +
8660  1/sqrt(power(x('14') -
8661  x('63'), 2) +
8662  power(x('114') -
8663  x('163'), 2) +
8664  power(x('214') -
8665  x('263'), 2)) +
8666  1/sqrt(power(x('27') -
8667  x('50'), 2) +
8668  power(x('127') -
8669  x('150'), 2) +
8670  power(x('227') -
8671  x('250'), 2)) +
8672  1/sqrt(power(x('36') -
8673  x('41'), 2) +
8674  power(x('136') -
8675  x('141'), 2) +
8676  power(x('236') -
8677  x('241'), 2)) +
8678  1/sqrt(power(x('11') -
8679  x('66'), 2) +
8680  power(x('111') -
8681  x('166'), 2) +
8682  power(x('211') -
8683  x('266'), 2)) +
8684  1/sqrt(power(x('17') -
8685  x('60'), 2) +
8686  power(x('117') -
8687  x('160'), 2) +
8688  power(x('217') -
8689  x('260'), 2)) +
8690  1/sqrt(power(x('31') -
8691  x('46'), 2) +
8692  power(x('131') -
8693  x('146'), 2) +
8694  power(x('231') -
8695  x('246'), 2)) +
8696  1/sqrt(power(x('13') -
8697  x('64'), 2) +
8698  power(x('113') -
8699  x('164'), 2) +
8700  power(x('213') -
8701  x('264'), 2)) +
8702  1/sqrt(power(x('28') -
8703  x('49'), 2) +
8704  power(x('128') -
8705  x('149'), 2) +
8706  power(x('228') -
8707  x('249'), 2)) +
8708  1/sqrt(power(x('34') -
8709  x('43'), 2) +
8710  power(x('134') -
8711  x('143'), 2) +
8712  power(x('234') -
8713  x('243'), 2)) +
8714  1/sqrt(power(x('37') -
8715  x('40'), 2) +
8716  power(x('137') -
8717  x('140'), 2) +
8718  power(x('237') -
8719  x('240'), 2)) +
8720  1/sqrt(power(x('18') -
8721  x('59'), 2) +
8722  power(x('118') -
8723  x('159'), 2) +
8724  power(x('218') -
8725  x('259'), 2)) +
8726  1/sqrt(power(x('7') -
8727  x('70'), 2) +
8728  power(x('107') -
8729  x('170'), 2) +
8730  power(x('207') -
8731  x('270'), 2)) +
8732  1/sqrt(power(x('33') -
8733  x('44'), 2) +
8734  power(x('133') -
8735  x('144'), 2) +
8736  power(x('233') -
8737  x('244'), 2)) +
8738  1/sqrt(power(x('35') -
8739  x('42'), 2) +
8740  power(x('135') -
8741  x('142'), 2) +
8742  power(x('235') -
8743  x('242'), 2)) +
8744  1/sqrt(power(x('9') -
8745  x('68'), 2) +
8746  power(x('109') -
8747  x('168'), 2) +
8748  power(x('209') -
8749  x('268'), 2)) +
8750  1/sqrt(power(x('26') -
8751  x('51'), 2) +
8752  power(x('126') -
8753  x('151'), 2) +
8754  power(x('226') -
8755  x('251'), 2)) +
8756  1/sqrt(power(x('15') -
8757  x('62'), 2) +
8758  power(x('115') -
8759  x('162'), 2) +
8760  power(x('215') -
8761  x('262'), 2)) +
8762  1/sqrt(power(x('8') -
8763  x('69'), 2) +
8764  power(x('108') -
8765  x('169'), 2) +
8766  power(x('208') -
8767  x('269'), 2)) +
8768  1/sqrt(power(x('16') -
8769  x('61'), 2) +
8770  power(x('116') -
8771  x('161'), 2) +
8772  power(x('216') -
8773  x('261'), 2)) +
8774  1/sqrt(power(x('24') -
8775  x('54'), 2) +
8776  power(x('124') -
8777  x('154'), 2) +
8778  power(x('224') -
8779  x('254'), 2)) +
8780  1/sqrt(power(x('25') -
8781  x('53'), 2) +
8782  power(x('125') -
8783  x('153'), 2) +
8784  power(x('225') -
8785  x('253'), 2)) +
8786  1/sqrt(power(x('13') -
8787  x('65'), 2) +
8788  power(x('113') -
8789  x('165'), 2) +
8790  power(x('213') -
8791  x('265'), 2)) +
8792  1/sqrt(power(x('11') -
8793  x('67'), 2) +
8794  power(x('111') -
8795  x('167'), 2) +
8796  power(x('211') -
8797  x('267'), 2)) +
8798  1/sqrt(power(x('15') -
8799  x('63'), 2) +
8800  power(x('115') -
8801  x('163'), 2) +
8802  power(x('215') -
8803  x('263'), 2)) +
8804  1/sqrt(power(x('22') -
8805  x('56'), 2) +
8806  power(x('122') -
8807  x('156'), 2) +
8808  power(x('222') -
8809  x('256'), 2)) +
8810  1/sqrt(power(x('36') -
8811  x('42'), 2) +
8812  power(x('136') -
8813  x('142'), 2) +
8814  power(x('236') -
8815  x('242'), 2)) +
8816  1/sqrt(power(x('35') -
8817  x('43'), 2) +
8818  power(x('135') -
8819  x('143'), 2) +
8820  power(x('235') -
8821  x('243'), 2)) +
8822  1/sqrt(power(x('23') -
8823  x('55'), 2) +
8824  power(x('123') -
8825  x('155'), 2) +
8826  power(x('223') -
8827  x('255'), 2)) +
8828  1/sqrt(power(x('27') -
8829  x('51'), 2) +
8830  power(x('127') -
8831  x('151'), 2) +
8832  power(x('227') -
8833  x('251'), 2)) +
8834  1/sqrt(power(x('12') -
8835  x('66'), 2) +
8836  power(x('112') -
8837  x('166'), 2) +
8838  power(x('212') -
8839  x('266'), 2)) +
8840  1/sqrt(power(x('14') -
8841  x('64'), 2) +
8842  power(x('114') -
8843  x('164'), 2) +
8844  power(x('214') -
8845  x('264'), 2)) +
8846  1/sqrt(power(x('26') -
8847  x('52'), 2) +
8848  power(x('126') -
8849  x('152'), 2) +
8850  power(x('226') -
8851  x('252'), 2)) +
8852  1/sqrt(power(x('5') -
8853  x('73'), 2) +
8854  power(x('105') -
8855  x('173'), 2) +
8856  power(x('205') -
8857  x('273'), 2)) +
8858  1/sqrt(power(x('2') -
8859  x('76'), 2) +
8860  power(x('102') -
8861  x('176'), 2) +
8862  power(x('202') -
8863  x('276'), 2)) +
8864  1/sqrt(power(x('8') -
8865  x('70'), 2) +
8866  power(x('108') -
8867  x('170'), 2) +
8868  power(x('208') -
8869  x('270'), 2)) +
8870  1/sqrt(power(x('38') -
8871  x('40'), 2) +
8872  power(x('138') -
8873  x('140'), 2) +
8874  power(x('238') -
8875  x('240'), 2)) +
8876  1/sqrt(power(x('17') -
8877  x('61'), 2) +
8878  power(x('117') -
8879  x('161'), 2) +
8880  power(x('217') -
8881  x('261'), 2)) +
8882  1/sqrt(power(x('29') -
8883  x('49'), 2) +
8884  power(x('129') -
8885  x('149'), 2) +
8886  power(x('229') -
8887  x('249'), 2)) +
8888  1/sqrt(power(x('16') -
8889  x('62'), 2) +
8890  power(x('116') -
8891  x('162'), 2) +
8892  power(x('216') -
8893  x('262'), 2)) +
8894  1/sqrt(power(x('33') -
8895  x('45'), 2) +
8896  power(x('133') -
8897  x('145'), 2) +
8898  power(x('233') -
8899  x('245'), 2)) +
8900  1/sqrt(power(x('20') -
8901  x('58'), 2) +
8902  power(x('120') -
8903  x('158'), 2) +
8904  power(x('220') -
8905  x('258'), 2)) +
8906  1/sqrt(power(x('10') -
8907  x('68'), 2) +
8908  power(x('110') -
8909  x('168'), 2) +
8910  power(x('210') -
8911  x('268'), 2)) +
8912  1/sqrt(power(x('37') -
8913  x('41'), 2) +
8914  power(x('137') -
8915  x('141'), 2) +
8916  power(x('237') -
8917  x('241'), 2)) +
8918  1/sqrt(power(x('21') -
8919  x('57'), 2) +
8920  power(x('121') -
8921  x('157'), 2) +
8922  power(x('221') -
8923  x('257'), 2)) +
8924  1/sqrt(power(x('4') -
8925  x('74'), 2) +
8926  power(x('104') -
8927  x('174'), 2) +
8928  power(x('204') -
8929  x('274'), 2)) +
8930  1/sqrt(power(x('3') -
8931  x('75'), 2) +
8932  power(x('103') -
8933  x('175'), 2) +
8934  power(x('203') -
8935  x('275'), 2)) +
8936  1/sqrt(power(x('31') -
8937  x('47'), 2) +
8938  power(x('131') -
8939  x('147'), 2) +
8940  power(x('231') -
8941  x('247'), 2)) +
8942  1/sqrt(power(x('28') -
8943  x('50'), 2) +
8944  power(x('128') -
8945  x('150'), 2) +
8946  power(x('228') -
8947  x('250'), 2)) +
8948  1/sqrt(power(x('9') -
8949  x('69'), 2) +
8950  power(x('109') -
8951  x('169'), 2) +
8952  power(x('209') -
8953  x('269'), 2)) +
8954  1/sqrt(power(x('34') -
8955  x('44'), 2) +
8956  power(x('134') -
8957  x('144'), 2) +
8958  power(x('234') -
8959  x('244'), 2)) +
8960  1/sqrt(power(x('6') -
8961  x('72'), 2) +
8962  power(x('106') -
8963  x('172'), 2) +
8964  power(x('206') -
8965  x('272'), 2)) +
8966  1/sqrt(power(x('7') -
8967  x('71'), 2) +
8968  power(x('107') -
8969  x('171'), 2) +
8970  power(x('207') -
8971  x('271'), 2)) +
8972  1/sqrt(power(x('1') -
8973  x('77'), 2) +
8974  power(x('101') -
8975  x('177'), 2) +
8976  power(x('201') -
8977  x('277'), 2)) +
8978  1/sqrt(power(x('30') -
8979  x('48'), 2) +
8980  power(x('130') -
8981  x('148'), 2) +
8982  power(x('230') -
8983  x('248'), 2)) +
8984  1/sqrt(power(x('32') -
8985  x('46'), 2) +
8986  power(x('132') -
8987  x('146'), 2) +
8988  power(x('232') -
8989  x('246'), 2)) +
8990  1/sqrt(power(x('18') -
8991  x('60'), 2) +
8992  power(x('118') -
8993  x('160'), 2) +
8994  power(x('218') -
8995  x('260'), 2)) +
8996  1/sqrt(power(x('19') -
8997  x('59'), 2) +
8998  power(x('119') -
8999  x('159'), 2) +
9000  power(x('219') -
9001  x('259'), 2)) +
9002  1/sqrt(power(x('32') -
9003  x('47'), 2) +
9004  power(x('132') -
9005  x('147'), 2) +
9006  power(x('232') -
9007  x('247'), 2)) +
9008  1/sqrt(power(x('33') -
9009  x('46'), 2) +
9010  power(x('133') -
9011  x('146'), 2) +
9012  power(x('233') -
9013  x('246'), 2)) +
9014  1/sqrt(power(x('39') -
9015  x('40'), 2) +
9016  power(x('139') -
9017  x('140'), 2) +
9018  power(x('239') -
9019  x('240'), 2)) +
9020  1/sqrt(power(x('26') -
9021  x('53'), 2) +
9022  power(x('126') -
9023  x('153'), 2) +
9024  power(x('226') -
9025  x('253'), 2)) +
9026  1/sqrt(power(x('30') -
9027  x('49'), 2) +
9028  power(x('130') -
9029  x('149'), 2) +
9030  power(x('230') -
9031  x('249'), 2)) +
9032  1/sqrt(power(x('35') -
9033  x('44'), 2) +
9034  power(x('135') -
9035  x('144'), 2) +
9036  power(x('235') -
9037  x('244'), 2)) +
9038  1/sqrt(power(x('37') -
9039  x('42'), 2) +
9040  power(x('137') -
9041  x('142'), 2) +
9042  power(x('237') -
9043  x('242'), 2)) +
9044  1/sqrt(power(x('28') -
9045  x('51'), 2) +
9046  power(x('128') -
9047  x('151'), 2) +
9048  power(x('228') -
9049  x('251'), 2)) +
9050  1/sqrt(power(x('31') -
9051  x('48'), 2) +
9052  power(x('131') -
9053  x('148'), 2) +
9054  power(x('231') -
9055  x('248'), 2)) +
9056  1/sqrt(power(x('34') -
9057  x('45'), 2) +
9058  power(x('134') -
9059  x('145'), 2) +
9060  power(x('234') -
9061  x('245'), 2)) +
9062  1/sqrt(power(x('38') -
9063  x('41'), 2) +
9064  power(x('138') -
9065  x('141'), 2) +
9066  power(x('238') -
9067  x('241'), 2)) +
9068  1/sqrt(power(x('3') -
9069  x('76'), 2) +
9070  power(x('103') -
9071  x('176'), 2) +
9072  power(x('203') -
9073  x('276'), 2)) +
9074  1/sqrt(power(x('27') -
9075  x('52'), 2) +
9076  power(x('127') -
9077  x('152'), 2) +
9078  power(x('227') -
9079  x('252'), 2)) +
9080  1/sqrt(power(x('36') -
9081  x('43'), 2) +
9082  power(x('136') -
9083  x('143'), 2) +
9084  power(x('236') -
9085  x('243'), 2)) +
9086  1/sqrt(power(x('29') -
9087  x('50'), 2) +
9088  power(x('129') -
9089  x('150'), 2) +
9090  power(x('229') -
9091  x('250'), 2)) +
9092  1/sqrt(power(x('14') -
9093  x('65'), 2) +
9094  power(x('114') -
9095  x('165'), 2) +
9096  power(x('214') -
9097  x('265'), 2)) +
9098  1/sqrt(power(x('22') -
9099  x('57'), 2) +
9100  power(x('122') -
9101  x('157'), 2) +
9102  power(x('222') -
9103  x('257'), 2)) +
9104  1/sqrt(power(x('16') -
9105  x('63'), 2) +
9106  power(x('116') -
9107  x('163'), 2) +
9108  power(x('216') -
9109  x('263'), 2)) +
9110  1/sqrt(power(x('6') -
9111  x('73'), 2) +
9112  power(x('106') -
9113  x('173'), 2) +
9114  power(x('206') -
9115  x('273'), 2)) +
9116  1/sqrt(power(x('12') -
9117  x('67'), 2) +
9118  power(x('112') -
9119  x('167'), 2) +
9120  power(x('212') -
9121  x('267'), 2)) +
9122  1/sqrt(power(x('2') -
9123  x('77'), 2) +
9124  power(x('102') -
9125  x('177'), 2) +
9126  power(x('202') -
9127  x('277'), 2)) +
9128  1/sqrt(power(x('1') -
9129  x('78'), 2) +
9130  power(x('101') -
9131  x('178'), 2) +
9132  power(x('201') -
9133  x('278'), 2)) +
9134  1/sqrt(power(x('15') -
9135  x('64'), 2) +
9136  power(x('115') -
9137  x('164'), 2) +
9138  power(x('215') -
9139  x('264'), 2)) +
9140  1/sqrt(power(x('13') -
9141  x('66'), 2) +
9142  power(x('113') -
9143  x('166'), 2) +
9144  power(x('213') -
9145  x('266'), 2)) +
9146  1/sqrt(power(x('4') -
9147  x('75'), 2) +
9148  power(x('104') -
9149  x('175'), 2) +
9150  power(x('204') -
9151  x('275'), 2)) +
9152  1/sqrt(power(x('18') -
9153  x('61'), 2) +
9154  power(x('118') -
9155  x('161'), 2) +
9156  power(x('218') -
9157  x('261'), 2)) +
9158  1/sqrt(power(x('9') -
9159  x('70'), 2) +
9160  power(x('109') -
9161  x('170'), 2) +
9162  power(x('209') -
9163  x('270'), 2)) +
9164  1/sqrt(power(x('5') -
9165  x('74'), 2) +
9166  power(x('105') -
9167  x('174'), 2) +
9168  power(x('205') -
9169  x('274'), 2)) +
9170  1/sqrt(power(x('24') -
9171  x('55'), 2) +
9172  power(x('124') -
9173  x('155'), 2) +
9174  power(x('224') -
9175  x('255'), 2)) +
9176  1/sqrt(power(x('17') -
9177  x('62'), 2) +
9178  power(x('117') -
9179  x('162'), 2) +
9180  power(x('217') -
9181  x('262'), 2)) +
9182  1/sqrt(power(x('23') -
9183  x('56'), 2) +
9184  power(x('123') -
9185  x('156'), 2) +
9186  power(x('223') -
9187  x('256'), 2)) +
9188  1/sqrt(power(x('7') -
9189  x('72'), 2) +
9190  power(x('107') -
9191  x('172'), 2) +
9192  power(x('207') -
9193  x('272'), 2)) +
9194  1/sqrt(power(x('11') -
9195  x('68'), 2) +
9196  power(x('111') -
9197  x('168'), 2) +
9198  power(x('211') -
9199  x('268'), 2)) +
9200  1/sqrt(power(x('8') -
9201  x('71'), 2) +
9202  power(x('108') -
9203  x('171'), 2) +
9204  power(x('208') -
9205  x('271'), 2)) +
9206  1/sqrt(power(x('20') -
9207  x('59'), 2) +
9208  power(x('120') -
9209  x('159'), 2) +
9210  power(x('220') -
9211  x('259'), 2)) +
9212  1/sqrt(power(x('10') -
9213  x('69'), 2) +
9214  power(x('110') -
9215  x('169'), 2) +
9216  power(x('210') -
9217  x('269'), 2)) +
9218  1/sqrt(power(x('19') -
9219  x('60'), 2) +
9220  power(x('119') -
9221  x('160'), 2) +
9222  power(x('219') -
9223  x('260'), 2)) +
9224  1/sqrt(power(x('25') -
9225  x('54'), 2) +
9226  power(x('125') -
9227  x('154'), 2) +
9228  power(x('225') -
9229  x('254'), 2)) +
9230  1/sqrt(power(x('21') -
9231  x('58'), 2) +
9232  power(x('121') -
9233  x('158'), 2) +
9234  power(x('221') -
9235  x('258'), 2)) +
9236  1/sqrt(power(x('36') -
9237  x('44'), 2) +
9238  power(x('136') -
9239  x('144'), 2) +
9240  power(x('236') -
9241  x('244'), 2)) +
9242  1/sqrt(power(x('37') -
9243  x('43'), 2) +
9244  power(x('137') -
9245  x('143'), 2) +
9246  power(x('237') -
9247  x('243'), 2)) +
9248  1/sqrt(power(x('34') -
9249  x('46'), 2) +
9250  power(x('134') -
9251  x('146'), 2) +
9252  power(x('234') -
9253  x('246'), 2)) +
9254  1/sqrt(power(x('11') -
9255  x('69'), 2) +
9256  power(x('111') -
9257  x('169'), 2) +
9258  power(x('211') -
9259  x('269'), 2)) +
9260  1/sqrt(power(x('39') -
9261  x('41'), 2) +
9262  power(x('139') -
9263  x('141'), 2) +
9264  power(x('239') -
9265  x('241'), 2)) +
9266  1/sqrt(power(x('35') -
9267  x('45'), 2) +
9268  power(x('135') -
9269  x('145'), 2) +
9270  power(x('235') -
9271  x('245'), 2)) +
9272  1/sqrt(power(x('33') -
9273  x('47'), 2) +
9274  power(x('133') -
9275  x('147'), 2) +
9276  power(x('233') -
9277  x('247'), 2)) +
9278  1/sqrt(power(x('38') -
9279  x('42'), 2) +
9280  power(x('138') -
9281  x('142'), 2) +
9282  power(x('238') -
9283  x('242'), 2)) +
9284  1/sqrt(power(x('17') -
9285  x('63'), 2) +
9286  power(x('117') -
9287  x('163'), 2) +
9288  power(x('217') -
9289  x('263'), 2)) +
9290  1/sqrt(power(x('15') -
9291  x('65'), 2) +
9292  power(x('115') -
9293  x('165'), 2) +
9294  power(x('215') -
9295  x('265'), 2)) +
9296  1/sqrt(power(x('7') -
9297  x('73'), 2) +
9298  power(x('107') -
9299  x('173'), 2) +
9300  power(x('207') -
9301  x('273'), 2)) +
9302  1/sqrt(power(x('19') -
9303  x('61'), 2) +
9304  power(x('119') -
9305  x('161'), 2) +
9306  power(x('219') -
9307  x('261'), 2)) +
9308  1/sqrt(power(x('29') -
9309  x('51'), 2) +
9310  power(x('129') -
9311  x('151'), 2) +
9312  power(x('229') -
9313  x('251'), 2)) +
9314  1/sqrt(power(x('30') -
9315  x('50'), 2) +
9316  power(x('130') -
9317  x('150'), 2) +
9318  power(x('230') -
9319  x('250'), 2)) +
9320  1/sqrt(power(x('6') -
9321  x('74'), 2) +
9322  power(x('106') -
9323  x('174'), 2) +
9324  power(x('206') -
9325  x('274'), 2)) +
9326  1/sqrt(power(x('16') -
9327  x('64'), 2) +
9328  power(x('116') -
9329  x('164'), 2) +
9330  power(x('216') -
9331  x('264'), 2)) +
9332  1/sqrt(power(x('13') -
9333  x('67'), 2) +
9334  power(x('113') -
9335  x('167'), 2) +
9336  power(x('213') -
9337  x('267'), 2)) +
9338  1/sqrt(power(x('1') -
9339  x('79'), 2) +
9340  power(x('101') -
9341  x('179'), 2) +
9342  power(x('201') -
9343  x('279'), 2)) +
9344  1/sqrt(power(x('21') -
9345  x('59'), 2) +
9346  power(x('121') -
9347  x('159'), 2) +
9348  power(x('221') -
9349  x('259'), 2)) +
9350  1/sqrt(power(x('18') -
9351  x('62'), 2) +
9352  power(x('118') -
9353  x('162'), 2) +
9354  power(x('218') -
9355  x('262'), 2)) +
9356  1/sqrt(power(x('14') -
9357  x('66'), 2) +
9358  power(x('114') -
9359  x('166'), 2) +
9360  power(x('214') -
9361  x('266'), 2)) +
9362  1/sqrt(power(x('10') -
9363  x('70'), 2) +
9364  power(x('110') -
9365  x('170'), 2) +
9366  power(x('210') -
9367  x('270'), 2)) +
9368  1/sqrt(power(x('27') -
9369  x('53'), 2) +
9370  power(x('127') -
9371  x('153'), 2) +
9372  power(x('227') -
9373  x('253'), 2)) +
9374  1/sqrt(power(x('23') -
9375  x('57'), 2) +
9376  power(x('123') -
9377  x('157'), 2) +
9378  power(x('223') -
9379  x('257'), 2)) +
9380  1/sqrt(power(x('20') -
9381  x('60'), 2) +
9382  power(x('120') -
9383  x('160'), 2) +
9384  power(x('220') -
9385  x('260'), 2)) +
9386  1/sqrt(power(x('25') -
9387  x('55'), 2) +
9388  power(x('125') -
9389  x('155'), 2) +
9390  power(x('225') -
9391  x('255'), 2)) +
9392  1/sqrt(power(x('8') -
9393  x('72'), 2) +
9394  power(x('108') -
9395  x('172'), 2) +
9396  power(x('208') -
9397  x('272'), 2)) +
9398  1/sqrt(power(x('4') -
9399  x('76'), 2) +
9400  power(x('104') -
9401  x('176'), 2) +
9402  power(x('204') -
9403  x('276'), 2)) +
9404  1/sqrt(power(x('28') -
9405  x('52'), 2) +
9406  power(x('128') -
9407  x('152'), 2) +
9408  power(x('228') -
9409  x('252'), 2)) +
9410  1/sqrt(power(x('32') -
9411  x('48'), 2) +
9412  power(x('132') -
9413  x('148'), 2) +
9414  power(x('232') -
9415  x('248'), 2)) +
9416  1/sqrt(power(x('22') -
9417  x('58'), 2) +
9418  power(x('122') -
9419  x('158'), 2) +
9420  power(x('222') -
9421  x('258'), 2)) +
9422  1/sqrt(power(x('2') -
9423  x('78'), 2) +
9424  power(x('102') -
9425  x('178'), 2) +
9426  power(x('202') -
9427  x('278'), 2)) +
9428  1/sqrt(power(x('9') -
9429  x('71'), 2) +
9430  power(x('109') -
9431  x('171'), 2) +
9432  power(x('209') -
9433  x('271'), 2)) +
9434  1/sqrt(power(x('31') -
9435  x('49'), 2) +
9436  power(x('131') -
9437  x('149'), 2) +
9438  power(x('231') -
9439  x('249'), 2)) +
9440  1/sqrt(power(x('12') -
9441  x('68'), 2) +
9442  power(x('112') -
9443  x('168'), 2) +
9444  power(x('212') -
9445  x('268'), 2)) +
9446  1/sqrt(power(x('24') -
9447  x('56'), 2) +
9448  power(x('124') -
9449  x('156'), 2) +
9450  power(x('224') -
9451  x('256'), 2)) +
9452  1/sqrt(power(x('26') -
9453  x('54'), 2) +
9454  power(x('126') -
9455  x('154'), 2) +
9456  power(x('226') -
9457  x('254'), 2)) +
9458  1/sqrt(power(x('3') -
9459  x('77'), 2) +
9460  power(x('103') -
9461  x('177'), 2) +
9462  power(x('203') -
9463  x('277'), 2)) +
9464  1/sqrt(power(x('5') -
9465  x('75'), 2) +
9466  power(x('105') -
9467  x('175'), 2) +
9468  power(x('205') -
9469  x('275'), 2)) +
9470  1/sqrt(power(x('11') -
9471  x('70'), 2) +
9472  power(x('111') -
9473  x('170'), 2) +
9474  power(x('211') -
9475  x('270'), 2)) +
9476  1/sqrt(power(x('9') -
9477  x('72'), 2) +
9478  power(x('109') -
9479  x('172'), 2) +
9480  power(x('209') -
9481  x('272'), 2)) +
9482  1/sqrt(power(x('10') -
9483  x('71'), 2) +
9484  power(x('110') -
9485  x('171'), 2) +
9486  power(x('210') -
9487  x('271'), 2)) +
9488  1/sqrt(power(x('24') -
9489  x('57'), 2) +
9490  power(x('124') -
9491  x('157'), 2) +
9492  power(x('224') -
9493  x('257'), 2)) +
9494  1/sqrt(power(x('40') -
9495  x('41'), 2) +
9496  power(x('140') -
9497  x('141'), 2) +
9498  power(x('240') -
9499  x('241'), 2)) +
9500  1/sqrt(power(x('13') -
9501  x('68'), 2) +
9502  power(x('113') -
9503  x('168'), 2) +
9504  power(x('213') -
9505  x('268'), 2)) +
9506  1/sqrt(power(x('1') -
9507  x('80'), 2) +
9508  power(x('101') -
9509  x('180'), 2) +
9510  power(x('201') -
9511  x('280'), 2)) +
9512  1/sqrt(power(x('36') -
9513  x('45'), 2) +
9514  power(x('136') -
9515  x('145'), 2) +
9516  power(x('236') -
9517  x('245'), 2)) +
9518  1/sqrt(power(x('22') -
9519  x('59'), 2) +
9520  power(x('122') -
9521  x('159'), 2) +
9522  power(x('222') -
9523  x('259'), 2)) +
9524  1/sqrt(power(x('12') -
9525  x('69'), 2) +
9526  power(x('112') -
9527  x('169'), 2) +
9528  power(x('212') -
9529  x('269'), 2)) +
9530  1/sqrt(power(x('6') -
9531  x('75'), 2) +
9532  power(x('106') -
9533  x('175'), 2) +
9534  power(x('206') -
9535  x('275'), 2)) +
9536  1/sqrt(power(x('20') -
9537  x('61'), 2) +
9538  power(x('120') -
9539  x('161'), 2) +
9540  power(x('220') -
9541  x('261'), 2)) +
9542  1/sqrt(power(x('25') -
9543  x('56'), 2) +
9544  power(x('125') -
9545  x('156'), 2) +
9546  power(x('225') -
9547  x('256'), 2)) +
9548  1/sqrt(power(x('35') -
9549  x('46'), 2) +
9550  power(x('135') -
9551  x('146'), 2) +
9552  power(x('235') -
9553  x('246'), 2)) +
9554  1/sqrt(power(x('18') -
9555  x('63'), 2) +
9556  power(x('118') -
9557  x('163'), 2) +
9558  power(x('218') -
9559  x('263'), 2)) +
9560  1/sqrt(power(x('38') -
9561  x('43'), 2) +
9562  power(x('138') -
9563  x('143'), 2) +
9564  power(x('238') -
9565  x('243'), 2)) +
9566  1/sqrt(power(x('8') -
9567  x('73'), 2) +
9568  power(x('108') -
9569  x('173'), 2) +
9570  power(x('208') -
9571  x('273'), 2)) +
9572  1/sqrt(power(x('23') -
9573  x('58'), 2) +
9574  power(x('123') -
9575  x('158'), 2) +
9576  power(x('223') -
9577  x('258'), 2)) +
9578  1/sqrt(power(x('16') -
9579  x('65'), 2) +
9580  power(x('116') -
9581  x('165'), 2) +
9582  power(x('216') -
9583  x('265'), 2)) +
9584  1/sqrt(power(x('29') -
9585  x('52'), 2) +
9586  power(x('129') -
9587  x('152'), 2) +
9588  power(x('229') -
9589  x('252'), 2)) +
9590  1/sqrt(power(x('28') -
9591  x('53'), 2) +
9592  power(x('128') -
9593  x('153'), 2) +
9594  power(x('228') -
9595  x('253'), 2)) +
9596  1/sqrt(power(x('21') -
9597  x('60'), 2) +
9598  power(x('121') -
9599  x('160'), 2) +
9600  power(x('221') -
9601  x('260'), 2)) +
9602  1/sqrt(power(x('7') -
9603  x('74'), 2) +
9604  power(x('107') -
9605  x('174'), 2) +
9606  power(x('207') -
9607  x('274'), 2)) +
9608  1/sqrt(power(x('3') -
9609  x('78'), 2) +
9610  power(x('103') -
9611  x('178'), 2) +
9612  power(x('203') -
9613  x('278'), 2)) +
9614  1/sqrt(power(x('39') -
9615  x('42'), 2) +
9616  power(x('139') -
9617  x('142'), 2) +
9618  power(x('239') -
9619  x('242'), 2)) +
9620  1/sqrt(power(x('19') -
9621  x('62'), 2) +
9622  power(x('119') -
9623  x('162'), 2) +
9624  power(x('219') -
9625  x('262'), 2)) +
9626  1/sqrt(power(x('37') -
9627  x('44'), 2) +
9628  power(x('137') -
9629  x('144'), 2) +
9630  power(x('237') -
9631  x('244'), 2)) +
9632  1/sqrt(power(x('17') -
9633  x('64'), 2) +
9634  power(x('117') -
9635  x('164'), 2) +
9636  power(x('217') -
9637  x('264'), 2)) +
9638  1/sqrt(power(x('33') -
9639  x('48'), 2) +
9640  power(x('133') -
9641  x('148'), 2) +
9642  power(x('233') -
9643  x('248'), 2)) +
9644  1/sqrt(power(x('5') -
9645  x('76'), 2) +
9646  power(x('105') -
9647  x('176'), 2) +
9648  power(x('205') -
9649  x('276'), 2)) +
9650  1/sqrt(power(x('31') -
9651  x('50'), 2) +
9652  power(x('131') -
9653  x('150'), 2) +
9654  power(x('231') -
9655  x('250'), 2)) +
9656  1/sqrt(power(x('14') -
9657  x('67'), 2) +
9658  power(x('114') -
9659  x('167'), 2) +
9660  power(x('214') -
9661  x('267'), 2)) +
9662  1/sqrt(power(x('4') -
9663  x('77'), 2) +
9664  power(x('104') -
9665  x('177'), 2) +
9666  power(x('204') -
9667  x('277'), 2)) +
9668  1/sqrt(power(x('34') -
9669  x('47'), 2) +
9670  power(x('134') -
9671  x('147'), 2) +
9672  power(x('234') -
9673  x('247'), 2)) +
9674  1/sqrt(power(x('15') -
9675  x('66'), 2) +
9676  power(x('115') -
9677  x('166'), 2) +
9678  power(x('215') -
9679  x('266'), 2)) +
9680  1/sqrt(power(x('30') -
9681  x('51'), 2) +
9682  power(x('130') -
9683  x('151'), 2) +
9684  power(x('230') -
9685  x('251'), 2)) +
9686  1/sqrt(power(x('26') -
9687  x('55'), 2) +
9688  power(x('126') -
9689  x('155'), 2) +
9690  power(x('226') -
9691  x('255'), 2)) +
9692  1/sqrt(power(x('32') -
9693  x('49'), 2) +
9694  power(x('132') -
9695  x('149'), 2) +
9696  power(x('232') -
9697  x('249'), 2)) +
9698  1/sqrt(power(x('27') -
9699  x('54'), 2) +
9700  power(x('127') -
9701  x('154'), 2) +
9702  power(x('227') -
9703  x('254'), 2)) +
9704  1/sqrt(power(x('2') -
9705  x('79'), 2) +
9706  power(x('102') -
9707  x('179'), 2) +
9708  power(x('202') -
9709  x('279'), 2)) +
9710  1/sqrt(power(x('21') -
9711  x('61'), 2) +
9712  power(x('121') -
9713  x('161'), 2) +
9714  power(x('221') -
9715  x('261'), 2)) +
9716  1/sqrt(power(x('12') -
9717  x('70'), 2) +
9718  power(x('112') -
9719  x('170'), 2) +
9720  power(x('212') -
9721  x('270'), 2)) +
9722  1/sqrt(power(x('10') -
9723  x('72'), 2) +
9724  power(x('110') -
9725  x('172'), 2) +
9726  power(x('210') -
9727  x('272'), 2)) +
9728  1/sqrt(power(x('4') -
9729  x('78'), 2) +
9730  power(x('104') -
9731  x('178'), 2) +
9732  power(x('204') -
9733  x('278'), 2)) +
9734  1/sqrt(power(x('7') -
9735  x('75'), 2) +
9736  power(x('107') -
9737  x('175'), 2) +
9738  power(x('207') -
9739  x('275'), 2)) +
9740  1/sqrt(power(x('11') -
9741  x('71'), 2) +
9742  power(x('111') -
9743  x('171'), 2) +
9744  power(x('211') -
9745  x('271'), 2)) +
9746  1/sqrt(power(x('19') -
9747  x('63'), 2) +
9748  power(x('119') -
9749  x('163'), 2) +
9750  power(x('219') -
9751  x('263'), 2)) +
9752  1/sqrt(power(x('1') -
9753  x('81'), 2) +
9754  power(x('101') -
9755  x('181'), 2) +
9756  power(x('201') -
9757  x('281'), 2)) +
9758  1/sqrt(power(x('20') -
9759  x('62'), 2) +
9760  power(x('120') -
9761  x('162'), 2) +
9762  power(x('220') -
9763  x('262'), 2)) +
9764  1/sqrt(power(x('25') -
9765  x('57'), 2) +
9766  power(x('125') -
9767  x('157'), 2) +
9768  power(x('225') -
9769  x('257'), 2)) +
9770  1/sqrt(power(x('26') -
9771  x('56'), 2) +
9772  power(x('126') -
9773  x('156'), 2) +
9774  power(x('226') -
9775  x('256'), 2)) +
9776  1/sqrt(power(x('13') -
9777  x('69'), 2) +
9778  power(x('113') -
9779  x('169'), 2) +
9780  power(x('213') -
9781  x('269'), 2)) +
9782  1/sqrt(power(x('9') -
9783  x('73'), 2) +
9784  power(x('109') -
9785  x('173'), 2) +
9786  power(x('209') -
9787  x('273'), 2)) +
9788  1/sqrt(power(x('5') -
9789  x('77'), 2) +
9790  power(x('105') -
9791  x('177'), 2) +
9792  power(x('205') -
9793  x('277'), 2)) +
9794  1/sqrt(power(x('17') -
9795  x('65'), 2) +
9796  power(x('117') -
9797  x('165'), 2) +
9798  power(x('217') -
9799  x('265'), 2)) +
9800  1/sqrt(power(x('6') -
9801  x('76'), 2) +
9802  power(x('106') -
9803  x('176'), 2) +
9804  power(x('206') -
9805  x('276'), 2)) +
9806  1/sqrt(power(x('3') -
9807  x('79'), 2) +
9808  power(x('103') -
9809  x('179'), 2) +
9810  power(x('203') -
9811  x('279'), 2)) +
9812  1/sqrt(power(x('8') -
9813  x('74'), 2) +
9814  power(x('108') -
9815  x('174'), 2) +
9816  power(x('208') -
9817  x('274'), 2)) +
9818  1/sqrt(power(x('40') -
9819  x('42'), 2) +
9820  power(x('140') -
9821  x('142'), 2) +
9822  power(x('240') -
9823  x('242'), 2)) +
9824  1/sqrt(power(x('2') -
9825  x('80'), 2) +
9826  power(x('102') -
9827  x('180'), 2) +
9828  power(x('202') -
9829  x('280'), 2)) +
9830  1/sqrt(power(x('18') -
9831  x('64'), 2) +
9832  power(x('118') -
9833  x('164'), 2) +
9834  power(x('218') -
9835  x('264'), 2)) +
9836  1/sqrt(power(x('39') -
9837  x('43'), 2) +
9838  power(x('139') -
9839  x('143'), 2) +
9840  power(x('239') -
9841  x('243'), 2)) +
9842  1/sqrt(power(x('32') -
9843  x('50'), 2) +
9844  power(x('132') -
9845  x('150'), 2) +
9846  power(x('232') -
9847  x('250'), 2)) +
9848  1/sqrt(power(x('33') -
9849  x('49'), 2) +
9850  power(x('133') -
9851  x('149'), 2) +
9852  power(x('233') -
9853  x('249'), 2)) +
9854  1/sqrt(power(x('28') -
9855  x('54'), 2) +
9856  power(x('128') -
9857  x('154'), 2) +
9858  power(x('228') -
9859  x('254'), 2)) +
9860  1/sqrt(power(x('23') -
9861  x('59'), 2) +
9862  power(x('123') -
9863  x('159'), 2) +
9864  power(x('223') -
9865  x('259'), 2)) +
9866  1/sqrt(power(x('24') -
9867  x('58'), 2) +
9868  power(x('124') -
9869  x('158'), 2) +
9870  power(x('224') -
9871  x('258'), 2)) +
9872  1/sqrt(power(x('15') -
9873  x('67'), 2) +
9874  power(x('115') -
9875  x('167'), 2) +
9876  power(x('215') -
9877  x('267'), 2)) +
9878  1/sqrt(power(x('27') -
9879  x('55'), 2) +
9880  power(x('127') -
9881  x('155'), 2) +
9882  power(x('227') -
9883  x('255'), 2)) +
9884  1/sqrt(power(x('30') -
9885  x('52'), 2) +
9886  power(x('130') -
9887  x('152'), 2) +
9888  power(x('230') -
9889  x('252'), 2)) +
9890  1/sqrt(power(x('16') -
9891  x('66'), 2) +
9892  power(x('116') -
9893  x('166'), 2) +
9894  power(x('216') -
9895  x('266'), 2)) +
9896  1/sqrt(power(x('37') -
9897  x('45'), 2) +
9898  power(x('137') -
9899  x('145'), 2) +
9900  power(x('237') -
9901  x('245'), 2)) +
9902  1/sqrt(power(x('35') -
9903  x('47'), 2) +
9904  power(x('135') -
9905  x('147'), 2) +
9906  power(x('235') -
9907  x('247'), 2)) +
9908  1/sqrt(power(x('31') -
9909  x('51'), 2) +
9910  power(x('131') -
9911  x('151'), 2) +
9912  power(x('231') -
9913  x('251'), 2)) +
9914  1/sqrt(power(x('29') -
9915  x('53'), 2) +
9916  power(x('129') -
9917  x('153'), 2) +
9918  power(x('229') -
9919  x('253'), 2)) +
9920  1/sqrt(power(x('38') -
9921  x('44'), 2) +
9922  power(x('138') -
9923  x('144'), 2) +
9924  power(x('238') -
9925  x('244'), 2)) +
9926  1/sqrt(power(x('22') -
9927  x('60'), 2) +
9928  power(x('122') -
9929  x('160'), 2) +
9930  power(x('222') -
9931  x('260'), 2)) +
9932  1/sqrt(power(x('34') -
9933  x('48'), 2) +
9934  power(x('134') -
9935  x('148'), 2) +
9936  power(x('234') -
9937  x('248'), 2)) +
9938  1/sqrt(power(x('36') -
9939  x('46'), 2) +
9940  power(x('136') -
9941  x('146'), 2) +
9942  power(x('236') -
9943  x('246'), 2)) +
9944  1/sqrt(power(x('14') -
9945  x('68'), 2) +
9946  power(x('114') -
9947  x('168'), 2) +
9948  power(x('214') -
9949  x('268'), 2)) +
9950  1/sqrt(power(x('32') -
9951  x('51'), 2) +
9952  power(x('132') -
9953  x('151'), 2) +
9954  power(x('232') -
9955  x('251'), 2)) +
9956  1/sqrt(power(x('31') -
9957  x('52'), 2) +
9958  power(x('131') -
9959  x('152'), 2) +
9960  power(x('231') -
9961  x('252'), 2)) +
9962  1/sqrt(power(x('36') -
9963  x('47'), 2) +
9964  power(x('136') -
9965  x('147'), 2) +
9966  power(x('236') -
9967  x('247'), 2)) +
9968  1/sqrt(power(x('37') -
9969  x('46'), 2) +
9970  power(x('137') -
9971  x('146'), 2) +
9972  power(x('237') -
9973  x('246'), 2)) +
9974  1/sqrt(power(x('41') -
9975  x('42'), 2) +
9976  power(x('141') -
9977  x('142'), 2) +
9978  power(x('241') -
9979  x('242'), 2)) +
9980  1/sqrt(power(x('34') -
9981  x('49'), 2) +
9982  power(x('134') -
9983  x('149'), 2) +
9984  power(x('234') -
9985  x('249'), 2)) +
9986  1/sqrt(power(x('39') -
9987  x('44'), 2) +
9988  power(x('139') -
9989  x('144'), 2) +
9990  power(x('239') -
9991  x('244'), 2)) +
9992  1/sqrt(power(x('33') -
9993  x('50'), 2) +
9994  power(x('133') -
9995  x('150'), 2) +
9996  power(x('233') -
9997  x('250'), 2)) +
9998  1/sqrt(power(x('30') -
9999  x('53'), 2) +
10000  power(x('130') -
10001  x('153'), 2) +
10002  power(x('230') -
10003  x('253'), 2)) +
10004  1/sqrt(power(x('35') -
10005  x('48'), 2) +
10006  power(x('135') -
10007  x('148'), 2) +
10008  power(x('235') -
10009  x('248'), 2)) +
10010  1/sqrt(power(x('2') -
10011  x('81'), 2) +
10012  power(x('102') -
10013  x('181'), 2) +
10014  power(x('202') -
10015  x('281'), 2)) +
10016  1/sqrt(power(x('38') -
10017  x('45'), 2) +
10018  power(x('138') -
10019  x('145'), 2) +
10020  power(x('238') -
10021  x('245'), 2)) +
10022  1/sqrt(power(x('40') -
10023  x('43'), 2) +
10024  power(x('140') -
10025  x('143'), 2) +
10026  power(x('240') -
10027  x('243'), 2)) +
10028  1/sqrt(power(x('5') -
10029  x('78'), 2) +
10030  power(x('105') -
10031  x('178'), 2) +
10032  power(x('205') -
10033  x('278'), 2)) +
10034  1/sqrt(power(x('3') -
10035  x('80'), 2) +
10036  power(x('103') -
10037  x('180'), 2) +
10038  power(x('203') -
10039  x('280'), 2)) +
10040  1/sqrt(power(x('1') -
10041  x('82'), 2) +
10042  power(x('101') -
10043  x('182'), 2) +
10044  power(x('201') -
10045  x('282'), 2)) +
10046  1/sqrt(power(x('4') -
10047  x('79'), 2) +
10048  power(x('104') -
10049  x('179'), 2) +
10050  power(x('204') -
10051  x('279'), 2)) +
10052  1/sqrt(power(x('20') -
10053  x('63'), 2) +
10054  power(x('120') -
10055  x('163'), 2) +
10056  power(x('220') -
10057  x('263'), 2)) +
10058  1/sqrt(power(x('8') -
10059  x('75'), 2) +
10060  power(x('108') -
10061  x('175'), 2) +
10062  power(x('208') -
10063  x('275'), 2)) +
10064  1/sqrt(power(x('11') -
10065  x('72'), 2) +
10066  power(x('111') -
10067  x('172'), 2) +
10068  power(x('211') -
10069  x('272'), 2)) +
10070  1/sqrt(power(x('21') -
10071  x('62'), 2) +
10072  power(x('121') -
10073  x('162'), 2) +
10074  power(x('221') -
10075  x('262'), 2)) +
10076  1/sqrt(power(x('13') -
10077  x('70'), 2) +
10078  power(x('113') -
10079  x('170'), 2) +
10080  power(x('213') -
10081  x('270'), 2)) +
10082  1/sqrt(power(x('6') -
10083  x('77'), 2) +
10084  power(x('106') -
10085  x('177'), 2) +
10086  power(x('206') -
10087  x('277'), 2)) +
10088  1/sqrt(power(x('7') -
10089  x('76'), 2) +
10090  power(x('107') -
10091  x('176'), 2) +
10092  power(x('207') -
10093  x('276'), 2)) +
10094  1/sqrt(power(x('12') -
10095  x('71'), 2) +
10096  power(x('112') -
10097  x('171'), 2) +
10098  power(x('212') -
10099  x('271'), 2)) +
10100  1/sqrt(power(x('27') -
10101  x('56'), 2) +
10102  power(x('127') -
10103  x('156'), 2) +
10104  power(x('227') -
10105  x('256'), 2)) +
10106  1/sqrt(power(x('29') -
10107  x('54'), 2) +
10108  power(x('129') -
10109  x('154'), 2) +
10110  power(x('229') -
10111  x('254'), 2)) +
10112  1/sqrt(power(x('15') -
10113  x('68'), 2) +
10114  power(x('115') -
10115  x('168'), 2) +
10116  power(x('215') -
10117  x('268'), 2)) +
10118  1/sqrt(power(x('18') -
10119  x('65'), 2) +
10120  power(x('118') -
10121  x('165'), 2) +
10122  power(x('218') -
10123  x('265'), 2)) +
10124  1/sqrt(power(x('9') -
10125  x('74'), 2) +
10126  power(x('109') -
10127  x('174'), 2) +
10128  power(x('209') -
10129  x('274'), 2)) +
10130  1/sqrt(power(x('10') -
10131  x('73'), 2) +
10132  power(x('110') -
10133  x('173'), 2) +
10134  power(x('210') -
10135  x('273'), 2)) +
10136  1/sqrt(power(x('14') -
10137  x('69'), 2) +
10138  power(x('114') -
10139  x('169'), 2) +
10140  power(x('214') -
10141  x('269'), 2)) +
10142  1/sqrt(power(x('19') -
10143  x('64'), 2) +
10144  power(x('119') -
10145  x('164'), 2) +
10146  power(x('219') -
10147  x('264'), 2)) +
10148  1/sqrt(power(x('26') -
10149  x('57'), 2) +
10150  power(x('126') -
10151  x('157'), 2) +
10152  power(x('226') -
10153  x('257'), 2)) +
10154  1/sqrt(power(x('28') -
10155  x('55'), 2) +
10156  power(x('128') -
10157  x('155'), 2) +
10158  power(x('228') -
10159  x('255'), 2)) +
10160  1/sqrt(power(x('22') -
10161  x('61'), 2) +
10162  power(x('122') -
10163  x('161'), 2) +
10164  power(x('222') -
10165  x('261'), 2)) +
10166  1/sqrt(power(x('23') -
10167  x('60'), 2) +
10168  power(x('123') -
10169  x('160'), 2) +
10170  power(x('223') -
10171  x('260'), 2)) +
10172  1/sqrt(power(x('16') -
10173  x('67'), 2) +
10174  power(x('116') -
10175  x('167'), 2) +
10176  power(x('216') -
10177  x('267'), 2)) +
10178  1/sqrt(power(x('17') -
10179  x('66'), 2) +
10180  power(x('117') -
10181  x('166'), 2) +
10182  power(x('217') -
10183  x('266'), 2)) +
10184  1/sqrt(power(x('25') -
10185  x('58'), 2) +
10186  power(x('125') -
10187  x('158'), 2) +
10188  power(x('225') -
10189  x('258'), 2)) +
10190  1/sqrt(power(x('24') -
10191  x('59'), 2) +
10192  power(x('124') -
10193  x('159'), 2) +
10194  power(x('224') -
10195  x('259'), 2)) +
10196  1/sqrt(power(x('41') -
10197  x('43'), 2) +
10198  power(x('141') -
10199  x('143'), 2) +
10200  power(x('241') -
10201  x('243'), 2)) +
10202  1/sqrt(power(x('40') -
10203  x('44'), 2) +
10204  power(x('140') -
10205  x('144'), 2) +
10206  power(x('240') -
10207  x('244'), 2)) +
10208  1/sqrt(power(x('36') -
10209  x('48'), 2) +
10210  power(x('136') -
10211  x('148'), 2) +
10212  power(x('236') -
10213  x('248'), 2)) +
10214  1/sqrt(power(x('35') -
10215  x('49'), 2) +
10216  power(x('135') -
10217  x('149'), 2) +
10218  power(x('235') -
10219  x('249'), 2)) +
10220  1/sqrt(power(x('22') -
10221  x('62'), 2) +
10222  power(x('122') -
10223  x('162'), 2) +
10224  power(x('222') -
10225  x('262'), 2)) +
10226  1/sqrt(power(x('38') -
10227  x('46'), 2) +
10228  power(x('138') -
10229  x('146'), 2) +
10230  power(x('238') -
10231  x('246'), 2)) +
10232  1/sqrt(power(x('31') -
10233  x('53'), 2) +
10234  power(x('131') -
10235  x('153'), 2) +
10236  power(x('231') -
10237  x('253'), 2)) +
10238  1/sqrt(power(x('30') -
10239  x('54'), 2) +
10240  power(x('130') -
10241  x('154'), 2) +
10242  power(x('230') -
10243  x('254'), 2)) +
10244  1/sqrt(power(x('18') -
10245  x('66'), 2) +
10246  power(x('118') -
10247  x('166'), 2) +
10248  power(x('218') -
10249  x('266'), 2)) +
10250  1/sqrt(power(x('33') -
10251  x('51'), 2) +
10252  power(x('133') -
10253  x('151'), 2) +
10254  power(x('233') -
10255  x('251'), 2)) +
10256  1/sqrt(power(x('39') -
10257  x('45'), 2) +
10258  power(x('139') -
10259  x('145'), 2) +
10260  power(x('239') -
10261  x('245'), 2)) +
10262  1/sqrt(power(x('7') -
10263  x('77'), 2) +
10264  power(x('107') -
10265  x('177'), 2) +
10266  power(x('207') -
10267  x('277'), 2)) +
10268  1/sqrt(power(x('9') -
10269  x('75'), 2) +
10270  power(x('109') -
10271  x('175'), 2) +
10272  power(x('209') -
10273  x('275'), 2)) +
10274  1/sqrt(power(x('37') -
10275  x('47'), 2) +
10276  power(x('137') -
10277  x('147'), 2) +
10278  power(x('237') -
10279  x('247'), 2)) +
10280  1/sqrt(power(x('24') -
10281  x('60'), 2) +
10282  power(x('124') -
10283  x('160'), 2) +
10284  power(x('224') -
10285  x('260'), 2)) +
10286  1/sqrt(power(x('34') -
10287  x('50'), 2) +
10288  power(x('134') -
10289  x('150'), 2) +
10290  power(x('234') -
10291  x('250'), 2)) +
10292  1/sqrt(power(x('12') -
10293  x('72'), 2) +
10294  power(x('112') -
10295  x('172'), 2) +
10296  power(x('212') -
10297  x('272'), 2)) +
10298  1/sqrt(power(x('32') -
10299  x('52'), 2) +
10300  power(x('132') -
10301  x('152'), 2) +
10302  power(x('232') -
10303  x('252'), 2)) +
10304  1/sqrt(power(x('8') -
10305  x('76'), 2) +
10306  power(x('108') -
10307  x('176'), 2) +
10308  power(x('208') -
10309  x('276'), 2)) +
10310  1/sqrt(power(x('28') -
10311  x('56'), 2) +
10312  power(x('128') -
10313  x('156'), 2) +
10314  power(x('228') -
10315  x('256'), 2)) +
10316  1/sqrt(power(x('14') -
10317  x('70'), 2) +
10318  power(x('114') -
10319  x('170'), 2) +
10320  power(x('214') -
10321  x('270'), 2)) +
10322  1/sqrt(power(x('23') -
10323  x('61'), 2) +
10324  power(x('123') -
10325  x('161'), 2) +
10326  power(x('223') -
10327  x('261'), 2)) +
10328  1/sqrt(power(x('26') -
10329  x('58'), 2) +
10330  power(x('126') -
10331  x('158'), 2) +
10332  power(x('226') -
10333  x('258'), 2)) +
10334  1/sqrt(power(x('29') -
10335  x('55'), 2) +
10336  power(x('129') -
10337  x('155'), 2) +
10338  power(x('229') -
10339  x('255'), 2)) +
10340  1/sqrt(power(x('20') -
10341  x('64'), 2) +
10342  power(x('120') -
10343  x('164'), 2) +
10344  power(x('220') -
10345  x('264'), 2)) +
10346  1/sqrt(power(x('19') -
10347  x('65'), 2) +
10348  power(x('119') -
10349  x('165'), 2) +
10350  power(x('219') -
10351  x('265'), 2)) +
10352  1/sqrt(power(x('4') -
10353  x('80'), 2) +
10354  power(x('104') -
10355  x('180'), 2) +
10356  power(x('204') -
10357  x('280'), 2)) +
10358  1/sqrt(power(x('13') -
10359  x('71'), 2) +
10360  power(x('113') -
10361  x('171'), 2) +
10362  power(x('213') -
10363  x('271'), 2)) +
10364  1/sqrt(power(x('6') -
10365  x('78'), 2) +
10366  power(x('106') -
10367  x('178'), 2) +
10368  power(x('206') -
10369  x('278'), 2)) +
10370  1/sqrt(power(x('10') -
10371  x('74'), 2) +
10372  power(x('110') -
10373  x('174'), 2) +
10374  power(x('210') -
10375  x('274'), 2)) +
10376  1/sqrt(power(x('25') -
10377  x('59'), 2) +
10378  power(x('125') -
10379  x('159'), 2) +
10380  power(x('225') -
10381  x('259'), 2)) +
10382  1/sqrt(power(x('16') -
10383  x('68'), 2) +
10384  power(x('116') -
10385  x('168'), 2) +
10386  power(x('216') -
10387  x('268'), 2)) +
10388  1/sqrt(power(x('11') -
10389  x('73'), 2) +
10390  power(x('111') -
10391  x('173'), 2) +
10392  power(x('211') -
10393  x('273'), 2)) +
10394  1/sqrt(power(x('27') -
10395  x('57'), 2) +
10396  power(x('127') -
10397  x('157'), 2) +
10398  power(x('227') -
10399  x('257'), 2)) +
10400  1/sqrt(power(x('5') -
10401  x('79'), 2) +
10402  power(x('105') -
10403  x('179'), 2) +
10404  power(x('205') -
10405  x('279'), 2)) +
10406  1/sqrt(power(x('15') -
10407  x('69'), 2) +
10408  power(x('115') -
10409  x('169'), 2) +
10410  power(x('215') -
10411  x('269'), 2)) +
10412  1/sqrt(power(x('21') -
10413  x('63'), 2) +
10414  power(x('121') -
10415  x('163'), 2) +
10416  power(x('221') -
10417  x('263'), 2)) +
10418  1/sqrt(power(x('3') -
10419  x('81'), 2) +
10420  power(x('103') -
10421  x('181'), 2) +
10422  power(x('203') -
10423  x('281'), 2)) +
10424  1/sqrt(power(x('17') -
10425  x('67'), 2) +
10426  power(x('117') -
10427  x('167'), 2) +
10428  power(x('217') -
10429  x('267'), 2)) +
10430  1/sqrt(power(x('1') -
10431  x('83'), 2) +
10432  power(x('101') -
10433  x('183'), 2) +
10434  power(x('201') -
10435  x('283'), 2)) +
10436  1/sqrt(power(x('2') -
10437  x('82'), 2) +
10438  power(x('102') -
10439  x('182'), 2) +
10440  power(x('202') -
10441  x('282'), 2)) +
10442  1/sqrt(power(x('1') -
10443  x('84'), 2) +
10444  power(x('101') -
10445  x('184'), 2) +
10446  power(x('201') -
10447  x('284'), 2)) +
10448  1/sqrt(power(x('8') -
10449  x('77'), 2) +
10450  power(x('108') -
10451  x('177'), 2) +
10452  power(x('208') -
10453  x('277'), 2)) +
10454  1/sqrt(power(x('19') -
10455  x('66'), 2) +
10456  power(x('119') -
10457  x('166'), 2) +
10458  power(x('219') -
10459  x('266'), 2)) +
10460  1/sqrt(power(x('5') -
10461  x('80'), 2) +
10462  power(x('105') -
10463  x('180'), 2) +
10464  power(x('205') -
10465  x('280'), 2)) +
10466  1/sqrt(power(x('18') -
10467  x('67'), 2) +
10468  power(x('118') -
10469  x('167'), 2) +
10470  power(x('218') -
10471  x('267'), 2)) +
10472  1/sqrt(power(x('29') -
10473  x('56'), 2) +
10474  power(x('129') -
10475  x('156'), 2) +
10476  power(x('229') -
10477  x('256'), 2)) +
10478  1/sqrt(power(x('42') -
10479  x('43'), 2) +
10480  power(x('142') -
10481  x('143'), 2) +
10482  power(x('242') -
10483  x('243'), 2)) +
10484  1/sqrt(power(x('10') -
10485  x('75'), 2) +
10486  power(x('110') -
10487  x('175'), 2) +
10488  power(x('210') -
10489  x('275'), 2)) +
10490  1/sqrt(power(x('9') -
10491  x('76'), 2) +
10492  power(x('109') -
10493  x('176'), 2) +
10494  power(x('209') -
10495  x('276'), 2)) +
10496  1/sqrt(power(x('2') -
10497  x('83'), 2) +
10498  power(x('102') -
10499  x('183'), 2) +
10500  power(x('202') -
10501  x('283'), 2)) +
10502  1/sqrt(power(x('40') -
10503  x('45'), 2) +
10504  power(x('140') -
10505  x('145'), 2) +
10506  power(x('240') -
10507  x('245'), 2)) +
10508  1/sqrt(power(x('21') -
10509  x('64'), 2) +
10510  power(x('121') -
10511  x('164'), 2) +
10512  power(x('221') -
10513  x('264'), 2)) +
10514  1/sqrt(power(x('7') -
10515  x('78'), 2) +
10516  power(x('107') -
10517  x('178'), 2) +
10518  power(x('207') -
10519  x('278'), 2)) +
10520  1/sqrt(power(x('6') -
10521  x('79'), 2) +
10522  power(x('106') -
10523  x('179'), 2) +
10524  power(x('206') -
10525  x('279'), 2)) +
10526  1/sqrt(power(x('39') -
10527  x('46'), 2) +
10528  power(x('139') -
10529  x('146'), 2) +
10530  power(x('239') -
10531  x('246'), 2)) +
10532  1/sqrt(power(x('20') -
10533  x('65'), 2) +
10534  power(x('120') -
10535  x('165'), 2) +
10536  power(x('220') -
10537  x('265'), 2)) +
10538  1/sqrt(power(x('13') -
10539  x('72'), 2) +
10540  power(x('113') -
10541  x('172'), 2) +
10542  power(x('213') -
10543  x('272'), 2)) +
10544  1/sqrt(power(x('4') -
10545  x('81'), 2) +
10546  power(x('104') -
10547  x('181'), 2) +
10548  power(x('204') -
10549  x('281'), 2)) +
10550  1/sqrt(power(x('15') -
10551  x('70'), 2) +
10552  power(x('115') -
10553  x('170'), 2) +
10554  power(x('215') -
10555  x('270'), 2)) +
10556  1/sqrt(power(x('3') -
10557  x('82'), 2) +
10558  power(x('103') -
10559  x('182'), 2) +
10560  power(x('203') -
10561  x('282'), 2)) +
10562  1/sqrt(power(x('27') -
10563  x('58'), 2) +
10564  power(x('127') -
10565  x('158'), 2) +
10566  power(x('227') -
10567  x('258'), 2)) +
10568  1/sqrt(power(x('41') -
10569  x('44'), 2) +
10570  power(x('141') -
10571  x('144'), 2) +
10572  power(x('241') -
10573  x('244'), 2)) +
10574  1/sqrt(power(x('23') -
10575  x('62'), 2) +
10576  power(x('123') -
10577  x('162'), 2) +
10578  power(x('223') -
10579  x('262'), 2)) +
10580  1/sqrt(power(x('28') -
10581  x('57'), 2) +
10582  power(x('128') -
10583  x('157'), 2) +
10584  power(x('228') -
10585  x('257'), 2)) +
10586  1/sqrt(power(x('25') -
10587  x('60'), 2) +
10588  power(x('125') -
10589  x('160'), 2) +
10590  power(x('225') -
10591  x('260'), 2)) +
10592  1/sqrt(power(x('11') -
10593  x('74'), 2) +
10594  power(x('111') -
10595  x('174'), 2) +
10596  power(x('211') -
10597  x('274'), 2)) +
10598  1/sqrt(power(x('14') -
10599  x('71'), 2) +
10600  power(x('114') -
10601  x('171'), 2) +
10602  power(x('214') -
10603  x('271'), 2)) +
10604  1/sqrt(power(x('17') -
10605  x('68'), 2) +
10606  power(x('117') -
10607  x('168'), 2) +
10608  power(x('217') -
10609  x('268'), 2)) +
10610  1/sqrt(power(x('22') -
10611  x('63'), 2) +
10612  power(x('122') -
10613  x('163'), 2) +
10614  power(x('222') -
10615  x('263'), 2)) +
10616  1/sqrt(power(x('12') -
10617  x('73'), 2) +
10618  power(x('112') -
10619  x('173'), 2) +
10620  power(x('212') -
10621  x('273'), 2)) +
10622  1/sqrt(power(x('35') -
10623  x('50'), 2) +
10624  power(x('135') -
10625  x('150'), 2) +
10626  power(x('235') -
10627  x('250'), 2)) +
10628  1/sqrt(power(x('16') -
10629  x('69'), 2) +
10630  power(x('116') -
10631  x('169'), 2) +
10632  power(x('216') -
10633  x('269'), 2)) +
10634  1/sqrt(power(x('37') -
10635  x('48'), 2) +
10636  power(x('137') -
10637  x('148'), 2) +
10638  power(x('237') -
10639  x('248'), 2)) +
10640  1/sqrt(power(x('34') -
10641  x('51'), 2) +
10642  power(x('134') -
10643  x('151'), 2) +
10644  power(x('234') -
10645  x('251'), 2)) +
10646  1/sqrt(power(x('26') -
10647  x('59'), 2) +
10648  power(x('126') -
10649  x('159'), 2) +
10650  power(x('226') -
10651  x('259'), 2)) +
10652  1/sqrt(power(x('24') -
10653  x('61'), 2) +
10654  power(x('124') -
10655  x('161'), 2) +
10656  power(x('224') -
10657  x('261'), 2)) +
10658  1/sqrt(power(x('38') -
10659  x('47'), 2) +
10660  power(x('138') -
10661  x('147'), 2) +
10662  power(x('238') -
10663  x('247'), 2)) +
10664  1/sqrt(power(x('30') -
10665  x('55'), 2) +
10666  power(x('130') -
10667  x('155'), 2) +
10668  power(x('230') -
10669  x('255'), 2)) +
10670  1/sqrt(power(x('36') -
10671  x('49'), 2) +
10672  power(x('136') -
10673  x('149'), 2) +
10674  power(x('236') -
10675  x('249'), 2)) +
10676  1/sqrt(power(x('32') -
10677  x('53'), 2) +
10678  power(x('132') -
10679  x('153'), 2) +
10680  power(x('232') -
10681  x('253'), 2)) +
10682  1/sqrt(power(x('33') -
10683  x('52'), 2) +
10684  power(x('133') -
10685  x('152'), 2) +
10686  power(x('233') -
10687  x('252'), 2)) +
10688  1/sqrt(power(x('31') -
10689  x('54'), 2) +
10690  power(x('131') -
10691  x('154'), 2) +
10692  power(x('231') -
10693  x('254'), 2)) +
10694  1/sqrt(power(x('34') -
10695  x('52'), 2) +
10696  power(x('134') -
10697  x('152'), 2) +
10698  power(x('234') -
10699  x('252'), 2)) +
10700  1/sqrt(power(x('36') -
10701  x('50'), 2) +
10702  power(x('136') -
10703  x('150'), 2) +
10704  power(x('236') -
10705  x('250'), 2)) +
10706  1/sqrt(power(x('33') -
10707  x('53'), 2) +
10708  power(x('133') -
10709  x('153'), 2) +
10710  power(x('233') -
10711  x('253'), 2)) +
10712  1/sqrt(power(x('37') -
10713  x('49'), 2) +
10714  power(x('137') -
10715  x('149'), 2) +
10716  power(x('237') -
10717  x('249'), 2)) +
10718  1/sqrt(power(x('42') -
10719  x('44'), 2) +
10720  power(x('142') -
10721  x('144'), 2) +
10722  power(x('242') -
10723  x('244'), 2)) +
10724  1/sqrt(power(x('41') -
10725  x('45'), 2) +
10726  power(x('141') -
10727  x('145'), 2) +
10728  power(x('241') -
10729  x('245'), 2)) +
10730  1/sqrt(power(x('35') -
10731  x('51'), 2) +
10732  power(x('135') -
10733  x('151'), 2) +
10734  power(x('235') -
10735  x('251'), 2)) +
10736  1/sqrt(power(x('3') -
10737  x('83'), 2) +
10738  power(x('103') -
10739  x('183'), 2) +
10740  power(x('203') -
10741  x('283'), 2)) +
10742  1/sqrt(power(x('39') -
10743  x('47'), 2) +
10744  power(x('139') -
10745  x('147'), 2) +
10746  power(x('239') -
10747  x('247'), 2)) +
10748  1/sqrt(power(x('31') -
10749  x('55'), 2) +
10750  power(x('131') -
10751  x('155'), 2) +
10752  power(x('231') -
10753  x('255'), 2)) +
10754  1/sqrt(power(x('14') -
10755  x('72'), 2) +
10756  power(x('114') -
10757  x('172'), 2) +
10758  power(x('214') -
10759  x('272'), 2)) +
10760  1/sqrt(power(x('16') -
10761  x('70'), 2) +
10762  power(x('116') -
10763  x('170'), 2) +
10764  power(x('216') -
10765  x('270'), 2)) +
10766  1/sqrt(power(x('32') -
10767  x('54'), 2) +
10768  power(x('132') -
10769  x('154'), 2) +
10770  power(x('232') -
10771  x('254'), 2)) +
10772  1/sqrt(power(x('38') -
10773  x('48'), 2) +
10774  power(x('138') -
10775  x('148'), 2) +
10776  power(x('238') -
10777  x('248'), 2)) +
10778  1/sqrt(power(x('40') -
10779  x('46'), 2) +
10780  power(x('140') -
10781  x('146'), 2) +
10782  power(x('240') -
10783  x('246'), 2)) +
10784  1/sqrt(power(x('6') -
10785  x('80'), 2) +
10786  power(x('106') -
10787  x('180'), 2) +
10788  power(x('206') -
10789  x('280'), 2)) +
10790  1/sqrt(power(x('12') -
10791  x('74'), 2) +
10792  power(x('112') -
10793  x('174'), 2) +
10794  power(x('212') -
10795  x('274'), 2)) +
10796  1/sqrt(power(x('18') -
10797  x('68'), 2) +
10798  power(x('118') -
10799  x('168'), 2) +
10800  power(x('218') -
10801  x('268'), 2)) +
10802  1/sqrt(power(x('30') -
10803  x('56'), 2) +
10804  power(x('130') -
10805  x('156'), 2) +
10806  power(x('230') -
10807  x('256'), 2)) +
10808  1/sqrt(power(x('15') -
10809  x('71'), 2) +
10810  power(x('115') -
10811  x('171'), 2) +
10812  power(x('215') -
10813  x('271'), 2)) +
10814  1/sqrt(power(x('2') -
10815  x('84'), 2) +
10816  power(x('102') -
10817  x('184'), 2) +
10818  power(x('202') -
10819  x('284'), 2)) +
10820  1/sqrt(power(x('4') -
10821  x('82'), 2) +
10822  power(x('104') -
10823  x('182'), 2) +
10824  power(x('204') -
10825  x('282'), 2)) +
10826  1/sqrt(power(x('13') -
10827  x('73'), 2) +
10828  power(x('113') -
10829  x('173'), 2) +
10830  power(x('213') -
10831  x('273'), 2)) +
10832  1/sqrt(power(x('1') -
10833  x('85'), 2) +
10834  power(x('101') -
10835  x('185'), 2) +
10836  power(x('201') -
10837  x('285'), 2)) +
10838  1/sqrt(power(x('9') -
10839  x('77'), 2) +
10840  power(x('109') -
10841  x('177'), 2) +
10842  power(x('209') -
10843  x('277'), 2)) +
10844  1/sqrt(power(x('17') -
10845  x('69'), 2) +
10846  power(x('117') -
10847  x('169'), 2) +
10848  power(x('217') -
10849  x('269'), 2)) +
10850  1/sqrt(power(x('5') -
10851  x('81'), 2) +
10852  power(x('105') -
10853  x('181'), 2) +
10854  power(x('205') -
10855  x('281'), 2)) +
10856  1/sqrt(power(x('26') -
10857  x('60'), 2) +
10858  power(x('126') -
10859  x('160'), 2) +
10860  power(x('226') -
10861  x('260'), 2)) +
10862  1/sqrt(power(x('20') -
10863  x('66'), 2) +
10864  power(x('120') -
10865  x('166'), 2) +
10866  power(x('220') -
10867  x('266'), 2)) +
10868  1/sqrt(power(x('27') -
10869  x('59'), 2) +
10870  power(x('127') -
10871  x('159'), 2) +
10872  power(x('227') -
10873  x('259'), 2)) +
10874  1/sqrt(power(x('22') -
10875  x('64'), 2) +
10876  power(x('122') -
10877  x('164'), 2) +
10878  power(x('222') -
10879  x('264'), 2)) +
10880  1/sqrt(power(x('19') -
10881  x('67'), 2) +
10882  power(x('119') -
10883  x('167'), 2) +
10884  power(x('219') -
10885  x('267'), 2)) +
10886  1/sqrt(power(x('7') -
10887  x('79'), 2) +
10888  power(x('107') -
10889  x('179'), 2) +
10890  power(x('207') -
10891  x('279'), 2)) +
10892  1/sqrt(power(x('24') -
10893  x('62'), 2) +
10894  power(x('124') -
10895  x('162'), 2) +
10896  power(x('224') -
10897  x('262'), 2)) +
10898  1/sqrt(power(x('8') -
10899  x('78'), 2) +
10900  power(x('108') -
10901  x('178'), 2) +
10902  power(x('208') -
10903  x('278'), 2)) +
10904  1/sqrt(power(x('11') -
10905  x('75'), 2) +
10906  power(x('111') -
10907  x('175'), 2) +
10908  power(x('211') -
10909  x('275'), 2)) +
10910  1/sqrt(power(x('10') -
10911  x('76'), 2) +
10912  power(x('110') -
10913  x('176'), 2) +
10914  power(x('210') -
10915  x('276'), 2)) +
10916  1/sqrt(power(x('21') -
10917  x('65'), 2) +
10918  power(x('121') -
10919  x('165'), 2) +
10920  power(x('221') -
10921  x('265'), 2)) +
10922  1/sqrt(power(x('25') -
10923  x('61'), 2) +
10924  power(x('125') -
10925  x('161'), 2) +
10926  power(x('225') -
10927  x('261'), 2)) +
10928  1/sqrt(power(x('23') -
10929  x('63'), 2) +
10930  power(x('123') -
10931  x('163'), 2) +
10932  power(x('223') -
10933  x('263'), 2)) +
10934  1/sqrt(power(x('29') -
10935  x('57'), 2) +
10936  power(x('129') -
10937  x('157'), 2) +
10938  power(x('229') -
10939  x('257'), 2)) +
10940  1/sqrt(power(x('28') -
10941  x('58'), 2) +
10942  power(x('128') -
10943  x('158'), 2) +
10944  power(x('228') -
10945  x('258'), 2)) +
10946  1/sqrt(power(x('25') -
10947  x('62'), 2) +
10948  power(x('125') -
10949  x('162'), 2) +
10950  power(x('225') -
10951  x('262'), 2)) +
10952  1/sqrt(power(x('43') -
10953  x('44'), 2) +
10954  power(x('143') -
10955  x('144'), 2) +
10956  power(x('243') -
10957  x('244'), 2)) +
10958  1/sqrt(power(x('26') -
10959  x('61'), 2) +
10960  power(x('126') -
10961  x('161'), 2) +
10962  power(x('226') -
10963  x('261'), 2)) +
10964  1/sqrt(power(x('15') -
10965  x('72'), 2) +
10966  power(x('115') -
10967  x('172'), 2) +
10968  power(x('215') -
10969  x('272'), 2)) +
10970  1/sqrt(power(x('17') -
10971  x('70'), 2) +
10972  power(x('117') -
10973  x('170'), 2) +
10974  power(x('217') -
10975  x('270'), 2)) +
10976  1/sqrt(power(x('41') -
10977  x('46'), 2) +
10978  power(x('141') -
10979  x('146'), 2) +
10980  power(x('241') -
10981  x('246'), 2)) +
10982  1/sqrt(power(x('33') -
10983  x('54'), 2) +
10984  power(x('133') -
10985  x('154'), 2) +
10986  power(x('233') -
10987  x('254'), 2)) +
10988  1/sqrt(power(x('35') -
10989  x('52'), 2) +
10990  power(x('135') -
10991  x('152'), 2) +
10992  power(x('235') -
10993  x('252'), 2)) +
10994  1/sqrt(power(x('19') -
10995  x('68'), 2) +
10996  power(x('119') -
10997  x('168'), 2) +
10998  power(x('219') -
10999  x('268'), 2)) +
11000  1/sqrt(power(x('32') -
11001  x('55'), 2) +
11002  power(x('132') -
11003  x('155'), 2) +
11004  power(x('232') -
11005  x('255'), 2)) +
11006  1/sqrt(power(x('23') -
11007  x('64'), 2) +
11008  power(x('123') -
11009  x('164'), 2) +
11010  power(x('223') -
11011  x('264'), 2)) +
11012  1/sqrt(power(x('40') -
11013  x('47'), 2) +
11014  power(x('140') -
11015  x('147'), 2) +
11016  power(x('240') -
11017  x('247'), 2)) +
11018  1/sqrt(power(x('36') -
11019  x('51'), 2) +
11020  power(x('136') -
11021  x('151'), 2) +
11022  power(x('236') -
11023  x('251'), 2)) +
11024  1/sqrt(power(x('13') -
11025  x('74'), 2) +
11026  power(x('113') -
11027  x('174'), 2) +
11028  power(x('213') -
11029  x('274'), 2)) +
11030  1/sqrt(power(x('21') -
11031  x('66'), 2) +
11032  power(x('121') -
11033  x('166'), 2) +
11034  power(x('221') -
11035  x('266'), 2)) +
11036  1/sqrt(power(x('10') -
11037  x('77'), 2) +
11038  power(x('110') -
11039  x('177'), 2) +
11040  power(x('210') -
11041  x('277'), 2)) +
11042  1/sqrt(power(x('8') -
11043  x('79'), 2) +
11044  power(x('108') -
11045  x('179'), 2) +
11046  power(x('208') -
11047  x('279'), 2)) +
11048  1/sqrt(power(x('16') -
11049  x('71'), 2) +
11050  power(x('116') -
11051  x('171'), 2) +
11052  power(x('216') -
11053  x('271'), 2)) +
11054  1/sqrt(power(x('14') -
11055  x('73'), 2) +
11056  power(x('114') -
11057  x('173'), 2) +
11058  power(x('214') -
11059  x('273'), 2)) +
11060  1/sqrt(power(x('18') -
11061  x('69'), 2) +
11062  power(x('118') -
11063  x('169'), 2) +
11064  power(x('218') -
11065  x('269'), 2)) +
11066  1/sqrt(power(x('24') -
11067  x('63'), 2) +
11068  power(x('124') -
11069  x('163'), 2) +
11070  power(x('224') -
11071  x('263'), 2)) +
11072  1/sqrt(power(x('42') -
11073  x('45'), 2) +
11074  power(x('142') -
11075  x('145'), 2) +
11076  power(x('242') -
11077  x('245'), 2)) +
11078  1/sqrt(power(x('34') -
11079  x('53'), 2) +
11080  power(x('134') -
11081  x('153'), 2) +
11082  power(x('234') -
11083  x('253'), 2)) +
11084  1/sqrt(power(x('9') -
11085  x('78'), 2) +
11086  power(x('109') -
11087  x('178'), 2) +
11088  power(x('209') -
11089  x('278'), 2)) +
11090  1/sqrt(power(x('20') -
11091  x('67'), 2) +
11092  power(x('120') -
11093  x('167'), 2) +
11094  power(x('220') -
11095  x('267'), 2)) +
11096  1/sqrt(power(x('28') -
11097  x('59'), 2) +
11098  power(x('128') -
11099  x('159'), 2) +
11100  power(x('228') -
11101  x('259'), 2)) +
11102  1/sqrt(power(x('38') -
11103  x('49'), 2) +
11104  power(x('138') -
11105  x('149'), 2) +
11106  power(x('238') -
11107  x('249'), 2)) +
11108  1/sqrt(power(x('22') -
11109  x('65'), 2) +
11110  power(x('122') -
11111  x('165'), 2) +
11112  power(x('222') -
11113  x('265'), 2)) +
11114  1/sqrt(power(x('30') -
11115  x('57'), 2) +
11116  power(x('130') -
11117  x('157'), 2) +
11118  power(x('230') -
11119  x('257'), 2)) +
11120  1/sqrt(power(x('27') -
11121  x('60'), 2) +
11122  power(x('127') -
11123  x('160'), 2) +
11124  power(x('227') -
11125  x('260'), 2)) +
11126  1/sqrt(power(x('12') -
11127  x('75'), 2) +
11128  power(x('112') -
11129  x('175'), 2) +
11130  power(x('212') -
11131  x('275'), 2)) +
11132  1/sqrt(power(x('11') -
11133  x('76'), 2) +
11134  power(x('111') -
11135  x('176'), 2) +
11136  power(x('211') -
11137  x('276'), 2)) +
11138  1/sqrt(power(x('37') -
11139  x('50'), 2) +
11140  power(x('137') -
11141  x('150'), 2) +
11142  power(x('237') -
11143  x('250'), 2)) +
11144  1/sqrt(power(x('5') -
11145  x('82'), 2) +
11146  power(x('105') -
11147  x('182'), 2) +
11148  power(x('205') -
11149  x('282'), 2)) +
11150  1/sqrt(power(x('39') -
11151  x('48'), 2) +
11152  power(x('139') -
11153  x('148'), 2) +
11154  power(x('239') -
11155  x('248'), 2)) +
11156  1/sqrt(power(x('31') -
11157  x('56'), 2) +
11158  power(x('131') -
11159  x('156'), 2) +
11160  power(x('231') -
11161  x('256'), 2)) +
11162  1/sqrt(power(x('7') -
11163  x('80'), 2) +
11164  power(x('107') -
11165  x('180'), 2) +
11166  power(x('207') -
11167  x('280'), 2)) +
11168  1/sqrt(power(x('29') -
11169  x('58'), 2) +
11170  power(x('129') -
11171  x('158'), 2) +
11172  power(x('229') -
11173  x('258'), 2)) +
11174  1/sqrt(power(x('1') -
11175  x('86'), 2) +
11176  power(x('101') -
11177  x('186'), 2) +
11178  power(x('201') -
11179  x('286'), 2)) +
11180  1/sqrt(power(x('6') -
11181  x('81'), 2) +
11182  power(x('106') -
11183  x('181'), 2) +
11184  power(x('206') -
11185  x('281'), 2)) +
11186  1/sqrt(power(x('4') -
11187  x('83'), 2) +
11188  power(x('104') -
11189  x('183'), 2) +
11190  power(x('204') -
11191  x('283'), 2)) +
11192  1/sqrt(power(x('2') -
11193  x('85'), 2) +
11194  power(x('102') -
11195  x('185'), 2) +
11196  power(x('202') -
11197  x('285'), 2)) +
11198  1/sqrt(power(x('3') -
11199  x('84'), 2) +
11200  power(x('103') -
11201  x('184'), 2) +
11202  power(x('203') -
11203  x('284'), 2)) +
11204  1/sqrt(power(x('1') -
11205  x('87'), 2) +
11206  power(x('101') -
11207  x('187'), 2) +
11208  power(x('201') -
11209  x('287'), 2)) +
11210  1/sqrt(power(x('24') -
11211  x('64'), 2) +
11212  power(x('124') -
11213  x('164'), 2) +
11214  power(x('224') -
11215  x('264'), 2)) +
11216  1/sqrt(power(x('25') -
11217  x('63'), 2) +
11218  power(x('125') -
11219  x('163'), 2) +
11220  power(x('225') -
11221  x('263'), 2)) +
11222  1/sqrt(power(x('43') -
11223  x('45'), 2) +
11224  power(x('143') -
11225  x('145'), 2) +
11226  power(x('243') -
11227  x('245'), 2)) +
11228  1/sqrt(power(x('42') -
11229  x('46'), 2) +
11230  power(x('142') -
11231  x('146'), 2) +
11232  power(x('242') -
11233  x('246'), 2)) +
11234  1/sqrt(power(x('22') -
11235  x('66'), 2) +
11236  power(x('122') -
11237  x('166'), 2) +
11238  power(x('222') -
11239  x('266'), 2)) +
11240  1/sqrt(power(x('40') -
11241  x('48'), 2) +
11242  power(x('140') -
11243  x('148'), 2) +
11244  power(x('240') -
11245  x('248'), 2)) +
11246  1/sqrt(power(x('34') -
11247  x('54'), 2) +
11248  power(x('134') -
11249  x('154'), 2) +
11250  power(x('234') -
11251  x('254'), 2)) +
11252  1/sqrt(power(x('9') -
11253  x('79'), 2) +
11254  power(x('109') -
11255  x('179'), 2) +
11256  power(x('209') -
11257  x('279'), 2)) +
11258  1/sqrt(power(x('6') -
11259  x('82'), 2) +
11260  power(x('106') -
11261  x('182'), 2) +
11262  power(x('206') -
11263  x('282'), 2)) +
11264  1/sqrt(power(x('20') -
11265  x('68'), 2) +
11266  power(x('120') -
11267  x('168'), 2) +
11268  power(x('220') -
11269  x('268'), 2)) +
11270  1/sqrt(power(x('18') -
11271  x('70'), 2) +
11272  power(x('118') -
11273  x('170'), 2) +
11274  power(x('218') -
11275  x('270'), 2)) +
11276  1/sqrt(power(x('35') -
11277  x('53'), 2) +
11278  power(x('135') -
11279  x('153'), 2) +
11280  power(x('235') -
11281  x('253'), 2)) +
11282  1/sqrt(power(x('39') -
11283  x('49'), 2) +
11284  power(x('139') -
11285  x('149'), 2) +
11286  power(x('239') -
11287  x('249'), 2)) +
11288  1/sqrt(power(x('16') -
11289  x('72'), 2) +
11290  power(x('116') -
11291  x('172'), 2) +
11292  power(x('216') -
11293  x('272'), 2)) +
11294  1/sqrt(power(x('3') -
11295  x('85'), 2) +
11296  power(x('103') -
11297  x('185'), 2) +
11298  power(x('203') -
11299  x('285'), 2)) +
11300  1/sqrt(power(x('11') -
11301  x('77'), 2) +
11302  power(x('111') -
11303  x('177'), 2) +
11304  power(x('211') -
11305  x('277'), 2)) +
11306  1/sqrt(power(x('23') -
11307  x('65'), 2) +
11308  power(x('123') -
11309  x('165'), 2) +
11310  power(x('223') -
11311  x('265'), 2)) +
11312  1/sqrt(power(x('27') -
11313  x('61'), 2) +
11314  power(x('127') -
11315  x('161'), 2) +
11316  power(x('227') -
11317  x('261'), 2)) +
11318  1/sqrt(power(x('14') -
11319  x('74'), 2) +
11320  power(x('114') -
11321  x('174'), 2) +
11322  power(x('214') -
11323  x('274'), 2)) +
11324  1/sqrt(power(x('41') -
11325  x('47'), 2) +
11326  power(x('141') -
11327  x('147'), 2) +
11328  power(x('241') -
11329  x('247'), 2)) +
11330  1/sqrt(power(x('10') -
11331  x('78'), 2) +
11332  power(x('110') -
11333  x('178'), 2) +
11334  power(x('210') -
11335  x('278'), 2)) +
11336  1/sqrt(power(x('33') -
11337  x('55'), 2) +
11338  power(x('133') -
11339  x('155'), 2) +
11340  power(x('233') -
11341  x('255'), 2)) +
11342  1/sqrt(power(x('21') -
11343  x('67'), 2) +
11344  power(x('121') -
11345  x('167'), 2) +
11346  power(x('221') -
11347  x('267'), 2)) +
11348  1/sqrt(power(x('26') -
11349  x('62'), 2) +
11350  power(x('126') -
11351  x('162'), 2) +
11352  power(x('226') -
11353  x('262'), 2)) +
11354  1/sqrt(power(x('29') -
11355  x('59'), 2) +
11356  power(x('129') -
11357  x('159'), 2) +
11358  power(x('229') -
11359  x('259'), 2)) +
11360  1/sqrt(power(x('19') -
11361  x('69'), 2) +
11362  power(x('119') -
11363  x('169'), 2) +
11364  power(x('219') -
11365  x('269'), 2)) +
11366  1/sqrt(power(x('17') -
11367  x('71'), 2) +
11368  power(x('117') -
11369  x('171'), 2) +
11370  power(x('217') -
11371  x('271'), 2)) +
11372  1/sqrt(power(x('37') -
11373  x('51'), 2) +
11374  power(x('137') -
11375  x('151'), 2) +
11376  power(x('237') -
11377  x('251'), 2)) +
11378  1/sqrt(power(x('8') -
11379  x('80'), 2) +
11380  power(x('108') -
11381  x('180'), 2) +
11382  power(x('208') -
11383  x('280'), 2)) +
11384  1/sqrt(power(x('5') -
11385  x('83'), 2) +
11386  power(x('105') -
11387  x('183'), 2) +
11388  power(x('205') -
11389  x('283'), 2)) +
11390  1/sqrt(power(x('15') -
11391  x('73'), 2) +
11392  power(x('115') -
11393  x('173'), 2) +
11394  power(x('215') -
11395  x('273'), 2)) +
11396  1/sqrt(power(x('7') -
11397  x('81'), 2) +
11398  power(x('107') -
11399  x('181'), 2) +
11400  power(x('207') -
11401  x('281'), 2)) +
11402  1/sqrt(power(x('4') -
11403  x('84'), 2) +
11404  power(x('104') -
11405  x('184'), 2) +
11406  power(x('204') -
11407  x('284'), 2)) +
11408  1/sqrt(power(x('30') -
11409  x('58'), 2) +
11410  power(x('130') -
11411  x('158'), 2) +
11412  power(x('230') -
11413  x('258'), 2)) +
11414  1/sqrt(power(x('36') -
11415  x('52'), 2) +
11416  power(x('136') -
11417  x('152'), 2) +
11418  power(x('236') -
11419  x('252'), 2)) +
11420  1/sqrt(power(x('38') -
11421  x('50'), 2) +
11422  power(x('138') -
11423  x('150'), 2) +
11424  power(x('238') -
11425  x('250'), 2)) +
11426  1/sqrt(power(x('28') -
11427  x('60'), 2) +
11428  power(x('128') -
11429  x('160'), 2) +
11430  power(x('228') -
11431  x('260'), 2)) +
11432  1/sqrt(power(x('2') -
11433  x('86'), 2) +
11434  power(x('102') -
11435  x('186'), 2) +
11436  power(x('202') -
11437  x('286'), 2)) +
11438  1/sqrt(power(x('12') -
11439  x('76'), 2) +
11440  power(x('112') -
11441  x('176'), 2) +
11442  power(x('212') -
11443  x('276'), 2)) +
11444  1/sqrt(power(x('13') -
11445  x('75'), 2) +
11446  power(x('113') -
11447  x('175'), 2) +
11448  power(x('213') -
11449  x('275'), 2)) +
11450  1/sqrt(power(x('32') -
11451  x('56'), 2) +
11452  power(x('132') -
11453  x('156'), 2) +
11454  power(x('232') -
11455  x('256'), 2)) +
11456  1/sqrt(power(x('31') -
11457  x('57'), 2) +
11458  power(x('131') -
11459  x('157'), 2) +
11460  power(x('231') -
11461  x('257'), 2)) +
11462  1/sqrt(power(x('21') -
11463  x('68'), 2) +
11464  power(x('121') -
11465  x('168'), 2) +
11466  power(x('221') -
11467  x('268'), 2)) +
11468  1/sqrt(power(x('31') -
11469  x('58'), 2) +
11470  power(x('131') -
11471  x('158'), 2) +
11472  power(x('231') -
11473  x('258'), 2)) +
11474  1/sqrt(power(x('19') -
11475  x('70'), 2) +
11476  power(x('119') -
11477  x('170'), 2) +
11478  power(x('219') -
11479  x('270'), 2)) +
11480  1/sqrt(power(x('44') -
11481  x('45'), 2) +
11482  power(x('144') -
11483  x('145'), 2) +
11484  power(x('244') -
11485  x('245'), 2)) +
11486  1/sqrt(power(x('30') -
11487  x('59'), 2) +
11488  power(x('130') -
11489  x('159'), 2) +
11490  power(x('230') -
11491  x('259'), 2)) +
11492  1/sqrt(power(x('42') -
11493  x('47'), 2) +
11494  power(x('142') -
11495  x('147'), 2) +
11496  power(x('242') -
11497  x('247'), 2)) +
11498  1/sqrt(power(x('33') -
11499  x('56'), 2) +
11500  power(x('133') -
11501  x('156'), 2) +
11502  power(x('233') -
11503  x('256'), 2)) +
11504  1/sqrt(power(x('41') -
11505  x('48'), 2) +
11506  power(x('141') -
11507  x('148'), 2) +
11508  power(x('241') -
11509  x('248'), 2)) +
11510  1/sqrt(power(x('17') -
11511  x('72'), 2) +
11512  power(x('117') -
11513  x('172'), 2) +
11514  power(x('217') -
11515  x('272'), 2)) +
11516  1/sqrt(power(x('1') -
11517  x('88'), 2) +
11518  power(x('101') -
11519  x('188'), 2) +
11520  power(x('201') -
11521  x('288'), 2)) +
11522  1/sqrt(power(x('11') -
11523  x('78'), 2) +
11524  power(x('111') -
11525  x('178'), 2) +
11526  power(x('211') -
11527  x('278'), 2)) +
11528  1/sqrt(power(x('4') -
11529  x('85'), 2) +
11530  power(x('104') -
11531  x('185'), 2) +
11532  power(x('204') -
11533  x('285'), 2)) +
11534  1/sqrt(power(x('26') -
11535  x('63'), 2) +
11536  power(x('126') -
11537  x('163'), 2) +
11538  power(x('226') -
11539  x('263'), 2)) +
11540  1/sqrt(power(x('34') -
11541  x('55'), 2) +
11542  power(x('134') -
11543  x('155'), 2) +
11544  power(x('234') -
11545  x('255'), 2)) +
11546  1/sqrt(power(x('39') -
11547  x('50'), 2) +
11548  power(x('139') -
11549  x('150'), 2) +
11550  power(x('239') -
11551  x('250'), 2)) +
11552  1/sqrt(power(x('20') -
11553  x('69'), 2) +
11554  power(x('120') -
11555  x('169'), 2) +
11556  power(x('220') -
11557  x('269'), 2)) +
11558  1/sqrt(power(x('25') -
11559  x('64'), 2) +
11560  power(x('125') -
11561  x('164'), 2) +
11562  power(x('225') -
11563  x('264'), 2)) +
11564  1/sqrt(power(x('15') -
11565  x('74'), 2) +
11566  power(x('115') -
11567  x('174'), 2) +
11568  power(x('215') -
11569  x('274'), 2)) +
11570  1/sqrt(power(x('28') -
11571  x('61'), 2) +
11572  power(x('128') -
11573  x('161'), 2) +
11574  power(x('228') -
11575  x('261'), 2)) +
11576  1/sqrt(power(x('38') -
11577  x('51'), 2) +
11578  power(x('138') -
11579  x('151'), 2) +
11580  power(x('238') -
11581  x('251'), 2)) +
11582  1/sqrt(power(x('18') -
11583  x('71'), 2) +
11584  power(x('118') -
11585  x('171'), 2) +
11586  power(x('218') -
11587  x('271'), 2)) +
11588  1/sqrt(power(x('32') -
11589  x('57'), 2) +
11590  power(x('132') -
11591  x('157'), 2) +
11592  power(x('232') -
11593  x('257'), 2)) +
11594  1/sqrt(power(x('43') -
11595  x('46'), 2) +
11596  power(x('143') -
11597  x('146'), 2) +
11598  power(x('243') -
11599  x('246'), 2)) +
11600  1/sqrt(power(x('2') -
11601  x('87'), 2) +
11602  power(x('102') -
11603  x('187'), 2) +
11604  power(x('202') -
11605  x('287'), 2)) +
11606  1/sqrt(power(x('16') -
11607  x('73'), 2) +
11608  power(x('116') -
11609  x('173'), 2) +
11610  power(x('216') -
11611  x('273'), 2)) +
11612  1/sqrt(power(x('3') -
11613  x('86'), 2) +
11614  power(x('103') -
11615  x('186'), 2) +
11616  power(x('203') -
11617  x('286'), 2)) +
11618  1/sqrt(power(x('29') -
11619  x('60'), 2) +
11620  power(x('129') -
11621  x('160'), 2) +
11622  power(x('229') -
11623  x('260'), 2)) +
11624  1/sqrt(power(x('40') -
11625  x('49'), 2) +
11626  power(x('140') -
11627  x('149'), 2) +
11628  power(x('240') -
11629  x('249'), 2)) +
11630  1/sqrt(power(x('27') -
11631  x('62'), 2) +
11632  power(x('127') -
11633  x('162'), 2) +
11634  power(x('227') -
11635  x('262'), 2)) +
11636  1/sqrt(power(x('7') -
11637  x('82'), 2) +
11638  power(x('107') -
11639  x('182'), 2) +
11640  power(x('207') -
11641  x('282'), 2)) +
11642  1/sqrt(power(x('36') -
11643  x('53'), 2) +
11644  power(x('136') -
11645  x('153'), 2) +
11646  power(x('236') -
11647  x('253'), 2)) +
11648  1/sqrt(power(x('13') -
11649  x('76'), 2) +
11650  power(x('113') -
11651  x('176'), 2) +
11652  power(x('213') -
11653  x('276'), 2)) +
11654  1/sqrt(power(x('5') -
11655  x('84'), 2) +
11656  power(x('105') -
11657  x('184'), 2) +
11658  power(x('205') -
11659  x('284'), 2)) +
11660  1/sqrt(power(x('14') -
11661  x('75'), 2) +
11662  power(x('114') -
11663  x('175'), 2) +
11664  power(x('214') -
11665  x('275'), 2)) +
11666  1/sqrt(power(x('23') -
11667  x('66'), 2) +
11668  power(x('123') -
11669  x('166'), 2) +
11670  power(x('223') -
11671  x('266'), 2)) +
11672  1/sqrt(power(x('35') -
11673  x('54'), 2) +
11674  power(x('135') -
11675  x('154'), 2) +
11676  power(x('235') -
11677  x('254'), 2)) +
11678  1/sqrt(power(x('6') -
11679  x('83'), 2) +
11680  power(x('106') -
11681  x('183'), 2) +
11682  power(x('206') -
11683  x('283'), 2)) +
11684  1/sqrt(power(x('24') -
11685  x('65'), 2) +
11686  power(x('124') -
11687  x('165'), 2) +
11688  power(x('224') -
11689  x('265'), 2)) +
11690  1/sqrt(power(x('37') -
11691  x('52'), 2) +
11692  power(x('137') -
11693  x('152'), 2) +
11694  power(x('237') -
11695  x('252'), 2)) +
11696  1/sqrt(power(x('10') -
11697  x('79'), 2) +
11698  power(x('110') -
11699  x('179'), 2) +
11700  power(x('210') -
11701  x('279'), 2)) +
11702  1/sqrt(power(x('8') -
11703  x('81'), 2) +
11704  power(x('108') -
11705  x('181'), 2) +
11706  power(x('208') -
11707  x('281'), 2)) +
11708  1/sqrt(power(x('12') -
11709  x('77'), 2) +
11710  power(x('112') -
11711  x('177'), 2) +
11712  power(x('212') -
11713  x('277'), 2)) +
11714  1/sqrt(power(x('22') -
11715  x('67'), 2) +
11716  power(x('122') -
11717  x('167'), 2) +
11718  power(x('222') -
11719  x('267'), 2)) +
11720  1/sqrt(power(x('9') -
11721  x('80'), 2) +
11722  power(x('109') -
11723  x('180'), 2) +
11724  power(x('209') -
11725  x('280'), 2)) +
11726  1/sqrt(power(x('11') -
11727  x('79'), 2) +
11728  power(x('111') -
11729  x('179'), 2) +
11730  power(x('211') -
11731  x('279'), 2)) +
11732  1/sqrt(power(x('9') -
11733  x('81'), 2) +
11734  power(x('109') -
11735  x('181'), 2) +
11736  power(x('209') -
11737  x('281'), 2)) +
11738  1/sqrt(power(x('44') -
11739  x('46'), 2) +
11740  power(x('144') -
11741  x('146'), 2) +
11742  power(x('244') -
11743  x('246'), 2)) +
11744  1/sqrt(power(x('43') -
11745  x('47'), 2) +
11746  power(x('143') -
11747  x('147'), 2) +
11748  power(x('243') -
11749  x('247'), 2)) +
11750  1/sqrt(power(x('41') -
11751  x('49'), 2) +
11752  power(x('141') -
11753  x('149'), 2) +
11754  power(x('241') -
11755  x('249'), 2)) +
11756  1/sqrt(power(x('2') -
11757  x('88'), 2) +
11758  power(x('102') -
11759  x('188'), 2) +
11760  power(x('202') -
11761  x('288'), 2)) +
11762  1/sqrt(power(x('40') -
11763  x('50'), 2) +
11764  power(x('140') -
11765  x('150'), 2) +
11766  power(x('240') -
11767  x('250'), 2)) +
11768  1/sqrt(power(x('38') -
11769  x('52'), 2) +
11770  power(x('138') -
11771  x('152'), 2) +
11772  power(x('238') -
11773  x('252'), 2)) +
11774  1/sqrt(power(x('37') -
11775  x('53'), 2) +
11776  power(x('137') -
11777  x('153'), 2) +
11778  power(x('237') -
11779  x('253'), 2)) +
11780  1/sqrt(power(x('10') -
11781  x('80'), 2) +
11782  power(x('110') -
11783  x('180'), 2) +
11784  power(x('210') -
11785  x('280'), 2)) +
11786  1/sqrt(power(x('6') -
11787  x('84'), 2) +
11788  power(x('106') -
11789  x('184'), 2) +
11790  power(x('206') -
11791  x('284'), 2)) +
11792  1/sqrt(power(x('1') -
11793  x('89'), 2) +
11794  power(x('101') -
11795  x('189'), 2) +
11796  power(x('201') -
11797  x('289'), 2)) +
11798  1/sqrt(power(x('20') -
11799  x('70'), 2) +
11800  power(x('120') -
11801  x('170'), 2) +
11802  power(x('220') -
11803  x('270'), 2)) +
11804  1/sqrt(power(x('35') -
11805  x('55'), 2) +
11806  power(x('135') -
11807  x('155'), 2) +
11808  power(x('235') -
11809  x('255'), 2)) +
11810  1/sqrt(power(x('13') -
11811  x('77'), 2) +
11812  power(x('113') -
11813  x('177'), 2) +
11814  power(x('213') -
11815  x('277'), 2)) +
11816  1/sqrt(power(x('42') -
11817  x('48'), 2) +
11818  power(x('142') -
11819  x('148'), 2) +
11820  power(x('242') -
11821  x('248'), 2)) +
11822  1/sqrt(power(x('12') -
11823  x('78'), 2) +
11824  power(x('112') -
11825  x('178'), 2) +
11826  power(x('212') -
11827  x('278'), 2)) +
11828  1/sqrt(power(x('39') -
11829  x('51'), 2) +
11830  power(x('139') -
11831  x('151'), 2) +
11832  power(x('239') -
11833  x('251'), 2)) +
11834  1/sqrt(power(x('8') -
11835  x('82'), 2) +
11836  power(x('108') -
11837  x('182'), 2) +
11838  power(x('208') -
11839  x('282'), 2)) +
11840  1/sqrt(power(x('34') -
11841  x('56'), 2) +
11842  power(x('134') -
11843  x('156'), 2) +
11844  power(x('234') -
11845  x('256'), 2)) +
11846  1/sqrt(power(x('21') -
11847  x('69'), 2) +
11848  power(x('121') -
11849  x('169'), 2) +
11850  power(x('221') -
11851  x('269'), 2)) +
11852  1/sqrt(power(x('18') -
11853  x('72'), 2) +
11854  power(x('118') -
11855  x('172'), 2) +
11856  power(x('218') -
11857  x('272'), 2)) +
11858  1/sqrt(power(x('7') -
11859  x('83'), 2) +
11860  power(x('107') -
11861  x('183'), 2) +
11862  power(x('207') -
11863  x('283'), 2)) +
11864  1/sqrt(power(x('3') -
11865  x('87'), 2) +
11866  power(x('103') -
11867  x('187'), 2) +
11868  power(x('203') -
11869  x('287'), 2)) +
11870  1/sqrt(power(x('36') -
11871  x('54'), 2) +
11872  power(x('136') -
11873  x('154'), 2) +
11874  power(x('236') -
11875  x('254'), 2)) +
11876  1/sqrt(power(x('29') -
11877  x('61'), 2) +
11878  power(x('129') -
11879  x('161'), 2) +
11880  power(x('229') -
11881  x('261'), 2)) +
11882  1/sqrt(power(x('25') -
11883  x('65'), 2) +
11884  power(x('125') -
11885  x('165'), 2) +
11886  power(x('225') -
11887  x('265'), 2)) +
11888  1/sqrt(power(x('30') -
11889  x('60'), 2) +
11890  power(x('130') -
11891  x('160'), 2) +
11892  power(x('230') -
11893  x('260'), 2)) +
11894  1/sqrt(power(x('5') -
11895  x('85'), 2) +
11896  power(x('105') -
11897  x('185'), 2) +
11898  power(x('205') -
11899  x('285'), 2)) +
11900  1/sqrt(power(x('16') -
11901  x('74'), 2) +
11902  power(x('116') -
11903  x('174'), 2) +
11904  power(x('216') -
11905  x('274'), 2)) +
11906  1/sqrt(power(x('19') -
11907  x('71'), 2) +
11908  power(x('119') -
11909  x('171'), 2) +
11910  power(x('219') -
11911  x('271'), 2)) +
11912  1/sqrt(power(x('24') -
11913  x('66'), 2) +
11914  power(x('124') -
11915  x('166'), 2) +
11916  power(x('224') -
11917  x('266'), 2)) +
11918  1/sqrt(power(x('4') -
11919  x('86'), 2) +
11920  power(x('104') -
11921  x('186'), 2) +
11922  power(x('204') -
11923  x('286'), 2)) +
11924  1/sqrt(power(x('32') -
11925  x('58'), 2) +
11926  power(x('132') -
11927  x('158'), 2) +
11928  power(x('232') -
11929  x('258'), 2)) +
11930  1/sqrt(power(x('27') -
11931  x('63'), 2) +
11932  power(x('127') -
11933  x('163'), 2) +
11934  power(x('227') -
11935  x('263'), 2)) +
11936  1/sqrt(power(x('17') -
11937  x('73'), 2) +
11938  power(x('117') -
11939  x('173'), 2) +
11940  power(x('217') -
11941  x('273'), 2)) +
11942  1/sqrt(power(x('14') -
11943  x('76'), 2) +
11944  power(x('114') -
11945  x('176'), 2) +
11946  power(x('214') -
11947  x('276'), 2)) +
11948  1/sqrt(power(x('33') -
11949  x('57'), 2) +
11950  power(x('133') -
11951  x('157'), 2) +
11952  power(x('233') -
11953  x('257'), 2)) +
11954  1/sqrt(power(x('26') -
11955  x('64'), 2) +
11956  power(x('126') -
11957  x('164'), 2) +
11958  power(x('226') -
11959  x('264'), 2)) +
11960  1/sqrt(power(x('28') -
11961  x('62'), 2) +
11962  power(x('128') -
11963  x('162'), 2) +
11964  power(x('228') -
11965  x('262'), 2)) +
11966  1/sqrt(power(x('15') -
11967  x('75'), 2) +
11968  power(x('115') -
11969  x('175'), 2) +
11970  power(x('215') -
11971  x('275'), 2)) +
11972  1/sqrt(power(x('31') -
11973  x('59'), 2) +
11974  power(x('131') -
11975  x('159'), 2) +
11976  power(x('231') -
11977  x('259'), 2)) +
11978  1/sqrt(power(x('22') -
11979  x('68'), 2) +
11980  power(x('122') -
11981  x('168'), 2) +
11982  power(x('222') -
11983  x('268'), 2)) +
11984  1/sqrt(power(x('23') -
11985  x('67'), 2) +
11986  power(x('123') -
11987  x('167'), 2) +
11988  power(x('223') -
11989  x('267'), 2)) +
11990  1/sqrt(power(x('37') -
11991  x('54'), 2) +
11992  power(x('137') -
11993  x('154'), 2) +
11994  power(x('237') -
11995  x('254'), 2)) +
11996  1/sqrt(power(x('36') -
11997  x('55'), 2) +
11998  power(x('136') -
11999  x('155'), 2) +
12000  power(x('236') -
12001  x('255'), 2)) +
12002  1/sqrt(power(x('39') -
12003  x('52'), 2) +
12004  power(x('139') -
12005  x('152'), 2) +
12006  power(x('239') -
12007  x('252'), 2)) +
12008  1/sqrt(power(x('40') -
12009  x('51'), 2) +
12010  power(x('140') -
12011  x('151'), 2) +
12012  power(x('240') -
12013  x('251'), 2)) +
12014  1/sqrt(power(x('34') -
12015  x('57'), 2) +
12016  power(x('134') -
12017  x('157'), 2) +
12018  power(x('234') -
12019  x('257'), 2)) +
12020  1/sqrt(power(x('42') -
12021  x('49'), 2) +
12022  power(x('142') -
12023  x('149'), 2) +
12024  power(x('242') -
12025  x('249'), 2)) +
12026  1/sqrt(power(x('43') -
12027  x('48'), 2) +
12028  power(x('143') -
12029  x('148'), 2) +
12030  power(x('243') -
12031  x('248'), 2)) +
12032  1/sqrt(power(x('45') -
12033  x('46'), 2) +
12034  power(x('145') -
12035  x('146'), 2) +
12036  power(x('245') -
12037  x('246'), 2)) +
12038  1/sqrt(power(x('33') -
12039  x('58'), 2) +
12040  power(x('133') -
12041  x('158'), 2) +
12042  power(x('233') -
12043  x('258'), 2)) +
12044  1/sqrt(power(x('38') -
12045  x('53'), 2) +
12046  power(x('138') -
12047  x('153'), 2) +
12048  power(x('238') -
12049  x('253'), 2)) +
12050  1/sqrt(power(x('31') -
12051  x('60'), 2) +
12052  power(x('131') -
12053  x('160'), 2) +
12054  power(x('231') -
12055  x('260'), 2)) +
12056  1/sqrt(power(x('35') -
12057  x('56'), 2) +
12058  power(x('135') -
12059  x('156'), 2) +
12060  power(x('235') -
12061  x('256'), 2)) +
12062  1/sqrt(power(x('41') -
12063  x('50'), 2) +
12064  power(x('141') -
12065  x('150'), 2) +
12066  power(x('241') -
12067  x('250'), 2)) +
12068  1/sqrt(power(x('4') -
12069  x('87'), 2) +
12070  power(x('104') -
12071  x('187'), 2) +
12072  power(x('204') -
12073  x('287'), 2)) +
12074  1/sqrt(power(x('44') -
12075  x('47'), 2) +
12076  power(x('144') -
12077  x('147'), 2) +
12078  power(x('244') -
12079  x('247'), 2)) +
12080  1/sqrt(power(x('30') -
12081  x('61'), 2) +
12082  power(x('130') -
12083  x('161'), 2) +
12084  power(x('230') -
12085  x('261'), 2)) +
12086  1/sqrt(power(x('32') -
12087  x('59'), 2) +
12088  power(x('132') -
12089  x('159'), 2) +
12090  power(x('232') -
12091  x('259'), 2)) +
12092  1/sqrt(power(x('1') -
12093  x('90'), 2) +
12094  power(x('101') -
12095  x('190'), 2) +
12096  power(x('201') -
12097  x('290'), 2)) +
12098  1/sqrt(power(x('7') -
12099  x('84'), 2) +
12100  power(x('107') -
12101  x('184'), 2) +
12102  power(x('207') -
12103  x('284'), 2)) +
12104  1/sqrt(power(x('10') -
12105  x('81'), 2) +
12106  power(x('110') -
12107  x('181'), 2) +
12108  power(x('210') -
12109  x('281'), 2)) +
12110  1/sqrt(power(x('3') -
12111  x('88'), 2) +
12112  power(x('103') -
12113  x('188'), 2) +
12114  power(x('203') -
12115  x('288'), 2)) +
12116  1/sqrt(power(x('5') -
12117  x('86'), 2) +
12118  power(x('105') -
12119  x('186'), 2) +
12120  power(x('205') -
12121  x('286'), 2)) +
12122  1/sqrt(power(x('2') -
12123  x('89'), 2) +
12124  power(x('102') -
12125  x('189'), 2) +
12126  power(x('202') -
12127  x('289'), 2)) +
12128  1/sqrt(power(x('24') -
12129  x('67'), 2) +
12130  power(x('124') -
12131  x('167'), 2) +
12132  power(x('224') -
12133  x('267'), 2)) +
12134  1/sqrt(power(x('23') -
12135  x('68'), 2) +
12136  power(x('123') -
12137  x('168'), 2) +
12138  power(x('223') -
12139  x('268'), 2)) +
12140  1/sqrt(power(x('6') -
12141  x('85'), 2) +
12142  power(x('106') -
12143  x('185'), 2) +
12144  power(x('206') -
12145  x('285'), 2)) +
12146  1/sqrt(power(x('12') -
12147  x('79'), 2) +
12148  power(x('112') -
12149  x('179'), 2) +
12150  power(x('212') -
12151  x('279'), 2)) +
12152  1/sqrt(power(x('28') -
12153  x('63'), 2) +
12154  power(x('128') -
12155  x('163'), 2) +
12156  power(x('228') -
12157  x('263'), 2)) +
12158  1/sqrt(power(x('11') -
12159  x('80'), 2) +
12160  power(x('111') -
12161  x('180'), 2) +
12162  power(x('211') -
12163  x('280'), 2)) +
12164  1/sqrt(power(x('8') -
12165  x('83'), 2) +
12166  power(x('108') -
12167  x('183'), 2) +
12168  power(x('208') -
12169  x('283'), 2)) +
12170  1/sqrt(power(x('29') -
12171  x('62'), 2) +
12172  power(x('129') -
12173  x('162'), 2) +
12174  power(x('229') -
12175  x('262'), 2)) +
12176  1/sqrt(power(x('9') -
12177  x('82'), 2) +
12178  power(x('109') -
12179  x('182'), 2) +
12180  power(x('209') -
12181  x('282'), 2)) +
12182  1/sqrt(power(x('26') -
12183  x('65'), 2) +
12184  power(x('126') -
12185  x('165'), 2) +
12186  power(x('226') -
12187  x('265'), 2)) +
12188  1/sqrt(power(x('21') -
12189  x('70'), 2) +
12190  power(x('121') -
12191  x('170'), 2) +
12192  power(x('221') -
12193  x('270'), 2)) +
12194  1/sqrt(power(x('25') -
12195  x('66'), 2) +
12196  power(x('125') -
12197  x('166'), 2) +
12198  power(x('225') -
12199  x('266'), 2)) +
12200  1/sqrt(power(x('22') -
12201  x('69'), 2) +
12202  power(x('122') -
12203  x('169'), 2) +
12204  power(x('222') -
12205  x('269'), 2)) +
12206  1/sqrt(power(x('27') -
12207  x('64'), 2) +
12208  power(x('127') -
12209  x('164'), 2) +
12210  power(x('227') -
12211  x('264'), 2)) +
12212  1/sqrt(power(x('13') -
12213  x('78'), 2) +
12214  power(x('113') -
12215  x('178'), 2) +
12216  power(x('213') -
12217  x('278'), 2)) +
12218  1/sqrt(power(x('19') -
12219  x('72'), 2) +
12220  power(x('119') -
12221  x('172'), 2) +
12222  power(x('219') -
12223  x('272'), 2)) +
12224  1/sqrt(power(x('20') -
12225  x('71'), 2) +
12226  power(x('120') -
12227  x('171'), 2) +
12228  power(x('220') -
12229  x('271'), 2)) +
12230  1/sqrt(power(x('17') -
12231  x('74'), 2) +
12232  power(x('117') -
12233  x('174'), 2) +
12234  power(x('217') -
12235  x('274'), 2)) +
12236  1/sqrt(power(x('18') -
12237  x('73'), 2) +
12238  power(x('118') -
12239  x('173'), 2) +
12240  power(x('218') -
12241  x('273'), 2)) +
12242  1/sqrt(power(x('15') -
12243  x('76'), 2) +
12244  power(x('115') -
12245  x('176'), 2) +
12246  power(x('215') -
12247  x('276'), 2)) +
12248  1/sqrt(power(x('16') -
12249  x('75'), 2) +
12250  power(x('116') -
12251  x('175'), 2) +
12252  power(x('216') -
12253  x('275'), 2)) +
12254  1/sqrt(power(x('14') -
12255  x('77'), 2) +
12256  power(x('114') -
12257  x('177'), 2) +
12258  power(x('214') -
12259  x('277'), 2)) +
12260  1/sqrt(power(x('29') -
12261  x('63'), 2) +
12262  power(x('129') -
12263  x('163'), 2) +
12264  power(x('229') -
12265  x('263'), 2)) +
12266  1/sqrt(power(x('22') -
12267  x('70'), 2) +
12268  power(x('122') -
12269  x('170'), 2) +
12270  power(x('222') -
12271  x('270'), 2)) +
12272  1/sqrt(power(x('23') -
12273  x('69'), 2) +
12274  power(x('123') -
12275  x('169'), 2) +
12276  power(x('223') -
12277  x('269'), 2)) +
12278  1/sqrt(power(x('41') -
12279  x('51'), 2) +
12280  power(x('141') -
12281  x('151'), 2) +
12282  power(x('241') -
12283  x('251'), 2)) +
12284  1/sqrt(power(x('25') -
12285  x('67'), 2) +
12286  power(x('125') -
12287  x('167'), 2) +
12288  power(x('225') -
12289  x('267'), 2)) +
12290  1/sqrt(power(x('42') -
12291  x('50'), 2) +
12292  power(x('142') -
12293  x('150'), 2) +
12294  power(x('242') -
12295  x('250'), 2)) +
12296  1/sqrt(power(x('27') -
12297  x('65'), 2) +
12298  power(x('127') -
12299  x('165'), 2) +
12300  power(x('227') -
12301  x('265'), 2)) +
12302  1/sqrt(power(x('20') -
12303  x('72'), 2) +
12304  power(x('120') -
12305  x('172'), 2) +
12306  power(x('220') -
12307  x('272'), 2)) +
12308  1/sqrt(power(x('11') -
12309  x('81'), 2) +
12310  power(x('111') -
12311  x('181'), 2) +
12312  power(x('211') -
12313  x('281'), 2)) +
12314  1/sqrt(power(x('4') -
12315  x('88'), 2) +
12316  power(x('104') -
12317  x('188'), 2) +
12318  power(x('204') -
12319  x('288'), 2)) +
12320  1/sqrt(power(x('44') -
12321  x('48'), 2) +
12322  power(x('144') -
12323  x('148'), 2) +
12324  power(x('244') -
12325  x('248'), 2)) +
12326  1/sqrt(power(x('45') -
12327  x('47'), 2) +
12328  power(x('145') -
12329  x('147'), 2) +
12330  power(x('245') -
12331  x('247'), 2)) +
12332  1/sqrt(power(x('21') -
12333  x('71'), 2) +
12334  power(x('121') -
12335  x('171'), 2) +
12336  power(x('221') -
12337  x('271'), 2)) +
12338  1/sqrt(power(x('28') -
12339  x('64'), 2) +
12340  power(x('128') -
12341  x('164'), 2) +
12342  power(x('228') -
12343  x('264'), 2)) +
12344  1/sqrt(power(x('9') -
12345  x('83'), 2) +
12346  power(x('109') -
12347  x('183'), 2) +
12348  power(x('209') -
12349  x('283'), 2)) +
12350  1/sqrt(power(x('24') -
12351  x('68'), 2) +
12352  power(x('124') -
12353  x('168'), 2) +
12354  power(x('224') -
12355  x('268'), 2)) +
12356  1/sqrt(power(x('40') -
12357  x('52'), 2) +
12358  power(x('140') -
12359  x('152'), 2) +
12360  power(x('240') -
12361  x('252'), 2)) +
12362  1/sqrt(power(x('18') -
12363  x('74'), 2) +
12364  power(x('118') -
12365  x('174'), 2) +
12366  power(x('218') -
12367  x('274'), 2)) +
12368  1/sqrt(power(x('10') -
12369  x('82'), 2) +
12370  power(x('110') -
12371  x('182'), 2) +
12372  power(x('210') -
12373  x('282'), 2)) +
12374  1/sqrt(power(x('26') -
12375  x('66'), 2) +
12376  power(x('126') -
12377  x('166'), 2) +
12378  power(x('226') -
12379  x('266'), 2)) +
12380  1/sqrt(power(x('13') -
12381  x('79'), 2) +
12382  power(x('113') -
12383  x('179'), 2) +
12384  power(x('213') -
12385  x('279'), 2)) +
12386  1/sqrt(power(x('43') -
12387  x('49'), 2) +
12388  power(x('143') -
12389  x('149'), 2) +
12390  power(x('243') -
12391  x('249'), 2)) +
12392  1/sqrt(power(x('19') -
12393  x('73'), 2) +
12394  power(x('119') -
12395  x('173'), 2) +
12396  power(x('219') -
12397  x('273'), 2)) +
12398  1/sqrt(power(x('12') -
12399  x('80'), 2) +
12400  power(x('112') -
12401  x('180'), 2) +
12402  power(x('212') -
12403  x('280'), 2)) +
12404  1/sqrt(power(x('32') -
12405  x('60'), 2) +
12406  power(x('132') -
12407  x('160'), 2) +
12408  power(x('232') -
12409  x('260'), 2)) +
12410  1/sqrt(power(x('33') -
12411  x('59'), 2) +
12412  power(x('133') -
12413  x('159'), 2) +
12414  power(x('233') -
12415  x('259'), 2)) +
12416  1/sqrt(power(x('6') -
12417  x('86'), 2) +
12418  power(x('106') -
12419  x('186'), 2) +
12420  power(x('206') -
12421  x('286'), 2)) +
12422  1/sqrt(power(x('2') -
12423  x('90'), 2) +
12424  power(x('102') -
12425  x('190'), 2) +
12426  power(x('202') -
12427  x('290'), 2)) +
12428  1/sqrt(power(x('35') -
12429  x('57'), 2) +
12430  power(x('135') -
12431  x('157'), 2) +
12432  power(x('235') -
12433  x('257'), 2)) +
12434  1/sqrt(power(x('30') -
12435  x('62'), 2) +
12436  power(x('130') -
12437  x('162'), 2) +
12438  power(x('230') -
12439  x('262'), 2)) +
12440  1/sqrt(power(x('16') -
12441  x('76'), 2) +
12442  power(x('116') -
12443  x('176'), 2) +
12444  power(x('216') -
12445  x('276'), 2)) +
12446  1/sqrt(power(x('36') -
12447  x('56'), 2) +
12448  power(x('136') -
12449  x('156'), 2) +
12450  power(x('236') -
12451  x('256'), 2)) +
12452  1/sqrt(power(x('8') -
12453  x('84'), 2) +
12454  power(x('108') -
12455  x('184'), 2) +
12456  power(x('208') -
12457  x('284'), 2)) +
12458  1/sqrt(power(x('17') -
12459  x('75'), 2) +
12460  power(x('117') -
12461  x('175'), 2) +
12462  power(x('217') -
12463  x('275'), 2)) +
12464  1/sqrt(power(x('7') -
12465  x('85'), 2) +
12466  power(x('107') -
12467  x('185'), 2) +
12468  power(x('207') -
12469  x('285'), 2)) +
12470  1/sqrt(power(x('38') -
12471  x('54'), 2) +
12472  power(x('138') -
12473  x('154'), 2) +
12474  power(x('238') -
12475  x('254'), 2)) +
12476  1/sqrt(power(x('31') -
12477  x('61'), 2) +
12478  power(x('131') -
12479  x('161'), 2) +
12480  power(x('231') -
12481  x('261'), 2)) +
12482  1/sqrt(power(x('34') -
12483  x('58'), 2) +
12484  power(x('134') -
12485  x('158'), 2) +
12486  power(x('234') -
12487  x('258'), 2)) +
12488  1/sqrt(power(x('39') -
12489  x('53'), 2) +
12490  power(x('139') -
12491  x('153'), 2) +
12492  power(x('239') -
12493  x('253'), 2)) +
12494  1/sqrt(power(x('1') -
12495  x('91'), 2) +
12496  power(x('101') -
12497  x('191'), 2) +
12498  power(x('201') -
12499  x('291'), 2)) +
12500  1/sqrt(power(x('14') -
12501  x('78'), 2) +
12502  power(x('114') -
12503  x('178'), 2) +
12504  power(x('214') -
12505  x('278'), 2)) +
12506  1/sqrt(power(x('15') -
12507  x('77'), 2) +
12508  power(x('115') -
12509  x('177'), 2) +
12510  power(x('215') -
12511  x('277'), 2)) +
12512  1/sqrt(power(x('3') -
12513  x('89'), 2) +
12514  power(x('103') -
12515  x('189'), 2) +
12516  power(x('203') -
12517  x('289'), 2)) +
12518  1/sqrt(power(x('5') -
12519  x('87'), 2) +
12520  power(x('105') -
12521  x('187'), 2) +
12522  power(x('205') -
12523  x('287'), 2)) +
12524  1/sqrt(power(x('37') -
12525  x('55'), 2) +
12526  power(x('137') -
12527  x('155'), 2) +
12528  power(x('237') -
12529  x('255'), 2)) +
12530  1/sqrt(power(x('31') -
12531  x('62'), 2) +
12532  power(x('131') -
12533  x('162'), 2) +
12534  power(x('231') -
12535  x('262'), 2)) +
12536  1/sqrt(power(x('32') -
12537  x('61'), 2) +
12538  power(x('132') -
12539  x('161'), 2) +
12540  power(x('232') -
12541  x('261'), 2)) +
12542  1/sqrt(power(x('40') -
12543  x('53'), 2) +
12544  power(x('140') -
12545  x('153'), 2) +
12546  power(x('240') -
12547  x('253'), 2)) +
12548  1/sqrt(power(x('17') -
12549  x('76'), 2) +
12550  power(x('117') -
12551  x('176'), 2) +
12552  power(x('217') -
12553  x('276'), 2)) +
12554  1/sqrt(power(x('30') -
12555  x('63'), 2) +
12556  power(x('130') -
12557  x('163'), 2) +
12558  power(x('230') -
12559  x('263'), 2)) +
12560  1/sqrt(power(x('4') -
12561  x('89'), 2) +
12562  power(x('104') -
12563  x('189'), 2) +
12564  power(x('204') -
12565  x('289'), 2)) +
12566  1/sqrt(power(x('34') -
12567  x('59'), 2) +
12568  power(x('134') -
12569  x('159'), 2) +
12570  power(x('234') -
12571  x('259'), 2)) +
12572  1/sqrt(power(x('41') -
12573  x('52'), 2) +
12574  power(x('141') -
12575  x('152'), 2) +
12576  power(x('241') -
12577  x('252'), 2)) +
12578  1/sqrt(power(x('7') -
12579  x('86'), 2) +
12580  power(x('107') -
12581  x('186'), 2) +
12582  power(x('207') -
12583  x('286'), 2)) +
12584  1/sqrt(power(x('39') -
12585  x('54'), 2) +
12586  power(x('139') -
12587  x('154'), 2) +
12588  power(x('239') -
12589  x('254'), 2)) +
12590  1/sqrt(power(x('10') -
12591  x('83'), 2) +
12592  power(x('110') -
12593  x('183'), 2) +
12594  power(x('210') -
12595  x('283'), 2)) +
12596  1/sqrt(power(x('35') -
12597  x('58'), 2) +
12598  power(x('135') -
12599  x('158'), 2) +
12600  power(x('235') -
12601  x('258'), 2)) +
12602  1/sqrt(power(x('15') -
12603  x('78'), 2) +
12604  power(x('115') -
12605  x('178'), 2) +
12606  power(x('215') -
12607  x('278'), 2)) +
12608  1/sqrt(power(x('33') -
12609  x('60'), 2) +
12610  power(x('133') -
12611  x('160'), 2) +
12612  power(x('233') -
12613  x('260'), 2)) +
12614  1/sqrt(power(x('12') -
12615  x('81'), 2) +
12616  power(x('112') -
12617  x('181'), 2) +
12618  power(x('212') -
12619  x('281'), 2)) +
12620  1/sqrt(power(x('43') -
12621  x('50'), 2) +
12622  power(x('143') -
12623  x('150'), 2) +
12624  power(x('243') -
12625  x('250'), 2)) +
12626  1/sqrt(power(x('44') -
12627  x('49'), 2) +
12628  power(x('144') -
12629  x('149'), 2) +
12630  power(x('244') -
12631  x('249'), 2)) +
12632  1/sqrt(power(x('1') -
12633  x('92'), 2) +
12634  power(x('101') -
12635  x('192'), 2) +
12636  power(x('201') -
12637  x('292'), 2)) +
12638  1/sqrt(power(x('16') -
12639  x('77'), 2) +
12640  power(x('116') -
12641  x('177'), 2) +
12642  power(x('216') -
12643  x('277'), 2)) +
12644  1/sqrt(power(x('5') -
12645  x('88'), 2) +
12646  power(x('105') -
12647  x('188'), 2) +
12648  power(x('205') -
12649  x('288'), 2)) +
12650  1/sqrt(power(x('21') -
12651  x('72'), 2) +
12652  power(x('121') -
12653  x('172'), 2) +
12654  power(x('221') -
12655  x('272'), 2)) +
12656  1/sqrt(power(x('3') -
12657  x('90'), 2) +
12658  power(x('103') -
12659  x('190'), 2) +
12660  power(x('203') -
12661  x('290'), 2)) +
12662  1/sqrt(power(x('6') -
12663  x('87'), 2) +
12664  power(x('106') -
12665  x('187'), 2) +
12666  power(x('206') -
12667  x('287'), 2)) +
12668  1/sqrt(power(x('46') -
12669  x('47'), 2) +
12670  power(x('146') -
12671  x('147'), 2) +
12672  power(x('246') -
12673  x('247'), 2)) +
12674  1/sqrt(power(x('11') -
12675  x('82'), 2) +
12676  power(x('111') -
12677  x('182'), 2) +
12678  power(x('211') -
12679  x('282'), 2)) +
12680  1/sqrt(power(x('22') -
12681  x('71'), 2) +
12682  power(x('122') -
12683  x('171'), 2) +
12684  power(x('222') -
12685  x('271'), 2)) +
12686  1/sqrt(power(x('8') -
12687  x('85'), 2) +
12688  power(x('108') -
12689  x('185'), 2) +
12690  power(x('208') -
12691  x('285'), 2)) +
12692  1/sqrt(power(x('2') -
12693  x('91'), 2) +
12694  power(x('102') -
12695  x('191'), 2) +
12696  power(x('202') -
12697  x('291'), 2)) +
12698  1/sqrt(power(x('9') -
12699  x('84'), 2) +
12700  power(x('109') -
12701  x('184'), 2) +
12702  power(x('209') -
12703  x('284'), 2)) +
12704  1/sqrt(power(x('37') -
12705  x('56'), 2) +
12706  power(x('137') -
12707  x('156'), 2) +
12708  power(x('237') -
12709  x('256'), 2)) +
12710  1/sqrt(power(x('42') -
12711  x('51'), 2) +
12712  power(x('142') -
12713  x('151'), 2) +
12714  power(x('242') -
12715  x('251'), 2)) +
12716  1/sqrt(power(x('29') -
12717  x('64'), 2) +
12718  power(x('129') -
12719  x('164'), 2) +
12720  power(x('229') -
12721  x('264'), 2)) +
12722  1/sqrt(power(x('38') -
12723  x('55'), 2) +
12724  power(x('138') -
12725  x('155'), 2) +
12726  power(x('238') -
12727  x('255'), 2)) +
12728  1/sqrt(power(x('36') -
12729  x('57'), 2) +
12730  power(x('136') -
12731  x('157'), 2) +
12732  power(x('236') -
12733  x('257'), 2)) +
12734  1/sqrt(power(x('28') -
12735  x('65'), 2) +
12736  power(x('128') -
12737  x('165'), 2) +
12738  power(x('228') -
12739  x('265'), 2)) +
12740  1/sqrt(power(x('13') -
12741  x('80'), 2) +
12742  power(x('113') -
12743  x('180'), 2) +
12744  power(x('213') -
12745  x('280'), 2)) +
12746  1/sqrt(power(x('19') -
12747  x('74'), 2) +
12748  power(x('119') -
12749  x('174'), 2) +
12750  power(x('219') -
12751  x('274'), 2)) +
12752  1/sqrt(power(x('14') -
12753  x('79'), 2) +
12754  power(x('114') -
12755  x('179'), 2) +
12756  power(x('214') -
12757  x('279'), 2)) +
12758  1/sqrt(power(x('45') -
12759  x('48'), 2) +
12760  power(x('145') -
12761  x('148'), 2) +
12762  power(x('245') -
12763  x('248'), 2)) +
12764  1/sqrt(power(x('20') -
12765  x('73'), 2) +
12766  power(x('120') -
12767  x('173'), 2) +
12768  power(x('220') -
12769  x('273'), 2)) +
12770  1/sqrt(power(x('24') -
12771  x('69'), 2) +
12772  power(x('124') -
12773  x('169'), 2) +
12774  power(x('224') -
12775  x('269'), 2)) +
12776  1/sqrt(power(x('23') -
12777  x('70'), 2) +
12778  power(x('123') -
12779  x('170'), 2) +
12780  power(x('223') -
12781  x('270'), 2)) +
12782  1/sqrt(power(x('26') -
12783  x('67'), 2) +
12784  power(x('126') -
12785  x('167'), 2) +
12786  power(x('226') -
12787  x('267'), 2)) +
12788  1/sqrt(power(x('18') -
12789  x('75'), 2) +
12790  power(x('118') -
12791  x('175'), 2) +
12792  power(x('218') -
12793  x('275'), 2)) +
12794  1/sqrt(power(x('27') -
12795  x('66'), 2) +
12796  power(x('127') -
12797  x('166'), 2) +
12798  power(x('227') -
12799  x('266'), 2)) +
12800  1/sqrt(power(x('25') -
12801  x('68'), 2) +
12802  power(x('125') -
12803  x('168'), 2) +
12804  power(x('225') -
12805  x('268'), 2)) +
12806  1/sqrt(power(x('16') -
12807  x('78'), 2) +
12808  power(x('116') -
12809  x('178'), 2) +
12810  power(x('216') -
12811  x('278'), 2)) +
12812  1/sqrt(power(x('23') -
12813  x('71'), 2) +
12814  power(x('123') -
12815  x('171'), 2) +
12816  power(x('223') -
12817  x('271'), 2)) +
12818  1/sqrt(power(x('22') -
12819  x('72'), 2) +
12820  power(x('122') -
12821  x('172'), 2) +
12822  power(x('222') -
12823  x('272'), 2)) +
12824  1/sqrt(power(x('33') -
12825  x('61'), 2) +
12826  power(x('133') -
12827  x('161'), 2) +
12828  power(x('233') -
12829  x('261'), 2)) +
12830  1/sqrt(power(x('17') -
12831  x('77'), 2) +
12832  power(x('117') -
12833  x('177'), 2) +
12834  power(x('217') -
12835  x('277'), 2)) +
12836  1/sqrt(power(x('27') -
12837  x('67'), 2) +
12838  power(x('127') -
12839  x('167'), 2) +
12840  power(x('227') -
12841  x('267'), 2)) +
12842  1/sqrt(power(x('32') -
12843  x('62'), 2) +
12844  power(x('132') -
12845  x('162'), 2) +
12846  power(x('232') -
12847  x('262'), 2)) +
12848  1/sqrt(power(x('28') -
12849  x('66'), 2) +
12850  power(x('128') -
12851  x('166'), 2) +
12852  power(x('228') -
12853  x('266'), 2)) +
12854  1/sqrt(power(x('2') -
12855  x('92'), 2) +
12856  power(x('102') -
12857  x('192'), 2) +
12858  power(x('202') -
12859  x('292'), 2)) +
12860  1/sqrt(power(x('41') -
12861  x('53'), 2) +
12862  power(x('141') -
12863  x('153'), 2) +
12864  power(x('241') -
12865  x('253'), 2)) +
12866  1/sqrt(power(x('25') -
12867  x('69'), 2) +
12868  power(x('125') -
12869  x('169'), 2) +
12870  power(x('225') -
12871  x('269'), 2)) +
12872  1/sqrt(power(x('34') -
12873  x('60'), 2) +
12874  power(x('134') -
12875  x('160'), 2) +
12876  power(x('234') -
12877  x('260'), 2)) +
12878  1/sqrt(power(x('14') -
12879  x('80'), 2) +
12880  power(x('114') -
12881  x('180'), 2) +
12882  power(x('214') -
12883  x('280'), 2)) +
12884  1/sqrt(power(x('45') -
12885  x('49'), 2) +
12886  power(x('145') -
12887  x('149'), 2) +
12888  power(x('245') -
12889  x('249'), 2)) +
12890  1/sqrt(power(x('15') -
12891  x('79'), 2) +
12892  power(x('115') -
12893  x('179'), 2) +
12894  power(x('215') -
12895  x('279'), 2)) +
12896  1/sqrt(power(x('24') -
12897  x('70'), 2) +
12898  power(x('124') -
12899  x('170'), 2) +
12900  power(x('224') -
12901  x('270'), 2)) +
12902  1/sqrt(power(x('46') -
12903  x('48'), 2) +
12904  power(x('146') -
12905  x('148'), 2) +
12906  power(x('246') -
12907  x('248'), 2)) +
12908  1/sqrt(power(x('30') -
12909  x('64'), 2) +
12910  power(x('130') -
12911  x('164'), 2) +
12912  power(x('230') -
12913  x('264'), 2)) +
12914  1/sqrt(power(x('20') -
12915  x('74'), 2) +
12916  power(x('120') -
12917  x('174'), 2) +
12918  power(x('220') -
12919  x('274'), 2)) +
12920  1/sqrt(power(x('39') -
12921  x('55'), 2) +
12922  power(x('139') -
12923  x('155'), 2) +
12924  power(x('239') -
12925  x('255'), 2)) +
12926  1/sqrt(power(x('26') -
12927  x('68'), 2) +
12928  power(x('126') -
12929  x('168'), 2) +
12930  power(x('226') -
12931  x('268'), 2)) +
12932  1/sqrt(power(x('21') -
12933  x('73'), 2) +
12934  power(x('121') -
12935  x('173'), 2) +
12936  power(x('221') -
12937  x('273'), 2)) +
12938  1/sqrt(power(x('11') -
12939  x('83'), 2) +
12940  power(x('111') -
12941  x('183'), 2) +
12942  power(x('211') -
12943  x('283'), 2)) +
12944  1/sqrt(power(x('1') -
12945  x('93'), 2) +
12946  power(x('101') -
12947  x('193'), 2) +
12948  power(x('201') -
12949  x('293'), 2)) +
12950  1/sqrt(power(x('3') -
12951  x('91'), 2) +
12952  power(x('103') -
12953  x('191'), 2) +
12954  power(x('203') -
12955  x('291'), 2)) +
12956  1/sqrt(power(x('38') -
12957  x('56'), 2) +
12958  power(x('138') -
12959  x('156'), 2) +
12960  power(x('238') -
12961  x('256'), 2)) +
12962  1/sqrt(power(x('31') -
12963  x('63'), 2) +
12964  power(x('131') -
12965  x('163'), 2) +
12966  power(x('231') -
12967  x('263'), 2)) +
12968  1/sqrt(power(x('29') -
12969  x('65'), 2) +
12970  power(x('129') -
12971  x('165'), 2) +
12972  power(x('229') -
12973  x('265'), 2)) +
12974  1/sqrt(power(x('44') -
12975  x('50'), 2) +
12976  power(x('144') -
12977  x('150'), 2) +
12978  power(x('244') -
12979  x('250'), 2)) +
12980  1/sqrt(power(x('9') -
12981  x('85'), 2) +
12982  power(x('109') -
12983  x('185'), 2) +
12984  power(x('209') -
12985  x('285'), 2)) +
12986  1/sqrt(power(x('40') -
12987  x('54'), 2) +
12988  power(x('140') -
12989  x('154'), 2) +
12990  power(x('240') -
12991  x('254'), 2)) +
12992  1/sqrt(power(x('4') -
12993  x('90'), 2) +
12994  power(x('104') -
12995  x('190'), 2) +
12996  power(x('204') -
12997  x('290'), 2)) +
12998  1/sqrt(power(x('18') -
12999  x('76'), 2) +
13000  power(x('118') -
13001  x('176'), 2) +
13002  power(x('218') -
13003  x('276'), 2)) +
13004  1/sqrt(power(x('36') -
13005  x('58'), 2) +
13006  power(x('136') -
13007  x('158'), 2) +
13008  power(x('236') -
13009  x('258'), 2)) +
13010  1/sqrt(power(x('10') -
13011  x('84'), 2) +
13012  power(x('110') -
13013  x('184'), 2) +
13014  power(x('210') -
13015  x('284'), 2)) +
13016  1/sqrt(power(x('19') -
13017  x('75'), 2) +
13018  power(x('119') -
13019  x('175'), 2) +
13020  power(x('219') -
13021  x('275'), 2)) +
13022  1/sqrt(power(x('13') -
13023  x('81'), 2) +
13024  power(x('113') -
13025  x('181'), 2) +
13026  power(x('213') -
13027  x('281'), 2)) +
13028  1/sqrt(power(x('35') -
13029  x('59'), 2) +
13030  power(x('135') -
13031  x('159'), 2) +
13032  power(x('235') -
13033  x('259'), 2)) +
13034  1/sqrt(power(x('12') -
13035  x('82'), 2) +
13036  power(x('112') -
13037  x('182'), 2) +
13038  power(x('212') -
13039  x('282'), 2)) +
13040  1/sqrt(power(x('37') -
13041  x('57'), 2) +
13042  power(x('137') -
13043  x('157'), 2) +
13044  power(x('237') -
13045  x('257'), 2)) +
13046  1/sqrt(power(x('42') -
13047  x('52'), 2) +
13048  power(x('142') -
13049  x('152'), 2) +
13050  power(x('242') -
13051  x('252'), 2)) +
13052  1/sqrt(power(x('6') -
13053  x('88'), 2) +
13054  power(x('106') -
13055  x('188'), 2) +
13056  power(x('206') -
13057  x('288'), 2)) +
13058  1/sqrt(power(x('8') -
13059  x('86'), 2) +
13060  power(x('108') -
13061  x('186'), 2) +
13062  power(x('208') -
13063  x('286'), 2)) +
13064  1/sqrt(power(x('43') -
13065  x('51'), 2) +
13066  power(x('143') -
13067  x('151'), 2) +
13068  power(x('243') -
13069  x('251'), 2)) +
13070  1/sqrt(power(x('7') -
13071  x('87'), 2) +
13072  power(x('107') -
13073  x('187'), 2) +
13074  power(x('207') -
13075  x('287'), 2)) +
13076  1/sqrt(power(x('5') -
13077  x('89'), 2) +
13078  power(x('105') -
13079  x('189'), 2) +
13080  power(x('205') -
13081  x('289'), 2)) +
13082  1/sqrt(power(x('44') -
13083  x('51'), 2) +
13084  power(x('144') -
13085  x('151'), 2) +
13086  power(x('244') -
13087  x('251'), 2)) +
13088  1/sqrt(power(x('17') -
13089  x('78'), 2) +
13090  power(x('117') -
13091  x('178'), 2) +
13092  power(x('217') -
13093  x('278'), 2)) +
13094  1/sqrt(power(x('45') -
13095  x('50'), 2) +
13096  power(x('145') -
13097  x('150'), 2) +
13098  power(x('245') -
13099  x('250'), 2)) +
13100  1/sqrt(power(x('4') -
13101  x('91'), 2) +
13102  power(x('104') -
13103  x('191'), 2) +
13104  power(x('204') -
13105  x('291'), 2)) +
13106  1/sqrt(power(x('43') -
13107  x('52'), 2) +
13108  power(x('143') -
13109  x('152'), 2) +
13110  power(x('243') -
13111  x('252'), 2)) +
13112  1/sqrt(power(x('7') -
13113  x('88'), 2) +
13114  power(x('107') -
13115  x('188'), 2) +
13116  power(x('207') -
13117  x('288'), 2)) +
13118  1/sqrt(power(x('47') -
13119  x('48'), 2) +
13120  power(x('147') -
13121  x('148'), 2) +
13122  power(x('247') -
13123  x('248'), 2)) +
13124  1/sqrt(power(x('10') -
13125  x('85'), 2) +
13126  power(x('110') -
13127  x('185'), 2) +
13128  power(x('210') -
13129  x('285'), 2)) +
13130  1/sqrt(power(x('12') -
13131  x('83'), 2) +
13132  power(x('112') -
13133  x('183'), 2) +
13134  power(x('212') -
13135  x('283'), 2)) +
13136  1/sqrt(power(x('15') -
13137  x('80'), 2) +
13138  power(x('115') -
13139  x('180'), 2) +
13140  power(x('215') -
13141  x('280'), 2)) +
13142  1/sqrt(power(x('41') -
13143  x('54'), 2) +
13144  power(x('141') -
13145  x('154'), 2) +
13146  power(x('241') -
13147  x('254'), 2)) +
13148  1/sqrt(power(x('31') -
13149  x('64'), 2) +
13150  power(x('131') -
13151  x('164'), 2) +
13152  power(x('231') -
13153  x('264'), 2)) +
13154  1/sqrt(power(x('32') -
13155  x('63'), 2) +
13156  power(x('132') -
13157  x('163'), 2) +
13158  power(x('232') -
13159  x('263'), 2)) +
13160  1/sqrt(power(x('40') -
13161  x('55'), 2) +
13162  power(x('140') -
13163  x('155'), 2) +
13164  power(x('240') -
13165  x('255'), 2)) +
13166  1/sqrt(power(x('16') -
13167  x('79'), 2) +
13168  power(x('116') -
13169  x('179'), 2) +
13170  power(x('216') -
13171  x('279'), 2)) +
13172  1/sqrt(power(x('34') -
13173  x('61'), 2) +
13174  power(x('134') -
13175  x('161'), 2) +
13176  power(x('234') -
13177  x('261'), 2)) +
13178  1/sqrt(power(x('5') -
13179  x('90'), 2) +
13180  power(x('105') -
13181  x('190'), 2) +
13182  power(x('205') -
13183  x('290'), 2)) +
13184  1/sqrt(power(x('21') -
13185  x('74'), 2) +
13186  power(x('121') -
13187  x('174'), 2) +
13188  power(x('221') -
13189  x('274'), 2)) +
13190  1/sqrt(power(x('35') -
13191  x('60'), 2) +
13192  power(x('135') -
13193  x('160'), 2) +
13194  power(x('235') -
13195  x('260'), 2)) +
13196  1/sqrt(power(x('6') -
13197  x('89'), 2) +
13198  power(x('106') -
13199  x('189'), 2) +
13200  power(x('206') -
13201  x('289'), 2)) +
13202  1/sqrt(power(x('29') -
13203  x('66'), 2) +
13204  power(x('129') -
13205  x('166'), 2) +
13206  power(x('229') -
13207  x('266'), 2)) +
13208  1/sqrt(power(x('11') -
13209  x('84'), 2) +
13210  power(x('111') -
13211  x('184'), 2) +
13212  power(x('211') -
13213  x('284'), 2)) +
13214  1/sqrt(power(x('46') -
13215  x('49'), 2) +
13216  power(x('146') -
13217  x('149'), 2) +
13218  power(x('246') -
13219  x('249'), 2)) +
13220  1/sqrt(power(x('22') -
13221  x('73'), 2) +
13222  power(x('122') -
13223  x('173'), 2) +
13224  power(x('222') -
13225  x('273'), 2)) +
13226  1/sqrt(power(x('38') -
13227  x('57'), 2) +
13228  power(x('138') -
13229  x('157'), 2) +
13230  power(x('238') -
13231  x('257'), 2)) +
13232  1/sqrt(power(x('37') -
13233  x('58'), 2) +
13234  power(x('137') -
13235  x('158'), 2) +
13236  power(x('237') -
13237  x('258'), 2)) +
13238  1/sqrt(power(x('3') -
13239  x('92'), 2) +
13240  power(x('103') -
13241  x('192'), 2) +
13242  power(x('203') -
13243  x('292'), 2)) +
13244  1/sqrt(power(x('1') -
13245  x('94'), 2) +
13246  power(x('101') -
13247  x('194'), 2) +
13248  power(x('201') -
13249  x('294'), 2)) +
13250  1/sqrt(power(x('8') -
13251  x('87'), 2) +
13252  power(x('108') -
13253  x('187'), 2) +
13254  power(x('208') -
13255  x('287'), 2)) +
13256  1/sqrt(power(x('28') -
13257  x('67'), 2) +
13258  power(x('128') -
13259  x('167'), 2) +
13260  power(x('228') -
13261  x('267'), 2)) +
13262  1/sqrt(power(x('9') -
13263  x('86'), 2) +
13264  power(x('109') -
13265  x('186'), 2) +
13266  power(x('209') -
13267  x('286'), 2)) +
13268  1/sqrt(power(x('42') -
13269  x('53'), 2) +
13270  power(x('142') -
13271  x('153'), 2) +
13272  power(x('242') -
13273  x('253'), 2)) +
13274  1/sqrt(power(x('2') -
13275  x('93'), 2) +
13276  power(x('102') -
13277  x('193'), 2) +
13278  power(x('202') -
13279  x('293'), 2)) +
13280  1/sqrt(power(x('33') -
13281  x('62'), 2) +
13282  power(x('133') -
13283  x('162'), 2) +
13284  power(x('233') -
13285  x('262'), 2)) +
13286  1/sqrt(power(x('30') -
13287  x('65'), 2) +
13288  power(x('130') -
13289  x('165'), 2) +
13290  power(x('230') -
13291  x('265'), 2)) +
13292  1/sqrt(power(x('13') -
13293  x('82'), 2) +
13294  power(x('113') -
13295  x('182'), 2) +
13296  power(x('213') -
13297  x('282'), 2)) +
13298  1/sqrt(power(x('14') -
13299  x('81'), 2) +
13300  power(x('114') -
13301  x('181'), 2) +
13302  power(x('214') -
13303  x('281'), 2)) +
13304  1/sqrt(power(x('19') -
13305  x('76'), 2) +
13306  power(x('119') -
13307  x('176'), 2) +
13308  power(x('219') -
13309  x('276'), 2)) +
13310  1/sqrt(power(x('39') -
13311  x('56'), 2) +
13312  power(x('139') -
13313  x('156'), 2) +
13314  power(x('239') -
13315  x('256'), 2)) +
13316  1/sqrt(power(x('36') -
13317  x('59'), 2) +
13318  power(x('136') -
13319  x('159'), 2) +
13320  power(x('236') -
13321  x('259'), 2)) +
13322  1/sqrt(power(x('24') -
13323  x('71'), 2) +
13324  power(x('124') -
13325  x('171'), 2) +
13326  power(x('224') -
13327  x('271'), 2)) +
13328  1/sqrt(power(x('20') -
13329  x('75'), 2) +
13330  power(x('120') -
13331  x('175'), 2) +
13332  power(x('220') -
13333  x('275'), 2)) +
13334  1/sqrt(power(x('26') -
13335  x('69'), 2) +
13336  power(x('126') -
13337  x('169'), 2) +
13338  power(x('226') -
13339  x('269'), 2)) +
13340  1/sqrt(power(x('23') -
13341  x('72'), 2) +
13342  power(x('123') -
13343  x('172'), 2) +
13344  power(x('223') -
13345  x('272'), 2)) +
13346  1/sqrt(power(x('27') -
13347  x('68'), 2) +
13348  power(x('127') -
13349  x('168'), 2) +
13350  power(x('227') -
13351  x('268'), 2)) +
13352  1/sqrt(power(x('25') -
13353  x('70'), 2) +
13354  power(x('125') -
13355  x('170'), 2) +
13356  power(x('225') -
13357  x('270'), 2)) +
13358  1/sqrt(power(x('18') -
13359  x('77'), 2) +
13360  power(x('118') -
13361  x('177'), 2) +
13362  power(x('218') -
13363  x('277'), 2)) +
13364  1/sqrt(power(x('46') -
13365  x('50'), 2) +
13366  power(x('146') -
13367  x('150'), 2) +
13368  power(x('246') -
13369  x('250'), 2)) +
13370  1/sqrt(power(x('47') -
13371  x('49'), 2) +
13372  power(x('147') -
13373  x('149'), 2) +
13374  power(x('247') -
13375  x('249'), 2)) +
13376  1/sqrt(power(x('16') -
13377  x('80'), 2) +
13378  power(x('116') -
13379  x('180'), 2) +
13380  power(x('216') -
13381  x('280'), 2)) +
13382  1/sqrt(power(x('23') -
13383  x('73'), 2) +
13384  power(x('123') -
13385  x('173'), 2) +
13386  power(x('223') -
13387  x('273'), 2)) +
13388  1/sqrt(power(x('2') -
13389  x('94'), 2) +
13390  power(x('102') -
13391  x('194'), 2) +
13392  power(x('202') -
13393  x('294'), 2)) +
13394  1/sqrt(power(x('22') -
13395  x('74'), 2) +
13396  power(x('122') -
13397  x('174'), 2) +
13398  power(x('222') -
13399  x('274'), 2)) +
13400  1/sqrt(power(x('45') -
13401  x('51'), 2) +
13402  power(x('145') -
13403  x('151'), 2) +
13404  power(x('245') -
13405  x('251'), 2)) +
13406  1/sqrt(power(x('17') -
13407  x('79'), 2) +
13408  power(x('117') -
13409  x('179'), 2) +
13410  power(x('217') -
13411  x('279'), 2)) +
13412  1/sqrt(power(x('36') -
13413  x('60'), 2) +
13414  power(x('136') -
13415  x('160'), 2) +
13416  power(x('236') -
13417  x('260'), 2)) +
13418  1/sqrt(power(x('27') -
13419  x('69'), 2) +
13420  power(x('127') -
13421  x('169'), 2) +
13422  power(x('227') -
13423  x('269'), 2)) +
13424  1/sqrt(power(x('28') -
13425  x('68'), 2) +
13426  power(x('128') -
13427  x('168'), 2) +
13428  power(x('228') -
13429  x('268'), 2)) +
13430  1/sqrt(power(x('37') -
13431  x('59'), 2) +
13432  power(x('137') -
13433  x('159'), 2) +
13434  power(x('237') -
13435  x('259'), 2)) +
13436  1/sqrt(power(x('25') -
13437  x('71'), 2) +
13438  power(x('125') -
13439  x('171'), 2) +
13440  power(x('225') -
13441  x('271'), 2)) +
13442  1/sqrt(power(x('30') -
13443  x('66'), 2) +
13444  power(x('130') -
13445  x('166'), 2) +
13446  power(x('230') -
13447  x('266'), 2)) +
13448  1/sqrt(power(x('14') -
13449  x('82'), 2) +
13450  power(x('114') -
13451  x('182'), 2) +
13452  power(x('214') -
13453  x('282'), 2)) +
13454  1/sqrt(power(x('35') -
13455  x('61'), 2) +
13456  power(x('135') -
13457  x('161'), 2) +
13458  power(x('235') -
13459  x('261'), 2)) +
13460  1/sqrt(power(x('43') -
13461  x('53'), 2) +
13462  power(x('143') -
13463  x('153'), 2) +
13464  power(x('243') -
13465  x('253'), 2)) +
13466  1/sqrt(power(x('15') -
13467  x('81'), 2) +
13468  power(x('115') -
13469  x('181'), 2) +
13470  power(x('215') -
13471  x('281'), 2)) +
13472  1/sqrt(power(x('31') -
13473  x('65'), 2) +
13474  power(x('131') -
13475  x('165'), 2) +
13476  power(x('231') -
13477  x('265'), 2)) +
13478  1/sqrt(power(x('39') -
13479  x('57'), 2) +
13480  power(x('139') -
13481  x('157'), 2) +
13482  power(x('239') -
13483  x('257'), 2)) +
13484  1/sqrt(power(x('3') -
13485  x('93'), 2) +
13486  power(x('103') -
13487  x('193'), 2) +
13488  power(x('203') -
13489  x('293'), 2)) +
13490  1/sqrt(power(x('42') -
13491  x('54'), 2) +
13492  power(x('142') -
13493  x('154'), 2) +
13494  power(x('242') -
13495  x('254'), 2)) +
13496  1/sqrt(power(x('24') -
13497  x('72'), 2) +
13498  power(x('124') -
13499  x('172'), 2) +
13500  power(x('224') -
13501  x('272'), 2)) +
13502  1/sqrt(power(x('11') -
13503  x('85'), 2) +
13504  power(x('111') -
13505  x('185'), 2) +
13506  power(x('211') -
13507  x('285'), 2)) +
13508  1/sqrt(power(x('40') -
13509  x('56'), 2) +
13510  power(x('140') -
13511  x('156'), 2) +
13512  power(x('240') -
13513  x('256'), 2)) +
13514  1/sqrt(power(x('1') -
13515  x('95'), 2) +
13516  power(x('101') -
13517  x('195'), 2) +
13518  power(x('201') -
13519  x('295'), 2)) +
13520  1/sqrt(power(x('20') -
13521  x('76'), 2) +
13522  power(x('120') -
13523  x('176'), 2) +
13524  power(x('220') -
13525  x('276'), 2)) +
13526  1/sqrt(power(x('26') -
13527  x('70'), 2) +
13528  power(x('126') -
13529  x('170'), 2) +
13530  power(x('226') -
13531  x('270'), 2)) +
13532  1/sqrt(power(x('29') -
13533  x('67'), 2) +
13534  power(x('129') -
13535  x('167'), 2) +
13536  power(x('229') -
13537  x('267'), 2)) +
13538  1/sqrt(power(x('9') -
13539  x('87'), 2) +
13540  power(x('109') -
13541  x('187'), 2) +
13542  power(x('209') -
13543  x('287'), 2)) +
13544  1/sqrt(power(x('4') -
13545  x('92'), 2) +
13546  power(x('104') -
13547  x('192'), 2) +
13548  power(x('204') -
13549  x('292'), 2)) +
13550  1/sqrt(power(x('21') -
13551  x('75'), 2) +
13552  power(x('121') -
13553  x('175'), 2) +
13554  power(x('221') -
13555  x('275'), 2)) +
13556  1/sqrt(power(x('44') -
13557  x('52'), 2) +
13558  power(x('144') -
13559  x('152'), 2) +
13560  power(x('244') -
13561  x('252'), 2)) +
13562  1/sqrt(power(x('38') -
13563  x('58'), 2) +
13564  power(x('138') -
13565  x('158'), 2) +
13566  power(x('238') -
13567  x('258'), 2)) +
13568  1/sqrt(power(x('33') -
13569  x('63'), 2) +
13570  power(x('133') -
13571  x('163'), 2) +
13572  power(x('233') -
13573  x('263'), 2)) +
13574  1/sqrt(power(x('10') -
13575  x('86'), 2) +
13576  power(x('110') -
13577  x('186'), 2) +
13578  power(x('210') -
13579  x('286'), 2)) +
13580  1/sqrt(power(x('18') -
13581  x('78'), 2) +
13582  power(x('118') -
13583  x('178'), 2) +
13584  power(x('218') -
13585  x('278'), 2)) +
13586  1/sqrt(power(x('13') -
13587  x('83'), 2) +
13588  power(x('113') -
13589  x('183'), 2) +
13590  power(x('213') -
13591  x('283'), 2)) +
13592  1/sqrt(power(x('41') -
13593  x('55'), 2) +
13594  power(x('141') -
13595  x('155'), 2) +
13596  power(x('241') -
13597  x('255'), 2)) +
13598  1/sqrt(power(x('12') -
13599  x('84'), 2) +
13600  power(x('112') -
13601  x('184'), 2) +
13602  power(x('212') -
13603  x('284'), 2)) +
13604  1/sqrt(power(x('34') -
13605  x('62'), 2) +
13606  power(x('134') -
13607  x('162'), 2) +
13608  power(x('234') -
13609  x('262'), 2)) +
13610  1/sqrt(power(x('32') -
13611  x('64'), 2) +
13612  power(x('132') -
13613  x('164'), 2) +
13614  power(x('232') -
13615  x('264'), 2)) +
13616  1/sqrt(power(x('19') -
13617  x('77'), 2) +
13618  power(x('119') -
13619  x('177'), 2) +
13620  power(x('219') -
13621  x('277'), 2)) +
13622  1/sqrt(power(x('6') -
13623  x('90'), 2) +
13624  power(x('106') -
13625  x('190'), 2) +
13626  power(x('206') -
13627  x('290'), 2)) +
13628  1/sqrt(power(x('8') -
13629  x('88'), 2) +
13630  power(x('108') -
13631  x('188'), 2) +
13632  power(x('208') -
13633  x('288'), 2)) +
13634  1/sqrt(power(x('7') -
13635  x('89'), 2) +
13636  power(x('107') -
13637  x('189'), 2) +
13638  power(x('207') -
13639  x('289'), 2)) +
13640  1/sqrt(power(x('5') -
13641  x('91'), 2) +
13642  power(x('105') -
13643  x('191'), 2) +
13644  power(x('205') -
13645  x('291'), 2)) +
13646  1/sqrt(power(x('29') -
13647  x('68'), 2) +
13648  power(x('129') -
13649  x('168'), 2) +
13650  power(x('229') -
13651  x('268'), 2)) +
13652  1/sqrt(power(x('21') -
13653  x('76'), 2) +
13654  power(x('121') -
13655  x('176'), 2) +
13656  power(x('221') -
13657  x('276'), 2)) +
13658  1/sqrt(power(x('22') -
13659  x('75'), 2) +
13660  power(x('122') -
13661  x('175'), 2) +
13662  power(x('222') -
13663  x('275'), 2)) +
13664  1/sqrt(power(x('28') -
13665  x('69'), 2) +
13666  power(x('128') -
13667  x('169'), 2) +
13668  power(x('228') -
13669  x('269'), 2)) +
13670  1/sqrt(power(x('4') -
13671  x('93'), 2) +
13672  power(x('104') -
13673  x('193'), 2) +
13674  power(x('204') -
13675  x('293'), 2)) +
13676  1/sqrt(power(x('19') -
13677  x('78'), 2) +
13678  power(x('119') -
13679  x('178'), 2) +
13680  power(x('219') -
13681  x('278'), 2)) +
13682  1/sqrt(power(x('7') -
13683  x('90'), 2) +
13684  power(x('107') -
13685  x('190'), 2) +
13686  power(x('207') -
13687  x('290'), 2)) +
13688  1/sqrt(power(x('38') -
13689  x('59'), 2) +
13690  power(x('138') -
13691  x('159'), 2) +
13692  power(x('238') -
13693  x('259'), 2)) +
13694  1/sqrt(power(x('20') -
13695  x('77'), 2) +
13696  power(x('120') -
13697  x('177'), 2) +
13698  power(x('220') -
13699  x('277'), 2)) +
13700  1/sqrt(power(x('24') -
13701  x('73'), 2) +
13702  power(x('124') -
13703  x('173'), 2) +
13704  power(x('224') -
13705  x('273'), 2)) +
13706  1/sqrt(power(x('10') -
13707  x('87'), 2) +
13708  power(x('110') -
13709  x('187'), 2) +
13710  power(x('210') -
13711  x('287'), 2)) +
13712  1/sqrt(power(x('37') -
13713  x('60'), 2) +
13714  power(x('137') -
13715  x('160'), 2) +
13716  power(x('237') -
13717  x('260'), 2)) +
13718  1/sqrt(power(x('26') -
13719  x('71'), 2) +
13720  power(x('126') -
13721  x('171'), 2) +
13722  power(x('226') -
13723  x('271'), 2)) +
13724  1/sqrt(power(x('17') -
13725  x('80'), 2) +
13726  power(x('117') -
13727  x('180'), 2) +
13728  power(x('217') -
13729  x('280'), 2)) +
13730  1/sqrt(power(x('23') -
13731  x('74'), 2) +
13732  power(x('123') -
13733  x('174'), 2) +
13734  power(x('223') -
13735  x('274'), 2)) +
13736  1/sqrt(power(x('39') -
13737  x('58'), 2) +
13738  power(x('139') -
13739  x('158'), 2) +
13740  power(x('239') -
13741  x('258'), 2)) +
13742  1/sqrt(power(x('5') -
13743  x('92'), 2) +
13744  power(x('105') -
13745  x('192'), 2) +
13746  power(x('205') -
13747  x('292'), 2)) +
13748  1/sqrt(power(x('6') -
13749  x('91'), 2) +
13750  power(x('106') -
13751  x('191'), 2) +
13752  power(x('206') -
13753  x('291'), 2)) +
13754  1/sqrt(power(x('27') -
13755  x('70'), 2) +
13756  power(x('127') -
13757  x('170'), 2) +
13758  power(x('227') -
13759  x('270'), 2)) +
13760  1/sqrt(power(x('3') -
13761  x('94'), 2) +
13762  power(x('103') -
13763  x('194'), 2) +
13764  power(x('203') -
13765  x('294'), 2)) +
13766  1/sqrt(power(x('12') -
13767  x('85'), 2) +
13768  power(x('112') -
13769  x('185'), 2) +
13770  power(x('212') -
13771  x('285'), 2)) +
13772  1/sqrt(power(x('1') -
13773  x('96'), 2) +
13774  power(x('101') -
13775  x('196'), 2) +
13776  power(x('201') -
13777  x('296'), 2)) +
13778  1/sqrt(power(x('35') -
13779  x('62'), 2) +
13780  power(x('135') -
13781  x('162'), 2) +
13782  power(x('235') -
13783  x('262'), 2)) +
13784  1/sqrt(power(x('18') -
13785  x('79'), 2) +
13786  power(x('118') -
13787  x('179'), 2) +
13788  power(x('218') -
13789  x('279'), 2)) +
13790  1/sqrt(power(x('34') -
13791  x('63'), 2) +
13792  power(x('134') -
13793  x('163'), 2) +
13794  power(x('234') -
13795  x('263'), 2)) +
13796  1/sqrt(power(x('8') -
13797  x('89'), 2) +
13798  power(x('108') -
13799  x('189'), 2) +
13800  power(x('208') -
13801  x('289'), 2)) +
13802  1/sqrt(power(x('15') -
13803  x('82'), 2) +
13804  power(x('115') -
13805  x('182'), 2) +
13806  power(x('215') -
13807  x('282'), 2)) +
13808  1/sqrt(power(x('11') -
13809  x('86'), 2) +
13810  power(x('111') -
13811  x('186'), 2) +
13812  power(x('211') -
13813  x('286'), 2)) +
13814  1/sqrt(power(x('2') -
13815  x('95'), 2) +
13816  power(x('102') -
13817  x('195'), 2) +
13818  power(x('202') -
13819  x('295'), 2)) +
13820  1/sqrt(power(x('25') -
13821  x('72'), 2) +
13822  power(x('125') -
13823  x('172'), 2) +
13824  power(x('225') -
13825  x('272'), 2)) +
13826  1/sqrt(power(x('9') -
13827  x('88'), 2) +
13828  power(x('109') -
13829  x('188'), 2) +
13830  power(x('209') -
13831  x('288'), 2)) +
13832  1/sqrt(power(x('41') -
13833  x('56'), 2) +
13834  power(x('141') -
13835  x('156'), 2) +
13836  power(x('241') -
13837  x('256'), 2)) +
13838  1/sqrt(power(x('44') -
13839  x('53'), 2) +
13840  power(x('144') -
13841  x('153'), 2) +
13842  power(x('244') -
13843  x('253'), 2)) +
13844  1/sqrt(power(x('32') -
13845  x('65'), 2) +
13846  power(x('132') -
13847  x('165'), 2) +
13848  power(x('232') -
13849  x('265'), 2)) +
13850  1/sqrt(power(x('42') -
13851  x('55'), 2) +
13852  power(x('142') -
13853  x('155'), 2) +
13854  power(x('242') -
13855  x('255'), 2)) +
13856  1/sqrt(power(x('31') -
13857  x('66'), 2) +
13858  power(x('131') -
13859  x('166'), 2) +
13860  power(x('231') -
13861  x('266'), 2)) +
13862  1/sqrt(power(x('16') -
13863  x('81'), 2) +
13864  power(x('116') -
13865  x('181'), 2) +
13866  power(x('216') -
13867  x('281'), 2)) +
13868  1/sqrt(power(x('36') -
13869  x('61'), 2) +
13870  power(x('136') -
13871  x('161'), 2) +
13872  power(x('236') -
13873  x('261'), 2)) +
13874  1/sqrt(power(x('40') -
13875  x('57'), 2) +
13876  power(x('140') -
13877  x('157'), 2) +
13878  power(x('240') -
13879  x('257'), 2)) +
13880  1/sqrt(power(x('48') -
13881  x('49'), 2) +
13882  power(x('148') -
13883  x('149'), 2) +
13884  power(x('248') -
13885  x('249'), 2)) +
13886  1/sqrt(power(x('33') -
13887  x('64'), 2) +
13888  power(x('133') -
13889  x('164'), 2) +
13890  power(x('233') -
13891  x('264'), 2)) +
13892  1/sqrt(power(x('13') -
13893  x('84'), 2) +
13894  power(x('113') -
13895  x('184'), 2) +
13896  power(x('213') -
13897  x('284'), 2)) +
13898  1/sqrt(power(x('14') -
13899  x('83'), 2) +
13900  power(x('114') -
13901  x('183'), 2) +
13902  power(x('214') -
13903  x('283'), 2)) +
13904  1/sqrt(power(x('43') -
13905  x('54'), 2) +
13906  power(x('143') -
13907  x('154'), 2) +
13908  power(x('243') -
13909  x('254'), 2)) +
13910  1/sqrt(power(x('30') -
13911  x('67'), 2) +
13912  power(x('130') -
13913  x('167'), 2) +
13914  power(x('230') -
13915  x('267'), 2)) +
13916  1/sqrt(power(x('47') -
13917  x('50'), 2) +
13918  power(x('147') -
13919  x('150'), 2) +
13920  power(x('247') -
13921  x('250'), 2)) +
13922  1/sqrt(power(x('45') -
13923  x('52'), 2) +
13924  power(x('145') -
13925  x('152'), 2) +
13926  power(x('245') -
13927  x('252'), 2)) +
13928  1/sqrt(power(x('46') -
13929  x('51'), 2) +
13930  power(x('146') -
13931  x('151'), 2) +
13932  power(x('246') -
13933  x('251'), 2)) +
13934  1/sqrt(power(x('40') -
13935  x('58'), 2) +
13936  power(x('140') -
13937  x('158'), 2) +
13938  power(x('240') -
13939  x('258'), 2)) +
13940  1/sqrt(power(x('39') -
13941  x('59'), 2) +
13942  power(x('139') -
13943  x('159'), 2) +
13944  power(x('239') -
13945  x('259'), 2)) +
13946  1/sqrt(power(x('36') -
13947  x('62'), 2) +
13948  power(x('136') -
13949  x('162'), 2) +
13950  power(x('236') -
13951  x('262'), 2)) +
13952  1/sqrt(power(x('37') -
13953  x('61'), 2) +
13954  power(x('137') -
13955  x('161'), 2) +
13956  power(x('237') -
13957  x('261'), 2)) +
13958  1/sqrt(power(x('47') -
13959  x('51'), 2) +
13960  power(x('147') -
13961  x('151'), 2) +
13962  power(x('247') -
13963  x('251'), 2)) +
13964  1/sqrt(power(x('41') -
13965  x('57'), 2) +
13966  power(x('141') -
13967  x('157'), 2) +
13968  power(x('241') -
13969  x('257'), 2)) +
13970  1/sqrt(power(x('9') -
13971  x('89'), 2) +
13972  power(x('109') -
13973  x('189'), 2) +
13974  power(x('209') -
13975  x('289'), 2)) +
13976  1/sqrt(power(x('11') -
13977  x('87'), 2) +
13978  power(x('111') -
13979  x('187'), 2) +
13980  power(x('211') -
13981  x('287'), 2)) +
13982  1/sqrt(power(x('48') -
13983  x('50'), 2) +
13984  power(x('148') -
13985  x('150'), 2) +
13986  power(x('248') -
13987  x('250'), 2)) +
13988  1/sqrt(power(x('23') -
13989  x('75'), 2) +
13990  power(x('123') -
13991  x('175'), 2) +
13992  power(x('223') -
13993  x('275'), 2)) +
13994  1/sqrt(power(x('22') -
13995  x('76'), 2) +
13996  power(x('122') -
13997  x('176'), 2) +
13998  power(x('222') -
13999  x('276'), 2)) +
14000  1/sqrt(power(x('46') -
14001  x('52'), 2) +
14002  power(x('146') -
14003  x('152'), 2) +
14004  power(x('246') -
14005  x('252'), 2)) +
14006  1/sqrt(power(x('35') -
14007  x('63'), 2) +
14008  power(x('135') -
14009  x('163'), 2) +
14010  power(x('235') -
14011  x('263'), 2)) +
14012  1/sqrt(power(x('10') -
14013  x('88'), 2) +
14014  power(x('110') -
14015  x('188'), 2) +
14016  power(x('210') -
14017  x('288'), 2)) +
14018  1/sqrt(power(x('43') -
14019  x('55'), 2) +
14020  power(x('143') -
14021  x('155'), 2) +
14022  power(x('243') -
14023  x('255'), 2)) +
14024  1/sqrt(power(x('27') -
14025  x('71'), 2) +
14026  power(x('127') -
14027  x('171'), 2) +
14028  power(x('227') -
14029  x('271'), 2)) +
14030  1/sqrt(power(x('28') -
14031  x('70'), 2) +
14032  power(x('128') -
14033  x('170'), 2) +
14034  power(x('228') -
14035  x('270'), 2)) +
14036  1/sqrt(power(x('38') -
14037  x('60'), 2) +
14038  power(x('138') -
14039  x('160'), 2) +
14040  power(x('238') -
14041  x('260'), 2)) +
14042  1/sqrt(power(x('44') -
14043  x('54'), 2) +
14044  power(x('144') -
14045  x('154'), 2) +
14046  power(x('244') -
14047  x('254'), 2)) +
14048  1/sqrt(power(x('30') -
14049  x('68'), 2) +
14050  power(x('130') -
14051  x('168'), 2) +
14052  power(x('230') -
14053  x('268'), 2)) +
14054  1/sqrt(power(x('25') -
14055  x('73'), 2) +
14056  power(x('125') -
14057  x('173'), 2) +
14058  power(x('225') -
14059  x('273'), 2)) +
14060  1/sqrt(power(x('2') -
14061  x('96'), 2) +
14062  power(x('102') -
14063  x('196'), 2) +
14064  power(x('202') -
14065  x('296'), 2)) +
14066  1/sqrt(power(x('13') -
14067  x('85'), 2) +
14068  power(x('113') -
14069  x('185'), 2) +
14070  power(x('213') -
14071  x('285'), 2)) +
14072  1/sqrt(power(x('12') -
14073  x('86'), 2) +
14074  power(x('112') -
14075  x('186'), 2) +
14076  power(x('212') -
14077  x('286'), 2)) +
14078  1/sqrt(power(x('8') -
14079  x('90'), 2) +
14080  power(x('108') -
14081  x('190'), 2) +
14082  power(x('208') -
14083  x('290'), 2)) +
14084  1/sqrt(power(x('20') -
14085  x('78'), 2) +
14086  power(x('120') -
14087  x('178'), 2) +
14088  power(x('220') -
14089  x('278'), 2)) +
14090  1/sqrt(power(x('31') -
14091  x('67'), 2) +
14092  power(x('131') -
14093  x('167'), 2) +
14094  power(x('231') -
14095  x('267'), 2)) +
14096  1/sqrt(power(x('42') -
14097  x('56'), 2) +
14098  power(x('142') -
14099  x('156'), 2) +
14100  power(x('242') -
14101  x('256'), 2)) +
14102  1/sqrt(power(x('7') -
14103  x('91'), 2) +
14104  power(x('107') -
14105  x('191'), 2) +
14106  power(x('207') -
14107  x('291'), 2)) +
14108  1/sqrt(power(x('24') -
14109  x('74'), 2) +
14110  power(x('124') -
14111  x('174'), 2) +
14112  power(x('224') -
14113  x('274'), 2)) +
14114  1/sqrt(power(x('21') -
14115  x('77'), 2) +
14116  power(x('121') -
14117  x('177'), 2) +
14118  power(x('221') -
14119  x('277'), 2)) +
14120  1/sqrt(power(x('45') -
14121  x('53'), 2) +
14122  power(x('145') -
14123  x('153'), 2) +
14124  power(x('245') -
14125  x('253'), 2)) +
14126  1/sqrt(power(x('26') -
14127  x('72'), 2) +
14128  power(x('126') -
14129  x('172'), 2) +
14130  power(x('226') -
14131  x('272'), 2)) +
14132  1/sqrt(power(x('29') -
14133  x('69'), 2) +
14134  power(x('129') -
14135  x('169'), 2) +
14136  power(x('229') -
14137  x('269'), 2)) +
14138  1/sqrt(power(x('18') -
14139  x('80'), 2) +
14140  power(x('118') -
14141  x('180'), 2) +
14142  power(x('218') -
14143  x('280'), 2)) +
14144  1/sqrt(power(x('33') -
14145  x('65'), 2) +
14146  power(x('133') -
14147  x('165'), 2) +
14148  power(x('233') -
14149  x('265'), 2)) +
14150  1/sqrt(power(x('34') -
14151  x('64'), 2) +
14152  power(x('134') -
14153  x('164'), 2) +
14154  power(x('234') -
14155  x('264'), 2)) +
14156  1/sqrt(power(x('3') -
14157  x('95'), 2) +
14158  power(x('103') -
14159  x('195'), 2) +
14160  power(x('203') -
14161  x('295'), 2)) +
14162  1/sqrt(power(x('1') -
14163  x('97'), 2) +
14164  power(x('101') -
14165  x('197'), 2) +
14166  power(x('201') -
14167  x('297'), 2)) +
14168  1/sqrt(power(x('16') -
14169  x('82'), 2) +
14170  power(x('116') -
14171  x('182'), 2) +
14172  power(x('216') -
14173  x('282'), 2)) +
14174  1/sqrt(power(x('19') -
14175  x('79'), 2) +
14176  power(x('119') -
14177  x('179'), 2) +
14178  power(x('219') -
14179  x('279'), 2)) +
14180  1/sqrt(power(x('4') -
14181  x('94'), 2) +
14182  power(x('104') -
14183  x('194'), 2) +
14184  power(x('204') -
14185  x('294'), 2)) +
14186  1/sqrt(power(x('32') -
14187  x('66'), 2) +
14188  power(x('132') -
14189  x('166'), 2) +
14190  power(x('232') -
14191  x('266'), 2)) +
14192  1/sqrt(power(x('17') -
14193  x('81'), 2) +
14194  power(x('117') -
14195  x('181'), 2) +
14196  power(x('217') -
14197  x('281'), 2)) +
14198  1/sqrt(power(x('14') -
14199  x('84'), 2) +
14200  power(x('114') -
14201  x('184'), 2) +
14202  power(x('214') -
14203  x('284'), 2)) +
14204  1/sqrt(power(x('15') -
14205  x('83'), 2) +
14206  power(x('115') -
14207  x('183'), 2) +
14208  power(x('215') -
14209  x('283'), 2)) +
14210  1/sqrt(power(x('6') -
14211  x('92'), 2) +
14212  power(x('106') -
14213  x('192'), 2) +
14214  power(x('206') -
14215  x('292'), 2)) +
14216  1/sqrt(power(x('5') -
14217  x('93'), 2) +
14218  power(x('105') -
14219  x('193'), 2) +
14220  power(x('205') -
14221  x('293'), 2)) +
14222  1/sqrt(power(x('46') -
14223  x('53'), 2) +
14224  power(x('146') -
14225  x('153'), 2) +
14226  power(x('246') -
14227  x('253'), 2)) +
14228  1/sqrt(power(x('45') -
14229  x('54'), 2) +
14230  power(x('145') -
14231  x('154'), 2) +
14232  power(x('245') -
14233  x('254'), 2)) +
14234  1/sqrt(power(x('35') -
14235  x('64'), 2) +
14236  power(x('135') -
14237  x('164'), 2) +
14238  power(x('235') -
14239  x('264'), 2)) +
14240  1/sqrt(power(x('47') -
14241  x('52'), 2) +
14242  power(x('147') -
14243  x('152'), 2) +
14244  power(x('247') -
14245  x('252'), 2)) +
14246  1/sqrt(power(x('34') -
14247  x('65'), 2) +
14248  power(x('134') -
14249  x('165'), 2) +
14250  power(x('234') -
14251  x('265'), 2)) +
14252  1/sqrt(power(x('44') -
14253  x('55'), 2) +
14254  power(x('144') -
14255  x('155'), 2) +
14256  power(x('244') -
14257  x('255'), 2)) +
14258  1/sqrt(power(x('36') -
14259  x('63'), 2) +
14260  power(x('136') -
14261  x('163'), 2) +
14262  power(x('236') -
14263  x('263'), 2)) +
14264  1/sqrt(power(x('49') -
14265  x('50'), 2) +
14266  power(x('149') -
14267  x('150'), 2) +
14268  power(x('249') -
14269  x('250'), 2)) +
14270  1/sqrt(power(x('32') -
14271  x('67'), 2) +
14272  power(x('132') -
14273  x('167'), 2) +
14274  power(x('232') -
14275  x('267'), 2)) +
14276  1/sqrt(power(x('21') -
14277  x('78'), 2) +
14278  power(x('121') -
14279  x('178'), 2) +
14280  power(x('221') -
14281  x('278'), 2)) +
14282  1/sqrt(power(x('31') -
14283  x('68'), 2) +
14284  power(x('131') -
14285  x('168'), 2) +
14286  power(x('231') -
14287  x('268'), 2)) +
14288  1/sqrt(power(x('19') -
14289  x('80'), 2) +
14290  power(x('119') -
14291  x('180'), 2) +
14292  power(x('219') -
14293  x('280'), 2)) +
14294  1/sqrt(power(x('42') -
14295  x('57'), 2) +
14296  power(x('142') -
14297  x('157'), 2) +
14298  power(x('242') -
14299  x('257'), 2)) +
14300  1/sqrt(power(x('38') -
14301  x('61'), 2) +
14302  power(x('138') -
14303  x('161'), 2) +
14304  power(x('238') -
14305  x('261'), 2)) +
14306  1/sqrt(power(x('29') -
14307  x('70'), 2) +
14308  power(x('129') -
14309  x('170'), 2) +
14310  power(x('229') -
14311  x('270'), 2)) +
14312  1/sqrt(power(x('48') -
14313  x('51'), 2) +
14314  power(x('148') -
14315  x('151'), 2) +
14316  power(x('248') -
14317  x('251'), 2)) +
14318  1/sqrt(power(x('33') -
14319  x('66'), 2) +
14320  power(x('133') -
14321  x('166'), 2) +
14322  power(x('233') -
14323  x('266'), 2)) +
14324  1/sqrt(power(x('17') -
14325  x('82'), 2) +
14326  power(x('117') -
14327  x('182'), 2) +
14328  power(x('217') -
14329  x('282'), 2)) +
14330  1/sqrt(power(x('39') -
14331  x('60'), 2) +
14332  power(x('139') -
14333  x('160'), 2) +
14334  power(x('239') -
14335  x('260'), 2)) +
14336  1/sqrt(power(x('41') -
14337  x('58'), 2) +
14338  power(x('141') -
14339  x('158'), 2) +
14340  power(x('241') -
14341  x('258'), 2)) +
14342  1/sqrt(power(x('4') -
14343  x('95'), 2) +
14344  power(x('104') -
14345  x('195'), 2) +
14346  power(x('204') -
14347  x('295'), 2)) +
14348  1/sqrt(power(x('28') -
14349  x('71'), 2) +
14350  power(x('128') -
14351  x('171'), 2) +
14352  power(x('228') -
14353  x('271'), 2)) +
14354  1/sqrt(power(x('20') -
14355  x('79'), 2) +
14356  power(x('120') -
14357  x('179'), 2) +
14358  power(x('220') -
14359  x('279'), 2)) +
14360  1/sqrt(power(x('15') -
14361  x('84'), 2) +
14362  power(x('115') -
14363  x('184'), 2) +
14364  power(x('215') -
14365  x('284'), 2)) +
14366  1/sqrt(power(x('43') -
14367  x('56'), 2) +
14368  power(x('143') -
14369  x('156'), 2) +
14370  power(x('243') -
14371  x('256'), 2)) +
14372  1/sqrt(power(x('37') -
14373  x('62'), 2) +
14374  power(x('137') -
14375  x('162'), 2) +
14376  power(x('237') -
14377  x('262'), 2)) +
14378  1/sqrt(power(x('30') -
14379  x('69'), 2) +
14380  power(x('130') -
14381  x('169'), 2) +
14382  power(x('230') -
14383  x('269'), 2)) +
14384  1/sqrt(power(x('18') -
14385  x('81'), 2) +
14386  power(x('118') -
14387  x('181'), 2) +
14388  power(x('218') -
14389  x('281'), 2)) +
14390  1/sqrt(power(x('24') -
14391  x('75'), 2) +
14392  power(x('124') -
14393  x('175'), 2) +
14394  power(x('224') -
14395  x('275'), 2)) +
14396  1/sqrt(power(x('16') -
14397  x('83'), 2) +
14398  power(x('116') -
14399  x('183'), 2) +
14400  power(x('216') -
14401  x('283'), 2)) +
14402  1/sqrt(power(x('23') -
14403  x('76'), 2) +
14404  power(x('123') -
14405  x('176'), 2) +
14406  power(x('223') -
14407  x('276'), 2)) +
14408  1/sqrt(power(x('13') -
14409  x('86'), 2) +
14410  power(x('113') -
14411  x('186'), 2) +
14412  power(x('213') -
14413  x('286'), 2)) +
14414  1/sqrt(power(x('40') -
14415  x('59'), 2) +
14416  power(x('140') -
14417  x('159'), 2) +
14418  power(x('240') -
14419  x('259'), 2)) +
14420  1/sqrt(power(x('26') -
14421  x('73'), 2) +
14422  power(x('126') -
14423  x('173'), 2) +
14424  power(x('226') -
14425  x('273'), 2)) +
14426  1/sqrt(power(x('1') -
14427  x('98'), 2) +
14428  power(x('101') -
14429  x('198'), 2) +
14430  power(x('201') -
14431  x('298'), 2)) +
14432  1/sqrt(power(x('3') -
14433  x('96'), 2) +
14434  power(x('103') -
14435  x('196'), 2) +
14436  power(x('203') -
14437  x('296'), 2)) +
14438  1/sqrt(power(x('5') -
14439  x('94'), 2) +
14440  power(x('105') -
14441  x('194'), 2) +
14442  power(x('205') -
14443  x('294'), 2)) +
14444  1/sqrt(power(x('14') -
14445  x('85'), 2) +
14446  power(x('114') -
14447  x('185'), 2) +
14448  power(x('214') -
14449  x('285'), 2)) +
14450  1/sqrt(power(x('6') -
14451  x('93'), 2) +
14452  power(x('106') -
14453  x('193'), 2) +
14454  power(x('206') -
14455  x('293'), 2)) +
14456  1/sqrt(power(x('2') -
14457  x('97'), 2) +
14458  power(x('102') -
14459  x('197'), 2) +
14460  power(x('202') -
14461  x('297'), 2)) +
14462  1/sqrt(power(x('10') -
14463  x('89'), 2) +
14464  power(x('110') -
14465  x('189'), 2) +
14466  power(x('210') -
14467  x('289'), 2)) +
14468  1/sqrt(power(x('27') -
14469  x('72'), 2) +
14470  power(x('127') -
14471  x('172'), 2) +
14472  power(x('227') -
14473  x('272'), 2)) +
14474  1/sqrt(power(x('25') -
14475  x('74'), 2) +
14476  power(x('125') -
14477  x('174'), 2) +
14478  power(x('225') -
14479  x('274'), 2)) +
14480  1/sqrt(power(x('9') -
14481  x('90'), 2) +
14482  power(x('109') -
14483  x('190'), 2) +
14484  power(x('209') -
14485  x('290'), 2)) +
14486  1/sqrt(power(x('22') -
14487  x('77'), 2) +
14488  power(x('122') -
14489  x('177'), 2) +
14490  power(x('222') -
14491  x('277'), 2)) +
14492  1/sqrt(power(x('12') -
14493  x('87'), 2) +
14494  power(x('112') -
14495  x('187'), 2) +
14496  power(x('212') -
14497  x('287'), 2)) +
14498  1/sqrt(power(x('11') -
14499  x('88'), 2) +
14500  power(x('111') -
14501  x('188'), 2) +
14502  power(x('211') -
14503  x('288'), 2)) +
14504  1/sqrt(power(x('7') -
14505  x('92'), 2) +
14506  power(x('107') -
14507  x('192'), 2) +
14508  power(x('207') -
14509  x('292'), 2)) +
14510  1/sqrt(power(x('8') -
14511  x('91'), 2) +
14512  power(x('108') -
14513  x('191'), 2) +
14514  power(x('208') -
14515  x('291'), 2)) +
14516  1/sqrt(power(x('44') -
14517  x('56'), 2) +
14518  power(x('144') -
14519  x('156'), 2) +
14520  power(x('244') -
14521  x('256'), 2)) +
14522  1/sqrt(power(x('30') -
14523  x('70'), 2) +
14524  power(x('130') -
14525  x('170'), 2) +
14526  power(x('230') -
14527  x('270'), 2)) +
14528  1/sqrt(power(x('48') -
14529  x('52'), 2) +
14530  power(x('148') -
14531  x('152'), 2) +
14532  power(x('248') -
14533  x('252'), 2)) +
14534  1/sqrt(power(x('4') -
14535  x('96'), 2) +
14536  power(x('104') -
14537  x('196'), 2) +
14538  power(x('204') -
14539  x('296'), 2)) +
14540  1/sqrt(power(x('40') -
14541  x('60'), 2) +
14542  power(x('140') -
14543  x('160'), 2) +
14544  power(x('240') -
14545  x('260'), 2)) +
14546  1/sqrt(power(x('43') -
14547  x('57'), 2) +
14548  power(x('143') -
14549  x('157'), 2) +
14550  power(x('243') -
14551  x('257'), 2)) +
14552  1/sqrt(power(x('31') -
14553  x('69'), 2) +
14554  power(x('131') -
14555  x('169'), 2) +
14556  power(x('231') -
14557  x('269'), 2)) +
14558  1/sqrt(power(x('45') -
14559  x('55'), 2) +
14560  power(x('145') -
14561  x('155'), 2) +
14562  power(x('245') -
14563  x('255'), 2)) +
14564  1/sqrt(power(x('41') -
14565  x('59'), 2) +
14566  power(x('141') -
14567  x('159'), 2) +
14568  power(x('241') -
14569  x('259'), 2)) +
14570  1/sqrt(power(x('47') -
14571  x('53'), 2) +
14572  power(x('147') -
14573  x('153'), 2) +
14574  power(x('247') -
14575  x('253'), 2)) +
14576  1/sqrt(power(x('49') -
14577  x('51'), 2) +
14578  power(x('149') -
14579  x('151'), 2) +
14580  power(x('249') -
14581  x('251'), 2)) +
14582  1/sqrt(power(x('39') -
14583  x('61'), 2) +
14584  power(x('139') -
14585  x('161'), 2) +
14586  power(x('239') -
14587  x('261'), 2)) +
14588  1/sqrt(power(x('33') -
14589  x('67'), 2) +
14590  power(x('133') -
14591  x('167'), 2) +
14592  power(x('233') -
14593  x('267'), 2)) +
14594  1/sqrt(power(x('34') -
14595  x('66'), 2) +
14596  power(x('134') -
14597  x('166'), 2) +
14598  power(x('234') -
14599  x('266'), 2)) +
14600  1/sqrt(power(x('37') -
14601  x('63'), 2) +
14602  power(x('137') -
14603  x('163'), 2) +
14604  power(x('237') -
14605  x('263'), 2)) +
14606  1/sqrt(power(x('9') -
14607  x('91'), 2) +
14608  power(x('109') -
14609  x('191'), 2) +
14610  power(x('209') -
14611  x('291'), 2)) +
14612  1/sqrt(power(x('36') -
14613  x('64'), 2) +
14614  power(x('136') -
14615  x('164'), 2) +
14616  power(x('236') -
14617  x('264'), 2)) +
14618  1/sqrt(power(x('22') -
14619  x('78'), 2) +
14620  power(x('122') -
14621  x('178'), 2) +
14622  power(x('222') -
14623  x('278'), 2)) +
14624  1/sqrt(power(x('2') -
14625  x('98'), 2) +
14626  power(x('102') -
14627  x('198'), 2) +
14628  power(x('202') -
14629  x('298'), 2)) +
14630  1/sqrt(power(x('42') -
14631  x('58'), 2) +
14632  power(x('142') -
14633  x('158'), 2) +
14634  power(x('242') -
14635  x('258'), 2)) +
14636  1/sqrt(power(x('46') -
14637  x('54'), 2) +
14638  power(x('146') -
14639  x('154'), 2) +
14640  power(x('246') -
14641  x('254'), 2)) +
14642  1/sqrt(power(x('23') -
14643  x('77'), 2) +
14644  power(x('123') -
14645  x('177'), 2) +
14646  power(x('223') -
14647  x('277'), 2)) +
14648  1/sqrt(power(x('6') -
14649  x('94'), 2) +
14650  power(x('106') -
14651  x('194'), 2) +
14652  power(x('206') -
14653  x('294'), 2)) +
14654  1/sqrt(power(x('32') -
14655  x('68'), 2) +
14656  power(x('132') -
14657  x('168'), 2) +
14658  power(x('232') -
14659  x('268'), 2)) +
14660  1/sqrt(power(x('11') -
14661  x('89'), 2) +
14662  power(x('111') -
14663  x('189'), 2) +
14664  power(x('211') -
14665  x('289'), 2)) +
14666  1/sqrt(power(x('20') -
14667  x('80'), 2) +
14668  power(x('120') -
14669  x('180'), 2) +
14670  power(x('220') -
14671  x('280'), 2)) +
14672  1/sqrt(power(x('38') -
14673  x('62'), 2) +
14674  power(x('138') -
14675  x('162'), 2) +
14676  power(x('238') -
14677  x('262'), 2)) +
14678  1/sqrt(power(x('10') -
14679  x('90'), 2) +
14680  power(x('110') -
14681  x('190'), 2) +
14682  power(x('210') -
14683  x('290'), 2)) +
14684  1/sqrt(power(x('18') -
14685  x('82'), 2) +
14686  power(x('118') -
14687  x('182'), 2) +
14688  power(x('218') -
14689  x('282'), 2)) +
14690  1/sqrt(power(x('16') -
14691  x('84'), 2) +
14692  power(x('116') -
14693  x('184'), 2) +
14694  power(x('216') -
14695  x('284'), 2)) +
14696  1/sqrt(power(x('35') -
14697  x('65'), 2) +
14698  power(x('135') -
14699  x('165'), 2) +
14700  power(x('235') -
14701  x('265'), 2)) +
14702  1/sqrt(power(x('14') -
14703  x('86'), 2) +
14704  power(x('114') -
14705  x('186'), 2) +
14706  power(x('214') -
14707  x('286'), 2)) +
14708  1/sqrt(power(x('8') -
14709  x('92'), 2) +
14710  power(x('108') -
14711  x('192'), 2) +
14712  power(x('208') -
14713  x('292'), 2)) +
14714  1/sqrt(power(x('27') -
14715  x('73'), 2) +
14716  power(x('127') -
14717  x('173'), 2) +
14718  power(x('227') -
14719  x('273'), 2)) +
14720  1/sqrt(power(x('1') -
14721  x('99'), 2) +
14722  power(x('101') -
14723  x('199'), 2) +
14724  power(x('201') -
14725  x('299'), 2)) +
14726  1/sqrt(power(x('7') -
14727  x('93'), 2) +
14728  power(x('107') -
14729  x('193'), 2) +
14730  power(x('207') -
14731  x('293'), 2)) +
14732  1/sqrt(power(x('21') -
14733  x('79'), 2) +
14734  power(x('121') -
14735  x('179'), 2) +
14736  power(x('221') -
14737  x('279'), 2)) +
14738  1/sqrt(power(x('28') -
14739  x('72'), 2) +
14740  power(x('128') -
14741  x('172'), 2) +
14742  power(x('228') -
14743  x('272'), 2)) +
14744  1/sqrt(power(x('25') -
14745  x('75'), 2) +
14746  power(x('125') -
14747  x('175'), 2) +
14748  power(x('225') -
14749  x('275'), 2)) +
14750  1/sqrt(power(x('3') -
14751  x('97'), 2) +
14752  power(x('103') -
14753  x('197'), 2) +
14754  power(x('203') -
14755  x('297'), 2)) +
14756  1/sqrt(power(x('5') -
14757  x('95'), 2) +
14758  power(x('105') -
14759  x('195'), 2) +
14760  power(x('205') -
14761  x('295'), 2)) +
14762  1/sqrt(power(x('19') -
14763  x('81'), 2) +
14764  power(x('119') -
14765  x('181'), 2) +
14766  power(x('219') -
14767  x('281'), 2)) +
14768  1/sqrt(power(x('17') -
14769  x('83'), 2) +
14770  power(x('117') -
14771  x('183'), 2) +
14772  power(x('217') -
14773  x('283'), 2)) +
14774  1/sqrt(power(x('15') -
14775  x('85'), 2) +
14776  power(x('115') -
14777  x('185'), 2) +
14778  power(x('215') -
14779  x('285'), 2)) +
14780  1/sqrt(power(x('24') -
14781  x('76'), 2) +
14782  power(x('124') -
14783  x('176'), 2) +
14784  power(x('224') -
14785  x('276'), 2)) +
14786  1/sqrt(power(x('12') -
14787  x('88'), 2) +
14788  power(x('112') -
14789  x('188'), 2) +
14790  power(x('212') -
14791  x('288'), 2)) +
14792  1/sqrt(power(x('13') -
14793  x('87'), 2) +
14794  power(x('113') -
14795  x('187'), 2) +
14796  power(x('213') -
14797  x('287'), 2)) +
14798  1/sqrt(power(x('26') -
14799  x('74'), 2) +
14800  power(x('126') -
14801  x('174'), 2) +
14802  power(x('226') -
14803  x('274'), 2)) +
14804  1/sqrt(power(x('29') -
14805  x('71'), 2) +
14806  power(x('129') -
14807  x('171'), 2) +
14808  power(x('229') -
14809  x('271'), 2)) +
14810  1/sqrt(power(x('35') -
14811  x('66'), 2) +
14812  power(x('135') -
14813  x('166'), 2) +
14814  power(x('235') -
14815  x('266'), 2)) +
14816  1/sqrt(power(x('42') -
14817  x('59'), 2) +
14818  power(x('142') -
14819  x('159'), 2) +
14820  power(x('242') -
14821  x('259'), 2)) +
14822  1/sqrt(power(x('43') -
14823  x('58'), 2) +
14824  power(x('143') -
14825  x('158'), 2) +
14826  power(x('243') -
14827  x('258'), 2)) +
14828  1/sqrt(power(x('34') -
14829  x('67'), 2) +
14830  power(x('134') -
14831  x('167'), 2) +
14832  power(x('234') -
14833  x('267'), 2)) +
14834  1/sqrt(power(x('36') -
14835  x('65'), 2) +
14836  power(x('136') -
14837  x('165'), 2) +
14838  power(x('236') -
14839  x('265'), 2)) +
14840  1/sqrt(power(x('41') -
14841  x('60'), 2) +
14842  power(x('141') -
14843  x('160'), 2) +
14844  power(x('241') -
14845  x('260'), 2)) +
14846  1/sqrt(power(x('32') -
14847  x('69'), 2) +
14848  power(x('132') -
14849  x('169'), 2) +
14850  power(x('232') -
14851  x('269'), 2)) +
14852  1/sqrt(power(x('31') -
14853  x('70'), 2) +
14854  power(x('131') -
14855  x('170'), 2) +
14856  power(x('231') -
14857  x('270'), 2)) +
14858  1/sqrt(power(x('38') -
14859  x('63'), 2) +
14860  power(x('138') -
14861  x('163'), 2) +
14862  power(x('238') -
14863  x('263'), 2)) +
14864  1/sqrt(power(x('39') -
14865  x('62'), 2) +
14866  power(x('139') -
14867  x('162'), 2) +
14868  power(x('239') -
14869  x('262'), 2)) +
14870  1/sqrt(power(x('50') -
14871  x('51'), 2) +
14872  power(x('150') -
14873  x('151'), 2) +
14874  power(x('250') -
14875  x('251'), 2)) +
14876  1/sqrt(power(x('44') -
14877  x('57'), 2) +
14878  power(x('144') -
14879  x('157'), 2) +
14880  power(x('244') -
14881  x('257'), 2)) +
14882  1/sqrt(power(x('29') -
14883  x('72'), 2) +
14884  power(x('129') -
14885  x('172'), 2) +
14886  power(x('229') -
14887  x('272'), 2)) +
14888  1/sqrt(power(x('23') -
14889  x('78'), 2) +
14890  power(x('123') -
14891  x('178'), 2) +
14892  power(x('223') -
14893  x('278'), 2)) +
14894  1/sqrt(power(x('24') -
14895  x('77'), 2) +
14896  power(x('124') -
14897  x('177'), 2) +
14898  power(x('224') -
14899  x('277'), 2)) +
14900  1/sqrt(power(x('28') -
14901  x('73'), 2) +
14902  power(x('128') -
14903  x('173'), 2) +
14904  power(x('228') -
14905  x('273'), 2)) +
14906  1/sqrt(power(x('33') -
14907  x('68'), 2) +
14908  power(x('133') -
14909  x('168'), 2) +
14910  power(x('233') -
14911  x('268'), 2)) +
14912  1/sqrt(power(x('10') -
14913  x('91'), 2) +
14914  power(x('110') -
14915  x('191'), 2) +
14916  power(x('210') -
14917  x('291'), 2)) +
14918  1/sqrt(power(x('15') -
14919  x('86'), 2) +
14920  power(x('115') -
14921  x('186'), 2) +
14922  power(x('215') -
14923  x('286'), 2)) +
14924  1/sqrt(power(x('8') -
14925  x('93'), 2) +
14926  power(x('108') -
14927  x('193'), 2) +
14928  power(x('208') -
14929  x('293'), 2)) +
14930  1/sqrt(power(x('37') -
14931  x('64'), 2) +
14932  power(x('137') -
14933  x('164'), 2) +
14934  power(x('237') -
14935  x('264'), 2)) +
14936  1/sqrt(power(x('49') -
14937  x('52'), 2) +
14938  power(x('149') -
14939  x('152'), 2) +
14940  power(x('249') -
14941  x('252'), 2)) +
14942  1/sqrt(power(x('40') -
14943  x('61'), 2) +
14944  power(x('140') -
14945  x('161'), 2) +
14946  power(x('240') -
14947  x('261'), 2)) +
14948  1/sqrt(power(x('17') -
14949  x('84'), 2) +
14950  power(x('117') -
14951  x('184'), 2) +
14952  power(x('217') -
14953  x('284'), 2)) +
14954  1/sqrt(power(x('13') -
14955  x('88'), 2) +
14956  power(x('113') -
14957  x('188'), 2) +
14958  power(x('213') -
14959  x('288'), 2)) +
14960  1/sqrt(power(x('4') -
14961  x('97'), 2) +
14962  power(x('104') -
14963  x('197'), 2) +
14964  power(x('204') -
14965  x('297'), 2)) +
14966  1/sqrt(power(x('30') -
14967  x('71'), 2) +
14968  power(x('130') -
14969  x('171'), 2) +
14970  power(x('230') -
14971  x('271'), 2)) +
14972  1/sqrt(power(x('21') -
14973  x('80'), 2) +
14974  power(x('121') -
14975  x('180'), 2) +
14976  power(x('221') -
14977  x('280'), 2)) +
14978  1/sqrt(power(x('26') -
14979  x('75'), 2) +
14980  power(x('126') -
14981  x('175'), 2) +
14982  power(x('226') -
14983  x('275'), 2)) +
14984  1/sqrt(power(x('19') -
14985  x('82'), 2) +
14986  power(x('119') -
14987  x('182'), 2) +
14988  power(x('219') -
14989  x('282'), 2)) +
14990  1/sqrt(power(x('46') -
14991  x('55'), 2) +
14992  power(x('146') -
14993  x('155'), 2) +
14994  power(x('246') -
14995  x('255'), 2)) +
14996  1/sqrt(power(x('9') -
14997  x('92'), 2) +
14998  power(x('109') -
14999  x('192'), 2) +
15000  power(x('209') -
15001  x('292'), 2)) +
15002  1/sqrt(power(x('47') -
15003  x('54'), 2) +
15004  power(x('147') -
15005  x('154'), 2) +
15006  power(x('247') -
15007  x('254'), 2)) +
15008  1/sqrt(power(x('14') -
15009  x('87'), 2) +
15010  power(x('114') -
15011  x('187'), 2) +
15012  power(x('214') -
15013  x('287'), 2)) +
15014  1/sqrt(power(x('16') -
15015  x('85'), 2) +
15016  power(x('116') -
15017  x('185'), 2) +
15018  power(x('216') -
15019  x('285'), 2)) +
15020  1/sqrt(power(x('22') -
15021  x('79'), 2) +
15022  power(x('122') -
15023  x('179'), 2) +
15024  power(x('222') -
15025  x('279'), 2)) +
15026  1/sqrt(power(x('1') -
15027  x('100'), 2) +
15028  power(x('101') -
15029  x('200'), 2) +
15030  power(x('201') -
15031  x('300'), 2)) +
15032  1/sqrt(power(x('25') -
15033  x('76'), 2) +
15034  power(x('125') -
15035  x('176'), 2) +
15036  power(x('225') -
15037  x('276'), 2)) +
15038  1/sqrt(power(x('27') -
15039  x('74'), 2) +
15040  power(x('127') -
15041  x('174'), 2) +
15042  power(x('227') -
15043  x('274'), 2)) +
15044  1/sqrt(power(x('18') -
15045  x('83'), 2) +
15046  power(x('118') -
15047  x('183'), 2) +
15048  power(x('218') -
15049  x('283'), 2)) +
15050  1/sqrt(power(x('45') -
15051  x('56'), 2) +
15052  power(x('145') -
15053  x('156'), 2) +
15054  power(x('245') -
15055  x('256'), 2)) +
15056  1/sqrt(power(x('3') -
15057  x('98'), 2) +
15058  power(x('103') -
15059  x('198'), 2) +
15060  power(x('203') -
15061  x('298'), 2)) +
15062  1/sqrt(power(x('20') -
15063  x('81'), 2) +
15064  power(x('120') -
15065  x('181'), 2) +
15066  power(x('220') -
15067  x('281'), 2)) +
15068  1/sqrt(power(x('11') -
15069  x('90'), 2) +
15070  power(x('111') -
15071  x('190'), 2) +
15072  power(x('211') -
15073  x('290'), 2)) +
15074  1/sqrt(power(x('12') -
15075  x('89'), 2) +
15076  power(x('112') -
15077  x('189'), 2) +
15078  power(x('212') -
15079  x('289'), 2)) +
15080  1/sqrt(power(x('2') -
15081  x('99'), 2) +
15082  power(x('102') -
15083  x('199'), 2) +
15084  power(x('202') -
15085  x('299'), 2)) +
15086  1/sqrt(power(x('7') -
15087  x('94'), 2) +
15088  power(x('107') -
15089  x('194'), 2) +
15090  power(x('207') -
15091  x('294'), 2)) +
15092  1/sqrt(power(x('48') -
15093  x('53'), 2) +
15094  power(x('148') -
15095  x('153'), 2) +
15096  power(x('248') -
15097  x('253'), 2)) +
15098  1/sqrt(power(x('5') -
15099  x('96'), 2) +
15100  power(x('105') -
15101  x('196'), 2) +
15102  power(x('205') -
15103  x('296'), 2)) +
15104  1/sqrt(power(x('6') -
15105  x('95'), 2) +
15106  power(x('106') -
15107  x('195'), 2) +
15108  power(x('206') -
15109  x('295'), 2)) +
15110  1/sqrt(power(x('2') -
15111  x('100'), 2) +
15112  power(x('102') -
15113  x('200'), 2) +
15114  power(x('202') -
15115  x('300'), 2)) +
15116  1/sqrt(power(x('14') -
15117  x('88'), 2) +
15118  power(x('114') -
15119  x('188'), 2) +
15120  power(x('214') -
15121  x('288'), 2)) +
15122  1/sqrt(power(x('6') -
15123  x('96'), 2) +
15124  power(x('106') -
15125  x('196'), 2) +
15126  power(x('206') -
15127  x('296'), 2)) +
15128  1/sqrt(power(x('12') -
15129  x('90'), 2) +
15130  power(x('112') -
15131  x('190'), 2) +
15132  power(x('212') -
15133  x('290'), 2)) +
15134  1/sqrt(power(x('16') -
15135  x('86'), 2) +
15136  power(x('116') -
15137  x('186'), 2) +
15138  power(x('216') -
15139  x('286'), 2)) +
15140  1/sqrt(power(x('3') -
15141  x('99'), 2) +
15142  power(x('103') -
15143  x('199'), 2) +
15144  power(x('203') -
15145  x('299'), 2)) +
15146  1/sqrt(power(x('25') -
15147  x('77'), 2) +
15148  power(x('125') -
15149  x('177'), 2) +
15150  power(x('225') -
15151  x('277'), 2)) +
15152  1/sqrt(power(x('44') -
15153  x('58'), 2) +
15154  power(x('144') -
15155  x('158'), 2) +
15156  power(x('244') -
15157  x('258'), 2)) +
15158  1/sqrt(power(x('9') -
15159  x('93'), 2) +
15160  power(x('109') -
15161  x('193'), 2) +
15162  power(x('209') -
15163  x('293'), 2)) +
15164  1/sqrt(power(x('24') -
15165  x('78'), 2) +
15166  power(x('124') -
15167  x('178'), 2) +
15168  power(x('224') -
15169  x('278'), 2)) +
15170  1/sqrt(power(x('27') -
15171  x('75'), 2) +
15172  power(x('127') -
15173  x('175'), 2) +
15174  power(x('227') -
15175  x('275'), 2)) +
15176  1/sqrt(power(x('13') -
15177  x('89'), 2) +
15178  power(x('113') -
15179  x('189'), 2) +
15180  power(x('213') -
15181  x('289'), 2)) +
15182  1/sqrt(power(x('15') -
15183  x('87'), 2) +
15184  power(x('115') -
15185  x('187'), 2) +
15186  power(x('215') -
15187  x('287'), 2)) +
15188  1/sqrt(power(x('5') -
15189  x('97'), 2) +
15190  power(x('105') -
15191  x('197'), 2) +
15192  power(x('205') -
15193  x('297'), 2)) +
15194  1/sqrt(power(x('18') -
15195  x('84'), 2) +
15196  power(x('118') -
15197  x('184'), 2) +
15198  power(x('218') -
15199  x('284'), 2)) +
15200  1/sqrt(power(x('28') -
15201  x('74'), 2) +
15202  power(x('128') -
15203  x('174'), 2) +
15204  power(x('228') -
15205  x('274'), 2)) +
15206  1/sqrt(power(x('4') -
15207  x('98'), 2) +
15208  power(x('104') -
15209  x('198'), 2) +
15210  power(x('204') -
15211  x('298'), 2)) +
15212  1/sqrt(power(x('7') -
15213  x('95'), 2) +
15214  power(x('107') -
15215  x('195'), 2) +
15216  power(x('207') -
15217  x('295'), 2)) +
15218  1/sqrt(power(x('43') -
15219  x('59'), 2) +
15220  power(x('143') -
15221  x('159'), 2) +
15222  power(x('243') -
15223  x('259'), 2)) +
15224  1/sqrt(power(x('8') -
15225  x('94'), 2) +
15226  power(x('108') -
15227  x('194'), 2) +
15228  power(x('208') -
15229  x('294'), 2)) +
15230  1/sqrt(power(x('22') -
15231  x('80'), 2) +
15232  power(x('122') -
15233  x('180'), 2) +
15234  power(x('222') -
15235  x('280'), 2)) +
15236  1/sqrt(power(x('17') -
15237  x('85'), 2) +
15238  power(x('117') -
15239  x('185'), 2) +
15240  power(x('217') -
15241  x('285'), 2)) +
15242  1/sqrt(power(x('20') -
15243  x('82'), 2) +
15244  power(x('120') -
15245  x('182'), 2) +
15246  power(x('220') -
15247  x('282'), 2)) +
15248  1/sqrt(power(x('49') -
15249  x('53'), 2) +
15250  power(x('149') -
15251  x('153'), 2) +
15252  power(x('249') -
15253  x('253'), 2)) +
15254  1/sqrt(power(x('11') -
15255  x('91'), 2) +
15256  power(x('111') -
15257  x('191'), 2) +
15258  power(x('211') -
15259  x('291'), 2)) +
15260  1/sqrt(power(x('26') -
15261  x('76'), 2) +
15262  power(x('126') -
15263  x('176'), 2) +
15264  power(x('226') -
15265  x('276'), 2)) +
15266  1/sqrt(power(x('10') -
15267  x('92'), 2) +
15268  power(x('110') -
15269  x('192'), 2) +
15270  power(x('210') -
15271  x('292'), 2)) +
15272  1/sqrt(power(x('48') -
15273  x('54'), 2) +
15274  power(x('148') -
15275  x('154'), 2) +
15276  power(x('248') -
15277  x('254'), 2)) +
15278  1/sqrt(power(x('40') -
15279  x('62'), 2) +
15280  power(x('140') -
15281  x('162'), 2) +
15282  power(x('240') -
15283  x('262'), 2)) +
15284  1/sqrt(power(x('41') -
15285  x('61'), 2) +
15286  power(x('141') -
15287  x('161'), 2) +
15288  power(x('241') -
15289  x('261'), 2)) +
15290  1/sqrt(power(x('30') -
15291  x('72'), 2) +
15292  power(x('130') -
15293  x('172'), 2) +
15294  power(x('230') -
15295  x('272'), 2)) +
15296  1/sqrt(power(x('23') -
15297  x('79'), 2) +
15298  power(x('123') -
15299  x('179'), 2) +
15300  power(x('223') -
15301  x('279'), 2)) +
15302  1/sqrt(power(x('50') -
15303  x('52'), 2) +
15304  power(x('150') -
15305  x('152'), 2) +
15306  power(x('250') -
15307  x('252'), 2)) +
15308  1/sqrt(power(x('19') -
15309  x('83'), 2) +
15310  power(x('119') -
15311  x('183'), 2) +
15312  power(x('219') -
15313  x('283'), 2)) +
15314  1/sqrt(power(x('31') -
15315  x('71'), 2) +
15316  power(x('131') -
15317  x('171'), 2) +
15318  power(x('231') -
15319  x('271'), 2)) +
15320  1/sqrt(power(x('21') -
15321  x('81'), 2) +
15322  power(x('121') -
15323  x('181'), 2) +
15324  power(x('221') -
15325  x('281'), 2)) +
15326  1/sqrt(power(x('29') -
15327  x('73'), 2) +
15328  power(x('129') -
15329  x('173'), 2) +
15330  power(x('229') -
15331  x('273'), 2)) +
15332  1/sqrt(power(x('47') -
15333  x('55'), 2) +
15334  power(x('147') -
15335  x('155'), 2) +
15336  power(x('247') -
15337  x('255'), 2)) +
15338  1/sqrt(power(x('42') -
15339  x('60'), 2) +
15340  power(x('142') -
15341  x('160'), 2) +
15342  power(x('242') -
15343  x('260'), 2)) +
15344  1/sqrt(power(x('33') -
15345  x('69'), 2) +
15346  power(x('133') -
15347  x('169'), 2) +
15348  power(x('233') -
15349  x('269'), 2)) +
15350  1/sqrt(power(x('34') -
15351  x('68'), 2) +
15352  power(x('134') -
15353  x('168'), 2) +
15354  power(x('234') -
15355  x('268'), 2)) +
15356  1/sqrt(power(x('37') -
15357  x('65'), 2) +
15358  power(x('137') -
15359  x('165'), 2) +
15360  power(x('237') -
15361  x('265'), 2)) +
15362  1/sqrt(power(x('36') -
15363  x('66'), 2) +
15364  power(x('136') -
15365  x('166'), 2) +
15366  power(x('236') -
15367  x('266'), 2)) +
15368  1/sqrt(power(x('45') -
15369  x('57'), 2) +
15370  power(x('145') -
15371  x('157'), 2) +
15372  power(x('245') -
15373  x('257'), 2)) +
15374  1/sqrt(power(x('32') -
15375  x('70'), 2) +
15376  power(x('132') -
15377  x('170'), 2) +
15378  power(x('232') -
15379  x('270'), 2)) +
15380  1/sqrt(power(x('38') -
15381  x('64'), 2) +
15382  power(x('138') -
15383  x('164'), 2) +
15384  power(x('238') -
15385  x('264'), 2)) +
15386  1/sqrt(power(x('46') -
15387  x('56'), 2) +
15388  power(x('146') -
15389  x('156'), 2) +
15390  power(x('246') -
15391  x('256'), 2)) +
15392  1/sqrt(power(x('35') -
15393  x('67'), 2) +
15394  power(x('135') -
15395  x('167'), 2) +
15396  power(x('235') -
15397  x('267'), 2)) +
15398  1/sqrt(power(x('39') -
15399  x('63'), 2) +
15400  power(x('139') -
15401  x('163'), 2) +
15402  power(x('239') -
15403  x('263'), 2)) +
15404  1/sqrt(power(x('40') -
15405  x('63'), 2) +
15406  power(x('140') -
15407  x('163'), 2) +
15408  power(x('240') -
15409  x('263'), 2)) +
15410  1/sqrt(power(x('13') -
15411  x('90'), 2) +
15412  power(x('113') -
15413  x('190'), 2) +
15414  power(x('213') -
15415  x('290'), 2)) +
15416  1/sqrt(power(x('43') -
15417  x('60'), 2) +
15418  power(x('143') -
15419  x('160'), 2) +
15420  power(x('243') -
15421  x('260'), 2)) +
15422  1/sqrt(power(x('42') -
15423  x('61'), 2) +
15424  power(x('142') -
15425  x('161'), 2) +
15426  power(x('242') -
15427  x('261'), 2)) +
15428  1/sqrt(power(x('11') -
15429  x('92'), 2) +
15430  power(x('111') -
15431  x('192'), 2) +
15432  power(x('211') -
15433  x('292'), 2)) +
15434  1/sqrt(power(x('51') -
15435  x('52'), 2) +
15436  power(x('151') -
15437  x('152'), 2) +
15438  power(x('251') -
15439  x('252'), 2)) +
15440  1/sqrt(power(x('35') -
15441  x('68'), 2) +
15442  power(x('135') -
15443  x('168'), 2) +
15444  power(x('235') -
15445  x('268'), 2)) +
15446  1/sqrt(power(x('12') -
15447  x('91'), 2) +
15448  power(x('112') -
15449  x('191'), 2) +
15450  power(x('212') -
15451  x('291'), 2)) +
15452  1/sqrt(power(x('44') -
15453  x('59'), 2) +
15454  power(x('144') -
15455  x('159'), 2) +
15456  power(x('244') -
15457  x('259'), 2)) +
15458  1/sqrt(power(x('47') -
15459  x('56'), 2) +
15460  power(x('147') -
15461  x('156'), 2) +
15462  power(x('247') -
15463  x('256'), 2)) +
15464  1/sqrt(power(x('34') -
15465  x('69'), 2) +
15466  power(x('134') -
15467  x('169'), 2) +
15468  power(x('234') -
15469  x('269'), 2)) +
15470  1/sqrt(power(x('41') -
15471  x('62'), 2) +
15472  power(x('141') -
15473  x('162'), 2) +
15474  power(x('241') -
15475  x('262'), 2)) +
15476  1/sqrt(power(x('3') -
15477  x('100'), 2) +
15478  power(x('103') -
15479  x('200'), 2) +
15480  power(x('203') -
15481  x('300'), 2)) +
15482  1/sqrt(power(x('50') -
15483  x('53'), 2) +
15484  power(x('150') -
15485  x('153'), 2) +
15486  power(x('250') -
15487  x('253'), 2)) +
15488  1/sqrt(power(x('8') -
15489  x('95'), 2) +
15490  power(x('108') -
15491  x('195'), 2) +
15492  power(x('208') -
15493  x('295'), 2)) +
15494  1/sqrt(power(x('46') -
15495  x('57'), 2) +
15496  power(x('146') -
15497  x('157'), 2) +
15498  power(x('246') -
15499  x('257'), 2)) +
15500  1/sqrt(power(x('36') -
15501  x('67'), 2) +
15502  power(x('136') -
15503  x('167'), 2) +
15504  power(x('236') -
15505  x('267'), 2)) +
15506  1/sqrt(power(x('29') -
15507  x('74'), 2) +
15508  power(x('129') -
15509  x('174'), 2) +
15510  power(x('229') -
15511  x('274'), 2)) +
15512  1/sqrt(power(x('28') -
15513  x('75'), 2) +
15514  power(x('128') -
15515  x('175'), 2) +
15516  power(x('228') -
15517  x('275'), 2)) +
15518  1/sqrt(power(x('32') -
15519  x('71'), 2) +
15520  power(x('132') -
15521  x('171'), 2) +
15522  power(x('232') -
15523  x('271'), 2)) +
15524  1/sqrt(power(x('48') -
15525  x('55'), 2) +
15526  power(x('148') -
15527  x('155'), 2) +
15528  power(x('248') -
15529  x('255'), 2)) +
15530  1/sqrt(power(x('31') -
15531  x('72'), 2) +
15532  power(x('131') -
15533  x('172'), 2) +
15534  power(x('231') -
15535  x('272'), 2)) +
15536  1/sqrt(power(x('26') -
15537  x('77'), 2) +
15538  power(x('126') -
15539  x('177'), 2) +
15540  power(x('226') -
15541  x('277'), 2)) +
15542  1/sqrt(power(x('10') -
15543  x('93'), 2) +
15544  power(x('110') -
15545  x('193'), 2) +
15546  power(x('210') -
15547  x('293'), 2)) +
15548  1/sqrt(power(x('25') -
15549  x('78'), 2) +
15550  power(x('125') -
15551  x('178'), 2) +
15552  power(x('225') -
15553  x('278'), 2)) +
15554  1/sqrt(power(x('39') -
15555  x('64'), 2) +
15556  power(x('139') -
15557  x('164'), 2) +
15558  power(x('239') -
15559  x('264'), 2)) +
15560  1/sqrt(power(x('38') -
15561  x('65'), 2) +
15562  power(x('138') -
15563  x('165'), 2) +
15564  power(x('238') -
15565  x('265'), 2)) +
15566  1/sqrt(power(x('5') -
15567  x('98'), 2) +
15568  power(x('105') -
15569  x('198'), 2) +
15570  power(x('205') -
15571  x('298'), 2)) +
15572  1/sqrt(power(x('9') -
15573  x('94'), 2) +
15574  power(x('109') -
15575  x('194'), 2) +
15576  power(x('209') -
15577  x('294'), 2)) +
15578  1/sqrt(power(x('45') -
15579  x('58'), 2) +
15580  power(x('145') -
15581  x('158'), 2) +
15582  power(x('245') -
15583  x('258'), 2)) +
15584  1/sqrt(power(x('33') -
15585  x('70'), 2) +
15586  power(x('133') -
15587  x('170'), 2) +
15588  power(x('233') -
15589  x('270'), 2)) +
15590  1/sqrt(power(x('30') -
15591  x('73'), 2) +
15592  power(x('130') -
15593  x('173'), 2) +
15594  power(x('230') -
15595  x('273'), 2)) +
15596  1/sqrt(power(x('7') -
15597  x('96'), 2) +
15598  power(x('107') -
15599  x('196'), 2) +
15600  power(x('207') -
15601  x('296'), 2)) +
15602  1/sqrt(power(x('19') -
15603  x('84'), 2) +
15604  power(x('119') -
15605  x('184'), 2) +
15606  power(x('219') -
15607  x('284'), 2)) +
15608  1/sqrt(power(x('27') -
15609  x('76'), 2) +
15610  power(x('127') -
15611  x('176'), 2) +
15612  power(x('227') -
15613  x('276'), 2)) +
15614  1/sqrt(power(x('49') -
15615  x('54'), 2) +
15616  power(x('149') -
15617  x('154'), 2) +
15618  power(x('249') -
15619  x('254'), 2)) +
15620  1/sqrt(power(x('6') -
15621  x('97'), 2) +
15622  power(x('106') -
15623  x('197'), 2) +
15624  power(x('206') -
15625  x('297'), 2)) +
15626  1/sqrt(power(x('18') -
15627  x('85'), 2) +
15628  power(x('118') -
15629  x('185'), 2) +
15630  power(x('218') -
15631  x('285'), 2)) +
15632  1/sqrt(power(x('37') -
15633  x('66'), 2) +
15634  power(x('137') -
15635  x('166'), 2) +
15636  power(x('237') -
15637  x('266'), 2)) +
15638  1/sqrt(power(x('23') -
15639  x('80'), 2) +
15640  power(x('123') -
15641  x('180'), 2) +
15642  power(x('223') -
15643  x('280'), 2)) +
15644  1/sqrt(power(x('21') -
15645  x('82'), 2) +
15646  power(x('121') -
15647  x('182'), 2) +
15648  power(x('221') -
15649  x('282'), 2)) +
15650  1/sqrt(power(x('24') -
15651  x('79'), 2) +
15652  power(x('124') -
15653  x('179'), 2) +
15654  power(x('224') -
15655  x('279'), 2)) +
15656  1/sqrt(power(x('4') -
15657  x('99'), 2) +
15658  power(x('104') -
15659  x('199'), 2) +
15660  power(x('204') -
15661  x('299'), 2)) +
15662  1/sqrt(power(x('20') -
15663  x('83'), 2) +
15664  power(x('120') -
15665  x('183'), 2) +
15666  power(x('220') -
15667  x('283'), 2)) +
15668  1/sqrt(power(x('15') -
15669  x('88'), 2) +
15670  power(x('115') -
15671  x('188'), 2) +
15672  power(x('215') -
15673  x('288'), 2)) +
15674  1/sqrt(power(x('22') -
15675  x('81'), 2) +
15676  power(x('122') -
15677  x('181'), 2) +
15678  power(x('222') -
15679  x('281'), 2)) +
15680  1/sqrt(power(x('14') -
15681  x('89'), 2) +
15682  power(x('114') -
15683  x('189'), 2) +
15684  power(x('214') -
15685  x('289'), 2)) +
15686  1/sqrt(power(x('17') -
15687  x('86'), 2) +
15688  power(x('117') -
15689  x('186'), 2) +
15690  power(x('217') -
15691  x('286'), 2)) +
15692  1/sqrt(power(x('16') -
15693  x('87'), 2) +
15694  power(x('116') -
15695  x('187'), 2) +
15696  power(x('216') -
15697  x('287'), 2)) +
15698  1/sqrt(power(x('41') -
15699  x('63'), 2) +
15700  power(x('141') -
15701  x('163'), 2) +
15702  power(x('241') -
15703  x('263'), 2)) +
15704  1/sqrt(power(x('40') -
15705  x('64'), 2) +
15706  power(x('140') -
15707  x('164'), 2) +
15708  power(x('240') -
15709  x('264'), 2)) +
15710  1/sqrt(power(x('50') -
15711  x('54'), 2) +
15712  power(x('150') -
15713  x('154'), 2) +
15714  power(x('250') -
15715  x('254'), 2)) +
15716  1/sqrt(power(x('49') -
15717  x('55'), 2) +
15718  power(x('149') -
15719  x('155'), 2) +
15720  power(x('249') -
15721  x('255'), 2)) +
15722  1/sqrt(power(x('42') -
15723  x('62'), 2) +
15724  power(x('142') -
15725  x('162'), 2) +
15726  power(x('242') -
15727  x('262'), 2)) +
15728  1/sqrt(power(x('51') -
15729  x('53'), 2) +
15730  power(x('151') -
15731  x('153'), 2) +
15732  power(x('251') -
15733  x('253'), 2)) +
15734  1/sqrt(power(x('45') -
15735  x('59'), 2) +
15736  power(x('145') -
15737  x('159'), 2) +
15738  power(x('245') -
15739  x('259'), 2)) +
15740  1/sqrt(power(x('48') -
15741  x('56'), 2) +
15742  power(x('148') -
15743  x('156'), 2) +
15744  power(x('248') -
15745  x('256'), 2)) +
15746  1/sqrt(power(x('6') -
15747  x('98'), 2) +
15748  power(x('106') -
15749  x('198'), 2) +
15750  power(x('206') -
15751  x('298'), 2)) +
15752  1/sqrt(power(x('33') -
15753  x('71'), 2) +
15754  power(x('133') -
15755  x('171'), 2) +
15756  power(x('233') -
15757  x('271'), 2)) +
15758  1/sqrt(power(x('44') -
15759  x('60'), 2) +
15760  power(x('144') -
15761  x('160'), 2) +
15762  power(x('244') -
15763  x('260'), 2)) +
15764  1/sqrt(power(x('46') -
15765  x('58'), 2) +
15766  power(x('146') -
15767  x('158'), 2) +
15768  power(x('246') -
15769  x('258'), 2)) +
15770  1/sqrt(power(x('34') -
15771  x('70'), 2) +
15772  power(x('134') -
15773  x('170'), 2) +
15774  power(x('234') -
15775  x('270'), 2)) +
15776  1/sqrt(power(x('4') -
15777  x('100'), 2) +
15778  power(x('104') -
15779  x('200'), 2) +
15780  power(x('204') -
15781  x('300'), 2)) +
15782  1/sqrt(power(x('32') -
15783  x('72'), 2) +
15784  power(x('132') -
15785  x('172'), 2) +
15786  power(x('232') -
15787  x('272'), 2)) +
15788  1/sqrt(power(x('5') -
15789  x('99'), 2) +
15790  power(x('105') -
15791  x('199'), 2) +
15792  power(x('205') -
15793  x('299'), 2)) +
15794  1/sqrt(power(x('37') -
15795  x('67'), 2) +
15796  power(x('137') -
15797  x('167'), 2) +
15798  power(x('237') -
15799  x('267'), 2)) +
15800  1/sqrt(power(x('36') -
15801  x('68'), 2) +
15802  power(x('136') -
15803  x('168'), 2) +
15804  power(x('236') -
15805  x('268'), 2)) +
15806  1/sqrt(power(x('43') -
15807  x('61'), 2) +
15808  power(x('143') -
15809  x('161'), 2) +
15810  power(x('243') -
15811  x('261'), 2)) +
15812  1/sqrt(power(x('24') -
15813  x('80'), 2) +
15814  power(x('124') -
15815  x('180'), 2) +
15816  power(x('224') -
15817  x('280'), 2)) +
15818  1/sqrt(power(x('47') -
15819  x('57'), 2) +
15820  power(x('147') -
15821  x('157'), 2) +
15822  power(x('247') -
15823  x('257'), 2)) +
15824  1/sqrt(power(x('30') -
15825  x('74'), 2) +
15826  power(x('130') -
15827  x('174'), 2) +
15828  power(x('230') -
15829  x('274'), 2)) +
15830  1/sqrt(power(x('22') -
15831  x('82'), 2) +
15832  power(x('122') -
15833  x('182'), 2) +
15834  power(x('222') -
15835  x('282'), 2)) +
15836  1/sqrt(power(x('38') -
15837  x('66'), 2) +
15838  power(x('138') -
15839  x('166'), 2) +
15840  power(x('238') -
15841  x('266'), 2)) +
15842  1/sqrt(power(x('7') -
15843  x('97'), 2) +
15844  power(x('107') -
15845  x('197'), 2) +
15846  power(x('207') -
15847  x('297'), 2)) +
15848  1/sqrt(power(x('9') -
15849  x('95'), 2) +
15850  power(x('109') -
15851  x('195'), 2) +
15852  power(x('209') -
15853  x('295'), 2)) +
15854  1/sqrt(power(x('25') -
15855  x('79'), 2) +
15856  power(x('125') -
15857  x('179'), 2) +
15858  power(x('225') -
15859  x('279'), 2)) +
15860  1/sqrt(power(x('29') -
15861  x('75'), 2) +
15862  power(x('129') -
15863  x('175'), 2) +
15864  power(x('229') -
15865  x('275'), 2)) +
15866  1/sqrt(power(x('35') -
15867  x('69'), 2) +
15868  power(x('135') -
15869  x('169'), 2) +
15870  power(x('235') -
15871  x('269'), 2)) +
15872  1/sqrt(power(x('31') -
15873  x('73'), 2) +
15874  power(x('131') -
15875  x('173'), 2) +
15876  power(x('231') -
15877  x('273'), 2)) +
15878  1/sqrt(power(x('8') -
15879  x('96'), 2) +
15880  power(x('108') -
15881  x('196'), 2) +
15882  power(x('208') -
15883  x('296'), 2)) +
15884  1/sqrt(power(x('23') -
15885  x('81'), 2) +
15886  power(x('123') -
15887  x('181'), 2) +
15888  power(x('223') -
15889  x('281'), 2)) +
15890  1/sqrt(power(x('12') -
15891  x('92'), 2) +
15892  power(x('112') -
15893  x('192'), 2) +
15894  power(x('212') -
15895  x('292'), 2)) +
15896  1/sqrt(power(x('27') -
15897  x('77'), 2) +
15898  power(x('127') -
15899  x('177'), 2) +
15900  power(x('227') -
15901  x('277'), 2)) +
15902  1/sqrt(power(x('18') -
15903  x('86'), 2) +
15904  power(x('118') -
15905  x('186'), 2) +
15906  power(x('218') -
15907  x('286'), 2)) +
15908  1/sqrt(power(x('14') -
15909  x('90'), 2) +
15910  power(x('114') -
15911  x('190'), 2) +
15912  power(x('214') -
15913  x('290'), 2)) +
15914  1/sqrt(power(x('26') -
15915  x('78'), 2) +
15916  power(x('126') -
15917  x('178'), 2) +
15918  power(x('226') -
15919  x('278'), 2)) +
15920  1/sqrt(power(x('39') -
15921  x('65'), 2) +
15922  power(x('139') -
15923  x('165'), 2) +
15924  power(x('239') -
15925  x('265'), 2)) +
15926  1/sqrt(power(x('10') -
15927  x('94'), 2) +
15928  power(x('110') -
15929  x('194'), 2) +
15930  power(x('210') -
15931  x('294'), 2)) +
15932  1/sqrt(power(x('28') -
15933  x('76'), 2) +
15934  power(x('128') -
15935  x('176'), 2) +
15936  power(x('228') -
15937  x('276'), 2)) +
15938  1/sqrt(power(x('11') -
15939  x('93'), 2) +
15940  power(x('111') -
15941  x('193'), 2) +
15942  power(x('211') -
15943  x('293'), 2)) +
15944  1/sqrt(power(x('13') -
15945  x('91'), 2) +
15946  power(x('113') -
15947  x('191'), 2) +
15948  power(x('213') -
15949  x('291'), 2)) +
15950  1/sqrt(power(x('20') -
15951  x('84'), 2) +
15952  power(x('120') -
15953  x('184'), 2) +
15954  power(x('220') -
15955  x('284'), 2)) +
15956  1/sqrt(power(x('19') -
15957  x('85'), 2) +
15958  power(x('119') -
15959  x('185'), 2) +
15960  power(x('219') -
15961  x('285'), 2)) +
15962  1/sqrt(power(x('16') -
15963  x('88'), 2) +
15964  power(x('116') -
15965  x('188'), 2) +
15966  power(x('216') -
15967  x('288'), 2)) +
15968  1/sqrt(power(x('15') -
15969  x('89'), 2) +
15970  power(x('115') -
15971  x('189'), 2) +
15972  power(x('215') -
15973  x('289'), 2)) +
15974  1/sqrt(power(x('21') -
15975  x('83'), 2) +
15976  power(x('121') -
15977  x('183'), 2) +
15978  power(x('221') -
15979  x('283'), 2)) +
15980  1/sqrt(power(x('17') -
15981  x('87'), 2) +
15982  power(x('117') -
15983  x('187'), 2) +
15984  power(x('217') -
15985  x('287'), 2)) +
15986  1/sqrt(power(x('5') -
15987  x('100'), 2) +
15988  power(x('105') -
15989  x('200'), 2) +
15990  power(x('205') -
15991  x('300'), 2)) +
15992  1/sqrt(power(x('52') -
15993  x('53'), 2) +
15994  power(x('152') -
15995  x('153'), 2) +
15996  power(x('252') -
15997  x('253'), 2)) +
15998  1/sqrt(power(x('8') -
15999  x('97'), 2) +
16000  power(x('108') -
16001  x('197'), 2) +
16002  power(x('208') -
16003  x('297'), 2)) +
16004  1/sqrt(power(x('31') -
16005  x('74'), 2) +
16006  power(x('131') -
16007  x('174'), 2) +
16008  power(x('231') -
16009  x('274'), 2)) +
16010  1/sqrt(power(x('11') -
16011  x('94'), 2) +
16012  power(x('111') -
16013  x('194'), 2) +
16014  power(x('211') -
16015  x('294'), 2)) +
16016  1/sqrt(power(x('51') -
16017  x('54'), 2) +
16018  power(x('151') -
16019  x('154'), 2) +
16020  power(x('251') -
16021  x('254'), 2)) +
16022  1/sqrt(power(x('32') -
16023  x('73'), 2) +
16024  power(x('132') -
16025  x('173'), 2) +
16026  power(x('232') -
16027  x('273'), 2)) +
16028  1/sqrt(power(x('35') -
16029  x('70'), 2) +
16030  power(x('135') -
16031  x('170'), 2) +
16032  power(x('235') -
16033  x('270'), 2)) +
16034  1/sqrt(power(x('6') -
16035  x('99'), 2) +
16036  power(x('106') -
16037  x('199'), 2) +
16038  power(x('206') -
16039  x('299'), 2)) +
16040  1/sqrt(power(x('34') -
16041  x('71'), 2) +
16042  power(x('134') -
16043  x('171'), 2) +
16044  power(x('234') -
16045  x('271'), 2)) +
16046  1/sqrt(power(x('7') -
16047  x('98'), 2) +
16048  power(x('107') -
16049  x('198'), 2) +
16050  power(x('207') -
16051  x('298'), 2)) +
16052  1/sqrt(power(x('16') -
16053  x('89'), 2) +
16054  power(x('116') -
16055  x('189'), 2) +
16056  power(x('216') -
16057  x('289'), 2)) +
16058  1/sqrt(power(x('13') -
16059  x('92'), 2) +
16060  power(x('113') -
16061  x('192'), 2) +
16062  power(x('213') -
16063  x('292'), 2)) +
16064  1/sqrt(power(x('30') -
16065  x('75'), 2) +
16066  power(x('130') -
16067  x('175'), 2) +
16068  power(x('230') -
16069  x('275'), 2)) +
16070  1/sqrt(power(x('17') -
16071  x('88'), 2) +
16072  power(x('117') -
16073  x('188'), 2) +
16074  power(x('217') -
16075  x('288'), 2)) +
16076  1/sqrt(power(x('9') -
16077  x('96'), 2) +
16078  power(x('109') -
16079  x('196'), 2) +
16080  power(x('209') -
16081  x('296'), 2)) +
16082  1/sqrt(power(x('36') -
16083  x('69'), 2) +
16084  power(x('136') -
16085  x('169'), 2) +
16086  power(x('236') -
16087  x('269'), 2)) +
16088  1/sqrt(power(x('12') -
16089  x('93'), 2) +
16090  power(x('112') -
16091  x('193'), 2) +
16092  power(x('212') -
16093  x('293'), 2)) +
16094  1/sqrt(power(x('21') -
16095  x('84'), 2) +
16096  power(x('121') -
16097  x('184'), 2) +
16098  power(x('221') -
16099  x('284'), 2)) +
16100  1/sqrt(power(x('10') -
16101  x('95'), 2) +
16102  power(x('110') -
16103  x('195'), 2) +
16104  power(x('210') -
16105  x('295'), 2)) +
16106  1/sqrt(power(x('20') -
16107  x('85'), 2) +
16108  power(x('120') -
16109  x('185'), 2) +
16110  power(x('220') -
16111  x('285'), 2)) +
16112  1/sqrt(power(x('50') -
16113  x('55'), 2) +
16114  power(x('150') -
16115  x('155'), 2) +
16116  power(x('250') -
16117  x('255'), 2)) +
16118  1/sqrt(power(x('33') -
16119  x('72'), 2) +
16120  power(x('133') -
16121  x('172'), 2) +
16122  power(x('233') -
16123  x('272'), 2)) +
16124  1/sqrt(power(x('25') -
16125  x('80'), 2) +
16126  power(x('125') -
16127  x('180'), 2) +
16128  power(x('225') -
16129  x('280'), 2)) +
16130  1/sqrt(power(x('26') -
16131  x('79'), 2) +
16132  power(x('126') -
16133  x('179'), 2) +
16134  power(x('226') -
16135  x('279'), 2)) +
16136  1/sqrt(power(x('38') -
16137  x('67'), 2) +
16138  power(x('138') -
16139  x('167'), 2) +
16140  power(x('238') -
16141  x('267'), 2)) +
16142  1/sqrt(power(x('39') -
16143  x('66'), 2) +
16144  power(x('139') -
16145  x('166'), 2) +
16146  power(x('239') -
16147  x('266'), 2)) +
16148  1/sqrt(power(x('23') -
16149  x('82'), 2) +
16150  power(x('123') -
16151  x('182'), 2) +
16152  power(x('223') -
16153  x('282'), 2)) +
16154  1/sqrt(power(x('14') -
16155  x('91'), 2) +
16156  power(x('114') -
16157  x('191'), 2) +
16158  power(x('214') -
16159  x('291'), 2)) +
16160  1/sqrt(power(x('15') -
16161  x('90'), 2) +
16162  power(x('115') -
16163  x('190'), 2) +
16164  power(x('215') -
16165  x('290'), 2)) +
16166  1/sqrt(power(x('28') -
16167  x('77'), 2) +
16168  power(x('128') -
16169  x('177'), 2) +
16170  power(x('228') -
16171  x('277'), 2)) +
16172  1/sqrt(power(x('22') -
16173  x('83'), 2) +
16174  power(x('122') -
16175  x('183'), 2) +
16176  power(x('222') -
16177  x('283'), 2)) +
16178  1/sqrt(power(x('40') -
16179  x('65'), 2) +
16180  power(x('140') -
16181  x('165'), 2) +
16182  power(x('240') -
16183  x('265'), 2)) +
16184  1/sqrt(power(x('29') -
16185  x('76'), 2) +
16186  power(x('129') -
16187  x('176'), 2) +
16188  power(x('229') -
16189  x('276'), 2)) +
16190  1/sqrt(power(x('37') -
16191  x('68'), 2) +
16192  power(x('137') -
16193  x('168'), 2) +
16194  power(x('237') -
16195  x('268'), 2)) +
16196  1/sqrt(power(x('18') -
16197  x('87'), 2) +
16198  power(x('118') -
16199  x('187'), 2) +
16200  power(x('218') -
16201  x('287'), 2)) +
16202  1/sqrt(power(x('47') -
16203  x('58'), 2) +
16204  power(x('147') -
16205  x('158'), 2) +
16206  power(x('247') -
16207  x('258'), 2)) +
16208  1/sqrt(power(x('48') -
16209  x('57'), 2) +
16210  power(x('148') -
16211  x('157'), 2) +
16212  power(x('248') -
16213  x('257'), 2)) +
16214  1/sqrt(power(x('19') -
16215  x('86'), 2) +
16216  power(x('119') -
16217  x('186'), 2) +
16218  power(x('219') -
16219  x('286'), 2)) +
16220  1/sqrt(power(x('24') -
16221  x('81'), 2) +
16222  power(x('124') -
16223  x('181'), 2) +
16224  power(x('224') -
16225  x('281'), 2)) +
16226  1/sqrt(power(x('43') -
16227  x('62'), 2) +
16228  power(x('143') -
16229  x('162'), 2) +
16230  power(x('243') -
16231  x('262'), 2)) +
16232  1/sqrt(power(x('27') -
16233  x('78'), 2) +
16234  power(x('127') -
16235  x('178'), 2) +
16236  power(x('227') -
16237  x('278'), 2)) +
16238  1/sqrt(power(x('42') -
16239  x('63'), 2) +
16240  power(x('142') -
16241  x('163'), 2) +
16242  power(x('242') -
16243  x('263'), 2)) +
16244  1/sqrt(power(x('49') -
16245  x('56'), 2) +
16246  power(x('149') -
16247  x('156'), 2) +
16248  power(x('249') -
16249  x('256'), 2)) +
16250  1/sqrt(power(x('46') -
16251  x('59'), 2) +
16252  power(x('146') -
16253  x('159'), 2) +
16254  power(x('246') -
16255  x('259'), 2)) +
16256  1/sqrt(power(x('44') -
16257  x('61'), 2) +
16258  power(x('144') -
16259  x('161'), 2) +
16260  power(x('244') -
16261  x('261'), 2)) +
16262  1/sqrt(power(x('41') -
16263  x('64'), 2) +
16264  power(x('141') -
16265  x('164'), 2) +
16266  power(x('241') -
16267  x('264'), 2)) +
16268  1/sqrt(power(x('45') -
16269  x('60'), 2) +
16270  power(x('145') -
16271  x('160'), 2) +
16272  power(x('245') -
16273  x('260'), 2)) +
16274  1/sqrt(power(x('17') -
16275  x('89'), 2) +
16276  power(x('117') -
16277  x('189'), 2) +
16278  power(x('217') -
16279  x('289'), 2)) +
16280  1/sqrt(power(x('10') -
16281  x('96'), 2) +
16282  power(x('110') -
16283  x('196'), 2) +
16284  power(x('210') -
16285  x('296'), 2)) +
16286  1/sqrt(power(x('7') -
16287  x('99'), 2) +
16288  power(x('107') -
16289  x('199'), 2) +
16290  power(x('207') -
16291  x('299'), 2)) +
16292  1/sqrt(power(x('12') -
16293  x('94'), 2) +
16294  power(x('112') -
16295  x('194'), 2) +
16296  power(x('212') -
16297  x('294'), 2)) +
16298  1/sqrt(power(x('15') -
16299  x('91'), 2) +
16300  power(x('115') -
16301  x('191'), 2) +
16302  power(x('215') -
16303  x('291'), 2)) +
16304  1/sqrt(power(x('11') -
16305  x('95'), 2) +
16306  power(x('111') -
16307  x('195'), 2) +
16308  power(x('211') -
16309  x('295'), 2)) +
16310  1/sqrt(power(x('16') -
16311  x('90'), 2) +
16312  power(x('116') -
16313  x('190'), 2) +
16314  power(x('216') -
16315  x('290'), 2)) +
16316  1/sqrt(power(x('33') -
16317  x('73'), 2) +
16318  power(x('133') -
16319  x('173'), 2) +
16320  power(x('233') -
16321  x('273'), 2)) +
16322  1/sqrt(power(x('9') -
16323  x('97'), 2) +
16324  power(x('109') -
16325  x('197'), 2) +
16326  power(x('209') -
16327  x('297'), 2)) +
16328  1/sqrt(power(x('41') -
16329  x('65'), 2) +
16330  power(x('141') -
16331  x('165'), 2) +
16332  power(x('241') -
16333  x('265'), 2)) +
16334  1/sqrt(power(x('8') -
16335  x('98'), 2) +
16336  power(x('108') -
16337  x('198'), 2) +
16338  power(x('208') -
16339  x('298'), 2)) +
16340  1/sqrt(power(x('40') -
16341  x('66'), 2) +
16342  power(x('140') -
16343  x('166'), 2) +
16344  power(x('240') -
16345  x('266'), 2)) +
16346  1/sqrt(power(x('22') -
16347  x('84'), 2) +
16348  power(x('122') -
16349  x('184'), 2) +
16350  power(x('222') -
16351  x('284'), 2)) +
16352  1/sqrt(power(x('21') -
16353  x('85'), 2) +
16354  power(x('121') -
16355  x('185'), 2) +
16356  power(x('221') -
16357  x('285'), 2)) +
16358  1/sqrt(power(x('32') -
16359  x('74'), 2) +
16360  power(x('132') -
16361  x('174'), 2) +
16362  power(x('232') -
16363  x('274'), 2)) +
16364  1/sqrt(power(x('27') -
16365  x('79'), 2) +
16366  power(x('127') -
16367  x('179'), 2) +
16368  power(x('227') -
16369  x('279'), 2)) +
16370  1/sqrt(power(x('29') -
16371  x('77'), 2) +
16372  power(x('129') -
16373  x('177'), 2) +
16374  power(x('229') -
16375  x('277'), 2)) +
16376  1/sqrt(power(x('30') -
16377  x('76'), 2) +
16378  power(x('130') -
16379  x('176'), 2) +
16380  power(x('230') -
16381  x('276'), 2)) +
16382  1/sqrt(power(x('6') -
16383  x('100'), 2) +
16384  power(x('106') -
16385  x('200'), 2) +
16386  power(x('206') -
16387  x('300'), 2)) +
16388  1/sqrt(power(x('26') -
16389  x('80'), 2) +
16390  power(x('126') -
16391  x('180'), 2) +
16392  power(x('226') -
16393  x('280'), 2)) +
16394  1/sqrt(power(x('45') -
16395  x('61'), 2) +
16396  power(x('145') -
16397  x('161'), 2) +
16398  power(x('245') -
16399  x('261'), 2)) +
16400  1/sqrt(power(x('34') -
16401  x('72'), 2) +
16402  power(x('134') -
16403  x('172'), 2) +
16404  power(x('234') -
16405  x('272'), 2)) +
16406  1/sqrt(power(x('46') -
16407  x('60'), 2) +
16408  power(x('146') -
16409  x('160'), 2) +
16410  power(x('246') -
16411  x('260'), 2)) +
16412  1/sqrt(power(x('13') -
16413  x('93'), 2) +
16414  power(x('113') -
16415  x('193'), 2) +
16416  power(x('213') -
16417  x('293'), 2)) +
16418  1/sqrt(power(x('42') -
16419  x('64'), 2) +
16420  power(x('142') -
16421  x('164'), 2) +
16422  power(x('242') -
16423  x('264'), 2)) +
16424  1/sqrt(power(x('14') -
16425  x('92'), 2) +
16426  power(x('114') -
16427  x('192'), 2) +
16428  power(x('214') -
16429  x('292'), 2)) +
16430  1/sqrt(power(x('39') -
16431  x('67'), 2) +
16432  power(x('139') -
16433  x('167'), 2) +
16434  power(x('239') -
16435  x('267'), 2)) +
16436  1/sqrt(power(x('24') -
16437  x('82'), 2) +
16438  power(x('124') -
16439  x('182'), 2) +
16440  power(x('224') -
16441  x('282'), 2)) +
16442  1/sqrt(power(x('44') -
16443  x('62'), 2) +
16444  power(x('144') -
16445  x('162'), 2) +
16446  power(x('244') -
16447  x('262'), 2)) +
16448  1/sqrt(power(x('19') -
16449  x('87'), 2) +
16450  power(x('119') -
16451  x('187'), 2) +
16452  power(x('219') -
16453  x('287'), 2)) +
16454  1/sqrt(power(x('50') -
16455  x('56'), 2) +
16456  power(x('150') -
16457  x('156'), 2) +
16458  power(x('250') -
16459  x('256'), 2)) +
16460  1/sqrt(power(x('31') -
16461  x('75'), 2) +
16462  power(x('131') -
16463  x('175'), 2) +
16464  power(x('231') -
16465  x('275'), 2)) +
16466  1/sqrt(power(x('28') -
16467  x('78'), 2) +
16468  power(x('128') -
16469  x('178'), 2) +
16470  power(x('228') -
16471  x('278'), 2)) +
16472  1/sqrt(power(x('51') -
16473  x('55'), 2) +
16474  power(x('151') -
16475  x('155'), 2) +
16476  power(x('251') -
16477  x('255'), 2)) +
16478  1/sqrt(power(x('36') -
16479  x('70'), 2) +
16480  power(x('136') -
16481  x('170'), 2) +
16482  power(x('236') -
16483  x('270'), 2)) +
16484  1/sqrt(power(x('23') -
16485  x('83'), 2) +
16486  power(x('123') -
16487  x('183'), 2) +
16488  power(x('223') -
16489  x('283'), 2)) +
16490  1/sqrt(power(x('47') -
16491  x('59'), 2) +
16492  power(x('147') -
16493  x('159'), 2) +
16494  power(x('247') -
16495  x('259'), 2)) +
16496  1/sqrt(power(x('37') -
16497  x('69'), 2) +
16498  power(x('137') -
16499  x('169'), 2) +
16500  power(x('237') -
16501  x('269'), 2)) +
16502  1/sqrt(power(x('20') -
16503  x('86'), 2) +
16504  power(x('120') -
16505  x('186'), 2) +
16506  power(x('220') -
16507  x('286'), 2)) +
16508  1/sqrt(power(x('25') -
16509  x('81'), 2) +
16510  power(x('125') -
16511  x('181'), 2) +
16512  power(x('225') -
16513  x('281'), 2)) +
16514  1/sqrt(power(x('49') -
16515  x('57'), 2) +
16516  power(x('149') -
16517  x('157'), 2) +
16518  power(x('249') -
16519  x('257'), 2)) +
16520  1/sqrt(power(x('52') -
16521  x('54'), 2) +
16522  power(x('152') -
16523  x('154'), 2) +
16524  power(x('252') -
16525  x('254'), 2)) +
16526  1/sqrt(power(x('43') -
16527  x('63'), 2) +
16528  power(x('143') -
16529  x('163'), 2) +
16530  power(x('243') -
16531  x('263'), 2)) +
16532  1/sqrt(power(x('35') -
16533  x('71'), 2) +
16534  power(x('135') -
16535  x('171'), 2) +
16536  power(x('235') -
16537  x('271'), 2)) +
16538  1/sqrt(power(x('18') -
16539  x('88'), 2) +
16540  power(x('118') -
16541  x('188'), 2) +
16542  power(x('218') -
16543  x('288'), 2)) +
16544  1/sqrt(power(x('38') -
16545  x('68'), 2) +
16546  power(x('138') -
16547  x('168'), 2) +
16548  power(x('238') -
16549  x('268'), 2)) +
16550  1/sqrt(power(x('48') -
16551  x('58'), 2) +
16552  power(x('148') -
16553  x('158'), 2) +
16554  power(x('248') -
16555  x('258'), 2)) +
16556  1/sqrt(power(x('28') -
16557  x('79'), 2) +
16558  power(x('128') -
16559  x('179'), 2) +
16560  power(x('228') -
16561  x('279'), 2)) +
16562  1/sqrt(power(x('27') -
16563  x('80'), 2) +
16564  power(x('127') -
16565  x('180'), 2) +
16566  power(x('227') -
16567  x('280'), 2)) +
16568  1/sqrt(power(x('22') -
16569  x('85'), 2) +
16570  power(x('122') -
16571  x('185'), 2) +
16572  power(x('222') -
16573  x('285'), 2)) +
16574  1/sqrt(power(x('23') -
16575  x('84'), 2) +
16576  power(x('123') -
16577  x('184'), 2) +
16578  power(x('223') -
16579  x('284'), 2)) +
16580  1/sqrt(power(x('29') -
16581  x('78'), 2) +
16582  power(x('129') -
16583  x('178'), 2) +
16584  power(x('229') -
16585  x('278'), 2)) +
16586  1/sqrt(power(x('53') -
16587  x('54'), 2) +
16588  power(x('153') -
16589  x('154'), 2) +
16590  power(x('253') -
16591  x('254'), 2)) +
16592  1/sqrt(power(x('25') -
16593  x('82'), 2) +
16594  power(x('125') -
16595  x('182'), 2) +
16596  power(x('225') -
16597  x('282'), 2)) +
16598  1/sqrt(power(x('43') -
16599  x('64'), 2) +
16600  power(x('143') -
16601  x('164'), 2) +
16602  power(x('243') -
16603  x('264'), 2)) +
16604  1/sqrt(power(x('20') -
16605  x('87'), 2) +
16606  power(x('120') -
16607  x('187'), 2) +
16608  power(x('220') -
16609  x('287'), 2)) +
16610  1/sqrt(power(x('9') -
16611  x('98'), 2) +
16612  power(x('109') -
16613  x('198'), 2) +
16614  power(x('209') -
16615  x('298'), 2)) +
16616  1/sqrt(power(x('42') -
16617  x('65'), 2) +
16618  power(x('142') -
16619  x('165'), 2) +
16620  power(x('242') -
16621  x('265'), 2)) +
16622  1/sqrt(power(x('18') -
16623  x('89'), 2) +
16624  power(x('118') -
16625  x('189'), 2) +
16626  power(x('218') -
16627  x('289'), 2)) +
16628  1/sqrt(power(x('11') -
16629  x('96'), 2) +
16630  power(x('111') -
16631  x('196'), 2) +
16632  power(x('211') -
16633  x('296'), 2)) +
16634  1/sqrt(power(x('16') -
16635  x('91'), 2) +
16636  power(x('116') -
16637  x('191'), 2) +
16638  power(x('216') -
16639  x('291'), 2)) +
16640  1/sqrt(power(x('44') -
16641  x('63'), 2) +
16642  power(x('144') -
16643  x('163'), 2) +
16644  power(x('244') -
16645  x('263'), 2)) +
16646  1/sqrt(power(x('52') -
16647  x('55'), 2) +
16648  power(x('152') -
16649  x('155'), 2) +
16650  power(x('252') -
16651  x('255'), 2)) +
16652  1/sqrt(power(x('21') -
16653  x('86'), 2) +
16654  power(x('121') -
16655  x('186'), 2) +
16656  power(x('221') -
16657  x('286'), 2)) +
16658  1/sqrt(power(x('26') -
16659  x('81'), 2) +
16660  power(x('126') -
16661  x('181'), 2) +
16662  power(x('226') -
16663  x('281'), 2)) +
16664  1/sqrt(power(x('24') -
16665  x('83'), 2) +
16666  power(x('124') -
16667  x('183'), 2) +
16668  power(x('224') -
16669  x('283'), 2)) +
16670  1/sqrt(power(x('14') -
16671  x('93'), 2) +
16672  power(x('114') -
16673  x('193'), 2) +
16674  power(x('214') -
16675  x('293'), 2)) +
16676  1/sqrt(power(x('10') -
16677  x('97'), 2) +
16678  power(x('110') -
16679  x('197'), 2) +
16680  power(x('210') -
16681  x('297'), 2)) +
16682  1/sqrt(power(x('19') -
16683  x('88'), 2) +
16684  power(x('119') -
16685  x('188'), 2) +
16686  power(x('219') -
16687  x('288'), 2)) +
16688  1/sqrt(power(x('17') -
16689  x('90'), 2) +
16690  power(x('117') -
16691  x('190'), 2) +
16692  power(x('217') -
16693  x('290'), 2)) +
16694  1/sqrt(power(x('31') -
16695  x('76'), 2) +
16696  power(x('131') -
16697  x('176'), 2) +
16698  power(x('231') -
16699  x('276'), 2)) +
16700  1/sqrt(power(x('41') -
16701  x('66'), 2) +
16702  power(x('141') -
16703  x('166'), 2) +
16704  power(x('241') -
16705  x('266'), 2)) +
16706  1/sqrt(power(x('15') -
16707  x('92'), 2) +
16708  power(x('115') -
16709  x('192'), 2) +
16710  power(x('215') -
16711  x('292'), 2)) +
16712  1/sqrt(power(x('30') -
16713  x('77'), 2) +
16714  power(x('130') -
16715  x('177'), 2) +
16716  power(x('230') -
16717  x('277'), 2)) +
16718  1/sqrt(power(x('8') -
16719  x('99'), 2) +
16720  power(x('108') -
16721  x('199'), 2) +
16722  power(x('208') -
16723  x('299'), 2)) +
16724  1/sqrt(power(x('45') -
16725  x('62'), 2) +
16726  power(x('145') -
16727  x('162'), 2) +
16728  power(x('245') -
16729  x('262'), 2)) +
16730  1/sqrt(power(x('51') -
16731  x('56'), 2) +
16732  power(x('151') -
16733  x('156'), 2) +
16734  power(x('251') -
16735  x('256'), 2)) +
16736  1/sqrt(power(x('38') -
16737  x('69'), 2) +
16738  power(x('138') -
16739  x('169'), 2) +
16740  power(x('238') -
16741  x('269'), 2)) +
16742  1/sqrt(power(x('32') -
16743  x('75'), 2) +
16744  power(x('132') -
16745  x('175'), 2) +
16746  power(x('232') -
16747  x('275'), 2)) +
16748  1/sqrt(power(x('12') -
16749  x('95'), 2) +
16750  power(x('112') -
16751  x('195'), 2) +
16752  power(x('212') -
16753  x('295'), 2)) +
16754  1/sqrt(power(x('39') -
16755  x('68'), 2) +
16756  power(x('139') -
16757  x('168'), 2) +
16758  power(x('239') -
16759  x('268'), 2)) +
16760  1/sqrt(power(x('13') -
16761  x('94'), 2) +
16762  power(x('113') -
16763  x('194'), 2) +
16764  power(x('213') -
16765  x('294'), 2)) +
16766  1/sqrt(power(x('7') -
16767  x('100'), 2) +
16768  power(x('107') -
16769  x('200'), 2) +
16770  power(x('207') -
16771  x('300'), 2)) +
16772  1/sqrt(power(x('48') -
16773  x('59'), 2) +
16774  power(x('148') -
16775  x('159'), 2) +
16776  power(x('248') -
16777  x('259'), 2)) +
16778  1/sqrt(power(x('37') -
16779  x('70'), 2) +
16780  power(x('137') -
16781  x('170'), 2) +
16782  power(x('237') -
16783  x('270'), 2)) +
16784  1/sqrt(power(x('47') -
16785  x('60'), 2) +
16786  power(x('147') -
16787  x('160'), 2) +
16788  power(x('247') -
16789  x('260'), 2)) +
16790  1/sqrt(power(x('49') -
16791  x('58'), 2) +
16792  power(x('149') -
16793  x('158'), 2) +
16794  power(x('249') -
16795  x('258'), 2)) +
16796  1/sqrt(power(x('34') -
16797  x('73'), 2) +
16798  power(x('134') -
16799  x('173'), 2) +
16800  power(x('234') -
16801  x('273'), 2)) +
16802  1/sqrt(power(x('35') -
16803  x('72'), 2) +
16804  power(x('135') -
16805  x('172'), 2) +
16806  power(x('235') -
16807  x('272'), 2)) +
16808  1/sqrt(power(x('40') -
16809  x('67'), 2) +
16810  power(x('140') -
16811  x('167'), 2) +
16812  power(x('240') -
16813  x('267'), 2)) +
16814  1/sqrt(power(x('46') -
16815  x('61'), 2) +
16816  power(x('146') -
16817  x('161'), 2) +
16818  power(x('246') -
16819  x('261'), 2)) +
16820  1/sqrt(power(x('33') -
16821  x('74'), 2) +
16822  power(x('133') -
16823  x('174'), 2) +
16824  power(x('233') -
16825  x('274'), 2)) +
16826  1/sqrt(power(x('50') -
16827  x('57'), 2) +
16828  power(x('150') -
16829  x('157'), 2) +
16830  power(x('250') -
16831  x('257'), 2)) +
16832  1/sqrt(power(x('36') -
16833  x('71'), 2) +
16834  power(x('136') -
16835  x('171'), 2) +
16836  power(x('236') -
16837  x('271'), 2)) +
16838  1/sqrt(power(x('10') -
16839  x('98'), 2) +
16840  power(x('110') -
16841  x('198'), 2) +
16842  power(x('210') -
16843  x('298'), 2)) +
16844  1/sqrt(power(x('8') -
16845  x('100'), 2) +
16846  power(x('108') -
16847  x('200'), 2) +
16848  power(x('208') -
16849  x('300'), 2)) +
16850  1/sqrt(power(x('40') -
16851  x('68'), 2) +
16852  power(x('140') -
16853  x('168'), 2) +
16854  power(x('240') -
16855  x('268'), 2)) +
16856  1/sqrt(power(x('51') -
16857  x('57'), 2) +
16858  power(x('151') -
16859  x('157'), 2) +
16860  power(x('251') -
16861  x('257'), 2)) +
16862  1/sqrt(power(x('41') -
16863  x('67'), 2) +
16864  power(x('141') -
16865  x('167'), 2) +
16866  power(x('241') -
16867  x('267'), 2)) +
16868  1/sqrt(power(x('30') -
16869  x('78'), 2) +
16870  power(x('130') -
16871  x('178'), 2) +
16872  power(x('230') -
16873  x('278'), 2)) +
16874  1/sqrt(power(x('15') -
16875  x('93'), 2) +
16876  power(x('115') -
16877  x('193'), 2) +
16878  power(x('215') -
16879  x('293'), 2)) +
16880  1/sqrt(power(x('13') -
16881  x('95'), 2) +
16882  power(x('113') -
16883  x('195'), 2) +
16884  power(x('213') -
16885  x('295'), 2)) +
16886  1/sqrt(power(x('52') -
16887  x('56'), 2) +
16888  power(x('152') -
16889  x('156'), 2) +
16890  power(x('252') -
16891  x('256'), 2)) +
16892  1/sqrt(power(x('50') -
16893  x('58'), 2) +
16894  power(x('150') -
16895  x('158'), 2) +
16896  power(x('250') -
16897  x('258'), 2)) +
16898  1/sqrt(power(x('36') -
16899  x('72'), 2) +
16900  power(x('136') -
16901  x('172'), 2) +
16902  power(x('236') -
16903  x('272'), 2)) +
16904  1/sqrt(power(x('9') -
16905  x('99'), 2) +
16906  power(x('109') -
16907  x('199'), 2) +
16908  power(x('209') -
16909  x('299'), 2)) +
16910  1/sqrt(power(x('45') -
16911  x('63'), 2) +
16912  power(x('145') -
16913  x('163'), 2) +
16914  power(x('245') -
16915  x('263'), 2)) +
16916  1/sqrt(power(x('39') -
16917  x('69'), 2) +
16918  power(x('139') -
16919  x('169'), 2) +
16920  power(x('239') -
16921  x('269'), 2)) +
16922  1/sqrt(power(x('46') -
16923  x('62'), 2) +
16924  power(x('146') -
16925  x('162'), 2) +
16926  power(x('246') -
16927  x('262'), 2)) +
16928  1/sqrt(power(x('17') -
16929  x('91'), 2) +
16930  power(x('117') -
16931  x('191'), 2) +
16932  power(x('217') -
16933  x('291'), 2)) +
16934  1/sqrt(power(x('23') -
16935  x('85'), 2) +
16936  power(x('123') -
16937  x('185'), 2) +
16938  power(x('223') -
16939  x('285'), 2)) +
16940  1/sqrt(power(x('24') -
16941  x('84'), 2) +
16942  power(x('124') -
16943  x('184'), 2) +
16944  power(x('224') -
16945  x('284'), 2)) +
16946  1/sqrt(power(x('37') -
16947  x('71'), 2) +
16948  power(x('137') -
16949  x('171'), 2) +
16950  power(x('237') -
16951  x('271'), 2)) +
16952  1/sqrt(power(x('42') -
16953  x('66'), 2) +
16954  power(x('142') -
16955  x('166'), 2) +
16956  power(x('242') -
16957  x('266'), 2)) +
16958  1/sqrt(power(x('35') -
16959  x('73'), 2) +
16960  power(x('135') -
16961  x('173'), 2) +
16962  power(x('235') -
16963  x('273'), 2)) +
16964  1/sqrt(power(x('32') -
16965  x('76'), 2) +
16966  power(x('132') -
16967  x('176'), 2) +
16968  power(x('232') -
16969  x('276'), 2)) +
16970  1/sqrt(power(x('14') -
16971  x('94'), 2) +
16972  power(x('114') -
16973  x('194'), 2) +
16974  power(x('214') -
16975  x('294'), 2)) +
16976  1/sqrt(power(x('53') -
16977  x('55'), 2) +
16978  power(x('153') -
16979  x('155'), 2) +
16980  power(x('253') -
16981  x('255'), 2)) +
16982  1/sqrt(power(x('33') -
16983  x('75'), 2) +
16984  power(x('133') -
16985  x('175'), 2) +
16986  power(x('233') -
16987  x('275'), 2)) +
16988  1/sqrt(power(x('44') -
16989  x('64'), 2) +
16990  power(x('144') -
16991  x('164'), 2) +
16992  power(x('244') -
16993  x('264'), 2)) +
16994  1/sqrt(power(x('49') -
16995  x('59'), 2) +
16996  power(x('149') -
16997  x('159'), 2) +
16998  power(x('249') -
16999  x('259'), 2)) +
17000  1/sqrt(power(x('11') -
17001  x('97'), 2) +
17002  power(x('111') -
17003  x('197'), 2) +
17004  power(x('211') -
17005  x('297'), 2)) +
17006  1/sqrt(power(x('16') -
17007  x('92'), 2) +
17008  power(x('116') -
17009  x('192'), 2) +
17010  power(x('216') -
17011  x('292'), 2)) +
17012  1/sqrt(power(x('19') -
17013  x('89'), 2) +
17014  power(x('119') -
17015  x('189'), 2) +
17016  power(x('219') -
17017  x('289'), 2)) +
17018  1/sqrt(power(x('47') -
17019  x('61'), 2) +
17020  power(x('147') -
17021  x('161'), 2) +
17022  power(x('247') -
17023  x('261'), 2)) +
17024  1/sqrt(power(x('26') -
17025  x('82'), 2) +
17026  power(x('126') -
17027  x('182'), 2) +
17028  power(x('226') -
17029  x('282'), 2)) +
17030  1/sqrt(power(x('12') -
17031  x('96'), 2) +
17032  power(x('112') -
17033  x('196'), 2) +
17034  power(x('212') -
17035  x('296'), 2)) +
17036  1/sqrt(power(x('21') -
17037  x('87'), 2) +
17038  power(x('121') -
17039  x('187'), 2) +
17040  power(x('221') -
17041  x('287'), 2)) +
17042  1/sqrt(power(x('31') -
17043  x('77'), 2) +
17044  power(x('131') -
17045  x('177'), 2) +
17046  power(x('231') -
17047  x('277'), 2)) +
17048  1/sqrt(power(x('18') -
17049  x('90'), 2) +
17050  power(x('118') -
17051  x('190'), 2) +
17052  power(x('218') -
17053  x('290'), 2)) +
17054  1/sqrt(power(x('27') -
17055  x('81'), 2) +
17056  power(x('127') -
17057  x('181'), 2) +
17058  power(x('227') -
17059  x('281'), 2)) +
17060  1/sqrt(power(x('38') -
17061  x('70'), 2) +
17062  power(x('138') -
17063  x('170'), 2) +
17064  power(x('238') -
17065  x('270'), 2)) +
17066  1/sqrt(power(x('22') -
17067  x('86'), 2) +
17068  power(x('122') -
17069  x('186'), 2) +
17070  power(x('222') -
17071  x('286'), 2)) +
17072  1/sqrt(power(x('25') -
17073  x('83'), 2) +
17074  power(x('125') -
17075  x('183'), 2) +
17076  power(x('225') -
17077  x('283'), 2)) +
17078  1/sqrt(power(x('34') -
17079  x('74'), 2) +
17080  power(x('134') -
17081  x('174'), 2) +
17082  power(x('234') -
17083  x('274'), 2)) +
17084  1/sqrt(power(x('20') -
17085  x('88'), 2) +
17086  power(x('120') -
17087  x('188'), 2) +
17088  power(x('220') -
17089  x('288'), 2)) +
17090  1/sqrt(power(x('43') -
17091  x('65'), 2) +
17092  power(x('143') -
17093  x('165'), 2) +
17094  power(x('243') -
17095  x('265'), 2)) +
17096  1/sqrt(power(x('48') -
17097  x('60'), 2) +
17098  power(x('148') -
17099  x('160'), 2) +
17100  power(x('248') -
17101  x('260'), 2)) +
17102  1/sqrt(power(x('29') -
17103  x('79'), 2) +
17104  power(x('129') -
17105  x('179'), 2) +
17106  power(x('229') -
17107  x('279'), 2)) +
17108  1/sqrt(power(x('28') -
17109  x('80'), 2) +
17110  power(x('128') -
17111  x('180'), 2) +
17112  power(x('228') -
17113  x('280'), 2)) +
17114  1/sqrt(power(x('43') -
17115  x('66'), 2) +
17116  power(x('143') -
17117  x('166'), 2) +
17118  power(x('243') -
17119  x('266'), 2)) +
17120  1/sqrt(power(x('42') -
17121  x('67'), 2) +
17122  power(x('142') -
17123  x('167'), 2) +
17124  power(x('242') -
17125  x('267'), 2)) +
17126  1/sqrt(power(x('34') -
17127  x('75'), 2) +
17128  power(x('134') -
17129  x('175'), 2) +
17130  power(x('234') -
17131  x('275'), 2)) +
17132  1/sqrt(power(x('30') -
17133  x('79'), 2) +
17134  power(x('130') -
17135  x('179'), 2) +
17136  power(x('230') -
17137  x('279'), 2)) +
17138  1/sqrt(power(x('33') -
17139  x('76'), 2) +
17140  power(x('133') -
17141  x('176'), 2) +
17142  power(x('233') -
17143  x('276'), 2)) +
17144  1/sqrt(power(x('44') -
17145  x('65'), 2) +
17146  power(x('144') -
17147  x('165'), 2) +
17148  power(x('244') -
17149  x('265'), 2)) +
17150  1/sqrt(power(x('31') -
17151  x('78'), 2) +
17152  power(x('131') -
17153  x('178'), 2) +
17154  power(x('231') -
17155  x('278'), 2)) +
17156  1/sqrt(power(x('35') -
17157  x('74'), 2) +
17158  power(x('135') -
17159  x('174'), 2) +
17160  power(x('235') -
17161  x('274'), 2)) +
17162  1/sqrt(power(x('38') -
17163  x('71'), 2) +
17164  power(x('138') -
17165  x('171'), 2) +
17166  power(x('238') -
17167  x('271'), 2)) +
17168  1/sqrt(power(x('54') -
17169  x('55'), 2) +
17170  power(x('154') -
17171  x('155'), 2) +
17172  power(x('254') -
17173  x('255'), 2)) +
17174  1/sqrt(power(x('41') -
17175  x('68'), 2) +
17176  power(x('141') -
17177  x('168'), 2) +
17178  power(x('241') -
17179  x('268'), 2)) +
17180  1/sqrt(power(x('37') -
17181  x('72'), 2) +
17182  power(x('137') -
17183  x('172'), 2) +
17184  power(x('237') -
17185  x('272'), 2)) +
17186  1/sqrt(power(x('39') -
17187  x('70'), 2) +
17188  power(x('139') -
17189  x('170'), 2) +
17190  power(x('239') -
17191  x('270'), 2)) +
17192  1/sqrt(power(x('53') -
17193  x('56'), 2) +
17194  power(x('153') -
17195  x('156'), 2) +
17196  power(x('253') -
17197  x('256'), 2)) +
17198  1/sqrt(power(x('18') -
17199  x('91'), 2) +
17200  power(x('118') -
17201  x('191'), 2) +
17202  power(x('218') -
17203  x('291'), 2)) +
17204  1/sqrt(power(x('45') -
17205  x('64'), 2) +
17206  power(x('145') -
17207  x('164'), 2) +
17208  power(x('245') -
17209  x('264'), 2)) +
17210  1/sqrt(power(x('32') -
17211  x('77'), 2) +
17212  power(x('132') -
17213  x('177'), 2) +
17214  power(x('232') -
17215  x('277'), 2)) +
17216  1/sqrt(power(x('9') -
17217  x('100'), 2) +
17218  power(x('109') -
17219  x('200'), 2) +
17220  power(x('209') -
17221  x('300'), 2)) +
17222  1/sqrt(power(x('48') -
17223  x('61'), 2) +
17224  power(x('148') -
17225  x('161'), 2) +
17226  power(x('248') -
17227  x('261'), 2)) +
17228  1/sqrt(power(x('49') -
17229  x('60'), 2) +
17230  power(x('149') -
17231  x('160'), 2) +
17232  power(x('249') -
17233  x('260'), 2)) +
17234  1/sqrt(power(x('12') -
17235  x('97'), 2) +
17236  power(x('112') -
17237  x('197'), 2) +
17238  power(x('212') -
17239  x('297'), 2)) +
17240  1/sqrt(power(x('36') -
17241  x('73'), 2) +
17242  power(x('136') -
17243  x('173'), 2) +
17244  power(x('236') -
17245  x('273'), 2)) +
17246  1/sqrt(power(x('14') -
17247  x('95'), 2) +
17248  power(x('114') -
17249  x('195'), 2) +
17250  power(x('214') -
17251  x('295'), 2)) +
17252  1/sqrt(power(x('40') -
17253  x('69'), 2) +
17254  power(x('140') -
17255  x('169'), 2) +
17256  power(x('240') -
17257  x('269'), 2)) +
17258  1/sqrt(power(x('52') -
17259  x('57'), 2) +
17260  power(x('152') -
17261  x('157'), 2) +
17262  power(x('252') -
17263  x('257'), 2)) +
17264  1/sqrt(power(x('47') -
17265  x('62'), 2) +
17266  power(x('147') -
17267  x('162'), 2) +
17268  power(x('247') -
17269  x('262'), 2)) +
17270  1/sqrt(power(x('24') -
17271  x('85'), 2) +
17272  power(x('124') -
17273  x('185'), 2) +
17274  power(x('224') -
17275  x('285'), 2)) +
17276  1/sqrt(power(x('25') -
17277  x('84'), 2) +
17278  power(x('125') -
17279  x('184'), 2) +
17280  power(x('225') -
17281  x('284'), 2)) +
17282  1/sqrt(power(x('20') -
17283  x('89'), 2) +
17284  power(x('120') -
17285  x('189'), 2) +
17286  power(x('220') -
17287  x('289'), 2)) +
17288  1/sqrt(power(x('50') -
17289  x('59'), 2) +
17290  power(x('150') -
17291  x('159'), 2) +
17292  power(x('250') -
17293  x('259'), 2)) +
17294  1/sqrt(power(x('19') -
17295  x('90'), 2) +
17296  power(x('119') -
17297  x('190'), 2) +
17298  power(x('219') -
17299  x('290'), 2)) +
17300  1/sqrt(power(x('27') -
17301  x('82'), 2) +
17302  power(x('127') -
17303  x('182'), 2) +
17304  power(x('227') -
17305  x('282'), 2)) +
17306  1/sqrt(power(x('13') -
17307  x('96'), 2) +
17308  power(x('113') -
17309  x('196'), 2) +
17310  power(x('213') -
17311  x('296'), 2)) +
17312  1/sqrt(power(x('22') -
17313  x('87'), 2) +
17314  power(x('122') -
17315  x('187'), 2) +
17316  power(x('222') -
17317  x('287'), 2)) +
17318  1/sqrt(power(x('28') -
17319  x('81'), 2) +
17320  power(x('128') -
17321  x('181'), 2) +
17322  power(x('228') -
17323  x('281'), 2)) +
17324  1/sqrt(power(x('10') -
17325  x('99'), 2) +
17326  power(x('110') -
17327  x('199'), 2) +
17328  power(x('210') -
17329  x('299'), 2)) +
17330  1/sqrt(power(x('11') -
17331  x('98'), 2) +
17332  power(x('111') -
17333  x('198'), 2) +
17334  power(x('211') -
17335  x('298'), 2)) +
17336  1/sqrt(power(x('16') -
17337  x('93'), 2) +
17338  power(x('116') -
17339  x('193'), 2) +
17340  power(x('216') -
17341  x('293'), 2)) +
17342  1/sqrt(power(x('46') -
17343  x('63'), 2) +
17344  power(x('146') -
17345  x('163'), 2) +
17346  power(x('246') -
17347  x('263'), 2)) +
17348  1/sqrt(power(x('15') -
17349  x('94'), 2) +
17350  power(x('115') -
17351  x('194'), 2) +
17352  power(x('215') -
17353  x('294'), 2)) +
17354  1/sqrt(power(x('21') -
17355  x('88'), 2) +
17356  power(x('121') -
17357  x('188'), 2) +
17358  power(x('221') -
17359  x('288'), 2)) +
17360  1/sqrt(power(x('23') -
17361  x('86'), 2) +
17362  power(x('123') -
17363  x('186'), 2) +
17364  power(x('223') -
17365  x('286'), 2)) +
17366  1/sqrt(power(x('26') -
17367  x('83'), 2) +
17368  power(x('126') -
17369  x('183'), 2) +
17370  power(x('226') -
17371  x('283'), 2)) +
17372  1/sqrt(power(x('51') -
17373  x('58'), 2) +
17374  power(x('151') -
17375  x('158'), 2) +
17376  power(x('251') -
17377  x('258'), 2)) +
17378  1/sqrt(power(x('29') -
17379  x('80'), 2) +
17380  power(x('129') -
17381  x('180'), 2) +
17382  power(x('229') -
17383  x('280'), 2)) +
17384  1/sqrt(power(x('17') -
17385  x('92'), 2) +
17386  power(x('117') -
17387  x('192'), 2) +
17388  power(x('217') -
17389  x('292'), 2)) +
17390  1/sqrt(power(x('11') -
17391  x('99'), 2) +
17392  power(x('111') -
17393  x('199'), 2) +
17394  power(x('211') -
17395  x('299'), 2)) +
17396  1/sqrt(power(x('40') -
17397  x('70'), 2) +
17398  power(x('140') -
17399  x('170'), 2) +
17400  power(x('240') -
17401  x('270'), 2)) +
17402  1/sqrt(power(x('16') -
17403  x('94'), 2) +
17404  power(x('116') -
17405  x('194'), 2) +
17406  power(x('216') -
17407  x('294'), 2)) +
17408  1/sqrt(power(x('48') -
17409  x('62'), 2) +
17410  power(x('148') -
17411  x('162'), 2) +
17412  power(x('248') -
17413  x('262'), 2)) +
17414  1/sqrt(power(x('52') -
17415  x('58'), 2) +
17416  power(x('152') -
17417  x('158'), 2) +
17418  power(x('252') -
17419  x('258'), 2)) +
17420  1/sqrt(power(x('13') -
17421  x('97'), 2) +
17422  power(x('113') -
17423  x('197'), 2) +
17424  power(x('213') -
17425  x('297'), 2)) +
17426  1/sqrt(power(x('51') -
17427  x('59'), 2) +
17428  power(x('151') -
17429  x('159'), 2) +
17430  power(x('251') -
17431  x('259'), 2)) +
17432  1/sqrt(power(x('17') -
17433  x('93'), 2) +
17434  power(x('117') -
17435  x('193'), 2) +
17436  power(x('217') -
17437  x('293'), 2)) +
17438  1/sqrt(power(x('41') -
17439  x('69'), 2) +
17440  power(x('141') -
17441  x('169'), 2) +
17442  power(x('241') -
17443  x('269'), 2)) +
17444  1/sqrt(power(x('53') -
17445  x('57'), 2) +
17446  power(x('153') -
17447  x('157'), 2) +
17448  power(x('253') -
17449  x('257'), 2)) +
17450  1/sqrt(power(x('12') -
17451  x('98'), 2) +
17452  power(x('112') -
17453  x('198'), 2) +
17454  power(x('212') -
17455  x('298'), 2)) +
17456  1/sqrt(power(x('21') -
17457  x('89'), 2) +
17458  power(x('121') -
17459  x('189'), 2) +
17460  power(x('221') -
17461  x('289'), 2)) +
17462  1/sqrt(power(x('20') -
17463  x('90'), 2) +
17464  power(x('120') -
17465  x('190'), 2) +
17466  power(x('220') -
17467  x('290'), 2)) +
17468  1/sqrt(power(x('50') -
17469  x('60'), 2) +
17470  power(x('150') -
17471  x('160'), 2) +
17472  power(x('250') -
17473  x('260'), 2)) +
17474  1/sqrt(power(x('32') -
17475  x('78'), 2) +
17476  power(x('132') -
17477  x('178'), 2) +
17478  power(x('232') -
17479  x('278'), 2)) +
17480  1/sqrt(power(x('26') -
17481  x('84'), 2) +
17482  power(x('126') -
17483  x('184'), 2) +
17484  power(x('226') -
17485  x('284'), 2)) +
17486  1/sqrt(power(x('25') -
17487  x('85'), 2) +
17488  power(x('125') -
17489  x('185'), 2) +
17490  power(x('225') -
17491  x('285'), 2)) +
17492  1/sqrt(power(x('10') -
17493  x('100'), 2) +
17494  power(x('110') -
17495  x('200'), 2) +
17496  power(x('210') -
17497  x('300'), 2)) +
17498  1/sqrt(power(x('28') -
17499  x('82'), 2) +
17500  power(x('128') -
17501  x('182'), 2) +
17502  power(x('228') -
17503  x('282'), 2)) +
17504  1/sqrt(power(x('31') -
17505  x('79'), 2) +
17506  power(x('131') -
17507  x('179'), 2) +
17508  power(x('231') -
17509  x('279'), 2)) +
17510  1/sqrt(power(x('29') -
17511  x('81'), 2) +
17512  power(x('129') -
17513  x('181'), 2) +
17514  power(x('229') -
17515  x('281'), 2)) +
17516  1/sqrt(power(x('42') -
17517  x('68'), 2) +
17518  power(x('142') -
17519  x('168'), 2) +
17520  power(x('242') -
17521  x('268'), 2)) +
17522  1/sqrt(power(x('23') -
17523  x('87'), 2) +
17524  power(x('123') -
17525  x('187'), 2) +
17526  power(x('223') -
17527  x('287'), 2)) +
17528  1/sqrt(power(x('45') -
17529  x('65'), 2) +
17530  power(x('145') -
17531  x('165'), 2) +
17532  power(x('245') -
17533  x('265'), 2)) +
17534  1/sqrt(power(x('54') -
17535  x('56'), 2) +
17536  power(x('154') -
17537  x('156'), 2) +
17538  power(x('254') -
17539  x('256'), 2)) +
17540  1/sqrt(power(x('33') -
17541  x('77'), 2) +
17542  power(x('133') -
17543  x('177'), 2) +
17544  power(x('233') -
17545  x('277'), 2)) +
17546  1/sqrt(power(x('46') -
17547  x('64'), 2) +
17548  power(x('146') -
17549  x('164'), 2) +
17550  power(x('246') -
17551  x('264'), 2)) +
17552  1/sqrt(power(x('15') -
17553  x('95'), 2) +
17554  power(x('115') -
17555  x('195'), 2) +
17556  power(x('215') -
17557  x('295'), 2)) +
17558  1/sqrt(power(x('14') -
17559  x('96'), 2) +
17560  power(x('114') -
17561  x('196'), 2) +
17562  power(x('214') -
17563  x('296'), 2)) +
17564  1/sqrt(power(x('49') -
17565  x('61'), 2) +
17566  power(x('149') -
17567  x('161'), 2) +
17568  power(x('249') -
17569  x('261'), 2)) +
17570  1/sqrt(power(x('44') -
17571  x('66'), 2) +
17572  power(x('144') -
17573  x('166'), 2) +
17574  power(x('244') -
17575  x('266'), 2)) +
17576  1/sqrt(power(x('22') -
17577  x('88'), 2) +
17578  power(x('122') -
17579  x('188'), 2) +
17580  power(x('222') -
17581  x('288'), 2)) +
17582  1/sqrt(power(x('27') -
17583  x('83'), 2) +
17584  power(x('127') -
17585  x('183'), 2) +
17586  power(x('227') -
17587  x('283'), 2)) +
17588  1/sqrt(power(x('18') -
17589  x('92'), 2) +
17590  power(x('118') -
17591  x('192'), 2) +
17592  power(x('218') -
17593  x('292'), 2)) +
17594  1/sqrt(power(x('24') -
17595  x('86'), 2) +
17596  power(x('124') -
17597  x('186'), 2) +
17598  power(x('224') -
17599  x('286'), 2)) +
17600  1/sqrt(power(x('30') -
17601  x('80'), 2) +
17602  power(x('130') -
17603  x('180'), 2) +
17604  power(x('230') -
17605  x('280'), 2)) +
17606  1/sqrt(power(x('47') -
17607  x('63'), 2) +
17608  power(x('147') -
17609  x('163'), 2) +
17610  power(x('247') -
17611  x('263'), 2)) +
17612  1/sqrt(power(x('19') -
17613  x('91'), 2) +
17614  power(x('119') -
17615  x('191'), 2) +
17616  power(x('219') -
17617  x('291'), 2)) +
17618  1/sqrt(power(x('36') -
17619  x('74'), 2) +
17620  power(x('136') -
17621  x('174'), 2) +
17622  power(x('236') -
17623  x('274'), 2)) +
17624  1/sqrt(power(x('35') -
17625  x('75'), 2) +
17626  power(x('135') -
17627  x('175'), 2) +
17628  power(x('235') -
17629  x('275'), 2)) +
17630  1/sqrt(power(x('43') -
17631  x('67'), 2) +
17632  power(x('143') -
17633  x('167'), 2) +
17634  power(x('243') -
17635  x('267'), 2)) +
17636  1/sqrt(power(x('37') -
17637  x('73'), 2) +
17638  power(x('137') -
17639  x('173'), 2) +
17640  power(x('237') -
17641  x('273'), 2)) +
17642  1/sqrt(power(x('34') -
17643  x('76'), 2) +
17644  power(x('134') -
17645  x('176'), 2) +
17646  power(x('234') -
17647  x('276'), 2)) +
17648  1/sqrt(power(x('39') -
17649  x('71'), 2) +
17650  power(x('139') -
17651  x('171'), 2) +
17652  power(x('239') -
17653  x('271'), 2)) +
17654  1/sqrt(power(x('38') -
17655  x('72'), 2) +
17656  power(x('138') -
17657  x('172'), 2) +
17658  power(x('238') -
17659  x('272'), 2)) +
17660  1/sqrt(power(x('21') -
17661  x('90'), 2) +
17662  power(x('121') -
17663  x('190'), 2) +
17664  power(x('221') -
17665  x('290'), 2)) +
17666  1/sqrt(power(x('22') -
17667  x('89'), 2) +
17668  power(x('122') -
17669  x('189'), 2) +
17670  power(x('222') -
17671  x('289'), 2)) +
17672  1/sqrt(power(x('29') -
17673  x('82'), 2) +
17674  power(x('129') -
17675  x('182'), 2) +
17676  power(x('229') -
17677  x('282'), 2)) +
17678  1/sqrt(power(x('27') -
17679  x('84'), 2) +
17680  power(x('127') -
17681  x('184'), 2) +
17682  power(x('227') -
17683  x('284'), 2)) +
17684  1/sqrt(power(x('26') -
17685  x('85'), 2) +
17686  power(x('126') -
17687  x('185'), 2) +
17688  power(x('226') -
17689  x('285'), 2)) +
17690  1/sqrt(power(x('19') -
17691  x('92'), 2) +
17692  power(x('119') -
17693  x('192'), 2) +
17694  power(x('219') -
17695  x('292'), 2)) +
17696  1/sqrt(power(x('24') -
17697  x('87'), 2) +
17698  power(x('124') -
17699  x('187'), 2) +
17700  power(x('224') -
17701  x('287'), 2)) +
17702  1/sqrt(power(x('45') -
17703  x('66'), 2) +
17704  power(x('145') -
17705  x('166'), 2) +
17706  power(x('245') -
17707  x('266'), 2)) +
17708  1/sqrt(power(x('17') -
17709  x('94'), 2) +
17710  power(x('117') -
17711  x('194'), 2) +
17712  power(x('217') -
17713  x('294'), 2)) +
17714  1/sqrt(power(x('12') -
17715  x('99'), 2) +
17716  power(x('112') -
17717  x('199'), 2) +
17718  power(x('212') -
17719  x('299'), 2)) +
17720  1/sqrt(power(x('20') -
17721  x('91'), 2) +
17722  power(x('120') -
17723  x('191'), 2) +
17724  power(x('220') -
17725  x('291'), 2)) +
17726  1/sqrt(power(x('28') -
17727  x('83'), 2) +
17728  power(x('128') -
17729  x('183'), 2) +
17730  power(x('228') -
17731  x('283'), 2)) +
17732  1/sqrt(power(x('37') -
17733  x('74'), 2) +
17734  power(x('137') -
17735  x('174'), 2) +
17736  power(x('237') -
17737  x('274'), 2)) +
17738  1/sqrt(power(x('48') -
17739  x('63'), 2) +
17740  power(x('148') -
17741  x('163'), 2) +
17742  power(x('248') -
17743  x('263'), 2)) +
17744  1/sqrt(power(x('49') -
17745  x('62'), 2) +
17746  power(x('149') -
17747  x('162'), 2) +
17748  power(x('249') -
17749  x('262'), 2)) +
17750  1/sqrt(power(x('23') -
17751  x('88'), 2) +
17752  power(x('123') -
17753  x('188'), 2) +
17754  power(x('223') -
17755  x('288'), 2)) +
17756  1/sqrt(power(x('38') -
17757  x('73'), 2) +
17758  power(x('138') -
17759  x('173'), 2) +
17760  power(x('238') -
17761  x('273'), 2)) +
17762  1/sqrt(power(x('11') -
17763  x('100'), 2) +
17764  power(x('111') -
17765  x('200'), 2) +
17766  power(x('211') -
17767  x('300'), 2)) +
17768  1/sqrt(power(x('15') -
17769  x('96'), 2) +
17770  power(x('115') -
17771  x('196'), 2) +
17772  power(x('215') -
17773  x('296'), 2)) +
17774  1/sqrt(power(x('25') -
17775  x('86'), 2) +
17776  power(x('125') -
17777  x('186'), 2) +
17778  power(x('225') -
17779  x('286'), 2)) +
17780  1/sqrt(power(x('55') -
17781  x('56'), 2) +
17782  power(x('155') -
17783  x('156'), 2) +
17784  power(x('255') -
17785  x('256'), 2)) +
17786  1/sqrt(power(x('18') -
17787  x('93'), 2) +
17788  power(x('118') -
17789  x('193'), 2) +
17790  power(x('218') -
17791  x('293'), 2)) +
17792  1/sqrt(power(x('47') -
17793  x('64'), 2) +
17794  power(x('147') -
17795  x('164'), 2) +
17796  power(x('247') -
17797  x('264'), 2)) +
17798  1/sqrt(power(x('33') -
17799  x('78'), 2) +
17800  power(x('133') -
17801  x('178'), 2) +
17802  power(x('233') -
17803  x('278'), 2)) +
17804  1/sqrt(power(x('36') -
17805  x('75'), 2) +
17806  power(x('136') -
17807  x('175'), 2) +
17808  power(x('236') -
17809  x('275'), 2)) +
17810  1/sqrt(power(x('50') -
17811  x('61'), 2) +
17812  power(x('150') -
17813  x('161'), 2) +
17814  power(x('250') -
17815  x('261'), 2)) +
17816  1/sqrt(power(x('54') -
17817  x('57'), 2) +
17818  power(x('154') -
17819  x('157'), 2) +
17820  power(x('254') -
17821  x('257'), 2)) +
17822  1/sqrt(power(x('34') -
17823  x('77'), 2) +
17824  power(x('134') -
17825  x('177'), 2) +
17826  power(x('234') -
17827  x('277'), 2)) +
17828  1/sqrt(power(x('16') -
17829  x('95'), 2) +
17830  power(x('116') -
17831  x('195'), 2) +
17832  power(x('216') -
17833  x('295'), 2)) +
17834  1/sqrt(power(x('42') -
17835  x('69'), 2) +
17836  power(x('142') -
17837  x('169'), 2) +
17838  power(x('242') -
17839  x('269'), 2)) +
17840  1/sqrt(power(x('39') -
17841  x('72'), 2) +
17842  power(x('139') -
17843  x('172'), 2) +
17844  power(x('239') -
17845  x('272'), 2)) +
17846  1/sqrt(power(x('43') -
17847  x('68'), 2) +
17848  power(x('143') -
17849  x('168'), 2) +
17850  power(x('243') -
17851  x('268'), 2)) +
17852  1/sqrt(power(x('32') -
17853  x('79'), 2) +
17854  power(x('132') -
17855  x('179'), 2) +
17856  power(x('232') -
17857  x('279'), 2)) +
17858  1/sqrt(power(x('41') -
17859  x('70'), 2) +
17860  power(x('141') -
17861  x('170'), 2) +
17862  power(x('241') -
17863  x('270'), 2)) +
17864  1/sqrt(power(x('13') -
17865  x('98'), 2) +
17866  power(x('113') -
17867  x('198'), 2) +
17868  power(x('213') -
17869  x('298'), 2)) +
17870  1/sqrt(power(x('46') -
17871  x('65'), 2) +
17872  power(x('146') -
17873  x('165'), 2) +
17874  power(x('246') -
17875  x('265'), 2)) +
17876  1/sqrt(power(x('14') -
17877  x('97'), 2) +
17878  power(x('114') -
17879  x('197'), 2) +
17880  power(x('214') -
17881  x('297'), 2)) +
17882  1/sqrt(power(x('51') -
17883  x('60'), 2) +
17884  power(x('151') -
17885  x('160'), 2) +
17886  power(x('251') -
17887  x('260'), 2)) +
17888  1/sqrt(power(x('44') -
17889  x('67'), 2) +
17890  power(x('144') -
17891  x('167'), 2) +
17892  power(x('244') -
17893  x('267'), 2)) +
17894  1/sqrt(power(x('53') -
17895  x('58'), 2) +
17896  power(x('153') -
17897  x('158'), 2) +
17898  power(x('253') -
17899  x('258'), 2)) +
17900  1/sqrt(power(x('30') -
17901  x('81'), 2) +
17902  power(x('130') -
17903  x('181'), 2) +
17904  power(x('230') -
17905  x('281'), 2)) +
17906  1/sqrt(power(x('35') -
17907  x('76'), 2) +
17908  power(x('135') -
17909  x('176'), 2) +
17910  power(x('235') -
17911  x('276'), 2)) +
17912  1/sqrt(power(x('40') -
17913  x('71'), 2) +
17914  power(x('140') -
17915  x('171'), 2) +
17916  power(x('240') -
17917  x('271'), 2)) +
17918  1/sqrt(power(x('31') -
17919  x('80'), 2) +
17920  power(x('131') -
17921  x('180'), 2) +
17922  power(x('231') -
17923  x('280'), 2)) +
17924  1/sqrt(power(x('52') -
17925  x('59'), 2) +
17926  power(x('152') -
17927  x('159'), 2) +
17928  power(x('252') -
17929  x('259'), 2)) +
17930  1/sqrt(power(x('52') -
17931  x('60'), 2) +
17932  power(x('152') -
17933  x('160'), 2) +
17934  power(x('252') -
17935  x('260'), 2)) +
17936  1/sqrt(power(x('37') -
17937  x('75'), 2) +
17938  power(x('137') -
17939  x('175'), 2) +
17940  power(x('237') -
17941  x('275'), 2)) +
17942  1/sqrt(power(x('53') -
17943  x('59'), 2) +
17944  power(x('153') -
17945  x('159'), 2) +
17946  power(x('253') -
17947  x('259'), 2)) +
17948  1/sqrt(power(x('51') -
17949  x('61'), 2) +
17950  power(x('151') -
17951  x('161'), 2) +
17952  power(x('251') -
17953  x('261'), 2)) +
17954  1/sqrt(power(x('48') -
17955  x('64'), 2) +
17956  power(x('148') -
17957  x('164'), 2) +
17958  power(x('248') -
17959  x('264'), 2)) +
17960  1/sqrt(power(x('54') -
17961  x('58'), 2) +
17962  power(x('154') -
17963  x('158'), 2) +
17964  power(x('254') -
17965  x('258'), 2)) +
17966  1/sqrt(power(x('50') -
17967  x('62'), 2) +
17968  power(x('150') -
17969  x('162'), 2) +
17970  power(x('250') -
17971  x('262'), 2)) +
17972  1/sqrt(power(x('31') -
17973  x('81'), 2) +
17974  power(x('131') -
17975  x('181'), 2) +
17976  power(x('231') -
17977  x('281'), 2)) +
17978  1/sqrt(power(x('14') -
17979  x('98'), 2) +
17980  power(x('114') -
17981  x('198'), 2) +
17982  power(x('214') -
17983  x('298'), 2)) +
17984  1/sqrt(power(x('16') -
17985  x('96'), 2) +
17986  power(x('116') -
17987  x('196'), 2) +
17988  power(x('216') -
17989  x('296'), 2)) +
17990  1/sqrt(power(x('30') -
17991  x('82'), 2) +
17992  power(x('130') -
17993  x('182'), 2) +
17994  power(x('230') -
17995  x('282'), 2)) +
17996  1/sqrt(power(x('45') -
17997  x('67'), 2) +
17998  power(x('145') -
17999  x('167'), 2) +
18000  power(x('245') -
18001  x('267'), 2)) +
18002  1/sqrt(power(x('32') -
18003  x('80'), 2) +
18004  power(x('132') -
18005  x('180'), 2) +
18006  power(x('232') -
18007  x('280'), 2)) +
18008  1/sqrt(power(x('22') -
18009  x('90'), 2) +
18010  power(x('122') -
18011  x('190'), 2) +
18012  power(x('222') -
18013  x('290'), 2)) +
18014  1/sqrt(power(x('18') -
18015  x('94'), 2) +
18016  power(x('118') -
18017  x('194'), 2) +
18018  power(x('218') -
18019  x('294'), 2)) +
18020  1/sqrt(power(x('35') -
18021  x('77'), 2) +
18022  power(x('135') -
18023  x('177'), 2) +
18024  power(x('235') -
18025  x('277'), 2)) +
18026  1/sqrt(power(x('46') -
18027  x('66'), 2) +
18028  power(x('146') -
18029  x('166'), 2) +
18030  power(x('246') -
18031  x('266'), 2)) +
18032  1/sqrt(power(x('39') -
18033  x('73'), 2) +
18034  power(x('139') -
18035  x('173'), 2) +
18036  power(x('239') -
18037  x('273'), 2)) +
18038  1/sqrt(power(x('12') -
18039  x('100'), 2) +
18040  power(x('112') -
18041  x('200'), 2) +
18042  power(x('212') -
18043  x('300'), 2)) +
18044  1/sqrt(power(x('44') -
18045  x('68'), 2) +
18046  power(x('144') -
18047  x('168'), 2) +
18048  power(x('244') -
18049  x('268'), 2)) +
18050  1/sqrt(power(x('23') -
18051  x('89'), 2) +
18052  power(x('123') -
18053  x('189'), 2) +
18054  power(x('223') -
18055  x('289'), 2)) +
18056  1/sqrt(power(x('40') -
18057  x('72'), 2) +
18058  power(x('140') -
18059  x('172'), 2) +
18060  power(x('240') -
18061  x('272'), 2)) +
18062  1/sqrt(power(x('34') -
18063  x('78'), 2) +
18064  power(x('134') -
18065  x('178'), 2) +
18066  power(x('234') -
18067  x('278'), 2)) +
18068  1/sqrt(power(x('15') -
18069  x('97'), 2) +
18070  power(x('115') -
18071  x('197'), 2) +
18072  power(x('215') -
18073  x('297'), 2)) +
18074  1/sqrt(power(x('55') -
18075  x('57'), 2) +
18076  power(x('155') -
18077  x('157'), 2) +
18078  power(x('255') -
18079  x('257'), 2)) +
18080  1/sqrt(power(x('20') -
18081  x('92'), 2) +
18082  power(x('120') -
18083  x('192'), 2) +
18084  power(x('220') -
18085  x('292'), 2)) +
18086  1/sqrt(power(x('28') -
18087  x('84'), 2) +
18088  power(x('128') -
18089  x('184'), 2) +
18090  power(x('228') -
18091  x('284'), 2)) +
18092  1/sqrt(power(x('13') -
18093  x('99'), 2) +
18094  power(x('113') -
18095  x('199'), 2) +
18096  power(x('213') -
18097  x('299'), 2)) +
18098  1/sqrt(power(x('49') -
18099  x('63'), 2) +
18100  power(x('149') -
18101  x('163'), 2) +
18102  power(x('249') -
18103  x('263'), 2)) +
18104  1/sqrt(power(x('17') -
18105  x('95'), 2) +
18106  power(x('117') -
18107  x('195'), 2) +
18108  power(x('217') -
18109  x('295'), 2)) +
18110  1/sqrt(power(x('36') -
18111  x('76'), 2) +
18112  power(x('136') -
18113  x('176'), 2) +
18114  power(x('236') -
18115  x('276'), 2)) +
18116  1/sqrt(power(x('38') -
18117  x('74'), 2) +
18118  power(x('138') -
18119  x('174'), 2) +
18120  power(x('238') -
18121  x('274'), 2)) +
18122  1/sqrt(power(x('27') -
18123  x('85'), 2) +
18124  power(x('127') -
18125  x('185'), 2) +
18126  power(x('227') -
18127  x('285'), 2)) +
18128  1/sqrt(power(x('47') -
18129  x('65'), 2) +
18130  power(x('147') -
18131  x('165'), 2) +
18132  power(x('247') -
18133  x('265'), 2)) +
18134  1/sqrt(power(x('43') -
18135  x('69'), 2) +
18136  power(x('143') -
18137  x('169'), 2) +
18138  power(x('243') -
18139  x('269'), 2)) +
18140  1/sqrt(power(x('41') -
18141  x('71'), 2) +
18142  power(x('141') -
18143  x('171'), 2) +
18144  power(x('241') -
18145  x('271'), 2)) +
18146  1/sqrt(power(x('19') -
18147  x('93'), 2) +
18148  power(x('119') -
18149  x('193'), 2) +
18150  power(x('219') -
18151  x('293'), 2)) +
18152  1/sqrt(power(x('21') -
18153  x('91'), 2) +
18154  power(x('121') -
18155  x('191'), 2) +
18156  power(x('221') -
18157  x('291'), 2)) +
18158  1/sqrt(power(x('33') -
18159  x('79'), 2) +
18160  power(x('133') -
18161  x('179'), 2) +
18162  power(x('233') -
18163  x('279'), 2)) +
18164  1/sqrt(power(x('25') -
18165  x('87'), 2) +
18166  power(x('125') -
18167  x('187'), 2) +
18168  power(x('225') -
18169  x('287'), 2)) +
18170  1/sqrt(power(x('29') -
18171  x('83'), 2) +
18172  power(x('129') -
18173  x('183'), 2) +
18174  power(x('229') -
18175  x('283'), 2)) +
18176  1/sqrt(power(x('24') -
18177  x('88'), 2) +
18178  power(x('124') -
18179  x('188'), 2) +
18180  power(x('224') -
18181  x('288'), 2)) +
18182  1/sqrt(power(x('26') -
18183  x('86'), 2) +
18184  power(x('126') -
18185  x('186'), 2) +
18186  power(x('226') -
18187  x('286'), 2)) +
18188  1/sqrt(power(x('42') -
18189  x('70'), 2) +
18190  power(x('142') -
18191  x('170'), 2) +
18192  power(x('242') -
18193  x('270'), 2)) +
18194  1/sqrt(power(x('19') -
18195  x('94'), 2) +
18196  power(x('119') -
18197  x('194'), 2) +
18198  power(x('219') -
18199  x('294'), 2)) +
18200  1/sqrt(power(x('13') -
18201  x('100'), 2) +
18202  power(x('113') -
18203  x('200'), 2) +
18204  power(x('213') -
18205  x('300'), 2)) +
18206  1/sqrt(power(x('18') -
18207  x('95'), 2) +
18208  power(x('118') -
18209  x('195'), 2) +
18210  power(x('218') -
18211  x('295'), 2)) +
18212  1/sqrt(power(x('53') -
18213  x('60'), 2) +
18214  power(x('153') -
18215  x('160'), 2) +
18216  power(x('253') -
18217  x('260'), 2)) +
18218  1/sqrt(power(x('15') -
18219  x('98'), 2) +
18220  power(x('115') -
18221  x('198'), 2) +
18222  power(x('215') -
18223  x('298'), 2)) +
18224  1/sqrt(power(x('51') -
18225  x('62'), 2) +
18226  power(x('151') -
18227  x('162'), 2) +
18228  power(x('251') -
18229  x('262'), 2)) +
18230  1/sqrt(power(x('21') -
18231  x('92'), 2) +
18232  power(x('121') -
18233  x('192'), 2) +
18234  power(x('221') -
18235  x('292'), 2)) +
18236  1/sqrt(power(x('23') -
18237  x('90'), 2) +
18238  power(x('123') -
18239  x('190'), 2) +
18240  power(x('223') -
18241  x('290'), 2)) +
18242  1/sqrt(power(x('14') -
18243  x('99'), 2) +
18244  power(x('114') -
18245  x('199'), 2) +
18246  power(x('214') -
18247  x('299'), 2)) +
18248  1/sqrt(power(x('20') -
18249  x('93'), 2) +
18250  power(x('120') -
18251  x('193'), 2) +
18252  power(x('220') -
18253  x('293'), 2)) +
18254  1/sqrt(power(x('24') -
18255  x('89'), 2) +
18256  power(x('124') -
18257  x('189'), 2) +
18258  power(x('224') -
18259  x('289'), 2)) +
18260  1/sqrt(power(x('29') -
18261  x('84'), 2) +
18262  power(x('129') -
18263  x('184'), 2) +
18264  power(x('229') -
18265  x('284'), 2)) +
18266  1/sqrt(power(x('45') -
18267  x('68'), 2) +
18268  power(x('145') -
18269  x('168'), 2) +
18270  power(x('245') -
18271  x('268'), 2)) +
18272  1/sqrt(power(x('56') -
18273  x('57'), 2) +
18274  power(x('156') -
18275  x('157'), 2) +
18276  power(x('256') -
18277  x('257'), 2)) +
18278  1/sqrt(power(x('37') -
18279  x('76'), 2) +
18280  power(x('137') -
18281  x('176'), 2) +
18282  power(x('237') -
18283  x('276'), 2)) +
18284  1/sqrt(power(x('36') -
18285  x('77'), 2) +
18286  power(x('136') -
18287  x('177'), 2) +
18288  power(x('236') -
18289  x('277'), 2)) +
18290  1/sqrt(power(x('42') -
18291  x('71'), 2) +
18292  power(x('142') -
18293  x('171'), 2) +
18294  power(x('242') -
18295  x('271'), 2)) +
18296  1/sqrt(power(x('28') -
18297  x('85'), 2) +
18298  power(x('128') -
18299  x('185'), 2) +
18300  power(x('228') -
18301  x('285'), 2)) +
18302  1/sqrt(power(x('41') -
18303  x('72'), 2) +
18304  power(x('141') -
18305  x('172'), 2) +
18306  power(x('241') -
18307  x('272'), 2)) +
18308  1/sqrt(power(x('55') -
18309  x('58'), 2) +
18310  power(x('155') -
18311  x('158'), 2) +
18312  power(x('255') -
18313  x('258'), 2)) +
18314  1/sqrt(power(x('22') -
18315  x('91'), 2) +
18316  power(x('122') -
18317  x('191'), 2) +
18318  power(x('222') -
18319  x('291'), 2)) +
18320  1/sqrt(power(x('17') -
18321  x('96'), 2) +
18322  power(x('117') -
18323  x('196'), 2) +
18324  power(x('217') -
18325  x('296'), 2)) +
18326  1/sqrt(power(x('52') -
18327  x('61'), 2) +
18328  power(x('152') -
18329  x('161'), 2) +
18330  power(x('252') -
18331  x('261'), 2)) +
18332  1/sqrt(power(x('30') -
18333  x('83'), 2) +
18334  power(x('130') -
18335  x('183'), 2) +
18336  power(x('230') -
18337  x('283'), 2)) +
18338  1/sqrt(power(x('16') -
18339  x('97'), 2) +
18340  power(x('116') -
18341  x('197'), 2) +
18342  power(x('216') -
18343  x('297'), 2)) +
18344  1/sqrt(power(x('43') -
18345  x('70'), 2) +
18346  power(x('143') -
18347  x('170'), 2) +
18348  power(x('243') -
18349  x('270'), 2)) +
18350  1/sqrt(power(x('48') -
18351  x('65'), 2) +
18352  power(x('148') -
18353  x('165'), 2) +
18354  power(x('248') -
18355  x('265'), 2)) +
18356  1/sqrt(power(x('38') -
18357  x('75'), 2) +
18358  power(x('138') -
18359  x('175'), 2) +
18360  power(x('238') -
18361  x('275'), 2)) +
18362  1/sqrt(power(x('35') -
18363  x('78'), 2) +
18364  power(x('135') -
18365  x('178'), 2) +
18366  power(x('235') -
18367  x('278'), 2)) +
18368  1/sqrt(power(x('49') -
18369  x('64'), 2) +
18370  power(x('149') -
18371  x('164'), 2) +
18372  power(x('249') -
18373  x('264'), 2)) +
18374  1/sqrt(power(x('40') -
18375  x('73'), 2) +
18376  power(x('140') -
18377  x('173'), 2) +
18378  power(x('240') -
18379  x('273'), 2)) +
18380  1/sqrt(power(x('26') -
18381  x('87'), 2) +
18382  power(x('126') -
18383  x('187'), 2) +
18384  power(x('226') -
18385  x('287'), 2)) +
18386  1/sqrt(power(x('54') -
18387  x('59'), 2) +
18388  power(x('154') -
18389  x('159'), 2) +
18390  power(x('254') -
18391  x('259'), 2)) +
18392  1/sqrt(power(x('47') -
18393  x('66'), 2) +
18394  power(x('147') -
18395  x('166'), 2) +
18396  power(x('247') -
18397  x('266'), 2)) +
18398  1/sqrt(power(x('32') -
18399  x('81'), 2) +
18400  power(x('132') -
18401  x('181'), 2) +
18402  power(x('232') -
18403  x('281'), 2)) +
18404  1/sqrt(power(x('25') -
18405  x('88'), 2) +
18406  power(x('125') -
18407  x('188'), 2) +
18408  power(x('225') -
18409  x('288'), 2)) +
18410  1/sqrt(power(x('33') -
18411  x('80'), 2) +
18412  power(x('133') -
18413  x('180'), 2) +
18414  power(x('233') -
18415  x('280'), 2)) +
18416  1/sqrt(power(x('50') -
18417  x('63'), 2) +
18418  power(x('150') -
18419  x('163'), 2) +
18420  power(x('250') -
18421  x('263'), 2)) +
18422  1/sqrt(power(x('44') -
18423  x('69'), 2) +
18424  power(x('144') -
18425  x('169'), 2) +
18426  power(x('244') -
18427  x('269'), 2)) +
18428  1/sqrt(power(x('27') -
18429  x('86'), 2) +
18430  power(x('127') -
18431  x('186'), 2) +
18432  power(x('227') -
18433  x('286'), 2)) +
18434  1/sqrt(power(x('46') -
18435  x('67'), 2) +
18436  power(x('146') -
18437  x('167'), 2) +
18438  power(x('246') -
18439  x('267'), 2)) +
18440  1/sqrt(power(x('31') -
18441  x('82'), 2) +
18442  power(x('131') -
18443  x('182'), 2) +
18444  power(x('231') -
18445  x('282'), 2)) +
18446  1/sqrt(power(x('39') -
18447  x('74'), 2) +
18448  power(x('139') -
18449  x('174'), 2) +
18450  power(x('239') -
18451  x('274'), 2)) +
18452  1/sqrt(power(x('34') -
18453  x('79'), 2) +
18454  power(x('134') -
18455  x('179'), 2) +
18456  power(x('234') -
18457  x('279'), 2)) +
18458  1/sqrt(power(x('56') -
18459  x('58'), 2) +
18460  power(x('156') -
18461  x('158'), 2) +
18462  power(x('256') -
18463  x('258'), 2)) +
18464  1/sqrt(power(x('36') -
18465  x('78'), 2) +
18466  power(x('136') -
18467  x('178'), 2) +
18468  power(x('236') -
18469  x('278'), 2)) +
18470  1/sqrt(power(x('52') -
18471  x('62'), 2) +
18472  power(x('152') -
18473  x('162'), 2) +
18474  power(x('252') -
18475  x('262'), 2)) +
18476  1/sqrt(power(x('41') -
18477  x('73'), 2) +
18478  power(x('141') -
18479  x('173'), 2) +
18480  power(x('241') -
18481  x('273'), 2)) +
18482  1/sqrt(power(x('53') -
18483  x('61'), 2) +
18484  power(x('153') -
18485  x('161'), 2) +
18486  power(x('253') -
18487  x('261'), 2)) +
18488  1/sqrt(power(x('48') -
18489  x('66'), 2) +
18490  power(x('148') -
18491  x('166'), 2) +
18492  power(x('248') -
18493  x('266'), 2)) +
18494  1/sqrt(power(x('51') -
18495  x('63'), 2) +
18496  power(x('151') -
18497  x('163'), 2) +
18498  power(x('251') -
18499  x('263'), 2)) +
18500  1/sqrt(power(x('44') -
18501  x('70'), 2) +
18502  power(x('144') -
18503  x('170'), 2) +
18504  power(x('244') -
18505  x('270'), 2)) +
18506  1/sqrt(power(x('54') -
18507  x('60'), 2) +
18508  power(x('154') -
18509  x('160'), 2) +
18510  power(x('254') -
18511  x('260'), 2)) +
18512  1/sqrt(power(x('45') -
18513  x('69'), 2) +
18514  power(x('145') -
18515  x('169'), 2) +
18516  power(x('245') -
18517  x('269'), 2)) +
18518  1/sqrt(power(x('22') -
18519  x('92'), 2) +
18520  power(x('122') -
18521  x('192'), 2) +
18522  power(x('222') -
18523  x('292'), 2)) +
18524  1/sqrt(power(x('21') -
18525  x('93'), 2) +
18526  power(x('121') -
18527  x('193'), 2) +
18528  power(x('221') -
18529  x('293'), 2)) +
18530  1/sqrt(power(x('43') -
18531  x('71'), 2) +
18532  power(x('143') -
18533  x('171'), 2) +
18534  power(x('243') -
18535  x('271'), 2)) +
18536  1/sqrt(power(x('50') -
18537  x('64'), 2) +
18538  power(x('150') -
18539  x('164'), 2) +
18540  power(x('250') -
18541  x('264'), 2)) +
18542  1/sqrt(power(x('24') -
18543  x('90'), 2) +
18544  power(x('124') -
18545  x('190'), 2) +
18546  power(x('224') -
18547  x('290'), 2)) +
18548  1/sqrt(power(x('46') -
18549  x('68'), 2) +
18550  power(x('146') -
18551  x('168'), 2) +
18552  power(x('246') -
18553  x('268'), 2)) +
18554  1/sqrt(power(x('30') -
18555  x('84'), 2) +
18556  power(x('130') -
18557  x('184'), 2) +
18558  power(x('230') -
18559  x('284'), 2)) +
18560  1/sqrt(power(x('55') -
18561  x('59'), 2) +
18562  power(x('155') -
18563  x('159'), 2) +
18564  power(x('255') -
18565  x('259'), 2)) +
18566  1/sqrt(power(x('38') -
18567  x('76'), 2) +
18568  power(x('138') -
18569  x('176'), 2) +
18570  power(x('238') -
18571  x('276'), 2)) +
18572  1/sqrt(power(x('39') -
18573  x('75'), 2) +
18574  power(x('139') -
18575  x('175'), 2) +
18576  power(x('239') -
18577  x('275'), 2)) +
18578  1/sqrt(power(x('34') -
18579  x('80'), 2) +
18580  power(x('134') -
18581  x('180'), 2) +
18582  power(x('234') -
18583  x('280'), 2)) +
18584  1/sqrt(power(x('25') -
18585  x('89'), 2) +
18586  power(x('125') -
18587  x('189'), 2) +
18588  power(x('225') -
18589  x('289'), 2)) +
18590  1/sqrt(power(x('31') -
18591  x('83'), 2) +
18592  power(x('131') -
18593  x('183'), 2) +
18594  power(x('231') -
18595  x('283'), 2)) +
18596  1/sqrt(power(x('33') -
18597  x('81'), 2) +
18598  power(x('133') -
18599  x('181'), 2) +
18600  power(x('233') -
18601  x('281'), 2)) +
18602  1/sqrt(power(x('29') -
18603  x('85'), 2) +
18604  power(x('129') -
18605  x('185'), 2) +
18606  power(x('229') -
18607  x('285'), 2)) +
18608  1/sqrt(power(x('23') -
18609  x('91'), 2) +
18610  power(x('123') -
18611  x('191'), 2) +
18612  power(x('223') -
18613  x('291'), 2)) +
18614  1/sqrt(power(x('42') -
18615  x('72'), 2) +
18616  power(x('142') -
18617  x('172'), 2) +
18618  power(x('242') -
18619  x('272'), 2)) +
18620  1/sqrt(power(x('37') -
18621  x('77'), 2) +
18622  power(x('137') -
18623  x('177'), 2) +
18624  power(x('237') -
18625  x('277'), 2)) +
18626  1/sqrt(power(x('35') -
18627  x('79'), 2) +
18628  power(x('135') -
18629  x('179'), 2) +
18630  power(x('235') -
18631  x('279'), 2)) +
18632  1/sqrt(power(x('49') -
18633  x('65'), 2) +
18634  power(x('149') -
18635  x('165'), 2) +
18636  power(x('249') -
18637  x('265'), 2)) +
18638  1/sqrt(power(x('40') -
18639  x('74'), 2) +
18640  power(x('140') -
18641  x('174'), 2) +
18642  power(x('240') -
18643  x('274'), 2)) +
18644  1/sqrt(power(x('47') -
18645  x('67'), 2) +
18646  power(x('147') -
18647  x('167'), 2) +
18648  power(x('247') -
18649  x('267'), 2)) +
18650  1/sqrt(power(x('19') -
18651  x('95'), 2) +
18652  power(x('119') -
18653  x('195'), 2) +
18654  power(x('219') -
18655  x('295'), 2)) +
18656  1/sqrt(power(x('20') -
18657  x('94'), 2) +
18658  power(x('120') -
18659  x('194'), 2) +
18660  power(x('220') -
18661  x('294'), 2)) +
18662  1/sqrt(power(x('27') -
18663  x('87'), 2) +
18664  power(x('127') -
18665  x('187'), 2) +
18666  power(x('227') -
18667  x('287'), 2)) +
18668  1/sqrt(power(x('32') -
18669  x('82'), 2) +
18670  power(x('132') -
18671  x('182'), 2) +
18672  power(x('232') -
18673  x('282'), 2)) +
18674  1/sqrt(power(x('17') -
18675  x('97'), 2) +
18676  power(x('117') -
18677  x('197'), 2) +
18678  power(x('217') -
18679  x('297'), 2)) +
18680  1/sqrt(power(x('26') -
18681  x('88'), 2) +
18682  power(x('126') -
18683  x('188'), 2) +
18684  power(x('226') -
18685  x('288'), 2)) +
18686  1/sqrt(power(x('28') -
18687  x('86'), 2) +
18688  power(x('128') -
18689  x('186'), 2) +
18690  power(x('228') -
18691  x('286'), 2)) +
18692  1/sqrt(power(x('18') -
18693  x('96'), 2) +
18694  power(x('118') -
18695  x('196'), 2) +
18696  power(x('218') -
18697  x('296'), 2)) +
18698  1/sqrt(power(x('15') -
18699  x('99'), 2) +
18700  power(x('115') -
18701  x('199'), 2) +
18702  power(x('215') -
18703  x('299'), 2)) +
18704  1/sqrt(power(x('16') -
18705  x('98'), 2) +
18706  power(x('116') -
18707  x('198'), 2) +
18708  power(x('216') -
18709  x('298'), 2)) +
18710  1/sqrt(power(x('14') -
18711  x('100'), 2) +
18712  power(x('114') -
18713  x('200'), 2) +
18714  power(x('214') -
18715  x('300'), 2)) +
18716  1/sqrt(power(x('53') -
18717  x('62'), 2) +
18718  power(x('153') -
18719  x('162'), 2) +
18720  power(x('253') -
18721  x('262'), 2)) +
18722  1/sqrt(power(x('57') -
18723  x('58'), 2) +
18724  power(x('157') -
18725  x('158'), 2) +
18726  power(x('257') -
18727  x('258'), 2)) +
18728  1/sqrt(power(x('51') -
18729  x('64'), 2) +
18730  power(x('151') -
18731  x('164'), 2) +
18732  power(x('251') -
18733  x('264'), 2)) +
18734  1/sqrt(power(x('56') -
18735  x('59'), 2) +
18736  power(x('156') -
18737  x('159'), 2) +
18738  power(x('256') -
18739  x('259'), 2)) +
18740  1/sqrt(power(x('55') -
18741  x('60'), 2) +
18742  power(x('155') -
18743  x('160'), 2) +
18744  power(x('255') -
18745  x('260'), 2)) +
18746  1/sqrt(power(x('28') -
18747  x('87'), 2) +
18748  power(x('128') -
18749  x('187'), 2) +
18750  power(x('228') -
18751  x('287'), 2)) +
18752  1/sqrt(power(x('35') -
18753  x('80'), 2) +
18754  power(x('135') -
18755  x('180'), 2) +
18756  power(x('235') -
18757  x('280'), 2)) +
18758  1/sqrt(power(x('36') -
18759  x('79'), 2) +
18760  power(x('136') -
18761  x('179'), 2) +
18762  power(x('236') -
18763  x('279'), 2)) +
18764  1/sqrt(power(x('41') -
18765  x('74'), 2) +
18766  power(x('141') -
18767  x('174'), 2) +
18768  power(x('241') -
18769  x('274'), 2)) +
18770  1/sqrt(power(x('48') -
18771  x('67'), 2) +
18772  power(x('148') -
18773  x('167'), 2) +
18774  power(x('248') -
18775  x('267'), 2)) +
18776  1/sqrt(power(x('40') -
18777  x('75'), 2) +
18778  power(x('140') -
18779  x('175'), 2) +
18780  power(x('240') -
18781  x('275'), 2)) +
18782  1/sqrt(power(x('47') -
18783  x('68'), 2) +
18784  power(x('147') -
18785  x('168'), 2) +
18786  power(x('247') -
18787  x('268'), 2)) +
18788  1/sqrt(power(x('52') -
18789  x('63'), 2) +
18790  power(x('152') -
18791  x('163'), 2) +
18792  power(x('252') -
18793  x('263'), 2)) +
18794  1/sqrt(power(x('27') -
18795  x('88'), 2) +
18796  power(x('127') -
18797  x('188'), 2) +
18798  power(x('227') -
18799  x('288'), 2)) +
18800  1/sqrt(power(x('29') -
18801  x('86'), 2) +
18802  power(x('129') -
18803  x('186'), 2) +
18804  power(x('229') -
18805  x('286'), 2)) +
18806  1/sqrt(power(x('49') -
18807  x('66'), 2) +
18808  power(x('149') -
18809  x('166'), 2) +
18810  power(x('249') -
18811  x('266'), 2)) +
18812  1/sqrt(power(x('42') -
18813  x('73'), 2) +
18814  power(x('142') -
18815  x('173'), 2) +
18816  power(x('242') -
18817  x('273'), 2)) +
18818  1/sqrt(power(x('22') -
18819  x('93'), 2) +
18820  power(x('122') -
18821  x('193'), 2) +
18822  power(x('222') -
18823  x('293'), 2)) +
18824  1/sqrt(power(x('34') -
18825  x('81'), 2) +
18826  power(x('134') -
18827  x('181'), 2) +
18828  power(x('234') -
18829  x('281'), 2)) +
18830  1/sqrt(power(x('23') -
18831  x('92'), 2) +
18832  power(x('123') -
18833  x('192'), 2) +
18834  power(x('223') -
18835  x('292'), 2)) +
18836  1/sqrt(power(x('37') -
18837  x('78'), 2) +
18838  power(x('137') -
18839  x('178'), 2) +
18840  power(x('237') -
18841  x('278'), 2)) +
18842  1/sqrt(power(x('54') -
18843  x('61'), 2) +
18844  power(x('154') -
18845  x('161'), 2) +
18846  power(x('254') -
18847  x('261'), 2)) +
18848  1/sqrt(power(x('46') -
18849  x('69'), 2) +
18850  power(x('146') -
18851  x('169'), 2) +
18852  power(x('246') -
18853  x('269'), 2)) +
18854  1/sqrt(power(x('39') -
18855  x('76'), 2) +
18856  power(x('139') -
18857  x('176'), 2) +
18858  power(x('239') -
18859  x('276'), 2)) +
18860  1/sqrt(power(x('31') -
18861  x('84'), 2) +
18862  power(x('131') -
18863  x('184'), 2) +
18864  power(x('231') -
18865  x('284'), 2)) +
18866  1/sqrt(power(x('50') -
18867  x('65'), 2) +
18868  power(x('150') -
18869  x('165'), 2) +
18870  power(x('250') -
18871  x('265'), 2)) +
18872  1/sqrt(power(x('32') -
18873  x('83'), 2) +
18874  power(x('132') -
18875  x('183'), 2) +
18876  power(x('232') -
18877  x('283'), 2)) +
18878  1/sqrt(power(x('20') -
18879  x('95'), 2) +
18880  power(x('120') -
18881  x('195'), 2) +
18882  power(x('220') -
18883  x('295'), 2)) +
18884  1/sqrt(power(x('25') -
18885  x('90'), 2) +
18886  power(x('125') -
18887  x('190'), 2) +
18888  power(x('225') -
18889  x('290'), 2)) +
18890  1/sqrt(power(x('16') -
18891  x('99'), 2) +
18892  power(x('116') -
18893  x('199'), 2) +
18894  power(x('216') -
18895  x('299'), 2)) +
18896  1/sqrt(power(x('18') -
18897  x('97'), 2) +
18898  power(x('118') -
18899  x('197'), 2) +
18900  power(x('218') -
18901  x('297'), 2)) +
18902  1/sqrt(power(x('43') -
18903  x('72'), 2) +
18904  power(x('143') -
18905  x('172'), 2) +
18906  power(x('243') -
18907  x('272'), 2)) +
18908  1/sqrt(power(x('45') -
18909  x('70'), 2) +
18910  power(x('145') -
18911  x('170'), 2) +
18912  power(x('245') -
18913  x('270'), 2)) +
18914  1/sqrt(power(x('30') -
18915  x('85'), 2) +
18916  power(x('130') -
18917  x('185'), 2) +
18918  power(x('230') -
18919  x('285'), 2)) +
18920  1/sqrt(power(x('21') -
18921  x('94'), 2) +
18922  power(x('121') -
18923  x('194'), 2) +
18924  power(x('221') -
18925  x('294'), 2)) +
18926  1/sqrt(power(x('26') -
18927  x('89'), 2) +
18928  power(x('126') -
18929  x('189'), 2) +
18930  power(x('226') -
18931  x('289'), 2)) +
18932  1/sqrt(power(x('24') -
18933  x('91'), 2) +
18934  power(x('124') -
18935  x('191'), 2) +
18936  power(x('224') -
18937  x('291'), 2)) +
18938  1/sqrt(power(x('38') -
18939  x('77'), 2) +
18940  power(x('138') -
18941  x('177'), 2) +
18942  power(x('238') -
18943  x('277'), 2)) +
18944  1/sqrt(power(x('33') -
18945  x('82'), 2) +
18946  power(x('133') -
18947  x('182'), 2) +
18948  power(x('233') -
18949  x('282'), 2)) +
18950  1/sqrt(power(x('17') -
18951  x('98'), 2) +
18952  power(x('117') -
18953  x('198'), 2) +
18954  power(x('217') -
18955  x('298'), 2)) +
18956  1/sqrt(power(x('19') -
18957  x('96'), 2) +
18958  power(x('119') -
18959  x('196'), 2) +
18960  power(x('219') -
18961  x('296'), 2)) +
18962  1/sqrt(power(x('15') -
18963  x('100'), 2) +
18964  power(x('115') -
18965  x('200'), 2) +
18966  power(x('215') -
18967  x('300'), 2)) +
18968  1/sqrt(power(x('44') -
18969  x('71'), 2) +
18970  power(x('144') -
18971  x('171'), 2) +
18972  power(x('244') -
18973  x('271'), 2)) +
18974  1/sqrt(power(x('52') -
18975  x('64'), 2) +
18976  power(x('152') -
18977  x('164'), 2) +
18978  power(x('252') -
18979  x('264'), 2)) +
18980  1/sqrt(power(x('53') -
18981  x('63'), 2) +
18982  power(x('153') -
18983  x('163'), 2) +
18984  power(x('253') -
18985  x('263'), 2)) +
18986  1/sqrt(power(x('51') -
18987  x('65'), 2) +
18988  power(x('151') -
18989  x('165'), 2) +
18990  power(x('251') -
18991  x('265'), 2)) +
18992  1/sqrt(power(x('54') -
18993  x('62'), 2) +
18994  power(x('154') -
18995  x('162'), 2) +
18996  power(x('254') -
18997  x('262'), 2)) +
18998  1/sqrt(power(x('55') -
18999  x('61'), 2) +
19000  power(x('155') -
19001  x('161'), 2) +
19002  power(x('255') -
19003  x('261'), 2)) +
19004  1/sqrt(power(x('43') -
19005  x('73'), 2) +
19006  power(x('143') -
19007  x('173'), 2) +
19008  power(x('243') -
19009  x('273'), 2)) +
19010  1/sqrt(power(x('30') -
19011  x('86'), 2) +
19012  power(x('130') -
19013  x('186'), 2) +
19014  power(x('230') -
19015  x('286'), 2)) +
19016  1/sqrt(power(x('33') -
19017  x('83'), 2) +
19018  power(x('133') -
19019  x('183'), 2) +
19020  power(x('233') -
19021  x('283'), 2)) +
19022  1/sqrt(power(x('23') -
19023  x('93'), 2) +
19024  power(x('123') -
19025  x('193'), 2) +
19026  power(x('223') -
19027  x('293'), 2)) +
19028  1/sqrt(power(x('44') -
19029  x('72'), 2) +
19030  power(x('144') -
19031  x('172'), 2) +
19032  power(x('244') -
19033  x('272'), 2)) +
19034  1/sqrt(power(x('21') -
19035  x('95'), 2) +
19036  power(x('121') -
19037  x('195'), 2) +
19038  power(x('221') -
19039  x('295'), 2)) +
19040  1/sqrt(power(x('32') -
19041  x('84'), 2) +
19042  power(x('132') -
19043  x('184'), 2) +
19044  power(x('232') -
19045  x('284'), 2)) +
19046  1/sqrt(power(x('37') -
19047  x('79'), 2) +
19048  power(x('137') -
19049  x('179'), 2) +
19050  power(x('237') -
19051  x('279'), 2)) +
19052  1/sqrt(power(x('24') -
19053  x('92'), 2) +
19054  power(x('124') -
19055  x('192'), 2) +
19056  power(x('224') -
19057  x('292'), 2)) +
19058  1/sqrt(power(x('42') -
19059  x('74'), 2) +
19060  power(x('142') -
19061  x('174'), 2) +
19062  power(x('242') -
19063  x('274'), 2)) +
19064  1/sqrt(power(x('38') -
19065  x('78'), 2) +
19066  power(x('138') -
19067  x('178'), 2) +
19068  power(x('238') -
19069  x('278'), 2)) +
19070  1/sqrt(power(x('45') -
19071  x('71'), 2) +
19072  power(x('145') -
19073  x('171'), 2) +
19074  power(x('245') -
19075  x('271'), 2)) +
19076  1/sqrt(power(x('34') -
19077  x('82'), 2) +
19078  power(x('134') -
19079  x('182'), 2) +
19080  power(x('234') -
19081  x('282'), 2)) +
19082  1/sqrt(power(x('56') -
19083  x('60'), 2) +
19084  power(x('156') -
19085  x('160'), 2) +
19086  power(x('256') -
19087  x('260'), 2)) +
19088  1/sqrt(power(x('36') -
19089  x('80'), 2) +
19090  power(x('136') -
19091  x('180'), 2) +
19092  power(x('236') -
19093  x('280'), 2)) +
19094  1/sqrt(power(x('22') -
19095  x('94'), 2) +
19096  power(x('122') -
19097  x('194'), 2) +
19098  power(x('222') -
19099  x('294'), 2)) +
19100  1/sqrt(power(x('41') -
19101  x('75'), 2) +
19102  power(x('141') -
19103  x('175'), 2) +
19104  power(x('241') -
19105  x('275'), 2)) +
19106  1/sqrt(power(x('39') -
19107  x('77'), 2) +
19108  power(x('139') -
19109  x('177'), 2) +
19110  power(x('239') -
19111  x('277'), 2)) +
19112  1/sqrt(power(x('26') -
19113  x('90'), 2) +
19114  power(x('126') -
19115  x('190'), 2) +
19116  power(x('226') -
19117  x('290'), 2)) +
19118  1/sqrt(power(x('31') -
19119  x('85'), 2) +
19120  power(x('131') -
19121  x('185'), 2) +
19122  power(x('231') -
19123  x('285'), 2)) +
19124  1/sqrt(power(x('48') -
19125  x('68'), 2) +
19126  power(x('148') -
19127  x('168'), 2) +
19128  power(x('248') -
19129  x('268'), 2)) +
19130  1/sqrt(power(x('46') -
19131  x('70'), 2) +
19132  power(x('146') -
19133  x('170'), 2) +
19134  power(x('246') -
19135  x('270'), 2)) +
19136  1/sqrt(power(x('17') -
19137  x('99'), 2) +
19138  power(x('117') -
19139  x('199'), 2) +
19140  power(x('217') -
19141  x('299'), 2)) +
19142  1/sqrt(power(x('27') -
19143  x('89'), 2) +
19144  power(x('127') -
19145  x('189'), 2) +
19146  power(x('227') -
19147  x('289'), 2)) +
19148  1/sqrt(power(x('25') -
19149  x('91'), 2) +
19150  power(x('125') -
19151  x('191'), 2) +
19152  power(x('225') -
19153  x('291'), 2)) +
19154  1/sqrt(power(x('16') -
19155  x('100'), 2) +
19156  power(x('116') -
19157  x('200'), 2) +
19158  power(x('216') -
19159  x('300'), 2)) +
19160  1/sqrt(power(x('57') -
19161  x('59'), 2) +
19162  power(x('157') -
19163  x('159'), 2) +
19164  power(x('257') -
19165  x('259'), 2)) +
19166  1/sqrt(power(x('35') -
19167  x('81'), 2) +
19168  power(x('135') -
19169  x('181'), 2) +
19170  power(x('235') -
19171  x('281'), 2)) +
19172  1/sqrt(power(x('40') -
19173  x('76'), 2) +
19174  power(x('140') -
19175  x('176'), 2) +
19176  power(x('240') -
19177  x('276'), 2)) +
19178  1/sqrt(power(x('50') -
19179  x('66'), 2) +
19180  power(x('150') -
19181  x('166'), 2) +
19182  power(x('250') -
19183  x('266'), 2)) +
19184  1/sqrt(power(x('19') -
19185  x('97'), 2) +
19186  power(x('119') -
19187  x('197'), 2) +
19188  power(x('219') -
19189  x('297'), 2)) +
19190  1/sqrt(power(x('29') -
19191  x('87'), 2) +
19192  power(x('129') -
19193  x('187'), 2) +
19194  power(x('229') -
19195  x('287'), 2)) +
19196  1/sqrt(power(x('47') -
19197  x('69'), 2) +
19198  power(x('147') -
19199  x('169'), 2) +
19200  power(x('247') -
19201  x('269'), 2)) +
19202  1/sqrt(power(x('18') -
19203  x('98'), 2) +
19204  power(x('118') -
19205  x('198'), 2) +
19206  power(x('218') -
19207  x('298'), 2)) +
19208  1/sqrt(power(x('49') -
19209  x('67'), 2) +
19210  power(x('149') -
19211  x('167'), 2) +
19212  power(x('249') -
19213  x('267'), 2)) +
19214  1/sqrt(power(x('28') -
19215  x('88'), 2) +
19216  power(x('128') -
19217  x('188'), 2) +
19218  power(x('228') -
19219  x('288'), 2)) +
19220  1/sqrt(power(x('20') -
19221  x('96'), 2) +
19222  power(x('120') -
19223  x('196'), 2) +
19224  power(x('220') -
19225  x('296'), 2)) +
19226  1/sqrt(power(x('58') -
19227  x('59'), 2) +
19228  power(x('158') -
19229  x('159'), 2) +
19230  power(x('258') -
19231  x('259'), 2)) +
19232  1/sqrt(power(x('57') -
19233  x('60'), 2) +
19234  power(x('157') -
19235  x('160'), 2) +
19236  power(x('257') -
19237  x('260'), 2)) +
19238  1/sqrt(power(x('51') -
19239  x('66'), 2) +
19240  power(x('151') -
19241  x('166'), 2) +
19242  power(x('251') -
19243  x('266'), 2)) +
19244  1/sqrt(power(x('53') -
19245  x('64'), 2) +
19246  power(x('153') -
19247  x('164'), 2) +
19248  power(x('253') -
19249  x('264'), 2)) +
19250  1/sqrt(power(x('47') -
19251  x('70'), 2) +
19252  power(x('147') -
19253  x('170'), 2) +
19254  power(x('247') -
19255  x('270'), 2)) +
19256  1/sqrt(power(x('46') -
19257  x('71'), 2) +
19258  power(x('146') -
19259  x('171'), 2) +
19260  power(x('246') -
19261  x('271'), 2)) +
19262  1/sqrt(power(x('19') -
19263  x('98'), 2) +
19264  power(x('119') -
19265  x('198'), 2) +
19266  power(x('219') -
19267  x('298'), 2)) +
19268  1/sqrt(power(x('20') -
19269  x('97'), 2) +
19270  power(x('120') -
19271  x('197'), 2) +
19272  power(x('220') -
19273  x('297'), 2)) +
19274  1/sqrt(power(x('56') -
19275  x('61'), 2) +
19276  power(x('156') -
19277  x('161'), 2) +
19278  power(x('256') -
19279  x('261'), 2)) +
19280  1/sqrt(power(x('48') -
19281  x('69'), 2) +
19282  power(x('148') -
19283  x('169'), 2) +
19284  power(x('248') -
19285  x('269'), 2)) +
19286  1/sqrt(power(x('45') -
19287  x('72'), 2) +
19288  power(x('145') -
19289  x('172'), 2) +
19290  power(x('245') -
19291  x('272'), 2)) +
19292  1/sqrt(power(x('28') -
19293  x('89'), 2) +
19294  power(x('128') -
19295  x('189'), 2) +
19296  power(x('228') -
19297  x('289'), 2)) +
19298  1/sqrt(power(x('42') -
19299  x('75'), 2) +
19300  power(x('142') -
19301  x('175'), 2) +
19302  power(x('242') -
19303  x('275'), 2)) +
19304  1/sqrt(power(x('49') -
19305  x('68'), 2) +
19306  power(x('149') -
19307  x('168'), 2) +
19308  power(x('249') -
19309  x('268'), 2)) +
19310  1/sqrt(power(x('55') -
19311  x('62'), 2) +
19312  power(x('155') -
19313  x('162'), 2) +
19314  power(x('255') -
19315  x('262'), 2)) +
19316  1/sqrt(power(x('17') -
19317  x('100'), 2) +
19318  power(x('117') -
19319  x('200'), 2) +
19320  power(x('217') -
19321  x('300'), 2)) +
19322  1/sqrt(power(x('34') -
19323  x('83'), 2) +
19324  power(x('134') -
19325  x('183'), 2) +
19326  power(x('234') -
19327  x('283'), 2)) +
19328  1/sqrt(power(x('44') -
19329  x('73'), 2) +
19330  power(x('144') -
19331  x('173'), 2) +
19332  power(x('244') -
19333  x('273'), 2)) +
19334  1/sqrt(power(x('35') -
19335  x('82'), 2) +
19336  power(x('135') -
19337  x('182'), 2) +
19338  power(x('235') -
19339  x('282'), 2)) +
19340  1/sqrt(power(x('52') -
19341  x('65'), 2) +
19342  power(x('152') -
19343  x('165'), 2) +
19344  power(x('252') -
19345  x('265'), 2)) +
19346  1/sqrt(power(x('18') -
19347  x('99'), 2) +
19348  power(x('118') -
19349  x('199'), 2) +
19350  power(x('218') -
19351  x('299'), 2)) +
19352  1/sqrt(power(x('33') -
19353  x('84'), 2) +
19354  power(x('133') -
19355  x('184'), 2) +
19356  power(x('233') -
19357  x('284'), 2)) +
19358  1/sqrt(power(x('22') -
19359  x('95'), 2) +
19360  power(x('122') -
19361  x('195'), 2) +
19362  power(x('222') -
19363  x('295'), 2)) +
19364  1/sqrt(power(x('30') -
19365  x('87'), 2) +
19366  power(x('130') -
19367  x('187'), 2) +
19368  power(x('230') -
19369  x('287'), 2)) +
19370  1/sqrt(power(x('50') -
19371  x('67'), 2) +
19372  power(x('150') -
19373  x('167'), 2) +
19374  power(x('250') -
19375  x('267'), 2)) +
19376  1/sqrt(power(x('21') -
19377  x('96'), 2) +
19378  power(x('121') -
19379  x('196'), 2) +
19380  power(x('221') -
19381  x('296'), 2)) +
19382  1/sqrt(power(x('31') -
19383  x('86'), 2) +
19384  power(x('131') -
19385  x('186'), 2) +
19386  power(x('231') -
19387  x('286'), 2)) +
19388  1/sqrt(power(x('54') -
19389  x('63'), 2) +
19390  power(x('154') -
19391  x('163'), 2) +
19392  power(x('254') -
19393  x('263'), 2)) +
19394  1/sqrt(power(x('24') -
19395  x('93'), 2) +
19396  power(x('124') -
19397  x('193'), 2) +
19398  power(x('224') -
19399  x('293'), 2)) +
19400  1/sqrt(power(x('36') -
19401  x('81'), 2) +
19402  power(x('136') -
19403  x('181'), 2) +
19404  power(x('236') -
19405  x('281'), 2)) +
19406  1/sqrt(power(x('39') -
19407  x('78'), 2) +
19408  power(x('139') -
19409  x('178'), 2) +
19410  power(x('239') -
19411  x('278'), 2)) +
19412  1/sqrt(power(x('40') -
19413  x('77'), 2) +
19414  power(x('140') -
19415  x('177'), 2) +
19416  power(x('240') -
19417  x('277'), 2)) +
19418  1/sqrt(power(x('29') -
19419  x('88'), 2) +
19420  power(x('129') -
19421  x('188'), 2) +
19422  power(x('229') -
19423  x('288'), 2)) +
19424  1/sqrt(power(x('43') -
19425  x('74'), 2) +
19426  power(x('143') -
19427  x('174'), 2) +
19428  power(x('243') -
19429  x('274'), 2)) +
19430  1/sqrt(power(x('25') -
19431  x('92'), 2) +
19432  power(x('125') -
19433  x('192'), 2) +
19434  power(x('225') -
19435  x('292'), 2)) +
19436  1/sqrt(power(x('38') -
19437  x('79'), 2) +
19438  power(x('138') -
19439  x('179'), 2) +
19440  power(x('238') -
19441  x('279'), 2)) +
19442  1/sqrt(power(x('23') -
19443  x('94'), 2) +
19444  power(x('123') -
19445  x('194'), 2) +
19446  power(x('223') -
19447  x('294'), 2)) +
19448  1/sqrt(power(x('41') -
19449  x('76'), 2) +
19450  power(x('141') -
19451  x('176'), 2) +
19452  power(x('241') -
19453  x('276'), 2)) +
19454  1/sqrt(power(x('32') -
19455  x('85'), 2) +
19456  power(x('132') -
19457  x('185'), 2) +
19458  power(x('232') -
19459  x('285'), 2)) +
19460  1/sqrt(power(x('27') -
19461  x('90'), 2) +
19462  power(x('127') -
19463  x('190'), 2) +
19464  power(x('227') -
19465  x('290'), 2)) +
19466  1/sqrt(power(x('37') -
19467  x('80'), 2) +
19468  power(x('137') -
19469  x('180'), 2) +
19470  power(x('237') -
19471  x('280'), 2)) +
19472  1/sqrt(power(x('26') -
19473  x('91'), 2) +
19474  power(x('126') -
19475  x('191'), 2) +
19476  power(x('226') -
19477  x('291'), 2)) +
19478  1/sqrt(power(x('28') -
19479  x('90'), 2) +
19480  power(x('128') -
19481  x('190'), 2) +
19482  power(x('228') -
19483  x('290'), 2)) +
19484  1/sqrt(power(x('27') -
19485  x('91'), 2) +
19486  power(x('127') -
19487  x('191'), 2) +
19488  power(x('227') -
19489  x('291'), 2)) +
19490  1/sqrt(power(x('29') -
19491  x('89'), 2) +
19492  power(x('129') -
19493  x('189'), 2) +
19494  power(x('229') -
19495  x('289'), 2)) +
19496  1/sqrt(power(x('22') -
19497  x('96'), 2) +
19498  power(x('122') -
19499  x('196'), 2) +
19500  power(x('222') -
19501  x('296'), 2)) +
19502  1/sqrt(power(x('23') -
19503  x('95'), 2) +
19504  power(x('123') -
19505  x('195'), 2) +
19506  power(x('223') -
19507  x('295'), 2)) +
19508  1/sqrt(power(x('32') -
19509  x('86'), 2) +
19510  power(x('132') -
19511  x('186'), 2) +
19512  power(x('232') -
19513  x('286'), 2)) +
19514  1/sqrt(power(x('31') -
19515  x('87'), 2) +
19516  power(x('131') -
19517  x('187'), 2) +
19518  power(x('231') -
19519  x('287'), 2)) +
19520  1/sqrt(power(x('18') -
19521  x('100'), 2) +
19522  power(x('118') -
19523  x('200'), 2) +
19524  power(x('218') -
19525  x('300'), 2)) +
19526  1/sqrt(power(x('20') -
19527  x('98'), 2) +
19528  power(x('120') -
19529  x('198'), 2) +
19530  power(x('220') -
19531  x('298'), 2)) +
19532  1/sqrt(power(x('25') -
19533  x('93'), 2) +
19534  power(x('125') -
19535  x('193'), 2) +
19536  power(x('225') -
19537  x('293'), 2)) +
19538  1/sqrt(power(x('58') -
19539  x('60'), 2) +
19540  power(x('158') -
19541  x('160'), 2) +
19542  power(x('258') -
19543  x('260'), 2)) +
19544  1/sqrt(power(x('21') -
19545  x('97'), 2) +
19546  power(x('121') -
19547  x('197'), 2) +
19548  power(x('221') -
19549  x('297'), 2)) +
19550  1/sqrt(power(x('33') -
19551  x('85'), 2) +
19552  power(x('133') -
19553  x('185'), 2) +
19554  power(x('233') -
19555  x('285'), 2)) +
19556  1/sqrt(power(x('30') -
19557  x('88'), 2) +
19558  power(x('130') -
19559  x('188'), 2) +
19560  power(x('230') -
19561  x('288'), 2)) +
19562  1/sqrt(power(x('19') -
19563  x('99'), 2) +
19564  power(x('119') -
19565  x('199'), 2) +
19566  power(x('219') -
19567  x('299'), 2)) +
19568  1/sqrt(power(x('26') -
19569  x('92'), 2) +
19570  power(x('126') -
19571  x('192'), 2) +
19572  power(x('226') -
19573  x('292'), 2)) +
19574  1/sqrt(power(x('24') -
19575  x('94'), 2) +
19576  power(x('124') -
19577  x('194'), 2) +
19578  power(x('224') -
19579  x('294'), 2)) +
19580  1/sqrt(power(x('36') -
19581  x('82'), 2) +
19582  power(x('136') -
19583  x('182'), 2) +
19584  power(x('236') -
19585  x('282'), 2)) +
19586  1/sqrt(power(x('56') -
19587  x('62'), 2) +
19588  power(x('156') -
19589  x('162'), 2) +
19590  power(x('256') -
19591  x('262'), 2)) +
19592  1/sqrt(power(x('45') -
19593  x('73'), 2) +
19594  power(x('145') -
19595  x('173'), 2) +
19596  power(x('245') -
19597  x('273'), 2)) +
19598  1/sqrt(power(x('35') -
19599  x('83'), 2) +
19600  power(x('135') -
19601  x('183'), 2) +
19602  power(x('235') -
19603  x('283'), 2)) +
19604  1/sqrt(power(x('47') -
19605  x('71'), 2) +
19606  power(x('147') -
19607  x('171'), 2) +
19608  power(x('247') -
19609  x('271'), 2)) +
19610  1/sqrt(power(x('37') -
19611  x('81'), 2) +
19612  power(x('137') -
19613  x('181'), 2) +
19614  power(x('237') -
19615  x('281'), 2)) +
19616  1/sqrt(power(x('51') -
19617  x('67'), 2) +
19618  power(x('151') -
19619  x('167'), 2) +
19620  power(x('251') -
19621  x('267'), 2)) +
19622  1/sqrt(power(x('52') -
19623  x('66'), 2) +
19624  power(x('152') -
19625  x('166'), 2) +
19626  power(x('252') -
19627  x('266'), 2)) +
19628  1/sqrt(power(x('34') -
19629  x('84'), 2) +
19630  power(x('134') -
19631  x('184'), 2) +
19632  power(x('234') -
19633  x('284'), 2)) +
19634  1/sqrt(power(x('50') -
19635  x('68'), 2) +
19636  power(x('150') -
19637  x('168'), 2) +
19638  power(x('250') -
19639  x('268'), 2)) +
19640  1/sqrt(power(x('42') -
19641  x('76'), 2) +
19642  power(x('142') -
19643  x('176'), 2) +
19644  power(x('242') -
19645  x('276'), 2)) +
19646  1/sqrt(power(x('53') -
19647  x('65'), 2) +
19648  power(x('153') -
19649  x('165'), 2) +
19650  power(x('253') -
19651  x('265'), 2)) +
19652  1/sqrt(power(x('57') -
19653  x('61'), 2) +
19654  power(x('157') -
19655  x('161'), 2) +
19656  power(x('257') -
19657  x('261'), 2)) +
19658  1/sqrt(power(x('41') -
19659  x('77'), 2) +
19660  power(x('141') -
19661  x('177'), 2) +
19662  power(x('241') -
19663  x('277'), 2)) +
19664  1/sqrt(power(x('38') -
19665  x('80'), 2) +
19666  power(x('138') -
19667  x('180'), 2) +
19668  power(x('238') -
19669  x('280'), 2)) +
19670  1/sqrt(power(x('43') -
19671  x('75'), 2) +
19672  power(x('143') -
19673  x('175'), 2) +
19674  power(x('243') -
19675  x('275'), 2)) +
19676  1/sqrt(power(x('49') -
19677  x('69'), 2) +
19678  power(x('149') -
19679  x('169'), 2) +
19680  power(x('249') -
19681  x('269'), 2)) +
19682  1/sqrt(power(x('46') -
19683  x('72'), 2) +
19684  power(x('146') -
19685  x('172'), 2) +
19686  power(x('246') -
19687  x('272'), 2)) +
19688  1/sqrt(power(x('54') -
19689  x('64'), 2) +
19690  power(x('154') -
19691  x('164'), 2) +
19692  power(x('254') -
19693  x('264'), 2)) +
19694  1/sqrt(power(x('40') -
19695  x('78'), 2) +
19696  power(x('140') -
19697  x('178'), 2) +
19698  power(x('240') -
19699  x('278'), 2)) +
19700  1/sqrt(power(x('44') -
19701  x('74'), 2) +
19702  power(x('144') -
19703  x('174'), 2) +
19704  power(x('244') -
19705  x('274'), 2)) +
19706  1/sqrt(power(x('55') -
19707  x('63'), 2) +
19708  power(x('155') -
19709  x('163'), 2) +
19710  power(x('255') -
19711  x('263'), 2)) +
19712  1/sqrt(power(x('48') -
19713  x('70'), 2) +
19714  power(x('148') -
19715  x('170'), 2) +
19716  power(x('248') -
19717  x('270'), 2)) +
19718  1/sqrt(power(x('39') -
19719  x('79'), 2) +
19720  power(x('139') -
19721  x('179'), 2) +
19722  power(x('239') -
19723  x('279'), 2)) +
19724  1/sqrt(power(x('19') -
19725  x('100'), 2) +
19726  power(x('119') -
19727  x('200'), 2) +
19728  power(x('219') -
19729  x('300'), 2)) +
19730  1/sqrt(power(x('59') -
19731  x('60'), 2) +
19732  power(x('159') -
19733  x('160'), 2) +
19734  power(x('259') -
19735  x('260'), 2)) +
19736  1/sqrt(power(x('21') -
19737  x('98'), 2) +
19738  power(x('121') -
19739  x('198'), 2) +
19740  power(x('221') -
19741  x('298'), 2)) +
19742  1/sqrt(power(x('41') -
19743  x('78'), 2) +
19744  power(x('141') -
19745  x('178'), 2) +
19746  power(x('241') -
19747  x('278'), 2)) +
19748  1/sqrt(power(x('58') -
19749  x('61'), 2) +
19750  power(x('158') -
19751  x('161'), 2) +
19752  power(x('258') -
19753  x('261'), 2)) +
19754  1/sqrt(power(x('53') -
19755  x('66'), 2) +
19756  power(x('153') -
19757  x('166'), 2) +
19758  power(x('253') -
19759  x('266'), 2)) +
19760  1/sqrt(power(x('23') -
19761  x('96'), 2) +
19762  power(x('123') -
19763  x('196'), 2) +
19764  power(x('223') -
19765  x('296'), 2)) +
19766  1/sqrt(power(x('29') -
19767  x('90'), 2) +
19768  power(x('129') -
19769  x('190'), 2) +
19770  power(x('229') -
19771  x('290'), 2)) +
19772  1/sqrt(power(x('57') -
19773  x('62'), 2) +
19774  power(x('157') -
19775  x('162'), 2) +
19776  power(x('257') -
19777  x('262'), 2)) +
19778  1/sqrt(power(x('38') -
19779  x('81'), 2) +
19780  power(x('138') -
19781  x('181'), 2) +
19782  power(x('238') -
19783  x('281'), 2)) +
19784  1/sqrt(power(x('20') -
19785  x('99'), 2) +
19786  power(x('120') -
19787  x('199'), 2) +
19788  power(x('220') -
19789  x('299'), 2)) +
19790  1/sqrt(power(x('45') -
19791  x('74'), 2) +
19792  power(x('145') -
19793  x('174'), 2) +
19794  power(x('245') -
19795  x('274'), 2)) +
19796  1/sqrt(power(x('37') -
19797  x('82'), 2) +
19798  power(x('137') -
19799  x('182'), 2) +
19800  power(x('237') -
19801  x('282'), 2)) +
19802  1/sqrt(power(x('44') -
19803  x('75'), 2) +
19804  power(x('144') -
19805  x('175'), 2) +
19806  power(x('244') -
19807  x('275'), 2)) +
19808  1/sqrt(power(x('24') -
19809  x('95'), 2) +
19810  power(x('124') -
19811  x('195'), 2) +
19812  power(x('224') -
19813  x('295'), 2)) +
19814  1/sqrt(power(x('46') -
19815  x('73'), 2) +
19816  power(x('146') -
19817  x('173'), 2) +
19818  power(x('246') -
19819  x('273'), 2)) +
19820  1/sqrt(power(x('30') -
19821  x('89'), 2) +
19822  power(x('130') -
19823  x('189'), 2) +
19824  power(x('230') -
19825  x('289'), 2)) +
19826  1/sqrt(power(x('33') -
19827  x('86'), 2) +
19828  power(x('133') -
19829  x('186'), 2) +
19830  power(x('233') -
19831  x('286'), 2)) +
19832  1/sqrt(power(x('39') -
19833  x('80'), 2) +
19834  power(x('139') -
19835  x('180'), 2) +
19836  power(x('239') -
19837  x('280'), 2)) +
19838  1/sqrt(power(x('56') -
19839  x('63'), 2) +
19840  power(x('156') -
19841  x('163'), 2) +
19842  power(x('256') -
19843  x('263'), 2)) +
19844  1/sqrt(power(x('28') -
19845  x('91'), 2) +
19846  power(x('128') -
19847  x('191'), 2) +
19848  power(x('228') -
19849  x('291'), 2)) +
19850  1/sqrt(power(x('22') -
19851  x('97'), 2) +
19852  power(x('122') -
19853  x('197'), 2) +
19854  power(x('222') -
19855  x('297'), 2)) +
19856  1/sqrt(power(x('32') -
19857  x('87'), 2) +
19858  power(x('132') -
19859  x('187'), 2) +
19860  power(x('232') -
19861  x('287'), 2)) +
19862  1/sqrt(power(x('43') -
19863  x('76'), 2) +
19864  power(x('143') -
19865  x('176'), 2) +
19866  power(x('243') -
19867  x('276'), 2)) +
19868  1/sqrt(power(x('47') -
19869  x('72'), 2) +
19870  power(x('147') -
19871  x('172'), 2) +
19872  power(x('247') -
19873  x('272'), 2)) +
19874  1/sqrt(power(x('36') -
19875  x('83'), 2) +
19876  power(x('136') -
19877  x('183'), 2) +
19878  power(x('236') -
19879  x('283'), 2)) +
19880  1/sqrt(power(x('34') -
19881  x('85'), 2) +
19882  power(x('134') -
19883  x('185'), 2) +
19884  power(x('234') -
19885  x('285'), 2)) +
19886  1/sqrt(power(x('52') -
19887  x('67'), 2) +
19888  power(x('152') -
19889  x('167'), 2) +
19890  power(x('252') -
19891  x('267'), 2)) +
19892  1/sqrt(power(x('55') -
19893  x('64'), 2) +
19894  power(x('155') -
19895  x('164'), 2) +
19896  power(x('255') -
19897  x('264'), 2)) +
19898  1/sqrt(power(x('26') -
19899  x('93'), 2) +
19900  power(x('126') -
19901  x('193'), 2) +
19902  power(x('226') -
19903  x('293'), 2)) +
19904  1/sqrt(power(x('40') -
19905  x('79'), 2) +
19906  power(x('140') -
19907  x('179'), 2) +
19908  power(x('240') -
19909  x('279'), 2)) +
19910  1/sqrt(power(x('42') -
19911  x('77'), 2) +
19912  power(x('142') -
19913  x('177'), 2) +
19914  power(x('242') -
19915  x('277'), 2)) +
19916  1/sqrt(power(x('48') -
19917  x('71'), 2) +
19918  power(x('148') -
19919  x('171'), 2) +
19920  power(x('248') -
19921  x('271'), 2)) +
19922  1/sqrt(power(x('31') -
19923  x('88'), 2) +
19924  power(x('131') -
19925  x('188'), 2) +
19926  power(x('231') -
19927  x('288'), 2)) +
19928  1/sqrt(power(x('25') -
19929  x('94'), 2) +
19930  power(x('125') -
19931  x('194'), 2) +
19932  power(x('225') -
19933  x('294'), 2)) +
19934  1/sqrt(power(x('54') -
19935  x('65'), 2) +
19936  power(x('154') -
19937  x('165'), 2) +
19938  power(x('254') -
19939  x('265'), 2)) +
19940  1/sqrt(power(x('27') -
19941  x('92'), 2) +
19942  power(x('127') -
19943  x('192'), 2) +
19944  power(x('227') -
19945  x('292'), 2)) +
19946  1/sqrt(power(x('35') -
19947  x('84'), 2) +
19948  power(x('135') -
19949  x('184'), 2) +
19950  power(x('235') -
19951  x('284'), 2)) +
19952  1/sqrt(power(x('51') -
19953  x('68'), 2) +
19954  power(x('151') -
19955  x('168'), 2) +
19956  power(x('251') -
19957  x('268'), 2)) +
19958  1/sqrt(power(x('49') -
19959  x('70'), 2) +
19960  power(x('149') -
19961  x('170'), 2) +
19962  power(x('249') -
19963  x('270'), 2)) +
19964  1/sqrt(power(x('50') -
19965  x('69'), 2) +
19966  power(x('150') -
19967  x('169'), 2) +
19968  power(x('250') -
19969  x('269'), 2)) +
19970  1/sqrt(power(x('21') -
19971  x('99'), 2) +
19972  power(x('121') -
19973  x('199'), 2) +
19974  power(x('221') -
19975  x('299'), 2)) +
19976  1/sqrt(power(x('22') -
19977  x('98'), 2) +
19978  power(x('122') -
19979  x('198'), 2) +
19980  power(x('222') -
19981  x('298'), 2)) +
19982  1/sqrt(power(x('45') -
19983  x('75'), 2) +
19984  power(x('145') -
19985  x('175'), 2) +
19986  power(x('245') -
19987  x('275'), 2)) +
19988  1/sqrt(power(x('24') -
19989  x('96'), 2) +
19990  power(x('124') -
19991  x('196'), 2) +
19992  power(x('224') -
19993  x('296'), 2)) +
19994  1/sqrt(power(x('34') -
19995  x('86'), 2) +
19996  power(x('134') -
19997  x('186'), 2) +
19998  power(x('234') -
19999  x('286'), 2)) +
20000  1/sqrt(power(x('20') -
20001  x('100'), 2) +
20002  power(x('120') -
20003  x('200'), 2) +
20004  power(x('220') -
20005  x('300'), 2)) +
20006  1/sqrt(power(x('58') -
20007  x('62'), 2) +
20008  power(x('158') -
20009  x('162'), 2) +
20010  power(x('258') -
20011  x('262'), 2)) +
20012  1/sqrt(power(x('23') -
20013  x('97'), 2) +
20014  power(x('123') -
20015  x('197'), 2) +
20016  power(x('223') -
20017  x('297'), 2)) +
20018  1/sqrt(power(x('35') -
20019  x('85'), 2) +
20020  power(x('135') -
20021  x('185'), 2) +
20022  power(x('235') -
20023  x('285'), 2)) +
20024  1/sqrt(power(x('25') -
20025  x('95'), 2) +
20026  power(x('125') -
20027  x('195'), 2) +
20028  power(x('225') -
20029  x('295'), 2)) +
20030  1/sqrt(power(x('50') -
20031  x('70'), 2) +
20032  power(x('150') -
20033  x('170'), 2) +
20034  power(x('250') -
20035  x('270'), 2)) +
20036  1/sqrt(power(x('49') -
20037  x('71'), 2) +
20038  power(x('149') -
20039  x('171'), 2) +
20040  power(x('249') -
20041  x('271'), 2)) +
20042  1/sqrt(power(x('30') -
20043  x('90'), 2) +
20044  power(x('130') -
20045  x('190'), 2) +
20046  power(x('230') -
20047  x('290'), 2)) +
20048  1/sqrt(power(x('40') -
20049  x('80'), 2) +
20050  power(x('140') -
20051  x('180'), 2) +
20052  power(x('240') -
20053  x('280'), 2)) +
20054  1/sqrt(power(x('51') -
20055  x('69'), 2) +
20056  power(x('151') -
20057  x('169'), 2) +
20058  power(x('251') -
20059  x('269'), 2)) +
20060  1/sqrt(power(x('48') -
20061  x('72'), 2) +
20062  power(x('148') -
20063  x('172'), 2) +
20064  power(x('248') -
20065  x('272'), 2)) +
20066  1/sqrt(power(x('33') -
20067  x('87'), 2) +
20068  power(x('133') -
20069  x('187'), 2) +
20070  power(x('233') -
20071  x('287'), 2)) +
20072  1/sqrt(power(x('39') -
20073  x('81'), 2) +
20074  power(x('139') -
20075  x('181'), 2) +
20076  power(x('239') -
20077  x('281'), 2)) +
20078  1/sqrt(power(x('31') -
20079  x('89'), 2) +
20080  power(x('131') -
20081  x('189'), 2) +
20082  power(x('231') -
20083  x('289'), 2)) +
20084  1/sqrt(power(x('41') -
20085  x('79'), 2) +
20086  power(x('141') -
20087  x('179'), 2) +
20088  power(x('241') -
20089  x('279'), 2)) +
20090  1/sqrt(power(x('52') -
20091  x('68'), 2) +
20092  power(x('152') -
20093  x('168'), 2) +
20094  power(x('252') -
20095  x('268'), 2)) +
20096  1/sqrt(power(x('56') -
20097  x('64'), 2) +
20098  power(x('156') -
20099  x('164'), 2) +
20100  power(x('256') -
20101  x('264'), 2)) +
20102  1/sqrt(power(x('29') -
20103  x('91'), 2) +
20104  power(x('129') -
20105  x('191'), 2) +
20106  power(x('229') -
20107  x('291'), 2)) +
20108  1/sqrt(power(x('47') -
20109  x('73'), 2) +
20110  power(x('147') -
20111  x('173'), 2) +
20112  power(x('247') -
20113  x('273'), 2)) +
20114  1/sqrt(power(x('36') -
20115  x('84'), 2) +
20116  power(x('136') -
20117  x('184'), 2) +
20118  power(x('236') -
20119  x('284'), 2)) +
20120  1/sqrt(power(x('38') -
20121  x('82'), 2) +
20122  power(x('138') -
20123  x('182'), 2) +
20124  power(x('238') -
20125  x('282'), 2)) +
20126  1/sqrt(power(x('53') -
20127  x('67'), 2) +
20128  power(x('153') -
20129  x('167'), 2) +
20130  power(x('253') -
20131  x('267'), 2)) +
20132  1/sqrt(power(x('42') -
20133  x('78'), 2) +
20134  power(x('142') -
20135  x('178'), 2) +
20136  power(x('242') -
20137  x('278'), 2)) +
20138  1/sqrt(power(x('59') -
20139  x('61'), 2) +
20140  power(x('159') -
20141  x('161'), 2) +
20142  power(x('259') -
20143  x('261'), 2)) +
20144  1/sqrt(power(x('27') -
20145  x('93'), 2) +
20146  power(x('127') -
20147  x('193'), 2) +
20148  power(x('227') -
20149  x('293'), 2)) +
20150  1/sqrt(power(x('46') -
20151  x('74'), 2) +
20152  power(x('146') -
20153  x('174'), 2) +
20154  power(x('246') -
20155  x('274'), 2)) +
20156  1/sqrt(power(x('32') -
20157  x('88'), 2) +
20158  power(x('132') -
20159  x('188'), 2) +
20160  power(x('232') -
20161  x('288'), 2)) +
20162  1/sqrt(power(x('26') -
20163  x('94'), 2) +
20164  power(x('126') -
20165  x('194'), 2) +
20166  power(x('226') -
20167  x('294'), 2)) +
20168  1/sqrt(power(x('57') -
20169  x('63'), 2) +
20170  power(x('157') -
20171  x('163'), 2) +
20172  power(x('257') -
20173  x('263'), 2)) +
20174  1/sqrt(power(x('54') -
20175  x('66'), 2) +
20176  power(x('154') -
20177  x('166'), 2) +
20178  power(x('254') -
20179  x('266'), 2)) +
20180  1/sqrt(power(x('28') -
20181  x('92'), 2) +
20182  power(x('128') -
20183  x('192'), 2) +
20184  power(x('228') -
20185  x('292'), 2)) +
20186  1/sqrt(power(x('37') -
20187  x('83'), 2) +
20188  power(x('137') -
20189  x('183'), 2) +
20190  power(x('237') -
20191  x('283'), 2)) +
20192  1/sqrt(power(x('43') -
20193  x('77'), 2) +
20194  power(x('143') -
20195  x('177'), 2) +
20196  power(x('243') -
20197  x('277'), 2)) +
20198  1/sqrt(power(x('55') -
20199  x('65'), 2) +
20200  power(x('155') -
20201  x('165'), 2) +
20202  power(x('255') -
20203  x('265'), 2)) +
20204  1/sqrt(power(x('44') -
20205  x('76'), 2) +
20206  power(x('144') -
20207  x('176'), 2) +
20208  power(x('244') -
20209  x('276'), 2)) +
20210  1/sqrt(power(x('28') -
20211  x('93'), 2) +
20212  power(x('128') -
20213  x('193'), 2) +
20214  power(x('228') -
20215  x('293'), 2)) +
20216  1/sqrt(power(x('60') -
20217  x('61'), 2) +
20218  power(x('160') -
20219  x('161'), 2) +
20220  power(x('260') -
20221  x('261'), 2)) +
20222  1/sqrt(power(x('27') -
20223  x('94'), 2) +
20224  power(x('127') -
20225  x('194'), 2) +
20226  power(x('227') -
20227  x('294'), 2)) +
20228  1/sqrt(power(x('59') -
20229  x('62'), 2) +
20230  power(x('159') -
20231  x('162'), 2) +
20232  power(x('259') -
20233  x('262'), 2)) +
20234  1/sqrt(power(x('36') -
20235  x('85'), 2) +
20236  power(x('136') -
20237  x('185'), 2) +
20238  power(x('236') -
20239  x('285'), 2)) +
20240  1/sqrt(power(x('58') -
20241  x('63'), 2) +
20242  power(x('158') -
20243  x('163'), 2) +
20244  power(x('258') -
20245  x('263'), 2)) +
20246  1/sqrt(power(x('35') -
20247  x('86'), 2) +
20248  power(x('135') -
20249  x('186'), 2) +
20250  power(x('235') -
20251  x('286'), 2)) +
20252  1/sqrt(power(x('25') -
20253  x('96'), 2) +
20254  power(x('125') -
20255  x('196'), 2) +
20256  power(x('225') -
20257  x('296'), 2)) +
20258  1/sqrt(power(x('37') -
20259  x('84'), 2) +
20260  power(x('137') -
20261  x('184'), 2) +
20262  power(x('237') -
20263  x('284'), 2)) +
20264  1/sqrt(power(x('43') -
20265  x('78'), 2) +
20266  power(x('143') -
20267  x('178'), 2) +
20268  power(x('243') -
20269  x('278'), 2)) +
20270  1/sqrt(power(x('42') -
20271  x('79'), 2) +
20272  power(x('142') -
20273  x('179'), 2) +
20274  power(x('242') -
20275  x('279'), 2)) +
20276  1/sqrt(power(x('57') -
20277  x('64'), 2) +
20278  power(x('157') -
20279  x('164'), 2) +
20280  power(x('257') -
20281  x('264'), 2)) +
20282  1/sqrt(power(x('29') -
20283  x('92'), 2) +
20284  power(x('129') -
20285  x('192'), 2) +
20286  power(x('229') -
20287  x('292'), 2)) +
20288  1/sqrt(power(x('24') -
20289  x('97'), 2) +
20290  power(x('124') -
20291  x('197'), 2) +
20292  power(x('224') -
20293  x('297'), 2)) +
20294  1/sqrt(power(x('44') -
20295  x('77'), 2) +
20296  power(x('144') -
20297  x('177'), 2) +
20298  power(x('244') -
20299  x('277'), 2)) +
20300  1/sqrt(power(x('56') -
20301  x('65'), 2) +
20302  power(x('156') -
20303  x('165'), 2) +
20304  power(x('256') -
20305  x('265'), 2)) +
20306  1/sqrt(power(x('41') -
20307  x('80'), 2) +
20308  power(x('141') -
20309  x('180'), 2) +
20310  power(x('241') -
20311  x('280'), 2)) +
20312  1/sqrt(power(x('34') -
20313  x('87'), 2) +
20314  power(x('134') -
20315  x('187'), 2) +
20316  power(x('234') -
20317  x('287'), 2)) +
20318  1/sqrt(power(x('51') -
20319  x('70'), 2) +
20320  power(x('151') -
20321  x('170'), 2) +
20322  power(x('251') -
20323  x('270'), 2)) +
20324  1/sqrt(power(x('26') -
20325  x('95'), 2) +
20326  power(x('126') -
20327  x('195'), 2) +
20328  power(x('226') -
20329  x('295'), 2)) +
20330  1/sqrt(power(x('55') -
20331  x('66'), 2) +
20332  power(x('155') -
20333  x('166'), 2) +
20334  power(x('255') -
20335  x('266'), 2)) +
20336  1/sqrt(power(x('38') -
20337  x('83'), 2) +
20338  power(x('138') -
20339  x('183'), 2) +
20340  power(x('238') -
20341  x('283'), 2)) +
20342  1/sqrt(power(x('45') -
20343  x('76'), 2) +
20344  power(x('145') -
20345  x('176'), 2) +
20346  power(x('245') -
20347  x('276'), 2)) +
20348  1/sqrt(power(x('31') -
20349  x('90'), 2) +
20350  power(x('131') -
20351  x('190'), 2) +
20352  power(x('231') -
20353  x('290'), 2)) +
20354  1/sqrt(power(x('40') -
20355  x('81'), 2) +
20356  power(x('140') -
20357  x('181'), 2) +
20358  power(x('240') -
20359  x('281'), 2)) +
20360  1/sqrt(power(x('32') -
20361  x('89'), 2) +
20362  power(x('132') -
20363  x('189'), 2) +
20364  power(x('232') -
20365  x('289'), 2)) +
20366  1/sqrt(power(x('22') -
20367  x('99'), 2) +
20368  power(x('122') -
20369  x('199'), 2) +
20370  power(x('222') -
20371  x('299'), 2)) +
20372  1/sqrt(power(x('54') -
20373  x('67'), 2) +
20374  power(x('154') -
20375  x('167'), 2) +
20376  power(x('254') -
20377  x('267'), 2)) +
20378  1/sqrt(power(x('48') -
20379  x('73'), 2) +
20380  power(x('148') -
20381  x('173'), 2) +
20382  power(x('248') -
20383  x('273'), 2)) +
20384  1/sqrt(power(x('30') -
20385  x('91'), 2) +
20386  power(x('130') -
20387  x('191'), 2) +
20388  power(x('230') -
20389  x('291'), 2)) +
20390  1/sqrt(power(x('23') -
20391  x('98'), 2) +
20392  power(x('123') -
20393  x('198'), 2) +
20394  power(x('223') -
20395  x('298'), 2)) +
20396  1/sqrt(power(x('50') -
20397  x('71'), 2) +
20398  power(x('150') -
20399  x('171'), 2) +
20400  power(x('250') -
20401  x('271'), 2)) +
20402  1/sqrt(power(x('46') -
20403  x('75'), 2) +
20404  power(x('146') -
20405  x('175'), 2) +
20406  power(x('246') -
20407  x('275'), 2)) +
20408  1/sqrt(power(x('53') -
20409  x('68'), 2) +
20410  power(x('153') -
20411  x('168'), 2) +
20412  power(x('253') -
20413  x('268'), 2)) +
20414  1/sqrt(power(x('33') -
20415  x('88'), 2) +
20416  power(x('133') -
20417  x('188'), 2) +
20418  power(x('233') -
20419  x('288'), 2)) +
20420  1/sqrt(power(x('21') -
20421  x('100'), 2) +
20422  power(x('121') -
20423  x('200'), 2) +
20424  power(x('221') -
20425  x('300'), 2)) +
20426  1/sqrt(power(x('39') -
20427  x('82'), 2) +
20428  power(x('139') -
20429  x('182'), 2) +
20430  power(x('239') -
20431  x('282'), 2)) +
20432  1/sqrt(power(x('52') -
20433  x('69'), 2) +
20434  power(x('152') -
20435  x('169'), 2) +
20436  power(x('252') -
20437  x('269'), 2)) +
20438  1/sqrt(power(x('49') -
20439  x('72'), 2) +
20440  power(x('149') -
20441  x('172'), 2) +
20442  power(x('249') -
20443  x('272'), 2)) +
20444  1/sqrt(power(x('47') -
20445  x('74'), 2) +
20446  power(x('147') -
20447  x('174'), 2) +
20448  power(x('247') -
20449  x('274'), 2)) +
20450  1/sqrt(power(x('29') -
20451  x('93'), 2) +
20452  power(x('129') -
20453  x('193'), 2) +
20454  power(x('229') -
20455  x('293'), 2)) +
20456  1/sqrt(power(x('28') -
20457  x('94'), 2) +
20458  power(x('128') -
20459  x('194'), 2) +
20460  power(x('228') -
20461  x('294'), 2)) +
20462  1/sqrt(power(x('26') -
20463  x('96'), 2) +
20464  power(x('126') -
20465  x('196'), 2) +
20466  power(x('226') -
20467  x('296'), 2)) +
20468  1/sqrt(power(x('25') -
20469  x('97'), 2) +
20470  power(x('125') -
20471  x('197'), 2) +
20472  power(x('225') -
20473  x('297'), 2)) +
20474  1/sqrt(power(x('23') -
20475  x('99'), 2) +
20476  power(x('123') -
20477  x('199'), 2) +
20478  power(x('223') -
20479  x('299'), 2)) +
20480  1/sqrt(power(x('60') -
20481  x('62'), 2) +
20482  power(x('160') -
20483  x('162'), 2) +
20484  power(x('260') -
20485  x('262'), 2)) +
20486  1/sqrt(power(x('58') -
20487  x('64'), 2) +
20488  power(x('158') -
20489  x('164'), 2) +
20490  power(x('258') -
20491  x('264'), 2)) +
20492  1/sqrt(power(x('22') -
20493  x('100'), 2) +
20494  power(x('122') -
20495  x('200'), 2) +
20496  power(x('222') -
20497  x('300'), 2)) +
20498  1/sqrt(power(x('27') -
20499  x('95'), 2) +
20500  power(x('127') -
20501  x('195'), 2) +
20502  power(x('227') -
20503  x('295'), 2)) +
20504  1/sqrt(power(x('33') -
20505  x('89'), 2) +
20506  power(x('133') -
20507  x('189'), 2) +
20508  power(x('233') -
20509  x('289'), 2)) +
20510  1/sqrt(power(x('32') -
20511  x('90'), 2) +
20512  power(x('132') -
20513  x('190'), 2) +
20514  power(x('232') -
20515  x('290'), 2)) +
20516  1/sqrt(power(x('24') -
20517  x('98'), 2) +
20518  power(x('124') -
20519  x('198'), 2) +
20520  power(x('224') -
20521  x('298'), 2)) +
20522  1/sqrt(power(x('56') -
20523  x('66'), 2) +
20524  power(x('156') -
20525  x('166'), 2) +
20526  power(x('256') -
20527  x('266'), 2)) +
20528  1/sqrt(power(x('38') -
20529  x('84'), 2) +
20530  power(x('138') -
20531  x('184'), 2) +
20532  power(x('238') -
20533  x('284'), 2)) +
20534  1/sqrt(power(x('37') -
20535  x('85'), 2) +
20536  power(x('137') -
20537  x('185'), 2) +
20538  power(x('237') -
20539  x('285'), 2)) +
20540  1/sqrt(power(x('34') -
20541  x('88'), 2) +
20542  power(x('134') -
20543  x('188'), 2) +
20544  power(x('234') -
20545  x('288'), 2)) +
20546  1/sqrt(power(x('54') -
20547  x('68'), 2) +
20548  power(x('154') -
20549  x('168'), 2) +
20550  power(x('254') -
20551  x('268'), 2)) +
20552  1/sqrt(power(x('31') -
20553  x('91'), 2) +
20554  power(x('131') -
20555  x('191'), 2) +
20556  power(x('231') -
20557  x('291'), 2)) +
20558  1/sqrt(power(x('36') -
20559  x('86'), 2) +
20560  power(x('136') -
20561  x('186'), 2) +
20562  power(x('236') -
20563  x('286'), 2)) +
20564  1/sqrt(power(x('51') -
20565  x('71'), 2) +
20566  power(x('151') -
20567  x('171'), 2) +
20568  power(x('251') -
20569  x('271'), 2)) +
20570  1/sqrt(power(x('59') -
20571  x('63'), 2) +
20572  power(x('159') -
20573  x('163'), 2) +
20574  power(x('259') -
20575  x('263'), 2)) +
20576  1/sqrt(power(x('57') -
20577  x('65'), 2) +
20578  power(x('157') -
20579  x('165'), 2) +
20580  power(x('257') -
20581  x('265'), 2)) +
20582  1/sqrt(power(x('42') -
20583  x('80'), 2) +
20584  power(x('142') -
20585  x('180'), 2) +
20586  power(x('242') -
20587  x('280'), 2)) +
20588  1/sqrt(power(x('52') -
20589  x('70'), 2) +
20590  power(x('152') -
20591  x('170'), 2) +
20592  power(x('252') -
20593  x('270'), 2)) +
20594  1/sqrt(power(x('55') -
20595  x('67'), 2) +
20596  power(x('155') -
20597  x('167'), 2) +
20598  power(x('255') -
20599  x('267'), 2)) +
20600  1/sqrt(power(x('46') -
20601  x('76'), 2) +
20602  power(x('146') -
20603  x('176'), 2) +
20604  power(x('246') -
20605  x('276'), 2)) +
20606  1/sqrt(power(x('47') -
20607  x('75'), 2) +
20608  power(x('147') -
20609  x('175'), 2) +
20610  power(x('247') -
20611  x('275'), 2)) +
20612  1/sqrt(power(x('35') -
20613  x('87'), 2) +
20614  power(x('135') -
20615  x('187'), 2) +
20616  power(x('235') -
20617  x('287'), 2)) +
20618  1/sqrt(power(x('45') -
20619  x('77'), 2) +
20620  power(x('145') -
20621  x('177'), 2) +
20622  power(x('245') -
20623  x('277'), 2)) +
20624  1/sqrt(power(x('48') -
20625  x('74'), 2) +
20626  power(x('148') -
20627  x('174'), 2) +
20628  power(x('248') -
20629  x('274'), 2)) +
20630  1/sqrt(power(x('30') -
20631  x('92'), 2) +
20632  power(x('130') -
20633  x('192'), 2) +
20634  power(x('230') -
20635  x('292'), 2)) +
20636  1/sqrt(power(x('44') -
20637  x('78'), 2) +
20638  power(x('144') -
20639  x('178'), 2) +
20640  power(x('244') -
20641  x('278'), 2)) +
20642  1/sqrt(power(x('49') -
20643  x('73'), 2) +
20644  power(x('149') -
20645  x('173'), 2) +
20646  power(x('249') -
20647  x('273'), 2)) +
20648  1/sqrt(power(x('53') -
20649  x('69'), 2) +
20650  power(x('153') -
20651  x('169'), 2) +
20652  power(x('253') -
20653  x('269'), 2)) +
20654  1/sqrt(power(x('41') -
20655  x('81'), 2) +
20656  power(x('141') -
20657  x('181'), 2) +
20658  power(x('241') -
20659  x('281'), 2)) +
20660  1/sqrt(power(x('50') -
20661  x('72'), 2) +
20662  power(x('150') -
20663  x('172'), 2) +
20664  power(x('250') -
20665  x('272'), 2)) +
20666  1/sqrt(power(x('43') -
20667  x('79'), 2) +
20668  power(x('143') -
20669  x('179'), 2) +
20670  power(x('243') -
20671  x('279'), 2)) +
20672  1/sqrt(power(x('39') -
20673  x('83'), 2) +
20674  power(x('139') -
20675  x('183'), 2) +
20676  power(x('239') -
20677  x('283'), 2)) +
20678  1/sqrt(power(x('40') -
20679  x('82'), 2) +
20680  power(x('140') -
20681  x('182'), 2) +
20682  power(x('240') -
20683  x('282'), 2)) +
20684  1/sqrt(power(x('24') -
20685  x('99'), 2) +
20686  power(x('124') -
20687  x('199'), 2) +
20688  power(x('224') -
20689  x('299'), 2)) +
20690  1/sqrt(power(x('23') -
20691  x('100'), 2) +
20692  power(x('123') -
20693  x('200'), 2) +
20694  power(x('223') -
20695  x('300'), 2)) +
20696  1/sqrt(power(x('38') -
20697  x('85'), 2) +
20698  power(x('138') -
20699  x('185'), 2) +
20700  power(x('238') -
20701  x('285'), 2)) +
20702  1/sqrt(power(x('26') -
20703  x('97'), 2) +
20704  power(x('126') -
20705  x('197'), 2) +
20706  power(x('226') -
20707  x('297'), 2)) +
20708  1/sqrt(power(x('30') -
20709  x('93'), 2) +
20710  power(x('130') -
20711  x('193'), 2) +
20712  power(x('230') -
20713  x('293'), 2)) +
20714  1/sqrt(power(x('27') -
20715  x('96'), 2) +
20716  power(x('127') -
20717  x('196'), 2) +
20718  power(x('227') -
20719  x('296'), 2)) +
20720  1/sqrt(power(x('29') -
20721  x('94'), 2) +
20722  power(x('129') -
20723  x('194'), 2) +
20724  power(x('229') -
20725  x('294'), 2)) +
20726  1/sqrt(power(x('61') -
20727  x('62'), 2) +
20728  power(x('161') -
20729  x('162'), 2) +
20730  power(x('261') -
20731  x('262'), 2)) +
20732  1/sqrt(power(x('60') -
20733  x('63'), 2) +
20734  power(x('160') -
20735  x('163'), 2) +
20736  power(x('260') -
20737  x('263'), 2)) +
20738  1/sqrt(power(x('59') -
20739  x('64'), 2) +
20740  power(x('159') -
20741  x('164'), 2) +
20742  power(x('259') -
20743  x('264'), 2)) +
20744  1/sqrt(power(x('58') -
20745  x('65'), 2) +
20746  power(x('158') -
20747  x('165'), 2) +
20748  power(x('258') -
20749  x('265'), 2)) +
20750  1/sqrt(power(x('57') -
20751  x('66'), 2) +
20752  power(x('157') -
20753  x('166'), 2) +
20754  power(x('257') -
20755  x('266'), 2)) +
20756  1/sqrt(power(x('31') -
20757  x('92'), 2) +
20758  power(x('131') -
20759  x('192'), 2) +
20760  power(x('231') -
20761  x('292'), 2)) +
20762  1/sqrt(power(x('56') -
20763  x('67'), 2) +
20764  power(x('156') -
20765  x('167'), 2) +
20766  power(x('256') -
20767  x('267'), 2)) +
20768  1/sqrt(power(x('55') -
20769  x('68'), 2) +
20770  power(x('155') -
20771  x('168'), 2) +
20772  power(x('255') -
20773  x('268'), 2)) +
20774  1/sqrt(power(x('25') -
20775  x('98'), 2) +
20776  power(x('125') -
20777  x('198'), 2) +
20778  power(x('225') -
20779  x('298'), 2)) +
20780  1/sqrt(power(x('45') -
20781  x('78'), 2) +
20782  power(x('145') -
20783  x('178'), 2) +
20784  power(x('245') -
20785  x('278'), 2)) +
20786  1/sqrt(power(x('37') -
20787  x('86'), 2) +
20788  power(x('137') -
20789  x('186'), 2) +
20790  power(x('237') -
20791  x('286'), 2)) +
20792  1/sqrt(power(x('34') -
20793  x('89'), 2) +
20794  power(x('134') -
20795  x('189'), 2) +
20796  power(x('234') -
20797  x('289'), 2)) +
20798  1/sqrt(power(x('54') -
20799  x('69'), 2) +
20800  power(x('154') -
20801  x('169'), 2) +
20802  power(x('254') -
20803  x('269'), 2)) +
20804  1/sqrt(power(x('28') -
20805  x('95'), 2) +
20806  power(x('128') -
20807  x('195'), 2) +
20808  power(x('228') -
20809  x('295'), 2)) +
20810  1/sqrt(power(x('33') -
20811  x('90'), 2) +
20812  power(x('133') -
20813  x('190'), 2) +
20814  power(x('233') -
20815  x('290'), 2)) +
20816  1/sqrt(power(x('53') -
20817  x('70'), 2) +
20818  power(x('153') -
20819  x('170'), 2) +
20820  power(x('253') -
20821  x('270'), 2)) +
20822  1/sqrt(power(x('35') -
20823  x('88'), 2) +
20824  power(x('135') -
20825  x('188'), 2) +
20826  power(x('235') -
20827  x('288'), 2)) +
20828  1/sqrt(power(x('52') -
20829  x('71'), 2) +
20830  power(x('152') -
20831  x('171'), 2) +
20832  power(x('252') -
20833  x('271'), 2)) +
20834  1/sqrt(power(x('47') -
20835  x('76'), 2) +
20836  power(x('147') -
20837  x('176'), 2) +
20838  power(x('247') -
20839  x('276'), 2)) +
20840  1/sqrt(power(x('51') -
20841  x('72'), 2) +
20842  power(x('151') -
20843  x('172'), 2) +
20844  power(x('251') -
20845  x('272'), 2)) +
20846  1/sqrt(power(x('32') -
20847  x('91'), 2) +
20848  power(x('132') -
20849  x('191'), 2) +
20850  power(x('232') -
20851  x('291'), 2)) +
20852  1/sqrt(power(x('40') -
20853  x('83'), 2) +
20854  power(x('140') -
20855  x('183'), 2) +
20856  power(x('240') -
20857  x('283'), 2)) +
20858  1/sqrt(power(x('50') -
20859  x('73'), 2) +
20860  power(x('150') -
20861  x('173'), 2) +
20862  power(x('250') -
20863  x('273'), 2)) +
20864  1/sqrt(power(x('36') -
20865  x('87'), 2) +
20866  power(x('136') -
20867  x('187'), 2) +
20868  power(x('236') -
20869  x('287'), 2)) +
20870  1/sqrt(power(x('39') -
20871  x('84'), 2) +
20872  power(x('139') -
20873  x('184'), 2) +
20874  power(x('239') -
20875  x('284'), 2)) +
20876  1/sqrt(power(x('41') -
20877  x('82'), 2) +
20878  power(x('141') -
20879  x('182'), 2) +
20880  power(x('241') -
20881  x('282'), 2)) +
20882  1/sqrt(power(x('46') -
20883  x('77'), 2) +
20884  power(x('146') -
20885  x('177'), 2) +
20886  power(x('246') -
20887  x('277'), 2)) +
20888  1/sqrt(power(x('49') -
20889  x('74'), 2) +
20890  power(x('149') -
20891  x('174'), 2) +
20892  power(x('249') -
20893  x('274'), 2)) +
20894  1/sqrt(power(x('42') -
20895  x('81'), 2) +
20896  power(x('142') -
20897  x('181'), 2) +
20898  power(x('242') -
20899  x('281'), 2)) +
20900  1/sqrt(power(x('48') -
20901  x('75'), 2) +
20902  power(x('148') -
20903  x('175'), 2) +
20904  power(x('248') -
20905  x('275'), 2)) +
20906  1/sqrt(power(x('43') -
20907  x('80'), 2) +
20908  power(x('143') -
20909  x('180'), 2) +
20910  power(x('243') -
20911  x('280'), 2)) +
20912  1/sqrt(power(x('44') -
20913  x('79'), 2) +
20914  power(x('144') -
20915  x('179'), 2) +
20916  power(x('244') -
20917  x('279'), 2)) +
20918  1/sqrt(power(x('43') -
20919  x('81'), 2) +
20920  power(x('143') -
20921  x('181'), 2) +
20922  power(x('243') -
20923  x('281'), 2)) +
20924  1/sqrt(power(x('42') -
20925  x('82'), 2) +
20926  power(x('142') -
20927  x('182'), 2) +
20928  power(x('242') -
20929  x('282'), 2)) +
20930  1/sqrt(power(x('24') -
20931  x('100'), 2) +
20932  power(x('124') -
20933  x('200'), 2) +
20934  power(x('224') -
20935  x('300'), 2)) +
20936  1/sqrt(power(x('44') -
20937  x('80'), 2) +
20938  power(x('144') -
20939  x('180'), 2) +
20940  power(x('244') -
20941  x('280'), 2)) +
20942  1/sqrt(power(x('25') -
20943  x('99'), 2) +
20944  power(x('125') -
20945  x('199'), 2) +
20946  power(x('225') -
20947  x('299'), 2)) +
20948  1/sqrt(power(x('41') -
20949  x('83'), 2) +
20950  power(x('141') -
20951  x('183'), 2) +
20952  power(x('241') -
20953  x('283'), 2)) +
20954  1/sqrt(power(x('48') -
20955  x('76'), 2) +
20956  power(x('148') -
20957  x('176'), 2) +
20958  power(x('248') -
20959  x('276'), 2)) +
20960  1/sqrt(power(x('45') -
20961  x('79'), 2) +
20962  power(x('145') -
20963  x('179'), 2) +
20964  power(x('245') -
20965  x('279'), 2)) +
20966  1/sqrt(power(x('27') -
20967  x('97'), 2) +
20968  power(x('127') -
20969  x('197'), 2) +
20970  power(x('227') -
20971  x('297'), 2)) +
20972  1/sqrt(power(x('40') -
20973  x('84'), 2) +
20974  power(x('140') -
20975  x('184'), 2) +
20976  power(x('240') -
20977  x('284'), 2)) +
20978  1/sqrt(power(x('53') -
20979  x('71'), 2) +
20980  power(x('153') -
20981  x('171'), 2) +
20982  power(x('253') -
20983  x('271'), 2)) +
20984  1/sqrt(power(x('51') -
20985  x('73'), 2) +
20986  power(x('151') -
20987  x('173'), 2) +
20988  power(x('251') -
20989  x('273'), 2)) +
20990  1/sqrt(power(x('28') -
20991  x('96'), 2) +
20992  power(x('128') -
20993  x('196'), 2) +
20994  power(x('228') -
20995  x('296'), 2)) +
20996  1/sqrt(power(x('31') -
20997  x('93'), 2) +
20998  power(x('131') -
20999  x('193'), 2) +
21000  power(x('231') -
21001  x('293'), 2)) +
21002  1/sqrt(power(x('55') -
21003  x('69'), 2) +
21004  power(x('155') -
21005  x('169'), 2) +
21006  power(x('255') -
21007  x('269'), 2)) +
21008  1/sqrt(power(x('30') -
21009  x('94'), 2) +
21010  power(x('130') -
21011  x('194'), 2) +
21012  power(x('230') -
21013  x('294'), 2)) +
21014  1/sqrt(power(x('46') -
21015  x('78'), 2) +
21016  power(x('146') -
21017  x('178'), 2) +
21018  power(x('246') -
21019  x('278'), 2)) +
21020  1/sqrt(power(x('57') -
21021  x('67'), 2) +
21022  power(x('157') -
21023  x('167'), 2) +
21024  power(x('257') -
21025  x('267'), 2)) +
21026  1/sqrt(power(x('49') -
21027  x('75'), 2) +
21028  power(x('149') -
21029  x('175'), 2) +
21030  power(x('249') -
21031  x('275'), 2)) +
21032  1/sqrt(power(x('35') -
21033  x('89'), 2) +
21034  power(x('135') -
21035  x('189'), 2) +
21036  power(x('235') -
21037  x('289'), 2)) +
21038  1/sqrt(power(x('26') -
21039  x('98'), 2) +
21040  power(x('126') -
21041  x('198'), 2) +
21042  power(x('226') -
21043  x('298'), 2)) +
21044  1/sqrt(power(x('59') -
21045  x('65'), 2) +
21046  power(x('159') -
21047  x('165'), 2) +
21048  power(x('259') -
21049  x('265'), 2)) +
21050  1/sqrt(power(x('36') -
21051  x('88'), 2) +
21052  power(x('136') -
21053  x('188'), 2) +
21054  power(x('236') -
21055  x('288'), 2)) +
21056  1/sqrt(power(x('61') -
21057  x('63'), 2) +
21058  power(x('161') -
21059  x('163'), 2) +
21060  power(x('261') -
21061  x('263'), 2)) +
21062  1/sqrt(power(x('32') -
21063  x('92'), 2) +
21064  power(x('132') -
21065  x('192'), 2) +
21066  power(x('232') -
21067  x('292'), 2)) +
21068  1/sqrt(power(x('39') -
21069  x('85'), 2) +
21070  power(x('139') -
21071  x('185'), 2) +
21072  power(x('239') -
21073  x('285'), 2)) +
21074  1/sqrt(power(x('34') -
21075  x('90'), 2) +
21076  power(x('134') -
21077  x('190'), 2) +
21078  power(x('234') -
21079  x('290'), 2)) +
21080  1/sqrt(power(x('47') -
21081  x('77'), 2) +
21082  power(x('147') -
21083  x('177'), 2) +
21084  power(x('247') -
21085  x('277'), 2)) +
21086  1/sqrt(power(x('37') -
21087  x('87'), 2) +
21088  power(x('137') -
21089  x('187'), 2) +
21090  power(x('237') -
21091  x('287'), 2)) +
21092  1/sqrt(power(x('29') -
21093  x('95'), 2) +
21094  power(x('129') -
21095  x('195'), 2) +
21096  power(x('229') -
21097  x('295'), 2)) +
21098  1/sqrt(power(x('52') -
21099  x('72'), 2) +
21100  power(x('152') -
21101  x('172'), 2) +
21102  power(x('252') -
21103  x('272'), 2)) +
21104  1/sqrt(power(x('54') -
21105  x('70'), 2) +
21106  power(x('154') -
21107  x('170'), 2) +
21108  power(x('254') -
21109  x('270'), 2)) +
21110  1/sqrt(power(x('50') -
21111  x('74'), 2) +
21112  power(x('150') -
21113  x('174'), 2) +
21114  power(x('250') -
21115  x('274'), 2)) +
21116  1/sqrt(power(x('56') -
21117  x('68'), 2) +
21118  power(x('156') -
21119  x('168'), 2) +
21120  power(x('256') -
21121  x('268'), 2)) +
21122  1/sqrt(power(x('58') -
21123  x('66'), 2) +
21124  power(x('158') -
21125  x('166'), 2) +
21126  power(x('258') -
21127  x('266'), 2)) +
21128  1/sqrt(power(x('33') -
21129  x('91'), 2) +
21130  power(x('133') -
21131  x('191'), 2) +
21132  power(x('233') -
21133  x('291'), 2)) +
21134  1/sqrt(power(x('60') -
21135  x('64'), 2) +
21136  power(x('160') -
21137  x('164'), 2) +
21138  power(x('260') -
21139  x('264'), 2)) +
21140  1/sqrt(power(x('38') -
21141  x('86'), 2) +
21142  power(x('138') -
21143  x('186'), 2) +
21144  power(x('238') -
21145  x('286'), 2)) +
21146  1/sqrt(power(x('42') -
21147  x('83'), 2) +
21148  power(x('142') -
21149  x('183'), 2) +
21150  power(x('242') -
21151  x('283'), 2)) +
21152  1/sqrt(power(x('58') -
21153  x('67'), 2) +
21154  power(x('158') -
21155  x('167'), 2) +
21156  power(x('258') -
21157  x('267'), 2)) +
21158  1/sqrt(power(x('48') -
21159  x('77'), 2) +
21160  power(x('148') -
21161  x('177'), 2) +
21162  power(x('248') -
21163  x('277'), 2)) +
21164  1/sqrt(power(x('47') -
21165  x('78'), 2) +
21166  power(x('147') -
21167  x('178'), 2) +
21168  power(x('247') -
21169  x('278'), 2)) +
21170  1/sqrt(power(x('59') -
21171  x('66'), 2) +
21172  power(x('159') -
21173  x('166'), 2) +
21174  power(x('259') -
21175  x('266'), 2)) +
21176  1/sqrt(power(x('49') -
21177  x('76'), 2) +
21178  power(x('149') -
21179  x('176'), 2) +
21180  power(x('249') -
21181  x('276'), 2)) +
21182  1/sqrt(power(x('46') -
21183  x('79'), 2) +
21184  power(x('146') -
21185  x('179'), 2) +
21186  power(x('246') -
21187  x('279'), 2)) +
21188  1/sqrt(power(x('60') -
21189  x('65'), 2) +
21190  power(x('160') -
21191  x('165'), 2) +
21192  power(x('260') -
21193  x('265'), 2)) +
21194  1/sqrt(power(x('50') -
21195  x('75'), 2) +
21196  power(x('150') -
21197  x('175'), 2) +
21198  power(x('250') -
21199  x('275'), 2)) +
21200  1/sqrt(power(x('61') -
21201  x('64'), 2) +
21202  power(x('161') -
21203  x('164'), 2) +
21204  power(x('261') -
21205  x('264'), 2)) +
21206  1/sqrt(power(x('37') -
21207  x('88'), 2) +
21208  power(x('137') -
21209  x('188'), 2) +
21210  power(x('237') -
21211  x('288'), 2)) +
21212  1/sqrt(power(x('45') -
21213  x('80'), 2) +
21214  power(x('145') -
21215  x('180'), 2) +
21216  power(x('245') -
21217  x('280'), 2)) +
21218  1/sqrt(power(x('62') -
21219  x('63'), 2) +
21220  power(x('162') -
21221  x('163'), 2) +
21222  power(x('262') -
21223  x('263'), 2)) +
21224  1/sqrt(power(x('28') -
21225  x('97'), 2) +
21226  power(x('128') -
21227  x('197'), 2) +
21228  power(x('228') -
21229  x('297'), 2)) +
21230  1/sqrt(power(x('51') -
21231  x('74'), 2) +
21232  power(x('151') -
21233  x('174'), 2) +
21234  power(x('251') -
21235  x('274'), 2)) +
21236  1/sqrt(power(x('36') -
21237  x('89'), 2) +
21238  power(x('136') -
21239  x('189'), 2) +
21240  power(x('236') -
21241  x('289'), 2)) +
21242  1/sqrt(power(x('38') -
21243  x('87'), 2) +
21244  power(x('138') -
21245  x('187'), 2) +
21246  power(x('238') -
21247  x('287'), 2)) +
21248  1/sqrt(power(x('41') -
21249  x('84'), 2) +
21250  power(x('141') -
21251  x('184'), 2) +
21252  power(x('241') -
21253  x('284'), 2)) +
21254  1/sqrt(power(x('52') -
21255  x('73'), 2) +
21256  power(x('152') -
21257  x('173'), 2) +
21258  power(x('252') -
21259  x('273'), 2)) +
21260  1/sqrt(power(x('44') -
21261  x('81'), 2) +
21262  power(x('144') -
21263  x('181'), 2) +
21264  power(x('244') -
21265  x('281'), 2)) +
21266  1/sqrt(power(x('29') -
21267  x('96'), 2) +
21268  power(x('129') -
21269  x('196'), 2) +
21270  power(x('229') -
21271  x('296'), 2)) +
21272  1/sqrt(power(x('32') -
21273  x('93'), 2) +
21274  power(x('132') -
21275  x('193'), 2) +
21276  power(x('232') -
21277  x('293'), 2)) +
21278  1/sqrt(power(x('27') -
21279  x('98'), 2) +
21280  power(x('127') -
21281  x('198'), 2) +
21282  power(x('227') -
21283  x('298'), 2)) +
21284  1/sqrt(power(x('53') -
21285  x('72'), 2) +
21286  power(x('153') -
21287  x('172'), 2) +
21288  power(x('253') -
21289  x('272'), 2)) +
21290  1/sqrt(power(x('31') -
21291  x('94'), 2) +
21292  power(x('131') -
21293  x('194'), 2) +
21294  power(x('231') -
21295  x('294'), 2)) +
21296  1/sqrt(power(x('35') -
21297  x('90'), 2) +
21298  power(x('135') -
21299  x('190'), 2) +
21300  power(x('235') -
21301  x('290'), 2)) +
21302  1/sqrt(power(x('39') -
21303  x('86'), 2) +
21304  power(x('139') -
21305  x('186'), 2) +
21306  power(x('239') -
21307  x('286'), 2)) +
21308  1/sqrt(power(x('33') -
21309  x('92'), 2) +
21310  power(x('133') -
21311  x('192'), 2) +
21312  power(x('233') -
21313  x('292'), 2)) +
21314  1/sqrt(power(x('54') -
21315  x('71'), 2) +
21316  power(x('154') -
21317  x('171'), 2) +
21318  power(x('254') -
21319  x('271'), 2)) +
21320  1/sqrt(power(x('43') -
21321  x('82'), 2) +
21322  power(x('143') -
21323  x('182'), 2) +
21324  power(x('243') -
21325  x('282'), 2)) +
21326  1/sqrt(power(x('55') -
21327  x('70'), 2) +
21328  power(x('155') -
21329  x('170'), 2) +
21330  power(x('255') -
21331  x('270'), 2)) +
21332  1/sqrt(power(x('25') -
21333  x('100'), 2) +
21334  power(x('125') -
21335  x('200'), 2) +
21336  power(x('225') -
21337  x('300'), 2)) +
21338  1/sqrt(power(x('30') -
21339  x('95'), 2) +
21340  power(x('130') -
21341  x('195'), 2) +
21342  power(x('230') -
21343  x('295'), 2)) +
21344  1/sqrt(power(x('56') -
21345  x('69'), 2) +
21346  power(x('156') -
21347  x('169'), 2) +
21348  power(x('256') -
21349  x('269'), 2)) +
21350  1/sqrt(power(x('40') -
21351  x('85'), 2) +
21352  power(x('140') -
21353  x('185'), 2) +
21354  power(x('240') -
21355  x('285'), 2)) +
21356  1/sqrt(power(x('26') -
21357  x('99'), 2) +
21358  power(x('126') -
21359  x('199'), 2) +
21360  power(x('226') -
21361  x('299'), 2)) +
21362  1/sqrt(power(x('57') -
21363  x('68'), 2) +
21364  power(x('157') -
21365  x('168'), 2) +
21366  power(x('257') -
21367  x('268'), 2)) +
21368  1/sqrt(power(x('34') -
21369  x('91'), 2) +
21370  power(x('134') -
21371  x('191'), 2) +
21372  power(x('234') -
21373  x('291'), 2)) +
21374  1/sqrt(power(x('29') -
21375  x('97'), 2) +
21376  power(x('129') -
21377  x('197'), 2) +
21378  power(x('229') -
21379  x('297'), 2)) +
21380  1/sqrt(power(x('42') -
21381  x('84'), 2) +
21382  power(x('142') -
21383  x('184'), 2) +
21384  power(x('242') -
21385  x('284'), 2)) +
21386  1/sqrt(power(x('36') -
21387  x('90'), 2) +
21388  power(x('136') -
21389  x('190'), 2) +
21390  power(x('236') -
21391  x('290'), 2)) +
21392  1/sqrt(power(x('28') -
21393  x('98'), 2) +
21394  power(x('128') -
21395  x('198'), 2) +
21396  power(x('228') -
21397  x('298'), 2)) +
21398  1/sqrt(power(x('33') -
21399  x('93'), 2) +
21400  power(x('133') -
21401  x('193'), 2) +
21402  power(x('233') -
21403  x('293'), 2)) +
21404  1/sqrt(power(x('30') -
21405  x('96'), 2) +
21406  power(x('130') -
21407  x('196'), 2) +
21408  power(x('230') -
21409  x('296'), 2)) +
21410  1/sqrt(power(x('48') -
21411  x('78'), 2) +
21412  power(x('148') -
21413  x('178'), 2) +
21414  power(x('248') -
21415  x('278'), 2)) +
21416  1/sqrt(power(x('32') -
21417  x('94'), 2) +
21418  power(x('132') -
21419  x('194'), 2) +
21420  power(x('232') -
21421  x('294'), 2)) +
21422  1/sqrt(power(x('26') -
21423  x('100'), 2) +
21424  power(x('126') -
21425  x('200'), 2) +
21426  power(x('226') -
21427  x('300'), 2)) +
21428  1/sqrt(power(x('34') -
21429  x('92'), 2) +
21430  power(x('134') -
21431  x('192'), 2) +
21432  power(x('234') -
21433  x('292'), 2)) +
21434  1/sqrt(power(x('55') -
21435  x('71'), 2) +
21436  power(x('155') -
21437  x('171'), 2) +
21438  power(x('255') -
21439  x('271'), 2)) +
21440  1/sqrt(power(x('51') -
21441  x('75'), 2) +
21442  power(x('151') -
21443  x('175'), 2) +
21444  power(x('251') -
21445  x('275'), 2)) +
21446  1/sqrt(power(x('45') -
21447  x('81'), 2) +
21448  power(x('145') -
21449  x('181'), 2) +
21450  power(x('245') -
21451  x('281'), 2)) +
21452  1/sqrt(power(x('43') -
21453  x('83'), 2) +
21454  power(x('143') -
21455  x('183'), 2) +
21456  power(x('243') -
21457  x('283'), 2)) +
21458  1/sqrt(power(x('39') -
21459  x('87'), 2) +
21460  power(x('139') -
21461  x('187'), 2) +
21462  power(x('239') -
21463  x('287'), 2)) +
21464  1/sqrt(power(x('27') -
21465  x('99'), 2) +
21466  power(x('127') -
21467  x('199'), 2) +
21468  power(x('227') -
21469  x('299'), 2)) +
21470  1/sqrt(power(x('38') -
21471  x('88'), 2) +
21472  power(x('138') -
21473  x('188'), 2) +
21474  power(x('238') -
21475  x('288'), 2)) +
21476  1/sqrt(power(x('40') -
21477  x('86'), 2) +
21478  power(x('140') -
21479  x('186'), 2) +
21480  power(x('240') -
21481  x('286'), 2)) +
21482  1/sqrt(power(x('54') -
21483  x('72'), 2) +
21484  power(x('154') -
21485  x('172'), 2) +
21486  power(x('254') -
21487  x('272'), 2)) +
21488  1/sqrt(power(x('47') -
21489  x('79'), 2) +
21490  power(x('147') -
21491  x('179'), 2) +
21492  power(x('247') -
21493  x('279'), 2)) +
21494  1/sqrt(power(x('35') -
21495  x('91'), 2) +
21496  power(x('135') -
21497  x('191'), 2) +
21498  power(x('235') -
21499  x('291'), 2)) +
21500  1/sqrt(power(x('31') -
21501  x('95'), 2) +
21502  power(x('131') -
21503  x('195'), 2) +
21504  power(x('231') -
21505  x('295'), 2)) +
21506  1/sqrt(power(x('50') -
21507  x('76'), 2) +
21508  power(x('150') -
21509  x('176'), 2) +
21510  power(x('250') -
21511  x('276'), 2)) +
21512  1/sqrt(power(x('57') -
21513  x('69'), 2) +
21514  power(x('157') -
21515  x('169'), 2) +
21516  power(x('257') -
21517  x('269'), 2)) +
21518  1/sqrt(power(x('37') -
21519  x('89'), 2) +
21520  power(x('137') -
21521  x('189'), 2) +
21522  power(x('237') -
21523  x('289'), 2)) +
21524  1/sqrt(power(x('62') -
21525  x('64'), 2) +
21526  power(x('162') -
21527  x('164'), 2) +
21528  power(x('262') -
21529  x('264'), 2)) +
21530  1/sqrt(power(x('41') -
21531  x('85'), 2) +
21532  power(x('141') -
21533  x('185'), 2) +
21534  power(x('241') -
21535  x('285'), 2)) +
21536  1/sqrt(power(x('53') -
21537  x('73'), 2) +
21538  power(x('153') -
21539  x('173'), 2) +
21540  power(x('253') -
21541  x('273'), 2)) +
21542  1/sqrt(power(x('44') -
21543  x('82'), 2) +
21544  power(x('144') -
21545  x('182'), 2) +
21546  power(x('244') -
21547  x('282'), 2)) +
21548  1/sqrt(power(x('49') -
21549  x('77'), 2) +
21550  power(x('149') -
21551  x('177'), 2) +
21552  power(x('249') -
21553  x('277'), 2)) +
21554  1/sqrt(power(x('46') -
21555  x('80'), 2) +
21556  power(x('146') -
21557  x('180'), 2) +
21558  power(x('246') -
21559  x('280'), 2)) +
21560  1/sqrt(power(x('59') -
21561  x('67'), 2) +
21562  power(x('159') -
21563  x('167'), 2) +
21564  power(x('259') -
21565  x('267'), 2)) +
21566  1/sqrt(power(x('56') -
21567  x('70'), 2) +
21568  power(x('156') -
21569  x('170'), 2) +
21570  power(x('256') -
21571  x('270'), 2)) +
21572  1/sqrt(power(x('52') -
21573  x('74'), 2) +
21574  power(x('152') -
21575  x('174'), 2) +
21576  power(x('252') -
21577  x('274'), 2)) +
21578  1/sqrt(power(x('61') -
21579  x('65'), 2) +
21580  power(x('161') -
21581  x('165'), 2) +
21582  power(x('261') -
21583  x('265'), 2)) +
21584  1/sqrt(power(x('58') -
21585  x('68'), 2) +
21586  power(x('158') -
21587  x('168'), 2) +
21588  power(x('258') -
21589  x('268'), 2)) +
21590  1/sqrt(power(x('60') -
21591  x('66'), 2) +
21592  power(x('160') -
21593  x('166'), 2) +
21594  power(x('260') -
21595  x('266'), 2)) +
21596  1/sqrt(power(x('41') -
21597  x('86'), 2) +
21598  power(x('141') -
21599  x('186'), 2) +
21600  power(x('241') -
21601  x('286'), 2)) +
21602  1/sqrt(power(x('42') -
21603  x('85'), 2) +
21604  power(x('142') -
21605  x('185'), 2) +
21606  power(x('242') -
21607  x('285'), 2)) +
21608  1/sqrt(power(x('43') -
21609  x('84'), 2) +
21610  power(x('143') -
21611  x('184'), 2) +
21612  power(x('243') -
21613  x('284'), 2)) +
21614  1/sqrt(power(x('40') -
21615  x('87'), 2) +
21616  power(x('140') -
21617  x('187'), 2) +
21618  power(x('240') -
21619  x('287'), 2)) +
21620  1/sqrt(power(x('56') -
21621  x('71'), 2) +
21622  power(x('156') -
21623  x('171'), 2) +
21624  power(x('256') -
21625  x('271'), 2)) +
21626  1/sqrt(power(x('44') -
21627  x('83'), 2) +
21628  power(x('144') -
21629  x('183'), 2) +
21630  power(x('244') -
21631  x('283'), 2)) +
21632  1/sqrt(power(x('30') -
21633  x('97'), 2) +
21634  power(x('130') -
21635  x('197'), 2) +
21636  power(x('230') -
21637  x('297'), 2)) +
21638  1/sqrt(power(x('39') -
21639  x('88'), 2) +
21640  power(x('139') -
21641  x('188'), 2) +
21642  power(x('239') -
21643  x('288'), 2)) +
21644  1/sqrt(power(x('62') -
21645  x('65'), 2) +
21646  power(x('162') -
21647  x('165'), 2) +
21648  power(x('262') -
21649  x('265'), 2)) +
21650  1/sqrt(power(x('48') -
21651  x('79'), 2) +
21652  power(x('148') -
21653  x('179'), 2) +
21654  power(x('248') -
21655  x('279'), 2)) +
21656  1/sqrt(power(x('29') -
21657  x('98'), 2) +
21658  power(x('129') -
21659  x('198'), 2) +
21660  power(x('229') -
21661  x('298'), 2)) +
21662  1/sqrt(power(x('27') -
21663  x('100'), 2) +
21664  power(x('127') -
21665  x('200'), 2) +
21666  power(x('227') -
21667  x('300'), 2)) +
21668  1/sqrt(power(x('34') -
21669  x('93'), 2) +
21670  power(x('134') -
21671  x('193'), 2) +
21672  power(x('234') -
21673  x('293'), 2)) +
21674  1/sqrt(power(x('63') -
21675  x('64'), 2) +
21676  power(x('163') -
21677  x('164'), 2) +
21678  power(x('263') -
21679  x('264'), 2)) +
21680  1/sqrt(power(x('35') -
21681  x('92'), 2) +
21682  power(x('135') -
21683  x('192'), 2) +
21684  power(x('235') -
21685  x('292'), 2)) +
21686  1/sqrt(power(x('45') -
21687  x('82'), 2) +
21688  power(x('145') -
21689  x('182'), 2) +
21690  power(x('245') -
21691  x('282'), 2)) +
21692  1/sqrt(power(x('31') -
21693  x('96'), 2) +
21694  power(x('131') -
21695  x('196'), 2) +
21696  power(x('231') -
21697  x('296'), 2)) +
21698  1/sqrt(power(x('51') -
21699  x('76'), 2) +
21700  power(x('151') -
21701  x('176'), 2) +
21702  power(x('251') -
21703  x('276'), 2)) +
21704  1/sqrt(power(x('57') -
21705  x('70'), 2) +
21706  power(x('157') -
21707  x('170'), 2) +
21708  power(x('257') -
21709  x('270'), 2)) +
21710  1/sqrt(power(x('33') -
21711  x('94'), 2) +
21712  power(x('133') -
21713  x('194'), 2) +
21714  power(x('233') -
21715  x('294'), 2)) +
21716  1/sqrt(power(x('54') -
21717  x('73'), 2) +
21718  power(x('154') -
21719  x('173'), 2) +
21720  power(x('254') -
21721  x('273'), 2)) +
21722  1/sqrt(power(x('38') -
21723  x('89'), 2) +
21724  power(x('138') -
21725  x('189'), 2) +
21726  power(x('238') -
21727  x('289'), 2)) +
21728  1/sqrt(power(x('36') -
21729  x('91'), 2) +
21730  power(x('136') -
21731  x('191'), 2) +
21732  power(x('236') -
21733  x('291'), 2)) +
21734  1/sqrt(power(x('46') -
21735  x('81'), 2) +
21736  power(x('146') -
21737  x('181'), 2) +
21738  power(x('246') -
21739  x('281'), 2)) +
21740  1/sqrt(power(x('49') -
21741  x('78'), 2) +
21742  power(x('149') -
21743  x('178'), 2) +
21744  power(x('249') -
21745  x('278'), 2)) +
21746  1/sqrt(power(x('28') -
21747  x('99'), 2) +
21748  power(x('128') -
21749  x('199'), 2) +
21750  power(x('228') -
21751  x('299'), 2)) +
21752  1/sqrt(power(x('58') -
21753  x('69'), 2) +
21754  power(x('158') -
21755  x('169'), 2) +
21756  power(x('258') -
21757  x('269'), 2)) +
21758  1/sqrt(power(x('52') -
21759  x('75'), 2) +
21760  power(x('152') -
21761  x('175'), 2) +
21762  power(x('252') -
21763  x('275'), 2)) +
21764  1/sqrt(power(x('32') -
21765  x('95'), 2) +
21766  power(x('132') -
21767  x('195'), 2) +
21768  power(x('232') -
21769  x('295'), 2)) +
21770  1/sqrt(power(x('55') -
21771  x('72'), 2) +
21772  power(x('155') -
21773  x('172'), 2) +
21774  power(x('255') -
21775  x('272'), 2)) +
21776  1/sqrt(power(x('59') -
21777  x('68'), 2) +
21778  power(x('159') -
21779  x('168'), 2) +
21780  power(x('259') -
21781  x('268'), 2)) +
21782  1/sqrt(power(x('47') -
21783  x('80'), 2) +
21784  power(x('147') -
21785  x('180'), 2) +
21786  power(x('247') -
21787  x('280'), 2)) +
21788  1/sqrt(power(x('37') -
21789  x('90'), 2) +
21790  power(x('137') -
21791  x('190'), 2) +
21792  power(x('237') -
21793  x('290'), 2)) +
21794  1/sqrt(power(x('50') -
21795  x('77'), 2) +
21796  power(x('150') -
21797  x('177'), 2) +
21798  power(x('250') -
21799  x('277'), 2)) +
21800  1/sqrt(power(x('60') -
21801  x('67'), 2) +
21802  power(x('160') -
21803  x('167'), 2) +
21804  power(x('260') -
21805  x('267'), 2)) +
21806  1/sqrt(power(x('53') -
21807  x('74'), 2) +
21808  power(x('153') -
21809  x('174'), 2) +
21810  power(x('253') -
21811  x('274'), 2)) +
21812  1/sqrt(power(x('61') -
21813  x('66'), 2) +
21814  power(x('161') -
21815  x('166'), 2) +
21816  power(x('261') -
21817  x('266'), 2)) +
21818  1/sqrt(power(x('28') -
21819  x('100'), 2) +
21820  power(x('128') -
21821  x('200'), 2) +
21822  power(x('228') -
21823  x('300'), 2)) +
21824  1/sqrt(power(x('31') -
21825  x('97'), 2) +
21826  power(x('131') -
21827  x('197'), 2) +
21828  power(x('231') -
21829  x('297'), 2)) +
21830  1/sqrt(power(x('36') -
21831  x('92'), 2) +
21832  power(x('136') -
21833  x('192'), 2) +
21834  power(x('236') -
21835  x('292'), 2)) +
21836  1/sqrt(power(x('41') -
21837  x('87'), 2) +
21838  power(x('141') -
21839  x('187'), 2) +
21840  power(x('241') -
21841  x('287'), 2)) +
21842  1/sqrt(power(x('35') -
21843  x('93'), 2) +
21844  power(x('135') -
21845  x('193'), 2) +
21846  power(x('235') -
21847  x('293'), 2)) +
21848  1/sqrt(power(x('30') -
21849  x('98'), 2) +
21850  power(x('130') -
21851  x('198'), 2) +
21852  power(x('230') -
21853  x('298'), 2)) +
21854  1/sqrt(power(x('37') -
21855  x('91'), 2) +
21856  power(x('137') -
21857  x('191'), 2) +
21858  power(x('237') -
21859  x('291'), 2)) +
21860  1/sqrt(power(x('32') -
21861  x('96'), 2) +
21862  power(x('132') -
21863  x('196'), 2) +
21864  power(x('232') -
21865  x('296'), 2)) +
21866  1/sqrt(power(x('34') -
21867  x('94'), 2) +
21868  power(x('134') -
21869  x('194'), 2) +
21870  power(x('234') -
21871  x('294'), 2)) +
21872  1/sqrt(power(x('57') -
21873  x('71'), 2) +
21874  power(x('157') -
21875  x('171'), 2) +
21876  power(x('257') -
21877  x('271'), 2)) +
21878  1/sqrt(power(x('47') -
21879  x('81'), 2) +
21880  power(x('147') -
21881  x('181'), 2) +
21882  power(x('247') -
21883  x('281'), 2)) +
21884  1/sqrt(power(x('46') -
21885  x('82'), 2) +
21886  power(x('146') -
21887  x('182'), 2) +
21888  power(x('246') -
21889  x('282'), 2)) +
21890  1/sqrt(power(x('48') -
21891  x('80'), 2) +
21892  power(x('148') -
21893  x('180'), 2) +
21894  power(x('248') -
21895  x('280'), 2)) +
21896  1/sqrt(power(x('45') -
21897  x('83'), 2) +
21898  power(x('145') -
21899  x('183'), 2) +
21900  power(x('245') -
21901  x('283'), 2)) +
21902  1/sqrt(power(x('29') -
21903  x('99'), 2) +
21904  power(x('129') -
21905  x('199'), 2) +
21906  power(x('229') -
21907  x('299'), 2)) +
21908  1/sqrt(power(x('49') -
21909  x('79'), 2) +
21910  power(x('149') -
21911  x('179'), 2) +
21912  power(x('249') -
21913  x('279'), 2)) +
21914  1/sqrt(power(x('56') -
21915  x('72'), 2) +
21916  power(x('156') -
21917  x('172'), 2) +
21918  power(x('256') -
21919  x('272'), 2)) +
21920  1/sqrt(power(x('40') -
21921  x('88'), 2) +
21922  power(x('140') -
21923  x('188'), 2) +
21924  power(x('240') -
21925  x('288'), 2)) +
21926  1/sqrt(power(x('50') -
21927  x('78'), 2) +
21928  power(x('150') -
21929  x('178'), 2) +
21930  power(x('250') -
21931  x('278'), 2)) +
21932  1/sqrt(power(x('44') -
21933  x('84'), 2) +
21934  power(x('144') -
21935  x('184'), 2) +
21936  power(x('244') -
21937  x('284'), 2)) +
21938  1/sqrt(power(x('38') -
21939  x('90'), 2) +
21940  power(x('138') -
21941  x('190'), 2) +
21942  power(x('238') -
21943  x('290'), 2)) +
21944  1/sqrt(power(x('55') -
21945  x('73'), 2) +
21946  power(x('155') -
21947  x('173'), 2) +
21948  power(x('255') -
21949  x('273'), 2)) +
21950  1/sqrt(power(x('51') -
21951  x('77'), 2) +
21952  power(x('151') -
21953  x('177'), 2) +
21954  power(x('251') -
21955  x('277'), 2)) +
21956  1/sqrt(power(x('52') -
21957  x('76'), 2) +
21958  power(x('152') -
21959  x('176'), 2) +
21960  power(x('252') -
21961  x('276'), 2)) +
21962  1/sqrt(power(x('54') -
21963  x('74'), 2) +
21964  power(x('154') -
21965  x('174'), 2) +
21966  power(x('254') -
21967  x('274'), 2)) +
21968  1/sqrt(power(x('53') -
21969  x('75'), 2) +
21970  power(x('153') -
21971  x('175'), 2) +
21972  power(x('253') -
21973  x('275'), 2)) +
21974  1/sqrt(power(x('43') -
21975  x('85'), 2) +
21976  power(x('143') -
21977  x('185'), 2) +
21978  power(x('243') -
21979  x('285'), 2)) +
21980  1/sqrt(power(x('63') -
21981  x('65'), 2) +
21982  power(x('163') -
21983  x('165'), 2) +
21984  power(x('263') -
21985  x('265'), 2)) +
21986  1/sqrt(power(x('33') -
21987  x('95'), 2) +
21988  power(x('133') -
21989  x('195'), 2) +
21990  power(x('233') -
21991  x('295'), 2)) +
21992  1/sqrt(power(x('42') -
21993  x('86'), 2) +
21994  power(x('142') -
21995  x('186'), 2) +
21996  power(x('242') -
21997  x('286'), 2)) +
21998  1/sqrt(power(x('39') -
21999  x('89'), 2) +
22000  power(x('139') -
22001  x('189'), 2) +
22002  power(x('239') -
22003  x('289'), 2)) +
22004  1/sqrt(power(x('59') -
22005  x('69'), 2) +
22006  power(x('159') -
22007  x('169'), 2) +
22008  power(x('259') -
22009  x('269'), 2)) +
22010  1/sqrt(power(x('62') -
22011  x('66'), 2) +
22012  power(x('162') -
22013  x('166'), 2) +
22014  power(x('262') -
22015  x('266'), 2)) +
22016  1/sqrt(power(x('58') -
22017  x('70'), 2) +
22018  power(x('158') -
22019  x('170'), 2) +
22020  power(x('258') -
22021  x('270'), 2)) +
22022  1/sqrt(power(x('61') -
22023  x('67'), 2) +
22024  power(x('161') -
22025  x('167'), 2) +
22026  power(x('261') -
22027  x('267'), 2)) +
22028  1/sqrt(power(x('60') -
22029  x('68'), 2) +
22030  power(x('160') -
22031  x('168'), 2) +
22032  power(x('260') -
22033  x('268'), 2)) +
22034  1/sqrt(power(x('29') -
22035  x('100'), 2) +
22036  power(x('129') -
22037  x('200'), 2) +
22038  power(x('229') -
22039  x('300'), 2)) +
22040  1/sqrt(power(x('58') -
22041  x('71'), 2) +
22042  power(x('158') -
22043  x('171'), 2) +
22044  power(x('258') -
22045  x('271'), 2)) +
22046  1/sqrt(power(x('61') -
22047  x('68'), 2) +
22048  power(x('161') -
22049  x('168'), 2) +
22050  power(x('261') -
22051  x('268'), 2)) +
22052  1/sqrt(power(x('62') -
22053  x('67'), 2) +
22054  power(x('162') -
22055  x('167'), 2) +
22056  power(x('262') -
22057  x('267'), 2)) +
22058  1/sqrt(power(x('34') -
22059  x('95'), 2) +
22060  power(x('134') -
22061  x('195'), 2) +
22062  power(x('234') -
22063  x('295'), 2)) +
22064  1/sqrt(power(x('63') -
22065  x('66'), 2) +
22066  power(x('163') -
22067  x('166'), 2) +
22068  power(x('263') -
22069  x('266'), 2)) +
22070  1/sqrt(power(x('41') -
22071  x('88'), 2) +
22072  power(x('141') -
22073  x('188'), 2) +
22074  power(x('241') -
22075  x('288'), 2)) +
22076  1/sqrt(power(x('59') -
22077  x('70'), 2) +
22078  power(x('159') -
22079  x('170'), 2) +
22080  power(x('259') -
22081  x('270'), 2)) +
22082  1/sqrt(power(x('64') -
22083  x('65'), 2) +
22084  power(x('164') -
22085  x('165'), 2) +
22086  power(x('264') -
22087  x('265'), 2)) +
22088  1/sqrt(power(x('55') -
22089  x('74'), 2) +
22090  power(x('155') -
22091  x('174'), 2) +
22092  power(x('255') -
22093  x('274'), 2)) +
22094  1/sqrt(power(x('37') -
22095  x('92'), 2) +
22096  power(x('137') -
22097  x('192'), 2) +
22098  power(x('237') -
22099  x('292'), 2)) +
22100  1/sqrt(power(x('57') -
22101  x('72'), 2) +
22102  power(x('157') -
22103  x('172'), 2) +
22104  power(x('257') -
22105  x('272'), 2)) +
22106  1/sqrt(power(x('38') -
22107  x('91'), 2) +
22108  power(x('138') -
22109  x('191'), 2) +
22110  power(x('238') -
22111  x('291'), 2)) +
22112  1/sqrt(power(x('45') -
22113  x('84'), 2) +
22114  power(x('145') -
22115  x('184'), 2) +
22116  power(x('245') -
22117  x('284'), 2)) +
22118  1/sqrt(power(x('36') -
22119  x('93'), 2) +
22120  power(x('136') -
22121  x('193'), 2) +
22122  power(x('236') -
22123  x('293'), 2)) +
22124  1/sqrt(power(x('48') -
22125  x('81'), 2) +
22126  power(x('148') -
22127  x('181'), 2) +
22128  power(x('248') -
22129  x('281'), 2)) +
22130  1/sqrt(power(x('32') -
22131  x('97'), 2) +
22132  power(x('132') -
22133  x('197'), 2) +
22134  power(x('232') -
22135  x('297'), 2)) +
22136  1/sqrt(power(x('39') -
22137  x('90'), 2) +
22138  power(x('139') -
22139  x('190'), 2) +
22140  power(x('239') -
22141  x('290'), 2)) +
22142  1/sqrt(power(x('60') -
22143  x('69'), 2) +
22144  power(x('160') -
22145  x('169'), 2) +
22146  power(x('260') -
22147  x('269'), 2)) +
22148  1/sqrt(power(x('31') -
22149  x('98'), 2) +
22150  power(x('131') -
22151  x('198'), 2) +
22152  power(x('231') -
22153  x('298'), 2)) +
22154  1/sqrt(power(x('42') -
22155  x('87'), 2) +
22156  power(x('142') -
22157  x('187'), 2) +
22158  power(x('242') -
22159  x('287'), 2)) +
22160  1/sqrt(power(x('35') -
22161  x('94'), 2) +
22162  power(x('135') -
22163  x('194'), 2) +
22164  power(x('235') -
22165  x('294'), 2)) +
22166  1/sqrt(power(x('51') -
22167  x('78'), 2) +
22168  power(x('151') -
22169  x('178'), 2) +
22170  power(x('251') -
22171  x('278'), 2)) +
22172  1/sqrt(power(x('54') -
22173  x('75'), 2) +
22174  power(x('154') -
22175  x('175'), 2) +
22176  power(x('254') -
22177  x('275'), 2)) +
22178  1/sqrt(power(x('33') -
22179  x('96'), 2) +
22180  power(x('133') -
22181  x('196'), 2) +
22182  power(x('233') -
22183  x('296'), 2)) +
22184  1/sqrt(power(x('44') -
22185  x('85'), 2) +
22186  power(x('144') -
22187  x('185'), 2) +
22188  power(x('244') -
22189  x('285'), 2)) +
22190  1/sqrt(power(x('47') -
22191  x('82'), 2) +
22192  power(x('147') -
22193  x('182'), 2) +
22194  power(x('247') -
22195  x('282'), 2)) +
22196  1/sqrt(power(x('40') -
22197  x('89'), 2) +
22198  power(x('140') -
22199  x('189'), 2) +
22200  power(x('240') -
22201  x('289'), 2)) +
22202  1/sqrt(power(x('30') -
22203  x('99'), 2) +
22204  power(x('130') -
22205  x('199'), 2) +
22206  power(x('230') -
22207  x('299'), 2)) +
22208  1/sqrt(power(x('56') -
22209  x('73'), 2) +
22210  power(x('156') -
22211  x('173'), 2) +
22212  power(x('256') -
22213  x('273'), 2)) +
22214  1/sqrt(power(x('50') -
22215  x('79'), 2) +
22216  power(x('150') -
22217  x('179'), 2) +
22218  power(x('250') -
22219  x('279'), 2)) +
22220  1/sqrt(power(x('53') -
22221  x('76'), 2) +
22222  power(x('153') -
22223  x('176'), 2) +
22224  power(x('253') -
22225  x('276'), 2)) +
22226  1/sqrt(power(x('46') -
22227  x('83'), 2) +
22228  power(x('146') -
22229  x('183'), 2) +
22230  power(x('246') -
22231  x('283'), 2)) +
22232  1/sqrt(power(x('43') -
22233  x('86'), 2) +
22234  power(x('143') -
22235  x('186'), 2) +
22236  power(x('243') -
22237  x('286'), 2)) +
22238  1/sqrt(power(x('49') -
22239  x('80'), 2) +
22240  power(x('149') -
22241  x('180'), 2) +
22242  power(x('249') -
22243  x('280'), 2)) +
22244  1/sqrt(power(x('52') -
22245  x('77'), 2) +
22246  power(x('152') -
22247  x('177'), 2) +
22248  power(x('252') -
22249  x('277'), 2)) +
22250  1/sqrt(power(x('33') -
22251  x('97'), 2) +
22252  power(x('133') -
22253  x('197'), 2) +
22254  power(x('233') -
22255  x('297'), 2)) +
22256  1/sqrt(power(x('32') -
22257  x('98'), 2) +
22258  power(x('132') -
22259  x('198'), 2) +
22260  power(x('232') -
22261  x('298'), 2)) +
22262  1/sqrt(power(x('36') -
22263  x('94'), 2) +
22264  power(x('136') -
22265  x('194'), 2) +
22266  power(x('236') -
22267  x('294'), 2)) +
22268  1/sqrt(power(x('34') -
22269  x('96'), 2) +
22270  power(x('134') -
22271  x('196'), 2) +
22272  power(x('234') -
22273  x('296'), 2)) +
22274  1/sqrt(power(x('51') -
22275  x('79'), 2) +
22276  power(x('151') -
22277  x('179'), 2) +
22278  power(x('251') -
22279  x('279'), 2)) +
22280  1/sqrt(power(x('31') -
22281  x('99'), 2) +
22282  power(x('131') -
22283  x('199'), 2) +
22284  power(x('231') -
22285  x('299'), 2)) +
22286  1/sqrt(power(x('54') -
22287  x('76'), 2) +
22288  power(x('154') -
22289  x('176'), 2) +
22290  power(x('254') -
22291  x('276'), 2)) +
22292  1/sqrt(power(x('39') -
22293  x('91'), 2) +
22294  power(x('139') -
22295  x('191'), 2) +
22296  power(x('239') -
22297  x('291'), 2)) +
22298  1/sqrt(power(x('40') -
22299  x('90'), 2) +
22300  power(x('140') -
22301  x('190'), 2) +
22302  power(x('240') -
22303  x('290'), 2)) +
22304  1/sqrt(power(x('38') -
22305  x('92'), 2) +
22306  power(x('138') -
22307  x('192'), 2) +
22308  power(x('238') -
22309  x('292'), 2)) +
22310  1/sqrt(power(x('35') -
22311  x('95'), 2) +
22312  power(x('135') -
22313  x('195'), 2) +
22314  power(x('235') -
22315  x('295'), 2)) +
22316  1/sqrt(power(x('55') -
22317  x('75'), 2) +
22318  power(x('155') -
22319  x('175'), 2) +
22320  power(x('255') -
22321  x('275'), 2)) +
22322  1/sqrt(power(x('41') -
22323  x('89'), 2) +
22324  power(x('141') -
22325  x('189'), 2) +
22326  power(x('241') -
22327  x('289'), 2)) +
22328  1/sqrt(power(x('52') -
22329  x('78'), 2) +
22330  power(x('152') -
22331  x('178'), 2) +
22332  power(x('252') -
22333  x('278'), 2)) +
22334  1/sqrt(power(x('37') -
22335  x('93'), 2) +
22336  power(x('137') -
22337  x('193'), 2) +
22338  power(x('237') -
22339  x('293'), 2)) +
22340  1/sqrt(power(x('56') -
22341  x('74'), 2) +
22342  power(x('156') -
22343  x('174'), 2) +
22344  power(x('256') -
22345  x('274'), 2)) +
22346  1/sqrt(power(x('61') -
22347  x('69'), 2) +
22348  power(x('161') -
22349  x('169'), 2) +
22350  power(x('261') -
22351  x('269'), 2)) +
22352  1/sqrt(power(x('30') -
22353  x('100'), 2) +
22354  power(x('130') -
22355  x('200'), 2) +
22356  power(x('230') -
22357  x('300'), 2)) +
22358  1/sqrt(power(x('45') -
22359  x('85'), 2) +
22360  power(x('145') -
22361  x('185'), 2) +
22362  power(x('245') -
22363  x('285'), 2)) +
22364  1/sqrt(power(x('42') -
22365  x('88'), 2) +
22366  power(x('142') -
22367  x('188'), 2) +
22368  power(x('242') -
22369  x('288'), 2)) +
22370  1/sqrt(power(x('64') -
22371  x('66'), 2) +
22372  power(x('164') -
22373  x('166'), 2) +
22374  power(x('264') -
22375  x('266'), 2)) +
22376  1/sqrt(power(x('57') -
22377  x('73'), 2) +
22378  power(x('157') -
22379  x('173'), 2) +
22380  power(x('257') -
22381  x('273'), 2)) +
22382  1/sqrt(power(x('60') -
22383  x('70'), 2) +
22384  power(x('160') -
22385  x('170'), 2) +
22386  power(x('260') -
22387  x('270'), 2)) +
22388  1/sqrt(power(x('58') -
22389  x('72'), 2) +
22390  power(x('158') -
22391  x('172'), 2) +
22392  power(x('258') -
22393  x('272'), 2)) +
22394  1/sqrt(power(x('59') -
22395  x('71'), 2) +
22396  power(x('159') -
22397  x('171'), 2) +
22398  power(x('259') -
22399  x('271'), 2)) +
22400  1/sqrt(power(x('53') -
22401  x('77'), 2) +
22402  power(x('153') -
22403  x('177'), 2) +
22404  power(x('253') -
22405  x('277'), 2)) +
22406  1/sqrt(power(x('48') -
22407  x('82'), 2) +
22408  power(x('148') -
22409  x('182'), 2) +
22410  power(x('248') -
22411  x('282'), 2)) +
22412  1/sqrt(power(x('43') -
22413  x('87'), 2) +
22414  power(x('143') -
22415  x('187'), 2) +
22416  power(x('243') -
22417  x('287'), 2)) +
22418  1/sqrt(power(x('46') -
22419  x('84'), 2) +
22420  power(x('146') -
22421  x('184'), 2) +
22422  power(x('246') -
22423  x('284'), 2)) +
22424  1/sqrt(power(x('63') -
22425  x('67'), 2) +
22426  power(x('163') -
22427  x('167'), 2) +
22428  power(x('263') -
22429  x('267'), 2)) +
22430  1/sqrt(power(x('44') -
22431  x('86'), 2) +
22432  power(x('144') -
22433  x('186'), 2) +
22434  power(x('244') -
22435  x('286'), 2)) +
22436  1/sqrt(power(x('49') -
22437  x('81'), 2) +
22438  power(x('149') -
22439  x('181'), 2) +
22440  power(x('249') -
22441  x('281'), 2)) +
22442  1/sqrt(power(x('62') -
22443  x('68'), 2) +
22444  power(x('162') -
22445  x('168'), 2) +
22446  power(x('262') -
22447  x('268'), 2)) +
22448  1/sqrt(power(x('47') -
22449  x('83'), 2) +
22450  power(x('147') -
22451  x('183'), 2) +
22452  power(x('247') -
22453  x('283'), 2)) +
22454  1/sqrt(power(x('50') -
22455  x('80'), 2) +
22456  power(x('150') -
22457  x('180'), 2) +
22458  power(x('250') -
22459  x('280'), 2)) +
22460  1/sqrt(power(x('31') -
22461  x('100'), 2) +
22462  power(x('131') -
22463  x('200'), 2) +
22464  power(x('231') -
22465  x('300'), 2)) +
22466  1/sqrt(power(x('42') -
22467  x('89'), 2) +
22468  power(x('142') -
22469  x('189'), 2) +
22470  power(x('242') -
22471  x('289'), 2)) +
22472  1/sqrt(power(x('43') -
22473  x('88'), 2) +
22474  power(x('143') -
22475  x('188'), 2) +
22476  power(x('243') -
22477  x('288'), 2)) +
22478  1/sqrt(power(x('41') -
22479  x('90'), 2) +
22480  power(x('141') -
22481  x('190'), 2) +
22482  power(x('241') -
22483  x('290'), 2)) +
22484  1/sqrt(power(x('44') -
22485  x('87'), 2) +
22486  power(x('144') -
22487  x('187'), 2) +
22488  power(x('244') -
22489  x('287'), 2)) +
22490  1/sqrt(power(x('40') -
22491  x('91'), 2) +
22492  power(x('140') -
22493  x('191'), 2) +
22494  power(x('240') -
22495  x('291'), 2)) +
22496  1/sqrt(power(x('34') -
22497  x('97'), 2) +
22498  power(x('134') -
22499  x('197'), 2) +
22500  power(x('234') -
22501  x('297'), 2)) +
22502  1/sqrt(power(x('33') -
22503  x('98'), 2) +
22504  power(x('133') -
22505  x('198'), 2) +
22506  power(x('233') -
22507  x('298'), 2)) +
22508  1/sqrt(power(x('45') -
22509  x('86'), 2) +
22510  power(x('145') -
22511  x('186'), 2) +
22512  power(x('245') -
22513  x('286'), 2)) +
22514  1/sqrt(power(x('35') -
22515  x('96'), 2) +
22516  power(x('135') -
22517  x('196'), 2) +
22518  power(x('235') -
22519  x('296'), 2)) +
22520  1/sqrt(power(x('58') -
22521  x('73'), 2) +
22522  power(x('158') -
22523  x('173'), 2) +
22524  power(x('258') -
22525  x('273'), 2)) +
22526  1/sqrt(power(x('39') -
22527  x('92'), 2) +
22528  power(x('139') -
22529  x('192'), 2) +
22530  power(x('239') -
22531  x('292'), 2)) +
22532  1/sqrt(power(x('46') -
22533  x('85'), 2) +
22534  power(x('146') -
22535  x('185'), 2) +
22536  power(x('246') -
22537  x('285'), 2)) +
22538  1/sqrt(power(x('32') -
22539  x('99'), 2) +
22540  power(x('132') -
22541  x('199'), 2) +
22542  power(x('232') -
22543  x('299'), 2)) +
22544  1/sqrt(power(x('47') -
22545  x('84'), 2) +
22546  power(x('147') -
22547  x('184'), 2) +
22548  power(x('247') -
22549  x('284'), 2)) +
22550  1/sqrt(power(x('60') -
22551  x('71'), 2) +
22552  power(x('160') -
22553  x('171'), 2) +
22554  power(x('260') -
22555  x('271'), 2)) +
22556  1/sqrt(power(x('36') -
22557  x('95'), 2) +
22558  power(x('136') -
22559  x('195'), 2) +
22560  power(x('236') -
22561  x('295'), 2)) +
22562  1/sqrt(power(x('57') -
22563  x('74'), 2) +
22564  power(x('157') -
22565  x('174'), 2) +
22566  power(x('257') -
22567  x('274'), 2)) +
22568  1/sqrt(power(x('38') -
22569  x('93'), 2) +
22570  power(x('138') -
22571  x('193'), 2) +
22572  power(x('238') -
22573  x('293'), 2)) +
22574  1/sqrt(power(x('48') -
22575  x('83'), 2) +
22576  power(x('148') -
22577  x('183'), 2) +
22578  power(x('248') -
22579  x('283'), 2)) +
22580  1/sqrt(power(x('49') -
22581  x('82'), 2) +
22582  power(x('149') -
22583  x('182'), 2) +
22584  power(x('249') -
22585  x('282'), 2)) +
22586  1/sqrt(power(x('64') -
22587  x('67'), 2) +
22588  power(x('164') -
22589  x('167'), 2) +
22590  power(x('264') -
22591  x('267'), 2)) +
22592  1/sqrt(power(x('56') -
22593  x('75'), 2) +
22594  power(x('156') -
22595  x('175'), 2) +
22596  power(x('256') -
22597  x('275'), 2)) +
22598  1/sqrt(power(x('65') -
22599  x('66'), 2) +
22600  power(x('165') -
22601  x('166'), 2) +
22602  power(x('265') -
22603  x('266'), 2)) +
22604  1/sqrt(power(x('50') -
22605  x('81'), 2) +
22606  power(x('150') -
22607  x('181'), 2) +
22608  power(x('250') -
22609  x('281'), 2)) +
22610  1/sqrt(power(x('59') -
22611  x('72'), 2) +
22612  power(x('159') -
22613  x('172'), 2) +
22614  power(x('259') -
22615  x('272'), 2)) +
22616  1/sqrt(power(x('61') -
22617  x('70'), 2) +
22618  power(x('161') -
22619  x('170'), 2) +
22620  power(x('261') -
22621  x('270'), 2)) +
22622  1/sqrt(power(x('55') -
22623  x('76'), 2) +
22624  power(x('155') -
22625  x('176'), 2) +
22626  power(x('255') -
22627  x('276'), 2)) +
22628  1/sqrt(power(x('51') -
22629  x('80'), 2) +
22630  power(x('151') -
22631  x('180'), 2) +
22632  power(x('251') -
22633  x('280'), 2)) +
22634  1/sqrt(power(x('37') -
22635  x('94'), 2) +
22636  power(x('137') -
22637  x('194'), 2) +
22638  power(x('237') -
22639  x('294'), 2)) +
22640  1/sqrt(power(x('54') -
22641  x('77'), 2) +
22642  power(x('154') -
22643  x('177'), 2) +
22644  power(x('254') -
22645  x('277'), 2)) +
22646  1/sqrt(power(x('52') -
22647  x('79'), 2) +
22648  power(x('152') -
22649  x('179'), 2) +
22650  power(x('252') -
22651  x('279'), 2)) +
22652  1/sqrt(power(x('53') -
22653  x('78'), 2) +
22654  power(x('153') -
22655  x('178'), 2) +
22656  power(x('253') -
22657  x('278'), 2)) +
22658  1/sqrt(power(x('62') -
22659  x('69'), 2) +
22660  power(x('162') -
22661  x('169'), 2) +
22662  power(x('262') -
22663  x('269'), 2)) +
22664  1/sqrt(power(x('63') -
22665  x('68'), 2) +
22666  power(x('163') -
22667  x('168'), 2) +
22668  power(x('263') -
22669  x('268'), 2)) +
22670  1/sqrt(power(x('44') -
22671  x('88'), 2) +
22672  power(x('144') -
22673  x('188'), 2) +
22674  power(x('244') -
22675  x('288'), 2)) +
22676  1/sqrt(power(x('51') -
22677  x('81'), 2) +
22678  power(x('151') -
22679  x('181'), 2) +
22680  power(x('251') -
22681  x('281'), 2)) +
22682  1/sqrt(power(x('43') -
22683  x('89'), 2) +
22684  power(x('143') -
22685  x('189'), 2) +
22686  power(x('243') -
22687  x('289'), 2)) +
22688  1/sqrt(power(x('35') -
22689  x('97'), 2) +
22690  power(x('135') -
22691  x('197'), 2) +
22692  power(x('235') -
22693  x('297'), 2)) +
22694  1/sqrt(power(x('50') -
22695  x('82'), 2) +
22696  power(x('150') -
22697  x('182'), 2) +
22698  power(x('250') -
22699  x('282'), 2)) +
22700  1/sqrt(power(x('34') -
22701  x('98'), 2) +
22702  power(x('134') -
22703  x('198'), 2) +
22704  power(x('234') -
22705  x('298'), 2)) +
22706  1/sqrt(power(x('56') -
22707  x('76'), 2) +
22708  power(x('156') -
22709  x('176'), 2) +
22710  power(x('256') -
22711  x('276'), 2)) +
22712  1/sqrt(power(x('36') -
22713  x('96'), 2) +
22714  power(x('136') -
22715  x('196'), 2) +
22716  power(x('236') -
22717  x('296'), 2)) +
22718  1/sqrt(power(x('59') -
22719  x('73'), 2) +
22720  power(x('159') -
22721  x('173'), 2) +
22722  power(x('259') -
22723  x('273'), 2)) +
22724  1/sqrt(power(x('42') -
22725  x('90'), 2) +
22726  power(x('142') -
22727  x('190'), 2) +
22728  power(x('242') -
22729  x('290'), 2)) +
22730  1/sqrt(power(x('49') -
22731  x('83'), 2) +
22732  power(x('149') -
22733  x('183'), 2) +
22734  power(x('249') -
22735  x('283'), 2)) +
22736  1/sqrt(power(x('39') -
22737  x('93'), 2) +
22738  power(x('139') -
22739  x('193'), 2) +
22740  power(x('239') -
22741  x('293'), 2)) +
22742  1/sqrt(power(x('63') -
22743  x('69'), 2) +
22744  power(x('163') -
22745  x('169'), 2) +
22746  power(x('263') -
22747  x('269'), 2)) +
22748  1/sqrt(power(x('60') -
22749  x('72'), 2) +
22750  power(x('160') -
22751  x('172'), 2) +
22752  power(x('260') -
22753  x('272'), 2)) +
22754  1/sqrt(power(x('33') -
22755  x('99'), 2) +
22756  power(x('133') -
22757  x('199'), 2) +
22758  power(x('233') -
22759  x('299'), 2)) +
22760  1/sqrt(power(x('53') -
22761  x('79'), 2) +
22762  power(x('153') -
22763  x('179'), 2) +
22764  power(x('253') -
22765  x('279'), 2)) +
22766  1/sqrt(power(x('48') -
22767  x('84'), 2) +
22768  power(x('148') -
22769  x('184'), 2) +
22770  power(x('248') -
22771  x('284'), 2)) +
22772  1/sqrt(power(x('37') -
22773  x('95'), 2) +
22774  power(x('137') -
22775  x('195'), 2) +
22776  power(x('237') -
22777  x('295'), 2)) +
22778  1/sqrt(power(x('62') -
22779  x('70'), 2) +
22780  power(x('162') -
22781  x('170'), 2) +
22782  power(x('262') -
22783  x('270'), 2)) +
22784  1/sqrt(power(x('61') -
22785  x('71'), 2) +
22786  power(x('161') -
22787  x('171'), 2) +
22788  power(x('261') -
22789  x('271'), 2)) +
22790  1/sqrt(power(x('47') -
22791  x('85'), 2) +
22792  power(x('147') -
22793  x('185'), 2) +
22794  power(x('247') -
22795  x('285'), 2)) +
22796  1/sqrt(power(x('41') -
22797  x('91'), 2) +
22798  power(x('141') -
22799  x('191'), 2) +
22800  power(x('241') -
22801  x('291'), 2)) +
22802  1/sqrt(power(x('57') -
22803  x('75'), 2) +
22804  power(x('157') -
22805  x('175'), 2) +
22806  power(x('257') -
22807  x('275'), 2)) +
22808  1/sqrt(power(x('46') -
22809  x('86'), 2) +
22810  power(x('146') -
22811  x('186'), 2) +
22812  power(x('246') -
22813  x('286'), 2)) +
22814  1/sqrt(power(x('55') -
22815  x('77'), 2) +
22816  power(x('155') -
22817  x('177'), 2) +
22818  power(x('255') -
22819  x('277'), 2)) +
22820  1/sqrt(power(x('52') -
22821  x('80'), 2) +
22822  power(x('152') -
22823  x('180'), 2) +
22824  power(x('252') -
22825  x('280'), 2)) +
22826  1/sqrt(power(x('65') -
22827  x('67'), 2) +
22828  power(x('165') -
22829  x('167'), 2) +
22830  power(x('265') -
22831  x('267'), 2)) +
22832  1/sqrt(power(x('45') -
22833  x('87'), 2) +
22834  power(x('145') -
22835  x('187'), 2) +
22836  power(x('245') -
22837  x('287'), 2)) +
22838  1/sqrt(power(x('38') -
22839  x('94'), 2) +
22840  power(x('138') -
22841  x('194'), 2) +
22842  power(x('238') -
22843  x('294'), 2)) +
22844  1/sqrt(power(x('32') -
22845  x('100'), 2) +
22846  power(x('132') -
22847  x('200'), 2) +
22848  power(x('232') -
22849  x('300'), 2)) +
22850  1/sqrt(power(x('40') -
22851  x('92'), 2) +
22852  power(x('140') -
22853  x('192'), 2) +
22854  power(x('240') -
22855  x('292'), 2)) +
22856  1/sqrt(power(x('58') -
22857  x('74'), 2) +
22858  power(x('158') -
22859  x('174'), 2) +
22860  power(x('258') -
22861  x('274'), 2)) +
22862  1/sqrt(power(x('54') -
22863  x('78'), 2) +
22864  power(x('154') -
22865  x('178'), 2) +
22866  power(x('254') -
22867  x('278'), 2)) +
22868  1/sqrt(power(x('64') -
22869  x('68'), 2) +
22870  power(x('164') -
22871  x('168'), 2) +
22872  power(x('264') -
22873  x('268'), 2)) +
22874  1/sqrt(power(x('33') -
22875  x('100'), 2) +
22876  power(x('133') -
22877  x('200'), 2) +
22878  power(x('233') -
22879  x('300'), 2)) +
22880  1/sqrt(power(x('60') -
22881  x('73'), 2) +
22882  power(x('160') -
22883  x('173'), 2) +
22884  power(x('260') -
22885  x('273'), 2)) +
22886  1/sqrt(power(x('59') -
22887  x('74'), 2) +
22888  power(x('159') -
22889  x('174'), 2) +
22890  power(x('259') -
22891  x('274'), 2)) +
22892  1/sqrt(power(x('36') -
22893  x('97'), 2) +
22894  power(x('136') -
22895  x('197'), 2) +
22896  power(x('236') -
22897  x('297'), 2)) +
22898  1/sqrt(power(x('37') -
22899  x('96'), 2) +
22900  power(x('137') -
22901  x('196'), 2) +
22902  power(x('237') -
22903  x('296'), 2)) +
22904  1/sqrt(power(x('57') -
22905  x('76'), 2) +
22906  power(x('157') -
22907  x('176'), 2) +
22908  power(x('257') -
22909  x('276'), 2)) +
22910  1/sqrt(power(x('58') -
22911  x('75'), 2) +
22912  power(x('158') -
22913  x('175'), 2) +
22914  power(x('258') -
22915  x('275'), 2)) +
22916  1/sqrt(power(x('62') -
22917  x('71'), 2) +
22918  power(x('162') -
22919  x('171'), 2) +
22920  power(x('262') -
22921  x('271'), 2)) +
22922  1/sqrt(power(x('35') -
22923  x('98'), 2) +
22924  power(x('135') -
22925  x('198'), 2) +
22926  power(x('235') -
22927  x('298'), 2)) +
22928  1/sqrt(power(x('65') -
22929  x('68'), 2) +
22930  power(x('165') -
22931  x('168'), 2) +
22932  power(x('265') -
22933  x('268'), 2)) +
22934  1/sqrt(power(x('38') -
22935  x('95'), 2) +
22936  power(x('138') -
22937  x('195'), 2) +
22938  power(x('238') -
22939  x('295'), 2)) +
22940  1/sqrt(power(x('51') -
22941  x('82'), 2) +
22942  power(x('151') -
22943  x('182'), 2) +
22944  power(x('251') -
22945  x('282'), 2)) +
22946  1/sqrt(power(x('46') -
22947  x('87'), 2) +
22948  power(x('146') -
22949  x('187'), 2) +
22950  power(x('246') -
22951  x('287'), 2)) +
22952  1/sqrt(power(x('66') -
22953  x('67'), 2) +
22954  power(x('166') -
22955  x('167'), 2) +
22956  power(x('266') -
22957  x('267'), 2)) +
22958  1/sqrt(power(x('34') -
22959  x('99'), 2) +
22960  power(x('134') -
22961  x('199'), 2) +
22962  power(x('234') -
22963  x('299'), 2)) +
22964  1/sqrt(power(x('39') -
22965  x('94'), 2) +
22966  power(x('139') -
22967  x('194'), 2) +
22968  power(x('239') -
22969  x('294'), 2)) +
22970  1/sqrt(power(x('54') -
22971  x('79'), 2) +
22972  power(x('154') -
22973  x('179'), 2) +
22974  power(x('254') -
22975  x('279'), 2)) +
22976  1/sqrt(power(x('61') -
22977  x('72'), 2) +
22978  power(x('161') -
22979  x('172'), 2) +
22980  power(x('261') -
22981  x('272'), 2)) +
22982  1/sqrt(power(x('48') -
22983  x('85'), 2) +
22984  power(x('148') -
22985  x('185'), 2) +
22986  power(x('248') -
22987  x('285'), 2)) +
22988  1/sqrt(power(x('63') -
22989  x('70'), 2) +
22990  power(x('163') -
22991  x('170'), 2) +
22992  power(x('263') -
22993  x('270'), 2)) +
22994  1/sqrt(power(x('45') -
22995  x('88'), 2) +
22996  power(x('145') -
22997  x('188'), 2) +
22998  power(x('245') -
22999  x('288'), 2)) +
23000  1/sqrt(power(x('50') -
23001  x('83'), 2) +
23002  power(x('150') -
23003  x('183'), 2) +
23004  power(x('250') -
23005  x('283'), 2)) +
23006  1/sqrt(power(x('52') -
23007  x('81'), 2) +
23008  power(x('152') -
23009  x('181'), 2) +
23010  power(x('252') -
23011  x('281'), 2)) +
23012  1/sqrt(power(x('55') -
23013  x('78'), 2) +
23014  power(x('155') -
23015  x('178'), 2) +
23016  power(x('255') -
23017  x('278'), 2)) +
23018  1/sqrt(power(x('42') -
23019  x('91'), 2) +
23020  power(x('142') -
23021  x('191'), 2) +
23022  power(x('242') -
23023  x('291'), 2)) +
23024  1/sqrt(power(x('40') -
23025  x('93'), 2) +
23026  power(x('140') -
23027  x('193'), 2) +
23028  power(x('240') -
23029  x('293'), 2)) +
23030  1/sqrt(power(x('47') -
23031  x('86'), 2) +
23032  power(x('147') -
23033  x('186'), 2) +
23034  power(x('247') -
23035  x('286'), 2)) +
23036  1/sqrt(power(x('64') -
23037  x('69'), 2) +
23038  power(x('164') -
23039  x('169'), 2) +
23040  power(x('264') -
23041  x('269'), 2)) +
23042  1/sqrt(power(x('56') -
23043  x('77'), 2) +
23044  power(x('156') -
23045  x('177'), 2) +
23046  power(x('256') -
23047  x('277'), 2)) +
23048  1/sqrt(power(x('44') -
23049  x('89'), 2) +
23050  power(x('144') -
23051  x('189'), 2) +
23052  power(x('244') -
23053  x('289'), 2)) +
23054  1/sqrt(power(x('49') -
23055  x('84'), 2) +
23056  power(x('149') -
23057  x('184'), 2) +
23058  power(x('249') -
23059  x('284'), 2)) +
23060  1/sqrt(power(x('53') -
23061  x('80'), 2) +
23062  power(x('153') -
23063  x('180'), 2) +
23064  power(x('253') -
23065  x('280'), 2)) +
23066  1/sqrt(power(x('41') -
23067  x('92'), 2) +
23068  power(x('141') -
23069  x('192'), 2) +
23070  power(x('241') -
23071  x('292'), 2)) +
23072  1/sqrt(power(x('43') -
23073  x('90'), 2) +
23074  power(x('143') -
23075  x('190'), 2) +
23076  power(x('243') -
23077  x('290'), 2)) +
23078  1/sqrt(power(x('49') -
23079  x('85'), 2) +
23080  power(x('149') -
23081  x('185'), 2) +
23082  power(x('249') -
23083  x('285'), 2)) +
23084  1/sqrt(power(x('47') -
23085  x('87'), 2) +
23086  power(x('147') -
23087  x('187'), 2) +
23088  power(x('247') -
23089  x('287'), 2)) +
23090  1/sqrt(power(x('42') -
23091  x('92'), 2) +
23092  power(x('142') -
23093  x('192'), 2) +
23094  power(x('242') -
23095  x('292'), 2)) +
23096  1/sqrt(power(x('50') -
23097  x('84'), 2) +
23098  power(x('150') -
23099  x('184'), 2) +
23100  power(x('250') -
23101  x('284'), 2)) +
23102  1/sqrt(power(x('34') -
23103  x('100'), 2) +
23104  power(x('134') -
23105  x('200'), 2) +
23106  power(x('234') -
23107  x('300'), 2)) +
23108  1/sqrt(power(x('45') -
23109  x('89'), 2) +
23110  power(x('145') -
23111  x('189'), 2) +
23112  power(x('245') -
23113  x('289'), 2)) +
23114  1/sqrt(power(x('66') -
23115  x('68'), 2) +
23116  power(x('166') -
23117  x('168'), 2) +
23118  power(x('266') -
23119  x('268'), 2)) +
23120  1/sqrt(power(x('38') -
23121  x('96'), 2) +
23122  power(x('138') -
23123  x('196'), 2) +
23124  power(x('238') -
23125  x('296'), 2)) +
23126  1/sqrt(power(x('37') -
23127  x('97'), 2) +
23128  power(x('137') -
23129  x('197'), 2) +
23130  power(x('237') -
23131  x('297'), 2)) +
23132  1/sqrt(power(x('39') -
23133  x('95'), 2) +
23134  power(x('139') -
23135  x('195'), 2) +
23136  power(x('239') -
23137  x('295'), 2)) +
23138  1/sqrt(power(x('51') -
23139  x('83'), 2) +
23140  power(x('151') -
23141  x('183'), 2) +
23142  power(x('251') -
23143  x('283'), 2)) +
23144  1/sqrt(power(x('48') -
23145  x('86'), 2) +
23146  power(x('148') -
23147  x('186'), 2) +
23148  power(x('248') -
23149  x('286'), 2)) +
23150  1/sqrt(power(x('36') -
23151  x('98'), 2) +
23152  power(x('136') -
23153  x('198'), 2) +
23154  power(x('236') -
23155  x('298'), 2)) +
23156  1/sqrt(power(x('43') -
23157  x('91'), 2) +
23158  power(x('143') -
23159  x('191'), 2) +
23160  power(x('243') -
23161  x('291'), 2)) +
23162  1/sqrt(power(x('61') -
23163  x('73'), 2) +
23164  power(x('161') -
23165  x('173'), 2) +
23166  power(x('261') -
23167  x('273'), 2)) +
23168  1/sqrt(power(x('40') -
23169  x('94'), 2) +
23170  power(x('140') -
23171  x('194'), 2) +
23172  power(x('240') -
23173  x('294'), 2)) +
23174  1/sqrt(power(x('65') -
23175  x('69'), 2) +
23176  power(x('165') -
23177  x('169'), 2) +
23178  power(x('265') -
23179  x('269'), 2)) +
23180  1/sqrt(power(x('52') -
23181  x('82'), 2) +
23182  power(x('152') -
23183  x('182'), 2) +
23184  power(x('252') -
23185  x('282'), 2)) +
23186  1/sqrt(power(x('56') -
23187  x('78'), 2) +
23188  power(x('156') -
23189  x('178'), 2) +
23190  power(x('256') -
23191  x('278'), 2)) +
23192  1/sqrt(power(x('46') -
23193  x('88'), 2) +
23194  power(x('146') -
23195  x('188'), 2) +
23196  power(x('246') -
23197  x('288'), 2)) +
23198  1/sqrt(power(x('59') -
23199  x('75'), 2) +
23200  power(x('159') -
23201  x('175'), 2) +
23202  power(x('259') -
23203  x('275'), 2)) +
23204  1/sqrt(power(x('62') -
23205  x('72'), 2) +
23206  power(x('162') -
23207  x('172'), 2) +
23208  power(x('262') -
23209  x('272'), 2)) +
23210  1/sqrt(power(x('53') -
23211  x('81'), 2) +
23212  power(x('153') -
23213  x('181'), 2) +
23214  power(x('253') -
23215  x('281'), 2)) +
23216  1/sqrt(power(x('35') -
23217  x('99'), 2) +
23218  power(x('135') -
23219  x('199'), 2) +
23220  power(x('235') -
23221  x('299'), 2)) +
23222  1/sqrt(power(x('64') -
23223  x('70'), 2) +
23224  power(x('164') -
23225  x('170'), 2) +
23226  power(x('264') -
23227  x('270'), 2)) +
23228  1/sqrt(power(x('55') -
23229  x('79'), 2) +
23230  power(x('155') -
23231  x('179'), 2) +
23232  power(x('255') -
23233  x('279'), 2)) +
23234  1/sqrt(power(x('54') -
23235  x('80'), 2) +
23236  power(x('154') -
23237  x('180'), 2) +
23238  power(x('254') -
23239  x('280'), 2)) +
23240  1/sqrt(power(x('63') -
23241  x('71'), 2) +
23242  power(x('163') -
23243  x('171'), 2) +
23244  power(x('263') -
23245  x('271'), 2)) +
23246  1/sqrt(power(x('41') -
23247  x('93'), 2) +
23248  power(x('141') -
23249  x('193'), 2) +
23250  power(x('241') -
23251  x('293'), 2)) +
23252  1/sqrt(power(x('44') -
23253  x('90'), 2) +
23254  power(x('144') -
23255  x('190'), 2) +
23256  power(x('244') -
23257  x('290'), 2)) +
23258  1/sqrt(power(x('58') -
23259  x('76'), 2) +
23260  power(x('158') -
23261  x('176'), 2) +
23262  power(x('258') -
23263  x('276'), 2)) +
23264  1/sqrt(power(x('60') -
23265  x('74'), 2) +
23266  power(x('160') -
23267  x('174'), 2) +
23268  power(x('260') -
23269  x('274'), 2)) +
23270  1/sqrt(power(x('57') -
23271  x('77'), 2) +
23272  power(x('157') -
23273  x('177'), 2) +
23274  power(x('257') -
23275  x('277'), 2)) +
23276  1/sqrt(power(x('53') -
23277  x('82'), 2) +
23278  power(x('153') -
23279  x('182'), 2) +
23280  power(x('253') -
23281  x('282'), 2)) +
23282  1/sqrt(power(x('56') -
23283  x('79'), 2) +
23284  power(x('156') -
23285  x('179'), 2) +
23286  power(x('256') -
23287  x('279'), 2)) +
23288  1/sqrt(power(x('62') -
23289  x('73'), 2) +
23290  power(x('162') -
23291  x('173'), 2) +
23292  power(x('262') -
23293  x('273'), 2)) +
23294  1/sqrt(power(x('52') -
23295  x('83'), 2) +
23296  power(x('152') -
23297  x('183'), 2) +
23298  power(x('252') -
23299  x('283'), 2)) +
23300  1/sqrt(power(x('66') -
23301  x('69'), 2) +
23302  power(x('166') -
23303  x('169'), 2) +
23304  power(x('266') -
23305  x('269'), 2)) +
23306  1/sqrt(power(x('59') -
23307  x('76'), 2) +
23308  power(x('159') -
23309  x('176'), 2) +
23310  power(x('259') -
23311  x('276'), 2)) +
23312  1/sqrt(power(x('51') -
23313  x('84'), 2) +
23314  power(x('151') -
23315  x('184'), 2) +
23316  power(x('251') -
23317  x('284'), 2)) +
23318  1/sqrt(power(x('61') -
23319  x('74'), 2) +
23320  power(x('161') -
23321  x('174'), 2) +
23322  power(x('261') -
23323  x('274'), 2)) +
23324  1/sqrt(power(x('60') -
23325  x('75'), 2) +
23326  power(x('160') -
23327  x('175'), 2) +
23328  power(x('260') -
23329  x('275'), 2)) +
23330  1/sqrt(power(x('67') -
23331  x('68'), 2) +
23332  power(x('167') -
23333  x('168'), 2) +
23334  power(x('267') -
23335  x('268'), 2)) +
23336  1/sqrt(power(x('64') -
23337  x('71'), 2) +
23338  power(x('164') -
23339  x('171'), 2) +
23340  power(x('264') -
23341  x('271'), 2)) +
23342  1/sqrt(power(x('36') -
23343  x('99'), 2) +
23344  power(x('136') -
23345  x('199'), 2) +
23346  power(x('236') -
23347  x('299'), 2)) +
23348  1/sqrt(power(x('55') -
23349  x('80'), 2) +
23350  power(x('155') -
23351  x('180'), 2) +
23352  power(x('255') -
23353  x('280'), 2)) +
23354  1/sqrt(power(x('45') -
23355  x('90'), 2) +
23356  power(x('145') -
23357  x('190'), 2) +
23358  power(x('245') -
23359  x('290'), 2)) +
23360  1/sqrt(power(x('57') -
23361  x('78'), 2) +
23362  power(x('157') -
23363  x('178'), 2) +
23364  power(x('257') -
23365  x('278'), 2)) +
23366  1/sqrt(power(x('46') -
23367  x('89'), 2) +
23368  power(x('146') -
23369  x('189'), 2) +
23370  power(x('246') -
23371  x('289'), 2)) +
23372  1/sqrt(power(x('54') -
23373  x('81'), 2) +
23374  power(x('154') -
23375  x('181'), 2) +
23376  power(x('254') -
23377  x('281'), 2)) +
23378  1/sqrt(power(x('40') -
23379  x('95'), 2) +
23380  power(x('140') -
23381  x('195'), 2) +
23382  power(x('240') -
23383  x('295'), 2)) +
23384  1/sqrt(power(x('39') -
23385  x('96'), 2) +
23386  power(x('139') -
23387  x('196'), 2) +
23388  power(x('239') -
23389  x('296'), 2)) +
23390  1/sqrt(power(x('63') -
23391  x('72'), 2) +
23392  power(x('163') -
23393  x('172'), 2) +
23394  power(x('263') -
23395  x('272'), 2)) +
23396  1/sqrt(power(x('41') -
23397  x('94'), 2) +
23398  power(x('141') -
23399  x('194'), 2) +
23400  power(x('241') -
23401  x('294'), 2)) +
23402  1/sqrt(power(x('65') -
23403  x('70'), 2) +
23404  power(x('165') -
23405  x('170'), 2) +
23406  power(x('265') -
23407  x('270'), 2)) +
23408  1/sqrt(power(x('47') -
23409  x('88'), 2) +
23410  power(x('147') -
23411  x('188'), 2) +
23412  power(x('247') -
23413  x('288'), 2)) +
23414  1/sqrt(power(x('35') -
23415  x('100'), 2) +
23416  power(x('135') -
23417  x('200'), 2) +
23418  power(x('235') -
23419  x('300'), 2)) +
23420  1/sqrt(power(x('38') -
23421  x('97'), 2) +
23422  power(x('138') -
23423  x('197'), 2) +
23424  power(x('238') -
23425  x('297'), 2)) +
23426  1/sqrt(power(x('58') -
23427  x('77'), 2) +
23428  power(x('158') -
23429  x('177'), 2) +
23430  power(x('258') -
23431  x('277'), 2)) +
23432  1/sqrt(power(x('42') -
23433  x('93'), 2) +
23434  power(x('142') -
23435  x('193'), 2) +
23436  power(x('242') -
23437  x('293'), 2)) +
23438  1/sqrt(power(x('48') -
23439  x('87'), 2) +
23440  power(x('148') -
23441  x('187'), 2) +
23442  power(x('248') -
23443  x('287'), 2)) +
23444  1/sqrt(power(x('37') -
23445  x('98'), 2) +
23446  power(x('137') -
23447  x('198'), 2) +
23448  power(x('237') -
23449  x('298'), 2)) +
23450  1/sqrt(power(x('43') -
23451  x('92'), 2) +
23452  power(x('143') -
23453  x('192'), 2) +
23454  power(x('243') -
23455  x('292'), 2)) +
23456  1/sqrt(power(x('49') -
23457  x('86'), 2) +
23458  power(x('149') -
23459  x('186'), 2) +
23460  power(x('249') -
23461  x('286'), 2)) +
23462  1/sqrt(power(x('50') -
23463  x('85'), 2) +
23464  power(x('150') -
23465  x('185'), 2) +
23466  power(x('250') -
23467  x('285'), 2)) +
23468  1/sqrt(power(x('44') -
23469  x('91'), 2) +
23470  power(x('144') -
23471  x('191'), 2) +
23472  power(x('244') -
23473  x('291'), 2)) +
23474  1/sqrt(power(x('36') -
23475  x('100'), 2) +
23476  power(x('136') -
23477  x('200'), 2) +
23478  power(x('236') -
23479  x('300'), 2)) +
23480  1/sqrt(power(x('50') -
23481  x('86'), 2) +
23482  power(x('150') -
23483  x('186'), 2) +
23484  power(x('250') -
23485  x('286'), 2)) +
23486  1/sqrt(power(x('38') -
23487  x('98'), 2) +
23488  power(x('138') -
23489  x('198'), 2) +
23490  power(x('238') -
23491  x('298'), 2)) +
23492  1/sqrt(power(x('49') -
23493  x('87'), 2) +
23494  power(x('149') -
23495  x('187'), 2) +
23496  power(x('249') -
23497  x('287'), 2)) +
23498  1/sqrt(power(x('60') -
23499  x('76'), 2) +
23500  power(x('160') -
23501  x('176'), 2) +
23502  power(x('260') -
23503  x('276'), 2)) +
23504  1/sqrt(power(x('48') -
23505  x('88'), 2) +
23506  power(x('148') -
23507  x('188'), 2) +
23508  power(x('248') -
23509  x('288'), 2)) +
23510  1/sqrt(power(x('56') -
23511  x('80'), 2) +
23512  power(x('156') -
23513  x('180'), 2) +
23514  power(x('256') -
23515  x('280'), 2)) +
23516  1/sqrt(power(x('47') -
23517  x('89'), 2) +
23518  power(x('147') -
23519  x('189'), 2) +
23520  power(x('247') -
23521  x('289'), 2)) +
23522  1/sqrt(power(x('46') -
23523  x('90'), 2) +
23524  power(x('146') -
23525  x('190'), 2) +
23526  power(x('246') -
23527  x('290'), 2)) +
23528  1/sqrt(power(x('45') -
23529  x('91'), 2) +
23530  power(x('145') -
23531  x('191'), 2) +
23532  power(x('245') -
23533  x('291'), 2)) +
23534  1/sqrt(power(x('44') -
23535  x('92'), 2) +
23536  power(x('144') -
23537  x('192'), 2) +
23538  power(x('244') -
23539  x('292'), 2)) +
23540  1/sqrt(power(x('43') -
23541  x('93'), 2) +
23542  power(x('143') -
23543  x('193'), 2) +
23544  power(x('243') -
23545  x('293'), 2)) +
23546  1/sqrt(power(x('62') -
23547  x('74'), 2) +
23548  power(x('162') -
23549  x('174'), 2) +
23550  power(x('262') -
23551  x('274'), 2)) +
23552  1/sqrt(power(x('42') -
23553  x('94'), 2) +
23554  power(x('142') -
23555  x('194'), 2) +
23556  power(x('242') -
23557  x('294'), 2)) +
23558  1/sqrt(power(x('59') -
23559  x('77'), 2) +
23560  power(x('159') -
23561  x('177'), 2) +
23562  power(x('259') -
23563  x('277'), 2)) +
23564  1/sqrt(power(x('37') -
23565  x('99'), 2) +
23566  power(x('137') -
23567  x('199'), 2) +
23568  power(x('237') -
23569  x('299'), 2)) +
23570  1/sqrt(power(x('57') -
23571  x('79'), 2) +
23572  power(x('157') -
23573  x('179'), 2) +
23574  power(x('257') -
23575  x('279'), 2)) +
23576  1/sqrt(power(x('41') -
23577  x('95'), 2) +
23578  power(x('141') -
23579  x('195'), 2) +
23580  power(x('241') -
23581  x('295'), 2)) +
23582  1/sqrt(power(x('58') -
23583  x('78'), 2) +
23584  power(x('158') -
23585  x('178'), 2) +
23586  power(x('258') -
23587  x('278'), 2)) +
23588  1/sqrt(power(x('54') -
23589  x('82'), 2) +
23590  power(x('154') -
23591  x('182'), 2) +
23592  power(x('254') -
23593  x('282'), 2)) +
23594  1/sqrt(power(x('40') -
23595  x('96'), 2) +
23596  power(x('140') -
23597  x('196'), 2) +
23598  power(x('240') -
23599  x('296'), 2)) +
23600  1/sqrt(power(x('67') -
23601  x('69'), 2) +
23602  power(x('167') -
23603  x('169'), 2) +
23604  power(x('267') -
23605  x('269'), 2)) +
23606  1/sqrt(power(x('51') -
23607  x('85'), 2) +
23608  power(x('151') -
23609  x('185'), 2) +
23610  power(x('251') -
23611  x('285'), 2)) +
23612  1/sqrt(power(x('63') -
23613  x('73'), 2) +
23614  power(x('163') -
23615  x('173'), 2) +
23616  power(x('263') -
23617  x('273'), 2)) +
23618  1/sqrt(power(x('39') -
23619  x('97'), 2) +
23620  power(x('139') -
23621  x('197'), 2) +
23622  power(x('239') -
23623  x('297'), 2)) +
23624  1/sqrt(power(x('61') -
23625  x('75'), 2) +
23626  power(x('161') -
23627  x('175'), 2) +
23628  power(x('261') -
23629  x('275'), 2)) +
23630  1/sqrt(power(x('66') -
23631  x('70'), 2) +
23632  power(x('166') -
23633  x('170'), 2) +
23634  power(x('266') -
23635  x('270'), 2)) +
23636  1/sqrt(power(x('55') -
23637  x('81'), 2) +
23638  power(x('155') -
23639  x('181'), 2) +
23640  power(x('255') -
23641  x('281'), 2)) +
23642  1/sqrt(power(x('64') -
23643  x('72'), 2) +
23644  power(x('164') -
23645  x('172'), 2) +
23646  power(x('264') -
23647  x('272'), 2)) +
23648  1/sqrt(power(x('65') -
23649  x('71'), 2) +
23650  power(x('165') -
23651  x('171'), 2) +
23652  power(x('265') -
23653  x('271'), 2)) +
23654  1/sqrt(power(x('53') -
23655  x('83'), 2) +
23656  power(x('153') -
23657  x('183'), 2) +
23658  power(x('253') -
23659  x('283'), 2)) +
23660  1/sqrt(power(x('52') -
23661  x('84'), 2) +
23662  power(x('152') -
23663  x('184'), 2) +
23664  power(x('252') -
23665  x('284'), 2)) +
23666  1/sqrt(power(x('51') -
23667  x('86'), 2) +
23668  power(x('151') -
23669  x('186'), 2) +
23670  power(x('251') -
23671  x('286'), 2)) +
23672  1/sqrt(power(x('54') -
23673  x('83'), 2) +
23674  power(x('154') -
23675  x('183'), 2) +
23676  power(x('254') -
23677  x('283'), 2)) +
23678  1/sqrt(power(x('65') -
23679  x('72'), 2) +
23680  power(x('165') -
23681  x('172'), 2) +
23682  power(x('265') -
23683  x('272'), 2)) +
23684  1/sqrt(power(x('68') -
23685  x('69'), 2) +
23686  power(x('168') -
23687  x('169'), 2) +
23688  power(x('268') -
23689  x('269'), 2)) +
23690  1/sqrt(power(x('55') -
23691  x('82'), 2) +
23692  power(x('155') -
23693  x('182'), 2) +
23694  power(x('255') -
23695  x('282'), 2)) +
23696  1/sqrt(power(x('56') -
23697  x('81'), 2) +
23698  power(x('156') -
23699  x('181'), 2) +
23700  power(x('256') -
23701  x('281'), 2)) +
23702  1/sqrt(power(x('43') -
23703  x('94'), 2) +
23704  power(x('143') -
23705  x('194'), 2) +
23706  power(x('243') -
23707  x('294'), 2)) +
23708  1/sqrt(power(x('37') -
23709  x('100'), 2) +
23710  power(x('137') -
23711  x('200'), 2) +
23712  power(x('237') -
23713  x('300'), 2)) +
23714  1/sqrt(power(x('61') -
23715  x('76'), 2) +
23716  power(x('161') -
23717  x('176'), 2) +
23718  power(x('261') -
23719  x('276'), 2)) +
23720  1/sqrt(power(x('39') -
23721  x('98'), 2) +
23722  power(x('139') -
23723  x('198'), 2) +
23724  power(x('239') -
23725  x('298'), 2)) +
23726  1/sqrt(power(x('64') -
23727  x('73'), 2) +
23728  power(x('164') -
23729  x('173'), 2) +
23730  power(x('264') -
23731  x('273'), 2)) +
23732  1/sqrt(power(x('52') -
23733  x('85'), 2) +
23734  power(x('152') -
23735  x('185'), 2) +
23736  power(x('252') -
23737  x('285'), 2)) +
23738  1/sqrt(power(x('42') -
23739  x('95'), 2) +
23740  power(x('142') -
23741  x('195'), 2) +
23742  power(x('242') -
23743  x('295'), 2)) +
23744  1/sqrt(power(x('62') -
23745  x('75'), 2) +
23746  power(x('162') -
23747  x('175'), 2) +
23748  power(x('262') -
23749  x('275'), 2)) +
23750  1/sqrt(power(x('59') -
23751  x('78'), 2) +
23752  power(x('159') -
23753  x('178'), 2) +
23754  power(x('259') -
23755  x('278'), 2)) +
23756  1/sqrt(power(x('63') -
23757  x('74'), 2) +
23758  power(x('163') -
23759  x('174'), 2) +
23760  power(x('263') -
23761  x('274'), 2)) +
23762  1/sqrt(power(x('66') -
23763  x('71'), 2) +
23764  power(x('166') -
23765  x('171'), 2) +
23766  power(x('266') -
23767  x('271'), 2)) +
23768  1/sqrt(power(x('46') -
23769  x('91'), 2) +
23770  power(x('146') -
23771  x('191'), 2) +
23772  power(x('246') -
23773  x('291'), 2)) +
23774  1/sqrt(power(x('41') -
23775  x('96'), 2) +
23776  power(x('141') -
23777  x('196'), 2) +
23778  power(x('241') -
23779  x('296'), 2)) +
23780  1/sqrt(power(x('53') -
23781  x('84'), 2) +
23782  power(x('153') -
23783  x('184'), 2) +
23784  power(x('253') -
23785  x('284'), 2)) +
23786  1/sqrt(power(x('38') -
23787  x('99'), 2) +
23788  power(x('138') -
23789  x('199'), 2) +
23790  power(x('238') -
23791  x('299'), 2)) +
23792  1/sqrt(power(x('45') -
23793  x('92'), 2) +
23794  power(x('145') -
23795  x('192'), 2) +
23796  power(x('245') -
23797  x('292'), 2)) +
23798  1/sqrt(power(x('58') -
23799  x('79'), 2) +
23800  power(x('158') -
23801  x('179'), 2) +
23802  power(x('258') -
23803  x('279'), 2)) +
23804  1/sqrt(power(x('67') -
23805  x('70'), 2) +
23806  power(x('167') -
23807  x('170'), 2) +
23808  power(x('267') -
23809  x('270'), 2)) +
23810  1/sqrt(power(x('60') -
23811  x('77'), 2) +
23812  power(x('160') -
23813  x('177'), 2) +
23814  power(x('260') -
23815  x('277'), 2)) +
23816  1/sqrt(power(x('40') -
23817  x('97'), 2) +
23818  power(x('140') -
23819  x('197'), 2) +
23820  power(x('240') -
23821  x('297'), 2)) +
23822  1/sqrt(power(x('44') -
23823  x('93'), 2) +
23824  power(x('144') -
23825  x('193'), 2) +
23826  power(x('244') -
23827  x('293'), 2)) +
23828  1/sqrt(power(x('57') -
23829  x('80'), 2) +
23830  power(x('157') -
23831  x('180'), 2) +
23832  power(x('257') -
23833  x('280'), 2)) +
23834  1/sqrt(power(x('48') -
23835  x('89'), 2) +
23836  power(x('148') -
23837  x('189'), 2) +
23838  power(x('248') -
23839  x('289'), 2)) +
23840  1/sqrt(power(x('47') -
23841  x('90'), 2) +
23842  power(x('147') -
23843  x('190'), 2) +
23844  power(x('247') -
23845  x('290'), 2)) +
23846  1/sqrt(power(x('50') -
23847  x('87'), 2) +
23848  power(x('150') -
23849  x('187'), 2) +
23850  power(x('250') -
23851  x('287'), 2)) +
23852  1/sqrt(power(x('49') -
23853  x('88'), 2) +
23854  power(x('149') -
23855  x('188'), 2) +
23856  power(x('249') -
23857  x('288'), 2)) +
23858  1/sqrt(power(x('68') -
23859  x('70'), 2) +
23860  power(x('168') -
23861  x('170'), 2) +
23862  power(x('268') -
23863  x('270'), 2)) +
23864  1/sqrt(power(x('56') -
23865  x('82'), 2) +
23866  power(x('156') -
23867  x('182'), 2) +
23868  power(x('256') -
23869  x('282'), 2)) +
23870  1/sqrt(power(x('38') -
23871  x('100'), 2) +
23872  power(x('138') -
23873  x('200'), 2) +
23874  power(x('238') -
23875  x('300'), 2)) +
23876  1/sqrt(power(x('67') -
23877  x('71'), 2) +
23878  power(x('167') -
23879  x('171'), 2) +
23880  power(x('267') -
23881  x('271'), 2)) +
23882  1/sqrt(power(x('52') -
23883  x('86'), 2) +
23884  power(x('152') -
23885  x('186'), 2) +
23886  power(x('252') -
23887  x('286'), 2)) +
23888  1/sqrt(power(x('66') -
23889  x('72'), 2) +
23890  power(x('166') -
23891  x('172'), 2) +
23892  power(x('266') -
23893  x('272'), 2)) +
23894  1/sqrt(power(x('55') -
23895  x('83'), 2) +
23896  power(x('155') -
23897  x('183'), 2) +
23898  power(x('255') -
23899  x('283'), 2)) +
23900  1/sqrt(power(x('53') -
23901  x('85'), 2) +
23902  power(x('153') -
23903  x('185'), 2) +
23904  power(x('253') -
23905  x('285'), 2)) +
23906  1/sqrt(power(x('54') -
23907  x('84'), 2) +
23908  power(x('154') -
23909  x('184'), 2) +
23910  power(x('254') -
23911  x('284'), 2)) +
23912  1/sqrt(power(x('59') -
23913  x('79'), 2) +
23914  power(x('159') -
23915  x('179'), 2) +
23916  power(x('259') -
23917  x('279'), 2)) +
23918  1/sqrt(power(x('62') -
23919  x('76'), 2) +
23920  power(x('162') -
23921  x('176'), 2) +
23922  power(x('262') -
23923  x('276'), 2)) +
23924  1/sqrt(power(x('39') -
23925  x('99'), 2) +
23926  power(x('139') -
23927  x('199'), 2) +
23928  power(x('239') -
23929  x('299'), 2)) +
23930  1/sqrt(power(x('41') -
23931  x('97'), 2) +
23932  power(x('141') -
23933  x('197'), 2) +
23934  power(x('241') -
23935  x('297'), 2)) +
23936  1/sqrt(power(x('50') -
23937  x('88'), 2) +
23938  power(x('150') -
23939  x('188'), 2) +
23940  power(x('250') -
23941  x('288'), 2)) +
23942  1/sqrt(power(x('57') -
23943  x('81'), 2) +
23944  power(x('157') -
23945  x('181'), 2) +
23946  power(x('257') -
23947  x('281'), 2)) +
23948  1/sqrt(power(x('46') -
23949  x('92'), 2) +
23950  power(x('146') -
23951  x('192'), 2) +
23952  power(x('246') -
23953  x('292'), 2)) +
23954  1/sqrt(power(x('60') -
23955  x('78'), 2) +
23956  power(x('160') -
23957  x('178'), 2) +
23958  power(x('260') -
23959  x('278'), 2)) +
23960  1/sqrt(power(x('61') -
23961  x('77'), 2) +
23962  power(x('161') -
23963  x('177'), 2) +
23964  power(x('261') -
23965  x('277'), 2)) +
23966  1/sqrt(power(x('64') -
23967  x('74'), 2) +
23968  power(x('164') -
23969  x('174'), 2) +
23970  power(x('264') -
23971  x('274'), 2)) +
23972  1/sqrt(power(x('48') -
23973  x('90'), 2) +
23974  power(x('148') -
23975  x('190'), 2) +
23976  power(x('248') -
23977  x('290'), 2)) +
23978  1/sqrt(power(x('43') -
23979  x('95'), 2) +
23980  power(x('143') -
23981  x('195'), 2) +
23982  power(x('243') -
23983  x('295'), 2)) +
23984  1/sqrt(power(x('51') -
23985  x('87'), 2) +
23986  power(x('151') -
23987  x('187'), 2) +
23988  power(x('251') -
23989  x('287'), 2)) +
23990  1/sqrt(power(x('40') -
23991  x('98'), 2) +
23992  power(x('140') -
23993  x('198'), 2) +
23994  power(x('240') -
23995  x('298'), 2)) +
23996  1/sqrt(power(x('45') -
23997  x('93'), 2) +
23998  power(x('145') -
23999  x('193'), 2) +
24000  power(x('245') -
24001  x('293'), 2)) +
24002  1/sqrt(power(x('65') -
24003  x('73'), 2) +
24004  power(x('165') -
24005  x('173'), 2) +
24006  power(x('265') -
24007  x('273'), 2)) +
24008  1/sqrt(power(x('58') -
24009  x('80'), 2) +
24010  power(x('158') -
24011  x('180'), 2) +
24012  power(x('258') -
24013  x('280'), 2)) +
24014  1/sqrt(power(x('42') -
24015  x('96'), 2) +
24016  power(x('142') -
24017  x('196'), 2) +
24018  power(x('242') -
24019  x('296'), 2)) +
24020  1/sqrt(power(x('63') -
24021  x('75'), 2) +
24022  power(x('163') -
24023  x('175'), 2) +
24024  power(x('263') -
24025  x('275'), 2)) +
24026  1/sqrt(power(x('47') -
24027  x('91'), 2) +
24028  power(x('147') -
24029  x('191'), 2) +
24030  power(x('247') -
24031  x('291'), 2)) +
24032  1/sqrt(power(x('49') -
24033  x('89'), 2) +
24034  power(x('149') -
24035  x('189'), 2) +
24036  power(x('249') -
24037  x('289'), 2)) +
24038  1/sqrt(power(x('44') -
24039  x('94'), 2) +
24040  power(x('144') -
24041  x('194'), 2) +
24042  power(x('244') -
24043  x('294'), 2)) +
24044  1/sqrt(power(x('57') -
24045  x('82'), 2) +
24046  power(x('157') -
24047  x('182'), 2) +
24048  power(x('257') -
24049  x('282'), 2)) +
24050  1/sqrt(power(x('60') -
24051  x('79'), 2) +
24052  power(x('160') -
24053  x('179'), 2) +
24054  power(x('260') -
24055  x('279'), 2)) +
24056  1/sqrt(power(x('58') -
24057  x('81'), 2) +
24058  power(x('158') -
24059  x('181'), 2) +
24060  power(x('258') -
24061  x('281'), 2)) +
24062  1/sqrt(power(x('59') -
24063  x('80'), 2) +
24064  power(x('159') -
24065  x('180'), 2) +
24066  power(x('259') -
24067  x('280'), 2)) +
24068  1/sqrt(power(x('39') -
24069  x('100'), 2) +
24070  power(x('139') -
24071  x('200'), 2) +
24072  power(x('239') -
24073  x('300'), 2)) +
24074  1/sqrt(power(x('46') -
24075  x('93'), 2) +
24076  power(x('146') -
24077  x('193'), 2) +
24078  power(x('246') -
24079  x('293'), 2)) +
24080  1/sqrt(power(x('67') -
24081  x('72'), 2) +
24082  power(x('167') -
24083  x('172'), 2) +
24084  power(x('267') -
24085  x('272'), 2)) +
24086  1/sqrt(power(x('49') -
24087  x('90'), 2) +
24088  power(x('149') -
24089  x('190'), 2) +
24090  power(x('249') -
24091  x('290'), 2)) +
24092  1/sqrt(power(x('54') -
24093  x('85'), 2) +
24094  power(x('154') -
24095  x('185'), 2) +
24096  power(x('254') -
24097  x('285'), 2)) +
24098  1/sqrt(power(x('62') -
24099  x('77'), 2) +
24100  power(x('162') -
24101  x('177'), 2) +
24102  power(x('262') -
24103  x('277'), 2)) +
24104  1/sqrt(power(x('44') -
24105  x('95'), 2) +
24106  power(x('144') -
24107  x('195'), 2) +
24108  power(x('244') -
24109  x('295'), 2)) +
24110  1/sqrt(power(x('42') -
24111  x('97'), 2) +
24112  power(x('142') -
24113  x('197'), 2) +
24114  power(x('242') -
24115  x('297'), 2)) +
24116  1/sqrt(power(x('50') -
24117  x('89'), 2) +
24118  power(x('150') -
24119  x('189'), 2) +
24120  power(x('250') -
24121  x('289'), 2)) +
24122  1/sqrt(power(x('56') -
24123  x('83'), 2) +
24124  power(x('156') -
24125  x('183'), 2) +
24126  power(x('256') -
24127  x('283'), 2)) +
24128  1/sqrt(power(x('53') -
24129  x('86'), 2) +
24130  power(x('153') -
24131  x('186'), 2) +
24132  power(x('253') -
24133  x('286'), 2)) +
24134  1/sqrt(power(x('40') -
24135  x('99'), 2) +
24136  power(x('140') -
24137  x('199'), 2) +
24138  power(x('240') -
24139  x('299'), 2)) +
24140  1/sqrt(power(x('51') -
24141  x('88'), 2) +
24142  power(x('151') -
24143  x('188'), 2) +
24144  power(x('251') -
24145  x('288'), 2)) +
24146  1/sqrt(power(x('52') -
24147  x('87'), 2) +
24148  power(x('152') -
24149  x('187'), 2) +
24150  power(x('252') -
24151  x('287'), 2)) +
24152  1/sqrt(power(x('47') -
24153  x('92'), 2) +
24154  power(x('147') -
24155  x('192'), 2) +
24156  power(x('247') -
24157  x('292'), 2)) +
24158  1/sqrt(power(x('68') -
24159  x('71'), 2) +
24160  power(x('168') -
24161  x('171'), 2) +
24162  power(x('268') -
24163  x('271'), 2)) +
24164  1/sqrt(power(x('66') -
24165  x('73'), 2) +
24166  power(x('166') -
24167  x('173'), 2) +
24168  power(x('266') -
24169  x('273'), 2)) +
24170  1/sqrt(power(x('63') -
24171  x('76'), 2) +
24172  power(x('163') -
24173  x('176'), 2) +
24174  power(x('263') -
24175  x('276'), 2)) +
24176  1/sqrt(power(x('61') -
24177  x('78'), 2) +
24178  power(x('161') -
24179  x('178'), 2) +
24180  power(x('261') -
24181  x('278'), 2)) +
24182  1/sqrt(power(x('45') -
24183  x('94'), 2) +
24184  power(x('145') -
24185  x('194'), 2) +
24186  power(x('245') -
24187  x('294'), 2)) +
24188  1/sqrt(power(x('69') -
24189  x('70'), 2) +
24190  power(x('169') -
24191  x('170'), 2) +
24192  power(x('269') -
24193  x('270'), 2)) +
24194  1/sqrt(power(x('65') -
24195  x('74'), 2) +
24196  power(x('165') -
24197  x('174'), 2) +
24198  power(x('265') -
24199  x('274'), 2)) +
24200  1/sqrt(power(x('43') -
24201  x('96'), 2) +
24202  power(x('143') -
24203  x('196'), 2) +
24204  power(x('243') -
24205  x('296'), 2)) +
24206  1/sqrt(power(x('64') -
24207  x('75'), 2) +
24208  power(x('164') -
24209  x('175'), 2) +
24210  power(x('264') -
24211  x('275'), 2)) +
24212  1/sqrt(power(x('41') -
24213  x('98'), 2) +
24214  power(x('141') -
24215  x('198'), 2) +
24216  power(x('241') -
24217  x('298'), 2)) +
24218  1/sqrt(power(x('55') -
24219  x('84'), 2) +
24220  power(x('155') -
24221  x('184'), 2) +
24222  power(x('255') -
24223  x('284'), 2)) +
24224  1/sqrt(power(x('48') -
24225  x('91'), 2) +
24226  power(x('148') -
24227  x('191'), 2) +
24228  power(x('248') -
24229  x('291'), 2)) +
24230  1/sqrt(power(x('42') -
24231  x('98'), 2) +
24232  power(x('142') -
24233  x('198'), 2) +
24234  power(x('242') -
24235  x('298'), 2)) +
24236  1/sqrt(power(x('46') -
24237  x('94'), 2) +
24238  power(x('146') -
24239  x('194'), 2) +
24240  power(x('246') -
24241  x('294'), 2)) +
24242  1/sqrt(power(x('65') -
24243  x('75'), 2) +
24244  power(x('165') -
24245  x('175'), 2) +
24246  power(x('265') -
24247  x('275'), 2)) +
24248  1/sqrt(power(x('43') -
24249  x('97'), 2) +
24250  power(x('143') -
24251  x('197'), 2) +
24252  power(x('243') -
24253  x('297'), 2)) +
24254  1/sqrt(power(x('40') -
24255  x('100'), 2) +
24256  power(x('140') -
24257  x('200'), 2) +
24258  power(x('240') -
24259  x('300'), 2)) +
24260  1/sqrt(power(x('47') -
24261  x('93'), 2) +
24262  power(x('147') -
24263  x('193'), 2) +
24264  power(x('247') -
24265  x('293'), 2)) +
24266  1/sqrt(power(x('61') -
24267  x('79'), 2) +
24268  power(x('161') -
24269  x('179'), 2) +
24270  power(x('261') -
24271  x('279'), 2)) +
24272  1/sqrt(power(x('58') -
24273  x('82'), 2) +
24274  power(x('158') -
24275  x('182'), 2) +
24276  power(x('258') -
24277  x('282'), 2)) +
24278  1/sqrt(power(x('48') -
24279  x('92'), 2) +
24280  power(x('148') -
24281  x('192'), 2) +
24282  power(x('248') -
24283  x('292'), 2)) +
24284  1/sqrt(power(x('44') -
24285  x('96'), 2) +
24286  power(x('144') -
24287  x('196'), 2) +
24288  power(x('244') -
24289  x('296'), 2)) +
24290  1/sqrt(power(x('57') -
24291  x('83'), 2) +
24292  power(x('157') -
24293  x('183'), 2) +
24294  power(x('257') -
24295  x('283'), 2)) +
24296  1/sqrt(power(x('64') -
24297  x('76'), 2) +
24298  power(x('164') -
24299  x('176'), 2) +
24300  power(x('264') -
24301  x('276'), 2)) +
24302  1/sqrt(power(x('41') -
24303  x('99'), 2) +
24304  power(x('141') -
24305  x('199'), 2) +
24306  power(x('241') -
24307  x('299'), 2)) +
24308  1/sqrt(power(x('49') -
24309  x('91'), 2) +
24310  power(x('149') -
24311  x('191'), 2) +
24312  power(x('249') -
24313  x('291'), 2)) +
24314  1/sqrt(power(x('62') -
24315  x('78'), 2) +
24316  power(x('162') -
24317  x('178'), 2) +
24318  power(x('262') -
24319  x('278'), 2)) +
24320  1/sqrt(power(x('66') -
24321  x('74'), 2) +
24322  power(x('166') -
24323  x('174'), 2) +
24324  power(x('266') -
24325  x('274'), 2)) +
24326  1/sqrt(power(x('54') -
24327  x('86'), 2) +
24328  power(x('154') -
24329  x('186'), 2) +
24330  power(x('254') -
24331  x('286'), 2)) +
24332  1/sqrt(power(x('63') -
24333  x('77'), 2) +
24334  power(x('163') -
24335  x('177'), 2) +
24336  power(x('263') -
24337  x('277'), 2)) +
24338  1/sqrt(power(x('69') -
24339  x('71'), 2) +
24340  power(x('169') -
24341  x('171'), 2) +
24342  power(x('269') -
24343  x('271'), 2)) +
24344  1/sqrt(power(x('45') -
24345  x('95'), 2) +
24346  power(x('145') -
24347  x('195'), 2) +
24348  power(x('245') -
24349  x('295'), 2)) +
24350  1/sqrt(power(x('67') -
24351  x('73'), 2) +
24352  power(x('167') -
24353  x('173'), 2) +
24354  power(x('267') -
24355  x('273'), 2)) +
24356  1/sqrt(power(x('68') -
24357  x('72'), 2) +
24358  power(x('168') -
24359  x('172'), 2) +
24360  power(x('268') -
24361  x('272'), 2)) +
24362  1/sqrt(power(x('60') -
24363  x('80'), 2) +
24364  power(x('160') -
24365  x('180'), 2) +
24366  power(x('260') -
24367  x('280'), 2)) +
24368  1/sqrt(power(x('53') -
24369  x('87'), 2) +
24370  power(x('153') -
24371  x('187'), 2) +
24372  power(x('253') -
24373  x('287'), 2)) +
24374  1/sqrt(power(x('55') -
24375  x('85'), 2) +
24376  power(x('155') -
24377  x('185'), 2) +
24378  power(x('255') -
24379  x('285'), 2)) +
24380  1/sqrt(power(x('59') -
24381  x('81'), 2) +
24382  power(x('159') -
24383  x('181'), 2) +
24384  power(x('259') -
24385  x('281'), 2)) +
24386  1/sqrt(power(x('52') -
24387  x('88'), 2) +
24388  power(x('152') -
24389  x('188'), 2) +
24390  power(x('252') -
24391  x('288'), 2)) +
24392  1/sqrt(power(x('56') -
24393  x('84'), 2) +
24394  power(x('156') -
24395  x('184'), 2) +
24396  power(x('256') -
24397  x('284'), 2)) +
24398  1/sqrt(power(x('51') -
24399  x('89'), 2) +
24400  power(x('151') -
24401  x('189'), 2) +
24402  power(x('251') -
24403  x('289'), 2)) +
24404  1/sqrt(power(x('50') -
24405  x('90'), 2) +
24406  power(x('150') -
24407  x('190'), 2) +
24408  power(x('250') -
24409  x('290'), 2)) +
24410  1/sqrt(power(x('44') -
24411  x('97'), 2) +
24412  power(x('144') -
24413  x('197'), 2) +
24414  power(x('244') -
24415  x('297'), 2)) +
24416  1/sqrt(power(x('45') -
24417  x('96'), 2) +
24418  power(x('145') -
24419  x('196'), 2) +
24420  power(x('245') -
24421  x('296'), 2)) +
24422  1/sqrt(power(x('46') -
24423  x('95'), 2) +
24424  power(x('146') -
24425  x('195'), 2) +
24426  power(x('246') -
24427  x('295'), 2)) +
24428  1/sqrt(power(x('49') -
24429  x('92'), 2) +
24430  power(x('149') -
24431  x('192'), 2) +
24432  power(x('249') -
24433  x('292'), 2)) +
24434  1/sqrt(power(x('47') -
24435  x('94'), 2) +
24436  power(x('147') -
24437  x('194'), 2) +
24438  power(x('247') -
24439  x('294'), 2)) +
24440  1/sqrt(power(x('48') -
24441  x('93'), 2) +
24442  power(x('148') -
24443  x('193'), 2) +
24444  power(x('248') -
24445  x('293'), 2)) +
24446  1/sqrt(power(x('41') -
24447  x('100'), 2) +
24448  power(x('141') -
24449  x('200'), 2) +
24450  power(x('241') -
24451  x('300'), 2)) +
24452  1/sqrt(power(x('62') -
24453  x('79'), 2) +
24454  power(x('162') -
24455  x('179'), 2) +
24456  power(x('262') -
24457  x('279'), 2)) +
24458  1/sqrt(power(x('54') -
24459  x('87'), 2) +
24460  power(x('154') -
24461  x('187'), 2) +
24462  power(x('254') -
24463  x('287'), 2)) +
24464  1/sqrt(power(x('61') -
24465  x('80'), 2) +
24466  power(x('161') -
24467  x('180'), 2) +
24468  power(x('261') -
24469  x('280'), 2)) +
24470  1/sqrt(power(x('70') -
24471  x('71'), 2) +
24472  power(x('170') -
24473  x('171'), 2) +
24474  power(x('270') -
24475  x('271'), 2)) +
24476  1/sqrt(power(x('42') -
24477  x('99'), 2) +
24478  power(x('142') -
24479  x('199'), 2) +
24480  power(x('242') -
24481  x('299'), 2)) +
24482  1/sqrt(power(x('55') -
24483  x('86'), 2) +
24484  power(x('155') -
24485  x('186'), 2) +
24486  power(x('255') -
24487  x('286'), 2)) +
24488  1/sqrt(power(x('56') -
24489  x('85'), 2) +
24490  power(x('156') -
24491  x('185'), 2) +
24492  power(x('256') -
24493  x('285'), 2)) +
24494  1/sqrt(power(x('64') -
24495  x('77'), 2) +
24496  power(x('164') -
24497  x('177'), 2) +
24498  power(x('264') -
24499  x('277'), 2)) +
24500  1/sqrt(power(x('68') -
24501  x('73'), 2) +
24502  power(x('168') -
24503  x('173'), 2) +
24504  power(x('268') -
24505  x('273'), 2)) +
24506  1/sqrt(power(x('43') -
24507  x('98'), 2) +
24508  power(x('143') -
24509  x('198'), 2) +
24510  power(x('243') -
24511  x('298'), 2)) +
24512  1/sqrt(power(x('51') -
24513  x('90'), 2) +
24514  power(x('151') -
24515  x('190'), 2) +
24516  power(x('251') -
24517  x('290'), 2)) +
24518  1/sqrt(power(x('59') -
24519  x('82'), 2) +
24520  power(x('159') -
24521  x('182'), 2) +
24522  power(x('259') -
24523  x('282'), 2)) +
24524  1/sqrt(power(x('53') -
24525  x('88'), 2) +
24526  power(x('153') -
24527  x('188'), 2) +
24528  power(x('253') -
24529  x('288'), 2)) +
24530  1/sqrt(power(x('65') -
24531  x('76'), 2) +
24532  power(x('165') -
24533  x('176'), 2) +
24534  power(x('265') -
24535  x('276'), 2)) +
24536  1/sqrt(power(x('67') -
24537  x('74'), 2) +
24538  power(x('167') -
24539  x('174'), 2) +
24540  power(x('267') -
24541  x('274'), 2)) +
24542  1/sqrt(power(x('50') -
24543  x('91'), 2) +
24544  power(x('150') -
24545  x('191'), 2) +
24546  power(x('250') -
24547  x('291'), 2)) +
24548  1/sqrt(power(x('63') -
24549  x('78'), 2) +
24550  power(x('163') -
24551  x('178'), 2) +
24552  power(x('263') -
24553  x('278'), 2)) +
24554  1/sqrt(power(x('66') -
24555  x('75'), 2) +
24556  power(x('166') -
24557  x('175'), 2) +
24558  power(x('266') -
24559  x('275'), 2)) +
24560  1/sqrt(power(x('69') -
24561  x('72'), 2) +
24562  power(x('169') -
24563  x('172'), 2) +
24564  power(x('269') -
24565  x('272'), 2)) +
24566  1/sqrt(power(x('60') -
24567  x('81'), 2) +
24568  power(x('160') -
24569  x('181'), 2) +
24570  power(x('260') -
24571  x('281'), 2)) +
24572  1/sqrt(power(x('58') -
24573  x('83'), 2) +
24574  power(x('158') -
24575  x('183'), 2) +
24576  power(x('258') -
24577  x('283'), 2)) +
24578  1/sqrt(power(x('52') -
24579  x('89'), 2) +
24580  power(x('152') -
24581  x('189'), 2) +
24582  power(x('252') -
24583  x('289'), 2)) +
24584  1/sqrt(power(x('57') -
24585  x('84'), 2) +
24586  power(x('157') -
24587  x('184'), 2) +
24588  power(x('257') -
24589  x('284'), 2)) +
24590  1/sqrt(power(x('49') -
24591  x('93'), 2) +
24592  power(x('149') -
24593  x('193'), 2) +
24594  power(x('249') -
24595  x('293'), 2)) +
24596  1/sqrt(power(x('56') -
24597  x('86'), 2) +
24598  power(x('156') -
24599  x('186'), 2) +
24600  power(x('256') -
24601  x('286'), 2)) +
24602  1/sqrt(power(x('48') -
24603  x('94'), 2) +
24604  power(x('148') -
24605  x('194'), 2) +
24606  power(x('248') -
24607  x('294'), 2)) +
24608  1/sqrt(power(x('42') -
24609  x('100'), 2) +
24610  power(x('142') -
24611  x('200'), 2) +
24612  power(x('242') -
24613  x('300'), 2)) +
24614  1/sqrt(power(x('54') -
24615  x('88'), 2) +
24616  power(x('154') -
24617  x('188'), 2) +
24618  power(x('254') -
24619  x('288'), 2)) +
24620  1/sqrt(power(x('55') -
24621  x('87'), 2) +
24622  power(x('155') -
24623  x('187'), 2) +
24624  power(x('255') -
24625  x('287'), 2)) +
24626  1/sqrt(power(x('51') -
24627  x('91'), 2) +
24628  power(x('151') -
24629  x('191'), 2) +
24630  power(x('251') -
24631  x('291'), 2)) +
24632  1/sqrt(power(x('43') -
24633  x('99'), 2) +
24634  power(x('143') -
24635  x('199'), 2) +
24636  power(x('243') -
24637  x('299'), 2)) +
24638  1/sqrt(power(x('58') -
24639  x('84'), 2) +
24640  power(x('158') -
24641  x('184'), 2) +
24642  power(x('258') -
24643  x('284'), 2)) +
24644  1/sqrt(power(x('47') -
24645  x('95'), 2) +
24646  power(x('147') -
24647  x('195'), 2) +
24648  power(x('247') -
24649  x('295'), 2)) +
24650  1/sqrt(power(x('44') -
24651  x('98'), 2) +
24652  power(x('144') -
24653  x('198'), 2) +
24654  power(x('244') -
24655  x('298'), 2)) +
24656  1/sqrt(power(x('62') -
24657  x('80'), 2) +
24658  power(x('162') -
24659  x('180'), 2) +
24660  power(x('262') -
24661  x('280'), 2)) +
24662  1/sqrt(power(x('46') -
24663  x('96'), 2) +
24664  power(x('146') -
24665  x('196'), 2) +
24666  power(x('246') -
24667  x('296'), 2)) +
24668  1/sqrt(power(x('45') -
24669  x('97'), 2) +
24670  power(x('145') -
24671  x('197'), 2) +
24672  power(x('245') -
24673  x('297'), 2)) +
24674  1/sqrt(power(x('67') -
24675  x('75'), 2) +
24676  power(x('167') -
24677  x('175'), 2) +
24678  power(x('267') -
24679  x('275'), 2)) +
24680  1/sqrt(power(x('59') -
24681  x('83'), 2) +
24682  power(x('159') -
24683  x('183'), 2) +
24684  power(x('259') -
24685  x('283'), 2)) +
24686  1/sqrt(power(x('61') -
24687  x('81'), 2) +
24688  power(x('161') -
24689  x('181'), 2) +
24690  power(x('261') -
24691  x('281'), 2)) +
24692  1/sqrt(power(x('50') -
24693  x('92'), 2) +
24694  power(x('150') -
24695  x('192'), 2) +
24696  power(x('250') -
24697  x('292'), 2)) +
24698  1/sqrt(power(x('52') -
24699  x('90'), 2) +
24700  power(x('152') -
24701  x('190'), 2) +
24702  power(x('252') -
24703  x('290'), 2)) +
24704  1/sqrt(power(x('60') -
24705  x('82'), 2) +
24706  power(x('160') -
24707  x('182'), 2) +
24708  power(x('260') -
24709  x('282'), 2)) +
24710  1/sqrt(power(x('57') -
24711  x('85'), 2) +
24712  power(x('157') -
24713  x('185'), 2) +
24714  power(x('257') -
24715  x('285'), 2)) +
24716  1/sqrt(power(x('70') -
24717  x('72'), 2) +
24718  power(x('170') -
24719  x('172'), 2) +
24720  power(x('270') -
24721  x('272'), 2)) +
24722  1/sqrt(power(x('63') -
24723  x('79'), 2) +
24724  power(x('163') -
24725  x('179'), 2) +
24726  power(x('263') -
24727  x('279'), 2)) +
24728  1/sqrt(power(x('68') -
24729  x('74'), 2) +
24730  power(x('168') -
24731  x('174'), 2) +
24732  power(x('268') -
24733  x('274'), 2)) +
24734  1/sqrt(power(x('66') -
24735  x('76'), 2) +
24736  power(x('166') -
24737  x('176'), 2) +
24738  power(x('266') -
24739  x('276'), 2)) +
24740  1/sqrt(power(x('69') -
24741  x('73'), 2) +
24742  power(x('169') -
24743  x('173'), 2) +
24744  power(x('269') -
24745  x('273'), 2)) +
24746  1/sqrt(power(x('53') -
24747  x('89'), 2) +
24748  power(x('153') -
24749  x('189'), 2) +
24750  power(x('253') -
24751  x('289'), 2)) +
24752  1/sqrt(power(x('64') -
24753  x('78'), 2) +
24754  power(x('164') -
24755  x('178'), 2) +
24756  power(x('264') -
24757  x('278'), 2)) +
24758  1/sqrt(power(x('65') -
24759  x('77'), 2) +
24760  power(x('165') -
24761  x('177'), 2) +
24762  power(x('265') -
24763  x('277'), 2)) +
24764  1/sqrt(power(x('46') -
24765  x('97'), 2) +
24766  power(x('146') -
24767  x('197'), 2) +
24768  power(x('246') -
24769  x('297'), 2)) +
24770  1/sqrt(power(x('70') -
24771  x('73'), 2) +
24772  power(x('170') -
24773  x('173'), 2) +
24774  power(x('270') -
24775  x('273'), 2)) +
24776  1/sqrt(power(x('45') -
24777  x('98'), 2) +
24778  power(x('145') -
24779  x('198'), 2) +
24780  power(x('245') -
24781  x('298'), 2)) +
24782  1/sqrt(power(x('56') -
24783  x('87'), 2) +
24784  power(x('156') -
24785  x('187'), 2) +
24786  power(x('256') -
24787  x('287'), 2)) +
24788  1/sqrt(power(x('44') -
24789  x('99'), 2) +
24790  power(x('144') -
24791  x('199'), 2) +
24792  power(x('244') -
24793  x('299'), 2)) +
24794  1/sqrt(power(x('49') -
24795  x('94'), 2) +
24796  power(x('149') -
24797  x('194'), 2) +
24798  power(x('249') -
24799  x('294'), 2)) +
24800  1/sqrt(power(x('64') -
24801  x('79'), 2) +
24802  power(x('164') -
24803  x('179'), 2) +
24804  power(x('264') -
24805  x('279'), 2)) +
24806  1/sqrt(power(x('43') -
24807  x('100'), 2) +
24808  power(x('143') -
24809  x('200'), 2) +
24810  power(x('243') -
24811  x('300'), 2)) +
24812  1/sqrt(power(x('63') -
24813  x('80'), 2) +
24814  power(x('163') -
24815  x('180'), 2) +
24816  power(x('263') -
24817  x('280'), 2)) +
24818  1/sqrt(power(x('71') -
24819  x('72'), 2) +
24820  power(x('171') -
24821  x('172'), 2) +
24822  power(x('271') -
24823  x('272'), 2)) +
24824  1/sqrt(power(x('52') -
24825  x('91'), 2) +
24826  power(x('152') -
24827  x('191'), 2) +
24828  power(x('252') -
24829  x('291'), 2)) +
24830  1/sqrt(power(x('55') -
24831  x('88'), 2) +
24832  power(x('155') -
24833  x('188'), 2) +
24834  power(x('255') -
24835  x('288'), 2)) +
24836  1/sqrt(power(x('66') -
24837  x('77'), 2) +
24838  power(x('166') -
24839  x('177'), 2) +
24840  power(x('266') -
24841  x('277'), 2)) +
24842  1/sqrt(power(x('69') -
24843  x('74'), 2) +
24844  power(x('169') -
24845  x('174'), 2) +
24846  power(x('269') -
24847  x('274'), 2)) +
24848  1/sqrt(power(x('48') -
24849  x('95'), 2) +
24850  power(x('148') -
24851  x('195'), 2) +
24852  power(x('248') -
24853  x('295'), 2)) +
24854  1/sqrt(power(x('61') -
24855  x('82'), 2) +
24856  power(x('161') -
24857  x('182'), 2) +
24858  power(x('261') -
24859  x('282'), 2)) +
24860  1/sqrt(power(x('53') -
24861  x('90'), 2) +
24862  power(x('153') -
24863  x('190'), 2) +
24864  power(x('253') -
24865  x('290'), 2)) +
24866  1/sqrt(power(x('57') -
24867  x('86'), 2) +
24868  power(x('157') -
24869  x('186'), 2) +
24870  power(x('257') -
24871  x('286'), 2)) +
24872  1/sqrt(power(x('54') -
24873  x('89'), 2) +
24874  power(x('154') -
24875  x('189'), 2) +
24876  power(x('254') -
24877  x('289'), 2)) +
24878  1/sqrt(power(x('50') -
24879  x('93'), 2) +
24880  power(x('150') -
24881  x('193'), 2) +
24882  power(x('250') -
24883  x('293'), 2)) +
24884  1/sqrt(power(x('67') -
24885  x('76'), 2) +
24886  power(x('167') -
24887  x('176'), 2) +
24888  power(x('267') -
24889  x('276'), 2)) +
24890  1/sqrt(power(x('68') -
24891  x('75'), 2) +
24892  power(x('168') -
24893  x('175'), 2) +
24894  power(x('268') -
24895  x('275'), 2)) +
24896  1/sqrt(power(x('47') -
24897  x('96'), 2) +
24898  power(x('147') -
24899  x('196'), 2) +
24900  power(x('247') -
24901  x('296'), 2)) +
24902  1/sqrt(power(x('60') -
24903  x('83'), 2) +
24904  power(x('160') -
24905  x('183'), 2) +
24906  power(x('260') -
24907  x('283'), 2)) +
24908  1/sqrt(power(x('58') -
24909  x('85'), 2) +
24910  power(x('158') -
24911  x('185'), 2) +
24912  power(x('258') -
24913  x('285'), 2)) +
24914  1/sqrt(power(x('65') -
24915  x('78'), 2) +
24916  power(x('165') -
24917  x('178'), 2) +
24918  power(x('265') -
24919  x('278'), 2)) +
24920  1/sqrt(power(x('59') -
24921  x('84'), 2) +
24922  power(x('159') -
24923  x('184'), 2) +
24924  power(x('259') -
24925  x('284'), 2)) +
24926  1/sqrt(power(x('62') -
24927  x('81'), 2) +
24928  power(x('162') -
24929  x('181'), 2) +
24930  power(x('262') -
24931  x('281'), 2)) +
24932  1/sqrt(power(x('51') -
24933  x('92'), 2) +
24934  power(x('151') -
24935  x('192'), 2) +
24936  power(x('251') -
24937  x('292'), 2)) +
24938  1/sqrt(power(x('49') -
24939  x('95'), 2) +
24940  power(x('149') -
24941  x('195'), 2) +
24942  power(x('249') -
24943  x('295'), 2)) +
24944  1/sqrt(power(x('71') -
24945  x('73'), 2) +
24946  power(x('171') -
24947  x('173'), 2) +
24948  power(x('271') -
24949  x('273'), 2)) +
24950  1/sqrt(power(x('70') -
24951  x('74'), 2) +
24952  power(x('170') -
24953  x('174'), 2) +
24954  power(x('270') -
24955  x('274'), 2)) +
24956  1/sqrt(power(x('46') -
24957  x('98'), 2) +
24958  power(x('146') -
24959  x('198'), 2) +
24960  power(x('246') -
24961  x('298'), 2)) +
24962  1/sqrt(power(x('55') -
24963  x('89'), 2) +
24964  power(x('155') -
24965  x('189'), 2) +
24966  power(x('255') -
24967  x('289'), 2)) +
24968  1/sqrt(power(x('45') -
24969  x('99'), 2) +
24970  power(x('145') -
24971  x('199'), 2) +
24972  power(x('245') -
24973  x('299'), 2)) +
24974  1/sqrt(power(x('50') -
24975  x('94'), 2) +
24976  power(x('150') -
24977  x('194'), 2) +
24978  power(x('250') -
24979  x('294'), 2)) +
24980  1/sqrt(power(x('48') -
24981  x('96'), 2) +
24982  power(x('148') -
24983  x('196'), 2) +
24984  power(x('248') -
24985  x('296'), 2)) +
24986  1/sqrt(power(x('68') -
24987  x('76'), 2) +
24988  power(x('168') -
24989  x('176'), 2) +
24990  power(x('268') -
24991  x('276'), 2)) +
24992  1/sqrt(power(x('44') -
24993  x('100'), 2) +
24994  power(x('144') -
24995  x('200'), 2) +
24996  power(x('244') -
24997  x('300'), 2)) +
24998  1/sqrt(power(x('65') -
24999  x('79'), 2) +
25000  power(x('165') -
25001  x('179'), 2) +
25002  power(x('265') -
25003  x('279'), 2)) +
25004  1/sqrt(power(x('54') -
25005  x('90'), 2) +
25006  power(x('154') -
25007  x('190'), 2) +
25008  power(x('254') -
25009  x('290'), 2)) +
25010  1/sqrt(power(x('51') -
25011  x('93'), 2) +
25012  power(x('151') -
25013  x('193'), 2) +
25014  power(x('251') -
25015  x('293'), 2)) +
25016  1/sqrt(power(x('60') -
25017  x('84'), 2) +
25018  power(x('160') -
25019  x('184'), 2) +
25020  power(x('260') -
25021  x('284'), 2)) +
25022  1/sqrt(power(x('67') -
25023  x('77'), 2) +
25024  power(x('167') -
25025  x('177'), 2) +
25026  power(x('267') -
25027  x('277'), 2)) +
25028  1/sqrt(power(x('66') -
25029  x('78'), 2) +
25030  power(x('166') -
25031  x('178'), 2) +
25032  power(x('266') -
25033  x('278'), 2)) +
25034  1/sqrt(power(x('52') -
25035  x('92'), 2) +
25036  power(x('152') -
25037  x('192'), 2) +
25038  power(x('252') -
25039  x('292'), 2)) +
25040  1/sqrt(power(x('53') -
25041  x('91'), 2) +
25042  power(x('153') -
25043  x('191'), 2) +
25044  power(x('253') -
25045  x('291'), 2)) +
25046  1/sqrt(power(x('56') -
25047  x('88'), 2) +
25048  power(x('156') -
25049  x('188'), 2) +
25050  power(x('256') -
25051  x('288'), 2)) +
25052  1/sqrt(power(x('47') -
25053  x('97'), 2) +
25054  power(x('147') -
25055  x('197'), 2) +
25056  power(x('247') -
25057  x('297'), 2)) +
25058  1/sqrt(power(x('69') -
25059  x('75'), 2) +
25060  power(x('169') -
25061  x('175'), 2) +
25062  power(x('269') -
25063  x('275'), 2)) +
25064  1/sqrt(power(x('59') -
25065  x('85'), 2) +
25066  power(x('159') -
25067  x('185'), 2) +
25068  power(x('259') -
25069  x('285'), 2)) +
25070  1/sqrt(power(x('64') -
25071  x('80'), 2) +
25072  power(x('164') -
25073  x('180'), 2) +
25074  power(x('264') -
25075  x('280'), 2)) +
25076  1/sqrt(power(x('57') -
25077  x('87'), 2) +
25078  power(x('157') -
25079  x('187'), 2) +
25080  power(x('257') -
25081  x('287'), 2)) +
25082  1/sqrt(power(x('61') -
25083  x('83'), 2) +
25084  power(x('161') -
25085  x('183'), 2) +
25086  power(x('261') -
25087  x('283'), 2)) +
25088  1/sqrt(power(x('58') -
25089  x('86'), 2) +
25090  power(x('158') -
25091  x('186'), 2) +
25092  power(x('258') -
25093  x('286'), 2)) +
25094  1/sqrt(power(x('63') -
25095  x('81'), 2) +
25096  power(x('163') -
25097  x('181'), 2) +
25098  power(x('263') -
25099  x('281'), 2)) +
25100  1/sqrt(power(x('62') -
25101  x('82'), 2) +
25102  power(x('162') -
25103  x('182'), 2) +
25104  power(x('262') -
25105  x('282'), 2)) +
25106  1/sqrt(power(x('71') -
25107  x('74'), 2) +
25108  power(x('171') -
25109  x('174'), 2) +
25110  power(x('271') -
25111  x('274'), 2)) +
25112  1/sqrt(power(x('50') -
25113  x('95'), 2) +
25114  power(x('150') -
25115  x('195'), 2) +
25116  power(x('250') -
25117  x('295'), 2)) +
25118  1/sqrt(power(x('67') -
25119  x('78'), 2) +
25120  power(x('167') -
25121  x('178'), 2) +
25122  power(x('267') -
25123  x('278'), 2)) +
25124  1/sqrt(power(x('53') -
25125  x('92'), 2) +
25126  power(x('153') -
25127  x('192'), 2) +
25128  power(x('253') -
25129  x('292'), 2)) +
25130  1/sqrt(power(x('51') -
25131  x('94'), 2) +
25132  power(x('151') -
25133  x('194'), 2) +
25134  power(x('251') -
25135  x('294'), 2)) +
25136  1/sqrt(power(x('52') -
25137  x('93'), 2) +
25138  power(x('152') -
25139  x('193'), 2) +
25140  power(x('252') -
25141  x('293'), 2)) +
25142  1/sqrt(power(x('46') -
25143  x('99'), 2) +
25144  power(x('146') -
25145  x('199'), 2) +
25146  power(x('246') -
25147  x('299'), 2)) +
25148  1/sqrt(power(x('72') -
25149  x('73'), 2) +
25150  power(x('172') -
25151  x('173'), 2) +
25152  power(x('272') -
25153  x('273'), 2)) +
25154  1/sqrt(power(x('55') -
25155  x('90'), 2) +
25156  power(x('155') -
25157  x('190'), 2) +
25158  power(x('255') -
25159  x('290'), 2)) +
25160  1/sqrt(power(x('59') -
25161  x('86'), 2) +
25162  power(x('159') -
25163  x('186'), 2) +
25164  power(x('259') -
25165  x('286'), 2)) +
25166  1/sqrt(power(x('48') -
25167  x('97'), 2) +
25168  power(x('148') -
25169  x('197'), 2) +
25170  power(x('248') -
25171  x('297'), 2)) +
25172  1/sqrt(power(x('66') -
25173  x('79'), 2) +
25174  power(x('166') -
25175  x('179'), 2) +
25176  power(x('266') -
25177  x('279'), 2)) +
25178  1/sqrt(power(x('65') -
25179  x('80'), 2) +
25180  power(x('165') -
25181  x('180'), 2) +
25182  power(x('265') -
25183  x('280'), 2)) +
25184  1/sqrt(power(x('70') -
25185  x('75'), 2) +
25186  power(x('170') -
25187  x('175'), 2) +
25188  power(x('270') -
25189  x('275'), 2)) +
25190  1/sqrt(power(x('68') -
25191  x('77'), 2) +
25192  power(x('168') -
25193  x('177'), 2) +
25194  power(x('268') -
25195  x('277'), 2)) +
25196  1/sqrt(power(x('45') -
25197  x('100'), 2) +
25198  power(x('145') -
25199  x('200'), 2) +
25200  power(x('245') -
25201  x('300'), 2)) +
25202  1/sqrt(power(x('69') -
25203  x('76'), 2) +
25204  power(x('169') -
25205  x('176'), 2) +
25206  power(x('269') -
25207  x('276'), 2)) +
25208  1/sqrt(power(x('56') -
25209  x('89'), 2) +
25210  power(x('156') -
25211  x('189'), 2) +
25212  power(x('256') -
25213  x('289'), 2)) +
25214  1/sqrt(power(x('58') -
25215  x('87'), 2) +
25216  power(x('158') -
25217  x('187'), 2) +
25218  power(x('258') -
25219  x('287'), 2)) +
25220  1/sqrt(power(x('57') -
25221  x('88'), 2) +
25222  power(x('157') -
25223  x('188'), 2) +
25224  power(x('257') -
25225  x('288'), 2)) +
25226  1/sqrt(power(x('63') -
25227  x('82'), 2) +
25228  power(x('163') -
25229  x('182'), 2) +
25230  power(x('263') -
25231  x('282'), 2)) +
25232  1/sqrt(power(x('49') -
25233  x('96'), 2) +
25234  power(x('149') -
25235  x('196'), 2) +
25236  power(x('249') -
25237  x('296'), 2)) +
25238  1/sqrt(power(x('54') -
25239  x('91'), 2) +
25240  power(x('154') -
25241  x('191'), 2) +
25242  power(x('254') -
25243  x('291'), 2)) +
25244  1/sqrt(power(x('60') -
25245  x('85'), 2) +
25246  power(x('160') -
25247  x('185'), 2) +
25248  power(x('260') -
25249  x('285'), 2)) +
25250  1/sqrt(power(x('47') -
25251  x('98'), 2) +
25252  power(x('147') -
25253  x('198'), 2) +
25254  power(x('247') -
25255  x('298'), 2)) +
25256  1/sqrt(power(x('62') -
25257  x('83'), 2) +
25258  power(x('162') -
25259  x('183'), 2) +
25260  power(x('262') -
25261  x('283'), 2)) +
25262  1/sqrt(power(x('61') -
25263  x('84'), 2) +
25264  power(x('161') -
25265  x('184'), 2) +
25266  power(x('261') -
25267  x('284'), 2)) +
25268  1/sqrt(power(x('64') -
25269  x('81'), 2) +
25270  power(x('164') -
25271  x('181'), 2) +
25272  power(x('264') -
25273  x('281'), 2)) +
25274  1/sqrt(power(x('54') -
25275  x('92'), 2) +
25276  power(x('154') -
25277  x('192'), 2) +
25278  power(x('254') -
25279  x('292'), 2)) +
25280  1/sqrt(power(x('70') -
25281  x('76'), 2) +
25282  power(x('170') -
25283  x('176'), 2) +
25284  power(x('270') -
25285  x('276'), 2)) +
25286  1/sqrt(power(x('66') -
25287  x('80'), 2) +
25288  power(x('166') -
25289  x('180'), 2) +
25290  power(x('266') -
25291  x('280'), 2)) +
25292  1/sqrt(power(x('72') -
25293  x('74'), 2) +
25294  power(x('172') -
25295  x('174'), 2) +
25296  power(x('272') -
25297  x('274'), 2)) +
25298  1/sqrt(power(x('63') -
25299  x('83'), 2) +
25300  power(x('163') -
25301  x('183'), 2) +
25302  power(x('263') -
25303  x('283'), 2)) +
25304  1/sqrt(power(x('71') -
25305  x('75'), 2) +
25306  power(x('171') -
25307  x('175'), 2) +
25308  power(x('271') -
25309  x('275'), 2)) +
25310  1/sqrt(power(x('46') -
25311  x('100'), 2) +
25312  power(x('146') -
25313  x('200'), 2) +
25314  power(x('246') -
25315  x('300'), 2)) +
25316  1/sqrt(power(x('55') -
25317  x('91'), 2) +
25318  power(x('155') -
25319  x('191'), 2) +
25320  power(x('255') -
25321  x('291'), 2)) +
25322  1/sqrt(power(x('53') -
25323  x('93'), 2) +
25324  power(x('153') -
25325  x('193'), 2) +
25326  power(x('253') -
25327  x('293'), 2)) +
25328  1/sqrt(power(x('65') -
25329  x('81'), 2) +
25330  power(x('165') -
25331  x('181'), 2) +
25332  power(x('265') -
25333  x('281'), 2)) +
25334  1/sqrt(power(x('56') -
25335  x('90'), 2) +
25336  power(x('156') -
25337  x('190'), 2) +
25338  power(x('256') -
25339  x('290'), 2)) +
25340  1/sqrt(power(x('64') -
25341  x('82'), 2) +
25342  power(x('164') -
25343  x('182'), 2) +
25344  power(x('264') -
25345  x('282'), 2)) +
25346  1/sqrt(power(x('69') -
25347  x('77'), 2) +
25348  power(x('169') -
25349  x('177'), 2) +
25350  power(x('269') -
25351  x('277'), 2)) +
25352  1/sqrt(power(x('49') -
25353  x('97'), 2) +
25354  power(x('149') -
25355  x('197'), 2) +
25356  power(x('249') -
25357  x('297'), 2)) +
25358  1/sqrt(power(x('67') -
25359  x('79'), 2) +
25360  power(x('167') -
25361  x('179'), 2) +
25362  power(x('267') -
25363  x('279'), 2)) +
25364  1/sqrt(power(x('52') -
25365  x('94'), 2) +
25366  power(x('152') -
25367  x('194'), 2) +
25368  power(x('252') -
25369  x('294'), 2)) +
25370  1/sqrt(power(x('59') -
25371  x('87'), 2) +
25372  power(x('159') -
25373  x('187'), 2) +
25374  power(x('259') -
25375  x('287'), 2)) +
25376  1/sqrt(power(x('68') -
25377  x('78'), 2) +
25378  power(x('168') -
25379  x('178'), 2) +
25380  power(x('268') -
25381  x('278'), 2)) +
25382  1/sqrt(power(x('50') -
25383  x('96'), 2) +
25384  power(x('150') -
25385  x('196'), 2) +
25386  power(x('250') -
25387  x('296'), 2)) +
25388  1/sqrt(power(x('62') -
25389  x('84'), 2) +
25390  power(x('162') -
25391  x('184'), 2) +
25392  power(x('262') -
25393  x('284'), 2)) +
25394  1/sqrt(power(x('51') -
25395  x('95'), 2) +
25396  power(x('151') -
25397  x('195'), 2) +
25398  power(x('251') -
25399  x('295'), 2)) +
25400  1/sqrt(power(x('47') -
25401  x('99'), 2) +
25402  power(x('147') -
25403  x('199'), 2) +
25404  power(x('247') -
25405  x('299'), 2)) +
25406  1/sqrt(power(x('60') -
25407  x('86'), 2) +
25408  power(x('160') -
25409  x('186'), 2) +
25410  power(x('260') -
25411  x('286'), 2)) +
25412  1/sqrt(power(x('61') -
25413  x('85'), 2) +
25414  power(x('161') -
25415  x('185'), 2) +
25416  power(x('261') -
25417  x('285'), 2)) +
25418  1/sqrt(power(x('58') -
25419  x('88'), 2) +
25420  power(x('158') -
25421  x('188'), 2) +
25422  power(x('258') -
25423  x('288'), 2)) +
25424  1/sqrt(power(x('48') -
25425  x('98'), 2) +
25426  power(x('148') -
25427  x('198'), 2) +
25428  power(x('248') -
25429  x('298'), 2)) +
25430  1/sqrt(power(x('57') -
25431  x('89'), 2) +
25432  power(x('157') -
25433  x('189'), 2) +
25434  power(x('257') -
25435  x('289'), 2)) +
25436  1/sqrt(power(x('54') -
25437  x('93'), 2) +
25438  power(x('154') -
25439  x('193'), 2) +
25440  power(x('254') -
25441  x('293'), 2)) +
25442  1/sqrt(power(x('49') -
25443  x('98'), 2) +
25444  power(x('149') -
25445  x('198'), 2) +
25446  power(x('249') -
25447  x('298'), 2)) +
25448  1/sqrt(power(x('51') -
25449  x('96'), 2) +
25450  power(x('151') -
25451  x('196'), 2) +
25452  power(x('251') -
25453  x('296'), 2)) +
25454  1/sqrt(power(x('50') -
25455  x('97'), 2) +
25456  power(x('150') -
25457  x('197'), 2) +
25458  power(x('250') -
25459  x('297'), 2)) +
25460  1/sqrt(power(x('55') -
25461  x('92'), 2) +
25462  power(x('155') -
25463  x('192'), 2) +
25464  power(x('255') -
25465  x('292'), 2)) +
25466  1/sqrt(power(x('56') -
25467  x('91'), 2) +
25468  power(x('156') -
25469  x('191'), 2) +
25470  power(x('256') -
25471  x('291'), 2)) +
25472  1/sqrt(power(x('72') -
25473  x('75'), 2) +
25474  power(x('172') -
25475  x('175'), 2) +
25476  power(x('272') -
25477  x('275'), 2)) +
25478  1/sqrt(power(x('62') -
25479  x('85'), 2) +
25480  power(x('162') -
25481  x('185'), 2) +
25482  power(x('262') -
25483  x('285'), 2)) +
25484  1/sqrt(power(x('69') -
25485  x('78'), 2) +
25486  power(x('169') -
25487  x('178'), 2) +
25488  power(x('269') -
25489  x('278'), 2)) +
25490  1/sqrt(power(x('65') -
25491  x('82'), 2) +
25492  power(x('165') -
25493  x('182'), 2) +
25494  power(x('265') -
25495  x('282'), 2)) +
25496  1/sqrt(power(x('53') -
25497  x('94'), 2) +
25498  power(x('153') -
25499  x('194'), 2) +
25500  power(x('253') -
25501  x('294'), 2)) +
25502  1/sqrt(power(x('47') -
25503  x('100'), 2) +
25504  power(x('147') -
25505  x('200'), 2) +
25506  power(x('247') -
25507  x('300'), 2)) +
25508  1/sqrt(power(x('58') -
25509  x('89'), 2) +
25510  power(x('158') -
25511  x('189'), 2) +
25512  power(x('258') -
25513  x('289'), 2)) +
25514  1/sqrt(power(x('73') -
25515  x('74'), 2) +
25516  power(x('173') -
25517  x('174'), 2) +
25518  power(x('273') -
25519  x('274'), 2)) +
25520  1/sqrt(power(x('71') -
25521  x('76'), 2) +
25522  power(x('171') -
25523  x('176'), 2) +
25524  power(x('271') -
25525  x('276'), 2)) +
25526  1/sqrt(power(x('63') -
25527  x('84'), 2) +
25528  power(x('163') -
25529  x('184'), 2) +
25530  power(x('263') -
25531  x('284'), 2)) +
25532  1/sqrt(power(x('70') -
25533  x('77'), 2) +
25534  power(x('170') -
25535  x('177'), 2) +
25536  power(x('270') -
25537  x('277'), 2)) +
25538  1/sqrt(power(x('64') -
25539  x('83'), 2) +
25540  power(x('164') -
25541  x('183'), 2) +
25542  power(x('264') -
25543  x('283'), 2)) +
25544  1/sqrt(power(x('48') -
25545  x('99'), 2) +
25546  power(x('148') -
25547  x('199'), 2) +
25548  power(x('248') -
25549  x('299'), 2)) +
25550  1/sqrt(power(x('61') -
25551  x('86'), 2) +
25552  power(x('161') -
25553  x('186'), 2) +
25554  power(x('261') -
25555  x('286'), 2)) +
25556  1/sqrt(power(x('52') -
25557  x('95'), 2) +
25558  power(x('152') -
25559  x('195'), 2) +
25560  power(x('252') -
25561  x('295'), 2)) +
25562  1/sqrt(power(x('59') -
25563  x('88'), 2) +
25564  power(x('159') -
25565  x('188'), 2) +
25566  power(x('259') -
25567  x('288'), 2)) +
25568  1/sqrt(power(x('66') -
25569  x('81'), 2) +
25570  power(x('166') -
25571  x('181'), 2) +
25572  power(x('266') -
25573  x('281'), 2)) +
25574  1/sqrt(power(x('68') -
25575  x('79'), 2) +
25576  power(x('168') -
25577  x('179'), 2) +
25578  power(x('268') -
25579  x('279'), 2)) +
25580  1/sqrt(power(x('57') -
25581  x('90'), 2) +
25582  power(x('157') -
25583  x('190'), 2) +
25584  power(x('257') -
25585  x('290'), 2)) +
25586  1/sqrt(power(x('60') -
25587  x('87'), 2) +
25588  power(x('160') -
25589  x('187'), 2) +
25590  power(x('260') -
25591  x('287'), 2)) +
25592  1/sqrt(power(x('67') -
25593  x('80'), 2) +
25594  power(x('167') -
25595  x('180'), 2) +
25596  power(x('267') -
25597  x('280'), 2)) +
25598  1/sqrt(power(x('48') -
25599  x('100'), 2) +
25600  power(x('148') -
25601  x('200'), 2) +
25602  power(x('248') -
25603  x('300'), 2)) +
25604  1/sqrt(power(x('49') -
25605  x('99'), 2) +
25606  power(x('149') -
25607  x('199'), 2) +
25608  power(x('249') -
25609  x('299'), 2)) +
25610  1/sqrt(power(x('61') -
25611  x('87'), 2) +
25612  power(x('161') -
25613  x('187'), 2) +
25614  power(x('261') -
25615  x('287'), 2)) +
25616  1/sqrt(power(x('54') -
25617  x('94'), 2) +
25618  power(x('154') -
25619  x('194'), 2) +
25620  power(x('254') -
25621  x('294'), 2)) +
25622  1/sqrt(power(x('56') -
25623  x('92'), 2) +
25624  power(x('156') -
25625  x('192'), 2) +
25626  power(x('256') -
25627  x('292'), 2)) +
25628  1/sqrt(power(x('55') -
25629  x('93'), 2) +
25630  power(x('155') -
25631  x('193'), 2) +
25632  power(x('255') -
25633  x('293'), 2)) +
25634  1/sqrt(power(x('64') -
25635  x('84'), 2) +
25636  power(x('164') -
25637  x('184'), 2) +
25638  power(x('264') -
25639  x('284'), 2)) +
25640  1/sqrt(power(x('60') -
25641  x('88'), 2) +
25642  power(x('160') -
25643  x('188'), 2) +
25644  power(x('260') -
25645  x('288'), 2)) +
25646  1/sqrt(power(x('62') -
25647  x('86'), 2) +
25648  power(x('162') -
25649  x('186'), 2) +
25650  power(x('262') -
25651  x('286'), 2)) +
25652  1/sqrt(power(x('59') -
25653  x('89'), 2) +
25654  power(x('159') -
25655  x('189'), 2) +
25656  power(x('259') -
25657  x('289'), 2)) +
25658  1/sqrt(power(x('71') -
25659  x('77'), 2) +
25660  power(x('171') -
25661  x('177'), 2) +
25662  power(x('271') -
25663  x('277'), 2)) +
25664  1/sqrt(power(x('63') -
25665  x('85'), 2) +
25666  power(x('163') -
25667  x('185'), 2) +
25668  power(x('263') -
25669  x('285'), 2)) +
25670  1/sqrt(power(x('68') -
25671  x('80'), 2) +
25672  power(x('168') -
25673  x('180'), 2) +
25674  power(x('268') -
25675  x('280'), 2)) +
25676  1/sqrt(power(x('51') -
25677  x('97'), 2) +
25678  power(x('151') -
25679  x('197'), 2) +
25680  power(x('251') -
25681  x('297'), 2)) +
25682  1/sqrt(power(x('50') -
25683  x('98'), 2) +
25684  power(x('150') -
25685  x('198'), 2) +
25686  power(x('250') -
25687  x('298'), 2)) +
25688  1/sqrt(power(x('73') -
25689  x('75'), 2) +
25690  power(x('173') -
25691  x('175'), 2) +
25692  power(x('273') -
25693  x('275'), 2)) +
25694  1/sqrt(power(x('72') -
25695  x('76'), 2) +
25696  power(x('172') -
25697  x('176'), 2) +
25698  power(x('272') -
25699  x('276'), 2)) +
25700  1/sqrt(power(x('53') -
25701  x('95'), 2) +
25702  power(x('153') -
25703  x('195'), 2) +
25704  power(x('253') -
25705  x('295'), 2)) +
25706  1/sqrt(power(x('57') -
25707  x('91'), 2) +
25708  power(x('157') -
25709  x('191'), 2) +
25710  power(x('257') -
25711  x('291'), 2)) +
25712  1/sqrt(power(x('70') -
25713  x('78'), 2) +
25714  power(x('170') -
25715  x('178'), 2) +
25716  power(x('270') -
25717  x('278'), 2)) +
25718  1/sqrt(power(x('65') -
25719  x('83'), 2) +
25720  power(x('165') -
25721  x('183'), 2) +
25722  power(x('265') -
25723  x('283'), 2)) +
25724  1/sqrt(power(x('69') -
25725  x('79'), 2) +
25726  power(x('169') -
25727  x('179'), 2) +
25728  power(x('269') -
25729  x('279'), 2)) +
25730  1/sqrt(power(x('67') -
25731  x('81'), 2) +
25732  power(x('167') -
25733  x('181'), 2) +
25734  power(x('267') -
25735  x('281'), 2)) +
25736  1/sqrt(power(x('66') -
25737  x('82'), 2) +
25738  power(x('166') -
25739  x('182'), 2) +
25740  power(x('266') -
25741  x('282'), 2)) +
25742  1/sqrt(power(x('58') -
25743  x('90'), 2) +
25744  power(x('158') -
25745  x('190'), 2) +
25746  power(x('258') -
25747  x('290'), 2)) +
25748  1/sqrt(power(x('52') -
25749  x('96'), 2) +
25750  power(x('152') -
25751  x('196'), 2) +
25752  power(x('252') -
25753  x('296'), 2)) +
25754  1/sqrt(power(x('49') -
25755  x('100'), 2) +
25756  power(x('149') -
25757  x('200'), 2) +
25758  power(x('249') -
25759  x('300'), 2)) +
25760  1/sqrt(power(x('57') -
25761  x('92'), 2) +
25762  power(x('157') -
25763  x('192'), 2) +
25764  power(x('257') -
25765  x('292'), 2)) +
25766  1/sqrt(power(x('52') -
25767  x('97'), 2) +
25768  power(x('152') -
25769  x('197'), 2) +
25770  power(x('252') -
25771  x('297'), 2)) +
25772  1/sqrt(power(x('60') -
25773  x('89'), 2) +
25774  power(x('160') -
25775  x('189'), 2) +
25776  power(x('260') -
25777  x('289'), 2)) +
25778  1/sqrt(power(x('58') -
25779  x('91'), 2) +
25780  power(x('158') -
25781  x('191'), 2) +
25782  power(x('258') -
25783  x('291'), 2)) +
25784  1/sqrt(power(x('59') -
25785  x('90'), 2) +
25786  power(x('159') -
25787  x('190'), 2) +
25788  power(x('259') -
25789  x('290'), 2)) +
25790  1/sqrt(power(x('67') -
25791  x('82'), 2) +
25792  power(x('167') -
25793  x('182'), 2) +
25794  power(x('267') -
25795  x('282'), 2)) +
25796  1/sqrt(power(x('51') -
25797  x('98'), 2) +
25798  power(x('151') -
25799  x('198'), 2) +
25800  power(x('251') -
25801  x('298'), 2)) +
25802  1/sqrt(power(x('64') -
25803  x('85'), 2) +
25804  power(x('164') -
25805  x('185'), 2) +
25806  power(x('264') -
25807  x('285'), 2)) +
25808  1/sqrt(power(x('53') -
25809  x('96'), 2) +
25810  power(x('153') -
25811  x('196'), 2) +
25812  power(x('253') -
25813  x('296'), 2)) +
25814  1/sqrt(power(x('56') -
25815  x('93'), 2) +
25816  power(x('156') -
25817  x('193'), 2) +
25818  power(x('256') -
25819  x('293'), 2)) +
25820  1/sqrt(power(x('70') -
25821  x('79'), 2) +
25822  power(x('170') -
25823  x('179'), 2) +
25824  power(x('270') -
25825  x('279'), 2)) +
25826  1/sqrt(power(x('73') -
25827  x('76'), 2) +
25828  power(x('173') -
25829  x('176'), 2) +
25830  power(x('273') -
25831  x('276'), 2)) +
25832  1/sqrt(power(x('50') -
25833  x('99'), 2) +
25834  power(x('150') -
25835  x('199'), 2) +
25836  power(x('250') -
25837  x('299'), 2)) +
25838  1/sqrt(power(x('61') -
25839  x('88'), 2) +
25840  power(x('161') -
25841  x('188'), 2) +
25842  power(x('261') -
25843  x('288'), 2)) +
25844  1/sqrt(power(x('54') -
25845  x('95'), 2) +
25846  power(x('154') -
25847  x('195'), 2) +
25848  power(x('254') -
25849  x('295'), 2)) +
25850  1/sqrt(power(x('55') -
25851  x('94'), 2) +
25852  power(x('155') -
25853  x('194'), 2) +
25854  power(x('255') -
25855  x('294'), 2)) +
25856  1/sqrt(power(x('65') -
25857  x('84'), 2) +
25858  power(x('165') -
25859  x('184'), 2) +
25860  power(x('265') -
25861  x('284'), 2)) +
25862  1/sqrt(power(x('66') -
25863  x('83'), 2) +
25864  power(x('166') -
25865  x('183'), 2) +
25866  power(x('266') -
25867  x('283'), 2)) +
25868  1/sqrt(power(x('68') -
25869  x('81'), 2) +
25870  power(x('168') -
25871  x('181'), 2) +
25872  power(x('268') -
25873  x('281'), 2)) +
25874  1/sqrt(power(x('63') -
25875  x('86'), 2) +
25876  power(x('163') -
25877  x('186'), 2) +
25878  power(x('263') -
25879  x('286'), 2)) +
25880  1/sqrt(power(x('69') -
25881  x('80'), 2) +
25882  power(x('169') -
25883  x('180'), 2) +
25884  power(x('269') -
25885  x('280'), 2)) +
25886  1/sqrt(power(x('71') -
25887  x('78'), 2) +
25888  power(x('171') -
25889  x('178'), 2) +
25890  power(x('271') -
25891  x('278'), 2)) +
25892  1/sqrt(power(x('62') -
25893  x('87'), 2) +
25894  power(x('162') -
25895  x('187'), 2) +
25896  power(x('262') -
25897  x('287'), 2)) +
25898  1/sqrt(power(x('72') -
25899  x('77'), 2) +
25900  power(x('172') -
25901  x('177'), 2) +
25902  power(x('272') -
25903  x('277'), 2)) +
25904  1/sqrt(power(x('74') -
25905  x('75'), 2) +
25906  power(x('174') -
25907  x('175'), 2) +
25908  power(x('274') -
25909  x('275'), 2)) +
25910  1/sqrt(power(x('72') -
25911  x('78'), 2) +
25912  power(x('172') -
25913  x('178'), 2) +
25914  power(x('272') -
25915  x('278'), 2)) +
25916  1/sqrt(power(x('70') -
25917  x('80'), 2) +
25918  power(x('170') -
25919  x('180'), 2) +
25920  power(x('270') -
25921  x('280'), 2)) +
25922  1/sqrt(power(x('71') -
25923  x('79'), 2) +
25924  power(x('171') -
25925  x('179'), 2) +
25926  power(x('271') -
25927  x('279'), 2)) +
25928  1/sqrt(power(x('66') -
25929  x('84'), 2) +
25930  power(x('166') -
25931  x('184'), 2) +
25932  power(x('266') -
25933  x('284'), 2)) +
25934  1/sqrt(power(x('73') -
25935  x('77'), 2) +
25936  power(x('173') -
25937  x('177'), 2) +
25938  power(x('273') -
25939  x('277'), 2)) +
25940  1/sqrt(power(x('74') -
25941  x('76'), 2) +
25942  power(x('174') -
25943  x('176'), 2) +
25944  power(x('274') -
25945  x('276'), 2)) +
25946  1/sqrt(power(x('52') -
25947  x('98'), 2) +
25948  power(x('152') -
25949  x('198'), 2) +
25950  power(x('252') -
25951  x('298'), 2)) +
25952  1/sqrt(power(x('65') -
25953  x('85'), 2) +
25954  power(x('165') -
25955  x('185'), 2) +
25956  power(x('265') -
25957  x('285'), 2)) +
25958  1/sqrt(power(x('56') -
25959  x('94'), 2) +
25960  power(x('156') -
25961  x('194'), 2) +
25962  power(x('256') -
25963  x('294'), 2)) +
25964  1/sqrt(power(x('69') -
25965  x('81'), 2) +
25966  power(x('169') -
25967  x('181'), 2) +
25968  power(x('269') -
25969  x('281'), 2)) +
25970  1/sqrt(power(x('60') -
25971  x('90'), 2) +
25972  power(x('160') -
25973  x('190'), 2) +
25974  power(x('260') -
25975  x('290'), 2)) +
25976  1/sqrt(power(x('67') -
25977  x('83'), 2) +
25978  power(x('167') -
25979  x('183'), 2) +
25980  power(x('267') -
25981  x('283'), 2)) +
25982  1/sqrt(power(x('53') -
25983  x('97'), 2) +
25984  power(x('153') -
25985  x('197'), 2) +
25986  power(x('253') -
25987  x('297'), 2)) +
25988  1/sqrt(power(x('55') -
25989  x('95'), 2) +
25990  power(x('155') -
25991  x('195'), 2) +
25992  power(x('255') -
25993  x('295'), 2)) +
25994  1/sqrt(power(x('68') -
25995  x('82'), 2) +
25996  power(x('168') -
25997  x('182'), 2) +
25998  power(x('268') -
25999  x('282'), 2)) +
26000  1/sqrt(power(x('51') -
26001  x('99'), 2) +
26002  power(x('151') -
26003  x('199'), 2) +
26004  power(x('251') -
26005  x('299'), 2)) +
26006  1/sqrt(power(x('63') -
26007  x('87'), 2) +
26008  power(x('163') -
26009  x('187'), 2) +
26010  power(x('263') -
26011  x('287'), 2)) +
26012  1/sqrt(power(x('54') -
26013  x('96'), 2) +
26014  power(x('154') -
26015  x('196'), 2) +
26016  power(x('254') -
26017  x('296'), 2)) +
26018  1/sqrt(power(x('57') -
26019  x('93'), 2) +
26020  power(x('157') -
26021  x('193'), 2) +
26022  power(x('257') -
26023  x('293'), 2)) +
26024  1/sqrt(power(x('61') -
26025  x('89'), 2) +
26026  power(x('161') -
26027  x('189'), 2) +
26028  power(x('261') -
26029  x('289'), 2)) +
26030  1/sqrt(power(x('59') -
26031  x('91'), 2) +
26032  power(x('159') -
26033  x('191'), 2) +
26034  power(x('259') -
26035  x('291'), 2)) +
26036  1/sqrt(power(x('62') -
26037  x('88'), 2) +
26038  power(x('162') -
26039  x('188'), 2) +
26040  power(x('262') -
26041  x('288'), 2)) +
26042  1/sqrt(power(x('58') -
26043  x('92'), 2) +
26044  power(x('158') -
26045  x('192'), 2) +
26046  power(x('258') -
26047  x('292'), 2)) +
26048  1/sqrt(power(x('50') -
26049  x('100'), 2) +
26050  power(x('150') -
26051  x('200'), 2) +
26052  power(x('250') -
26053  x('300'), 2)) +
26054  1/sqrt(power(x('64') -
26055  x('86'), 2) +
26056  power(x('164') -
26057  x('186'), 2) +
26058  power(x('264') -
26059  x('286'), 2)) +
26060  1/sqrt(power(x('69') -
26061  x('82'), 2) +
26062  power(x('169') -
26063  x('182'), 2) +
26064  power(x('269') -
26065  x('282'), 2)) +
26066  1/sqrt(power(x('71') -
26067  x('80'), 2) +
26068  power(x('171') -
26069  x('180'), 2) +
26070  power(x('271') -
26071  x('280'), 2)) +
26072  1/sqrt(power(x('70') -
26073  x('81'), 2) +
26074  power(x('170') -
26075  x('181'), 2) +
26076  power(x('270') -
26077  x('281'), 2)) +
26078  1/sqrt(power(x('57') -
26079  x('94'), 2) +
26080  power(x('157') -
26081  x('194'), 2) +
26082  power(x('257') -
26083  x('294'), 2)) +
26084  1/sqrt(power(x('66') -
26085  x('85'), 2) +
26086  power(x('166') -
26087  x('185'), 2) +
26088  power(x('266') -
26089  x('285'), 2)) +
26090  1/sqrt(power(x('58') -
26091  x('93'), 2) +
26092  power(x('158') -
26093  x('193'), 2) +
26094  power(x('258') -
26095  x('293'), 2)) +
26096  1/sqrt(power(x('74') -
26097  x('77'), 2) +
26098  power(x('174') -
26099  x('177'), 2) +
26100  power(x('274') -
26101  x('277'), 2)) +
26102  1/sqrt(power(x('63') -
26103  x('88'), 2) +
26104  power(x('163') -
26105  x('188'), 2) +
26106  power(x('263') -
26107  x('288'), 2)) +
26108  1/sqrt(power(x('68') -
26109  x('83'), 2) +
26110  power(x('168') -
26111  x('183'), 2) +
26112  power(x('268') -
26113  x('283'), 2)) +
26114  1/sqrt(power(x('67') -
26115  x('84'), 2) +
26116  power(x('167') -
26117  x('184'), 2) +
26118  power(x('267') -
26119  x('284'), 2)) +
26120  1/sqrt(power(x('72') -
26121  x('79'), 2) +
26122  power(x('172') -
26123  x('179'), 2) +
26124  power(x('272') -
26125  x('279'), 2)) +
26126  1/sqrt(power(x('51') -
26127  x('100'), 2) +
26128  power(x('151') -
26129  x('200'), 2) +
26130  power(x('251') -
26131  x('300'), 2)) +
26132  1/sqrt(power(x('65') -
26133  x('86'), 2) +
26134  power(x('165') -
26135  x('186'), 2) +
26136  power(x('265') -
26137  x('286'), 2)) +
26138  1/sqrt(power(x('73') -
26139  x('78'), 2) +
26140  power(x('173') -
26141  x('178'), 2) +
26142  power(x('273') -
26143  x('278'), 2)) +
26144  1/sqrt(power(x('60') -
26145  x('91'), 2) +
26146  power(x('160') -
26147  x('191'), 2) +
26148  power(x('260') -
26149  x('291'), 2)) +
26150  1/sqrt(power(x('64') -
26151  x('87'), 2) +
26152  power(x('164') -
26153  x('187'), 2) +
26154  power(x('264') -
26155  x('287'), 2)) +
26156  1/sqrt(power(x('75') -
26157  x('76'), 2) +
26158  power(x('175') -
26159  x('176'), 2) +
26160  power(x('275') -
26161  x('276'), 2)) +
26162  1/sqrt(power(x('62') -
26163  x('89'), 2) +
26164  power(x('162') -
26165  x('189'), 2) +
26166  power(x('262') -
26167  x('289'), 2)) +
26168  1/sqrt(power(x('61') -
26169  x('90'), 2) +
26170  power(x('161') -
26171  x('190'), 2) +
26172  power(x('261') -
26173  x('290'), 2)) +
26174  1/sqrt(power(x('56') -
26175  x('95'), 2) +
26176  power(x('156') -
26177  x('195'), 2) +
26178  power(x('256') -
26179  x('295'), 2)) +
26180  1/sqrt(power(x('52') -
26181  x('99'), 2) +
26182  power(x('152') -
26183  x('199'), 2) +
26184  power(x('252') -
26185  x('299'), 2)) +
26186  1/sqrt(power(x('59') -
26187  x('92'), 2) +
26188  power(x('159') -
26189  x('192'), 2) +
26190  power(x('259') -
26191  x('292'), 2)) +
26192  1/sqrt(power(x('55') -
26193  x('96'), 2) +
26194  power(x('155') -
26195  x('196'), 2) +
26196  power(x('255') -
26197  x('296'), 2)) +
26198  1/sqrt(power(x('53') -
26199  x('98'), 2) +
26200  power(x('153') -
26201  x('198'), 2) +
26202  power(x('253') -
26203  x('298'), 2)) +
26204  1/sqrt(power(x('54') -
26205  x('97'), 2) +
26206  power(x('154') -
26207  x('197'), 2) +
26208  power(x('254') -
26209  x('297'), 2)) +
26210  1/sqrt(power(x('65') -
26211  x('87'), 2) +
26212  power(x('165') -
26213  x('187'), 2) +
26214  power(x('265') -
26215  x('287'), 2)) +
26216  1/sqrt(power(x('71') -
26217  x('81'), 2) +
26218  power(x('171') -
26219  x('181'), 2) +
26220  power(x('271') -
26221  x('281'), 2)) +
26222  1/sqrt(power(x('68') -
26223  x('84'), 2) +
26224  power(x('168') -
26225  x('184'), 2) +
26226  power(x('268') -
26227  x('284'), 2)) +
26228  1/sqrt(power(x('73') -
26229  x('79'), 2) +
26230  power(x('173') -
26231  x('179'), 2) +
26232  power(x('273') -
26233  x('279'), 2)) +
26234  1/sqrt(power(x('59') -
26235  x('93'), 2) +
26236  power(x('159') -
26237  x('193'), 2) +
26238  power(x('259') -
26239  x('293'), 2)) +
26240  1/sqrt(power(x('72') -
26241  x('80'), 2) +
26242  power(x('172') -
26243  x('180'), 2) +
26244  power(x('272') -
26245  x('280'), 2)) +
26246  1/sqrt(power(x('66') -
26247  x('86'), 2) +
26248  power(x('166') -
26249  x('186'), 2) +
26250  power(x('266') -
26251  x('286'), 2)) +
26252  1/sqrt(power(x('67') -
26253  x('85'), 2) +
26254  power(x('167') -
26255  x('185'), 2) +
26256  power(x('267') -
26257  x('285'), 2)) +
26258  1/sqrt(power(x('58') -
26259  x('94'), 2) +
26260  power(x('158') -
26261  x('194'), 2) +
26262  power(x('258') -
26263  x('294'), 2)) +
26264  1/sqrt(power(x('57') -
26265  x('95'), 2) +
26266  power(x('157') -
26267  x('195'), 2) +
26268  power(x('257') -
26269  x('295'), 2)) +
26270  1/sqrt(power(x('70') -
26271  x('82'), 2) +
26272  power(x('170') -
26273  x('182'), 2) +
26274  power(x('270') -
26275  x('282'), 2)) +
26276  1/sqrt(power(x('69') -
26277  x('83'), 2) +
26278  power(x('169') -
26279  x('183'), 2) +
26280  power(x('269') -
26281  x('283'), 2)) +
26282  1/sqrt(power(x('62') -
26283  x('90'), 2) +
26284  power(x('162') -
26285  x('190'), 2) +
26286  power(x('262') -
26287  x('290'), 2)) +
26288  1/sqrt(power(x('60') -
26289  x('92'), 2) +
26290  power(x('160') -
26291  x('192'), 2) +
26292  power(x('260') -
26293  x('292'), 2)) +
26294  1/sqrt(power(x('52') -
26295  x('100'), 2) +
26296  power(x('152') -
26297  x('200'), 2) +
26298  power(x('252') -
26299  x('300'), 2)) +
26300  1/sqrt(power(x('74') -
26301  x('78'), 2) +
26302  power(x('174') -
26303  x('178'), 2) +
26304  power(x('274') -
26305  x('278'), 2)) +
26306  1/sqrt(power(x('61') -
26307  x('91'), 2) +
26308  power(x('161') -
26309  x('191'), 2) +
26310  power(x('261') -
26311  x('291'), 2)) +
26312  1/sqrt(power(x('75') -
26313  x('77'), 2) +
26314  power(x('175') -
26315  x('177'), 2) +
26316  power(x('275') -
26317  x('277'), 2)) +
26318  1/sqrt(power(x('53') -
26319  x('99'), 2) +
26320  power(x('153') -
26321  x('199'), 2) +
26322  power(x('253') -
26323  x('299'), 2)) +
26324  1/sqrt(power(x('54') -
26325  x('98'), 2) +
26326  power(x('154') -
26327  x('198'), 2) +
26328  power(x('254') -
26329  x('298'), 2)) +
26330  1/sqrt(power(x('63') -
26331  x('89'), 2) +
26332  power(x('163') -
26333  x('189'), 2) +
26334  power(x('263') -
26335  x('289'), 2)) +
26336  1/sqrt(power(x('64') -
26337  x('88'), 2) +
26338  power(x('164') -
26339  x('188'), 2) +
26340  power(x('264') -
26341  x('288'), 2)) +
26342  1/sqrt(power(x('56') -
26343  x('96'), 2) +
26344  power(x('156') -
26345  x('196'), 2) +
26346  power(x('256') -
26347  x('296'), 2)) +
26348  1/sqrt(power(x('55') -
26349  x('97'), 2) +
26350  power(x('155') -
26351  x('197'), 2) +
26352  power(x('255') -
26353  x('297'), 2)) +
26354  1/sqrt(power(x('73') -
26355  x('80'), 2) +
26356  power(x('173') -
26357  x('180'), 2) +
26358  power(x('273') -
26359  x('280'), 2)) +
26360  1/sqrt(power(x('75') -
26361  x('78'), 2) +
26362  power(x('175') -
26363  x('178'), 2) +
26364  power(x('275') -
26365  x('278'), 2)) +
26366  1/sqrt(power(x('70') -
26367  x('83'), 2) +
26368  power(x('170') -
26369  x('183'), 2) +
26370  power(x('270') -
26371  x('283'), 2)) +
26372  1/sqrt(power(x('68') -
26373  x('85'), 2) +
26374  power(x('168') -
26375  x('185'), 2) +
26376  power(x('268') -
26377  x('285'), 2)) +
26378  1/sqrt(power(x('55') -
26379  x('98'), 2) +
26380  power(x('155') -
26381  x('198'), 2) +
26382  power(x('255') -
26383  x('298'), 2)) +
26384  1/sqrt(power(x('74') -
26385  x('79'), 2) +
26386  power(x('174') -
26387  x('179'), 2) +
26388  power(x('274') -
26389  x('279'), 2)) +
26390  1/sqrt(power(x('69') -
26391  x('84'), 2) +
26392  power(x('169') -
26393  x('184'), 2) +
26394  power(x('269') -
26395  x('284'), 2)) +
26396  1/sqrt(power(x('65') -
26397  x('88'), 2) +
26398  power(x('165') -
26399  x('188'), 2) +
26400  power(x('265') -
26401  x('288'), 2)) +
26402  1/sqrt(power(x('59') -
26403  x('94'), 2) +
26404  power(x('159') -
26405  x('194'), 2) +
26406  power(x('259') -
26407  x('294'), 2)) +
26408  1/sqrt(power(x('62') -
26409  x('91'), 2) +
26410  power(x('162') -
26411  x('191'), 2) +
26412  power(x('262') -
26413  x('291'), 2)) +
26414  1/sqrt(power(x('54') -
26415  x('99'), 2) +
26416  power(x('154') -
26417  x('199'), 2) +
26418  power(x('254') -
26419  x('299'), 2)) +
26420  1/sqrt(power(x('53') -
26421  x('100'), 2) +
26422  power(x('153') -
26423  x('200'), 2) +
26424  power(x('253') -
26425  x('300'), 2)) +
26426  1/sqrt(power(x('72') -
26427  x('81'), 2) +
26428  power(x('172') -
26429  x('181'), 2) +
26430  power(x('272') -
26431  x('281'), 2)) +
26432  1/sqrt(power(x('71') -
26433  x('82'), 2) +
26434  power(x('171') -
26435  x('182'), 2) +
26436  power(x('271') -
26437  x('282'), 2)) +
26438  1/sqrt(power(x('76') -
26439  x('77'), 2) +
26440  power(x('176') -
26441  x('177'), 2) +
26442  power(x('276') -
26443  x('277'), 2)) +
26444  1/sqrt(power(x('67') -
26445  x('86'), 2) +
26446  power(x('167') -
26447  x('186'), 2) +
26448  power(x('267') -
26449  x('286'), 2)) +
26450  1/sqrt(power(x('56') -
26451  x('97'), 2) +
26452  power(x('156') -
26453  x('197'), 2) +
26454  power(x('256') -
26455  x('297'), 2)) +
26456  1/sqrt(power(x('66') -
26457  x('87'), 2) +
26458  power(x('166') -
26459  x('187'), 2) +
26460  power(x('266') -
26461  x('287'), 2)) +
26462  1/sqrt(power(x('60') -
26463  x('93'), 2) +
26464  power(x('160') -
26465  x('193'), 2) +
26466  power(x('260') -
26467  x('293'), 2)) +
26468  1/sqrt(power(x('61') -
26469  x('92'), 2) +
26470  power(x('161') -
26471  x('192'), 2) +
26472  power(x('261') -
26473  x('292'), 2)) +
26474  1/sqrt(power(x('64') -
26475  x('89'), 2) +
26476  power(x('164') -
26477  x('189'), 2) +
26478  power(x('264') -
26479  x('289'), 2)) +
26480  1/sqrt(power(x('63') -
26481  x('90'), 2) +
26482  power(x('163') -
26483  x('190'), 2) +
26484  power(x('263') -
26485  x('290'), 2)) +
26486  1/sqrt(power(x('58') -
26487  x('95'), 2) +
26488  power(x('158') -
26489  x('195'), 2) +
26490  power(x('258') -
26491  x('295'), 2)) +
26492  1/sqrt(power(x('57') -
26493  x('96'), 2) +
26494  power(x('157') -
26495  x('196'), 2) +
26496  power(x('257') -
26497  x('296'), 2)) +
26498  1/sqrt(power(x('62') -
26499  x('92'), 2) +
26500  power(x('162') -
26501  x('192'), 2) +
26502  power(x('262') -
26503  x('292'), 2)) +
26504  1/sqrt(power(x('64') -
26505  x('90'), 2) +
26506  power(x('164') -
26507  x('190'), 2) +
26508  power(x('264') -
26509  x('290'), 2)) +
26510  1/sqrt(power(x('63') -
26511  x('91'), 2) +
26512  power(x('163') -
26513  x('191'), 2) +
26514  power(x('263') -
26515  x('291'), 2)) +
26516  1/sqrt(power(x('55') -
26517  x('99'), 2) +
26518  power(x('155') -
26519  x('199'), 2) +
26520  power(x('255') -
26521  x('299'), 2)) +
26522  1/sqrt(power(x('59') -
26523  x('95'), 2) +
26524  power(x('159') -
26525  x('195'), 2) +
26526  power(x('259') -
26527  x('295'), 2)) +
26528  1/sqrt(power(x('61') -
26529  x('93'), 2) +
26530  power(x('161') -
26531  x('193'), 2) +
26532  power(x('261') -
26533  x('293'), 2)) +
26534  1/sqrt(power(x('76') -
26535  x('78'), 2) +
26536  power(x('176') -
26537  x('178'), 2) +
26538  power(x('276') -
26539  x('278'), 2)) +
26540  1/sqrt(power(x('72') -
26541  x('82'), 2) +
26542  power(x('172') -
26543  x('182'), 2) +
26544  power(x('272') -
26545  x('282'), 2)) +
26546  1/sqrt(power(x('70') -
26547  x('84'), 2) +
26548  power(x('170') -
26549  x('184'), 2) +
26550  power(x('270') -
26551  x('284'), 2)) +
26552  1/sqrt(power(x('60') -
26553  x('94'), 2) +
26554  power(x('160') -
26555  x('194'), 2) +
26556  power(x('260') -
26557  x('294'), 2)) +
26558  1/sqrt(power(x('67') -
26559  x('87'), 2) +
26560  power(x('167') -
26561  x('187'), 2) +
26562  power(x('267') -
26563  x('287'), 2)) +
26564  1/sqrt(power(x('54') -
26565  x('100'), 2) +
26566  power(x('154') -
26567  x('200'), 2) +
26568  power(x('254') -
26569  x('300'), 2)) +
26570  1/sqrt(power(x('65') -
26571  x('89'), 2) +
26572  power(x('165') -
26573  x('189'), 2) +
26574  power(x('265') -
26575  x('289'), 2)) +
26576  1/sqrt(power(x('71') -
26577  x('83'), 2) +
26578  power(x('171') -
26579  x('183'), 2) +
26580  power(x('271') -
26581  x('283'), 2)) +
26582  1/sqrt(power(x('56') -
26583  x('98'), 2) +
26584  power(x('156') -
26585  x('198'), 2) +
26586  power(x('256') -
26587  x('298'), 2)) +
26588  1/sqrt(power(x('58') -
26589  x('96'), 2) +
26590  power(x('158') -
26591  x('196'), 2) +
26592  power(x('258') -
26593  x('296'), 2)) +
26594  1/sqrt(power(x('66') -
26595  x('88'), 2) +
26596  power(x('166') -
26597  x('188'), 2) +
26598  power(x('266') -
26599  x('288'), 2)) +
26600  1/sqrt(power(x('73') -
26601  x('81'), 2) +
26602  power(x('173') -
26603  x('181'), 2) +
26604  power(x('273') -
26605  x('281'), 2)) +
26606  1/sqrt(power(x('57') -
26607  x('97'), 2) +
26608  power(x('157') -
26609  x('197'), 2) +
26610  power(x('257') -
26611  x('297'), 2)) +
26612  1/sqrt(power(x('69') -
26613  x('85'), 2) +
26614  power(x('169') -
26615  x('185'), 2) +
26616  power(x('269') -
26617  x('285'), 2)) +
26618  1/sqrt(power(x('68') -
26619  x('86'), 2) +
26620  power(x('168') -
26621  x('186'), 2) +
26622  power(x('268') -
26623  x('286'), 2)) +
26624  1/sqrt(power(x('75') -
26625  x('79'), 2) +
26626  power(x('175') -
26627  x('179'), 2) +
26628  power(x('275') -
26629  x('279'), 2)) +
26630  1/sqrt(power(x('74') -
26631  x('80'), 2) +
26632  power(x('174') -
26633  x('180'), 2) +
26634  power(x('274') -
26635  x('280'), 2)) +
26636  1/sqrt(power(x('59') -
26637  x('96'), 2) +
26638  power(x('159') -
26639  x('196'), 2) +
26640  power(x('259') -
26641  x('296'), 2)) +
26642  1/sqrt(power(x('61') -
26643  x('94'), 2) +
26644  power(x('161') -
26645  x('194'), 2) +
26646  power(x('261') -
26647  x('294'), 2)) +
26648  1/sqrt(power(x('55') -
26649  x('100'), 2) +
26650  power(x('155') -
26651  x('200'), 2) +
26652  power(x('255') -
26653  x('300'), 2)) +
26654  1/sqrt(power(x('60') -
26655  x('95'), 2) +
26656  power(x('160') -
26657  x('195'), 2) +
26658  power(x('260') -
26659  x('295'), 2)) +
26660  1/sqrt(power(x('74') -
26661  x('81'), 2) +
26662  power(x('174') -
26663  x('181'), 2) +
26664  power(x('274') -
26665  x('281'), 2)) +
26666  1/sqrt(power(x('64') -
26667  x('91'), 2) +
26668  power(x('164') -
26669  x('191'), 2) +
26670  power(x('264') -
26671  x('291'), 2)) +
26672  1/sqrt(power(x('67') -
26673  x('88'), 2) +
26674  power(x('167') -
26675  x('188'), 2) +
26676  power(x('267') -
26677  x('288'), 2)) +
26678  1/sqrt(power(x('58') -
26679  x('97'), 2) +
26680  power(x('158') -
26681  x('197'), 2) +
26682  power(x('258') -
26683  x('297'), 2)) +
26684  1/sqrt(power(x('72') -
26685  x('83'), 2) +
26686  power(x('172') -
26687  x('183'), 2) +
26688  power(x('272') -
26689  x('283'), 2)) +
26690  1/sqrt(power(x('69') -
26691  x('86'), 2) +
26692  power(x('169') -
26693  x('186'), 2) +
26694  power(x('269') -
26695  x('286'), 2)) +
26696  1/sqrt(power(x('62') -
26697  x('93'), 2) +
26698  power(x('162') -
26699  x('193'), 2) +
26700  power(x('262') -
26701  x('293'), 2)) +
26702  1/sqrt(power(x('76') -
26703  x('79'), 2) +
26704  power(x('176') -
26705  x('179'), 2) +
26706  power(x('276') -
26707  x('279'), 2)) +
26708  1/sqrt(power(x('56') -
26709  x('99'), 2) +
26710  power(x('156') -
26711  x('199'), 2) +
26712  power(x('256') -
26713  x('299'), 2)) +
26714  1/sqrt(power(x('73') -
26715  x('82'), 2) +
26716  power(x('173') -
26717  x('182'), 2) +
26718  power(x('273') -
26719  x('282'), 2)) +
26720  1/sqrt(power(x('63') -
26721  x('92'), 2) +
26722  power(x('163') -
26723  x('192'), 2) +
26724  power(x('263') -
26725  x('292'), 2)) +
26726  1/sqrt(power(x('75') -
26727  x('80'), 2) +
26728  power(x('175') -
26729  x('180'), 2) +
26730  power(x('275') -
26731  x('280'), 2)) +
26732  1/sqrt(power(x('57') -
26733  x('98'), 2) +
26734  power(x('157') -
26735  x('198'), 2) +
26736  power(x('257') -
26737  x('298'), 2)) +
26738  1/sqrt(power(x('68') -
26739  x('87'), 2) +
26740  power(x('168') -
26741  x('187'), 2) +
26742  power(x('268') -
26743  x('287'), 2)) +
26744  1/sqrt(power(x('65') -
26745  x('90'), 2) +
26746  power(x('165') -
26747  x('190'), 2) +
26748  power(x('265') -
26749  x('290'), 2)) +
26750  1/sqrt(power(x('66') -
26751  x('89'), 2) +
26752  power(x('166') -
26753  x('189'), 2) +
26754  power(x('266') -
26755  x('289'), 2)) +
26756  1/sqrt(power(x('71') -
26757  x('84'), 2) +
26758  power(x('171') -
26759  x('184'), 2) +
26760  power(x('271') -
26761  x('284'), 2)) +
26762  1/sqrt(power(x('70') -
26763  x('85'), 2) +
26764  power(x('170') -
26765  x('185'), 2) +
26766  power(x('270') -
26767  x('285'), 2)) +
26768  1/sqrt(power(x('77') -
26769  x('78'), 2) +
26770  power(x('177') -
26771  x('178'), 2) +
26772  power(x('277') -
26773  x('278'), 2)) +
26774  1/sqrt(power(x('76') -
26775  x('80'), 2) +
26776  power(x('176') -
26777  x('180'), 2) +
26778  power(x('276') -
26779  x('280'), 2)) +
26780  1/sqrt(power(x('66') -
26781  x('90'), 2) +
26782  power(x('166') -
26783  x('190'), 2) +
26784  power(x('266') -
26785  x('290'), 2)) +
26786  1/sqrt(power(x('77') -
26787  x('79'), 2) +
26788  power(x('177') -
26789  x('179'), 2) +
26790  power(x('277') -
26791  x('279'), 2)) +
26792  1/sqrt(power(x('65') -
26793  x('91'), 2) +
26794  power(x('165') -
26795  x('191'), 2) +
26796  power(x('265') -
26797  x('291'), 2)) +
26798  1/sqrt(power(x('74') -
26799  x('82'), 2) +
26800  power(x('174') -
26801  x('182'), 2) +
26802  power(x('274') -
26803  x('282'), 2)) +
26804  1/sqrt(power(x('58') -
26805  x('98'), 2) +
26806  power(x('158') -
26807  x('198'), 2) +
26808  power(x('258') -
26809  x('298'), 2)) +
26810  1/sqrt(power(x('75') -
26811  x('81'), 2) +
26812  power(x('175') -
26813  x('181'), 2) +
26814  power(x('275') -
26815  x('281'), 2)) +
26816  1/sqrt(power(x('69') -
26817  x('87'), 2) +
26818  power(x('169') -
26819  x('187'), 2) +
26820  power(x('269') -
26821  x('287'), 2)) +
26822  1/sqrt(power(x('71') -
26823  x('85'), 2) +
26824  power(x('171') -
26825  x('185'), 2) +
26826  power(x('271') -
26827  x('285'), 2)) +
26828  1/sqrt(power(x('56') -
26829  x('100'), 2) +
26830  power(x('156') -
26831  x('200'), 2) +
26832  power(x('256') -
26833  x('300'), 2)) +
26834  1/sqrt(power(x('57') -
26835  x('99'), 2) +
26836  power(x('157') -
26837  x('199'), 2) +
26838  power(x('257') -
26839  x('299'), 2)) +
26840  1/sqrt(power(x('67') -
26841  x('89'), 2) +
26842  power(x('167') -
26843  x('189'), 2) +
26844  power(x('267') -
26845  x('289'), 2)) +
26846  1/sqrt(power(x('70') -
26847  x('86'), 2) +
26848  power(x('170') -
26849  x('186'), 2) +
26850  power(x('270') -
26851  x('286'), 2)) +
26852  1/sqrt(power(x('68') -
26853  x('88'), 2) +
26854  power(x('168') -
26855  x('188'), 2) +
26856  power(x('268') -
26857  x('288'), 2)) +
26858  1/sqrt(power(x('61') -
26859  x('95'), 2) +
26860  power(x('161') -
26861  x('195'), 2) +
26862  power(x('261') -
26863  x('295'), 2)) +
26864  1/sqrt(power(x('73') -
26865  x('83'), 2) +
26866  power(x('173') -
26867  x('183'), 2) +
26868  power(x('273') -
26869  x('283'), 2)) +
26870  1/sqrt(power(x('59') -
26871  x('97'), 2) +
26872  power(x('159') -
26873  x('197'), 2) +
26874  power(x('259') -
26875  x('297'), 2)) +
26876  1/sqrt(power(x('72') -
26877  x('84'), 2) +
26878  power(x('172') -
26879  x('184'), 2) +
26880  power(x('272') -
26881  x('284'), 2)) +
26882  1/sqrt(power(x('64') -
26883  x('92'), 2) +
26884  power(x('164') -
26885  x('192'), 2) +
26886  power(x('264') -
26887  x('292'), 2)) +
26888  1/sqrt(power(x('60') -
26889  x('96'), 2) +
26890  power(x('160') -
26891  x('196'), 2) +
26892  power(x('260') -
26893  x('296'), 2)) +
26894  1/sqrt(power(x('62') -
26895  x('94'), 2) +
26896  power(x('162') -
26897  x('194'), 2) +
26898  power(x('262') -
26899  x('294'), 2)) +
26900  1/sqrt(power(x('63') -
26901  x('93'), 2) +
26902  power(x('163') -
26903  x('193'), 2) +
26904  power(x('263') -
26905  x('293'), 2)) +
26906  1/sqrt(power(x('73') -
26907  x('84'), 2) +
26908  power(x('173') -
26909  x('184'), 2) +
26910  power(x('273') -
26911  x('284'), 2)) +
26912  1/sqrt(power(x('71') -
26913  x('86'), 2) +
26914  power(x('171') -
26915  x('186'), 2) +
26916  power(x('271') -
26917  x('286'), 2)) +
26918  1/sqrt(power(x('58') -
26919  x('99'), 2) +
26920  power(x('158') -
26921  x('199'), 2) +
26922  power(x('258') -
26923  x('299'), 2)) +
26924  1/sqrt(power(x('75') -
26925  x('82'), 2) +
26926  power(x('175') -
26927  x('182'), 2) +
26928  power(x('275') -
26929  x('282'), 2)) +
26930  1/sqrt(power(x('72') -
26931  x('85'), 2) +
26932  power(x('172') -
26933  x('185'), 2) +
26934  power(x('272') -
26935  x('285'), 2)) +
26936  1/sqrt(power(x('69') -
26937  x('88'), 2) +
26938  power(x('169') -
26939  x('188'), 2) +
26940  power(x('269') -
26941  x('288'), 2)) +
26942  1/sqrt(power(x('57') -
26943  x('100'), 2) +
26944  power(x('157') -
26945  x('200'), 2) +
26946  power(x('257') -
26947  x('300'), 2)) +
26948  1/sqrt(power(x('74') -
26949  x('83'), 2) +
26950  power(x('174') -
26951  x('183'), 2) +
26952  power(x('274') -
26953  x('283'), 2)) +
26954  1/sqrt(power(x('64') -
26955  x('93'), 2) +
26956  power(x('164') -
26957  x('193'), 2) +
26958  power(x('264') -
26959  x('293'), 2)) +
26960  1/sqrt(power(x('66') -
26961  x('91'), 2) +
26962  power(x('166') -
26963  x('191'), 2) +
26964  power(x('266') -
26965  x('291'), 2)) +
26966  1/sqrt(power(x('61') -
26967  x('96'), 2) +
26968  power(x('161') -
26969  x('196'), 2) +
26970  power(x('261') -
26971  x('296'), 2)) +
26972  1/sqrt(power(x('70') -
26973  x('87'), 2) +
26974  power(x('170') -
26975  x('187'), 2) +
26976  power(x('270') -
26977  x('287'), 2)) +
26978  1/sqrt(power(x('77') -
26979  x('80'), 2) +
26980  power(x('177') -
26981  x('180'), 2) +
26982  power(x('277') -
26983  x('280'), 2)) +
26984  1/sqrt(power(x('59') -
26985  x('98'), 2) +
26986  power(x('159') -
26987  x('198'), 2) +
26988  power(x('259') -
26989  x('298'), 2)) +
26990  1/sqrt(power(x('65') -
26991  x('92'), 2) +
26992  power(x('165') -
26993  x('192'), 2) +
26994  power(x('265') -
26995  x('292'), 2)) +
26996  1/sqrt(power(x('76') -
26997  x('81'), 2) +
26998  power(x('176') -
26999  x('181'), 2) +
27000  power(x('276') -
27001  x('281'), 2)) +
27002  1/sqrt(power(x('60') -
27003  x('97'), 2) +
27004  power(x('160') -
27005  x('197'), 2) +
27006  power(x('260') -
27007  x('297'), 2)) +
27008  1/sqrt(power(x('68') -
27009  x('89'), 2) +
27010  power(x('168') -
27011  x('189'), 2) +
27012  power(x('268') -
27013  x('289'), 2)) +
27014  1/sqrt(power(x('63') -
27015  x('94'), 2) +
27016  power(x('163') -
27017  x('194'), 2) +
27018  power(x('263') -
27019  x('294'), 2)) +
27020  1/sqrt(power(x('62') -
27021  x('95'), 2) +
27022  power(x('162') -
27023  x('195'), 2) +
27024  power(x('262') -
27025  x('295'), 2)) +
27026  1/sqrt(power(x('67') -
27027  x('90'), 2) +
27028  power(x('167') -
27029  x('190'), 2) +
27030  power(x('267') -
27031  x('290'), 2)) +
27032  1/sqrt(power(x('78') -
27033  x('79'), 2) +
27034  power(x('178') -
27035  x('179'), 2) +
27036  power(x('278') -
27037  x('279'), 2)) +
27038  1/sqrt(power(x('66') -
27039  x('92'), 2) +
27040  power(x('166') -
27041  x('192'), 2) +
27042  power(x('266') -
27043  x('292'), 2)) +
27044  1/sqrt(power(x('71') -
27045  x('87'), 2) +
27046  power(x('171') -
27047  x('187'), 2) +
27048  power(x('271') -
27049  x('287'), 2)) +
27050  1/sqrt(power(x('58') -
27051  x('100'), 2) +
27052  power(x('158') -
27053  x('200'), 2) +
27054  power(x('258') -
27055  x('300'), 2)) +
27056  1/sqrt(power(x('64') -
27057  x('94'), 2) +
27058  power(x('164') -
27059  x('194'), 2) +
27060  power(x('264') -
27061  x('294'), 2)) +
27062  1/sqrt(power(x('72') -
27063  x('86'), 2) +
27064  power(x('172') -
27065  x('186'), 2) +
27066  power(x('272') -
27067  x('286'), 2)) +
27068  1/sqrt(power(x('68') -
27069  x('90'), 2) +
27070  power(x('168') -
27071  x('190'), 2) +
27072  power(x('268') -
27073  x('290'), 2)) +
27074  1/sqrt(power(x('65') -
27075  x('93'), 2) +
27076  power(x('165') -
27077  x('193'), 2) +
27078  power(x('265') -
27079  x('293'), 2)) +
27080  1/sqrt(power(x('67') -
27081  x('91'), 2) +
27082  power(x('167') -
27083  x('191'), 2) +
27084  power(x('267') -
27085  x('291'), 2)) +
27086  1/sqrt(power(x('61') -
27087  x('97'), 2) +
27088  power(x('161') -
27089  x('197'), 2) +
27090  power(x('261') -
27091  x('297'), 2)) +
27092  1/sqrt(power(x('77') -
27093  x('81'), 2) +
27094  power(x('177') -
27095  x('181'), 2) +
27096  power(x('277') -
27097  x('281'), 2)) +
27098  1/sqrt(power(x('75') -
27099  x('83'), 2) +
27100  power(x('175') -
27101  x('183'), 2) +
27102  power(x('275') -
27103  x('283'), 2)) +
27104  1/sqrt(power(x('59') -
27105  x('99'), 2) +
27106  power(x('159') -
27107  x('199'), 2) +
27108  power(x('259') -
27109  x('299'), 2)) +
27110  1/sqrt(power(x('70') -
27111  x('88'), 2) +
27112  power(x('170') -
27113  x('188'), 2) +
27114  power(x('270') -
27115  x('288'), 2)) +
27116  1/sqrt(power(x('63') -
27117  x('95'), 2) +
27118  power(x('163') -
27119  x('195'), 2) +
27120  power(x('263') -
27121  x('295'), 2)) +
27122  1/sqrt(power(x('69') -
27123  x('89'), 2) +
27124  power(x('169') -
27125  x('189'), 2) +
27126  power(x('269') -
27127  x('289'), 2)) +
27128  1/sqrt(power(x('60') -
27129  x('98'), 2) +
27130  power(x('160') -
27131  x('198'), 2) +
27132  power(x('260') -
27133  x('298'), 2)) +
27134  1/sqrt(power(x('78') -
27135  x('80'), 2) +
27136  power(x('178') -
27137  x('180'), 2) +
27138  power(x('278') -
27139  x('280'), 2)) +
27140  1/sqrt(power(x('62') -
27141  x('96'), 2) +
27142  power(x('162') -
27143  x('196'), 2) +
27144  power(x('262') -
27145  x('296'), 2)) +
27146  1/sqrt(power(x('76') -
27147  x('82'), 2) +
27148  power(x('176') -
27149  x('182'), 2) +
27150  power(x('276') -
27151  x('282'), 2)) +
27152  1/sqrt(power(x('73') -
27153  x('85'), 2) +
27154  power(x('173') -
27155  x('185'), 2) +
27156  power(x('273') -
27157  x('285'), 2)) +
27158  1/sqrt(power(x('74') -
27159  x('84'), 2) +
27160  power(x('174') -
27161  x('184'), 2) +
27162  power(x('274') -
27163  x('284'), 2)) +
27164  1/sqrt(power(x('74') -
27165  x('85'), 2) +
27166  power(x('174') -
27167  x('185'), 2) +
27168  power(x('274') -
27169  x('285'), 2)) +
27170  1/sqrt(power(x('73') -
27171  x('86'), 2) +
27172  power(x('173') -
27173  x('186'), 2) +
27174  power(x('273') -
27175  x('286'), 2)) +
27176  1/sqrt(power(x('68') -
27177  x('91'), 2) +
27178  power(x('168') -
27179  x('191'), 2) +
27180  power(x('268') -
27181  x('291'), 2)) +
27182  1/sqrt(power(x('66') -
27183  x('93'), 2) +
27184  power(x('166') -
27185  x('193'), 2) +
27186  power(x('266') -
27187  x('293'), 2)) +
27188  1/sqrt(power(x('70') -
27189  x('89'), 2) +
27190  power(x('170') -
27191  x('189'), 2) +
27192  power(x('270') -
27193  x('289'), 2)) +
27194  1/sqrt(power(x('67') -
27195  x('92'), 2) +
27196  power(x('167') -
27197  x('192'), 2) +
27198  power(x('267') -
27199  x('292'), 2)) +
27200  1/sqrt(power(x('64') -
27201  x('95'), 2) +
27202  power(x('164') -
27203  x('195'), 2) +
27204  power(x('264') -
27205  x('295'), 2)) +
27206  1/sqrt(power(x('79') -
27207  x('80'), 2) +
27208  power(x('179') -
27209  x('180'), 2) +
27210  power(x('279') -
27211  x('280'), 2)) +
27212  1/sqrt(power(x('69') -
27213  x('90'), 2) +
27214  power(x('169') -
27215  x('190'), 2) +
27216  power(x('269') -
27217  x('290'), 2)) +
27218  1/sqrt(power(x('76') -
27219  x('83'), 2) +
27220  power(x('176') -
27221  x('183'), 2) +
27222  power(x('276') -
27223  x('283'), 2)) +
27224  1/sqrt(power(x('65') -
27225  x('94'), 2) +
27226  power(x('165') -
27227  x('194'), 2) +
27228  power(x('265') -
27229  x('294'), 2)) +
27230  1/sqrt(power(x('75') -
27231  x('84'), 2) +
27232  power(x('175') -
27233  x('184'), 2) +
27234  power(x('275') -
27235  x('284'), 2)) +
27236  1/sqrt(power(x('72') -
27237  x('87'), 2) +
27238  power(x('172') -
27239  x('187'), 2) +
27240  power(x('272') -
27241  x('287'), 2)) +
27242  1/sqrt(power(x('61') -
27243  x('98'), 2) +
27244  power(x('161') -
27245  x('198'), 2) +
27246  power(x('261') -
27247  x('298'), 2)) +
27248  1/sqrt(power(x('71') -
27249  x('88'), 2) +
27250  power(x('171') -
27251  x('188'), 2) +
27252  power(x('271') -
27253  x('288'), 2)) +
27254  1/sqrt(power(x('63') -
27255  x('96'), 2) +
27256  power(x('163') -
27257  x('196'), 2) +
27258  power(x('263') -
27259  x('296'), 2)) +
27260  1/sqrt(power(x('59') -
27261  x('100'), 2) +
27262  power(x('159') -
27263  x('200'), 2) +
27264  power(x('259') -
27265  x('300'), 2)) +
27266  1/sqrt(power(x('78') -
27267  x('81'), 2) +
27268  power(x('178') -
27269  x('181'), 2) +
27270  power(x('278') -
27271  x('281'), 2)) +
27272  1/sqrt(power(x('77') -
27273  x('82'), 2) +
27274  power(x('177') -
27275  x('182'), 2) +
27276  power(x('277') -
27277  x('282'), 2)) +
27278  1/sqrt(power(x('60') -
27279  x('99'), 2) +
27280  power(x('160') -
27281  x('199'), 2) +
27282  power(x('260') -
27283  x('299'), 2)) +
27284  1/sqrt(power(x('62') -
27285  x('97'), 2) +
27286  power(x('162') -
27287  x('197'), 2) +
27288  power(x('262') -
27289  x('297'), 2)) +
27290  1/sqrt(power(x('61') -
27291  x('99'), 2) +
27292  power(x('161') -
27293  x('199'), 2) +
27294  power(x('261') -
27295  x('299'), 2)) +
27296  1/sqrt(power(x('70') -
27297  x('90'), 2) +
27298  power(x('170') -
27299  x('190'), 2) +
27300  power(x('270') -
27301  x('290'), 2)) +
27302  1/sqrt(power(x('68') -
27303  x('92'), 2) +
27304  power(x('168') -
27305  x('192'), 2) +
27306  power(x('268') -
27307  x('292'), 2)) +
27308  1/sqrt(power(x('63') -
27309  x('97'), 2) +
27310  power(x('163') -
27311  x('197'), 2) +
27312  power(x('263') -
27313  x('297'), 2)) +
27314  1/sqrt(power(x('72') -
27315  x('88'), 2) +
27316  power(x('172') -
27317  x('188'), 2) +
27318  power(x('272') -
27319  x('288'), 2)) +
27320  1/sqrt(power(x('60') -
27321  x('100'), 2) +
27322  power(x('160') -
27323  x('200'), 2) +
27324  power(x('260') -
27325  x('300'), 2)) +
27326  1/sqrt(power(x('62') -
27327  x('98'), 2) +
27328  power(x('162') -
27329  x('198'), 2) +
27330  power(x('262') -
27331  x('298'), 2)) +
27332  1/sqrt(power(x('66') -
27333  x('94'), 2) +
27334  power(x('166') -
27335  x('194'), 2) +
27336  power(x('266') -
27337  x('294'), 2)) +
27338  1/sqrt(power(x('74') -
27339  x('86'), 2) +
27340  power(x('174') -
27341  x('186'), 2) +
27342  power(x('274') -
27343  x('286'), 2)) +
27344  1/sqrt(power(x('69') -
27345  x('91'), 2) +
27346  power(x('169') -
27347  x('191'), 2) +
27348  power(x('269') -
27349  x('291'), 2)) +
27350  1/sqrt(power(x('71') -
27351  x('89'), 2) +
27352  power(x('171') -
27353  x('189'), 2) +
27354  power(x('271') -
27355  x('289'), 2)) +
27356  1/sqrt(power(x('76') -
27357  x('84'), 2) +
27358  power(x('176') -
27359  x('184'), 2) +
27360  power(x('276') -
27361  x('284'), 2)) +
27362  1/sqrt(power(x('67') -
27363  x('93'), 2) +
27364  power(x('167') -
27365  x('193'), 2) +
27366  power(x('267') -
27367  x('293'), 2)) +
27368  1/sqrt(power(x('78') -
27369  x('82'), 2) +
27370  power(x('178') -
27371  x('182'), 2) +
27372  power(x('278') -
27373  x('282'), 2)) +
27374  1/sqrt(power(x('73') -
27375  x('87'), 2) +
27376  power(x('173') -
27377  x('187'), 2) +
27378  power(x('273') -
27379  x('287'), 2)) +
27380  1/sqrt(power(x('75') -
27381  x('85'), 2) +
27382  power(x('175') -
27383  x('185'), 2) +
27384  power(x('275') -
27385  x('285'), 2)) +
27386  1/sqrt(power(x('64') -
27387  x('96'), 2) +
27388  power(x('164') -
27389  x('196'), 2) +
27390  power(x('264') -
27391  x('296'), 2)) +
27392  1/sqrt(power(x('65') -
27393  x('95'), 2) +
27394  power(x('165') -
27395  x('195'), 2) +
27396  power(x('265') -
27397  x('295'), 2)) +
27398  1/sqrt(power(x('77') -
27399  x('83'), 2) +
27400  power(x('177') -
27401  x('183'), 2) +
27402  power(x('277') -
27403  x('283'), 2)) +
27404  1/sqrt(power(x('79') -
27405  x('81'), 2) +
27406  power(x('179') -
27407  x('181'), 2) +
27408  power(x('279') -
27409  x('281'), 2)) +
27410  1/sqrt(power(x('74') -
27411  x('87'), 2) +
27412  power(x('174') -
27413  x('187'), 2) +
27414  power(x('274') -
27415  x('287'), 2)) +
27416  1/sqrt(power(x('80') -
27417  x('81'), 2) +
27418  power(x('180') -
27419  x('181'), 2) +
27420  power(x('280') -
27421  x('281'), 2)) +
27422  1/sqrt(power(x('72') -
27423  x('89'), 2) +
27424  power(x('172') -
27425  x('189'), 2) +
27426  power(x('272') -
27427  x('289'), 2)) +
27428  1/sqrt(power(x('75') -
27429  x('86'), 2) +
27430  power(x('175') -
27431  x('186'), 2) +
27432  power(x('275') -
27433  x('286'), 2)) +
27434  1/sqrt(power(x('70') -
27435  x('91'), 2) +
27436  power(x('170') -
27437  x('191'), 2) +
27438  power(x('270') -
27439  x('291'), 2)) +
27440  1/sqrt(power(x('73') -
27441  x('88'), 2) +
27442  power(x('173') -
27443  x('188'), 2) +
27444  power(x('273') -
27445  x('288'), 2)) +
27446  1/sqrt(power(x('61') -
27447  x('100'), 2) +
27448  power(x('161') -
27449  x('200'), 2) +
27450  power(x('261') -
27451  x('300'), 2)) +
27452  1/sqrt(power(x('68') -
27453  x('93'), 2) +
27454  power(x('168') -
27455  x('193'), 2) +
27456  power(x('268') -
27457  x('293'), 2)) +
27458  1/sqrt(power(x('71') -
27459  x('90'), 2) +
27460  power(x('171') -
27461  x('190'), 2) +
27462  power(x('271') -
27463  x('290'), 2)) +
27464  1/sqrt(power(x('78') -
27465  x('83'), 2) +
27466  power(x('178') -
27467  x('183'), 2) +
27468  power(x('278') -
27469  x('283'), 2)) +
27470  1/sqrt(power(x('79') -
27471  x('82'), 2) +
27472  power(x('179') -
27473  x('182'), 2) +
27474  power(x('279') -
27475  x('282'), 2)) +
27476  1/sqrt(power(x('69') -
27477  x('92'), 2) +
27478  power(x('169') -
27479  x('192'), 2) +
27480  power(x('269') -
27481  x('292'), 2)) +
27482  1/sqrt(power(x('63') -
27483  x('98'), 2) +
27484  power(x('163') -
27485  x('198'), 2) +
27486  power(x('263') -
27487  x('298'), 2)) +
27488  1/sqrt(power(x('66') -
27489  x('95'), 2) +
27490  power(x('166') -
27491  x('195'), 2) +
27492  power(x('266') -
27493  x('295'), 2)) +
27494  1/sqrt(power(x('62') -
27495  x('99'), 2) +
27496  power(x('162') -
27497  x('199'), 2) +
27498  power(x('262') -
27499  x('299'), 2)) +
27500  1/sqrt(power(x('76') -
27501  x('85'), 2) +
27502  power(x('176') -
27503  x('185'), 2) +
27504  power(x('276') -
27505  x('285'), 2)) +
27506  1/sqrt(power(x('67') -
27507  x('94'), 2) +
27508  power(x('167') -
27509  x('194'), 2) +
27510  power(x('267') -
27511  x('294'), 2)) +
27512  1/sqrt(power(x('77') -
27513  x('84'), 2) +
27514  power(x('177') -
27515  x('184'), 2) +
27516  power(x('277') -
27517  x('284'), 2)) +
27518  1/sqrt(power(x('64') -
27519  x('97'), 2) +
27520  power(x('164') -
27521  x('197'), 2) +
27522  power(x('264') -
27523  x('297'), 2)) +
27524  1/sqrt(power(x('65') -
27525  x('96'), 2) +
27526  power(x('165') -
27527  x('196'), 2) +
27528  power(x('265') -
27529  x('296'), 2)) +
27530  1/sqrt(power(x('68') -
27531  x('94'), 2) +
27532  power(x('168') -
27533  x('194'), 2) +
27534  power(x('268') -
27535  x('294'), 2)) +
27536  1/sqrt(power(x('74') -
27537  x('88'), 2) +
27538  power(x('174') -
27539  x('188'), 2) +
27540  power(x('274') -
27541  x('288'), 2)) +
27542  1/sqrt(power(x('75') -
27543  x('87'), 2) +
27544  power(x('175') -
27545  x('187'), 2) +
27546  power(x('275') -
27547  x('287'), 2)) +
27548  1/sqrt(power(x('69') -
27549  x('93'), 2) +
27550  power(x('169') -
27551  x('193'), 2) +
27552  power(x('269') -
27553  x('293'), 2)) +
27554  1/sqrt(power(x('63') -
27555  x('99'), 2) +
27556  power(x('163') -
27557  x('199'), 2) +
27558  power(x('263') -
27559  x('299'), 2)) +
27560  1/sqrt(power(x('66') -
27561  x('96'), 2) +
27562  power(x('166') -
27563  x('196'), 2) +
27564  power(x('266') -
27565  x('296'), 2)) +
27566  1/sqrt(power(x('62') -
27567  x('100'), 2) +
27568  power(x('162') -
27569  x('200'), 2) +
27570  power(x('262') -
27571  x('300'), 2)) +
27572  1/sqrt(power(x('67') -
27573  x('95'), 2) +
27574  power(x('167') -
27575  x('195'), 2) +
27576  power(x('267') -
27577  x('295'), 2)) +
27578  1/sqrt(power(x('72') -
27579  x('90'), 2) +
27580  power(x('172') -
27581  x('190'), 2) +
27582  power(x('272') -
27583  x('290'), 2)) +
27584  1/sqrt(power(x('77') -
27585  x('85'), 2) +
27586  power(x('177') -
27587  x('185'), 2) +
27588  power(x('277') -
27589  x('285'), 2)) +
27590  1/sqrt(power(x('73') -
27591  x('89'), 2) +
27592  power(x('173') -
27593  x('189'), 2) +
27594  power(x('273') -
27595  x('289'), 2)) +
27596  1/sqrt(power(x('76') -
27597  x('86'), 2) +
27598  power(x('176') -
27599  x('186'), 2) +
27600  power(x('276') -
27601  x('286'), 2)) +
27602  1/sqrt(power(x('70') -
27603  x('92'), 2) +
27604  power(x('170') -
27605  x('192'), 2) +
27606  power(x('270') -
27607  x('292'), 2)) +
27608  1/sqrt(power(x('64') -
27609  x('98'), 2) +
27610  power(x('164') -
27611  x('198'), 2) +
27612  power(x('264') -
27613  x('298'), 2)) +
27614  1/sqrt(power(x('79') -
27615  x('83'), 2) +
27616  power(x('179') -
27617  x('183'), 2) +
27618  power(x('279') -
27619  x('283'), 2)) +
27620  1/sqrt(power(x('65') -
27621  x('97'), 2) +
27622  power(x('165') -
27623  x('197'), 2) +
27624  power(x('265') -
27625  x('297'), 2)) +
27626  1/sqrt(power(x('71') -
27627  x('91'), 2) +
27628  power(x('171') -
27629  x('191'), 2) +
27630  power(x('271') -
27631  x('291'), 2)) +
27632  1/sqrt(power(x('78') -
27633  x('84'), 2) +
27634  power(x('178') -
27635  x('184'), 2) +
27636  power(x('278') -
27637  x('284'), 2)) +
27638  1/sqrt(power(x('80') -
27639  x('82'), 2) +
27640  power(x('180') -
27641  x('182'), 2) +
27642  power(x('280') -
27643  x('282'), 2)) +
27644  1/sqrt(power(x('68') -
27645  x('95'), 2) +
27646  power(x('168') -
27647  x('195'), 2) +
27648  power(x('268') -
27649  x('295'), 2)) +
27650  1/sqrt(power(x('69') -
27651  x('94'), 2) +
27652  power(x('169') -
27653  x('194'), 2) +
27654  power(x('269') -
27655  x('294'), 2)) +
27656  1/sqrt(power(x('73') -
27657  x('90'), 2) +
27658  power(x('173') -
27659  x('190'), 2) +
27660  power(x('273') -
27661  x('290'), 2)) +
27662  1/sqrt(power(x('72') -
27663  x('91'), 2) +
27664  power(x('172') -
27665  x('191'), 2) +
27666  power(x('272') -
27667  x('291'), 2)) +
27668  1/sqrt(power(x('81') -
27669  x('82'), 2) +
27670  power(x('181') -
27671  x('182'), 2) +
27672  power(x('281') -
27673  x('282'), 2)) +
27674  1/sqrt(power(x('63') -
27675  x('100'), 2) +
27676  power(x('163') -
27677  x('200'), 2) +
27678  power(x('263') -
27679  x('300'), 2)) +
27680  1/sqrt(power(x('66') -
27681  x('97'), 2) +
27682  power(x('166') -
27683  x('197'), 2) +
27684  power(x('266') -
27685  x('297'), 2)) +
27686  1/sqrt(power(x('67') -
27687  x('96'), 2) +
27688  power(x('167') -
27689  x('196'), 2) +
27690  power(x('267') -
27691  x('296'), 2)) +
27692  1/sqrt(power(x('75') -
27693  x('88'), 2) +
27694  power(x('175') -
27695  x('188'), 2) +
27696  power(x('275') -
27697  x('288'), 2)) +
27698  1/sqrt(power(x('79') -
27699  x('84'), 2) +
27700  power(x('179') -
27701  x('184'), 2) +
27702  power(x('279') -
27703  x('284'), 2)) +
27704  1/sqrt(power(x('74') -
27705  x('89'), 2) +
27706  power(x('174') -
27707  x('189'), 2) +
27708  power(x('274') -
27709  x('289'), 2)) +
27710  1/sqrt(power(x('70') -
27711  x('93'), 2) +
27712  power(x('170') -
27713  x('193'), 2) +
27714  power(x('270') -
27715  x('293'), 2)) +
27716  1/sqrt(power(x('77') -
27717  x('86'), 2) +
27718  power(x('177') -
27719  x('186'), 2) +
27720  power(x('277') -
27721  x('286'), 2)) +
27722  1/sqrt(power(x('71') -
27723  x('92'), 2) +
27724  power(x('171') -
27725  x('192'), 2) +
27726  power(x('271') -
27727  x('292'), 2)) +
27728  1/sqrt(power(x('80') -
27729  x('83'), 2) +
27730  power(x('180') -
27731  x('183'), 2) +
27732  power(x('280') -
27733  x('283'), 2)) +
27734  1/sqrt(power(x('64') -
27735  x('99'), 2) +
27736  power(x('164') -
27737  x('199'), 2) +
27738  power(x('264') -
27739  x('299'), 2)) +
27740  1/sqrt(power(x('65') -
27741  x('98'), 2) +
27742  power(x('165') -
27743  x('198'), 2) +
27744  power(x('265') -
27745  x('298'), 2)) +
27746  1/sqrt(power(x('76') -
27747  x('87'), 2) +
27748  power(x('176') -
27749  x('187'), 2) +
27750  power(x('276') -
27751  x('287'), 2)) +
27752  1/sqrt(power(x('78') -
27753  x('85'), 2) +
27754  power(x('178') -
27755  x('185'), 2) +
27756  power(x('278') -
27757  x('285'), 2)) +
27758  1/sqrt(power(x('80') -
27759  x('84'), 2) +
27760  power(x('180') -
27761  x('184'), 2) +
27762  power(x('280') -
27763  x('284'), 2)) +
27764  1/sqrt(power(x('71') -
27765  x('93'), 2) +
27766  power(x('171') -
27767  x('193'), 2) +
27768  power(x('271') -
27769  x('293'), 2)) +
27770  1/sqrt(power(x('70') -
27771  x('94'), 2) +
27772  power(x('170') -
27773  x('194'), 2) +
27774  power(x('270') -
27775  x('294'), 2)) +
27776  1/sqrt(power(x('79') -
27777  x('85'), 2) +
27778  power(x('179') -
27779  x('185'), 2) +
27780  power(x('279') -
27781  x('285'), 2)) +
27782  1/sqrt(power(x('64') -
27783  x('100'), 2) +
27784  power(x('164') -
27785  x('200'), 2) +
27786  power(x('264') -
27787  x('300'), 2)) +
27788  1/sqrt(power(x('81') -
27789  x('83'), 2) +
27790  power(x('181') -
27791  x('183'), 2) +
27792  power(x('281') -
27793  x('283'), 2)) +
27794  1/sqrt(power(x('73') -
27795  x('91'), 2) +
27796  power(x('173') -
27797  x('191'), 2) +
27798  power(x('273') -
27799  x('291'), 2)) +
27800  1/sqrt(power(x('77') -
27801  x('87'), 2) +
27802  power(x('177') -
27803  x('187'), 2) +
27804  power(x('277') -
27805  x('287'), 2)) +
27806  1/sqrt(power(x('68') -
27807  x('96'), 2) +
27808  power(x('168') -
27809  x('196'), 2) +
27810  power(x('268') -
27811  x('296'), 2)) +
27812  1/sqrt(power(x('72') -
27813  x('92'), 2) +
27814  power(x('172') -
27815  x('192'), 2) +
27816  power(x('272') -
27817  x('292'), 2)) +
27818  1/sqrt(power(x('69') -
27819  x('95'), 2) +
27820  power(x('169') -
27821  x('195'), 2) +
27822  power(x('269') -
27823  x('295'), 2)) +
27824  1/sqrt(power(x('78') -
27825  x('86'), 2) +
27826  power(x('178') -
27827  x('186'), 2) +
27828  power(x('278') -
27829  x('286'), 2)) +
27830  1/sqrt(power(x('75') -
27831  x('89'), 2) +
27832  power(x('175') -
27833  x('189'), 2) +
27834  power(x('275') -
27835  x('289'), 2)) +
27836  1/sqrt(power(x('74') -
27837  x('90'), 2) +
27838  power(x('174') -
27839  x('190'), 2) +
27840  power(x('274') -
27841  x('290'), 2)) +
27842  1/sqrt(power(x('76') -
27843  x('88'), 2) +
27844  power(x('176') -
27845  x('188'), 2) +
27846  power(x('276') -
27847  x('288'), 2)) +
27848  1/sqrt(power(x('66') -
27849  x('98'), 2) +
27850  power(x('166') -
27851  x('198'), 2) +
27852  power(x('266') -
27853  x('298'), 2)) +
27854  1/sqrt(power(x('67') -
27855  x('97'), 2) +
27856  power(x('167') -
27857  x('197'), 2) +
27858  power(x('267') -
27859  x('297'), 2)) +
27860  1/sqrt(power(x('65') -
27861  x('99'), 2) +
27862  power(x('165') -
27863  x('199'), 2) +
27864  power(x('265') -
27865  x('299'), 2)) +
27866  1/sqrt(power(x('82') -
27867  x('83'), 2) +
27868  power(x('182') -
27869  x('183'), 2) +
27870  power(x('282') -
27871  x('283'), 2)) +
27872  1/sqrt(power(x('78') -
27873  x('87'), 2) +
27874  power(x('178') -
27875  x('187'), 2) +
27876  power(x('278') -
27877  x('287'), 2)) +
27878  1/sqrt(power(x('77') -
27879  x('88'), 2) +
27880  power(x('177') -
27881  x('188'), 2) +
27882  power(x('277') -
27883  x('288'), 2)) +
27884  1/sqrt(power(x('71') -
27885  x('94'), 2) +
27886  power(x('171') -
27887  x('194'), 2) +
27888  power(x('271') -
27889  x('294'), 2)) +
27890  1/sqrt(power(x('70') -
27891  x('95'), 2) +
27892  power(x('170') -
27893  x('195'), 2) +
27894  power(x('270') -
27895  x('295'), 2)) +
27896  1/sqrt(power(x('80') -
27897  x('85'), 2) +
27898  power(x('180') -
27899  x('185'), 2) +
27900  power(x('280') -
27901  x('285'), 2)) +
27902  1/sqrt(power(x('75') -
27903  x('90'), 2) +
27904  power(x('175') -
27905  x('190'), 2) +
27906  power(x('275') -
27907  x('290'), 2)) +
27908  1/sqrt(power(x('73') -
27909  x('92'), 2) +
27910  power(x('173') -
27911  x('192'), 2) +
27912  power(x('273') -
27913  x('292'), 2)) +
27914  1/sqrt(power(x('81') -
27915  x('84'), 2) +
27916  power(x('181') -
27917  x('184'), 2) +
27918  power(x('281') -
27919  x('284'), 2)) +
27920  1/sqrt(power(x('79') -
27921  x('86'), 2) +
27922  power(x('179') -
27923  x('186'), 2) +
27924  power(x('279') -
27925  x('286'), 2)) +
27926  1/sqrt(power(x('76') -
27927  x('89'), 2) +
27928  power(x('176') -
27929  x('189'), 2) +
27930  power(x('276') -
27931  x('289'), 2)) +
27932  1/sqrt(power(x('72') -
27933  x('93'), 2) +
27934  power(x('172') -
27935  x('193'), 2) +
27936  power(x('272') -
27937  x('293'), 2)) +
27938  1/sqrt(power(x('68') -
27939  x('97'), 2) +
27940  power(x('168') -
27941  x('197'), 2) +
27942  power(x('268') -
27943  x('297'), 2)) +
27944  1/sqrt(power(x('69') -
27945  x('96'), 2) +
27946  power(x('169') -
27947  x('196'), 2) +
27948  power(x('269') -
27949  x('296'), 2)) +
27950  1/sqrt(power(x('74') -
27951  x('91'), 2) +
27952  power(x('174') -
27953  x('191'), 2) +
27954  power(x('274') -
27955  x('291'), 2)) +
27956  1/sqrt(power(x('66') -
27957  x('99'), 2) +
27958  power(x('166') -
27959  x('199'), 2) +
27960  power(x('266') -
27961  x('299'), 2)) +
27962  1/sqrt(power(x('67') -
27963  x('98'), 2) +
27964  power(x('167') -
27965  x('198'), 2) +
27966  power(x('267') -
27967  x('298'), 2)) +
27968  1/sqrt(power(x('65') -
27969  x('100'), 2) +
27970  power(x('165') -
27971  x('200'), 2) +
27972  power(x('265') -
27973  x('300'), 2)) +
27974  1/sqrt(power(x('71') -
27975  x('95'), 2) +
27976  power(x('171') -
27977  x('195'), 2) +
27978  power(x('271') -
27979  x('295'), 2)) +
27980  1/sqrt(power(x('70') -
27981  x('96'), 2) +
27982  power(x('170') -
27983  x('196'), 2) +
27984  power(x('270') -
27985  x('296'), 2)) +
27986  1/sqrt(power(x('75') -
27987  x('91'), 2) +
27988  power(x('175') -
27989  x('191'), 2) +
27990  power(x('275') -
27991  x('291'), 2)) +
27992  1/sqrt(power(x('76') -
27993  x('90'), 2) +
27994  power(x('176') -
27995  x('190'), 2) +
27996  power(x('276') -
27997  x('290'), 2)) +
27998  1/sqrt(power(x('73') -
27999  x('93'), 2) +
28000  power(x('173') -
28001  x('193'), 2) +
28002  power(x('273') -
28003  x('293'), 2)) +
28004  1/sqrt(power(x('80') -
28005  x('86'), 2) +
28006  power(x('180') -
28007  x('186'), 2) +
28008  power(x('280') -
28009  x('286'), 2)) +
28010  1/sqrt(power(x('81') -
28011  x('85'), 2) +
28012  power(x('181') -
28013  x('185'), 2) +
28014  power(x('281') -
28015  x('285'), 2)) +
28016  1/sqrt(power(x('72') -
28017  x('94'), 2) +
28018  power(x('172') -
28019  x('194'), 2) +
28020  power(x('272') -
28021  x('294'), 2)) +
28022  1/sqrt(power(x('74') -
28023  x('92'), 2) +
28024  power(x('174') -
28025  x('192'), 2) +
28026  power(x('274') -
28027  x('292'), 2)) +
28028  1/sqrt(power(x('78') -
28029  x('88'), 2) +
28030  power(x('178') -
28031  x('188'), 2) +
28032  power(x('278') -
28033  x('288'), 2)) +
28034  1/sqrt(power(x('68') -
28035  x('98'), 2) +
28036  power(x('168') -
28037  x('198'), 2) +
28038  power(x('268') -
28039  x('298'), 2)) +
28040  1/sqrt(power(x('69') -
28041  x('97'), 2) +
28042  power(x('169') -
28043  x('197'), 2) +
28044  power(x('269') -
28045  x('297'), 2)) +
28046  1/sqrt(power(x('77') -
28047  x('89'), 2) +
28048  power(x('177') -
28049  x('189'), 2) +
28050  power(x('277') -
28051  x('289'), 2)) +
28052  1/sqrt(power(x('79') -
28053  x('87'), 2) +
28054  power(x('179') -
28055  x('187'), 2) +
28056  power(x('279') -
28057  x('287'), 2)) +
28058  1/sqrt(power(x('82') -
28059  x('84'), 2) +
28060  power(x('182') -
28061  x('184'), 2) +
28062  power(x('282') -
28063  x('284'), 2)) +
28064  1/sqrt(power(x('66') -
28065  x('100'), 2) +
28066  power(x('166') -
28067  x('200'), 2) +
28068  power(x('266') -
28069  x('300'), 2)) +
28070  1/sqrt(power(x('67') -
28071  x('99'), 2) +
28072  power(x('167') -
28073  x('199'), 2) +
28074  power(x('267') -
28075  x('299'), 2)) +
28076  1/sqrt(power(x('71') -
28077  x('96'), 2) +
28078  power(x('171') -
28079  x('196'), 2) +
28080  power(x('271') -
28081  x('296'), 2)) +
28082  1/sqrt(power(x('70') -
28083  x('97'), 2) +
28084  power(x('170') -
28085  x('197'), 2) +
28086  power(x('270') -
28087  x('297'), 2)) +
28088  1/sqrt(power(x('73') -
28089  x('94'), 2) +
28090  power(x('173') -
28091  x('194'), 2) +
28092  power(x('273') -
28093  x('294'), 2)) +
28094  1/sqrt(power(x('74') -
28095  x('93'), 2) +
28096  power(x('174') -
28097  x('193'), 2) +
28098  power(x('274') -
28099  x('293'), 2)) +
28100  1/sqrt(power(x('72') -
28101  x('95'), 2) +
28102  power(x('172') -
28103  x('195'), 2) +
28104  power(x('272') -
28105  x('295'), 2)) +
28106  1/sqrt(power(x('68') -
28107  x('99'), 2) +
28108  power(x('168') -
28109  x('199'), 2) +
28110  power(x('268') -
28111  x('299'), 2)) +
28112  1/sqrt(power(x('83') -
28113  x('84'), 2) +
28114  power(x('183') -
28115  x('184'), 2) +
28116  power(x('283') -
28117  x('284'), 2)) +
28118  1/sqrt(power(x('69') -
28119  x('98'), 2) +
28120  power(x('169') -
28121  x('198'), 2) +
28122  power(x('269') -
28123  x('298'), 2)) +
28124  1/sqrt(power(x('81') -
28125  x('86'), 2) +
28126  power(x('181') -
28127  x('186'), 2) +
28128  power(x('281') -
28129  x('286'), 2)) +
28130  1/sqrt(power(x('80') -
28131  x('87'), 2) +
28132  power(x('180') -
28133  x('187'), 2) +
28134  power(x('280') -
28135  x('287'), 2)) +
28136  1/sqrt(power(x('67') -
28137  x('100'), 2) +
28138  power(x('167') -
28139  x('200'), 2) +
28140  power(x('267') -
28141  x('300'), 2)) +
28142  1/sqrt(power(x('82') -
28143  x('85'), 2) +
28144  power(x('182') -
28145  x('185'), 2) +
28146  power(x('282') -
28147  x('285'), 2)) +
28148  1/sqrt(power(x('76') -
28149  x('91'), 2) +
28150  power(x('176') -
28151  x('191'), 2) +
28152  power(x('276') -
28153  x('291'), 2)) +
28154  1/sqrt(power(x('75') -
28155  x('92'), 2) +
28156  power(x('175') -
28157  x('192'), 2) +
28158  power(x('275') -
28159  x('292'), 2)) +
28160  1/sqrt(power(x('78') -
28161  x('89'), 2) +
28162  power(x('178') -
28163  x('189'), 2) +
28164  power(x('278') -
28165  x('289'), 2)) +
28166  1/sqrt(power(x('79') -
28167  x('88'), 2) +
28168  power(x('179') -
28169  x('188'), 2) +
28170  power(x('279') -
28171  x('288'), 2)) +
28172  1/sqrt(power(x('77') -
28173  x('90'), 2) +
28174  power(x('177') -
28175  x('190'), 2) +
28176  power(x('277') -
28177  x('290'), 2)) +
28178  1/sqrt(power(x('83') -
28179  x('85'), 2) +
28180  power(x('183') -
28181  x('185'), 2) +
28182  power(x('283') -
28183  x('285'), 2)) +
28184  1/sqrt(power(x('78') -
28185  x('90'), 2) +
28186  power(x('178') -
28187  x('190'), 2) +
28188  power(x('278') -
28189  x('290'), 2)) +
28190  1/sqrt(power(x('76') -
28191  x('92'), 2) +
28192  power(x('176') -
28193  x('192'), 2) +
28194  power(x('276') -
28195  x('292'), 2)) +
28196  1/sqrt(power(x('79') -
28197  x('89'), 2) +
28198  power(x('179') -
28199  x('189'), 2) +
28200  power(x('279') -
28201  x('289'), 2)) +
28202  1/sqrt(power(x('75') -
28203  x('93'), 2) +
28204  power(x('175') -
28205  x('193'), 2) +
28206  power(x('275') -
28207  x('293'), 2)) +
28208  1/sqrt(power(x('71') -
28209  x('97'), 2) +
28210  power(x('171') -
28211  x('197'), 2) +
28212  power(x('271') -
28213  x('297'), 2)) +
28214  1/sqrt(power(x('81') -
28215  x('87'), 2) +
28216  power(x('181') -
28217  x('187'), 2) +
28218  power(x('281') -
28219  x('287'), 2)) +
28220  1/sqrt(power(x('70') -
28221  x('98'), 2) +
28222  power(x('170') -
28223  x('198'), 2) +
28224  power(x('270') -
28225  x('298'), 2)) +
28226  1/sqrt(power(x('77') -
28227  x('91'), 2) +
28228  power(x('177') -
28229  x('191'), 2) +
28230  power(x('277') -
28231  x('291'), 2)) +
28232  1/sqrt(power(x('82') -
28233  x('86'), 2) +
28234  power(x('182') -
28235  x('186'), 2) +
28236  power(x('282') -
28237  x('286'), 2)) +
28238  1/sqrt(power(x('73') -
28239  x('95'), 2) +
28240  power(x('173') -
28241  x('195'), 2) +
28242  power(x('273') -
28243  x('295'), 2)) +
28244  1/sqrt(power(x('80') -
28245  x('88'), 2) +
28246  power(x('180') -
28247  x('188'), 2) +
28248  power(x('280') -
28249  x('288'), 2)) +
28250  1/sqrt(power(x('74') -
28251  x('94'), 2) +
28252  power(x('174') -
28253  x('194'), 2) +
28254  power(x('274') -
28255  x('294'), 2)) +
28256  1/sqrt(power(x('68') -
28257  x('100'), 2) +
28258  power(x('168') -
28259  x('200'), 2) +
28260  power(x('268') -
28261  x('300'), 2)) +
28262  1/sqrt(power(x('72') -
28263  x('96'), 2) +
28264  power(x('172') -
28265  x('196'), 2) +
28266  power(x('272') -
28267  x('296'), 2)) +
28268  1/sqrt(power(x('69') -
28269  x('99'), 2) +
28270  power(x('169') -
28271  x('199'), 2) +
28272  power(x('269') -
28273  x('299'), 2)) +
28274  1/sqrt(power(x('84') -
28275  x('85'), 2) +
28276  power(x('184') -
28277  x('185'), 2) +
28278  power(x('284') -
28279  x('285'), 2)) +
28280  1/sqrt(power(x('82') -
28281  x('87'), 2) +
28282  power(x('182') -
28283  x('187'), 2) +
28284  power(x('282') -
28285  x('287'), 2)) +
28286  1/sqrt(power(x('81') -
28287  x('88'), 2) +
28288  power(x('181') -
28289  x('188'), 2) +
28290  power(x('281') -
28291  x('288'), 2)) +
28292  1/sqrt(power(x('79') -
28293  x('90'), 2) +
28294  power(x('179') -
28295  x('190'), 2) +
28296  power(x('279') -
28297  x('290'), 2)) +
28298  1/sqrt(power(x('78') -
28299  x('91'), 2) +
28300  power(x('178') -
28301  x('191'), 2) +
28302  power(x('278') -
28303  x('291'), 2)) +
28304  1/sqrt(power(x('76') -
28305  x('93'), 2) +
28306  power(x('176') -
28307  x('193'), 2) +
28308  power(x('276') -
28309  x('293'), 2)) +
28310  1/sqrt(power(x('75') -
28311  x('94'), 2) +
28312  power(x('175') -
28313  x('194'), 2) +
28314  power(x('275') -
28315  x('294'), 2)) +
28316  1/sqrt(power(x('83') -
28317  x('86'), 2) +
28318  power(x('183') -
28319  x('186'), 2) +
28320  power(x('283') -
28321  x('286'), 2)) +
28322  1/sqrt(power(x('80') -
28323  x('89'), 2) +
28324  power(x('180') -
28325  x('189'), 2) +
28326  power(x('280') -
28327  x('289'), 2)) +
28328  1/sqrt(power(x('70') -
28329  x('99'), 2) +
28330  power(x('170') -
28331  x('199'), 2) +
28332  power(x('270') -
28333  x('299'), 2)) +
28334  1/sqrt(power(x('71') -
28335  x('98'), 2) +
28336  power(x('171') -
28337  x('198'), 2) +
28338  power(x('271') -
28339  x('298'), 2)) +
28340  1/sqrt(power(x('77') -
28341  x('92'), 2) +
28342  power(x('177') -
28343  x('192'), 2) +
28344  power(x('277') -
28345  x('292'), 2)) +
28346  1/sqrt(power(x('73') -
28347  x('96'), 2) +
28348  power(x('173') -
28349  x('196'), 2) +
28350  power(x('273') -
28351  x('296'), 2)) +
28352  1/sqrt(power(x('74') -
28353  x('95'), 2) +
28354  power(x('174') -
28355  x('195'), 2) +
28356  power(x('274') -
28357  x('295'), 2)) +
28358  1/sqrt(power(x('72') -
28359  x('97'), 2) +
28360  power(x('172') -
28361  x('197'), 2) +
28362  power(x('272') -
28363  x('297'), 2)) +
28364  1/sqrt(power(x('69') -
28365  x('100'), 2) +
28366  power(x('169') -
28367  x('200'), 2) +
28368  power(x('269') -
28369  x('300'), 2)) +
28370  1/sqrt(power(x('70') -
28371  x('100'), 2) +
28372  power(x('170') -
28373  x('200'), 2) +
28374  power(x('270') -
28375  x('300'), 2)) +
28376  1/sqrt(power(x('84') -
28377  x('86'), 2) +
28378  power(x('184') -
28379  x('186'), 2) +
28380  power(x('284') -
28381  x('286'), 2)) +
28382  1/sqrt(power(x('71') -
28383  x('99'), 2) +
28384  power(x('171') -
28385  x('199'), 2) +
28386  power(x('271') -
28387  x('299'), 2)) +
28388  1/sqrt(power(x('73') -
28389  x('97'), 2) +
28390  power(x('173') -
28391  x('197'), 2) +
28392  power(x('273') -
28393  x('297'), 2)) +
28394  1/sqrt(power(x('82') -
28395  x('88'), 2) +
28396  power(x('182') -
28397  x('188'), 2) +
28398  power(x('282') -
28399  x('288'), 2)) +
28400  1/sqrt(power(x('81') -
28401  x('89'), 2) +
28402  power(x('181') -
28403  x('189'), 2) +
28404  power(x('281') -
28405  x('289'), 2)) +
28406  1/sqrt(power(x('74') -
28407  x('96'), 2) +
28408  power(x('174') -
28409  x('196'), 2) +
28410  power(x('274') -
28411  x('296'), 2)) +
28412  1/sqrt(power(x('72') -
28413  x('98'), 2) +
28414  power(x('172') -
28415  x('198'), 2) +
28416  power(x('272') -
28417  x('298'), 2)) +
28418  1/sqrt(power(x('83') -
28419  x('87'), 2) +
28420  power(x('183') -
28421  x('187'), 2) +
28422  power(x('283') -
28423  x('287'), 2)) +
28424  1/sqrt(power(x('79') -
28425  x('91'), 2) +
28426  power(x('179') -
28427  x('191'), 2) +
28428  power(x('279') -
28429  x('291'), 2)) +
28430  1/sqrt(power(x('78') -
28431  x('92'), 2) +
28432  power(x('178') -
28433  x('192'), 2) +
28434  power(x('278') -
28435  x('292'), 2)) +
28436  1/sqrt(power(x('80') -
28437  x('90'), 2) +
28438  power(x('180') -
28439  x('190'), 2) +
28440  power(x('280') -
28441  x('290'), 2)) +
28442  1/sqrt(power(x('76') -
28443  x('94'), 2) +
28444  power(x('176') -
28445  x('194'), 2) +
28446  power(x('276') -
28447  x('294'), 2)) +
28448  1/sqrt(power(x('75') -
28449  x('95'), 2) +
28450  power(x('175') -
28451  x('195'), 2) +
28452  power(x('275') -
28453  x('295'), 2)) +
28454  1/sqrt(power(x('77') -
28455  x('93'), 2) +
28456  power(x('177') -
28457  x('193'), 2) +
28458  power(x('277') -
28459  x('293'), 2)) +
28460  1/sqrt(power(x('71') -
28461  x('100'), 2) +
28462  power(x('171') -
28463  x('200'), 2) +
28464  power(x('271') -
28465  x('300'), 2)) +
28466  1/sqrt(power(x('83') -
28467  x('88'), 2) +
28468  power(x('183') -
28469  x('188'), 2) +
28470  power(x('283') -
28471  x('288'), 2)) +
28472  1/sqrt(power(x('85') -
28473  x('86'), 2) +
28474  power(x('185') -
28475  x('186'), 2) +
28476  power(x('285') -
28477  x('286'), 2)) +
28478  1/sqrt(power(x('73') -
28479  x('98'), 2) +
28480  power(x('173') -
28481  x('198'), 2) +
28482  power(x('273') -
28483  x('298'), 2)) +
28484  1/sqrt(power(x('72') -
28485  x('99'), 2) +
28486  power(x('172') -
28487  x('199'), 2) +
28488  power(x('272') -
28489  x('299'), 2)) +
28490  1/sqrt(power(x('74') -
28491  x('97'), 2) +
28492  power(x('174') -
28493  x('197'), 2) +
28494  power(x('274') -
28495  x('297'), 2)) +
28496  1/sqrt(power(x('84') -
28497  x('87'), 2) +
28498  power(x('184') -
28499  x('187'), 2) +
28500  power(x('284') -
28501  x('287'), 2)) +
28502  1/sqrt(power(x('79') -
28503  x('92'), 2) +
28504  power(x('179') -
28505  x('192'), 2) +
28506  power(x('279') -
28507  x('292'), 2)) +
28508  1/sqrt(power(x('78') -
28509  x('93'), 2) +
28510  power(x('178') -
28511  x('193'), 2) +
28512  power(x('278') -
28513  x('293'), 2)) +
28514  1/sqrt(power(x('80') -
28515  x('91'), 2) +
28516  power(x('180') -
28517  x('191'), 2) +
28518  power(x('280') -
28519  x('291'), 2)) +
28520  1/sqrt(power(x('76') -
28521  x('95'), 2) +
28522  power(x('176') -
28523  x('195'), 2) +
28524  power(x('276') -
28525  x('295'), 2)) +
28526  1/sqrt(power(x('82') -
28527  x('89'), 2) +
28528  power(x('182') -
28529  x('189'), 2) +
28530  power(x('282') -
28531  x('289'), 2)) +
28532  1/sqrt(power(x('75') -
28533  x('96'), 2) +
28534  power(x('175') -
28535  x('196'), 2) +
28536  power(x('275') -
28537  x('296'), 2)) +
28538  1/sqrt(power(x('77') -
28539  x('94'), 2) +
28540  power(x('177') -
28541  x('194'), 2) +
28542  power(x('277') -
28543  x('294'), 2)) +
28544  1/sqrt(power(x('81') -
28545  x('90'), 2) +
28546  power(x('181') -
28547  x('190'), 2) +
28548  power(x('281') -
28549  x('290'), 2)) +
28550  1/sqrt(power(x('73') -
28551  x('99'), 2) +
28552  power(x('173') -
28553  x('199'), 2) +
28554  power(x('273') -
28555  x('299'), 2)) +
28556  1/sqrt(power(x('72') -
28557  x('100'), 2) +
28558  power(x('172') -
28559  x('200'), 2) +
28560  power(x('272') -
28561  x('300'), 2)) +
28562  1/sqrt(power(x('74') -
28563  x('98'), 2) +
28564  power(x('174') -
28565  x('198'), 2) +
28566  power(x('274') -
28567  x('298'), 2)) +
28568  1/sqrt(power(x('79') -
28569  x('93'), 2) +
28570  power(x('179') -
28571  x('193'), 2) +
28572  power(x('279') -
28573  x('293'), 2)) +
28574  1/sqrt(power(x('80') -
28575  x('92'), 2) +
28576  power(x('180') -
28577  x('192'), 2) +
28578  power(x('280') -
28579  x('292'), 2)) +
28580  1/sqrt(power(x('78') -
28581  x('94'), 2) +
28582  power(x('178') -
28583  x('194'), 2) +
28584  power(x('278') -
28585  x('294'), 2)) +
28586  1/sqrt(power(x('85') -
28587  x('87'), 2) +
28588  power(x('185') -
28589  x('187'), 2) +
28590  power(x('285') -
28591  x('287'), 2)) +
28592  1/sqrt(power(x('82') -
28593  x('90'), 2) +
28594  power(x('182') -
28595  x('190'), 2) +
28596  power(x('282') -
28597  x('290'), 2)) +
28598  1/sqrt(power(x('83') -
28599  x('89'), 2) +
28600  power(x('183') -
28601  x('189'), 2) +
28602  power(x('283') -
28603  x('289'), 2)) +
28604  1/sqrt(power(x('76') -
28605  x('96'), 2) +
28606  power(x('176') -
28607  x('196'), 2) +
28608  power(x('276') -
28609  x('296'), 2)) +
28610  1/sqrt(power(x('75') -
28611  x('97'), 2) +
28612  power(x('175') -
28613  x('197'), 2) +
28614  power(x('275') -
28615  x('297'), 2)) +
28616  1/sqrt(power(x('81') -
28617  x('91'), 2) +
28618  power(x('181') -
28619  x('191'), 2) +
28620  power(x('281') -
28621  x('291'), 2)) +
28622  1/sqrt(power(x('84') -
28623  x('88'), 2) +
28624  power(x('184') -
28625  x('188'), 2) +
28626  power(x('284') -
28627  x('288'), 2)) +
28628  1/sqrt(power(x('77') -
28629  x('95'), 2) +
28630  power(x('177') -
28631  x('195'), 2) +
28632  power(x('277') -
28633  x('295'), 2)) +
28634  1/sqrt(power(x('79') -
28635  x('94'), 2) +
28636  power(x('179') -
28637  x('194'), 2) +
28638  power(x('279') -
28639  x('294'), 2)) +
28640  1/sqrt(power(x('80') -
28641  x('93'), 2) +
28642  power(x('180') -
28643  x('193'), 2) +
28644  power(x('280') -
28645  x('293'), 2)) +
28646  1/sqrt(power(x('83') -
28647  x('90'), 2) +
28648  power(x('183') -
28649  x('190'), 2) +
28650  power(x('283') -
28651  x('290'), 2)) +
28652  1/sqrt(power(x('78') -
28653  x('95'), 2) +
28654  power(x('178') -
28655  x('195'), 2) +
28656  power(x('278') -
28657  x('295'), 2)) +
28658  1/sqrt(power(x('82') -
28659  x('91'), 2) +
28660  power(x('182') -
28661  x('191'), 2) +
28662  power(x('282') -
28663  x('291'), 2)) +
28664  1/sqrt(power(x('84') -
28665  x('89'), 2) +
28666  power(x('184') -
28667  x('189'), 2) +
28668  power(x('284') -
28669  x('289'), 2)) +
28670  1/sqrt(power(x('76') -
28671  x('97'), 2) +
28672  power(x('176') -
28673  x('197'), 2) +
28674  power(x('276') -
28675  x('297'), 2)) +
28676  1/sqrt(power(x('75') -
28677  x('98'), 2) +
28678  power(x('175') -
28679  x('198'), 2) +
28680  power(x('275') -
28681  x('298'), 2)) +
28682  1/sqrt(power(x('73') -
28683  x('100'), 2) +
28684  power(x('173') -
28685  x('200'), 2) +
28686  power(x('273') -
28687  x('300'), 2)) +
28688  1/sqrt(power(x('81') -
28689  x('92'), 2) +
28690  power(x('181') -
28691  x('192'), 2) +
28692  power(x('281') -
28693  x('292'), 2)) +
28694  1/sqrt(power(x('86') -
28695  x('87'), 2) +
28696  power(x('186') -
28697  x('187'), 2) +
28698  power(x('286') -
28699  x('287'), 2)) +
28700  1/sqrt(power(x('77') -
28701  x('96'), 2) +
28702  power(x('177') -
28703  x('196'), 2) +
28704  power(x('277') -
28705  x('296'), 2)) +
28706  1/sqrt(power(x('74') -
28707  x('99'), 2) +
28708  power(x('174') -
28709  x('199'), 2) +
28710  power(x('274') -
28711  x('299'), 2)) +
28712  1/sqrt(power(x('85') -
28713  x('88'), 2) +
28714  power(x('185') -
28715  x('188'), 2) +
28716  power(x('285') -
28717  x('288'), 2)) +
28718  1/sqrt(power(x('74') -
28719  x('100'), 2) +
28720  power(x('174') -
28721  x('200'), 2) +
28722  power(x('274') -
28723  x('300'), 2)) +
28724  1/sqrt(power(x('79') -
28725  x('95'), 2) +
28726  power(x('179') -
28727  x('195'), 2) +
28728  power(x('279') -
28729  x('295'), 2)) +
28730  1/sqrt(power(x('83') -
28731  x('91'), 2) +
28732  power(x('183') -
28733  x('191'), 2) +
28734  power(x('283') -
28735  x('291'), 2)) +
28736  1/sqrt(power(x('80') -
28737  x('94'), 2) +
28738  power(x('180') -
28739  x('194'), 2) +
28740  power(x('280') -
28741  x('294'), 2)) +
28742  1/sqrt(power(x('82') -
28743  x('92'), 2) +
28744  power(x('182') -
28745  x('192'), 2) +
28746  power(x('282') -
28747  x('292'), 2)) +
28748  1/sqrt(power(x('84') -
28749  x('90'), 2) +
28750  power(x('184') -
28751  x('190'), 2) +
28752  power(x('284') -
28753  x('290'), 2)) +
28754  1/sqrt(power(x('78') -
28755  x('96'), 2) +
28756  power(x('178') -
28757  x('196'), 2) +
28758  power(x('278') -
28759  x('296'), 2)) +
28760  1/sqrt(power(x('86') -
28761  x('88'), 2) +
28762  power(x('186') -
28763  x('188'), 2) +
28764  power(x('286') -
28765  x('288'), 2)) +
28766  1/sqrt(power(x('75') -
28767  x('99'), 2) +
28768  power(x('175') -
28769  x('199'), 2) +
28770  power(x('275') -
28771  x('299'), 2)) +
28772  1/sqrt(power(x('76') -
28773  x('98'), 2) +
28774  power(x('176') -
28775  x('198'), 2) +
28776  power(x('276') -
28777  x('298'), 2)) +
28778  1/sqrt(power(x('81') -
28779  x('93'), 2) +
28780  power(x('181') -
28781  x('193'), 2) +
28782  power(x('281') -
28783  x('293'), 2)) +
28784  1/sqrt(power(x('85') -
28785  x('89'), 2) +
28786  power(x('185') -
28787  x('189'), 2) +
28788  power(x('285') -
28789  x('289'), 2)) +
28790  1/sqrt(power(x('77') -
28791  x('97'), 2) +
28792  power(x('177') -
28793  x('197'), 2) +
28794  power(x('277') -
28795  x('297'), 2)) +
28796  1/sqrt(power(x('87') -
28797  x('88'), 2) +
28798  power(x('187') -
28799  x('188'), 2) +
28800  power(x('287') -
28801  x('288'), 2)) +
28802  1/sqrt(power(x('86') -
28803  x('89'), 2) +
28804  power(x('186') -
28805  x('189'), 2) +
28806  power(x('286') -
28807  x('289'), 2)) +
28808  1/sqrt(power(x('83') -
28809  x('92'), 2) +
28810  power(x('183') -
28811  x('192'), 2) +
28812  power(x('283') -
28813  x('292'), 2)) +
28814  1/sqrt(power(x('79') -
28815  x('96'), 2) +
28816  power(x('179') -
28817  x('196'), 2) +
28818  power(x('279') -
28819  x('296'), 2)) +
28820  1/sqrt(power(x('84') -
28821  x('91'), 2) +
28822  power(x('184') -
28823  x('191'), 2) +
28824  power(x('284') -
28825  x('291'), 2)) +
28826  1/sqrt(power(x('75') -
28827  x('100'), 2) +
28828  power(x('175') -
28829  x('200'), 2) +
28830  power(x('275') -
28831  x('300'), 2)) +
28832  1/sqrt(power(x('82') -
28833  x('93'), 2) +
28834  power(x('182') -
28835  x('193'), 2) +
28836  power(x('282') -
28837  x('293'), 2)) +
28838  1/sqrt(power(x('80') -
28839  x('95'), 2) +
28840  power(x('180') -
28841  x('195'), 2) +
28842  power(x('280') -
28843  x('295'), 2)) +
28844  1/sqrt(power(x('78') -
28845  x('97'), 2) +
28846  power(x('178') -
28847  x('197'), 2) +
28848  power(x('278') -
28849  x('297'), 2)) +
28850  1/sqrt(power(x('76') -
28851  x('99'), 2) +
28852  power(x('176') -
28853  x('199'), 2) +
28854  power(x('276') -
28855  x('299'), 2)) +
28856  1/sqrt(power(x('85') -
28857  x('90'), 2) +
28858  power(x('185') -
28859  x('190'), 2) +
28860  power(x('285') -
28861  x('290'), 2)) +
28862  1/sqrt(power(x('81') -
28863  x('94'), 2) +
28864  power(x('181') -
28865  x('194'), 2) +
28866  power(x('281') -
28867  x('294'), 2)) +
28868  1/sqrt(power(x('77') -
28869  x('98'), 2) +
28870  power(x('177') -
28871  x('198'), 2) +
28872  power(x('277') -
28873  x('298'), 2)) +
28874  1/sqrt(power(x('76') -
28875  x('100'), 2) +
28876  power(x('176') -
28877  x('200'), 2) +
28878  power(x('276') -
28879  x('300'), 2)) +
28880  1/sqrt(power(x('83') -
28881  x('93'), 2) +
28882  power(x('183') -
28883  x('193'), 2) +
28884  power(x('283') -
28885  x('293'), 2)) +
28886  1/sqrt(power(x('79') -
28887  x('97'), 2) +
28888  power(x('179') -
28889  x('197'), 2) +
28890  power(x('279') -
28891  x('297'), 2)) +
28892  1/sqrt(power(x('84') -
28893  x('92'), 2) +
28894  power(x('184') -
28895  x('192'), 2) +
28896  power(x('284') -
28897  x('292'), 2)) +
28898  1/sqrt(power(x('78') -
28899  x('98'), 2) +
28900  power(x('178') -
28901  x('198'), 2) +
28902  power(x('278') -
28903  x('298'), 2)) +
28904  1/sqrt(power(x('80') -
28905  x('96'), 2) +
28906  power(x('180') -
28907  x('196'), 2) +
28908  power(x('280') -
28909  x('296'), 2)) +
28910  1/sqrt(power(x('82') -
28911  x('94'), 2) +
28912  power(x('182') -
28913  x('194'), 2) +
28914  power(x('282') -
28915  x('294'), 2)) +
28916  1/sqrt(power(x('85') -
28917  x('91'), 2) +
28918  power(x('185') -
28919  x('191'), 2) +
28920  power(x('285') -
28921  x('291'), 2)) +
28922  1/sqrt(power(x('77') -
28923  x('99'), 2) +
28924  power(x('177') -
28925  x('199'), 2) +
28926  power(x('277') -
28927  x('299'), 2)) +
28928  1/sqrt(power(x('87') -
28929  x('89'), 2) +
28930  power(x('187') -
28931  x('189'), 2) +
28932  power(x('287') -
28933  x('289'), 2)) +
28934  1/sqrt(power(x('81') -
28935  x('95'), 2) +
28936  power(x('181') -
28937  x('195'), 2) +
28938  power(x('281') -
28939  x('295'), 2)) +
28940  1/sqrt(power(x('86') -
28941  x('90'), 2) +
28942  power(x('186') -
28943  x('190'), 2) +
28944  power(x('286') -
28945  x('290'), 2)) +
28946  1/sqrt(power(x('79') -
28947  x('98'), 2) +
28948  power(x('179') -
28949  x('198'), 2) +
28950  power(x('279') -
28951  x('298'), 2)) +
28952  1/sqrt(power(x('78') -
28953  x('99'), 2) +
28954  power(x('178') -
28955  x('199'), 2) +
28956  power(x('278') -
28957  x('299'), 2)) +
28958  1/sqrt(power(x('83') -
28959  x('94'), 2) +
28960  power(x('183') -
28961  x('194'), 2) +
28962  power(x('283') -
28963  x('294'), 2)) +
28964  1/sqrt(power(x('84') -
28965  x('93'), 2) +
28966  power(x('184') -
28967  x('193'), 2) +
28968  power(x('284') -
28969  x('293'), 2)) +
28970  1/sqrt(power(x('80') -
28971  x('97'), 2) +
28972  power(x('180') -
28973  x('197'), 2) +
28974  power(x('280') -
28975  x('297'), 2)) +
28976  1/sqrt(power(x('88') -
28977  x('89'), 2) +
28978  power(x('188') -
28979  x('189'), 2) +
28980  power(x('288') -
28981  x('289'), 2)) +
28982  1/sqrt(power(x('77') -
28983  x('100'), 2) +
28984  power(x('177') -
28985  x('200'), 2) +
28986  power(x('277') -
28987  x('300'), 2)) +
28988  1/sqrt(power(x('82') -
28989  x('95'), 2) +
28990  power(x('182') -
28991  x('195'), 2) +
28992  power(x('282') -
28993  x('295'), 2)) +
28994  1/sqrt(power(x('85') -
28995  x('92'), 2) +
28996  power(x('185') -
28997  x('192'), 2) +
28998  power(x('285') -
28999  x('292'), 2)) +
29000  1/sqrt(power(x('87') -
29001  x('90'), 2) +
29002  power(x('187') -
29003  x('190'), 2) +
29004  power(x('287') -
29005  x('290'), 2)) +
29006  1/sqrt(power(x('81') -
29007  x('96'), 2) +
29008  power(x('181') -
29009  x('196'), 2) +
29010  power(x('281') -
29011  x('296'), 2)) +
29012  1/sqrt(power(x('86') -
29013  x('91'), 2) +
29014  power(x('186') -
29015  x('191'), 2) +
29016  power(x('286') -
29017  x('291'), 2)) +
29018  1/sqrt(power(x('78') -
29019  x('100'), 2) +
29020  power(x('178') -
29021  x('200'), 2) +
29022  power(x('278') -
29023  x('300'), 2)) +
29024  1/sqrt(power(x('79') -
29025  x('99'), 2) +
29026  power(x('179') -
29027  x('199'), 2) +
29028  power(x('279') -
29029  x('299'), 2)) +
29030  1/sqrt(power(x('88') -
29031  x('90'), 2) +
29032  power(x('188') -
29033  x('190'), 2) +
29034  power(x('288') -
29035  x('290'), 2)) +
29036  1/sqrt(power(x('83') -
29037  x('95'), 2) +
29038  power(x('183') -
29039  x('195'), 2) +
29040  power(x('283') -
29041  x('295'), 2)) +
29042  1/sqrt(power(x('80') -
29043  x('98'), 2) +
29044  power(x('180') -
29045  x('198'), 2) +
29046  power(x('280') -
29047  x('298'), 2)) +
29048  1/sqrt(power(x('84') -
29049  x('94'), 2) +
29050  power(x('184') -
29051  x('194'), 2) +
29052  power(x('284') -
29053  x('294'), 2)) +
29054  1/sqrt(power(x('82') -
29055  x('96'), 2) +
29056  power(x('182') -
29057  x('196'), 2) +
29058  power(x('282') -
29059  x('296'), 2)) +
29060  1/sqrt(power(x('87') -
29061  x('91'), 2) +
29062  power(x('187') -
29063  x('191'), 2) +
29064  power(x('287') -
29065  x('291'), 2)) +
29066  1/sqrt(power(x('85') -
29067  x('93'), 2) +
29068  power(x('185') -
29069  x('193'), 2) +
29070  power(x('285') -
29071  x('293'), 2)) +
29072  1/sqrt(power(x('81') -
29073  x('97'), 2) +
29074  power(x('181') -
29075  x('197'), 2) +
29076  power(x('281') -
29077  x('297'), 2)) +
29078  1/sqrt(power(x('86') -
29079  x('92'), 2) +
29080  power(x('186') -
29081  x('192'), 2) +
29082  power(x('286') -
29083  x('292'), 2)) +
29084  1/sqrt(power(x('79') -
29085  x('100'), 2) +
29086  power(x('179') -
29087  x('200'), 2) +
29088  power(x('279') -
29089  x('300'), 2)) +
29090  1/sqrt(power(x('89') -
29091  x('90'), 2) +
29092  power(x('189') -
29093  x('190'), 2) +
29094  power(x('289') -
29095  x('290'), 2)) +
29096  1/sqrt(power(x('80') -
29097  x('99'), 2) +
29098  power(x('180') -
29099  x('199'), 2) +
29100  power(x('280') -
29101  x('299'), 2)) +
29102  1/sqrt(power(x('88') -
29103  x('91'), 2) +
29104  power(x('188') -
29105  x('191'), 2) +
29106  power(x('288') -
29107  x('291'), 2)) +
29108  1/sqrt(power(x('83') -
29109  x('96'), 2) +
29110  power(x('183') -
29111  x('196'), 2) +
29112  power(x('283') -
29113  x('296'), 2)) +
29114  1/sqrt(power(x('84') -
29115  x('95'), 2) +
29116  power(x('184') -
29117  x('195'), 2) +
29118  power(x('284') -
29119  x('295'), 2)) +
29120  1/sqrt(power(x('82') -
29121  x('97'), 2) +
29122  power(x('182') -
29123  x('197'), 2) +
29124  power(x('282') -
29125  x('297'), 2)) +
29126  1/sqrt(power(x('87') -
29127  x('92'), 2) +
29128  power(x('187') -
29129  x('192'), 2) +
29130  power(x('287') -
29131  x('292'), 2)) +
29132  1/sqrt(power(x('85') -
29133  x('94'), 2) +
29134  power(x('185') -
29135  x('194'), 2) +
29136  power(x('285') -
29137  x('294'), 2)) +
29138  1/sqrt(power(x('81') -
29139  x('98'), 2) +
29140  power(x('181') -
29141  x('198'), 2) +
29142  power(x('281') -
29143  x('298'), 2)) +
29144  1/sqrt(power(x('86') -
29145  x('93'), 2) +
29146  power(x('186') -
29147  x('193'), 2) +
29148  power(x('286') -
29149  x('293'), 2)) +
29150  1/sqrt(power(x('80') -
29151  x('100'), 2) +
29152  power(x('180') -
29153  x('200'), 2) +
29154  power(x('280') -
29155  x('300'), 2)) +
29156  1/sqrt(power(x('89') -
29157  x('91'), 2) +
29158  power(x('189') -
29159  x('191'), 2) +
29160  power(x('289') -
29161  x('291'), 2)) +
29162  1/sqrt(power(x('88') -
29163  x('92'), 2) +
29164  power(x('188') -
29165  x('192'), 2) +
29166  power(x('288') -
29167  x('292'), 2)) +
29168  1/sqrt(power(x('83') -
29169  x('97'), 2) +
29170  power(x('183') -
29171  x('197'), 2) +
29172  power(x('283') -
29173  x('297'), 2)) +
29174  1/sqrt(power(x('82') -
29175  x('98'), 2) +
29176  power(x('182') -
29177  x('198'), 2) +
29178  power(x('282') -
29179  x('298'), 2)) +
29180  1/sqrt(power(x('84') -
29181  x('96'), 2) +
29182  power(x('184') -
29183  x('196'), 2) +
29184  power(x('284') -
29185  x('296'), 2)) +
29186  1/sqrt(power(x('81') -
29187  x('99'), 2) +
29188  power(x('181') -
29189  x('199'), 2) +
29190  power(x('281') -
29191  x('299'), 2)) +
29192  1/sqrt(power(x('87') -
29193  x('93'), 2) +
29194  power(x('187') -
29195  x('193'), 2) +
29196  power(x('287') -
29197  x('293'), 2)) +
29198  1/sqrt(power(x('85') -
29199  x('95'), 2) +
29200  power(x('185') -
29201  x('195'), 2) +
29202  power(x('285') -
29203  x('295'), 2)) +
29204  1/sqrt(power(x('86') -
29205  x('94'), 2) +
29206  power(x('186') -
29207  x('194'), 2) +
29208  power(x('286') -
29209  x('294'), 2)) +
29210  1/sqrt(power(x('90') -
29211  x('91'), 2) +
29212  power(x('190') -
29213  x('191'), 2) +
29214  power(x('290') -
29215  x('291'), 2)) +
29216  1/sqrt(power(x('89') -
29217  x('92'), 2) +
29218  power(x('189') -
29219  x('192'), 2) +
29220  power(x('289') -
29221  x('292'), 2)) +
29222  1/sqrt(power(x('82') -
29223  x('99'), 2) +
29224  power(x('182') -
29225  x('199'), 2) +
29226  power(x('282') -
29227  x('299'), 2)) +
29228  1/sqrt(power(x('83') -
29229  x('98'), 2) +
29230  power(x('183') -
29231  x('198'), 2) +
29232  power(x('283') -
29233  x('298'), 2)) +
29234  1/sqrt(power(x('88') -
29235  x('93'), 2) +
29236  power(x('188') -
29237  x('193'), 2) +
29238  power(x('288') -
29239  x('293'), 2)) +
29240  1/sqrt(power(x('81') -
29241  x('100'), 2) +
29242  power(x('181') -
29243  x('200'), 2) +
29244  power(x('281') -
29245  x('300'), 2)) +
29246  1/sqrt(power(x('84') -
29247  x('97'), 2) +
29248  power(x('184') -
29249  x('197'), 2) +
29250  power(x('284') -
29251  x('297'), 2)) +
29252  1/sqrt(power(x('87') -
29253  x('94'), 2) +
29254  power(x('187') -
29255  x('194'), 2) +
29256  power(x('287') -
29257  x('294'), 2)) +
29258  1/sqrt(power(x('85') -
29259  x('96'), 2) +
29260  power(x('185') -
29261  x('196'), 2) +
29262  power(x('285') -
29263  x('296'), 2)) +
29264  1/sqrt(power(x('86') -
29265  x('95'), 2) +
29266  power(x('186') -
29267  x('195'), 2) +
29268  power(x('286') -
29269  x('295'), 2)) +
29270  1/sqrt(power(x('85') -
29271  x('97'), 2) +
29272  power(x('185') -
29273  x('197'), 2) +
29274  power(x('285') -
29275  x('297'), 2)) +
29276  1/sqrt(power(x('87') -
29277  x('95'), 2) +
29278  power(x('187') -
29279  x('195'), 2) +
29280  power(x('287') -
29281  x('295'), 2)) +
29282  1/sqrt(power(x('82') -
29283  x('100'), 2) +
29284  power(x('182') -
29285  x('200'), 2) +
29286  power(x('282') -
29287  x('300'), 2)) +
29288  1/sqrt(power(x('90') -
29289  x('92'), 2) +
29290  power(x('190') -
29291  x('192'), 2) +
29292  power(x('290') -
29293  x('292'), 2)) +
29294  1/sqrt(power(x('83') -
29295  x('99'), 2) +
29296  power(x('183') -
29297  x('199'), 2) +
29298  power(x('283') -
29299  x('299'), 2)) +
29300  1/sqrt(power(x('89') -
29301  x('93'), 2) +
29302  power(x('189') -
29303  x('193'), 2) +
29304  power(x('289') -
29305  x('293'), 2)) +
29306  1/sqrt(power(x('86') -
29307  x('96'), 2) +
29308  power(x('186') -
29309  x('196'), 2) +
29310  power(x('286') -
29311  x('296'), 2)) +
29312  1/sqrt(power(x('84') -
29313  x('98'), 2) +
29314  power(x('184') -
29315  x('198'), 2) +
29316  power(x('284') -
29317  x('298'), 2)) +
29318  1/sqrt(power(x('88') -
29319  x('94'), 2) +
29320  power(x('188') -
29321  x('194'), 2) +
29322  power(x('288') -
29323  x('294'), 2)) +
29324  1/sqrt(power(x('85') -
29325  x('98'), 2) +
29326  power(x('185') -
29327  x('198'), 2) +
29328  power(x('285') -
29329  x('298'), 2)) +
29330  1/sqrt(power(x('87') -
29331  x('96'), 2) +
29332  power(x('187') -
29333  x('196'), 2) +
29334  power(x('287') -
29335  x('296'), 2)) +
29336  1/sqrt(power(x('83') -
29337  x('100'), 2) +
29338  power(x('183') -
29339  x('200'), 2) +
29340  power(x('283') -
29341  x('300'), 2)) +
29342  1/sqrt(power(x('91') -
29343  x('92'), 2) +
29344  power(x('191') -
29345  x('192'), 2) +
29346  power(x('291') -
29347  x('292'), 2)) +
29348  1/sqrt(power(x('90') -
29349  x('93'), 2) +
29350  power(x('190') -
29351  x('193'), 2) +
29352  power(x('290') -
29353  x('293'), 2)) +
29354  1/sqrt(power(x('86') -
29355  x('97'), 2) +
29356  power(x('186') -
29357  x('197'), 2) +
29358  power(x('286') -
29359  x('297'), 2)) +
29360  1/sqrt(power(x('84') -
29361  x('99'), 2) +
29362  power(x('184') -
29363  x('199'), 2) +
29364  power(x('284') -
29365  x('299'), 2)) +
29366  1/sqrt(power(x('89') -
29367  x('94'), 2) +
29368  power(x('189') -
29369  x('194'), 2) +
29370  power(x('289') -
29371  x('294'), 2)) +
29372  1/sqrt(power(x('88') -
29373  x('95'), 2) +
29374  power(x('188') -
29375  x('195'), 2) +
29376  power(x('288') -
29377  x('295'), 2)) +
29378  1/sqrt(power(x('91') -
29379  x('93'), 2) +
29380  power(x('191') -
29381  x('193'), 2) +
29382  power(x('291') -
29383  x('293'), 2)) +
29384  1/sqrt(power(x('90') -
29385  x('94'), 2) +
29386  power(x('190') -
29387  x('194'), 2) +
29388  power(x('290') -
29389  x('294'), 2)) +
29390  1/sqrt(power(x('89') -
29391  x('95'), 2) +
29392  power(x('189') -
29393  x('195'), 2) +
29394  power(x('289') -
29395  x('295'), 2)) +
29396  1/sqrt(power(x('85') -
29397  x('99'), 2) +
29398  power(x('185') -
29399  x('199'), 2) +
29400  power(x('285') -
29401  x('299'), 2)) +
29402  1/sqrt(power(x('88') -
29403  x('96'), 2) +
29404  power(x('188') -
29405  x('196'), 2) +
29406  power(x('288') -
29407  x('296'), 2)) +
29408  1/sqrt(power(x('87') -
29409  x('97'), 2) +
29410  power(x('187') -
29411  x('197'), 2) +
29412  power(x('287') -
29413  x('297'), 2)) +
29414  1/sqrt(power(x('84') -
29415  x('100'), 2) +
29416  power(x('184') -
29417  x('200'), 2) +
29418  power(x('284') -
29419  x('300'), 2)) +
29420  1/sqrt(power(x('86') -
29421  x('98'), 2) +
29422  power(x('186') -
29423  x('198'), 2) +
29424  power(x('286') -
29425  x('298'), 2)) +
29426  1/sqrt(power(x('92') -
29427  x('93'), 2) +
29428  power(x('192') -
29429  x('193'), 2) +
29430  power(x('292') -
29431  x('293'), 2)) +
29432  1/sqrt(power(x('91') -
29433  x('94'), 2) +
29434  power(x('191') -
29435  x('194'), 2) +
29436  power(x('291') -
29437  x('294'), 2)) +
29438  1/sqrt(power(x('85') -
29439  x('100'), 2) +
29440  power(x('185') -
29441  x('200'), 2) +
29442  power(x('285') -
29443  x('300'), 2)) +
29444  1/sqrt(power(x('90') -
29445  x('95'), 2) +
29446  power(x('190') -
29447  x('195'), 2) +
29448  power(x('290') -
29449  x('295'), 2)) +
29450  1/sqrt(power(x('89') -
29451  x('96'), 2) +
29452  power(x('189') -
29453  x('196'), 2) +
29454  power(x('289') -
29455  x('296'), 2)) +
29456  1/sqrt(power(x('88') -
29457  x('97'), 2) +
29458  power(x('188') -
29459  x('197'), 2) +
29460  power(x('288') -
29461  x('297'), 2)) +
29462  1/sqrt(power(x('87') -
29463  x('98'), 2) +
29464  power(x('187') -
29465  x('198'), 2) +
29466  power(x('287') -
29467  x('298'), 2)) +
29468  1/sqrt(power(x('86') -
29469  x('99'), 2) +
29470  power(x('186') -
29471  x('199'), 2) +
29472  power(x('286') -
29473  x('299'), 2)) +
29474  1/sqrt(power(x('92') -
29475  x('94'), 2) +
29476  power(x('192') -
29477  x('194'), 2) +
29478  power(x('292') -
29479  x('294'), 2)) +
29480  1/sqrt(power(x('91') -
29481  x('95'), 2) +
29482  power(x('191') -
29483  x('195'), 2) +
29484  power(x('291') -
29485  x('295'), 2)) +
29486  1/sqrt(power(x('90') -
29487  x('96'), 2) +
29488  power(x('190') -
29489  x('196'), 2) +
29490  power(x('290') -
29491  x('296'), 2)) +
29492  1/sqrt(power(x('89') -
29493  x('97'), 2) +
29494  power(x('189') -
29495  x('197'), 2) +
29496  power(x('289') -
29497  x('297'), 2)) +
29498  1/sqrt(power(x('88') -
29499  x('98'), 2) +
29500  power(x('188') -
29501  x('198'), 2) +
29502  power(x('288') -
29503  x('298'), 2)) +
29504  1/sqrt(power(x('87') -
29505  x('99'), 2) +
29506  power(x('187') -
29507  x('199'), 2) +
29508  power(x('287') -
29509  x('299'), 2)) +
29510  1/sqrt(power(x('86') -
29511  x('100'), 2) +
29512  power(x('186') -
29513  x('200'), 2) +
29514  power(x('286') -
29515  x('300'), 2)) +
29516  1/sqrt(power(x('87') -
29517  x('100'), 2) +
29518  power(x('187') -
29519  x('200'), 2) +
29520  power(x('287') -
29521  x('300'), 2)) +
29522  1/sqrt(power(x('88') -
29523  x('99'), 2) +
29524  power(x('188') -
29525  x('199'), 2) +
29526  power(x('288') -
29527  x('299'), 2)) +
29528  1/sqrt(power(x('89') -
29529  x('98'), 2) +
29530  power(x('189') -
29531  x('198'), 2) +
29532  power(x('289') -
29533  x('298'), 2)) +
29534  1/sqrt(power(x('90') -
29535  x('97'), 2) +
29536  power(x('190') -
29537  x('197'), 2) +
29538  power(x('290') -
29539  x('297'), 2)) +
29540  1/sqrt(power(x('91') -
29541  x('96'), 2) +
29542  power(x('191') -
29543  x('196'), 2) +
29544  power(x('291') -
29545  x('296'), 2)) +
29546  1/sqrt(power(x('92') -
29547  x('95'), 2) +
29548  power(x('192') -
29549  x('195'), 2) +
29550  power(x('292') -
29551  x('295'), 2)) +
29552  1/sqrt(power(x('93') -
29553  x('94'), 2) +
29554  power(x('193') -
29555  x('194'), 2) +
29556  power(x('293') -
29557  x('294'), 2)) +
29558  1/sqrt(power(x('88') -
29559  x('100'), 2) +
29560  power(x('188') -
29561  x('200'), 2) +
29562  power(x('288') -
29563  x('300'), 2)) +
29564  1/sqrt(power(x('89') -
29565  x('99'), 2) +
29566  power(x('189') -
29567  x('199'), 2) +
29568  power(x('289') -
29569  x('299'), 2)) +
29570  1/sqrt(power(x('90') -
29571  x('98'), 2) +
29572  power(x('190') -
29573  x('198'), 2) +
29574  power(x('290') -
29575  x('298'), 2)) +
29576  1/sqrt(power(x('91') -
29577  x('97'), 2) +
29578  power(x('191') -
29579  x('197'), 2) +
29580  power(x('291') -
29581  x('297'), 2)) +
29582  1/sqrt(power(x('92') -
29583  x('96'), 2) +
29584  power(x('192') -
29585  x('196'), 2) +
29586  power(x('292') -
29587  x('296'), 2)) +
29588  1/sqrt(power(x('93') -
29589  x('95'), 2) +
29590  power(x('193') -
29591  x('195'), 2) +
29592  power(x('293') -
29593  x('295'), 2)) +
29594  1/sqrt(power(x('89') -
29595  x('100'), 2) +
29596  power(x('189') -
29597  x('200'), 2) +
29598  power(x('289') -
29599  x('300'), 2)) +
29600  1/sqrt(power(x('90') -
29601  x('99'), 2) +
29602  power(x('190') -
29603  x('199'), 2) +
29604  power(x('290') -
29605  x('299'), 2)) +
29606  1/sqrt(power(x('91') -
29607  x('98'), 2) +
29608  power(x('191') -
29609  x('198'), 2) +
29610  power(x('291') -
29611  x('298'), 2)) +
29612  1/sqrt(power(x('92') -
29613  x('97'), 2) +
29614  power(x('192') -
29615  x('197'), 2) +
29616  power(x('292') -
29617  x('297'), 2)) +
29618  1/sqrt(power(x('93') -
29619  x('96'), 2) +
29620  power(x('193') -
29621  x('196'), 2) +
29622  power(x('293') -
29623  x('296'), 2)) +
29624  1/sqrt(power(x('94') -
29625  x('95'), 2) +
29626  power(x('194') -
29627  x('195'), 2) +
29628  power(x('294') -
29629  x('295'), 2)) +
29630  1/sqrt(power(x('90') -
29631  x('100'), 2) +
29632  power(x('190') -
29633  x('200'), 2) +
29634  power(x('290') -
29635  x('300'), 2)) +
29636  1/sqrt(power(x('91') -
29637  x('99'), 2) +
29638  power(x('191') -
29639  x('199'), 2) +
29640  power(x('291') -
29641  x('299'), 2)) +
29642  1/sqrt(power(x('92') -
29643  x('98'), 2) +
29644  power(x('192') -
29645  x('198'), 2) +
29646  power(x('292') -
29647  x('298'), 2)) +
29648  1/sqrt(power(x('93') -
29649  x('97'), 2) +
29650  power(x('193') -
29651  x('197'), 2) +
29652  power(x('293') -
29653  x('297'), 2)) +
29654  1/sqrt(power(x('94') -
29655  x('96'), 2) +
29656  power(x('194') -
29657  x('196'), 2) +
29658  power(x('294') -
29659  x('296'), 2)) +
29660  1/sqrt(power(x('94') -
29661  x('97'), 2) +
29662  power(x('194') -
29663  x('197'), 2) +
29664  power(x('294') -
29665  x('297'), 2)) +
29666  1/sqrt(power(x('95') -
29667  x('96'), 2) +
29668  power(x('195') -
29669  x('196'), 2) +
29670  power(x('295') -
29671  x('296'), 2)) +
29672  1/sqrt(power(x('91') -
29673  x('100'), 2) +
29674  power(x('191') -
29675  x('200'), 2) +
29676  power(x('291') -
29677  x('300'), 2)) +
29678  1/sqrt(power(x('92') -
29679  x('99'), 2) +
29680  power(x('192') -
29681  x('199'), 2) +
29682  power(x('292') -
29683  x('299'), 2)) +
29684  1/sqrt(power(x('93') -
29685  x('98'), 2) +
29686  power(x('193') -
29687  x('198'), 2) +
29688  power(x('293') -
29689  x('298'), 2)) +
29690  1/sqrt(power(x('94') -
29691  x('98'), 2) +
29692  power(x('194') -
29693  x('198'), 2) +
29694  power(x('294') -
29695  x('298'), 2)) +
29696  1/sqrt(power(x('95') -
29697  x('97'), 2) +
29698  power(x('195') -
29699  x('197'), 2) +
29700  power(x('295') -
29701  x('297'), 2)) +
29702  1/sqrt(power(x('92') -
29703  x('100'), 2) +
29704  power(x('192') -
29705  x('200'), 2) +
29706  power(x('292') -
29707  x('300'), 2)) +
29708  1/sqrt(power(x('93') -
29709  x('99'), 2) +
29710  power(x('193') -
29711  x('199'), 2) +
29712  power(x('293') -
29713  x('299'), 2)) +
29714  1/sqrt(power(x('93') -
29715  x('100'), 2) +
29716  power(x('193') -
29717  x('200'), 2) +
29718  power(x('293') -
29719  x('300'), 2)) +
29720  1/sqrt(power(x('94') -
29721  x('99'), 2) +
29722  power(x('194') -
29723  x('199'), 2) +
29724  power(x('294') -
29725  x('299'), 2)) +
29726  1/sqrt(power(x('95') -
29727  x('98'), 2) +
29728  power(x('195') -
29729  x('198'), 2) +
29730  power(x('295') -
29731  x('298'), 2)) +
29732  1/sqrt(power(x('96') -
29733  x('97'), 2) +
29734  power(x('196') -
29735  x('197'), 2) +
29736  power(x('296') -
29737  x('297'), 2)) +
29738  1/sqrt(power(x('96') -
29739  x('98'), 2) +
29740  power(x('196') -
29741  x('198'), 2) +
29742  power(x('296') -
29743  x('298'), 2)) +
29744  1/sqrt(power(x('94') -
29745  x('100'), 2) +
29746  power(x('194') -
29747  x('200'), 2) +
29748  power(x('294') -
29749  x('300'), 2)) +
29750  1/sqrt(power(x('95') -
29751  x('99'), 2) +
29752  power(x('195') -
29753  x('199'), 2) +
29754  power(x('295') -
29755  x('299'), 2)) +
29756  1/sqrt(power(x('95') -
29757  x('100'), 2) +
29758  power(x('195') -
29759  x('200'), 2) +
29760  power(x('295') -
29761  x('300'), 2)) +
29762  1/sqrt(power(x('96') -
29763  x('99'), 2) +
29764  power(x('196') -
29765  x('199'), 2) +
29766  power(x('296') -
29767  x('299'), 2)) +
29768  1/sqrt(power(x('97') -
29769  x('98'), 2) +
29770  power(x('197') -
29771  x('198'), 2) +
29772  power(x('297') -
29773  x('298'), 2)) +
29774  1/sqrt(power(x('96') -
29775  x('100'), 2) +
29776  power(x('196') -
29777  x('200'), 2) +
29778  power(x('296') -
29779  x('300'), 2)) +
29780  1/sqrt(power(x('97') -
29781  x('99'), 2) +
29782  power(x('197') -
29783  x('199'), 2) +
29784  power(x('297') -
29785  x('299'), 2)) +
29786  1/sqrt(power(x('97') -
29787  x('100'), 2) +
29788  power(x('197') -
29789  x('200'), 2) +
29790  power(x('297') -
29791  x('300'), 2)) +
29792  1/sqrt(power(x('98') -
29793  x('99'), 2) +
29794  power(x('198') -
29795  x('199'), 2) +
29796  power(x('298') -
29797  x('299'), 2)) +
29798  1/sqrt(power(x('98') -
29799  x('100'), 2) +
29800  power(x('198') -
29801  x('200'), 2) +
29802  power(x('298') -
29803  x('300'), 2)) +
29804  1/sqrt(power(x('99') -
29805  x('100'), 2) +
29806  power(x('199') -
29807  x('200'), 2) +
29808  power(x('299') -
29809  x('300'), 2));
29810   
29811   
29812  con1.. power(x('100'), 2) +
29813  power(x('200'), 2) +
29814  power(x('300'), 2) =e= 1;
29815  con2.. power(x('99'), 2) +
29816  power(x('199'), 2) +
29817  power(x('299'), 2) =e= 1;
29818  con3.. power(x('98'), 2) +
29819  power(x('198'), 2) +
29820  power(x('298'), 2) =e= 1;
29821  con4.. power(x('97'), 2) +
29822  power(x('197'), 2) +
29823  power(x('297'), 2) =e= 1;
29824  con5.. power(x('96'), 2) +
29825  power(x('196'), 2) +
29826  power(x('296'), 2) =e= 1;
29827  con6.. power(x('95'), 2) +
29828  power(x('195'), 2) +
29829  power(x('295'), 2) =e= 1;
29830  con7.. power(x('94'), 2) +
29831  power(x('194'), 2) +
29832  power(x('294'), 2) =e= 1;
29833  con8.. power(x('93'), 2) +
29834  power(x('193'), 2) +
29835  power(x('293'), 2) =e= 1;
29836  con9.. power(x('92'), 2) +
29837  power(x('192'), 2) +
29838  power(x('292'), 2) =e= 1;
29839  con10.. power(x('91'), 2) +
29840  power(x('191'), 2) +
29841  power(x('291'), 2) =e= 1;
29842  con11.. power(x('90'), 2) +
29843  power(x('190'), 2) +
29844  power(x('290'), 2) =e= 1;
29845  con12.. power(x('89'), 2) +
29846  power(x('189'), 2) +
29847  power(x('289'), 2) =e= 1;
29848  con13.. power(x('88'), 2) +
29849  power(x('188'), 2) +
29850  power(x('288'), 2) =e= 1;
29851  con14.. power(x('87'), 2) +
29852  power(x('187'), 2) +
29853  power(x('287'), 2) =e= 1;
29854  con15.. power(x('86'), 2) +
29855  power(x('186'), 2) +
29856  power(x('286'), 2) =e= 1;
29857  con16.. power(x('85'), 2) +
29858  power(x('185'), 2) +
29859  power(x('285'), 2) =e= 1;
29860  con17.. power(x('84'), 2) +
29861  power(x('184'), 2) +
29862  power(x('284'), 2) =e= 1;
29863  con18.. power(x('83'), 2) +
29864  power(x('183'), 2) +
29865  power(x('283'), 2) =e= 1;
29866  con19.. power(x('82'), 2) +
29867  power(x('182'), 2) +
29868  power(x('282'), 2) =e= 1;
29869  con20.. power(x('81'), 2) +
29870  power(x('181'), 2) +
29871  power(x('281'), 2) =e= 1;
29872  con21.. power(x('80'), 2) +
29873  power(x('180'), 2) +
29874  power(x('280'), 2) =e= 1;
29875  con22.. power(x('79'), 2) +
29876  power(x('179'), 2) +
29877  power(x('279'), 2) =e= 1;
29878  con23.. power(x('78'), 2) +
29879  power(x('178'), 2) +
29880  power(x('278'), 2) =e= 1;
29881  con24.. power(x('77'), 2) +
29882  power(x('177'), 2) +
29883  power(x('277'), 2) =e= 1;
29884  con25.. power(x('76'), 2) +
29885  power(x('176'), 2) +
29886  power(x('276'), 2) =e= 1;
29887  con26.. power(x('75'), 2) +
29888  power(x('175'), 2) +
29889  power(x('275'), 2) =e= 1;
29890  con27.. power(x('74'), 2) +
29891  power(x('174'), 2) +
29892  power(x('274'), 2) =e= 1;
29893  con28.. power(x('73'), 2) +
29894  power(x('173'), 2) +
29895  power(x('273'), 2) =e= 1;
29896  con29.. power(x('72'), 2) +
29897  power(x('172'), 2) +
29898  power(x('272'), 2) =e= 1;
29899  con30.. power(x('71'), 2) +
29900  power(x('171'), 2) +
29901  power(x('271'), 2) =e= 1;
29902  con31.. power(x('70'), 2) +
29903  power(x('170'), 2) +
29904  power(x('270'), 2) =e= 1;
29905  con32.. power(x('69'), 2) +
29906  power(x('169'), 2) +
29907  power(x('269'), 2) =e= 1;
29908  con33.. power(x('68'), 2) +
29909  power(x('168'), 2) +
29910  power(x('268'), 2) =e= 1;
29911  con34.. power(x('67'), 2) +
29912  power(x('167'), 2) +
29913  power(x('267'), 2) =e= 1;
29914  con35.. power(x('66'), 2) +
29915  power(x('166'), 2) +
29916  power(x('266'), 2) =e= 1;
29917  con36.. power(x('65'), 2) +
29918  power(x('165'), 2) +
29919  power(x('265'), 2) =e= 1;
29920  con37.. power(x('64'), 2) +
29921  power(x('164'), 2) +
29922  power(x('264'), 2) =e= 1;
29923  con38.. power(x('63'), 2) +
29924  power(x('163'), 2) +
29925  power(x('263'), 2) =e= 1;
29926  con39.. power(x('62'), 2) +
29927  power(x('162'), 2) +
29928  power(x('262'), 2) =e= 1;
29929  con40.. power(x('61'), 2) +
29930  power(x('161'), 2) +
29931  power(x('261'), 2) =e= 1;
29932  con41.. power(x('60'), 2) +
29933  power(x('160'), 2) +
29934  power(x('260'), 2) =e= 1;
29935  con42.. power(x('59'), 2) +
29936  power(x('159'), 2) +
29937  power(x('259'), 2) =e= 1;
29938  con43.. power(x('58'), 2) +
29939  power(x('158'), 2) +
29940  power(x('258'), 2) =e= 1;
29941  con44.. power(x('57'), 2) +
29942  power(x('157'), 2) +
29943  power(x('257'), 2) =e= 1;
29944  con45.. power(x('56'), 2) +
29945  power(x('156'), 2) +
29946  power(x('256'), 2) =e= 1;
29947  con46.. power(x('55'), 2) +
29948  power(x('155'), 2) +
29949  power(x('255'), 2) =e= 1;
29950  con47.. power(x('54'), 2) +
29951  power(x('154'), 2) +
29952  power(x('254'), 2) =e= 1;
29953  con48.. power(x('53'), 2) +
29954  power(x('153'), 2) +
29955  power(x('253'), 2) =e= 1;
29956  con49.. power(x('52'), 2) +
29957  power(x('152'), 2) +
29958  power(x('252'), 2) =e= 1;
29959  con50.. power(x('51'), 2) +
29960  power(x('151'), 2) +
29961  power(x('251'), 2) =e= 1;
29962  con51.. power(x('50'), 2) +
29963  power(x('150'), 2) +
29964  power(x('250'), 2) =e= 1;
29965  con52.. power(x('49'), 2) +
29966  power(x('149'), 2) +
29967  power(x('249'), 2) =e= 1;
29968  con53.. power(x('48'), 2) +
29969  power(x('148'), 2) +
29970  power(x('248'), 2) =e= 1;
29971  con54.. power(x('47'), 2) +
29972  power(x('147'), 2) +
29973  power(x('247'), 2) =e= 1;
29974  con55.. power(x('46'), 2) +
29975  power(x('146'), 2) +
29976  power(x('246'), 2) =e= 1;
29977  con56.. power(x('45'), 2) +
29978  power(x('145'), 2) +
29979  power(x('245'), 2) =e= 1;
29980  con57.. power(x('44'), 2) +
29981  power(x('144'), 2) +
29982  power(x('244'), 2) =e= 1;
29983  con58.. power(x('43'), 2) +
29984  power(x('143'), 2) +
29985  power(x('243'), 2) =e= 1;
29986  con59.. power(x('42'), 2) +
29987  power(x('142'), 2) +
29988  power(x('242'), 2) =e= 1;
29989  con60.. power(x('41'), 2) +
29990  power(x('141'), 2) +
29991  power(x('241'), 2) =e= 1;
29992  con61.. power(x('40'), 2) +
29993  power(x('140'), 2) +
29994  power(x('240'), 2) =e= 1;
29995  con62.. power(x('39'), 2) +
29996  power(x('139'), 2) +
29997  power(x('239'), 2) =e= 1;
29998  con63.. power(x('38'), 2) +
29999  power(x('138'), 2) +
30000  power(x('238'), 2) =e= 1;
30001  con64.. power(x('37'), 2) +
30002  power(x('137'), 2) +
30003  power(x('237'), 2) =e= 1;
30004  con65.. power(x('36'), 2) +
30005  power(x('136'), 2) +
30006  power(x('236'), 2) =e= 1;
30007  con66.. power(x('35'), 2) +
30008  power(x('135'), 2) +
30009  power(x('235'), 2) =e= 1;
30010  con67.. power(x('34'), 2) +
30011  power(x('134'), 2) +
30012  power(x('234'), 2) =e= 1;
30013  con68.. power(x('33'), 2) +
30014  power(x('133'), 2) +
30015  power(x('233'), 2) =e= 1;
30016  con69.. power(x('32'), 2) +
30017  power(x('132'), 2) +
30018  power(x('232'), 2) =e= 1;
30019  con70.. power(x('31'), 2) +
30020  power(x('131'), 2) +
30021  power(x('231'), 2) =e= 1;
30022  con71.. power(x('30'), 2) +
30023  power(x('130'), 2) +
30024  power(x('230'), 2) =e= 1;
30025  con72.. power(x('29'), 2) +
30026  power(x('129'), 2) +
30027  power(x('229'), 2) =e= 1;
30028  con73.. power(x('28'), 2) +
30029  power(x('128'), 2) +
30030  power(x('228'), 2) =e= 1;
30031  con74.. power(x('27'), 2) +
30032  power(x('127'), 2) +
30033  power(x('227'), 2) =e= 1;
30034  con75.. power(x('26'), 2) +
30035  power(x('126'), 2) +
30036  power(x('226'), 2) =e= 1;
30037  con76.. power(x('25'), 2) +
30038  power(x('125'), 2) +
30039  power(x('225'), 2) =e= 1;
30040  con77.. power(x('24'), 2) +
30041  power(x('124'), 2) +
30042  power(x('224'), 2) =e= 1;
30043  con78.. power(x('23'), 2) +
30044  power(x('123'), 2) +
30045  power(x('223'), 2) =e= 1;
30046  con79.. power(x('22'), 2) +
30047  power(x('122'), 2) +
30048  power(x('222'), 2) =e= 1;
30049  con80.. power(x('21'), 2) +
30050  power(x('121'), 2) +
30051  power(x('221'), 2) =e= 1;
30052  con81.. power(x('20'), 2) +
30053  power(x('120'), 2) +
30054  power(x('220'), 2) =e= 1;
30055  con82.. power(x('19'), 2) +
30056  power(x('119'), 2) +
30057  power(x('219'), 2) =e= 1;
30058  con83.. power(x('18'), 2) +
30059  power(x('118'), 2) +
30060  power(x('218'), 2) =e= 1;
30061  con84.. power(x('17'), 2) +
30062  power(x('117'), 2) +
30063  power(x('217'), 2) =e= 1;
30064  con85.. power(x('16'), 2) +
30065  power(x('116'), 2) +
30066  power(x('216'), 2) =e= 1;
30067  con86.. power(x('15'), 2) +
30068  power(x('115'), 2) +
30069  power(x('215'), 2) =e= 1;
30070  con87.. power(x('14'), 2) +
30071  power(x('114'), 2) +
30072  power(x('214'), 2) =e= 1;
30073  con88.. power(x('13'), 2) +
30074  power(x('113'), 2) +
30075  power(x('213'), 2) =e= 1;
30076  con89.. power(x('12'), 2) +
30077  power(x('112'), 2) +
30078  power(x('212'), 2) =e= 1;
30079  con90.. power(x('11'), 2) +
30080  power(x('111'), 2) +
30081  power(x('211'), 2) =e= 1;
30082  con91.. power(x('10'), 2) +
30083  power(x('110'), 2) +
30084  power(x('210'), 2) =e= 1;
30085  con92.. power(x('9'), 2) +
30086  power(x('109'), 2) +
30087  power(x('209'), 2) =e= 1;
30088  con93.. power(x('8'), 2) +
30089  power(x('108'), 2) +
30090  power(x('208'), 2) =e= 1;
30091  con94.. power(x('7'), 2) +
30092  power(x('107'), 2) +
30093  power(x('207'), 2) =e= 1;
30094  con95.. power(x('6'), 2) +
30095  power(x('106'), 2) +
30096  power(x('206'), 2) =e= 1;
30097  con96.. power(x('5'), 2) +
30098  power(x('105'), 2) +
30099  power(x('205'), 2) =e= 1;
30100  con97.. power(x('4'), 2) +
30101  power(x('104'), 2) +
30102  power(x('204'), 2) =e= 1;
30103  con98.. power(x('3'), 2) +
30104  power(x('103'), 2) +
30105  power(x('203'), 2) =e= 1;
30106  con99.. power(x('2'), 2) +
30107  power(x('102'), 2) +
30108  power(x('202'), 2) =e= 1;
30109  con100.. power(x('1'), 2) +
30110  power(x('101'), 2) +
30111  power(x('201'), 2) =e= 1;
30112  x.l(j)=1/(ORD(j)+1);
30113  Model m/All/;
30114  options limrow=0,
30115          limcol=0,
30116          solprint=off,
30117          sysout=on,
30118          nlp=convert ,
30119          reslim=4000 ,
30120          optca=1e-6,
30121          optcr=0;
30122  m.workspace = 32;
30123  m.optfile = 1;
30124  Solve m using nlp minimizing obj;
30125  display x.l, obj.l;
30126   
30127   
30128   


COMPILATION TIME     =        0.062 SECONDS      4 MB  53.5.1 f2e5fac3 WEX-WEI
GAMS 53.5.1  f2e5fac3 May 20, 2026          WEX-WEI x86 64bit/MS Windows - 06/14/26 21:49:43 Page 2
G e n e r a l   A l g e b r a i c   M o d e l i n g   S y s t e m
Range Statistics    SOLVE m Using NLP From line 30124


RANGE STATISTICS (ABSOLUTE NON-ZERO FINITE VALUES)

RHS       [min, max] : [ 1.000E+00, 1.000E+00] - Zero values observed as well
Bound     [min, max] : [        NA,        NA]
Matrix    [min, max] : [ 6.645E-03, 1.441E+08]

GAMS 53.5.1  f2e5fac3 May 20, 2026          WEX-WEI x86 64bit/MS Windows - 06/14/26 21:49:43 Page 3
G e n e r a l   A l g e b r a i c   M o d e l i n g   S y s t e m
Model Statistics    SOLVE m Using NLP From line 30124


MODEL STATISTICS

BLOCKS OF EQUATIONS         101     SINGLE EQUATIONS          101
BLOCKS OF VARIABLES           2     SINGLE VARIABLES          301
NON ZERO ELEMENTS           601     NON LINEAR N-Z            600
CODE LENGTH              75,253     CONSTANT POOL              16


GENERATION TIME      =        0.094 SECONDS      8 MB  53.5.1 f2e5fac3 WEX-WEI
GAMS 53.5.1  f2e5fac3 May 20, 2026          WEX-WEI x86 64bit/MS Windows - 06/14/26 21:49:43 Page 4
G e n e r a l   A l g e b r a i c   M o d e l i n g   S y s t e m
Solution Report     SOLVE m Using NLP From line 30124


               S O L V E      S U M M A R Y

     MODEL   m                   OBJECTIVE  obj
     TYPE    NLP                 DIRECTION  MINIMIZE
     SOLVER  CONVERT             FROM LINE  30124

**** SOLVER STATUS     1 Normal Completion
**** MODEL STATUS      14 No Solution Returned
**** OBJECTIVE VALUE                0.0000

 RESOURCE USAGE, LIMIT          0.032      4000.000
 ITERATION COUNT, LIMIT         0    2147483647
 EVALUATION ERRORS              0             0

*** Error Cannot open parameter file "C:\Users\edmil\Desktop\benchmark_nlp\convert.opt"
*** Error Error code = 2; No such file or directory

--- Writing Dict      : dict.txt
--- Writing Gams      : gams.gms


No solution returned
GAMS 53.5.1  f2e5fac3 May 20, 2026          WEX-WEI x86 64bit/MS Windows - 06/14/26 21:49:43 Page 5
G e n e r a l   A l g e b r a i c   M o d e l i n g   S y s t e m
Solution Report     SOLVE m Using NLP From line 30124


**** SOLVER STATUS FILE LISTED BELOW
=1
=2
=0CONVERT          53.5.1 f2e5fac3 May 20, 2026          WEI x86 64bit/MS Window
=C
=1
=C*** Error Cannot open parameter file "C:\Users\edmil\Desktop\benchmark_nlp\convert.opt"
=C*** Error Error code = 2; No such file or directory
=2
=C
=1
--- Writing Dict      : dict.txt
=2
=1
--- Writing Gams      : gams.gms
=2
=C
**** SOLVER STATUS FILE LISTED ABOVE
GAMS 53.5.1  f2e5fac3 May 20, 2026          WEX-WEI x86 64bit/MS Windows - 06/14/26 21:49:43 Page 6
G e n e r a l   A l g e b r a i c   M o d e l i n g   S y s t e m
E x e c u t i o n


----  30125 VARIABLE x.L  

1   0.500,    2   0.333,    3   0.250,    4   0.200,    5   0.167,    6   0.143,    7   0.125,    8   0.111,    9   0.100,    10  0.091,    11  0.083,    12  0.077,    13  0.071,    14  0.067,    15  0.062,    16  0.059,    17  0.056,    18  0.053,    19  0.050,    20  0.048,    21  0.045,    22  0.043,    23  0.042,    24  0.040,    25  0.038,    26  0.037,    27  0.036,    28  0.034,    29  0.033,    30  0.032,    31  0.031,    32  0.030,    33  0.029,    34  0.029,    35  0.028,    36  0.027,    37  0.026,    38  0.026,    39  0.025,    40  0.024,    41  0.024,    42  0.023,    43  0.023,    44  0.022,    45  0.022,    46  0.021,    47  0.021,    48  0.020,    49  0.020,    50  0.020,    51  0.019,    52  0.019,    53  0.019,    54  0.018,    55  0.018,    56  0.018,    57  0.017,    58  0.017,    59  0.017,    60  0.016,    61  0.016,    62  0.016,    63  0.016,    64  0.015,    65  0.015,    66  0.015,    67  0.015,    68  0.014,    69  0.014,    70  0.014,    71  0.014,    72  0.014,    73  0.014,    74  0.013,    75  0.013,    76  0.013,    77  0.013,    78  0.013,    79  0.013,    80  0.012,    81  0.012,    82  0.012,    83  0.012,    84  0.012,    85  0.012,    86  0.011,    87  0.011,    88  0.011,    89  0.011,    90  0.011,    91  0.011,    92  0.011,    93  0.011,    94  0.011,    95  0.010,    96  0.010,    97  0.010,    98  0.010,    99  0.010,    100 0.010,    101 0.010,    102 0.010,    103 0.010,    104 0.010,    105 0.009,    106 0.009,    107 0.009,    108 0.009,    109 0.009,    110 0.009,    111 0.009,    112 0.009,    113 0.009,    114 0.009,    115 0.009,    116 0.009,    117 0.008,    118 0.008,    119 0.008,    120 0.008,    121 0.008,    122 0.008,    123 0.008,    124 0.008,    125 0.008,    126 0.008,    127 0.008
128 0.008,    129 0.008,    130 0.008,    131 0.008,    132 0.008,    133 0.007,    134 0.007,    135 0.007,    136 0.007,    137 0.007,    138 0.007,    139 0.007,    140 0.007,    141 0.007,    142 0.007,    143 0.007,    144 0.007,    145 0.007,    146 0.007,    147 0.007,    148 0.007,    149 0.007,    150 0.007,    151 0.007,    152 0.007,    153 0.006,    154 0.006,    155 0.006,    156 0.006,    157 0.006,    158 0.006,    159 0.006,    160 0.006,    161 0.006,    162 0.006,    163 0.006,    164 0.006,    165 0.006,    166 0.006,    167 0.006,    168 0.006,    169 0.006,    170 0.006,    171 0.006,    172 0.006,    173 0.006,    174 0.006,    175 0.006,    176 0.006,    177 0.006,    178 0.006,    179 0.006,    180 0.006,    181 0.005,    182 0.005,    183 0.005,    184 0.005,    185 0.005,    186 0.005,    187 0.005,    188 0.005,    189 0.005,    190 0.005,    191 0.005,    192 0.005,    193 0.005,    194 0.005,    195 0.005,    196 0.005,    197 0.005,    198 0.005,    199 0.005,    200 0.005,    201 0.005,    202 0.005,    203 0.005,    204 0.005,    205 0.005,    206 0.005,    207 0.005,    208 0.005,    209 0.005,    210 0.005,    211 0.005,    212 0.005,    213 0.005,    214 0.005,    215 0.005,    216 0.005,    217 0.005,    218 0.005,    219 0.005,    220 0.005,    221 0.005,    222 0.004,    223 0.004,    224 0.004,    225 0.004,    226 0.004,    227 0.004,    228 0.004,    229 0.004,    230 0.004,    231 0.004,    232 0.004,    233 0.004,    234 0.004,    235 0.004,    236 0.004,    237 0.004,    238 0.004,    239 0.004,    240 0.004,    241 0.004,    242 0.004,    243 0.004,    244 0.004,    245 0.004,    246 0.004,    247 0.004,    248 0.004,    249 0.004,    250 0.004,    251 0.004,    252 0.004,    253 0.004,    254 0.004
255 0.004,    256 0.004,    257 0.004,    258 0.004,    259 0.004,    260 0.004,    261 0.004,    262 0.004,    263 0.004,    264 0.004,    265 0.004,    266 0.004,    267 0.004,    268 0.004,    269 0.004,    270 0.004,    271 0.004,    272 0.004,    273 0.004,    274 0.004,    275 0.004,    276 0.004,    277 0.004,    278 0.004,    279 0.004,    280 0.004,    281 0.004,    282 0.004,    283 0.004,    284 0.004,    285 0.003,    286 0.003,    287 0.003,    288 0.003,    289 0.003,    290 0.003,    291 0.003,    292 0.003,    293 0.003,    294 0.003,    295 0.003,    296 0.003,    297 0.003,    298 0.003,    299 0.003,    300 0.003


----  30125 VARIABLE obj.L                 =        0.000  


EXECUTION TIME       =        0.172 SECONDS      8 MB  53.5.1 f2e5fac3 WEX-WEI


USER: GAMS Demo, for EULA and demo limitations see   G260130+0003Cc-GEN
      https://www.gams.com/latest/docs/UG%5FLicense.html         DC0000


**** FILE SUMMARY

Input      C:\Users\edmil\Desktop\benchmark_nlp\coconut_gams\elec100.gms
Output     C:\Users\edmil\Desktop\benchmark_nlp\logs\gams\elec100.lst
