GAMS 53.5.1  f2e5fac3 May 20, 2026          WEX-WEI x86 64bit/MS Windows - 06/14/26 21:49:45 Page 1
G e n e r a l   A l g e b r a i c   M o d e l i n g   S y s t e m
C o m p i l a t i o n


   1  * GAMS-model elec50.dag.gms written by dag2gams Converter at 29/03/2004 14:13:13
   2  * University of Vienna
   4   Set i/1*50/;
   5   Set j/1*150/;
   6   Equations objcon
   7  con1
   8  con2
   9  con3
  10  con4
  11  con5
  12  con6
  13  con7
  14  con8
  15  con9
  16  con10
  17  con11
  18  con12
  19  con13
  20  con14
  21  con15
  22  con16
  23  con17
  24  con18
  25  con19
  26  con20
  27  con21
  28  con22
  29  con23
  30  con24
  31  con25
  32  con26
  33  con27
  34  con28
  35  con29
  36  con30
  37  con31
  38  con32
  39  con33
  40  con34
  41  con35
  42  con36
  43  con37
  44  con38
  45  con39
  46  con40
  47  con41
  48  con42
  49  con43
  50  con44
  51  con45
  52  con46
  53  con47
  54  con48
  55  con49
  56  con50
  57  ;
  58  Variables x(j), obj;
  59  * Objective function (to be minimized)
  60  objcon.. obj =e= 1/sqrt(power(x('1') -
  61  x('2'), 2) +
  62  power(x('51') -
  63  x('52'), 2) +
  64  power(x('101') -
  65  x('102'), 2)) +
  66  1/sqrt(power(x('1') -
  67  x('3'), 2) +
  68  power(x('51') -
  69  x('53'), 2) +
  70  power(x('101') -
  71  x('103'), 2)) +
  72  1/sqrt(power(x('1') -
  73  x('4'), 2) +
  74  power(x('51') -
  75  x('54'), 2) +
  76  power(x('101') -
  77  x('104'), 2)) +
  78  1/sqrt(power(x('2') -
  79  x('3'), 2) +
  80  power(x('52') -
  81  x('53'), 2) +
  82  power(x('102') -
  83  x('103'), 2)) +
  84  1/sqrt(power(x('1') -
  85  x('5'), 2) +
  86  power(x('51') -
  87  x('55'), 2) +
  88  power(x('101') -
  89  x('105'), 2)) +
  90  1/sqrt(power(x('2') -
  91  x('4'), 2) +
  92  power(x('52') -
  93  x('54'), 2) +
  94  power(x('102') -
  95  x('104'), 2)) +
  96  1/sqrt(power(x('1') -
  97  x('6'), 2) +
  98  power(x('51') -
  99  x('56'), 2) +
 100  power(x('101') -
 101  x('106'), 2)) +
 102  1/sqrt(power(x('2') -
 103  x('5'), 2) +
 104  power(x('52') -
 105  x('55'), 2) +
 106  power(x('102') -
 107  x('105'), 2)) +
 108  1/sqrt(power(x('3') -
 109  x('4'), 2) +
 110  power(x('53') -
 111  x('54'), 2) +
 112  power(x('103') -
 113  x('104'), 2)) +
 114  1/sqrt(power(x('1') -
 115  x('7'), 2) +
 116  power(x('51') -
 117  x('57'), 2) +
 118  power(x('101') -
 119  x('107'), 2)) +
 120  1/sqrt(power(x('2') -
 121  x('6'), 2) +
 122  power(x('52') -
 123  x('56'), 2) +
 124  power(x('102') -
 125  x('106'), 2)) +
 126  1/sqrt(power(x('3') -
 127  x('5'), 2) +
 128  power(x('53') -
 129  x('55'), 2) +
 130  power(x('103') -
 131  x('105'), 2)) +
 132  1/sqrt(power(x('1') -
 133  x('8'), 2) +
 134  power(x('51') -
 135  x('58'), 2) +
 136  power(x('101') -
 137  x('108'), 2)) +
 138  1/sqrt(power(x('2') -
 139  x('7'), 2) +
 140  power(x('52') -
 141  x('57'), 2) +
 142  power(x('102') -
 143  x('107'), 2)) +
 144  1/sqrt(power(x('3') -
 145  x('6'), 2) +
 146  power(x('53') -
 147  x('56'), 2) +
 148  power(x('103') -
 149  x('106'), 2)) +
 150  1/sqrt(power(x('4') -
 151  x('5'), 2) +
 152  power(x('54') -
 153  x('55'), 2) +
 154  power(x('104') -
 155  x('105'), 2)) +
 156  1/sqrt(power(x('1') -
 157  x('9'), 2) +
 158  power(x('51') -
 159  x('59'), 2) +
 160  power(x('101') -
 161  x('109'), 2)) +
 162  1/sqrt(power(x('2') -
 163  x('8'), 2) +
 164  power(x('52') -
 165  x('58'), 2) +
 166  power(x('102') -
 167  x('108'), 2)) +
 168  1/sqrt(power(x('3') -
 169  x('7'), 2) +
 170  power(x('53') -
 171  x('57'), 2) +
 172  power(x('103') -
 173  x('107'), 2)) +
 174  1/sqrt(power(x('4') -
 175  x('6'), 2) +
 176  power(x('54') -
 177  x('56'), 2) +
 178  power(x('104') -
 179  x('106'), 2)) +
 180  1/sqrt(power(x('1') -
 181  x('10'), 2) +
 182  power(x('51') -
 183  x('60'), 2) +
 184  power(x('101') -
 185  x('110'), 2)) +
 186  1/sqrt(power(x('2') -
 187  x('9'), 2) +
 188  power(x('52') -
 189  x('59'), 2) +
 190  power(x('102') -
 191  x('109'), 2)) +
 192  1/sqrt(power(x('3') -
 193  x('8'), 2) +
 194  power(x('53') -
 195  x('58'), 2) +
 196  power(x('103') -
 197  x('108'), 2)) +
 198  1/sqrt(power(x('4') -
 199  x('7'), 2) +
 200  power(x('54') -
 201  x('57'), 2) +
 202  power(x('104') -
 203  x('107'), 2)) +
 204  1/sqrt(power(x('5') -
 205  x('6'), 2) +
 206  power(x('55') -
 207  x('56'), 2) +
 208  power(x('105') -
 209  x('106'), 2)) +
 210  1/sqrt(power(x('1') -
 211  x('11'), 2) +
 212  power(x('51') -
 213  x('61'), 2) +
 214  power(x('101') -
 215  x('111'), 2)) +
 216  1/sqrt(power(x('2') -
 217  x('10'), 2) +
 218  power(x('52') -
 219  x('60'), 2) +
 220  power(x('102') -
 221  x('110'), 2)) +
 222  1/sqrt(power(x('3') -
 223  x('9'), 2) +
 224  power(x('53') -
 225  x('59'), 2) +
 226  power(x('103') -
 227  x('109'), 2)) +
 228  1/sqrt(power(x('4') -
 229  x('8'), 2) +
 230  power(x('54') -
 231  x('58'), 2) +
 232  power(x('104') -
 233  x('108'), 2)) +
 234  1/sqrt(power(x('5') -
 235  x('7'), 2) +
 236  power(x('55') -
 237  x('57'), 2) +
 238  power(x('105') -
 239  x('107'), 2)) +
 240  1/sqrt(power(x('1') -
 241  x('12'), 2) +
 242  power(x('51') -
 243  x('62'), 2) +
 244  power(x('101') -
 245  x('112'), 2)) +
 246  1/sqrt(power(x('2') -
 247  x('11'), 2) +
 248  power(x('52') -
 249  x('61'), 2) +
 250  power(x('102') -
 251  x('111'), 2)) +
 252  1/sqrt(power(x('3') -
 253  x('10'), 2) +
 254  power(x('53') -
 255  x('60'), 2) +
 256  power(x('103') -
 257  x('110'), 2)) +
 258  1/sqrt(power(x('4') -
 259  x('9'), 2) +
 260  power(x('54') -
 261  x('59'), 2) +
 262  power(x('104') -
 263  x('109'), 2)) +
 264  1/sqrt(power(x('5') -
 265  x('8'), 2) +
 266  power(x('55') -
 267  x('58'), 2) +
 268  power(x('105') -
 269  x('108'), 2)) +
 270  1/sqrt(power(x('6') -
 271  x('7'), 2) +
 272  power(x('56') -
 273  x('57'), 2) +
 274  power(x('106') -
 275  x('107'), 2)) +
 276  1/sqrt(power(x('1') -
 277  x('13'), 2) +
 278  power(x('51') -
 279  x('63'), 2) +
 280  power(x('101') -
 281  x('113'), 2)) +
 282  1/sqrt(power(x('2') -
 283  x('12'), 2) +
 284  power(x('52') -
 285  x('62'), 2) +
 286  power(x('102') -
 287  x('112'), 2)) +
 288  1/sqrt(power(x('3') -
 289  x('11'), 2) +
 290  power(x('53') -
 291  x('61'), 2) +
 292  power(x('103') -
 293  x('111'), 2)) +
 294  1/sqrt(power(x('4') -
 295  x('10'), 2) +
 296  power(x('54') -
 297  x('60'), 2) +
 298  power(x('104') -
 299  x('110'), 2)) +
 300  1/sqrt(power(x('5') -
 301  x('9'), 2) +
 302  power(x('55') -
 303  x('59'), 2) +
 304  power(x('105') -
 305  x('109'), 2)) +
 306  1/sqrt(power(x('6') -
 307  x('8'), 2) +
 308  power(x('56') -
 309  x('58'), 2) +
 310  power(x('106') -
 311  x('108'), 2)) +
 312  1/sqrt(power(x('1') -
 313  x('14'), 2) +
 314  power(x('51') -
 315  x('64'), 2) +
 316  power(x('101') -
 317  x('114'), 2)) +
 318  1/sqrt(power(x('2') -
 319  x('13'), 2) +
 320  power(x('52') -
 321  x('63'), 2) +
 322  power(x('102') -
 323  x('113'), 2)) +
 324  1/sqrt(power(x('3') -
 325  x('12'), 2) +
 326  power(x('53') -
 327  x('62'), 2) +
 328  power(x('103') -
 329  x('112'), 2)) +
 330  1/sqrt(power(x('4') -
 331  x('11'), 2) +
 332  power(x('54') -
 333  x('61'), 2) +
 334  power(x('104') -
 335  x('111'), 2)) +
 336  1/sqrt(power(x('5') -
 337  x('10'), 2) +
 338  power(x('55') -
 339  x('60'), 2) +
 340  power(x('105') -
 341  x('110'), 2)) +
 342  1/sqrt(power(x('6') -
 343  x('9'), 2) +
 344  power(x('56') -
 345  x('59'), 2) +
 346  power(x('106') -
 347  x('109'), 2)) +
 348  1/sqrt(power(x('7') -
 349  x('8'), 2) +
 350  power(x('57') -
 351  x('58'), 2) +
 352  power(x('107') -
 353  x('108'), 2)) +
 354  1/sqrt(power(x('1') -
 355  x('15'), 2) +
 356  power(x('51') -
 357  x('65'), 2) +
 358  power(x('101') -
 359  x('115'), 2)) +
 360  1/sqrt(power(x('2') -
 361  x('14'), 2) +
 362  power(x('52') -
 363  x('64'), 2) +
 364  power(x('102') -
 365  x('114'), 2)) +
 366  1/sqrt(power(x('3') -
 367  x('13'), 2) +
 368  power(x('53') -
 369  x('63'), 2) +
 370  power(x('103') -
 371  x('113'), 2)) +
 372  1/sqrt(power(x('4') -
 373  x('12'), 2) +
 374  power(x('54') -
 375  x('62'), 2) +
 376  power(x('104') -
 377  x('112'), 2)) +
 378  1/sqrt(power(x('5') -
 379  x('11'), 2) +
 380  power(x('55') -
 381  x('61'), 2) +
 382  power(x('105') -
 383  x('111'), 2)) +
 384  1/sqrt(power(x('6') -
 385  x('10'), 2) +
 386  power(x('56') -
 387  x('60'), 2) +
 388  power(x('106') -
 389  x('110'), 2)) +
 390  1/sqrt(power(x('7') -
 391  x('9'), 2) +
 392  power(x('57') -
 393  x('59'), 2) +
 394  power(x('107') -
 395  x('109'), 2)) +
 396  1/sqrt(power(x('8') -
 397  x('9'), 2) +
 398  power(x('58') -
 399  x('59'), 2) +
 400  power(x('108') -
 401  x('109'), 2)) +
 402  1/sqrt(power(x('1') -
 403  x('16'), 2) +
 404  power(x('51') -
 405  x('66'), 2) +
 406  power(x('101') -
 407  x('116'), 2)) +
 408  1/sqrt(power(x('2') -
 409  x('15'), 2) +
 410  power(x('52') -
 411  x('65'), 2) +
 412  power(x('102') -
 413  x('115'), 2)) +
 414  1/sqrt(power(x('3') -
 415  x('14'), 2) +
 416  power(x('53') -
 417  x('64'), 2) +
 418  power(x('103') -
 419  x('114'), 2)) +
 420  1/sqrt(power(x('4') -
 421  x('13'), 2) +
 422  power(x('54') -
 423  x('63'), 2) +
 424  power(x('104') -
 425  x('113'), 2)) +
 426  1/sqrt(power(x('5') -
 427  x('12'), 2) +
 428  power(x('55') -
 429  x('62'), 2) +
 430  power(x('105') -
 431  x('112'), 2)) +
 432  1/sqrt(power(x('6') -
 433  x('11'), 2) +
 434  power(x('56') -
 435  x('61'), 2) +
 436  power(x('106') -
 437  x('111'), 2)) +
 438  1/sqrt(power(x('7') -
 439  x('10'), 2) +
 440  power(x('57') -
 441  x('60'), 2) +
 442  power(x('107') -
 443  x('110'), 2)) +
 444  1/sqrt(power(x('8') -
 445  x('10'), 2) +
 446  power(x('58') -
 447  x('60'), 2) +
 448  power(x('108') -
 449  x('110'), 2)) +
 450  1/sqrt(power(x('1') -
 451  x('17'), 2) +
 452  power(x('51') -
 453  x('67'), 2) +
 454  power(x('101') -
 455  x('117'), 2)) +
 456  1/sqrt(power(x('2') -
 457  x('16'), 2) +
 458  power(x('52') -
 459  x('66'), 2) +
 460  power(x('102') -
 461  x('116'), 2)) +
 462  1/sqrt(power(x('3') -
 463  x('15'), 2) +
 464  power(x('53') -
 465  x('65'), 2) +
 466  power(x('103') -
 467  x('115'), 2)) +
 468  1/sqrt(power(x('4') -
 469  x('14'), 2) +
 470  power(x('54') -
 471  x('64'), 2) +
 472  power(x('104') -
 473  x('114'), 2)) +
 474  1/sqrt(power(x('5') -
 475  x('13'), 2) +
 476  power(x('55') -
 477  x('63'), 2) +
 478  power(x('105') -
 479  x('113'), 2)) +
 480  1/sqrt(power(x('6') -
 481  x('12'), 2) +
 482  power(x('56') -
 483  x('62'), 2) +
 484  power(x('106') -
 485  x('112'), 2)) +
 486  1/sqrt(power(x('7') -
 487  x('11'), 2) +
 488  power(x('57') -
 489  x('61'), 2) +
 490  power(x('107') -
 491  x('111'), 2)) +
 492  1/sqrt(power(x('8') -
 493  x('11'), 2) +
 494  power(x('58') -
 495  x('61'), 2) +
 496  power(x('108') -
 497  x('111'), 2)) +
 498  1/sqrt(power(x('9') -
 499  x('10'), 2) +
 500  power(x('59') -
 501  x('60'), 2) +
 502  power(x('109') -
 503  x('110'), 2)) +
 504  1/sqrt(power(x('1') -
 505  x('18'), 2) +
 506  power(x('51') -
 507  x('68'), 2) +
 508  power(x('101') -
 509  x('118'), 2)) +
 510  1/sqrt(power(x('2') -
 511  x('17'), 2) +
 512  power(x('52') -
 513  x('67'), 2) +
 514  power(x('102') -
 515  x('117'), 2)) +
 516  1/sqrt(power(x('3') -
 517  x('16'), 2) +
 518  power(x('53') -
 519  x('66'), 2) +
 520  power(x('103') -
 521  x('116'), 2)) +
 522  1/sqrt(power(x('4') -
 523  x('15'), 2) +
 524  power(x('54') -
 525  x('65'), 2) +
 526  power(x('104') -
 527  x('115'), 2)) +
 528  1/sqrt(power(x('5') -
 529  x('14'), 2) +
 530  power(x('55') -
 531  x('64'), 2) +
 532  power(x('105') -
 533  x('114'), 2)) +
 534  1/sqrt(power(x('6') -
 535  x('13'), 2) +
 536  power(x('56') -
 537  x('63'), 2) +
 538  power(x('106') -
 539  x('113'), 2)) +
 540  1/sqrt(power(x('7') -
 541  x('12'), 2) +
 542  power(x('57') -
 543  x('62'), 2) +
 544  power(x('107') -
 545  x('112'), 2)) +
 546  1/sqrt(power(x('8') -
 547  x('12'), 2) +
 548  power(x('58') -
 549  x('62'), 2) +
 550  power(x('108') -
 551  x('112'), 2)) +
 552  1/sqrt(power(x('9') -
 553  x('11'), 2) +
 554  power(x('59') -
 555  x('61'), 2) +
 556  power(x('109') -
 557  x('111'), 2)) +
 558  1/sqrt(power(x('1') -
 559  x('19'), 2) +
 560  power(x('51') -
 561  x('69'), 2) +
 562  power(x('101') -
 563  x('119'), 2)) +
 564  1/sqrt(power(x('2') -
 565  x('18'), 2) +
 566  power(x('52') -
 567  x('68'), 2) +
 568  power(x('102') -
 569  x('118'), 2)) +
 570  1/sqrt(power(x('3') -
 571  x('17'), 2) +
 572  power(x('53') -
 573  x('67'), 2) +
 574  power(x('103') -
 575  x('117'), 2)) +
 576  1/sqrt(power(x('4') -
 577  x('16'), 2) +
 578  power(x('54') -
 579  x('66'), 2) +
 580  power(x('104') -
 581  x('116'), 2)) +
 582  1/sqrt(power(x('5') -
 583  x('15'), 2) +
 584  power(x('55') -
 585  x('65'), 2) +
 586  power(x('105') -
 587  x('115'), 2)) +
 588  1/sqrt(power(x('6') -
 589  x('14'), 2) +
 590  power(x('56') -
 591  x('64'), 2) +
 592  power(x('106') -
 593  x('114'), 2)) +
 594  1/sqrt(power(x('7') -
 595  x('13'), 2) +
 596  power(x('57') -
 597  x('63'), 2) +
 598  power(x('107') -
 599  x('113'), 2)) +
 600  1/sqrt(power(x('8') -
 601  x('13'), 2) +
 602  power(x('58') -
 603  x('63'), 2) +
 604  power(x('108') -
 605  x('113'), 2)) +
 606  1/sqrt(power(x('9') -
 607  x('12'), 2) +
 608  power(x('59') -
 609  x('62'), 2) +
 610  power(x('109') -
 611  x('112'), 2)) +
 612  1/sqrt(power(x('10') -
 613  x('11'), 2) +
 614  power(x('60') -
 615  x('61'), 2) +
 616  power(x('110') -
 617  x('111'), 2)) +
 618  1/sqrt(power(x('1') -
 619  x('20'), 2) +
 620  power(x('51') -
 621  x('70'), 2) +
 622  power(x('101') -
 623  x('120'), 2)) +
 624  1/sqrt(power(x('2') -
 625  x('19'), 2) +
 626  power(x('52') -
 627  x('69'), 2) +
 628  power(x('102') -
 629  x('119'), 2)) +
 630  1/sqrt(power(x('3') -
 631  x('18'), 2) +
 632  power(x('53') -
 633  x('68'), 2) +
 634  power(x('103') -
 635  x('118'), 2)) +
 636  1/sqrt(power(x('4') -
 637  x('17'), 2) +
 638  power(x('54') -
 639  x('67'), 2) +
 640  power(x('104') -
 641  x('117'), 2)) +
 642  1/sqrt(power(x('5') -
 643  x('16'), 2) +
 644  power(x('55') -
 645  x('66'), 2) +
 646  power(x('105') -
 647  x('116'), 2)) +
 648  1/sqrt(power(x('6') -
 649  x('15'), 2) +
 650  power(x('56') -
 651  x('65'), 2) +
 652  power(x('106') -
 653  x('115'), 2)) +
 654  1/sqrt(power(x('7') -
 655  x('14'), 2) +
 656  power(x('57') -
 657  x('64'), 2) +
 658  power(x('107') -
 659  x('114'), 2)) +
 660  1/sqrt(power(x('4') -
 661  x('18'), 2) +
 662  power(x('54') -
 663  x('68'), 2) +
 664  power(x('104') -
 665  x('118'), 2)) +
 666  1/sqrt(power(x('5') -
 667  x('17'), 2) +
 668  power(x('55') -
 669  x('67'), 2) +
 670  power(x('105') -
 671  x('117'), 2)) +
 672  1/sqrt(power(x('6') -
 673  x('16'), 2) +
 674  power(x('56') -
 675  x('66'), 2) +
 676  power(x('106') -
 677  x('116'), 2)) +
 678  1/sqrt(power(x('7') -
 679  x('15'), 2) +
 680  power(x('57') -
 681  x('65'), 2) +
 682  power(x('107') -
 683  x('115'), 2)) +
 684  1/sqrt(power(x('8') -
 685  x('14'), 2) +
 686  power(x('58') -
 687  x('64'), 2) +
 688  power(x('108') -
 689  x('114'), 2)) +
 690  1/sqrt(power(x('1') -
 691  x('21'), 2) +
 692  power(x('51') -
 693  x('71'), 2) +
 694  power(x('101') -
 695  x('121'), 2)) +
 696  1/sqrt(power(x('9') -
 697  x('13'), 2) +
 698  power(x('59') -
 699  x('63'), 2) +
 700  power(x('109') -
 701  x('113'), 2)) +
 702  1/sqrt(power(x('10') -
 703  x('12'), 2) +
 704  power(x('60') -
 705  x('62'), 2) +
 706  power(x('110') -
 707  x('112'), 2)) +
 708  1/sqrt(power(x('2') -
 709  x('20'), 2) +
 710  power(x('52') -
 711  x('70'), 2) +
 712  power(x('102') -
 713  x('120'), 2)) +
 714  1/sqrt(power(x('3') -
 715  x('19'), 2) +
 716  power(x('53') -
 717  x('69'), 2) +
 718  power(x('103') -
 719  x('119'), 2)) +
 720  1/sqrt(power(x('4') -
 721  x('19'), 2) +
 722  power(x('54') -
 723  x('69'), 2) +
 724  power(x('104') -
 725  x('119'), 2)) +
 726  1/sqrt(power(x('5') -
 727  x('18'), 2) +
 728  power(x('55') -
 729  x('68'), 2) +
 730  power(x('105') -
 731  x('118'), 2)) +
 732  1/sqrt(power(x('6') -
 733  x('17'), 2) +
 734  power(x('56') -
 735  x('67'), 2) +
 736  power(x('106') -
 737  x('117'), 2)) +
 738  1/sqrt(power(x('7') -
 739  x('16'), 2) +
 740  power(x('57') -
 741  x('66'), 2) +
 742  power(x('107') -
 743  x('116'), 2)) +
 744  1/sqrt(power(x('1') -
 745  x('22'), 2) +
 746  power(x('51') -
 747  x('72'), 2) +
 748  power(x('101') -
 749  x('122'), 2)) +
 750  1/sqrt(power(x('8') -
 751  x('15'), 2) +
 752  power(x('58') -
 753  x('65'), 2) +
 754  power(x('108') -
 755  x('115'), 2)) +
 756  1/sqrt(power(x('9') -
 757  x('14'), 2) +
 758  power(x('59') -
 759  x('64'), 2) +
 760  power(x('109') -
 761  x('114'), 2)) +
 762  1/sqrt(power(x('10') -
 763  x('13'), 2) +
 764  power(x('60') -
 765  x('63'), 2) +
 766  power(x('110') -
 767  x('113'), 2)) +
 768  1/sqrt(power(x('11') -
 769  x('12'), 2) +
 770  power(x('61') -
 771  x('62'), 2) +
 772  power(x('111') -
 773  x('112'), 2)) +
 774  1/sqrt(power(x('2') -
 775  x('21'), 2) +
 776  power(x('52') -
 777  x('71'), 2) +
 778  power(x('102') -
 779  x('121'), 2)) +
 780  1/sqrt(power(x('3') -
 781  x('20'), 2) +
 782  power(x('53') -
 783  x('70'), 2) +
 784  power(x('103') -
 785  x('120'), 2)) +
 786  1/sqrt(power(x('8') -
 787  x('16'), 2) +
 788  power(x('58') -
 789  x('66'), 2) +
 790  power(x('108') -
 791  x('116'), 2)) +
 792  1/sqrt(power(x('9') -
 793  x('15'), 2) +
 794  power(x('59') -
 795  x('65'), 2) +
 796  power(x('109') -
 797  x('115'), 2)) +
 798  1/sqrt(power(x('10') -
 799  x('14'), 2) +
 800  power(x('60') -
 801  x('64'), 2) +
 802  power(x('110') -
 803  x('114'), 2)) +
 804  1/sqrt(power(x('11') -
 805  x('13'), 2) +
 806  power(x('61') -
 807  x('63'), 2) +
 808  power(x('111') -
 809  x('113'), 2)) +
 810  1/sqrt(power(x('4') -
 811  x('20'), 2) +
 812  power(x('54') -
 813  x('70'), 2) +
 814  power(x('104') -
 815  x('120'), 2)) +
 816  1/sqrt(power(x('5') -
 817  x('19'), 2) +
 818  power(x('55') -
 819  x('69'), 2) +
 820  power(x('105') -
 821  x('119'), 2)) +
 822  1/sqrt(power(x('6') -
 823  x('18'), 2) +
 824  power(x('56') -
 825  x('68'), 2) +
 826  power(x('106') -
 827  x('118'), 2)) +
 828  1/sqrt(power(x('1') -
 829  x('23'), 2) +
 830  power(x('51') -
 831  x('73'), 2) +
 832  power(x('101') -
 833  x('123'), 2)) +
 834  1/sqrt(power(x('7') -
 835  x('17'), 2) +
 836  power(x('57') -
 837  x('67'), 2) +
 838  power(x('107') -
 839  x('117'), 2)) +
 840  1/sqrt(power(x('2') -
 841  x('22'), 2) +
 842  power(x('52') -
 843  x('72'), 2) +
 844  power(x('102') -
 845  x('122'), 2)) +
 846  1/sqrt(power(x('3') -
 847  x('21'), 2) +
 848  power(x('53') -
 849  x('71'), 2) +
 850  power(x('103') -
 851  x('121'), 2)) +
 852  1/sqrt(power(x('8') -
 853  x('17'), 2) +
 854  power(x('58') -
 855  x('67'), 2) +
 856  power(x('108') -
 857  x('117'), 2)) +
 858  1/sqrt(power(x('9') -
 859  x('16'), 2) +
 860  power(x('59') -
 861  x('66'), 2) +
 862  power(x('109') -
 863  x('116'), 2)) +
 864  1/sqrt(power(x('10') -
 865  x('15'), 2) +
 866  power(x('60') -
 867  x('65'), 2) +
 868  power(x('110') -
 869  x('115'), 2)) +
 870  1/sqrt(power(x('11') -
 871  x('14'), 2) +
 872  power(x('61') -
 873  x('64'), 2) +
 874  power(x('111') -
 875  x('114'), 2)) +
 876  1/sqrt(power(x('12') -
 877  x('13'), 2) +
 878  power(x('62') -
 879  x('63'), 2) +
 880  power(x('112') -
 881  x('113'), 2)) +
 882  1/sqrt(power(x('4') -
 883  x('21'), 2) +
 884  power(x('54') -
 885  x('71'), 2) +
 886  power(x('104') -
 887  x('121'), 2)) +
 888  1/sqrt(power(x('5') -
 889  x('20'), 2) +
 890  power(x('55') -
 891  x('70'), 2) +
 892  power(x('105') -
 893  x('120'), 2)) +
 894  1/sqrt(power(x('1') -
 895  x('24'), 2) +
 896  power(x('51') -
 897  x('74'), 2) +
 898  power(x('101') -
 899  x('124'), 2)) +
 900  1/sqrt(power(x('6') -
 901  x('19'), 2) +
 902  power(x('56') -
 903  x('69'), 2) +
 904  power(x('106') -
 905  x('119'), 2)) +
 906  1/sqrt(power(x('7') -
 907  x('18'), 2) +
 908  power(x('57') -
 909  x('68'), 2) +
 910  power(x('107') -
 911  x('118'), 2)) +
 912  1/sqrt(power(x('2') -
 913  x('23'), 2) +
 914  power(x('52') -
 915  x('73'), 2) +
 916  power(x('102') -
 917  x('123'), 2)) +
 918  1/sqrt(power(x('3') -
 919  x('22'), 2) +
 920  power(x('53') -
 921  x('72'), 2) +
 922  power(x('103') -
 923  x('122'), 2)) +
 924  1/sqrt(power(x('8') -
 925  x('18'), 2) +
 926  power(x('58') -
 927  x('68'), 2) +
 928  power(x('108') -
 929  x('118'), 2)) +
 930  1/sqrt(power(x('3') -
 931  x('23'), 2) +
 932  power(x('53') -
 933  x('73'), 2) +
 934  power(x('103') -
 935  x('123'), 2)) +
 936  1/sqrt(power(x('9') -
 937  x('17'), 2) +
 938  power(x('59') -
 939  x('67'), 2) +
 940  power(x('109') -
 941  x('117'), 2)) +
 942  1/sqrt(power(x('10') -
 943  x('16'), 2) +
 944  power(x('60') -
 945  x('66'), 2) +
 946  power(x('110') -
 947  x('116'), 2)) +
 948  1/sqrt(power(x('11') -
 949  x('15'), 2) +
 950  power(x('61') -
 951  x('65'), 2) +
 952  power(x('111') -
 953  x('115'), 2)) +
 954  1/sqrt(power(x('12') -
 955  x('14'), 2) +
 956  power(x('62') -
 957  x('64'), 2) +
 958  power(x('112') -
 959  x('114'), 2)) +
 960  1/sqrt(power(x('4') -
 961  x('22'), 2) +
 962  power(x('54') -
 963  x('72'), 2) +
 964  power(x('104') -
 965  x('122'), 2)) +
 966  1/sqrt(power(x('5') -
 967  x('21'), 2) +
 968  power(x('55') -
 969  x('71'), 2) +
 970  power(x('105') -
 971  x('121'), 2)) +
 972  1/sqrt(power(x('1') -
 973  x('25'), 2) +
 974  power(x('51') -
 975  x('75'), 2) +
 976  power(x('101') -
 977  x('125'), 2)) +
 978  1/sqrt(power(x('6') -
 979  x('20'), 2) +
 980  power(x('56') -
 981  x('70'), 2) +
 982  power(x('106') -
 983  x('120'), 2)) +
 984  1/sqrt(power(x('2') -
 985  x('24'), 2) +
 986  power(x('52') -
 987  x('74'), 2) +
 988  power(x('102') -
 989  x('124'), 2)) +
 990  1/sqrt(power(x('7') -
 991  x('19'), 2) +
 992  power(x('57') -
 993  x('69'), 2) +
 994  power(x('107') -
 995  x('119'), 2)) +
 996  1/sqrt(power(x('8') -
 997  x('19'), 2) +
 998  power(x('58') -
 999  x('69'), 2) +
1000  power(x('108') -
1001  x('119'), 2)) +
1002  1/sqrt(power(x('3') -
1003  x('24'), 2) +
1004  power(x('53') -
1005  x('74'), 2) +
1006  power(x('103') -
1007  x('124'), 2)) +
1008  1/sqrt(power(x('9') -
1009  x('18'), 2) +
1010  power(x('59') -
1011  x('68'), 2) +
1012  power(x('109') -
1013  x('118'), 2)) +
1014  1/sqrt(power(x('10') -
1015  x('17'), 2) +
1016  power(x('60') -
1017  x('67'), 2) +
1018  power(x('110') -
1019  x('117'), 2)) +
1020  1/sqrt(power(x('4') -
1021  x('23'), 2) +
1022  power(x('54') -
1023  x('73'), 2) +
1024  power(x('104') -
1025  x('123'), 2)) +
1026  1/sqrt(power(x('11') -
1027  x('16'), 2) +
1028  power(x('61') -
1029  x('66'), 2) +
1030  power(x('111') -
1031  x('116'), 2)) +
1032  1/sqrt(power(x('12') -
1033  x('15'), 2) +
1034  power(x('62') -
1035  x('65'), 2) +
1036  power(x('112') -
1037  x('115'), 2)) +
1038  1/sqrt(power(x('13') -
1039  x('14'), 2) +
1040  power(x('63') -
1041  x('64'), 2) +
1042  power(x('113') -
1043  x('114'), 2)) +
1044  1/sqrt(power(x('1') -
1045  x('26'), 2) +
1046  power(x('51') -
1047  x('76'), 2) +
1048  power(x('101') -
1049  x('126'), 2)) +
1050  1/sqrt(power(x('5') -
1051  x('22'), 2) +
1052  power(x('55') -
1053  x('72'), 2) +
1054  power(x('105') -
1055  x('122'), 2)) +
1056  1/sqrt(power(x('6') -
1057  x('21'), 2) +
1058  power(x('56') -
1059  x('71'), 2) +
1060  power(x('106') -
1061  x('121'), 2)) +
1062  1/sqrt(power(x('2') -
1063  x('25'), 2) +
1064  power(x('52') -
1065  x('75'), 2) +
1066  power(x('102') -
1067  x('125'), 2)) +
1068  1/sqrt(power(x('7') -
1069  x('20'), 2) +
1070  power(x('57') -
1071  x('70'), 2) +
1072  power(x('107') -
1073  x('120'), 2)) +
1074  1/sqrt(power(x('3') -
1075  x('25'), 2) +
1076  power(x('53') -
1077  x('75'), 2) +
1078  power(x('103') -
1079  x('125'), 2)) +
1080  1/sqrt(power(x('8') -
1081  x('20'), 2) +
1082  power(x('58') -
1083  x('70'), 2) +
1084  power(x('108') -
1085  x('120'), 2)) +
1086  1/sqrt(power(x('9') -
1087  x('19'), 2) +
1088  power(x('59') -
1089  x('69'), 2) +
1090  power(x('109') -
1091  x('119'), 2)) +
1092  1/sqrt(power(x('4') -
1093  x('24'), 2) +
1094  power(x('54') -
1095  x('74'), 2) +
1096  power(x('104') -
1097  x('124'), 2)) +
1098  1/sqrt(power(x('10') -
1099  x('18'), 2) +
1100  power(x('60') -
1101  x('68'), 2) +
1102  power(x('110') -
1103  x('118'), 2)) +
1104  1/sqrt(power(x('11') -
1105  x('17'), 2) +
1106  power(x('61') -
1107  x('67'), 2) +
1108  power(x('111') -
1109  x('117'), 2)) +
1110  1/sqrt(power(x('1') -
1111  x('27'), 2) +
1112  power(x('51') -
1113  x('77'), 2) +
1114  power(x('101') -
1115  x('127'), 2)) +
1116  1/sqrt(power(x('12') -
1117  x('16'), 2) +
1118  power(x('62') -
1119  x('66'), 2) +
1120  power(x('112') -
1121  x('116'), 2)) +
1122  1/sqrt(power(x('5') -
1123  x('23'), 2) +
1124  power(x('55') -
1125  x('73'), 2) +
1126  power(x('105') -
1127  x('123'), 2)) +
1128  1/sqrt(power(x('13') -
1129  x('15'), 2) +
1130  power(x('63') -
1131  x('65'), 2) +
1132  power(x('113') -
1133  x('115'), 2)) +
1134  1/sqrt(power(x('6') -
1135  x('22'), 2) +
1136  power(x('56') -
1137  x('72'), 2) +
1138  power(x('106') -
1139  x('122'), 2)) +
1140  1/sqrt(power(x('2') -
1141  x('26'), 2) +
1142  power(x('52') -
1143  x('76'), 2) +
1144  power(x('102') -
1145  x('126'), 2)) +
1146  1/sqrt(power(x('7') -
1147  x('21'), 2) +
1148  power(x('57') -
1149  x('71'), 2) +
1150  power(x('107') -
1151  x('121'), 2)) +
1152  1/sqrt(power(x('3') -
1153  x('26'), 2) +
1154  power(x('53') -
1155  x('76'), 2) +
1156  power(x('103') -
1157  x('126'), 2)) +
1158  1/sqrt(power(x('8') -
1159  x('21'), 2) +
1160  power(x('58') -
1161  x('71'), 2) +
1162  power(x('108') -
1163  x('121'), 2)) +
1164  1/sqrt(power(x('4') -
1165  x('25'), 2) +
1166  power(x('54') -
1167  x('75'), 2) +
1168  power(x('104') -
1169  x('125'), 2)) +
1170  1/sqrt(power(x('9') -
1171  x('20'), 2) +
1172  power(x('59') -
1173  x('70'), 2) +
1174  power(x('109') -
1175  x('120'), 2)) +
1176  1/sqrt(power(x('1') -
1177  x('28'), 2) +
1178  power(x('51') -
1179  x('78'), 2) +
1180  power(x('101') -
1181  x('128'), 2)) +
1182  1/sqrt(power(x('10') -
1183  x('19'), 2) +
1184  power(x('60') -
1185  x('69'), 2) +
1186  power(x('110') -
1187  x('119'), 2)) +
1188  1/sqrt(power(x('5') -
1189  x('24'), 2) +
1190  power(x('55') -
1191  x('74'), 2) +
1192  power(x('105') -
1193  x('124'), 2)) +
1194  1/sqrt(power(x('11') -
1195  x('18'), 2) +
1196  power(x('61') -
1197  x('68'), 2) +
1198  power(x('111') -
1199  x('118'), 2)) +
1200  1/sqrt(power(x('12') -
1201  x('17'), 2) +
1202  power(x('62') -
1203  x('67'), 2) +
1204  power(x('112') -
1205  x('117'), 2)) +
1206  1/sqrt(power(x('13') -
1207  x('16'), 2) +
1208  power(x('63') -
1209  x('66'), 2) +
1210  power(x('113') -
1211  x('116'), 2)) +
1212  1/sqrt(power(x('2') -
1213  x('27'), 2) +
1214  power(x('52') -
1215  x('77'), 2) +
1216  power(x('102') -
1217  x('127'), 2)) +
1218  1/sqrt(power(x('14') -
1219  x('15'), 2) +
1220  power(x('64') -
1221  x('65'), 2) +
1222  power(x('114') -
1223  x('115'), 2)) +
1224  1/sqrt(power(x('6') -
1225  x('23'), 2) +
1226  power(x('56') -
1227  x('73'), 2) +
1228  power(x('106') -
1229  x('123'), 2)) +
1230  1/sqrt(power(x('7') -
1231  x('22'), 2) +
1232  power(x('57') -
1233  x('72'), 2) +
1234  power(x('107') -
1235  x('122'), 2)) +
1236  1/sqrt(power(x('12') -
1237  x('18'), 2) +
1238  power(x('62') -
1239  x('68'), 2) +
1240  power(x('112') -
1241  x('118'), 2)) +
1242  1/sqrt(power(x('6') -
1243  x('24'), 2) +
1244  power(x('56') -
1245  x('74'), 2) +
1246  power(x('106') -
1247  x('124'), 2)) +
1248  1/sqrt(power(x('13') -
1249  x('17'), 2) +
1250  power(x('63') -
1251  x('67'), 2) +
1252  power(x('113') -
1253  x('117'), 2)) +
1254  1/sqrt(power(x('14') -
1255  x('16'), 2) +
1256  power(x('64') -
1257  x('66'), 2) +
1258  power(x('114') -
1259  x('116'), 2)) +
1260  1/sqrt(power(x('3') -
1261  x('27'), 2) +
1262  power(x('53') -
1263  x('77'), 2) +
1264  power(x('103') -
1265  x('127'), 2)) +
1266  1/sqrt(power(x('7') -
1267  x('23'), 2) +
1268  power(x('57') -
1269  x('73'), 2) +
1270  power(x('107') -
1271  x('123'), 2)) +
1272  1/sqrt(power(x('8') -
1273  x('22'), 2) +
1274  power(x('58') -
1275  x('72'), 2) +
1276  power(x('108') -
1277  x('122'), 2)) +
1278  1/sqrt(power(x('4') -
1279  x('26'), 2) +
1280  power(x('54') -
1281  x('76'), 2) +
1282  power(x('104') -
1283  x('126'), 2)) +
1284  1/sqrt(power(x('1') -
1285  x('29'), 2) +
1286  power(x('51') -
1287  x('79'), 2) +
1288  power(x('101') -
1289  x('129'), 2)) +
1290  1/sqrt(power(x('9') -
1291  x('21'), 2) +
1292  power(x('59') -
1293  x('71'), 2) +
1294  power(x('109') -
1295  x('121'), 2)) +
1296  1/sqrt(power(x('5') -
1297  x('25'), 2) +
1298  power(x('55') -
1299  x('75'), 2) +
1300  power(x('105') -
1301  x('125'), 2)) +
1302  1/sqrt(power(x('10') -
1303  x('20'), 2) +
1304  power(x('60') -
1305  x('70'), 2) +
1306  power(x('110') -
1307  x('120'), 2)) +
1308  1/sqrt(power(x('2') -
1309  x('28'), 2) +
1310  power(x('52') -
1311  x('78'), 2) +
1312  power(x('102') -
1313  x('128'), 2)) +
1314  1/sqrt(power(x('11') -
1315  x('19'), 2) +
1316  power(x('61') -
1317  x('69'), 2) +
1318  power(x('111') -
1319  x('119'), 2)) +
1320  1/sqrt(power(x('6') -
1321  x('25'), 2) +
1322  power(x('56') -
1323  x('75'), 2) +
1324  power(x('106') -
1325  x('125'), 2)) +
1326  1/sqrt(power(x('12') -
1327  x('19'), 2) +
1328  power(x('62') -
1329  x('69'), 2) +
1330  power(x('112') -
1331  x('119'), 2)) +
1332  1/sqrt(power(x('3') -
1333  x('28'), 2) +
1334  power(x('53') -
1335  x('78'), 2) +
1336  power(x('103') -
1337  x('128'), 2)) +
1338  1/sqrt(power(x('13') -
1339  x('18'), 2) +
1340  power(x('63') -
1341  x('68'), 2) +
1342  power(x('113') -
1343  x('118'), 2)) +
1344  1/sqrt(power(x('14') -
1345  x('17'), 2) +
1346  power(x('64') -
1347  x('67'), 2) +
1348  power(x('114') -
1349  x('117'), 2)) +
1350  1/sqrt(power(x('7') -
1351  x('24'), 2) +
1352  power(x('57') -
1353  x('74'), 2) +
1354  power(x('107') -
1355  x('124'), 2)) +
1356  1/sqrt(power(x('15') -
1357  x('16'), 2) +
1358  power(x('65') -
1359  x('66'), 2) +
1360  power(x('115') -
1361  x('116'), 2)) +
1362  1/sqrt(power(x('1') -
1363  x('30'), 2) +
1364  power(x('51') -
1365  x('80'), 2) +
1366  power(x('101') -
1367  x('130'), 2)) +
1368  1/sqrt(power(x('4') -
1369  x('27'), 2) +
1370  power(x('54') -
1371  x('77'), 2) +
1372  power(x('104') -
1373  x('127'), 2)) +
1374  1/sqrt(power(x('8') -
1375  x('23'), 2) +
1376  power(x('58') -
1377  x('73'), 2) +
1378  power(x('108') -
1379  x('123'), 2)) +
1380  1/sqrt(power(x('9') -
1381  x('22'), 2) +
1382  power(x('59') -
1383  x('72'), 2) +
1384  power(x('109') -
1385  x('122'), 2)) +
1386  1/sqrt(power(x('5') -
1387  x('26'), 2) +
1388  power(x('55') -
1389  x('76'), 2) +
1390  power(x('105') -
1391  x('126'), 2)) +
1392  1/sqrt(power(x('2') -
1393  x('29'), 2) +
1394  power(x('52') -
1395  x('79'), 2) +
1396  power(x('102') -
1397  x('129'), 2)) +
1398  1/sqrt(power(x('10') -
1399  x('21'), 2) +
1400  power(x('60') -
1401  x('71'), 2) +
1402  power(x('110') -
1403  x('121'), 2)) +
1404  1/sqrt(power(x('11') -
1405  x('20'), 2) +
1406  power(x('61') -
1407  x('70'), 2) +
1408  power(x('111') -
1409  x('120'), 2)) +
1410  1/sqrt(power(x('6') -
1411  x('26'), 2) +
1412  power(x('56') -
1413  x('76'), 2) +
1414  power(x('106') -
1415  x('126'), 2)) +
1416  1/sqrt(power(x('12') -
1417  x('20'), 2) +
1418  power(x('62') -
1419  x('70'), 2) +
1420  power(x('112') -
1421  x('120'), 2)) +
1422  1/sqrt(power(x('7') -
1423  x('25'), 2) +
1424  power(x('57') -
1425  x('75'), 2) +
1426  power(x('107') -
1427  x('125'), 2)) +
1428  1/sqrt(power(x('13') -
1429  x('19'), 2) +
1430  power(x('63') -
1431  x('69'), 2) +
1432  power(x('113') -
1433  x('119'), 2)) +
1434  1/sqrt(power(x('1') -
1435  x('31'), 2) +
1436  power(x('51') -
1437  x('81'), 2) +
1438  power(x('101') -
1439  x('131'), 2)) +
1440  1/sqrt(power(x('14') -
1441  x('18'), 2) +
1442  power(x('64') -
1443  x('68'), 2) +
1444  power(x('114') -
1445  x('118'), 2)) +
1446  1/sqrt(power(x('4') -
1447  x('28'), 2) +
1448  power(x('54') -
1449  x('78'), 2) +
1450  power(x('104') -
1451  x('128'), 2)) +
1452  1/sqrt(power(x('15') -
1453  x('17'), 2) +
1454  power(x('65') -
1455  x('67'), 2) +
1456  power(x('115') -
1457  x('117'), 2)) +
1458  1/sqrt(power(x('8') -
1459  x('24'), 2) +
1460  power(x('58') -
1461  x('74'), 2) +
1462  power(x('108') -
1463  x('124'), 2)) +
1464  1/sqrt(power(x('2') -
1465  x('30'), 2) +
1466  power(x('52') -
1467  x('80'), 2) +
1468  power(x('102') -
1469  x('130'), 2)) +
1470  1/sqrt(power(x('5') -
1471  x('27'), 2) +
1472  power(x('55') -
1473  x('77'), 2) +
1474  power(x('105') -
1475  x('127'), 2)) +
1476  1/sqrt(power(x('9') -
1477  x('23'), 2) +
1478  power(x('59') -
1479  x('73'), 2) +
1480  power(x('109') -
1481  x('123'), 2)) +
1482  1/sqrt(power(x('10') -
1483  x('22'), 2) +
1484  power(x('60') -
1485  x('72'), 2) +
1486  power(x('110') -
1487  x('122'), 2)) +
1488  1/sqrt(power(x('3') -
1489  x('29'), 2) +
1490  power(x('53') -
1491  x('79'), 2) +
1492  power(x('103') -
1493  x('129'), 2)) +
1494  1/sqrt(power(x('11') -
1495  x('21'), 2) +
1496  power(x('61') -
1497  x('71'), 2) +
1498  power(x('111') -
1499  x('121'), 2)) +
1500  1/sqrt(power(x('16') -
1501  x('17'), 2) +
1502  power(x('66') -
1503  x('67'), 2) +
1504  power(x('116') -
1505  x('117'), 2)) +
1506  1/sqrt(power(x('6') -
1507  x('27'), 2) +
1508  power(x('56') -
1509  x('77'), 2) +
1510  power(x('106') -
1511  x('127'), 2)) +
1512  1/sqrt(power(x('1') -
1513  x('32'), 2) +
1514  power(x('51') -
1515  x('82'), 2) +
1516  power(x('101') -
1517  x('132'), 2)) +
1518  1/sqrt(power(x('7') -
1519  x('26'), 2) +
1520  power(x('57') -
1521  x('76'), 2) +
1522  power(x('107') -
1523  x('126'), 2)) +
1524  1/sqrt(power(x('12') -
1525  x('21'), 2) +
1526  power(x('62') -
1527  x('71'), 2) +
1528  power(x('112') -
1529  x('121'), 2)) +
1530  1/sqrt(power(x('4') -
1531  x('29'), 2) +
1532  power(x('54') -
1533  x('79'), 2) +
1534  power(x('104') -
1535  x('129'), 2)) +
1536  1/sqrt(power(x('13') -
1537  x('20'), 2) +
1538  power(x('63') -
1539  x('70'), 2) +
1540  power(x('113') -
1541  x('120'), 2)) +
1542  1/sqrt(power(x('14') -
1543  x('19'), 2) +
1544  power(x('64') -
1545  x('69'), 2) +
1546  power(x('114') -
1547  x('119'), 2)) +
1548  1/sqrt(power(x('8') -
1549  x('25'), 2) +
1550  power(x('58') -
1551  x('75'), 2) +
1552  power(x('108') -
1553  x('125'), 2)) +
1554  1/sqrt(power(x('15') -
1555  x('18'), 2) +
1556  power(x('65') -
1557  x('68'), 2) +
1558  power(x('115') -
1559  x('118'), 2)) +
1560  1/sqrt(power(x('2') -
1561  x('31'), 2) +
1562  power(x('52') -
1563  x('81'), 2) +
1564  power(x('102') -
1565  x('131'), 2)) +
1566  1/sqrt(power(x('5') -
1567  x('28'), 2) +
1568  power(x('55') -
1569  x('78'), 2) +
1570  power(x('105') -
1571  x('128'), 2)) +
1572  1/sqrt(power(x('9') -
1573  x('24'), 2) +
1574  power(x('59') -
1575  x('74'), 2) +
1576  power(x('109') -
1577  x('124'), 2)) +
1578  1/sqrt(power(x('10') -
1579  x('23'), 2) +
1580  power(x('60') -
1581  x('73'), 2) +
1582  power(x('110') -
1583  x('123'), 2)) +
1584  1/sqrt(power(x('3') -
1585  x('30'), 2) +
1586  power(x('53') -
1587  x('80'), 2) +
1588  power(x('103') -
1589  x('130'), 2)) +
1590  1/sqrt(power(x('11') -
1591  x('22'), 2) +
1592  power(x('61') -
1593  x('72'), 2) +
1594  power(x('111') -
1595  x('122'), 2)) +
1596  1/sqrt(power(x('16') -
1597  x('18'), 2) +
1598  power(x('66') -
1599  x('68'), 2) +
1600  power(x('116') -
1601  x('118'), 2)) +
1602  1/sqrt(power(x('6') -
1603  x('28'), 2) +
1604  power(x('56') -
1605  x('78'), 2) +
1606  power(x('106') -
1607  x('128'), 2)) +
1608  1/sqrt(power(x('1') -
1609  x('33'), 2) +
1610  power(x('51') -
1611  x('83'), 2) +
1612  power(x('101') -
1613  x('133'), 2)) +
1614  1/sqrt(power(x('7') -
1615  x('27'), 2) +
1616  power(x('57') -
1617  x('77'), 2) +
1618  power(x('107') -
1619  x('127'), 2)) +
1620  1/sqrt(power(x('4') -
1621  x('30'), 2) +
1622  power(x('54') -
1623  x('80'), 2) +
1624  power(x('104') -
1625  x('130'), 2)) +
1626  1/sqrt(power(x('12') -
1627  x('22'), 2) +
1628  power(x('62') -
1629  x('72'), 2) +
1630  power(x('112') -
1631  x('122'), 2)) +
1632  1/sqrt(power(x('2') -
1633  x('32'), 2) +
1634  power(x('52') -
1635  x('82'), 2) +
1636  power(x('102') -
1637  x('132'), 2)) +
1638  1/sqrt(power(x('13') -
1639  x('21'), 2) +
1640  power(x('63') -
1641  x('71'), 2) +
1642  power(x('113') -
1643  x('121'), 2)) +
1644  1/sqrt(power(x('8') -
1645  x('26'), 2) +
1646  power(x('58') -
1647  x('76'), 2) +
1648  power(x('108') -
1649  x('126'), 2)) +
1650  1/sqrt(power(x('5') -
1651  x('29'), 2) +
1652  power(x('55') -
1653  x('79'), 2) +
1654  power(x('105') -
1655  x('129'), 2)) +
1656  1/sqrt(power(x('14') -
1657  x('20'), 2) +
1658  power(x('64') -
1659  x('70'), 2) +
1660  power(x('114') -
1661  x('120'), 2)) +
1662  1/sqrt(power(x('15') -
1663  x('19'), 2) +
1664  power(x('65') -
1665  x('69'), 2) +
1666  power(x('115') -
1667  x('119'), 2)) +
1668  1/sqrt(power(x('9') -
1669  x('25'), 2) +
1670  power(x('59') -
1671  x('75'), 2) +
1672  power(x('109') -
1673  x('125'), 2)) +
1674  1/sqrt(power(x('3') -
1675  x('31'), 2) +
1676  power(x('53') -
1677  x('81'), 2) +
1678  power(x('103') -
1679  x('131'), 2)) +
1680  1/sqrt(power(x('10') -
1681  x('24'), 2) +
1682  power(x('60') -
1683  x('74'), 2) +
1684  power(x('110') -
1685  x('124'), 2)) +
1686  1/sqrt(power(x('11') -
1687  x('23'), 2) +
1688  power(x('61') -
1689  x('73'), 2) +
1690  power(x('111') -
1691  x('123'), 2)) +
1692  1/sqrt(power(x('16') -
1693  x('19'), 2) +
1694  power(x('66') -
1695  x('69'), 2) +
1696  power(x('116') -
1697  x('119'), 2)) +
1698  1/sqrt(power(x('6') -
1699  x('29'), 2) +
1700  power(x('56') -
1701  x('79'), 2) +
1702  power(x('106') -
1703  x('129'), 2)) +
1704  1/sqrt(power(x('1') -
1705  x('34'), 2) +
1706  power(x('51') -
1707  x('84'), 2) +
1708  power(x('101') -
1709  x('134'), 2)) +
1710  1/sqrt(power(x('17') -
1711  x('18'), 2) +
1712  power(x('67') -
1713  x('68'), 2) +
1714  power(x('117') -
1715  x('118'), 2)) +
1716  1/sqrt(power(x('10') -
1717  x('25'), 2) +
1718  power(x('60') -
1719  x('75'), 2) +
1720  power(x('110') -
1721  x('125'), 2)) +
1722  1/sqrt(power(x('4') -
1723  x('31'), 2) +
1724  power(x('54') -
1725  x('81'), 2) +
1726  power(x('104') -
1727  x('131'), 2)) +
1728  1/sqrt(power(x('7') -
1729  x('28'), 2) +
1730  power(x('57') -
1731  x('78'), 2) +
1732  power(x('107') -
1733  x('128'), 2)) +
1734  1/sqrt(power(x('11') -
1735  x('24'), 2) +
1736  power(x('61') -
1737  x('74'), 2) +
1738  power(x('111') -
1739  x('124'), 2)) +
1740  1/sqrt(power(x('2') -
1741  x('33'), 2) +
1742  power(x('52') -
1743  x('83'), 2) +
1744  power(x('102') -
1745  x('133'), 2)) +
1746  1/sqrt(power(x('12') -
1747  x('23'), 2) +
1748  power(x('62') -
1749  x('73'), 2) +
1750  power(x('112') -
1751  x('123'), 2)) +
1752  1/sqrt(power(x('8') -
1753  x('27'), 2) +
1754  power(x('58') -
1755  x('77'), 2) +
1756  power(x('108') -
1757  x('127'), 2)) +
1758  1/sqrt(power(x('5') -
1759  x('30'), 2) +
1760  power(x('55') -
1761  x('80'), 2) +
1762  power(x('105') -
1763  x('130'), 2)) +
1764  1/sqrt(power(x('13') -
1765  x('22'), 2) +
1766  power(x('63') -
1767  x('72'), 2) +
1768  power(x('113') -
1769  x('122'), 2)) +
1770  1/sqrt(power(x('14') -
1771  x('21'), 2) +
1772  power(x('64') -
1773  x('71'), 2) +
1774  power(x('114') -
1775  x('121'), 2)) +
1776  1/sqrt(power(x('3') -
1777  x('32'), 2) +
1778  power(x('53') -
1779  x('82'), 2) +
1780  power(x('103') -
1781  x('132'), 2)) +
1782  1/sqrt(power(x('9') -
1783  x('26'), 2) +
1784  power(x('59') -
1785  x('76'), 2) +
1786  power(x('109') -
1787  x('126'), 2)) +
1788  1/sqrt(power(x('15') -
1789  x('20'), 2) +
1790  power(x('65') -
1791  x('70'), 2) +
1792  power(x('115') -
1793  x('120'), 2)) +
1794  1/sqrt(power(x('1') -
1795  x('35'), 2) +
1796  power(x('51') -
1797  x('85'), 2) +
1798  power(x('101') -
1799  x('135'), 2)) +
1800  1/sqrt(power(x('6') -
1801  x('30'), 2) +
1802  power(x('56') -
1803  x('80'), 2) +
1804  power(x('106') -
1805  x('130'), 2)) +
1806  1/sqrt(power(x('16') -
1807  x('20'), 2) +
1808  power(x('66') -
1809  x('70'), 2) +
1810  power(x('116') -
1811  x('120'), 2)) +
1812  1/sqrt(power(x('4') -
1813  x('32'), 2) +
1814  power(x('54') -
1815  x('82'), 2) +
1816  power(x('104') -
1817  x('132'), 2)) +
1818  1/sqrt(power(x('10') -
1819  x('26'), 2) +
1820  power(x('60') -
1821  x('76'), 2) +
1822  power(x('110') -
1823  x('126'), 2)) +
1824  1/sqrt(power(x('17') -
1825  x('19'), 2) +
1826  power(x('67') -
1827  x('69'), 2) +
1828  power(x('117') -
1829  x('119'), 2)) +
1830  1/sqrt(power(x('7') -
1831  x('29'), 2) +
1832  power(x('57') -
1833  x('79'), 2) +
1834  power(x('107') -
1835  x('129'), 2)) +
1836  1/sqrt(power(x('2') -
1837  x('34'), 2) +
1838  power(x('52') -
1839  x('84'), 2) +
1840  power(x('102') -
1841  x('134'), 2)) +
1842  1/sqrt(power(x('11') -
1843  x('25'), 2) +
1844  power(x('61') -
1845  x('75'), 2) +
1846  power(x('111') -
1847  x('125'), 2)) +
1848  1/sqrt(power(x('5') -
1849  x('31'), 2) +
1850  power(x('55') -
1851  x('81'), 2) +
1852  power(x('105') -
1853  x('131'), 2)) +
1854  1/sqrt(power(x('8') -
1855  x('28'), 2) +
1856  power(x('58') -
1857  x('78'), 2) +
1858  power(x('108') -
1859  x('128'), 2)) +
1860  1/sqrt(power(x('12') -
1861  x('24'), 2) +
1862  power(x('62') -
1863  x('74'), 2) +
1864  power(x('112') -
1865  x('124'), 2)) +
1866  1/sqrt(power(x('3') -
1867  x('33'), 2) +
1868  power(x('53') -
1869  x('83'), 2) +
1870  power(x('103') -
1871  x('133'), 2)) +
1872  1/sqrt(power(x('13') -
1873  x('23'), 2) +
1874  power(x('63') -
1875  x('73'), 2) +
1876  power(x('113') -
1877  x('123'), 2)) +
1878  1/sqrt(power(x('9') -
1879  x('27'), 2) +
1880  power(x('59') -
1881  x('77'), 2) +
1882  power(x('109') -
1883  x('127'), 2)) +
1884  1/sqrt(power(x('14') -
1885  x('22'), 2) +
1886  power(x('64') -
1887  x('72'), 2) +
1888  power(x('114') -
1889  x('122'), 2)) +
1890  1/sqrt(power(x('15') -
1891  x('21'), 2) +
1892  power(x('65') -
1893  x('71'), 2) +
1894  power(x('115') -
1895  x('121'), 2)) +
1896  1/sqrt(power(x('16') -
1897  x('21'), 2) +
1898  power(x('66') -
1899  x('71'), 2) +
1900  power(x('116') -
1901  x('121'), 2)) +
1902  1/sqrt(power(x('17') -
1903  x('20'), 2) +
1904  power(x('67') -
1905  x('70'), 2) +
1906  power(x('117') -
1907  x('120'), 2)) +
1908  1/sqrt(power(x('18') -
1909  x('19'), 2) +
1910  power(x('68') -
1911  x('69'), 2) +
1912  power(x('118') -
1913  x('119'), 2)) +
1914  1/sqrt(power(x('8') -
1915  x('29'), 2) +
1916  power(x('58') -
1917  x('79'), 2) +
1918  power(x('108') -
1919  x('129'), 2)) +
1920  1/sqrt(power(x('1') -
1921  x('36'), 2) +
1922  power(x('51') -
1923  x('86'), 2) +
1924  power(x('101') -
1925  x('136'), 2)) +
1926  1/sqrt(power(x('6') -
1927  x('31'), 2) +
1928  power(x('56') -
1929  x('81'), 2) +
1930  power(x('106') -
1931  x('131'), 2)) +
1932  1/sqrt(power(x('9') -
1933  x('28'), 2) +
1934  power(x('59') -
1935  x('78'), 2) +
1936  power(x('109') -
1937  x('128'), 2)) +
1938  1/sqrt(power(x('4') -
1939  x('33'), 2) +
1940  power(x('54') -
1941  x('83'), 2) +
1942  power(x('104') -
1943  x('133'), 2)) +
1944  1/sqrt(power(x('14') -
1945  x('23'), 2) +
1946  power(x('64') -
1947  x('73'), 2) +
1948  power(x('114') -
1949  x('123'), 2)) +
1950  1/sqrt(power(x('2') -
1951  x('35'), 2) +
1952  power(x('52') -
1953  x('85'), 2) +
1954  power(x('102') -
1955  x('135'), 2)) +
1956  1/sqrt(power(x('15') -
1957  x('22'), 2) +
1958  power(x('65') -
1959  x('72'), 2) +
1960  power(x('115') -
1961  x('122'), 2)) +
1962  1/sqrt(power(x('10') -
1963  x('27'), 2) +
1964  power(x('60') -
1965  x('77'), 2) +
1966  power(x('110') -
1967  x('127'), 2)) +
1968  1/sqrt(power(x('7') -
1969  x('30'), 2) +
1970  power(x('57') -
1971  x('80'), 2) +
1972  power(x('107') -
1973  x('130'), 2)) +
1974  1/sqrt(power(x('11') -
1975  x('26'), 2) +
1976  power(x('61') -
1977  x('76'), 2) +
1978  power(x('111') -
1979  x('126'), 2)) +
1980  1/sqrt(power(x('5') -
1981  x('32'), 2) +
1982  power(x('55') -
1983  x('82'), 2) +
1984  power(x('105') -
1985  x('132'), 2)) +
1986  1/sqrt(power(x('3') -
1987  x('34'), 2) +
1988  power(x('53') -
1989  x('84'), 2) +
1990  power(x('103') -
1991  x('134'), 2)) +
1992  1/sqrt(power(x('12') -
1993  x('25'), 2) +
1994  power(x('62') -
1995  x('75'), 2) +
1996  power(x('112') -
1997  x('125'), 2)) +
1998  1/sqrt(power(x('13') -
1999  x('24'), 2) +
2000  power(x('63') -
2001  x('74'), 2) +
2002  power(x('113') -
2003  x('124'), 2)) +
2004  1/sqrt(power(x('16') -
2005  x('22'), 2) +
2006  power(x('66') -
2007  x('72'), 2) +
2008  power(x('116') -
2009  x('122'), 2)) +
2010  1/sqrt(power(x('17') -
2011  x('21'), 2) +
2012  power(x('67') -
2013  x('71'), 2) +
2014  power(x('117') -
2015  x('121'), 2)) +
2016  1/sqrt(power(x('18') -
2017  x('20'), 2) +
2018  power(x('68') -
2019  x('70'), 2) +
2020  power(x('118') -
2021  x('120'), 2)) +
2022  1/sqrt(power(x('6') -
2023  x('32'), 2) +
2024  power(x('56') -
2025  x('82'), 2) +
2026  power(x('106') -
2027  x('132'), 2)) +
2028  1/sqrt(power(x('4') -
2029  x('34'), 2) +
2030  power(x('54') -
2031  x('84'), 2) +
2032  power(x('104') -
2033  x('134'), 2)) +
2034  1/sqrt(power(x('2') -
2035  x('36'), 2) +
2036  power(x('52') -
2037  x('86'), 2) +
2038  power(x('102') -
2039  x('136'), 2)) +
2040  1/sqrt(power(x('14') -
2041  x('24'), 2) +
2042  power(x('64') -
2043  x('74'), 2) +
2044  power(x('114') -
2045  x('124'), 2)) +
2046  1/sqrt(power(x('7') -
2047  x('31'), 2) +
2048  power(x('57') -
2049  x('81'), 2) +
2050  power(x('107') -
2051  x('131'), 2)) +
2052  1/sqrt(power(x('15') -
2053  x('23'), 2) +
2054  power(x('65') -
2055  x('73'), 2) +
2056  power(x('115') -
2057  x('123'), 2)) +
2058  1/sqrt(power(x('5') -
2059  x('33'), 2) +
2060  power(x('55') -
2061  x('83'), 2) +
2062  power(x('105') -
2063  x('133'), 2)) +
2064  1/sqrt(power(x('1') -
2065  x('37'), 2) +
2066  power(x('51') -
2067  x('87'), 2) +
2068  power(x('101') -
2069  x('137'), 2)) +
2070  1/sqrt(power(x('3') -
2071  x('35'), 2) +
2072  power(x('53') -
2073  x('85'), 2) +
2074  power(x('103') -
2075  x('135'), 2)) +
2076  1/sqrt(power(x('11') -
2077  x('27'), 2) +
2078  power(x('61') -
2079  x('77'), 2) +
2080  power(x('111') -
2081  x('127'), 2)) +
2082  1/sqrt(power(x('8') -
2083  x('30'), 2) +
2084  power(x('58') -
2085  x('80'), 2) +
2086  power(x('108') -
2087  x('130'), 2)) +
2088  1/sqrt(power(x('12') -
2089  x('26'), 2) +
2090  power(x('62') -
2091  x('76'), 2) +
2092  power(x('112') -
2093  x('126'), 2)) +
2094  1/sqrt(power(x('9') -
2095  x('29'), 2) +
2096  power(x('59') -
2097  x('79'), 2) +
2098  power(x('109') -
2099  x('129'), 2)) +
2100  1/sqrt(power(x('13') -
2101  x('25'), 2) +
2102  power(x('63') -
2103  x('75'), 2) +
2104  power(x('113') -
2105  x('125'), 2)) +
2106  1/sqrt(power(x('10') -
2107  x('28'), 2) +
2108  power(x('60') -
2109  x('78'), 2) +
2110  power(x('110') -
2111  x('128'), 2)) +
2112  1/sqrt(power(x('1') -
2113  x('38'), 2) +
2114  power(x('51') -
2115  x('88'), 2) +
2116  power(x('101') -
2117  x('138'), 2)) +
2118  1/sqrt(power(x('14') -
2119  x('25'), 2) +
2120  power(x('64') -
2121  x('75'), 2) +
2122  power(x('114') -
2123  x('125'), 2)) +
2124  1/sqrt(power(x('3') -
2125  x('36'), 2) +
2126  power(x('53') -
2127  x('86'), 2) +
2128  power(x('103') -
2129  x('136'), 2)) +
2130  1/sqrt(power(x('15') -
2131  x('24'), 2) +
2132  power(x('65') -
2133  x('74'), 2) +
2134  power(x('115') -
2135  x('124'), 2)) +
2136  1/sqrt(power(x('8') -
2137  x('31'), 2) +
2138  power(x('58') -
2139  x('81'), 2) +
2140  power(x('108') -
2141  x('131'), 2)) +
2142  1/sqrt(power(x('11') -
2143  x('28'), 2) +
2144  power(x('61') -
2145  x('78'), 2) +
2146  power(x('111') -
2147  x('128'), 2)) +
2148  1/sqrt(power(x('16') -
2149  x('23'), 2) +
2150  power(x('66') -
2151  x('73'), 2) +
2152  power(x('116') -
2153  x('123'), 2)) +
2154  1/sqrt(power(x('17') -
2155  x('22'), 2) +
2156  power(x('67') -
2157  x('72'), 2) +
2158  power(x('117') -
2159  x('122'), 2)) +
2160  1/sqrt(power(x('6') -
2161  x('33'), 2) +
2162  power(x('56') -
2163  x('83'), 2) +
2164  power(x('106') -
2165  x('133'), 2)) +
2166  1/sqrt(power(x('18') -
2167  x('21'), 2) +
2168  power(x('68') -
2169  x('71'), 2) +
2170  power(x('118') -
2171  x('121'), 2)) +
2172  1/sqrt(power(x('2') -
2173  x('37'), 2) +
2174  power(x('52') -
2175  x('87'), 2) +
2176  power(x('102') -
2177  x('137'), 2)) +
2178  1/sqrt(power(x('4') -
2179  x('35'), 2) +
2180  power(x('54') -
2181  x('85'), 2) +
2182  power(x('104') -
2183  x('135'), 2)) +
2184  1/sqrt(power(x('19') -
2185  x('20'), 2) +
2186  power(x('69') -
2187  x('70'), 2) +
2188  power(x('119') -
2189  x('120'), 2)) +
2190  1/sqrt(power(x('12') -
2191  x('27'), 2) +
2192  power(x('62') -
2193  x('77'), 2) +
2194  power(x('112') -
2195  x('127'), 2)) +
2196  1/sqrt(power(x('9') -
2197  x('30'), 2) +
2198  power(x('59') -
2199  x('80'), 2) +
2200  power(x('109') -
2201  x('130'), 2)) +
2202  1/sqrt(power(x('13') -
2203  x('26'), 2) +
2204  power(x('63') -
2205  x('76'), 2) +
2206  power(x('113') -
2207  x('126'), 2)) +
2208  1/sqrt(power(x('7') -
2209  x('32'), 2) +
2210  power(x('57') -
2211  x('82'), 2) +
2212  power(x('107') -
2213  x('132'), 2)) +
2214  1/sqrt(power(x('10') -
2215  x('29'), 2) +
2216  power(x('60') -
2217  x('79'), 2) +
2218  power(x('110') -
2219  x('129'), 2)) +
2220  1/sqrt(power(x('5') -
2221  x('34'), 2) +
2222  power(x('55') -
2223  x('84'), 2) +
2224  power(x('105') -
2225  x('134'), 2)) +
2226  1/sqrt(power(x('16') -
2227  x('24'), 2) +
2228  power(x('66') -
2229  x('74'), 2) +
2230  power(x('116') -
2231  x('124'), 2)) +
2232  1/sqrt(power(x('17') -
2233  x('23'), 2) +
2234  power(x('67') -
2235  x('73'), 2) +
2236  power(x('117') -
2237  x('123'), 2)) +
2238  1/sqrt(power(x('18') -
2239  x('22'), 2) +
2240  power(x('68') -
2241  x('72'), 2) +
2242  power(x('118') -
2243  x('122'), 2)) +
2244  1/sqrt(power(x('19') -
2245  x('21'), 2) +
2246  power(x('69') -
2247  x('71'), 2) +
2248  power(x('119') -
2249  x('121'), 2)) +
2250  1/sqrt(power(x('13') -
2251  x('27'), 2) +
2252  power(x('63') -
2253  x('77'), 2) +
2254  power(x('113') -
2255  x('127'), 2)) +
2256  1/sqrt(power(x('14') -
2257  x('26'), 2) +
2258  power(x('64') -
2259  x('76'), 2) +
2260  power(x('114') -
2261  x('126'), 2)) +
2262  1/sqrt(power(x('8') -
2263  x('32'), 2) +
2264  power(x('58') -
2265  x('82'), 2) +
2266  power(x('108') -
2267  x('132'), 2)) +
2268  1/sqrt(power(x('15') -
2269  x('25'), 2) +
2270  power(x('65') -
2271  x('75'), 2) +
2272  power(x('115') -
2273  x('125'), 2)) +
2274  1/sqrt(power(x('11') -
2275  x('29'), 2) +
2276  power(x('61') -
2277  x('79'), 2) +
2278  power(x('111') -
2279  x('129'), 2)) +
2280  1/sqrt(power(x('6') -
2281  x('34'), 2) +
2282  power(x('56') -
2283  x('84'), 2) +
2284  power(x('106') -
2285  x('134'), 2)) +
2286  1/sqrt(power(x('4') -
2287  x('36'), 2) +
2288  power(x('54') -
2289  x('86'), 2) +
2290  power(x('104') -
2291  x('136'), 2)) +
2292  1/sqrt(power(x('12') -
2293  x('28'), 2) +
2294  power(x('62') -
2295  x('78'), 2) +
2296  power(x('112') -
2297  x('128'), 2)) +
2298  1/sqrt(power(x('9') -
2299  x('31'), 2) +
2300  power(x('59') -
2301  x('81'), 2) +
2302  power(x('109') -
2303  x('131'), 2)) +
2304  1/sqrt(power(x('1') -
2305  x('39'), 2) +
2306  power(x('51') -
2307  x('89'), 2) +
2308  power(x('101') -
2309  x('139'), 2)) +
2310  1/sqrt(power(x('7') -
2311  x('33'), 2) +
2312  power(x('57') -
2313  x('83'), 2) +
2314  power(x('107') -
2315  x('133'), 2)) +
2316  1/sqrt(power(x('3') -
2317  x('37'), 2) +
2318  power(x('53') -
2319  x('87'), 2) +
2320  power(x('103') -
2321  x('137'), 2)) +
2322  1/sqrt(power(x('5') -
2323  x('35'), 2) +
2324  power(x('55') -
2325  x('85'), 2) +
2326  power(x('105') -
2327  x('135'), 2)) +
2328  1/sqrt(power(x('10') -
2329  x('30'), 2) +
2330  power(x('60') -
2331  x('80'), 2) +
2332  power(x('110') -
2333  x('130'), 2)) +
2334  1/sqrt(power(x('2') -
2335  x('38'), 2) +
2336  power(x('52') -
2337  x('88'), 2) +
2338  power(x('102') -
2339  x('138'), 2)) +
2340  1/sqrt(power(x('1') -
2341  x('40'), 2) +
2342  power(x('51') -
2343  x('90'), 2) +
2344  power(x('101') -
2345  x('140'), 2)) +
2346  1/sqrt(power(x('16') -
2347  x('25'), 2) +
2348  power(x('66') -
2349  x('75'), 2) +
2350  power(x('116') -
2351  x('125'), 2)) +
2352  1/sqrt(power(x('3') -
2353  x('38'), 2) +
2354  power(x('53') -
2355  x('88'), 2) +
2356  power(x('103') -
2357  x('138'), 2)) +
2358  1/sqrt(power(x('5') -
2359  x('36'), 2) +
2360  power(x('55') -
2361  x('86'), 2) +
2362  power(x('105') -
2363  x('136'), 2)) +
2364  1/sqrt(power(x('17') -
2365  x('24'), 2) +
2366  power(x('67') -
2367  x('74'), 2) +
2368  power(x('117') -
2369  x('124'), 2)) +
2370  1/sqrt(power(x('18') -
2371  x('23'), 2) +
2372  power(x('68') -
2373  x('73'), 2) +
2374  power(x('118') -
2375  x('123'), 2)) +
2376  1/sqrt(power(x('19') -
2377  x('22'), 2) +
2378  power(x('69') -
2379  x('72'), 2) +
2380  power(x('119') -
2381  x('122'), 2)) +
2382  1/sqrt(power(x('13') -
2383  x('28'), 2) +
2384  power(x('63') -
2385  x('78'), 2) +
2386  power(x('113') -
2387  x('128'), 2)) +
2388  1/sqrt(power(x('20') -
2389  x('21'), 2) +
2390  power(x('70') -
2391  x('71'), 2) +
2392  power(x('120') -
2393  x('121'), 2)) +
2394  1/sqrt(power(x('2') -
2395  x('39'), 2) +
2396  power(x('52') -
2397  x('89'), 2) +
2398  power(x('102') -
2399  x('139'), 2)) +
2400  1/sqrt(power(x('8') -
2401  x('33'), 2) +
2402  power(x('58') -
2403  x('83'), 2) +
2404  power(x('108') -
2405  x('133'), 2)) +
2406  1/sqrt(power(x('14') -
2407  x('27'), 2) +
2408  power(x('64') -
2409  x('77'), 2) +
2410  power(x('114') -
2411  x('127'), 2)) +
2412  1/sqrt(power(x('4') -
2413  x('37'), 2) +
2414  power(x('54') -
2415  x('87'), 2) +
2416  power(x('104') -
2417  x('137'), 2)) +
2418  1/sqrt(power(x('6') -
2419  x('35'), 2) +
2420  power(x('56') -
2421  x('85'), 2) +
2422  power(x('106') -
2423  x('135'), 2)) +
2424  1/sqrt(power(x('11') -
2425  x('30'), 2) +
2426  power(x('61') -
2427  x('80'), 2) +
2428  power(x('111') -
2429  x('130'), 2)) +
2430  1/sqrt(power(x('15') -
2431  x('26'), 2) +
2432  power(x('65') -
2433  x('76'), 2) +
2434  power(x('115') -
2435  x('126'), 2)) +
2436  1/sqrt(power(x('9') -
2437  x('32'), 2) +
2438  power(x('59') -
2439  x('82'), 2) +
2440  power(x('109') -
2441  x('132'), 2)) +
2442  1/sqrt(power(x('12') -
2443  x('29'), 2) +
2444  power(x('62') -
2445  x('79'), 2) +
2446  power(x('112') -
2447  x('129'), 2)) +
2448  1/sqrt(power(x('7') -
2449  x('34'), 2) +
2450  power(x('57') -
2451  x('84'), 2) +
2452  power(x('107') -
2453  x('134'), 2)) +
2454  1/sqrt(power(x('10') -
2455  x('31'), 2) +
2456  power(x('60') -
2457  x('81'), 2) +
2458  power(x('110') -
2459  x('131'), 2)) +
2460  1/sqrt(power(x('16') -
2461  x('26'), 2) +
2462  power(x('66') -
2463  x('76'), 2) +
2464  power(x('116') -
2465  x('126'), 2)) +
2466  1/sqrt(power(x('17') -
2467  x('25'), 2) +
2468  power(x('67') -
2469  x('75'), 2) +
2470  power(x('117') -
2471  x('125'), 2)) +
2472  1/sqrt(power(x('18') -
2473  x('24'), 2) +
2474  power(x('68') -
2475  x('74'), 2) +
2476  power(x('118') -
2477  x('124'), 2)) +
2478  1/sqrt(power(x('6') -
2479  x('36'), 2) +
2480  power(x('56') -
2481  x('86'), 2) +
2482  power(x('106') -
2483  x('136'), 2)) +
2484  1/sqrt(power(x('19') -
2485  x('23'), 2) +
2486  power(x('69') -
2487  x('73'), 2) +
2488  power(x('119') -
2489  x('123'), 2)) +
2490  1/sqrt(power(x('20') -
2491  x('22'), 2) +
2492  power(x('70') -
2493  x('72'), 2) +
2494  power(x('120') -
2495  x('122'), 2)) +
2496  1/sqrt(power(x('1') -
2497  x('41'), 2) +
2498  power(x('51') -
2499  x('91'), 2) +
2500  power(x('101') -
2501  x('141'), 2)) +
2502  1/sqrt(power(x('11') -
2503  x('31'), 2) +
2504  power(x('61') -
2505  x('81'), 2) +
2506  power(x('111') -
2507  x('131'), 2)) +
2508  1/sqrt(power(x('3') -
2509  x('39'), 2) +
2510  power(x('53') -
2511  x('89'), 2) +
2512  power(x('103') -
2513  x('139'), 2)) +
2514  1/sqrt(power(x('15') -
2515  x('27'), 2) +
2516  power(x('65') -
2517  x('77'), 2) +
2518  power(x('115') -
2519  x('127'), 2)) +
2520  1/sqrt(power(x('9') -
2521  x('33'), 2) +
2522  power(x('59') -
2523  x('83'), 2) +
2524  power(x('109') -
2525  x('133'), 2)) +
2526  1/sqrt(power(x('5') -
2527  x('37'), 2) +
2528  power(x('55') -
2529  x('87'), 2) +
2530  power(x('105') -
2531  x('137'), 2)) +
2532  1/sqrt(power(x('7') -
2533  x('35'), 2) +
2534  power(x('57') -
2535  x('85'), 2) +
2536  power(x('107') -
2537  x('135'), 2)) +
2538  1/sqrt(power(x('12') -
2539  x('30'), 2) +
2540  power(x('62') -
2541  x('80'), 2) +
2542  power(x('112') -
2543  x('130'), 2)) +
2544  1/sqrt(power(x('2') -
2545  x('40'), 2) +
2546  power(x('52') -
2547  x('90'), 2) +
2548  power(x('102') -
2549  x('140'), 2)) +
2550  1/sqrt(power(x('10') -
2551  x('32'), 2) +
2552  power(x('60') -
2553  x('82'), 2) +
2554  power(x('110') -
2555  x('132'), 2)) +
2556  1/sqrt(power(x('13') -
2557  x('29'), 2) +
2558  power(x('63') -
2559  x('79'), 2) +
2560  power(x('113') -
2561  x('129'), 2)) +
2562  1/sqrt(power(x('4') -
2563  x('38'), 2) +
2564  power(x('54') -
2565  x('88'), 2) +
2566  power(x('104') -
2567  x('138'), 2)) +
2568  1/sqrt(power(x('8') -
2569  x('34'), 2) +
2570  power(x('58') -
2571  x('84'), 2) +
2572  power(x('108') -
2573  x('134'), 2)) +
2574  1/sqrt(power(x('14') -
2575  x('28'), 2) +
2576  power(x('64') -
2577  x('78'), 2) +
2578  power(x('114') -
2579  x('128'), 2)) +
2580  1/sqrt(power(x('6') -
2581  x('37'), 2) +
2582  power(x('56') -
2583  x('87'), 2) +
2584  power(x('106') -
2585  x('137'), 2)) +
2586  1/sqrt(power(x('1') -
2587  x('42'), 2) +
2588  power(x('51') -
2589  x('92'), 2) +
2590  power(x('101') -
2591  x('142'), 2)) +
2592  1/sqrt(power(x('8') -
2593  x('35'), 2) +
2594  power(x('58') -
2595  x('85'), 2) +
2596  power(x('108') -
2597  x('135'), 2)) +
2598  1/sqrt(power(x('13') -
2599  x('30'), 2) +
2600  power(x('63') -
2601  x('80'), 2) +
2602  power(x('113') -
2603  x('130'), 2)) +
2604  1/sqrt(power(x('3') -
2605  x('40'), 2) +
2606  power(x('53') -
2607  x('90'), 2) +
2608  power(x('103') -
2609  x('140'), 2)) +
2610  1/sqrt(power(x('11') -
2611  x('32'), 2) +
2612  power(x('61') -
2613  x('82'), 2) +
2614  power(x('111') -
2615  x('132'), 2)) +
2616  1/sqrt(power(x('14') -
2617  x('29'), 2) +
2618  power(x('64') -
2619  x('79'), 2) +
2620  power(x('114') -
2621  x('129'), 2)) +
2622  1/sqrt(power(x('5') -
2623  x('38'), 2) +
2624  power(x('55') -
2625  x('88'), 2) +
2626  power(x('105') -
2627  x('138'), 2)) +
2628  1/sqrt(power(x('21') -
2629  x('22'), 2) +
2630  power(x('71') -
2631  x('72'), 2) +
2632  power(x('121') -
2633  x('122'), 2)) +
2634  1/sqrt(power(x('9') -
2635  x('34'), 2) +
2636  power(x('59') -
2637  x('84'), 2) +
2638  power(x('109') -
2639  x('134'), 2)) +
2640  1/sqrt(power(x('7') -
2641  x('36'), 2) +
2642  power(x('57') -
2643  x('86'), 2) +
2644  power(x('107') -
2645  x('136'), 2)) +
2646  1/sqrt(power(x('15') -
2647  x('28'), 2) +
2648  power(x('65') -
2649  x('78'), 2) +
2650  power(x('115') -
2651  x('128'), 2)) +
2652  1/sqrt(power(x('2') -
2653  x('41'), 2) +
2654  power(x('52') -
2655  x('91'), 2) +
2656  power(x('102') -
2657  x('141'), 2)) +
2658  1/sqrt(power(x('12') -
2659  x('31'), 2) +
2660  power(x('62') -
2661  x('81'), 2) +
2662  power(x('112') -
2663  x('131'), 2)) +
2664  1/sqrt(power(x('4') -
2665  x('39'), 2) +
2666  power(x('54') -
2667  x('89'), 2) +
2668  power(x('104') -
2669  x('139'), 2)) +
2670  1/sqrt(power(x('16') -
2671  x('27'), 2) +
2672  power(x('66') -
2673  x('77'), 2) +
2674  power(x('116') -
2675  x('127'), 2)) +
2676  1/sqrt(power(x('10') -
2677  x('33'), 2) +
2678  power(x('60') -
2679  x('83'), 2) +
2680  power(x('110') -
2681  x('133'), 2)) +
2682  1/sqrt(power(x('17') -
2683  x('26'), 2) +
2684  power(x('67') -
2685  x('76'), 2) +
2686  power(x('117') -
2687  x('126'), 2)) +
2688  1/sqrt(power(x('18') -
2689  x('25'), 2) +
2690  power(x('68') -
2691  x('75'), 2) +
2692  power(x('118') -
2693  x('125'), 2)) +
2694  1/sqrt(power(x('19') -
2695  x('24'), 2) +
2696  power(x('69') -
2697  x('74'), 2) +
2698  power(x('119') -
2699  x('124'), 2)) +
2700  1/sqrt(power(x('20') -
2701  x('23'), 2) +
2702  power(x('70') -
2703  x('73'), 2) +
2704  power(x('120') -
2705  x('123'), 2)) +
2706  1/sqrt(power(x('21') -
2707  x('23'), 2) +
2708  power(x('71') -
2709  x('73'), 2) +
2710  power(x('121') -
2711  x('123'), 2)) +
2712  1/sqrt(power(x('1') -
2713  x('43'), 2) +
2714  power(x('51') -
2715  x('93'), 2) +
2716  power(x('101') -
2717  x('143'), 2)) +
2718  1/sqrt(power(x('6') -
2719  x('38'), 2) +
2720  power(x('56') -
2721  x('88'), 2) +
2722  power(x('106') -
2723  x('138'), 2)) +
2724  1/sqrt(power(x('8') -
2725  x('36'), 2) +
2726  power(x('58') -
2727  x('86'), 2) +
2728  power(x('108') -
2729  x('136'), 2)) +
2730  1/sqrt(power(x('16') -
2731  x('28'), 2) +
2732  power(x('66') -
2733  x('78'), 2) +
2734  power(x('116') -
2735  x('128'), 2)) +
2736  1/sqrt(power(x('3') -
2737  x('41'), 2) +
2738  power(x('53') -
2739  x('91'), 2) +
2740  power(x('103') -
2741  x('141'), 2)) +
2742  1/sqrt(power(x('13') -
2743  x('31'), 2) +
2744  power(x('63') -
2745  x('81'), 2) +
2746  power(x('113') -
2747  x('131'), 2)) +
2748  1/sqrt(power(x('17') -
2749  x('27'), 2) +
2750  power(x('67') -
2751  x('77'), 2) +
2752  power(x('117') -
2753  x('127'), 2)) +
2754  1/sqrt(power(x('5') -
2755  x('39'), 2) +
2756  power(x('55') -
2757  x('89'), 2) +
2758  power(x('105') -
2759  x('139'), 2)) +
2760  1/sqrt(power(x('11') -
2761  x('33'), 2) +
2762  power(x('61') -
2763  x('83'), 2) +
2764  power(x('111') -
2765  x('133'), 2)) +
2766  1/sqrt(power(x('2') -
2767  x('42'), 2) +
2768  power(x('52') -
2769  x('92'), 2) +
2770  power(x('102') -
2771  x('142'), 2)) +
2772  1/sqrt(power(x('18') -
2773  x('26'), 2) +
2774  power(x('68') -
2775  x('76'), 2) +
2776  power(x('118') -
2777  x('126'), 2)) +
2778  1/sqrt(power(x('7') -
2779  x('37'), 2) +
2780  power(x('57') -
2781  x('87'), 2) +
2782  power(x('107') -
2783  x('137'), 2)) +
2784  1/sqrt(power(x('9') -
2785  x('35'), 2) +
2786  power(x('59') -
2787  x('85'), 2) +
2788  power(x('109') -
2789  x('135'), 2)) +
2790  1/sqrt(power(x('14') -
2791  x('30'), 2) +
2792  power(x('64') -
2793  x('80'), 2) +
2794  power(x('114') -
2795  x('130'), 2)) +
2796  1/sqrt(power(x('19') -
2797  x('25'), 2) +
2798  power(x('69') -
2799  x('75'), 2) +
2800  power(x('119') -
2801  x('125'), 2)) +
2802  1/sqrt(power(x('20') -
2803  x('24'), 2) +
2804  power(x('70') -
2805  x('74'), 2) +
2806  power(x('120') -
2807  x('124'), 2)) +
2808  1/sqrt(power(x('4') -
2809  x('40'), 2) +
2810  power(x('54') -
2811  x('90'), 2) +
2812  power(x('104') -
2813  x('140'), 2)) +
2814  1/sqrt(power(x('15') -
2815  x('29'), 2) +
2816  power(x('65') -
2817  x('79'), 2) +
2818  power(x('115') -
2819  x('129'), 2)) +
2820  1/sqrt(power(x('12') -
2821  x('32'), 2) +
2822  power(x('62') -
2823  x('82'), 2) +
2824  power(x('112') -
2825  x('132'), 2)) +
2826  1/sqrt(power(x('10') -
2827  x('34'), 2) +
2828  power(x('60') -
2829  x('84'), 2) +
2830  power(x('110') -
2831  x('134'), 2)) +
2832  1/sqrt(power(x('21') -
2833  x('24'), 2) +
2834  power(x('71') -
2835  x('74'), 2) +
2836  power(x('121') -
2837  x('124'), 2)) +
2838  1/sqrt(power(x('22') -
2839  x('23'), 2) +
2840  power(x('72') -
2841  x('73'), 2) +
2842  power(x('122') -
2843  x('123'), 2)) +
2844  1/sqrt(power(x('16') -
2845  x('29'), 2) +
2846  power(x('66') -
2847  x('79'), 2) +
2848  power(x('116') -
2849  x('129'), 2)) +
2850  1/sqrt(power(x('13') -
2851  x('32'), 2) +
2852  power(x('63') -
2853  x('82'), 2) +
2854  power(x('113') -
2855  x('132'), 2)) +
2856  1/sqrt(power(x('11') -
2857  x('34'), 2) +
2858  power(x('61') -
2859  x('84'), 2) +
2860  power(x('111') -
2861  x('134'), 2)) +
2862  1/sqrt(power(x('17') -
2863  x('28'), 2) +
2864  power(x('67') -
2865  x('78'), 2) +
2866  power(x('117') -
2867  x('128'), 2)) +
2868  1/sqrt(power(x('9') -
2869  x('36'), 2) +
2870  power(x('59') -
2871  x('86'), 2) +
2872  power(x('109') -
2873  x('136'), 2)) +
2874  1/sqrt(power(x('1') -
2875  x('44'), 2) +
2876  power(x('51') -
2877  x('94'), 2) +
2878  power(x('101') -
2879  x('144'), 2)) +
2880  1/sqrt(power(x('14') -
2881  x('31'), 2) +
2882  power(x('64') -
2883  x('81'), 2) +
2884  power(x('114') -
2885  x('131'), 2)) +
2886  1/sqrt(power(x('18') -
2887  x('27'), 2) +
2888  power(x('68') -
2889  x('77'), 2) +
2890  power(x('118') -
2891  x('127'), 2)) +
2892  1/sqrt(power(x('6') -
2893  x('39'), 2) +
2894  power(x('56') -
2895  x('89'), 2) +
2896  power(x('106') -
2897  x('139'), 2)) +
2898  1/sqrt(power(x('19') -
2899  x('26'), 2) +
2900  power(x('69') -
2901  x('76'), 2) +
2902  power(x('119') -
2903  x('126'), 2)) +
2904  1/sqrt(power(x('12') -
2905  x('33'), 2) +
2906  power(x('62') -
2907  x('83'), 2) +
2908  power(x('112') -
2909  x('133'), 2)) +
2910  1/sqrt(power(x('3') -
2911  x('42'), 2) +
2912  power(x('53') -
2913  x('92'), 2) +
2914  power(x('103') -
2915  x('142'), 2)) +
2916  1/sqrt(power(x('15') -
2917  x('30'), 2) +
2918  power(x('65') -
2919  x('80'), 2) +
2920  power(x('115') -
2921  x('130'), 2)) +
2922  1/sqrt(power(x('8') -
2923  x('37'), 2) +
2924  power(x('58') -
2925  x('87'), 2) +
2926  power(x('108') -
2927  x('137'), 2)) +
2928  1/sqrt(power(x('20') -
2929  x('25'), 2) +
2930  power(x('70') -
2931  x('75'), 2) +
2932  power(x('120') -
2933  x('125'), 2)) +
2934  1/sqrt(power(x('10') -
2935  x('35'), 2) +
2936  power(x('60') -
2937  x('85'), 2) +
2938  power(x('110') -
2939  x('135'), 2)) +
2940  1/sqrt(power(x('5') -
2941  x('40'), 2) +
2942  power(x('55') -
2943  x('90'), 2) +
2944  power(x('105') -
2945  x('140'), 2)) +
2946  1/sqrt(power(x('2') -
2947  x('43'), 2) +
2948  power(x('52') -
2949  x('93'), 2) +
2950  power(x('102') -
2951  x('143'), 2)) +
2952  1/sqrt(power(x('7') -
2953  x('38'), 2) +
2954  power(x('57') -
2955  x('88'), 2) +
2956  power(x('107') -
2957  x('138'), 2)) +
2958  1/sqrt(power(x('4') -
2959  x('41'), 2) +
2960  power(x('54') -
2961  x('91'), 2) +
2962  power(x('104') -
2963  x('141'), 2)) +
2964  1/sqrt(power(x('8') -
2965  x('38'), 2) +
2966  power(x('58') -
2967  x('88'), 2) +
2968  power(x('108') -
2969  x('138'), 2)) +
2970  1/sqrt(power(x('18') -
2971  x('28'), 2) +
2972  power(x('68') -
2973  x('78'), 2) +
2974  power(x('118') -
2975  x('128'), 2)) +
2976  1/sqrt(power(x('10') -
2977  x('36'), 2) +
2978  power(x('60') -
2979  x('86'), 2) +
2980  power(x('110') -
2981  x('136'), 2)) +
2982  1/sqrt(power(x('19') -
2983  x('27'), 2) +
2984  power(x('69') -
2985  x('77'), 2) +
2986  power(x('119') -
2987  x('127'), 2)) +
2988  1/sqrt(power(x('20') -
2989  x('26'), 2) +
2990  power(x('70') -
2991  x('76'), 2) +
2992  power(x('120') -
2993  x('126'), 2)) +
2994  1/sqrt(power(x('1') -
2995  x('45'), 2) +
2996  power(x('51') -
2997  x('95'), 2) +
2998  power(x('101') -
2999  x('145'), 2)) +
3000  1/sqrt(power(x('7') -
3001  x('39'), 2) +
3002  power(x('57') -
3003  x('89'), 2) +
3004  power(x('107') -
3005  x('139'), 2)) +
3006  1/sqrt(power(x('21') -
3007  x('25'), 2) +
3008  power(x('71') -
3009  x('75'), 2) +
3010  power(x('121') -
3011  x('125'), 2)) +
3012  1/sqrt(power(x('13') -
3013  x('33'), 2) +
3014  power(x('63') -
3015  x('83'), 2) +
3016  power(x('113') -
3017  x('133'), 2)) +
3018  1/sqrt(power(x('16') -
3019  x('30'), 2) +
3020  power(x('66') -
3021  x('80'), 2) +
3022  power(x('116') -
3023  x('130'), 2)) +
3024  1/sqrt(power(x('22') -
3025  x('24'), 2) +
3026  power(x('72') -
3027  x('74'), 2) +
3028  power(x('122') -
3029  x('124'), 2)) +
3030  1/sqrt(power(x('9') -
3031  x('37'), 2) +
3032  power(x('59') -
3033  x('87'), 2) +
3034  power(x('109') -
3035  x('137'), 2)) +
3036  1/sqrt(power(x('11') -
3037  x('35'), 2) +
3038  power(x('61') -
3039  x('85'), 2) +
3040  power(x('111') -
3041  x('135'), 2)) +
3042  1/sqrt(power(x('17') -
3043  x('29'), 2) +
3044  power(x('67') -
3045  x('79'), 2) +
3046  power(x('117') -
3047  x('129'), 2)) +
3048  1/sqrt(power(x('6') -
3049  x('40'), 2) +
3050  power(x('56') -
3051  x('90'), 2) +
3052  power(x('106') -
3053  x('140'), 2)) +
3054  1/sqrt(power(x('3') -
3055  x('43'), 2) +
3056  power(x('53') -
3057  x('93'), 2) +
3058  power(x('103') -
3059  x('143'), 2)) +
3060  1/sqrt(power(x('14') -
3061  x('32'), 2) +
3062  power(x('64') -
3063  x('82'), 2) +
3064  power(x('114') -
3065  x('132'), 2)) +
3066  1/sqrt(power(x('12') -
3067  x('34'), 2) +
3068  power(x('62') -
3069  x('84'), 2) +
3070  power(x('112') -
3071  x('134'), 2)) +
3072  1/sqrt(power(x('2') -
3073  x('44'), 2) +
3074  power(x('52') -
3075  x('94'), 2) +
3076  power(x('102') -
3077  x('144'), 2)) +
3078  1/sqrt(power(x('5') -
3079  x('41'), 2) +
3080  power(x('55') -
3081  x('91'), 2) +
3082  power(x('105') -
3083  x('141'), 2)) +
3084  1/sqrt(power(x('15') -
3085  x('31'), 2) +
3086  power(x('65') -
3087  x('81'), 2) +
3088  power(x('115') -
3089  x('131'), 2)) +
3090  1/sqrt(power(x('4') -
3091  x('42'), 2) +
3092  power(x('54') -
3093  x('92'), 2) +
3094  power(x('104') -
3095  x('142'), 2)) +
3096  1/sqrt(power(x('18') -
3097  x('29'), 2) +
3098  power(x('68') -
3099  x('79'), 2) +
3100  power(x('118') -
3101  x('129'), 2)) +
3102  1/sqrt(power(x('19') -
3103  x('28'), 2) +
3104  power(x('69') -
3105  x('78'), 2) +
3106  power(x('119') -
3107  x('128'), 2)) +
3108  1/sqrt(power(x('13') -
3109  x('34'), 2) +
3110  power(x('63') -
3111  x('84'), 2) +
3112  power(x('113') -
3113  x('134'), 2)) +
3114  1/sqrt(power(x('11') -
3115  x('36'), 2) +
3116  power(x('61') -
3117  x('86'), 2) +
3118  power(x('111') -
3119  x('136'), 2)) +
3120  1/sqrt(power(x('20') -
3121  x('27'), 2) +
3122  power(x('70') -
3123  x('77'), 2) +
3124  power(x('120') -
3125  x('127'), 2)) +
3126  1/sqrt(power(x('6') -
3127  x('41'), 2) +
3128  power(x('56') -
3129  x('91'), 2) +
3130  power(x('106') -
3131  x('141'), 2)) +
3132  1/sqrt(power(x('16') -
3133  x('31'), 2) +
3134  power(x('66') -
3135  x('81'), 2) +
3136  power(x('116') -
3137  x('131'), 2)) +
3138  1/sqrt(power(x('21') -
3139  x('26'), 2) +
3140  power(x('71') -
3141  x('76'), 2) +
3142  power(x('121') -
3143  x('126'), 2)) +
3144  1/sqrt(power(x('22') -
3145  x('25'), 2) +
3146  power(x('72') -
3147  x('75'), 2) +
3148  power(x('122') -
3149  x('125'), 2)) +
3150  1/sqrt(power(x('23') -
3151  x('24'), 2) +
3152  power(x('73') -
3153  x('74'), 2) +
3154  power(x('123') -
3155  x('124'), 2)) +
3156  1/sqrt(power(x('8') -
3157  x('39'), 2) +
3158  power(x('58') -
3159  x('89'), 2) +
3160  power(x('108') -
3161  x('139'), 2)) +
3162  1/sqrt(power(x('14') -
3163  x('33'), 2) +
3164  power(x('64') -
3165  x('83'), 2) +
3166  power(x('114') -
3167  x('133'), 2)) +
3168  1/sqrt(power(x('17') -
3169  x('30'), 2) +
3170  power(x('67') -
3171  x('80'), 2) +
3172  power(x('117') -
3173  x('130'), 2)) +
3174  1/sqrt(power(x('5') -
3175  x('42'), 2) +
3176  power(x('55') -
3177  x('92'), 2) +
3178  power(x('105') -
3179  x('142'), 2)) +
3180  1/sqrt(power(x('1') -
3181  x('46'), 2) +
3182  power(x('51') -
3183  x('96'), 2) +
3184  power(x('101') -
3185  x('146'), 2)) +
3186  1/sqrt(power(x('10') -
3187  x('37'), 2) +
3188  power(x('60') -
3189  x('87'), 2) +
3190  power(x('110') -
3191  x('137'), 2)) +
3192  1/sqrt(power(x('12') -
3193  x('35'), 2) +
3194  power(x('62') -
3195  x('85'), 2) +
3196  power(x('112') -
3197  x('135'), 2)) +
3198  1/sqrt(power(x('4') -
3199  x('43'), 2) +
3200  power(x('54') -
3201  x('93'), 2) +
3202  power(x('104') -
3203  x('143'), 2)) +
3204  1/sqrt(power(x('7') -
3205  x('40'), 2) +
3206  power(x('57') -
3207  x('90'), 2) +
3208  power(x('107') -
3209  x('140'), 2)) +
3210  1/sqrt(power(x('15') -
3211  x('32'), 2) +
3212  power(x('65') -
3213  x('82'), 2) +
3214  power(x('115') -
3215  x('132'), 2)) +
3216  1/sqrt(power(x('9') -
3217  x('38'), 2) +
3218  power(x('59') -
3219  x('88'), 2) +
3220  power(x('109') -
3221  x('138'), 2)) +
3222  1/sqrt(power(x('3') -
3223  x('44'), 2) +
3224  power(x('53') -
3225  x('94'), 2) +
3226  power(x('103') -
3227  x('144'), 2)) +
3228  1/sqrt(power(x('2') -
3229  x('45'), 2) +
3230  power(x('52') -
3231  x('95'), 2) +
3232  power(x('102') -
3233  x('145'), 2)) +
3234  1/sqrt(power(x('8') -
3235  x('40'), 2) +
3236  power(x('58') -
3237  x('90'), 2) +
3238  power(x('108') -
3239  x('140'), 2)) +
3240  1/sqrt(power(x('20') -
3241  x('28'), 2) +
3242  power(x('70') -
3243  x('78'), 2) +
3244  power(x('120') -
3245  x('128'), 2)) +
3246  1/sqrt(power(x('21') -
3247  x('27'), 2) +
3248  power(x('71') -
3249  x('77'), 2) +
3250  power(x('121') -
3251  x('127'), 2)) +
3252  1/sqrt(power(x('10') -
3253  x('38'), 2) +
3254  power(x('60') -
3255  x('88'), 2) +
3256  power(x('110') -
3257  x('138'), 2)) +
3258  1/sqrt(power(x('12') -
3259  x('36'), 2) +
3260  power(x('62') -
3261  x('86'), 2) +
3262  power(x('112') -
3263  x('136'), 2)) +
3264  1/sqrt(power(x('22') -
3265  x('26'), 2) +
3266  power(x('72') -
3267  x('76'), 2) +
3268  power(x('122') -
3269  x('126'), 2)) +
3270  1/sqrt(power(x('17') -
3271  x('31'), 2) +
3272  power(x('67') -
3273  x('81'), 2) +
3274  power(x('117') -
3275  x('131'), 2)) +
3276  1/sqrt(power(x('7') -
3277  x('41'), 2) +
3278  power(x('57') -
3279  x('91'), 2) +
3280  power(x('107') -
3281  x('141'), 2)) +
3282  1/sqrt(power(x('23') -
3283  x('25'), 2) +
3284  power(x('73') -
3285  x('75'), 2) +
3286  power(x('123') -
3287  x('125'), 2)) +
3288  1/sqrt(power(x('3') -
3289  x('45'), 2) +
3290  power(x('53') -
3291  x('95'), 2) +
3292  power(x('103') -
3293  x('145'), 2)) +
3294  1/sqrt(power(x('18') -
3295  x('30'), 2) +
3296  power(x('68') -
3297  x('80'), 2) +
3298  power(x('118') -
3299  x('130'), 2)) +
3300  1/sqrt(power(x('9') -
3301  x('39'), 2) +
3302  power(x('59') -
3303  x('89'), 2) +
3304  power(x('109') -
3305  x('139'), 2)) +
3306  1/sqrt(power(x('15') -
3307  x('33'), 2) +
3308  power(x('65') -
3309  x('83'), 2) +
3310  power(x('115') -
3311  x('133'), 2)) +
3312  1/sqrt(power(x('6') -
3313  x('42'), 2) +
3314  power(x('56') -
3315  x('92'), 2) +
3316  power(x('106') -
3317  x('142'), 2)) +
3318  1/sqrt(power(x('2') -
3319  x('46'), 2) +
3320  power(x('52') -
3321  x('96'), 2) +
3322  power(x('102') -
3323  x('146'), 2)) +
3324  1/sqrt(power(x('11') -
3325  x('37'), 2) +
3326  power(x('61') -
3327  x('87'), 2) +
3328  power(x('111') -
3329  x('137'), 2)) +
3330  1/sqrt(power(x('13') -
3331  x('35'), 2) +
3332  power(x('63') -
3333  x('85'), 2) +
3334  power(x('113') -
3335  x('135'), 2)) +
3336  1/sqrt(power(x('19') -
3337  x('29'), 2) +
3338  power(x('69') -
3339  x('79'), 2) +
3340  power(x('119') -
3341  x('129'), 2)) +
3342  1/sqrt(power(x('1') -
3343  x('47'), 2) +
3344  power(x('51') -
3345  x('97'), 2) +
3346  power(x('101') -
3347  x('147'), 2)) +
3348  1/sqrt(power(x('5') -
3349  x('43'), 2) +
3350  power(x('55') -
3351  x('93'), 2) +
3352  power(x('105') -
3353  x('143'), 2)) +
3354  1/sqrt(power(x('16') -
3355  x('32'), 2) +
3356  power(x('66') -
3357  x('82'), 2) +
3358  power(x('116') -
3359  x('132'), 2)) +
3360  1/sqrt(power(x('14') -
3361  x('34'), 2) +
3362  power(x('64') -
3363  x('84'), 2) +
3364  power(x('114') -
3365  x('134'), 2)) +
3366  1/sqrt(power(x('4') -
3367  x('44'), 2) +
3368  power(x('54') -
3369  x('94'), 2) +
3370  power(x('104') -
3371  x('144'), 2)) +
3372  1/sqrt(power(x('13') -
3373  x('36'), 2) +
3374  power(x('63') -
3375  x('86'), 2) +
3376  power(x('113') -
3377  x('136'), 2)) +
3378  1/sqrt(power(x('8') -
3379  x('41'), 2) +
3380  power(x('58') -
3381  x('91'), 2) +
3382  power(x('108') -
3383  x('141'), 2)) +
3384  1/sqrt(power(x('10') -
3385  x('39'), 2) +
3386  power(x('60') -
3387  x('89'), 2) +
3388  power(x('110') -
3389  x('139'), 2)) +
3390  1/sqrt(power(x('7') -
3391  x('42'), 2) +
3392  power(x('57') -
3393  x('92'), 2) +
3394  power(x('107') -
3395  x('142'), 2)) +
3396  1/sqrt(power(x('3') -
3397  x('46'), 2) +
3398  power(x('53') -
3399  x('96'), 2) +
3400  power(x('103') -
3401  x('146'), 2)) +
3402  1/sqrt(power(x('14') -
3403  x('35'), 2) +
3404  power(x('64') -
3405  x('85'), 2) +
3406  power(x('114') -
3407  x('135'), 2)) +
3408  1/sqrt(power(x('12') -
3409  x('37'), 2) +
3410  power(x('62') -
3411  x('87'), 2) +
3412  power(x('112') -
3413  x('137'), 2)) +
3414  1/sqrt(power(x('20') -
3415  x('29'), 2) +
3416  power(x('70') -
3417  x('79'), 2) +
3418  power(x('120') -
3419  x('129'), 2)) +
3420  1/sqrt(power(x('2') -
3421  x('47'), 2) +
3422  power(x('52') -
3423  x('97'), 2) +
3424  power(x('102') -
3425  x('147'), 2)) +
3426  1/sqrt(power(x('6') -
3427  x('43'), 2) +
3428  power(x('56') -
3429  x('93'), 2) +
3430  power(x('106') -
3431  x('143'), 2)) +
3432  1/sqrt(power(x('21') -
3433  x('28'), 2) +
3434  power(x('71') -
3435  x('78'), 2) +
3436  power(x('121') -
3437  x('128'), 2)) +
3438  1/sqrt(power(x('17') -
3439  x('32'), 2) +
3440  power(x('67') -
3441  x('82'), 2) +
3442  power(x('117') -
3443  x('132'), 2)) +
3444  1/sqrt(power(x('9') -
3445  x('40'), 2) +
3446  power(x('59') -
3447  x('90'), 2) +
3448  power(x('109') -
3449  x('140'), 2)) +
3450  1/sqrt(power(x('1') -
3451  x('48'), 2) +
3452  power(x('51') -
3453  x('98'), 2) +
3454  power(x('101') -
3455  x('148'), 2)) +
3456  1/sqrt(power(x('22') -
3457  x('27'), 2) +
3458  power(x('72') -
3459  x('77'), 2) +
3460  power(x('122') -
3461  x('127'), 2)) +
3462  1/sqrt(power(x('23') -
3463  x('26'), 2) +
3464  power(x('73') -
3465  x('76'), 2) +
3466  power(x('123') -
3467  x('126'), 2)) +
3468  1/sqrt(power(x('15') -
3469  x('34'), 2) +
3470  power(x('65') -
3471  x('84'), 2) +
3472  power(x('115') -
3473  x('134'), 2)) +
3474  1/sqrt(power(x('11') -
3475  x('38'), 2) +
3476  power(x('61') -
3477  x('88'), 2) +
3478  power(x('111') -
3479  x('138'), 2)) +
3480  1/sqrt(power(x('5') -
3481  x('44'), 2) +
3482  power(x('55') -
3483  x('94'), 2) +
3484  power(x('105') -
3485  x('144'), 2)) +
3486  1/sqrt(power(x('24') -
3487  x('25'), 2) +
3488  power(x('74') -
3489  x('75'), 2) +
3490  power(x('124') -
3491  x('125'), 2)) +
3492  1/sqrt(power(x('18') -
3493  x('31'), 2) +
3494  power(x('68') -
3495  x('81'), 2) +
3496  power(x('118') -
3497  x('131'), 2)) +
3498  1/sqrt(power(x('4') -
3499  x('45'), 2) +
3500  power(x('54') -
3501  x('95'), 2) +
3502  power(x('104') -
3503  x('145'), 2)) +
3504  1/sqrt(power(x('19') -
3505  x('30'), 2) +
3506  power(x('69') -
3507  x('80'), 2) +
3508  power(x('119') -
3509  x('130'), 2)) +
3510  1/sqrt(power(x('16') -
3511  x('33'), 2) +
3512  power(x('66') -
3513  x('83'), 2) +
3514  power(x('116') -
3515  x('133'), 2)) +
3516  1/sqrt(power(x('20') -
3517  x('30'), 2) +
3518  power(x('70') -
3519  x('80'), 2) +
3520  power(x('120') -
3521  x('130'), 2)) +
3522  1/sqrt(power(x('17') -
3523  x('33'), 2) +
3524  power(x('67') -
3525  x('83'), 2) +
3526  power(x('117') -
3527  x('133'), 2)) +
3528  1/sqrt(power(x('21') -
3529  x('29'), 2) +
3530  power(x('71') -
3531  x('79'), 2) +
3532  power(x('121') -
3533  x('129'), 2)) +
3534  1/sqrt(power(x('15') -
3535  x('35'), 2) +
3536  power(x('65') -
3537  x('85'), 2) +
3538  power(x('115') -
3539  x('135'), 2)) +
3540  1/sqrt(power(x('3') -
3541  x('47'), 2) +
3542  power(x('53') -
3543  x('97'), 2) +
3544  power(x('103') -
3545  x('147'), 2)) +
3546  1/sqrt(power(x('22') -
3547  x('28'), 2) +
3548  power(x('72') -
3549  x('78'), 2) +
3550  power(x('122') -
3551  x('128'), 2)) +
3552  1/sqrt(power(x('18') -
3553  x('32'), 2) +
3554  power(x('68') -
3555  x('82'), 2) +
3556  power(x('118') -
3557  x('132'), 2)) +
3558  1/sqrt(power(x('23') -
3559  x('27'), 2) +
3560  power(x('73') -
3561  x('77'), 2) +
3562  power(x('123') -
3563  x('127'), 2)) +
3564  1/sqrt(power(x('2') -
3565  x('48'), 2) +
3566  power(x('52') -
3567  x('98'), 2) +
3568  power(x('102') -
3569  x('148'), 2)) +
3570  1/sqrt(power(x('24') -
3571  x('26'), 2) +
3572  power(x('74') -
3573  x('76'), 2) +
3574  power(x('124') -
3575  x('126'), 2)) +
3576  1/sqrt(power(x('1') -
3577  x('49'), 2) +
3578  power(x('51') -
3579  x('99'), 2) +
3580  power(x('101') -
3581  x('149'), 2)) +
3582  1/sqrt(power(x('16') -
3583  x('34'), 2) +
3584  power(x('66') -
3585  x('84'), 2) +
3586  power(x('116') -
3587  x('134'), 2)) +
3588  1/sqrt(power(x('6') -
3589  x('44'), 2) +
3590  power(x('56') -
3591  x('94'), 2) +
3592  power(x('106') -
3593  x('144'), 2)) +
3594  1/sqrt(power(x('19') -
3595  x('31'), 2) +
3596  power(x('69') -
3597  x('81'), 2) +
3598  power(x('119') -
3599  x('131'), 2)) +
3600  1/sqrt(power(x('12') -
3601  x('38'), 2) +
3602  power(x('62') -
3603  x('88'), 2) +
3604  power(x('112') -
3605  x('138'), 2)) +
3606  1/sqrt(power(x('14') -
3607  x('36'), 2) +
3608  power(x('64') -
3609  x('86'), 2) +
3610  power(x('114') -
3611  x('136'), 2)) +
3612  1/sqrt(power(x('5') -
3613  x('45'), 2) +
3614  power(x('55') -
3615  x('95'), 2) +
3616  power(x('105') -
3617  x('145'), 2)) +
3618  1/sqrt(power(x('11') -
3619  x('39'), 2) +
3620  power(x('61') -
3621  x('89'), 2) +
3622  power(x('111') -
3623  x('139'), 2)) +
3624  1/sqrt(power(x('4') -
3625  x('46'), 2) +
3626  power(x('54') -
3627  x('96'), 2) +
3628  power(x('104') -
3629  x('146'), 2)) +
3630  1/sqrt(power(x('8') -
3631  x('42'), 2) +
3632  power(x('58') -
3633  x('92'), 2) +
3634  power(x('108') -
3635  x('142'), 2)) +
3636  1/sqrt(power(x('13') -
3637  x('37'), 2) +
3638  power(x('63') -
3639  x('87'), 2) +
3640  power(x('113') -
3641  x('137'), 2)) +
3642  1/sqrt(power(x('7') -
3643  x('43'), 2) +
3644  power(x('57') -
3645  x('93'), 2) +
3646  power(x('107') -
3647  x('143'), 2)) +
3648  1/sqrt(power(x('10') -
3649  x('40'), 2) +
3650  power(x('60') -
3651  x('90'), 2) +
3652  power(x('110') -
3653  x('140'), 2)) +
3654  1/sqrt(power(x('9') -
3655  x('41'), 2) +
3656  power(x('59') -
3657  x('91'), 2) +
3658  power(x('109') -
3659  x('141'), 2)) +
3660  1/sqrt(power(x('12') -
3661  x('39'), 2) +
3662  power(x('62') -
3663  x('89'), 2) +
3664  power(x('112') -
3665  x('139'), 2)) +
3666  1/sqrt(power(x('23') -
3667  x('28'), 2) +
3668  power(x('73') -
3669  x('78'), 2) +
3670  power(x('123') -
3671  x('128'), 2)) +
3672  1/sqrt(power(x('14') -
3673  x('37'), 2) +
3674  power(x('64') -
3675  x('87'), 2) +
3676  power(x('114') -
3677  x('137'), 2)) +
3678  1/sqrt(power(x('24') -
3679  x('27'), 2) +
3680  power(x('74') -
3681  x('77'), 2) +
3682  power(x('124') -
3683  x('127'), 2)) +
3684  1/sqrt(power(x('25') -
3685  x('26'), 2) +
3686  power(x('75') -
3687  x('76'), 2) +
3688  power(x('125') -
3689  x('126'), 2)) +
3690  1/sqrt(power(x('3') -
3691  x('48'), 2) +
3692  power(x('53') -
3693  x('98'), 2) +
3694  power(x('103') -
3695  x('148'), 2)) +
3696  1/sqrt(power(x('8') -
3697  x('43'), 2) +
3698  power(x('58') -
3699  x('93'), 2) +
3700  power(x('108') -
3701  x('143'), 2)) +
3702  1/sqrt(power(x('11') -
3703  x('40'), 2) +
3704  power(x('61') -
3705  x('90'), 2) +
3706  power(x('111') -
3707  x('140'), 2)) +
3708  1/sqrt(power(x('2') -
3709  x('49'), 2) +
3710  power(x('52') -
3711  x('99'), 2) +
3712  power(x('102') -
3713  x('149'), 2)) +
3714  1/sqrt(power(x('20') -
3715  x('31'), 2) +
3716  power(x('70') -
3717  x('81'), 2) +
3718  power(x('120') -
3719  x('131'), 2)) +
3720  1/sqrt(power(x('17') -
3721  x('34'), 2) +
3722  power(x('67') -
3723  x('84'), 2) +
3724  power(x('117') -
3725  x('134'), 2)) +
3726  1/sqrt(power(x('1') -
3727  x('50'), 2) +
3728  power(x('51') -
3729  x('100'), 2) +
3730  power(x('101') -
3731  x('150'), 2)) +
3732  1/sqrt(power(x('7') -
3733  x('44'), 2) +
3734  power(x('57') -
3735  x('94'), 2) +
3736  power(x('107') -
3737  x('144'), 2)) +
3738  1/sqrt(power(x('13') -
3739  x('38'), 2) +
3740  power(x('63') -
3741  x('88'), 2) +
3742  power(x('113') -
3743  x('138'), 2)) +
3744  1/sqrt(power(x('15') -
3745  x('36'), 2) +
3746  power(x('65') -
3747  x('86'), 2) +
3748  power(x('115') -
3749  x('136'), 2)) +
3750  1/sqrt(power(x('10') -
3751  x('41'), 2) +
3752  power(x('60') -
3753  x('91'), 2) +
3754  power(x('110') -
3755  x('141'), 2)) +
3756  1/sqrt(power(x('21') -
3757  x('30'), 2) +
3758  power(x('71') -
3759  x('80'), 2) +
3760  power(x('121') -
3761  x('130'), 2)) +
3762  1/sqrt(power(x('6') -
3763  x('45'), 2) +
3764  power(x('56') -
3765  x('95'), 2) +
3766  power(x('106') -
3767  x('145'), 2)) +
3768  1/sqrt(power(x('18') -
3769  x('33'), 2) +
3770  power(x('68') -
3771  x('83'), 2) +
3772  power(x('118') -
3773  x('133'), 2)) +
3774  1/sqrt(power(x('22') -
3775  x('29'), 2) +
3776  power(x('72') -
3777  x('79'), 2) +
3778  power(x('122') -
3779  x('129'), 2)) +
3780  1/sqrt(power(x('5') -
3781  x('46'), 2) +
3782  power(x('55') -
3783  x('96'), 2) +
3784  power(x('105') -
3785  x('146'), 2)) +
3786  1/sqrt(power(x('9') -
3787  x('42'), 2) +
3788  power(x('59') -
3789  x('92'), 2) +
3790  power(x('109') -
3791  x('142'), 2)) +
3792  1/sqrt(power(x('16') -
3793  x('35'), 2) +
3794  power(x('66') -
3795  x('85'), 2) +
3796  power(x('116') -
3797  x('135'), 2)) +
3798  1/sqrt(power(x('4') -
3799  x('47'), 2) +
3800  power(x('54') -
3801  x('97'), 2) +
3802  power(x('104') -
3803  x('147'), 2)) +
3804  1/sqrt(power(x('19') -
3805  x('32'), 2) +
3806  power(x('69') -
3807  x('82'), 2) +
3808  power(x('119') -
3809  x('132'), 2)) +
3810  1/sqrt(power(x('23') -
3811  x('29'), 2) +
3812  power(x('73') -
3813  x('79'), 2) +
3814  power(x('123') -
3815  x('129'), 2)) +
3816  1/sqrt(power(x('24') -
3817  x('28'), 2) +
3818  power(x('74') -
3819  x('78'), 2) +
3820  power(x('124') -
3821  x('128'), 2)) +
3822  1/sqrt(power(x('6') -
3823  x('46'), 2) +
3824  power(x('56') -
3825  x('96'), 2) +
3826  power(x('106') -
3827  x('146'), 2)) +
3828  1/sqrt(power(x('25') -
3829  x('27'), 2) +
3830  power(x('75') -
3831  x('77'), 2) +
3832  power(x('125') -
3833  x('127'), 2)) +
3834  1/sqrt(power(x('17') -
3835  x('35'), 2) +
3836  power(x('67') -
3837  x('85'), 2) +
3838  power(x('117') -
3839  x('135'), 2)) +
3840  1/sqrt(power(x('5') -
3841  x('47'), 2) +
3842  power(x('55') -
3843  x('97'), 2) +
3844  power(x('105') -
3845  x('147'), 2)) +
3846  1/sqrt(power(x('15') -
3847  x('37'), 2) +
3848  power(x('65') -
3849  x('87'), 2) +
3850  power(x('115') -
3851  x('137'), 2)) +
3852  1/sqrt(power(x('20') -
3853  x('32'), 2) +
3854  power(x('70') -
3855  x('82'), 2) +
3856  power(x('120') -
3857  x('132'), 2)) +
3858  1/sqrt(power(x('4') -
3859  x('48'), 2) +
3860  power(x('54') -
3861  x('98'), 2) +
3862  power(x('104') -
3863  x('148'), 2)) +
3864  1/sqrt(power(x('3') -
3865  x('49'), 2) +
3866  power(x('53') -
3867  x('99'), 2) +
3868  power(x('103') -
3869  x('149'), 2)) +
3870  1/sqrt(power(x('12') -
3871  x('40'), 2) +
3872  power(x('62') -
3873  x('90'), 2) +
3874  power(x('112') -
3875  x('140'), 2)) +
3876  1/sqrt(power(x('21') -
3877  x('31'), 2) +
3878  power(x('71') -
3879  x('81'), 2) +
3880  power(x('121') -
3881  x('131'), 2)) +
3882  1/sqrt(power(x('2') -
3883  x('50'), 2) +
3884  power(x('52') -
3885  x('100'), 2) +
3886  power(x('102') -
3887  x('150'), 2)) +
3888  1/sqrt(power(x('18') -
3889  x('34'), 2) +
3890  power(x('68') -
3891  x('84'), 2) +
3892  power(x('118') -
3893  x('134'), 2)) +
3894  1/sqrt(power(x('8') -
3895  x('44'), 2) +
3896  power(x('58') -
3897  x('94'), 2) +
3898  power(x('108') -
3899  x('144'), 2)) +
3900  1/sqrt(power(x('14') -
3901  x('38'), 2) +
3902  power(x('64') -
3903  x('88'), 2) +
3904  power(x('114') -
3905  x('138'), 2)) +
3906  1/sqrt(power(x('16') -
3907  x('36'), 2) +
3908  power(x('66') -
3909  x('86'), 2) +
3910  power(x('116') -
3911  x('136'), 2)) +
3912  1/sqrt(power(x('22') -
3913  x('30'), 2) +
3914  power(x('72') -
3915  x('80'), 2) +
3916  power(x('122') -
3917  x('130'), 2)) +
3918  1/sqrt(power(x('11') -
3919  x('41'), 2) +
3920  power(x('61') -
3921  x('91'), 2) +
3922  power(x('111') -
3923  x('141'), 2)) +
3924  1/sqrt(power(x('7') -
3925  x('45'), 2) +
3926  power(x('57') -
3927  x('95'), 2) +
3928  power(x('107') -
3929  x('145'), 2)) +
3930  1/sqrt(power(x('19') -
3931  x('33'), 2) +
3932  power(x('69') -
3933  x('83'), 2) +
3934  power(x('119') -
3935  x('133'), 2)) +
3936  1/sqrt(power(x('13') -
3937  x('39'), 2) +
3938  power(x('63') -
3939  x('89'), 2) +
3940  power(x('113') -
3941  x('139'), 2)) +
3942  1/sqrt(power(x('10') -
3943  x('42'), 2) +
3944  power(x('60') -
3945  x('92'), 2) +
3946  power(x('110') -
3947  x('142'), 2)) +
3948  1/sqrt(power(x('9') -
3949  x('43'), 2) +
3950  power(x('59') -
3951  x('93'), 2) +
3952  power(x('109') -
3953  x('143'), 2)) +
3954  1/sqrt(power(x('26') -
3955  x('27'), 2) +
3956  power(x('76') -
3957  x('77'), 2) +
3958  power(x('126') -
3959  x('127'), 2)) +
3960  1/sqrt(power(x('18') -
3961  x('35'), 2) +
3962  power(x('68') -
3963  x('85'), 2) +
3964  power(x('118') -
3965  x('135'), 2)) +
3966  1/sqrt(power(x('6') -
3967  x('47'), 2) +
3968  power(x('56') -
3969  x('97'), 2) +
3970  power(x('106') -
3971  x('147'), 2)) +
3972  1/sqrt(power(x('16') -
3973  x('37'), 2) +
3974  power(x('66') -
3975  x('87'), 2) +
3976  power(x('116') -
3977  x('137'), 2)) +
3978  1/sqrt(power(x('5') -
3979  x('48'), 2) +
3980  power(x('55') -
3981  x('98'), 2) +
3982  power(x('105') -
3983  x('148'), 2)) +
3984  1/sqrt(power(x('4') -
3985  x('49'), 2) +
3986  power(x('54') -
3987  x('99'), 2) +
3988  power(x('104') -
3989  x('149'), 2)) +
3990  1/sqrt(power(x('10') -
3991  x('43'), 2) +
3992  power(x('60') -
3993  x('93'), 2) +
3994  power(x('110') -
3995  x('143'), 2)) +
3996  1/sqrt(power(x('22') -
3997  x('31'), 2) +
3998  power(x('72') -
3999  x('81'), 2) +
4000  power(x('122') -
4001  x('131'), 2)) +
4002  1/sqrt(power(x('3') -
4003  x('50'), 2) +
4004  power(x('53') -
4005  x('100'), 2) +
4006  power(x('103') -
4007  x('150'), 2)) +
4008  1/sqrt(power(x('19') -
4009  x('34'), 2) +
4010  power(x('69') -
4011  x('84'), 2) +
4012  power(x('119') -
4013  x('134'), 2)) +
4014  1/sqrt(power(x('23') -
4015  x('30'), 2) +
4016  power(x('73') -
4017  x('80'), 2) +
4018  power(x('123') -
4019  x('130'), 2)) +
4020  1/sqrt(power(x('9') -
4021  x('44'), 2) +
4022  power(x('59') -
4023  x('94'), 2) +
4024  power(x('109') -
4025  x('144'), 2)) +
4026  1/sqrt(power(x('15') -
4027  x('38'), 2) +
4028  power(x('65') -
4029  x('88'), 2) +
4030  power(x('115') -
4031  x('138'), 2)) +
4032  1/sqrt(power(x('17') -
4033  x('36'), 2) +
4034  power(x('67') -
4035  x('86'), 2) +
4036  power(x('117') -
4037  x('136'), 2)) +
4038  1/sqrt(power(x('24') -
4039  x('29'), 2) +
4040  power(x('74') -
4041  x('79'), 2) +
4042  power(x('124') -
4043  x('129'), 2)) +
4044  1/sqrt(power(x('12') -
4045  x('41'), 2) +
4046  power(x('62') -
4047  x('91'), 2) +
4048  power(x('112') -
4049  x('141'), 2)) +
4050  1/sqrt(power(x('8') -
4051  x('45'), 2) +
4052  power(x('58') -
4053  x('95'), 2) +
4054  power(x('108') -
4055  x('145'), 2)) +
4056  1/sqrt(power(x('20') -
4057  x('33'), 2) +
4058  power(x('70') -
4059  x('83'), 2) +
4060  power(x('120') -
4061  x('133'), 2)) +
4062  1/sqrt(power(x('25') -
4063  x('28'), 2) +
4064  power(x('75') -
4065  x('78'), 2) +
4066  power(x('125') -
4067  x('128'), 2)) +
4068  1/sqrt(power(x('7') -
4069  x('46'), 2) +
4070  power(x('57') -
4071  x('96'), 2) +
4072  power(x('107') -
4073  x('146'), 2)) +
4074  1/sqrt(power(x('14') -
4075  x('39'), 2) +
4076  power(x('64') -
4077  x('89'), 2) +
4078  power(x('114') -
4079  x('139'), 2)) +
4080  1/sqrt(power(x('11') -
4081  x('42'), 2) +
4082  power(x('61') -
4083  x('92'), 2) +
4084  power(x('111') -
4085  x('142'), 2)) +
4086  1/sqrt(power(x('21') -
4087  x('32'), 2) +
4088  power(x('71') -
4089  x('82'), 2) +
4090  power(x('121') -
4091  x('132'), 2)) +
4092  1/sqrt(power(x('13') -
4093  x('40'), 2) +
4094  power(x('63') -
4095  x('90'), 2) +
4096  power(x('113') -
4097  x('140'), 2)) +
4098  1/sqrt(power(x('6') -
4099  x('48'), 2) +
4100  power(x('56') -
4101  x('98'), 2) +
4102  power(x('106') -
4103  x('148'), 2)) +
4104  1/sqrt(power(x('5') -
4105  x('49'), 2) +
4106  power(x('55') -
4107  x('99'), 2) +
4108  power(x('105') -
4109  x('149'), 2)) +
4110  1/sqrt(power(x('4') -
4111  x('50'), 2) +
4112  power(x('54') -
4113  x('100'), 2) +
4114  power(x('104') -
4115  x('150'), 2)) +
4116  1/sqrt(power(x('10') -
4117  x('44'), 2) +
4118  power(x('60') -
4119  x('94'), 2) +
4120  power(x('110') -
4121  x('144'), 2)) +
4122  1/sqrt(power(x('18') -
4123  x('36'), 2) +
4124  power(x('68') -
4125  x('86'), 2) +
4126  power(x('118') -
4127  x('136'), 2)) +
4128  1/sqrt(power(x('26') -
4129  x('28'), 2) +
4130  power(x('76') -
4131  x('78'), 2) +
4132  power(x('126') -
4133  x('128'), 2)) +
4134  1/sqrt(power(x('9') -
4135  x('45'), 2) +
4136  power(x('59') -
4137  x('95'), 2) +
4138  power(x('109') -
4139  x('145'), 2)) +
4140  1/sqrt(power(x('8') -
4141  x('46'), 2) +
4142  power(x('58') -
4143  x('96'), 2) +
4144  power(x('108') -
4145  x('146'), 2)) +
4146  1/sqrt(power(x('22') -
4147  x('32'), 2) +
4148  power(x('72') -
4149  x('82'), 2) +
4150  power(x('122') -
4151  x('132'), 2)) +
4152  1/sqrt(power(x('19') -
4153  x('35'), 2) +
4154  power(x('69') -
4155  x('85'), 2) +
4156  power(x('119') -
4157  x('135'), 2)) +
4158  1/sqrt(power(x('15') -
4159  x('39'), 2) +
4160  power(x('65') -
4161  x('89'), 2) +
4162  power(x('115') -
4163  x('139'), 2)) +
4164  1/sqrt(power(x('12') -
4165  x('42'), 2) +
4166  power(x('62') -
4167  x('92'), 2) +
4168  power(x('112') -
4169  x('142'), 2)) +
4170  1/sqrt(power(x('7') -
4171  x('47'), 2) +
4172  power(x('57') -
4173  x('97'), 2) +
4174  power(x('107') -
4175  x('147'), 2)) +
4176  1/sqrt(power(x('17') -
4177  x('37'), 2) +
4178  power(x('67') -
4179  x('87'), 2) +
4180  power(x('117') -
4181  x('137'), 2)) +
4182  1/sqrt(power(x('23') -
4183  x('31'), 2) +
4184  power(x('73') -
4185  x('81'), 2) +
4186  power(x('123') -
4187  x('131'), 2)) +
4188  1/sqrt(power(x('11') -
4189  x('43'), 2) +
4190  power(x('61') -
4191  x('93'), 2) +
4192  power(x('111') -
4193  x('143'), 2)) +
4194  1/sqrt(power(x('20') -
4195  x('34'), 2) +
4196  power(x('70') -
4197  x('84'), 2) +
4198  power(x('120') -
4199  x('134'), 2)) +
4200  1/sqrt(power(x('14') -
4201  x('40'), 2) +
4202  power(x('64') -
4203  x('90'), 2) +
4204  power(x('114') -
4205  x('140'), 2)) +
4206  1/sqrt(power(x('24') -
4207  x('30'), 2) +
4208  power(x('74') -
4209  x('80'), 2) +
4210  power(x('124') -
4211  x('130'), 2)) +
4212  1/sqrt(power(x('25') -
4213  x('29'), 2) +
4214  power(x('75') -
4215  x('79'), 2) +
4216  power(x('125') -
4217  x('129'), 2)) +
4218  1/sqrt(power(x('16') -
4219  x('38'), 2) +
4220  power(x('66') -
4221  x('88'), 2) +
4222  power(x('116') -
4223  x('138'), 2)) +
4224  1/sqrt(power(x('21') -
4225  x('33'), 2) +
4226  power(x('71') -
4227  x('83'), 2) +
4228  power(x('121') -
4229  x('133'), 2)) +
4230  1/sqrt(power(x('13') -
4231  x('41'), 2) +
4232  power(x('63') -
4233  x('91'), 2) +
4234  power(x('113') -
4235  x('141'), 2)) +
4236  1/sqrt(power(x('6') -
4237  x('49'), 2) +
4238  power(x('56') -
4239  x('99'), 2) +
4240  power(x('106') -
4241  x('149'), 2)) +
4242  1/sqrt(power(x('5') -
4243  x('50'), 2) +
4244  power(x('55') -
4245  x('100'), 2) +
4246  power(x('105') -
4247  x('150'), 2)) +
4248  1/sqrt(power(x('12') -
4249  x('43'), 2) +
4250  power(x('62') -
4251  x('93'), 2) +
4252  power(x('112') -
4253  x('143'), 2)) +
4254  1/sqrt(power(x('26') -
4255  x('29'), 2) +
4256  power(x('76') -
4257  x('79'), 2) +
4258  power(x('126') -
4259  x('129'), 2)) +
4260  1/sqrt(power(x('27') -
4261  x('28'), 2) +
4262  power(x('77') -
4263  x('78'), 2) +
4264  power(x('127') -
4265  x('128'), 2)) +
4266  1/sqrt(power(x('11') -
4267  x('44'), 2) +
4268  power(x('61') -
4269  x('94'), 2) +
4270  power(x('111') -
4271  x('144'), 2)) +
4272  1/sqrt(power(x('22') -
4273  x('33'), 2) +
4274  power(x('72') -
4275  x('83'), 2) +
4276  power(x('122') -
4277  x('133'), 2)) +
4278  1/sqrt(power(x('14') -
4279  x('41'), 2) +
4280  power(x('64') -
4281  x('91'), 2) +
4282  power(x('114') -
4283  x('141'), 2)) +
4284  1/sqrt(power(x('10') -
4285  x('45'), 2) +
4286  power(x('60') -
4287  x('95'), 2) +
4288  power(x('110') -
4289  x('145'), 2)) +
4290  1/sqrt(power(x('23') -
4291  x('32'), 2) +
4292  power(x('73') -
4293  x('82'), 2) +
4294  power(x('123') -
4295  x('132'), 2)) +
4296  1/sqrt(power(x('9') -
4297  x('46'), 2) +
4298  power(x('59') -
4299  x('96'), 2) +
4300  power(x('109') -
4301  x('146'), 2)) +
4302  1/sqrt(power(x('20') -
4303  x('35'), 2) +
4304  power(x('70') -
4305  x('85'), 2) +
4306  power(x('120') -
4307  x('135'), 2)) +
4308  1/sqrt(power(x('8') -
4309  x('47'), 2) +
4310  power(x('58') -
4311  x('97'), 2) +
4312  power(x('108') -
4313  x('147'), 2)) +
4314  1/sqrt(power(x('13') -
4315  x('42'), 2) +
4316  power(x('63') -
4317  x('92'), 2) +
4318  power(x('113') -
4319  x('142'), 2)) +
4320  1/sqrt(power(x('18') -
4321  x('37'), 2) +
4322  power(x('68') -
4323  x('87'), 2) +
4324  power(x('118') -
4325  x('137'), 2)) +
4326  1/sqrt(power(x('24') -
4327  x('31'), 2) +
4328  power(x('74') -
4329  x('81'), 2) +
4330  power(x('124') -
4331  x('131'), 2)) +
4332  1/sqrt(power(x('7') -
4333  x('48'), 2) +
4334  power(x('57') -
4335  x('98'), 2) +
4336  power(x('107') -
4337  x('148'), 2)) +
4338  1/sqrt(power(x('25') -
4339  x('30'), 2) +
4340  power(x('75') -
4341  x('80'), 2) +
4342  power(x('125') -
4343  x('130'), 2)) +
4344  1/sqrt(power(x('21') -
4345  x('34'), 2) +
4346  power(x('71') -
4347  x('84'), 2) +
4348  power(x('121') -
4349  x('134'), 2)) +
4350  1/sqrt(power(x('15') -
4351  x('40'), 2) +
4352  power(x('65') -
4353  x('90'), 2) +
4354  power(x('115') -
4355  x('140'), 2)) +
4356  1/sqrt(power(x('19') -
4357  x('36'), 2) +
4358  power(x('69') -
4359  x('86'), 2) +
4360  power(x('119') -
4361  x('136'), 2)) +
4362  1/sqrt(power(x('17') -
4363  x('38'), 2) +
4364  power(x('67') -
4365  x('88'), 2) +
4366  power(x('117') -
4367  x('138'), 2)) +
4368  1/sqrt(power(x('16') -
4369  x('39'), 2) +
4370  power(x('66') -
4371  x('89'), 2) +
4372  power(x('116') -
4373  x('139'), 2)) +
4374  1/sqrt(power(x('26') -
4375  x('30'), 2) +
4376  power(x('76') -
4377  x('80'), 2) +
4378  power(x('126') -
4379  x('130'), 2)) +
4380  1/sqrt(power(x('27') -
4381  x('29'), 2) +
4382  power(x('77') -
4383  x('79'), 2) +
4384  power(x('127') -
4385  x('129'), 2)) +
4386  1/sqrt(power(x('6') -
4387  x('50'), 2) +
4388  power(x('56') -
4389  x('100'), 2) +
4390  power(x('106') -
4391  x('150'), 2)) +
4392  1/sqrt(power(x('20') -
4393  x('36'), 2) +
4394  power(x('70') -
4395  x('86'), 2) +
4396  power(x('120') -
4397  x('136'), 2)) +
4398  1/sqrt(power(x('23') -
4399  x('33'), 2) +
4400  power(x('73') -
4401  x('83'), 2) +
4402  power(x('123') -
4403  x('133'), 2)) +
4404  1/sqrt(power(x('12') -
4405  x('44'), 2) +
4406  power(x('62') -
4407  x('94'), 2) +
4408  power(x('112') -
4409  x('144'), 2)) +
4410  1/sqrt(power(x('15') -
4411  x('41'), 2) +
4412  power(x('65') -
4413  x('91'), 2) +
4414  power(x('115') -
4415  x('141'), 2)) +
4416  1/sqrt(power(x('11') -
4417  x('45'), 2) +
4418  power(x('61') -
4419  x('95'), 2) +
4420  power(x('111') -
4421  x('145'), 2)) +
4422  1/sqrt(power(x('24') -
4423  x('32'), 2) +
4424  power(x('74') -
4425  x('82'), 2) +
4426  power(x('124') -
4427  x('132'), 2)) +
4428  1/sqrt(power(x('21') -
4429  x('35'), 2) +
4430  power(x('71') -
4431  x('85'), 2) +
4432  power(x('121') -
4433  x('135'), 2)) +
4434  1/sqrt(power(x('10') -
4435  x('46'), 2) +
4436  power(x('60') -
4437  x('96'), 2) +
4438  power(x('110') -
4439  x('146'), 2)) +
4440  1/sqrt(power(x('25') -
4441  x('31'), 2) +
4442  power(x('75') -
4443  x('81'), 2) +
4444  power(x('125') -
4445  x('131'), 2)) +
4446  1/sqrt(power(x('17') -
4447  x('39'), 2) +
4448  power(x('67') -
4449  x('89'), 2) +
4450  power(x('117') -
4451  x('139'), 2)) +
4452  1/sqrt(power(x('19') -
4453  x('37'), 2) +
4454  power(x('69') -
4455  x('87'), 2) +
4456  power(x('119') -
4457  x('137'), 2)) +
4458  1/sqrt(power(x('9') -
4459  x('47'), 2) +
4460  power(x('59') -
4461  x('97'), 2) +
4462  power(x('109') -
4463  x('147'), 2)) +
4464  1/sqrt(power(x('14') -
4465  x('42'), 2) +
4466  power(x('64') -
4467  x('92'), 2) +
4468  power(x('114') -
4469  x('142'), 2)) +
4470  1/sqrt(power(x('8') -
4471  x('48'), 2) +
4472  power(x('58') -
4473  x('98'), 2) +
4474  power(x('108') -
4475  x('148'), 2)) +
4476  1/sqrt(power(x('7') -
4477  x('49'), 2) +
4478  power(x('57') -
4479  x('99'), 2) +
4480  power(x('107') -
4481  x('149'), 2)) +
4482  1/sqrt(power(x('22') -
4483  x('34'), 2) +
4484  power(x('72') -
4485  x('84'), 2) +
4486  power(x('122') -
4487  x('134'), 2)) +
4488  1/sqrt(power(x('13') -
4489  x('43'), 2) +
4490  power(x('63') -
4491  x('93'), 2) +
4492  power(x('113') -
4493  x('143'), 2)) +
4494  1/sqrt(power(x('16') -
4495  x('40'), 2) +
4496  power(x('66') -
4497  x('90'), 2) +
4498  power(x('116') -
4499  x('140'), 2)) +
4500  1/sqrt(power(x('18') -
4501  x('38'), 2) +
4502  power(x('68') -
4503  x('88'), 2) +
4504  power(x('118') -
4505  x('138'), 2)) +
4506  1/sqrt(power(x('26') -
4507  x('31'), 2) +
4508  power(x('76') -
4509  x('81'), 2) +
4510  power(x('126') -
4511  x('131'), 2)) +
4512  1/sqrt(power(x('27') -
4513  x('30'), 2) +
4514  power(x('77') -
4515  x('80'), 2) +
4516  power(x('127') -
4517  x('130'), 2)) +
4518  1/sqrt(power(x('28') -
4519  x('29'), 2) +
4520  power(x('78') -
4521  x('79'), 2) +
4522  power(x('128') -
4523  x('129'), 2)) +
4524  1/sqrt(power(x('20') -
4525  x('37'), 2) +
4526  power(x('70') -
4527  x('87'), 2) +
4528  power(x('120') -
4529  x('137'), 2)) +
4530  1/sqrt(power(x('10') -
4531  x('47'), 2) +
4532  power(x('60') -
4533  x('97'), 2) +
4534  power(x('110') -
4535  x('147'), 2)) +
4536  1/sqrt(power(x('15') -
4537  x('42'), 2) +
4538  power(x('65') -
4539  x('92'), 2) +
4540  power(x('115') -
4541  x('142'), 2)) +
4542  1/sqrt(power(x('9') -
4543  x('48'), 2) +
4544  power(x('59') -
4545  x('98'), 2) +
4546  power(x('109') -
4547  x('148'), 2)) +
4548  1/sqrt(power(x('23') -
4549  x('34'), 2) +
4550  power(x('73') -
4551  x('84'), 2) +
4552  power(x('123') -
4553  x('134'), 2)) +
4554  1/sqrt(power(x('8') -
4555  x('49'), 2) +
4556  power(x('58') -
4557  x('99'), 2) +
4558  power(x('108') -
4559  x('149'), 2)) +
4560  1/sqrt(power(x('7') -
4561  x('50'), 2) +
4562  power(x('57') -
4563  x('100'), 2) +
4564  power(x('107') -
4565  x('150'), 2)) +
4566  1/sqrt(power(x('14') -
4567  x('43'), 2) +
4568  power(x('64') -
4569  x('93'), 2) +
4570  power(x('114') -
4571  x('143'), 2)) +
4572  1/sqrt(power(x('17') -
4573  x('40'), 2) +
4574  power(x('67') -
4575  x('90'), 2) +
4576  power(x('117') -
4577  x('140'), 2)) +
4578  1/sqrt(power(x('24') -
4579  x('33'), 2) +
4580  power(x('74') -
4581  x('83'), 2) +
4582  power(x('124') -
4583  x('133'), 2)) +
4584  1/sqrt(power(x('21') -
4585  x('36'), 2) +
4586  power(x('71') -
4587  x('86'), 2) +
4588  power(x('121') -
4589  x('136'), 2)) +
4590  1/sqrt(power(x('19') -
4591  x('38'), 2) +
4592  power(x('69') -
4593  x('88'), 2) +
4594  power(x('119') -
4595  x('138'), 2)) +
4596  1/sqrt(power(x('13') -
4597  x('44'), 2) +
4598  power(x('63') -
4599  x('94'), 2) +
4600  power(x('113') -
4601  x('144'), 2)) +
4602  1/sqrt(power(x('25') -
4603  x('32'), 2) +
4604  power(x('75') -
4605  x('82'), 2) +
4606  power(x('125') -
4607  x('132'), 2)) +
4608  1/sqrt(power(x('16') -
4609  x('41'), 2) +
4610  power(x('66') -
4611  x('91'), 2) +
4612  power(x('116') -
4613  x('141'), 2)) +
4614  1/sqrt(power(x('12') -
4615  x('45'), 2) +
4616  power(x('62') -
4617  x('95'), 2) +
4618  power(x('112') -
4619  x('145'), 2)) +
4620  1/sqrt(power(x('22') -
4621  x('35'), 2) +
4622  power(x('72') -
4623  x('85'), 2) +
4624  power(x('122') -
4625  x('135'), 2)) +
4626  1/sqrt(power(x('11') -
4627  x('46'), 2) +
4628  power(x('61') -
4629  x('96'), 2) +
4630  power(x('111') -
4631  x('146'), 2)) +
4632  1/sqrt(power(x('18') -
4633  x('39'), 2) +
4634  power(x('68') -
4635  x('89'), 2) +
4636  power(x('118') -
4637  x('139'), 2)) +
4638  1/sqrt(power(x('10') -
4639  x('48'), 2) +
4640  power(x('60') -
4641  x('98'), 2) +
4642  power(x('110') -
4643  x('148'), 2)) +
4644  1/sqrt(power(x('9') -
4645  x('49'), 2) +
4646  power(x('59') -
4647  x('99'), 2) +
4648  power(x('109') -
4649  x('149'), 2)) +
4650  1/sqrt(power(x('8') -
4651  x('50'), 2) +
4652  power(x('58') -
4653  x('100'), 2) +
4654  power(x('108') -
4655  x('150'), 2)) +
4656  1/sqrt(power(x('20') -
4657  x('38'), 2) +
4658  power(x('70') -
4659  x('88'), 2) +
4660  power(x('120') -
4661  x('138'), 2)) +
4662  1/sqrt(power(x('26') -
4663  x('32'), 2) +
4664  power(x('76') -
4665  x('82'), 2) +
4666  power(x('126') -
4667  x('132'), 2)) +
4668  1/sqrt(power(x('14') -
4669  x('44'), 2) +
4670  power(x('64') -
4671  x('94'), 2) +
4672  power(x('114') -
4673  x('144'), 2)) +
4674  1/sqrt(power(x('27') -
4675  x('31'), 2) +
4676  power(x('77') -
4677  x('81'), 2) +
4678  power(x('127') -
4679  x('131'), 2)) +
4680  1/sqrt(power(x('28') -
4681  x('30'), 2) +
4682  power(x('78') -
4683  x('80'), 2) +
4684  power(x('128') -
4685  x('130'), 2)) +
4686  1/sqrt(power(x('23') -
4687  x('35'), 2) +
4688  power(x('73') -
4689  x('85'), 2) +
4690  power(x('123') -
4691  x('135'), 2)) +
4692  1/sqrt(power(x('13') -
4693  x('45'), 2) +
4694  power(x('63') -
4695  x('95'), 2) +
4696  power(x('113') -
4697  x('145'), 2)) +
4698  1/sqrt(power(x('12') -
4699  x('46'), 2) +
4700  power(x('62') -
4701  x('96'), 2) +
4702  power(x('112') -
4703  x('146'), 2)) +
4704  1/sqrt(power(x('21') -
4705  x('37'), 2) +
4706  power(x('71') -
4707  x('87'), 2) +
4708  power(x('121') -
4709  x('137'), 2)) +
4710  1/sqrt(power(x('19') -
4711  x('39'), 2) +
4712  power(x('69') -
4713  x('89'), 2) +
4714  power(x('119') -
4715  x('139'), 2)) +
4716  1/sqrt(power(x('11') -
4717  x('47'), 2) +
4718  power(x('61') -
4719  x('97'), 2) +
4720  power(x('111') -
4721  x('147'), 2)) +
4722  1/sqrt(power(x('24') -
4723  x('34'), 2) +
4724  power(x('74') -
4725  x('84'), 2) +
4726  power(x('124') -
4727  x('134'), 2)) +
4728  1/sqrt(power(x('25') -
4729  x('33'), 2) +
4730  power(x('75') -
4731  x('83'), 2) +
4732  power(x('125') -
4733  x('133'), 2)) +
4734  1/sqrt(power(x('15') -
4735  x('43'), 2) +
4736  power(x('65') -
4737  x('93'), 2) +
4738  power(x('115') -
4739  x('143'), 2)) +
4740  1/sqrt(power(x('22') -
4741  x('36'), 2) +
4742  power(x('72') -
4743  x('86'), 2) +
4744  power(x('122') -
4745  x('136'), 2)) +
4746  1/sqrt(power(x('18') -
4747  x('40'), 2) +
4748  power(x('68') -
4749  x('90'), 2) +
4750  power(x('118') -
4751  x('140'), 2)) +
4752  1/sqrt(power(x('17') -
4753  x('41'), 2) +
4754  power(x('67') -
4755  x('91'), 2) +
4756  power(x('117') -
4757  x('141'), 2)) +
4758  1/sqrt(power(x('16') -
4759  x('42'), 2) +
4760  power(x('66') -
4761  x('92'), 2) +
4762  power(x('116') -
4763  x('142'), 2)) +
4764  1/sqrt(power(x('14') -
4765  x('45'), 2) +
4766  power(x('64') -
4767  x('95'), 2) +
4768  power(x('114') -
4769  x('145'), 2)) +
4770  1/sqrt(power(x('13') -
4771  x('46'), 2) +
4772  power(x('63') -
4773  x('96'), 2) +
4774  power(x('113') -
4775  x('146'), 2)) +
4776  1/sqrt(power(x('12') -
4777  x('47'), 2) +
4778  power(x('62') -
4779  x('97'), 2) +
4780  power(x('112') -
4781  x('147'), 2)) +
4782  1/sqrt(power(x('11') -
4783  x('48'), 2) +
4784  power(x('61') -
4785  x('98'), 2) +
4786  power(x('111') -
4787  x('148'), 2)) +
4788  1/sqrt(power(x('9') -
4789  x('50'), 2) +
4790  power(x('59') -
4791  x('100'), 2) +
4792  power(x('109') -
4793  x('150'), 2)) +
4794  1/sqrt(power(x('10') -
4795  x('49'), 2) +
4796  power(x('60') -
4797  x('99'), 2) +
4798  power(x('110') -
4799  x('149'), 2)) +
4800  1/sqrt(power(x('26') -
4801  x('33'), 2) +
4802  power(x('76') -
4803  x('83'), 2) +
4804  power(x('126') -
4805  x('133'), 2)) +
4806  1/sqrt(power(x('23') -
4807  x('36'), 2) +
4808  power(x('73') -
4809  x('86'), 2) +
4810  power(x('123') -
4811  x('136'), 2)) +
4812  1/sqrt(power(x('27') -
4813  x('32'), 2) +
4814  power(x('77') -
4815  x('82'), 2) +
4816  power(x('127') -
4817  x('132'), 2)) +
4818  1/sqrt(power(x('19') -
4819  x('40'), 2) +
4820  power(x('69') -
4821  x('90'), 2) +
4822  power(x('119') -
4823  x('140'), 2)) +
4824  1/sqrt(power(x('16') -
4825  x('43'), 2) +
4826  power(x('66') -
4827  x('93'), 2) +
4828  power(x('116') -
4829  x('143'), 2)) +
4830  1/sqrt(power(x('21') -
4831  x('38'), 2) +
4832  power(x('71') -
4833  x('88'), 2) +
4834  power(x('121') -
4835  x('138'), 2)) +
4836  1/sqrt(power(x('28') -
4837  x('31'), 2) +
4838  power(x('78') -
4839  x('81'), 2) +
4840  power(x('128') -
4841  x('131'), 2)) +
4842  1/sqrt(power(x('29') -
4843  x('30'), 2) +
4844  power(x('79') -
4845  x('80'), 2) +
4846  power(x('129') -
4847  x('130'), 2)) +
4848  1/sqrt(power(x('15') -
4849  x('44'), 2) +
4850  power(x('65') -
4851  x('94'), 2) +
4852  power(x('115') -
4853  x('144'), 2)) +
4854  1/sqrt(power(x('24') -
4855  x('35'), 2) +
4856  power(x('74') -
4857  x('85'), 2) +
4858  power(x('124') -
4859  x('135'), 2)) +
4860  1/sqrt(power(x('18') -
4861  x('41'), 2) +
4862  power(x('68') -
4863  x('91'), 2) +
4864  power(x('118') -
4865  x('141'), 2)) +
4866  1/sqrt(power(x('22') -
4867  x('37'), 2) +
4868  power(x('72') -
4869  x('87'), 2) +
4870  power(x('122') -
4871  x('137'), 2)) +
4872  1/sqrt(power(x('20') -
4873  x('39'), 2) +
4874  power(x('70') -
4875  x('89'), 2) +
4876  power(x('120') -
4877  x('139'), 2)) +
4878  1/sqrt(power(x('25') -
4879  x('34'), 2) +
4880  power(x('75') -
4881  x('84'), 2) +
4882  power(x('125') -
4883  x('134'), 2)) +
4884  1/sqrt(power(x('17') -
4885  x('42'), 2) +
4886  power(x('67') -
4887  x('92'), 2) +
4888  power(x('117') -
4889  x('142'), 2)) +
4890  1/sqrt(power(x('16') -
4891  x('44'), 2) +
4892  power(x('66') -
4893  x('94'), 2) +
4894  power(x('116') -
4895  x('144'), 2)) +
4896  1/sqrt(power(x('19') -
4897  x('41'), 2) +
4898  power(x('69') -
4899  x('91'), 2) +
4900  power(x('119') -
4901  x('141'), 2)) +
4902  1/sqrt(power(x('15') -
4903  x('45'), 2) +
4904  power(x('65') -
4905  x('95'), 2) +
4906  power(x('115') -
4907  x('145'), 2)) +
4908  1/sqrt(power(x('26') -
4909  x('34'), 2) +
4910  power(x('76') -
4911  x('84'), 2) +
4912  power(x('126') -
4913  x('134'), 2)) +
4914  1/sqrt(power(x('23') -
4915  x('37'), 2) +
4916  power(x('73') -
4917  x('87'), 2) +
4918  power(x('123') -
4919  x('137'), 2)) +
4920  1/sqrt(power(x('21') -
4921  x('39'), 2) +
4922  power(x('71') -
4923  x('89'), 2) +
4924  power(x('121') -
4925  x('139'), 2)) +
4926  1/sqrt(power(x('14') -
4927  x('46'), 2) +
4928  power(x('64') -
4929  x('96'), 2) +
4930  power(x('114') -
4931  x('146'), 2)) +
4932  1/sqrt(power(x('27') -
4933  x('33'), 2) +
4934  power(x('77') -
4935  x('83'), 2) +
4936  power(x('127') -
4937  x('133'), 2)) +
4938  1/sqrt(power(x('13') -
4939  x('47'), 2) +
4940  power(x('63') -
4941  x('97'), 2) +
4942  power(x('113') -
4943  x('147'), 2)) +
4944  1/sqrt(power(x('18') -
4945  x('42'), 2) +
4946  power(x('68') -
4947  x('92'), 2) +
4948  power(x('118') -
4949  x('142'), 2)) +
4950  1/sqrt(power(x('12') -
4951  x('48'), 2) +
4952  power(x('62') -
4953  x('98'), 2) +
4954  power(x('112') -
4955  x('148'), 2)) +
4956  1/sqrt(power(x('10') -
4957  x('50'), 2) +
4958  power(x('60') -
4959  x('100'), 2) +
4960  power(x('110') -
4961  x('150'), 2)) +
4962  1/sqrt(power(x('11') -
4963  x('49'), 2) +
4964  power(x('61') -
4965  x('99'), 2) +
4966  power(x('111') -
4967  x('149'), 2)) +
4968  1/sqrt(power(x('28') -
4969  x('32'), 2) +
4970  power(x('78') -
4971  x('82'), 2) +
4972  power(x('128') -
4973  x('132'), 2)) +
4974  1/sqrt(power(x('24') -
4975  x('36'), 2) +
4976  power(x('74') -
4977  x('86'), 2) +
4978  power(x('124') -
4979  x('136'), 2)) +
4980  1/sqrt(power(x('29') -
4981  x('31'), 2) +
4982  power(x('79') -
4983  x('81'), 2) +
4984  power(x('129') -
4985  x('131'), 2)) +
4986  1/sqrt(power(x('20') -
4987  x('40'), 2) +
4988  power(x('70') -
4989  x('90'), 2) +
4990  power(x('120') -
4991  x('140'), 2)) +
4992  1/sqrt(power(x('17') -
4993  x('43'), 2) +
4994  power(x('67') -
4995  x('93'), 2) +
4996  power(x('117') -
4997  x('143'), 2)) +
4998  1/sqrt(power(x('22') -
4999  x('38'), 2) +
5000  power(x('72') -
5001  x('88'), 2) +
5002  power(x('122') -
5003  x('138'), 2)) +
5004  1/sqrt(power(x('25') -
5005  x('35'), 2) +
5006  power(x('75') -
5007  x('85'), 2) +
5008  power(x('125') -
5009  x('135'), 2)) +
5010  1/sqrt(power(x('29') -
5011  x('32'), 2) +
5012  power(x('79') -
5013  x('82'), 2) +
5014  power(x('129') -
5015  x('132'), 2)) +
5016  1/sqrt(power(x('30') -
5017  x('31'), 2) +
5018  power(x('80') -
5019  x('81'), 2) +
5020  power(x('130') -
5021  x('131'), 2)) +
5022  1/sqrt(power(x('14') -
5023  x('47'), 2) +
5024  power(x('64') -
5025  x('97'), 2) +
5026  power(x('114') -
5027  x('147'), 2)) +
5028  1/sqrt(power(x('13') -
5029  x('48'), 2) +
5030  power(x('63') -
5031  x('98'), 2) +
5032  power(x('113') -
5033  x('148'), 2)) +
5034  1/sqrt(power(x('11') -
5035  x('50'), 2) +
5036  power(x('61') -
5037  x('100'), 2) +
5038  power(x('111') -
5039  x('150'), 2)) +
5040  1/sqrt(power(x('12') -
5041  x('49'), 2) +
5042  power(x('62') -
5043  x('99'), 2) +
5044  power(x('112') -
5045  x('149'), 2)) +
5046  1/sqrt(power(x('23') -
5047  x('38'), 2) +
5048  power(x('73') -
5049  x('88'), 2) +
5050  power(x('123') -
5051  x('138'), 2)) +
5052  1/sqrt(power(x('26') -
5053  x('35'), 2) +
5054  power(x('76') -
5055  x('85'), 2) +
5056  power(x('126') -
5057  x('135'), 2)) +
5058  1/sqrt(power(x('27') -
5059  x('34'), 2) +
5060  power(x('77') -
5061  x('84'), 2) +
5062  power(x('127') -
5063  x('134'), 2)) +
5064  1/sqrt(power(x('20') -
5065  x('41'), 2) +
5066  power(x('70') -
5067  x('91'), 2) +
5068  power(x('120') -
5069  x('141'), 2)) +
5070  1/sqrt(power(x('24') -
5071  x('37'), 2) +
5072  power(x('74') -
5073  x('87'), 2) +
5074  power(x('124') -
5075  x('137'), 2)) +
5076  1/sqrt(power(x('16') -
5077  x('45'), 2) +
5078  power(x('66') -
5079  x('95'), 2) +
5080  power(x('116') -
5081  x('145'), 2)) +
5082  1/sqrt(power(x('22') -
5083  x('39'), 2) +
5084  power(x('72') -
5085  x('89'), 2) +
5086  power(x('122') -
5087  x('139'), 2)) +
5088  1/sqrt(power(x('28') -
5089  x('33'), 2) +
5090  power(x('78') -
5091  x('83'), 2) +
5092  power(x('128') -
5093  x('133'), 2)) +
5094  1/sqrt(power(x('15') -
5095  x('46'), 2) +
5096  power(x('65') -
5097  x('96'), 2) +
5098  power(x('115') -
5099  x('146'), 2)) +
5100  1/sqrt(power(x('19') -
5101  x('42'), 2) +
5102  power(x('69') -
5103  x('92'), 2) +
5104  power(x('119') -
5105  x('142'), 2)) +
5106  1/sqrt(power(x('25') -
5107  x('36'), 2) +
5108  power(x('75') -
5109  x('86'), 2) +
5110  power(x('125') -
5111  x('136'), 2)) +
5112  1/sqrt(power(x('21') -
5113  x('40'), 2) +
5114  power(x('71') -
5115  x('90'), 2) +
5116  power(x('121') -
5117  x('140'), 2)) +
5118  1/sqrt(power(x('18') -
5119  x('43'), 2) +
5120  power(x('68') -
5121  x('93'), 2) +
5122  power(x('118') -
5123  x('143'), 2)) +
5124  1/sqrt(power(x('17') -
5125  x('44'), 2) +
5126  power(x('67') -
5127  x('94'), 2) +
5128  power(x('117') -
5129  x('144'), 2)) +
5130  1/sqrt(power(x('29') -
5131  x('33'), 2) +
5132  power(x('79') -
5133  x('83'), 2) +
5134  power(x('129') -
5135  x('133'), 2)) +
5136  1/sqrt(power(x('30') -
5137  x('32'), 2) +
5138  power(x('80') -
5139  x('82'), 2) +
5140  power(x('130') -
5141  x('132'), 2)) +
5142  1/sqrt(power(x('23') -
5143  x('39'), 2) +
5144  power(x('73') -
5145  x('89'), 2) +
5146  power(x('123') -
5147  x('139'), 2)) +
5148  1/sqrt(power(x('16') -
5149  x('46'), 2) +
5150  power(x('66') -
5151  x('96'), 2) +
5152  power(x('116') -
5153  x('146'), 2)) +
5154  1/sqrt(power(x('26') -
5155  x('36'), 2) +
5156  power(x('76') -
5157  x('86'), 2) +
5158  power(x('126') -
5159  x('136'), 2)) +
5160  1/sqrt(power(x('20') -
5161  x('42'), 2) +
5162  power(x('70') -
5163  x('92'), 2) +
5164  power(x('120') -
5165  x('142'), 2)) +
5166  1/sqrt(power(x('15') -
5167  x('47'), 2) +
5168  power(x('65') -
5169  x('97'), 2) +
5170  power(x('115') -
5171  x('147'), 2)) +
5172  1/sqrt(power(x('12') -
5173  x('50'), 2) +
5174  power(x('62') -
5175  x('100'), 2) +
5176  power(x('112') -
5177  x('150'), 2)) +
5178  1/sqrt(power(x('14') -
5179  x('48'), 2) +
5180  power(x('64') -
5181  x('98'), 2) +
5182  power(x('114') -
5183  x('148'), 2)) +
5184  1/sqrt(power(x('13') -
5185  x('49'), 2) +
5186  power(x('63') -
5187  x('99'), 2) +
5188  power(x('113') -
5189  x('149'), 2)) +
5190  1/sqrt(power(x('24') -
5191  x('38'), 2) +
5192  power(x('74') -
5193  x('88'), 2) +
5194  power(x('124') -
5195  x('138'), 2)) +
5196  1/sqrt(power(x('22') -
5197  x('40'), 2) +
5198  power(x('72') -
5199  x('90'), 2) +
5200  power(x('122') -
5201  x('140'), 2)) +
5202  1/sqrt(power(x('27') -
5203  x('35'), 2) +
5204  power(x('77') -
5205  x('85'), 2) +
5206  power(x('127') -
5207  x('135'), 2)) +
5208  1/sqrt(power(x('19') -
5209  x('43'), 2) +
5210  power(x('69') -
5211  x('93'), 2) +
5212  power(x('119') -
5213  x('143'), 2)) +
5214  1/sqrt(power(x('28') -
5215  x('34'), 2) +
5216  power(x('78') -
5217  x('84'), 2) +
5218  power(x('128') -
5219  x('134'), 2)) +
5220  1/sqrt(power(x('18') -
5221  x('44'), 2) +
5222  power(x('68') -
5223  x('94'), 2) +
5224  power(x('118') -
5225  x('144'), 2)) +
5226  1/sqrt(power(x('25') -
5227  x('37'), 2) +
5228  power(x('75') -
5229  x('87'), 2) +
5230  power(x('125') -
5231  x('137'), 2)) +
5232  1/sqrt(power(x('21') -
5233  x('41'), 2) +
5234  power(x('71') -
5235  x('91'), 2) +
5236  power(x('121') -
5237  x('141'), 2)) +
5238  1/sqrt(power(x('17') -
5239  x('45'), 2) +
5240  power(x('67') -
5241  x('95'), 2) +
5242  power(x('117') -
5243  x('145'), 2)) +
5244  1/sqrt(power(x('13') -
5245  x('50'), 2) +
5246  power(x('63') -
5247  x('100'), 2) +
5248  power(x('113') -
5249  x('150'), 2)) +
5250  1/sqrt(power(x('14') -
5251  x('49'), 2) +
5252  power(x('64') -
5253  x('99'), 2) +
5254  power(x('114') -
5255  x('149'), 2)) +
5256  1/sqrt(power(x('29') -
5257  x('34'), 2) +
5258  power(x('79') -
5259  x('84'), 2) +
5260  power(x('129') -
5261  x('134'), 2)) +
5262  1/sqrt(power(x('20') -
5263  x('43'), 2) +
5264  power(x('70') -
5265  x('93'), 2) +
5266  power(x('120') -
5267  x('143'), 2)) +
5268  1/sqrt(power(x('30') -
5269  x('33'), 2) +
5270  power(x('80') -
5271  x('83'), 2) +
5272  power(x('130') -
5273  x('133'), 2)) +
5274  1/sqrt(power(x('31') -
5275  x('32'), 2) +
5276  power(x('81') -
5277  x('82'), 2) +
5278  power(x('131') -
5279  x('132'), 2)) +
5280  1/sqrt(power(x('26') -
5281  x('37'), 2) +
5282  power(x('76') -
5283  x('87'), 2) +
5284  power(x('126') -
5285  x('137'), 2)) +
5286  1/sqrt(power(x('19') -
5287  x('44'), 2) +
5288  power(x('69') -
5289  x('94'), 2) +
5290  power(x('119') -
5291  x('144'), 2)) +
5292  1/sqrt(power(x('22') -
5293  x('41'), 2) +
5294  power(x('72') -
5295  x('91'), 2) +
5296  power(x('122') -
5297  x('141'), 2)) +
5298  1/sqrt(power(x('24') -
5299  x('39'), 2) +
5300  power(x('74') -
5301  x('89'), 2) +
5302  power(x('124') -
5303  x('139'), 2)) +
5304  1/sqrt(power(x('18') -
5305  x('45'), 2) +
5306  power(x('68') -
5307  x('95'), 2) +
5308  power(x('118') -
5309  x('145'), 2)) +
5310  1/sqrt(power(x('27') -
5311  x('36'), 2) +
5312  power(x('77') -
5313  x('86'), 2) +
5314  power(x('127') -
5315  x('136'), 2)) +
5316  1/sqrt(power(x('17') -
5317  x('46'), 2) +
5318  power(x('67') -
5319  x('96'), 2) +
5320  power(x('117') -
5321  x('146'), 2)) +
5322  1/sqrt(power(x('21') -
5323  x('42'), 2) +
5324  power(x('71') -
5325  x('92'), 2) +
5326  power(x('121') -
5327  x('142'), 2)) +
5328  1/sqrt(power(x('16') -
5329  x('47'), 2) +
5330  power(x('66') -
5331  x('97'), 2) +
5332  power(x('116') -
5333  x('147'), 2)) +
5334  1/sqrt(power(x('28') -
5335  x('35'), 2) +
5336  power(x('78') -
5337  x('85'), 2) +
5338  power(x('128') -
5339  x('135'), 2)) +
5340  1/sqrt(power(x('15') -
5341  x('48'), 2) +
5342  power(x('65') -
5343  x('98'), 2) +
5344  power(x('115') -
5345  x('148'), 2)) +
5346  1/sqrt(power(x('25') -
5347  x('38'), 2) +
5348  power(x('75') -
5349  x('88'), 2) +
5350  power(x('125') -
5351  x('138'), 2)) +
5352  1/sqrt(power(x('23') -
5353  x('40'), 2) +
5354  power(x('73') -
5355  x('90'), 2) +
5356  power(x('123') -
5357  x('140'), 2)) +
5358  1/sqrt(power(x('19') -
5359  x('45'), 2) +
5360  power(x('69') -
5361  x('95'), 2) +
5362  power(x('119') -
5363  x('145'), 2)) +
5364  1/sqrt(power(x('29') -
5365  x('35'), 2) +
5366  power(x('79') -
5367  x('85'), 2) +
5368  power(x('129') -
5369  x('135'), 2)) +
5370  1/sqrt(power(x('18') -
5371  x('46'), 2) +
5372  power(x('68') -
5373  x('96'), 2) +
5374  power(x('118') -
5375  x('146'), 2)) +
5376  1/sqrt(power(x('26') -
5377  x('38'), 2) +
5378  power(x('76') -
5379  x('88'), 2) +
5380  power(x('126') -
5381  x('138'), 2)) +
5382  1/sqrt(power(x('17') -
5383  x('47'), 2) +
5384  power(x('67') -
5385  x('97'), 2) +
5386  power(x('117') -
5387  x('147'), 2)) +
5388  1/sqrt(power(x('30') -
5389  x('34'), 2) +
5390  power(x('80') -
5391  x('84'), 2) +
5392  power(x('130') -
5393  x('134'), 2)) +
5394  1/sqrt(power(x('14') -
5395  x('50'), 2) +
5396  power(x('64') -
5397  x('100'), 2) +
5398  power(x('114') -
5399  x('150'), 2)) +
5400  1/sqrt(power(x('24') -
5401  x('40'), 2) +
5402  power(x('74') -
5403  x('90'), 2) +
5404  power(x('124') -
5405  x('140'), 2)) +
5406  1/sqrt(power(x('16') -
5407  x('48'), 2) +
5408  power(x('66') -
5409  x('98'), 2) +
5410  power(x('116') -
5411  x('148'), 2)) +
5412  1/sqrt(power(x('15') -
5413  x('49'), 2) +
5414  power(x('65') -
5415  x('99'), 2) +
5416  power(x('115') -
5417  x('149'), 2)) +
5418  1/sqrt(power(x('31') -
5419  x('33'), 2) +
5420  power(x('81') -
5421  x('83'), 2) +
5422  power(x('131') -
5423  x('133'), 2)) +
5424  1/sqrt(power(x('27') -
5425  x('37'), 2) +
5426  power(x('77') -
5427  x('87'), 2) +
5428  power(x('127') -
5429  x('137'), 2)) +
5430  1/sqrt(power(x('23') -
5431  x('41'), 2) +
5432  power(x('73') -
5433  x('91'), 2) +
5434  power(x('123') -
5435  x('141'), 2)) +
5436  1/sqrt(power(x('20') -
5437  x('44'), 2) +
5438  power(x('70') -
5439  x('94'), 2) +
5440  power(x('120') -
5441  x('144'), 2)) +
5442  1/sqrt(power(x('25') -
5443  x('39'), 2) +
5444  power(x('75') -
5445  x('89'), 2) +
5446  power(x('125') -
5447  x('139'), 2)) +
5448  1/sqrt(power(x('28') -
5449  x('36'), 2) +
5450  power(x('78') -
5451  x('86'), 2) +
5452  power(x('128') -
5453  x('136'), 2)) +
5454  1/sqrt(power(x('22') -
5455  x('42'), 2) +
5456  power(x('72') -
5457  x('92'), 2) +
5458  power(x('122') -
5459  x('142'), 2)) +
5460  1/sqrt(power(x('21') -
5461  x('43'), 2) +
5462  power(x('71') -
5463  x('93'), 2) +
5464  power(x('121') -
5465  x('143'), 2)) +
5466  1/sqrt(power(x('26') -
5467  x('39'), 2) +
5468  power(x('76') -
5469  x('89'), 2) +
5470  power(x('126') -
5471  x('139'), 2)) +
5472  1/sqrt(power(x('29') -
5473  x('36'), 2) +
5474  power(x('79') -
5475  x('86'), 2) +
5476  power(x('129') -
5477  x('136'), 2)) +
5478  1/sqrt(power(x('30') -
5479  x('35'), 2) +
5480  power(x('80') -
5481  x('85'), 2) +
5482  power(x('130') -
5483  x('135'), 2)) +
5484  1/sqrt(power(x('20') -
5485  x('45'), 2) +
5486  power(x('70') -
5487  x('95'), 2) +
5488  power(x('120') -
5489  x('145'), 2)) +
5490  1/sqrt(power(x('31') -
5491  x('34'), 2) +
5492  power(x('81') -
5493  x('84'), 2) +
5494  power(x('131') -
5495  x('134'), 2)) +
5496  1/sqrt(power(x('27') -
5497  x('38'), 2) +
5498  power(x('77') -
5499  x('88'), 2) +
5500  power(x('127') -
5501  x('138'), 2)) +
5502  1/sqrt(power(x('32') -
5503  x('33'), 2) +
5504  power(x('82') -
5505  x('83'), 2) +
5506  power(x('132') -
5507  x('133'), 2)) +
5508  1/sqrt(power(x('23') -
5509  x('42'), 2) +
5510  power(x('73') -
5511  x('92'), 2) +
5512  power(x('123') -
5513  x('142'), 2)) +
5514  1/sqrt(power(x('19') -
5515  x('46'), 2) +
5516  power(x('69') -
5517  x('96'), 2) +
5518  power(x('119') -
5519  x('146'), 2)) +
5520  1/sqrt(power(x('25') -
5521  x('40'), 2) +
5522  power(x('75') -
5523  x('90'), 2) +
5524  power(x('125') -
5525  x('140'), 2)) +
5526  1/sqrt(power(x('18') -
5527  x('47'), 2) +
5528  power(x('68') -
5529  x('97'), 2) +
5530  power(x('118') -
5531  x('147'), 2)) +
5532  1/sqrt(power(x('15') -
5533  x('50'), 2) +
5534  power(x('65') -
5535  x('100'), 2) +
5536  power(x('115') -
5537  x('150'), 2)) +
5538  1/sqrt(power(x('17') -
5539  x('48'), 2) +
5540  power(x('67') -
5541  x('98'), 2) +
5542  power(x('117') -
5543  x('148'), 2)) +
5544  1/sqrt(power(x('16') -
5545  x('49'), 2) +
5546  power(x('66') -
5547  x('99'), 2) +
5548  power(x('116') -
5549  x('149'), 2)) +
5550  1/sqrt(power(x('28') -
5551  x('37'), 2) +
5552  power(x('78') -
5553  x('87'), 2) +
5554  power(x('128') -
5555  x('137'), 2)) +
5556  1/sqrt(power(x('22') -
5557  x('43'), 2) +
5558  power(x('72') -
5559  x('93'), 2) +
5560  power(x('122') -
5561  x('143'), 2)) +
5562  1/sqrt(power(x('24') -
5563  x('41'), 2) +
5564  power(x('74') -
5565  x('91'), 2) +
5566  power(x('124') -
5567  x('141'), 2)) +
5568  1/sqrt(power(x('21') -
5569  x('44'), 2) +
5570  power(x('71') -
5571  x('94'), 2) +
5572  power(x('121') -
5573  x('144'), 2)) +
5574  1/sqrt(power(x('26') -
5575  x('40'), 2) +
5576  power(x('76') -
5577  x('90'), 2) +
5578  power(x('126') -
5579  x('140'), 2)) +
5580  1/sqrt(power(x('19') -
5581  x('47'), 2) +
5582  power(x('69') -
5583  x('97'), 2) +
5584  power(x('119') -
5585  x('147'), 2)) +
5586  1/sqrt(power(x('29') -
5587  x('37'), 2) +
5588  power(x('79') -
5589  x('87'), 2) +
5590  power(x('129') -
5591  x('137'), 2)) +
5592  1/sqrt(power(x('16') -
5593  x('50'), 2) +
5594  power(x('66') -
5595  x('100'), 2) +
5596  power(x('116') -
5597  x('150'), 2)) +
5598  1/sqrt(power(x('18') -
5599  x('48'), 2) +
5600  power(x('68') -
5601  x('98'), 2) +
5602  power(x('118') -
5603  x('148'), 2)) +
5604  1/sqrt(power(x('17') -
5605  x('49'), 2) +
5606  power(x('67') -
5607  x('99'), 2) +
5608  power(x('117') -
5609  x('149'), 2)) +
5610  1/sqrt(power(x('23') -
5611  x('43'), 2) +
5612  power(x('73') -
5613  x('93'), 2) +
5614  power(x('123') -
5615  x('143'), 2)) +
5616  1/sqrt(power(x('30') -
5617  x('36'), 2) +
5618  power(x('80') -
5619  x('86'), 2) +
5620  power(x('130') -
5621  x('136'), 2)) +
5622  1/sqrt(power(x('27') -
5623  x('39'), 2) +
5624  power(x('77') -
5625  x('89'), 2) +
5626  power(x('127') -
5627  x('139'), 2)) +
5628  1/sqrt(power(x('25') -
5629  x('41'), 2) +
5630  power(x('75') -
5631  x('91'), 2) +
5632  power(x('125') -
5633  x('141'), 2)) +
5634  1/sqrt(power(x('31') -
5635  x('35'), 2) +
5636  power(x('81') -
5637  x('85'), 2) +
5638  power(x('131') -
5639  x('135'), 2)) +
5640  1/sqrt(power(x('22') -
5641  x('44'), 2) +
5642  power(x('72') -
5643  x('94'), 2) +
5644  power(x('122') -
5645  x('144'), 2)) +
5646  1/sqrt(power(x('32') -
5647  x('34'), 2) +
5648  power(x('82') -
5649  x('84'), 2) +
5650  power(x('132') -
5651  x('134'), 2)) +
5652  1/sqrt(power(x('28') -
5653  x('38'), 2) +
5654  power(x('78') -
5655  x('88'), 2) +
5656  power(x('128') -
5657  x('138'), 2)) +
5658  1/sqrt(power(x('21') -
5659  x('45'), 2) +
5660  power(x('71') -
5661  x('95'), 2) +
5662  power(x('121') -
5663  x('145'), 2)) +
5664  1/sqrt(power(x('24') -
5665  x('42'), 2) +
5666  power(x('74') -
5667  x('92'), 2) +
5668  power(x('124') -
5669  x('142'), 2)) +
5670  1/sqrt(power(x('20') -
5671  x('46'), 2) +
5672  power(x('70') -
5673  x('96'), 2) +
5674  power(x('120') -
5675  x('146'), 2)) +
5676  1/sqrt(power(x('17') -
5677  x('50'), 2) +
5678  power(x('67') -
5679  x('100'), 2) +
5680  power(x('117') -
5681  x('150'), 2)) +
5682  1/sqrt(power(x('19') -
5683  x('48'), 2) +
5684  power(x('69') -
5685  x('98'), 2) +
5686  power(x('119') -
5687  x('148'), 2)) +
5688  1/sqrt(power(x('18') -
5689  x('49'), 2) +
5690  power(x('68') -
5691  x('99'), 2) +
5692  power(x('118') -
5693  x('149'), 2)) +
5694  1/sqrt(power(x('33') -
5695  x('34'), 2) +
5696  power(x('83') -
5697  x('84'), 2) +
5698  power(x('133') -
5699  x('134'), 2)) +
5700  1/sqrt(power(x('26') -
5701  x('41'), 2) +
5702  power(x('76') -
5703  x('91'), 2) +
5704  power(x('126') -
5705  x('141'), 2)) +
5706  1/sqrt(power(x('23') -
5707  x('44'), 2) +
5708  power(x('73') -
5709  x('94'), 2) +
5710  power(x('123') -
5711  x('144'), 2)) +
5712  1/sqrt(power(x('29') -
5713  x('38'), 2) +
5714  power(x('79') -
5715  x('88'), 2) +
5716  power(x('129') -
5717  x('138'), 2)) +
5718  1/sqrt(power(x('22') -
5719  x('45'), 2) +
5720  power(x('72') -
5721  x('95'), 2) +
5722  power(x('122') -
5723  x('145'), 2)) +
5724  1/sqrt(power(x('25') -
5725  x('42'), 2) +
5726  power(x('75') -
5727  x('92'), 2) +
5728  power(x('125') -
5729  x('142'), 2)) +
5730  1/sqrt(power(x('27') -
5731  x('40'), 2) +
5732  power(x('77') -
5733  x('90'), 2) +
5734  power(x('127') -
5735  x('140'), 2)) +
5736  1/sqrt(power(x('30') -
5737  x('37'), 2) +
5738  power(x('80') -
5739  x('87'), 2) +
5740  power(x('130') -
5741  x('137'), 2)) +
5742  1/sqrt(power(x('21') -
5743  x('46'), 2) +
5744  power(x('71') -
5745  x('96'), 2) +
5746  power(x('121') -
5747  x('146'), 2)) +
5748  1/sqrt(power(x('20') -
5749  x('47'), 2) +
5750  power(x('70') -
5751  x('97'), 2) +
5752  power(x('120') -
5753  x('147'), 2)) +
5754  1/sqrt(power(x('31') -
5755  x('36'), 2) +
5756  power(x('81') -
5757  x('86'), 2) +
5758  power(x('131') -
5759  x('136'), 2)) +
5760  1/sqrt(power(x('24') -
5761  x('43'), 2) +
5762  power(x('74') -
5763  x('93'), 2) +
5764  power(x('124') -
5765  x('143'), 2)) +
5766  1/sqrt(power(x('32') -
5767  x('35'), 2) +
5768  power(x('82') -
5769  x('85'), 2) +
5770  power(x('132') -
5771  x('135'), 2)) +
5772  1/sqrt(power(x('28') -
5773  x('39'), 2) +
5774  power(x('78') -
5775  x('89'), 2) +
5776  power(x('128') -
5777  x('139'), 2)) +
5778  1/sqrt(power(x('23') -
5779  x('45'), 2) +
5780  power(x('73') -
5781  x('95'), 2) +
5782  power(x('123') -
5783  x('145'), 2)) +
5784  1/sqrt(power(x('22') -
5785  x('46'), 2) +
5786  power(x('72') -
5787  x('96'), 2) +
5788  power(x('122') -
5789  x('146'), 2)) +
5790  1/sqrt(power(x('33') -
5791  x('35'), 2) +
5792  power(x('83') -
5793  x('85'), 2) +
5794  power(x('133') -
5795  x('135'), 2)) +
5796  1/sqrt(power(x('21') -
5797  x('47'), 2) +
5798  power(x('71') -
5799  x('97'), 2) +
5800  power(x('121') -
5801  x('147'), 2)) +
5802  1/sqrt(power(x('25') -
5803  x('43'), 2) +
5804  power(x('75') -
5805  x('93'), 2) +
5806  power(x('125') -
5807  x('143'), 2)) +
5808  1/sqrt(power(x('18') -
5809  x('50'), 2) +
5810  power(x('68') -
5811  x('100'), 2) +
5812  power(x('118') -
5813  x('150'), 2)) +
5814  1/sqrt(power(x('20') -
5815  x('48'), 2) +
5816  power(x('70') -
5817  x('98'), 2) +
5818  power(x('120') -
5819  x('148'), 2)) +
5820  1/sqrt(power(x('19') -
5821  x('49'), 2) +
5822  power(x('69') -
5823  x('99'), 2) +
5824  power(x('119') -
5825  x('149'), 2)) +
5826  1/sqrt(power(x('27') -
5827  x('41'), 2) +
5828  power(x('77') -
5829  x('91'), 2) +
5830  power(x('127') -
5831  x('141'), 2)) +
5832  1/sqrt(power(x('24') -
5833  x('44'), 2) +
5834  power(x('74') -
5835  x('94'), 2) +
5836  power(x('124') -
5837  x('144'), 2)) +
5838  1/sqrt(power(x('31') -
5839  x('37'), 2) +
5840  power(x('81') -
5841  x('87'), 2) +
5842  power(x('131') -
5843  x('137'), 2)) +
5844  1/sqrt(power(x('28') -
5845  x('40'), 2) +
5846  power(x('78') -
5847  x('90'), 2) +
5848  power(x('128') -
5849  x('140'), 2)) +
5850  1/sqrt(power(x('26') -
5851  x('42'), 2) +
5852  power(x('76') -
5853  x('92'), 2) +
5854  power(x('126') -
5855  x('142'), 2)) +
5856  1/sqrt(power(x('32') -
5857  x('36'), 2) +
5858  power(x('82') -
5859  x('86'), 2) +
5860  power(x('132') -
5861  x('136'), 2)) +
5862  1/sqrt(power(x('29') -
5863  x('39'), 2) +
5864  power(x('79') -
5865  x('89'), 2) +
5866  power(x('129') -
5867  x('139'), 2)) +
5868  1/sqrt(power(x('30') -
5869  x('38'), 2) +
5870  power(x('80') -
5871  x('88'), 2) +
5872  power(x('130') -
5873  x('138'), 2)) +
5874  1/sqrt(power(x('33') -
5875  x('36'), 2) +
5876  power(x('83') -
5877  x('86'), 2) +
5878  power(x('133') -
5879  x('136'), 2)) +
5880  1/sqrt(power(x('24') -
5881  x('45'), 2) +
5882  power(x('74') -
5883  x('95'), 2) +
5884  power(x('124') -
5885  x('145'), 2)) +
5886  1/sqrt(power(x('34') -
5887  x('35'), 2) +
5888  power(x('84') -
5889  x('85'), 2) +
5890  power(x('134') -
5891  x('135'), 2)) +
5892  1/sqrt(power(x('23') -
5893  x('46'), 2) +
5894  power(x('73') -
5895  x('96'), 2) +
5896  power(x('123') -
5897  x('146'), 2)) +
5898  1/sqrt(power(x('26') -
5899  x('43'), 2) +
5900  power(x('76') -
5901  x('93'), 2) +
5902  power(x('126') -
5903  x('143'), 2)) +
5904  1/sqrt(power(x('22') -
5905  x('47'), 2) +
5906  power(x('72') -
5907  x('97'), 2) +
5908  power(x('122') -
5909  x('147'), 2)) +
5910  1/sqrt(power(x('28') -
5911  x('41'), 2) +
5912  power(x('78') -
5913  x('91'), 2) +
5914  power(x('128') -
5915  x('141'), 2)) +
5916  1/sqrt(power(x('19') -
5917  x('50'), 2) +
5918  power(x('69') -
5919  x('100'), 2) +
5920  power(x('119') -
5921  x('150'), 2)) +
5922  1/sqrt(power(x('21') -
5923  x('48'), 2) +
5924  power(x('71') -
5925  x('98'), 2) +
5926  power(x('121') -
5927  x('148'), 2)) +
5928  1/sqrt(power(x('20') -
5929  x('49'), 2) +
5930  power(x('70') -
5931  x('99'), 2) +
5932  power(x('120') -
5933  x('149'), 2)) +
5934  1/sqrt(power(x('31') -
5935  x('38'), 2) +
5936  power(x('81') -
5937  x('88'), 2) +
5938  power(x('131') -
5939  x('138'), 2)) +
5940  1/sqrt(power(x('25') -
5941  x('44'), 2) +
5942  power(x('75') -
5943  x('94'), 2) +
5944  power(x('125') -
5945  x('144'), 2)) +
5946  1/sqrt(power(x('32') -
5947  x('37'), 2) +
5948  power(x('82') -
5949  x('87'), 2) +
5950  power(x('132') -
5951  x('137'), 2)) +
5952  1/sqrt(power(x('29') -
5953  x('40'), 2) +
5954  power(x('79') -
5955  x('90'), 2) +
5956  power(x('129') -
5957  x('140'), 2)) +
5958  1/sqrt(power(x('27') -
5959  x('42'), 2) +
5960  power(x('77') -
5961  x('92'), 2) +
5962  power(x('127') -
5963  x('142'), 2)) +
5964  1/sqrt(power(x('30') -
5965  x('39'), 2) +
5966  power(x('80') -
5967  x('89'), 2) +
5968  power(x('130') -
5969  x('139'), 2)) +
5970  1/sqrt(power(x('24') -
5971  x('46'), 2) +
5972  power(x('74') -
5973  x('96'), 2) +
5974  power(x('124') -
5975  x('146'), 2)) +
5976  1/sqrt(power(x('23') -
5977  x('47'), 2) +
5978  power(x('73') -
5979  x('97'), 2) +
5980  power(x('123') -
5981  x('147'), 2)) +
5982  1/sqrt(power(x('22') -
5983  x('48'), 2) +
5984  power(x('72') -
5985  x('98'), 2) +
5986  power(x('122') -
5987  x('148'), 2)) +
5988  1/sqrt(power(x('20') -
5989  x('50'), 2) +
5990  power(x('70') -
5991  x('100'), 2) +
5992  power(x('120') -
5993  x('150'), 2)) +
5994  1/sqrt(power(x('21') -
5995  x('49'), 2) +
5996  power(x('71') -
5997  x('99'), 2) +
5998  power(x('121') -
5999  x('149'), 2)) +
6000  1/sqrt(power(x('33') -
6001  x('37'), 2) +
6002  power(x('83') -
6003  x('87'), 2) +
6004  power(x('133') -
6005  x('137'), 2)) +
6006  1/sqrt(power(x('34') -
6007  x('36'), 2) +
6008  power(x('84') -
6009  x('86'), 2) +
6010  power(x('134') -
6011  x('136'), 2)) +
6012  1/sqrt(power(x('26') -
6013  x('44'), 2) +
6014  power(x('76') -
6015  x('94'), 2) +
6016  power(x('126') -
6017  x('144'), 2)) +
6018  1/sqrt(power(x('28') -
6019  x('42'), 2) +
6020  power(x('78') -
6021  x('92'), 2) +
6022  power(x('128') -
6023  x('142'), 2)) +
6024  1/sqrt(power(x('25') -
6025  x('45'), 2) +
6026  power(x('75') -
6027  x('95'), 2) +
6028  power(x('125') -
6029  x('145'), 2)) +
6030  1/sqrt(power(x('31') -
6031  x('39'), 2) +
6032  power(x('81') -
6033  x('89'), 2) +
6034  power(x('131') -
6035  x('139'), 2)) +
6036  1/sqrt(power(x('27') -
6037  x('43'), 2) +
6038  power(x('77') -
6039  x('93'), 2) +
6040  power(x('127') -
6041  x('143'), 2)) +
6042  1/sqrt(power(x('29') -
6043  x('41'), 2) +
6044  power(x('79') -
6045  x('91'), 2) +
6046  power(x('129') -
6047  x('141'), 2)) +
6048  1/sqrt(power(x('32') -
6049  x('38'), 2) +
6050  power(x('82') -
6051  x('88'), 2) +
6052  power(x('132') -
6053  x('138'), 2)) +
6054  1/sqrt(power(x('30') -
6055  x('40'), 2) +
6056  power(x('80') -
6057  x('90'), 2) +
6058  power(x('130') -
6059  x('140'), 2)) +
6060  1/sqrt(power(x('33') -
6061  x('38'), 2) +
6062  power(x('83') -
6063  x('88'), 2) +
6064  power(x('133') -
6065  x('138'), 2)) +
6066  1/sqrt(power(x('34') -
6067  x('37'), 2) +
6068  power(x('84') -
6069  x('87'), 2) +
6070  power(x('134') -
6071  x('137'), 2)) +
6072  1/sqrt(power(x('24') -
6073  x('47'), 2) +
6074  power(x('74') -
6075  x('97'), 2) +
6076  power(x('124') -
6077  x('147'), 2)) +
6078  1/sqrt(power(x('35') -
6079  x('36'), 2) +
6080  power(x('85') -
6081  x('86'), 2) +
6082  power(x('135') -
6083  x('136'), 2)) +
6084  1/sqrt(power(x('23') -
6085  x('48'), 2) +
6086  power(x('73') -
6087  x('98'), 2) +
6088  power(x('123') -
6089  x('148'), 2)) +
6090  1/sqrt(power(x('21') -
6091  x('50'), 2) +
6092  power(x('71') -
6093  x('100'), 2) +
6094  power(x('121') -
6095  x('150'), 2)) +
6096  1/sqrt(power(x('22') -
6097  x('49'), 2) +
6098  power(x('72') -
6099  x('99'), 2) +
6100  power(x('122') -
6101  x('149'), 2)) +
6102  1/sqrt(power(x('31') -
6103  x('40'), 2) +
6104  power(x('81') -
6105  x('90'), 2) +
6106  power(x('131') -
6107  x('140'), 2)) +
6108  1/sqrt(power(x('29') -
6109  x('42'), 2) +
6110  power(x('79') -
6111  x('92'), 2) +
6112  power(x('129') -
6113  x('142'), 2)) +
6114  1/sqrt(power(x('32') -
6115  x('39'), 2) +
6116  power(x('82') -
6117  x('89'), 2) +
6118  power(x('132') -
6119  x('139'), 2)) +
6120  1/sqrt(power(x('26') -
6121  x('45'), 2) +
6122  power(x('76') -
6123  x('95'), 2) +
6124  power(x('126') -
6125  x('145'), 2)) +
6126  1/sqrt(power(x('25') -
6127  x('46'), 2) +
6128  power(x('75') -
6129  x('96'), 2) +
6130  power(x('125') -
6131  x('146'), 2)) +
6132  1/sqrt(power(x('30') -
6133  x('41'), 2) +
6134  power(x('80') -
6135  x('91'), 2) +
6136  power(x('130') -
6137  x('141'), 2)) +
6138  1/sqrt(power(x('28') -
6139  x('43'), 2) +
6140  power(x('78') -
6141  x('93'), 2) +
6142  power(x('128') -
6143  x('143'), 2)) +
6144  1/sqrt(power(x('27') -
6145  x('44'), 2) +
6146  power(x('77') -
6147  x('94'), 2) +
6148  power(x('127') -
6149  x('144'), 2)) +
6150  1/sqrt(power(x('24') -
6151  x('48'), 2) +
6152  power(x('74') -
6153  x('98'), 2) +
6154  power(x('124') -
6155  x('148'), 2)) +
6156  1/sqrt(power(x('22') -
6157  x('50'), 2) +
6158  power(x('72') -
6159  x('100'), 2) +
6160  power(x('122') -
6161  x('150'), 2)) +
6162  1/sqrt(power(x('23') -
6163  x('49'), 2) +
6164  power(x('73') -
6165  x('99'), 2) +
6166  power(x('123') -
6167  x('149'), 2)) +
6168  1/sqrt(power(x('33') -
6169  x('39'), 2) +
6170  power(x('83') -
6171  x('89'), 2) +
6172  power(x('133') -
6173  x('139'), 2)) +
6174  1/sqrt(power(x('34') -
6175  x('38'), 2) +
6176  power(x('84') -
6177  x('88'), 2) +
6178  power(x('134') -
6179  x('138'), 2)) +
6180  1/sqrt(power(x('35') -
6181  x('37'), 2) +
6182  power(x('85') -
6183  x('87'), 2) +
6184  power(x('135') -
6185  x('137'), 2)) +
6186  1/sqrt(power(x('26') -
6187  x('46'), 2) +
6188  power(x('76') -
6189  x('96'), 2) +
6190  power(x('126') -
6191  x('146'), 2)) +
6192  1/sqrt(power(x('25') -
6193  x('47'), 2) +
6194  power(x('75') -
6195  x('97'), 2) +
6196  power(x('125') -
6197  x('147'), 2)) +
6198  1/sqrt(power(x('28') -
6199  x('44'), 2) +
6200  power(x('78') -
6201  x('94'), 2) +
6202  power(x('128') -
6203  x('144'), 2)) +
6204  1/sqrt(power(x('30') -
6205  x('42'), 2) +
6206  power(x('80') -
6207  x('92'), 2) +
6208  power(x('130') -
6209  x('142'), 2)) +
6210  1/sqrt(power(x('27') -
6211  x('45'), 2) +
6212  power(x('77') -
6213  x('95'), 2) +
6214  power(x('127') -
6215  x('145'), 2)) +
6216  1/sqrt(power(x('31') -
6217  x('41'), 2) +
6218  power(x('81') -
6219  x('91'), 2) +
6220  power(x('131') -
6221  x('141'), 2)) +
6222  1/sqrt(power(x('29') -
6223  x('43'), 2) +
6224  power(x('79') -
6225  x('93'), 2) +
6226  power(x('129') -
6227  x('143'), 2)) +
6228  1/sqrt(power(x('32') -
6229  x('40'), 2) +
6230  power(x('82') -
6231  x('90'), 2) +
6232  power(x('132') -
6233  x('140'), 2)) +
6234  1/sqrt(power(x('24') -
6235  x('49'), 2) +
6236  power(x('74') -
6237  x('99'), 2) +
6238  power(x('124') -
6239  x('149'), 2)) +
6240  1/sqrt(power(x('23') -
6241  x('50'), 2) +
6242  power(x('73') -
6243  x('100'), 2) +
6244  power(x('123') -
6245  x('150'), 2)) +
6246  1/sqrt(power(x('30') -
6247  x('43'), 2) +
6248  power(x('80') -
6249  x('93'), 2) +
6250  power(x('130') -
6251  x('143'), 2)) +
6252  1/sqrt(power(x('33') -
6253  x('40'), 2) +
6254  power(x('83') -
6255  x('90'), 2) +
6256  power(x('133') -
6257  x('140'), 2)) +
6258  1/sqrt(power(x('26') -
6259  x('47'), 2) +
6260  power(x('76') -
6261  x('97'), 2) +
6262  power(x('126') -
6263  x('147'), 2)) +
6264  1/sqrt(power(x('29') -
6265  x('44'), 2) +
6266  power(x('79') -
6267  x('94'), 2) +
6268  power(x('129') -
6269  x('144'), 2)) +
6270  1/sqrt(power(x('34') -
6271  x('39'), 2) +
6272  power(x('84') -
6273  x('89'), 2) +
6274  power(x('134') -
6275  x('139'), 2)) +
6276  1/sqrt(power(x('25') -
6277  x('48'), 2) +
6278  power(x('75') -
6279  x('98'), 2) +
6280  power(x('125') -
6281  x('148'), 2)) +
6282  1/sqrt(power(x('31') -
6283  x('42'), 2) +
6284  power(x('81') -
6285  x('92'), 2) +
6286  power(x('131') -
6287  x('142'), 2)) +
6288  1/sqrt(power(x('35') -
6289  x('38'), 2) +
6290  power(x('85') -
6291  x('88'), 2) +
6292  power(x('135') -
6293  x('138'), 2)) +
6294  1/sqrt(power(x('36') -
6295  x('37'), 2) +
6296  power(x('86') -
6297  x('87'), 2) +
6298  power(x('136') -
6299  x('137'), 2)) +
6300  1/sqrt(power(x('28') -
6301  x('45'), 2) +
6302  power(x('78') -
6303  x('95'), 2) +
6304  power(x('128') -
6305  x('145'), 2)) +
6306  1/sqrt(power(x('32') -
6307  x('41'), 2) +
6308  power(x('82') -
6309  x('91'), 2) +
6310  power(x('132') -
6311  x('141'), 2)) +
6312  1/sqrt(power(x('27') -
6313  x('46'), 2) +
6314  power(x('77') -
6315  x('96'), 2) +
6316  power(x('127') -
6317  x('146'), 2)) +
6318  1/sqrt(power(x('24') -
6319  x('50'), 2) +
6320  power(x('74') -
6321  x('100'), 2) +
6322  power(x('124') -
6323  x('150'), 2)) +
6324  1/sqrt(power(x('31') -
6325  x('43'), 2) +
6326  power(x('81') -
6327  x('93'), 2) +
6328  power(x('131') -
6329  x('143'), 2)) +
6330  1/sqrt(power(x('28') -
6331  x('46'), 2) +
6332  power(x('78') -
6333  x('96'), 2) +
6334  power(x('128') -
6335  x('146'), 2)) +
6336  1/sqrt(power(x('27') -
6337  x('47'), 2) +
6338  power(x('77') -
6339  x('97'), 2) +
6340  power(x('127') -
6341  x('147'), 2)) +
6342  1/sqrt(power(x('36') -
6343  x('38'), 2) +
6344  power(x('86') -
6345  x('88'), 2) +
6346  power(x('136') -
6347  x('138'), 2)) +
6348  1/sqrt(power(x('32') -
6349  x('42'), 2) +
6350  power(x('82') -
6351  x('92'), 2) +
6352  power(x('132') -
6353  x('142'), 2)) +
6354  1/sqrt(power(x('30') -
6355  x('44'), 2) +
6356  power(x('80') -
6357  x('94'), 2) +
6358  power(x('130') -
6359  x('144'), 2)) +
6360  1/sqrt(power(x('26') -
6361  x('48'), 2) +
6362  power(x('76') -
6363  x('98'), 2) +
6364  power(x('126') -
6365  x('148'), 2)) +
6366  1/sqrt(power(x('25') -
6367  x('49'), 2) +
6368  power(x('75') -
6369  x('99'), 2) +
6370  power(x('125') -
6371  x('149'), 2)) +
6372  1/sqrt(power(x('33') -
6373  x('41'), 2) +
6374  power(x('83') -
6375  x('91'), 2) +
6376  power(x('133') -
6377  x('141'), 2)) +
6378  1/sqrt(power(x('29') -
6379  x('45'), 2) +
6380  power(x('79') -
6381  x('95'), 2) +
6382  power(x('129') -
6383  x('145'), 2)) +
6384  1/sqrt(power(x('34') -
6385  x('40'), 2) +
6386  power(x('84') -
6387  x('90'), 2) +
6388  power(x('134') -
6389  x('140'), 2)) +
6390  1/sqrt(power(x('35') -
6391  x('39'), 2) +
6392  power(x('85') -
6393  x('89'), 2) +
6394  power(x('135') -
6395  x('139'), 2)) +
6396  1/sqrt(power(x('35') -
6397  x('40'), 2) +
6398  power(x('85') -
6399  x('90'), 2) +
6400  power(x('135') -
6401  x('140'), 2)) +
6402  1/sqrt(power(x('36') -
6403  x('39'), 2) +
6404  power(x('86') -
6405  x('89'), 2) +
6406  power(x('136') -
6407  x('139'), 2)) +
6408  1/sqrt(power(x('37') -
6409  x('38'), 2) +
6410  power(x('87') -
6411  x('88'), 2) +
6412  power(x('137') -
6413  x('138'), 2)) +
6414  1/sqrt(power(x('33') -
6415  x('42'), 2) +
6416  power(x('83') -
6417  x('92'), 2) +
6418  power(x('133') -
6419  x('142'), 2)) +
6420  1/sqrt(power(x('28') -
6421  x('47'), 2) +
6422  power(x('78') -
6423  x('97'), 2) +
6424  power(x('128') -
6425  x('147'), 2)) +
6426  1/sqrt(power(x('27') -
6427  x('48'), 2) +
6428  power(x('77') -
6429  x('98'), 2) +
6430  power(x('127') -
6431  x('148'), 2)) +
6432  1/sqrt(power(x('34') -
6433  x('41'), 2) +
6434  power(x('84') -
6435  x('91'), 2) +
6436  power(x('134') -
6437  x('141'), 2)) +
6438  1/sqrt(power(x('26') -
6439  x('49'), 2) +
6440  power(x('76') -
6441  x('99'), 2) +
6442  power(x('126') -
6443  x('149'), 2)) +
6444  1/sqrt(power(x('25') -
6445  x('50'), 2) +
6446  power(x('75') -
6447  x('100'), 2) +
6448  power(x('125') -
6449  x('150'), 2)) +
6450  1/sqrt(power(x('30') -
6451  x('45'), 2) +
6452  power(x('80') -
6453  x('95'), 2) +
6454  power(x('130') -
6455  x('145'), 2)) +
6456  1/sqrt(power(x('32') -
6457  x('43'), 2) +
6458  power(x('82') -
6459  x('93'), 2) +
6460  power(x('132') -
6461  x('143'), 2)) +
6462  1/sqrt(power(x('29') -
6463  x('46'), 2) +
6464  power(x('79') -
6465  x('96'), 2) +
6466  power(x('129') -
6467  x('146'), 2)) +
6468  1/sqrt(power(x('31') -
6469  x('44'), 2) +
6470  power(x('81') -
6471  x('94'), 2) +
6472  power(x('131') -
6473  x('144'), 2)) +
6474  1/sqrt(power(x('30') -
6475  x('46'), 2) +
6476  power(x('80') -
6477  x('96'), 2) +
6478  power(x('130') -
6479  x('146'), 2)) +
6480  1/sqrt(power(x('32') -
6481  x('44'), 2) +
6482  power(x('82') -
6483  x('94'), 2) +
6484  power(x('132') -
6485  x('144'), 2)) +
6486  1/sqrt(power(x('29') -
6487  x('47'), 2) +
6488  power(x('79') -
6489  x('97'), 2) +
6490  power(x('129') -
6491  x('147'), 2)) +
6492  1/sqrt(power(x('35') -
6493  x('41'), 2) +
6494  power(x('85') -
6495  x('91'), 2) +
6496  power(x('135') -
6497  x('141'), 2)) +
6498  1/sqrt(power(x('28') -
6499  x('48'), 2) +
6500  power(x('78') -
6501  x('98'), 2) +
6502  power(x('128') -
6503  x('148'), 2)) +
6504  1/sqrt(power(x('36') -
6505  x('40'), 2) +
6506  power(x('86') -
6507  x('90'), 2) +
6508  power(x('136') -
6509  x('140'), 2)) +
6510  1/sqrt(power(x('27') -
6511  x('49'), 2) +
6512  power(x('77') -
6513  x('99'), 2) +
6514  power(x('127') -
6515  x('149'), 2)) +
6516  1/sqrt(power(x('31') -
6517  x('45'), 2) +
6518  power(x('81') -
6519  x('95'), 2) +
6520  power(x('131') -
6521  x('145'), 2)) +
6522  1/sqrt(power(x('26') -
6523  x('50'), 2) +
6524  power(x('76') -
6525  x('100'), 2) +
6526  power(x('126') -
6527  x('150'), 2)) +
6528  1/sqrt(power(x('33') -
6529  x('43'), 2) +
6530  power(x('83') -
6531  x('93'), 2) +
6532  power(x('133') -
6533  x('143'), 2)) +
6534  1/sqrt(power(x('37') -
6535  x('39'), 2) +
6536  power(x('87') -
6537  x('89'), 2) +
6538  power(x('137') -
6539  x('139'), 2)) +
6540  1/sqrt(power(x('34') -
6541  x('42'), 2) +
6542  power(x('84') -
6543  x('92'), 2) +
6544  power(x('134') -
6545  x('142'), 2)) +
6546  1/sqrt(power(x('35') -
6547  x('42'), 2) +
6548  power(x('85') -
6549  x('92'), 2) +
6550  power(x('135') -
6551  x('142'), 2)) +
6552  1/sqrt(power(x('33') -
6553  x('44'), 2) +
6554  power(x('83') -
6555  x('94'), 2) +
6556  power(x('133') -
6557  x('144'), 2)) +
6558  1/sqrt(power(x('36') -
6559  x('41'), 2) +
6560  power(x('86') -
6561  x('91'), 2) +
6562  power(x('136') -
6563  x('141'), 2)) +
6564  1/sqrt(power(x('30') -
6565  x('47'), 2) +
6566  power(x('80') -
6567  x('97'), 2) +
6568  power(x('130') -
6569  x('147'), 2)) +
6570  1/sqrt(power(x('37') -
6571  x('40'), 2) +
6572  power(x('87') -
6573  x('90'), 2) +
6574  power(x('137') -
6575  x('140'), 2)) +
6576  1/sqrt(power(x('38') -
6577  x('39'), 2) +
6578  power(x('88') -
6579  x('89'), 2) +
6580  power(x('138') -
6581  x('139'), 2)) +
6582  1/sqrt(power(x('29') -
6583  x('48'), 2) +
6584  power(x('79') -
6585  x('98'), 2) +
6586  power(x('129') -
6587  x('148'), 2)) +
6588  1/sqrt(power(x('34') -
6589  x('43'), 2) +
6590  power(x('84') -
6591  x('93'), 2) +
6592  power(x('134') -
6593  x('143'), 2)) +
6594  1/sqrt(power(x('32') -
6595  x('45'), 2) +
6596  power(x('82') -
6597  x('95'), 2) +
6598  power(x('132') -
6599  x('145'), 2)) +
6600  1/sqrt(power(x('28') -
6601  x('49'), 2) +
6602  power(x('78') -
6603  x('99'), 2) +
6604  power(x('128') -
6605  x('149'), 2)) +
6606  1/sqrt(power(x('27') -
6607  x('50'), 2) +
6608  power(x('77') -
6609  x('100'), 2) +
6610  power(x('127') -
6611  x('150'), 2)) +
6612  1/sqrt(power(x('31') -
6613  x('46'), 2) +
6614  power(x('81') -
6615  x('96'), 2) +
6616  power(x('131') -
6617  x('146'), 2)) +
6618  1/sqrt(power(x('29') -
6619  x('49'), 2) +
6620  power(x('79') -
6621  x('99'), 2) +
6622  power(x('129') -
6623  x('149'), 2)) +
6624  1/sqrt(power(x('28') -
6625  x('50'), 2) +
6626  power(x('78') -
6627  x('100'), 2) +
6628  power(x('128') -
6629  x('150'), 2)) +
6630  1/sqrt(power(x('32') -
6631  x('46'), 2) +
6632  power(x('82') -
6633  x('96'), 2) +
6634  power(x('132') -
6635  x('146'), 2)) +
6636  1/sqrt(power(x('38') -
6637  x('40'), 2) +
6638  power(x('88') -
6639  x('90'), 2) +
6640  power(x('138') -
6641  x('140'), 2)) +
6642  1/sqrt(power(x('31') -
6643  x('47'), 2) +
6644  power(x('81') -
6645  x('97'), 2) +
6646  power(x('131') -
6647  x('147'), 2)) +
6648  1/sqrt(power(x('30') -
6649  x('48'), 2) +
6650  power(x('80') -
6651  x('98'), 2) +
6652  power(x('130') -
6653  x('148'), 2)) +
6654  1/sqrt(power(x('33') -
6655  x('45'), 2) +
6656  power(x('83') -
6657  x('95'), 2) +
6658  power(x('133') -
6659  x('145'), 2)) +
6660  1/sqrt(power(x('37') -
6661  x('41'), 2) +
6662  power(x('87') -
6663  x('91'), 2) +
6664  power(x('137') -
6665  x('141'), 2)) +
6666  1/sqrt(power(x('34') -
6667  x('44'), 2) +
6668  power(x('84') -
6669  x('94'), 2) +
6670  power(x('134') -
6671  x('144'), 2)) +
6672  1/sqrt(power(x('35') -
6673  x('43'), 2) +
6674  power(x('85') -
6675  x('93'), 2) +
6676  power(x('135') -
6677  x('143'), 2)) +
6678  1/sqrt(power(x('36') -
6679  x('42'), 2) +
6680  power(x('86') -
6681  x('92'), 2) +
6682  power(x('136') -
6683  x('142'), 2)) +
6684  1/sqrt(power(x('34') -
6685  x('45'), 2) +
6686  power(x('84') -
6687  x('95'), 2) +
6688  power(x('134') -
6689  x('145'), 2)) +
6690  1/sqrt(power(x('37') -
6691  x('42'), 2) +
6692  power(x('87') -
6693  x('92'), 2) +
6694  power(x('137') -
6695  x('142'), 2)) +
6696  1/sqrt(power(x('38') -
6697  x('41'), 2) +
6698  power(x('88') -
6699  x('91'), 2) +
6700  power(x('138') -
6701  x('141'), 2)) +
6702  1/sqrt(power(x('29') -
6703  x('50'), 2) +
6704  power(x('79') -
6705  x('100'), 2) +
6706  power(x('129') -
6707  x('150'), 2)) +
6708  1/sqrt(power(x('39') -
6709  x('40'), 2) +
6710  power(x('89') -
6711  x('90'), 2) +
6712  power(x('139') -
6713  x('140'), 2)) +
6714  1/sqrt(power(x('33') -
6715  x('46'), 2) +
6716  power(x('83') -
6717  x('96'), 2) +
6718  power(x('133') -
6719  x('146'), 2)) +
6720  1/sqrt(power(x('35') -
6721  x('44'), 2) +
6722  power(x('85') -
6723  x('94'), 2) +
6724  power(x('135') -
6725  x('144'), 2)) +
6726  1/sqrt(power(x('32') -
6727  x('47'), 2) +
6728  power(x('82') -
6729  x('97'), 2) +
6730  power(x('132') -
6731  x('147'), 2)) +
6732  1/sqrt(power(x('36') -
6733  x('43'), 2) +
6734  power(x('86') -
6735  x('93'), 2) +
6736  power(x('136') -
6737  x('143'), 2)) +
6738  1/sqrt(power(x('31') -
6739  x('48'), 2) +
6740  power(x('81') -
6741  x('98'), 2) +
6742  power(x('131') -
6743  x('148'), 2)) +
6744  1/sqrt(power(x('30') -
6745  x('49'), 2) +
6746  power(x('80') -
6747  x('99'), 2) +
6748  power(x('130') -
6749  x('149'), 2)) +
6750  1/sqrt(power(x('38') -
6751  x('42'), 2) +
6752  power(x('88') -
6753  x('92'), 2) +
6754  power(x('138') -
6755  x('142'), 2)) +
6756  1/sqrt(power(x('39') -
6757  x('41'), 2) +
6758  power(x('89') -
6759  x('91'), 2) +
6760  power(x('139') -
6761  x('141'), 2)) +
6762  1/sqrt(power(x('32') -
6763  x('48'), 2) +
6764  power(x('82') -
6765  x('98'), 2) +
6766  power(x('132') -
6767  x('148'), 2)) +
6768  1/sqrt(power(x('31') -
6769  x('49'), 2) +
6770  power(x('81') -
6771  x('99'), 2) +
6772  power(x('131') -
6773  x('149'), 2)) +
6774  1/sqrt(power(x('34') -
6775  x('46'), 2) +
6776  power(x('84') -
6777  x('96'), 2) +
6778  power(x('134') -
6779  x('146'), 2)) +
6780  1/sqrt(power(x('30') -
6781  x('50'), 2) +
6782  power(x('80') -
6783  x('100'), 2) +
6784  power(x('130') -
6785  x('150'), 2)) +
6786  1/sqrt(power(x('37') -
6787  x('43'), 2) +
6788  power(x('87') -
6789  x('93'), 2) +
6790  power(x('137') -
6791  x('143'), 2)) +
6792  1/sqrt(power(x('33') -
6793  x('47'), 2) +
6794  power(x('83') -
6795  x('97'), 2) +
6796  power(x('133') -
6797  x('147'), 2)) +
6798  1/sqrt(power(x('35') -
6799  x('45'), 2) +
6800  power(x('85') -
6801  x('95'), 2) +
6802  power(x('135') -
6803  x('145'), 2)) +
6804  1/sqrt(power(x('36') -
6805  x('44'), 2) +
6806  power(x('86') -
6807  x('94'), 2) +
6808  power(x('136') -
6809  x('144'), 2)) +
6810  1/sqrt(power(x('35') -
6811  x('46'), 2) +
6812  power(x('85') -
6813  x('96'), 2) +
6814  power(x('135') -
6815  x('146'), 2)) +
6816  1/sqrt(power(x('32') -
6817  x('49'), 2) +
6818  power(x('82') -
6819  x('99'), 2) +
6820  power(x('132') -
6821  x('149'), 2)) +
6822  1/sqrt(power(x('31') -
6823  x('50'), 2) +
6824  power(x('81') -
6825  x('100'), 2) +
6826  power(x('131') -
6827  x('150'), 2)) +
6828  1/sqrt(power(x('38') -
6829  x('43'), 2) +
6830  power(x('88') -
6831  x('93'), 2) +
6832  power(x('138') -
6833  x('143'), 2)) +
6834  1/sqrt(power(x('39') -
6835  x('42'), 2) +
6836  power(x('89') -
6837  x('92'), 2) +
6838  power(x('139') -
6839  x('142'), 2)) +
6840  1/sqrt(power(x('34') -
6841  x('47'), 2) +
6842  power(x('84') -
6843  x('97'), 2) +
6844  power(x('134') -
6845  x('147'), 2)) +
6846  1/sqrt(power(x('40') -
6847  x('41'), 2) +
6848  power(x('90') -
6849  x('91'), 2) +
6850  power(x('140') -
6851  x('141'), 2)) +
6852  1/sqrt(power(x('36') -
6853  x('45'), 2) +
6854  power(x('86') -
6855  x('95'), 2) +
6856  power(x('136') -
6857  x('145'), 2)) +
6858  1/sqrt(power(x('33') -
6859  x('48'), 2) +
6860  power(x('83') -
6861  x('98'), 2) +
6862  power(x('133') -
6863  x('148'), 2)) +
6864  1/sqrt(power(x('37') -
6865  x('44'), 2) +
6866  power(x('87') -
6867  x('94'), 2) +
6868  power(x('137') -
6869  x('144'), 2)) +
6870  1/sqrt(power(x('38') -
6871  x('44'), 2) +
6872  power(x('88') -
6873  x('94'), 2) +
6874  power(x('138') -
6875  x('144'), 2)) +
6876  1/sqrt(power(x('34') -
6877  x('48'), 2) +
6878  power(x('84') -
6879  x('98'), 2) +
6880  power(x('134') -
6881  x('148'), 2)) +
6882  1/sqrt(power(x('36') -
6883  x('46'), 2) +
6884  power(x('86') -
6885  x('96'), 2) +
6886  power(x('136') -
6887  x('146'), 2)) +
6888  1/sqrt(power(x('39') -
6889  x('43'), 2) +
6890  power(x('89') -
6891  x('93'), 2) +
6892  power(x('139') -
6893  x('143'), 2)) +
6894  1/sqrt(power(x('33') -
6895  x('49'), 2) +
6896  power(x('83') -
6897  x('99'), 2) +
6898  power(x('133') -
6899  x('149'), 2)) +
6900  1/sqrt(power(x('40') -
6901  x('42'), 2) +
6902  power(x('90') -
6903  x('92'), 2) +
6904  power(x('140') -
6905  x('142'), 2)) +
6906  1/sqrt(power(x('32') -
6907  x('50'), 2) +
6908  power(x('82') -
6909  x('100'), 2) +
6910  power(x('132') -
6911  x('150'), 2)) +
6912  1/sqrt(power(x('37') -
6913  x('45'), 2) +
6914  power(x('87') -
6915  x('95'), 2) +
6916  power(x('137') -
6917  x('145'), 2)) +
6918  1/sqrt(power(x('35') -
6919  x('47'), 2) +
6920  power(x('85') -
6921  x('97'), 2) +
6922  power(x('135') -
6923  x('147'), 2)) +
6924  1/sqrt(power(x('35') -
6925  x('48'), 2) +
6926  power(x('85') -
6927  x('98'), 2) +
6928  power(x('135') -
6929  x('148'), 2)) +
6930  1/sqrt(power(x('40') -
6931  x('43'), 2) +
6932  power(x('90') -
6933  x('93'), 2) +
6934  power(x('140') -
6935  x('143'), 2)) +
6936  1/sqrt(power(x('37') -
6937  x('46'), 2) +
6938  power(x('87') -
6939  x('96'), 2) +
6940  power(x('137') -
6941  x('146'), 2)) +
6942  1/sqrt(power(x('41') -
6943  x('42'), 2) +
6944  power(x('91') -
6945  x('92'), 2) +
6946  power(x('141') -
6947  x('142'), 2)) +
6948  1/sqrt(power(x('34') -
6949  x('49'), 2) +
6950  power(x('84') -
6951  x('99'), 2) +
6952  power(x('134') -
6953  x('149'), 2)) +
6954  1/sqrt(power(x('38') -
6955  x('45'), 2) +
6956  power(x('88') -
6957  x('95'), 2) +
6958  power(x('138') -
6959  x('145'), 2)) +
6960  1/sqrt(power(x('33') -
6961  x('50'), 2) +
6962  power(x('83') -
6963  x('100'), 2) +
6964  power(x('133') -
6965  x('150'), 2)) +
6966  1/sqrt(power(x('36') -
6967  x('47'), 2) +
6968  power(x('86') -
6969  x('97'), 2) +
6970  power(x('136') -
6971  x('147'), 2)) +
6972  1/sqrt(power(x('39') -
6973  x('44'), 2) +
6974  power(x('89') -
6975  x('94'), 2) +
6976  power(x('139') -
6977  x('144'), 2)) +
6978  1/sqrt(power(x('35') -
6979  x('49'), 2) +
6980  power(x('85') -
6981  x('99'), 2) +
6982  power(x('135') -
6983  x('149'), 2)) +
6984  1/sqrt(power(x('37') -
6985  x('47'), 2) +
6986  power(x('87') -
6987  x('97'), 2) +
6988  power(x('137') -
6989  x('147'), 2)) +
6990  1/sqrt(power(x('34') -
6991  x('50'), 2) +
6992  power(x('84') -
6993  x('100'), 2) +
6994  power(x('134') -
6995  x('150'), 2)) +
6996  1/sqrt(power(x('40') -
6997  x('44'), 2) +
6998  power(x('90') -
6999  x('94'), 2) +
7000  power(x('140') -
7001  x('144'), 2)) +
7002  1/sqrt(power(x('41') -
7003  x('43'), 2) +
7004  power(x('91') -
7005  x('93'), 2) +
7006  power(x('141') -
7007  x('143'), 2)) +
7008  1/sqrt(power(x('36') -
7009  x('48'), 2) +
7010  power(x('86') -
7011  x('98'), 2) +
7012  power(x('136') -
7013  x('148'), 2)) +
7014  1/sqrt(power(x('38') -
7015  x('46'), 2) +
7016  power(x('88') -
7017  x('96'), 2) +
7018  power(x('138') -
7019  x('146'), 2)) +
7020  1/sqrt(power(x('39') -
7021  x('45'), 2) +
7022  power(x('89') -
7023  x('95'), 2) +
7024  power(x('139') -
7025  x('145'), 2)) +
7026  1/sqrt(power(x('40') -
7027  x('45'), 2) +
7028  power(x('90') -
7029  x('95'), 2) +
7030  power(x('140') -
7031  x('145'), 2)) +
7032  1/sqrt(power(x('41') -
7033  x('44'), 2) +
7034  power(x('91') -
7035  x('94'), 2) +
7036  power(x('141') -
7037  x('144'), 2)) +
7038  1/sqrt(power(x('38') -
7039  x('47'), 2) +
7040  power(x('88') -
7041  x('97'), 2) +
7042  power(x('138') -
7043  x('147'), 2)) +
7044  1/sqrt(power(x('42') -
7045  x('43'), 2) +
7046  power(x('92') -
7047  x('93'), 2) +
7048  power(x('142') -
7049  x('143'), 2)) +
7050  1/sqrt(power(x('35') -
7051  x('50'), 2) +
7052  power(x('85') -
7053  x('100'), 2) +
7054  power(x('135') -
7055  x('150'), 2)) +
7056  1/sqrt(power(x('39') -
7057  x('46'), 2) +
7058  power(x('89') -
7059  x('96'), 2) +
7060  power(x('139') -
7061  x('146'), 2)) +
7062  1/sqrt(power(x('37') -
7063  x('48'), 2) +
7064  power(x('87') -
7065  x('98'), 2) +
7066  power(x('137') -
7067  x('148'), 2)) +
7068  1/sqrt(power(x('36') -
7069  x('49'), 2) +
7070  power(x('86') -
7071  x('99'), 2) +
7072  power(x('136') -
7073  x('149'), 2)) +
7074  1/sqrt(power(x('37') -
7075  x('49'), 2) +
7076  power(x('87') -
7077  x('99'), 2) +
7078  power(x('137') -
7079  x('149'), 2)) +
7080  1/sqrt(power(x('36') -
7081  x('50'), 2) +
7082  power(x('86') -
7083  x('100'), 2) +
7084  power(x('136') -
7085  x('150'), 2)) +
7086  1/sqrt(power(x('40') -
7087  x('46'), 2) +
7088  power(x('90') -
7089  x('96'), 2) +
7090  power(x('140') -
7091  x('146'), 2)) +
7092  1/sqrt(power(x('38') -
7093  x('48'), 2) +
7094  power(x('88') -
7095  x('98'), 2) +
7096  power(x('138') -
7097  x('148'), 2)) +
7098  1/sqrt(power(x('41') -
7099  x('45'), 2) +
7100  power(x('91') -
7101  x('95'), 2) +
7102  power(x('141') -
7103  x('145'), 2)) +
7104  1/sqrt(power(x('42') -
7105  x('44'), 2) +
7106  power(x('92') -
7107  x('94'), 2) +
7108  power(x('142') -
7109  x('144'), 2)) +
7110  1/sqrt(power(x('39') -
7111  x('47'), 2) +
7112  power(x('89') -
7113  x('97'), 2) +
7114  power(x('139') -
7115  x('147'), 2)) +
7116  1/sqrt(power(x('37') -
7117  x('50'), 2) +
7118  power(x('87') -
7119  x('100'), 2) +
7120  power(x('137') -
7121  x('150'), 2)) +
7122  1/sqrt(power(x('42') -
7123  x('45'), 2) +
7124  power(x('92') -
7125  x('95'), 2) +
7126  power(x('142') -
7127  x('145'), 2)) +
7128  1/sqrt(power(x('39') -
7129  x('48'), 2) +
7130  power(x('89') -
7131  x('98'), 2) +
7132  power(x('139') -
7133  x('148'), 2)) +
7134  1/sqrt(power(x('43') -
7135  x('44'), 2) +
7136  power(x('93') -
7137  x('94'), 2) +
7138  power(x('143') -
7139  x('144'), 2)) +
7140  1/sqrt(power(x('40') -
7141  x('47'), 2) +
7142  power(x('90') -
7143  x('97'), 2) +
7144  power(x('140') -
7145  x('147'), 2)) +
7146  1/sqrt(power(x('38') -
7147  x('49'), 2) +
7148  power(x('88') -
7149  x('99'), 2) +
7150  power(x('138') -
7151  x('149'), 2)) +
7152  1/sqrt(power(x('41') -
7153  x('46'), 2) +
7154  power(x('91') -
7155  x('96'), 2) +
7156  power(x('141') -
7157  x('146'), 2)) +
7158  1/sqrt(power(x('42') -
7159  x('46'), 2) +
7160  power(x('92') -
7161  x('96'), 2) +
7162  power(x('142') -
7163  x('146'), 2)) +
7164  1/sqrt(power(x('43') -
7165  x('45'), 2) +
7166  power(x('93') -
7167  x('95'), 2) +
7168  power(x('143') -
7169  x('145'), 2)) +
7170  1/sqrt(power(x('38') -
7171  x('50'), 2) +
7172  power(x('88') -
7173  x('100'), 2) +
7174  power(x('138') -
7175  x('150'), 2)) +
7176  1/sqrt(power(x('40') -
7177  x('48'), 2) +
7178  power(x('90') -
7179  x('98'), 2) +
7180  power(x('140') -
7181  x('148'), 2)) +
7182  1/sqrt(power(x('41') -
7183  x('47'), 2) +
7184  power(x('91') -
7185  x('97'), 2) +
7186  power(x('141') -
7187  x('147'), 2)) +
7188  1/sqrt(power(x('39') -
7189  x('49'), 2) +
7190  power(x('89') -
7191  x('99'), 2) +
7192  power(x('139') -
7193  x('149'), 2)) +
7194  1/sqrt(power(x('40') -
7195  x('49'), 2) +
7196  power(x('90') -
7197  x('99'), 2) +
7198  power(x('140') -
7199  x('149'), 2)) +
7200  1/sqrt(power(x('43') -
7201  x('46'), 2) +
7202  power(x('93') -
7203  x('96'), 2) +
7204  power(x('143') -
7205  x('146'), 2)) +
7206  1/sqrt(power(x('44') -
7207  x('45'), 2) +
7208  power(x('94') -
7209  x('95'), 2) +
7210  power(x('144') -
7211  x('145'), 2)) +
7212  1/sqrt(power(x('39') -
7213  x('50'), 2) +
7214  power(x('89') -
7215  x('100'), 2) +
7216  power(x('139') -
7217  x('150'), 2)) +
7218  1/sqrt(power(x('41') -
7219  x('48'), 2) +
7220  power(x('91') -
7221  x('98'), 2) +
7222  power(x('141') -
7223  x('148'), 2)) +
7224  1/sqrt(power(x('42') -
7225  x('47'), 2) +
7226  power(x('92') -
7227  x('97'), 2) +
7228  power(x('142') -
7229  x('147'), 2)) +
7230  1/sqrt(power(x('40') -
7231  x('50'), 2) +
7232  power(x('90') -
7233  x('100'), 2) +
7234  power(x('140') -
7235  x('150'), 2)) +
7236  1/sqrt(power(x('43') -
7237  x('47'), 2) +
7238  power(x('93') -
7239  x('97'), 2) +
7240  power(x('143') -
7241  x('147'), 2)) +
7242  1/sqrt(power(x('44') -
7243  x('46'), 2) +
7244  power(x('94') -
7245  x('96'), 2) +
7246  power(x('144') -
7247  x('146'), 2)) +
7248  1/sqrt(power(x('41') -
7249  x('49'), 2) +
7250  power(x('91') -
7251  x('99'), 2) +
7252  power(x('141') -
7253  x('149'), 2)) +
7254  1/sqrt(power(x('42') -
7255  x('48'), 2) +
7256  power(x('92') -
7257  x('98'), 2) +
7258  power(x('142') -
7259  x('148'), 2)) +
7260  1/sqrt(power(x('41') -
7261  x('50'), 2) +
7262  power(x('91') -
7263  x('100'), 2) +
7264  power(x('141') -
7265  x('150'), 2)) +
7266  1/sqrt(power(x('44') -
7267  x('47'), 2) +
7268  power(x('94') -
7269  x('97'), 2) +
7270  power(x('144') -
7271  x('147'), 2)) +
7272  1/sqrt(power(x('45') -
7273  x('46'), 2) +
7274  power(x('95') -
7275  x('96'), 2) +
7276  power(x('145') -
7277  x('146'), 2)) +
7278  1/sqrt(power(x('42') -
7279  x('49'), 2) +
7280  power(x('92') -
7281  x('99'), 2) +
7282  power(x('142') -
7283  x('149'), 2)) +
7284  1/sqrt(power(x('43') -
7285  x('48'), 2) +
7286  power(x('93') -
7287  x('98'), 2) +
7288  power(x('143') -
7289  x('148'), 2)) +
7290  1/sqrt(power(x('44') -
7291  x('48'), 2) +
7292  power(x('94') -
7293  x('98'), 2) +
7294  power(x('144') -
7295  x('148'), 2)) +
7296  1/sqrt(power(x('45') -
7297  x('47'), 2) +
7298  power(x('95') -
7299  x('97'), 2) +
7300  power(x('145') -
7301  x('147'), 2)) +
7302  1/sqrt(power(x('42') -
7303  x('50'), 2) +
7304  power(x('92') -
7305  x('100'), 2) +
7306  power(x('142') -
7307  x('150'), 2)) +
7308  1/sqrt(power(x('43') -
7309  x('49'), 2) +
7310  power(x('93') -
7311  x('99'), 2) +
7312  power(x('143') -
7313  x('149'), 2)) +
7314  1/sqrt(power(x('43') -
7315  x('50'), 2) +
7316  power(x('93') -
7317  x('100'), 2) +
7318  power(x('143') -
7319  x('150'), 2)) +
7320  1/sqrt(power(x('44') -
7321  x('49'), 2) +
7322  power(x('94') -
7323  x('99'), 2) +
7324  power(x('144') -
7325  x('149'), 2)) +
7326  1/sqrt(power(x('45') -
7327  x('48'), 2) +
7328  power(x('95') -
7329  x('98'), 2) +
7330  power(x('145') -
7331  x('148'), 2)) +
7332  1/sqrt(power(x('46') -
7333  x('47'), 2) +
7334  power(x('96') -
7335  x('97'), 2) +
7336  power(x('146') -
7337  x('147'), 2)) +
7338  1/sqrt(power(x('46') -
7339  x('48'), 2) +
7340  power(x('96') -
7341  x('98'), 2) +
7342  power(x('146') -
7343  x('148'), 2)) +
7344  1/sqrt(power(x('44') -
7345  x('50'), 2) +
7346  power(x('94') -
7347  x('100'), 2) +
7348  power(x('144') -
7349  x('150'), 2)) +
7350  1/sqrt(power(x('45') -
7351  x('49'), 2) +
7352  power(x('95') -
7353  x('99'), 2) +
7354  power(x('145') -
7355  x('149'), 2)) +
7356  1/sqrt(power(x('45') -
7357  x('50'), 2) +
7358  power(x('95') -
7359  x('100'), 2) +
7360  power(x('145') -
7361  x('150'), 2)) +
7362  1/sqrt(power(x('46') -
7363  x('49'), 2) +
7364  power(x('96') -
7365  x('99'), 2) +
7366  power(x('146') -
7367  x('149'), 2)) +
7368  1/sqrt(power(x('47') -
7369  x('48'), 2) +
7370  power(x('97') -
7371  x('98'), 2) +
7372  power(x('147') -
7373  x('148'), 2)) +
7374  1/sqrt(power(x('46') -
7375  x('50'), 2) +
7376  power(x('96') -
7377  x('100'), 2) +
7378  power(x('146') -
7379  x('150'), 2)) +
7380  1/sqrt(power(x('47') -
7381  x('49'), 2) +
7382  power(x('97') -
7383  x('99'), 2) +
7384  power(x('147') -
7385  x('149'), 2)) +
7386  1/sqrt(power(x('47') -
7387  x('50'), 2) +
7388  power(x('97') -
7389  x('100'), 2) +
7390  power(x('147') -
7391  x('150'), 2)) +
7392  1/sqrt(power(x('48') -
7393  x('49'), 2) +
7394  power(x('98') -
7395  x('99'), 2) +
7396  power(x('148') -
7397  x('149'), 2)) +
7398  1/sqrt(power(x('48') -
7399  x('50'), 2) +
7400  power(x('98') -
7401  x('100'), 2) +
7402  power(x('148') -
7403  x('150'), 2)) +
7404  1/sqrt(power(x('49') -
7405  x('50'), 2) +
7406  power(x('99') -
7407  x('100'), 2) +
7408  power(x('149') -
7409  x('150'), 2));
7410   
7411   
7412  con1.. power(x('50'), 2) +
7413  power(x('100'), 2) +
7414  power(x('150'), 2) =e= 1;
7415  con2.. power(x('49'), 2) +
7416  power(x('99'), 2) +
7417  power(x('149'), 2) =e= 1;
7418  con3.. power(x('48'), 2) +
7419  power(x('98'), 2) +
7420  power(x('148'), 2) =e= 1;
7421  con4.. power(x('47'), 2) +
7422  power(x('97'), 2) +
7423  power(x('147'), 2) =e= 1;
7424  con5.. power(x('46'), 2) +
7425  power(x('96'), 2) +
7426  power(x('146'), 2) =e= 1;
7427  con6.. power(x('45'), 2) +
7428  power(x('95'), 2) +
7429  power(x('145'), 2) =e= 1;
7430  con7.. power(x('44'), 2) +
7431  power(x('94'), 2) +
7432  power(x('144'), 2) =e= 1;
7433  con8.. power(x('43'), 2) +
7434  power(x('93'), 2) +
7435  power(x('143'), 2) =e= 1;
7436  con9.. power(x('42'), 2) +
7437  power(x('92'), 2) +
7438  power(x('142'), 2) =e= 1;
7439  con10.. power(x('41'), 2) +
7440  power(x('91'), 2) +
7441  power(x('141'), 2) =e= 1;
7442  con11.. power(x('40'), 2) +
7443  power(x('90'), 2) +
7444  power(x('140'), 2) =e= 1;
7445  con12.. power(x('39'), 2) +
7446  power(x('89'), 2) +
7447  power(x('139'), 2) =e= 1;
7448  con13.. power(x('38'), 2) +
7449  power(x('88'), 2) +
7450  power(x('138'), 2) =e= 1;
7451  con14.. power(x('37'), 2) +
7452  power(x('87'), 2) +
7453  power(x('137'), 2) =e= 1;
7454  con15.. power(x('36'), 2) +
7455  power(x('86'), 2) +
7456  power(x('136'), 2) =e= 1;
7457  con16.. power(x('35'), 2) +
7458  power(x('85'), 2) +
7459  power(x('135'), 2) =e= 1;
7460  con17.. power(x('34'), 2) +
7461  power(x('84'), 2) +
7462  power(x('134'), 2) =e= 1;
7463  con18.. power(x('33'), 2) +
7464  power(x('83'), 2) +
7465  power(x('133'), 2) =e= 1;
7466  con19.. power(x('32'), 2) +
7467  power(x('82'), 2) +
7468  power(x('132'), 2) =e= 1;
7469  con20.. power(x('31'), 2) +
7470  power(x('81'), 2) +
7471  power(x('131'), 2) =e= 1;
7472  con21.. power(x('30'), 2) +
7473  power(x('80'), 2) +
7474  power(x('130'), 2) =e= 1;
7475  con22.. power(x('29'), 2) +
7476  power(x('79'), 2) +
7477  power(x('129'), 2) =e= 1;
7478  con23.. power(x('28'), 2) +
7479  power(x('78'), 2) +
7480  power(x('128'), 2) =e= 1;
7481  con24.. power(x('27'), 2) +
7482  power(x('77'), 2) +
7483  power(x('127'), 2) =e= 1;
7484  con25.. power(x('26'), 2) +
7485  power(x('76'), 2) +
7486  power(x('126'), 2) =e= 1;
7487  con26.. power(x('25'), 2) +
7488  power(x('75'), 2) +
7489  power(x('125'), 2) =e= 1;
7490  con27.. power(x('24'), 2) +
7491  power(x('74'), 2) +
7492  power(x('124'), 2) =e= 1;
7493  con28.. power(x('23'), 2) +
7494  power(x('73'), 2) +
7495  power(x('123'), 2) =e= 1;
7496  con29.. power(x('22'), 2) +
7497  power(x('72'), 2) +
7498  power(x('122'), 2) =e= 1;
7499  con30.. power(x('21'), 2) +
7500  power(x('71'), 2) +
7501  power(x('121'), 2) =e= 1;
7502  con31.. power(x('20'), 2) +
7503  power(x('70'), 2) +
7504  power(x('120'), 2) =e= 1;
7505  con32.. power(x('19'), 2) +
7506  power(x('69'), 2) +
7507  power(x('119'), 2) =e= 1;
7508  con33.. power(x('18'), 2) +
7509  power(x('68'), 2) +
7510  power(x('118'), 2) =e= 1;
7511  con34.. power(x('17'), 2) +
7512  power(x('67'), 2) +
7513  power(x('117'), 2) =e= 1;
7514  con35.. power(x('16'), 2) +
7515  power(x('66'), 2) +
7516  power(x('116'), 2) =e= 1;
7517  con36.. power(x('15'), 2) +
7518  power(x('65'), 2) +
7519  power(x('115'), 2) =e= 1;
7520  con37.. power(x('14'), 2) +
7521  power(x('64'), 2) +
7522  power(x('114'), 2) =e= 1;
7523  con38.. power(x('13'), 2) +
7524  power(x('63'), 2) +
7525  power(x('113'), 2) =e= 1;
7526  con39.. power(x('12'), 2) +
7527  power(x('62'), 2) +
7528  power(x('112'), 2) =e= 1;
7529  con40.. power(x('11'), 2) +
7530  power(x('61'), 2) +
7531  power(x('111'), 2) =e= 1;
7532  con41.. power(x('10'), 2) +
7533  power(x('60'), 2) +
7534  power(x('110'), 2) =e= 1;
7535  con42.. power(x('9'), 2) +
7536  power(x('59'), 2) +
7537  power(x('109'), 2) =e= 1;
7538  con43.. power(x('8'), 2) +
7539  power(x('58'), 2) +
7540  power(x('108'), 2) =e= 1;
7541  con44.. power(x('7'), 2) +
7542  power(x('57'), 2) +
7543  power(x('107'), 2) =e= 1;
7544  con45.. power(x('6'), 2) +
7545  power(x('56'), 2) +
7546  power(x('106'), 2) =e= 1;
7547  con46.. power(x('5'), 2) +
7548  power(x('55'), 2) +
7549  power(x('105'), 2) =e= 1;
7550  con47.. power(x('4'), 2) +
7551  power(x('54'), 2) +
7552  power(x('104'), 2) =e= 1;
7553  con48.. power(x('3'), 2) +
7554  power(x('53'), 2) +
7555  power(x('103'), 2) =e= 1;
7556  con49.. power(x('2'), 2) +
7557  power(x('52'), 2) +
7558  power(x('102'), 2) =e= 1;
7559  con50.. power(x('1'), 2) +
7560  power(x('51'), 2) +
7561  power(x('101'), 2) =e= 1;
7562  Model m/All/;
7563  m.workspace = 32;
7564  m.optfile = 1;options nlp=convert;
7565  Solve m using nlp minimizing obj;
7566  display x.l, obj.l;
7567   
7568   
7569   


COMPILATION TIME     =        0.016 SECONDS      3 MB  53.5.1 f2e5fac3 WEX-WEI
GAMS 53.5.1  f2e5fac3 May 20, 2026          WEX-WEI x86 64bit/MS Windows - 06/14/26 21:49:45 Page 2
G e n e r a l   A l g e b r a i c   M o d e l i n g   S y s t e m
Equation Listing    SOLVE m Using NLP From line 7565


**** Exec Error at line 60: division by zero (0)

---- objcon  =E=  

objcon..  (0)*x(1) + (0)*x(2) + (0)*x(3) + (0)*x(4) + (0)*x(5) + (0)*x(6) + (0)*x(7) + (0)*x(8) + (0)*x(9) + (0)*x(10) + (0)*x(11) + (0)*x(12) + (0)*x(13) + (0)*x(14) + (0)*x(15) + (0)*x(16) + (0)*x(17) + (0)*x(18) + (0)*x(19) + (0)*x(20) + (0)*x(21) + (0)*x(22) + (0)*x(23) + (0)*x(24) + (0)*x(25) + (0)*x(26) + (0)*x(27) + (0)*x(28) + (0)*x(29) + (0)*x(30) + (0)*x(31) + (0)*x(32) + (0)*x(33) + (0)*x(34) + (0)*x(35) + (0)*x(36) + (0)*x(37) + (0)*x(38) + (0)*x(39) + (0)*x(40) + (0)*x(41) + (0)*x(42) + (0)*x(43) + (0)*x(44) + (0)*x(45) + (0)*x(46) + (0)*x(47) + (0)*x(48) + (0)*x(49) + (0)*x(50) + (0)*x(51) + (0)*x(52) + (0)*x(53) + (0)*x(54) + (0)*x(55) + (0)*x(56) + (0)*x(57) + (0)*x(58) + (0)*x(59) + (0)*x(60) + (0)*x(61) + (0)*x(62) + (0)*x(63) + (0)*x(64) + (0)*x(65) + (0)*x(66) + (0)*x(67) + (0)*x(68) + (0)*x(69) + (0)*x(70) + (0)*x(71) + (0)*x(72) + (0)*x(73) + (0)*x(74) + (0)*x(75) + (0)*x(76) + (0)*x(77) + (0)*x(78) + (0)*x(79) + (0)*x(80) + (0)*x(81) + (0)*x(82) + (0)*x(83) + (0)*x(84) + (0)*x(85) + (0)*x(86) + (0)*x(87) + (0)*x(88) + (0)*x(89) + (0)*x(90) + (0)*x(91) + (0)*x(92) + (0)*x(93) + (0)*x(94) + (0)*x(95) + (0)*x(96) + (0)*x(97) + (0)*x(98) + (0)*x(99) + (0)*x(100) + (0)*x(101) + (0)*x(102) + (0)*x(103) + (0)*x(104) + (0)*x(105) + (0)*x(106) + (0)*x(107) + (0)*x(108) + (0)*x(109) + (0)*x(110) + (0)*x(111) + (0)*x(112) + (0)*x(113) + (0)*x(114) + (0)*x(115) + (0)*x(116) + (0)*x(117) + (0)*x(118) + (0)*x(119) + (0)*x(120) + (0)*x(121) + (0)*x(122) + (0)*x(123) + (0)*x(124) + (0)*x(125) + (0)*x(126) + (0)*x(127) + (0)*x(128) + (0)*x(129) + (0)*x(130) + (0)*x(131) + (0)*x(132) + (0)*x(133) + (0)*x(134) + (0)*x(135) + (0)*x(136) + (0)*x(137) + (0)*x(138) + (0)*x(139) + (0)*x(140) + (0)*x(141) + (0)*x(142) + (0)*x(143) + (0)*x(144) + (0)*x(145) + (0)*x(146) + (0)*x(147) + (0)*x(148) + (0)*x(149) + (0)*x(150) + obj =E= 0 ; (LHS = UNDF)
     

---- con1  =E=  

con1..  (0)*x(50) + (0)*x(100) + (0)*x(150) =E= 1 ; (LHS = 0, INFES = 1 ****)
     

---- con2  =E=  

con2..  (0)*x(49) + (0)*x(99) + (0)*x(149) =E= 1 ; (LHS = 0, INFES = 1 ****)
     

---- con3  =E=  

con3..  (0)*x(48) + (0)*x(98) + (0)*x(148) =E= 1 ; (LHS = 0, INFES = 1 ****)
     

---- con4  =E=  

con4..  (0)*x(47) + (0)*x(97) + (0)*x(147) =E= 1 ; (LHS = 0, INFES = 1 ****)
     

---- con5  =E=  

con5..  (0)*x(46) + (0)*x(96) + (0)*x(146) =E= 1 ; (LHS = 0, INFES = 1 ****)
     

---- con6  =E=  

con6..  (0)*x(45) + (0)*x(95) + (0)*x(145) =E= 1 ; (LHS = 0, INFES = 1 ****)
     

---- con7  =E=  

con7..  (0)*x(44) + (0)*x(94) + (0)*x(144) =E= 1 ; (LHS = 0, INFES = 1 ****)
     

---- con8  =E=  

con8..  (0)*x(43) + (0)*x(93) + (0)*x(143) =E= 1 ; (LHS = 0, INFES = 1 ****)
     

---- con9  =E=  

con9..  (0)*x(42) + (0)*x(92) + (0)*x(142) =E= 1 ; (LHS = 0, INFES = 1 ****)
     

---- con10  =E=  

con10..  (0)*x(41) + (0)*x(91) + (0)*x(141) =E= 1 ; (LHS = 0, INFES = 1 ****)
     

---- con11  =E=  

con11..  (0)*x(40) + (0)*x(90) + (0)*x(140) =E= 1 ; (LHS = 0, INFES = 1 ****)
     

---- con12  =E=  

con12..  (0)*x(39) + (0)*x(89) + (0)*x(139) =E= 1 ; (LHS = 0, INFES = 1 ****)
     

---- con13  =E=  

con13..  (0)*x(38) + (0)*x(88) + (0)*x(138) =E= 1 ; (LHS = 0, INFES = 1 ****)
     

---- con14  =E=  

con14..  (0)*x(37) + (0)*x(87) + (0)*x(137) =E= 1 ; (LHS = 0, INFES = 1 ****)
     

---- con15  =E=  

con15..  (0)*x(36) + (0)*x(86) + (0)*x(136) =E= 1 ; (LHS = 0, INFES = 1 ****)
     

---- con16  =E=  

con16..  (0)*x(35) + (0)*x(85) + (0)*x(135) =E= 1 ; (LHS = 0, INFES = 1 ****)
     

---- con17  =E=  

con17..  (0)*x(34) + (0)*x(84) + (0)*x(134) =E= 1 ; (LHS = 0, INFES = 1 ****)
     

---- con18  =E=  

con18..  (0)*x(33) + (0)*x(83) + (0)*x(133) =E= 1 ; (LHS = 0, INFES = 1 ****)
     

---- con19  =E=  

con19..  (0)*x(32) + (0)*x(82) + (0)*x(132) =E= 1 ; (LHS = 0, INFES = 1 ****)
     

---- con20  =E=  

con20..  (0)*x(31) + (0)*x(81) + (0)*x(131) =E= 1 ; (LHS = 0, INFES = 1 ****)
     

---- con21  =E=  

con21..  (0)*x(30) + (0)*x(80) + (0)*x(130) =E= 1 ; (LHS = 0, INFES = 1 ****)
     

---- con22  =E=  

con22..  (0)*x(29) + (0)*x(79) + (0)*x(129) =E= 1 ; (LHS = 0, INFES = 1 ****)
     

---- con23  =E=  

con23..  (0)*x(28) + (0)*x(78) + (0)*x(128) =E= 1 ; (LHS = 0, INFES = 1 ****)
     

---- con24  =E=  

con24..  (0)*x(27) + (0)*x(77) + (0)*x(127) =E= 1 ; (LHS = 0, INFES = 1 ****)
     

---- con25  =E=  

con25..  (0)*x(26) + (0)*x(76) + (0)*x(126) =E= 1 ; (LHS = 0, INFES = 1 ****)
     

---- con26  =E=  

con26..  (0)*x(25) + (0)*x(75) + (0)*x(125) =E= 1 ; (LHS = 0, INFES = 1 ****)
     

---- con27  =E=  

con27..  (0)*x(24) + (0)*x(74) + (0)*x(124) =E= 1 ; (LHS = 0, INFES = 1 ****)
     

---- con28  =E=  

con28..  (0)*x(23) + (0)*x(73) + (0)*x(123) =E= 1 ; (LHS = 0, INFES = 1 ****)
     

---- con29  =E=  

con29..  (0)*x(22) + (0)*x(72) + (0)*x(122) =E= 1 ; (LHS = 0, INFES = 1 ****)
     

---- con30  =E=  

con30..  (0)*x(21) + (0)*x(71) + (0)*x(121) =E= 1 ; (LHS = 0, INFES = 1 ****)
     

---- con31  =E=  

con31..  (0)*x(20) + (0)*x(70) + (0)*x(120) =E= 1 ; (LHS = 0, INFES = 1 ****)
     

---- con32  =E=  

con32..  (0)*x(19) + (0)*x(69) + (0)*x(119) =E= 1 ; (LHS = 0, INFES = 1 ****)
     

---- con33  =E=  

con33..  (0)*x(18) + (0)*x(68) + (0)*x(118) =E= 1 ; (LHS = 0, INFES = 1 ****)
     

---- con34  =E=  

con34..  (0)*x(17) + (0)*x(67) + (0)*x(117) =E= 1 ; (LHS = 0, INFES = 1 ****)
     

---- con35  =E=  

con35..  (0)*x(16) + (0)*x(66) + (0)*x(116) =E= 1 ; (LHS = 0, INFES = 1 ****)
     

---- con36  =E=  

con36..  (0)*x(15) + (0)*x(65) + (0)*x(115) =E= 1 ; (LHS = 0, INFES = 1 ****)
     

---- con37  =E=  

con37..  (0)*x(14) + (0)*x(64) + (0)*x(114) =E= 1 ; (LHS = 0, INFES = 1 ****)
     

---- con38  =E=  

con38..  (0)*x(13) + (0)*x(63) + (0)*x(113) =E= 1 ; (LHS = 0, INFES = 1 ****)
     

---- con39  =E=  

con39..  (0)*x(12) + (0)*x(62) + (0)*x(112) =E= 1 ; (LHS = 0, INFES = 1 ****)
     

---- con40  =E=  

con40..  (0)*x(11) + (0)*x(61) + (0)*x(111) =E= 1 ; (LHS = 0, INFES = 1 ****)
     

---- con41  =E=  

con41..  (0)*x(10) + (0)*x(60) + (0)*x(110) =E= 1 ; (LHS = 0, INFES = 1 ****)
     

---- con42  =E=  

con42..  (0)*x(9) + (0)*x(59) + (0)*x(109) =E= 1 ; (LHS = 0, INFES = 1 ****)
     

---- con43  =E=  

con43..  (0)*x(8) + (0)*x(58) + (0)*x(108) =E= 1 ; (LHS = 0, INFES = 1 ****)
     

---- con44  =E=  

con44..  (0)*x(7) + (0)*x(57) + (0)*x(107) =E= 1 ; (LHS = 0, INFES = 1 ****)
     

---- con45  =E=  

con45..  (0)*x(6) + (0)*x(56) + (0)*x(106) =E= 1 ; (LHS = 0, INFES = 1 ****)
     

---- con46  =E=  

con46..  (0)*x(5) + (0)*x(55) + (0)*x(105) =E= 1 ; (LHS = 0, INFES = 1 ****)
     

---- con47  =E=  

con47..  (0)*x(4) + (0)*x(54) + (0)*x(104) =E= 1 ; (LHS = 0, INFES = 1 ****)
     

---- con48  =E=  

con48..  (0)*x(3) + (0)*x(53) + (0)*x(103) =E= 1 ; (LHS = 0, INFES = 1 ****)
     

---- con49  =E=  

con49..  (0)*x(2) + (0)*x(52) + (0)*x(102) =E= 1 ; (LHS = 0, INFES = 1 ****)
     

---- con50  =E=  

con50..  (0)*x(1) + (0)*x(51) + (0)*x(101) =E= 1 ; (LHS = 0, INFES = 1 ****)
     
GAMS 53.5.1  f2e5fac3 May 20, 2026          WEX-WEI x86 64bit/MS Windows - 06/14/26 21:49:45 Page 3
G e n e r a l   A l g e b r a i c   M o d e l i n g   S y s t e m
Column Listing      SOLVE m Using NLP From line 7565


---- x  

x(1)
                (.LO, .L, .UP, .M = -INF, 0, +INF, 0)
       (0)      objcon
       (0)      con50

x(2)
                (.LO, .L, .UP, .M = -INF, 0, +INF, 0)
       (0)      objcon
       (0)      con49

x(3)
                (.LO, .L, .UP, .M = -INF, 0, +INF, 0)
       (0)      objcon
       (0)      con48

REMAINING 147 ENTRIES SKIPPED

---- obj  

obj
                (.LO, .L, .UP, .M = -INF, 0, +INF, 0)
        1       objcon

GAMS 53.5.1  f2e5fac3 May 20, 2026          WEX-WEI x86 64bit/MS Windows - 06/14/26 21:49:45 Page 4
G e n e r a l   A l g e b r a i c   M o d e l i n g   S y s t e m
Model Statistics    SOLVE m Using NLP From line 7565


MODEL STATISTICS

BLOCKS OF EQUATIONS          51     SINGLE EQUATIONS           51
BLOCKS OF VARIABLES           2     SINGLE VARIABLES          151
NON ZERO ELEMENTS           301     NON LINEAR N-Z              0
CODE LENGTH              18,877     CONSTANT POOL              16


GENERATION TIME      =        0.031 SECONDS      4 MB  53.5.1 f2e5fac3 WEX-WEI

**** SOLVE from line 7565 ABORTED, EXECERROR = 1


EXECUTION TIME       =        0.031 SECONDS      4 MB  53.5.1 f2e5fac3 WEX-WEI


USER: GAMS Demo, for EULA and demo limitations see   G260130+0003Cc-GEN
      https://www.gams.com/latest/docs/UG%5FLicense.html         DC0000


**** FILE SUMMARY

Input      C:\Users\edmil\Desktop\benchmark_nlp\coconut_gams\elec50.gms
Output     C:\Users\edmil\Desktop\benchmark_nlp\logs\gams\elec50.lst

**** USER ERROR(S) ENCOUNTERED
