GAMS 53.5.1  f2e5fac3 May 20, 2026          WEX-WEI x86 64bit/MS Windows - 06/14/26 21:50:16 Page 1
G e n e r a l   A l g e b r a i c   M o d e l i n g   S y s t e m
C o m p i l a t i o n


   1  * GAMS-model lnts100.dag.gms written by dag2gams Converter at 29/03/2004 14:15:05
   2  * University of Vienna
   4   Set i/1*400/;
   5   Set j/1*506/;
   6   Equations objcon
   7  con1
   8  con2
   9  con3
  10  con4
  11  con5
  12  con6
  13  con7
  14  con8
  15  con9
  16  con10
  17  con11
  18  con12
  19  con13
  20  con14
  21  con15
  22  con16
  23  con17
  24  con18
  25  con19
  26  con20
  27  con21
  28  con22
  29  con23
  30  con24
  31  con25
  32  con26
  33  con27
  34  con28
  35  con29
  36  con30
  37  con31
  38  con32
  39  con33
  40  con34
  41  con35
  42  con36
  43  con37
  44  con38
  45  con39
  46  con40
  47  con41
  48  con42
  49  con43
  50  con44
  51  con45
  52  con46
  53  con47
  54  con48
  55  con49
  56  con50
  57  con51
  58  con52
  59  con53
  60  con54
  61  con55
  62  con56
  63  con57
  64  con58
  65  con59
  66  con60
  67  con61
  68  con62
  69  con63
  70  con64
  71  con65
  72  con66
  73  con67
  74  con68
  75  con69
  76  con70
  77  con71
  78  con72
  79  con73
  80  con74
  81  con75
  82  con76
  83  con77
  84  con78
  85  con79
  86  con80
  87  con81
  88  con82
  89  con83
  90  con84
  91  con85
  92  con86
  93  con87
  94  con88
  95  con89
  96  con90
  97  con91
  98  con92
  99  con93
 100  con94
 101  con95
 102  con96
 103  con97
 104  con98
 105  con99
 106  con100
 107  con101
 108  con102
 109  con103
 110  con104
 111  con105
 112  con106
 113  con107
 114  con108
 115  con109
 116  con110
 117  con111
 118  con112
 119  con113
 120  con114
 121  con115
 122  con116
 123  con117
 124  con118
 125  con119
 126  con120
 127  con121
 128  con122
 129  con123
 130  con124
 131  con125
 132  con126
 133  con127
 134  con128
 135  con129
 136  con130
 137  con131
 138  con132
 139  con133
 140  con134
 141  con135
 142  con136
 143  con137
 144  con138
 145  con139
 146  con140
 147  con141
 148  con142
 149  con143
 150  con144
 151  con145
 152  con146
 153  con147
 154  con148
 155  con149
 156  con150
 157  con151
 158  con152
 159  con153
 160  con154
 161  con155
 162  con156
 163  con157
 164  con158
 165  con159
 166  con160
 167  con161
 168  con162
 169  con163
 170  con164
 171  con165
 172  con166
 173  con167
 174  con168
 175  con169
 176  con170
 177  con171
 178  con172
 179  con173
 180  con174
 181  con175
 182  con176
 183  con177
 184  con178
 185  con179
 186  con180
 187  con181
 188  con182
 189  con183
 190  con184
 191  con185
 192  con186
 193  con187
 194  con188
 195  con189
 196  con190
 197  con191
 198  con192
 199  con193
 200  con194
 201  con195
 202  con196
 203  con197
 204  con198
 205  con199
 206  con200
 207  con201
 208  con202
 209  con203
 210  con204
 211  con205
 212  con206
 213  con207
 214  con208
 215  con209
 216  con210
 217  con211
 218  con212
 219  con213
 220  con214
 221  con215
 222  con216
 223  con217
 224  con218
 225  con219
 226  con220
 227  con221
 228  con222
 229  con223
 230  con224
 231  con225
 232  con226
 233  con227
 234  con228
 235  con229
 236  con230
 237  con231
 238  con232
 239  con233
 240  con234
 241  con235
 242  con236
 243  con237
 244  con238
 245  con239
 246  con240
 247  con241
 248  con242
 249  con243
 250  con244
 251  con245
 252  con246
 253  con247
 254  con248
 255  con249
 256  con250
 257  con251
 258  con252
 259  con253
 260  con254
 261  con255
 262  con256
 263  con257
 264  con258
 265  con259
 266  con260
 267  con261
 268  con262
 269  con263
 270  con264
 271  con265
 272  con266
 273  con267
 274  con268
 275  con269
 276  con270
 277  con271
 278  con272
 279  con273
 280  con274
 281  con275
 282  con276
 283  con277
 284  con278
 285  con279
 286  con280
 287  con281
 288  con282
 289  con283
 290  con284
 291  con285
 292  con286
 293  con287
 294  con288
 295  con289
 296  con290
 297  con291
 298  con292
 299  con293
 300  con294
 301  con295
 302  con296
 303  con297
 304  con298
 305  con299
 306  con300
 307  con301
 308  con302
 309  con303
 310  con304
 311  con305
 312  con306
 313  con307
 314  con308
 315  con309
 316  con310
 317  con311
 318  con312
 319  con313
 320  con314
 321  con315
 322  con316
 323  con317
 324  con318
 325  con319
 326  con320
 327  con321
 328  con322
 329  con323
 330  con324
 331  con325
 332  con326
 333  con327
 334  con328
 335  con329
 336  con330
 337  con331
 338  con332
 339  con333
 340  con334
 341  con335
 342  con336
 343  con337
 344  con338
 345  con339
 346  con340
 347  con341
 348  con342
 349  con343
 350  con344
 351  con345
 352  con346
 353  con347
 354  con348
 355  con349
 356  con350
 357  con351
 358  con352
 359  con353
 360  con354
 361  con355
 362  con356
 363  con357
 364  con358
 365  con359
 366  con360
 367  con361
 368  con362
 369  con363
 370  con364
 371  con365
 372  con366
 373  con367
 374  con368
 375  con369
 376  con370
 377  con371
 378  con372
 379  con373
 380  con374
 381  con375
 382  con376
 383  con377
 384  con378
 385  con379
 386  con380
 387  con381
 388  con382
 389  con383
 390  con384
 391  con385
 392  con386
 393  con387
 394  con388
 395  con389
 396  con390
 397  con391
 398  con392
 399  con393
 400  con394
 401  con395
 402  con396
 403  con397
 404  con398
 405  con399
 406  con400
 407  ;
 408  Variables x(j), obj;
 409  * Objective function (to be minimized)
 410  objcon.. obj =e= 100*(x('304'));
 411   
 412   
 413  con1.. -x('305') +
 414  x('306') -
 415  0.5 * x('304') * (x('102') +
 416  x('103')) =e= 0;
 417  con2.. (-0.5) * (100 * sin(x('100')) +
 418  100 * sin(x('101'))) * x('304') -
 419  x('302') +
 420  x('303') =e= 0;
 421  con3.. -x('306') +
 422  x('307') -
 423  0.5 * x('304') * (x('103') +
 424  x('104')) =e= 0;
 425  con4.. (-0.5) * (100 * sin(x('99')) +
 426  100 * sin(x('100'))) * x('304') -
 427  x('301') +
 428  x('302') =e= 0;
 429  con5.. -x('307') +
 430  x('308') -
 431  0.5 * x('304') * (x('104') +
 432  x('105')) =e= 0;
 433  con6.. (-0.5) * (100 * sin(x('98')) +
 434  100 * sin(x('99'))) * x('304') -
 435  x('300') +
 436  x('301') =e= 0;
 437  con7.. -x('308') +
 438  x('309') -
 439  0.5 * x('304') * (x('105') +
 440  x('106')) =e= 0;
 441  con8.. (-0.5) * (100 * sin(x('97')) +
 442  100 * sin(x('98'))) * x('304') -
 443  x('299') +
 444  x('300') =e= 0;
 445  con9.. -x('309') +
 446  x('310') -
 447  0.5 * x('304') * (x('106') +
 448  x('107')) =e= 0;
 449  con10.. (-0.5) * (100 * sin(x('96')) +
 450  100 * sin(x('97'))) * x('304') -
 451  x('298') +
 452  x('299') =e= 0;
 453  con11.. -x('310') +
 454  x('311') -
 455  0.5 * x('304') * (x('107') +
 456  x('108')) =e= 0;
 457  con12.. (-0.5) * (100 * sin(x('95')) +
 458  100 * sin(x('96'))) * x('304') -
 459  x('297') +
 460  x('298') =e= 0;
 461  con13.. -x('311') +
 462  x('312') -
 463  0.5 * x('304') * (x('108') +
 464  x('109')) =e= 0;
 465  con14.. (-0.5) * (100 * sin(x('94')) +
 466  100 * sin(x('95'))) * x('304') -
 467  x('296') +
 468  x('297') =e= 0;
 469  con15.. -x('312') +
 470  x('313') -
 471  0.5 * x('304') * (x('109') +
 472  x('110')) =e= 0;
 473  con16.. (-0.5) * (100 * sin(x('93')) +
 474  100 * sin(x('94'))) * x('304') -
 475  x('295') +
 476  x('296') =e= 0;
 477  con17.. -x('313') +
 478  x('314') -
 479  0.5 * x('304') * (x('110') +
 480  x('111')) =e= 0;
 481  con18.. (-0.5) * (100 * sin(x('92')) +
 482  100 * sin(x('93'))) * x('304') -
 483  x('294') +
 484  x('295') =e= 0;
 485  con19.. -x('314') +
 486  x('315') -
 487  0.5 * x('304') * (x('111') +
 488  x('112')) =e= 0;
 489  con20.. (-0.5) * (100 * sin(x('91')) +
 490  100 * sin(x('92'))) * x('304') -
 491  x('293') +
 492  x('294') =e= 0;
 493  con21.. -x('315') +
 494  x('316') -
 495  0.5 * x('304') * (x('112') +
 496  x('113')) =e= 0;
 497  con22.. (-0.5) * (100 * sin(x('90')) +
 498  100 * sin(x('91'))) * x('304') -
 499  x('292') +
 500  x('293') =e= 0;
 501  con23.. -x('316') +
 502  x('317') -
 503  0.5 * x('304') * (x('113') +
 504  x('114')) =e= 0;
 505  con24.. (-0.5) * (100 * sin(x('89')) +
 506  100 * sin(x('90'))) * x('304') -
 507  x('291') +
 508  x('292') =e= 0;
 509  con25.. -x('317') +
 510  x('318') -
 511  0.5 * x('304') * (x('114') +
 512  x('115')) =e= 0;
 513  con26.. (-0.5) * (100 * sin(x('88')) +
 514  100 * sin(x('89'))) * x('304') -
 515  x('290') +
 516  x('291') =e= 0;
 517  con27.. -x('318') +
 518  x('319') -
 519  0.5 * x('304') * (x('115') +
 520  x('116')) =e= 0;
 521  con28.. (-0.5) * (100 * sin(x('87')) +
 522  100 * sin(x('88'))) * x('304') -
 523  x('289') +
 524  x('290') =e= 0;
 525  con29.. -x('319') +
 526  x('320') -
 527  0.5 * x('304') * (x('116') +
 528  x('117')) =e= 0;
 529  con30.. (-0.5) * (100 * sin(x('86')) +
 530  100 * sin(x('87'))) * x('304') -
 531  x('288') +
 532  x('289') =e= 0;
 533  con31.. -x('320') +
 534  x('321') -
 535  0.5 * x('304') * (x('117') +
 536  x('118')) =e= 0;
 537  con32.. (-0.5) * (100 * sin(x('85')) +
 538  100 * sin(x('86'))) * x('304') -
 539  x('287') +
 540  x('288') =e= 0;
 541  con33.. -x('321') +
 542  x('322') -
 543  0.5 * x('304') * (x('118') +
 544  x('119')) =e= 0;
 545  con34.. (-0.5) * (100 * sin(x('84')) +
 546  100 * sin(x('85'))) * x('304') -
 547  x('286') +
 548  x('287') =e= 0;
 549  con35.. -x('322') +
 550  x('323') -
 551  0.5 * x('304') * (x('119') +
 552  x('120')) =e= 0;
 553  con36.. (-0.5) * (100 * sin(x('83')) +
 554  100 * sin(x('84'))) * x('304') -
 555  x('285') +
 556  x('286') =e= 0;
 557  con37.. -x('323') +
 558  x('324') -
 559  0.5 * x('304') * (x('120') +
 560  x('121')) =e= 0;
 561  con38.. (-0.5) * (100 * sin(x('82')) +
 562  100 * sin(x('83'))) * x('304') -
 563  x('284') +
 564  x('285') =e= 0;
 565  con39.. -x('324') +
 566  x('325') -
 567  0.5 * x('304') * (x('121') +
 568  x('122')) =e= 0;
 569  con40.. (-0.5) * (100 * sin(x('81')) +
 570  100 * sin(x('82'))) * x('304') -
 571  x('283') +
 572  x('284') =e= 0;
 573  con41.. -x('325') +
 574  x('326') -
 575  0.5 * x('304') * (x('122') +
 576  x('123')) =e= 0;
 577  con42.. (-0.5) * (100 * sin(x('80')) +
 578  100 * sin(x('81'))) * x('304') -
 579  x('282') +
 580  x('283') =e= 0;
 581  con43.. -x('326') +
 582  x('327') -
 583  0.5 * x('304') * (x('123') +
 584  x('124')) =e= 0;
 585  con44.. (-0.5) * (100 * sin(x('79')) +
 586  100 * sin(x('80'))) * x('304') -
 587  x('281') +
 588  x('282') =e= 0;
 589  con45.. -x('327') +
 590  x('328') -
 591  0.5 * x('304') * (x('124') +
 592  x('125')) =e= 0;
 593  con46.. (-0.5) * (100 * sin(x('78')) +
 594  100 * sin(x('79'))) * x('304') -
 595  x('280') +
 596  x('281') =e= 0;
 597  con47.. -x('328') +
 598  x('329') -
 599  0.5 * x('304') * (x('125') +
 600  x('126')) =e= 0;
 601  con48.. (-0.5) * (100 * sin(x('77')) +
 602  100 * sin(x('78'))) * x('304') -
 603  x('279') +
 604  x('280') =e= 0;
 605  con49.. -x('329') +
 606  x('330') -
 607  0.5 * x('304') * (x('126') +
 608  x('127')) =e= 0;
 609  con50.. (-0.5) * (100 * sin(x('76')) +
 610  100 * sin(x('77'))) * x('304') -
 611  x('278') +
 612  x('279') =e= 0;
 613  con51.. -x('330') +
 614  x('331') -
 615  0.5 * x('304') * (x('127') +
 616  x('128')) =e= 0;
 617  con52.. (-0.5) * (100 * sin(x('75')) +
 618  100 * sin(x('76'))) * x('304') -
 619  x('277') +
 620  x('278') =e= 0;
 621  con53.. -x('331') +
 622  x('332') -
 623  0.5 * x('304') * (x('128') +
 624  x('129')) =e= 0;
 625  con54.. (-0.5) * (100 * sin(x('74')) +
 626  100 * sin(x('75'))) * x('304') -
 627  x('276') +
 628  x('277') =e= 0;
 629  con55.. -x('332') +
 630  x('333') -
 631  0.5 * x('304') * (x('129') +
 632  x('130')) =e= 0;
 633  con56.. (-0.5) * (100 * sin(x('73')) +
 634  100 * sin(x('74'))) * x('304') -
 635  x('275') +
 636  x('276') =e= 0;
 637  con57.. -x('333') +
 638  x('334') -
 639  0.5 * x('304') * (x('130') +
 640  x('131')) =e= 0;
 641  con58.. (-0.5) * (100 * sin(x('72')) +
 642  100 * sin(x('73'))) * x('304') -
 643  x('274') +
 644  x('275') =e= 0;
 645  con59.. -x('334') +
 646  x('335') -
 647  0.5 * x('304') * (x('131') +
 648  x('132')) =e= 0;
 649  con60.. (-0.5) * (100 * sin(x('71')) +
 650  100 * sin(x('72'))) * x('304') -
 651  x('273') +
 652  x('274') =e= 0;
 653  con61.. -x('335') +
 654  x('336') -
 655  0.5 * x('304') * (x('132') +
 656  x('133')) =e= 0;
 657  con62.. (-0.5) * (100 * sin(x('70')) +
 658  100 * sin(x('71'))) * x('304') -
 659  x('272') +
 660  x('273') =e= 0;
 661  con63.. -x('336') +
 662  x('337') -
 663  0.5 * x('304') * (x('133') +
 664  x('134')) =e= 0;
 665  con64.. (-0.5) * (100 * sin(x('69')) +
 666  100 * sin(x('70'))) * x('304') -
 667  x('271') +
 668  x('272') =e= 0;
 669  con65.. -x('337') +
 670  x('338') -
 671  0.5 * x('304') * (x('134') +
 672  x('135')) =e= 0;
 673  con66.. (-0.5) * (100 * sin(x('68')) +
 674  100 * sin(x('69'))) * x('304') -
 675  x('270') +
 676  x('271') =e= 0;
 677  con67.. -x('338') +
 678  x('339') -
 679  0.5 * x('304') * (x('135') +
 680  x('136')) =e= 0;
 681  con68.. (-0.5) * (100 * sin(x('67')) +
 682  100 * sin(x('68'))) * x('304') -
 683  x('269') +
 684  x('270') =e= 0;
 685  con69.. -x('339') +
 686  x('340') -
 687  0.5 * x('304') * (x('136') +
 688  x('137')) =e= 0;
 689  con70.. (-0.5) * (100 * sin(x('66')) +
 690  100 * sin(x('67'))) * x('304') -
 691  x('268') +
 692  x('269') =e= 0;
 693  con71.. -x('340') +
 694  x('341') -
 695  0.5 * x('304') * (x('137') +
 696  x('138')) =e= 0;
 697  con72.. (-0.5) * (100 * sin(x('65')) +
 698  100 * sin(x('66'))) * x('304') -
 699  x('267') +
 700  x('268') =e= 0;
 701  con73.. -x('341') +
 702  x('342') -
 703  0.5 * x('304') * (x('138') +
 704  x('139')) =e= 0;
 705  con74.. (-0.5) * (100 * sin(x('64')) +
 706  100 * sin(x('65'))) * x('304') -
 707  x('266') +
 708  x('267') =e= 0;
 709  con75.. -x('342') +
 710  x('343') -
 711  0.5 * x('304') * (x('139') +
 712  x('140')) =e= 0;
 713  con76.. (-0.5) * (100 * sin(x('63')) +
 714  100 * sin(x('64'))) * x('304') -
 715  x('265') +
 716  x('266') =e= 0;
 717  con77.. -x('343') +
 718  x('344') -
 719  0.5 * x('304') * (x('140') +
 720  x('141')) =e= 0;
 721  con78.. (-0.5) * (100 * sin(x('62')) +
 722  100 * sin(x('63'))) * x('304') -
 723  x('264') +
 724  x('265') =e= 0;
 725  con79.. -x('344') +
 726  x('345') -
 727  0.5 * x('304') * (x('141') +
 728  x('142')) =e= 0;
 729  con80.. (-0.5) * (100 * sin(x('61')) +
 730  100 * sin(x('62'))) * x('304') -
 731  x('263') +
 732  x('264') =e= 0;
 733  con81.. -x('345') +
 734  x('346') -
 735  0.5 * x('304') * (x('142') +
 736  x('143')) =e= 0;
 737  con82.. (-0.5) * (100 * sin(x('60')) +
 738  100 * sin(x('61'))) * x('304') -
 739  x('262') +
 740  x('263') =e= 0;
 741  con83.. -x('346') +
 742  x('347') -
 743  0.5 * x('304') * (x('143') +
 744  x('144')) =e= 0;
 745  con84.. (-0.5) * (100 * sin(x('59')) +
 746  100 * sin(x('60'))) * x('304') -
 747  x('261') +
 748  x('262') =e= 0;
 749  con85.. -x('347') +
 750  x('348') -
 751  0.5 * x('304') * (x('144') +
 752  x('145')) =e= 0;
 753  con86.. (-0.5) * (100 * sin(x('58')) +
 754  100 * sin(x('59'))) * x('304') -
 755  x('260') +
 756  x('261') =e= 0;
 757  con87.. -x('348') +
 758  x('349') -
 759  0.5 * x('304') * (x('145') +
 760  x('146')) =e= 0;
 761  con88.. (-0.5) * (100 * sin(x('57')) +
 762  100 * sin(x('58'))) * x('304') -
 763  x('259') +
 764  x('260') =e= 0;
 765  con89.. -x('349') +
 766  x('350') -
 767  0.5 * x('304') * (x('146') +
 768  x('147')) =e= 0;
 769  con90.. (-0.5) * (100 * sin(x('56')) +
 770  100 * sin(x('57'))) * x('304') -
 771  x('258') +
 772  x('259') =e= 0;
 773  con91.. -x('350') +
 774  x('351') -
 775  0.5 * x('304') * (x('147') +
 776  x('148')) =e= 0;
 777  con92.. (-0.5) * (100 * sin(x('55')) +
 778  100 * sin(x('56'))) * x('304') -
 779  x('257') +
 780  x('258') =e= 0;
 781  con93.. -x('351') +
 782  x('352') -
 783  0.5 * x('304') * (x('148') +
 784  x('149')) =e= 0;
 785  con94.. (-0.5) * (100 * sin(x('54')) +
 786  100 * sin(x('55'))) * x('304') -
 787  x('256') +
 788  x('257') =e= 0;
 789  con95.. -x('352') +
 790  x('353') -
 791  0.5 * x('304') * (x('149') +
 792  x('150')) =e= 0;
 793  con96.. (-0.5) * (100 * sin(x('53')) +
 794  100 * sin(x('54'))) * x('304') -
 795  x('255') +
 796  x('256') =e= 0;
 797  con97.. -x('353') +
 798  x('354') -
 799  0.5 * x('304') * (x('150') +
 800  x('151')) =e= 0;
 801  con98.. (-0.5) * (100 * sin(x('52')) +
 802  100 * sin(x('53'))) * x('304') -
 803  x('254') +
 804  x('255') =e= 0;
 805  con99.. -x('354') +
 806  x('355') -
 807  0.5 * x('304') * (x('151') +
 808  x('152')) =e= 0;
 809  con100.. (-0.5) * (100 * sin(x('51')) +
 810  100 * sin(x('52'))) * x('304') -
 811  x('253') +
 812  x('254') =e= 0;
 813  con101.. -x('355') +
 814  x('356') -
 815  0.5 * x('304') * (x('152') +
 816  x('153')) =e= 0;
 817  con102.. (-0.5) * (100 * sin(x('50')) +
 818  100 * sin(x('51'))) * x('304') -
 819  x('252') +
 820  x('253') =e= 0;
 821  con103.. -x('356') +
 822  x('357') -
 823  0.5 * x('304') * (x('153') +
 824  x('154')) =e= 0;
 825  con104.. (-0.5) * (100 * sin(x('49')) +
 826  100 * sin(x('50'))) * x('304') -
 827  x('251') +
 828  x('252') =e= 0;
 829  con105.. -x('357') +
 830  x('358') -
 831  0.5 * x('304') * (x('154') +
 832  x('155')) =e= 0;
 833  con106.. (-0.5) * (100 * sin(x('48')) +
 834  100 * sin(x('49'))) * x('304') -
 835  x('250') +
 836  x('251') =e= 0;
 837  con107.. -x('358') +
 838  x('359') -
 839  0.5 * x('304') * (x('155') +
 840  x('156')) =e= 0;
 841  con108.. (-0.5) * (100 * sin(x('47')) +
 842  100 * sin(x('48'))) * x('304') -
 843  x('249') +
 844  x('250') =e= 0;
 845  con109.. -x('359') +
 846  x('360') -
 847  0.5 * x('304') * (x('156') +
 848  x('157')) =e= 0;
 849  con110.. (-0.5) * (100 * sin(x('46')) +
 850  100 * sin(x('47'))) * x('304') -
 851  x('248') +
 852  x('249') =e= 0;
 853  con111.. -x('360') +
 854  x('361') -
 855  0.5 * x('304') * (x('157') +
 856  x('158')) =e= 0;
 857  con112.. (-0.5) * (100 * sin(x('45')) +
 858  100 * sin(x('46'))) * x('304') -
 859  x('247') +
 860  x('248') =e= 0;
 861  con113.. -x('361') +
 862  x('362') -
 863  0.5 * x('304') * (x('158') +
 864  x('159')) =e= 0;
 865  con114.. (-0.5) * (100 * sin(x('44')) +
 866  100 * sin(x('45'))) * x('304') -
 867  x('246') +
 868  x('247') =e= 0;
 869  con115.. -x('362') +
 870  x('363') -
 871  0.5 * x('304') * (x('159') +
 872  x('160')) =e= 0;
 873  con116.. (-0.5) * (100 * sin(x('43')) +
 874  100 * sin(x('44'))) * x('304') -
 875  x('245') +
 876  x('246') =e= 0;
 877  con117.. -x('363') +
 878  x('364') -
 879  0.5 * x('304') * (x('160') +
 880  x('161')) =e= 0;
 881  con118.. (-0.5) * (100 * sin(x('42')) +
 882  100 * sin(x('43'))) * x('304') -
 883  x('244') +
 884  x('245') =e= 0;
 885  con119.. -x('364') +
 886  x('365') -
 887  0.5 * x('304') * (x('161') +
 888  x('162')) =e= 0;
 889  con120.. (-0.5) * (100 * sin(x('41')) +
 890  100 * sin(x('42'))) * x('304') -
 891  x('243') +
 892  x('244') =e= 0;
 893  con121.. -x('365') +
 894  x('366') -
 895  0.5 * x('304') * (x('162') +
 896  x('163')) =e= 0;
 897  con122.. (-0.5) * (100 * sin(x('40')) +
 898  100 * sin(x('41'))) * x('304') -
 899  x('242') +
 900  x('243') =e= 0;
 901  con123.. -x('366') +
 902  x('367') -
 903  0.5 * x('304') * (x('163') +
 904  x('164')) =e= 0;
 905  con124.. (-0.5) * (100 * sin(x('39')) +
 906  100 * sin(x('40'))) * x('304') -
 907  x('241') +
 908  x('242') =e= 0;
 909  con125.. -x('367') +
 910  x('368') -
 911  0.5 * x('304') * (x('164') +
 912  x('165')) =e= 0;
 913  con126.. (-0.5) * (100 * sin(x('38')) +
 914  100 * sin(x('39'))) * x('304') -
 915  x('240') +
 916  x('241') =e= 0;
 917  con127.. -x('368') +
 918  x('369') -
 919  0.5 * x('304') * (x('165') +
 920  x('166')) =e= 0;
 921  con128.. (-0.5) * (100 * sin(x('37')) +
 922  100 * sin(x('38'))) * x('304') -
 923  x('239') +
 924  x('240') =e= 0;
 925  con129.. -x('369') +
 926  x('370') -
 927  0.5 * x('304') * (x('166') +
 928  x('167')) =e= 0;
 929  con130.. (-0.5) * (100 * sin(x('36')) +
 930  100 * sin(x('37'))) * x('304') -
 931  x('238') +
 932  x('239') =e= 0;
 933  con131.. -x('370') +
 934  x('371') -
 935  0.5 * x('304') * (x('167') +
 936  x('168')) =e= 0;
 937  con132.. (-0.5) * (100 * sin(x('35')) +
 938  100 * sin(x('36'))) * x('304') -
 939  x('237') +
 940  x('238') =e= 0;
 941  con133.. -x('371') +
 942  x('372') -
 943  0.5 * x('304') * (x('168') +
 944  x('169')) =e= 0;
 945  con134.. (-0.5) * (100 * sin(x('34')) +
 946  100 * sin(x('35'))) * x('304') -
 947  x('236') +
 948  x('237') =e= 0;
 949  con135.. -x('372') +
 950  x('373') -
 951  0.5 * x('304') * (x('169') +
 952  x('170')) =e= 0;
 953  con136.. (-0.5) * (100 * sin(x('33')) +
 954  100 * sin(x('34'))) * x('304') -
 955  x('235') +
 956  x('236') =e= 0;
 957  con137.. -x('373') +
 958  x('374') -
 959  0.5 * x('304') * (x('170') +
 960  x('171')) =e= 0;
 961  con138.. (-0.5) * (100 * sin(x('32')) +
 962  100 * sin(x('33'))) * x('304') -
 963  x('234') +
 964  x('235') =e= 0;
 965  con139.. -x('374') +
 966  x('375') -
 967  0.5 * x('304') * (x('171') +
 968  x('172')) =e= 0;
 969  con140.. (-0.5) * (100 * sin(x('31')) +
 970  100 * sin(x('32'))) * x('304') -
 971  x('233') +
 972  x('234') =e= 0;
 973  con141.. -x('375') +
 974  x('376') -
 975  0.5 * x('304') * (x('172') +
 976  x('173')) =e= 0;
 977  con142.. (-0.5) * (100 * sin(x('30')) +
 978  100 * sin(x('31'))) * x('304') -
 979  x('232') +
 980  x('233') =e= 0;
 981  con143.. -x('376') +
 982  x('377') -
 983  0.5 * x('304') * (x('173') +
 984  x('174')) =e= 0;
 985  con144.. (-0.5) * (100 * sin(x('29')) +
 986  100 * sin(x('30'))) * x('304') -
 987  x('231') +
 988  x('232') =e= 0;
 989  con145.. -x('377') +
 990  x('378') -
 991  0.5 * x('304') * (x('174') +
 992  x('175')) =e= 0;
 993  con146.. (-0.5) * (100 * sin(x('28')) +
 994  100 * sin(x('29'))) * x('304') -
 995  x('230') +
 996  x('231') =e= 0;
 997  con147.. -x('378') +
 998  x('379') -
 999  0.5 * x('304') * (x('175') +
1000  x('176')) =e= 0;
1001  con148.. (-0.5) * (100 * sin(x('27')) +
1002  100 * sin(x('28'))) * x('304') -
1003  x('229') +
1004  x('230') =e= 0;
1005  con149.. -x('379') +
1006  x('380') -
1007  0.5 * x('304') * (x('176') +
1008  x('177')) =e= 0;
1009  con150.. (-0.5) * (100 * sin(x('26')) +
1010  100 * sin(x('27'))) * x('304') -
1011  x('228') +
1012  x('229') =e= 0;
1013  con151.. -x('380') +
1014  x('381') -
1015  0.5 * x('304') * (x('177') +
1016  x('178')) =e= 0;
1017  con152.. (-0.5) * (100 * sin(x('25')) +
1018  100 * sin(x('26'))) * x('304') -
1019  x('227') +
1020  x('228') =e= 0;
1021  con153.. -x('381') +
1022  x('382') -
1023  0.5 * x('304') * (x('178') +
1024  x('179')) =e= 0;
1025  con154.. (-0.5) * (100 * sin(x('24')) +
1026  100 * sin(x('25'))) * x('304') -
1027  x('226') +
1028  x('227') =e= 0;
1029  con155.. -x('382') +
1030  x('383') -
1031  0.5 * x('304') * (x('179') +
1032  x('180')) =e= 0;
1033  con156.. (-0.5) * (100 * sin(x('23')) +
1034  100 * sin(x('24'))) * x('304') -
1035  x('225') +
1036  x('226') =e= 0;
1037  con157.. -x('383') +
1038  x('384') -
1039  0.5 * x('304') * (x('180') +
1040  x('181')) =e= 0;
1041  con158.. (-0.5) * (100 * sin(x('22')) +
1042  100 * sin(x('23'))) * x('304') -
1043  x('224') +
1044  x('225') =e= 0;
1045  con159.. -x('384') +
1046  x('385') -
1047  0.5 * x('304') * (x('181') +
1048  x('182')) =e= 0;
1049  con160.. (-0.5) * (100 * sin(x('21')) +
1050  100 * sin(x('22'))) * x('304') -
1051  x('223') +
1052  x('224') =e= 0;
1053  con161.. -x('385') +
1054  x('386') -
1055  0.5 * x('304') * (x('182') +
1056  x('183')) =e= 0;
1057  con162.. (-0.5) * (100 * sin(x('20')) +
1058  100 * sin(x('21'))) * x('304') -
1059  x('222') +
1060  x('223') =e= 0;
1061  con163.. -x('386') +
1062  x('387') -
1063  0.5 * x('304') * (x('183') +
1064  x('184')) =e= 0;
1065  con164.. (-0.5) * (100 * sin(x('19')) +
1066  100 * sin(x('20'))) * x('304') -
1067  x('221') +
1068  x('222') =e= 0;
1069  con165.. -x('387') +
1070  x('388') -
1071  0.5 * x('304') * (x('184') +
1072  x('185')) =e= 0;
1073  con166.. (-0.5) * (100 * sin(x('18')) +
1074  100 * sin(x('19'))) * x('304') -
1075  x('220') +
1076  x('221') =e= 0;
1077  con167.. -x('388') +
1078  x('389') -
1079  0.5 * x('304') * (x('185') +
1080  x('186')) =e= 0;
1081  con168.. (-0.5) * (100 * sin(x('17')) +
1082  100 * sin(x('18'))) * x('304') -
1083  x('219') +
1084  x('220') =e= 0;
1085  con169.. -x('389') +
1086  x('390') -
1087  0.5 * x('304') * (x('186') +
1088  x('187')) =e= 0;
1089  con170.. (-0.5) * (100 * sin(x('16')) +
1090  100 * sin(x('17'))) * x('304') -
1091  x('218') +
1092  x('219') =e= 0;
1093  con171.. -x('390') +
1094  x('391') -
1095  0.5 * x('304') * (x('187') +
1096  x('188')) =e= 0;
1097  con172.. (-0.5) * (100 * sin(x('15')) +
1098  100 * sin(x('16'))) * x('304') -
1099  x('217') +
1100  x('218') =e= 0;
1101  con173.. -x('391') +
1102  x('392') -
1103  0.5 * x('304') * (x('188') +
1104  x('189')) =e= 0;
1105  con174.. (-0.5) * (100 * sin(x('14')) +
1106  100 * sin(x('15'))) * x('304') -
1107  x('216') +
1108  x('217') =e= 0;
1109  con175.. -x('392') +
1110  x('393') -
1111  0.5 * x('304') * (x('189') +
1112  x('190')) =e= 0;
1113  con176.. (-0.5) * (100 * sin(x('13')) +
1114  100 * sin(x('14'))) * x('304') -
1115  x('215') +
1116  x('216') =e= 0;
1117  con177.. -x('393') +
1118  x('394') -
1119  0.5 * x('304') * (x('190') +
1120  x('191')) =e= 0;
1121  con178.. (-0.5) * (100 * sin(x('12')) +
1122  100 * sin(x('13'))) * x('304') -
1123  x('214') +
1124  x('215') =e= 0;
1125  con179.. -x('394') +
1126  x('395') -
1127  0.5 * x('304') * (x('191') +
1128  x('192')) =e= 0;
1129  con180.. (-0.5) * (100 * sin(x('11')) +
1130  100 * sin(x('12'))) * x('304') -
1131  x('213') +
1132  x('214') =e= 0;
1133  con181.. -x('395') +
1134  x('396') -
1135  0.5 * x('304') * (x('192') +
1136  x('193')) =e= 0;
1137  con182.. (-0.5) * (100 * sin(x('10')) +
1138  100 * sin(x('11'))) * x('304') -
1139  x('212') +
1140  x('213') =e= 0;
1141  con183.. -x('396') +
1142  x('397') -
1143  0.5 * x('304') * (x('193') +
1144  x('194')) =e= 0;
1145  con184.. (-0.5) * (100 * sin(x('9')) +
1146  100 * sin(x('10'))) * x('304') -
1147  x('211') +
1148  x('212') =e= 0;
1149  con185.. -x('397') +
1150  x('398') -
1151  0.5 * x('304') * (x('194') +
1152  x('195')) =e= 0;
1153  con186.. (-0.5) * (100 * sin(x('8')) +
1154  100 * sin(x('9'))) * x('304') -
1155  x('210') +
1156  x('211') =e= 0;
1157  con187.. -x('398') +
1158  x('399') -
1159  0.5 * x('304') * (x('195') +
1160  x('196')) =e= 0;
1161  con188.. (-0.5) * (100 * sin(x('7')) +
1162  100 * sin(x('8'))) * x('304') -
1163  x('209') +
1164  x('210') =e= 0;
1165  con189.. -x('399') +
1166  x('400') -
1167  0.5 * x('304') * (x('196') +
1168  x('197')) =e= 0;
1169  con190.. (-0.5) * (100 * sin(x('6')) +
1170  100 * sin(x('7'))) * x('304') -
1171  x('208') +
1172  x('209') =e= 0;
1173  con191.. -x('400') +
1174  x('401') -
1175  0.5 * x('304') * (x('197') +
1176  x('198')) =e= 0;
1177  con192.. (-0.5) * (100 * sin(x('5')) +
1178  100 * sin(x('6'))) * x('304') -
1179  x('207') +
1180  x('208') =e= 0;
1181  con193.. -x('401') +
1182  x('402') -
1183  0.5 * x('304') * (x('198') +
1184  x('199')) =e= 0;
1185  con194.. (-0.5) * (100 * sin(x('4')) +
1186  100 * sin(x('5'))) * x('304') -
1187  x('206') +
1188  x('207') =e= 0;
1189  con195.. -x('402') +
1190  x('403') -
1191  0.5 * x('304') * (x('199') +
1192  x('200')) =e= 0;
1193  con196.. (-0.5) * (100 * sin(x('3')) +
1194  100 * sin(x('4'))) * x('304') -
1195  x('205') +
1196  x('206') =e= 0;
1197  con197.. -x('403') +
1198  x('404') -
1199  0.5 * x('304') * (x('200') +
1200  x('201')) =e= 0;
1201  con198.. (-0.5) * (100 * sin(x('2')) +
1202  100 * sin(x('3'))) * x('304') -
1203  x('204') +
1204  x('205') =e= 0;
1205  con199.. -x('404') +
1206  x('405') -
1207  0.5 * x('304') * (x('201') +
1208  x('202')) =e= 0;
1209  con200.. (-0.5) * (100 * sin(x('1')) +
1210  100 * sin(x('2'))) * x('304') -
1211  x('203') +
1212  x('204') =e= 0;
1213  con201.. -x('406') +
1214  x('407') -
1215  0.5 * x('304') * (x('203') +
1216  x('204')) =e= 0;
1217  con202.. (-0.5) * (100 * cos(x('100')) +
1218  100 * cos(x('101'))) * x('304') -
1219  x('201') +
1220  x('202') =e= 0;
1221  con203.. -x('407') +
1222  x('408') -
1223  0.5 * x('304') * (x('204') +
1224  x('205')) =e= 0;
1225  con204.. (-0.5) * (100 * cos(x('99')) +
1226  100 * cos(x('100'))) * x('304') -
1227  x('200') +
1228  x('201') =e= 0;
1229  con205.. -x('408') +
1230  x('409') -
1231  0.5 * x('304') * (x('205') +
1232  x('206')) =e= 0;
1233  con206.. (-0.5) * (100 * cos(x('98')) +
1234  100 * cos(x('99'))) * x('304') -
1235  x('199') +
1236  x('200') =e= 0;
1237  con207.. -x('409') +
1238  x('410') -
1239  0.5 * x('304') * (x('206') +
1240  x('207')) =e= 0;
1241  con208.. (-0.5) * (100 * cos(x('97')) +
1242  100 * cos(x('98'))) * x('304') -
1243  x('198') +
1244  x('199') =e= 0;
1245  con209.. -x('410') +
1246  x('411') -
1247  0.5 * x('304') * (x('207') +
1248  x('208')) =e= 0;
1249  con210.. (-0.5) * (100 * cos(x('96')) +
1250  100 * cos(x('97'))) * x('304') -
1251  x('197') +
1252  x('198') =e= 0;
1253  con211.. -x('411') +
1254  x('412') -
1255  0.5 * x('304') * (x('208') +
1256  x('209')) =e= 0;
1257  con212.. (-0.5) * (100 * cos(x('95')) +
1258  100 * cos(x('96'))) * x('304') -
1259  x('196') +
1260  x('197') =e= 0;
1261  con213.. -x('412') +
1262  x('413') -
1263  0.5 * x('304') * (x('209') +
1264  x('210')) =e= 0;
1265  con214.. (-0.5) * (100 * cos(x('94')) +
1266  100 * cos(x('95'))) * x('304') -
1267  x('195') +
1268  x('196') =e= 0;
1269  con215.. -x('413') +
1270  x('414') -
1271  0.5 * x('304') * (x('210') +
1272  x('211')) =e= 0;
1273  con216.. (-0.5) * (100 * cos(x('93')) +
1274  100 * cos(x('94'))) * x('304') -
1275  x('194') +
1276  x('195') =e= 0;
1277  con217.. -x('414') +
1278  x('415') -
1279  0.5 * x('304') * (x('211') +
1280  x('212')) =e= 0;
1281  con218.. (-0.5) * (100 * cos(x('92')) +
1282  100 * cos(x('93'))) * x('304') -
1283  x('193') +
1284  x('194') =e= 0;
1285  con219.. -x('415') +
1286  x('416') -
1287  0.5 * x('304') * (x('212') +
1288  x('213')) =e= 0;
1289  con220.. (-0.5) * (100 * cos(x('91')) +
1290  100 * cos(x('92'))) * x('304') -
1291  x('192') +
1292  x('193') =e= 0;
1293  con221.. -x('416') +
1294  x('417') -
1295  0.5 * x('304') * (x('213') +
1296  x('214')) =e= 0;
1297  con222.. (-0.5) * (100 * cos(x('90')) +
1298  100 * cos(x('91'))) * x('304') -
1299  x('191') +
1300  x('192') =e= 0;
1301  con223.. -x('417') +
1302  x('418') -
1303  0.5 * x('304') * (x('214') +
1304  x('215')) =e= 0;
1305  con224.. (-0.5) * (100 * cos(x('89')) +
1306  100 * cos(x('90'))) * x('304') -
1307  x('190') +
1308  x('191') =e= 0;
1309  con225.. -x('418') +
1310  x('419') -
1311  0.5 * x('304') * (x('215') +
1312  x('216')) =e= 0;
1313  con226.. (-0.5) * (100 * cos(x('88')) +
1314  100 * cos(x('89'))) * x('304') -
1315  x('189') +
1316  x('190') =e= 0;
1317  con227.. -x('419') +
1318  x('420') -
1319  0.5 * x('304') * (x('216') +
1320  x('217')) =e= 0;
1321  con228.. (-0.5) * (100 * cos(x('87')) +
1322  100 * cos(x('88'))) * x('304') -
1323  x('188') +
1324  x('189') =e= 0;
1325  con229.. -x('420') +
1326  x('421') -
1327  0.5 * x('304') * (x('217') +
1328  x('218')) =e= 0;
1329  con230.. (-0.5) * (100 * cos(x('86')) +
1330  100 * cos(x('87'))) * x('304') -
1331  x('187') +
1332  x('188') =e= 0;
1333  con231.. -x('421') +
1334  x('422') -
1335  0.5 * x('304') * (x('218') +
1336  x('219')) =e= 0;
1337  con232.. (-0.5) * (100 * cos(x('85')) +
1338  100 * cos(x('86'))) * x('304') -
1339  x('186') +
1340  x('187') =e= 0;
1341  con233.. -x('422') +
1342  x('423') -
1343  0.5 * x('304') * (x('219') +
1344  x('220')) =e= 0;
1345  con234.. (-0.5) * (100 * cos(x('84')) +
1346  100 * cos(x('85'))) * x('304') -
1347  x('185') +
1348  x('186') =e= 0;
1349  con235.. -x('423') +
1350  x('424') -
1351  0.5 * x('304') * (x('220') +
1352  x('221')) =e= 0;
1353  con236.. (-0.5) * (100 * cos(x('83')) +
1354  100 * cos(x('84'))) * x('304') -
1355  x('184') +
1356  x('185') =e= 0;
1357  con237.. -x('424') +
1358  x('425') -
1359  0.5 * x('304') * (x('221') +
1360  x('222')) =e= 0;
1361  con238.. (-0.5) * (100 * cos(x('82')) +
1362  100 * cos(x('83'))) * x('304') -
1363  x('183') +
1364  x('184') =e= 0;
1365  con239.. -x('425') +
1366  x('426') -
1367  0.5 * x('304') * (x('222') +
1368  x('223')) =e= 0;
1369  con240.. (-0.5) * (100 * cos(x('81')) +
1370  100 * cos(x('82'))) * x('304') -
1371  x('182') +
1372  x('183') =e= 0;
1373  con241.. -x('426') +
1374  x('427') -
1375  0.5 * x('304') * (x('223') +
1376  x('224')) =e= 0;
1377  con242.. (-0.5) * (100 * cos(x('80')) +
1378  100 * cos(x('81'))) * x('304') -
1379  x('181') +
1380  x('182') =e= 0;
1381  con243.. -x('427') +
1382  x('428') -
1383  0.5 * x('304') * (x('224') +
1384  x('225')) =e= 0;
1385  con244.. (-0.5) * (100 * cos(x('79')) +
1386  100 * cos(x('80'))) * x('304') -
1387  x('180') +
1388  x('181') =e= 0;
1389  con245.. -x('428') +
1390  x('429') -
1391  0.5 * x('304') * (x('225') +
1392  x('226')) =e= 0;
1393  con246.. (-0.5) * (100 * cos(x('78')) +
1394  100 * cos(x('79'))) * x('304') -
1395  x('179') +
1396  x('180') =e= 0;
1397  con247.. -x('429') +
1398  x('430') -
1399  0.5 * x('304') * (x('226') +
1400  x('227')) =e= 0;
1401  con248.. (-0.5) * (100 * cos(x('77')) +
1402  100 * cos(x('78'))) * x('304') -
1403  x('178') +
1404  x('179') =e= 0;
1405  con249.. -x('430') +
1406  x('431') -
1407  0.5 * x('304') * (x('227') +
1408  x('228')) =e= 0;
1409  con250.. (-0.5) * (100 * cos(x('76')) +
1410  100 * cos(x('77'))) * x('304') -
1411  x('177') +
1412  x('178') =e= 0;
1413  con251.. -x('431') +
1414  x('432') -
1415  0.5 * x('304') * (x('228') +
1416  x('229')) =e= 0;
1417  con252.. (-0.5) * (100 * cos(x('75')) +
1418  100 * cos(x('76'))) * x('304') -
1419  x('176') +
1420  x('177') =e= 0;
1421  con253.. -x('432') +
1422  x('433') -
1423  0.5 * x('304') * (x('229') +
1424  x('230')) =e= 0;
1425  con254.. (-0.5) * (100 * cos(x('74')) +
1426  100 * cos(x('75'))) * x('304') -
1427  x('175') +
1428  x('176') =e= 0;
1429  con255.. -x('433') +
1430  x('434') -
1431  0.5 * x('304') * (x('230') +
1432  x('231')) =e= 0;
1433  con256.. (-0.5) * (100 * cos(x('73')) +
1434  100 * cos(x('74'))) * x('304') -
1435  x('174') +
1436  x('175') =e= 0;
1437  con257.. -x('434') +
1438  x('435') -
1439  0.5 * x('304') * (x('231') +
1440  x('232')) =e= 0;
1441  con258.. (-0.5) * (100 * cos(x('72')) +
1442  100 * cos(x('73'))) * x('304') -
1443  x('173') +
1444  x('174') =e= 0;
1445  con259.. -x('435') +
1446  x('436') -
1447  0.5 * x('304') * (x('232') +
1448  x('233')) =e= 0;
1449  con260.. (-0.5) * (100 * cos(x('71')) +
1450  100 * cos(x('72'))) * x('304') -
1451  x('172') +
1452  x('173') =e= 0;
1453  con261.. -x('436') +
1454  x('437') -
1455  0.5 * x('304') * (x('233') +
1456  x('234')) =e= 0;
1457  con262.. (-0.5) * (100 * cos(x('70')) +
1458  100 * cos(x('71'))) * x('304') -
1459  x('171') +
1460  x('172') =e= 0;
1461  con263.. -x('437') +
1462  x('438') -
1463  0.5 * x('304') * (x('234') +
1464  x('235')) =e= 0;
1465  con264.. (-0.5) * (100 * cos(x('69')) +
1466  100 * cos(x('70'))) * x('304') -
1467  x('170') +
1468  x('171') =e= 0;
1469  con265.. -x('438') +
1470  x('439') -
1471  0.5 * x('304') * (x('235') +
1472  x('236')) =e= 0;
1473  con266.. (-0.5) * (100 * cos(x('68')) +
1474  100 * cos(x('69'))) * x('304') -
1475  x('169') +
1476  x('170') =e= 0;
1477  con267.. -x('439') +
1478  x('440') -
1479  0.5 * x('304') * (x('236') +
1480  x('237')) =e= 0;
1481  con268.. (-0.5) * (100 * cos(x('67')) +
1482  100 * cos(x('68'))) * x('304') -
1483  x('168') +
1484  x('169') =e= 0;
1485  con269.. -x('440') +
1486  x('441') -
1487  0.5 * x('304') * (x('237') +
1488  x('238')) =e= 0;
1489  con270.. (-0.5) * (100 * cos(x('66')) +
1490  100 * cos(x('67'))) * x('304') -
1491  x('167') +
1492  x('168') =e= 0;
1493  con271.. -x('441') +
1494  x('442') -
1495  0.5 * x('304') * (x('238') +
1496  x('239')) =e= 0;
1497  con272.. (-0.5) * (100 * cos(x('65')) +
1498  100 * cos(x('66'))) * x('304') -
1499  x('166') +
1500  x('167') =e= 0;
1501  con273.. -x('442') +
1502  x('443') -
1503  0.5 * x('304') * (x('239') +
1504  x('240')) =e= 0;
1505  con274.. (-0.5) * (100 * cos(x('64')) +
1506  100 * cos(x('65'))) * x('304') -
1507  x('165') +
1508  x('166') =e= 0;
1509  con275.. -x('443') +
1510  x('444') -
1511  0.5 * x('304') * (x('240') +
1512  x('241')) =e= 0;
1513  con276.. (-0.5) * (100 * cos(x('63')) +
1514  100 * cos(x('64'))) * x('304') -
1515  x('164') +
1516  x('165') =e= 0;
1517  con277.. -x('444') +
1518  x('445') -
1519  0.5 * x('304') * (x('241') +
1520  x('242')) =e= 0;
1521  con278.. (-0.5) * (100 * cos(x('62')) +
1522  100 * cos(x('63'))) * x('304') -
1523  x('163') +
1524  x('164') =e= 0;
1525  con279.. -x('445') +
1526  x('446') -
1527  0.5 * x('304') * (x('242') +
1528  x('243')) =e= 0;
1529  con280.. (-0.5) * (100 * cos(x('61')) +
1530  100 * cos(x('62'))) * x('304') -
1531  x('162') +
1532  x('163') =e= 0;
1533  con281.. -x('446') +
1534  x('447') -
1535  0.5 * x('304') * (x('243') +
1536  x('244')) =e= 0;
1537  con282.. (-0.5) * (100 * cos(x('60')) +
1538  100 * cos(x('61'))) * x('304') -
1539  x('161') +
1540  x('162') =e= 0;
1541  con283.. -x('447') +
1542  x('448') -
1543  0.5 * x('304') * (x('244') +
1544  x('245')) =e= 0;
1545  con284.. (-0.5) * (100 * cos(x('59')) +
1546  100 * cos(x('60'))) * x('304') -
1547  x('160') +
1548  x('161') =e= 0;
1549  con285.. -x('448') +
1550  x('449') -
1551  0.5 * x('304') * (x('245') +
1552  x('246')) =e= 0;
1553  con286.. (-0.5) * (100 * cos(x('58')) +
1554  100 * cos(x('59'))) * x('304') -
1555  x('159') +
1556  x('160') =e= 0;
1557  con287.. -x('449') +
1558  x('450') -
1559  0.5 * x('304') * (x('246') +
1560  x('247')) =e= 0;
1561  con288.. (-0.5) * (100 * cos(x('57')) +
1562  100 * cos(x('58'))) * x('304') -
1563  x('158') +
1564  x('159') =e= 0;
1565  con289.. -x('450') +
1566  x('451') -
1567  0.5 * x('304') * (x('247') +
1568  x('248')) =e= 0;
1569  con290.. (-0.5) * (100 * cos(x('56')) +
1570  100 * cos(x('57'))) * x('304') -
1571  x('157') +
1572  x('158') =e= 0;
1573  con291.. -x('451') +
1574  x('452') -
1575  0.5 * x('304') * (x('248') +
1576  x('249')) =e= 0;
1577  con292.. (-0.5) * (100 * cos(x('55')) +
1578  100 * cos(x('56'))) * x('304') -
1579  x('156') +
1580  x('157') =e= 0;
1581  con293.. -x('452') +
1582  x('453') -
1583  0.5 * x('304') * (x('249') +
1584  x('250')) =e= 0;
1585  con294.. (-0.5) * (100 * cos(x('54')) +
1586  100 * cos(x('55'))) * x('304') -
1587  x('155') +
1588  x('156') =e= 0;
1589  con295.. -x('453') +
1590  x('454') -
1591  0.5 * x('304') * (x('250') +
1592  x('251')) =e= 0;
1593  con296.. (-0.5) * (100 * cos(x('53')) +
1594  100 * cos(x('54'))) * x('304') -
1595  x('154') +
1596  x('155') =e= 0;
1597  con297.. -x('454') +
1598  x('455') -
1599  0.5 * x('304') * (x('251') +
1600  x('252')) =e= 0;
1601  con298.. (-0.5) * (100 * cos(x('52')) +
1602  100 * cos(x('53'))) * x('304') -
1603  x('153') +
1604  x('154') =e= 0;
1605  con299.. -x('455') +
1606  x('456') -
1607  0.5 * x('304') * (x('252') +
1608  x('253')) =e= 0;
1609  con300.. (-0.5) * (100 * cos(x('51')) +
1610  100 * cos(x('52'))) * x('304') -
1611  x('152') +
1612  x('153') =e= 0;
1613  con301.. -x('456') +
1614  x('457') -
1615  0.5 * x('304') * (x('253') +
1616  x('254')) =e= 0;
1617  con302.. (-0.5) * (100 * cos(x('50')) +
1618  100 * cos(x('51'))) * x('304') -
1619  x('151') +
1620  x('152') =e= 0;
1621  con303.. -x('457') +
1622  x('458') -
1623  0.5 * x('304') * (x('254') +
1624  x('255')) =e= 0;
1625  con304.. (-0.5) * (100 * cos(x('49')) +
1626  100 * cos(x('50'))) * x('304') -
1627  x('150') +
1628  x('151') =e= 0;
1629  con305.. -x('458') +
1630  x('459') -
1631  0.5 * x('304') * (x('255') +
1632  x('256')) =e= 0;
1633  con306.. (-0.5) * (100 * cos(x('48')) +
1634  100 * cos(x('49'))) * x('304') -
1635  x('149') +
1636  x('150') =e= 0;
1637  con307.. -x('459') +
1638  x('460') -
1639  0.5 * x('304') * (x('256') +
1640  x('257')) =e= 0;
1641  con308.. (-0.5) * (100 * cos(x('47')) +
1642  100 * cos(x('48'))) * x('304') -
1643  x('148') +
1644  x('149') =e= 0;
1645  con309.. -x('460') +
1646  x('461') -
1647  0.5 * x('304') * (x('257') +
1648  x('258')) =e= 0;
1649  con310.. (-0.5) * (100 * cos(x('46')) +
1650  100 * cos(x('47'))) * x('304') -
1651  x('147') +
1652  x('148') =e= 0;
1653  con311.. -x('461') +
1654  x('462') -
1655  0.5 * x('304') * (x('258') +
1656  x('259')) =e= 0;
1657  con312.. (-0.5) * (100 * cos(x('45')) +
1658  100 * cos(x('46'))) * x('304') -
1659  x('146') +
1660  x('147') =e= 0;
1661  con313.. -x('462') +
1662  x('463') -
1663  0.5 * x('304') * (x('259') +
1664  x('260')) =e= 0;
1665  con314.. (-0.5) * (100 * cos(x('44')) +
1666  100 * cos(x('45'))) * x('304') -
1667  x('145') +
1668  x('146') =e= 0;
1669  con315.. -x('463') +
1670  x('464') -
1671  0.5 * x('304') * (x('260') +
1672  x('261')) =e= 0;
1673  con316.. (-0.5) * (100 * cos(x('43')) +
1674  100 * cos(x('44'))) * x('304') -
1675  x('144') +
1676  x('145') =e= 0;
1677  con317.. -x('464') +
1678  x('465') -
1679  0.5 * x('304') * (x('261') +
1680  x('262')) =e= 0;
1681  con318.. (-0.5) * (100 * cos(x('42')) +
1682  100 * cos(x('43'))) * x('304') -
1683  x('143') +
1684  x('144') =e= 0;
1685  con319.. -x('465') +
1686  x('466') -
1687  0.5 * x('304') * (x('262') +
1688  x('263')) =e= 0;
1689  con320.. (-0.5) * (100 * cos(x('41')) +
1690  100 * cos(x('42'))) * x('304') -
1691  x('142') +
1692  x('143') =e= 0;
1693  con321.. -x('466') +
1694  x('467') -
1695  0.5 * x('304') * (x('263') +
1696  x('264')) =e= 0;
1697  con322.. (-0.5) * (100 * cos(x('40')) +
1698  100 * cos(x('41'))) * x('304') -
1699  x('141') +
1700  x('142') =e= 0;
1701  con323.. -x('467') +
1702  x('468') -
1703  0.5 * x('304') * (x('264') +
1704  x('265')) =e= 0;
1705  con324.. (-0.5) * (100 * cos(x('39')) +
1706  100 * cos(x('40'))) * x('304') -
1707  x('140') +
1708  x('141') =e= 0;
1709  con325.. -x('468') +
1710  x('469') -
1711  0.5 * x('304') * (x('265') +
1712  x('266')) =e= 0;
1713  con326.. (-0.5) * (100 * cos(x('38')) +
1714  100 * cos(x('39'))) * x('304') -
1715  x('139') +
1716  x('140') =e= 0;
1717  con327.. -x('469') +
1718  x('470') -
1719  0.5 * x('304') * (x('266') +
1720  x('267')) =e= 0;
1721  con328.. (-0.5) * (100 * cos(x('37')) +
1722  100 * cos(x('38'))) * x('304') -
1723  x('138') +
1724  x('139') =e= 0;
1725  con329.. -x('470') +
1726  x('471') -
1727  0.5 * x('304') * (x('267') +
1728  x('268')) =e= 0;
1729  con330.. (-0.5) * (100 * cos(x('36')) +
1730  100 * cos(x('37'))) * x('304') -
1731  x('137') +
1732  x('138') =e= 0;
1733  con331.. -x('471') +
1734  x('472') -
1735  0.5 * x('304') * (x('268') +
1736  x('269')) =e= 0;
1737  con332.. (-0.5) * (100 * cos(x('35')) +
1738  100 * cos(x('36'))) * x('304') -
1739  x('136') +
1740  x('137') =e= 0;
1741  con333.. -x('472') +
1742  x('473') -
1743  0.5 * x('304') * (x('269') +
1744  x('270')) =e= 0;
1745  con334.. (-0.5) * (100 * cos(x('34')) +
1746  100 * cos(x('35'))) * x('304') -
1747  x('135') +
1748  x('136') =e= 0;
1749  con335.. -x('473') +
1750  x('474') -
1751  0.5 * x('304') * (x('270') +
1752  x('271')) =e= 0;
1753  con336.. (-0.5) * (100 * cos(x('33')) +
1754  100 * cos(x('34'))) * x('304') -
1755  x('134') +
1756  x('135') =e= 0;
1757  con337.. -x('474') +
1758  x('475') -
1759  0.5 * x('304') * (x('271') +
1760  x('272')) =e= 0;
1761  con338.. (-0.5) * (100 * cos(x('32')) +
1762  100 * cos(x('33'))) * x('304') -
1763  x('133') +
1764  x('134') =e= 0;
1765  con339.. -x('475') +
1766  x('476') -
1767  0.5 * x('304') * (x('272') +
1768  x('273')) =e= 0;
1769  con340.. (-0.5) * (100 * cos(x('31')) +
1770  100 * cos(x('32'))) * x('304') -
1771  x('132') +
1772  x('133') =e= 0;
1773  con341.. -x('476') +
1774  x('477') -
1775  0.5 * x('304') * (x('273') +
1776  x('274')) =e= 0;
1777  con342.. (-0.5) * (100 * cos(x('30')) +
1778  100 * cos(x('31'))) * x('304') -
1779  x('131') +
1780  x('132') =e= 0;
1781  con343.. -x('477') +
1782  x('478') -
1783  0.5 * x('304') * (x('274') +
1784  x('275')) =e= 0;
1785  con344.. (-0.5) * (100 * cos(x('29')) +
1786  100 * cos(x('30'))) * x('304') -
1787  x('130') +
1788  x('131') =e= 0;
1789  con345.. -x('478') +
1790  x('479') -
1791  0.5 * x('304') * (x('275') +
1792  x('276')) =e= 0;
1793  con346.. (-0.5) * (100 * cos(x('28')) +
1794  100 * cos(x('29'))) * x('304') -
1795  x('129') +
1796  x('130') =e= 0;
1797  con347.. -x('479') +
1798  x('480') -
1799  0.5 * x('304') * (x('276') +
1800  x('277')) =e= 0;
1801  con348.. (-0.5) * (100 * cos(x('27')) +
1802  100 * cos(x('28'))) * x('304') -
1803  x('128') +
1804  x('129') =e= 0;
1805  con349.. -x('480') +
1806  x('481') -
1807  0.5 * x('304') * (x('277') +
1808  x('278')) =e= 0;
1809  con350.. (-0.5) * (100 * cos(x('26')) +
1810  100 * cos(x('27'))) * x('304') -
1811  x('127') +
1812  x('128') =e= 0;
1813  con351.. -x('481') +
1814  x('482') -
1815  0.5 * x('304') * (x('278') +
1816  x('279')) =e= 0;
1817  con352.. (-0.5) * (100 * cos(x('25')) +
1818  100 * cos(x('26'))) * x('304') -
1819  x('126') +
1820  x('127') =e= 0;
1821  con353.. -x('482') +
1822  x('483') -
1823  0.5 * x('304') * (x('279') +
1824  x('280')) =e= 0;
1825  con354.. (-0.5) * (100 * cos(x('24')) +
1826  100 * cos(x('25'))) * x('304') -
1827  x('125') +
1828  x('126') =e= 0;
1829  con355.. -x('483') +
1830  x('484') -
1831  0.5 * x('304') * (x('280') +
1832  x('281')) =e= 0;
1833  con356.. (-0.5) * (100 * cos(x('23')) +
1834  100 * cos(x('24'))) * x('304') -
1835  x('124') +
1836  x('125') =e= 0;
1837  con357.. -x('484') +
1838  x('485') -
1839  0.5 * x('304') * (x('281') +
1840  x('282')) =e= 0;
1841  con358.. (-0.5) * (100 * cos(x('22')) +
1842  100 * cos(x('23'))) * x('304') -
1843  x('123') +
1844  x('124') =e= 0;
1845  con359.. -x('485') +
1846  x('486') -
1847  0.5 * x('304') * (x('282') +
1848  x('283')) =e= 0;
1849  con360.. (-0.5) * (100 * cos(x('21')) +
1850  100 * cos(x('22'))) * x('304') -
1851  x('122') +
1852  x('123') =e= 0;
1853  con361.. -x('486') +
1854  x('487') -
1855  0.5 * x('304') * (x('283') +
1856  x('284')) =e= 0;
1857  con362.. (-0.5) * (100 * cos(x('20')) +
1858  100 * cos(x('21'))) * x('304') -
1859  x('121') +
1860  x('122') =e= 0;
1861  con363.. -x('487') +
1862  x('488') -
1863  0.5 * x('304') * (x('284') +
1864  x('285')) =e= 0;
1865  con364.. (-0.5) * (100 * cos(x('19')) +
1866  100 * cos(x('20'))) * x('304') -
1867  x('120') +
1868  x('121') =e= 0;
1869  con365.. -x('488') +
1870  x('489') -
1871  0.5 * x('304') * (x('285') +
1872  x('286')) =e= 0;
1873  con366.. (-0.5) * (100 * cos(x('18')) +
1874  100 * cos(x('19'))) * x('304') -
1875  x('119') +
1876  x('120') =e= 0;
1877  con367.. -x('489') +
1878  x('490') -
1879  0.5 * x('304') * (x('286') +
1880  x('287')) =e= 0;
1881  con368.. (-0.5) * (100 * cos(x('17')) +
1882  100 * cos(x('18'))) * x('304') -
1883  x('118') +
1884  x('119') =e= 0;
1885  con369.. -x('490') +
1886  x('491') -
1887  0.5 * x('304') * (x('287') +
1888  x('288')) =e= 0;
1889  con370.. (-0.5) * (100 * cos(x('16')) +
1890  100 * cos(x('17'))) * x('304') -
1891  x('117') +
1892  x('118') =e= 0;
1893  con371.. -x('491') +
1894  x('492') -
1895  0.5 * x('304') * (x('288') +
1896  x('289')) =e= 0;
1897  con372.. (-0.5) * (100 * cos(x('15')) +
1898  100 * cos(x('16'))) * x('304') -
1899  x('116') +
1900  x('117') =e= 0;
1901  con373.. -x('492') +
1902  x('493') -
1903  0.5 * x('304') * (x('289') +
1904  x('290')) =e= 0;
1905  con374.. (-0.5) * (100 * cos(x('14')) +
1906  100 * cos(x('15'))) * x('304') -
1907  x('115') +
1908  x('116') =e= 0;
1909  con375.. -x('493') +
1910  x('494') -
1911  0.5 * x('304') * (x('290') +
1912  x('291')) =e= 0;
1913  con376.. (-0.5) * (100 * cos(x('13')) +
1914  100 * cos(x('14'))) * x('304') -
1915  x('114') +
1916  x('115') =e= 0;
1917  con377.. -x('494') +
1918  x('495') -
1919  0.5 * x('304') * (x('291') +
1920  x('292')) =e= 0;
1921  con378.. (-0.5) * (100 * cos(x('12')) +
1922  100 * cos(x('13'))) * x('304') -
1923  x('113') +
1924  x('114') =e= 0;
1925  con379.. -x('495') +
1926  x('496') -
1927  0.5 * x('304') * (x('292') +
1928  x('293')) =e= 0;
1929  con380.. (-0.5) * (100 * cos(x('11')) +
1930  100 * cos(x('12'))) * x('304') -
1931  x('112') +
1932  x('113') =e= 0;
1933  con381.. -x('496') +
1934  x('497') -
1935  0.5 * x('304') * (x('293') +
1936  x('294')) =e= 0;
1937  con382.. (-0.5) * (100 * cos(x('10')) +
1938  100 * cos(x('11'))) * x('304') -
1939  x('111') +
1940  x('112') =e= 0;
1941  con383.. -x('497') +
1942  x('498') -
1943  0.5 * x('304') * (x('294') +
1944  x('295')) =e= 0;
1945  con384.. (-0.5) * (100 * cos(x('9')) +
1946  100 * cos(x('10'))) * x('304') -
1947  x('110') +
1948  x('111') =e= 0;
1949  con385.. -x('498') +
1950  x('499') -
1951  0.5 * x('304') * (x('295') +
1952  x('296')) =e= 0;
1953  con386.. (-0.5) * (100 * cos(x('8')) +
1954  100 * cos(x('9'))) * x('304') -
1955  x('109') +
1956  x('110') =e= 0;
1957  con387.. -x('499') +
1958  x('500') -
1959  0.5 * x('304') * (x('296') +
1960  x('297')) =e= 0;
1961  con388.. (-0.5) * (100 * cos(x('7')) +
1962  100 * cos(x('8'))) * x('304') -
1963  x('108') +
1964  x('109') =e= 0;
1965  con389.. -x('500') +
1966  x('501') -
1967  0.5 * x('304') * (x('297') +
1968  x('298')) =e= 0;
1969  con390.. (-0.5) * (100 * cos(x('6')) +
1970  100 * cos(x('7'))) * x('304') -
1971  x('107') +
1972  x('108') =e= 0;
1973  con391.. -x('501') +
1974  x('502') -
1975  0.5 * x('304') * (x('298') +
1976  x('299')) =e= 0;
1977  con392.. (-0.5) * (100 * cos(x('5')) +
1978  100 * cos(x('6'))) * x('304') -
1979  x('106') +
1980  x('107') =e= 0;
1981  con393.. -x('502') +
1982  x('503') -
1983  0.5 * x('304') * (x('299') +
1984  x('300')) =e= 0;
1985  con394.. (-0.5) * (100 * cos(x('4')) +
1986  100 * cos(x('5'))) * x('304') -
1987  x('105') +
1988  x('106') =e= 0;
1989  con395.. -x('503') +
1990  x('504') -
1991  0.5 * x('304') * (x('300') +
1992  x('301')) =e= 0;
1993  con396.. (-0.5) * (100 * cos(x('3')) +
1994  100 * cos(x('4'))) * x('304') -
1995  x('104') +
1996  x('105') =e= 0;
1997  con397.. -x('504') +
1998  x('505') -
1999  0.5 * x('304') * (x('301') +
2000  x('302')) =e= 0;
2001  con398.. (-0.5) * (100 * cos(x('2')) +
2002  100 * cos(x('3'))) * x('304') -
2003  x('103') +
2004  x('104') =e= 0;
2005  con399.. -x('505') +
2006  x('506') -
2007  0.5 * x('304') * (x('302') +
2008  x('303')) =e= 0;
2009  con400.. (-0.5) * (100 * cos(x('1')) +
2010  100 * cos(x('2'))) * x('304') -
2011  x('102') +
2012  x('103') =e= 0;
2013  x.lo('102')=0;
2014  x.up('102')=0;
2015  x.lo('202')=45;
2016  x.up('202')=45;
2017  x.lo('203')=0;
2018  x.up('203')=0;
2019  x.lo('303')=0;
2020  x.up('303')=0;
2021  x.lo('305')=0;
2022  x.up('305')=0;
2023  x.lo('406')=0;
2024  x.up('406')=0;
2025  x.lo('506')=5;
2026  x.up('506')=5;
2027  x.lo('1')=-1.5707963267949001;
2028  x.up('1')=1.5707963267949001;
2029  x.lo('2')=-1.5707963267949001;
2030  x.up('2')=1.5707963267949001;
2031  x.lo('3')=-1.5707963267949001;
2032  x.up('3')=1.5707963267949001;
2033  x.lo('4')=-1.5707963267949001;
2034  x.up('4')=1.5707963267949001;
2035  x.lo('5')=-1.5707963267949001;
2036  x.up('5')=1.5707963267949001;
2037  x.lo('6')=-1.5707963267949001;
2038  x.up('6')=1.5707963267949001;
2039  x.lo('7')=-1.5707963267949001;
2040  x.up('7')=1.5707963267949001;
2041  x.lo('8')=-1.5707963267949001;
2042  x.up('8')=1.5707963267949001;
2043  x.lo('9')=-1.5707963267949001;
2044  x.up('9')=1.5707963267949001;
2045  x.lo('10')=-1.5707963267949001;
2046  x.up('10')=1.5707963267949001;
2047  x.lo('11')=-1.5707963267949001;
2048  x.up('11')=1.5707963267949001;
2049  x.lo('12')=-1.5707963267949001;
2050  x.up('12')=1.5707963267949001;
2051  x.lo('13')=-1.5707963267949001;
2052  x.up('13')=1.5707963267949001;
2053  x.lo('14')=-1.5707963267949001;
2054  x.up('14')=1.5707963267949001;
2055  x.lo('15')=-1.5707963267949001;
2056  x.up('15')=1.5707963267949001;
2057  x.lo('16')=-1.5707963267949001;
2058  x.up('16')=1.5707963267949001;
2059  x.lo('17')=-1.5707963267949001;
2060  x.up('17')=1.5707963267949001;
2061  x.lo('18')=-1.5707963267949001;
2062  x.up('18')=1.5707963267949001;
2063  x.lo('19')=-1.5707963267949001;
2064  x.up('19')=1.5707963267949001;
2065  x.lo('20')=-1.5707963267949001;
2066  x.up('20')=1.5707963267949001;
2067  x.lo('21')=-1.5707963267949001;
2068  x.up('21')=1.5707963267949001;
2069  x.lo('22')=-1.5707963267949001;
2070  x.up('22')=1.5707963267949001;
2071  x.lo('23')=-1.5707963267949001;
2072  x.up('23')=1.5707963267949001;
2073  x.lo('24')=-1.5707963267949001;
2074  x.up('24')=1.5707963267949001;
2075  x.lo('25')=-1.5707963267949001;
2076  x.up('25')=1.5707963267949001;
2077  x.lo('26')=-1.5707963267949001;
2078  x.up('26')=1.5707963267949001;
2079  x.lo('27')=-1.5707963267949001;
2080  x.up('27')=1.5707963267949001;
2081  x.lo('28')=-1.5707963267949001;
2082  x.up('28')=1.5707963267949001;
2083  x.lo('29')=-1.5707963267949001;
2084  x.up('29')=1.5707963267949001;
2085  x.lo('30')=-1.5707963267949001;
2086  x.up('30')=1.5707963267949001;
2087  x.lo('31')=-1.5707963267949001;
2088  x.up('31')=1.5707963267949001;
2089  x.lo('32')=-1.5707963267949001;
2090  x.up('32')=1.5707963267949001;
2091  x.lo('33')=-1.5707963267949001;
2092  x.up('33')=1.5707963267949001;
2093  x.lo('34')=-1.5707963267949001;
2094  x.up('34')=1.5707963267949001;
2095  x.lo('35')=-1.5707963267949001;
2096  x.up('35')=1.5707963267949001;
2097  x.lo('36')=-1.5707963267949001;
2098  x.up('36')=1.5707963267949001;
2099  x.lo('37')=-1.5707963267949001;
2100  x.up('37')=1.5707963267949001;
2101  x.lo('38')=-1.5707963267949001;
2102  x.up('38')=1.5707963267949001;
2103  x.lo('39')=-1.5707963267949001;
2104  x.up('39')=1.5707963267949001;
2105  x.lo('40')=-1.5707963267949001;
2106  x.up('40')=1.5707963267949001;
2107  x.lo('41')=-1.5707963267949001;
2108  x.up('41')=1.5707963267949001;
2109  x.lo('42')=-1.5707963267949001;
2110  x.up('42')=1.5707963267949001;
2111  x.lo('43')=-1.5707963267949001;
2112  x.up('43')=1.5707963267949001;
2113  x.lo('44')=-1.5707963267949001;
2114  x.up('44')=1.5707963267949001;
2115  x.lo('45')=-1.5707963267949001;
2116  x.up('45')=1.5707963267949001;
2117  x.lo('46')=-1.5707963267949001;
2118  x.up('46')=1.5707963267949001;
2119  x.lo('47')=-1.5707963267949001;
2120  x.up('47')=1.5707963267949001;
2121  x.lo('48')=-1.5707963267949001;
2122  x.up('48')=1.5707963267949001;
2123  x.lo('49')=-1.5707963267949001;
2124  x.up('49')=1.5707963267949001;
2125  x.lo('50')=-1.5707963267949001;
2126  x.up('50')=1.5707963267949001;
2127  x.lo('51')=-1.5707963267949001;
2128  x.up('51')=1.5707963267949001;
2129  x.lo('52')=-1.5707963267949001;
2130  x.up('52')=1.5707963267949001;
2131  x.lo('53')=-1.5707963267949001;
2132  x.up('53')=1.5707963267949001;
2133  x.lo('54')=-1.5707963267949001;
2134  x.up('54')=1.5707963267949001;
2135  x.lo('55')=-1.5707963267949001;
2136  x.up('55')=1.5707963267949001;
2137  x.lo('56')=-1.5707963267949001;
2138  x.up('56')=1.5707963267949001;
2139  x.lo('57')=-1.5707963267949001;
2140  x.up('57')=1.5707963267949001;
2141  x.lo('58')=-1.5707963267949001;
2142  x.up('58')=1.5707963267949001;
2143  x.lo('59')=-1.5707963267949001;
2144  x.up('59')=1.5707963267949001;
2145  x.lo('60')=-1.5707963267949001;
2146  x.up('60')=1.5707963267949001;
2147  x.lo('61')=-1.5707963267949001;
2148  x.up('61')=1.5707963267949001;
2149  x.lo('62')=-1.5707963267949001;
2150  x.up('62')=1.5707963267949001;
2151  x.lo('63')=-1.5707963267949001;
2152  x.up('63')=1.5707963267949001;
2153  x.lo('64')=-1.5707963267949001;
2154  x.up('64')=1.5707963267949001;
2155  x.lo('65')=-1.5707963267949001;
2156  x.up('65')=1.5707963267949001;
2157  x.lo('66')=-1.5707963267949001;
2158  x.up('66')=1.5707963267949001;
2159  x.lo('67')=-1.5707963267949001;
2160  x.up('67')=1.5707963267949001;
2161  x.lo('68')=-1.5707963267949001;
2162  x.up('68')=1.5707963267949001;
2163  x.lo('69')=-1.5707963267949001;
2164  x.up('69')=1.5707963267949001;
2165  x.lo('70')=-1.5707963267949001;
2166  x.up('70')=1.5707963267949001;
2167  x.lo('71')=-1.5707963267949001;
2168  x.up('71')=1.5707963267949001;
2169  x.lo('72')=-1.5707963267949001;
2170  x.up('72')=1.5707963267949001;
2171  x.lo('73')=-1.5707963267949001;
2172  x.up('73')=1.5707963267949001;
2173  x.lo('74')=-1.5707963267949001;
2174  x.up('74')=1.5707963267949001;
2175  x.lo('75')=-1.5707963267949001;
2176  x.up('75')=1.5707963267949001;
2177  x.lo('76')=-1.5707963267949001;
2178  x.up('76')=1.5707963267949001;
2179  x.lo('77')=-1.5707963267949001;
2180  x.up('77')=1.5707963267949001;
2181  x.lo('78')=-1.5707963267949001;
2182  x.up('78')=1.5707963267949001;
2183  x.lo('79')=-1.5707963267949001;
2184  x.up('79')=1.5707963267949001;
2185  x.lo('80')=-1.5707963267949001;
2186  x.up('80')=1.5707963267949001;
2187  x.lo('81')=-1.5707963267949001;
2188  x.up('81')=1.5707963267949001;
2189  x.lo('82')=-1.5707963267949001;
2190  x.up('82')=1.5707963267949001;
2191  x.lo('83')=-1.5707963267949001;
2192  x.up('83')=1.5707963267949001;
2193  x.lo('84')=-1.5707963267949001;
2194  x.up('84')=1.5707963267949001;
2195  x.lo('85')=-1.5707963267949001;
2196  x.up('85')=1.5707963267949001;
2197  x.lo('86')=-1.5707963267949001;
2198  x.up('86')=1.5707963267949001;
2199  x.lo('87')=-1.5707963267949001;
2200  x.up('87')=1.5707963267949001;
2201  x.lo('88')=-1.5707963267949001;
2202  x.up('88')=1.5707963267949001;
2203  x.lo('89')=-1.5707963267949001;
2204  x.up('89')=1.5707963267949001;
2205  x.lo('90')=-1.5707963267949001;
2206  x.up('90')=1.5707963267949001;
2207  x.lo('91')=-1.5707963267949001;
2208  x.up('91')=1.5707963267949001;
2209  x.lo('92')=-1.5707963267949001;
2210  x.up('92')=1.5707963267949001;
2211  x.lo('93')=-1.5707963267949001;
2212  x.up('93')=1.5707963267949001;
2213  x.lo('94')=-1.5707963267949001;
2214  x.up('94')=1.5707963267949001;
2215  x.lo('95')=-1.5707963267949001;
2216  x.up('95')=1.5707963267949001;
2217  x.lo('96')=-1.5707963267949001;
2218  x.up('96')=1.5707963267949001;
2219  x.lo('97')=-1.5707963267949001;
2220  x.up('97')=1.5707963267949001;
2221  x.lo('98')=-1.5707963267949001;
2222  x.up('98')=1.5707963267949001;
2223  x.lo('99')=-1.5707963267949001;
2224  x.up('99')=1.5707963267949001;
2225  x.lo('100')=-1.5707963267949001;
2226  x.up('100')=1.5707963267949001;
2227  x.lo('101')=-1.5707963267949001;
2228  x.up('101')=1.5707963267949001;
2229  x.lo('304')=0;
2230  Model m/All/;
2231  m.workspace = 32;
2232  m.optfile = 1;options nlp=convert;
2233  Solve m using nlp minimizing obj;
2234  display x.l, obj.l;
2235   
2236   
2237   


COMPILATION TIME     =        0.000 SECONDS      3 MB  53.5.1 f2e5fac3 WEX-WEI
GAMS 53.5.1  f2e5fac3 May 20, 2026          WEX-WEI x86 64bit/MS Windows - 06/14/26 21:50:16 Page 2
G e n e r a l   A l g e b r a i c   M o d e l i n g   S y s t e m
Equation Listing    SOLVE m Using NLP From line 2233


---- objcon  =E=  

objcon..  - 100*x(304) + obj =E= 0 ; (LHS = 0)
     

---- con1  =E=  

con1..  (0)*x(102) + (0)*x(103) + (0)*x(304) - x(305) + x(306) =E= 0 ; (LHS = 0)
     

---- con2  =E=  

con2..  (0)*x(100) + (0)*x(101) - x(302) + x(303) + (0)*x(304) =E= 0 ; (LHS = 0)
     

---- con3  =E=  

con3..  (0)*x(103) + (0)*x(104) + (0)*x(304) - x(306) + x(307) =E= 0 ; (LHS = 0)
     

---- con4  =E=  

con4..  (0)*x(99) + (0)*x(100) - x(301) + x(302) + (0)*x(304) =E= 0 ; (LHS = 0)
     

---- con5  =E=  

con5..  (0)*x(104) + (0)*x(105) + (0)*x(304) - x(307) + x(308) =E= 0 ; (LHS = 0)
     

---- con6  =E=  

con6..  (0)*x(98) + (0)*x(99) - x(300) + x(301) + (0)*x(304) =E= 0 ; (LHS = 0)
     

---- con7  =E=  

con7..  (0)*x(105) + (0)*x(106) + (0)*x(304) - x(308) + x(309) =E= 0 ; (LHS = 0)
     

---- con8  =E=  

con8..  (0)*x(97) + (0)*x(98) - x(299) + x(300) + (0)*x(304) =E= 0 ; (LHS = 0)
     

---- con9  =E=  

con9..  (0)*x(106) + (0)*x(107) + (0)*x(304) - x(309) + x(310) =E= 0 ; (LHS = 0)
     

---- con10  =E=  

con10..  (0)*x(96) + (0)*x(97) - x(298) + x(299) + (0)*x(304) =E= 0 ; (LHS = 0)
     

---- con11  =E=  

con11..  (0)*x(107) + (0)*x(108) + (0)*x(304) - x(310) + x(311) =E= 0 ; (LHS = 0)
     

---- con12  =E=  

con12..  (0)*x(95) + (0)*x(96) - x(297) + x(298) + (0)*x(304) =E= 0 ; (LHS = 0)
     

---- con13  =E=  

con13..  (0)*x(108) + (0)*x(109) + (0)*x(304) - x(311) + x(312) =E= 0 ; (LHS = 0)
     

---- con14  =E=  

con14..  (0)*x(94) + (0)*x(95) - x(296) + x(297) + (0)*x(304) =E= 0 ; (LHS = 0)
     

---- con15  =E=  

con15..  (0)*x(109) + (0)*x(110) + (0)*x(304) - x(312) + x(313) =E= 0 ; (LHS = 0)
     

---- con16  =E=  

con16..  (0)*x(93) + (0)*x(94) - x(295) + x(296) + (0)*x(304) =E= 0 ; (LHS = 0)
     

---- con17  =E=  

con17..  (0)*x(110) + (0)*x(111) + (0)*x(304) - x(313) + x(314) =E= 0 ; (LHS = 0)
     

---- con18  =E=  

con18..  (0)*x(92) + (0)*x(93) - x(294) + x(295) + (0)*x(304) =E= 0 ; (LHS = 0)
     

---- con19  =E=  

con19..  (0)*x(111) + (0)*x(112) + (0)*x(304) - x(314) + x(315) =E= 0 ; (LHS = 0)
     

---- con20  =E=  

con20..  (0)*x(91) + (0)*x(92) - x(293) + x(294) + (0)*x(304) =E= 0 ; (LHS = 0)
     

---- con21  =E=  

con21..  (0)*x(112) + (0)*x(113) + (0)*x(304) - x(315) + x(316) =E= 0 ; (LHS = 0)
     

---- con22  =E=  

con22..  (0)*x(90) + (0)*x(91) - x(292) + x(293) + (0)*x(304) =E= 0 ; (LHS = 0)
     

---- con23  =E=  

con23..  (0)*x(113) + (0)*x(114) + (0)*x(304) - x(316) + x(317) =E= 0 ; (LHS = 0)
     

---- con24  =E=  

con24..  (0)*x(89) + (0)*x(90) - x(291) + x(292) + (0)*x(304) =E= 0 ; (LHS = 0)
     

---- con25  =E=  

con25..  (0)*x(114) + (0)*x(115) + (0)*x(304) - x(317) + x(318) =E= 0 ; (LHS = 0)
     

---- con26  =E=  

con26..  (0)*x(88) + (0)*x(89) - x(290) + x(291) + (0)*x(304) =E= 0 ; (LHS = 0)
     

---- con27  =E=  

con27..  (0)*x(115) + (0)*x(116) + (0)*x(304) - x(318) + x(319) =E= 0 ; (LHS = 0)
     

---- con28  =E=  

con28..  (0)*x(87) + (0)*x(88) - x(289) + x(290) + (0)*x(304) =E= 0 ; (LHS = 0)
     

---- con29  =E=  

con29..  (0)*x(116) + (0)*x(117) + (0)*x(304) - x(319) + x(320) =E= 0 ; (LHS = 0)
     

---- con30  =E=  

con30..  (0)*x(86) + (0)*x(87) - x(288) + x(289) + (0)*x(304) =E= 0 ; (LHS = 0)
     

---- con31  =E=  

con31..  (0)*x(117) + (0)*x(118) + (0)*x(304) - x(320) + x(321) =E= 0 ; (LHS = 0)
     

---- con32  =E=  

con32..  (0)*x(85) + (0)*x(86) - x(287) + x(288) + (0)*x(304) =E= 0 ; (LHS = 0)
     

---- con33  =E=  

con33..  (0)*x(118) + (0)*x(119) + (0)*x(304) - x(321) + x(322) =E= 0 ; (LHS = 0)
     

---- con34  =E=  

con34..  (0)*x(84) + (0)*x(85) - x(286) + x(287) + (0)*x(304) =E= 0 ; (LHS = 0)
     

---- con35  =E=  

con35..  (0)*x(119) + (0)*x(120) + (0)*x(304) - x(322) + x(323) =E= 0 ; (LHS = 0)
     

---- con36  =E=  

con36..  (0)*x(83) + (0)*x(84) - x(285) + x(286) + (0)*x(304) =E= 0 ; (LHS = 0)
     

---- con37  =E=  

con37..  (0)*x(120) + (0)*x(121) + (0)*x(304) - x(323) + x(324) =E= 0 ; (LHS = 0)
     

---- con38  =E=  

con38..  (0)*x(82) + (0)*x(83) - x(284) + x(285) + (0)*x(304) =E= 0 ; (LHS = 0)
     

---- con39  =E=  

con39..  (0)*x(121) + (0)*x(122) + (0)*x(304) - x(324) + x(325) =E= 0 ; (LHS = 0)
     

---- con40  =E=  

con40..  (0)*x(81) + (0)*x(82) - x(283) + x(284) + (0)*x(304) =E= 0 ; (LHS = 0)
     

---- con41  =E=  

con41..  (0)*x(122) + (0)*x(123) + (0)*x(304) - x(325) + x(326) =E= 0 ; (LHS = 0)
     

---- con42  =E=  

con42..  (0)*x(80) + (0)*x(81) - x(282) + x(283) + (0)*x(304) =E= 0 ; (LHS = 0)
     

---- con43  =E=  

con43..  (0)*x(123) + (0)*x(124) + (0)*x(304) - x(326) + x(327) =E= 0 ; (LHS = 0)
     

---- con44  =E=  

con44..  (0)*x(79) + (0)*x(80) - x(281) + x(282) + (0)*x(304) =E= 0 ; (LHS = 0)
     

---- con45  =E=  

con45..  (0)*x(124) + (0)*x(125) + (0)*x(304) - x(327) + x(328) =E= 0 ; (LHS = 0)
     

---- con46  =E=  

con46..  (0)*x(78) + (0)*x(79) - x(280) + x(281) + (0)*x(304) =E= 0 ; (LHS = 0)
     

---- con47  =E=  

con47..  (0)*x(125) + (0)*x(126) + (0)*x(304) - x(328) + x(329) =E= 0 ; (LHS = 0)
     

---- con48  =E=  

con48..  (0)*x(77) + (0)*x(78) - x(279) + x(280) + (0)*x(304) =E= 0 ; (LHS = 0)
     

---- con49  =E=  

con49..  (0)*x(126) + (0)*x(127) + (0)*x(304) - x(329) + x(330) =E= 0 ; (LHS = 0)
     

---- con50  =E=  

con50..  (0)*x(76) + (0)*x(77) - x(278) + x(279) + (0)*x(304) =E= 0 ; (LHS = 0)
     

---- con51  =E=  

con51..  (0)*x(127) + (0)*x(128) + (0)*x(304) - x(330) + x(331) =E= 0 ; (LHS = 0)
     

---- con52  =E=  

con52..  (0)*x(75) + (0)*x(76) - x(277) + x(278) + (0)*x(304) =E= 0 ; (LHS = 0)
     

---- con53  =E=  

con53..  (0)*x(128) + (0)*x(129) + (0)*x(304) - x(331) + x(332) =E= 0 ; (LHS = 0)
     

---- con54  =E=  

con54..  (0)*x(74) + (0)*x(75) - x(276) + x(277) + (0)*x(304) =E= 0 ; (LHS = 0)
     

---- con55  =E=  

con55..  (0)*x(129) + (0)*x(130) + (0)*x(304) - x(332) + x(333) =E= 0 ; (LHS = 0)
     

---- con56  =E=  

con56..  (0)*x(73) + (0)*x(74) - x(275) + x(276) + (0)*x(304) =E= 0 ; (LHS = 0)
     

---- con57  =E=  

con57..  (0)*x(130) + (0)*x(131) + (0)*x(304) - x(333) + x(334) =E= 0 ; (LHS = 0)
     

---- con58  =E=  

con58..  (0)*x(72) + (0)*x(73) - x(274) + x(275) + (0)*x(304) =E= 0 ; (LHS = 0)
     

---- con59  =E=  

con59..  (0)*x(131) + (0)*x(132) + (0)*x(304) - x(334) + x(335) =E= 0 ; (LHS = 0)
     

---- con60  =E=  

con60..  (0)*x(71) + (0)*x(72) - x(273) + x(274) + (0)*x(304) =E= 0 ; (LHS = 0)
     

---- con61  =E=  

con61..  (0)*x(132) + (0)*x(133) + (0)*x(304) - x(335) + x(336) =E= 0 ; (LHS = 0)
     

---- con62  =E=  

con62..  (0)*x(70) + (0)*x(71) - x(272) + x(273) + (0)*x(304) =E= 0 ; (LHS = 0)
     

---- con63  =E=  

con63..  (0)*x(133) + (0)*x(134) + (0)*x(304) - x(336) + x(337) =E= 0 ; (LHS = 0)
     

---- con64  =E=  

con64..  (0)*x(69) + (0)*x(70) - x(271) + x(272) + (0)*x(304) =E= 0 ; (LHS = 0)
     

---- con65  =E=  

con65..  (0)*x(134) + (0)*x(135) + (0)*x(304) - x(337) + x(338) =E= 0 ; (LHS = 0)
     

---- con66  =E=  

con66..  (0)*x(68) + (0)*x(69) - x(270) + x(271) + (0)*x(304) =E= 0 ; (LHS = 0)
     

---- con67  =E=  

con67..  (0)*x(135) + (0)*x(136) + (0)*x(304) - x(338) + x(339) =E= 0 ; (LHS = 0)
     

---- con68  =E=  

con68..  (0)*x(67) + (0)*x(68) - x(269) + x(270) + (0)*x(304) =E= 0 ; (LHS = 0)
     

---- con69  =E=  

con69..  (0)*x(136) + (0)*x(137) + (0)*x(304) - x(339) + x(340) =E= 0 ; (LHS = 0)
     

---- con70  =E=  

con70..  (0)*x(66) + (0)*x(67) - x(268) + x(269) + (0)*x(304) =E= 0 ; (LHS = 0)
     

---- con71  =E=  

con71..  (0)*x(137) + (0)*x(138) + (0)*x(304) - x(340) + x(341) =E= 0 ; (LHS = 0)
     

---- con72  =E=  

con72..  (0)*x(65) + (0)*x(66) - x(267) + x(268) + (0)*x(304) =E= 0 ; (LHS = 0)
     

---- con73  =E=  

con73..  (0)*x(138) + (0)*x(139) + (0)*x(304) - x(341) + x(342) =E= 0 ; (LHS = 0)
     

---- con74  =E=  

con74..  (0)*x(64) + (0)*x(65) - x(266) + x(267) + (0)*x(304) =E= 0 ; (LHS = 0)
     

---- con75  =E=  

con75..  (0)*x(139) + (0)*x(140) + (0)*x(304) - x(342) + x(343) =E= 0 ; (LHS = 0)
     

---- con76  =E=  

con76..  (0)*x(63) + (0)*x(64) - x(265) + x(266) + (0)*x(304) =E= 0 ; (LHS = 0)
     

---- con77  =E=  

con77..  (0)*x(140) + (0)*x(141) + (0)*x(304) - x(343) + x(344) =E= 0 ; (LHS = 0)
     

---- con78  =E=  

con78..  (0)*x(62) + (0)*x(63) - x(264) + x(265) + (0)*x(304) =E= 0 ; (LHS = 0)
     

---- con79  =E=  

con79..  (0)*x(141) + (0)*x(142) + (0)*x(304) - x(344) + x(345) =E= 0 ; (LHS = 0)
     

---- con80  =E=  

con80..  (0)*x(61) + (0)*x(62) - x(263) + x(264) + (0)*x(304) =E= 0 ; (LHS = 0)
     

---- con81  =E=  

con81..  (0)*x(142) + (0)*x(143) + (0)*x(304) - x(345) + x(346) =E= 0 ; (LHS = 0)
     

---- con82  =E=  

con82..  (0)*x(60) + (0)*x(61) - x(262) + x(263) + (0)*x(304) =E= 0 ; (LHS = 0)
     

---- con83  =E=  

con83..  (0)*x(143) + (0)*x(144) + (0)*x(304) - x(346) + x(347) =E= 0 ; (LHS = 0)
     

---- con84  =E=  

con84..  (0)*x(59) + (0)*x(60) - x(261) + x(262) + (0)*x(304) =E= 0 ; (LHS = 0)
     

---- con85  =E=  

con85..  (0)*x(144) + (0)*x(145) + (0)*x(304) - x(347) + x(348) =E= 0 ; (LHS = 0)
     

---- con86  =E=  

con86..  (0)*x(58) + (0)*x(59) - x(260) + x(261) + (0)*x(304) =E= 0 ; (LHS = 0)
     

---- con87  =E=  

con87..  (0)*x(145) + (0)*x(146) + (0)*x(304) - x(348) + x(349) =E= 0 ; (LHS = 0)
     

---- con88  =E=  

con88..  (0)*x(57) + (0)*x(58) - x(259) + x(260) + (0)*x(304) =E= 0 ; (LHS = 0)
     

---- con89  =E=  

con89..  (0)*x(146) + (0)*x(147) + (0)*x(304) - x(349) + x(350) =E= 0 ; (LHS = 0)
     

---- con90  =E=  

con90..  (0)*x(56) + (0)*x(57) - x(258) + x(259) + (0)*x(304) =E= 0 ; (LHS = 0)
     

---- con91  =E=  

con91..  (0)*x(147) + (0)*x(148) + (0)*x(304) - x(350) + x(351) =E= 0 ; (LHS = 0)
     

---- con92  =E=  

con92..  (0)*x(55) + (0)*x(56) - x(257) + x(258) + (0)*x(304) =E= 0 ; (LHS = 0)
     

---- con93  =E=  

con93..  (0)*x(148) + (0)*x(149) + (0)*x(304) - x(351) + x(352) =E= 0 ; (LHS = 0)
     

---- con94  =E=  

con94..  (0)*x(54) + (0)*x(55) - x(256) + x(257) + (0)*x(304) =E= 0 ; (LHS = 0)
     

---- con95  =E=  

con95..  (0)*x(149) + (0)*x(150) + (0)*x(304) - x(352) + x(353) =E= 0 ; (LHS = 0)
     

---- con96  =E=  

con96..  (0)*x(53) + (0)*x(54) - x(255) + x(256) + (0)*x(304) =E= 0 ; (LHS = 0)
     

---- con97  =E=  

con97..  (0)*x(150) + (0)*x(151) + (0)*x(304) - x(353) + x(354) =E= 0 ; (LHS = 0)
     

---- con98  =E=  

con98..  (0)*x(52) + (0)*x(53) - x(254) + x(255) + (0)*x(304) =E= 0 ; (LHS = 0)
     

---- con99  =E=  

con99..  (0)*x(151) + (0)*x(152) + (0)*x(304) - x(354) + x(355) =E= 0 ; (LHS = 0)
     

---- con100  =E=  

con100..  (0)*x(51) + (0)*x(52) - x(253) + x(254) + (0)*x(304) =E= 0 ; (LHS = 0)
     

---- con101  =E=  

con101..  (0)*x(152) + (0)*x(153) + (0)*x(304) - x(355) + x(356) =E= 0 ; (LHS = 0)
     

---- con102  =E=  

con102..  (0)*x(50) + (0)*x(51) - x(252) + x(253) + (0)*x(304) =E= 0 ; (LHS = 0)
     

---- con103  =E=  

con103..  (0)*x(153) + (0)*x(154) + (0)*x(304) - x(356) + x(357) =E= 0 ; (LHS = 0)
     

---- con104  =E=  

con104..  (0)*x(49) + (0)*x(50) - x(251) + x(252) + (0)*x(304) =E= 0 ; (LHS = 0)
     

---- con105  =E=  

con105..  (0)*x(154) + (0)*x(155) + (0)*x(304) - x(357) + x(358) =E= 0 ; (LHS = 0)
     

---- con106  =E=  

con106..  (0)*x(48) + (0)*x(49) - x(250) + x(251) + (0)*x(304) =E= 0 ; (LHS = 0)
     

---- con107  =E=  

con107..  (0)*x(155) + (0)*x(156) + (0)*x(304) - x(358) + x(359) =E= 0 ; (LHS = 0)
     

---- con108  =E=  

con108..  (0)*x(47) + (0)*x(48) - x(249) + x(250) + (0)*x(304) =E= 0 ; (LHS = 0)
     

---- con109  =E=  

con109..  (0)*x(156) + (0)*x(157) + (0)*x(304) - x(359) + x(360) =E= 0 ; (LHS = 0)
     

---- con110  =E=  

con110..  (0)*x(46) + (0)*x(47) - x(248) + x(249) + (0)*x(304) =E= 0 ; (LHS = 0)
     

---- con111  =E=  

con111..  (0)*x(157) + (0)*x(158) + (0)*x(304) - x(360) + x(361) =E= 0 ; (LHS = 0)
     

---- con112  =E=  

con112..  (0)*x(45) + (0)*x(46) - x(247) + x(248) + (0)*x(304) =E= 0 ; (LHS = 0)
     

---- con113  =E=  

con113..  (0)*x(158) + (0)*x(159) + (0)*x(304) - x(361) + x(362) =E= 0 ; (LHS = 0)
     

---- con114  =E=  

con114..  (0)*x(44) + (0)*x(45) - x(246) + x(247) + (0)*x(304) =E= 0 ; (LHS = 0)
     

---- con115  =E=  

con115..  (0)*x(159) + (0)*x(160) + (0)*x(304) - x(362) + x(363) =E= 0 ; (LHS = 0)
     

---- con116  =E=  

con116..  (0)*x(43) + (0)*x(44) - x(245) + x(246) + (0)*x(304) =E= 0 ; (LHS = 0)
     

---- con117  =E=  

con117..  (0)*x(160) + (0)*x(161) + (0)*x(304) - x(363) + x(364) =E= 0 ; (LHS = 0)
     

---- con118  =E=  

con118..  (0)*x(42) + (0)*x(43) - x(244) + x(245) + (0)*x(304) =E= 0 ; (LHS = 0)
     

---- con119  =E=  

con119..  (0)*x(161) + (0)*x(162) + (0)*x(304) - x(364) + x(365) =E= 0 ; (LHS = 0)
     

---- con120  =E=  

con120..  (0)*x(41) + (0)*x(42) - x(243) + x(244) + (0)*x(304) =E= 0 ; (LHS = 0)
     

---- con121  =E=  

con121..  (0)*x(162) + (0)*x(163) + (0)*x(304) - x(365) + x(366) =E= 0 ; (LHS = 0)
     

---- con122  =E=  

con122..  (0)*x(40) + (0)*x(41) - x(242) + x(243) + (0)*x(304) =E= 0 ; (LHS = 0)
     

---- con123  =E=  

con123..  (0)*x(163) + (0)*x(164) + (0)*x(304) - x(366) + x(367) =E= 0 ; (LHS = 0)
     

---- con124  =E=  

con124..  (0)*x(39) + (0)*x(40) - x(241) + x(242) + (0)*x(304) =E= 0 ; (LHS = 0)
     

---- con125  =E=  

con125..  (0)*x(164) + (0)*x(165) + (0)*x(304) - x(367) + x(368) =E= 0 ; (LHS = 0)
     

---- con126  =E=  

con126..  (0)*x(38) + (0)*x(39) - x(240) + x(241) + (0)*x(304) =E= 0 ; (LHS = 0)
     

---- con127  =E=  

con127..  (0)*x(165) + (0)*x(166) + (0)*x(304) - x(368) + x(369) =E= 0 ; (LHS = 0)
     

---- con128  =E=  

con128..  (0)*x(37) + (0)*x(38) - x(239) + x(240) + (0)*x(304) =E= 0 ; (LHS = 0)
     

---- con129  =E=  

con129..  (0)*x(166) + (0)*x(167) + (0)*x(304) - x(369) + x(370) =E= 0 ; (LHS = 0)
     

---- con130  =E=  

con130..  (0)*x(36) + (0)*x(37) - x(238) + x(239) + (0)*x(304) =E= 0 ; (LHS = 0)
     

---- con131  =E=  

con131..  (0)*x(167) + (0)*x(168) + (0)*x(304) - x(370) + x(371) =E= 0 ; (LHS = 0)
     

---- con132  =E=  

con132..  (0)*x(35) + (0)*x(36) - x(237) + x(238) + (0)*x(304) =E= 0 ; (LHS = 0)
     

---- con133  =E=  

con133..  (0)*x(168) + (0)*x(169) + (0)*x(304) - x(371) + x(372) =E= 0 ; (LHS = 0)
     

---- con134  =E=  

con134..  (0)*x(34) + (0)*x(35) - x(236) + x(237) + (0)*x(304) =E= 0 ; (LHS = 0)
     

---- con135  =E=  

con135..  (0)*x(169) + (0)*x(170) + (0)*x(304) - x(372) + x(373) =E= 0 ; (LHS = 0)
     

---- con136  =E=  

con136..  (0)*x(33) + (0)*x(34) - x(235) + x(236) + (0)*x(304) =E= 0 ; (LHS = 0)
     

---- con137  =E=  

con137..  (0)*x(170) + (0)*x(171) + (0)*x(304) - x(373) + x(374) =E= 0 ; (LHS = 0)
     

---- con138  =E=  

con138..  (0)*x(32) + (0)*x(33) - x(234) + x(235) + (0)*x(304) =E= 0 ; (LHS = 0)
     

---- con139  =E=  

con139..  (0)*x(171) + (0)*x(172) + (0)*x(304) - x(374) + x(375) =E= 0 ; (LHS = 0)
     

---- con140  =E=  

con140..  (0)*x(31) + (0)*x(32) - x(233) + x(234) + (0)*x(304) =E= 0 ; (LHS = 0)
     

---- con141  =E=  

con141..  (0)*x(172) + (0)*x(173) + (0)*x(304) - x(375) + x(376) =E= 0 ; (LHS = 0)
     

---- con142  =E=  

con142..  (0)*x(30) + (0)*x(31) - x(232) + x(233) + (0)*x(304) =E= 0 ; (LHS = 0)
     

---- con143  =E=  

con143..  (0)*x(173) + (0)*x(174) + (0)*x(304) - x(376) + x(377) =E= 0 ; (LHS = 0)
     

---- con144  =E=  

con144..  (0)*x(29) + (0)*x(30) - x(231) + x(232) + (0)*x(304) =E= 0 ; (LHS = 0)
     

---- con145  =E=  

con145..  (0)*x(174) + (0)*x(175) + (0)*x(304) - x(377) + x(378) =E= 0 ; (LHS = 0)
     

---- con146  =E=  

con146..  (0)*x(28) + (0)*x(29) - x(230) + x(231) + (0)*x(304) =E= 0 ; (LHS = 0)
     

---- con147  =E=  

con147..  (0)*x(175) + (0)*x(176) + (0)*x(304) - x(378) + x(379) =E= 0 ; (LHS = 0)
     

---- con148  =E=  

con148..  (0)*x(27) + (0)*x(28) - x(229) + x(230) + (0)*x(304) =E= 0 ; (LHS = 0)
     

---- con149  =E=  

con149..  (0)*x(176) + (0)*x(177) + (0)*x(304) - x(379) + x(380) =E= 0 ; (LHS = 0)
     

---- con150  =E=  

con150..  (0)*x(26) + (0)*x(27) - x(228) + x(229) + (0)*x(304) =E= 0 ; (LHS = 0)
     

---- con151  =E=  

con151..  (0)*x(177) + (0)*x(178) + (0)*x(304) - x(380) + x(381) =E= 0 ; (LHS = 0)
     

---- con152  =E=  

con152..  (0)*x(25) + (0)*x(26) - x(227) + x(228) + (0)*x(304) =E= 0 ; (LHS = 0)
     

---- con153  =E=  

con153..  (0)*x(178) + (0)*x(179) + (0)*x(304) - x(381) + x(382) =E= 0 ; (LHS = 0)
     

---- con154  =E=  

con154..  (0)*x(24) + (0)*x(25) - x(226) + x(227) + (0)*x(304) =E= 0 ; (LHS = 0)
     

---- con155  =E=  

con155..  (0)*x(179) + (0)*x(180) + (0)*x(304) - x(382) + x(383) =E= 0 ; (LHS = 0)
     

---- con156  =E=  

con156..  (0)*x(23) + (0)*x(24) - x(225) + x(226) + (0)*x(304) =E= 0 ; (LHS = 0)
     

---- con157  =E=  

con157..  (0)*x(180) + (0)*x(181) + (0)*x(304) - x(383) + x(384) =E= 0 ; (LHS = 0)
     

---- con158  =E=  

con158..  (0)*x(22) + (0)*x(23) - x(224) + x(225) + (0)*x(304) =E= 0 ; (LHS = 0)
     

---- con159  =E=  

con159..  (0)*x(181) + (0)*x(182) + (0)*x(304) - x(384) + x(385) =E= 0 ; (LHS = 0)
     

---- con160  =E=  

con160..  (0)*x(21) + (0)*x(22) - x(223) + x(224) + (0)*x(304) =E= 0 ; (LHS = 0)
     

---- con161  =E=  

con161..  (0)*x(182) + (0)*x(183) + (0)*x(304) - x(385) + x(386) =E= 0 ; (LHS = 0)
     

---- con162  =E=  

con162..  (0)*x(20) + (0)*x(21) - x(222) + x(223) + (0)*x(304) =E= 0 ; (LHS = 0)
     

---- con163  =E=  

con163..  (0)*x(183) + (0)*x(184) + (0)*x(304) - x(386) + x(387) =E= 0 ; (LHS = 0)
     

---- con164  =E=  

con164..  (0)*x(19) + (0)*x(20) - x(221) + x(222) + (0)*x(304) =E= 0 ; (LHS = 0)
     

---- con165  =E=  

con165..  (0)*x(184) + (0)*x(185) + (0)*x(304) - x(387) + x(388) =E= 0 ; (LHS = 0)
     

---- con166  =E=  

con166..  (0)*x(18) + (0)*x(19) - x(220) + x(221) + (0)*x(304) =E= 0 ; (LHS = 0)
     

---- con167  =E=  

con167..  (0)*x(185) + (0)*x(186) + (0)*x(304) - x(388) + x(389) =E= 0 ; (LHS = 0)
     

---- con168  =E=  

con168..  (0)*x(17) + (0)*x(18) - x(219) + x(220) + (0)*x(304) =E= 0 ; (LHS = 0)
     

---- con169  =E=  

con169..  (0)*x(186) + (0)*x(187) + (0)*x(304) - x(389) + x(390) =E= 0 ; (LHS = 0)
     

---- con170  =E=  

con170..  (0)*x(16) + (0)*x(17) - x(218) + x(219) + (0)*x(304) =E= 0 ; (LHS = 0)
     

---- con171  =E=  

con171..  (0)*x(187) + (0)*x(188) + (0)*x(304) - x(390) + x(391) =E= 0 ; (LHS = 0)
     

---- con172  =E=  

con172..  (0)*x(15) + (0)*x(16) - x(217) + x(218) + (0)*x(304) =E= 0 ; (LHS = 0)
     

---- con173  =E=  

con173..  (0)*x(188) + (0)*x(189) + (0)*x(304) - x(391) + x(392) =E= 0 ; (LHS = 0)
     

---- con174  =E=  

con174..  (0)*x(14) + (0)*x(15) - x(216) + x(217) + (0)*x(304) =E= 0 ; (LHS = 0)
     

---- con175  =E=  

con175..  (0)*x(189) + (0)*x(190) + (0)*x(304) - x(392) + x(393) =E= 0 ; (LHS = 0)
     

---- con176  =E=  

con176..  (0)*x(13) + (0)*x(14) - x(215) + x(216) + (0)*x(304) =E= 0 ; (LHS = 0)
     

---- con177  =E=  

con177..  (0)*x(190) + (0)*x(191) + (0)*x(304) - x(393) + x(394) =E= 0 ; (LHS = 0)
     

---- con178  =E=  

con178..  (0)*x(12) + (0)*x(13) - x(214) + x(215) + (0)*x(304) =E= 0 ; (LHS = 0)
     

---- con179  =E=  

con179..  (0)*x(191) + (0)*x(192) + (0)*x(304) - x(394) + x(395) =E= 0 ; (LHS = 0)
     

---- con180  =E=  

con180..  (0)*x(11) + (0)*x(12) - x(213) + x(214) + (0)*x(304) =E= 0 ; (LHS = 0)
     

---- con181  =E=  

con181..  (0)*x(192) + (0)*x(193) + (0)*x(304) - x(395) + x(396) =E= 0 ; (LHS = 0)
     

---- con182  =E=  

con182..  (0)*x(10) + (0)*x(11) - x(212) + x(213) + (0)*x(304) =E= 0 ; (LHS = 0)
     

---- con183  =E=  

con183..  (0)*x(193) + (0)*x(194) + (0)*x(304) - x(396) + x(397) =E= 0 ; (LHS = 0)
     

---- con184  =E=  

con184..  (0)*x(9) + (0)*x(10) - x(211) + x(212) + (0)*x(304) =E= 0 ; (LHS = 0)
     

---- con185  =E=  

con185..  (0)*x(194) + (0)*x(195) + (0)*x(304) - x(397) + x(398) =E= 0 ; (LHS = 0)
     

---- con186  =E=  

con186..  (0)*x(8) + (0)*x(9) - x(210) + x(211) + (0)*x(304) =E= 0 ; (LHS = 0)
     

---- con187  =E=  

con187..  (0)*x(195) + (0)*x(196) + (0)*x(304) - x(398) + x(399) =E= 0 ; (LHS = 0)
     

---- con188  =E=  

con188..  (0)*x(7) + (0)*x(8) - x(209) + x(210) + (0)*x(304) =E= 0 ; (LHS = 0)
     

---- con189  =E=  

con189..  (0)*x(196) + (0)*x(197) + (0)*x(304) - x(399) + x(400) =E= 0 ; (LHS = 0)
     

---- con190  =E=  

con190..  (0)*x(6) + (0)*x(7) - x(208) + x(209) + (0)*x(304) =E= 0 ; (LHS = 0)
     

---- con191  =E=  

con191..  (0)*x(197) + (0)*x(198) + (0)*x(304) - x(400) + x(401) =E= 0 ; (LHS = 0)
     

---- con192  =E=  

con192..  (0)*x(5) + (0)*x(6) - x(207) + x(208) + (0)*x(304) =E= 0 ; (LHS = 0)
     

---- con193  =E=  

con193..  (0)*x(198) + (0)*x(199) + (0)*x(304) - x(401) + x(402) =E= 0 ; (LHS = 0)
     

---- con194  =E=  

con194..  (0)*x(4) + (0)*x(5) - x(206) + x(207) + (0)*x(304) =E= 0 ; (LHS = 0)
     

---- con195  =E=  

con195..  (0)*x(199) + (0)*x(200) + (0)*x(304) - x(402) + x(403) =E= 0 ; (LHS = 0)
     

---- con196  =E=  

con196..  (0)*x(3) + (0)*x(4) - x(205) + x(206) + (0)*x(304) =E= 0 ; (LHS = 0)
     

---- con197  =E=  

con197..  (0)*x(200) + (0)*x(201) + (0)*x(304) - x(403) + x(404) =E= 0 ; (LHS = 0)
     

---- con198  =E=  

con198..  (0)*x(2) + (0)*x(3) - x(204) + x(205) + (0)*x(304) =E= 0 ; (LHS = 0)
     

---- con199  =E=  

con199..  (0)*x(201) + (0)*x(202) - (22.5)*x(304) - x(404) + x(405) =E= 0 ; (LHS = 0)
     

---- con200  =E=  

con200..  (0)*x(1) + (0)*x(2) - x(203) + x(204) + (0)*x(304) =E= 0 ; (LHS = 0)
     

---- con201  =E=  

con201..  (0)*x(203) + (0)*x(204) + (0)*x(304) - x(406) + x(407) =E= 0 ; (LHS = 0)
     

---- con202  =E=  

con202..  (0)*x(100) + (0)*x(101) - x(201) + x(202) - (100)*x(304) =E= 0 ; (LHS = 45, INFES = 45 ****)
     

---- con203  =E=  

con203..  (0)*x(204) + (0)*x(205) + (0)*x(304) - x(407) + x(408) =E= 0 ; (LHS = 0)
     

---- con204  =E=  

con204..  (0)*x(99) + (0)*x(100) - x(200) + x(201) - (100)*x(304) =E= 0 ; (LHS = 0)
     

---- con205  =E=  

con205..  (0)*x(205) + (0)*x(206) + (0)*x(304) - x(408) + x(409) =E= 0 ; (LHS = 0)
     

---- con206  =E=  

con206..  (0)*x(98) + (0)*x(99) - x(199) + x(200) - (100)*x(304) =E= 0 ; (LHS = 0)
     

---- con207  =E=  

con207..  (0)*x(206) + (0)*x(207) + (0)*x(304) - x(409) + x(410) =E= 0 ; (LHS = 0)
     

---- con208  =E=  

con208..  (0)*x(97) + (0)*x(98) - x(198) + x(199) - (100)*x(304) =E= 0 ; (LHS = 0)
     

---- con209  =E=  

con209..  (0)*x(207) + (0)*x(208) + (0)*x(304) - x(410) + x(411) =E= 0 ; (LHS = 0)
     

---- con210  =E=  

con210..  (0)*x(96) + (0)*x(97) - x(197) + x(198) - (100)*x(304) =E= 0 ; (LHS = 0)
     

---- con211  =E=  

con211..  (0)*x(208) + (0)*x(209) + (0)*x(304) - x(411) + x(412) =E= 0 ; (LHS = 0)
     

---- con212  =E=  

con212..  (0)*x(95) + (0)*x(96) - x(196) + x(197) - (100)*x(304) =E= 0 ; (LHS = 0)
     

---- con213  =E=  

con213..  (0)*x(209) + (0)*x(210) + (0)*x(304) - x(412) + x(413) =E= 0 ; (LHS = 0)
     

---- con214  =E=  

con214..  (0)*x(94) + (0)*x(95) - x(195) + x(196) - (100)*x(304) =E= 0 ; (LHS = 0)
     

---- con215  =E=  

con215..  (0)*x(210) + (0)*x(211) + (0)*x(304) - x(413) + x(414) =E= 0 ; (LHS = 0)
     

---- con216  =E=  

con216..  (0)*x(93) + (0)*x(94) - x(194) + x(195) - (100)*x(304) =E= 0 ; (LHS = 0)
     

---- con217  =E=  

con217..  (0)*x(211) + (0)*x(212) + (0)*x(304) - x(414) + x(415) =E= 0 ; (LHS = 0)
     

---- con218  =E=  

con218..  (0)*x(92) + (0)*x(93) - x(193) + x(194) - (100)*x(304) =E= 0 ; (LHS = 0)
     

---- con219  =E=  

con219..  (0)*x(212) + (0)*x(213) + (0)*x(304) - x(415) + x(416) =E= 0 ; (LHS = 0)
     

---- con220  =E=  

con220..  (0)*x(91) + (0)*x(92) - x(192) + x(193) - (100)*x(304) =E= 0 ; (LHS = 0)
     

---- con221  =E=  

con221..  (0)*x(213) + (0)*x(214) + (0)*x(304) - x(416) + x(417) =E= 0 ; (LHS = 0)
     

---- con222  =E=  

con222..  (0)*x(90) + (0)*x(91) - x(191) + x(192) - (100)*x(304) =E= 0 ; (LHS = 0)
     

---- con223  =E=  

con223..  (0)*x(214) + (0)*x(215) + (0)*x(304) - x(417) + x(418) =E= 0 ; (LHS = 0)
     

---- con224  =E=  

con224..  (0)*x(89) + (0)*x(90) - x(190) + x(191) - (100)*x(304) =E= 0 ; (LHS = 0)
     

---- con225  =E=  

con225..  (0)*x(215) + (0)*x(216) + (0)*x(304) - x(418) + x(419) =E= 0 ; (LHS = 0)
     

---- con226  =E=  

con226..  (0)*x(88) + (0)*x(89) - x(189) + x(190) - (100)*x(304) =E= 0 ; (LHS = 0)
     

---- con227  =E=  

con227..  (0)*x(216) + (0)*x(217) + (0)*x(304) - x(419) + x(420) =E= 0 ; (LHS = 0)
     

---- con228  =E=  

con228..  (0)*x(87) + (0)*x(88) - x(188) + x(189) - (100)*x(304) =E= 0 ; (LHS = 0)
     

---- con229  =E=  

con229..  (0)*x(217) + (0)*x(218) + (0)*x(304) - x(420) + x(421) =E= 0 ; (LHS = 0)
     

---- con230  =E=  

con230..  (0)*x(86) + (0)*x(87) - x(187) + x(188) - (100)*x(304) =E= 0 ; (LHS = 0)
     

---- con231  =E=  

con231..  (0)*x(218) + (0)*x(219) + (0)*x(304) - x(421) + x(422) =E= 0 ; (LHS = 0)
     

---- con232  =E=  

con232..  (0)*x(85) + (0)*x(86) - x(186) + x(187) - (100)*x(304) =E= 0 ; (LHS = 0)
     

---- con233  =E=  

con233..  (0)*x(219) + (0)*x(220) + (0)*x(304) - x(422) + x(423) =E= 0 ; (LHS = 0)
     

---- con234  =E=  

con234..  (0)*x(84) + (0)*x(85) - x(185) + x(186) - (100)*x(304) =E= 0 ; (LHS = 0)
     

---- con235  =E=  

con235..  (0)*x(220) + (0)*x(221) + (0)*x(304) - x(423) + x(424) =E= 0 ; (LHS = 0)
     

---- con236  =E=  

con236..  (0)*x(83) + (0)*x(84) - x(184) + x(185) - (100)*x(304) =E= 0 ; (LHS = 0)
     

---- con237  =E=  

con237..  (0)*x(221) + (0)*x(222) + (0)*x(304) - x(424) + x(425) =E= 0 ; (LHS = 0)
     

---- con238  =E=  

con238..  (0)*x(82) + (0)*x(83) - x(183) + x(184) - (100)*x(304) =E= 0 ; (LHS = 0)
     

---- con239  =E=  

con239..  (0)*x(222) + (0)*x(223) + (0)*x(304) - x(425) + x(426) =E= 0 ; (LHS = 0)
     

---- con240  =E=  

con240..  (0)*x(81) + (0)*x(82) - x(182) + x(183) - (100)*x(304) =E= 0 ; (LHS = 0)
     

---- con241  =E=  

con241..  (0)*x(223) + (0)*x(224) + (0)*x(304) - x(426) + x(427) =E= 0 ; (LHS = 0)
     

---- con242  =E=  

con242..  (0)*x(80) + (0)*x(81) - x(181) + x(182) - (100)*x(304) =E= 0 ; (LHS = 0)
     

---- con243  =E=  

con243..  (0)*x(224) + (0)*x(225) + (0)*x(304) - x(427) + x(428) =E= 0 ; (LHS = 0)
     

---- con244  =E=  

con244..  (0)*x(79) + (0)*x(80) - x(180) + x(181) - (100)*x(304) =E= 0 ; (LHS = 0)
     

---- con245  =E=  

con245..  (0)*x(225) + (0)*x(226) + (0)*x(304) - x(428) + x(429) =E= 0 ; (LHS = 0)
     

---- con246  =E=  

con246..  (0)*x(78) + (0)*x(79) - x(179) + x(180) - (100)*x(304) =E= 0 ; (LHS = 0)
     

---- con247  =E=  

con247..  (0)*x(226) + (0)*x(227) + (0)*x(304) - x(429) + x(430) =E= 0 ; (LHS = 0)
     

---- con248  =E=  

con248..  (0)*x(77) + (0)*x(78) - x(178) + x(179) - (100)*x(304) =E= 0 ; (LHS = 0)
     

---- con249  =E=  

con249..  (0)*x(227) + (0)*x(228) + (0)*x(304) - x(430) + x(431) =E= 0 ; (LHS = 0)
     

---- con250  =E=  

con250..  (0)*x(76) + (0)*x(77) - x(177) + x(178) - (100)*x(304) =E= 0 ; (LHS = 0)
     

---- con251  =E=  

con251..  (0)*x(228) + (0)*x(229) + (0)*x(304) - x(431) + x(432) =E= 0 ; (LHS = 0)
     

---- con252  =E=  

con252..  (0)*x(75) + (0)*x(76) - x(176) + x(177) - (100)*x(304) =E= 0 ; (LHS = 0)
     

---- con253  =E=  

con253..  (0)*x(229) + (0)*x(230) + (0)*x(304) - x(432) + x(433) =E= 0 ; (LHS = 0)
     

---- con254  =E=  

con254..  (0)*x(74) + (0)*x(75) - x(175) + x(176) - (100)*x(304) =E= 0 ; (LHS = 0)
     

---- con255  =E=  

con255..  (0)*x(230) + (0)*x(231) + (0)*x(304) - x(433) + x(434) =E= 0 ; (LHS = 0)
     

---- con256  =E=  

con256..  (0)*x(73) + (0)*x(74) - x(174) + x(175) - (100)*x(304) =E= 0 ; (LHS = 0)
     

---- con257  =E=  

con257..  (0)*x(231) + (0)*x(232) + (0)*x(304) - x(434) + x(435) =E= 0 ; (LHS = 0)
     

---- con258  =E=  

con258..  (0)*x(72) + (0)*x(73) - x(173) + x(174) - (100)*x(304) =E= 0 ; (LHS = 0)
     

---- con259  =E=  

con259..  (0)*x(232) + (0)*x(233) + (0)*x(304) - x(435) + x(436) =E= 0 ; (LHS = 0)
     

---- con260  =E=  

con260..  (0)*x(71) + (0)*x(72) - x(172) + x(173) - (100)*x(304) =E= 0 ; (LHS = 0)
     

---- con261  =E=  

con261..  (0)*x(233) + (0)*x(234) + (0)*x(304) - x(436) + x(437) =E= 0 ; (LHS = 0)
     

---- con262  =E=  

con262..  (0)*x(70) + (0)*x(71) - x(171) + x(172) - (100)*x(304) =E= 0 ; (LHS = 0)
     

---- con263  =E=  

con263..  (0)*x(234) + (0)*x(235) + (0)*x(304) - x(437) + x(438) =E= 0 ; (LHS = 0)
     

---- con264  =E=  

con264..  (0)*x(69) + (0)*x(70) - x(170) + x(171) - (100)*x(304) =E= 0 ; (LHS = 0)
     

---- con265  =E=  

con265..  (0)*x(235) + (0)*x(236) + (0)*x(304) - x(438) + x(439) =E= 0 ; (LHS = 0)
     

---- con266  =E=  

con266..  (0)*x(68) + (0)*x(69) - x(169) + x(170) - (100)*x(304) =E= 0 ; (LHS = 0)
     

---- con267  =E=  

con267..  (0)*x(236) + (0)*x(237) + (0)*x(304) - x(439) + x(440) =E= 0 ; (LHS = 0)
     

---- con268  =E=  

con268..  (0)*x(67) + (0)*x(68) - x(168) + x(169) - (100)*x(304) =E= 0 ; (LHS = 0)
     

---- con269  =E=  

con269..  (0)*x(237) + (0)*x(238) + (0)*x(304) - x(440) + x(441) =E= 0 ; (LHS = 0)
     

---- con270  =E=  

con270..  (0)*x(66) + (0)*x(67) - x(167) + x(168) - (100)*x(304) =E= 0 ; (LHS = 0)
     

---- con271  =E=  

con271..  (0)*x(238) + (0)*x(239) + (0)*x(304) - x(441) + x(442) =E= 0 ; (LHS = 0)
     

---- con272  =E=  

con272..  (0)*x(65) + (0)*x(66) - x(166) + x(167) - (100)*x(304) =E= 0 ; (LHS = 0)
     

---- con273  =E=  

con273..  (0)*x(239) + (0)*x(240) + (0)*x(304) - x(442) + x(443) =E= 0 ; (LHS = 0)
     

---- con274  =E=  

con274..  (0)*x(64) + (0)*x(65) - x(165) + x(166) - (100)*x(304) =E= 0 ; (LHS = 0)
     

---- con275  =E=  

con275..  (0)*x(240) + (0)*x(241) + (0)*x(304) - x(443) + x(444) =E= 0 ; (LHS = 0)
     

---- con276  =E=  

con276..  (0)*x(63) + (0)*x(64) - x(164) + x(165) - (100)*x(304) =E= 0 ; (LHS = 0)
     

---- con277  =E=  

con277..  (0)*x(241) + (0)*x(242) + (0)*x(304) - x(444) + x(445) =E= 0 ; (LHS = 0)
     

---- con278  =E=  

con278..  (0)*x(62) + (0)*x(63) - x(163) + x(164) - (100)*x(304) =E= 0 ; (LHS = 0)
     

---- con279  =E=  

con279..  (0)*x(242) + (0)*x(243) + (0)*x(304) - x(445) + x(446) =E= 0 ; (LHS = 0)
     

---- con280  =E=  

con280..  (0)*x(61) + (0)*x(62) - x(162) + x(163) - (100)*x(304) =E= 0 ; (LHS = 0)
     

---- con281  =E=  

con281..  (0)*x(243) + (0)*x(244) + (0)*x(304) - x(446) + x(447) =E= 0 ; (LHS = 0)
     

---- con282  =E=  

con282..  (0)*x(60) + (0)*x(61) - x(161) + x(162) - (100)*x(304) =E= 0 ; (LHS = 0)
     

---- con283  =E=  

con283..  (0)*x(244) + (0)*x(245) + (0)*x(304) - x(447) + x(448) =E= 0 ; (LHS = 0)
     

---- con284  =E=  

con284..  (0)*x(59) + (0)*x(60) - x(160) + x(161) - (100)*x(304) =E= 0 ; (LHS = 0)
     

---- con285  =E=  

con285..  (0)*x(245) + (0)*x(246) + (0)*x(304) - x(448) + x(449) =E= 0 ; (LHS = 0)
     

---- con286  =E=  

con286..  (0)*x(58) + (0)*x(59) - x(159) + x(160) - (100)*x(304) =E= 0 ; (LHS = 0)
     

---- con287  =E=  

con287..  (0)*x(246) + (0)*x(247) + (0)*x(304) - x(449) + x(450) =E= 0 ; (LHS = 0)
     

---- con288  =E=  

con288..  (0)*x(57) + (0)*x(58) - x(158) + x(159) - (100)*x(304) =E= 0 ; (LHS = 0)
     

---- con289  =E=  

con289..  (0)*x(247) + (0)*x(248) + (0)*x(304) - x(450) + x(451) =E= 0 ; (LHS = 0)
     

---- con290  =E=  

con290..  (0)*x(56) + (0)*x(57) - x(157) + x(158) - (100)*x(304) =E= 0 ; (LHS = 0)
     

---- con291  =E=  

con291..  (0)*x(248) + (0)*x(249) + (0)*x(304) - x(451) + x(452) =E= 0 ; (LHS = 0)
     

---- con292  =E=  

con292..  (0)*x(55) + (0)*x(56) - x(156) + x(157) - (100)*x(304) =E= 0 ; (LHS = 0)
     

---- con293  =E=  

con293..  (0)*x(249) + (0)*x(250) + (0)*x(304) - x(452) + x(453) =E= 0 ; (LHS = 0)
     

---- con294  =E=  

con294..  (0)*x(54) + (0)*x(55) - x(155) + x(156) - (100)*x(304) =E= 0 ; (LHS = 0)
     

---- con295  =E=  

con295..  (0)*x(250) + (0)*x(251) + (0)*x(304) - x(453) + x(454) =E= 0 ; (LHS = 0)
     

---- con296  =E=  

con296..  (0)*x(53) + (0)*x(54) - x(154) + x(155) - (100)*x(304) =E= 0 ; (LHS = 0)
     

---- con297  =E=  

con297..  (0)*x(251) + (0)*x(252) + (0)*x(304) - x(454) + x(455) =E= 0 ; (LHS = 0)
     

---- con298  =E=  

con298..  (0)*x(52) + (0)*x(53) - x(153) + x(154) - (100)*x(304) =E= 0 ; (LHS = 0)
     

---- con299  =E=  

con299..  (0)*x(252) + (0)*x(253) + (0)*x(304) - x(455) + x(456) =E= 0 ; (LHS = 0)
     

---- con300  =E=  

con300..  (0)*x(51) + (0)*x(52) - x(152) + x(153) - (100)*x(304) =E= 0 ; (LHS = 0)
     

---- con301  =E=  

con301..  (0)*x(253) + (0)*x(254) + (0)*x(304) - x(456) + x(457) =E= 0 ; (LHS = 0)
     

---- con302  =E=  

con302..  (0)*x(50) + (0)*x(51) - x(151) + x(152) - (100)*x(304) =E= 0 ; (LHS = 0)
     

---- con303  =E=  

con303..  (0)*x(254) + (0)*x(255) + (0)*x(304) - x(457) + x(458) =E= 0 ; (LHS = 0)
     

---- con304  =E=  

con304..  (0)*x(49) + (0)*x(50) - x(150) + x(151) - (100)*x(304) =E= 0 ; (LHS = 0)
     

---- con305  =E=  

con305..  (0)*x(255) + (0)*x(256) + (0)*x(304) - x(458) + x(459) =E= 0 ; (LHS = 0)
     

---- con306  =E=  

con306..  (0)*x(48) + (0)*x(49) - x(149) + x(150) - (100)*x(304) =E= 0 ; (LHS = 0)
     

---- con307  =E=  

con307..  (0)*x(256) + (0)*x(257) + (0)*x(304) - x(459) + x(460) =E= 0 ; (LHS = 0)
     

---- con308  =E=  

con308..  (0)*x(47) + (0)*x(48) - x(148) + x(149) - (100)*x(304) =E= 0 ; (LHS = 0)
     

---- con309  =E=  

con309..  (0)*x(257) + (0)*x(258) + (0)*x(304) - x(460) + x(461) =E= 0 ; (LHS = 0)
     

---- con310  =E=  

con310..  (0)*x(46) + (0)*x(47) - x(147) + x(148) - (100)*x(304) =E= 0 ; (LHS = 0)
     

---- con311  =E=  

con311..  (0)*x(258) + (0)*x(259) + (0)*x(304) - x(461) + x(462) =E= 0 ; (LHS = 0)
     

---- con312  =E=  

con312..  (0)*x(45) + (0)*x(46) - x(146) + x(147) - (100)*x(304) =E= 0 ; (LHS = 0)
     

---- con313  =E=  

con313..  (0)*x(259) + (0)*x(260) + (0)*x(304) - x(462) + x(463) =E= 0 ; (LHS = 0)
     

---- con314  =E=  

con314..  (0)*x(44) + (0)*x(45) - x(145) + x(146) - (100)*x(304) =E= 0 ; (LHS = 0)
     

---- con315  =E=  

con315..  (0)*x(260) + (0)*x(261) + (0)*x(304) - x(463) + x(464) =E= 0 ; (LHS = 0)
     

---- con316  =E=  

con316..  (0)*x(43) + (0)*x(44) - x(144) + x(145) - (100)*x(304) =E= 0 ; (LHS = 0)
     

---- con317  =E=  

con317..  (0)*x(261) + (0)*x(262) + (0)*x(304) - x(464) + x(465) =E= 0 ; (LHS = 0)
     

---- con318  =E=  

con318..  (0)*x(42) + (0)*x(43) - x(143) + x(144) - (100)*x(304) =E= 0 ; (LHS = 0)
     

---- con319  =E=  

con319..  (0)*x(262) + (0)*x(263) + (0)*x(304) - x(465) + x(466) =E= 0 ; (LHS = 0)
     

---- con320  =E=  

con320..  (0)*x(41) + (0)*x(42) - x(142) + x(143) - (100)*x(304) =E= 0 ; (LHS = 0)
     

---- con321  =E=  

con321..  (0)*x(263) + (0)*x(264) + (0)*x(304) - x(466) + x(467) =E= 0 ; (LHS = 0)
     

---- con322  =E=  

con322..  (0)*x(40) + (0)*x(41) - x(141) + x(142) - (100)*x(304) =E= 0 ; (LHS = 0)
     

---- con323  =E=  

con323..  (0)*x(264) + (0)*x(265) + (0)*x(304) - x(467) + x(468) =E= 0 ; (LHS = 0)
     

---- con324  =E=  

con324..  (0)*x(39) + (0)*x(40) - x(140) + x(141) - (100)*x(304) =E= 0 ; (LHS = 0)
     

---- con325  =E=  

con325..  (0)*x(265) + (0)*x(266) + (0)*x(304) - x(468) + x(469) =E= 0 ; (LHS = 0)
     

---- con326  =E=  

con326..  (0)*x(38) + (0)*x(39) - x(139) + x(140) - (100)*x(304) =E= 0 ; (LHS = 0)
     

---- con327  =E=  

con327..  (0)*x(266) + (0)*x(267) + (0)*x(304) - x(469) + x(470) =E= 0 ; (LHS = 0)
     

---- con328  =E=  

con328..  (0)*x(37) + (0)*x(38) - x(138) + x(139) - (100)*x(304) =E= 0 ; (LHS = 0)
     

---- con329  =E=  

con329..  (0)*x(267) + (0)*x(268) + (0)*x(304) - x(470) + x(471) =E= 0 ; (LHS = 0)
     

---- con330  =E=  

con330..  (0)*x(36) + (0)*x(37) - x(137) + x(138) - (100)*x(304) =E= 0 ; (LHS = 0)
     

---- con331  =E=  

con331..  (0)*x(268) + (0)*x(269) + (0)*x(304) - x(471) + x(472) =E= 0 ; (LHS = 0)
     

---- con332  =E=  

con332..  (0)*x(35) + (0)*x(36) - x(136) + x(137) - (100)*x(304) =E= 0 ; (LHS = 0)
     

---- con333  =E=  

con333..  (0)*x(269) + (0)*x(270) + (0)*x(304) - x(472) + x(473) =E= 0 ; (LHS = 0)
     

---- con334  =E=  

con334..  (0)*x(34) + (0)*x(35) - x(135) + x(136) - (100)*x(304) =E= 0 ; (LHS = 0)
     

---- con335  =E=  

con335..  (0)*x(270) + (0)*x(271) + (0)*x(304) - x(473) + x(474) =E= 0 ; (LHS = 0)
     

---- con336  =E=  

con336..  (0)*x(33) + (0)*x(34) - x(134) + x(135) - (100)*x(304) =E= 0 ; (LHS = 0)
     

---- con337  =E=  

con337..  (0)*x(271) + (0)*x(272) + (0)*x(304) - x(474) + x(475) =E= 0 ; (LHS = 0)
     

---- con338  =E=  

con338..  (0)*x(32) + (0)*x(33) - x(133) + x(134) - (100)*x(304) =E= 0 ; (LHS = 0)
     

---- con339  =E=  

con339..  (0)*x(272) + (0)*x(273) + (0)*x(304) - x(475) + x(476) =E= 0 ; (LHS = 0)
     

---- con340  =E=  

con340..  (0)*x(31) + (0)*x(32) - x(132) + x(133) - (100)*x(304) =E= 0 ; (LHS = 0)
     

---- con341  =E=  

con341..  (0)*x(273) + (0)*x(274) + (0)*x(304) - x(476) + x(477) =E= 0 ; (LHS = 0)
     

---- con342  =E=  

con342..  (0)*x(30) + (0)*x(31) - x(131) + x(132) - (100)*x(304) =E= 0 ; (LHS = 0)
     

---- con343  =E=  

con343..  (0)*x(274) + (0)*x(275) + (0)*x(304) - x(477) + x(478) =E= 0 ; (LHS = 0)
     

---- con344  =E=  

con344..  (0)*x(29) + (0)*x(30) - x(130) + x(131) - (100)*x(304) =E= 0 ; (LHS = 0)
     

---- con345  =E=  

con345..  (0)*x(275) + (0)*x(276) + (0)*x(304) - x(478) + x(479) =E= 0 ; (LHS = 0)
     

---- con346  =E=  

con346..  (0)*x(28) + (0)*x(29) - x(129) + x(130) - (100)*x(304) =E= 0 ; (LHS = 0)
     

---- con347  =E=  

con347..  (0)*x(276) + (0)*x(277) + (0)*x(304) - x(479) + x(480) =E= 0 ; (LHS = 0)
     

---- con348  =E=  

con348..  (0)*x(27) + (0)*x(28) - x(128) + x(129) - (100)*x(304) =E= 0 ; (LHS = 0)
     

---- con349  =E=  

con349..  (0)*x(277) + (0)*x(278) + (0)*x(304) - x(480) + x(481) =E= 0 ; (LHS = 0)
     

---- con350  =E=  

con350..  (0)*x(26) + (0)*x(27) - x(127) + x(128) - (100)*x(304) =E= 0 ; (LHS = 0)
     

---- con351  =E=  

con351..  (0)*x(278) + (0)*x(279) + (0)*x(304) - x(481) + x(482) =E= 0 ; (LHS = 0)
     

---- con352  =E=  

con352..  (0)*x(25) + (0)*x(26) - x(126) + x(127) - (100)*x(304) =E= 0 ; (LHS = 0)
     

---- con353  =E=  

con353..  (0)*x(279) + (0)*x(280) + (0)*x(304) - x(482) + x(483) =E= 0 ; (LHS = 0)
     

---- con354  =E=  

con354..  (0)*x(24) + (0)*x(25) - x(125) + x(126) - (100)*x(304) =E= 0 ; (LHS = 0)
     

---- con355  =E=  

con355..  (0)*x(280) + (0)*x(281) + (0)*x(304) - x(483) + x(484) =E= 0 ; (LHS = 0)
     

---- con356  =E=  

con356..  (0)*x(23) + (0)*x(24) - x(124) + x(125) - (100)*x(304) =E= 0 ; (LHS = 0)
     

---- con357  =E=  

con357..  (0)*x(281) + (0)*x(282) + (0)*x(304) - x(484) + x(485) =E= 0 ; (LHS = 0)
     

---- con358  =E=  

con358..  (0)*x(22) + (0)*x(23) - x(123) + x(124) - (100)*x(304) =E= 0 ; (LHS = 0)
     

---- con359  =E=  

con359..  (0)*x(282) + (0)*x(283) + (0)*x(304) - x(485) + x(486) =E= 0 ; (LHS = 0)
     

---- con360  =E=  

con360..  (0)*x(21) + (0)*x(22) - x(122) + x(123) - (100)*x(304) =E= 0 ; (LHS = 0)
     

---- con361  =E=  

con361..  (0)*x(283) + (0)*x(284) + (0)*x(304) - x(486) + x(487) =E= 0 ; (LHS = 0)
     

---- con362  =E=  

con362..  (0)*x(20) + (0)*x(21) - x(121) + x(122) - (100)*x(304) =E= 0 ; (LHS = 0)
     

---- con363  =E=  

con363..  (0)*x(284) + (0)*x(285) + (0)*x(304) - x(487) + x(488) =E= 0 ; (LHS = 0)
     

---- con364  =E=  

con364..  (0)*x(19) + (0)*x(20) - x(120) + x(121) - (100)*x(304) =E= 0 ; (LHS = 0)
     

---- con365  =E=  

con365..  (0)*x(285) + (0)*x(286) + (0)*x(304) - x(488) + x(489) =E= 0 ; (LHS = 0)
     

---- con366  =E=  

con366..  (0)*x(18) + (0)*x(19) - x(119) + x(120) - (100)*x(304) =E= 0 ; (LHS = 0)
     

---- con367  =E=  

con367..  (0)*x(286) + (0)*x(287) + (0)*x(304) - x(489) + x(490) =E= 0 ; (LHS = 0)
     

---- con368  =E=  

con368..  (0)*x(17) + (0)*x(18) - x(118) + x(119) - (100)*x(304) =E= 0 ; (LHS = 0)
     

---- con369  =E=  

con369..  (0)*x(287) + (0)*x(288) + (0)*x(304) - x(490) + x(491) =E= 0 ; (LHS = 0)
     

---- con370  =E=  

con370..  (0)*x(16) + (0)*x(17) - x(117) + x(118) - (100)*x(304) =E= 0 ; (LHS = 0)
     

---- con371  =E=  

con371..  (0)*x(288) + (0)*x(289) + (0)*x(304) - x(491) + x(492) =E= 0 ; (LHS = 0)
     

---- con372  =E=  

con372..  (0)*x(15) + (0)*x(16) - x(116) + x(117) - (100)*x(304) =E= 0 ; (LHS = 0)
     

---- con373  =E=  

con373..  (0)*x(289) + (0)*x(290) + (0)*x(304) - x(492) + x(493) =E= 0 ; (LHS = 0)
     

---- con374  =E=  

con374..  (0)*x(14) + (0)*x(15) - x(115) + x(116) - (100)*x(304) =E= 0 ; (LHS = 0)
     

---- con375  =E=  

con375..  (0)*x(290) + (0)*x(291) + (0)*x(304) - x(493) + x(494) =E= 0 ; (LHS = 0)
     

---- con376  =E=  

con376..  (0)*x(13) + (0)*x(14) - x(114) + x(115) - (100)*x(304) =E= 0 ; (LHS = 0)
     

---- con377  =E=  

con377..  (0)*x(291) + (0)*x(292) + (0)*x(304) - x(494) + x(495) =E= 0 ; (LHS = 0)
     

---- con378  =E=  

con378..  (0)*x(12) + (0)*x(13) - x(113) + x(114) - (100)*x(304) =E= 0 ; (LHS = 0)
     

---- con379  =E=  

con379..  (0)*x(292) + (0)*x(293) + (0)*x(304) - x(495) + x(496) =E= 0 ; (LHS = 0)
     

---- con380  =E=  

con380..  (0)*x(11) + (0)*x(12) - x(112) + x(113) - (100)*x(304) =E= 0 ; (LHS = 0)
     

---- con381  =E=  

con381..  (0)*x(293) + (0)*x(294) + (0)*x(304) - x(496) + x(497) =E= 0 ; (LHS = 0)
     

---- con382  =E=  

con382..  (0)*x(10) + (0)*x(11) - x(111) + x(112) - (100)*x(304) =E= 0 ; (LHS = 0)
     

---- con383  =E=  

con383..  (0)*x(294) + (0)*x(295) + (0)*x(304) - x(497) + x(498) =E= 0 ; (LHS = 0)
     

---- con384  =E=  

con384..  (0)*x(9) + (0)*x(10) - x(110) + x(111) - (100)*x(304) =E= 0 ; (LHS = 0)
     

---- con385  =E=  

con385..  (0)*x(295) + (0)*x(296) + (0)*x(304) - x(498) + x(499) =E= 0 ; (LHS = 0)
     

---- con386  =E=  

con386..  (0)*x(8) + (0)*x(9) - x(109) + x(110) - (100)*x(304) =E= 0 ; (LHS = 0)
     

---- con387  =E=  

con387..  (0)*x(296) + (0)*x(297) + (0)*x(304) - x(499) + x(500) =E= 0 ; (LHS = 0)
     

---- con388  =E=  

con388..  (0)*x(7) + (0)*x(8) - x(108) + x(109) - (100)*x(304) =E= 0 ; (LHS = 0)
     

---- con389  =E=  

con389..  (0)*x(297) + (0)*x(298) + (0)*x(304) - x(500) + x(501) =E= 0 ; (LHS = 0)
     

---- con390  =E=  

con390..  (0)*x(6) + (0)*x(7) - x(107) + x(108) - (100)*x(304) =E= 0 ; (LHS = 0)
     

---- con391  =E=  

con391..  (0)*x(298) + (0)*x(299) + (0)*x(304) - x(501) + x(502) =E= 0 ; (LHS = 0)
     

---- con392  =E=  

con392..  (0)*x(5) + (0)*x(6) - x(106) + x(107) - (100)*x(304) =E= 0 ; (LHS = 0)
     

---- con393  =E=  

con393..  (0)*x(299) + (0)*x(300) + (0)*x(304) - x(502) + x(503) =E= 0 ; (LHS = 0)
     

---- con394  =E=  

con394..  (0)*x(4) + (0)*x(5) - x(105) + x(106) - (100)*x(304) =E= 0 ; (LHS = 0)
     

---- con395  =E=  

con395..  (0)*x(300) + (0)*x(301) + (0)*x(304) - x(503) + x(504) =E= 0 ; (LHS = 0)
     

---- con396  =E=  

con396..  (0)*x(3) + (0)*x(4) - x(104) + x(105) - (100)*x(304) =E= 0 ; (LHS = 0)
     

---- con397  =E=  

con397..  (0)*x(301) + (0)*x(302) + (0)*x(304) - x(504) + x(505) =E= 0 ; (LHS = 0)
     

---- con398  =E=  

con398..  (0)*x(2) + (0)*x(3) - x(103) + x(104) - (100)*x(304) =E= 0 ; (LHS = 0)
     

---- con399  =E=  

con399..  (0)*x(302) + (0)*x(303) + (0)*x(304) - x(505) + x(506) =E= 0 ; (LHS = 5, INFES = 5 ****)
     

---- con400  =E=  

con400..  (0)*x(1) + (0)*x(2) - x(102) + x(103) - (100)*x(304) =E= 0 ; (LHS = 0)
     
GAMS 53.5.1  f2e5fac3 May 20, 2026          WEX-WEI x86 64bit/MS Windows - 06/14/26 21:50:16 Page 3
G e n e r a l   A l g e b r a i c   M o d e l i n g   S y s t e m
Column Listing      SOLVE m Using NLP From line 2233


---- x  

x(1)
                (.LO, .L, .UP, .M = -1.5707963267949, 0, 1.5707963267949, 0)
       (0)      con200
       (0)      con400

x(2)
                (.LO, .L, .UP, .M = -1.5707963267949, 0, 1.5707963267949, 0)
       (0)      con198
       (0)      con200
       (0)      con398
       (0)      con400

x(3)
                (.LO, .L, .UP, .M = -1.5707963267949, 0, 1.5707963267949, 0)
       (0)      con196
       (0)      con198
       (0)      con396
       (0)      con398

REMAINING 503 ENTRIES SKIPPED

---- obj  

obj
                (.LO, .L, .UP, .M = -INF, 0, +INF, 0)
        1       objcon

GAMS 53.5.1  f2e5fac3 May 20, 2026          WEX-WEI x86 64bit/MS Windows - 06/14/26 21:50:16 Page 4
G e n e r a l   A l g e b r a i c   M o d e l i n g   S y s t e m
Range Statistics    SOLVE m Using NLP From line 2233


RANGE STATISTICS (ABSOLUTE NON-ZERO FINITE VALUES)

RHS       [min, max] : [        NA,        NA] - Zero values observed as well
Bound     [min, max] : [ 1.571E+00, 4.500E+01] - Zero values observed as well
Matrix    [min, max] : [ 1.000E+00, 1.000E+02] - Zero values observed as well

GAMS 53.5.1  f2e5fac3 May 20, 2026          WEX-WEI x86 64bit/MS Windows - 06/14/26 21:50:16 Page 5
G e n e r a l   A l g e b r a i c   M o d e l i n g   S y s t e m
Model Statistics    SOLVE m Using NLP From line 2233


MODEL STATISTICS

BLOCKS OF EQUATIONS         401     SINGLE EQUATIONS          401
BLOCKS OF VARIABLES           2     SINGLE VARIABLES          507  2 projected
NON ZERO ELEMENTS         2,002     NON LINEAR N-Z          1,200
CODE LENGTH               3,601     CONSTANT POOL              18


GENERATION TIME      =        0.015 SECONDS      4 MB  53.5.1 f2e5fac3 WEX-WEI
GAMS 53.5.1  f2e5fac3 May 20, 2026          WEX-WEI x86 64bit/MS Windows - 06/14/26 21:50:16 Page 6
G e n e r a l   A l g e b r a i c   M o d e l i n g   S y s t e m
Solution Report     SOLVE m Using NLP From line 2233


               S O L V E      S U M M A R Y

     MODEL   m                   OBJECTIVE  obj
     TYPE    NLP                 DIRECTION  MINIMIZE
     SOLVER  CONVERT             FROM LINE  2233

**** SOLVER STATUS     1 Normal Completion
**** MODEL STATUS      14 No Solution Returned
**** OBJECTIVE VALUE                0.0000

 RESOURCE USAGE, LIMIT          0.000 10000000000.000
 ITERATION COUNT, LIMIT         0    2147483647
 EVALUATION ERRORS              0             0

*** Error Cannot open parameter file "C:\Users\edmil\Desktop\benchmark_nlp\convert.opt"
*** Error Error code = 2; No such file or directory

--- Writing Dict      : dict.txt
--- Writing Gams      : gams.gms


No solution returned
GAMS 53.5.1  f2e5fac3 May 20, 2026          WEX-WEI x86 64bit/MS Windows - 06/14/26 21:50:16 Page 7
G e n e r a l   A l g e b r a i c   M o d e l i n g   S y s t e m
E x e c u t i o n


----   2234 VARIABLE x.L  

                      ( ALL       0.000 )


----   2234 VARIABLE obj.L                 =        0.000  


EXECUTION TIME       =        0.078 SECONDS      4 MB  53.5.1 f2e5fac3 WEX-WEI


USER: GAMS Demo, for EULA and demo limitations see   G260130+0003Cc-GEN
      https://www.gams.com/latest/docs/UG%5FLicense.html         DC0000


**** FILE SUMMARY

Input      C:\Users\edmil\Desktop\benchmark_nlp\coconut_gams\lnts100.gms
Output     C:\Users\edmil\Desktop\benchmark_nlp\logs\gams\lnts100.lst
