GAMS 53.5.1  f2e5fac3 May 20, 2026          WEX-WEI x86 64bit/MS Windows - 06/14/26 21:50:18 Page 1
G e n e r a l   A l g e b r a i c   M o d e l i n g   S y s t e m
C o m p i l a t i o n


   1  * GAMS-model polygon100.gms written by DAG-GAMS Converter at 17/06/2003 0:35:35
   2  * University of Vienna
   4   Set i/1*5049/;
   5   Set j/1*200/;
   6   Equations objcon
   7  con1
   8  con2
   9  con3
  10  con4
  11  con5
  12  con6
  13  con7
  14  con8
  15  con9
  16  con10
  17  con11
  18  con12
  19  con13
  20  con14
  21  con15
  22  con16
  23  con17
  24  con18
  25  con19
  26  con20
  27  con21
  28  con22
  29  con23
  30  con24
  31  con25
  32  con26
  33  con27
  34  con28
  35  con29
  36  con30
  37  con31
  38  con32
  39  con33
  40  con34
  41  con35
  42  con36
  43  con37
  44  con38
  45  con39
  46  con40
  47  con41
  48  con42
  49  con43
  50  con44
  51  con45
  52  con46
  53  con47
  54  con48
  55  con49
  56  con50
  57  con51
  58  con52
  59  con53
  60  con54
  61  con55
  62  con56
  63  con57
  64  con58
  65  con59
  66  con60
  67  con61
  68  con62
  69  con63
  70  con64
  71  con65
  72  con66
  73  con67
  74  con68
  75  con69
  76  con70
  77  con71
  78  con72
  79  con73
  80  con74
  81  con75
  82  con76
  83  con77
  84  con78
  85  con79
  86  con80
  87  con81
  88  con82
  89  con83
  90  con84
  91  con85
  92  con86
  93  con87
  94  con88
  95  con89
  96  con90
  97  con91
  98  con92
  99  con93
 100  con94
 101  con95
 102  con96
 103  con97
 104  con98
 105  con99
 106  con100
 107  con101
 108  con102
 109  con103
 110  con104
 111  con105
 112  con106
 113  con107
 114  con108
 115  con109
 116  con110
 117  con111
 118  con112
 119  con113
 120  con114
 121  con115
 122  con116
 123  con117
 124  con118
 125  con119
 126  con120
 127  con121
 128  con122
 129  con123
 130  con124
 131  con125
 132  con126
 133  con127
 134  con128
 135  con129
 136  con130
 137  con131
 138  con132
 139  con133
 140  con134
 141  con135
 142  con136
 143  con137
 144  con138
 145  con139
 146  con140
 147  con141
 148  con142
 149  con143
 150  con144
 151  con145
 152  con146
 153  con147
 154  con148
 155  con149
 156  con150
 157  con151
 158  con152
 159  con153
 160  con154
 161  con155
 162  con156
 163  con157
 164  con158
 165  con159
 166  con160
 167  con161
 168  con162
 169  con163
 170  con164
 171  con165
 172  con166
 173  con167
 174  con168
 175  con169
 176  con170
 177  con171
 178  con172
 179  con173
 180  con174
 181  con175
 182  con176
 183  con177
 184  con178
 185  con179
 186  con180
 187  con181
 188  con182
 189  con183
 190  con184
 191  con185
 192  con186
 193  con187
 194  con188
 195  con189
 196  con190
 197  con191
 198  con192
 199  con193
 200  con194
 201  con195
 202  con196
 203  con197
 204  con198
 205  con199
 206  con200
 207  con201
 208  con202
 209  con203
 210  con204
 211  con205
 212  con206
 213  con207
 214  con208
 215  con209
 216  con210
 217  con211
 218  con212
 219  con213
 220  con214
 221  con215
 222  con216
 223  con217
 224  con218
 225  con219
 226  con220
 227  con221
 228  con222
 229  con223
 230  con224
 231  con225
 232  con226
 233  con227
 234  con228
 235  con229
 236  con230
 237  con231
 238  con232
 239  con233
 240  con234
 241  con235
 242  con236
 243  con237
 244  con238
 245  con239
 246  con240
 247  con241
 248  con242
 249  con243
 250  con244
 251  con245
 252  con246
 253  con247
 254  con248
 255  con249
 256  con250
 257  con251
 258  con252
 259  con253
 260  con254
 261  con255
 262  con256
 263  con257
 264  con258
 265  con259
 266  con260
 267  con261
 268  con262
 269  con263
 270  con264
 271  con265
 272  con266
 273  con267
 274  con268
 275  con269
 276  con270
 277  con271
 278  con272
 279  con273
 280  con274
 281  con275
 282  con276
 283  con277
 284  con278
 285  con279
 286  con280
 287  con281
 288  con282
 289  con283
 290  con284
 291  con285
 292  con286
 293  con287
 294  con288
 295  con289
 296  con290
 297  con291
 298  con292
 299  con293
 300  con294
 301  con295
 302  con296
 303  con297
 304  con298
 305  con299
 306  con300
 307  con301
 308  con302
 309  con303
 310  con304
 311  con305
 312  con306
 313  con307
 314  con308
 315  con309
 316  con310
 317  con311
 318  con312
 319  con313
 320  con314
 321  con315
 322  con316
 323  con317
 324  con318
 325  con319
 326  con320
 327  con321
 328  con322
 329  con323
 330  con324
 331  con325
 332  con326
 333  con327
 334  con328
 335  con329
 336  con330
 337  con331
 338  con332
 339  con333
 340  con334
 341  con335
 342  con336
 343  con337
 344  con338
 345  con339
 346  con340
 347  con341
 348  con342
 349  con343
 350  con344
 351  con345
 352  con346
 353  con347
 354  con348
 355  con349
 356  con350
 357  con351
 358  con352
 359  con353
 360  con354
 361  con355
 362  con356
 363  con357
 364  con358
 365  con359
 366  con360
 367  con361
 368  con362
 369  con363
 370  con364
 371  con365
 372  con366
 373  con367
 374  con368
 375  con369
 376  con370
 377  con371
 378  con372
 379  con373
 380  con374
 381  con375
 382  con376
 383  con377
 384  con378
 385  con379
 386  con380
 387  con381
 388  con382
 389  con383
 390  con384
 391  con385
 392  con386
 393  con387
 394  con388
 395  con389
 396  con390
 397  con391
 398  con392
 399  con393
 400  con394
 401  con395
 402  con396
 403  con397
 404  con398
 405  con399
 406  con400
 407  con401
 408  con402
 409  con403
 410  con404
 411  con405
 412  con406
 413  con407
 414  con408
 415  con409
 416  con410
 417  con411
 418  con412
 419  con413
 420  con414
 421  con415
 422  con416
 423  con417
 424  con418
 425  con419
 426  con420
 427  con421
 428  con422
 429  con423
 430  con424
 431  con425
 432  con426
 433  con427
 434  con428
 435  con429
 436  con430
 437  con431
 438  con432
 439  con433
 440  con434
 441  con435
 442  con436
 443  con437
 444  con438
 445  con439
 446  con440
 447  con441
 448  con442
 449  con443
 450  con444
 451  con445
 452  con446
 453  con447
 454  con448
 455  con449
 456  con450
 457  con451
 458  con452
 459  con453
 460  con454
 461  con455
 462  con456
 463  con457
 464  con458
 465  con459
 466  con460
 467  con461
 468  con462
 469  con463
 470  con464
 471  con465
 472  con466
 473  con467
 474  con468
 475  con469
 476  con470
 477  con471
 478  con472
 479  con473
 480  con474
 481  con475
 482  con476
 483  con477
 484  con478
 485  con479
 486  con480
 487  con481
 488  con482
 489  con483
 490  con484
 491  con485
 492  con486
 493  con487
 494  con488
 495  con489
 496  con490
 497  con491
 498  con492
 499  con493
 500  con494
 501  con495
 502  con496
 503  con497
 504  con498
 505  con499
 506  con500
 507  con501
 508  con502
 509  con503
 510  con504
 511  con505
 512  con506
 513  con507
 514  con508
 515  con509
 516  con510
 517  con511
 518  con512
 519  con513
 520  con514
 521  con515
 522  con516
 523  con517
 524  con518
 525  con519
 526  con520
 527  con521
 528  con522
 529  con523
 530  con524
 531  con525
 532  con526
 533  con527
 534  con528
 535  con529
 536  con530
 537  con531
 538  con532
 539  con533
 540  con534
 541  con535
 542  con536
 543  con537
 544  con538
 545  con539
 546  con540
 547  con541
 548  con542
 549  con543
 550  con544
 551  con545
 552  con546
 553  con547
 554  con548
 555  con549
 556  con550
 557  con551
 558  con552
 559  con553
 560  con554
 561  con555
 562  con556
 563  con557
 564  con558
 565  con559
 566  con560
 567  con561
 568  con562
 569  con563
 570  con564
 571  con565
 572  con566
 573  con567
 574  con568
 575  con569
 576  con570
 577  con571
 578  con572
 579  con573
 580  con574
 581  con575
 582  con576
 583  con577
 584  con578
 585  con579
 586  con580
 587  con581
 588  con582
 589  con583
 590  con584
 591  con585
 592  con586
 593  con587
 594  con588
 595  con589
 596  con590
 597  con591
 598  con592
 599  con593
 600  con594
 601  con595
 602  con596
 603  con597
 604  con598
 605  con599
 606  con600
 607  con601
 608  con602
 609  con603
 610  con604
 611  con605
 612  con606
 613  con607
 614  con608
 615  con609
 616  con610
 617  con611
 618  con612
 619  con613
 620  con614
 621  con615
 622  con616
 623  con617
 624  con618
 625  con619
 626  con620
 627  con621
 628  con622
 629  con623
 630  con624
 631  con625
 632  con626
 633  con627
 634  con628
 635  con629
 636  con630
 637  con631
 638  con632
 639  con633
 640  con634
 641  con635
 642  con636
 643  con637
 644  con638
 645  con639
 646  con640
 647  con641
 648  con642
 649  con643
 650  con644
 651  con645
 652  con646
 653  con647
 654  con648
 655  con649
 656  con650
 657  con651
 658  con652
 659  con653
 660  con654
 661  con655
 662  con656
 663  con657
 664  con658
 665  con659
 666  con660
 667  con661
 668  con662
 669  con663
 670  con664
 671  con665
 672  con666
 673  con667
 674  con668
 675  con669
 676  con670
 677  con671
 678  con672
 679  con673
 680  con674
 681  con675
 682  con676
 683  con677
 684  con678
 685  con679
 686  con680
 687  con681
 688  con682
 689  con683
 690  con684
 691  con685
 692  con686
 693  con687
 694  con688
 695  con689
 696  con690
 697  con691
 698  con692
 699  con693
 700  con694
 701  con695
 702  con696
 703  con697
 704  con698
 705  con699
 706  con700
 707  con701
 708  con702
 709  con703
 710  con704
 711  con705
 712  con706
 713  con707
 714  con708
 715  con709
 716  con710
 717  con711
 718  con712
 719  con713
 720  con714
 721  con715
 722  con716
 723  con717
 724  con718
 725  con719
 726  con720
 727  con721
 728  con722
 729  con723
 730  con724
 731  con725
 732  con726
 733  con727
 734  con728
 735  con729
 736  con730
 737  con731
 738  con732
 739  con733
 740  con734
 741  con735
 742  con736
 743  con737
 744  con738
 745  con739
 746  con740
 747  con741
 748  con742
 749  con743
 750  con744
 751  con745
 752  con746
 753  con747
 754  con748
 755  con749
 756  con750
 757  con751
 758  con752
 759  con753
 760  con754
 761  con755
 762  con756
 763  con757
 764  con758
 765  con759
 766  con760
 767  con761
 768  con762
 769  con763
 770  con764
 771  con765
 772  con766
 773  con767
 774  con768
 775  con769
 776  con770
 777  con771
 778  con772
 779  con773
 780  con774
 781  con775
 782  con776
 783  con777
 784  con778
 785  con779
 786  con780
 787  con781
 788  con782
 789  con783
 790  con784
 791  con785
 792  con786
 793  con787
 794  con788
 795  con789
 796  con790
 797  con791
 798  con792
 799  con793
 800  con794
 801  con795
 802  con796
 803  con797
 804  con798
 805  con799
 806  con800
 807  con801
 808  con802
 809  con803
 810  con804
 811  con805
 812  con806
 813  con807
 814  con808
 815  con809
 816  con810
 817  con811
 818  con812
 819  con813
 820  con814
 821  con815
 822  con816
 823  con817
 824  con818
 825  con819
 826  con820
 827  con821
 828  con822
 829  con823
 830  con824
 831  con825
 832  con826
 833  con827
 834  con828
 835  con829
 836  con830
 837  con831
 838  con832
 839  con833
 840  con834
 841  con835
 842  con836
 843  con837
 844  con838
 845  con839
 846  con840
 847  con841
 848  con842
 849  con843
 850  con844
 851  con845
 852  con846
 853  con847
 854  con848
 855  con849
 856  con850
 857  con851
 858  con852
 859  con853
 860  con854
 861  con855
 862  con856
 863  con857
 864  con858
 865  con859
 866  con860
 867  con861
 868  con862
 869  con863
 870  con864
 871  con865
 872  con866
 873  con867
 874  con868
 875  con869
 876  con870
 877  con871
 878  con872
 879  con873
 880  con874
 881  con875
 882  con876
 883  con877
 884  con878
 885  con879
 886  con880
 887  con881
 888  con882
 889  con883
 890  con884
 891  con885
 892  con886
 893  con887
 894  con888
 895  con889
 896  con890
 897  con891
 898  con892
 899  con893
 900  con894
 901  con895
 902  con896
 903  con897
 904  con898
 905  con899
 906  con900
 907  con901
 908  con902
 909  con903
 910  con904
 911  con905
 912  con906
 913  con907
 914  con908
 915  con909
 916  con910
 917  con911
 918  con912
 919  con913
 920  con914
 921  con915
 922  con916
 923  con917
 924  con918
 925  con919
 926  con920
 927  con921
 928  con922
 929  con923
 930  con924
 931  con925
 932  con926
 933  con927
 934  con928
 935  con929
 936  con930
 937  con931
 938  con932
 939  con933
 940  con934
 941  con935
 942  con936
 943  con937
 944  con938
 945  con939
 946  con940
 947  con941
 948  con942
 949  con943
 950  con944
 951  con945
 952  con946
 953  con947
 954  con948
 955  con949
 956  con950
 957  con951
 958  con952
 959  con953
 960  con954
 961  con955
 962  con956
 963  con957
 964  con958
 965  con959
 966  con960
 967  con961
 968  con962
 969  con963
 970  con964
 971  con965
 972  con966
 973  con967
 974  con968
 975  con969
 976  con970
 977  con971
 978  con972
 979  con973
 980  con974
 981  con975
 982  con976
 983  con977
 984  con978
 985  con979
 986  con980
 987  con981
 988  con982
 989  con983
 990  con984
 991  con985
 992  con986
 993  con987
 994  con988
 995  con989
 996  con990
 997  con991
 998  con992
 999  con993
1000  con994
1001  con995
1002  con996
1003  con997
1004  con998
1005  con999
1006  con1000
1007  con1001
1008  con1002
1009  con1003
1010  con1004
1011  con1005
1012  con1006
1013  con1007
1014  con1008
1015  con1009
1016  con1010
1017  con1011
1018  con1012
1019  con1013
1020  con1014
1021  con1015
1022  con1016
1023  con1017
1024  con1018
1025  con1019
1026  con1020
1027  con1021
1028  con1022
1029  con1023
1030  con1024
1031  con1025
1032  con1026
1033  con1027
1034  con1028
1035  con1029
1036  con1030
1037  con1031
1038  con1032
1039  con1033
1040  con1034
1041  con1035
1042  con1036
1043  con1037
1044  con1038
1045  con1039
1046  con1040
1047  con1041
1048  con1042
1049  con1043
1050  con1044
1051  con1045
1052  con1046
1053  con1047
1054  con1048
1055  con1049
1056  con1050
1057  con1051
1058  con1052
1059  con1053
1060  con1054
1061  con1055
1062  con1056
1063  con1057
1064  con1058
1065  con1059
1066  con1060
1067  con1061
1068  con1062
1069  con1063
1070  con1064
1071  con1065
1072  con1066
1073  con1067
1074  con1068
1075  con1069
1076  con1070
1077  con1071
1078  con1072
1079  con1073
1080  con1074
1081  con1075
1082  con1076
1083  con1077
1084  con1078
1085  con1079
1086  con1080
1087  con1081
1088  con1082
1089  con1083
1090  con1084
1091  con1085
1092  con1086
1093  con1087
1094  con1088
1095  con1089
1096  con1090
1097  con1091
1098  con1092
1099  con1093
1100  con1094
1101  con1095
1102  con1096
1103  con1097
1104  con1098
1105  con1099
1106  con1100
1107  con1101
1108  con1102
1109  con1103
1110  con1104
1111  con1105
1112  con1106
1113  con1107
1114  con1108
1115  con1109
1116  con1110
1117  con1111
1118  con1112
1119  con1113
1120  con1114
1121  con1115
1122  con1116
1123  con1117
1124  con1118
1125  con1119
1126  con1120
1127  con1121
1128  con1122
1129  con1123
1130  con1124
1131  con1125
1132  con1126
1133  con1127
1134  con1128
1135  con1129
1136  con1130
1137  con1131
1138  con1132
1139  con1133
1140  con1134
1141  con1135
1142  con1136
1143  con1137
1144  con1138
1145  con1139
1146  con1140
1147  con1141
1148  con1142
1149  con1143
1150  con1144
1151  con1145
1152  con1146
1153  con1147
1154  con1148
1155  con1149
1156  con1150
1157  con1151
1158  con1152
1159  con1153
1160  con1154
1161  con1155
1162  con1156
1163  con1157
1164  con1158
1165  con1159
1166  con1160
1167  con1161
1168  con1162
1169  con1163
1170  con1164
1171  con1165
1172  con1166
1173  con1167
1174  con1168
1175  con1169
1176  con1170
1177  con1171
1178  con1172
1179  con1173
1180  con1174
1181  con1175
1182  con1176
1183  con1177
1184  con1178
1185  con1179
1186  con1180
1187  con1181
1188  con1182
1189  con1183
1190  con1184
1191  con1185
1192  con1186
1193  con1187
1194  con1188
1195  con1189
1196  con1190
1197  con1191
1198  con1192
1199  con1193
1200  con1194
1201  con1195
1202  con1196
1203  con1197
1204  con1198
1205  con1199
1206  con1200
1207  con1201
1208  con1202
1209  con1203
1210  con1204
1211  con1205
1212  con1206
1213  con1207
1214  con1208
1215  con1209
1216  con1210
1217  con1211
1218  con1212
1219  con1213
1220  con1214
1221  con1215
1222  con1216
1223  con1217
1224  con1218
1225  con1219
1226  con1220
1227  con1221
1228  con1222
1229  con1223
1230  con1224
1231  con1225
1232  con1226
1233  con1227
1234  con1228
1235  con1229
1236  con1230
1237  con1231
1238  con1232
1239  con1233
1240  con1234
1241  con1235
1242  con1236
1243  con1237
1244  con1238
1245  con1239
1246  con1240
1247  con1241
1248  con1242
1249  con1243
1250  con1244
1251  con1245
1252  con1246
1253  con1247
1254  con1248
1255  con1249
1256  con1250
1257  con1251
1258  con1252
1259  con1253
1260  con1254
1261  con1255
1262  con1256
1263  con1257
1264  con1258
1265  con1259
1266  con1260
1267  con1261
1268  con1262
1269  con1263
1270  con1264
1271  con1265
1272  con1266
1273  con1267
1274  con1268
1275  con1269
1276  con1270
1277  con1271
1278  con1272
1279  con1273
1280  con1274
1281  con1275
1282  con1276
1283  con1277
1284  con1278
1285  con1279
1286  con1280
1287  con1281
1288  con1282
1289  con1283
1290  con1284
1291  con1285
1292  con1286
1293  con1287
1294  con1288
1295  con1289
1296  con1290
1297  con1291
1298  con1292
1299  con1293
1300  con1294
1301  con1295
1302  con1296
1303  con1297
1304  con1298
1305  con1299
1306  con1300
1307  con1301
1308  con1302
1309  con1303
1310  con1304
1311  con1305
1312  con1306
1313  con1307
1314  con1308
1315  con1309
1316  con1310
1317  con1311
1318  con1312
1319  con1313
1320  con1314
1321  con1315
1322  con1316
1323  con1317
1324  con1318
1325  con1319
1326  con1320
1327  con1321
1328  con1322
1329  con1323
1330  con1324
1331  con1325
1332  con1326
1333  con1327
1334  con1328
1335  con1329
1336  con1330
1337  con1331
1338  con1332
1339  con1333
1340  con1334
1341  con1335
1342  con1336
1343  con1337
1344  con1338
1345  con1339
1346  con1340
1347  con1341
1348  con1342
1349  con1343
1350  con1344
1351  con1345
1352  con1346
1353  con1347
1354  con1348
1355  con1349
1356  con1350
1357  con1351
1358  con1352
1359  con1353
1360  con1354
1361  con1355
1362  con1356
1363  con1357
1364  con1358
1365  con1359
1366  con1360
1367  con1361
1368  con1362
1369  con1363
1370  con1364
1371  con1365
1372  con1366
1373  con1367
1374  con1368
1375  con1369
1376  con1370
1377  con1371
1378  con1372
1379  con1373
1380  con1374
1381  con1375
1382  con1376
1383  con1377
1384  con1378
1385  con1379
1386  con1380
1387  con1381
1388  con1382
1389  con1383
1390  con1384
1391  con1385
1392  con1386
1393  con1387
1394  con1388
1395  con1389
1396  con1390
1397  con1391
1398  con1392
1399  con1393
1400  con1394
1401  con1395
1402  con1396
1403  con1397
1404  con1398
1405  con1399
1406  con1400
1407  con1401
1408  con1402
1409  con1403
1410  con1404
1411  con1405
1412  con1406
1413  con1407
1414  con1408
1415  con1409
1416  con1410
1417  con1411
1418  con1412
1419  con1413
1420  con1414
1421  con1415
1422  con1416
1423  con1417
1424  con1418
1425  con1419
1426  con1420
1427  con1421
1428  con1422
1429  con1423
1430  con1424
1431  con1425
1432  con1426
1433  con1427
1434  con1428
1435  con1429
1436  con1430
1437  con1431
1438  con1432
1439  con1433
1440  con1434
1441  con1435
1442  con1436
1443  con1437
1444  con1438
1445  con1439
1446  con1440
1447  con1441
1448  con1442
1449  con1443
1450  con1444
1451  con1445
1452  con1446
1453  con1447
1454  con1448
1455  con1449
1456  con1450
1457  con1451
1458  con1452
1459  con1453
1460  con1454
1461  con1455
1462  con1456
1463  con1457
1464  con1458
1465  con1459
1466  con1460
1467  con1461
1468  con1462
1469  con1463
1470  con1464
1471  con1465
1472  con1466
1473  con1467
1474  con1468
1475  con1469
1476  con1470
1477  con1471
1478  con1472
1479  con1473
1480  con1474
1481  con1475
1482  con1476
1483  con1477
1484  con1478
1485  con1479
1486  con1480
1487  con1481
1488  con1482
1489  con1483
1490  con1484
1491  con1485
1492  con1486
1493  con1487
1494  con1488
1495  con1489
1496  con1490
1497  con1491
1498  con1492
1499  con1493
1500  con1494
1501  con1495
1502  con1496
1503  con1497
1504  con1498
1505  con1499
1506  con1500
1507  con1501
1508  con1502
1509  con1503
1510  con1504
1511  con1505
1512  con1506
1513  con1507
1514  con1508
1515  con1509
1516  con1510
1517  con1511
1518  con1512
1519  con1513
1520  con1514
1521  con1515
1522  con1516
1523  con1517
1524  con1518
1525  con1519
1526  con1520
1527  con1521
1528  con1522
1529  con1523
1530  con1524
1531  con1525
1532  con1526
1533  con1527
1534  con1528
1535  con1529
1536  con1530
1537  con1531
1538  con1532
1539  con1533
1540  con1534
1541  con1535
1542  con1536
1543  con1537
1544  con1538
1545  con1539
1546  con1540
1547  con1541
1548  con1542
1549  con1543
1550  con1544
1551  con1545
1552  con1546
1553  con1547
1554  con1548
1555  con1549
1556  con1550
1557  con1551
1558  con1552
1559  con1553
1560  con1554
1561  con1555
1562  con1556
1563  con1557
1564  con1558
1565  con1559
1566  con1560
1567  con1561
1568  con1562
1569  con1563
1570  con1564
1571  con1565
1572  con1566
1573  con1567
1574  con1568
1575  con1569
1576  con1570
1577  con1571
1578  con1572
1579  con1573
1580  con1574
1581  con1575
1582  con1576
1583  con1577
1584  con1578
1585  con1579
1586  con1580
1587  con1581
1588  con1582
1589  con1583
1590  con1584
1591  con1585
1592  con1586
1593  con1587
1594  con1588
1595  con1589
1596  con1590
1597  con1591
1598  con1592
1599  con1593
1600  con1594
1601  con1595
1602  con1596
1603  con1597
1604  con1598
1605  con1599
1606  con1600
1607  con1601
1608  con1602
1609  con1603
1610  con1604
1611  con1605
1612  con1606
1613  con1607
1614  con1608
1615  con1609
1616  con1610
1617  con1611
1618  con1612
1619  con1613
1620  con1614
1621  con1615
1622  con1616
1623  con1617
1624  con1618
1625  con1619
1626  con1620
1627  con1621
1628  con1622
1629  con1623
1630  con1624
1631  con1625
1632  con1626
1633  con1627
1634  con1628
1635  con1629
1636  con1630
1637  con1631
1638  con1632
1639  con1633
1640  con1634
1641  con1635
1642  con1636
1643  con1637
1644  con1638
1645  con1639
1646  con1640
1647  con1641
1648  con1642
1649  con1643
1650  con1644
1651  con1645
1652  con1646
1653  con1647
1654  con1648
1655  con1649
1656  con1650
1657  con1651
1658  con1652
1659  con1653
1660  con1654
1661  con1655
1662  con1656
1663  con1657
1664  con1658
1665  con1659
1666  con1660
1667  con1661
1668  con1662
1669  con1663
1670  con1664
1671  con1665
1672  con1666
1673  con1667
1674  con1668
1675  con1669
1676  con1670
1677  con1671
1678  con1672
1679  con1673
1680  con1674
1681  con1675
1682  con1676
1683  con1677
1684  con1678
1685  con1679
1686  con1680
1687  con1681
1688  con1682
1689  con1683
1690  con1684
1691  con1685
1692  con1686
1693  con1687
1694  con1688
1695  con1689
1696  con1690
1697  con1691
1698  con1692
1699  con1693
1700  con1694
1701  con1695
1702  con1696
1703  con1697
1704  con1698
1705  con1699
1706  con1700
1707  con1701
1708  con1702
1709  con1703
1710  con1704
1711  con1705
1712  con1706
1713  con1707
1714  con1708
1715  con1709
1716  con1710
1717  con1711
1718  con1712
1719  con1713
1720  con1714
1721  con1715
1722  con1716
1723  con1717
1724  con1718
1725  con1719
1726  con1720
1727  con1721
1728  con1722
1729  con1723
1730  con1724
1731  con1725
1732  con1726
1733  con1727
1734  con1728
1735  con1729
1736  con1730
1737  con1731
1738  con1732
1739  con1733
1740  con1734
1741  con1735
1742  con1736
1743  con1737
1744  con1738
1745  con1739
1746  con1740
1747  con1741
1748  con1742
1749  con1743
1750  con1744
1751  con1745
1752  con1746
1753  con1747
1754  con1748
1755  con1749
1756  con1750
1757  con1751
1758  con1752
1759  con1753
1760  con1754
1761  con1755
1762  con1756
1763  con1757
1764  con1758
1765  con1759
1766  con1760
1767  con1761
1768  con1762
1769  con1763
1770  con1764
1771  con1765
1772  con1766
1773  con1767
1774  con1768
1775  con1769
1776  con1770
1777  con1771
1778  con1772
1779  con1773
1780  con1774
1781  con1775
1782  con1776
1783  con1777
1784  con1778
1785  con1779
1786  con1780
1787  con1781
1788  con1782
1789  con1783
1790  con1784
1791  con1785
1792  con1786
1793  con1787
1794  con1788
1795  con1789
1796  con1790
1797  con1791
1798  con1792
1799  con1793
1800  con1794
1801  con1795
1802  con1796
1803  con1797
1804  con1798
1805  con1799
1806  con1800
1807  con1801
1808  con1802
1809  con1803
1810  con1804
1811  con1805
1812  con1806
1813  con1807
1814  con1808
1815  con1809
1816  con1810
1817  con1811
1818  con1812
1819  con1813
1820  con1814
1821  con1815
1822  con1816
1823  con1817
1824  con1818
1825  con1819
1826  con1820
1827  con1821
1828  con1822
1829  con1823
1830  con1824
1831  con1825
1832  con1826
1833  con1827
1834  con1828
1835  con1829
1836  con1830
1837  con1831
1838  con1832
1839  con1833
1840  con1834
1841  con1835
1842  con1836
1843  con1837
1844  con1838
1845  con1839
1846  con1840
1847  con1841
1848  con1842
1849  con1843
1850  con1844
1851  con1845
1852  con1846
1853  con1847
1854  con1848
1855  con1849
1856  con1850
1857  con1851
1858  con1852
1859  con1853
1860  con1854
1861  con1855
1862  con1856
1863  con1857
1864  con1858
1865  con1859
1866  con1860
1867  con1861
1868  con1862
1869  con1863
1870  con1864
1871  con1865
1872  con1866
1873  con1867
1874  con1868
1875  con1869
1876  con1870
1877  con1871
1878  con1872
1879  con1873
1880  con1874
1881  con1875
1882  con1876
1883  con1877
1884  con1878
1885  con1879
1886  con1880
1887  con1881
1888  con1882
1889  con1883
1890  con1884
1891  con1885
1892  con1886
1893  con1887
1894  con1888
1895  con1889
1896  con1890
1897  con1891
1898  con1892
1899  con1893
1900  con1894
1901  con1895
1902  con1896
1903  con1897
1904  con1898
1905  con1899
1906  con1900
1907  con1901
1908  con1902
1909  con1903
1910  con1904
1911  con1905
1912  con1906
1913  con1907
1914  con1908
1915  con1909
1916  con1910
1917  con1911
1918  con1912
1919  con1913
1920  con1914
1921  con1915
1922  con1916
1923  con1917
1924  con1918
1925  con1919
1926  con1920
1927  con1921
1928  con1922
1929  con1923
1930  con1924
1931  con1925
1932  con1926
1933  con1927
1934  con1928
1935  con1929
1936  con1930
1937  con1931
1938  con1932
1939  con1933
1940  con1934
1941  con1935
1942  con1936
1943  con1937
1944  con1938
1945  con1939
1946  con1940
1947  con1941
1948  con1942
1949  con1943
1950  con1944
1951  con1945
1952  con1946
1953  con1947
1954  con1948
1955  con1949
1956  con1950
1957  con1951
1958  con1952
1959  con1953
1960  con1954
1961  con1955
1962  con1956
1963  con1957
1964  con1958
1965  con1959
1966  con1960
1967  con1961
1968  con1962
1969  con1963
1970  con1964
1971  con1965
1972  con1966
1973  con1967
1974  con1968
1975  con1969
1976  con1970
1977  con1971
1978  con1972
1979  con1973
1980  con1974
1981  con1975
1982  con1976
1983  con1977
1984  con1978
1985  con1979
1986  con1980
1987  con1981
1988  con1982
1989  con1983
1990  con1984
1991  con1985
1992  con1986
1993  con1987
1994  con1988
1995  con1989
1996  con1990
1997  con1991
1998  con1992
1999  con1993
2000  con1994
2001  con1995
2002  con1996
2003  con1997
2004  con1998
2005  con1999
2006  con2000
2007  con2001
2008  con2002
2009  con2003
2010  con2004
2011  con2005
2012  con2006
2013  con2007
2014  con2008
2015  con2009
2016  con2010
2017  con2011
2018  con2012
2019  con2013
2020  con2014
2021  con2015
2022  con2016
2023  con2017
2024  con2018
2025  con2019
2026  con2020
2027  con2021
2028  con2022
2029  con2023
2030  con2024
2031  con2025
2032  con2026
2033  con2027
2034  con2028
2035  con2029
2036  con2030
2037  con2031
2038  con2032
2039  con2033
2040  con2034
2041  con2035
2042  con2036
2043  con2037
2044  con2038
2045  con2039
2046  con2040
2047  con2041
2048  con2042
2049  con2043
2050  con2044
2051  con2045
2052  con2046
2053  con2047
2054  con2048
2055  con2049
2056  con2050
2057  con2051
2058  con2052
2059  con2053
2060  con2054
2061  con2055
2062  con2056
2063  con2057
2064  con2058
2065  con2059
2066  con2060
2067  con2061
2068  con2062
2069  con2063
2070  con2064
2071  con2065
2072  con2066
2073  con2067
2074  con2068
2075  con2069
2076  con2070
2077  con2071
2078  con2072
2079  con2073
2080  con2074
2081  con2075
2082  con2076
2083  con2077
2084  con2078
2085  con2079
2086  con2080
2087  con2081
2088  con2082
2089  con2083
2090  con2084
2091  con2085
2092  con2086
2093  con2087
2094  con2088
2095  con2089
2096  con2090
2097  con2091
2098  con2092
2099  con2093
2100  con2094
2101  con2095
2102  con2096
2103  con2097
2104  con2098
2105  con2099
2106  con2100
2107  con2101
2108  con2102
2109  con2103
2110  con2104
2111  con2105
2112  con2106
2113  con2107
2114  con2108
2115  con2109
2116  con2110
2117  con2111
2118  con2112
2119  con2113
2120  con2114
2121  con2115
2122  con2116
2123  con2117
2124  con2118
2125  con2119
2126  con2120
2127  con2121
2128  con2122
2129  con2123
2130  con2124
2131  con2125
2132  con2126
2133  con2127
2134  con2128
2135  con2129
2136  con2130
2137  con2131
2138  con2132
2139  con2133
2140  con2134
2141  con2135
2142  con2136
2143  con2137
2144  con2138
2145  con2139
2146  con2140
2147  con2141
2148  con2142
2149  con2143
2150  con2144
2151  con2145
2152  con2146
2153  con2147
2154  con2148
2155  con2149
2156  con2150
2157  con2151
2158  con2152
2159  con2153
2160  con2154
2161  con2155
2162  con2156
2163  con2157
2164  con2158
2165  con2159
2166  con2160
2167  con2161
2168  con2162
2169  con2163
2170  con2164
2171  con2165
2172  con2166
2173  con2167
2174  con2168
2175  con2169
2176  con2170
2177  con2171
2178  con2172
2179  con2173
2180  con2174
2181  con2175
2182  con2176
2183  con2177
2184  con2178
2185  con2179
2186  con2180
2187  con2181
2188  con2182
2189  con2183
2190  con2184
2191  con2185
2192  con2186
2193  con2187
2194  con2188
2195  con2189
2196  con2190
2197  con2191
2198  con2192
2199  con2193
2200  con2194
2201  con2195
2202  con2196
2203  con2197
2204  con2198
2205  con2199
2206  con2200
2207  con2201
2208  con2202
2209  con2203
2210  con2204
2211  con2205
2212  con2206
2213  con2207
2214  con2208
2215  con2209
2216  con2210
2217  con2211
2218  con2212
2219  con2213
2220  con2214
2221  con2215
2222  con2216
2223  con2217
2224  con2218
2225  con2219
2226  con2220
2227  con2221
2228  con2222
2229  con2223
2230  con2224
2231  con2225
2232  con2226
2233  con2227
2234  con2228
2235  con2229
2236  con2230
2237  con2231
2238  con2232
2239  con2233
2240  con2234
2241  con2235
2242  con2236
2243  con2237
2244  con2238
2245  con2239
2246  con2240
2247  con2241
2248  con2242
2249  con2243
2250  con2244
2251  con2245
2252  con2246
2253  con2247
2254  con2248
2255  con2249
2256  con2250
2257  con2251
2258  con2252
2259  con2253
2260  con2254
2261  con2255
2262  con2256
2263  con2257
2264  con2258
2265  con2259
2266  con2260
2267  con2261
2268  con2262
2269  con2263
2270  con2264
2271  con2265
2272  con2266
2273  con2267
2274  con2268
2275  con2269
2276  con2270
2277  con2271
2278  con2272
2279  con2273
2280  con2274
2281  con2275
2282  con2276
2283  con2277
2284  con2278
2285  con2279
2286  con2280
2287  con2281
2288  con2282
2289  con2283
2290  con2284
2291  con2285
2292  con2286
2293  con2287
2294  con2288
2295  con2289
2296  con2290
2297  con2291
2298  con2292
2299  con2293
2300  con2294
2301  con2295
2302  con2296
2303  con2297
2304  con2298
2305  con2299
2306  con2300
2307  con2301
2308  con2302
2309  con2303
2310  con2304
2311  con2305
2312  con2306
2313  con2307
2314  con2308
2315  con2309
2316  con2310
2317  con2311
2318  con2312
2319  con2313
2320  con2314
2321  con2315
2322  con2316
2323  con2317
2324  con2318
2325  con2319
2326  con2320
2327  con2321
2328  con2322
2329  con2323
2330  con2324
2331  con2325
2332  con2326
2333  con2327
2334  con2328
2335  con2329
2336  con2330
2337  con2331
2338  con2332
2339  con2333
2340  con2334
2341  con2335
2342  con2336
2343  con2337
2344  con2338
2345  con2339
2346  con2340
2347  con2341
2348  con2342
2349  con2343
2350  con2344
2351  con2345
2352  con2346
2353  con2347
2354  con2348
2355  con2349
2356  con2350
2357  con2351
2358  con2352
2359  con2353
2360  con2354
2361  con2355
2362  con2356
2363  con2357
2364  con2358
2365  con2359
2366  con2360
2367  con2361
2368  con2362
2369  con2363
2370  con2364
2371  con2365
2372  con2366
2373  con2367
2374  con2368
2375  con2369
2376  con2370
2377  con2371
2378  con2372
2379  con2373
2380  con2374
2381  con2375
2382  con2376
2383  con2377
2384  con2378
2385  con2379
2386  con2380
2387  con2381
2388  con2382
2389  con2383
2390  con2384
2391  con2385
2392  con2386
2393  con2387
2394  con2388
2395  con2389
2396  con2390
2397  con2391
2398  con2392
2399  con2393
2400  con2394
2401  con2395
2402  con2396
2403  con2397
2404  con2398
2405  con2399
2406  con2400
2407  con2401
2408  con2402
2409  con2403
2410  con2404
2411  con2405
2412  con2406
2413  con2407
2414  con2408
2415  con2409
2416  con2410
2417  con2411
2418  con2412
2419  con2413
2420  con2414
2421  con2415
2422  con2416
2423  con2417
2424  con2418
2425  con2419
2426  con2420
2427  con2421
2428  con2422
2429  con2423
2430  con2424
2431  con2425
2432  con2426
2433  con2427
2434  con2428
2435  con2429
2436  con2430
2437  con2431
2438  con2432
2439  con2433
2440  con2434
2441  con2435
2442  con2436
2443  con2437
2444  con2438
2445  con2439
2446  con2440
2447  con2441
2448  con2442
2449  con2443
2450  con2444
2451  con2445
2452  con2446
2453  con2447
2454  con2448
2455  con2449
2456  con2450
2457  con2451
2458  con2452
2459  con2453
2460  con2454
2461  con2455
2462  con2456
2463  con2457
2464  con2458
2465  con2459
2466  con2460
2467  con2461
2468  con2462
2469  con2463
2470  con2464
2471  con2465
2472  con2466
2473  con2467
2474  con2468
2475  con2469
2476  con2470
2477  con2471
2478  con2472
2479  con2473
2480  con2474
2481  con2475
2482  con2476
2483  con2477
2484  con2478
2485  con2479
2486  con2480
2487  con2481
2488  con2482
2489  con2483
2490  con2484
2491  con2485
2492  con2486
2493  con2487
2494  con2488
2495  con2489
2496  con2490
2497  con2491
2498  con2492
2499  con2493
2500  con2494
2501  con2495
2502  con2496
2503  con2497
2504  con2498
2505  con2499
2506  con2500
2507  con2501
2508  con2502
2509  con2503
2510  con2504
2511  con2505
2512  con2506
2513  con2507
2514  con2508
2515  con2509
2516  con2510
2517  con2511
2518  con2512
2519  con2513
2520  con2514
2521  con2515
2522  con2516
2523  con2517
2524  con2518
2525  con2519
2526  con2520
2527  con2521
2528  con2522
2529  con2523
2530  con2524
2531  con2525
2532  con2526
2533  con2527
2534  con2528
2535  con2529
2536  con2530
2537  con2531
2538  con2532
2539  con2533
2540  con2534
2541  con2535
2542  con2536
2543  con2537
2544  con2538
2545  con2539
2546  con2540
2547  con2541
2548  con2542
2549  con2543
2550  con2544
2551  con2545
2552  con2546
2553  con2547
2554  con2548
2555  con2549
2556  con2550
2557  con2551
2558  con2552
2559  con2553
2560  con2554
2561  con2555
2562  con2556
2563  con2557
2564  con2558
2565  con2559
2566  con2560
2567  con2561
2568  con2562
2569  con2563
2570  con2564
2571  con2565
2572  con2566
2573  con2567
2574  con2568
2575  con2569
2576  con2570
2577  con2571
2578  con2572
2579  con2573
2580  con2574
2581  con2575
2582  con2576
2583  con2577
2584  con2578
2585  con2579
2586  con2580
2587  con2581
2588  con2582
2589  con2583
2590  con2584
2591  con2585
2592  con2586
2593  con2587
2594  con2588
2595  con2589
2596  con2590
2597  con2591
2598  con2592
2599  con2593
2600  con2594
2601  con2595
2602  con2596
2603  con2597
2604  con2598
2605  con2599
2606  con2600
2607  con2601
2608  con2602
2609  con2603
2610  con2604
2611  con2605
2612  con2606
2613  con2607
2614  con2608
2615  con2609
2616  con2610
2617  con2611
2618  con2612
2619  con2613
2620  con2614
2621  con2615
2622  con2616
2623  con2617
2624  con2618
2625  con2619
2626  con2620
2627  con2621
2628  con2622
2629  con2623
2630  con2624
2631  con2625
2632  con2626
2633  con2627
2634  con2628
2635  con2629
2636  con2630
2637  con2631
2638  con2632
2639  con2633
2640  con2634
2641  con2635
2642  con2636
2643  con2637
2644  con2638
2645  con2639
2646  con2640
2647  con2641
2648  con2642
2649  con2643
2650  con2644
2651  con2645
2652  con2646
2653  con2647
2654  con2648
2655  con2649
2656  con2650
2657  con2651
2658  con2652
2659  con2653
2660  con2654
2661  con2655
2662  con2656
2663  con2657
2664  con2658
2665  con2659
2666  con2660
2667  con2661
2668  con2662
2669  con2663
2670  con2664
2671  con2665
2672  con2666
2673  con2667
2674  con2668
2675  con2669
2676  con2670
2677  con2671
2678  con2672
2679  con2673
2680  con2674
2681  con2675
2682  con2676
2683  con2677
2684  con2678
2685  con2679
2686  con2680
2687  con2681
2688  con2682
2689  con2683
2690  con2684
2691  con2685
2692  con2686
2693  con2687
2694  con2688
2695  con2689
2696  con2690
2697  con2691
2698  con2692
2699  con2693
2700  con2694
2701  con2695
2702  con2696
2703  con2697
2704  con2698
2705  con2699
2706  con2700
2707  con2701
2708  con2702
2709  con2703
2710  con2704
2711  con2705
2712  con2706
2713  con2707
2714  con2708
2715  con2709
2716  con2710
2717  con2711
2718  con2712
2719  con2713
2720  con2714
2721  con2715
2722  con2716
2723  con2717
2724  con2718
2725  con2719
2726  con2720
2727  con2721
2728  con2722
2729  con2723
2730  con2724
2731  con2725
2732  con2726
2733  con2727
2734  con2728
2735  con2729
2736  con2730
2737  con2731
2738  con2732
2739  con2733
2740  con2734
2741  con2735
2742  con2736
2743  con2737
2744  con2738
2745  con2739
2746  con2740
2747  con2741
2748  con2742
2749  con2743
2750  con2744
2751  con2745
2752  con2746
2753  con2747
2754  con2748
2755  con2749
2756  con2750
2757  con2751
2758  con2752
2759  con2753
2760  con2754
2761  con2755
2762  con2756
2763  con2757
2764  con2758
2765  con2759
2766  con2760
2767  con2761
2768  con2762
2769  con2763
2770  con2764
2771  con2765
2772  con2766
2773  con2767
2774  con2768
2775  con2769
2776  con2770
2777  con2771
2778  con2772
2779  con2773
2780  con2774
2781  con2775
2782  con2776
2783  con2777
2784  con2778
2785  con2779
2786  con2780
2787  con2781
2788  con2782
2789  con2783
2790  con2784
2791  con2785
2792  con2786
2793  con2787
2794  con2788
2795  con2789
2796  con2790
2797  con2791
2798  con2792
2799  con2793
2800  con2794
2801  con2795
2802  con2796
2803  con2797
2804  con2798
2805  con2799
2806  con2800
2807  con2801
2808  con2802
2809  con2803
2810  con2804
2811  con2805
2812  con2806
2813  con2807
2814  con2808
2815  con2809
2816  con2810
2817  con2811
2818  con2812
2819  con2813
2820  con2814
2821  con2815
2822  con2816
2823  con2817
2824  con2818
2825  con2819
2826  con2820
2827  con2821
2828  con2822
2829  con2823
2830  con2824
2831  con2825
2832  con2826
2833  con2827
2834  con2828
2835  con2829
2836  con2830
2837  con2831
2838  con2832
2839  con2833
2840  con2834
2841  con2835
2842  con2836
2843  con2837
2844  con2838
2845  con2839
2846  con2840
2847  con2841
2848  con2842
2849  con2843
2850  con2844
2851  con2845
2852  con2846
2853  con2847
2854  con2848
2855  con2849
2856  con2850
2857  con2851
2858  con2852
2859  con2853
2860  con2854
2861  con2855
2862  con2856
2863  con2857
2864  con2858
2865  con2859
2866  con2860
2867  con2861
2868  con2862
2869  con2863
2870  con2864
2871  con2865
2872  con2866
2873  con2867
2874  con2868
2875  con2869
2876  con2870
2877  con2871
2878  con2872
2879  con2873
2880  con2874
2881  con2875
2882  con2876
2883  con2877
2884  con2878
2885  con2879
2886  con2880
2887  con2881
2888  con2882
2889  con2883
2890  con2884
2891  con2885
2892  con2886
2893  con2887
2894  con2888
2895  con2889
2896  con2890
2897  con2891
2898  con2892
2899  con2893
2900  con2894
2901  con2895
2902  con2896
2903  con2897
2904  con2898
2905  con2899
2906  con2900
2907  con2901
2908  con2902
2909  con2903
2910  con2904
2911  con2905
2912  con2906
2913  con2907
2914  con2908
2915  con2909
2916  con2910
2917  con2911
2918  con2912
2919  con2913
2920  con2914
2921  con2915
2922  con2916
2923  con2917
2924  con2918
2925  con2919
2926  con2920
2927  con2921
2928  con2922
2929  con2923
2930  con2924
2931  con2925
2932  con2926
2933  con2927
2934  con2928
2935  con2929
2936  con2930
2937  con2931
2938  con2932
2939  con2933
2940  con2934
2941  con2935
2942  con2936
2943  con2937
2944  con2938
2945  con2939
2946  con2940
2947  con2941
2948  con2942
2949  con2943
2950  con2944
2951  con2945
2952  con2946
2953  con2947
2954  con2948
2955  con2949
2956  con2950
2957  con2951
2958  con2952
2959  con2953
2960  con2954
2961  con2955
2962  con2956
2963  con2957
2964  con2958
2965  con2959
2966  con2960
2967  con2961
2968  con2962
2969  con2963
2970  con2964
2971  con2965
2972  con2966
2973  con2967
2974  con2968
2975  con2969
2976  con2970
2977  con2971
2978  con2972
2979  con2973
2980  con2974
2981  con2975
2982  con2976
2983  con2977
2984  con2978
2985  con2979
2986  con2980
2987  con2981
2988  con2982
2989  con2983
2990  con2984
2991  con2985
2992  con2986
2993  con2987
2994  con2988
2995  con2989
2996  con2990
2997  con2991
2998  con2992
2999  con2993
3000  con2994
3001  con2995
3002  con2996
3003  con2997
3004  con2998
3005  con2999
3006  con3000
3007  con3001
3008  con3002
3009  con3003
3010  con3004
3011  con3005
3012  con3006
3013  con3007
3014  con3008
3015  con3009
3016  con3010
3017  con3011
3018  con3012
3019  con3013
3020  con3014
3021  con3015
3022  con3016
3023  con3017
3024  con3018
3025  con3019
3026  con3020
3027  con3021
3028  con3022
3029  con3023
3030  con3024
3031  con3025
3032  con3026
3033  con3027
3034  con3028
3035  con3029
3036  con3030
3037  con3031
3038  con3032
3039  con3033
3040  con3034
3041  con3035
3042  con3036
3043  con3037
3044  con3038
3045  con3039
3046  con3040
3047  con3041
3048  con3042
3049  con3043
3050  con3044
3051  con3045
3052  con3046
3053  con3047
3054  con3048
3055  con3049
3056  con3050
3057  con3051
3058  con3052
3059  con3053
3060  con3054
3061  con3055
3062  con3056
3063  con3057
3064  con3058
3065  con3059
3066  con3060
3067  con3061
3068  con3062
3069  con3063
3070  con3064
3071  con3065
3072  con3066
3073  con3067
3074  con3068
3075  con3069
3076  con3070
3077  con3071
3078  con3072
3079  con3073
3080  con3074
3081  con3075
3082  con3076
3083  con3077
3084  con3078
3085  con3079
3086  con3080
3087  con3081
3088  con3082
3089  con3083
3090  con3084
3091  con3085
3092  con3086
3093  con3087
3094  con3088
3095  con3089
3096  con3090
3097  con3091
3098  con3092
3099  con3093
3100  con3094
3101  con3095
3102  con3096
3103  con3097
3104  con3098
3105  con3099
3106  con3100
3107  con3101
3108  con3102
3109  con3103
3110  con3104
3111  con3105
3112  con3106
3113  con3107
3114  con3108
3115  con3109
3116  con3110
3117  con3111
3118  con3112
3119  con3113
3120  con3114
3121  con3115
3122  con3116
3123  con3117
3124  con3118
3125  con3119
3126  con3120
3127  con3121
3128  con3122
3129  con3123
3130  con3124
3131  con3125
3132  con3126
3133  con3127
3134  con3128
3135  con3129
3136  con3130
3137  con3131
3138  con3132
3139  con3133
3140  con3134
3141  con3135
3142  con3136
3143  con3137
3144  con3138
3145  con3139
3146  con3140
3147  con3141
3148  con3142
3149  con3143
3150  con3144
3151  con3145
3152  con3146
3153  con3147
3154  con3148
3155  con3149
3156  con3150
3157  con3151
3158  con3152
3159  con3153
3160  con3154
3161  con3155
3162  con3156
3163  con3157
3164  con3158
3165  con3159
3166  con3160
3167  con3161
3168  con3162
3169  con3163
3170  con3164
3171  con3165
3172  con3166
3173  con3167
3174  con3168
3175  con3169
3176  con3170
3177  con3171
3178  con3172
3179  con3173
3180  con3174
3181  con3175
3182  con3176
3183  con3177
3184  con3178
3185  con3179
3186  con3180
3187  con3181
3188  con3182
3189  con3183
3190  con3184
3191  con3185
3192  con3186
3193  con3187
3194  con3188
3195  con3189
3196  con3190
3197  con3191
3198  con3192
3199  con3193
3200  con3194
3201  con3195
3202  con3196
3203  con3197
3204  con3198
3205  con3199
3206  con3200
3207  con3201
3208  con3202
3209  con3203
3210  con3204
3211  con3205
3212  con3206
3213  con3207
3214  con3208
3215  con3209
3216  con3210
3217  con3211
3218  con3212
3219  con3213
3220  con3214
3221  con3215
3222  con3216
3223  con3217
3224  con3218
3225  con3219
3226  con3220
3227  con3221
3228  con3222
3229  con3223
3230  con3224
3231  con3225
3232  con3226
3233  con3227
3234  con3228
3235  con3229
3236  con3230
3237  con3231
3238  con3232
3239  con3233
3240  con3234
3241  con3235
3242  con3236
3243  con3237
3244  con3238
3245  con3239
3246  con3240
3247  con3241
3248  con3242
3249  con3243
3250  con3244
3251  con3245
3252  con3246
3253  con3247
3254  con3248
3255  con3249
3256  con3250
3257  con3251
3258  con3252
3259  con3253
3260  con3254
3261  con3255
3262  con3256
3263  con3257
3264  con3258
3265  con3259
3266  con3260
3267  con3261
3268  con3262
3269  con3263
3270  con3264
3271  con3265
3272  con3266
3273  con3267
3274  con3268
3275  con3269
3276  con3270
3277  con3271
3278  con3272
3279  con3273
3280  con3274
3281  con3275
3282  con3276
3283  con3277
3284  con3278
3285  con3279
3286  con3280
3287  con3281
3288  con3282
3289  con3283
3290  con3284
3291  con3285
3292  con3286
3293  con3287
3294  con3288
3295  con3289
3296  con3290
3297  con3291
3298  con3292
3299  con3293
3300  con3294
3301  con3295
3302  con3296
3303  con3297
3304  con3298
3305  con3299
3306  con3300
3307  con3301
3308  con3302
3309  con3303
3310  con3304
3311  con3305
3312  con3306
3313  con3307
3314  con3308
3315  con3309
3316  con3310
3317  con3311
3318  con3312
3319  con3313
3320  con3314
3321  con3315
3322  con3316
3323  con3317
3324  con3318
3325  con3319
3326  con3320
3327  con3321
3328  con3322
3329  con3323
3330  con3324
3331  con3325
3332  con3326
3333  con3327
3334  con3328
3335  con3329
3336  con3330
3337  con3331
3338  con3332
3339  con3333
3340  con3334
3341  con3335
3342  con3336
3343  con3337
3344  con3338
3345  con3339
3346  con3340
3347  con3341
3348  con3342
3349  con3343
3350  con3344
3351  con3345
3352  con3346
3353  con3347
3354  con3348
3355  con3349
3356  con3350
3357  con3351
3358  con3352
3359  con3353
3360  con3354
3361  con3355
3362  con3356
3363  con3357
3364  con3358
3365  con3359
3366  con3360
3367  con3361
3368  con3362
3369  con3363
3370  con3364
3371  con3365
3372  con3366
3373  con3367
3374  con3368
3375  con3369
3376  con3370
3377  con3371
3378  con3372
3379  con3373
3380  con3374
3381  con3375
3382  con3376
3383  con3377
3384  con3378
3385  con3379
3386  con3380
3387  con3381
3388  con3382
3389  con3383
3390  con3384
3391  con3385
3392  con3386
3393  con3387
3394  con3388
3395  con3389
3396  con3390
3397  con3391
3398  con3392
3399  con3393
3400  con3394
3401  con3395
3402  con3396
3403  con3397
3404  con3398
3405  con3399
3406  con3400
3407  con3401
3408  con3402
3409  con3403
3410  con3404
3411  con3405
3412  con3406
3413  con3407
3414  con3408
3415  con3409
3416  con3410
3417  con3411
3418  con3412
3419  con3413
3420  con3414
3421  con3415
3422  con3416
3423  con3417
3424  con3418
3425  con3419
3426  con3420
3427  con3421
3428  con3422
3429  con3423
3430  con3424
3431  con3425
3432  con3426
3433  con3427
3434  con3428
3435  con3429
3436  con3430
3437  con3431
3438  con3432
3439  con3433
3440  con3434
3441  con3435
3442  con3436
3443  con3437
3444  con3438
3445  con3439
3446  con3440
3447  con3441
3448  con3442
3449  con3443
3450  con3444
3451  con3445
3452  con3446
3453  con3447
3454  con3448
3455  con3449
3456  con3450
3457  con3451
3458  con3452
3459  con3453
3460  con3454
3461  con3455
3462  con3456
3463  con3457
3464  con3458
3465  con3459
3466  con3460
3467  con3461
3468  con3462
3469  con3463
3470  con3464
3471  con3465
3472  con3466
3473  con3467
3474  con3468
3475  con3469
3476  con3470
3477  con3471
3478  con3472
3479  con3473
3480  con3474
3481  con3475
3482  con3476
3483  con3477
3484  con3478
3485  con3479
3486  con3480
3487  con3481
3488  con3482
3489  con3483
3490  con3484
3491  con3485
3492  con3486
3493  con3487
3494  con3488
3495  con3489
3496  con3490
3497  con3491
3498  con3492
3499  con3493
3500  con3494
3501  con3495
3502  con3496
3503  con3497
3504  con3498
3505  con3499
3506  con3500
3507  con3501
3508  con3502
3509  con3503
3510  con3504
3511  con3505
3512  con3506
3513  con3507
3514  con3508
3515  con3509
3516  con3510
3517  con3511
3518  con3512
3519  con3513
3520  con3514
3521  con3515
3522  con3516
3523  con3517
3524  con3518
3525  con3519
3526  con3520
3527  con3521
3528  con3522
3529  con3523
3530  con3524
3531  con3525
3532  con3526
3533  con3527
3534  con3528
3535  con3529
3536  con3530
3537  con3531
3538  con3532
3539  con3533
3540  con3534
3541  con3535
3542  con3536
3543  con3537
3544  con3538
3545  con3539
3546  con3540
3547  con3541
3548  con3542
3549  con3543
3550  con3544
3551  con3545
3552  con3546
3553  con3547
3554  con3548
3555  con3549
3556  con3550
3557  con3551
3558  con3552
3559  con3553
3560  con3554
3561  con3555
3562  con3556
3563  con3557
3564  con3558
3565  con3559
3566  con3560
3567  con3561
3568  con3562
3569  con3563
3570  con3564
3571  con3565
3572  con3566
3573  con3567
3574  con3568
3575  con3569
3576  con3570
3577  con3571
3578  con3572
3579  con3573
3580  con3574
3581  con3575
3582  con3576
3583  con3577
3584  con3578
3585  con3579
3586  con3580
3587  con3581
3588  con3582
3589  con3583
3590  con3584
3591  con3585
3592  con3586
3593  con3587
3594  con3588
3595  con3589
3596  con3590
3597  con3591
3598  con3592
3599  con3593
3600  con3594
3601  con3595
3602  con3596
3603  con3597
3604  con3598
3605  con3599
3606  con3600
3607  con3601
3608  con3602
3609  con3603
3610  con3604
3611  con3605
3612  con3606
3613  con3607
3614  con3608
3615  con3609
3616  con3610
3617  con3611
3618  con3612
3619  con3613
3620  con3614
3621  con3615
3622  con3616
3623  con3617
3624  con3618
3625  con3619
3626  con3620
3627  con3621
3628  con3622
3629  con3623
3630  con3624
3631  con3625
3632  con3626
3633  con3627
3634  con3628
3635  con3629
3636  con3630
3637  con3631
3638  con3632
3639  con3633
3640  con3634
3641  con3635
3642  con3636
3643  con3637
3644  con3638
3645  con3639
3646  con3640
3647  con3641
3648  con3642
3649  con3643
3650  con3644
3651  con3645
3652  con3646
3653  con3647
3654  con3648
3655  con3649
3656  con3650
3657  con3651
3658  con3652
3659  con3653
3660  con3654
3661  con3655
3662  con3656
3663  con3657
3664  con3658
3665  con3659
3666  con3660
3667  con3661
3668  con3662
3669  con3663
3670  con3664
3671  con3665
3672  con3666
3673  con3667
3674  con3668
3675  con3669
3676  con3670
3677  con3671
3678  con3672
3679  con3673
3680  con3674
3681  con3675
3682  con3676
3683  con3677
3684  con3678
3685  con3679
3686  con3680
3687  con3681
3688  con3682
3689  con3683
3690  con3684
3691  con3685
3692  con3686
3693  con3687
3694  con3688
3695  con3689
3696  con3690
3697  con3691
3698  con3692
3699  con3693
3700  con3694
3701  con3695
3702  con3696
3703  con3697
3704  con3698
3705  con3699
3706  con3700
3707  con3701
3708  con3702
3709  con3703
3710  con3704
3711  con3705
3712  con3706
3713  con3707
3714  con3708
3715  con3709
3716  con3710
3717  con3711
3718  con3712
3719  con3713
3720  con3714
3721  con3715
3722  con3716
3723  con3717
3724  con3718
3725  con3719
3726  con3720
3727  con3721
3728  con3722
3729  con3723
3730  con3724
3731  con3725
3732  con3726
3733  con3727
3734  con3728
3735  con3729
3736  con3730
3737  con3731
3738  con3732
3739  con3733
3740  con3734
3741  con3735
3742  con3736
3743  con3737
3744  con3738
3745  con3739
3746  con3740
3747  con3741
3748  con3742
3749  con3743
3750  con3744
3751  con3745
3752  con3746
3753  con3747
3754  con3748
3755  con3749
3756  con3750
3757  con3751
3758  con3752
3759  con3753
3760  con3754
3761  con3755
3762  con3756
3763  con3757
3764  con3758
3765  con3759
3766  con3760
3767  con3761
3768  con3762
3769  con3763
3770  con3764
3771  con3765
3772  con3766
3773  con3767
3774  con3768
3775  con3769
3776  con3770
3777  con3771
3778  con3772
3779  con3773
3780  con3774
3781  con3775
3782  con3776
3783  con3777
3784  con3778
3785  con3779
3786  con3780
3787  con3781
3788  con3782
3789  con3783
3790  con3784
3791  con3785
3792  con3786
3793  con3787
3794  con3788
3795  con3789
3796  con3790
3797  con3791
3798  con3792
3799  con3793
3800  con3794
3801  con3795
3802  con3796
3803  con3797
3804  con3798
3805  con3799
3806  con3800
3807  con3801
3808  con3802
3809  con3803
3810  con3804
3811  con3805
3812  con3806
3813  con3807
3814  con3808
3815  con3809
3816  con3810
3817  con3811
3818  con3812
3819  con3813
3820  con3814
3821  con3815
3822  con3816
3823  con3817
3824  con3818
3825  con3819
3826  con3820
3827  con3821
3828  con3822
3829  con3823
3830  con3824
3831  con3825
3832  con3826
3833  con3827
3834  con3828
3835  con3829
3836  con3830
3837  con3831
3838  con3832
3839  con3833
3840  con3834
3841  con3835
3842  con3836
3843  con3837
3844  con3838
3845  con3839
3846  con3840
3847  con3841
3848  con3842
3849  con3843
3850  con3844
3851  con3845
3852  con3846
3853  con3847
3854  con3848
3855  con3849
3856  con3850
3857  con3851
3858  con3852
3859  con3853
3860  con3854
3861  con3855
3862  con3856
3863  con3857
3864  con3858
3865  con3859
3866  con3860
3867  con3861
3868  con3862
3869  con3863
3870  con3864
3871  con3865
3872  con3866
3873  con3867
3874  con3868
3875  con3869
3876  con3870
3877  con3871
3878  con3872
3879  con3873
3880  con3874
3881  con3875
3882  con3876
3883  con3877
3884  con3878
3885  con3879
3886  con3880
3887  con3881
3888  con3882
3889  con3883
3890  con3884
3891  con3885
3892  con3886
3893  con3887
3894  con3888
3895  con3889
3896  con3890
3897  con3891
3898  con3892
3899  con3893
3900  con3894
3901  con3895
3902  con3896
3903  con3897
3904  con3898
3905  con3899
3906  con3900
3907  con3901
3908  con3902
3909  con3903
3910  con3904
3911  con3905
3912  con3906
3913  con3907
3914  con3908
3915  con3909
3916  con3910
3917  con3911
3918  con3912
3919  con3913
3920  con3914
3921  con3915
3922  con3916
3923  con3917
3924  con3918
3925  con3919
3926  con3920
3927  con3921
3928  con3922
3929  con3923
3930  con3924
3931  con3925
3932  con3926
3933  con3927
3934  con3928
3935  con3929
3936  con3930
3937  con3931
3938  con3932
3939  con3933
3940  con3934
3941  con3935
3942  con3936
3943  con3937
3944  con3938
3945  con3939
3946  con3940
3947  con3941
3948  con3942
3949  con3943
3950  con3944
3951  con3945
3952  con3946
3953  con3947
3954  con3948
3955  con3949
3956  con3950
3957  con3951
3958  con3952
3959  con3953
3960  con3954
3961  con3955
3962  con3956
3963  con3957
3964  con3958
3965  con3959
3966  con3960
3967  con3961
3968  con3962
3969  con3963
3970  con3964
3971  con3965
3972  con3966
3973  con3967
3974  con3968
3975  con3969
3976  con3970
3977  con3971
3978  con3972
3979  con3973
3980  con3974
3981  con3975
3982  con3976
3983  con3977
3984  con3978
3985  con3979
3986  con3980
3987  con3981
3988  con3982
3989  con3983
3990  con3984
3991  con3985
3992  con3986
3993  con3987
3994  con3988
3995  con3989
3996  con3990
3997  con3991
3998  con3992
3999  con3993
4000  con3994
4001  con3995
4002  con3996
4003  con3997
4004  con3998
4005  con3999
4006  con4000
4007  con4001
4008  con4002
4009  con4003
4010  con4004
4011  con4005
4012  con4006
4013  con4007
4014  con4008
4015  con4009
4016  con4010
4017  con4011
4018  con4012
4019  con4013
4020  con4014
4021  con4015
4022  con4016
4023  con4017
4024  con4018
4025  con4019
4026  con4020
4027  con4021
4028  con4022
4029  con4023
4030  con4024
4031  con4025
4032  con4026
4033  con4027
4034  con4028
4035  con4029
4036  con4030
4037  con4031
4038  con4032
4039  con4033
4040  con4034
4041  con4035
4042  con4036
4043  con4037
4044  con4038
4045  con4039
4046  con4040
4047  con4041
4048  con4042
4049  con4043
4050  con4044
4051  con4045
4052  con4046
4053  con4047
4054  con4048
4055  con4049
4056  con4050
4057  con4051
4058  con4052
4059  con4053
4060  con4054
4061  con4055
4062  con4056
4063  con4057
4064  con4058
4065  con4059
4066  con4060
4067  con4061
4068  con4062
4069  con4063
4070  con4064
4071  con4065
4072  con4066
4073  con4067
4074  con4068
4075  con4069
4076  con4070
4077  con4071
4078  con4072
4079  con4073
4080  con4074
4081  con4075
4082  con4076
4083  con4077
4084  con4078
4085  con4079
4086  con4080
4087  con4081
4088  con4082
4089  con4083
4090  con4084
4091  con4085
4092  con4086
4093  con4087
4094  con4088
4095  con4089
4096  con4090
4097  con4091
4098  con4092
4099  con4093
4100  con4094
4101  con4095
4102  con4096
4103  con4097
4104  con4098
4105  con4099
4106  con4100
4107  con4101
4108  con4102
4109  con4103
4110  con4104
4111  con4105
4112  con4106
4113  con4107
4114  con4108
4115  con4109
4116  con4110
4117  con4111
4118  con4112
4119  con4113
4120  con4114
4121  con4115
4122  con4116
4123  con4117
4124  con4118
4125  con4119
4126  con4120
4127  con4121
4128  con4122
4129  con4123
4130  con4124
4131  con4125
4132  con4126
4133  con4127
4134  con4128
4135  con4129
4136  con4130
4137  con4131
4138  con4132
4139  con4133
4140  con4134
4141  con4135
4142  con4136
4143  con4137
4144  con4138
4145  con4139
4146  con4140
4147  con4141
4148  con4142
4149  con4143
4150  con4144
4151  con4145
4152  con4146
4153  con4147
4154  con4148
4155  con4149
4156  con4150
4157  con4151
4158  con4152
4159  con4153
4160  con4154
4161  con4155
4162  con4156
4163  con4157
4164  con4158
4165  con4159
4166  con4160
4167  con4161
4168  con4162
4169  con4163
4170  con4164
4171  con4165
4172  con4166
4173  con4167
4174  con4168
4175  con4169
4176  con4170
4177  con4171
4178  con4172
4179  con4173
4180  con4174
4181  con4175
4182  con4176
4183  con4177
4184  con4178
4185  con4179
4186  con4180
4187  con4181
4188  con4182
4189  con4183
4190  con4184
4191  con4185
4192  con4186
4193  con4187
4194  con4188
4195  con4189
4196  con4190
4197  con4191
4198  con4192
4199  con4193
4200  con4194
4201  con4195
4202  con4196
4203  con4197
4204  con4198
4205  con4199
4206  con4200
4207  con4201
4208  con4202
4209  con4203
4210  con4204
4211  con4205
4212  con4206
4213  con4207
4214  con4208
4215  con4209
4216  con4210
4217  con4211
4218  con4212
4219  con4213
4220  con4214
4221  con4215
4222  con4216
4223  con4217
4224  con4218
4225  con4219
4226  con4220
4227  con4221
4228  con4222
4229  con4223
4230  con4224
4231  con4225
4232  con4226
4233  con4227
4234  con4228
4235  con4229
4236  con4230
4237  con4231
4238  con4232
4239  con4233
4240  con4234
4241  con4235
4242  con4236
4243  con4237
4244  con4238
4245  con4239
4246  con4240
4247  con4241
4248  con4242
4249  con4243
4250  con4244
4251  con4245
4252  con4246
4253  con4247
4254  con4248
4255  con4249
4256  con4250
4257  con4251
4258  con4252
4259  con4253
4260  con4254
4261  con4255
4262  con4256
4263  con4257
4264  con4258
4265  con4259
4266  con4260
4267  con4261
4268  con4262
4269  con4263
4270  con4264
4271  con4265
4272  con4266
4273  con4267
4274  con4268
4275  con4269
4276  con4270
4277  con4271
4278  con4272
4279  con4273
4280  con4274
4281  con4275
4282  con4276
4283  con4277
4284  con4278
4285  con4279
4286  con4280
4287  con4281
4288  con4282
4289  con4283
4290  con4284
4291  con4285
4292  con4286
4293  con4287
4294  con4288
4295  con4289
4296  con4290
4297  con4291
4298  con4292
4299  con4293
4300  con4294
4301  con4295
4302  con4296
4303  con4297
4304  con4298
4305  con4299
4306  con4300
4307  con4301
4308  con4302
4309  con4303
4310  con4304
4311  con4305
4312  con4306
4313  con4307
4314  con4308
4315  con4309
4316  con4310
4317  con4311
4318  con4312
4319  con4313
4320  con4314
4321  con4315
4322  con4316
4323  con4317
4324  con4318
4325  con4319
4326  con4320
4327  con4321
4328  con4322
4329  con4323
4330  con4324
4331  con4325
4332  con4326
4333  con4327
4334  con4328
4335  con4329
4336  con4330
4337  con4331
4338  con4332
4339  con4333
4340  con4334
4341  con4335
4342  con4336
4343  con4337
4344  con4338
4345  con4339
4346  con4340
4347  con4341
4348  con4342
4349  con4343
4350  con4344
4351  con4345
4352  con4346
4353  con4347
4354  con4348
4355  con4349
4356  con4350
4357  con4351
4358  con4352
4359  con4353
4360  con4354
4361  con4355
4362  con4356
4363  con4357
4364  con4358
4365  con4359
4366  con4360
4367  con4361
4368  con4362
4369  con4363
4370  con4364
4371  con4365
4372  con4366
4373  con4367
4374  con4368
4375  con4369
4376  con4370
4377  con4371
4378  con4372
4379  con4373
4380  con4374
4381  con4375
4382  con4376
4383  con4377
4384  con4378
4385  con4379
4386  con4380
4387  con4381
4388  con4382
4389  con4383
4390  con4384
4391  con4385
4392  con4386
4393  con4387
4394  con4388
4395  con4389
4396  con4390
4397  con4391
4398  con4392
4399  con4393
4400  con4394
4401  con4395
4402  con4396
4403  con4397
4404  con4398
4405  con4399
4406  con4400
4407  con4401
4408  con4402
4409  con4403
4410  con4404
4411  con4405
4412  con4406
4413  con4407
4414  con4408
4415  con4409
4416  con4410
4417  con4411
4418  con4412
4419  con4413
4420  con4414
4421  con4415
4422  con4416
4423  con4417
4424  con4418
4425  con4419
4426  con4420
4427  con4421
4428  con4422
4429  con4423
4430  con4424
4431  con4425
4432  con4426
4433  con4427
4434  con4428
4435  con4429
4436  con4430
4437  con4431
4438  con4432
4439  con4433
4440  con4434
4441  con4435
4442  con4436
4443  con4437
4444  con4438
4445  con4439
4446  con4440
4447  con4441
4448  con4442
4449  con4443
4450  con4444
4451  con4445
4452  con4446
4453  con4447
4454  con4448
4455  con4449
4456  con4450
4457  con4451
4458  con4452
4459  con4453
4460  con4454
4461  con4455
4462  con4456
4463  con4457
4464  con4458
4465  con4459
4466  con4460
4467  con4461
4468  con4462
4469  con4463
4470  con4464
4471  con4465
4472  con4466
4473  con4467
4474  con4468
4475  con4469
4476  con4470
4477  con4471
4478  con4472
4479  con4473
4480  con4474
4481  con4475
4482  con4476
4483  con4477
4484  con4478
4485  con4479
4486  con4480
4487  con4481
4488  con4482
4489  con4483
4490  con4484
4491  con4485
4492  con4486
4493  con4487
4494  con4488
4495  con4489
4496  con4490
4497  con4491
4498  con4492
4499  con4493
4500  con4494
4501  con4495
4502  con4496
4503  con4497
4504  con4498
4505  con4499
4506  con4500
4507  con4501
4508  con4502
4509  con4503
4510  con4504
4511  con4505
4512  con4506
4513  con4507
4514  con4508
4515  con4509
4516  con4510
4517  con4511
4518  con4512
4519  con4513
4520  con4514
4521  con4515
4522  con4516
4523  con4517
4524  con4518
4525  con4519
4526  con4520
4527  con4521
4528  con4522
4529  con4523
4530  con4524
4531  con4525
4532  con4526
4533  con4527
4534  con4528
4535  con4529
4536  con4530
4537  con4531
4538  con4532
4539  con4533
4540  con4534
4541  con4535
4542  con4536
4543  con4537
4544  con4538
4545  con4539
4546  con4540
4547  con4541
4548  con4542
4549  con4543
4550  con4544
4551  con4545
4552  con4546
4553  con4547
4554  con4548
4555  con4549
4556  con4550
4557  con4551
4558  con4552
4559  con4553
4560  con4554
4561  con4555
4562  con4556
4563  con4557
4564  con4558
4565  con4559
4566  con4560
4567  con4561
4568  con4562
4569  con4563
4570  con4564
4571  con4565
4572  con4566
4573  con4567
4574  con4568
4575  con4569
4576  con4570
4577  con4571
4578  con4572
4579  con4573
4580  con4574
4581  con4575
4582  con4576
4583  con4577
4584  con4578
4585  con4579
4586  con4580
4587  con4581
4588  con4582
4589  con4583
4590  con4584
4591  con4585
4592  con4586
4593  con4587
4594  con4588
4595  con4589
4596  con4590
4597  con4591
4598  con4592
4599  con4593
4600  con4594
4601  con4595
4602  con4596
4603  con4597
4604  con4598
4605  con4599
4606  con4600
4607  con4601
4608  con4602
4609  con4603
4610  con4604
4611  con4605
4612  con4606
4613  con4607
4614  con4608
4615  con4609
4616  con4610
4617  con4611
4618  con4612
4619  con4613
4620  con4614
4621  con4615
4622  con4616
4623  con4617
4624  con4618
4625  con4619
4626  con4620
4627  con4621
4628  con4622
4629  con4623
4630  con4624
4631  con4625
4632  con4626
4633  con4627
4634  con4628
4635  con4629
4636  con4630
4637  con4631
4638  con4632
4639  con4633
4640  con4634
4641  con4635
4642  con4636
4643  con4637
4644  con4638
4645  con4639
4646  con4640
4647  con4641
4648  con4642
4649  con4643
4650  con4644
4651  con4645
4652  con4646
4653  con4647
4654  con4648
4655  con4649
4656  con4650
4657  con4651
4658  con4652
4659  con4653
4660  con4654
4661  con4655
4662  con4656
4663  con4657
4664  con4658
4665  con4659
4666  con4660
4667  con4661
4668  con4662
4669  con4663
4670  con4664
4671  con4665
4672  con4666
4673  con4667
4674  con4668
4675  con4669
4676  con4670
4677  con4671
4678  con4672
4679  con4673
4680  con4674
4681  con4675
4682  con4676
4683  con4677
4684  con4678
4685  con4679
4686  con4680
4687  con4681
4688  con4682
4689  con4683
4690  con4684
4691  con4685
4692  con4686
4693  con4687
4694  con4688
4695  con4689
4696  con4690
4697  con4691
4698  con4692
4699  con4693
4700  con4694
4701  con4695
4702  con4696
4703  con4697
4704  con4698
4705  con4699
4706  con4700
4707  con4701
4708  con4702
4709  con4703
4710  con4704
4711  con4705
4712  con4706
4713  con4707
4714  con4708
4715  con4709
4716  con4710
4717  con4711
4718  con4712
4719  con4713
4720  con4714
4721  con4715
4722  con4716
4723  con4717
4724  con4718
4725  con4719
4726  con4720
4727  con4721
4728  con4722
4729  con4723
4730  con4724
4731  con4725
4732  con4726
4733  con4727
4734  con4728
4735  con4729
4736  con4730
4737  con4731
4738  con4732
4739  con4733
4740  con4734
4741  con4735
4742  con4736
4743  con4737
4744  con4738
4745  con4739
4746  con4740
4747  con4741
4748  con4742
4749  con4743
4750  con4744
4751  con4745
4752  con4746
4753  con4747
4754  con4748
4755  con4749
4756  con4750
4757  con4751
4758  con4752
4759  con4753
4760  con4754
4761  con4755
4762  con4756
4763  con4757
4764  con4758
4765  con4759
4766  con4760
4767  con4761
4768  con4762
4769  con4763
4770  con4764
4771  con4765
4772  con4766
4773  con4767
4774  con4768
4775  con4769
4776  con4770
4777  con4771
4778  con4772
4779  con4773
4780  con4774
4781  con4775
4782  con4776
4783  con4777
4784  con4778
4785  con4779
4786  con4780
4787  con4781
4788  con4782
4789  con4783
4790  con4784
4791  con4785
4792  con4786
4793  con4787
4794  con4788
4795  con4789
4796  con4790
4797  con4791
4798  con4792
4799  con4793
4800  con4794
4801  con4795
4802  con4796
4803  con4797
4804  con4798
4805  con4799
4806  con4800
4807  con4801
4808  con4802
4809  con4803
4810  con4804
4811  con4805
4812  con4806
4813  con4807
4814  con4808
4815  con4809
4816  con4810
4817  con4811
4818  con4812
4819  con4813
4820  con4814
4821  con4815
4822  con4816
4823  con4817
4824  con4818
4825  con4819
4826  con4820
4827  con4821
4828  con4822
4829  con4823
4830  con4824
4831  con4825
4832  con4826
4833  con4827
4834  con4828
4835  con4829
4836  con4830
4837  con4831
4838  con4832
4839  con4833
4840  con4834
4841  con4835
4842  con4836
4843  con4837
4844  con4838
4845  con4839
4846  con4840
4847  con4841
4848  con4842
4849  con4843
4850  con4844
4851  con4845
4852  con4846
4853  con4847
4854  con4848
4855  con4849
4856  con4850
4857  con4851
4858  con4852
4859  con4853
4860  con4854
4861  con4855
4862  con4856
4863  con4857
4864  con4858
4865  con4859
4866  con4860
4867  con4861
4868  con4862
4869  con4863
4870  con4864
4871  con4865
4872  con4866
4873  con4867
4874  con4868
4875  con4869
4876  con4870
4877  con4871
4878  con4872
4879  con4873
4880  con4874
4881  con4875
4882  con4876
4883  con4877
4884  con4878
4885  con4879
4886  con4880
4887  con4881
4888  con4882
4889  con4883
4890  con4884
4891  con4885
4892  con4886
4893  con4887
4894  con4888
4895  con4889
4896  con4890
4897  con4891
4898  con4892
4899  con4893
4900  con4894
4901  con4895
4902  con4896
4903  con4897
4904  con4898
4905  con4899
4906  con4900
4907  con4901
4908  con4902
4909  con4903
4910  con4904
4911  con4905
4912  con4906
4913  con4907
4914  con4908
4915  con4909
4916  con4910
4917  con4911
4918  con4912
4919  con4913
4920  con4914
4921  con4915
4922  con4916
4923  con4917
4924  con4918
4925  con4919
4926  con4920
4927  con4921
4928  con4922
4929  con4923
4930  con4924
4931  con4925
4932  con4926
4933  con4927
4934  con4928
4935  con4929
4936  con4930
4937  con4931
4938  con4932
4939  con4933
4940  con4934
4941  con4935
4942  con4936
4943  con4937
4944  con4938
4945  con4939
4946  con4940
4947  con4941
4948  con4942
4949  con4943
4950  con4944
4951  con4945
4952  con4946
4953  con4947
4954  con4948
4955  con4949
4956  con4950
4957  con4951
4958  con4952
4959  con4953
4960  con4954
4961  con4955
4962  con4956
4963  con4957
4964  con4958
4965  con4959
4966  con4960
4967  con4961
4968  con4962
4969  con4963
4970  con4964
4971  con4965
4972  con4966
4973  con4967
4974  con4968
4975  con4969
4976  con4970
4977  con4971
4978  con4972
4979  con4973
4980  con4974
4981  con4975
4982  con4976
4983  con4977
4984  con4978
4985  con4979
4986  con4980
4987  con4981
4988  con4982
4989  con4983
4990  con4984
4991  con4985
4992  con4986
4993  con4987
4994  con4988
4995  con4989
4996  con4990
4997  con4991
4998  con4992
4999  con4993
5000  con4994
5001  con4995
5002  con4996
5003  con4997
5004  con4998
5005  con4999
5006  con5000
5007  con5001
5008  con5002
5009  con5003
5010  con5004
5011  con5005
5012  con5006
5013  con5007
5014  con5008
5015  con5009
5016  con5010
5017  con5011
5018  con5012
5019  con5013
5020  con5014
5021  con5015
5022  con5016
5023  con5017
5024  con5018
5025  con5019
5026  con5020
5027  con5021
5028  con5022
5029  con5023
5030  con5024
5031  con5025
5032  con5026
5033  con5027
5034  con5028
5035  con5029
5036  con5030
5037  con5031
5038  con5032
5039  con5033
5040  con5034
5041  con5035
5042  con5036
5043  con5037
5044  con5038
5045  con5039
5046  con5040
5047  con5041
5048  con5042
5049  con5043
5050  con5044
5051  con5045
5052  con5046
5053  con5047
5054  con5048
5055  con5049
5056  ;
5057  Variables x(j), obj;
5058  * Objective function (to be minimized)
5059  objcon.. obj =e= (-0.5) * sin(-x('101') +
5060  x('102')) * x('1') * x('2') -
5061  0.5 * sin(-x('102') +
5062  x('103')) * x('2') * x('3') -
5063  0.5 * sin(-x('103') +
5064  x('104')) * x('3') * x('4') -
5065  0.5 * sin(-x('104') +
5066  x('105')) * x('4') * x('5') -
5067  0.5 * sin(-x('105') +
5068  x('106')) * x('5') * x('6') -
5069  0.5 * sin(-x('106') +
5070  x('107')) * x('6') * x('7') -
5071  0.5 * sin(-x('107') +
5072  x('108')) * x('7') * x('8') -
5073  0.5 * sin(-x('108') +
5074  x('109')) * x('8') * x('9') -
5075  0.5 * sin(-x('109') +
5076  x('110')) * x('9') * x('10') -
5077  0.5 * sin(-x('110') +
5078  x('111')) * x('10') * x('11') -
5079  0.5 * sin(-x('111') +
5080  x('112')) * x('11') * x('12') -
5081  0.5 * sin(-x('112') +
5082  x('113')) * x('12') * x('13') -
5083  0.5 * sin(-x('113') +
5084  x('114')) * x('13') * x('14') -
5085  0.5 * sin(-x('114') +
5086  x('115')) * x('14') * x('15') -
5087  0.5 * sin(-x('115') +
5088  x('116')) * x('15') * x('16') -
5089  0.5 * sin(-x('116') +
5090  x('117')) * x('16') * x('17') -
5091  0.5 * sin(-x('117') +
5092  x('118')) * x('17') * x('18') -
5093  0.5 * sin(-x('118') +
5094  x('119')) * x('18') * x('19') -
5095  0.5 * sin(-x('119') +
5096  x('120')) * x('19') * x('20') -
5097  0.5 * sin(-x('120') +
5098  x('121')) * x('20') * x('21') -
5099  0.5 * sin(-x('121') +
5100  x('122')) * x('21') * x('22') -
5101  0.5 * sin(-x('122') +
5102  x('123')) * x('22') * x('23') -
5103  0.5 * sin(-x('123') +
5104  x('124')) * x('23') * x('24') -
5105  0.5 * sin(-x('124') +
5106  x('125')) * x('24') * x('25') -
5107  0.5 * sin(-x('125') +
5108  x('126')) * x('25') * x('26') -
5109  0.5 * sin(-x('126') +
5110  x('127')) * x('26') * x('27') -
5111  0.5 * sin(-x('127') +
5112  x('128')) * x('27') * x('28') -
5113  0.5 * sin(-x('128') +
5114  x('129')) * x('28') * x('29') -
5115  0.5 * sin(-x('129') +
5116  x('130')) * x('29') * x('30') -
5117  0.5 * sin(-x('130') +
5118  x('131')) * x('30') * x('31') -
5119  0.5 * sin(-x('131') +
5120  x('132')) * x('31') * x('32') -
5121  0.5 * sin(-x('132') +
5122  x('133')) * x('32') * x('33') -
5123  0.5 * sin(-x('133') +
5124  x('134')) * x('33') * x('34') -
5125  0.5 * sin(-x('134') +
5126  x('135')) * x('34') * x('35') -
5127  0.5 * sin(-x('135') +
5128  x('136')) * x('35') * x('36') -
5129  0.5 * sin(-x('136') +
5130  x('137')) * x('36') * x('37') -
5131  0.5 * sin(-x('137') +
5132  x('138')) * x('37') * x('38') -
5133  0.5 * sin(-x('138') +
5134  x('139')) * x('38') * x('39') -
5135  0.5 * sin(-x('139') +
5136  x('140')) * x('39') * x('40') -
5137  0.5 * sin(-x('140') +
5138  x('141')) * x('40') * x('41') -
5139  0.5 * sin(-x('141') +
5140  x('142')) * x('41') * x('42') -
5141  0.5 * sin(-x('142') +
5142  x('143')) * x('42') * x('43') -
5143  0.5 * sin(-x('143') +
5144  x('144')) * x('43') * x('44') -
5145  0.5 * sin(-x('144') +
5146  x('145')) * x('44') * x('45') -
5147  0.5 * sin(-x('145') +
5148  x('146')) * x('45') * x('46') -
5149  0.5 * sin(-x('146') +
5150  x('147')) * x('46') * x('47') -
5151  0.5 * sin(-x('147') +
5152  x('148')) * x('47') * x('48') -
5153  0.5 * sin(-x('148') +
5154  x('149')) * x('48') * x('49') -
5155  0.5 * sin(-x('149') +
5156  x('150')) * x('49') * x('50') -
5157  0.5 * sin(-x('150') +
5158  x('151')) * x('50') * x('51') -
5159  0.5 * sin(-x('151') +
5160  x('152')) * x('51') * x('52') -
5161  0.5 * sin(-x('152') +
5162  x('153')) * x('52') * x('53') -
5163  0.5 * sin(-x('153') +
5164  x('154')) * x('53') * x('54') -
5165  0.5 * sin(-x('154') +
5166  x('155')) * x('54') * x('55') -
5167  0.5 * sin(-x('155') +
5168  x('156')) * x('55') * x('56') -
5169  0.5 * sin(-x('156') +
5170  x('157')) * x('56') * x('57') -
5171  0.5 * sin(-x('157') +
5172  x('158')) * x('57') * x('58') -
5173  0.5 * sin(-x('158') +
5174  x('159')) * x('58') * x('59') -
5175  0.5 * sin(-x('159') +
5176  x('160')) * x('59') * x('60') -
5177  0.5 * sin(-x('160') +
5178  x('161')) * x('60') * x('61') -
5179  0.5 * sin(-x('161') +
5180  x('162')) * x('61') * x('62') -
5181  0.5 * sin(-x('162') +
5182  x('163')) * x('62') * x('63') -
5183  0.5 * sin(-x('163') +
5184  x('164')) * x('63') * x('64') -
5185  0.5 * sin(-x('164') +
5186  x('165')) * x('64') * x('65') -
5187  0.5 * sin(-x('165') +
5188  x('166')) * x('65') * x('66') -
5189  0.5 * sin(-x('166') +
5190  x('167')) * x('66') * x('67') -
5191  0.5 * sin(-x('167') +
5192  x('168')) * x('67') * x('68') -
5193  0.5 * sin(-x('168') +
5194  x('169')) * x('68') * x('69') -
5195  0.5 * sin(-x('169') +
5196  x('170')) * x('69') * x('70') -
5197  0.5 * sin(-x('170') +
5198  x('171')) * x('70') * x('71') -
5199  0.5 * sin(-x('171') +
5200  x('172')) * x('71') * x('72') -
5201  0.5 * sin(-x('172') +
5202  x('173')) * x('72') * x('73') -
5203  0.5 * sin(-x('173') +
5204  x('174')) * x('73') * x('74') -
5205  0.5 * sin(-x('174') +
5206  x('175')) * x('74') * x('75') -
5207  0.5 * sin(-x('175') +
5208  x('176')) * x('75') * x('76') -
5209  0.5 * sin(-x('176') +
5210  x('177')) * x('76') * x('77') -
5211  0.5 * sin(-x('177') +
5212  x('178')) * x('77') * x('78') -
5213  0.5 * sin(-x('178') +
5214  x('179')) * x('78') * x('79') -
5215  0.5 * sin(-x('179') +
5216  x('180')) * x('79') * x('80') -
5217  0.5 * sin(-x('180') +
5218  x('181')) * x('80') * x('81') -
5219  0.5 * sin(-x('181') +
5220  x('182')) * x('81') * x('82') -
5221  0.5 * sin(-x('182') +
5222  x('183')) * x('82') * x('83') -
5223  0.5 * sin(-x('183') +
5224  x('184')) * x('83') * x('84') -
5225  0.5 * sin(-x('184') +
5226  x('185')) * x('84') * x('85') -
5227  0.5 * sin(-x('185') +
5228  x('186')) * x('85') * x('86') -
5229  0.5 * sin(-x('186') +
5230  x('187')) * x('86') * x('87') -
5231  0.5 * sin(-x('187') +
5232  x('188')) * x('87') * x('88') -
5233  0.5 * sin(-x('188') +
5234  x('189')) * x('88') * x('89') -
5235  0.5 * sin(-x('189') +
5236  x('190')) * x('89') * x('90') -
5237  0.5 * sin(-x('190') +
5238  x('191')) * x('90') * x('91') -
5239  0.5 * sin(-x('191') +
5240  x('192')) * x('91') * x('92') -
5241  0.5 * sin(-x('192') +
5242  x('193')) * x('92') * x('93') -
5243  0.5 * sin(-x('193') +
5244  x('194')) * x('93') * x('94') -
5245  0.5 * sin(-x('194') +
5246  x('195')) * x('94') * x('95') -
5247  0.5 * sin(-x('195') +
5248  x('196')) * x('95') * x('96') -
5249  0.5 * sin(-x('196') +
5250  x('197')) * x('96') * x('97') -
5251  0.5 * sin(-x('197') +
5252  x('198')) * x('97') * x('98') -
5253  0.5 * sin(-x('198') +
5254  x('199')) * x('98') * x('99') -
5255  0.5 * sin(-x('199') +
5256  x('200')) * x('99') * x('100');
5257   
5258   
5259  con1..x('199') -
5260  x('200') =l= 0;
5261  con2..x('198') -
5262  x('199') =l= 0;
5263  con3..x('197') -
5264  x('198') =l= 0;
5265  con4..x('196') -
5266  x('197') =l= 0;
5267  con5..x('195') -
5268  x('196') =l= 0;
5269  con6..x('194') -
5270  x('195') =l= 0;
5271  con7..x('193') -
5272  x('194') =l= 0;
5273  con8..x('192') -
5274  x('193') =l= 0;
5275  con9..x('191') -
5276  x('192') =l= 0;
5277  con10..x('190') -
5278  x('191') =l= 0;
5279  con11..x('189') -
5280  x('190') =l= 0;
5281  con12..x('188') -
5282  x('189') =l= 0;
5283  con13..x('187') -
5284  x('188') =l= 0;
5285  con14..x('186') -
5286  x('187') =l= 0;
5287  con15..x('185') -
5288  x('186') =l= 0;
5289  con16..x('184') -
5290  x('185') =l= 0;
5291  con17..x('183') -
5292  x('184') =l= 0;
5293  con18..x('182') -
5294  x('183') =l= 0;
5295  con19..x('181') -
5296  x('182') =l= 0;
5297  con20..x('180') -
5298  x('181') =l= 0;
5299  con21..x('179') -
5300  x('180') =l= 0;
5301  con22..x('178') -
5302  x('179') =l= 0;
5303  con23..x('177') -
5304  x('178') =l= 0;
5305  con24..x('176') -
5306  x('177') =l= 0;
5307  con25..x('175') -
5308  x('176') =l= 0;
5309  con26..x('174') -
5310  x('175') =l= 0;
5311  con27..x('173') -
5312  x('174') =l= 0;
5313  con28..x('172') -
5314  x('173') =l= 0;
5315  con29..x('171') -
5316  x('172') =l= 0;
5317  con30..x('170') -
5318  x('171') =l= 0;
5319  con31..x('169') -
5320  x('170') =l= 0;
5321  con32..x('168') -
5322  x('169') =l= 0;
5323  con33..x('167') -
5324  x('168') =l= 0;
5325  con34..x('166') -
5326  x('167') =l= 0;
5327  con35..x('165') -
5328  x('166') =l= 0;
5329  con36..x('164') -
5330  x('165') =l= 0;
5331  con37..x('163') -
5332  x('164') =l= 0;
5333  con38..x('162') -
5334  x('163') =l= 0;
5335  con39..x('161') -
5336  x('162') =l= 0;
5337  con40..x('160') -
5338  x('161') =l= 0;
5339  con41..x('159') -
5340  x('160') =l= 0;
5341  con42..x('158') -
5342  x('159') =l= 0;
5343  con43..x('157') -
5344  x('158') =l= 0;
5345  con44..x('156') -
5346  x('157') =l= 0;
5347  con45..x('155') -
5348  x('156') =l= 0;
5349  con46..x('154') -
5350  x('155') =l= 0;
5351  con47..x('153') -
5352  x('154') =l= 0;
5353  con48..x('152') -
5354  x('153') =l= 0;
5355  con49..x('151') -
5356  x('152') =l= 0;
5357  con50..x('150') -
5358  x('151') =l= 0;
5359  con51..x('149') -
5360  x('150') =l= 0;
5361  con52..x('148') -
5362  x('149') =l= 0;
5363  con53..x('147') -
5364  x('148') =l= 0;
5365  con54..x('146') -
5366  x('147') =l= 0;
5367  con55..x('145') -
5368  x('146') =l= 0;
5369  con56..x('144') -
5370  x('145') =l= 0;
5371  con57..x('143') -
5372  x('144') =l= 0;
5373  con58..x('142') -
5374  x('143') =l= 0;
5375  con59..x('141') -
5376  x('142') =l= 0;
5377  con60..x('140') -
5378  x('141') =l= 0;
5379  con61..x('139') -
5380  x('140') =l= 0;
5381  con62..x('138') -
5382  x('139') =l= 0;
5383  con63..x('137') -
5384  x('138') =l= 0;
5385  con64..x('136') -
5386  x('137') =l= 0;
5387  con65..x('135') -
5388  x('136') =l= 0;
5389  con66..x('134') -
5390  x('135') =l= 0;
5391  con67..x('133') -
5392  x('134') =l= 0;
5393  con68..x('132') -
5394  x('133') =l= 0;
5395  con69..x('131') -
5396  x('132') =l= 0;
5397  con70..x('130') -
5398  x('131') =l= 0;
5399  con71..x('129') -
5400  x('130') =l= 0;
5401  con72..x('128') -
5402  x('129') =l= 0;
5403  con73..x('127') -
5404  x('128') =l= 0;
5405  con74..x('126') -
5406  x('127') =l= 0;
5407  con75..x('125') -
5408  x('126') =l= 0;
5409  con76..x('124') -
5410  x('125') =l= 0;
5411  con77..x('123') -
5412  x('124') =l= 0;
5413  con78..x('122') -
5414  x('123') =l= 0;
5415  con79..x('121') -
5416  x('122') =l= 0;
5417  con80..x('120') -
5418  x('121') =l= 0;
5419  con81..x('119') -
5420  x('120') =l= 0;
5421  con82..x('118') -
5422  x('119') =l= 0;
5423  con83..x('117') -
5424  x('118') =l= 0;
5425  con84..x('116') -
5426  x('117') =l= 0;
5427  con85..x('115') -
5428  x('116') =l= 0;
5429  con86..x('114') -
5430  x('115') =l= 0;
5431  con87..x('113') -
5432  x('114') =l= 0;
5433  con88..x('112') -
5434  x('113') =l= 0;
5435  con89..x('111') -
5436  x('112') =l= 0;
5437  con90..x('110') -
5438  x('111') =l= 0;
5439  con91..x('109') -
5440  x('110') =l= 0;
5441  con92..x('108') -
5442  x('109') =l= 0;
5443  con93..x('107') -
5444  x('108') =l= 0;
5445  con94..x('106') -
5446  x('107') =l= 0;
5447  con95..x('105') -
5448  x('106') =l= 0;
5449  con96..x('104') -
5450  x('105') =l= 0;
5451  con97..x('103') -
5452  x('104') =l= 0;
5453  con98..x('102') -
5454  x('103') =l= 0;
5455  con99..x('101') -
5456  x('102') =l= 0;
5457  con100..(-2) * cos(-x('199') +
5458  x('200')) * x('99') * x('100') +
5459  power(x('99'), 2) +
5460  power(x('100'), 2) =l= 1;
5461  con101..(-2) * cos(-x('198') +
5462  x('200')) * x('98') * x('100') +
5463  power(x('98'), 2) +
5464  power(x('100'), 2) =l= 1;
5465  con102..(-2) * cos(-x('198') +
5466  x('199')) * x('98') * x('99') +
5467  power(x('98'), 2) +
5468  power(x('99'), 2) =l= 1;
5469  con103..(-2) * cos(-x('197') +
5470  x('200')) * x('97') * x('100') +
5471  power(x('97'), 2) +
5472  power(x('100'), 2) =l= 1;
5473  con104..(-2) * cos(-x('197') +
5474  x('199')) * x('97') * x('99') +
5475  power(x('97'), 2) +
5476  power(x('99'), 2) =l= 1;
5477  con105..(-2) * cos(-x('197') +
5478  x('198')) * x('97') * x('98') +
5479  power(x('97'), 2) +
5480  power(x('98'), 2) =l= 1;
5481  con106..(-2) * cos(-x('196') +
5482  x('200')) * x('96') * x('100') +
5483  power(x('96'), 2) +
5484  power(x('100'), 2) =l= 1;
5485  con107..(-2) * cos(-x('196') +
5486  x('199')) * x('96') * x('99') +
5487  power(x('96'), 2) +
5488  power(x('99'), 2) =l= 1;
5489  con108..(-2) * cos(-x('196') +
5490  x('198')) * x('96') * x('98') +
5491  power(x('96'), 2) +
5492  power(x('98'), 2) =l= 1;
5493  con109..(-2) * cos(-x('196') +
5494  x('197')) * x('96') * x('97') +
5495  power(x('96'), 2) +
5496  power(x('97'), 2) =l= 1;
5497  con110..(-2) * cos(-x('195') +
5498  x('200')) * x('95') * x('100') +
5499  power(x('95'), 2) +
5500  power(x('100'), 2) =l= 1;
5501  con111..(-2) * cos(-x('195') +
5502  x('199')) * x('95') * x('99') +
5503  power(x('95'), 2) +
5504  power(x('99'), 2) =l= 1;
5505  con112..(-2) * cos(-x('195') +
5506  x('198')) * x('95') * x('98') +
5507  power(x('95'), 2) +
5508  power(x('98'), 2) =l= 1;
5509  con113..(-2) * cos(-x('195') +
5510  x('197')) * x('95') * x('97') +
5511  power(x('95'), 2) +
5512  power(x('97'), 2) =l= 1;
5513  con114..(-2) * cos(-x('195') +
5514  x('196')) * x('95') * x('96') +
5515  power(x('95'), 2) +
5516  power(x('96'), 2) =l= 1;
5517  con115..(-2) * cos(-x('194') +
5518  x('200')) * x('94') * x('100') +
5519  power(x('94'), 2) +
5520  power(x('100'), 2) =l= 1;
5521  con116..(-2) * cos(-x('194') +
5522  x('199')) * x('94') * x('99') +
5523  power(x('94'), 2) +
5524  power(x('99'), 2) =l= 1;
5525  con117..(-2) * cos(-x('194') +
5526  x('198')) * x('94') * x('98') +
5527  power(x('94'), 2) +
5528  power(x('98'), 2) =l= 1;
5529  con118..(-2) * cos(-x('194') +
5530  x('197')) * x('94') * x('97') +
5531  power(x('94'), 2) +
5532  power(x('97'), 2) =l= 1;
5533  con119..(-2) * cos(-x('194') +
5534  x('196')) * x('94') * x('96') +
5535  power(x('94'), 2) +
5536  power(x('96'), 2) =l= 1;
5537  con120..(-2) * cos(-x('194') +
5538  x('195')) * x('94') * x('95') +
5539  power(x('94'), 2) +
5540  power(x('95'), 2) =l= 1;
5541  con121..(-2) * cos(-x('193') +
5542  x('200')) * x('93') * x('100') +
5543  power(x('93'), 2) +
5544  power(x('100'), 2) =l= 1;
5545  con122..(-2) * cos(-x('193') +
5546  x('199')) * x('93') * x('99') +
5547  power(x('93'), 2) +
5548  power(x('99'), 2) =l= 1;
5549  con123..(-2) * cos(-x('193') +
5550  x('198')) * x('93') * x('98') +
5551  power(x('93'), 2) +
5552  power(x('98'), 2) =l= 1;
5553  con124..(-2) * cos(-x('193') +
5554  x('197')) * x('93') * x('97') +
5555  power(x('93'), 2) +
5556  power(x('97'), 2) =l= 1;
5557  con125..(-2) * cos(-x('193') +
5558  x('196')) * x('93') * x('96') +
5559  power(x('93'), 2) +
5560  power(x('96'), 2) =l= 1;
5561  con126..(-2) * cos(-x('193') +
5562  x('195')) * x('93') * x('95') +
5563  power(x('93'), 2) +
5564  power(x('95'), 2) =l= 1;
5565  con127..(-2) * cos(-x('193') +
5566  x('194')) * x('93') * x('94') +
5567  power(x('93'), 2) +
5568  power(x('94'), 2) =l= 1;
5569  con128..(-2) * cos(-x('192') +
5570  x('200')) * x('92') * x('100') +
5571  power(x('92'), 2) +
5572  power(x('100'), 2) =l= 1;
5573  con129..(-2) * cos(-x('192') +
5574  x('199')) * x('92') * x('99') +
5575  power(x('92'), 2) +
5576  power(x('99'), 2) =l= 1;
5577  con130..(-2) * cos(-x('192') +
5578  x('198')) * x('92') * x('98') +
5579  power(x('92'), 2) +
5580  power(x('98'), 2) =l= 1;
5581  con131..(-2) * cos(-x('192') +
5582  x('197')) * x('92') * x('97') +
5583  power(x('92'), 2) +
5584  power(x('97'), 2) =l= 1;
5585  con132..(-2) * cos(-x('192') +
5586  x('196')) * x('92') * x('96') +
5587  power(x('92'), 2) +
5588  power(x('96'), 2) =l= 1;
5589  con133..(-2) * cos(-x('192') +
5590  x('195')) * x('92') * x('95') +
5591  power(x('92'), 2) +
5592  power(x('95'), 2) =l= 1;
5593  con134..(-2) * cos(-x('192') +
5594  x('194')) * x('92') * x('94') +
5595  power(x('92'), 2) +
5596  power(x('94'), 2) =l= 1;
5597  con135..(-2) * cos(-x('192') +
5598  x('193')) * x('92') * x('93') +
5599  power(x('92'), 2) +
5600  power(x('93'), 2) =l= 1;
5601  con136..(-2) * cos(-x('191') +
5602  x('200')) * x('91') * x('100') +
5603  power(x('91'), 2) +
5604  power(x('100'), 2) =l= 1;
5605  con137..(-2) * cos(-x('191') +
5606  x('199')) * x('91') * x('99') +
5607  power(x('91'), 2) +
5608  power(x('99'), 2) =l= 1;
5609  con138..(-2) * cos(-x('191') +
5610  x('198')) * x('91') * x('98') +
5611  power(x('91'), 2) +
5612  power(x('98'), 2) =l= 1;
5613  con139..(-2) * cos(-x('191') +
5614  x('197')) * x('91') * x('97') +
5615  power(x('91'), 2) +
5616  power(x('97'), 2) =l= 1;
5617  con140..(-2) * cos(-x('191') +
5618  x('196')) * x('91') * x('96') +
5619  power(x('91'), 2) +
5620  power(x('96'), 2) =l= 1;
5621  con141..(-2) * cos(-x('191') +
5622  x('195')) * x('91') * x('95') +
5623  power(x('91'), 2) +
5624  power(x('95'), 2) =l= 1;
5625  con142..(-2) * cos(-x('191') +
5626  x('194')) * x('91') * x('94') +
5627  power(x('91'), 2) +
5628  power(x('94'), 2) =l= 1;
5629  con143..(-2) * cos(-x('191') +
5630  x('193')) * x('91') * x('93') +
5631  power(x('91'), 2) +
5632  power(x('93'), 2) =l= 1;
5633  con144..(-2) * cos(-x('191') +
5634  x('192')) * x('91') * x('92') +
5635  power(x('91'), 2) +
5636  power(x('92'), 2) =l= 1;
5637  con145..(-2) * cos(-x('190') +
5638  x('200')) * x('90') * x('100') +
5639  power(x('90'), 2) +
5640  power(x('100'), 2) =l= 1;
5641  con146..(-2) * cos(-x('190') +
5642  x('199')) * x('90') * x('99') +
5643  power(x('90'), 2) +
5644  power(x('99'), 2) =l= 1;
5645  con147..(-2) * cos(-x('190') +
5646  x('198')) * x('90') * x('98') +
5647  power(x('90'), 2) +
5648  power(x('98'), 2) =l= 1;
5649  con148..(-2) * cos(-x('190') +
5650  x('197')) * x('90') * x('97') +
5651  power(x('90'), 2) +
5652  power(x('97'), 2) =l= 1;
5653  con149..(-2) * cos(-x('190') +
5654  x('196')) * x('90') * x('96') +
5655  power(x('90'), 2) +
5656  power(x('96'), 2) =l= 1;
5657  con150..(-2) * cos(-x('190') +
5658  x('195')) * x('90') * x('95') +
5659  power(x('90'), 2) +
5660  power(x('95'), 2) =l= 1;
5661  con151..(-2) * cos(-x('190') +
5662  x('194')) * x('90') * x('94') +
5663  power(x('90'), 2) +
5664  power(x('94'), 2) =l= 1;
5665  con152..(-2) * cos(-x('190') +
5666  x('193')) * x('90') * x('93') +
5667  power(x('90'), 2) +
5668  power(x('93'), 2) =l= 1;
5669  con153..(-2) * cos(-x('190') +
5670  x('192')) * x('90') * x('92') +
5671  power(x('90'), 2) +
5672  power(x('92'), 2) =l= 1;
5673  con154..(-2) * cos(-x('190') +
5674  x('191')) * x('90') * x('91') +
5675  power(x('90'), 2) +
5676  power(x('91'), 2) =l= 1;
5677  con155..(-2) * cos(-x('189') +
5678  x('200')) * x('89') * x('100') +
5679  power(x('89'), 2) +
5680  power(x('100'), 2) =l= 1;
5681  con156..(-2) * cos(-x('189') +
5682  x('199')) * x('89') * x('99') +
5683  power(x('89'), 2) +
5684  power(x('99'), 2) =l= 1;
5685  con157..(-2) * cos(-x('189') +
5686  x('198')) * x('89') * x('98') +
5687  power(x('89'), 2) +
5688  power(x('98'), 2) =l= 1;
5689  con158..(-2) * cos(-x('189') +
5690  x('197')) * x('89') * x('97') +
5691  power(x('89'), 2) +
5692  power(x('97'), 2) =l= 1;
5693  con159..(-2) * cos(-x('189') +
5694  x('196')) * x('89') * x('96') +
5695  power(x('89'), 2) +
5696  power(x('96'), 2) =l= 1;
5697  con160..(-2) * cos(-x('189') +
5698  x('195')) * x('89') * x('95') +
5699  power(x('89'), 2) +
5700  power(x('95'), 2) =l= 1;
5701  con161..(-2) * cos(-x('189') +
5702  x('194')) * x('89') * x('94') +
5703  power(x('89'), 2) +
5704  power(x('94'), 2) =l= 1;
5705  con162..(-2) * cos(-x('189') +
5706  x('193')) * x('89') * x('93') +
5707  power(x('89'), 2) +
5708  power(x('93'), 2) =l= 1;
5709  con163..(-2) * cos(-x('189') +
5710  x('192')) * x('89') * x('92') +
5711  power(x('89'), 2) +
5712  power(x('92'), 2) =l= 1;
5713  con164..(-2) * cos(-x('189') +
5714  x('191')) * x('89') * x('91') +
5715  power(x('89'), 2) +
5716  power(x('91'), 2) =l= 1;
5717  con165..(-2) * cos(-x('189') +
5718  x('190')) * x('89') * x('90') +
5719  power(x('89'), 2) +
5720  power(x('90'), 2) =l= 1;
5721  con166..(-2) * cos(-x('188') +
5722  x('200')) * x('88') * x('100') +
5723  power(x('88'), 2) +
5724  power(x('100'), 2) =l= 1;
5725  con167..(-2) * cos(-x('188') +
5726  x('199')) * x('88') * x('99') +
5727  power(x('88'), 2) +
5728  power(x('99'), 2) =l= 1;
5729  con168..(-2) * cos(-x('188') +
5730  x('198')) * x('88') * x('98') +
5731  power(x('88'), 2) +
5732  power(x('98'), 2) =l= 1;
5733  con169..(-2) * cos(-x('188') +
5734  x('197')) * x('88') * x('97') +
5735  power(x('88'), 2) +
5736  power(x('97'), 2) =l= 1;
5737  con170..(-2) * cos(-x('188') +
5738  x('196')) * x('88') * x('96') +
5739  power(x('88'), 2) +
5740  power(x('96'), 2) =l= 1;
5741  con171..(-2) * cos(-x('188') +
5742  x('195')) * x('88') * x('95') +
5743  power(x('88'), 2) +
5744  power(x('95'), 2) =l= 1;
5745  con172..(-2) * cos(-x('188') +
5746  x('194')) * x('88') * x('94') +
5747  power(x('88'), 2) +
5748  power(x('94'), 2) =l= 1;
5749  con173..(-2) * cos(-x('188') +
5750  x('193')) * x('88') * x('93') +
5751  power(x('88'), 2) +
5752  power(x('93'), 2) =l= 1;
5753  con174..(-2) * cos(-x('188') +
5754  x('192')) * x('88') * x('92') +
5755  power(x('88'), 2) +
5756  power(x('92'), 2) =l= 1;
5757  con175..(-2) * cos(-x('188') +
5758  x('191')) * x('88') * x('91') +
5759  power(x('88'), 2) +
5760  power(x('91'), 2) =l= 1;
5761  con176..(-2) * cos(-x('188') +
5762  x('190')) * x('88') * x('90') +
5763  power(x('88'), 2) +
5764  power(x('90'), 2) =l= 1;
5765  con177..(-2) * cos(-x('188') +
5766  x('189')) * x('88') * x('89') +
5767  power(x('88'), 2) +
5768  power(x('89'), 2) =l= 1;
5769  con178..(-2) * cos(-x('187') +
5770  x('200')) * x('87') * x('100') +
5771  power(x('87'), 2) +
5772  power(x('100'), 2) =l= 1;
5773  con179..(-2) * cos(-x('187') +
5774  x('199')) * x('87') * x('99') +
5775  power(x('87'), 2) +
5776  power(x('99'), 2) =l= 1;
5777  con180..(-2) * cos(-x('187') +
5778  x('198')) * x('87') * x('98') +
5779  power(x('87'), 2) +
5780  power(x('98'), 2) =l= 1;
5781  con181..(-2) * cos(-x('187') +
5782  x('197')) * x('87') * x('97') +
5783  power(x('87'), 2) +
5784  power(x('97'), 2) =l= 1;
5785  con182..(-2) * cos(-x('187') +
5786  x('196')) * x('87') * x('96') +
5787  power(x('87'), 2) +
5788  power(x('96'), 2) =l= 1;
5789  con183..(-2) * cos(-x('187') +
5790  x('195')) * x('87') * x('95') +
5791  power(x('87'), 2) +
5792  power(x('95'), 2) =l= 1;
5793  con184..(-2) * cos(-x('187') +
5794  x('194')) * x('87') * x('94') +
5795  power(x('87'), 2) +
5796  power(x('94'), 2) =l= 1;
5797  con185..(-2) * cos(-x('187') +
5798  x('193')) * x('87') * x('93') +
5799  power(x('87'), 2) +
5800  power(x('93'), 2) =l= 1;
5801  con186..(-2) * cos(-x('187') +
5802  x('192')) * x('87') * x('92') +
5803  power(x('87'), 2) +
5804  power(x('92'), 2) =l= 1;
5805  con187..(-2) * cos(-x('187') +
5806  x('191')) * x('87') * x('91') +
5807  power(x('87'), 2) +
5808  power(x('91'), 2) =l= 1;
5809  con188..(-2) * cos(-x('187') +
5810  x('190')) * x('87') * x('90') +
5811  power(x('87'), 2) +
5812  power(x('90'), 2) =l= 1;
5813  con189..(-2) * cos(-x('187') +
5814  x('189')) * x('87') * x('89') +
5815  power(x('87'), 2) +
5816  power(x('89'), 2) =l= 1;
5817  con190..(-2) * cos(-x('187') +
5818  x('188')) * x('87') * x('88') +
5819  power(x('87'), 2) +
5820  power(x('88'), 2) =l= 1;
5821  con191..(-2) * cos(-x('186') +
5822  x('200')) * x('86') * x('100') +
5823  power(x('86'), 2) +
5824  power(x('100'), 2) =l= 1;
5825  con192..(-2) * cos(-x('186') +
5826  x('199')) * x('86') * x('99') +
5827  power(x('86'), 2) +
5828  power(x('99'), 2) =l= 1;
5829  con193..(-2) * cos(-x('186') +
5830  x('198')) * x('86') * x('98') +
5831  power(x('86'), 2) +
5832  power(x('98'), 2) =l= 1;
5833  con194..(-2) * cos(-x('186') +
5834  x('197')) * x('86') * x('97') +
5835  power(x('86'), 2) +
5836  power(x('97'), 2) =l= 1;
5837  con195..(-2) * cos(-x('186') +
5838  x('196')) * x('86') * x('96') +
5839  power(x('86'), 2) +
5840  power(x('96'), 2) =l= 1;
5841  con196..(-2) * cos(-x('186') +
5842  x('195')) * x('86') * x('95') +
5843  power(x('86'), 2) +
5844  power(x('95'), 2) =l= 1;
5845  con197..(-2) * cos(-x('186') +
5846  x('194')) * x('86') * x('94') +
5847  power(x('86'), 2) +
5848  power(x('94'), 2) =l= 1;
5849  con198..(-2) * cos(-x('186') +
5850  x('193')) * x('86') * x('93') +
5851  power(x('86'), 2) +
5852  power(x('93'), 2) =l= 1;
5853  con199..(-2) * cos(-x('101') +
5854  x('102')) * x('1') * x('2') +
5855  power(x('1'), 2) +
5856  power(x('2'), 2) =l= 1;
5857  con200..(-2) * cos(-x('186') +
5858  x('192')) * x('86') * x('92') +
5859  power(x('86'), 2) +
5860  power(x('92'), 2) =l= 1;
5861  con201..(-2) * cos(-x('186') +
5862  x('191')) * x('86') * x('91') +
5863  power(x('86'), 2) +
5864  power(x('91'), 2) =l= 1;
5865  con202..(-2) * cos(-x('101') +
5866  x('103')) * x('1') * x('3') +
5867  power(x('1'), 2) +
5868  power(x('3'), 2) =l= 1;
5869  con203..(-2) * cos(-x('186') +
5870  x('190')) * x('86') * x('90') +
5871  power(x('86'), 2) +
5872  power(x('90'), 2) =l= 1;
5873  con204..(-2) * cos(-x('186') +
5874  x('189')) * x('86') * x('89') +
5875  power(x('86'), 2) +
5876  power(x('89'), 2) =l= 1;
5877  con205..(-2) * cos(-x('101') +
5878  x('104')) * x('1') * x('4') +
5879  power(x('1'), 2) +
5880  power(x('4'), 2) =l= 1;
5881  con206..(-2) * cos(-x('186') +
5882  x('188')) * x('86') * x('88') +
5883  power(x('86'), 2) +
5884  power(x('88'), 2) =l= 1;
5885  con207..(-2) * cos(-x('186') +
5886  x('187')) * x('86') * x('87') +
5887  power(x('86'), 2) +
5888  power(x('87'), 2) =l= 1;
5889  con208..(-2) * cos(-x('101') +
5890  x('105')) * x('1') * x('5') +
5891  power(x('1'), 2) +
5892  power(x('5'), 2) =l= 1;
5893  con209..(-2) * cos(-x('185') +
5894  x('200')) * x('85') * x('100') +
5895  power(x('85'), 2) +
5896  power(x('100'), 2) =l= 1;
5897  con210..(-2) * cos(-x('185') +
5898  x('199')) * x('85') * x('99') +
5899  power(x('85'), 2) +
5900  power(x('99'), 2) =l= 1;
5901  con211..(-2) * cos(-x('101') +
5902  x('106')) * x('1') * x('6') +
5903  power(x('1'), 2) +
5904  power(x('6'), 2) =l= 1;
5905  con212..(-2) * cos(-x('185') +
5906  x('198')) * x('85') * x('98') +
5907  power(x('85'), 2) +
5908  power(x('98'), 2) =l= 1;
5909  con213..(-2) * cos(-x('185') +
5910  x('197')) * x('85') * x('97') +
5911  power(x('85'), 2) +
5912  power(x('97'), 2) =l= 1;
5913  con214..(-2) * cos(-x('101') +
5914  x('107')) * x('1') * x('7') +
5915  power(x('1'), 2) +
5916  power(x('7'), 2) =l= 1;
5917  con215..(-2) * cos(-x('185') +
5918  x('196')) * x('85') * x('96') +
5919  power(x('85'), 2) +
5920  power(x('96'), 2) =l= 1;
5921  con216..(-2) * cos(-x('185') +
5922  x('195')) * x('85') * x('95') +
5923  power(x('85'), 2) +
5924  power(x('95'), 2) =l= 1;
5925  con217..(-2) * cos(-x('101') +
5926  x('108')) * x('1') * x('8') +
5927  power(x('1'), 2) +
5928  power(x('8'), 2) =l= 1;
5929  con218..(-2) * cos(-x('185') +
5930  x('194')) * x('85') * x('94') +
5931  power(x('85'), 2) +
5932  power(x('94'), 2) =l= 1;
5933  con219..(-2) * cos(-x('185') +
5934  x('193')) * x('85') * x('93') +
5935  power(x('85'), 2) +
5936  power(x('93'), 2) =l= 1;
5937  con220..(-2) * cos(-x('101') +
5938  x('109')) * x('1') * x('9') +
5939  power(x('1'), 2) +
5940  power(x('9'), 2) =l= 1;
5941  con221..(-2) * cos(-x('185') +
5942  x('192')) * x('85') * x('92') +
5943  power(x('85'), 2) +
5944  power(x('92'), 2) =l= 1;
5945  con222..(-2) * cos(-x('185') +
5946  x('191')) * x('85') * x('91') +
5947  power(x('85'), 2) +
5948  power(x('91'), 2) =l= 1;
5949  con223..(-2) * cos(-x('101') +
5950  x('110')) * x('1') * x('10') +
5951  power(x('1'), 2) +
5952  power(x('10'), 2) =l= 1;
5953  con224..(-2) * cos(-x('185') +
5954  x('190')) * x('85') * x('90') +
5955  power(x('85'), 2) +
5956  power(x('90'), 2) =l= 1;
5957  con225..(-2) * cos(-x('185') +
5958  x('189')) * x('85') * x('89') +
5959  power(x('85'), 2) +
5960  power(x('89'), 2) =l= 1;
5961  con226..(-2) * cos(-x('101') +
5962  x('111')) * x('1') * x('11') +
5963  power(x('1'), 2) +
5964  power(x('11'), 2) =l= 1;
5965  con227..(-2) * cos(-x('185') +
5966  x('188')) * x('85') * x('88') +
5967  power(x('85'), 2) +
5968  power(x('88'), 2) =l= 1;
5969  con228..(-2) * cos(-x('185') +
5970  x('187')) * x('85') * x('87') +
5971  power(x('85'), 2) +
5972  power(x('87'), 2) =l= 1;
5973  con229..(-2) * cos(-x('101') +
5974  x('112')) * x('1') * x('12') +
5975  power(x('1'), 2) +
5976  power(x('12'), 2) =l= 1;
5977  con230..(-2) * cos(-x('185') +
5978  x('186')) * x('85') * x('86') +
5979  power(x('85'), 2) +
5980  power(x('86'), 2) =l= 1;
5981  con231..(-2) * cos(-x('184') +
5982  x('200')) * x('84') * x('100') +
5983  power(x('84'), 2) +
5984  power(x('100'), 2) =l= 1;
5985  con232..(-2) * cos(-x('101') +
5986  x('113')) * x('1') * x('13') +
5987  power(x('1'), 2) +
5988  power(x('13'), 2) =l= 1;
5989  con233..(-2) * cos(-x('184') +
5990  x('199')) * x('84') * x('99') +
5991  power(x('84'), 2) +
5992  power(x('99'), 2) =l= 1;
5993  con234..(-2) * cos(-x('184') +
5994  x('198')) * x('84') * x('98') +
5995  power(x('84'), 2) +
5996  power(x('98'), 2) =l= 1;
5997  con235..(-2) * cos(-x('101') +
5998  x('114')) * x('1') * x('14') +
5999  power(x('1'), 2) +
6000  power(x('14'), 2) =l= 1;
6001  con236..(-2) * cos(-x('184') +
6002  x('197')) * x('84') * x('97') +
6003  power(x('84'), 2) +
6004  power(x('97'), 2) =l= 1;
6005  con237..(-2) * cos(-x('184') +
6006  x('196')) * x('84') * x('96') +
6007  power(x('84'), 2) +
6008  power(x('96'), 2) =l= 1;
6009  con238..(-2) * cos(-x('101') +
6010  x('115')) * x('1') * x('15') +
6011  power(x('1'), 2) +
6012  power(x('15'), 2) =l= 1;
6013  con239..(-2) * cos(-x('184') +
6014  x('195')) * x('84') * x('95') +
6015  power(x('84'), 2) +
6016  power(x('95'), 2) =l= 1;
6017  con240..(-2) * cos(-x('184') +
6018  x('194')) * x('84') * x('94') +
6019  power(x('84'), 2) +
6020  power(x('94'), 2) =l= 1;
6021  con241..(-2) * cos(-x('101') +
6022  x('116')) * x('1') * x('16') +
6023  power(x('1'), 2) +
6024  power(x('16'), 2) =l= 1;
6025  con242..(-2) * cos(-x('184') +
6026  x('193')) * x('84') * x('93') +
6027  power(x('84'), 2) +
6028  power(x('93'), 2) =l= 1;
6029  con243..(-2) * cos(-x('184') +
6030  x('192')) * x('84') * x('92') +
6031  power(x('84'), 2) +
6032  power(x('92'), 2) =l= 1;
6033  con244..(-2) * cos(-x('101') +
6034  x('117')) * x('1') * x('17') +
6035  power(x('1'), 2) +
6036  power(x('17'), 2) =l= 1;
6037  con245..(-2) * cos(-x('184') +
6038  x('191')) * x('84') * x('91') +
6039  power(x('84'), 2) +
6040  power(x('91'), 2) =l= 1;
6041  con246..(-2) * cos(-x('184') +
6042  x('190')) * x('84') * x('90') +
6043  power(x('84'), 2) +
6044  power(x('90'), 2) =l= 1;
6045  con247..(-2) * cos(-x('101') +
6046  x('118')) * x('1') * x('18') +
6047  power(x('1'), 2) +
6048  power(x('18'), 2) =l= 1;
6049  con248..(-2) * cos(-x('184') +
6050  x('189')) * x('84') * x('89') +
6051  power(x('84'), 2) +
6052  power(x('89'), 2) =l= 1;
6053  con249..(-2) * cos(-x('184') +
6054  x('188')) * x('84') * x('88') +
6055  power(x('84'), 2) +
6056  power(x('88'), 2) =l= 1;
6057  con250..(-2) * cos(-x('101') +
6058  x('119')) * x('1') * x('19') +
6059  power(x('1'), 2) +
6060  power(x('19'), 2) =l= 1;
6061  con251..(-2) * cos(-x('184') +
6062  x('187')) * x('84') * x('87') +
6063  power(x('84'), 2) +
6064  power(x('87'), 2) =l= 1;
6065  con252..(-2) * cos(-x('184') +
6066  x('186')) * x('84') * x('86') +
6067  power(x('84'), 2) +
6068  power(x('86'), 2) =l= 1;
6069  con253..(-2) * cos(-x('101') +
6070  x('120')) * x('1') * x('20') +
6071  power(x('1'), 2) +
6072  power(x('20'), 2) =l= 1;
6073  con254..(-2) * cos(-x('184') +
6074  x('185')) * x('84') * x('85') +
6075  power(x('84'), 2) +
6076  power(x('85'), 2) =l= 1;
6077  con255..(-2) * cos(-x('183') +
6078  x('200')) * x('83') * x('100') +
6079  power(x('83'), 2) +
6080  power(x('100'), 2) =l= 1;
6081  con256..(-2) * cos(-x('101') +
6082  x('121')) * x('1') * x('21') +
6083  power(x('1'), 2) +
6084  power(x('21'), 2) =l= 1;
6085  con257..(-2) * cos(-x('183') +
6086  x('199')) * x('83') * x('99') +
6087  power(x('83'), 2) +
6088  power(x('99'), 2) =l= 1;
6089  con258..(-2) * cos(-x('183') +
6090  x('198')) * x('83') * x('98') +
6091  power(x('83'), 2) +
6092  power(x('98'), 2) =l= 1;
6093  con259..(-2) * cos(-x('101') +
6094  x('122')) * x('1') * x('22') +
6095  power(x('1'), 2) +
6096  power(x('22'), 2) =l= 1;
6097  con260..(-2) * cos(-x('183') +
6098  x('197')) * x('83') * x('97') +
6099  power(x('83'), 2) +
6100  power(x('97'), 2) =l= 1;
6101  con261..(-2) * cos(-x('183') +
6102  x('196')) * x('83') * x('96') +
6103  power(x('83'), 2) +
6104  power(x('96'), 2) =l= 1;
6105  con262..(-2) * cos(-x('101') +
6106  x('123')) * x('1') * x('23') +
6107  power(x('1'), 2) +
6108  power(x('23'), 2) =l= 1;
6109  con263..(-2) * cos(-x('183') +
6110  x('195')) * x('83') * x('95') +
6111  power(x('83'), 2) +
6112  power(x('95'), 2) =l= 1;
6113  con264..(-2) * cos(-x('183') +
6114  x('194')) * x('83') * x('94') +
6115  power(x('83'), 2) +
6116  power(x('94'), 2) =l= 1;
6117  con265..(-2) * cos(-x('101') +
6118  x('124')) * x('1') * x('24') +
6119  power(x('1'), 2) +
6120  power(x('24'), 2) =l= 1;
6121  con266..(-2) * cos(-x('183') +
6122  x('193')) * x('83') * x('93') +
6123  power(x('83'), 2) +
6124  power(x('93'), 2) =l= 1;
6125  con267..(-2) * cos(-x('183') +
6126  x('192')) * x('83') * x('92') +
6127  power(x('83'), 2) +
6128  power(x('92'), 2) =l= 1;
6129  con268..(-2) * cos(-x('101') +
6130  x('125')) * x('1') * x('25') +
6131  power(x('1'), 2) +
6132  power(x('25'), 2) =l= 1;
6133  con269..(-2) * cos(-x('183') +
6134  x('191')) * x('83') * x('91') +
6135  power(x('83'), 2) +
6136  power(x('91'), 2) =l= 1;
6137  con270..(-2) * cos(-x('183') +
6138  x('190')) * x('83') * x('90') +
6139  power(x('83'), 2) +
6140  power(x('90'), 2) =l= 1;
6141  con271..(-2) * cos(-x('101') +
6142  x('126')) * x('1') * x('26') +
6143  power(x('1'), 2) +
6144  power(x('26'), 2) =l= 1;
6145  con272..(-2) * cos(-x('183') +
6146  x('189')) * x('83') * x('89') +
6147  power(x('83'), 2) +
6148  power(x('89'), 2) =l= 1;
6149  con273..(-2) * cos(-x('183') +
6150  x('188')) * x('83') * x('88') +
6151  power(x('83'), 2) +
6152  power(x('88'), 2) =l= 1;
6153  con274..(-2) * cos(-x('101') +
6154  x('127')) * x('1') * x('27') +
6155  power(x('1'), 2) +
6156  power(x('27'), 2) =l= 1;
6157  con275..(-2) * cos(-x('183') +
6158  x('187')) * x('83') * x('87') +
6159  power(x('83'), 2) +
6160  power(x('87'), 2) =l= 1;
6161  con276..(-2) * cos(-x('183') +
6162  x('186')) * x('83') * x('86') +
6163  power(x('83'), 2) +
6164  power(x('86'), 2) =l= 1;
6165  con277..(-2) * cos(-x('101') +
6166  x('128')) * x('1') * x('28') +
6167  power(x('1'), 2) +
6168  power(x('28'), 2) =l= 1;
6169  con278..(-2) * cos(-x('183') +
6170  x('185')) * x('83') * x('85') +
6171  power(x('83'), 2) +
6172  power(x('85'), 2) =l= 1;
6173  con279..(-2) * cos(-x('183') +
6174  x('184')) * x('83') * x('84') +
6175  power(x('83'), 2) +
6176  power(x('84'), 2) =l= 1;
6177  con280..(-2) * cos(-x('101') +
6178  x('129')) * x('1') * x('29') +
6179  power(x('1'), 2) +
6180  power(x('29'), 2) =l= 1;
6181  con281..(-2) * cos(-x('182') +
6182  x('200')) * x('82') * x('100') +
6183  power(x('82'), 2) +
6184  power(x('100'), 2) =l= 1;
6185  con282..(-2) * cos(-x('182') +
6186  x('199')) * x('82') * x('99') +
6187  power(x('82'), 2) +
6188  power(x('99'), 2) =l= 1;
6189  con283..(-2) * cos(-x('101') +
6190  x('130')) * x('1') * x('30') +
6191  power(x('1'), 2) +
6192  power(x('30'), 2) =l= 1;
6193  con284..(-2) * cos(-x('182') +
6194  x('198')) * x('82') * x('98') +
6195  power(x('82'), 2) +
6196  power(x('98'), 2) =l= 1;
6197  con285..(-2) * cos(-x('182') +
6198  x('197')) * x('82') * x('97') +
6199  power(x('82'), 2) +
6200  power(x('97'), 2) =l= 1;
6201  con286..(-2) * cos(-x('101') +
6202  x('131')) * x('1') * x('31') +
6203  power(x('1'), 2) +
6204  power(x('31'), 2) =l= 1;
6205  con287..(-2) * cos(-x('182') +
6206  x('196')) * x('82') * x('96') +
6207  power(x('82'), 2) +
6208  power(x('96'), 2) =l= 1;
6209  con288..(-2) * cos(-x('182') +
6210  x('195')) * x('82') * x('95') +
6211  power(x('82'), 2) +
6212  power(x('95'), 2) =l= 1;
6213  con289..(-2) * cos(-x('101') +
6214  x('132')) * x('1') * x('32') +
6215  power(x('1'), 2) +
6216  power(x('32'), 2) =l= 1;
6217  con290..(-2) * cos(-x('182') +
6218  x('194')) * x('82') * x('94') +
6219  power(x('82'), 2) +
6220  power(x('94'), 2) =l= 1;
6221  con291..(-2) * cos(-x('182') +
6222  x('193')) * x('82') * x('93') +
6223  power(x('82'), 2) +
6224  power(x('93'), 2) =l= 1;
6225  con292..(-2) * cos(-x('101') +
6226  x('133')) * x('1') * x('33') +
6227  power(x('1'), 2) +
6228  power(x('33'), 2) =l= 1;
6229  con293..(-2) * cos(-x('182') +
6230  x('192')) * x('82') * x('92') +
6231  power(x('82'), 2) +
6232  power(x('92'), 2) =l= 1;
6233  con294..(-2) * cos(-x('182') +
6234  x('191')) * x('82') * x('91') +
6235  power(x('82'), 2) +
6236  power(x('91'), 2) =l= 1;
6237  con295..(-2) * cos(-x('101') +
6238  x('134')) * x('1') * x('34') +
6239  power(x('1'), 2) +
6240  power(x('34'), 2) =l= 1;
6241  con296..(-2) * cos(-x('182') +
6242  x('190')) * x('82') * x('90') +
6243  power(x('82'), 2) +
6244  power(x('90'), 2) =l= 1;
6245  con297..(-2) * cos(-x('182') +
6246  x('189')) * x('82') * x('89') +
6247  power(x('82'), 2) +
6248  power(x('89'), 2) =l= 1;
6249  con298..(-2) * cos(-x('101') +
6250  x('135')) * x('1') * x('35') +
6251  power(x('1'), 2) +
6252  power(x('35'), 2) =l= 1;
6253  con299..(-2) * cos(-x('182') +
6254  x('188')) * x('82') * x('88') +
6255  power(x('82'), 2) +
6256  power(x('88'), 2) =l= 1;
6257  con300..(-2) * cos(-x('182') +
6258  x('187')) * x('82') * x('87') +
6259  power(x('82'), 2) +
6260  power(x('87'), 2) =l= 1;
6261  con301..(-2) * cos(-x('101') +
6262  x('136')) * x('1') * x('36') +
6263  power(x('1'), 2) +
6264  power(x('36'), 2) =l= 1;
6265  con302..(-2) * cos(-x('182') +
6266  x('186')) * x('82') * x('86') +
6267  power(x('82'), 2) +
6268  power(x('86'), 2) =l= 1;
6269  con303..(-2) * cos(-x('182') +
6270  x('185')) * x('82') * x('85') +
6271  power(x('82'), 2) +
6272  power(x('85'), 2) =l= 1;
6273  con304..(-2) * cos(-x('101') +
6274  x('137')) * x('1') * x('37') +
6275  power(x('1'), 2) +
6276  power(x('37'), 2) =l= 1;
6277  con305..(-2) * cos(-x('182') +
6278  x('184')) * x('82') * x('84') +
6279  power(x('82'), 2) +
6280  power(x('84'), 2) =l= 1;
6281  con306..(-2) * cos(-x('182') +
6282  x('183')) * x('82') * x('83') +
6283  power(x('82'), 2) +
6284  power(x('83'), 2) =l= 1;
6285  con307..(-2) * cos(-x('101') +
6286  x('138')) * x('1') * x('38') +
6287  power(x('1'), 2) +
6288  power(x('38'), 2) =l= 1;
6289  con308..(-2) * cos(-x('181') +
6290  x('200')) * x('81') * x('100') +
6291  power(x('81'), 2) +
6292  power(x('100'), 2) =l= 1;
6293  con309..(-2) * cos(-x('181') +
6294  x('199')) * x('81') * x('99') +
6295  power(x('81'), 2) +
6296  power(x('99'), 2) =l= 1;
6297  con310..(-2) * cos(-x('101') +
6298  x('139')) * x('1') * x('39') +
6299  power(x('1'), 2) +
6300  power(x('39'), 2) =l= 1;
6301  con311..(-2) * cos(-x('181') +
6302  x('198')) * x('81') * x('98') +
6303  power(x('81'), 2) +
6304  power(x('98'), 2) =l= 1;
6305  con312..(-2) * cos(-x('181') +
6306  x('197')) * x('81') * x('97') +
6307  power(x('81'), 2) +
6308  power(x('97'), 2) =l= 1;
6309  con313..(-2) * cos(-x('101') +
6310  x('140')) * x('1') * x('40') +
6311  power(x('1'), 2) +
6312  power(x('40'), 2) =l= 1;
6313  con314..(-2) * cos(-x('181') +
6314  x('196')) * x('81') * x('96') +
6315  power(x('81'), 2) +
6316  power(x('96'), 2) =l= 1;
6317  con315..(-2) * cos(-x('181') +
6318  x('195')) * x('81') * x('95') +
6319  power(x('81'), 2) +
6320  power(x('95'), 2) =l= 1;
6321  con316..(-2) * cos(-x('101') +
6322  x('141')) * x('1') * x('41') +
6323  power(x('1'), 2) +
6324  power(x('41'), 2) =l= 1;
6325  con317..(-2) * cos(-x('181') +
6326  x('194')) * x('81') * x('94') +
6327  power(x('81'), 2) +
6328  power(x('94'), 2) =l= 1;
6329  con318..(-2) * cos(-x('181') +
6330  x('193')) * x('81') * x('93') +
6331  power(x('81'), 2) +
6332  power(x('93'), 2) =l= 1;
6333  con319..(-2) * cos(-x('101') +
6334  x('142')) * x('1') * x('42') +
6335  power(x('1'), 2) +
6336  power(x('42'), 2) =l= 1;
6337  con320..(-2) * cos(-x('181') +
6338  x('192')) * x('81') * x('92') +
6339  power(x('81'), 2) +
6340  power(x('92'), 2) =l= 1;
6341  con321..(-2) * cos(-x('181') +
6342  x('191')) * x('81') * x('91') +
6343  power(x('81'), 2) +
6344  power(x('91'), 2) =l= 1;
6345  con322..(-2) * cos(-x('101') +
6346  x('143')) * x('1') * x('43') +
6347  power(x('1'), 2) +
6348  power(x('43'), 2) =l= 1;
6349  con323..(-2) * cos(-x('181') +
6350  x('190')) * x('81') * x('90') +
6351  power(x('81'), 2) +
6352  power(x('90'), 2) =l= 1;
6353  con324..(-2) * cos(-x('181') +
6354  x('189')) * x('81') * x('89') +
6355  power(x('81'), 2) +
6356  power(x('89'), 2) =l= 1;
6357  con325..(-2) * cos(-x('101') +
6358  x('144')) * x('1') * x('44') +
6359  power(x('1'), 2) +
6360  power(x('44'), 2) =l= 1;
6361  con326..(-2) * cos(-x('181') +
6362  x('188')) * x('81') * x('88') +
6363  power(x('81'), 2) +
6364  power(x('88'), 2) =l= 1;
6365  con327..(-2) * cos(-x('181') +
6366  x('187')) * x('81') * x('87') +
6367  power(x('81'), 2) +
6368  power(x('87'), 2) =l= 1;
6369  con328..(-2) * cos(-x('101') +
6370  x('145')) * x('1') * x('45') +
6371  power(x('1'), 2) +
6372  power(x('45'), 2) =l= 1;
6373  con329..(-2) * cos(-x('181') +
6374  x('186')) * x('81') * x('86') +
6375  power(x('81'), 2) +
6376  power(x('86'), 2) =l= 1;
6377  con330..(-2) * cos(-x('181') +
6378  x('185')) * x('81') * x('85') +
6379  power(x('81'), 2) +
6380  power(x('85'), 2) =l= 1;
6381  con331..(-2) * cos(-x('101') +
6382  x('146')) * x('1') * x('46') +
6383  power(x('1'), 2) +
6384  power(x('46'), 2) =l= 1;
6385  con332..(-2) * cos(-x('181') +
6386  x('184')) * x('81') * x('84') +
6387  power(x('81'), 2) +
6388  power(x('84'), 2) =l= 1;
6389  con333..(-2) * cos(-x('181') +
6390  x('183')) * x('81') * x('83') +
6391  power(x('81'), 2) +
6392  power(x('83'), 2) =l= 1;
6393  con334..(-2) * cos(-x('101') +
6394  x('147')) * x('1') * x('47') +
6395  power(x('1'), 2) +
6396  power(x('47'), 2) =l= 1;
6397  con335..(-2) * cos(-x('181') +
6398  x('182')) * x('81') * x('82') +
6399  power(x('81'), 2) +
6400  power(x('82'), 2) =l= 1;
6401  con336..(-2) * cos(-x('180') +
6402  x('200')) * x('80') * x('100') +
6403  power(x('80'), 2) +
6404  power(x('100'), 2) =l= 1;
6405  con337..(-2) * cos(-x('101') +
6406  x('148')) * x('1') * x('48') +
6407  power(x('1'), 2) +
6408  power(x('48'), 2) =l= 1;
6409  con338..(-2) * cos(-x('180') +
6410  x('199')) * x('80') * x('99') +
6411  power(x('80'), 2) +
6412  power(x('99'), 2) =l= 1;
6413  con339..(-2) * cos(-x('180') +
6414  x('198')) * x('80') * x('98') +
6415  power(x('80'), 2) +
6416  power(x('98'), 2) =l= 1;
6417  con340..(-2) * cos(-x('101') +
6418  x('149')) * x('1') * x('49') +
6419  power(x('1'), 2) +
6420  power(x('49'), 2) =l= 1;
6421  con341..(-2) * cos(-x('180') +
6422  x('197')) * x('80') * x('97') +
6423  power(x('80'), 2) +
6424  power(x('97'), 2) =l= 1;
6425  con342..(-2) * cos(-x('180') +
6426  x('196')) * x('80') * x('96') +
6427  power(x('80'), 2) +
6428  power(x('96'), 2) =l= 1;
6429  con343..(-2) * cos(-x('101') +
6430  x('150')) * x('1') * x('50') +
6431  power(x('1'), 2) +
6432  power(x('50'), 2) =l= 1;
6433  con344..(-2) * cos(-x('180') +
6434  x('195')) * x('80') * x('95') +
6435  power(x('80'), 2) +
6436  power(x('95'), 2) =l= 1;
6437  con345..(-2) * cos(-x('180') +
6438  x('194')) * x('80') * x('94') +
6439  power(x('80'), 2) +
6440  power(x('94'), 2) =l= 1;
6441  con346..(-2) * cos(-x('101') +
6442  x('151')) * x('1') * x('51') +
6443  power(x('1'), 2) +
6444  power(x('51'), 2) =l= 1;
6445  con347..(-2) * cos(-x('180') +
6446  x('193')) * x('80') * x('93') +
6447  power(x('80'), 2) +
6448  power(x('93'), 2) =l= 1;
6449  con348..(-2) * cos(-x('180') +
6450  x('192')) * x('80') * x('92') +
6451  power(x('80'), 2) +
6452  power(x('92'), 2) =l= 1;
6453  con349..(-2) * cos(-x('101') +
6454  x('152')) * x('1') * x('52') +
6455  power(x('1'), 2) +
6456  power(x('52'), 2) =l= 1;
6457  con350..(-2) * cos(-x('180') +
6458  x('191')) * x('80') * x('91') +
6459  power(x('80'), 2) +
6460  power(x('91'), 2) =l= 1;
6461  con351..(-2) * cos(-x('180') +
6462  x('190')) * x('80') * x('90') +
6463  power(x('80'), 2) +
6464  power(x('90'), 2) =l= 1;
6465  con352..(-2) * cos(-x('101') +
6466  x('153')) * x('1') * x('53') +
6467  power(x('1'), 2) +
6468  power(x('53'), 2) =l= 1;
6469  con353..(-2) * cos(-x('180') +
6470  x('189')) * x('80') * x('89') +
6471  power(x('80'), 2) +
6472  power(x('89'), 2) =l= 1;
6473  con354..(-2) * cos(-x('180') +
6474  x('188')) * x('80') * x('88') +
6475  power(x('80'), 2) +
6476  power(x('88'), 2) =l= 1;
6477  con355..(-2) * cos(-x('101') +
6478  x('154')) * x('1') * x('54') +
6479  power(x('1'), 2) +
6480  power(x('54'), 2) =l= 1;
6481  con356..(-2) * cos(-x('180') +
6482  x('187')) * x('80') * x('87') +
6483  power(x('80'), 2) +
6484  power(x('87'), 2) =l= 1;
6485  con357..(-2) * cos(-x('180') +
6486  x('186')) * x('80') * x('86') +
6487  power(x('80'), 2) +
6488  power(x('86'), 2) =l= 1;
6489  con358..(-2) * cos(-x('101') +
6490  x('155')) * x('1') * x('55') +
6491  power(x('1'), 2) +
6492  power(x('55'), 2) =l= 1;
6493  con359..(-2) * cos(-x('180') +
6494  x('185')) * x('80') * x('85') +
6495  power(x('80'), 2) +
6496  power(x('85'), 2) =l= 1;
6497  con360..(-2) * cos(-x('180') +
6498  x('184')) * x('80') * x('84') +
6499  power(x('80'), 2) +
6500  power(x('84'), 2) =l= 1;
6501  con361..(-2) * cos(-x('101') +
6502  x('156')) * x('1') * x('56') +
6503  power(x('1'), 2) +
6504  power(x('56'), 2) =l= 1;
6505  con362..(-2) * cos(-x('180') +
6506  x('183')) * x('80') * x('83') +
6507  power(x('80'), 2) +
6508  power(x('83'), 2) =l= 1;
6509  con363..(-2) * cos(-x('180') +
6510  x('182')) * x('80') * x('82') +
6511  power(x('80'), 2) +
6512  power(x('82'), 2) =l= 1;
6513  con364..(-2) * cos(-x('101') +
6514  x('157')) * x('1') * x('57') +
6515  power(x('1'), 2) +
6516  power(x('57'), 2) =l= 1;
6517  con365..(-2) * cos(-x('180') +
6518  x('181')) * x('80') * x('81') +
6519  power(x('80'), 2) +
6520  power(x('81'), 2) =l= 1;
6521  con366..(-2) * cos(-x('179') +
6522  x('200')) * x('79') * x('100') +
6523  power(x('79'), 2) +
6524  power(x('100'), 2) =l= 1;
6525  con367..(-2) * cos(-x('101') +
6526  x('158')) * x('1') * x('58') +
6527  power(x('1'), 2) +
6528  power(x('58'), 2) =l= 1;
6529  con368..(-2) * cos(-x('179') +
6530  x('199')) * x('79') * x('99') +
6531  power(x('79'), 2) +
6532  power(x('99'), 2) =l= 1;
6533  con369..(-2) * cos(-x('179') +
6534  x('198')) * x('79') * x('98') +
6535  power(x('79'), 2) +
6536  power(x('98'), 2) =l= 1;
6537  con370..(-2) * cos(-x('101') +
6538  x('159')) * x('1') * x('59') +
6539  power(x('1'), 2) +
6540  power(x('59'), 2) =l= 1;
6541  con371..(-2) * cos(-x('179') +
6542  x('197')) * x('79') * x('97') +
6543  power(x('79'), 2) +
6544  power(x('97'), 2) =l= 1;
6545  con372..(-2) * cos(-x('179') +
6546  x('196')) * x('79') * x('96') +
6547  power(x('79'), 2) +
6548  power(x('96'), 2) =l= 1;
6549  con373..(-2) * cos(-x('101') +
6550  x('160')) * x('1') * x('60') +
6551  power(x('1'), 2) +
6552  power(x('60'), 2) =l= 1;
6553  con374..(-2) * cos(-x('179') +
6554  x('195')) * x('79') * x('95') +
6555  power(x('79'), 2) +
6556  power(x('95'), 2) =l= 1;
6557  con375..(-2) * cos(-x('179') +
6558  x('194')) * x('79') * x('94') +
6559  power(x('79'), 2) +
6560  power(x('94'), 2) =l= 1;
6561  con376..(-2) * cos(-x('101') +
6562  x('161')) * x('1') * x('61') +
6563  power(x('1'), 2) +
6564  power(x('61'), 2) =l= 1;
6565  con377..(-2) * cos(-x('179') +
6566  x('193')) * x('79') * x('93') +
6567  power(x('79'), 2) +
6568  power(x('93'), 2) =l= 1;
6569  con378..(-2) * cos(-x('179') +
6570  x('192')) * x('79') * x('92') +
6571  power(x('79'), 2) +
6572  power(x('92'), 2) =l= 1;
6573  con379..(-2) * cos(-x('101') +
6574  x('162')) * x('1') * x('62') +
6575  power(x('1'), 2) +
6576  power(x('62'), 2) =l= 1;
6577  con380..(-2) * cos(-x('179') +
6578  x('191')) * x('79') * x('91') +
6579  power(x('79'), 2) +
6580  power(x('91'), 2) =l= 1;
6581  con381..(-2) * cos(-x('179') +
6582  x('190')) * x('79') * x('90') +
6583  power(x('79'), 2) +
6584  power(x('90'), 2) =l= 1;
6585  con382..(-2) * cos(-x('101') +
6586  x('163')) * x('1') * x('63') +
6587  power(x('1'), 2) +
6588  power(x('63'), 2) =l= 1;
6589  con383..(-2) * cos(-x('179') +
6590  x('189')) * x('79') * x('89') +
6591  power(x('79'), 2) +
6592  power(x('89'), 2) =l= 1;
6593  con384..(-2) * cos(-x('179') +
6594  x('188')) * x('79') * x('88') +
6595  power(x('79'), 2) +
6596  power(x('88'), 2) =l= 1;
6597  con385..(-2) * cos(-x('101') +
6598  x('164')) * x('1') * x('64') +
6599  power(x('1'), 2) +
6600  power(x('64'), 2) =l= 1;
6601  con386..(-2) * cos(-x('179') +
6602  x('187')) * x('79') * x('87') +
6603  power(x('79'), 2) +
6604  power(x('87'), 2) =l= 1;
6605  con387..(-2) * cos(-x('179') +
6606  x('186')) * x('79') * x('86') +
6607  power(x('79'), 2) +
6608  power(x('86'), 2) =l= 1;
6609  con388..(-2) * cos(-x('101') +
6610  x('165')) * x('1') * x('65') +
6611  power(x('1'), 2) +
6612  power(x('65'), 2) =l= 1;
6613  con389..(-2) * cos(-x('179') +
6614  x('185')) * x('79') * x('85') +
6615  power(x('79'), 2) +
6616  power(x('85'), 2) =l= 1;
6617  con390..(-2) * cos(-x('179') +
6618  x('184')) * x('79') * x('84') +
6619  power(x('79'), 2) +
6620  power(x('84'), 2) =l= 1;
6621  con391..(-2) * cos(-x('101') +
6622  x('166')) * x('1') * x('66') +
6623  power(x('1'), 2) +
6624  power(x('66'), 2) =l= 1;
6625  con392..(-2) * cos(-x('179') +
6626  x('183')) * x('79') * x('83') +
6627  power(x('79'), 2) +
6628  power(x('83'), 2) =l= 1;
6629  con393..(-2) * cos(-x('179') +
6630  x('182')) * x('79') * x('82') +
6631  power(x('79'), 2) +
6632  power(x('82'), 2) =l= 1;
6633  con394..(-2) * cos(-x('101') +
6634  x('167')) * x('1') * x('67') +
6635  power(x('1'), 2) +
6636  power(x('67'), 2) =l= 1;
6637  con395..(-2) * cos(-x('179') +
6638  x('181')) * x('79') * x('81') +
6639  power(x('79'), 2) +
6640  power(x('81'), 2) =l= 1;
6641  con396..(-2) * cos(-x('179') +
6642  x('180')) * x('79') * x('80') +
6643  power(x('79'), 2) +
6644  power(x('80'), 2) =l= 1;
6645  con397..(-2) * cos(-x('101') +
6646  x('168')) * x('1') * x('68') +
6647  power(x('1'), 2) +
6648  power(x('68'), 2) =l= 1;
6649  con398..(-2) * cos(-x('178') +
6650  x('200')) * x('78') * x('100') +
6651  power(x('78'), 2) +
6652  power(x('100'), 2) =l= 1;
6653  con399..(-2) * cos(-x('178') +
6654  x('199')) * x('78') * x('99') +
6655  power(x('78'), 2) +
6656  power(x('99'), 2) =l= 1;
6657  con400..(-2) * cos(-x('101') +
6658  x('169')) * x('1') * x('69') +
6659  power(x('1'), 2) +
6660  power(x('69'), 2) =l= 1;
6661  con401..(-2) * cos(-x('178') +
6662  x('198')) * x('78') * x('98') +
6663  power(x('78'), 2) +
6664  power(x('98'), 2) =l= 1;
6665  con402..(-2) * cos(-x('178') +
6666  x('197')) * x('78') * x('97') +
6667  power(x('78'), 2) +
6668  power(x('97'), 2) =l= 1;
6669  con403..(-2) * cos(-x('101') +
6670  x('170')) * x('1') * x('70') +
6671  power(x('1'), 2) +
6672  power(x('70'), 2) =l= 1;
6673  con404..(-2) * cos(-x('178') +
6674  x('196')) * x('78') * x('96') +
6675  power(x('78'), 2) +
6676  power(x('96'), 2) =l= 1;
6677  con405..(-2) * cos(-x('178') +
6678  x('195')) * x('78') * x('95') +
6679  power(x('78'), 2) +
6680  power(x('95'), 2) =l= 1;
6681  con406..(-2) * cos(-x('101') +
6682  x('171')) * x('1') * x('71') +
6683  power(x('1'), 2) +
6684  power(x('71'), 2) =l= 1;
6685  con407..(-2) * cos(-x('178') +
6686  x('194')) * x('78') * x('94') +
6687  power(x('78'), 2) +
6688  power(x('94'), 2) =l= 1;
6689  con408..(-2) * cos(-x('178') +
6690  x('193')) * x('78') * x('93') +
6691  power(x('78'), 2) +
6692  power(x('93'), 2) =l= 1;
6693  con409..(-2) * cos(-x('101') +
6694  x('172')) * x('1') * x('72') +
6695  power(x('1'), 2) +
6696  power(x('72'), 2) =l= 1;
6697  con410..(-2) * cos(-x('178') +
6698  x('192')) * x('78') * x('92') +
6699  power(x('78'), 2) +
6700  power(x('92'), 2) =l= 1;
6701  con411..(-2) * cos(-x('178') +
6702  x('191')) * x('78') * x('91') +
6703  power(x('78'), 2) +
6704  power(x('91'), 2) =l= 1;
6705  con412..(-2) * cos(-x('101') +
6706  x('173')) * x('1') * x('73') +
6707  power(x('1'), 2) +
6708  power(x('73'), 2) =l= 1;
6709  con413..(-2) * cos(-x('178') +
6710  x('190')) * x('78') * x('90') +
6711  power(x('78'), 2) +
6712  power(x('90'), 2) =l= 1;
6713  con414..(-2) * cos(-x('178') +
6714  x('189')) * x('78') * x('89') +
6715  power(x('78'), 2) +
6716  power(x('89'), 2) =l= 1;
6717  con415..(-2) * cos(-x('101') +
6718  x('174')) * x('1') * x('74') +
6719  power(x('1'), 2) +
6720  power(x('74'), 2) =l= 1;
6721  con416..(-2) * cos(-x('178') +
6722  x('188')) * x('78') * x('88') +
6723  power(x('78'), 2) +
6724  power(x('88'), 2) =l= 1;
6725  con417..(-2) * cos(-x('178') +
6726  x('187')) * x('78') * x('87') +
6727  power(x('78'), 2) +
6728  power(x('87'), 2) =l= 1;
6729  con418..(-2) * cos(-x('101') +
6730  x('175')) * x('1') * x('75') +
6731  power(x('1'), 2) +
6732  power(x('75'), 2) =l= 1;
6733  con419..(-2) * cos(-x('178') +
6734  x('186')) * x('78') * x('86') +
6735  power(x('78'), 2) +
6736  power(x('86'), 2) =l= 1;
6737  con420..(-2) * cos(-x('178') +
6738  x('185')) * x('78') * x('85') +
6739  power(x('78'), 2) +
6740  power(x('85'), 2) =l= 1;
6741  con421..(-2) * cos(-x('101') +
6742  x('176')) * x('1') * x('76') +
6743  power(x('1'), 2) +
6744  power(x('76'), 2) =l= 1;
6745  con422..(-2) * cos(-x('178') +
6746  x('184')) * x('78') * x('84') +
6747  power(x('78'), 2) +
6748  power(x('84'), 2) =l= 1;
6749  con423..(-2) * cos(-x('178') +
6750  x('183')) * x('78') * x('83') +
6751  power(x('78'), 2) +
6752  power(x('83'), 2) =l= 1;
6753  con424..(-2) * cos(-x('101') +
6754  x('177')) * x('1') * x('77') +
6755  power(x('1'), 2) +
6756  power(x('77'), 2) =l= 1;
6757  con425..(-2) * cos(-x('178') +
6758  x('182')) * x('78') * x('82') +
6759  power(x('78'), 2) +
6760  power(x('82'), 2) =l= 1;
6761  con426..(-2) * cos(-x('178') +
6762  x('181')) * x('78') * x('81') +
6763  power(x('78'), 2) +
6764  power(x('81'), 2) =l= 1;
6765  con427..(-2) * cos(-x('101') +
6766  x('178')) * x('1') * x('78') +
6767  power(x('1'), 2) +
6768  power(x('78'), 2) =l= 1;
6769  con428..(-2) * cos(-x('178') +
6770  x('180')) * x('78') * x('80') +
6771  power(x('78'), 2) +
6772  power(x('80'), 2) =l= 1;
6773  con429..(-2) * cos(-x('178') +
6774  x('179')) * x('78') * x('79') +
6775  power(x('78'), 2) +
6776  power(x('79'), 2) =l= 1;
6777  con430..(-2) * cos(-x('101') +
6778  x('179')) * x('1') * x('79') +
6779  power(x('1'), 2) +
6780  power(x('79'), 2) =l= 1;
6781  con431..(-2) * cos(-x('177') +
6782  x('200')) * x('77') * x('100') +
6783  power(x('77'), 2) +
6784  power(x('100'), 2) =l= 1;
6785  con432..(-2) * cos(-x('177') +
6786  x('199')) * x('77') * x('99') +
6787  power(x('77'), 2) +
6788  power(x('99'), 2) =l= 1;
6789  con433..(-2) * cos(-x('101') +
6790  x('180')) * x('1') * x('80') +
6791  power(x('1'), 2) +
6792  power(x('80'), 2) =l= 1;
6793  con434..(-2) * cos(-x('177') +
6794  x('198')) * x('77') * x('98') +
6795  power(x('77'), 2) +
6796  power(x('98'), 2) =l= 1;
6797  con435..(-2) * cos(-x('177') +
6798  x('197')) * x('77') * x('97') +
6799  power(x('77'), 2) +
6800  power(x('97'), 2) =l= 1;
6801  con436..(-2) * cos(-x('101') +
6802  x('181')) * x('1') * x('81') +
6803  power(x('1'), 2) +
6804  power(x('81'), 2) =l= 1;
6805  con437..(-2) * cos(-x('177') +
6806  x('196')) * x('77') * x('96') +
6807  power(x('77'), 2) +
6808  power(x('96'), 2) =l= 1;
6809  con438..(-2) * cos(-x('177') +
6810  x('195')) * x('77') * x('95') +
6811  power(x('77'), 2) +
6812  power(x('95'), 2) =l= 1;
6813  con439..(-2) * cos(-x('101') +
6814  x('182')) * x('1') * x('82') +
6815  power(x('1'), 2) +
6816  power(x('82'), 2) =l= 1;
6817  con440..(-2) * cos(-x('177') +
6818  x('194')) * x('77') * x('94') +
6819  power(x('77'), 2) +
6820  power(x('94'), 2) =l= 1;
6821  con441..(-2) * cos(-x('177') +
6822  x('193')) * x('77') * x('93') +
6823  power(x('77'), 2) +
6824  power(x('93'), 2) =l= 1;
6825  con442..(-2) * cos(-x('101') +
6826  x('183')) * x('1') * x('83') +
6827  power(x('1'), 2) +
6828  power(x('83'), 2) =l= 1;
6829  con443..(-2) * cos(-x('177') +
6830  x('192')) * x('77') * x('92') +
6831  power(x('77'), 2) +
6832  power(x('92'), 2) =l= 1;
6833  con444..(-2) * cos(-x('177') +
6834  x('191')) * x('77') * x('91') +
6835  power(x('77'), 2) +
6836  power(x('91'), 2) =l= 1;
6837  con445..(-2) * cos(-x('101') +
6838  x('184')) * x('1') * x('84') +
6839  power(x('1'), 2) +
6840  power(x('84'), 2) =l= 1;
6841  con446..(-2) * cos(-x('177') +
6842  x('190')) * x('77') * x('90') +
6843  power(x('77'), 2) +
6844  power(x('90'), 2) =l= 1;
6845  con447..(-2) * cos(-x('177') +
6846  x('189')) * x('77') * x('89') +
6847  power(x('77'), 2) +
6848  power(x('89'), 2) =l= 1;
6849  con448..(-2) * cos(-x('101') +
6850  x('185')) * x('1') * x('85') +
6851  power(x('1'), 2) +
6852  power(x('85'), 2) =l= 1;
6853  con449..(-2) * cos(-x('177') +
6854  x('188')) * x('77') * x('88') +
6855  power(x('77'), 2) +
6856  power(x('88'), 2) =l= 1;
6857  con450..(-2) * cos(-x('177') +
6858  x('187')) * x('77') * x('87') +
6859  power(x('77'), 2) +
6860  power(x('87'), 2) =l= 1;
6861  con451..(-2) * cos(-x('101') +
6862  x('186')) * x('1') * x('86') +
6863  power(x('1'), 2) +
6864  power(x('86'), 2) =l= 1;
6865  con452..(-2) * cos(-x('177') +
6866  x('186')) * x('77') * x('86') +
6867  power(x('77'), 2) +
6868  power(x('86'), 2) =l= 1;
6869  con453..(-2) * cos(-x('177') +
6870  x('185')) * x('77') * x('85') +
6871  power(x('77'), 2) +
6872  power(x('85'), 2) =l= 1;
6873  con454..(-2) * cos(-x('101') +
6874  x('187')) * x('1') * x('87') +
6875  power(x('1'), 2) +
6876  power(x('87'), 2) =l= 1;
6877  con455..(-2) * cos(-x('177') +
6878  x('184')) * x('77') * x('84') +
6879  power(x('77'), 2) +
6880  power(x('84'), 2) =l= 1;
6881  con456..(-2) * cos(-x('177') +
6882  x('183')) * x('77') * x('83') +
6883  power(x('77'), 2) +
6884  power(x('83'), 2) =l= 1;
6885  con457..(-2) * cos(-x('101') +
6886  x('188')) * x('1') * x('88') +
6887  power(x('1'), 2) +
6888  power(x('88'), 2) =l= 1;
6889  con458..(-2) * cos(-x('177') +
6890  x('182')) * x('77') * x('82') +
6891  power(x('77'), 2) +
6892  power(x('82'), 2) =l= 1;
6893  con459..(-2) * cos(-x('177') +
6894  x('181')) * x('77') * x('81') +
6895  power(x('77'), 2) +
6896  power(x('81'), 2) =l= 1;
6897  con460..(-2) * cos(-x('101') +
6898  x('189')) * x('1') * x('89') +
6899  power(x('1'), 2) +
6900  power(x('89'), 2) =l= 1;
6901  con461..(-2) * cos(-x('177') +
6902  x('180')) * x('77') * x('80') +
6903  power(x('77'), 2) +
6904  power(x('80'), 2) =l= 1;
6905  con462..(-2) * cos(-x('177') +
6906  x('179')) * x('77') * x('79') +
6907  power(x('77'), 2) +
6908  power(x('79'), 2) =l= 1;
6909  con463..(-2) * cos(-x('101') +
6910  x('190')) * x('1') * x('90') +
6911  power(x('1'), 2) +
6912  power(x('90'), 2) =l= 1;
6913  con464..(-2) * cos(-x('177') +
6914  x('178')) * x('77') * x('78') +
6915  power(x('77'), 2) +
6916  power(x('78'), 2) =l= 1;
6917  con465..(-2) * cos(-x('176') +
6918  x('200')) * x('76') * x('100') +
6919  power(x('76'), 2) +
6920  power(x('100'), 2) =l= 1;
6921  con466..(-2) * cos(-x('101') +
6922  x('191')) * x('1') * x('91') +
6923  power(x('1'), 2) +
6924  power(x('91'), 2) =l= 1;
6925  con467..(-2) * cos(-x('176') +
6926  x('199')) * x('76') * x('99') +
6927  power(x('76'), 2) +
6928  power(x('99'), 2) =l= 1;
6929  con468..(-2) * cos(-x('176') +
6930  x('198')) * x('76') * x('98') +
6931  power(x('76'), 2) +
6932  power(x('98'), 2) =l= 1;
6933  con469..(-2) * cos(-x('101') +
6934  x('192')) * x('1') * x('92') +
6935  power(x('1'), 2) +
6936  power(x('92'), 2) =l= 1;
6937  con470..(-2) * cos(-x('176') +
6938  x('197')) * x('76') * x('97') +
6939  power(x('76'), 2) +
6940  power(x('97'), 2) =l= 1;
6941  con471..(-2) * cos(-x('176') +
6942  x('196')) * x('76') * x('96') +
6943  power(x('76'), 2) +
6944  power(x('96'), 2) =l= 1;
6945  con472..(-2) * cos(-x('101') +
6946  x('193')) * x('1') * x('93') +
6947  power(x('1'), 2) +
6948  power(x('93'), 2) =l= 1;
6949  con473..(-2) * cos(-x('176') +
6950  x('195')) * x('76') * x('95') +
6951  power(x('76'), 2) +
6952  power(x('95'), 2) =l= 1;
6953  con474..(-2) * cos(-x('176') +
6954  x('194')) * x('76') * x('94') +
6955  power(x('76'), 2) +
6956  power(x('94'), 2) =l= 1;
6957  con475..(-2) * cos(-x('101') +
6958  x('194')) * x('1') * x('94') +
6959  power(x('1'), 2) +
6960  power(x('94'), 2) =l= 1;
6961  con476..(-2) * cos(-x('176') +
6962  x('193')) * x('76') * x('93') +
6963  power(x('76'), 2) +
6964  power(x('93'), 2) =l= 1;
6965  con477..(-2) * cos(-x('176') +
6966  x('192')) * x('76') * x('92') +
6967  power(x('76'), 2) +
6968  power(x('92'), 2) =l= 1;
6969  con478..(-2) * cos(-x('101') +
6970  x('195')) * x('1') * x('95') +
6971  power(x('1'), 2) +
6972  power(x('95'), 2) =l= 1;
6973  con479..(-2) * cos(-x('176') +
6974  x('191')) * x('76') * x('91') +
6975  power(x('76'), 2) +
6976  power(x('91'), 2) =l= 1;
6977  con480..(-2) * cos(-x('176') +
6978  x('190')) * x('76') * x('90') +
6979  power(x('76'), 2) +
6980  power(x('90'), 2) =l= 1;
6981  con481..(-2) * cos(-x('101') +
6982  x('196')) * x('1') * x('96') +
6983  power(x('1'), 2) +
6984  power(x('96'), 2) =l= 1;
6985  con482..(-2) * cos(-x('176') +
6986  x('189')) * x('76') * x('89') +
6987  power(x('76'), 2) +
6988  power(x('89'), 2) =l= 1;
6989  con483..(-2) * cos(-x('176') +
6990  x('188')) * x('76') * x('88') +
6991  power(x('76'), 2) +
6992  power(x('88'), 2) =l= 1;
6993  con484..(-2) * cos(-x('101') +
6994  x('197')) * x('1') * x('97') +
6995  power(x('1'), 2) +
6996  power(x('97'), 2) =l= 1;
6997  con485..(-2) * cos(-x('176') +
6998  x('187')) * x('76') * x('87') +
6999  power(x('76'), 2) +
7000  power(x('87'), 2) =l= 1;
7001  con486..(-2) * cos(-x('176') +
7002  x('186')) * x('76') * x('86') +
7003  power(x('76'), 2) +
7004  power(x('86'), 2) =l= 1;
7005  con487..(-2) * cos(-x('101') +
7006  x('198')) * x('1') * x('98') +
7007  power(x('1'), 2) +
7008  power(x('98'), 2) =l= 1;
7009  con488..(-2) * cos(-x('176') +
7010  x('185')) * x('76') * x('85') +
7011  power(x('76'), 2) +
7012  power(x('85'), 2) =l= 1;
7013  con489..(-2) * cos(-x('176') +
7014  x('184')) * x('76') * x('84') +
7015  power(x('76'), 2) +
7016  power(x('84'), 2) =l= 1;
7017  con490..(-2) * cos(-x('101') +
7018  x('199')) * x('1') * x('99') +
7019  power(x('1'), 2) +
7020  power(x('99'), 2) =l= 1;
7021  con491..(-2) * cos(-x('176') +
7022  x('183')) * x('76') * x('83') +
7023  power(x('76'), 2) +
7024  power(x('83'), 2) =l= 1;
7025  con492..(-2) * cos(-x('176') +
7026  x('182')) * x('76') * x('82') +
7027  power(x('76'), 2) +
7028  power(x('82'), 2) =l= 1;
7029  con493..(-2) * cos(-x('101') +
7030  x('200')) * x('1') * x('100') +
7031  power(x('1'), 2) +
7032  power(x('100'), 2) =l= 1;
7033  con494..(-2) * cos(-x('176') +
7034  x('181')) * x('76') * x('81') +
7035  power(x('76'), 2) +
7036  power(x('81'), 2) =l= 1;
7037  con495..(-2) * cos(-x('176') +
7038  x('180')) * x('76') * x('80') +
7039  power(x('76'), 2) +
7040  power(x('80'), 2) =l= 1;
7041  con496..(-2) * cos(-x('102') +
7042  x('103')) * x('2') * x('3') +
7043  power(x('2'), 2) +
7044  power(x('3'), 2) =l= 1;
7045  con497..(-2) * cos(-x('176') +
7046  x('179')) * x('76') * x('79') +
7047  power(x('76'), 2) +
7048  power(x('79'), 2) =l= 1;
7049  con498..(-2) * cos(-x('176') +
7050  x('178')) * x('76') * x('78') +
7051  power(x('76'), 2) +
7052  power(x('78'), 2) =l= 1;
7053  con499..(-2) * cos(-x('102') +
7054  x('104')) * x('2') * x('4') +
7055  power(x('2'), 2) +
7056  power(x('4'), 2) =l= 1;
7057  con500..(-2) * cos(-x('176') +
7058  x('177')) * x('76') * x('77') +
7059  power(x('76'), 2) +
7060  power(x('77'), 2) =l= 1;
7061  con501..(-2) * cos(-x('175') +
7062  x('200')) * x('75') * x('100') +
7063  power(x('75'), 2) +
7064  power(x('100'), 2) =l= 1;
7065  con502..(-2) * cos(-x('102') +
7066  x('105')) * x('2') * x('5') +
7067  power(x('2'), 2) +
7068  power(x('5'), 2) =l= 1;
7069  con503..(-2) * cos(-x('175') +
7070  x('199')) * x('75') * x('99') +
7071  power(x('75'), 2) +
7072  power(x('99'), 2) =l= 1;
7073  con504..(-2) * cos(-x('175') +
7074  x('198')) * x('75') * x('98') +
7075  power(x('75'), 2) +
7076  power(x('98'), 2) =l= 1;
7077  con505..(-2) * cos(-x('175') +
7078  x('197')) * x('75') * x('97') +
7079  power(x('75'), 2) +
7080  power(x('97'), 2) =l= 1;
7081  con506..(-2) * cos(-x('102') +
7082  x('106')) * x('2') * x('6') +
7083  power(x('2'), 2) +
7084  power(x('6'), 2) =l= 1;
7085  con507..(-2) * cos(-x('175') +
7086  x('196')) * x('75') * x('96') +
7087  power(x('75'), 2) +
7088  power(x('96'), 2) =l= 1;
7089  con508..(-2) * cos(-x('175') +
7090  x('195')) * x('75') * x('95') +
7091  power(x('75'), 2) +
7092  power(x('95'), 2) =l= 1;
7093  con509..(-2) * cos(-x('102') +
7094  x('107')) * x('2') * x('7') +
7095  power(x('2'), 2) +
7096  power(x('7'), 2) =l= 1;
7097  con510..(-2) * cos(-x('175') +
7098  x('194')) * x('75') * x('94') +
7099  power(x('75'), 2) +
7100  power(x('94'), 2) =l= 1;
7101  con511..(-2) * cos(-x('175') +
7102  x('193')) * x('75') * x('93') +
7103  power(x('75'), 2) +
7104  power(x('93'), 2) =l= 1;
7105  con512..(-2) * cos(-x('102') +
7106  x('108')) * x('2') * x('8') +
7107  power(x('2'), 2) +
7108  power(x('8'), 2) =l= 1;
7109  con513..(-2) * cos(-x('175') +
7110  x('192')) * x('75') * x('92') +
7111  power(x('75'), 2) +
7112  power(x('92'), 2) =l= 1;
7113  con514..(-2) * cos(-x('175') +
7114  x('191')) * x('75') * x('91') +
7115  power(x('75'), 2) +
7116  power(x('91'), 2) =l= 1;
7117  con515..(-2) * cos(-x('102') +
7118  x('109')) * x('2') * x('9') +
7119  power(x('2'), 2) +
7120  power(x('9'), 2) =l= 1;
7121  con516..(-2) * cos(-x('175') +
7122  x('190')) * x('75') * x('90') +
7123  power(x('75'), 2) +
7124  power(x('90'), 2) =l= 1;
7125  con517..(-2) * cos(-x('175') +
7126  x('189')) * x('75') * x('89') +
7127  power(x('75'), 2) +
7128  power(x('89'), 2) =l= 1;
7129  con518..(-2) * cos(-x('175') +
7130  x('188')) * x('75') * x('88') +
7131  power(x('75'), 2) +
7132  power(x('88'), 2) =l= 1;
7133  con519..(-2) * cos(-x('102') +
7134  x('110')) * x('2') * x('10') +
7135  power(x('2'), 2) +
7136  power(x('10'), 2) =l= 1;
7137  con520..(-2) * cos(-x('175') +
7138  x('187')) * x('75') * x('87') +
7139  power(x('75'), 2) +
7140  power(x('87'), 2) =l= 1;
7141  con521..(-2) * cos(-x('175') +
7142  x('186')) * x('75') * x('86') +
7143  power(x('75'), 2) +
7144  power(x('86'), 2) =l= 1;
7145  con522..(-2) * cos(-x('102') +
7146  x('111')) * x('2') * x('11') +
7147  power(x('2'), 2) +
7148  power(x('11'), 2) =l= 1;
7149  con523..(-2) * cos(-x('175') +
7150  x('185')) * x('75') * x('85') +
7151  power(x('75'), 2) +
7152  power(x('85'), 2) =l= 1;
7153  con524..(-2) * cos(-x('175') +
7154  x('184')) * x('75') * x('84') +
7155  power(x('75'), 2) +
7156  power(x('84'), 2) =l= 1;
7157  con525..(-2) * cos(-x('102') +
7158  x('112')) * x('2') * x('12') +
7159  power(x('2'), 2) +
7160  power(x('12'), 2) =l= 1;
7161  con526..(-2) * cos(-x('175') +
7162  x('183')) * x('75') * x('83') +
7163  power(x('75'), 2) +
7164  power(x('83'), 2) =l= 1;
7165  con527..(-2) * cos(-x('175') +
7166  x('182')) * x('75') * x('82') +
7167  power(x('75'), 2) +
7168  power(x('82'), 2) =l= 1;
7169  con528..(-2) * cos(-x('102') +
7170  x('113')) * x('2') * x('13') +
7171  power(x('2'), 2) +
7172  power(x('13'), 2) =l= 1;
7173  con529..(-2) * cos(-x('175') +
7174  x('181')) * x('75') * x('81') +
7175  power(x('75'), 2) +
7176  power(x('81'), 2) =l= 1;
7177  con530..(-2) * cos(-x('175') +
7178  x('180')) * x('75') * x('80') +
7179  power(x('75'), 2) +
7180  power(x('80'), 2) =l= 1;
7181  con531..(-2) * cos(-x('175') +
7182  x('179')) * x('75') * x('79') +
7183  power(x('75'), 2) +
7184  power(x('79'), 2) =l= 1;
7185  con532..(-2) * cos(-x('102') +
7186  x('114')) * x('2') * x('14') +
7187  power(x('2'), 2) +
7188  power(x('14'), 2) =l= 1;
7189  con533..(-2) * cos(-x('175') +
7190  x('178')) * x('75') * x('78') +
7191  power(x('75'), 2) +
7192  power(x('78'), 2) =l= 1;
7193  con534..(-2) * cos(-x('175') +
7194  x('177')) * x('75') * x('77') +
7195  power(x('75'), 2) +
7196  power(x('77'), 2) =l= 1;
7197  con535..(-2) * cos(-x('102') +
7198  x('115')) * x('2') * x('15') +
7199  power(x('2'), 2) +
7200  power(x('15'), 2) =l= 1;
7201  con536..(-2) * cos(-x('175') +
7202  x('176')) * x('75') * x('76') +
7203  power(x('75'), 2) +
7204  power(x('76'), 2) =l= 1;
7205  con537..(-2) * cos(-x('174') +
7206  x('200')) * x('74') * x('100') +
7207  power(x('74'), 2) +
7208  power(x('100'), 2) =l= 1;
7209  con538..(-2) * cos(-x('102') +
7210  x('116')) * x('2') * x('16') +
7211  power(x('2'), 2) +
7212  power(x('16'), 2) =l= 1;
7213  con539..(-2) * cos(-x('174') +
7214  x('199')) * x('74') * x('99') +
7215  power(x('74'), 2) +
7216  power(x('99'), 2) =l= 1;
7217  con540..(-2) * cos(-x('174') +
7218  x('198')) * x('74') * x('98') +
7219  power(x('74'), 2) +
7220  power(x('98'), 2) =l= 1;
7221  con541..(-2) * cos(-x('102') +
7222  x('117')) * x('2') * x('17') +
7223  power(x('2'), 2) +
7224  power(x('17'), 2) =l= 1;
7225  con542..(-2) * cos(-x('174') +
7226  x('197')) * x('74') * x('97') +
7227  power(x('74'), 2) +
7228  power(x('97'), 2) =l= 1;
7229  con543..(-2) * cos(-x('174') +
7230  x('196')) * x('74') * x('96') +
7231  power(x('74'), 2) +
7232  power(x('96'), 2) =l= 1;
7233  con544..(-2) * cos(-x('174') +
7234  x('195')) * x('74') * x('95') +
7235  power(x('74'), 2) +
7236  power(x('95'), 2) =l= 1;
7237  con545..(-2) * cos(-x('102') +
7238  x('118')) * x('2') * x('18') +
7239  power(x('2'), 2) +
7240  power(x('18'), 2) =l= 1;
7241  con546..(-2) * cos(-x('174') +
7242  x('194')) * x('74') * x('94') +
7243  power(x('74'), 2) +
7244  power(x('94'), 2) =l= 1;
7245  con547..(-2) * cos(-x('174') +
7246  x('193')) * x('74') * x('93') +
7247  power(x('74'), 2) +
7248  power(x('93'), 2) =l= 1;
7249  con548..(-2) * cos(-x('102') +
7250  x('119')) * x('2') * x('19') +
7251  power(x('2'), 2) +
7252  power(x('19'), 2) =l= 1;
7253  con549..(-2) * cos(-x('174') +
7254  x('192')) * x('74') * x('92') +
7255  power(x('74'), 2) +
7256  power(x('92'), 2) =l= 1;
7257  con550..(-2) * cos(-x('174') +
7258  x('191')) * x('74') * x('91') +
7259  power(x('74'), 2) +
7260  power(x('91'), 2) =l= 1;
7261  con551..(-2) * cos(-x('102') +
7262  x('120')) * x('2') * x('20') +
7263  power(x('2'), 2) +
7264  power(x('20'), 2) =l= 1;
7265  con552..(-2) * cos(-x('174') +
7266  x('190')) * x('74') * x('90') +
7267  power(x('74'), 2) +
7268  power(x('90'), 2) =l= 1;
7269  con553..(-2) * cos(-x('174') +
7270  x('189')) * x('74') * x('89') +
7271  power(x('74'), 2) +
7272  power(x('89'), 2) =l= 1;
7273  con554..(-2) * cos(-x('102') +
7274  x('121')) * x('2') * x('21') +
7275  power(x('2'), 2) +
7276  power(x('21'), 2) =l= 1;
7277  con555..(-2) * cos(-x('174') +
7278  x('188')) * x('74') * x('88') +
7279  power(x('74'), 2) +
7280  power(x('88'), 2) =l= 1;
7281  con556..(-2) * cos(-x('174') +
7282  x('187')) * x('74') * x('87') +
7283  power(x('74'), 2) +
7284  power(x('87'), 2) =l= 1;
7285  con557..(-2) * cos(-x('174') +
7286  x('186')) * x('74') * x('86') +
7287  power(x('74'), 2) +
7288  power(x('86'), 2) =l= 1;
7289  con558..(-2) * cos(-x('102') +
7290  x('122')) * x('2') * x('22') +
7291  power(x('2'), 2) +
7292  power(x('22'), 2) =l= 1;
7293  con559..(-2) * cos(-x('174') +
7294  x('185')) * x('74') * x('85') +
7295  power(x('74'), 2) +
7296  power(x('85'), 2) =l= 1;
7297  con560..(-2) * cos(-x('174') +
7298  x('184')) * x('74') * x('84') +
7299  power(x('74'), 2) +
7300  power(x('84'), 2) =l= 1;
7301  con561..(-2) * cos(-x('102') +
7302  x('123')) * x('2') * x('23') +
7303  power(x('2'), 2) +
7304  power(x('23'), 2) =l= 1;
7305  con562..(-2) * cos(-x('174') +
7306  x('183')) * x('74') * x('83') +
7307  power(x('74'), 2) +
7308  power(x('83'), 2) =l= 1;
7309  con563..(-2) * cos(-x('174') +
7310  x('182')) * x('74') * x('82') +
7311  power(x('74'), 2) +
7312  power(x('82'), 2) =l= 1;
7313  con564..(-2) * cos(-x('102') +
7314  x('124')) * x('2') * x('24') +
7315  power(x('2'), 2) +
7316  power(x('24'), 2) =l= 1;
7317  con565..(-2) * cos(-x('174') +
7318  x('181')) * x('74') * x('81') +
7319  power(x('74'), 2) +
7320  power(x('81'), 2) =l= 1;
7321  con566..(-2) * cos(-x('174') +
7322  x('180')) * x('74') * x('80') +
7323  power(x('74'), 2) +
7324  power(x('80'), 2) =l= 1;
7325  con567..(-2) * cos(-x('102') +
7326  x('125')) * x('2') * x('25') +
7327  power(x('2'), 2) +
7328  power(x('25'), 2) =l= 1;
7329  con568..(-2) * cos(-x('174') +
7330  x('179')) * x('74') * x('79') +
7331  power(x('74'), 2) +
7332  power(x('79'), 2) =l= 1;
7333  con569..(-2) * cos(-x('174') +
7334  x('178')) * x('74') * x('78') +
7335  power(x('74'), 2) +
7336  power(x('78'), 2) =l= 1;
7337  con570..(-2) * cos(-x('174') +
7338  x('177')) * x('74') * x('77') +
7339  power(x('74'), 2) +
7340  power(x('77'), 2) =l= 1;
7341  con571..(-2) * cos(-x('102') +
7342  x('126')) * x('2') * x('26') +
7343  power(x('2'), 2) +
7344  power(x('26'), 2) =l= 1;
7345  con572..(-2) * cos(-x('174') +
7346  x('176')) * x('74') * x('76') +
7347  power(x('74'), 2) +
7348  power(x('76'), 2) =l= 1;
7349  con573..(-2) * cos(-x('174') +
7350  x('175')) * x('74') * x('75') +
7351  power(x('74'), 2) +
7352  power(x('75'), 2) =l= 1;
7353  con574..(-2) * cos(-x('102') +
7354  x('127')) * x('2') * x('27') +
7355  power(x('2'), 2) +
7356  power(x('27'), 2) =l= 1;
7357  con575..(-2) * cos(-x('173') +
7358  x('200')) * x('73') * x('100') +
7359  power(x('73'), 2) +
7360  power(x('100'), 2) =l= 1;
7361  con576..(-2) * cos(-x('173') +
7362  x('199')) * x('73') * x('99') +
7363  power(x('73'), 2) +
7364  power(x('99'), 2) =l= 1;
7365  con577..(-2) * cos(-x('102') +
7366  x('128')) * x('2') * x('28') +
7367  power(x('2'), 2) +
7368  power(x('28'), 2) =l= 1;
7369  con578..(-2) * cos(-x('173') +
7370  x('198')) * x('73') * x('98') +
7371  power(x('73'), 2) +
7372  power(x('98'), 2) =l= 1;
7373  con579..(-2) * cos(-x('173') +
7374  x('197')) * x('73') * x('97') +
7375  power(x('73'), 2) +
7376  power(x('97'), 2) =l= 1;
7377  con580..(-2) * cos(-x('102') +
7378  x('129')) * x('2') * x('29') +
7379  power(x('2'), 2) +
7380  power(x('29'), 2) =l= 1;
7381  con581..(-2) * cos(-x('173') +
7382  x('196')) * x('73') * x('96') +
7383  power(x('73'), 2) +
7384  power(x('96'), 2) =l= 1;
7385  con582..(-2) * cos(-x('173') +
7386  x('195')) * x('73') * x('95') +
7387  power(x('73'), 2) +
7388  power(x('95'), 2) =l= 1;
7389  con583..(-2) * cos(-x('173') +
7390  x('194')) * x('73') * x('94') +
7391  power(x('73'), 2) +
7392  power(x('94'), 2) =l= 1;
7393  con584..(-2) * cos(-x('102') +
7394  x('130')) * x('2') * x('30') +
7395  power(x('2'), 2) +
7396  power(x('30'), 2) =l= 1;
7397  con585..(-2) * cos(-x('173') +
7398  x('193')) * x('73') * x('93') +
7399  power(x('73'), 2) +
7400  power(x('93'), 2) =l= 1;
7401  con586..(-2) * cos(-x('173') +
7402  x('192')) * x('73') * x('92') +
7403  power(x('73'), 2) +
7404  power(x('92'), 2) =l= 1;
7405  con587..(-2) * cos(-x('102') +
7406  x('131')) * x('2') * x('31') +
7407  power(x('2'), 2) +
7408  power(x('31'), 2) =l= 1;
7409  con588..(-2) * cos(-x('173') +
7410  x('191')) * x('73') * x('91') +
7411  power(x('73'), 2) +
7412  power(x('91'), 2) =l= 1;
7413  con589..(-2) * cos(-x('173') +
7414  x('190')) * x('73') * x('90') +
7415  power(x('73'), 2) +
7416  power(x('90'), 2) =l= 1;
7417  con590..(-2) * cos(-x('102') +
7418  x('132')) * x('2') * x('32') +
7419  power(x('2'), 2) +
7420  power(x('32'), 2) =l= 1;
7421  con591..(-2) * cos(-x('173') +
7422  x('189')) * x('73') * x('89') +
7423  power(x('73'), 2) +
7424  power(x('89'), 2) =l= 1;
7425  con592..(-2) * cos(-x('173') +
7426  x('188')) * x('73') * x('88') +
7427  power(x('73'), 2) +
7428  power(x('88'), 2) =l= 1;
7429  con593..(-2) * cos(-x('102') +
7430  x('133')) * x('2') * x('33') +
7431  power(x('2'), 2) +
7432  power(x('33'), 2) =l= 1;
7433  con594..(-2) * cos(-x('173') +
7434  x('187')) * x('73') * x('87') +
7435  power(x('73'), 2) +
7436  power(x('87'), 2) =l= 1;
7437  con595..(-2) * cos(-x('173') +
7438  x('186')) * x('73') * x('86') +
7439  power(x('73'), 2) +
7440  power(x('86'), 2) =l= 1;
7441  con596..(-2) * cos(-x('173') +
7442  x('185')) * x('73') * x('85') +
7443  power(x('73'), 2) +
7444  power(x('85'), 2) =l= 1;
7445  con597..(-2) * cos(-x('102') +
7446  x('134')) * x('2') * x('34') +
7447  power(x('2'), 2) +
7448  power(x('34'), 2) =l= 1;
7449  con598..(-2) * cos(-x('173') +
7450  x('184')) * x('73') * x('84') +
7451  power(x('73'), 2) +
7452  power(x('84'), 2) =l= 1;
7453  con599..(-2) * cos(-x('173') +
7454  x('183')) * x('73') * x('83') +
7455  power(x('73'), 2) +
7456  power(x('83'), 2) =l= 1;
7457  con600..(-2) * cos(-x('102') +
7458  x('135')) * x('2') * x('35') +
7459  power(x('2'), 2) +
7460  power(x('35'), 2) =l= 1;
7461  con601..(-2) * cos(-x('173') +
7462  x('182')) * x('73') * x('82') +
7463  power(x('73'), 2) +
7464  power(x('82'), 2) =l= 1;
7465  con602..(-2) * cos(-x('173') +
7466  x('181')) * x('73') * x('81') +
7467  power(x('73'), 2) +
7468  power(x('81'), 2) =l= 1;
7469  con603..(-2) * cos(-x('102') +
7470  x('136')) * x('2') * x('36') +
7471  power(x('2'), 2) +
7472  power(x('36'), 2) =l= 1;
7473  con604..(-2) * cos(-x('173') +
7474  x('180')) * x('73') * x('80') +
7475  power(x('73'), 2) +
7476  power(x('80'), 2) =l= 1;
7477  con605..(-2) * cos(-x('173') +
7478  x('179')) * x('73') * x('79') +
7479  power(x('73'), 2) +
7480  power(x('79'), 2) =l= 1;
7481  con606..(-2) * cos(-x('102') +
7482  x('137')) * x('2') * x('37') +
7483  power(x('2'), 2) +
7484  power(x('37'), 2) =l= 1;
7485  con607..(-2) * cos(-x('173') +
7486  x('178')) * x('73') * x('78') +
7487  power(x('73'), 2) +
7488  power(x('78'), 2) =l= 1;
7489  con608..(-2) * cos(-x('173') +
7490  x('177')) * x('73') * x('77') +
7491  power(x('73'), 2) +
7492  power(x('77'), 2) =l= 1;
7493  con609..(-2) * cos(-x('173') +
7494  x('176')) * x('73') * x('76') +
7495  power(x('73'), 2) +
7496  power(x('76'), 2) =l= 1;
7497  con610..(-2) * cos(-x('102') +
7498  x('138')) * x('2') * x('38') +
7499  power(x('2'), 2) +
7500  power(x('38'), 2) =l= 1;
7501  con611..(-2) * cos(-x('173') +
7502  x('175')) * x('73') * x('75') +
7503  power(x('73'), 2) +
7504  power(x('75'), 2) =l= 1;
7505  con612..(-2) * cos(-x('173') +
7506  x('174')) * x('73') * x('74') +
7507  power(x('73'), 2) +
7508  power(x('74'), 2) =l= 1;
7509  con613..(-2) * cos(-x('102') +
7510  x('139')) * x('2') * x('39') +
7511  power(x('2'), 2) +
7512  power(x('39'), 2) =l= 1;
7513  con614..(-2) * cos(-x('172') +
7514  x('200')) * x('72') * x('100') +
7515  power(x('72'), 2) +
7516  power(x('100'), 2) =l= 1;
7517  con615..(-2) * cos(-x('172') +
7518  x('199')) * x('72') * x('99') +
7519  power(x('72'), 2) +
7520  power(x('99'), 2) =l= 1;
7521  con616..(-2) * cos(-x('102') +
7522  x('140')) * x('2') * x('40') +
7523  power(x('2'), 2) +
7524  power(x('40'), 2) =l= 1;
7525  con617..(-2) * cos(-x('172') +
7526  x('198')) * x('72') * x('98') +
7527  power(x('72'), 2) +
7528  power(x('98'), 2) =l= 1;
7529  con618..(-2) * cos(-x('172') +
7530  x('197')) * x('72') * x('97') +
7531  power(x('72'), 2) +
7532  power(x('97'), 2) =l= 1;
7533  con619..(-2) * cos(-x('102') +
7534  x('141')) * x('2') * x('41') +
7535  power(x('2'), 2) +
7536  power(x('41'), 2) =l= 1;
7537  con620..(-2) * cos(-x('172') +
7538  x('196')) * x('72') * x('96') +
7539  power(x('72'), 2) +
7540  power(x('96'), 2) =l= 1;
7541  con621..(-2) * cos(-x('172') +
7542  x('195')) * x('72') * x('95') +
7543  power(x('72'), 2) +
7544  power(x('95'), 2) =l= 1;
7545  con622..(-2) * cos(-x('172') +
7546  x('194')) * x('72') * x('94') +
7547  power(x('72'), 2) +
7548  power(x('94'), 2) =l= 1;
7549  con623..(-2) * cos(-x('102') +
7550  x('142')) * x('2') * x('42') +
7551  power(x('2'), 2) +
7552  power(x('42'), 2) =l= 1;
7553  con624..(-2) * cos(-x('172') +
7554  x('193')) * x('72') * x('93') +
7555  power(x('72'), 2) +
7556  power(x('93'), 2) =l= 1;
7557  con625..(-2) * cos(-x('172') +
7558  x('192')) * x('72') * x('92') +
7559  power(x('72'), 2) +
7560  power(x('92'), 2) =l= 1;
7561  con626..(-2) * cos(-x('102') +
7562  x('143')) * x('2') * x('43') +
7563  power(x('2'), 2) +
7564  power(x('43'), 2) =l= 1;
7565  con627..(-2) * cos(-x('172') +
7566  x('191')) * x('72') * x('91') +
7567  power(x('72'), 2) +
7568  power(x('91'), 2) =l= 1;
7569  con628..(-2) * cos(-x('172') +
7570  x('190')) * x('72') * x('90') +
7571  power(x('72'), 2) +
7572  power(x('90'), 2) =l= 1;
7573  con629..(-2) * cos(-x('102') +
7574  x('144')) * x('2') * x('44') +
7575  power(x('2'), 2) +
7576  power(x('44'), 2) =l= 1;
7577  con630..(-2) * cos(-x('172') +
7578  x('189')) * x('72') * x('89') +
7579  power(x('72'), 2) +
7580  power(x('89'), 2) =l= 1;
7581  con631..(-2) * cos(-x('172') +
7582  x('188')) * x('72') * x('88') +
7583  power(x('72'), 2) +
7584  power(x('88'), 2) =l= 1;
7585  con632..(-2) * cos(-x('102') +
7586  x('145')) * x('2') * x('45') +
7587  power(x('2'), 2) +
7588  power(x('45'), 2) =l= 1;
7589  con633..(-2) * cos(-x('172') +
7590  x('187')) * x('72') * x('87') +
7591  power(x('72'), 2) +
7592  power(x('87'), 2) =l= 1;
7593  con634..(-2) * cos(-x('172') +
7594  x('186')) * x('72') * x('86') +
7595  power(x('72'), 2) +
7596  power(x('86'), 2) =l= 1;
7597  con635..(-2) * cos(-x('172') +
7598  x('185')) * x('72') * x('85') +
7599  power(x('72'), 2) +
7600  power(x('85'), 2) =l= 1;
7601  con636..(-2) * cos(-x('102') +
7602  x('146')) * x('2') * x('46') +
7603  power(x('2'), 2) +
7604  power(x('46'), 2) =l= 1;
7605  con637..(-2) * cos(-x('172') +
7606  x('184')) * x('72') * x('84') +
7607  power(x('72'), 2) +
7608  power(x('84'), 2) =l= 1;
7609  con638..(-2) * cos(-x('172') +
7610  x('183')) * x('72') * x('83') +
7611  power(x('72'), 2) +
7612  power(x('83'), 2) =l= 1;
7613  con639..(-2) * cos(-x('102') +
7614  x('147')) * x('2') * x('47') +
7615  power(x('2'), 2) +
7616  power(x('47'), 2) =l= 1;
7617  con640..(-2) * cos(-x('172') +
7618  x('182')) * x('72') * x('82') +
7619  power(x('72'), 2) +
7620  power(x('82'), 2) =l= 1;
7621  con641..(-2) * cos(-x('172') +
7622  x('181')) * x('72') * x('81') +
7623  power(x('72'), 2) +
7624  power(x('81'), 2) =l= 1;
7625  con642..(-2) * cos(-x('102') +
7626  x('148')) * x('2') * x('48') +
7627  power(x('2'), 2) +
7628  power(x('48'), 2) =l= 1;
7629  con643..(-2) * cos(-x('172') +
7630  x('180')) * x('72') * x('80') +
7631  power(x('72'), 2) +
7632  power(x('80'), 2) =l= 1;
7633  con644..(-2) * cos(-x('172') +
7634  x('179')) * x('72') * x('79') +
7635  power(x('72'), 2) +
7636  power(x('79'), 2) =l= 1;
7637  con645..(-2) * cos(-x('102') +
7638  x('149')) * x('2') * x('49') +
7639  power(x('2'), 2) +
7640  power(x('49'), 2) =l= 1;
7641  con646..(-2) * cos(-x('172') +
7642  x('178')) * x('72') * x('78') +
7643  power(x('72'), 2) +
7644  power(x('78'), 2) =l= 1;
7645  con647..(-2) * cos(-x('172') +
7646  x('177')) * x('72') * x('77') +
7647  power(x('72'), 2) +
7648  power(x('77'), 2) =l= 1;
7649  con648..(-2) * cos(-x('172') +
7650  x('176')) * x('72') * x('76') +
7651  power(x('72'), 2) +
7652  power(x('76'), 2) =l= 1;
7653  con649..(-2) * cos(-x('102') +
7654  x('150')) * x('2') * x('50') +
7655  power(x('2'), 2) +
7656  power(x('50'), 2) =l= 1;
7657  con650..(-2) * cos(-x('172') +
7658  x('175')) * x('72') * x('75') +
7659  power(x('72'), 2) +
7660  power(x('75'), 2) =l= 1;
7661  con651..(-2) * cos(-x('172') +
7662  x('174')) * x('72') * x('74') +
7663  power(x('72'), 2) +
7664  power(x('74'), 2) =l= 1;
7665  con652..(-2) * cos(-x('102') +
7666  x('151')) * x('2') * x('51') +
7667  power(x('2'), 2) +
7668  power(x('51'), 2) =l= 1;
7669  con653..(-2) * cos(-x('172') +
7670  x('173')) * x('72') * x('73') +
7671  power(x('72'), 2) +
7672  power(x('73'), 2) =l= 1;
7673  con654..(-2) * cos(-x('171') +
7674  x('200')) * x('71') * x('100') +
7675  power(x('71'), 2) +
7676  power(x('100'), 2) =l= 1;
7677  con655..(-2) * cos(-x('102') +
7678  x('152')) * x('2') * x('52') +
7679  power(x('2'), 2) +
7680  power(x('52'), 2) =l= 1;
7681  con656..(-2) * cos(-x('171') +
7682  x('199')) * x('71') * x('99') +
7683  power(x('71'), 2) +
7684  power(x('99'), 2) =l= 1;
7685  con657..(-2) * cos(-x('171') +
7686  x('198')) * x('71') * x('98') +
7687  power(x('71'), 2) +
7688  power(x('98'), 2) =l= 1;
7689  con658..(-2) * cos(-x('102') +
7690  x('153')) * x('2') * x('53') +
7691  power(x('2'), 2) +
7692  power(x('53'), 2) =l= 1;
7693  con659..(-2) * cos(-x('171') +
7694  x('197')) * x('71') * x('97') +
7695  power(x('71'), 2) +
7696  power(x('97'), 2) =l= 1;
7697  con660..(-2) * cos(-x('171') +
7698  x('196')) * x('71') * x('96') +
7699  power(x('71'), 2) +
7700  power(x('96'), 2) =l= 1;
7701  con661..(-2) * cos(-x('171') +
7702  x('195')) * x('71') * x('95') +
7703  power(x('71'), 2) +
7704  power(x('95'), 2) =l= 1;
7705  con662..(-2) * cos(-x('102') +
7706  x('154')) * x('2') * x('54') +
7707  power(x('2'), 2) +
7708  power(x('54'), 2) =l= 1;
7709  con663..(-2) * cos(-x('171') +
7710  x('194')) * x('71') * x('94') +
7711  power(x('71'), 2) +
7712  power(x('94'), 2) =l= 1;
7713  con664..(-2) * cos(-x('171') +
7714  x('193')) * x('71') * x('93') +
7715  power(x('71'), 2) +
7716  power(x('93'), 2) =l= 1;
7717  con665..(-2) * cos(-x('102') +
7718  x('155')) * x('2') * x('55') +
7719  power(x('2'), 2) +
7720  power(x('55'), 2) =l= 1;
7721  con666..(-2) * cos(-x('171') +
7722  x('192')) * x('71') * x('92') +
7723  power(x('71'), 2) +
7724  power(x('92'), 2) =l= 1;
7725  con667..(-2) * cos(-x('171') +
7726  x('191')) * x('71') * x('91') +
7727  power(x('71'), 2) +
7728  power(x('91'), 2) =l= 1;
7729  con668..(-2) * cos(-x('102') +
7730  x('156')) * x('2') * x('56') +
7731  power(x('2'), 2) +
7732  power(x('56'), 2) =l= 1;
7733  con669..(-2) * cos(-x('171') +
7734  x('190')) * x('71') * x('90') +
7735  power(x('71'), 2) +
7736  power(x('90'), 2) =l= 1;
7737  con670..(-2) * cos(-x('171') +
7738  x('189')) * x('71') * x('89') +
7739  power(x('71'), 2) +
7740  power(x('89'), 2) =l= 1;
7741  con671..(-2) * cos(-x('102') +
7742  x('157')) * x('2') * x('57') +
7743  power(x('2'), 2) +
7744  power(x('57'), 2) =l= 1;
7745  con672..(-2) * cos(-x('171') +
7746  x('188')) * x('71') * x('88') +
7747  power(x('71'), 2) +
7748  power(x('88'), 2) =l= 1;
7749  con673..(-2) * cos(-x('171') +
7750  x('187')) * x('71') * x('87') +
7751  power(x('71'), 2) +
7752  power(x('87'), 2) =l= 1;
7753  con674..(-2) * cos(-x('171') +
7754  x('186')) * x('71') * x('86') +
7755  power(x('71'), 2) +
7756  power(x('86'), 2) =l= 1;
7757  con675..(-2) * cos(-x('102') +
7758  x('158')) * x('2') * x('58') +
7759  power(x('2'), 2) +
7760  power(x('58'), 2) =l= 1;
7761  con676..(-2) * cos(-x('171') +
7762  x('185')) * x('71') * x('85') +
7763  power(x('71'), 2) +
7764  power(x('85'), 2) =l= 1;
7765  con677..(-2) * cos(-x('171') +
7766  x('184')) * x('71') * x('84') +
7767  power(x('71'), 2) +
7768  power(x('84'), 2) =l= 1;
7769  con678..(-2) * cos(-x('102') +
7770  x('159')) * x('2') * x('59') +
7771  power(x('2'), 2) +
7772  power(x('59'), 2) =l= 1;
7773  con679..(-2) * cos(-x('171') +
7774  x('183')) * x('71') * x('83') +
7775  power(x('71'), 2) +
7776  power(x('83'), 2) =l= 1;
7777  con680..(-2) * cos(-x('171') +
7778  x('182')) * x('71') * x('82') +
7779  power(x('71'), 2) +
7780  power(x('82'), 2) =l= 1;
7781  con681..(-2) * cos(-x('102') +
7782  x('160')) * x('2') * x('60') +
7783  power(x('2'), 2) +
7784  power(x('60'), 2) =l= 1;
7785  con682..(-2) * cos(-x('171') +
7786  x('181')) * x('71') * x('81') +
7787  power(x('71'), 2) +
7788  power(x('81'), 2) =l= 1;
7789  con683..(-2) * cos(-x('171') +
7790  x('180')) * x('71') * x('80') +
7791  power(x('71'), 2) +
7792  power(x('80'), 2) =l= 1;
7793  con684..(-2) * cos(-x('102') +
7794  x('161')) * x('2') * x('61') +
7795  power(x('2'), 2) +
7796  power(x('61'), 2) =l= 1;
7797  con685..(-2) * cos(-x('171') +
7798  x('179')) * x('71') * x('79') +
7799  power(x('71'), 2) +
7800  power(x('79'), 2) =l= 1;
7801  con686..(-2) * cos(-x('171') +
7802  x('178')) * x('71') * x('78') +
7803  power(x('71'), 2) +
7804  power(x('78'), 2) =l= 1;
7805  con687..(-2) * cos(-x('171') +
7806  x('177')) * x('71') * x('77') +
7807  power(x('71'), 2) +
7808  power(x('77'), 2) =l= 1;
7809  con688..(-2) * cos(-x('102') +
7810  x('162')) * x('2') * x('62') +
7811  power(x('2'), 2) +
7812  power(x('62'), 2) =l= 1;
7813  con689..(-2) * cos(-x('171') +
7814  x('176')) * x('71') * x('76') +
7815  power(x('71'), 2) +
7816  power(x('76'), 2) =l= 1;
7817  con690..(-2) * cos(-x('171') +
7818  x('175')) * x('71') * x('75') +
7819  power(x('71'), 2) +
7820  power(x('75'), 2) =l= 1;
7821  con691..(-2) * cos(-x('102') +
7822  x('163')) * x('2') * x('63') +
7823  power(x('2'), 2) +
7824  power(x('63'), 2) =l= 1;
7825  con692..(-2) * cos(-x('171') +
7826  x('174')) * x('71') * x('74') +
7827  power(x('71'), 2) +
7828  power(x('74'), 2) =l= 1;
7829  con693..(-2) * cos(-x('171') +
7830  x('173')) * x('71') * x('73') +
7831  power(x('71'), 2) +
7832  power(x('73'), 2) =l= 1;
7833  con694..(-2) * cos(-x('102') +
7834  x('164')) * x('2') * x('64') +
7835  power(x('2'), 2) +
7836  power(x('64'), 2) =l= 1;
7837  con695..(-2) * cos(-x('171') +
7838  x('172')) * x('71') * x('72') +
7839  power(x('71'), 2) +
7840  power(x('72'), 2) =l= 1;
7841  con696..(-2) * cos(-x('170') +
7842  x('200')) * x('70') * x('100') +
7843  power(x('70'), 2) +
7844  power(x('100'), 2) =l= 1;
7845  con697..(-2) * cos(-x('102') +
7846  x('165')) * x('2') * x('65') +
7847  power(x('2'), 2) +
7848  power(x('65'), 2) =l= 1;
7849  con698..(-2) * cos(-x('170') +
7850  x('199')) * x('70') * x('99') +
7851  power(x('70'), 2) +
7852  power(x('99'), 2) =l= 1;
7853  con699..(-2) * cos(-x('170') +
7854  x('198')) * x('70') * x('98') +
7855  power(x('70'), 2) +
7856  power(x('98'), 2) =l= 1;
7857  con700..(-2) * cos(-x('170') +
7858  x('197')) * x('70') * x('97') +
7859  power(x('70'), 2) +
7860  power(x('97'), 2) =l= 1;
7861  con701..(-2) * cos(-x('102') +
7862  x('166')) * x('2') * x('66') +
7863  power(x('2'), 2) +
7864  power(x('66'), 2) =l= 1;
7865  con702..(-2) * cos(-x('170') +
7866  x('196')) * x('70') * x('96') +
7867  power(x('70'), 2) +
7868  power(x('96'), 2) =l= 1;
7869  con703..(-2) * cos(-x('170') +
7870  x('195')) * x('70') * x('95') +
7871  power(x('70'), 2) +
7872  power(x('95'), 2) =l= 1;
7873  con704..(-2) * cos(-x('102') +
7874  x('167')) * x('2') * x('67') +
7875  power(x('2'), 2) +
7876  power(x('67'), 2) =l= 1;
7877  con705..(-2) * cos(-x('170') +
7878  x('194')) * x('70') * x('94') +
7879  power(x('70'), 2) +
7880  power(x('94'), 2) =l= 1;
7881  con706..(-2) * cos(-x('170') +
7882  x('193')) * x('70') * x('93') +
7883  power(x('70'), 2) +
7884  power(x('93'), 2) =l= 1;
7885  con707..(-2) * cos(-x('102') +
7886  x('168')) * x('2') * x('68') +
7887  power(x('2'), 2) +
7888  power(x('68'), 2) =l= 1;
7889  con708..(-2) * cos(-x('170') +
7890  x('192')) * x('70') * x('92') +
7891  power(x('70'), 2) +
7892  power(x('92'), 2) =l= 1;
7893  con709..(-2) * cos(-x('170') +
7894  x('191')) * x('70') * x('91') +
7895  power(x('70'), 2) +
7896  power(x('91'), 2) =l= 1;
7897  con710..(-2) * cos(-x('102') +
7898  x('169')) * x('2') * x('69') +
7899  power(x('2'), 2) +
7900  power(x('69'), 2) =l= 1;
7901  con711..(-2) * cos(-x('170') +
7902  x('190')) * x('70') * x('90') +
7903  power(x('70'), 2) +
7904  power(x('90'), 2) =l= 1;
7905  con712..(-2) * cos(-x('170') +
7906  x('189')) * x('70') * x('89') +
7907  power(x('70'), 2) +
7908  power(x('89'), 2) =l= 1;
7909  con713..(-2) * cos(-x('170') +
7910  x('188')) * x('70') * x('88') +
7911  power(x('70'), 2) +
7912  power(x('88'), 2) =l= 1;
7913  con714..(-2) * cos(-x('102') +
7914  x('170')) * x('2') * x('70') +
7915  power(x('2'), 2) +
7916  power(x('70'), 2) =l= 1;
7917  con715..(-2) * cos(-x('170') +
7918  x('187')) * x('70') * x('87') +
7919  power(x('70'), 2) +
7920  power(x('87'), 2) =l= 1;
7921  con716..(-2) * cos(-x('170') +
7922  x('186')) * x('70') * x('86') +
7923  power(x('70'), 2) +
7924  power(x('86'), 2) =l= 1;
7925  con717..(-2) * cos(-x('102') +
7926  x('171')) * x('2') * x('71') +
7927  power(x('2'), 2) +
7928  power(x('71'), 2) =l= 1;
7929  con718..(-2) * cos(-x('170') +
7930  x('185')) * x('70') * x('85') +
7931  power(x('70'), 2) +
7932  power(x('85'), 2) =l= 1;
7933  con719..(-2) * cos(-x('170') +
7934  x('184')) * x('70') * x('84') +
7935  power(x('70'), 2) +
7936  power(x('84'), 2) =l= 1;
7937  con720..(-2) * cos(-x('102') +
7938  x('172')) * x('2') * x('72') +
7939  power(x('2'), 2) +
7940  power(x('72'), 2) =l= 1;
7941  con721..(-2) * cos(-x('170') +
7942  x('183')) * x('70') * x('83') +
7943  power(x('70'), 2) +
7944  power(x('83'), 2) =l= 1;
7945  con722..(-2) * cos(-x('170') +
7946  x('182')) * x('70') * x('82') +
7947  power(x('70'), 2) +
7948  power(x('82'), 2) =l= 1;
7949  con723..(-2) * cos(-x('102') +
7950  x('173')) * x('2') * x('73') +
7951  power(x('2'), 2) +
7952  power(x('73'), 2) =l= 1;
7953  con724..(-2) * cos(-x('170') +
7954  x('181')) * x('70') * x('81') +
7955  power(x('70'), 2) +
7956  power(x('81'), 2) =l= 1;
7957  con725..(-2) * cos(-x('170') +
7958  x('180')) * x('70') * x('80') +
7959  power(x('70'), 2) +
7960  power(x('80'), 2) =l= 1;
7961  con726..(-2) * cos(-x('170') +
7962  x('179')) * x('70') * x('79') +
7963  power(x('70'), 2) +
7964  power(x('79'), 2) =l= 1;
7965  con727..(-2) * cos(-x('102') +
7966  x('174')) * x('2') * x('74') +
7967  power(x('2'), 2) +
7968  power(x('74'), 2) =l= 1;
7969  con728..(-2) * cos(-x('170') +
7970  x('178')) * x('70') * x('78') +
7971  power(x('70'), 2) +
7972  power(x('78'), 2) =l= 1;
7973  con729..(-2) * cos(-x('170') +
7974  x('177')) * x('70') * x('77') +
7975  power(x('70'), 2) +
7976  power(x('77'), 2) =l= 1;
7977  con730..(-2) * cos(-x('102') +
7978  x('175')) * x('2') * x('75') +
7979  power(x('2'), 2) +
7980  power(x('75'), 2) =l= 1;
7981  con731..(-2) * cos(-x('170') +
7982  x('176')) * x('70') * x('76') +
7983  power(x('70'), 2) +
7984  power(x('76'), 2) =l= 1;
7985  con732..(-2) * cos(-x('170') +
7986  x('175')) * x('70') * x('75') +
7987  power(x('70'), 2) +
7988  power(x('75'), 2) =l= 1;
7989  con733..(-2) * cos(-x('102') +
7990  x('176')) * x('2') * x('76') +
7991  power(x('2'), 2) +
7992  power(x('76'), 2) =l= 1;
7993  con734..(-2) * cos(-x('170') +
7994  x('174')) * x('70') * x('74') +
7995  power(x('70'), 2) +
7996  power(x('74'), 2) =l= 1;
7997  con735..(-2) * cos(-x('170') +
7998  x('173')) * x('70') * x('73') +
7999  power(x('70'), 2) +
8000  power(x('73'), 2) =l= 1;
8001  con736..(-2) * cos(-x('102') +
8002  x('177')) * x('2') * x('77') +
8003  power(x('2'), 2) +
8004  power(x('77'), 2) =l= 1;
8005  con737..(-2) * cos(-x('170') +
8006  x('172')) * x('70') * x('72') +
8007  power(x('70'), 2) +
8008  power(x('72'), 2) =l= 1;
8009  con738..(-2) * cos(-x('170') +
8010  x('171')) * x('70') * x('71') +
8011  power(x('70'), 2) +
8012  power(x('71'), 2) =l= 1;
8013  con739..(-2) * cos(-x('169') +
8014  x('200')) * x('69') * x('100') +
8015  power(x('69'), 2) +
8016  power(x('100'), 2) =l= 1;
8017  con740..(-2) * cos(-x('102') +
8018  x('178')) * x('2') * x('78') +
8019  power(x('2'), 2) +
8020  power(x('78'), 2) =l= 1;
8021  con741..(-2) * cos(-x('169') +
8022  x('199')) * x('69') * x('99') +
8023  power(x('69'), 2) +
8024  power(x('99'), 2) =l= 1;
8025  con742..(-2) * cos(-x('169') +
8026  x('198')) * x('69') * x('98') +
8027  power(x('69'), 2) +
8028  power(x('98'), 2) =l= 1;
8029  con743..(-2) * cos(-x('102') +
8030  x('179')) * x('2') * x('79') +
8031  power(x('2'), 2) +
8032  power(x('79'), 2) =l= 1;
8033  con744..(-2) * cos(-x('169') +
8034  x('197')) * x('69') * x('97') +
8035  power(x('69'), 2) +
8036  power(x('97'), 2) =l= 1;
8037  con745..(-2) * cos(-x('169') +
8038  x('196')) * x('69') * x('96') +
8039  power(x('69'), 2) +
8040  power(x('96'), 2) =l= 1;
8041  con746..(-2) * cos(-x('102') +
8042  x('180')) * x('2') * x('80') +
8043  power(x('2'), 2) +
8044  power(x('80'), 2) =l= 1;
8045  con747..(-2) * cos(-x('169') +
8046  x('195')) * x('69') * x('95') +
8047  power(x('69'), 2) +
8048  power(x('95'), 2) =l= 1;
8049  con748..(-2) * cos(-x('169') +
8050  x('194')) * x('69') * x('94') +
8051  power(x('69'), 2) +
8052  power(x('94'), 2) =l= 1;
8053  con749..(-2) * cos(-x('102') +
8054  x('181')) * x('2') * x('81') +
8055  power(x('2'), 2) +
8056  power(x('81'), 2) =l= 1;
8057  con750..(-2) * cos(-x('169') +
8058  x('193')) * x('69') * x('93') +
8059  power(x('69'), 2) +
8060  power(x('93'), 2) =l= 1;
8061  con751..(-2) * cos(-x('169') +
8062  x('192')) * x('69') * x('92') +
8063  power(x('69'), 2) +
8064  power(x('92'), 2) =l= 1;
8065  con752..(-2) * cos(-x('169') +
8066  x('191')) * x('69') * x('91') +
8067  power(x('69'), 2) +
8068  power(x('91'), 2) =l= 1;
8069  con753..(-2) * cos(-x('102') +
8070  x('182')) * x('2') * x('82') +
8071  power(x('2'), 2) +
8072  power(x('82'), 2) =l= 1;
8073  con754..(-2) * cos(-x('169') +
8074  x('190')) * x('69') * x('90') +
8075  power(x('69'), 2) +
8076  power(x('90'), 2) =l= 1;
8077  con755..(-2) * cos(-x('169') +
8078  x('189')) * x('69') * x('89') +
8079  power(x('69'), 2) +
8080  power(x('89'), 2) =l= 1;
8081  con756..(-2) * cos(-x('102') +
8082  x('183')) * x('2') * x('83') +
8083  power(x('2'), 2) +
8084  power(x('83'), 2) =l= 1;
8085  con757..(-2) * cos(-x('169') +
8086  x('188')) * x('69') * x('88') +
8087  power(x('69'), 2) +
8088  power(x('88'), 2) =l= 1;
8089  con758..(-2) * cos(-x('169') +
8090  x('187')) * x('69') * x('87') +
8091  power(x('69'), 2) +
8092  power(x('87'), 2) =l= 1;
8093  con759..(-2) * cos(-x('102') +
8094  x('184')) * x('2') * x('84') +
8095  power(x('2'), 2) +
8096  power(x('84'), 2) =l= 1;
8097  con760..(-2) * cos(-x('169') +
8098  x('186')) * x('69') * x('86') +
8099  power(x('69'), 2) +
8100  power(x('86'), 2) =l= 1;
8101  con761..(-2) * cos(-x('169') +
8102  x('185')) * x('69') * x('85') +
8103  power(x('69'), 2) +
8104  power(x('85'), 2) =l= 1;
8105  con762..(-2) * cos(-x('102') +
8106  x('185')) * x('2') * x('85') +
8107  power(x('2'), 2) +
8108  power(x('85'), 2) =l= 1;
8109  con763..(-2) * cos(-x('169') +
8110  x('184')) * x('69') * x('84') +
8111  power(x('69'), 2) +
8112  power(x('84'), 2) =l= 1;
8113  con764..(-2) * cos(-x('169') +
8114  x('183')) * x('69') * x('83') +
8115  power(x('69'), 2) +
8116  power(x('83'), 2) =l= 1;
8117  con765..(-2) * cos(-x('169') +
8118  x('182')) * x('69') * x('82') +
8119  power(x('69'), 2) +
8120  power(x('82'), 2) =l= 1;
8121  con766..(-2) * cos(-x('102') +
8122  x('186')) * x('2') * x('86') +
8123  power(x('2'), 2) +
8124  power(x('86'), 2) =l= 1;
8125  con767..(-2) * cos(-x('169') +
8126  x('181')) * x('69') * x('81') +
8127  power(x('69'), 2) +
8128  power(x('81'), 2) =l= 1;
8129  con768..(-2) * cos(-x('169') +
8130  x('180')) * x('69') * x('80') +
8131  power(x('69'), 2) +
8132  power(x('80'), 2) =l= 1;
8133  con769..(-2) * cos(-x('102') +
8134  x('187')) * x('2') * x('87') +
8135  power(x('2'), 2) +
8136  power(x('87'), 2) =l= 1;
8137  con770..(-2) * cos(-x('169') +
8138  x('179')) * x('69') * x('79') +
8139  power(x('69'), 2) +
8140  power(x('79'), 2) =l= 1;
8141  con771..(-2) * cos(-x('169') +
8142  x('178')) * x('69') * x('78') +
8143  power(x('69'), 2) +
8144  power(x('78'), 2) =l= 1;
8145  con772..(-2) * cos(-x('102') +
8146  x('188')) * x('2') * x('88') +
8147  power(x('2'), 2) +
8148  power(x('88'), 2) =l= 1;
8149  con773..(-2) * cos(-x('169') +
8150  x('177')) * x('69') * x('77') +
8151  power(x('69'), 2) +
8152  power(x('77'), 2) =l= 1;
8153  con774..(-2) * cos(-x('169') +
8154  x('176')) * x('69') * x('76') +
8155  power(x('69'), 2) +
8156  power(x('76'), 2) =l= 1;
8157  con775..(-2) * cos(-x('102') +
8158  x('189')) * x('2') * x('89') +
8159  power(x('2'), 2) +
8160  power(x('89'), 2) =l= 1;
8161  con776..(-2) * cos(-x('169') +
8162  x('175')) * x('69') * x('75') +
8163  power(x('69'), 2) +
8164  power(x('75'), 2) =l= 1;
8165  con777..(-2) * cos(-x('169') +
8166  x('174')) * x('69') * x('74') +
8167  power(x('69'), 2) +
8168  power(x('74'), 2) =l= 1;
8169  con778..(-2) * cos(-x('169') +
8170  x('173')) * x('69') * x('73') +
8171  power(x('69'), 2) +
8172  power(x('73'), 2) =l= 1;
8173  con779..(-2) * cos(-x('102') +
8174  x('190')) * x('2') * x('90') +
8175  power(x('2'), 2) +
8176  power(x('90'), 2) =l= 1;
8177  con780..(-2) * cos(-x('169') +
8178  x('172')) * x('69') * x('72') +
8179  power(x('69'), 2) +
8180  power(x('72'), 2) =l= 1;
8181  con781..(-2) * cos(-x('169') +
8182  x('171')) * x('69') * x('71') +
8183  power(x('69'), 2) +
8184  power(x('71'), 2) =l= 1;
8185  con782..(-2) * cos(-x('102') +
8186  x('191')) * x('2') * x('91') +
8187  power(x('2'), 2) +
8188  power(x('91'), 2) =l= 1;
8189  con783..(-2) * cos(-x('169') +
8190  x('170')) * x('69') * x('70') +
8191  power(x('69'), 2) +
8192  power(x('70'), 2) =l= 1;
8193  con784..(-2) * cos(-x('168') +
8194  x('200')) * x('68') * x('100') +
8195  power(x('68'), 2) +
8196  power(x('100'), 2) =l= 1;
8197  con785..(-2) * cos(-x('102') +
8198  x('192')) * x('2') * x('92') +
8199  power(x('2'), 2) +
8200  power(x('92'), 2) =l= 1;
8201  con786..(-2) * cos(-x('168') +
8202  x('199')) * x('68') * x('99') +
8203  power(x('68'), 2) +
8204  power(x('99'), 2) =l= 1;
8205  con787..(-2) * cos(-x('168') +
8206  x('198')) * x('68') * x('98') +
8207  power(x('68'), 2) +
8208  power(x('98'), 2) =l= 1;
8209  con788..(-2) * cos(-x('102') +
8210  x('193')) * x('2') * x('93') +
8211  power(x('2'), 2) +
8212  power(x('93'), 2) =l= 1;
8213  con789..(-2) * cos(-x('168') +
8214  x('197')) * x('68') * x('97') +
8215  power(x('68'), 2) +
8216  power(x('97'), 2) =l= 1;
8217  con790..(-2) * cos(-x('168') +
8218  x('196')) * x('68') * x('96') +
8219  power(x('68'), 2) +
8220  power(x('96'), 2) =l= 1;
8221  con791..(-2) * cos(-x('168') +
8222  x('195')) * x('68') * x('95') +
8223  power(x('68'), 2) +
8224  power(x('95'), 2) =l= 1;
8225  con792..(-2) * cos(-x('102') +
8226  x('194')) * x('2') * x('94') +
8227  power(x('2'), 2) +
8228  power(x('94'), 2) =l= 1;
8229  con793..(-2) * cos(-x('168') +
8230  x('194')) * x('68') * x('94') +
8231  power(x('68'), 2) +
8232  power(x('94'), 2) =l= 1;
8233  con794..(-2) * cos(-x('168') +
8234  x('193')) * x('68') * x('93') +
8235  power(x('68'), 2) +
8236  power(x('93'), 2) =l= 1;
8237  con795..(-2) * cos(-x('102') +
8238  x('195')) * x('2') * x('95') +
8239  power(x('2'), 2) +
8240  power(x('95'), 2) =l= 1;
8241  con796..(-2) * cos(-x('168') +
8242  x('192')) * x('68') * x('92') +
8243  power(x('68'), 2) +
8244  power(x('92'), 2) =l= 1;
8245  con797..(-2) * cos(-x('168') +
8246  x('191')) * x('68') * x('91') +
8247  power(x('68'), 2) +
8248  power(x('91'), 2) =l= 1;
8249  con798..(-2) * cos(-x('102') +
8250  x('196')) * x('2') * x('96') +
8251  power(x('2'), 2) +
8252  power(x('96'), 2) =l= 1;
8253  con799..(-2) * cos(-x('168') +
8254  x('190')) * x('68') * x('90') +
8255  power(x('68'), 2) +
8256  power(x('90'), 2) =l= 1;
8257  con800..(-2) * cos(-x('168') +
8258  x('189')) * x('68') * x('89') +
8259  power(x('68'), 2) +
8260  power(x('89'), 2) =l= 1;
8261  con801..(-2) * cos(-x('102') +
8262  x('197')) * x('2') * x('97') +
8263  power(x('2'), 2) +
8264  power(x('97'), 2) =l= 1;
8265  con802..(-2) * cos(-x('168') +
8266  x('188')) * x('68') * x('88') +
8267  power(x('68'), 2) +
8268  power(x('88'), 2) =l= 1;
8269  con803..(-2) * cos(-x('168') +
8270  x('187')) * x('68') * x('87') +
8271  power(x('68'), 2) +
8272  power(x('87'), 2) =l= 1;
8273  con804..(-2) * cos(-x('168') +
8274  x('186')) * x('68') * x('86') +
8275  power(x('68'), 2) +
8276  power(x('86'), 2) =l= 1;
8277  con805..(-2) * cos(-x('102') +
8278  x('198')) * x('2') * x('98') +
8279  power(x('2'), 2) +
8280  power(x('98'), 2) =l= 1;
8281  con806..(-2) * cos(-x('168') +
8282  x('185')) * x('68') * x('85') +
8283  power(x('68'), 2) +
8284  power(x('85'), 2) =l= 1;
8285  con807..(-2) * cos(-x('168') +
8286  x('184')) * x('68') * x('84') +
8287  power(x('68'), 2) +
8288  power(x('84'), 2) =l= 1;
8289  con808..(-2) * cos(-x('102') +
8290  x('199')) * x('2') * x('99') +
8291  power(x('2'), 2) +
8292  power(x('99'), 2) =l= 1;
8293  con809..(-2) * cos(-x('168') +
8294  x('183')) * x('68') * x('83') +
8295  power(x('68'), 2) +
8296  power(x('83'), 2) =l= 1;
8297  con810..(-2) * cos(-x('168') +
8298  x('182')) * x('68') * x('82') +
8299  power(x('68'), 2) +
8300  power(x('82'), 2) =l= 1;
8301  con811..(-2) * cos(-x('102') +
8302  x('200')) * x('2') * x('100') +
8303  power(x('2'), 2) +
8304  power(x('100'), 2) =l= 1;
8305  con812..(-2) * cos(-x('168') +
8306  x('181')) * x('68') * x('81') +
8307  power(x('68'), 2) +
8308  power(x('81'), 2) =l= 1;
8309  con813..(-2) * cos(-x('168') +
8310  x('180')) * x('68') * x('80') +
8311  power(x('68'), 2) +
8312  power(x('80'), 2) =l= 1;
8313  con814..(-2) * cos(-x('103') +
8314  x('104')) * x('3') * x('4') +
8315  power(x('3'), 2) +
8316  power(x('4'), 2) =l= 1;
8317  con815..(-2) * cos(-x('168') +
8318  x('179')) * x('68') * x('79') +
8319  power(x('68'), 2) +
8320  power(x('79'), 2) =l= 1;
8321  con816..(-2) * cos(-x('168') +
8322  x('178')) * x('68') * x('78') +
8323  power(x('68'), 2) +
8324  power(x('78'), 2) =l= 1;
8325  con817..(-2) * cos(-x('168') +
8326  x('177')) * x('68') * x('77') +
8327  power(x('68'), 2) +
8328  power(x('77'), 2) =l= 1;
8329  con818..(-2) * cos(-x('103') +
8330  x('105')) * x('3') * x('5') +
8331  power(x('3'), 2) +
8332  power(x('5'), 2) =l= 1;
8333  con819..(-2) * cos(-x('168') +
8334  x('176')) * x('68') * x('76') +
8335  power(x('68'), 2) +
8336  power(x('76'), 2) =l= 1;
8337  con820..(-2) * cos(-x('168') +
8338  x('175')) * x('68') * x('75') +
8339  power(x('68'), 2) +
8340  power(x('75'), 2) =l= 1;
8341  con821..(-2) * cos(-x('103') +
8342  x('106')) * x('3') * x('6') +
8343  power(x('3'), 2) +
8344  power(x('6'), 2) =l= 1;
8345  con822..(-2) * cos(-x('168') +
8346  x('174')) * x('68') * x('74') +
8347  power(x('68'), 2) +
8348  power(x('74'), 2) =l= 1;
8349  con823..(-2) * cos(-x('168') +
8350  x('173')) * x('68') * x('73') +
8351  power(x('68'), 2) +
8352  power(x('73'), 2) =l= 1;
8353  con824..(-2) * cos(-x('103') +
8354  x('107')) * x('3') * x('7') +
8355  power(x('3'), 2) +
8356  power(x('7'), 2) =l= 1;
8357  con825..(-2) * cos(-x('168') +
8358  x('172')) * x('68') * x('72') +
8359  power(x('68'), 2) +
8360  power(x('72'), 2) =l= 1;
8361  con826..(-2) * cos(-x('168') +
8362  x('171')) * x('68') * x('71') +
8363  power(x('68'), 2) +
8364  power(x('71'), 2) =l= 1;
8365  con827..(-2) * cos(-x('103') +
8366  x('108')) * x('3') * x('8') +
8367  power(x('3'), 2) +
8368  power(x('8'), 2) =l= 1;
8369  con828..(-2) * cos(-x('168') +
8370  x('170')) * x('68') * x('70') +
8371  power(x('68'), 2) +
8372  power(x('70'), 2) =l= 1;
8373  con829..(-2) * cos(-x('168') +
8374  x('169')) * x('68') * x('69') +
8375  power(x('68'), 2) +
8376  power(x('69'), 2) =l= 1;
8377  con830..(-2) * cos(-x('167') +
8378  x('200')) * x('67') * x('100') +
8379  power(x('67'), 2) +
8380  power(x('100'), 2) =l= 1;
8381  con831..(-2) * cos(-x('103') +
8382  x('109')) * x('3') * x('9') +
8383  power(x('3'), 2) +
8384  power(x('9'), 2) =l= 1;
8385  con832..(-2) * cos(-x('167') +
8386  x('199')) * x('67') * x('99') +
8387  power(x('67'), 2) +
8388  power(x('99'), 2) =l= 1;
8389  con833..(-2) * cos(-x('167') +
8390  x('198')) * x('67') * x('98') +
8391  power(x('67'), 2) +
8392  power(x('98'), 2) =l= 1;
8393  con834..(-2) * cos(-x('103') +
8394  x('110')) * x('3') * x('10') +
8395  power(x('3'), 2) +
8396  power(x('10'), 2) =l= 1;
8397  con835..(-2) * cos(-x('167') +
8398  x('197')) * x('67') * x('97') +
8399  power(x('67'), 2) +
8400  power(x('97'), 2) =l= 1;
8401  con836..(-2) * cos(-x('167') +
8402  x('196')) * x('67') * x('96') +
8403  power(x('67'), 2) +
8404  power(x('96'), 2) =l= 1;
8405  con837..(-2) * cos(-x('103') +
8406  x('111')) * x('3') * x('11') +
8407  power(x('3'), 2) +
8408  power(x('11'), 2) =l= 1;
8409  con838..(-2) * cos(-x('167') +
8410  x('195')) * x('67') * x('95') +
8411  power(x('67'), 2) +
8412  power(x('95'), 2) =l= 1;
8413  con839..(-2) * cos(-x('167') +
8414  x('194')) * x('67') * x('94') +
8415  power(x('67'), 2) +
8416  power(x('94'), 2) =l= 1;
8417  con840..(-2) * cos(-x('103') +
8418  x('112')) * x('3') * x('12') +
8419  power(x('3'), 2) +
8420  power(x('12'), 2) =l= 1;
8421  con841..(-2) * cos(-x('167') +
8422  x('193')) * x('67') * x('93') +
8423  power(x('67'), 2) +
8424  power(x('93'), 2) =l= 1;
8425  con842..(-2) * cos(-x('167') +
8426  x('192')) * x('67') * x('92') +
8427  power(x('67'), 2) +
8428  power(x('92'), 2) =l= 1;
8429  con843..(-2) * cos(-x('167') +
8430  x('191')) * x('67') * x('91') +
8431  power(x('67'), 2) +
8432  power(x('91'), 2) =l= 1;
8433  con844..(-2) * cos(-x('103') +
8434  x('113')) * x('3') * x('13') +
8435  power(x('3'), 2) +
8436  power(x('13'), 2) =l= 1;
8437  con845..(-2) * cos(-x('167') +
8438  x('190')) * x('67') * x('90') +
8439  power(x('67'), 2) +
8440  power(x('90'), 2) =l= 1;
8441  con846..(-2) * cos(-x('167') +
8442  x('189')) * x('67') * x('89') +
8443  power(x('67'), 2) +
8444  power(x('89'), 2) =l= 1;
8445  con847..(-2) * cos(-x('103') +
8446  x('114')) * x('3') * x('14') +
8447  power(x('3'), 2) +
8448  power(x('14'), 2) =l= 1;
8449  con848..(-2) * cos(-x('167') +
8450  x('188')) * x('67') * x('88') +
8451  power(x('67'), 2) +
8452  power(x('88'), 2) =l= 1;
8453  con849..(-2) * cos(-x('167') +
8454  x('187')) * x('67') * x('87') +
8455  power(x('67'), 2) +
8456  power(x('87'), 2) =l= 1;
8457  con850..(-2) * cos(-x('103') +
8458  x('115')) * x('3') * x('15') +
8459  power(x('3'), 2) +
8460  power(x('15'), 2) =l= 1;
8461  con851..(-2) * cos(-x('167') +
8462  x('186')) * x('67') * x('86') +
8463  power(x('67'), 2) +
8464  power(x('86'), 2) =l= 1;
8465  con852..(-2) * cos(-x('167') +
8466  x('185')) * x('67') * x('85') +
8467  power(x('67'), 2) +
8468  power(x('85'), 2) =l= 1;
8469  con853..(-2) * cos(-x('103') +
8470  x('116')) * x('3') * x('16') +
8471  power(x('3'), 2) +
8472  power(x('16'), 2) =l= 1;
8473  con854..(-2) * cos(-x('167') +
8474  x('184')) * x('67') * x('84') +
8475  power(x('67'), 2) +
8476  power(x('84'), 2) =l= 1;
8477  con855..(-2) * cos(-x('167') +
8478  x('183')) * x('67') * x('83') +
8479  power(x('67'), 2) +
8480  power(x('83'), 2) =l= 1;
8481  con856..(-2) * cos(-x('167') +
8482  x('182')) * x('67') * x('82') +
8483  power(x('67'), 2) +
8484  power(x('82'), 2) =l= 1;
8485  con857..(-2) * cos(-x('103') +
8486  x('117')) * x('3') * x('17') +
8487  power(x('3'), 2) +
8488  power(x('17'), 2) =l= 1;
8489  con858..(-2) * cos(-x('167') +
8490  x('181')) * x('67') * x('81') +
8491  power(x('67'), 2) +
8492  power(x('81'), 2) =l= 1;
8493  con859..(-2) * cos(-x('167') +
8494  x('180')) * x('67') * x('80') +
8495  power(x('67'), 2) +
8496  power(x('80'), 2) =l= 1;
8497  con860..(-2) * cos(-x('103') +
8498  x('118')) * x('3') * x('18') +
8499  power(x('3'), 2) +
8500  power(x('18'), 2) =l= 1;
8501  con861..(-2) * cos(-x('167') +
8502  x('179')) * x('67') * x('79') +
8503  power(x('67'), 2) +
8504  power(x('79'), 2) =l= 1;
8505  con862..(-2) * cos(-x('167') +
8506  x('178')) * x('67') * x('78') +
8507  power(x('67'), 2) +
8508  power(x('78'), 2) =l= 1;
8509  con863..(-2) * cos(-x('103') +
8510  x('119')) * x('3') * x('19') +
8511  power(x('3'), 2) +
8512  power(x('19'), 2) =l= 1;
8513  con864..(-2) * cos(-x('167') +
8514  x('177')) * x('67') * x('77') +
8515  power(x('67'), 2) +
8516  power(x('77'), 2) =l= 1;
8517  con865..(-2) * cos(-x('167') +
8518  x('176')) * x('67') * x('76') +
8519  power(x('67'), 2) +
8520  power(x('76'), 2) =l= 1;
8521  con866..(-2) * cos(-x('103') +
8522  x('120')) * x('3') * x('20') +
8523  power(x('3'), 2) +
8524  power(x('20'), 2) =l= 1;
8525  con867..(-2) * cos(-x('167') +
8526  x('175')) * x('67') * x('75') +
8527  power(x('67'), 2) +
8528  power(x('75'), 2) =l= 1;
8529  con868..(-2) * cos(-x('167') +
8530  x('174')) * x('67') * x('74') +
8531  power(x('67'), 2) +
8532  power(x('74'), 2) =l= 1;
8533  con869..(-2) * cos(-x('167') +
8534  x('173')) * x('67') * x('73') +
8535  power(x('67'), 2) +
8536  power(x('73'), 2) =l= 1;
8537  con870..(-2) * cos(-x('103') +
8538  x('121')) * x('3') * x('21') +
8539  power(x('3'), 2) +
8540  power(x('21'), 2) =l= 1;
8541  con871..(-2) * cos(-x('167') +
8542  x('172')) * x('67') * x('72') +
8543  power(x('67'), 2) +
8544  power(x('72'), 2) =l= 1;
8545  con872..(-2) * cos(-x('167') +
8546  x('171')) * x('67') * x('71') +
8547  power(x('67'), 2) +
8548  power(x('71'), 2) =l= 1;
8549  con873..(-2) * cos(-x('103') +
8550  x('122')) * x('3') * x('22') +
8551  power(x('3'), 2) +
8552  power(x('22'), 2) =l= 1;
8553  con874..(-2) * cos(-x('167') +
8554  x('170')) * x('67') * x('70') +
8555  power(x('67'), 2) +
8556  power(x('70'), 2) =l= 1;
8557  con875..(-2) * cos(-x('167') +
8558  x('169')) * x('67') * x('69') +
8559  power(x('67'), 2) +
8560  power(x('69'), 2) =l= 1;
8561  con876..(-2) * cos(-x('103') +
8562  x('123')) * x('3') * x('23') +
8563  power(x('3'), 2) +
8564  power(x('23'), 2) =l= 1;
8565  con877..(-2) * cos(-x('167') +
8566  x('168')) * x('67') * x('68') +
8567  power(x('67'), 2) +
8568  power(x('68'), 2) =l= 1;
8569  con878..(-2) * cos(-x('166') +
8570  x('200')) * x('66') * x('100') +
8571  power(x('66'), 2) +
8572  power(x('100'), 2) =l= 1;
8573  con879..(-2) * cos(-x('103') +
8574  x('124')) * x('3') * x('24') +
8575  power(x('3'), 2) +
8576  power(x('24'), 2) =l= 1;
8577  con880..(-2) * cos(-x('166') +
8578  x('199')) * x('66') * x('99') +
8579  power(x('66'), 2) +
8580  power(x('99'), 2) =l= 1;
8581  con881..(-2) * cos(-x('166') +
8582  x('198')) * x('66') * x('98') +
8583  power(x('66'), 2) +
8584  power(x('98'), 2) =l= 1;
8585  con882..(-2) * cos(-x('166') +
8586  x('197')) * x('66') * x('97') +
8587  power(x('66'), 2) +
8588  power(x('97'), 2) =l= 1;
8589  con883..(-2) * cos(-x('103') +
8590  x('125')) * x('3') * x('25') +
8591  power(x('3'), 2) +
8592  power(x('25'), 2) =l= 1;
8593  con884..(-2) * cos(-x('166') +
8594  x('196')) * x('66') * x('96') +
8595  power(x('66'), 2) +
8596  power(x('96'), 2) =l= 1;
8597  con885..(-2) * cos(-x('166') +
8598  x('195')) * x('66') * x('95') +
8599  power(x('66'), 2) +
8600  power(x('95'), 2) =l= 1;
8601  con886..(-2) * cos(-x('103') +
8602  x('126')) * x('3') * x('26') +
8603  power(x('3'), 2) +
8604  power(x('26'), 2) =l= 1;
8605  con887..(-2) * cos(-x('166') +
8606  x('194')) * x('66') * x('94') +
8607  power(x('66'), 2) +
8608  power(x('94'), 2) =l= 1;
8609  con888..(-2) * cos(-x('166') +
8610  x('193')) * x('66') * x('93') +
8611  power(x('66'), 2) +
8612  power(x('93'), 2) =l= 1;
8613  con889..(-2) * cos(-x('103') +
8614  x('127')) * x('3') * x('27') +
8615  power(x('3'), 2) +
8616  power(x('27'), 2) =l= 1;
8617  con890..(-2) * cos(-x('166') +
8618  x('192')) * x('66') * x('92') +
8619  power(x('66'), 2) +
8620  power(x('92'), 2) =l= 1;
8621  con891..(-2) * cos(-x('166') +
8622  x('191')) * x('66') * x('91') +
8623  power(x('66'), 2) +
8624  power(x('91'), 2) =l= 1;
8625  con892..(-2) * cos(-x('103') +
8626  x('128')) * x('3') * x('28') +
8627  power(x('3'), 2) +
8628  power(x('28'), 2) =l= 1;
8629  con893..(-2) * cos(-x('166') +
8630  x('190')) * x('66') * x('90') +
8631  power(x('66'), 2) +
8632  power(x('90'), 2) =l= 1;
8633  con894..(-2) * cos(-x('166') +
8634  x('189')) * x('66') * x('89') +
8635  power(x('66'), 2) +
8636  power(x('89'), 2) =l= 1;
8637  con895..(-2) * cos(-x('166') +
8638  x('188')) * x('66') * x('88') +
8639  power(x('66'), 2) +
8640  power(x('88'), 2) =l= 1;
8641  con896..(-2) * cos(-x('103') +
8642  x('129')) * x('3') * x('29') +
8643  power(x('3'), 2) +
8644  power(x('29'), 2) =l= 1;
8645  con897..(-2) * cos(-x('166') +
8646  x('187')) * x('66') * x('87') +
8647  power(x('66'), 2) +
8648  power(x('87'), 2) =l= 1;
8649  con898..(-2) * cos(-x('166') +
8650  x('186')) * x('66') * x('86') +
8651  power(x('66'), 2) +
8652  power(x('86'), 2) =l= 1;
8653  con899..(-2) * cos(-x('103') +
8654  x('130')) * x('3') * x('30') +
8655  power(x('3'), 2) +
8656  power(x('30'), 2) =l= 1;
8657  con900..(-2) * cos(-x('166') +
8658  x('185')) * x('66') * x('85') +
8659  power(x('66'), 2) +
8660  power(x('85'), 2) =l= 1;
8661  con901..(-2) * cos(-x('166') +
8662  x('184')) * x('66') * x('84') +
8663  power(x('66'), 2) +
8664  power(x('84'), 2) =l= 1;
8665  con902..(-2) * cos(-x('103') +
8666  x('131')) * x('3') * x('31') +
8667  power(x('3'), 2) +
8668  power(x('31'), 2) =l= 1;
8669  con903..(-2) * cos(-x('166') +
8670  x('183')) * x('66') * x('83') +
8671  power(x('66'), 2) +
8672  power(x('83'), 2) =l= 1;
8673  con904..(-2) * cos(-x('166') +
8674  x('182')) * x('66') * x('82') +
8675  power(x('66'), 2) +
8676  power(x('82'), 2) =l= 1;
8677  con905..(-2) * cos(-x('103') +
8678  x('132')) * x('3') * x('32') +
8679  power(x('3'), 2) +
8680  power(x('32'), 2) =l= 1;
8681  con906..(-2) * cos(-x('166') +
8682  x('181')) * x('66') * x('81') +
8683  power(x('66'), 2) +
8684  power(x('81'), 2) =l= 1;
8685  con907..(-2) * cos(-x('166') +
8686  x('180')) * x('66') * x('80') +
8687  power(x('66'), 2) +
8688  power(x('80'), 2) =l= 1;
8689  con908..(-2) * cos(-x('166') +
8690  x('179')) * x('66') * x('79') +
8691  power(x('66'), 2) +
8692  power(x('79'), 2) =l= 1;
8693  con909..(-2) * cos(-x('103') +
8694  x('133')) * x('3') * x('33') +
8695  power(x('3'), 2) +
8696  power(x('33'), 2) =l= 1;
8697  con910..(-2) * cos(-x('166') +
8698  x('178')) * x('66') * x('78') +
8699  power(x('66'), 2) +
8700  power(x('78'), 2) =l= 1;
8701  con911..(-2) * cos(-x('166') +
8702  x('177')) * x('66') * x('77') +
8703  power(x('66'), 2) +
8704  power(x('77'), 2) =l= 1;
8705  con912..(-2) * cos(-x('103') +
8706  x('134')) * x('3') * x('34') +
8707  power(x('3'), 2) +
8708  power(x('34'), 2) =l= 1;
8709  con913..(-2) * cos(-x('166') +
8710  x('176')) * x('66') * x('76') +
8711  power(x('66'), 2) +
8712  power(x('76'), 2) =l= 1;
8713  con914..(-2) * cos(-x('166') +
8714  x('175')) * x('66') * x('75') +
8715  power(x('66'), 2) +
8716  power(x('75'), 2) =l= 1;
8717  con915..(-2) * cos(-x('103') +
8718  x('135')) * x('3') * x('35') +
8719  power(x('3'), 2) +
8720  power(x('35'), 2) =l= 1;
8721  con916..(-2) * cos(-x('166') +
8722  x('174')) * x('66') * x('74') +
8723  power(x('66'), 2) +
8724  power(x('74'), 2) =l= 1;
8725  con917..(-2) * cos(-x('166') +
8726  x('173')) * x('66') * x('73') +
8727  power(x('66'), 2) +
8728  power(x('73'), 2) =l= 1;
8729  con918..(-2) * cos(-x('103') +
8730  x('136')) * x('3') * x('36') +
8731  power(x('3'), 2) +
8732  power(x('36'), 2) =l= 1;
8733  con919..(-2) * cos(-x('166') +
8734  x('172')) * x('66') * x('72') +
8735  power(x('66'), 2) +
8736  power(x('72'), 2) =l= 1;
8737  con920..(-2) * cos(-x('166') +
8738  x('171')) * x('66') * x('71') +
8739  power(x('66'), 2) +
8740  power(x('71'), 2) =l= 1;
8741  con921..(-2) * cos(-x('166') +
8742  x('170')) * x('66') * x('70') +
8743  power(x('66'), 2) +
8744  power(x('70'), 2) =l= 1;
8745  con922..(-2) * cos(-x('103') +
8746  x('137')) * x('3') * x('37') +
8747  power(x('3'), 2) +
8748  power(x('37'), 2) =l= 1;
8749  con923..(-2) * cos(-x('166') +
8750  x('169')) * x('66') * x('69') +
8751  power(x('66'), 2) +
8752  power(x('69'), 2) =l= 1;
8753  con924..(-2) * cos(-x('166') +
8754  x('168')) * x('66') * x('68') +
8755  power(x('66'), 2) +
8756  power(x('68'), 2) =l= 1;
8757  con925..(-2) * cos(-x('103') +
8758  x('138')) * x('3') * x('38') +
8759  power(x('3'), 2) +
8760  power(x('38'), 2) =l= 1;
8761  con926..(-2) * cos(-x('166') +
8762  x('167')) * x('66') * x('67') +
8763  power(x('66'), 2) +
8764  power(x('67'), 2) =l= 1;
8765  con927..(-2) * cos(-x('165') +
8766  x('200')) * x('65') * x('100') +
8767  power(x('65'), 2) +
8768  power(x('100'), 2) =l= 1;
8769  con928..(-2) * cos(-x('103') +
8770  x('139')) * x('3') * x('39') +
8771  power(x('3'), 2) +
8772  power(x('39'), 2) =l= 1;
8773  con929..(-2) * cos(-x('165') +
8774  x('199')) * x('65') * x('99') +
8775  power(x('65'), 2) +
8776  power(x('99'), 2) =l= 1;
8777  con930..(-2) * cos(-x('165') +
8778  x('198')) * x('65') * x('98') +
8779  power(x('65'), 2) +
8780  power(x('98'), 2) =l= 1;
8781  con931..(-2) * cos(-x('103') +
8782  x('140')) * x('3') * x('40') +
8783  power(x('3'), 2) +
8784  power(x('40'), 2) =l= 1;
8785  con932..(-2) * cos(-x('165') +
8786  x('197')) * x('65') * x('97') +
8787  power(x('65'), 2) +
8788  power(x('97'), 2) =l= 1;
8789  con933..(-2) * cos(-x('165') +
8790  x('196')) * x('65') * x('96') +
8791  power(x('65'), 2) +
8792  power(x('96'), 2) =l= 1;
8793  con934..(-2) * cos(-x('165') +
8794  x('195')) * x('65') * x('95') +
8795  power(x('65'), 2) +
8796  power(x('95'), 2) =l= 1;
8797  con935..(-2) * cos(-x('103') +
8798  x('141')) * x('3') * x('41') +
8799  power(x('3'), 2) +
8800  power(x('41'), 2) =l= 1;
8801  con936..(-2) * cos(-x('165') +
8802  x('194')) * x('65') * x('94') +
8803  power(x('65'), 2) +
8804  power(x('94'), 2) =l= 1;
8805  con937..(-2) * cos(-x('165') +
8806  x('193')) * x('65') * x('93') +
8807  power(x('65'), 2) +
8808  power(x('93'), 2) =l= 1;
8809  con938..(-2) * cos(-x('103') +
8810  x('142')) * x('3') * x('42') +
8811  power(x('3'), 2) +
8812  power(x('42'), 2) =l= 1;
8813  con939..(-2) * cos(-x('165') +
8814  x('192')) * x('65') * x('92') +
8815  power(x('65'), 2) +
8816  power(x('92'), 2) =l= 1;
8817  con940..(-2) * cos(-x('165') +
8818  x('191')) * x('65') * x('91') +
8819  power(x('65'), 2) +
8820  power(x('91'), 2) =l= 1;
8821  con941..(-2) * cos(-x('103') +
8822  x('143')) * x('3') * x('43') +
8823  power(x('3'), 2) +
8824  power(x('43'), 2) =l= 1;
8825  con942..(-2) * cos(-x('165') +
8826  x('190')) * x('65') * x('90') +
8827  power(x('65'), 2) +
8828  power(x('90'), 2) =l= 1;
8829  con943..(-2) * cos(-x('165') +
8830  x('189')) * x('65') * x('89') +
8831  power(x('65'), 2) +
8832  power(x('89'), 2) =l= 1;
8833  con944..(-2) * cos(-x('103') +
8834  x('144')) * x('3') * x('44') +
8835  power(x('3'), 2) +
8836  power(x('44'), 2) =l= 1;
8837  con945..(-2) * cos(-x('165') +
8838  x('188')) * x('65') * x('88') +
8839  power(x('65'), 2) +
8840  power(x('88'), 2) =l= 1;
8841  con946..(-2) * cos(-x('165') +
8842  x('187')) * x('65') * x('87') +
8843  power(x('65'), 2) +
8844  power(x('87'), 2) =l= 1;
8845  con947..(-2) * cos(-x('165') +
8846  x('186')) * x('65') * x('86') +
8847  power(x('65'), 2) +
8848  power(x('86'), 2) =l= 1;
8849  con948..(-2) * cos(-x('103') +
8850  x('145')) * x('3') * x('45') +
8851  power(x('3'), 2) +
8852  power(x('45'), 2) =l= 1;
8853  con949..(-2) * cos(-x('165') +
8854  x('185')) * x('65') * x('85') +
8855  power(x('65'), 2) +
8856  power(x('85'), 2) =l= 1;
8857  con950..(-2) * cos(-x('165') +
8858  x('184')) * x('65') * x('84') +
8859  power(x('65'), 2) +
8860  power(x('84'), 2) =l= 1;
8861  con951..(-2) * cos(-x('103') +
8862  x('146')) * x('3') * x('46') +
8863  power(x('3'), 2) +
8864  power(x('46'), 2) =l= 1;
8865  con952..(-2) * cos(-x('165') +
8866  x('183')) * x('65') * x('83') +
8867  power(x('65'), 2) +
8868  power(x('83'), 2) =l= 1;
8869  con953..(-2) * cos(-x('165') +
8870  x('182')) * x('65') * x('82') +
8871  power(x('65'), 2) +
8872  power(x('82'), 2) =l= 1;
8873  con954..(-2) * cos(-x('103') +
8874  x('147')) * x('3') * x('47') +
8875  power(x('3'), 2) +
8876  power(x('47'), 2) =l= 1;
8877  con955..(-2) * cos(-x('165') +
8878  x('181')) * x('65') * x('81') +
8879  power(x('65'), 2) +
8880  power(x('81'), 2) =l= 1;
8881  con956..(-2) * cos(-x('165') +
8882  x('180')) * x('65') * x('80') +
8883  power(x('65'), 2) +
8884  power(x('80'), 2) =l= 1;
8885  con957..(-2) * cos(-x('103') +
8886  x('148')) * x('3') * x('48') +
8887  power(x('3'), 2) +
8888  power(x('48'), 2) =l= 1;
8889  con958..(-2) * cos(-x('165') +
8890  x('179')) * x('65') * x('79') +
8891  power(x('65'), 2) +
8892  power(x('79'), 2) =l= 1;
8893  con959..(-2) * cos(-x('165') +
8894  x('178')) * x('65') * x('78') +
8895  power(x('65'), 2) +
8896  power(x('78'), 2) =l= 1;
8897  con960..(-2) * cos(-x('165') +
8898  x('177')) * x('65') * x('77') +
8899  power(x('65'), 2) +
8900  power(x('77'), 2) =l= 1;
8901  con961..(-2) * cos(-x('103') +
8902  x('149')) * x('3') * x('49') +
8903  power(x('3'), 2) +
8904  power(x('49'), 2) =l= 1;
8905  con962..(-2) * cos(-x('165') +
8906  x('176')) * x('65') * x('76') +
8907  power(x('65'), 2) +
8908  power(x('76'), 2) =l= 1;
8909  con963..(-2) * cos(-x('165') +
8910  x('175')) * x('65') * x('75') +
8911  power(x('65'), 2) +
8912  power(x('75'), 2) =l= 1;
8913  con964..(-2) * cos(-x('103') +
8914  x('150')) * x('3') * x('50') +
8915  power(x('3'), 2) +
8916  power(x('50'), 2) =l= 1;
8917  con965..(-2) * cos(-x('165') +
8918  x('174')) * x('65') * x('74') +
8919  power(x('65'), 2) +
8920  power(x('74'), 2) =l= 1;
8921  con966..(-2) * cos(-x('165') +
8922  x('173')) * x('65') * x('73') +
8923  power(x('65'), 2) +
8924  power(x('73'), 2) =l= 1;
8925  con967..(-2) * cos(-x('103') +
8926  x('151')) * x('3') * x('51') +
8927  power(x('3'), 2) +
8928  power(x('51'), 2) =l= 1;
8929  con968..(-2) * cos(-x('165') +
8930  x('172')) * x('65') * x('72') +
8931  power(x('65'), 2) +
8932  power(x('72'), 2) =l= 1;
8933  con969..(-2) * cos(-x('165') +
8934  x('171')) * x('65') * x('71') +
8935  power(x('65'), 2) +
8936  power(x('71'), 2) =l= 1;
8937  con970..(-2) * cos(-x('103') +
8938  x('152')) * x('3') * x('52') +
8939  power(x('3'), 2) +
8940  power(x('52'), 2) =l= 1;
8941  con971..(-2) * cos(-x('165') +
8942  x('170')) * x('65') * x('70') +
8943  power(x('65'), 2) +
8944  power(x('70'), 2) =l= 1;
8945  con972..(-2) * cos(-x('165') +
8946  x('169')) * x('65') * x('69') +
8947  power(x('65'), 2) +
8948  power(x('69'), 2) =l= 1;
8949  con973..(-2) * cos(-x('165') +
8950  x('168')) * x('65') * x('68') +
8951  power(x('65'), 2) +
8952  power(x('68'), 2) =l= 1;
8953  con974..(-2) * cos(-x('103') +
8954  x('153')) * x('3') * x('53') +
8955  power(x('3'), 2) +
8956  power(x('53'), 2) =l= 1;
8957  con975..(-2) * cos(-x('165') +
8958  x('167')) * x('65') * x('67') +
8959  power(x('65'), 2) +
8960  power(x('67'), 2) =l= 1;
8961  con976..(-2) * cos(-x('165') +
8962  x('166')) * x('65') * x('66') +
8963  power(x('65'), 2) +
8964  power(x('66'), 2) =l= 1;
8965  con977..(-2) * cos(-x('103') +
8966  x('154')) * x('3') * x('54') +
8967  power(x('3'), 2) +
8968  power(x('54'), 2) =l= 1;
8969  con978..(-2) * cos(-x('164') +
8970  x('200')) * x('64') * x('100') +
8971  power(x('64'), 2) +
8972  power(x('100'), 2) =l= 1;
8973  con979..(-2) * cos(-x('164') +
8974  x('199')) * x('64') * x('99') +
8975  power(x('64'), 2) +
8976  power(x('99'), 2) =l= 1;
8977  con980..(-2) * cos(-x('103') +
8978  x('155')) * x('3') * x('55') +
8979  power(x('3'), 2) +
8980  power(x('55'), 2) =l= 1;
8981  con981..(-2) * cos(-x('164') +
8982  x('198')) * x('64') * x('98') +
8983  power(x('64'), 2) +
8984  power(x('98'), 2) =l= 1;
8985  con982..(-2) * cos(-x('164') +
8986  x('197')) * x('64') * x('97') +
8987  power(x('64'), 2) +
8988  power(x('97'), 2) =l= 1;
8989  con983..(-2) * cos(-x('103') +
8990  x('156')) * x('3') * x('56') +
8991  power(x('3'), 2) +
8992  power(x('56'), 2) =l= 1;
8993  con984..(-2) * cos(-x('164') +
8994  x('196')) * x('64') * x('96') +
8995  power(x('64'), 2) +
8996  power(x('96'), 2) =l= 1;
8997  con985..(-2) * cos(-x('164') +
8998  x('195')) * x('64') * x('95') +
8999  power(x('64'), 2) +
9000  power(x('95'), 2) =l= 1;
9001  con986..(-2) * cos(-x('164') +
9002  x('194')) * x('64') * x('94') +
9003  power(x('64'), 2) +
9004  power(x('94'), 2) =l= 1;
9005  con987..(-2) * cos(-x('103') +
9006  x('157')) * x('3') * x('57') +
9007  power(x('3'), 2) +
9008  power(x('57'), 2) =l= 1;
9009  con988..(-2) * cos(-x('164') +
9010  x('193')) * x('64') * x('93') +
9011  power(x('64'), 2) +
9012  power(x('93'), 2) =l= 1;
9013  con989..(-2) * cos(-x('164') +
9014  x('192')) * x('64') * x('92') +
9015  power(x('64'), 2) +
9016  power(x('92'), 2) =l= 1;
9017  con990..(-2) * cos(-x('103') +
9018  x('158')) * x('3') * x('58') +
9019  power(x('3'), 2) +
9020  power(x('58'), 2) =l= 1;
9021  con991..(-2) * cos(-x('164') +
9022  x('191')) * x('64') * x('91') +
9023  power(x('64'), 2) +
9024  power(x('91'), 2) =l= 1;
9025  con992..(-2) * cos(-x('164') +
9026  x('190')) * x('64') * x('90') +
9027  power(x('64'), 2) +
9028  power(x('90'), 2) =l= 1;
9029  con993..(-2) * cos(-x('103') +
9030  x('159')) * x('3') * x('59') +
9031  power(x('3'), 2) +
9032  power(x('59'), 2) =l= 1;
9033  con994..(-2) * cos(-x('164') +
9034  x('189')) * x('64') * x('89') +
9035  power(x('64'), 2) +
9036  power(x('89'), 2) =l= 1;
9037  con995..(-2) * cos(-x('164') +
9038  x('188')) * x('64') * x('88') +
9039  power(x('64'), 2) +
9040  power(x('88'), 2) =l= 1;
9041  con996..(-2) * cos(-x('103') +
9042  x('160')) * x('3') * x('60') +
9043  power(x('3'), 2) +
9044  power(x('60'), 2) =l= 1;
9045  con997..(-2) * cos(-x('164') +
9046  x('187')) * x('64') * x('87') +
9047  power(x('64'), 2) +
9048  power(x('87'), 2) =l= 1;
9049  con998..(-2) * cos(-x('164') +
9050  x('186')) * x('64') * x('86') +
9051  power(x('64'), 2) +
9052  power(x('86'), 2) =l= 1;
9053  con999..(-2) * cos(-x('164') +
9054  x('185')) * x('64') * x('85') +
9055  power(x('64'), 2) +
9056  power(x('85'), 2) =l= 1;
9057  con1000..(-2) * cos(-x('103') +
9058  x('161')) * x('3') * x('61') +
9059  power(x('3'), 2) +
9060  power(x('61'), 2) =l= 1;
9061  con1001..(-2) * cos(-x('164') +
9062  x('184')) * x('64') * x('84') +
9063  power(x('64'), 2) +
9064  power(x('84'), 2) =l= 1;
9065  con1002..(-2) * cos(-x('164') +
9066  x('183')) * x('64') * x('83') +
9067  power(x('64'), 2) +
9068  power(x('83'), 2) =l= 1;
9069  con1003..(-2) * cos(-x('103') +
9070  x('162')) * x('3') * x('62') +
9071  power(x('3'), 2) +
9072  power(x('62'), 2) =l= 1;
9073  con1004..(-2) * cos(-x('164') +
9074  x('182')) * x('64') * x('82') +
9075  power(x('64'), 2) +
9076  power(x('82'), 2) =l= 1;
9077  con1005..(-2) * cos(-x('164') +
9078  x('181')) * x('64') * x('81') +
9079  power(x('64'), 2) +
9080  power(x('81'), 2) =l= 1;
9081  con1006..(-2) * cos(-x('103') +
9082  x('163')) * x('3') * x('63') +
9083  power(x('3'), 2) +
9084  power(x('63'), 2) =l= 1;
9085  con1007..(-2) * cos(-x('164') +
9086  x('180')) * x('64') * x('80') +
9087  power(x('64'), 2) +
9088  power(x('80'), 2) =l= 1;
9089  con1008..(-2) * cos(-x('164') +
9090  x('179')) * x('64') * x('79') +
9091  power(x('64'), 2) +
9092  power(x('79'), 2) =l= 1;
9093  con1009..(-2) * cos(-x('103') +
9094  x('164')) * x('3') * x('64') +
9095  power(x('3'), 2) +
9096  power(x('64'), 2) =l= 1;
9097  con1010..(-2) * cos(-x('164') +
9098  x('178')) * x('64') * x('78') +
9099  power(x('64'), 2) +
9100  power(x('78'), 2) =l= 1;
9101  con1011..(-2) * cos(-x('164') +
9102  x('177')) * x('64') * x('77') +
9103  power(x('64'), 2) +
9104  power(x('77'), 2) =l= 1;
9105  con1012..(-2) * cos(-x('164') +
9106  x('176')) * x('64') * x('76') +
9107  power(x('64'), 2) +
9108  power(x('76'), 2) =l= 1;
9109  con1013..(-2) * cos(-x('103') +
9110  x('165')) * x('3') * x('65') +
9111  power(x('3'), 2) +
9112  power(x('65'), 2) =l= 1;
9113  con1014..(-2) * cos(-x('164') +
9114  x('175')) * x('64') * x('75') +
9115  power(x('64'), 2) +
9116  power(x('75'), 2) =l= 1;
9117  con1015..(-2) * cos(-x('164') +
9118  x('174')) * x('64') * x('74') +
9119  power(x('64'), 2) +
9120  power(x('74'), 2) =l= 1;
9121  con1016..(-2) * cos(-x('103') +
9122  x('166')) * x('3') * x('66') +
9123  power(x('3'), 2) +
9124  power(x('66'), 2) =l= 1;
9125  con1017..(-2) * cos(-x('164') +
9126  x('173')) * x('64') * x('73') +
9127  power(x('64'), 2) +
9128  power(x('73'), 2) =l= 1;
9129  con1018..(-2) * cos(-x('164') +
9130  x('172')) * x('64') * x('72') +
9131  power(x('64'), 2) +
9132  power(x('72'), 2) =l= 1;
9133  con1019..(-2) * cos(-x('103') +
9134  x('167')) * x('3') * x('67') +
9135  power(x('3'), 2) +
9136  power(x('67'), 2) =l= 1;
9137  con1020..(-2) * cos(-x('164') +
9138  x('171')) * x('64') * x('71') +
9139  power(x('64'), 2) +
9140  power(x('71'), 2) =l= 1;
9141  con1021..(-2) * cos(-x('164') +
9142  x('170')) * x('64') * x('70') +
9143  power(x('64'), 2) +
9144  power(x('70'), 2) =l= 1;
9145  con1022..(-2) * cos(-x('103') +
9146  x('168')) * x('3') * x('68') +
9147  power(x('3'), 2) +
9148  power(x('68'), 2) =l= 1;
9149  con1023..(-2) * cos(-x('164') +
9150  x('169')) * x('64') * x('69') +
9151  power(x('64'), 2) +
9152  power(x('69'), 2) =l= 1;
9153  con1024..(-2) * cos(-x('164') +
9154  x('168')) * x('64') * x('68') +
9155  power(x('64'), 2) +
9156  power(x('68'), 2) =l= 1;
9157  con1025..(-2) * cos(-x('164') +
9158  x('167')) * x('64') * x('67') +
9159  power(x('64'), 2) +
9160  power(x('67'), 2) =l= 1;
9161  con1026..(-2) * cos(-x('103') +
9162  x('169')) * x('3') * x('69') +
9163  power(x('3'), 2) +
9164  power(x('69'), 2) =l= 1;
9165  con1027..(-2) * cos(-x('164') +
9166  x('166')) * x('64') * x('66') +
9167  power(x('64'), 2) +
9168  power(x('66'), 2) =l= 1;
9169  con1028..(-2) * cos(-x('164') +
9170  x('165')) * x('64') * x('65') +
9171  power(x('64'), 2) +
9172  power(x('65'), 2) =l= 1;
9173  con1029..(-2) * cos(-x('103') +
9174  x('170')) * x('3') * x('70') +
9175  power(x('3'), 2) +
9176  power(x('70'), 2) =l= 1;
9177  con1030..(-2) * cos(-x('163') +
9178  x('200')) * x('63') * x('100') +
9179  power(x('63'), 2) +
9180  power(x('100'), 2) =l= 1;
9181  con1031..(-2) * cos(-x('163') +
9182  x('199')) * x('63') * x('99') +
9183  power(x('63'), 2) +
9184  power(x('99'), 2) =l= 1;
9185  con1032..(-2) * cos(-x('103') +
9186  x('171')) * x('3') * x('71') +
9187  power(x('3'), 2) +
9188  power(x('71'), 2) =l= 1;
9189  con1033..(-2) * cos(-x('163') +
9190  x('198')) * x('63') * x('98') +
9191  power(x('63'), 2) +
9192  power(x('98'), 2) =l= 1;
9193  con1034..(-2) * cos(-x('163') +
9194  x('197')) * x('63') * x('97') +
9195  power(x('63'), 2) +
9196  power(x('97'), 2) =l= 1;
9197  con1035..(-2) * cos(-x('103') +
9198  x('172')) * x('3') * x('72') +
9199  power(x('3'), 2) +
9200  power(x('72'), 2) =l= 1;
9201  con1036..(-2) * cos(-x('163') +
9202  x('196')) * x('63') * x('96') +
9203  power(x('63'), 2) +
9204  power(x('96'), 2) =l= 1;
9205  con1037..(-2) * cos(-x('163') +
9206  x('195')) * x('63') * x('95') +
9207  power(x('63'), 2) +
9208  power(x('95'), 2) =l= 1;
9209  con1038..(-2) * cos(-x('163') +
9210  x('194')) * x('63') * x('94') +
9211  power(x('63'), 2) +
9212  power(x('94'), 2) =l= 1;
9213  con1039..(-2) * cos(-x('103') +
9214  x('173')) * x('3') * x('73') +
9215  power(x('3'), 2) +
9216  power(x('73'), 2) =l= 1;
9217  con1040..(-2) * cos(-x('163') +
9218  x('193')) * x('63') * x('93') +
9219  power(x('63'), 2) +
9220  power(x('93'), 2) =l= 1;
9221  con1041..(-2) * cos(-x('163') +
9222  x('192')) * x('63') * x('92') +
9223  power(x('63'), 2) +
9224  power(x('92'), 2) =l= 1;
9225  con1042..(-2) * cos(-x('103') +
9226  x('174')) * x('3') * x('74') +
9227  power(x('3'), 2) +
9228  power(x('74'), 2) =l= 1;
9229  con1043..(-2) * cos(-x('163') +
9230  x('191')) * x('63') * x('91') +
9231  power(x('63'), 2) +
9232  power(x('91'), 2) =l= 1;
9233  con1044..(-2) * cos(-x('163') +
9234  x('190')) * x('63') * x('90') +
9235  power(x('63'), 2) +
9236  power(x('90'), 2) =l= 1;
9237  con1045..(-2) * cos(-x('103') +
9238  x('175')) * x('3') * x('75') +
9239  power(x('3'), 2) +
9240  power(x('75'), 2) =l= 1;
9241  con1046..(-2) * cos(-x('163') +
9242  x('189')) * x('63') * x('89') +
9243  power(x('63'), 2) +
9244  power(x('89'), 2) =l= 1;
9245  con1047..(-2) * cos(-x('163') +
9246  x('188')) * x('63') * x('88') +
9247  power(x('63'), 2) +
9248  power(x('88'), 2) =l= 1;
9249  con1048..(-2) * cos(-x('103') +
9250  x('176')) * x('3') * x('76') +
9251  power(x('3'), 2) +
9252  power(x('76'), 2) =l= 1;
9253  con1049..(-2) * cos(-x('163') +
9254  x('187')) * x('63') * x('87') +
9255  power(x('63'), 2) +
9256  power(x('87'), 2) =l= 1;
9257  con1050..(-2) * cos(-x('163') +
9258  x('186')) * x('63') * x('86') +
9259  power(x('63'), 2) +
9260  power(x('86'), 2) =l= 1;
9261  con1051..(-2) * cos(-x('163') +
9262  x('185')) * x('63') * x('85') +
9263  power(x('63'), 2) +
9264  power(x('85'), 2) =l= 1;
9265  con1052..(-2) * cos(-x('103') +
9266  x('177')) * x('3') * x('77') +
9267  power(x('3'), 2) +
9268  power(x('77'), 2) =l= 1;
9269  con1053..(-2) * cos(-x('163') +
9270  x('184')) * x('63') * x('84') +
9271  power(x('63'), 2) +
9272  power(x('84'), 2) =l= 1;
9273  con1054..(-2) * cos(-x('163') +
9274  x('183')) * x('63') * x('83') +
9275  power(x('63'), 2) +
9276  power(x('83'), 2) =l= 1;
9277  con1055..(-2) * cos(-x('103') +
9278  x('178')) * x('3') * x('78') +
9279  power(x('3'), 2) +
9280  power(x('78'), 2) =l= 1;
9281  con1056..(-2) * cos(-x('163') +
9282  x('182')) * x('63') * x('82') +
9283  power(x('63'), 2) +
9284  power(x('82'), 2) =l= 1;
9285  con1057..(-2) * cos(-x('163') +
9286  x('181')) * x('63') * x('81') +
9287  power(x('63'), 2) +
9288  power(x('81'), 2) =l= 1;
9289  con1058..(-2) * cos(-x('103') +
9290  x('179')) * x('3') * x('79') +
9291  power(x('3'), 2) +
9292  power(x('79'), 2) =l= 1;
9293  con1059..(-2) * cos(-x('163') +
9294  x('180')) * x('63') * x('80') +
9295  power(x('63'), 2) +
9296  power(x('80'), 2) =l= 1;
9297  con1060..(-2) * cos(-x('163') +
9298  x('179')) * x('63') * x('79') +
9299  power(x('63'), 2) +
9300  power(x('79'), 2) =l= 1;
9301  con1061..(-2) * cos(-x('103') +
9302  x('180')) * x('3') * x('80') +
9303  power(x('3'), 2) +
9304  power(x('80'), 2) =l= 1;
9305  con1062..(-2) * cos(-x('163') +
9306  x('178')) * x('63') * x('78') +
9307  power(x('63'), 2) +
9308  power(x('78'), 2) =l= 1;
9309  con1063..(-2) * cos(-x('163') +
9310  x('177')) * x('63') * x('77') +
9311  power(x('63'), 2) +
9312  power(x('77'), 2) =l= 1;
9313  con1064..(-2) * cos(-x('163') +
9314  x('176')) * x('63') * x('76') +
9315  power(x('63'), 2) +
9316  power(x('76'), 2) =l= 1;
9317  con1065..(-2) * cos(-x('103') +
9318  x('181')) * x('3') * x('81') +
9319  power(x('3'), 2) +
9320  power(x('81'), 2) =l= 1;
9321  con1066..(-2) * cos(-x('163') +
9322  x('175')) * x('63') * x('75') +
9323  power(x('63'), 2) +
9324  power(x('75'), 2) =l= 1;
9325  con1067..(-2) * cos(-x('163') +
9326  x('174')) * x('63') * x('74') +
9327  power(x('63'), 2) +
9328  power(x('74'), 2) =l= 1;
9329  con1068..(-2) * cos(-x('103') +
9330  x('182')) * x('3') * x('82') +
9331  power(x('3'), 2) +
9332  power(x('82'), 2) =l= 1;
9333  con1069..(-2) * cos(-x('163') +
9334  x('173')) * x('63') * x('73') +
9335  power(x('63'), 2) +
9336  power(x('73'), 2) =l= 1;
9337  con1070..(-2) * cos(-x('163') +
9338  x('172')) * x('63') * x('72') +
9339  power(x('63'), 2) +
9340  power(x('72'), 2) =l= 1;
9341  con1071..(-2) * cos(-x('103') +
9342  x('183')) * x('3') * x('83') +
9343  power(x('3'), 2) +
9344  power(x('83'), 2) =l= 1;
9345  con1072..(-2) * cos(-x('163') +
9346  x('171')) * x('63') * x('71') +
9347  power(x('63'), 2) +
9348  power(x('71'), 2) =l= 1;
9349  con1073..(-2) * cos(-x('163') +
9350  x('170')) * x('63') * x('70') +
9351  power(x('63'), 2) +
9352  power(x('70'), 2) =l= 1;
9353  con1074..(-2) * cos(-x('103') +
9354  x('184')) * x('3') * x('84') +
9355  power(x('3'), 2) +
9356  power(x('84'), 2) =l= 1;
9357  con1075..(-2) * cos(-x('163') +
9358  x('169')) * x('63') * x('69') +
9359  power(x('63'), 2) +
9360  power(x('69'), 2) =l= 1;
9361  con1076..(-2) * cos(-x('163') +
9362  x('168')) * x('63') * x('68') +
9363  power(x('63'), 2) +
9364  power(x('68'), 2) =l= 1;
9365  con1077..(-2) * cos(-x('163') +
9366  x('167')) * x('63') * x('67') +
9367  power(x('63'), 2) +
9368  power(x('67'), 2) =l= 1;
9369  con1078..(-2) * cos(-x('103') +
9370  x('185')) * x('3') * x('85') +
9371  power(x('3'), 2) +
9372  power(x('85'), 2) =l= 1;
9373  con1079..(-2) * cos(-x('163') +
9374  x('166')) * x('63') * x('66') +
9375  power(x('63'), 2) +
9376  power(x('66'), 2) =l= 1;
9377  con1080..(-2) * cos(-x('163') +
9378  x('165')) * x('63') * x('65') +
9379  power(x('63'), 2) +
9380  power(x('65'), 2) =l= 1;
9381  con1081..(-2) * cos(-x('103') +
9382  x('186')) * x('3') * x('86') +
9383  power(x('3'), 2) +
9384  power(x('86'), 2) =l= 1;
9385  con1082..(-2) * cos(-x('163') +
9386  x('164')) * x('63') * x('64') +
9387  power(x('63'), 2) +
9388  power(x('64'), 2) =l= 1;
9389  con1083..(-2) * cos(-x('162') +
9390  x('200')) * x('62') * x('100') +
9391  power(x('62'), 2) +
9392  power(x('100'), 2) =l= 1;
9393  con1084..(-2) * cos(-x('103') +
9394  x('187')) * x('3') * x('87') +
9395  power(x('3'), 2) +
9396  power(x('87'), 2) =l= 1;
9397  con1085..(-2) * cos(-x('162') +
9398  x('199')) * x('62') * x('99') +
9399  power(x('62'), 2) +
9400  power(x('99'), 2) =l= 1;
9401  con1086..(-2) * cos(-x('162') +
9402  x('198')) * x('62') * x('98') +
9403  power(x('62'), 2) +
9404  power(x('98'), 2) =l= 1;
9405  con1087..(-2) * cos(-x('103') +
9406  x('188')) * x('3') * x('88') +
9407  power(x('3'), 2) +
9408  power(x('88'), 2) =l= 1;
9409  con1088..(-2) * cos(-x('162') +
9410  x('197')) * x('62') * x('97') +
9411  power(x('62'), 2) +
9412  power(x('97'), 2) =l= 1;
9413  con1089..(-2) * cos(-x('162') +
9414  x('196')) * x('62') * x('96') +
9415  power(x('62'), 2) +
9416  power(x('96'), 2) =l= 1;
9417  con1090..(-2) * cos(-x('162') +
9418  x('195')) * x('62') * x('95') +
9419  power(x('62'), 2) +
9420  power(x('95'), 2) =l= 1;
9421  con1091..(-2) * cos(-x('103') +
9422  x('189')) * x('3') * x('89') +
9423  power(x('3'), 2) +
9424  power(x('89'), 2) =l= 1;
9425  con1092..(-2) * cos(-x('162') +
9426  x('194')) * x('62') * x('94') +
9427  power(x('62'), 2) +
9428  power(x('94'), 2) =l= 1;
9429  con1093..(-2) * cos(-x('162') +
9430  x('193')) * x('62') * x('93') +
9431  power(x('62'), 2) +
9432  power(x('93'), 2) =l= 1;
9433  con1094..(-2) * cos(-x('103') +
9434  x('190')) * x('3') * x('90') +
9435  power(x('3'), 2) +
9436  power(x('90'), 2) =l= 1;
9437  con1095..(-2) * cos(-x('162') +
9438  x('192')) * x('62') * x('92') +
9439  power(x('62'), 2) +
9440  power(x('92'), 2) =l= 1;
9441  con1096..(-2) * cos(-x('162') +
9442  x('191')) * x('62') * x('91') +
9443  power(x('62'), 2) +
9444  power(x('91'), 2) =l= 1;
9445  con1097..(-2) * cos(-x('103') +
9446  x('191')) * x('3') * x('91') +
9447  power(x('3'), 2) +
9448  power(x('91'), 2) =l= 1;
9449  con1098..(-2) * cos(-x('162') +
9450  x('190')) * x('62') * x('90') +
9451  power(x('62'), 2) +
9452  power(x('90'), 2) =l= 1;
9453  con1099..(-2) * cos(-x('162') +
9454  x('189')) * x('62') * x('89') +
9455  power(x('62'), 2) +
9456  power(x('89'), 2) =l= 1;
9457  con1100..(-2) * cos(-x('103') +
9458  x('192')) * x('3') * x('92') +
9459  power(x('3'), 2) +
9460  power(x('92'), 2) =l= 1;
9461  con1101..(-2) * cos(-x('162') +
9462  x('188')) * x('62') * x('88') +
9463  power(x('62'), 2) +
9464  power(x('88'), 2) =l= 1;
9465  con1102..(-2) * cos(-x('162') +
9466  x('187')) * x('62') * x('87') +
9467  power(x('62'), 2) +
9468  power(x('87'), 2) =l= 1;
9469  con1103..(-2) * cos(-x('162') +
9470  x('186')) * x('62') * x('86') +
9471  power(x('62'), 2) +
9472  power(x('86'), 2) =l= 1;
9473  con1104..(-2) * cos(-x('103') +
9474  x('193')) * x('3') * x('93') +
9475  power(x('3'), 2) +
9476  power(x('93'), 2) =l= 1;
9477  con1105..(-2) * cos(-x('162') +
9478  x('185')) * x('62') * x('85') +
9479  power(x('62'), 2) +
9480  power(x('85'), 2) =l= 1;
9481  con1106..(-2) * cos(-x('162') +
9482  x('184')) * x('62') * x('84') +
9483  power(x('62'), 2) +
9484  power(x('84'), 2) =l= 1;
9485  con1107..(-2) * cos(-x('103') +
9486  x('194')) * x('3') * x('94') +
9487  power(x('3'), 2) +
9488  power(x('94'), 2) =l= 1;
9489  con1108..(-2) * cos(-x('162') +
9490  x('183')) * x('62') * x('83') +
9491  power(x('62'), 2) +
9492  power(x('83'), 2) =l= 1;
9493  con1109..(-2) * cos(-x('162') +
9494  x('182')) * x('62') * x('82') +
9495  power(x('62'), 2) +
9496  power(x('82'), 2) =l= 1;
9497  con1110..(-2) * cos(-x('103') +
9498  x('195')) * x('3') * x('95') +
9499  power(x('3'), 2) +
9500  power(x('95'), 2) =l= 1;
9501  con1111..(-2) * cos(-x('162') +
9502  x('181')) * x('62') * x('81') +
9503  power(x('62'), 2) +
9504  power(x('81'), 2) =l= 1;
9505  con1112..(-2) * cos(-x('162') +
9506  x('180')) * x('62') * x('80') +
9507  power(x('62'), 2) +
9508  power(x('80'), 2) =l= 1;
9509  con1113..(-2) * cos(-x('103') +
9510  x('196')) * x('3') * x('96') +
9511  power(x('3'), 2) +
9512  power(x('96'), 2) =l= 1;
9513  con1114..(-2) * cos(-x('162') +
9514  x('179')) * x('62') * x('79') +
9515  power(x('62'), 2) +
9516  power(x('79'), 2) =l= 1;
9517  con1115..(-2) * cos(-x('162') +
9518  x('178')) * x('62') * x('78') +
9519  power(x('62'), 2) +
9520  power(x('78'), 2) =l= 1;
9521  con1116..(-2) * cos(-x('162') +
9522  x('177')) * x('62') * x('77') +
9523  power(x('62'), 2) +
9524  power(x('77'), 2) =l= 1;
9525  con1117..(-2) * cos(-x('103') +
9526  x('197')) * x('3') * x('97') +
9527  power(x('3'), 2) +
9528  power(x('97'), 2) =l= 1;
9529  con1118..(-2) * cos(-x('162') +
9530  x('176')) * x('62') * x('76') +
9531  power(x('62'), 2) +
9532  power(x('76'), 2) =l= 1;
9533  con1119..(-2) * cos(-x('162') +
9534  x('175')) * x('62') * x('75') +
9535  power(x('62'), 2) +
9536  power(x('75'), 2) =l= 1;
9537  con1120..(-2) * cos(-x('103') +
9538  x('198')) * x('3') * x('98') +
9539  power(x('3'), 2) +
9540  power(x('98'), 2) =l= 1;
9541  con1121..(-2) * cos(-x('162') +
9542  x('174')) * x('62') * x('74') +
9543  power(x('62'), 2) +
9544  power(x('74'), 2) =l= 1;
9545  con1122..(-2) * cos(-x('162') +
9546  x('173')) * x('62') * x('73') +
9547  power(x('62'), 2) +
9548  power(x('73'), 2) =l= 1;
9549  con1123..(-2) * cos(-x('103') +
9550  x('199')) * x('3') * x('99') +
9551  power(x('3'), 2) +
9552  power(x('99'), 2) =l= 1;
9553  con1124..(-2) * cos(-x('162') +
9554  x('172')) * x('62') * x('72') +
9555  power(x('62'), 2) +
9556  power(x('72'), 2) =l= 1;
9557  con1125..(-2) * cos(-x('162') +
9558  x('171')) * x('62') * x('71') +
9559  power(x('62'), 2) +
9560  power(x('71'), 2) =l= 1;
9561  con1126..(-2) * cos(-x('103') +
9562  x('200')) * x('3') * x('100') +
9563  power(x('3'), 2) +
9564  power(x('100'), 2) =l= 1;
9565  con1127..(-2) * cos(-x('162') +
9566  x('170')) * x('62') * x('70') +
9567  power(x('62'), 2) +
9568  power(x('70'), 2) =l= 1;
9569  con1128..(-2) * cos(-x('162') +
9570  x('169')) * x('62') * x('69') +
9571  power(x('62'), 2) +
9572  power(x('69'), 2) =l= 1;
9573  con1129..(-2) * cos(-x('162') +
9574  x('168')) * x('62') * x('68') +
9575  power(x('62'), 2) +
9576  power(x('68'), 2) =l= 1;
9577  con1130..(-2) * cos(-x('104') +
9578  x('105')) * x('4') * x('5') +
9579  power(x('4'), 2) +
9580  power(x('5'), 2) =l= 1;
9581  con1131..(-2) * cos(-x('162') +
9582  x('167')) * x('62') * x('67') +
9583  power(x('62'), 2) +
9584  power(x('67'), 2) =l= 1;
9585  con1132..(-2) * cos(-x('162') +
9586  x('166')) * x('62') * x('66') +
9587  power(x('62'), 2) +
9588  power(x('66'), 2) =l= 1;
9589  con1133..(-2) * cos(-x('104') +
9590  x('106')) * x('4') * x('6') +
9591  power(x('4'), 2) +
9592  power(x('6'), 2) =l= 1;
9593  con1134..(-2) * cos(-x('162') +
9594  x('165')) * x('62') * x('65') +
9595  power(x('62'), 2) +
9596  power(x('65'), 2) =l= 1;
9597  con1135..(-2) * cos(-x('162') +
9598  x('164')) * x('62') * x('64') +
9599  power(x('62'), 2) +
9600  power(x('64'), 2) =l= 1;
9601  con1136..(-2) * cos(-x('104') +
9602  x('107')) * x('4') * x('7') +
9603  power(x('4'), 2) +
9604  power(x('7'), 2) =l= 1;
9605  con1137..(-2) * cos(-x('162') +
9606  x('163')) * x('62') * x('63') +
9607  power(x('62'), 2) +
9608  power(x('63'), 2) =l= 1;
9609  con1138..(-2) * cos(-x('161') +
9610  x('200')) * x('61') * x('100') +
9611  power(x('61'), 2) +
9612  power(x('100'), 2) =l= 1;
9613  con1139..(-2) * cos(-x('104') +
9614  x('108')) * x('4') * x('8') +
9615  power(x('4'), 2) +
9616  power(x('8'), 2) =l= 1;
9617  con1140..(-2) * cos(-x('161') +
9618  x('199')) * x('61') * x('99') +
9619  power(x('61'), 2) +
9620  power(x('99'), 2) =l= 1;
9621  con1141..(-2) * cos(-x('161') +
9622  x('198')) * x('61') * x('98') +
9623  power(x('61'), 2) +
9624  power(x('98'), 2) =l= 1;
9625  con1142..(-2) * cos(-x('161') +
9626  x('197')) * x('61') * x('97') +
9627  power(x('61'), 2) +
9628  power(x('97'), 2) =l= 1;
9629  con1143..(-2) * cos(-x('104') +
9630  x('109')) * x('4') * x('9') +
9631  power(x('4'), 2) +
9632  power(x('9'), 2) =l= 1;
9633  con1144..(-2) * cos(-x('161') +
9634  x('196')) * x('61') * x('96') +
9635  power(x('61'), 2) +
9636  power(x('96'), 2) =l= 1;
9637  con1145..(-2) * cos(-x('161') +
9638  x('195')) * x('61') * x('95') +
9639  power(x('61'), 2) +
9640  power(x('95'), 2) =l= 1;
9641  con1146..(-2) * cos(-x('104') +
9642  x('110')) * x('4') * x('10') +
9643  power(x('4'), 2) +
9644  power(x('10'), 2) =l= 1;
9645  con1147..(-2) * cos(-x('161') +
9646  x('194')) * x('61') * x('94') +
9647  power(x('61'), 2) +
9648  power(x('94'), 2) =l= 1;
9649  con1148..(-2) * cos(-x('161') +
9650  x('193')) * x('61') * x('93') +
9651  power(x('61'), 2) +
9652  power(x('93'), 2) =l= 1;
9653  con1149..(-2) * cos(-x('104') +
9654  x('111')) * x('4') * x('11') +
9655  power(x('4'), 2) +
9656  power(x('11'), 2) =l= 1;
9657  con1150..(-2) * cos(-x('161') +
9658  x('192')) * x('61') * x('92') +
9659  power(x('61'), 2) +
9660  power(x('92'), 2) =l= 1;
9661  con1151..(-2) * cos(-x('161') +
9662  x('191')) * x('61') * x('91') +
9663  power(x('61'), 2) +
9664  power(x('91'), 2) =l= 1;
9665  con1152..(-2) * cos(-x('104') +
9666  x('112')) * x('4') * x('12') +
9667  power(x('4'), 2) +
9668  power(x('12'), 2) =l= 1;
9669  con1153..(-2) * cos(-x('161') +
9670  x('190')) * x('61') * x('90') +
9671  power(x('61'), 2) +
9672  power(x('90'), 2) =l= 1;
9673  con1154..(-2) * cos(-x('161') +
9674  x('189')) * x('61') * x('89') +
9675  power(x('61'), 2) +
9676  power(x('89'), 2) =l= 1;
9677  con1155..(-2) * cos(-x('161') +
9678  x('188')) * x('61') * x('88') +
9679  power(x('61'), 2) +
9680  power(x('88'), 2) =l= 1;
9681  con1156..(-2) * cos(-x('104') +
9682  x('113')) * x('4') * x('13') +
9683  power(x('4'), 2) +
9684  power(x('13'), 2) =l= 1;
9685  con1157..(-2) * cos(-x('161') +
9686  x('187')) * x('61') * x('87') +
9687  power(x('61'), 2) +
9688  power(x('87'), 2) =l= 1;
9689  con1158..(-2) * cos(-x('161') +
9690  x('186')) * x('61') * x('86') +
9691  power(x('61'), 2) +
9692  power(x('86'), 2) =l= 1;
9693  con1159..(-2) * cos(-x('104') +
9694  x('114')) * x('4') * x('14') +
9695  power(x('4'), 2) +
9696  power(x('14'), 2) =l= 1;
9697  con1160..(-2) * cos(-x('161') +
9698  x('185')) * x('61') * x('85') +
9699  power(x('61'), 2) +
9700  power(x('85'), 2) =l= 1;
9701  con1161..(-2) * cos(-x('161') +
9702  x('184')) * x('61') * x('84') +
9703  power(x('61'), 2) +
9704  power(x('84'), 2) =l= 1;
9705  con1162..(-2) * cos(-x('104') +
9706  x('115')) * x('4') * x('15') +
9707  power(x('4'), 2) +
9708  power(x('15'), 2) =l= 1;
9709  con1163..(-2) * cos(-x('161') +
9710  x('183')) * x('61') * x('83') +
9711  power(x('61'), 2) +
9712  power(x('83'), 2) =l= 1;
9713  con1164..(-2) * cos(-x('161') +
9714  x('182')) * x('61') * x('82') +
9715  power(x('61'), 2) +
9716  power(x('82'), 2) =l= 1;
9717  con1165..(-2) * cos(-x('104') +
9718  x('116')) * x('4') * x('16') +
9719  power(x('4'), 2) +
9720  power(x('16'), 2) =l= 1;
9721  con1166..(-2) * cos(-x('161') +
9722  x('181')) * x('61') * x('81') +
9723  power(x('61'), 2) +
9724  power(x('81'), 2) =l= 1;
9725  con1167..(-2) * cos(-x('161') +
9726  x('180')) * x('61') * x('80') +
9727  power(x('61'), 2) +
9728  power(x('80'), 2) =l= 1;
9729  con1168..(-2) * cos(-x('161') +
9730  x('179')) * x('61') * x('79') +
9731  power(x('61'), 2) +
9732  power(x('79'), 2) =l= 1;
9733  con1169..(-2) * cos(-x('104') +
9734  x('117')) * x('4') * x('17') +
9735  power(x('4'), 2) +
9736  power(x('17'), 2) =l= 1;
9737  con1170..(-2) * cos(-x('161') +
9738  x('178')) * x('61') * x('78') +
9739  power(x('61'), 2) +
9740  power(x('78'), 2) =l= 1;
9741  con1171..(-2) * cos(-x('161') +
9742  x('177')) * x('61') * x('77') +
9743  power(x('61'), 2) +
9744  power(x('77'), 2) =l= 1;
9745  con1172..(-2) * cos(-x('104') +
9746  x('118')) * x('4') * x('18') +
9747  power(x('4'), 2) +
9748  power(x('18'), 2) =l= 1;
9749  con1173..(-2) * cos(-x('161') +
9750  x('176')) * x('61') * x('76') +
9751  power(x('61'), 2) +
9752  power(x('76'), 2) =l= 1;
9753  con1174..(-2) * cos(-x('161') +
9754  x('175')) * x('61') * x('75') +
9755  power(x('61'), 2) +
9756  power(x('75'), 2) =l= 1;
9757  con1175..(-2) * cos(-x('104') +
9758  x('119')) * x('4') * x('19') +
9759  power(x('4'), 2) +
9760  power(x('19'), 2) =l= 1;
9761  con1176..(-2) * cos(-x('161') +
9762  x('174')) * x('61') * x('74') +
9763  power(x('61'), 2) +
9764  power(x('74'), 2) =l= 1;
9765  con1177..(-2) * cos(-x('161') +
9766  x('173')) * x('61') * x('73') +
9767  power(x('61'), 2) +
9768  power(x('73'), 2) =l= 1;
9769  con1178..(-2) * cos(-x('104') +
9770  x('120')) * x('4') * x('20') +
9771  power(x('4'), 2) +
9772  power(x('20'), 2) =l= 1;
9773  con1179..(-2) * cos(-x('161') +
9774  x('172')) * x('61') * x('72') +
9775  power(x('61'), 2) +
9776  power(x('72'), 2) =l= 1;
9777  con1180..(-2) * cos(-x('161') +
9778  x('171')) * x('61') * x('71') +
9779  power(x('61'), 2) +
9780  power(x('71'), 2) =l= 1;
9781  con1181..(-2) * cos(-x('161') +
9782  x('170')) * x('61') * x('70') +
9783  power(x('61'), 2) +
9784  power(x('70'), 2) =l= 1;
9785  con1182..(-2) * cos(-x('104') +
9786  x('121')) * x('4') * x('21') +
9787  power(x('4'), 2) +
9788  power(x('21'), 2) =l= 1;
9789  con1183..(-2) * cos(-x('161') +
9790  x('169')) * x('61') * x('69') +
9791  power(x('61'), 2) +
9792  power(x('69'), 2) =l= 1;
9793  con1184..(-2) * cos(-x('161') +
9794  x('168')) * x('61') * x('68') +
9795  power(x('61'), 2) +
9796  power(x('68'), 2) =l= 1;
9797  con1185..(-2) * cos(-x('104') +
9798  x('122')) * x('4') * x('22') +
9799  power(x('4'), 2) +
9800  power(x('22'), 2) =l= 1;
9801  con1186..(-2) * cos(-x('161') +
9802  x('167')) * x('61') * x('67') +
9803  power(x('61'), 2) +
9804  power(x('67'), 2) =l= 1;
9805  con1187..(-2) * cos(-x('161') +
9806  x('166')) * x('61') * x('66') +
9807  power(x('61'), 2) +
9808  power(x('66'), 2) =l= 1;
9809  con1188..(-2) * cos(-x('104') +
9810  x('123')) * x('4') * x('23') +
9811  power(x('4'), 2) +
9812  power(x('23'), 2) =l= 1;
9813  con1189..(-2) * cos(-x('161') +
9814  x('165')) * x('61') * x('65') +
9815  power(x('61'), 2) +
9816  power(x('65'), 2) =l= 1;
9817  con1190..(-2) * cos(-x('161') +
9818  x('164')) * x('61') * x('64') +
9819  power(x('61'), 2) +
9820  power(x('64'), 2) =l= 1;
9821  con1191..(-2) * cos(-x('104') +
9822  x('124')) * x('4') * x('24') +
9823  power(x('4'), 2) +
9824  power(x('24'), 2) =l= 1;
9825  con1192..(-2) * cos(-x('161') +
9826  x('163')) * x('61') * x('63') +
9827  power(x('61'), 2) +
9828  power(x('63'), 2) =l= 1;
9829  con1193..(-2) * cos(-x('161') +
9830  x('162')) * x('61') * x('62') +
9831  power(x('61'), 2) +
9832  power(x('62'), 2) =l= 1;
9833  con1194..(-2) * cos(-x('160') +
9834  x('200')) * x('60') * x('100') +
9835  power(x('60'), 2) +
9836  power(x('100'), 2) =l= 1;
9837  con1195..(-2) * cos(-x('104') +
9838  x('125')) * x('4') * x('25') +
9839  power(x('4'), 2) +
9840  power(x('25'), 2) =l= 1;
9841  con1196..(-2) * cos(-x('160') +
9842  x('199')) * x('60') * x('99') +
9843  power(x('60'), 2) +
9844  power(x('99'), 2) =l= 1;
9845  con1197..(-2) * cos(-x('160') +
9846  x('198')) * x('60') * x('98') +
9847  power(x('60'), 2) +
9848  power(x('98'), 2) =l= 1;
9849  con1198..(-2) * cos(-x('104') +
9850  x('126')) * x('4') * x('26') +
9851  power(x('4'), 2) +
9852  power(x('26'), 2) =l= 1;
9853  con1199..(-2) * cos(-x('160') +
9854  x('197')) * x('60') * x('97') +
9855  power(x('60'), 2) +
9856  power(x('97'), 2) =l= 1;
9857  con1200..(-2) * cos(-x('160') +
9858  x('196')) * x('60') * x('96') +
9859  power(x('60'), 2) +
9860  power(x('96'), 2) =l= 1;
9861  con1201..(-2) * cos(-x('104') +
9862  x('127')) * x('4') * x('27') +
9863  power(x('4'), 2) +
9864  power(x('27'), 2) =l= 1;
9865  con1202..(-2) * cos(-x('160') +
9866  x('195')) * x('60') * x('95') +
9867  power(x('60'), 2) +
9868  power(x('95'), 2) =l= 1;
9869  con1203..(-2) * cos(-x('160') +
9870  x('194')) * x('60') * x('94') +
9871  power(x('60'), 2) +
9872  power(x('94'), 2) =l= 1;
9873  con1204..(-2) * cos(-x('104') +
9874  x('128')) * x('4') * x('28') +
9875  power(x('4'), 2) +
9876  power(x('28'), 2) =l= 1;
9877  con1205..(-2) * cos(-x('160') +
9878  x('193')) * x('60') * x('93') +
9879  power(x('60'), 2) +
9880  power(x('93'), 2) =l= 1;
9881  con1206..(-2) * cos(-x('160') +
9882  x('192')) * x('60') * x('92') +
9883  power(x('60'), 2) +
9884  power(x('92'), 2) =l= 1;
9885  con1207..(-2) * cos(-x('160') +
9886  x('191')) * x('60') * x('91') +
9887  power(x('60'), 2) +
9888  power(x('91'), 2) =l= 1;
9889  con1208..(-2) * cos(-x('104') +
9890  x('129')) * x('4') * x('29') +
9891  power(x('4'), 2) +
9892  power(x('29'), 2) =l= 1;
9893  con1209..(-2) * cos(-x('160') +
9894  x('190')) * x('60') * x('90') +
9895  power(x('60'), 2) +
9896  power(x('90'), 2) =l= 1;
9897  con1210..(-2) * cos(-x('160') +
9898  x('189')) * x('60') * x('89') +
9899  power(x('60'), 2) +
9900  power(x('89'), 2) =l= 1;
9901  con1211..(-2) * cos(-x('104') +
9902  x('130')) * x('4') * x('30') +
9903  power(x('4'), 2) +
9904  power(x('30'), 2) =l= 1;
9905  con1212..(-2) * cos(-x('160') +
9906  x('188')) * x('60') * x('88') +
9907  power(x('60'), 2) +
9908  power(x('88'), 2) =l= 1;
9909  con1213..(-2) * cos(-x('160') +
9910  x('187')) * x('60') * x('87') +
9911  power(x('60'), 2) +
9912  power(x('87'), 2) =l= 1;
9913  con1214..(-2) * cos(-x('104') +
9914  x('131')) * x('4') * x('31') +
9915  power(x('4'), 2) +
9916  power(x('31'), 2) =l= 1;
9917  con1215..(-2) * cos(-x('160') +
9918  x('186')) * x('60') * x('86') +
9919  power(x('60'), 2) +
9920  power(x('86'), 2) =l= 1;
9921  con1216..(-2) * cos(-x('160') +
9922  x('185')) * x('60') * x('85') +
9923  power(x('60'), 2) +
9924  power(x('85'), 2) =l= 1;
9925  con1217..(-2) * cos(-x('104') +
9926  x('132')) * x('4') * x('32') +
9927  power(x('4'), 2) +
9928  power(x('32'), 2) =l= 1;
9929  con1218..(-2) * cos(-x('160') +
9930  x('184')) * x('60') * x('84') +
9931  power(x('60'), 2) +
9932  power(x('84'), 2) =l= 1;
9933  con1219..(-2) * cos(-x('160') +
9934  x('183')) * x('60') * x('83') +
9935  power(x('60'), 2) +
9936  power(x('83'), 2) =l= 1;
9937  con1220..(-2) * cos(-x('160') +
9938  x('182')) * x('60') * x('82') +
9939  power(x('60'), 2) +
9940  power(x('82'), 2) =l= 1;
9941  con1221..(-2) * cos(-x('104') +
9942  x('133')) * x('4') * x('33') +
9943  power(x('4'), 2) +
9944  power(x('33'), 2) =l= 1;
9945  con1222..(-2) * cos(-x('160') +
9946  x('181')) * x('60') * x('81') +
9947  power(x('60'), 2) +
9948  power(x('81'), 2) =l= 1;
9949  con1223..(-2) * cos(-x('160') +
9950  x('180')) * x('60') * x('80') +
9951  power(x('60'), 2) +
9952  power(x('80'), 2) =l= 1;
9953  con1224..(-2) * cos(-x('104') +
9954  x('134')) * x('4') * x('34') +
9955  power(x('4'), 2) +
9956  power(x('34'), 2) =l= 1;
9957  con1225..(-2) * cos(-x('160') +
9958  x('179')) * x('60') * x('79') +
9959  power(x('60'), 2) +
9960  power(x('79'), 2) =l= 1;
9961  con1226..(-2) * cos(-x('160') +
9962  x('178')) * x('60') * x('78') +
9963  power(x('60'), 2) +
9964  power(x('78'), 2) =l= 1;
9965  con1227..(-2) * cos(-x('104') +
9966  x('135')) * x('4') * x('35') +
9967  power(x('4'), 2) +
9968  power(x('35'), 2) =l= 1;
9969  con1228..(-2) * cos(-x('160') +
9970  x('177')) * x('60') * x('77') +
9971  power(x('60'), 2) +
9972  power(x('77'), 2) =l= 1;
9973  con1229..(-2) * cos(-x('160') +
9974  x('176')) * x('60') * x('76') +
9975  power(x('60'), 2) +
9976  power(x('76'), 2) =l= 1;
9977  con1230..(-2) * cos(-x('104') +
9978  x('136')) * x('4') * x('36') +
9979  power(x('4'), 2) +
9980  power(x('36'), 2) =l= 1;
9981  con1231..(-2) * cos(-x('160') +
9982  x('175')) * x('60') * x('75') +
9983  power(x('60'), 2) +
9984  power(x('75'), 2) =l= 1;
9985  con1232..(-2) * cos(-x('160') +
9986  x('174')) * x('60') * x('74') +
9987  power(x('60'), 2) +
9988  power(x('74'), 2) =l= 1;
9989  con1233..(-2) * cos(-x('160') +
9990  x('173')) * x('60') * x('73') +
9991  power(x('60'), 2) +
9992  power(x('73'), 2) =l= 1;
9993  con1234..(-2) * cos(-x('104') +
9994  x('137')) * x('4') * x('37') +
9995  power(x('4'), 2) +
9996  power(x('37'), 2) =l= 1;
9997  con1235..(-2) * cos(-x('160') +
9998  x('172')) * x('60') * x('72') +
9999  power(x('60'), 2) +
10000  power(x('72'), 2) =l= 1;
10001  con1236..(-2) * cos(-x('160') +
10002  x('171')) * x('60') * x('71') +
10003  power(x('60'), 2) +
10004  power(x('71'), 2) =l= 1;
10005  con1237..(-2) * cos(-x('104') +
10006  x('138')) * x('4') * x('38') +
10007  power(x('4'), 2) +
10008  power(x('38'), 2) =l= 1;
10009  con1238..(-2) * cos(-x('160') +
10010  x('170')) * x('60') * x('70') +
10011  power(x('60'), 2) +
10012  power(x('70'), 2) =l= 1;
10013  con1239..(-2) * cos(-x('160') +
10014  x('169')) * x('60') * x('69') +
10015  power(x('60'), 2) +
10016  power(x('69'), 2) =l= 1;
10017  con1240..(-2) * cos(-x('104') +
10018  x('139')) * x('4') * x('39') +
10019  power(x('4'), 2) +
10020  power(x('39'), 2) =l= 1;
10021  con1241..(-2) * cos(-x('160') +
10022  x('168')) * x('60') * x('68') +
10023  power(x('60'), 2) +
10024  power(x('68'), 2) =l= 1;
10025  con1242..(-2) * cos(-x('160') +
10026  x('167')) * x('60') * x('67') +
10027  power(x('60'), 2) +
10028  power(x('67'), 2) =l= 1;
10029  con1243..(-2) * cos(-x('104') +
10030  x('140')) * x('4') * x('40') +
10031  power(x('4'), 2) +
10032  power(x('40'), 2) =l= 1;
10033  con1244..(-2) * cos(-x('160') +
10034  x('166')) * x('60') * x('66') +
10035  power(x('60'), 2) +
10036  power(x('66'), 2) =l= 1;
10037  con1245..(-2) * cos(-x('160') +
10038  x('165')) * x('60') * x('65') +
10039  power(x('60'), 2) +
10040  power(x('65'), 2) =l= 1;
10041  con1246..(-2) * cos(-x('160') +
10042  x('164')) * x('60') * x('64') +
10043  power(x('60'), 2) +
10044  power(x('64'), 2) =l= 1;
10045  con1247..(-2) * cos(-x('104') +
10046  x('141')) * x('4') * x('41') +
10047  power(x('4'), 2) +
10048  power(x('41'), 2) =l= 1;
10049  con1248..(-2) * cos(-x('160') +
10050  x('163')) * x('60') * x('63') +
10051  power(x('60'), 2) +
10052  power(x('63'), 2) =l= 1;
10053  con1249..(-2) * cos(-x('160') +
10054  x('162')) * x('60') * x('62') +
10055  power(x('60'), 2) +
10056  power(x('62'), 2) =l= 1;
10057  con1250..(-2) * cos(-x('104') +
10058  x('142')) * x('4') * x('42') +
10059  power(x('4'), 2) +
10060  power(x('42'), 2) =l= 1;
10061  con1251..(-2) * cos(-x('160') +
10062  x('161')) * x('60') * x('61') +
10063  power(x('60'), 2) +
10064  power(x('61'), 2) =l= 1;
10065  con1252..(-2) * cos(-x('159') +
10066  x('200')) * x('59') * x('100') +
10067  power(x('59'), 2) +
10068  power(x('100'), 2) =l= 1;
10069  con1253..(-2) * cos(-x('104') +
10070  x('143')) * x('4') * x('43') +
10071  power(x('4'), 2) +
10072  power(x('43'), 2) =l= 1;
10073  con1254..(-2) * cos(-x('159') +
10074  x('199')) * x('59') * x('99') +
10075  power(x('59'), 2) +
10076  power(x('99'), 2) =l= 1;
10077  con1255..(-2) * cos(-x('159') +
10078  x('198')) * x('59') * x('98') +
10079  power(x('59'), 2) +
10080  power(x('98'), 2) =l= 1;
10081  con1256..(-2) * cos(-x('104') +
10082  x('144')) * x('4') * x('44') +
10083  power(x('4'), 2) +
10084  power(x('44'), 2) =l= 1;
10085  con1257..(-2) * cos(-x('159') +
10086  x('197')) * x('59') * x('97') +
10087  power(x('59'), 2) +
10088  power(x('97'), 2) =l= 1;
10089  con1258..(-2) * cos(-x('159') +
10090  x('196')) * x('59') * x('96') +
10091  power(x('59'), 2) +
10092  power(x('96'), 2) =l= 1;
10093  con1259..(-2) * cos(-x('159') +
10094  x('195')) * x('59') * x('95') +
10095  power(x('59'), 2) +
10096  power(x('95'), 2) =l= 1;
10097  con1260..(-2) * cos(-x('104') +
10098  x('145')) * x('4') * x('45') +
10099  power(x('4'), 2) +
10100  power(x('45'), 2) =l= 1;
10101  con1261..(-2) * cos(-x('159') +
10102  x('194')) * x('59') * x('94') +
10103  power(x('59'), 2) +
10104  power(x('94'), 2) =l= 1;
10105  con1262..(-2) * cos(-x('159') +
10106  x('193')) * x('59') * x('93') +
10107  power(x('59'), 2) +
10108  power(x('93'), 2) =l= 1;
10109  con1263..(-2) * cos(-x('104') +
10110  x('146')) * x('4') * x('46') +
10111  power(x('4'), 2) +
10112  power(x('46'), 2) =l= 1;
10113  con1264..(-2) * cos(-x('159') +
10114  x('192')) * x('59') * x('92') +
10115  power(x('59'), 2) +
10116  power(x('92'), 2) =l= 1;
10117  con1265..(-2) * cos(-x('159') +
10118  x('191')) * x('59') * x('91') +
10119  power(x('59'), 2) +
10120  power(x('91'), 2) =l= 1;
10121  con1266..(-2) * cos(-x('104') +
10122  x('147')) * x('4') * x('47') +
10123  power(x('4'), 2) +
10124  power(x('47'), 2) =l= 1;
10125  con1267..(-2) * cos(-x('159') +
10126  x('190')) * x('59') * x('90') +
10127  power(x('59'), 2) +
10128  power(x('90'), 2) =l= 1;
10129  con1268..(-2) * cos(-x('159') +
10130  x('189')) * x('59') * x('89') +
10131  power(x('59'), 2) +
10132  power(x('89'), 2) =l= 1;
10133  con1269..(-2) * cos(-x('104') +
10134  x('148')) * x('4') * x('48') +
10135  power(x('4'), 2) +
10136  power(x('48'), 2) =l= 1;
10137  con1270..(-2) * cos(-x('159') +
10138  x('188')) * x('59') * x('88') +
10139  power(x('59'), 2) +
10140  power(x('88'), 2) =l= 1;
10141  con1271..(-2) * cos(-x('159') +
10142  x('187')) * x('59') * x('87') +
10143  power(x('59'), 2) +
10144  power(x('87'), 2) =l= 1;
10145  con1272..(-2) * cos(-x('159') +
10146  x('186')) * x('59') * x('86') +
10147  power(x('59'), 2) +
10148  power(x('86'), 2) =l= 1;
10149  con1273..(-2) * cos(-x('104') +
10150  x('149')) * x('4') * x('49') +
10151  power(x('4'), 2) +
10152  power(x('49'), 2) =l= 1;
10153  con1274..(-2) * cos(-x('159') +
10154  x('185')) * x('59') * x('85') +
10155  power(x('59'), 2) +
10156  power(x('85'), 2) =l= 1;
10157  con1275..(-2) * cos(-x('159') +
10158  x('184')) * x('59') * x('84') +
10159  power(x('59'), 2) +
10160  power(x('84'), 2) =l= 1;
10161  con1276..(-2) * cos(-x('104') +
10162  x('150')) * x('4') * x('50') +
10163  power(x('4'), 2) +
10164  power(x('50'), 2) =l= 1;
10165  con1277..(-2) * cos(-x('159') +
10166  x('183')) * x('59') * x('83') +
10167  power(x('59'), 2) +
10168  power(x('83'), 2) =l= 1;
10169  con1278..(-2) * cos(-x('159') +
10170  x('182')) * x('59') * x('82') +
10171  power(x('59'), 2) +
10172  power(x('82'), 2) =l= 1;
10173  con1279..(-2) * cos(-x('104') +
10174  x('151')) * x('4') * x('51') +
10175  power(x('4'), 2) +
10176  power(x('51'), 2) =l= 1;
10177  con1280..(-2) * cos(-x('159') +
10178  x('181')) * x('59') * x('81') +
10179  power(x('59'), 2) +
10180  power(x('81'), 2) =l= 1;
10181  con1281..(-2) * cos(-x('159') +
10182  x('180')) * x('59') * x('80') +
10183  power(x('59'), 2) +
10184  power(x('80'), 2) =l= 1;
10185  con1282..(-2) * cos(-x('104') +
10186  x('152')) * x('4') * x('52') +
10187  power(x('4'), 2) +
10188  power(x('52'), 2) =l= 1;
10189  con1283..(-2) * cos(-x('159') +
10190  x('179')) * x('59') * x('79') +
10191  power(x('59'), 2) +
10192  power(x('79'), 2) =l= 1;
10193  con1284..(-2) * cos(-x('159') +
10194  x('178')) * x('59') * x('78') +
10195  power(x('59'), 2) +
10196  power(x('78'), 2) =l= 1;
10197  con1285..(-2) * cos(-x('159') +
10198  x('177')) * x('59') * x('77') +
10199  power(x('59'), 2) +
10200  power(x('77'), 2) =l= 1;
10201  con1286..(-2) * cos(-x('104') +
10202  x('153')) * x('4') * x('53') +
10203  power(x('4'), 2) +
10204  power(x('53'), 2) =l= 1;
10205  con1287..(-2) * cos(-x('159') +
10206  x('176')) * x('59') * x('76') +
10207  power(x('59'), 2) +
10208  power(x('76'), 2) =l= 1;
10209  con1288..(-2) * cos(-x('159') +
10210  x('175')) * x('59') * x('75') +
10211  power(x('59'), 2) +
10212  power(x('75'), 2) =l= 1;
10213  con1289..(-2) * cos(-x('104') +
10214  x('154')) * x('4') * x('54') +
10215  power(x('4'), 2) +
10216  power(x('54'), 2) =l= 1;
10217  con1290..(-2) * cos(-x('159') +
10218  x('174')) * x('59') * x('74') +
10219  power(x('59'), 2) +
10220  power(x('74'), 2) =l= 1;
10221  con1291..(-2) * cos(-x('159') +
10222  x('173')) * x('59') * x('73') +
10223  power(x('59'), 2) +
10224  power(x('73'), 2) =l= 1;
10225  con1292..(-2) * cos(-x('104') +
10226  x('155')) * x('4') * x('55') +
10227  power(x('4'), 2) +
10228  power(x('55'), 2) =l= 1;
10229  con1293..(-2) * cos(-x('159') +
10230  x('172')) * x('59') * x('72') +
10231  power(x('59'), 2) +
10232  power(x('72'), 2) =l= 1;
10233  con1294..(-2) * cos(-x('159') +
10234  x('171')) * x('59') * x('71') +
10235  power(x('59'), 2) +
10236  power(x('71'), 2) =l= 1;
10237  con1295..(-2) * cos(-x('104') +
10238  x('156')) * x('4') * x('56') +
10239  power(x('4'), 2) +
10240  power(x('56'), 2) =l= 1;
10241  con1296..(-2) * cos(-x('159') +
10242  x('170')) * x('59') * x('70') +
10243  power(x('59'), 2) +
10244  power(x('70'), 2) =l= 1;
10245  con1297..(-2) * cos(-x('159') +
10246  x('169')) * x('59') * x('69') +
10247  power(x('59'), 2) +
10248  power(x('69'), 2) =l= 1;
10249  con1298..(-2) * cos(-x('159') +
10250  x('168')) * x('59') * x('68') +
10251  power(x('59'), 2) +
10252  power(x('68'), 2) =l= 1;
10253  con1299..(-2) * cos(-x('104') +
10254  x('157')) * x('4') * x('57') +
10255  power(x('4'), 2) +
10256  power(x('57'), 2) =l= 1;
10257  con1300..(-2) * cos(-x('159') +
10258  x('167')) * x('59') * x('67') +
10259  power(x('59'), 2) +
10260  power(x('67'), 2) =l= 1;
10261  con1301..(-2) * cos(-x('159') +
10262  x('166')) * x('59') * x('66') +
10263  power(x('59'), 2) +
10264  power(x('66'), 2) =l= 1;
10265  con1302..(-2) * cos(-x('104') +
10266  x('158')) * x('4') * x('58') +
10267  power(x('4'), 2) +
10268  power(x('58'), 2) =l= 1;
10269  con1303..(-2) * cos(-x('159') +
10270  x('165')) * x('59') * x('65') +
10271  power(x('59'), 2) +
10272  power(x('65'), 2) =l= 1;
10273  con1304..(-2) * cos(-x('159') +
10274  x('164')) * x('59') * x('64') +
10275  power(x('59'), 2) +
10276  power(x('64'), 2) =l= 1;
10277  con1305..(-2) * cos(-x('104') +
10278  x('159')) * x('4') * x('59') +
10279  power(x('4'), 2) +
10280  power(x('59'), 2) =l= 1;
10281  con1306..(-2) * cos(-x('159') +
10282  x('163')) * x('59') * x('63') +
10283  power(x('59'), 2) +
10284  power(x('63'), 2) =l= 1;
10285  con1307..(-2) * cos(-x('159') +
10286  x('162')) * x('59') * x('62') +
10287  power(x('59'), 2) +
10288  power(x('62'), 2) =l= 1;
10289  con1308..(-2) * cos(-x('104') +
10290  x('160')) * x('4') * x('60') +
10291  power(x('4'), 2) +
10292  power(x('60'), 2) =l= 1;
10293  con1309..(-2) * cos(-x('159') +
10294  x('161')) * x('59') * x('61') +
10295  power(x('59'), 2) +
10296  power(x('61'), 2) =l= 1;
10297  con1310..(-2) * cos(-x('159') +
10298  x('160')) * x('59') * x('60') +
10299  power(x('59'), 2) +
10300  power(x('60'), 2) =l= 1;
10301  con1311..(-2) * cos(-x('158') +
10302  x('200')) * x('58') * x('100') +
10303  power(x('58'), 2) +
10304  power(x('100'), 2) =l= 1;
10305  con1312..(-2) * cos(-x('104') +
10306  x('161')) * x('4') * x('61') +
10307  power(x('4'), 2) +
10308  power(x('61'), 2) =l= 1;
10309  con1313..(-2) * cos(-x('158') +
10310  x('199')) * x('58') * x('99') +
10311  power(x('58'), 2) +
10312  power(x('99'), 2) =l= 1;
10313  con1314..(-2) * cos(-x('158') +
10314  x('198')) * x('58') * x('98') +
10315  power(x('58'), 2) +
10316  power(x('98'), 2) =l= 1;
10317  con1315..(-2) * cos(-x('104') +
10318  x('162')) * x('4') * x('62') +
10319  power(x('4'), 2) +
10320  power(x('62'), 2) =l= 1;
10321  con1316..(-2) * cos(-x('158') +
10322  x('197')) * x('58') * x('97') +
10323  power(x('58'), 2) +
10324  power(x('97'), 2) =l= 1;
10325  con1317..(-2) * cos(-x('158') +
10326  x('196')) * x('58') * x('96') +
10327  power(x('58'), 2) +
10328  power(x('96'), 2) =l= 1;
10329  con1318..(-2) * cos(-x('104') +
10330  x('163')) * x('4') * x('63') +
10331  power(x('4'), 2) +
10332  power(x('63'), 2) =l= 1;
10333  con1319..(-2) * cos(-x('158') +
10334  x('195')) * x('58') * x('95') +
10335  power(x('58'), 2) +
10336  power(x('95'), 2) =l= 1;
10337  con1320..(-2) * cos(-x('158') +
10338  x('194')) * x('58') * x('94') +
10339  power(x('58'), 2) +
10340  power(x('94'), 2) =l= 1;
10341  con1321..(-2) * cos(-x('104') +
10342  x('164')) * x('4') * x('64') +
10343  power(x('4'), 2) +
10344  power(x('64'), 2) =l= 1;
10345  con1322..(-2) * cos(-x('158') +
10346  x('193')) * x('58') * x('93') +
10347  power(x('58'), 2) +
10348  power(x('93'), 2) =l= 1;
10349  con1323..(-2) * cos(-x('158') +
10350  x('192')) * x('58') * x('92') +
10351  power(x('58'), 2) +
10352  power(x('92'), 2) =l= 1;
10353  con1324..(-2) * cos(-x('158') +
10354  x('191')) * x('58') * x('91') +
10355  power(x('58'), 2) +
10356  power(x('91'), 2) =l= 1;
10357  con1325..(-2) * cos(-x('104') +
10358  x('165')) * x('4') * x('65') +
10359  power(x('4'), 2) +
10360  power(x('65'), 2) =l= 1;
10361  con1326..(-2) * cos(-x('158') +
10362  x('190')) * x('58') * x('90') +
10363  power(x('58'), 2) +
10364  power(x('90'), 2) =l= 1;
10365  con1327..(-2) * cos(-x('158') +
10366  x('189')) * x('58') * x('89') +
10367  power(x('58'), 2) +
10368  power(x('89'), 2) =l= 1;
10369  con1328..(-2) * cos(-x('104') +
10370  x('166')) * x('4') * x('66') +
10371  power(x('4'), 2) +
10372  power(x('66'), 2) =l= 1;
10373  con1329..(-2) * cos(-x('158') +
10374  x('188')) * x('58') * x('88') +
10375  power(x('58'), 2) +
10376  power(x('88'), 2) =l= 1;
10377  con1330..(-2) * cos(-x('158') +
10378  x('187')) * x('58') * x('87') +
10379  power(x('58'), 2) +
10380  power(x('87'), 2) =l= 1;
10381  con1331..(-2) * cos(-x('104') +
10382  x('167')) * x('4') * x('67') +
10383  power(x('4'), 2) +
10384  power(x('67'), 2) =l= 1;
10385  con1332..(-2) * cos(-x('158') +
10386  x('186')) * x('58') * x('86') +
10387  power(x('58'), 2) +
10388  power(x('86'), 2) =l= 1;
10389  con1333..(-2) * cos(-x('158') +
10390  x('185')) * x('58') * x('85') +
10391  power(x('58'), 2) +
10392  power(x('85'), 2) =l= 1;
10393  con1334..(-2) * cos(-x('104') +
10394  x('168')) * x('4') * x('68') +
10395  power(x('4'), 2) +
10396  power(x('68'), 2) =l= 1;
10397  con1335..(-2) * cos(-x('158') +
10398  x('184')) * x('58') * x('84') +
10399  power(x('58'), 2) +
10400  power(x('84'), 2) =l= 1;
10401  con1336..(-2) * cos(-x('158') +
10402  x('183')) * x('58') * x('83') +
10403  power(x('58'), 2) +
10404  power(x('83'), 2) =l= 1;
10405  con1337..(-2) * cos(-x('158') +
10406  x('182')) * x('58') * x('82') +
10407  power(x('58'), 2) +
10408  power(x('82'), 2) =l= 1;
10409  con1338..(-2) * cos(-x('104') +
10410  x('169')) * x('4') * x('69') +
10411  power(x('4'), 2) +
10412  power(x('69'), 2) =l= 1;
10413  con1339..(-2) * cos(-x('158') +
10414  x('181')) * x('58') * x('81') +
10415  power(x('58'), 2) +
10416  power(x('81'), 2) =l= 1;
10417  con1340..(-2) * cos(-x('158') +
10418  x('180')) * x('58') * x('80') +
10419  power(x('58'), 2) +
10420  power(x('80'), 2) =l= 1;
10421  con1341..(-2) * cos(-x('104') +
10422  x('170')) * x('4') * x('70') +
10423  power(x('4'), 2) +
10424  power(x('70'), 2) =l= 1;
10425  con1342..(-2) * cos(-x('158') +
10426  x('179')) * x('58') * x('79') +
10427  power(x('58'), 2) +
10428  power(x('79'), 2) =l= 1;
10429  con1343..(-2) * cos(-x('158') +
10430  x('178')) * x('58') * x('78') +
10431  power(x('58'), 2) +
10432  power(x('78'), 2) =l= 1;
10433  con1344..(-2) * cos(-x('104') +
10434  x('171')) * x('4') * x('71') +
10435  power(x('4'), 2) +
10436  power(x('71'), 2) =l= 1;
10437  con1345..(-2) * cos(-x('158') +
10438  x('177')) * x('58') * x('77') +
10439  power(x('58'), 2) +
10440  power(x('77'), 2) =l= 1;
10441  con1346..(-2) * cos(-x('158') +
10442  x('176')) * x('58') * x('76') +
10443  power(x('58'), 2) +
10444  power(x('76'), 2) =l= 1;
10445  con1347..(-2) * cos(-x('104') +
10446  x('172')) * x('4') * x('72') +
10447  power(x('4'), 2) +
10448  power(x('72'), 2) =l= 1;
10449  con1348..(-2) * cos(-x('158') +
10450  x('175')) * x('58') * x('75') +
10451  power(x('58'), 2) +
10452  power(x('75'), 2) =l= 1;
10453  con1349..(-2) * cos(-x('158') +
10454  x('174')) * x('58') * x('74') +
10455  power(x('58'), 2) +
10456  power(x('74'), 2) =l= 1;
10457  con1350..(-2) * cos(-x('158') +
10458  x('173')) * x('58') * x('73') +
10459  power(x('58'), 2) +
10460  power(x('73'), 2) =l= 1;
10461  con1351..(-2) * cos(-x('104') +
10462  x('173')) * x('4') * x('73') +
10463  power(x('4'), 2) +
10464  power(x('73'), 2) =l= 1;
10465  con1352..(-2) * cos(-x('158') +
10466  x('172')) * x('58') * x('72') +
10467  power(x('58'), 2) +
10468  power(x('72'), 2) =l= 1;
10469  con1353..(-2) * cos(-x('158') +
10470  x('171')) * x('58') * x('71') +
10471  power(x('58'), 2) +
10472  power(x('71'), 2) =l= 1;
10473  con1354..(-2) * cos(-x('104') +
10474  x('174')) * x('4') * x('74') +
10475  power(x('4'), 2) +
10476  power(x('74'), 2) =l= 1;
10477  con1355..(-2) * cos(-x('158') +
10478  x('170')) * x('58') * x('70') +
10479  power(x('58'), 2) +
10480  power(x('70'), 2) =l= 1;
10481  con1356..(-2) * cos(-x('158') +
10482  x('169')) * x('58') * x('69') +
10483  power(x('58'), 2) +
10484  power(x('69'), 2) =l= 1;
10485  con1357..(-2) * cos(-x('104') +
10486  x('175')) * x('4') * x('75') +
10487  power(x('4'), 2) +
10488  power(x('75'), 2) =l= 1;
10489  con1358..(-2) * cos(-x('158') +
10490  x('168')) * x('58') * x('68') +
10491  power(x('58'), 2) +
10492  power(x('68'), 2) =l= 1;
10493  con1359..(-2) * cos(-x('158') +
10494  x('167')) * x('58') * x('67') +
10495  power(x('58'), 2) +
10496  power(x('67'), 2) =l= 1;
10497  con1360..(-2) * cos(-x('104') +
10498  x('176')) * x('4') * x('76') +
10499  power(x('4'), 2) +
10500  power(x('76'), 2) =l= 1;
10501  con1361..(-2) * cos(-x('158') +
10502  x('166')) * x('58') * x('66') +
10503  power(x('58'), 2) +
10504  power(x('66'), 2) =l= 1;
10505  con1362..(-2) * cos(-x('158') +
10506  x('165')) * x('58') * x('65') +
10507  power(x('58'), 2) +
10508  power(x('65'), 2) =l= 1;
10509  con1363..(-2) * cos(-x('158') +
10510  x('164')) * x('58') * x('64') +
10511  power(x('58'), 2) +
10512  power(x('64'), 2) =l= 1;
10513  con1364..(-2) * cos(-x('104') +
10514  x('177')) * x('4') * x('77') +
10515  power(x('4'), 2) +
10516  power(x('77'), 2) =l= 1;
10517  con1365..(-2) * cos(-x('158') +
10518  x('163')) * x('58') * x('63') +
10519  power(x('58'), 2) +
10520  power(x('63'), 2) =l= 1;
10521  con1366..(-2) * cos(-x('158') +
10522  x('162')) * x('58') * x('62') +
10523  power(x('58'), 2) +
10524  power(x('62'), 2) =l= 1;
10525  con1367..(-2) * cos(-x('104') +
10526  x('178')) * x('4') * x('78') +
10527  power(x('4'), 2) +
10528  power(x('78'), 2) =l= 1;
10529  con1368..(-2) * cos(-x('158') +
10530  x('161')) * x('58') * x('61') +
10531  power(x('58'), 2) +
10532  power(x('61'), 2) =l= 1;
10533  con1369..(-2) * cos(-x('158') +
10534  x('160')) * x('58') * x('60') +
10535  power(x('58'), 2) +
10536  power(x('60'), 2) =l= 1;
10537  con1370..(-2) * cos(-x('104') +
10538  x('179')) * x('4') * x('79') +
10539  power(x('4'), 2) +
10540  power(x('79'), 2) =l= 1;
10541  con1371..(-2) * cos(-x('158') +
10542  x('159')) * x('58') * x('59') +
10543  power(x('58'), 2) +
10544  power(x('59'), 2) =l= 1;
10545  con1372..(-2) * cos(-x('157') +
10546  x('200')) * x('57') * x('100') +
10547  power(x('57'), 2) +
10548  power(x('100'), 2) =l= 1;
10549  con1373..(-2) * cos(-x('104') +
10550  x('180')) * x('4') * x('80') +
10551  power(x('4'), 2) +
10552  power(x('80'), 2) =l= 1;
10553  con1374..(-2) * cos(-x('157') +
10554  x('199')) * x('57') * x('99') +
10555  power(x('57'), 2) +
10556  power(x('99'), 2) =l= 1;
10557  con1375..(-2) * cos(-x('157') +
10558  x('198')) * x('57') * x('98') +
10559  power(x('57'), 2) +
10560  power(x('98'), 2) =l= 1;
10561  con1376..(-2) * cos(-x('157') +
10562  x('197')) * x('57') * x('97') +
10563  power(x('57'), 2) +
10564  power(x('97'), 2) =l= 1;
10565  con1377..(-2) * cos(-x('104') +
10566  x('181')) * x('4') * x('81') +
10567  power(x('4'), 2) +
10568  power(x('81'), 2) =l= 1;
10569  con1378..(-2) * cos(-x('157') +
10570  x('196')) * x('57') * x('96') +
10571  power(x('57'), 2) +
10572  power(x('96'), 2) =l= 1;
10573  con1379..(-2) * cos(-x('157') +
10574  x('195')) * x('57') * x('95') +
10575  power(x('57'), 2) +
10576  power(x('95'), 2) =l= 1;
10577  con1380..(-2) * cos(-x('104') +
10578  x('182')) * x('4') * x('82') +
10579  power(x('4'), 2) +
10580  power(x('82'), 2) =l= 1;
10581  con1381..(-2) * cos(-x('157') +
10582  x('194')) * x('57') * x('94') +
10583  power(x('57'), 2) +
10584  power(x('94'), 2) =l= 1;
10585  con1382..(-2) * cos(-x('157') +
10586  x('193')) * x('57') * x('93') +
10587  power(x('57'), 2) +
10588  power(x('93'), 2) =l= 1;
10589  con1383..(-2) * cos(-x('104') +
10590  x('183')) * x('4') * x('83') +
10591  power(x('4'), 2) +
10592  power(x('83'), 2) =l= 1;
10593  con1384..(-2) * cos(-x('157') +
10594  x('192')) * x('57') * x('92') +
10595  power(x('57'), 2) +
10596  power(x('92'), 2) =l= 1;
10597  con1385..(-2) * cos(-x('157') +
10598  x('191')) * x('57') * x('91') +
10599  power(x('57'), 2) +
10600  power(x('91'), 2) =l= 1;
10601  con1386..(-2) * cos(-x('104') +
10602  x('184')) * x('4') * x('84') +
10603  power(x('4'), 2) +
10604  power(x('84'), 2) =l= 1;
10605  con1387..(-2) * cos(-x('157') +
10606  x('190')) * x('57') * x('90') +
10607  power(x('57'), 2) +
10608  power(x('90'), 2) =l= 1;
10609  con1388..(-2) * cos(-x('157') +
10610  x('189')) * x('57') * x('89') +
10611  power(x('57'), 2) +
10612  power(x('89'), 2) =l= 1;
10613  con1389..(-2) * cos(-x('157') +
10614  x('188')) * x('57') * x('88') +
10615  power(x('57'), 2) +
10616  power(x('88'), 2) =l= 1;
10617  con1390..(-2) * cos(-x('104') +
10618  x('185')) * x('4') * x('85') +
10619  power(x('4'), 2) +
10620  power(x('85'), 2) =l= 1;
10621  con1391..(-2) * cos(-x('157') +
10622  x('187')) * x('57') * x('87') +
10623  power(x('57'), 2) +
10624  power(x('87'), 2) =l= 1;
10625  con1392..(-2) * cos(-x('157') +
10626  x('186')) * x('57') * x('86') +
10627  power(x('57'), 2) +
10628  power(x('86'), 2) =l= 1;
10629  con1393..(-2) * cos(-x('104') +
10630  x('186')) * x('4') * x('86') +
10631  power(x('4'), 2) +
10632  power(x('86'), 2) =l= 1;
10633  con1394..(-2) * cos(-x('157') +
10634  x('185')) * x('57') * x('85') +
10635  power(x('57'), 2) +
10636  power(x('85'), 2) =l= 1;
10637  con1395..(-2) * cos(-x('157') +
10638  x('184')) * x('57') * x('84') +
10639  power(x('57'), 2) +
10640  power(x('84'), 2) =l= 1;
10641  con1396..(-2) * cos(-x('104') +
10642  x('187')) * x('4') * x('87') +
10643  power(x('4'), 2) +
10644  power(x('87'), 2) =l= 1;
10645  con1397..(-2) * cos(-x('157') +
10646  x('183')) * x('57') * x('83') +
10647  power(x('57'), 2) +
10648  power(x('83'), 2) =l= 1;
10649  con1398..(-2) * cos(-x('157') +
10650  x('182')) * x('57') * x('82') +
10651  power(x('57'), 2) +
10652  power(x('82'), 2) =l= 1;
10653  con1399..(-2) * cos(-x('104') +
10654  x('188')) * x('4') * x('88') +
10655  power(x('4'), 2) +
10656  power(x('88'), 2) =l= 1;
10657  con1400..(-2) * cos(-x('157') +
10658  x('181')) * x('57') * x('81') +
10659  power(x('57'), 2) +
10660  power(x('81'), 2) =l= 1;
10661  con1401..(-2) * cos(-x('157') +
10662  x('180')) * x('57') * x('80') +
10663  power(x('57'), 2) +
10664  power(x('80'), 2) =l= 1;
10665  con1402..(-2) * cos(-x('157') +
10666  x('179')) * x('57') * x('79') +
10667  power(x('57'), 2) +
10668  power(x('79'), 2) =l= 1;
10669  con1403..(-2) * cos(-x('104') +
10670  x('189')) * x('4') * x('89') +
10671  power(x('4'), 2) +
10672  power(x('89'), 2) =l= 1;
10673  con1404..(-2) * cos(-x('157') +
10674  x('178')) * x('57') * x('78') +
10675  power(x('57'), 2) +
10676  power(x('78'), 2) =l= 1;
10677  con1405..(-2) * cos(-x('157') +
10678  x('177')) * x('57') * x('77') +
10679  power(x('57'), 2) +
10680  power(x('77'), 2) =l= 1;
10681  con1406..(-2) * cos(-x('104') +
10682  x('190')) * x('4') * x('90') +
10683  power(x('4'), 2) +
10684  power(x('90'), 2) =l= 1;
10685  con1407..(-2) * cos(-x('157') +
10686  x('176')) * x('57') * x('76') +
10687  power(x('57'), 2) +
10688  power(x('76'), 2) =l= 1;
10689  con1408..(-2) * cos(-x('157') +
10690  x('175')) * x('57') * x('75') +
10691  power(x('57'), 2) +
10692  power(x('75'), 2) =l= 1;
10693  con1409..(-2) * cos(-x('104') +
10694  x('191')) * x('4') * x('91') +
10695  power(x('4'), 2) +
10696  power(x('91'), 2) =l= 1;
10697  con1410..(-2) * cos(-x('157') +
10698  x('174')) * x('57') * x('74') +
10699  power(x('57'), 2) +
10700  power(x('74'), 2) =l= 1;
10701  con1411..(-2) * cos(-x('157') +
10702  x('173')) * x('57') * x('73') +
10703  power(x('57'), 2) +
10704  power(x('73'), 2) =l= 1;
10705  con1412..(-2) * cos(-x('104') +
10706  x('192')) * x('4') * x('92') +
10707  power(x('4'), 2) +
10708  power(x('92'), 2) =l= 1;
10709  con1413..(-2) * cos(-x('157') +
10710  x('172')) * x('57') * x('72') +
10711  power(x('57'), 2) +
10712  power(x('72'), 2) =l= 1;
10713  con1414..(-2) * cos(-x('157') +
10714  x('171')) * x('57') * x('71') +
10715  power(x('57'), 2) +
10716  power(x('71'), 2) =l= 1;
10717  con1415..(-2) * cos(-x('157') +
10718  x('170')) * x('57') * x('70') +
10719  power(x('57'), 2) +
10720  power(x('70'), 2) =l= 1;
10721  con1416..(-2) * cos(-x('104') +
10722  x('193')) * x('4') * x('93') +
10723  power(x('4'), 2) +
10724  power(x('93'), 2) =l= 1;
10725  con1417..(-2) * cos(-x('157') +
10726  x('169')) * x('57') * x('69') +
10727  power(x('57'), 2) +
10728  power(x('69'), 2) =l= 1;
10729  con1418..(-2) * cos(-x('157') +
10730  x('168')) * x('57') * x('68') +
10731  power(x('57'), 2) +
10732  power(x('68'), 2) =l= 1;
10733  con1419..(-2) * cos(-x('104') +
10734  x('194')) * x('4') * x('94') +
10735  power(x('4'), 2) +
10736  power(x('94'), 2) =l= 1;
10737  con1420..(-2) * cos(-x('157') +
10738  x('167')) * x('57') * x('67') +
10739  power(x('57'), 2) +
10740  power(x('67'), 2) =l= 1;
10741  con1421..(-2) * cos(-x('157') +
10742  x('166')) * x('57') * x('66') +
10743  power(x('57'), 2) +
10744  power(x('66'), 2) =l= 1;
10745  con1422..(-2) * cos(-x('104') +
10746  x('195')) * x('4') * x('95') +
10747  power(x('4'), 2) +
10748  power(x('95'), 2) =l= 1;
10749  con1423..(-2) * cos(-x('157') +
10750  x('165')) * x('57') * x('65') +
10751  power(x('57'), 2) +
10752  power(x('65'), 2) =l= 1;
10753  con1424..(-2) * cos(-x('157') +
10754  x('164')) * x('57') * x('64') +
10755  power(x('57'), 2) +
10756  power(x('64'), 2) =l= 1;
10757  con1425..(-2) * cos(-x('104') +
10758  x('196')) * x('4') * x('96') +
10759  power(x('4'), 2) +
10760  power(x('96'), 2) =l= 1;
10761  con1426..(-2) * cos(-x('157') +
10762  x('163')) * x('57') * x('63') +
10763  power(x('57'), 2) +
10764  power(x('63'), 2) =l= 1;
10765  con1427..(-2) * cos(-x('157') +
10766  x('162')) * x('57') * x('62') +
10767  power(x('57'), 2) +
10768  power(x('62'), 2) =l= 1;
10769  con1428..(-2) * cos(-x('157') +
10770  x('161')) * x('57') * x('61') +
10771  power(x('57'), 2) +
10772  power(x('61'), 2) =l= 1;
10773  con1429..(-2) * cos(-x('104') +
10774  x('197')) * x('4') * x('97') +
10775  power(x('4'), 2) +
10776  power(x('97'), 2) =l= 1;
10777  con1430..(-2) * cos(-x('157') +
10778  x('160')) * x('57') * x('60') +
10779  power(x('57'), 2) +
10780  power(x('60'), 2) =l= 1;
10781  con1431..(-2) * cos(-x('157') +
10782  x('159')) * x('57') * x('59') +
10783  power(x('57'), 2) +
10784  power(x('59'), 2) =l= 1;
10785  con1432..(-2) * cos(-x('104') +
10786  x('198')) * x('4') * x('98') +
10787  power(x('4'), 2) +
10788  power(x('98'), 2) =l= 1;
10789  con1433..(-2) * cos(-x('157') +
10790  x('158')) * x('57') * x('58') +
10791  power(x('57'), 2) +
10792  power(x('58'), 2) =l= 1;
10793  con1434..(-2) * cos(-x('156') +
10794  x('200')) * x('56') * x('100') +
10795  power(x('56'), 2) +
10796  power(x('100'), 2) =l= 1;
10797  con1435..(-2) * cos(-x('104') +
10798  x('199')) * x('4') * x('99') +
10799  power(x('4'), 2) +
10800  power(x('99'), 2) =l= 1;
10801  con1436..(-2) * cos(-x('156') +
10802  x('199')) * x('56') * x('99') +
10803  power(x('56'), 2) +
10804  power(x('99'), 2) =l= 1;
10805  con1437..(-2) * cos(-x('156') +
10806  x('198')) * x('56') * x('98') +
10807  power(x('56'), 2) +
10808  power(x('98'), 2) =l= 1;
10809  con1438..(-2) * cos(-x('104') +
10810  x('200')) * x('4') * x('100') +
10811  power(x('4'), 2) +
10812  power(x('100'), 2) =l= 1;
10813  con1439..(-2) * cos(-x('156') +
10814  x('197')) * x('56') * x('97') +
10815  power(x('56'), 2) +
10816  power(x('97'), 2) =l= 1;
10817  con1440..(-2) * cos(-x('156') +
10818  x('196')) * x('56') * x('96') +
10819  power(x('56'), 2) +
10820  power(x('96'), 2) =l= 1;
10821  con1441..(-2) * cos(-x('156') +
10822  x('195')) * x('56') * x('95') +
10823  power(x('56'), 2) +
10824  power(x('95'), 2) =l= 1;
10825  con1442..(-2) * cos(-x('105') +
10826  x('106')) * x('5') * x('6') +
10827  power(x('5'), 2) +
10828  power(x('6'), 2) =l= 1;
10829  con1443..(-2) * cos(-x('156') +
10830  x('194')) * x('56') * x('94') +
10831  power(x('56'), 2) +
10832  power(x('94'), 2) =l= 1;
10833  con1444..(-2) * cos(-x('156') +
10834  x('193')) * x('56') * x('93') +
10835  power(x('56'), 2) +
10836  power(x('93'), 2) =l= 1;
10837  con1445..(-2) * cos(-x('105') +
10838  x('107')) * x('5') * x('7') +
10839  power(x('5'), 2) +
10840  power(x('7'), 2) =l= 1;
10841  con1446..(-2) * cos(-x('156') +
10842  x('192')) * x('56') * x('92') +
10843  power(x('56'), 2) +
10844  power(x('92'), 2) =l= 1;
10845  con1447..(-2) * cos(-x('156') +
10846  x('191')) * x('56') * x('91') +
10847  power(x('56'), 2) +
10848  power(x('91'), 2) =l= 1;
10849  con1448..(-2) * cos(-x('105') +
10850  x('108')) * x('5') * x('8') +
10851  power(x('5'), 2) +
10852  power(x('8'), 2) =l= 1;
10853  con1449..(-2) * cos(-x('156') +
10854  x('190')) * x('56') * x('90') +
10855  power(x('56'), 2) +
10856  power(x('90'), 2) =l= 1;
10857  con1450..(-2) * cos(-x('156') +
10858  x('189')) * x('56') * x('89') +
10859  power(x('56'), 2) +
10860  power(x('89'), 2) =l= 1;
10861  con1451..(-2) * cos(-x('105') +
10862  x('109')) * x('5') * x('9') +
10863  power(x('5'), 2) +
10864  power(x('9'), 2) =l= 1;
10865  con1452..(-2) * cos(-x('156') +
10866  x('188')) * x('56') * x('88') +
10867  power(x('56'), 2) +
10868  power(x('88'), 2) =l= 1;
10869  con1453..(-2) * cos(-x('156') +
10870  x('187')) * x('56') * x('87') +
10871  power(x('56'), 2) +
10872  power(x('87'), 2) =l= 1;
10873  con1454..(-2) * cos(-x('156') +
10874  x('186')) * x('56') * x('86') +
10875  power(x('56'), 2) +
10876  power(x('86'), 2) =l= 1;
10877  con1455..(-2) * cos(-x('105') +
10878  x('110')) * x('5') * x('10') +
10879  power(x('5'), 2) +
10880  power(x('10'), 2) =l= 1;
10881  con1456..(-2) * cos(-x('156') +
10882  x('185')) * x('56') * x('85') +
10883  power(x('56'), 2) +
10884  power(x('85'), 2) =l= 1;
10885  con1457..(-2) * cos(-x('156') +
10886  x('184')) * x('56') * x('84') +
10887  power(x('56'), 2) +
10888  power(x('84'), 2) =l= 1;
10889  con1458..(-2) * cos(-x('105') +
10890  x('111')) * x('5') * x('11') +
10891  power(x('5'), 2) +
10892  power(x('11'), 2) =l= 1;
10893  con1459..(-2) * cos(-x('156') +
10894  x('183')) * x('56') * x('83') +
10895  power(x('56'), 2) +
10896  power(x('83'), 2) =l= 1;
10897  con1460..(-2) * cos(-x('156') +
10898  x('182')) * x('56') * x('82') +
10899  power(x('56'), 2) +
10900  power(x('82'), 2) =l= 1;
10901  con1461..(-2) * cos(-x('105') +
10902  x('112')) * x('5') * x('12') +
10903  power(x('5'), 2) +
10904  power(x('12'), 2) =l= 1;
10905  con1462..(-2) * cos(-x('156') +
10906  x('181')) * x('56') * x('81') +
10907  power(x('56'), 2) +
10908  power(x('81'), 2) =l= 1;
10909  con1463..(-2) * cos(-x('156') +
10910  x('180')) * x('56') * x('80') +
10911  power(x('56'), 2) +
10912  power(x('80'), 2) =l= 1;
10913  con1464..(-2) * cos(-x('105') +
10914  x('113')) * x('5') * x('13') +
10915  power(x('5'), 2) +
10916  power(x('13'), 2) =l= 1;
10917  con1465..(-2) * cos(-x('156') +
10918  x('179')) * x('56') * x('79') +
10919  power(x('56'), 2) +
10920  power(x('79'), 2) =l= 1;
10921  con1466..(-2) * cos(-x('156') +
10922  x('178')) * x('56') * x('78') +
10923  power(x('56'), 2) +
10924  power(x('78'), 2) =l= 1;
10925  con1467..(-2) * cos(-x('156') +
10926  x('177')) * x('56') * x('77') +
10927  power(x('56'), 2) +
10928  power(x('77'), 2) =l= 1;
10929  con1468..(-2) * cos(-x('105') +
10930  x('114')) * x('5') * x('14') +
10931  power(x('5'), 2) +
10932  power(x('14'), 2) =l= 1;
10933  con1469..(-2) * cos(-x('156') +
10934  x('176')) * x('56') * x('76') +
10935  power(x('56'), 2) +
10936  power(x('76'), 2) =l= 1;
10937  con1470..(-2) * cos(-x('156') +
10938  x('175')) * x('56') * x('75') +
10939  power(x('56'), 2) +
10940  power(x('75'), 2) =l= 1;
10941  con1471..(-2) * cos(-x('105') +
10942  x('115')) * x('5') * x('15') +
10943  power(x('5'), 2) +
10944  power(x('15'), 2) =l= 1;
10945  con1472..(-2) * cos(-x('156') +
10946  x('174')) * x('56') * x('74') +
10947  power(x('56'), 2) +
10948  power(x('74'), 2) =l= 1;
10949  con1473..(-2) * cos(-x('156') +
10950  x('173')) * x('56') * x('73') +
10951  power(x('56'), 2) +
10952  power(x('73'), 2) =l= 1;
10953  con1474..(-2) * cos(-x('105') +
10954  x('116')) * x('5') * x('16') +
10955  power(x('5'), 2) +
10956  power(x('16'), 2) =l= 1;
10957  con1475..(-2) * cos(-x('156') +
10958  x('172')) * x('56') * x('72') +
10959  power(x('56'), 2) +
10960  power(x('72'), 2) =l= 1;
10961  con1476..(-2) * cos(-x('156') +
10962  x('171')) * x('56') * x('71') +
10963  power(x('56'), 2) +
10964  power(x('71'), 2) =l= 1;
10965  con1477..(-2) * cos(-x('105') +
10966  x('117')) * x('5') * x('17') +
10967  power(x('5'), 2) +
10968  power(x('17'), 2) =l= 1;
10969  con1478..(-2) * cos(-x('156') +
10970  x('170')) * x('56') * x('70') +
10971  power(x('56'), 2) +
10972  power(x('70'), 2) =l= 1;
10973  con1479..(-2) * cos(-x('156') +
10974  x('169')) * x('56') * x('69') +
10975  power(x('56'), 2) +
10976  power(x('69'), 2) =l= 1;
10977  con1480..(-2) * cos(-x('156') +
10978  x('168')) * x('56') * x('68') +
10979  power(x('56'), 2) +
10980  power(x('68'), 2) =l= 1;
10981  con1481..(-2) * cos(-x('105') +
10982  x('118')) * x('5') * x('18') +
10983  power(x('5'), 2) +
10984  power(x('18'), 2) =l= 1;
10985  con1482..(-2) * cos(-x('156') +
10986  x('167')) * x('56') * x('67') +
10987  power(x('56'), 2) +
10988  power(x('67'), 2) =l= 1;
10989  con1483..(-2) * cos(-x('156') +
10990  x('166')) * x('56') * x('66') +
10991  power(x('56'), 2) +
10992  power(x('66'), 2) =l= 1;
10993  con1484..(-2) * cos(-x('105') +
10994  x('119')) * x('5') * x('19') +
10995  power(x('5'), 2) +
10996  power(x('19'), 2) =l= 1;
10997  con1485..(-2) * cos(-x('156') +
10998  x('165')) * x('56') * x('65') +
10999  power(x('56'), 2) +
11000  power(x('65'), 2) =l= 1;
11001  con1486..(-2) * cos(-x('156') +
11002  x('164')) * x('56') * x('64') +
11003  power(x('56'), 2) +
11004  power(x('64'), 2) =l= 1;
11005  con1487..(-2) * cos(-x('105') +
11006  x('120')) * x('5') * x('20') +
11007  power(x('5'), 2) +
11008  power(x('20'), 2) =l= 1;
11009  con1488..(-2) * cos(-x('156') +
11010  x('163')) * x('56') * x('63') +
11011  power(x('56'), 2) +
11012  power(x('63'), 2) =l= 1;
11013  con1489..(-2) * cos(-x('156') +
11014  x('162')) * x('56') * x('62') +
11015  power(x('56'), 2) +
11016  power(x('62'), 2) =l= 1;
11017  con1490..(-2) * cos(-x('105') +
11018  x('121')) * x('5') * x('21') +
11019  power(x('5'), 2) +
11020  power(x('21'), 2) =l= 1;
11021  con1491..(-2) * cos(-x('156') +
11022  x('161')) * x('56') * x('61') +
11023  power(x('56'), 2) +
11024  power(x('61'), 2) =l= 1;
11025  con1492..(-2) * cos(-x('156') +
11026  x('160')) * x('56') * x('60') +
11027  power(x('56'), 2) +
11028  power(x('60'), 2) =l= 1;
11029  con1493..(-2) * cos(-x('156') +
11030  x('159')) * x('56') * x('59') +
11031  power(x('56'), 2) +
11032  power(x('59'), 2) =l= 1;
11033  con1494..(-2) * cos(-x('105') +
11034  x('122')) * x('5') * x('22') +
11035  power(x('5'), 2) +
11036  power(x('22'), 2) =l= 1;
11037  con1495..(-2) * cos(-x('156') +
11038  x('158')) * x('56') * x('58') +
11039  power(x('56'), 2) +
11040  power(x('58'), 2) =l= 1;
11041  con1496..(-2) * cos(-x('156') +
11042  x('157')) * x('56') * x('57') +
11043  power(x('56'), 2) +
11044  power(x('57'), 2) =l= 1;
11045  con1497..(-2) * cos(-x('105') +
11046  x('123')) * x('5') * x('23') +
11047  power(x('5'), 2) +
11048  power(x('23'), 2) =l= 1;
11049  con1498..(-2) * cos(-x('155') +
11050  x('200')) * x('55') * x('100') +
11051  power(x('55'), 2) +
11052  power(x('100'), 2) =l= 1;
11053  con1499..(-2) * cos(-x('155') +
11054  x('199')) * x('55') * x('99') +
11055  power(x('55'), 2) +
11056  power(x('99'), 2) =l= 1;
11057  con1500..(-2) * cos(-x('105') +
11058  x('124')) * x('5') * x('24') +
11059  power(x('5'), 2) +
11060  power(x('24'), 2) =l= 1;
11061  con1501..(-2) * cos(-x('155') +
11062  x('198')) * x('55') * x('98') +
11063  power(x('55'), 2) +
11064  power(x('98'), 2) =l= 1;
11065  con1502..(-2) * cos(-x('155') +
11066  x('197')) * x('55') * x('97') +
11067  power(x('55'), 2) +
11068  power(x('97'), 2) =l= 1;
11069  con1503..(-2) * cos(-x('105') +
11070  x('125')) * x('5') * x('25') +
11071  power(x('5'), 2) +
11072  power(x('25'), 2) =l= 1;
11073  con1504..(-2) * cos(-x('155') +
11074  x('196')) * x('55') * x('96') +
11075  power(x('55'), 2) +
11076  power(x('96'), 2) =l= 1;
11077  con1505..(-2) * cos(-x('155') +
11078  x('195')) * x('55') * x('95') +
11079  power(x('55'), 2) +
11080  power(x('95'), 2) =l= 1;
11081  con1506..(-2) * cos(-x('155') +
11082  x('194')) * x('55') * x('94') +
11083  power(x('55'), 2) +
11084  power(x('94'), 2) =l= 1;
11085  con1507..(-2) * cos(-x('105') +
11086  x('126')) * x('5') * x('26') +
11087  power(x('5'), 2) +
11088  power(x('26'), 2) =l= 1;
11089  con1508..(-2) * cos(-x('155') +
11090  x('193')) * x('55') * x('93') +
11091  power(x('55'), 2) +
11092  power(x('93'), 2) =l= 1;
11093  con1509..(-2) * cos(-x('155') +
11094  x('192')) * x('55') * x('92') +
11095  power(x('55'), 2) +
11096  power(x('92'), 2) =l= 1;
11097  con1510..(-2) * cos(-x('105') +
11098  x('127')) * x('5') * x('27') +
11099  power(x('5'), 2) +
11100  power(x('27'), 2) =l= 1;
11101  con1511..(-2) * cos(-x('155') +
11102  x('191')) * x('55') * x('91') +
11103  power(x('55'), 2) +
11104  power(x('91'), 2) =l= 1;
11105  con1512..(-2) * cos(-x('155') +
11106  x('190')) * x('55') * x('90') +
11107  power(x('55'), 2) +
11108  power(x('90'), 2) =l= 1;
11109  con1513..(-2) * cos(-x('105') +
11110  x('128')) * x('5') * x('28') +
11111  power(x('5'), 2) +
11112  power(x('28'), 2) =l= 1;
11113  con1514..(-2) * cos(-x('155') +
11114  x('189')) * x('55') * x('89') +
11115  power(x('55'), 2) +
11116  power(x('89'), 2) =l= 1;
11117  con1515..(-2) * cos(-x('155') +
11118  x('188')) * x('55') * x('88') +
11119  power(x('55'), 2) +
11120  power(x('88'), 2) =l= 1;
11121  con1516..(-2) * cos(-x('105') +
11122  x('129')) * x('5') * x('29') +
11123  power(x('5'), 2) +
11124  power(x('29'), 2) =l= 1;
11125  con1517..(-2) * cos(-x('155') +
11126  x('187')) * x('55') * x('87') +
11127  power(x('55'), 2) +
11128  power(x('87'), 2) =l= 1;
11129  con1518..(-2) * cos(-x('155') +
11130  x('186')) * x('55') * x('86') +
11131  power(x('55'), 2) +
11132  power(x('86'), 2) =l= 1;
11133  con1519..(-2) * cos(-x('155') +
11134  x('185')) * x('55') * x('85') +
11135  power(x('55'), 2) +
11136  power(x('85'), 2) =l= 1;
11137  con1520..(-2) * cos(-x('105') +
11138  x('130')) * x('5') * x('30') +
11139  power(x('5'), 2) +
11140  power(x('30'), 2) =l= 1;
11141  con1521..(-2) * cos(-x('155') +
11142  x('184')) * x('55') * x('84') +
11143  power(x('55'), 2) +
11144  power(x('84'), 2) =l= 1;
11145  con1522..(-2) * cos(-x('155') +
11146  x('183')) * x('55') * x('83') +
11147  power(x('55'), 2) +
11148  power(x('83'), 2) =l= 1;
11149  con1523..(-2) * cos(-x('105') +
11150  x('131')) * x('5') * x('31') +
11151  power(x('5'), 2) +
11152  power(x('31'), 2) =l= 1;
11153  con1524..(-2) * cos(-x('155') +
11154  x('182')) * x('55') * x('82') +
11155  power(x('55'), 2) +
11156  power(x('82'), 2) =l= 1;
11157  con1525..(-2) * cos(-x('155') +
11158  x('181')) * x('55') * x('81') +
11159  power(x('55'), 2) +
11160  power(x('81'), 2) =l= 1;
11161  con1526..(-2) * cos(-x('105') +
11162  x('132')) * x('5') * x('32') +
11163  power(x('5'), 2) +
11164  power(x('32'), 2) =l= 1;
11165  con1527..(-2) * cos(-x('155') +
11166  x('180')) * x('55') * x('80') +
11167  power(x('55'), 2) +
11168  power(x('80'), 2) =l= 1;
11169  con1528..(-2) * cos(-x('155') +
11170  x('179')) * x('55') * x('79') +
11171  power(x('55'), 2) +
11172  power(x('79'), 2) =l= 1;
11173  con1529..(-2) * cos(-x('105') +
11174  x('133')) * x('5') * x('33') +
11175  power(x('5'), 2) +
11176  power(x('33'), 2) =l= 1;
11177  con1530..(-2) * cos(-x('155') +
11178  x('178')) * x('55') * x('78') +
11179  power(x('55'), 2) +
11180  power(x('78'), 2) =l= 1;
11181  con1531..(-2) * cos(-x('155') +
11182  x('177')) * x('55') * x('77') +
11183  power(x('55'), 2) +
11184  power(x('77'), 2) =l= 1;
11185  con1532..(-2) * cos(-x('155') +
11186  x('176')) * x('55') * x('76') +
11187  power(x('55'), 2) +
11188  power(x('76'), 2) =l= 1;
11189  con1533..(-2) * cos(-x('105') +
11190  x('134')) * x('5') * x('34') +
11191  power(x('5'), 2) +
11192  power(x('34'), 2) =l= 1;
11193  con1534..(-2) * cos(-x('155') +
11194  x('175')) * x('55') * x('75') +
11195  power(x('55'), 2) +
11196  power(x('75'), 2) =l= 1;
11197  con1535..(-2) * cos(-x('155') +
11198  x('174')) * x('55') * x('74') +
11199  power(x('55'), 2) +
11200  power(x('74'), 2) =l= 1;
11201  con1536..(-2) * cos(-x('105') +
11202  x('135')) * x('5') * x('35') +
11203  power(x('5'), 2) +
11204  power(x('35'), 2) =l= 1;
11205  con1537..(-2) * cos(-x('155') +
11206  x('173')) * x('55') * x('73') +
11207  power(x('55'), 2) +
11208  power(x('73'), 2) =l= 1;
11209  con1538..(-2) * cos(-x('155') +
11210  x('172')) * x('55') * x('72') +
11211  power(x('55'), 2) +
11212  power(x('72'), 2) =l= 1;
11213  con1539..(-2) * cos(-x('105') +
11214  x('136')) * x('5') * x('36') +
11215  power(x('5'), 2) +
11216  power(x('36'), 2) =l= 1;
11217  con1540..(-2) * cos(-x('155') +
11218  x('171')) * x('55') * x('71') +
11219  power(x('55'), 2) +
11220  power(x('71'), 2) =l= 1;
11221  con1541..(-2) * cos(-x('155') +
11222  x('170')) * x('55') * x('70') +
11223  power(x('55'), 2) +
11224  power(x('70'), 2) =l= 1;
11225  con1542..(-2) * cos(-x('105') +
11226  x('137')) * x('5') * x('37') +
11227  power(x('5'), 2) +
11228  power(x('37'), 2) =l= 1;
11229  con1543..(-2) * cos(-x('155') +
11230  x('169')) * x('55') * x('69') +
11231  power(x('55'), 2) +
11232  power(x('69'), 2) =l= 1;
11233  con1544..(-2) * cos(-x('155') +
11234  x('168')) * x('55') * x('68') +
11235  power(x('55'), 2) +
11236  power(x('68'), 2) =l= 1;
11237  con1545..(-2) * cos(-x('155') +
11238  x('167')) * x('55') * x('67') +
11239  power(x('55'), 2) +
11240  power(x('67'), 2) =l= 1;
11241  con1546..(-2) * cos(-x('105') +
11242  x('138')) * x('5') * x('38') +
11243  power(x('5'), 2) +
11244  power(x('38'), 2) =l= 1;
11245  con1547..(-2) * cos(-x('155') +
11246  x('166')) * x('55') * x('66') +
11247  power(x('55'), 2) +
11248  power(x('66'), 2) =l= 1;
11249  con1548..(-2) * cos(-x('155') +
11250  x('165')) * x('55') * x('65') +
11251  power(x('55'), 2) +
11252  power(x('65'), 2) =l= 1;
11253  con1549..(-2) * cos(-x('105') +
11254  x('139')) * x('5') * x('39') +
11255  power(x('5'), 2) +
11256  power(x('39'), 2) =l= 1;
11257  con1550..(-2) * cos(-x('155') +
11258  x('164')) * x('55') * x('64') +
11259  power(x('55'), 2) +
11260  power(x('64'), 2) =l= 1;
11261  con1551..(-2) * cos(-x('155') +
11262  x('163')) * x('55') * x('63') +
11263  power(x('55'), 2) +
11264  power(x('63'), 2) =l= 1;
11265  con1552..(-2) * cos(-x('105') +
11266  x('140')) * x('5') * x('40') +
11267  power(x('5'), 2) +
11268  power(x('40'), 2) =l= 1;
11269  con1553..(-2) * cos(-x('155') +
11270  x('162')) * x('55') * x('62') +
11271  power(x('55'), 2) +
11272  power(x('62'), 2) =l= 1;
11273  con1554..(-2) * cos(-x('155') +
11274  x('161')) * x('55') * x('61') +
11275  power(x('55'), 2) +
11276  power(x('61'), 2) =l= 1;
11277  con1555..(-2) * cos(-x('105') +
11278  x('141')) * x('5') * x('41') +
11279  power(x('5'), 2) +
11280  power(x('41'), 2) =l= 1;
11281  con1556..(-2) * cos(-x('155') +
11282  x('160')) * x('55') * x('60') +
11283  power(x('55'), 2) +
11284  power(x('60'), 2) =l= 1;
11285  con1557..(-2) * cos(-x('155') +
11286  x('159')) * x('55') * x('59') +
11287  power(x('55'), 2) +
11288  power(x('59'), 2) =l= 1;
11289  con1558..(-2) * cos(-x('155') +
11290  x('158')) * x('55') * x('58') +
11291  power(x('55'), 2) +
11292  power(x('58'), 2) =l= 1;
11293  con1559..(-2) * cos(-x('105') +
11294  x('142')) * x('5') * x('42') +
11295  power(x('5'), 2) +
11296  power(x('42'), 2) =l= 1;
11297  con1560..(-2) * cos(-x('155') +
11298  x('157')) * x('55') * x('57') +
11299  power(x('55'), 2) +
11300  power(x('57'), 2) =l= 1;
11301  con1561..(-2) * cos(-x('155') +
11302  x('156')) * x('55') * x('56') +
11303  power(x('55'), 2) +
11304  power(x('56'), 2) =l= 1;
11305  con1562..(-2) * cos(-x('105') +
11306  x('143')) * x('5') * x('43') +
11307  power(x('5'), 2) +
11308  power(x('43'), 2) =l= 1;
11309  con1563..(-2) * cos(-x('154') +
11310  x('200')) * x('54') * x('100') +
11311  power(x('54'), 2) +
11312  power(x('100'), 2) =l= 1;
11313  con1564..(-2) * cos(-x('154') +
11314  x('199')) * x('54') * x('99') +
11315  power(x('54'), 2) +
11316  power(x('99'), 2) =l= 1;
11317  con1565..(-2) * cos(-x('105') +
11318  x('144')) * x('5') * x('44') +
11319  power(x('5'), 2) +
11320  power(x('44'), 2) =l= 1;
11321  con1566..(-2) * cos(-x('154') +
11322  x('198')) * x('54') * x('98') +
11323  power(x('54'), 2) +
11324  power(x('98'), 2) =l= 1;
11325  con1567..(-2) * cos(-x('154') +
11326  x('197')) * x('54') * x('97') +
11327  power(x('54'), 2) +
11328  power(x('97'), 2) =l= 1;
11329  con1568..(-2) * cos(-x('105') +
11330  x('145')) * x('5') * x('45') +
11331  power(x('5'), 2) +
11332  power(x('45'), 2) =l= 1;
11333  con1569..(-2) * cos(-x('154') +
11334  x('196')) * x('54') * x('96') +
11335  power(x('54'), 2) +
11336  power(x('96'), 2) =l= 1;
11337  con1570..(-2) * cos(-x('154') +
11338  x('195')) * x('54') * x('95') +
11339  power(x('54'), 2) +
11340  power(x('95'), 2) =l= 1;
11341  con1571..(-2) * cos(-x('154') +
11342  x('194')) * x('54') * x('94') +
11343  power(x('54'), 2) +
11344  power(x('94'), 2) =l= 1;
11345  con1572..(-2) * cos(-x('105') +
11346  x('146')) * x('5') * x('46') +
11347  power(x('5'), 2) +
11348  power(x('46'), 2) =l= 1;
11349  con1573..(-2) * cos(-x('154') +
11350  x('193')) * x('54') * x('93') +
11351  power(x('54'), 2) +
11352  power(x('93'), 2) =l= 1;
11353  con1574..(-2) * cos(-x('154') +
11354  x('192')) * x('54') * x('92') +
11355  power(x('54'), 2) +
11356  power(x('92'), 2) =l= 1;
11357  con1575..(-2) * cos(-x('105') +
11358  x('147')) * x('5') * x('47') +
11359  power(x('5'), 2) +
11360  power(x('47'), 2) =l= 1;
11361  con1576..(-2) * cos(-x('154') +
11362  x('191')) * x('54') * x('91') +
11363  power(x('54'), 2) +
11364  power(x('91'), 2) =l= 1;
11365  con1577..(-2) * cos(-x('154') +
11366  x('190')) * x('54') * x('90') +
11367  power(x('54'), 2) +
11368  power(x('90'), 2) =l= 1;
11369  con1578..(-2) * cos(-x('105') +
11370  x('148')) * x('5') * x('48') +
11371  power(x('5'), 2) +
11372  power(x('48'), 2) =l= 1;
11373  con1579..(-2) * cos(-x('154') +
11374  x('189')) * x('54') * x('89') +
11375  power(x('54'), 2) +
11376  power(x('89'), 2) =l= 1;
11377  con1580..(-2) * cos(-x('154') +
11378  x('188')) * x('54') * x('88') +
11379  power(x('54'), 2) +
11380  power(x('88'), 2) =l= 1;
11381  con1581..(-2) * cos(-x('105') +
11382  x('149')) * x('5') * x('49') +
11383  power(x('5'), 2) +
11384  power(x('49'), 2) =l= 1;
11385  con1582..(-2) * cos(-x('154') +
11386  x('187')) * x('54') * x('87') +
11387  power(x('54'), 2) +
11388  power(x('87'), 2) =l= 1;
11389  con1583..(-2) * cos(-x('154') +
11390  x('186')) * x('54') * x('86') +
11391  power(x('54'), 2) +
11392  power(x('86'), 2) =l= 1;
11393  con1584..(-2) * cos(-x('154') +
11394  x('185')) * x('54') * x('85') +
11395  power(x('54'), 2) +
11396  power(x('85'), 2) =l= 1;
11397  con1585..(-2) * cos(-x('105') +
11398  x('150')) * x('5') * x('50') +
11399  power(x('5'), 2) +
11400  power(x('50'), 2) =l= 1;
11401  con1586..(-2) * cos(-x('154') +
11402  x('184')) * x('54') * x('84') +
11403  power(x('54'), 2) +
11404  power(x('84'), 2) =l= 1;
11405  con1587..(-2) * cos(-x('154') +
11406  x('183')) * x('54') * x('83') +
11407  power(x('54'), 2) +
11408  power(x('83'), 2) =l= 1;
11409  con1588..(-2) * cos(-x('105') +
11410  x('151')) * x('5') * x('51') +
11411  power(x('5'), 2) +
11412  power(x('51'), 2) =l= 1;
11413  con1589..(-2) * cos(-x('154') +
11414  x('182')) * x('54') * x('82') +
11415  power(x('54'), 2) +
11416  power(x('82'), 2) =l= 1;
11417  con1590..(-2) * cos(-x('154') +
11418  x('181')) * x('54') * x('81') +
11419  power(x('54'), 2) +
11420  power(x('81'), 2) =l= 1;
11421  con1591..(-2) * cos(-x('105') +
11422  x('152')) * x('5') * x('52') +
11423  power(x('5'), 2) +
11424  power(x('52'), 2) =l= 1;
11425  con1592..(-2) * cos(-x('154') +
11426  x('180')) * x('54') * x('80') +
11427  power(x('54'), 2) +
11428  power(x('80'), 2) =l= 1;
11429  con1593..(-2) * cos(-x('154') +
11430  x('179')) * x('54') * x('79') +
11431  power(x('54'), 2) +
11432  power(x('79'), 2) =l= 1;
11433  con1594..(-2) * cos(-x('105') +
11434  x('153')) * x('5') * x('53') +
11435  power(x('5'), 2) +
11436  power(x('53'), 2) =l= 1;
11437  con1595..(-2) * cos(-x('154') +
11438  x('178')) * x('54') * x('78') +
11439  power(x('54'), 2) +
11440  power(x('78'), 2) =l= 1;
11441  con1596..(-2) * cos(-x('154') +
11442  x('177')) * x('54') * x('77') +
11443  power(x('54'), 2) +
11444  power(x('77'), 2) =l= 1;
11445  con1597..(-2) * cos(-x('154') +
11446  x('176')) * x('54') * x('76') +
11447  power(x('54'), 2) +
11448  power(x('76'), 2) =l= 1;
11449  con1598..(-2) * cos(-x('105') +
11450  x('154')) * x('5') * x('54') +
11451  power(x('5'), 2) +
11452  power(x('54'), 2) =l= 1;
11453  con1599..(-2) * cos(-x('154') +
11454  x('175')) * x('54') * x('75') +
11455  power(x('54'), 2) +
11456  power(x('75'), 2) =l= 1;
11457  con1600..(-2) * cos(-x('154') +
11458  x('174')) * x('54') * x('74') +
11459  power(x('54'), 2) +
11460  power(x('74'), 2) =l= 1;
11461  con1601..(-2) * cos(-x('105') +
11462  x('155')) * x('5') * x('55') +
11463  power(x('5'), 2) +
11464  power(x('55'), 2) =l= 1;
11465  con1602..(-2) * cos(-x('154') +
11466  x('173')) * x('54') * x('73') +
11467  power(x('54'), 2) +
11468  power(x('73'), 2) =l= 1;
11469  con1603..(-2) * cos(-x('154') +
11470  x('172')) * x('54') * x('72') +
11471  power(x('54'), 2) +
11472  power(x('72'), 2) =l= 1;
11473  con1604..(-2) * cos(-x('105') +
11474  x('156')) * x('5') * x('56') +
11475  power(x('5'), 2) +
11476  power(x('56'), 2) =l= 1;
11477  con1605..(-2) * cos(-x('154') +
11478  x('171')) * x('54') * x('71') +
11479  power(x('54'), 2) +
11480  power(x('71'), 2) =l= 1;
11481  con1606..(-2) * cos(-x('154') +
11482  x('170')) * x('54') * x('70') +
11483  power(x('54'), 2) +
11484  power(x('70'), 2) =l= 1;
11485  con1607..(-2) * cos(-x('105') +
11486  x('157')) * x('5') * x('57') +
11487  power(x('5'), 2) +
11488  power(x('57'), 2) =l= 1;
11489  con1608..(-2) * cos(-x('154') +
11490  x('169')) * x('54') * x('69') +
11491  power(x('54'), 2) +
11492  power(x('69'), 2) =l= 1;
11493  con1609..(-2) * cos(-x('154') +
11494  x('168')) * x('54') * x('68') +
11495  power(x('54'), 2) +
11496  power(x('68'), 2) =l= 1;
11497  con1610..(-2) * cos(-x('154') +
11498  x('167')) * x('54') * x('67') +
11499  power(x('54'), 2) +
11500  power(x('67'), 2) =l= 1;
11501  con1611..(-2) * cos(-x('105') +
11502  x('158')) * x('5') * x('58') +
11503  power(x('5'), 2) +
11504  power(x('58'), 2) =l= 1;
11505  con1612..(-2) * cos(-x('154') +
11506  x('166')) * x('54') * x('66') +
11507  power(x('54'), 2) +
11508  power(x('66'), 2) =l= 1;
11509  con1613..(-2) * cos(-x('154') +
11510  x('165')) * x('54') * x('65') +
11511  power(x('54'), 2) +
11512  power(x('65'), 2) =l= 1;
11513  con1614..(-2) * cos(-x('105') +
11514  x('159')) * x('5') * x('59') +
11515  power(x('5'), 2) +
11516  power(x('59'), 2) =l= 1;
11517  con1615..(-2) * cos(-x('154') +
11518  x('164')) * x('54') * x('64') +
11519  power(x('54'), 2) +
11520  power(x('64'), 2) =l= 1;
11521  con1616..(-2) * cos(-x('154') +
11522  x('163')) * x('54') * x('63') +
11523  power(x('54'), 2) +
11524  power(x('63'), 2) =l= 1;
11525  con1617..(-2) * cos(-x('105') +
11526  x('160')) * x('5') * x('60') +
11527  power(x('5'), 2) +
11528  power(x('60'), 2) =l= 1;
11529  con1618..(-2) * cos(-x('154') +
11530  x('162')) * x('54') * x('62') +
11531  power(x('54'), 2) +
11532  power(x('62'), 2) =l= 1;
11533  con1619..(-2) * cos(-x('154') +
11534  x('161')) * x('54') * x('61') +
11535  power(x('54'), 2) +
11536  power(x('61'), 2) =l= 1;
11537  con1620..(-2) * cos(-x('105') +
11538  x('161')) * x('5') * x('61') +
11539  power(x('5'), 2) +
11540  power(x('61'), 2) =l= 1;
11541  con1621..(-2) * cos(-x('154') +
11542  x('160')) * x('54') * x('60') +
11543  power(x('54'), 2) +
11544  power(x('60'), 2) =l= 1;
11545  con1622..(-2) * cos(-x('154') +
11546  x('159')) * x('54') * x('59') +
11547  power(x('54'), 2) +
11548  power(x('59'), 2) =l= 1;
11549  con1623..(-2) * cos(-x('154') +
11550  x('158')) * x('54') * x('58') +
11551  power(x('54'), 2) +
11552  power(x('58'), 2) =l= 1;
11553  con1624..(-2) * cos(-x('105') +
11554  x('162')) * x('5') * x('62') +
11555  power(x('5'), 2) +
11556  power(x('62'), 2) =l= 1;
11557  con1625..(-2) * cos(-x('154') +
11558  x('157')) * x('54') * x('57') +
11559  power(x('54'), 2) +
11560  power(x('57'), 2) =l= 1;
11561  con1626..(-2) * cos(-x('154') +
11562  x('156')) * x('54') * x('56') +
11563  power(x('54'), 2) +
11564  power(x('56'), 2) =l= 1;
11565  con1627..(-2) * cos(-x('105') +
11566  x('163')) * x('5') * x('63') +
11567  power(x('5'), 2) +
11568  power(x('63'), 2) =l= 1;
11569  con1628..(-2) * cos(-x('154') +
11570  x('155')) * x('54') * x('55') +
11571  power(x('54'), 2) +
11572  power(x('55'), 2) =l= 1;
11573  con1629..(-2) * cos(-x('153') +
11574  x('200')) * x('53') * x('100') +
11575  power(x('53'), 2) +
11576  power(x('100'), 2) =l= 1;
11577  con1630..(-2) * cos(-x('105') +
11578  x('164')) * x('5') * x('64') +
11579  power(x('5'), 2) +
11580  power(x('64'), 2) =l= 1;
11581  con1631..(-2) * cos(-x('153') +
11582  x('199')) * x('53') * x('99') +
11583  power(x('53'), 2) +
11584  power(x('99'), 2) =l= 1;
11585  con1632..(-2) * cos(-x('153') +
11586  x('198')) * x('53') * x('98') +
11587  power(x('53'), 2) +
11588  power(x('98'), 2) =l= 1;
11589  con1633..(-2) * cos(-x('105') +
11590  x('165')) * x('5') * x('65') +
11591  power(x('5'), 2) +
11592  power(x('65'), 2) =l= 1;
11593  con1634..(-2) * cos(-x('153') +
11594  x('197')) * x('53') * x('97') +
11595  power(x('53'), 2) +
11596  power(x('97'), 2) =l= 1;
11597  con1635..(-2) * cos(-x('153') +
11598  x('196')) * x('53') * x('96') +
11599  power(x('53'), 2) +
11600  power(x('96'), 2) =l= 1;
11601  con1636..(-2) * cos(-x('153') +
11602  x('195')) * x('53') * x('95') +
11603  power(x('53'), 2) +
11604  power(x('95'), 2) =l= 1;
11605  con1637..(-2) * cos(-x('105') +
11606  x('166')) * x('5') * x('66') +
11607  power(x('5'), 2) +
11608  power(x('66'), 2) =l= 1;
11609  con1638..(-2) * cos(-x('153') +
11610  x('194')) * x('53') * x('94') +
11611  power(x('53'), 2) +
11612  power(x('94'), 2) =l= 1;
11613  con1639..(-2) * cos(-x('153') +
11614  x('193')) * x('53') * x('93') +
11615  power(x('53'), 2) +
11616  power(x('93'), 2) =l= 1;
11617  con1640..(-2) * cos(-x('105') +
11618  x('167')) * x('5') * x('67') +
11619  power(x('5'), 2) +
11620  power(x('67'), 2) =l= 1;
11621  con1641..(-2) * cos(-x('153') +
11622  x('192')) * x('53') * x('92') +
11623  power(x('53'), 2) +
11624  power(x('92'), 2) =l= 1;
11625  con1642..(-2) * cos(-x('153') +
11626  x('191')) * x('53') * x('91') +
11627  power(x('53'), 2) +
11628  power(x('91'), 2) =l= 1;
11629  con1643..(-2) * cos(-x('105') +
11630  x('168')) * x('5') * x('68') +
11631  power(x('5'), 2) +
11632  power(x('68'), 2) =l= 1;
11633  con1644..(-2) * cos(-x('153') +
11634  x('190')) * x('53') * x('90') +
11635  power(x('53'), 2) +
11636  power(x('90'), 2) =l= 1;
11637  con1645..(-2) * cos(-x('153') +
11638  x('189')) * x('53') * x('89') +
11639  power(x('53'), 2) +
11640  power(x('89'), 2) =l= 1;
11641  con1646..(-2) * cos(-x('105') +
11642  x('169')) * x('5') * x('69') +
11643  power(x('5'), 2) +
11644  power(x('69'), 2) =l= 1;
11645  con1647..(-2) * cos(-x('153') +
11646  x('188')) * x('53') * x('88') +
11647  power(x('53'), 2) +
11648  power(x('88'), 2) =l= 1;
11649  con1648..(-2) * cos(-x('153') +
11650  x('187')) * x('53') * x('87') +
11651  power(x('53'), 2) +
11652  power(x('87'), 2) =l= 1;
11653  con1649..(-2) * cos(-x('153') +
11654  x('186')) * x('53') * x('86') +
11655  power(x('53'), 2) +
11656  power(x('86'), 2) =l= 1;
11657  con1650..(-2) * cos(-x('105') +
11658  x('170')) * x('5') * x('70') +
11659  power(x('5'), 2) +
11660  power(x('70'), 2) =l= 1;
11661  con1651..(-2) * cos(-x('153') +
11662  x('185')) * x('53') * x('85') +
11663  power(x('53'), 2) +
11664  power(x('85'), 2) =l= 1;
11665  con1652..(-2) * cos(-x('153') +
11666  x('184')) * x('53') * x('84') +
11667  power(x('53'), 2) +
11668  power(x('84'), 2) =l= 1;
11669  con1653..(-2) * cos(-x('105') +
11670  x('171')) * x('5') * x('71') +
11671  power(x('5'), 2) +
11672  power(x('71'), 2) =l= 1;
11673  con1654..(-2) * cos(-x('153') +
11674  x('183')) * x('53') * x('83') +
11675  power(x('53'), 2) +
11676  power(x('83'), 2) =l= 1;
11677  con1655..(-2) * cos(-x('153') +
11678  x('182')) * x('53') * x('82') +
11679  power(x('53'), 2) +
11680  power(x('82'), 2) =l= 1;
11681  con1656..(-2) * cos(-x('105') +
11682  x('172')) * x('5') * x('72') +
11683  power(x('5'), 2) +
11684  power(x('72'), 2) =l= 1;
11685  con1657..(-2) * cos(-x('153') +
11686  x('181')) * x('53') * x('81') +
11687  power(x('53'), 2) +
11688  power(x('81'), 2) =l= 1;
11689  con1658..(-2) * cos(-x('153') +
11690  x('180')) * x('53') * x('80') +
11691  power(x('53'), 2) +
11692  power(x('80'), 2) =l= 1;
11693  con1659..(-2) * cos(-x('105') +
11694  x('173')) * x('5') * x('73') +
11695  power(x('5'), 2) +
11696  power(x('73'), 2) =l= 1;
11697  con1660..(-2) * cos(-x('153') +
11698  x('179')) * x('53') * x('79') +
11699  power(x('53'), 2) +
11700  power(x('79'), 2) =l= 1;
11701  con1661..(-2) * cos(-x('153') +
11702  x('178')) * x('53') * x('78') +
11703  power(x('53'), 2) +
11704  power(x('78'), 2) =l= 1;
11705  con1662..(-2) * cos(-x('153') +
11706  x('177')) * x('53') * x('77') +
11707  power(x('53'), 2) +
11708  power(x('77'), 2) =l= 1;
11709  con1663..(-2) * cos(-x('105') +
11710  x('174')) * x('5') * x('74') +
11711  power(x('5'), 2) +
11712  power(x('74'), 2) =l= 1;
11713  con1664..(-2) * cos(-x('153') +
11714  x('176')) * x('53') * x('76') +
11715  power(x('53'), 2) +
11716  power(x('76'), 2) =l= 1;
11717  con1665..(-2) * cos(-x('153') +
11718  x('175')) * x('53') * x('75') +
11719  power(x('53'), 2) +
11720  power(x('75'), 2) =l= 1;
11721  con1666..(-2) * cos(-x('105') +
11722  x('175')) * x('5') * x('75') +
11723  power(x('5'), 2) +
11724  power(x('75'), 2) =l= 1;
11725  con1667..(-2) * cos(-x('153') +
11726  x('174')) * x('53') * x('74') +
11727  power(x('53'), 2) +
11728  power(x('74'), 2) =l= 1;
11729  con1668..(-2) * cos(-x('153') +
11730  x('173')) * x('53') * x('73') +
11731  power(x('53'), 2) +
11732  power(x('73'), 2) =l= 1;
11733  con1669..(-2) * cos(-x('105') +
11734  x('176')) * x('5') * x('76') +
11735  power(x('5'), 2) +
11736  power(x('76'), 2) =l= 1;
11737  con1670..(-2) * cos(-x('153') +
11738  x('172')) * x('53') * x('72') +
11739  power(x('53'), 2) +
11740  power(x('72'), 2) =l= 1;
11741  con1671..(-2) * cos(-x('153') +
11742  x('171')) * x('53') * x('71') +
11743  power(x('53'), 2) +
11744  power(x('71'), 2) =l= 1;
11745  con1672..(-2) * cos(-x('105') +
11746  x('177')) * x('5') * x('77') +
11747  power(x('5'), 2) +
11748  power(x('77'), 2) =l= 1;
11749  con1673..(-2) * cos(-x('153') +
11750  x('170')) * x('53') * x('70') +
11751  power(x('53'), 2) +
11752  power(x('70'), 2) =l= 1;
11753  con1674..(-2) * cos(-x('153') +
11754  x('169')) * x('53') * x('69') +
11755  power(x('53'), 2) +
11756  power(x('69'), 2) =l= 1;
11757  con1675..(-2) * cos(-x('153') +
11758  x('168')) * x('53') * x('68') +
11759  power(x('53'), 2) +
11760  power(x('68'), 2) =l= 1;
11761  con1676..(-2) * cos(-x('105') +
11762  x('178')) * x('5') * x('78') +
11763  power(x('5'), 2) +
11764  power(x('78'), 2) =l= 1;
11765  con1677..(-2) * cos(-x('153') +
11766  x('167')) * x('53') * x('67') +
11767  power(x('53'), 2) +
11768  power(x('67'), 2) =l= 1;
11769  con1678..(-2) * cos(-x('153') +
11770  x('166')) * x('53') * x('66') +
11771  power(x('53'), 2) +
11772  power(x('66'), 2) =l= 1;
11773  con1679..(-2) * cos(-x('105') +
11774  x('179')) * x('5') * x('79') +
11775  power(x('5'), 2) +
11776  power(x('79'), 2) =l= 1;
11777  con1680..(-2) * cos(-x('153') +
11778  x('165')) * x('53') * x('65') +
11779  power(x('53'), 2) +
11780  power(x('65'), 2) =l= 1;
11781  con1681..(-2) * cos(-x('153') +
11782  x('164')) * x('53') * x('64') +
11783  power(x('53'), 2) +
11784  power(x('64'), 2) =l= 1;
11785  con1682..(-2) * cos(-x('105') +
11786  x('180')) * x('5') * x('80') +
11787  power(x('5'), 2) +
11788  power(x('80'), 2) =l= 1;
11789  con1683..(-2) * cos(-x('153') +
11790  x('163')) * x('53') * x('63') +
11791  power(x('53'), 2) +
11792  power(x('63'), 2) =l= 1;
11793  con1684..(-2) * cos(-x('153') +
11794  x('162')) * x('53') * x('62') +
11795  power(x('53'), 2) +
11796  power(x('62'), 2) =l= 1;
11797  con1685..(-2) * cos(-x('105') +
11798  x('181')) * x('5') * x('81') +
11799  power(x('5'), 2) +
11800  power(x('81'), 2) =l= 1;
11801  con1686..(-2) * cos(-x('153') +
11802  x('161')) * x('53') * x('61') +
11803  power(x('53'), 2) +
11804  power(x('61'), 2) =l= 1;
11805  con1687..(-2) * cos(-x('153') +
11806  x('160')) * x('53') * x('60') +
11807  power(x('53'), 2) +
11808  power(x('60'), 2) =l= 1;
11809  con1688..(-2) * cos(-x('153') +
11810  x('159')) * x('53') * x('59') +
11811  power(x('53'), 2) +
11812  power(x('59'), 2) =l= 1;
11813  con1689..(-2) * cos(-x('105') +
11814  x('182')) * x('5') * x('82') +
11815  power(x('5'), 2) +
11816  power(x('82'), 2) =l= 1;
11817  con1690..(-2) * cos(-x('153') +
11818  x('158')) * x('53') * x('58') +
11819  power(x('53'), 2) +
11820  power(x('58'), 2) =l= 1;
11821  con1691..(-2) * cos(-x('153') +
11822  x('157')) * x('53') * x('57') +
11823  power(x('53'), 2) +
11824  power(x('57'), 2) =l= 1;
11825  con1692..(-2) * cos(-x('105') +
11826  x('183')) * x('5') * x('83') +
11827  power(x('5'), 2) +
11828  power(x('83'), 2) =l= 1;
11829  con1693..(-2) * cos(-x('153') +
11830  x('156')) * x('53') * x('56') +
11831  power(x('53'), 2) +
11832  power(x('56'), 2) =l= 1;
11833  con1694..(-2) * cos(-x('153') +
11834  x('155')) * x('53') * x('55') +
11835  power(x('53'), 2) +
11836  power(x('55'), 2) =l= 1;
11837  con1695..(-2) * cos(-x('105') +
11838  x('184')) * x('5') * x('84') +
11839  power(x('5'), 2) +
11840  power(x('84'), 2) =l= 1;
11841  con1696..(-2) * cos(-x('153') +
11842  x('154')) * x('53') * x('54') +
11843  power(x('53'), 2) +
11844  power(x('54'), 2) =l= 1;
11845  con1697..(-2) * cos(-x('152') +
11846  x('200')) * x('52') * x('100') +
11847  power(x('52'), 2) +
11848  power(x('100'), 2) =l= 1;
11849  con1698..(-2) * cos(-x('105') +
11850  x('185')) * x('5') * x('85') +
11851  power(x('5'), 2) +
11852  power(x('85'), 2) =l= 1;
11853  con1699..(-2) * cos(-x('152') +
11854  x('199')) * x('52') * x('99') +
11855  power(x('52'), 2) +
11856  power(x('99'), 2) =l= 1;
11857  con1700..(-2) * cos(-x('152') +
11858  x('198')) * x('52') * x('98') +
11859  power(x('52'), 2) +
11860  power(x('98'), 2) =l= 1;
11861  con1701..(-2) * cos(-x('152') +
11862  x('197')) * x('52') * x('97') +
11863  power(x('52'), 2) +
11864  power(x('97'), 2) =l= 1;
11865  con1702..(-2) * cos(-x('105') +
11866  x('186')) * x('5') * x('86') +
11867  power(x('5'), 2) +
11868  power(x('86'), 2) =l= 1;
11869  con1703..(-2) * cos(-x('152') +
11870  x('196')) * x('52') * x('96') +
11871  power(x('52'), 2) +
11872  power(x('96'), 2) =l= 1;
11873  con1704..(-2) * cos(-x('152') +
11874  x('195')) * x('52') * x('95') +
11875  power(x('52'), 2) +
11876  power(x('95'), 2) =l= 1;
11877  con1705..(-2) * cos(-x('105') +
11878  x('187')) * x('5') * x('87') +
11879  power(x('5'), 2) +
11880  power(x('87'), 2) =l= 1;
11881  con1706..(-2) * cos(-x('152') +
11882  x('194')) * x('52') * x('94') +
11883  power(x('52'), 2) +
11884  power(x('94'), 2) =l= 1;
11885  con1707..(-2) * cos(-x('152') +
11886  x('193')) * x('52') * x('93') +
11887  power(x('52'), 2) +
11888  power(x('93'), 2) =l= 1;
11889  con1708..(-2) * cos(-x('105') +
11890  x('188')) * x('5') * x('88') +
11891  power(x('5'), 2) +
11892  power(x('88'), 2) =l= 1;
11893  con1709..(-2) * cos(-x('152') +
11894  x('192')) * x('52') * x('92') +
11895  power(x('52'), 2) +
11896  power(x('92'), 2) =l= 1;
11897  con1710..(-2) * cos(-x('152') +
11898  x('191')) * x('52') * x('91') +
11899  power(x('52'), 2) +
11900  power(x('91'), 2) =l= 1;
11901  con1711..(-2) * cos(-x('105') +
11902  x('189')) * x('5') * x('89') +
11903  power(x('5'), 2) +
11904  power(x('89'), 2) =l= 1;
11905  con1712..(-2) * cos(-x('152') +
11906  x('190')) * x('52') * x('90') +
11907  power(x('52'), 2) +
11908  power(x('90'), 2) =l= 1;
11909  con1713..(-2) * cos(-x('152') +
11910  x('189')) * x('52') * x('89') +
11911  power(x('52'), 2) +
11912  power(x('89'), 2) =l= 1;
11913  con1714..(-2) * cos(-x('152') +
11914  x('188')) * x('52') * x('88') +
11915  power(x('52'), 2) +
11916  power(x('88'), 2) =l= 1;
11917  con1715..(-2) * cos(-x('105') +
11918  x('190')) * x('5') * x('90') +
11919  power(x('5'), 2) +
11920  power(x('90'), 2) =l= 1;
11921  con1716..(-2) * cos(-x('152') +
11922  x('187')) * x('52') * x('87') +
11923  power(x('52'), 2) +
11924  power(x('87'), 2) =l= 1;
11925  con1717..(-2) * cos(-x('152') +
11926  x('186')) * x('52') * x('86') +
11927  power(x('52'), 2) +
11928  power(x('86'), 2) =l= 1;
11929  con1718..(-2) * cos(-x('105') +
11930  x('191')) * x('5') * x('91') +
11931  power(x('5'), 2) +
11932  power(x('91'), 2) =l= 1;
11933  con1719..(-2) * cos(-x('152') +
11934  x('185')) * x('52') * x('85') +
11935  power(x('52'), 2) +
11936  power(x('85'), 2) =l= 1;
11937  con1720..(-2) * cos(-x('152') +
11938  x('184')) * x('52') * x('84') +
11939  power(x('52'), 2) +
11940  power(x('84'), 2) =l= 1;
11941  con1721..(-2) * cos(-x('105') +
11942  x('192')) * x('5') * x('92') +
11943  power(x('5'), 2) +
11944  power(x('92'), 2) =l= 1;
11945  con1722..(-2) * cos(-x('152') +
11946  x('183')) * x('52') * x('83') +
11947  power(x('52'), 2) +
11948  power(x('83'), 2) =l= 1;
11949  con1723..(-2) * cos(-x('152') +
11950  x('182')) * x('52') * x('82') +
11951  power(x('52'), 2) +
11952  power(x('82'), 2) =l= 1;
11953  con1724..(-2) * cos(-x('105') +
11954  x('193')) * x('5') * x('93') +
11955  power(x('5'), 2) +
11956  power(x('93'), 2) =l= 1;
11957  con1725..(-2) * cos(-x('152') +
11958  x('181')) * x('52') * x('81') +
11959  power(x('52'), 2) +
11960  power(x('81'), 2) =l= 1;
11961  con1726..(-2) * cos(-x('152') +
11962  x('180')) * x('52') * x('80') +
11963  power(x('52'), 2) +
11964  power(x('80'), 2) =l= 1;
11965  con1727..(-2) * cos(-x('152') +
11966  x('179')) * x('52') * x('79') +
11967  power(x('52'), 2) +
11968  power(x('79'), 2) =l= 1;
11969  con1728..(-2) * cos(-x('105') +
11970  x('194')) * x('5') * x('94') +
11971  power(x('5'), 2) +
11972  power(x('94'), 2) =l= 1;
11973  con1729..(-2) * cos(-x('152') +
11974  x('178')) * x('52') * x('78') +
11975  power(x('52'), 2) +
11976  power(x('78'), 2) =l= 1;
11977  con1730..(-2) * cos(-x('152') +
11978  x('177')) * x('52') * x('77') +
11979  power(x('52'), 2) +
11980  power(x('77'), 2) =l= 1;
11981  con1731..(-2) * cos(-x('105') +
11982  x('195')) * x('5') * x('95') +
11983  power(x('5'), 2) +
11984  power(x('95'), 2) =l= 1;
11985  con1732..(-2) * cos(-x('152') +
11986  x('176')) * x('52') * x('76') +
11987  power(x('52'), 2) +
11988  power(x('76'), 2) =l= 1;
11989  con1733..(-2) * cos(-x('152') +
11990  x('175')) * x('52') * x('75') +
11991  power(x('52'), 2) +
11992  power(x('75'), 2) =l= 1;
11993  con1734..(-2) * cos(-x('105') +
11994  x('196')) * x('5') * x('96') +
11995  power(x('5'), 2) +
11996  power(x('96'), 2) =l= 1;
11997  con1735..(-2) * cos(-x('152') +
11998  x('174')) * x('52') * x('74') +
11999  power(x('52'), 2) +
12000  power(x('74'), 2) =l= 1;
12001  con1736..(-2) * cos(-x('152') +
12002  x('173')) * x('52') * x('73') +
12003  power(x('52'), 2) +
12004  power(x('73'), 2) =l= 1;
12005  con1737..(-2) * cos(-x('105') +
12006  x('197')) * x('5') * x('97') +
12007  power(x('5'), 2) +
12008  power(x('97'), 2) =l= 1;
12009  con1738..(-2) * cos(-x('152') +
12010  x('172')) * x('52') * x('72') +
12011  power(x('52'), 2) +
12012  power(x('72'), 2) =l= 1;
12013  con1739..(-2) * cos(-x('152') +
12014  x('171')) * x('52') * x('71') +
12015  power(x('52'), 2) +
12016  power(x('71'), 2) =l= 1;
12017  con1740..(-2) * cos(-x('152') +
12018  x('170')) * x('52') * x('70') +
12019  power(x('52'), 2) +
12020  power(x('70'), 2) =l= 1;
12021  con1741..(-2) * cos(-x('105') +
12022  x('198')) * x('5') * x('98') +
12023  power(x('5'), 2) +
12024  power(x('98'), 2) =l= 1;
12025  con1742..(-2) * cos(-x('152') +
12026  x('169')) * x('52') * x('69') +
12027  power(x('52'), 2) +
12028  power(x('69'), 2) =l= 1;
12029  con1743..(-2) * cos(-x('152') +
12030  x('168')) * x('52') * x('68') +
12031  power(x('52'), 2) +
12032  power(x('68'), 2) =l= 1;
12033  con1744..(-2) * cos(-x('105') +
12034  x('199')) * x('5') * x('99') +
12035  power(x('5'), 2) +
12036  power(x('99'), 2) =l= 1;
12037  con1745..(-2) * cos(-x('152') +
12038  x('167')) * x('52') * x('67') +
12039  power(x('52'), 2) +
12040  power(x('67'), 2) =l= 1;
12041  con1746..(-2) * cos(-x('152') +
12042  x('166')) * x('52') * x('66') +
12043  power(x('52'), 2) +
12044  power(x('66'), 2) =l= 1;
12045  con1747..(-2) * cos(-x('105') +
12046  x('200')) * x('5') * x('100') +
12047  power(x('5'), 2) +
12048  power(x('100'), 2) =l= 1;
12049  con1748..(-2) * cos(-x('152') +
12050  x('165')) * x('52') * x('65') +
12051  power(x('52'), 2) +
12052  power(x('65'), 2) =l= 1;
12053  con1749..(-2) * cos(-x('152') +
12054  x('164')) * x('52') * x('64') +
12055  power(x('52'), 2) +
12056  power(x('64'), 2) =l= 1;
12057  con1750..(-2) * cos(-x('106') +
12058  x('107')) * x('6') * x('7') +
12059  power(x('6'), 2) +
12060  power(x('7'), 2) =l= 1;
12061  con1751..(-2) * cos(-x('152') +
12062  x('163')) * x('52') * x('63') +
12063  power(x('52'), 2) +
12064  power(x('63'), 2) =l= 1;
12065  con1752..(-2) * cos(-x('152') +
12066  x('162')) * x('52') * x('62') +
12067  power(x('52'), 2) +
12068  power(x('62'), 2) =l= 1;
12069  con1753..(-2) * cos(-x('152') +
12070  x('161')) * x('52') * x('61') +
12071  power(x('52'), 2) +
12072  power(x('61'), 2) =l= 1;
12073  con1754..(-2) * cos(-x('106') +
12074  x('108')) * x('6') * x('8') +
12075  power(x('6'), 2) +
12076  power(x('8'), 2) =l= 1;
12077  con1755..(-2) * cos(-x('152') +
12078  x('160')) * x('52') * x('60') +
12079  power(x('52'), 2) +
12080  power(x('60'), 2) =l= 1;
12081  con1756..(-2) * cos(-x('152') +
12082  x('159')) * x('52') * x('59') +
12083  power(x('52'), 2) +
12084  power(x('59'), 2) =l= 1;
12085  con1757..(-2) * cos(-x('106') +
12086  x('109')) * x('6') * x('9') +
12087  power(x('6'), 2) +
12088  power(x('9'), 2) =l= 1;
12089  con1758..(-2) * cos(-x('152') +
12090  x('158')) * x('52') * x('58') +
12091  power(x('52'), 2) +
12092  power(x('58'), 2) =l= 1;
12093  con1759..(-2) * cos(-x('152') +
12094  x('157')) * x('52') * x('57') +
12095  power(x('52'), 2) +
12096  power(x('57'), 2) =l= 1;
12097  con1760..(-2) * cos(-x('106') +
12098  x('110')) * x('6') * x('10') +
12099  power(x('6'), 2) +
12100  power(x('10'), 2) =l= 1;
12101  con1761..(-2) * cos(-x('152') +
12102  x('156')) * x('52') * x('56') +
12103  power(x('52'), 2) +
12104  power(x('56'), 2) =l= 1;
12105  con1762..(-2) * cos(-x('152') +
12106  x('155')) * x('52') * x('55') +
12107  power(x('52'), 2) +
12108  power(x('55'), 2) =l= 1;
12109  con1763..(-2) * cos(-x('106') +
12110  x('111')) * x('6') * x('11') +
12111  power(x('6'), 2) +
12112  power(x('11'), 2) =l= 1;
12113  con1764..(-2) * cos(-x('152') +
12114  x('154')) * x('52') * x('54') +
12115  power(x('52'), 2) +
12116  power(x('54'), 2) =l= 1;
12117  con1765..(-2) * cos(-x('152') +
12118  x('153')) * x('52') * x('53') +
12119  power(x('52'), 2) +
12120  power(x('53'), 2) =l= 1;
12121  con1766..(-2) * cos(-x('151') +
12122  x('200')) * x('51') * x('100') +
12123  power(x('51'), 2) +
12124  power(x('100'), 2) =l= 1;
12125  con1767..(-2) * cos(-x('106') +
12126  x('112')) * x('6') * x('12') +
12127  power(x('6'), 2) +
12128  power(x('12'), 2) =l= 1;
12129  con1768..(-2) * cos(-x('151') +
12130  x('199')) * x('51') * x('99') +
12131  power(x('51'), 2) +
12132  power(x('99'), 2) =l= 1;
12133  con1769..(-2) * cos(-x('151') +
12134  x('198')) * x('51') * x('98') +
12135  power(x('51'), 2) +
12136  power(x('98'), 2) =l= 1;
12137  con1770..(-2) * cos(-x('106') +
12138  x('113')) * x('6') * x('13') +
12139  power(x('6'), 2) +
12140  power(x('13'), 2) =l= 1;
12141  con1771..(-2) * cos(-x('151') +
12142  x('197')) * x('51') * x('97') +
12143  power(x('51'), 2) +
12144  power(x('97'), 2) =l= 1;
12145  con1772..(-2) * cos(-x('151') +
12146  x('196')) * x('51') * x('96') +
12147  power(x('51'), 2) +
12148  power(x('96'), 2) =l= 1;
12149  con1773..(-2) * cos(-x('106') +
12150  x('114')) * x('6') * x('14') +
12151  power(x('6'), 2) +
12152  power(x('14'), 2) =l= 1;
12153  con1774..(-2) * cos(-x('151') +
12154  x('195')) * x('51') * x('95') +
12155  power(x('51'), 2) +
12156  power(x('95'), 2) =l= 1;
12157  con1775..(-2) * cos(-x('151') +
12158  x('194')) * x('51') * x('94') +
12159  power(x('51'), 2) +
12160  power(x('94'), 2) =l= 1;
12161  con1776..(-2) * cos(-x('106') +
12162  x('115')) * x('6') * x('15') +
12163  power(x('6'), 2) +
12164  power(x('15'), 2) =l= 1;
12165  con1777..(-2) * cos(-x('151') +
12166  x('193')) * x('51') * x('93') +
12167  power(x('51'), 2) +
12168  power(x('93'), 2) =l= 1;
12169  con1778..(-2) * cos(-x('151') +
12170  x('192')) * x('51') * x('92') +
12171  power(x('51'), 2) +
12172  power(x('92'), 2) =l= 1;
12173  con1779..(-2) * cos(-x('151') +
12174  x('191')) * x('51') * x('91') +
12175  power(x('51'), 2) +
12176  power(x('91'), 2) =l= 1;
12177  con1780..(-2) * cos(-x('106') +
12178  x('116')) * x('6') * x('16') +
12179  power(x('6'), 2) +
12180  power(x('16'), 2) =l= 1;
12181  con1781..(-2) * cos(-x('151') +
12182  x('190')) * x('51') * x('90') +
12183  power(x('51'), 2) +
12184  power(x('90'), 2) =l= 1;
12185  con1782..(-2) * cos(-x('151') +
12186  x('189')) * x('51') * x('89') +
12187  power(x('51'), 2) +
12188  power(x('89'), 2) =l= 1;
12189  con1783..(-2) * cos(-x('106') +
12190  x('117')) * x('6') * x('17') +
12191  power(x('6'), 2) +
12192  power(x('17'), 2) =l= 1;
12193  con1784..(-2) * cos(-x('151') +
12194  x('188')) * x('51') * x('88') +
12195  power(x('51'), 2) +
12196  power(x('88'), 2) =l= 1;
12197  con1785..(-2) * cos(-x('151') +
12198  x('187')) * x('51') * x('87') +
12199  power(x('51'), 2) +
12200  power(x('87'), 2) =l= 1;
12201  con1786..(-2) * cos(-x('106') +
12202  x('118')) * x('6') * x('18') +
12203  power(x('6'), 2) +
12204  power(x('18'), 2) =l= 1;
12205  con1787..(-2) * cos(-x('151') +
12206  x('186')) * x('51') * x('86') +
12207  power(x('51'), 2) +
12208  power(x('86'), 2) =l= 1;
12209  con1788..(-2) * cos(-x('151') +
12210  x('185')) * x('51') * x('85') +
12211  power(x('51'), 2) +
12212  power(x('85'), 2) =l= 1;
12213  con1789..(-2) * cos(-x('106') +
12214  x('119')) * x('6') * x('19') +
12215  power(x('6'), 2) +
12216  power(x('19'), 2) =l= 1;
12217  con1790..(-2) * cos(-x('151') +
12218  x('184')) * x('51') * x('84') +
12219  power(x('51'), 2) +
12220  power(x('84'), 2) =l= 1;
12221  con1791..(-2) * cos(-x('151') +
12222  x('183')) * x('51') * x('83') +
12223  power(x('51'), 2) +
12224  power(x('83'), 2) =l= 1;
12225  con1792..(-2) * cos(-x('151') +
12226  x('182')) * x('51') * x('82') +
12227  power(x('51'), 2) +
12228  power(x('82'), 2) =l= 1;
12229  con1793..(-2) * cos(-x('106') +
12230  x('120')) * x('6') * x('20') +
12231  power(x('6'), 2) +
12232  power(x('20'), 2) =l= 1;
12233  con1794..(-2) * cos(-x('151') +
12234  x('181')) * x('51') * x('81') +
12235  power(x('51'), 2) +
12236  power(x('81'), 2) =l= 1;
12237  con1795..(-2) * cos(-x('151') +
12238  x('180')) * x('51') * x('80') +
12239  power(x('51'), 2) +
12240  power(x('80'), 2) =l= 1;
12241  con1796..(-2) * cos(-x('106') +
12242  x('121')) * x('6') * x('21') +
12243  power(x('6'), 2) +
12244  power(x('21'), 2) =l= 1;
12245  con1797..(-2) * cos(-x('151') +
12246  x('179')) * x('51') * x('79') +
12247  power(x('51'), 2) +
12248  power(x('79'), 2) =l= 1;
12249  con1798..(-2) * cos(-x('151') +
12250  x('178')) * x('51') * x('78') +
12251  power(x('51'), 2) +
12252  power(x('78'), 2) =l= 1;
12253  con1799..(-2) * cos(-x('106') +
12254  x('122')) * x('6') * x('22') +
12255  power(x('6'), 2) +
12256  power(x('22'), 2) =l= 1;
12257  con1800..(-2) * cos(-x('151') +
12258  x('177')) * x('51') * x('77') +
12259  power(x('51'), 2) +
12260  power(x('77'), 2) =l= 1;
12261  con1801..(-2) * cos(-x('151') +
12262  x('176')) * x('51') * x('76') +
12263  power(x('51'), 2) +
12264  power(x('76'), 2) =l= 1;
12265  con1802..(-2) * cos(-x('106') +
12266  x('123')) * x('6') * x('23') +
12267  power(x('6'), 2) +
12268  power(x('23'), 2) =l= 1;
12269  con1803..(-2) * cos(-x('151') +
12270  x('175')) * x('51') * x('75') +
12271  power(x('51'), 2) +
12272  power(x('75'), 2) =l= 1;
12273  con1804..(-2) * cos(-x('151') +
12274  x('174')) * x('51') * x('74') +
12275  power(x('51'), 2) +
12276  power(x('74'), 2) =l= 1;
12277  con1805..(-2) * cos(-x('151') +
12278  x('173')) * x('51') * x('73') +
12279  power(x('51'), 2) +
12280  power(x('73'), 2) =l= 1;
12281  con1806..(-2) * cos(-x('106') +
12282  x('124')) * x('6') * x('24') +
12283  power(x('6'), 2) +
12284  power(x('24'), 2) =l= 1;
12285  con1807..(-2) * cos(-x('151') +
12286  x('172')) * x('51') * x('72') +
12287  power(x('51'), 2) +
12288  power(x('72'), 2) =l= 1;
12289  con1808..(-2) * cos(-x('151') +
12290  x('171')) * x('51') * x('71') +
12291  power(x('51'), 2) +
12292  power(x('71'), 2) =l= 1;
12293  con1809..(-2) * cos(-x('106') +
12294  x('125')) * x('6') * x('25') +
12295  power(x('6'), 2) +
12296  power(x('25'), 2) =l= 1;
12297  con1810..(-2) * cos(-x('151') +
12298  x('170')) * x('51') * x('70') +
12299  power(x('51'), 2) +
12300  power(x('70'), 2) =l= 1;
12301  con1811..(-2) * cos(-x('151') +
12302  x('169')) * x('51') * x('69') +
12303  power(x('51'), 2) +
12304  power(x('69'), 2) =l= 1;
12305  con1812..(-2) * cos(-x('106') +
12306  x('126')) * x('6') * x('26') +
12307  power(x('6'), 2) +
12308  power(x('26'), 2) =l= 1;
12309  con1813..(-2) * cos(-x('151') +
12310  x('168')) * x('51') * x('68') +
12311  power(x('51'), 2) +
12312  power(x('68'), 2) =l= 1;
12313  con1814..(-2) * cos(-x('151') +
12314  x('167')) * x('51') * x('67') +
12315  power(x('51'), 2) +
12316  power(x('67'), 2) =l= 1;
12317  con1815..(-2) * cos(-x('106') +
12318  x('127')) * x('6') * x('27') +
12319  power(x('6'), 2) +
12320  power(x('27'), 2) =l= 1;
12321  con1816..(-2) * cos(-x('151') +
12322  x('166')) * x('51') * x('66') +
12323  power(x('51'), 2) +
12324  power(x('66'), 2) =l= 1;
12325  con1817..(-2) * cos(-x('151') +
12326  x('165')) * x('51') * x('65') +
12327  power(x('51'), 2) +
12328  power(x('65'), 2) =l= 1;
12329  con1818..(-2) * cos(-x('151') +
12330  x('164')) * x('51') * x('64') +
12331  power(x('51'), 2) +
12332  power(x('64'), 2) =l= 1;
12333  con1819..(-2) * cos(-x('106') +
12334  x('128')) * x('6') * x('28') +
12335  power(x('6'), 2) +
12336  power(x('28'), 2) =l= 1;
12337  con1820..(-2) * cos(-x('151') +
12338  x('163')) * x('51') * x('63') +
12339  power(x('51'), 2) +
12340  power(x('63'), 2) =l= 1;
12341  con1821..(-2) * cos(-x('151') +
12342  x('162')) * x('51') * x('62') +
12343  power(x('51'), 2) +
12344  power(x('62'), 2) =l= 1;
12345  con1822..(-2) * cos(-x('106') +
12346  x('129')) * x('6') * x('29') +
12347  power(x('6'), 2) +
12348  power(x('29'), 2) =l= 1;
12349  con1823..(-2) * cos(-x('151') +
12350  x('161')) * x('51') * x('61') +
12351  power(x('51'), 2) +
12352  power(x('61'), 2) =l= 1;
12353  con1824..(-2) * cos(-x('151') +
12354  x('160')) * x('51') * x('60') +
12355  power(x('51'), 2) +
12356  power(x('60'), 2) =l= 1;
12357  con1825..(-2) * cos(-x('106') +
12358  x('130')) * x('6') * x('30') +
12359  power(x('6'), 2) +
12360  power(x('30'), 2) =l= 1;
12361  con1826..(-2) * cos(-x('151') +
12362  x('159')) * x('51') * x('59') +
12363  power(x('51'), 2) +
12364  power(x('59'), 2) =l= 1;
12365  con1827..(-2) * cos(-x('151') +
12366  x('158')) * x('51') * x('58') +
12367  power(x('51'), 2) +
12368  power(x('58'), 2) =l= 1;
12369  con1828..(-2) * cos(-x('106') +
12370  x('131')) * x('6') * x('31') +
12371  power(x('6'), 2) +
12372  power(x('31'), 2) =l= 1;
12373  con1829..(-2) * cos(-x('151') +
12374  x('157')) * x('51') * x('57') +
12375  power(x('51'), 2) +
12376  power(x('57'), 2) =l= 1;
12377  con1830..(-2) * cos(-x('151') +
12378  x('156')) * x('51') * x('56') +
12379  power(x('51'), 2) +
12380  power(x('56'), 2) =l= 1;
12381  con1831..(-2) * cos(-x('151') +
12382  x('155')) * x('51') * x('55') +
12383  power(x('51'), 2) +
12384  power(x('55'), 2) =l= 1;
12385  con1832..(-2) * cos(-x('106') +
12386  x('132')) * x('6') * x('32') +
12387  power(x('6'), 2) +
12388  power(x('32'), 2) =l= 1;
12389  con1833..(-2) * cos(-x('151') +
12390  x('154')) * x('51') * x('54') +
12391  power(x('51'), 2) +
12392  power(x('54'), 2) =l= 1;
12393  con1834..(-2) * cos(-x('151') +
12394  x('153')) * x('51') * x('53') +
12395  power(x('51'), 2) +
12396  power(x('53'), 2) =l= 1;
12397  con1835..(-2) * cos(-x('106') +
12398  x('133')) * x('6') * x('33') +
12399  power(x('6'), 2) +
12400  power(x('33'), 2) =l= 1;
12401  con1836..(-2) * cos(-x('151') +
12402  x('152')) * x('51') * x('52') +
12403  power(x('51'), 2) +
12404  power(x('52'), 2) =l= 1;
12405  con1837..(-2) * cos(-x('150') +
12406  x('200')) * x('50') * x('100') +
12407  power(x('50'), 2) +
12408  power(x('100'), 2) =l= 1;
12409  con1838..(-2) * cos(-x('106') +
12410  x('134')) * x('6') * x('34') +
12411  power(x('6'), 2) +
12412  power(x('34'), 2) =l= 1;
12413  con1839..(-2) * cos(-x('150') +
12414  x('199')) * x('50') * x('99') +
12415  power(x('50'), 2) +
12416  power(x('99'), 2) =l= 1;
12417  con1840..(-2) * cos(-x('150') +
12418  x('198')) * x('50') * x('98') +
12419  power(x('50'), 2) +
12420  power(x('98'), 2) =l= 1;
12421  con1841..(-2) * cos(-x('106') +
12422  x('135')) * x('6') * x('35') +
12423  power(x('6'), 2) +
12424  power(x('35'), 2) =l= 1;
12425  con1842..(-2) * cos(-x('150') +
12426  x('197')) * x('50') * x('97') +
12427  power(x('50'), 2) +
12428  power(x('97'), 2) =l= 1;
12429  con1843..(-2) * cos(-x('150') +
12430  x('196')) * x('50') * x('96') +
12431  power(x('50'), 2) +
12432  power(x('96'), 2) =l= 1;
12433  con1844..(-2) * cos(-x('150') +
12434  x('195')) * x('50') * x('95') +
12435  power(x('50'), 2) +
12436  power(x('95'), 2) =l= 1;
12437  con1845..(-2) * cos(-x('106') +
12438  x('136')) * x('6') * x('36') +
12439  power(x('6'), 2) +
12440  power(x('36'), 2) =l= 1;
12441  con1846..(-2) * cos(-x('150') +
12442  x('194')) * x('50') * x('94') +
12443  power(x('50'), 2) +
12444  power(x('94'), 2) =l= 1;
12445  con1847..(-2) * cos(-x('150') +
12446  x('193')) * x('50') * x('93') +
12447  power(x('50'), 2) +
12448  power(x('93'), 2) =l= 1;
12449  con1848..(-2) * cos(-x('106') +
12450  x('137')) * x('6') * x('37') +
12451  power(x('6'), 2) +
12452  power(x('37'), 2) =l= 1;
12453  con1849..(-2) * cos(-x('150') +
12454  x('192')) * x('50') * x('92') +
12455  power(x('50'), 2) +
12456  power(x('92'), 2) =l= 1;
12457  con1850..(-2) * cos(-x('150') +
12458  x('191')) * x('50') * x('91') +
12459  power(x('50'), 2) +
12460  power(x('91'), 2) =l= 1;
12461  con1851..(-2) * cos(-x('106') +
12462  x('138')) * x('6') * x('38') +
12463  power(x('6'), 2) +
12464  power(x('38'), 2) =l= 1;
12465  con1852..(-2) * cos(-x('150') +
12466  x('190')) * x('50') * x('90') +
12467  power(x('50'), 2) +
12468  power(x('90'), 2) =l= 1;
12469  con1853..(-2) * cos(-x('150') +
12470  x('189')) * x('50') * x('89') +
12471  power(x('50'), 2) +
12472  power(x('89'), 2) =l= 1;
12473  con1854..(-2) * cos(-x('106') +
12474  x('139')) * x('6') * x('39') +
12475  power(x('6'), 2) +
12476  power(x('39'), 2) =l= 1;
12477  con1855..(-2) * cos(-x('150') +
12478  x('188')) * x('50') * x('88') +
12479  power(x('50'), 2) +
12480  power(x('88'), 2) =l= 1;
12481  con1856..(-2) * cos(-x('150') +
12482  x('187')) * x('50') * x('87') +
12483  power(x('50'), 2) +
12484  power(x('87'), 2) =l= 1;
12485  con1857..(-2) * cos(-x('150') +
12486  x('186')) * x('50') * x('86') +
12487  power(x('50'), 2) +
12488  power(x('86'), 2) =l= 1;
12489  con1858..(-2) * cos(-x('106') +
12490  x('140')) * x('6') * x('40') +
12491  power(x('6'), 2) +
12492  power(x('40'), 2) =l= 1;
12493  con1859..(-2) * cos(-x('150') +
12494  x('185')) * x('50') * x('85') +
12495  power(x('50'), 2) +
12496  power(x('85'), 2) =l= 1;
12497  con1860..(-2) * cos(-x('150') +
12498  x('184')) * x('50') * x('84') +
12499  power(x('50'), 2) +
12500  power(x('84'), 2) =l= 1;
12501  con1861..(-2) * cos(-x('106') +
12502  x('141')) * x('6') * x('41') +
12503  power(x('6'), 2) +
12504  power(x('41'), 2) =l= 1;
12505  con1862..(-2) * cos(-x('150') +
12506  x('183')) * x('50') * x('83') +
12507  power(x('50'), 2) +
12508  power(x('83'), 2) =l= 1;
12509  con1863..(-2) * cos(-x('150') +
12510  x('182')) * x('50') * x('82') +
12511  power(x('50'), 2) +
12512  power(x('82'), 2) =l= 1;
12513  con1864..(-2) * cos(-x('106') +
12514  x('142')) * x('6') * x('42') +
12515  power(x('6'), 2) +
12516  power(x('42'), 2) =l= 1;
12517  con1865..(-2) * cos(-x('150') +
12518  x('181')) * x('50') * x('81') +
12519  power(x('50'), 2) +
12520  power(x('81'), 2) =l= 1;
12521  con1866..(-2) * cos(-x('150') +
12522  x('180')) * x('50') * x('80') +
12523  power(x('50'), 2) +
12524  power(x('80'), 2) =l= 1;
12525  con1867..(-2) * cos(-x('106') +
12526  x('143')) * x('6') * x('43') +
12527  power(x('6'), 2) +
12528  power(x('43'), 2) =l= 1;
12529  con1868..(-2) * cos(-x('150') +
12530  x('179')) * x('50') * x('79') +
12531  power(x('50'), 2) +
12532  power(x('79'), 2) =l= 1;
12533  con1869..(-2) * cos(-x('150') +
12534  x('178')) * x('50') * x('78') +
12535  power(x('50'), 2) +
12536  power(x('78'), 2) =l= 1;
12537  con1870..(-2) * cos(-x('150') +
12538  x('177')) * x('50') * x('77') +
12539  power(x('50'), 2) +
12540  power(x('77'), 2) =l= 1;
12541  con1871..(-2) * cos(-x('106') +
12542  x('144')) * x('6') * x('44') +
12543  power(x('6'), 2) +
12544  power(x('44'), 2) =l= 1;
12545  con1872..(-2) * cos(-x('150') +
12546  x('176')) * x('50') * x('76') +
12547  power(x('50'), 2) +
12548  power(x('76'), 2) =l= 1;
12549  con1873..(-2) * cos(-x('150') +
12550  x('175')) * x('50') * x('75') +
12551  power(x('50'), 2) +
12552  power(x('75'), 2) =l= 1;
12553  con1874..(-2) * cos(-x('106') +
12554  x('145')) * x('6') * x('45') +
12555  power(x('6'), 2) +
12556  power(x('45'), 2) =l= 1;
12557  con1875..(-2) * cos(-x('150') +
12558  x('174')) * x('50') * x('74') +
12559  power(x('50'), 2) +
12560  power(x('74'), 2) =l= 1;
12561  con1876..(-2) * cos(-x('150') +
12562  x('173')) * x('50') * x('73') +
12563  power(x('50'), 2) +
12564  power(x('73'), 2) =l= 1;
12565  con1877..(-2) * cos(-x('106') +
12566  x('146')) * x('6') * x('46') +
12567  power(x('6'), 2) +
12568  power(x('46'), 2) =l= 1;
12569  con1878..(-2) * cos(-x('150') +
12570  x('172')) * x('50') * x('72') +
12571  power(x('50'), 2) +
12572  power(x('72'), 2) =l= 1;
12573  con1879..(-2) * cos(-x('150') +
12574  x('171')) * x('50') * x('71') +
12575  power(x('50'), 2) +
12576  power(x('71'), 2) =l= 1;
12577  con1880..(-2) * cos(-x('106') +
12578  x('147')) * x('6') * x('47') +
12579  power(x('6'), 2) +
12580  power(x('47'), 2) =l= 1;
12581  con1881..(-2) * cos(-x('150') +
12582  x('170')) * x('50') * x('70') +
12583  power(x('50'), 2) +
12584  power(x('70'), 2) =l= 1;
12585  con1882..(-2) * cos(-x('150') +
12586  x('169')) * x('50') * x('69') +
12587  power(x('50'), 2) +
12588  power(x('69'), 2) =l= 1;
12589  con1883..(-2) * cos(-x('150') +
12590  x('168')) * x('50') * x('68') +
12591  power(x('50'), 2) +
12592  power(x('68'), 2) =l= 1;
12593  con1884..(-2) * cos(-x('106') +
12594  x('148')) * x('6') * x('48') +
12595  power(x('6'), 2) +
12596  power(x('48'), 2) =l= 1;
12597  con1885..(-2) * cos(-x('150') +
12598  x('167')) * x('50') * x('67') +
12599  power(x('50'), 2) +
12600  power(x('67'), 2) =l= 1;
12601  con1886..(-2) * cos(-x('150') +
12602  x('166')) * x('50') * x('66') +
12603  power(x('50'), 2) +
12604  power(x('66'), 2) =l= 1;
12605  con1887..(-2) * cos(-x('106') +
12606  x('149')) * x('6') * x('49') +
12607  power(x('6'), 2) +
12608  power(x('49'), 2) =l= 1;
12609  con1888..(-2) * cos(-x('150') +
12610  x('165')) * x('50') * x('65') +
12611  power(x('50'), 2) +
12612  power(x('65'), 2) =l= 1;
12613  con1889..(-2) * cos(-x('150') +
12614  x('164')) * x('50') * x('64') +
12615  power(x('50'), 2) +
12616  power(x('64'), 2) =l= 1;
12617  con1890..(-2) * cos(-x('106') +
12618  x('150')) * x('6') * x('50') +
12619  power(x('6'), 2) +
12620  power(x('50'), 2) =l= 1;
12621  con1891..(-2) * cos(-x('150') +
12622  x('163')) * x('50') * x('63') +
12623  power(x('50'), 2) +
12624  power(x('63'), 2) =l= 1;
12625  con1892..(-2) * cos(-x('150') +
12626  x('162')) * x('50') * x('62') +
12627  power(x('50'), 2) +
12628  power(x('62'), 2) =l= 1;
12629  con1893..(-2) * cos(-x('106') +
12630  x('151')) * x('6') * x('51') +
12631  power(x('6'), 2) +
12632  power(x('51'), 2) =l= 1;
12633  con1894..(-2) * cos(-x('150') +
12634  x('161')) * x('50') * x('61') +
12635  power(x('50'), 2) +
12636  power(x('61'), 2) =l= 1;
12637  con1895..(-2) * cos(-x('150') +
12638  x('160')) * x('50') * x('60') +
12639  power(x('50'), 2) +
12640  power(x('60'), 2) =l= 1;
12641  con1896..(-2) * cos(-x('150') +
12642  x('159')) * x('50') * x('59') +
12643  power(x('50'), 2) +
12644  power(x('59'), 2) =l= 1;
12645  con1897..(-2) * cos(-x('106') +
12646  x('152')) * x('6') * x('52') +
12647  power(x('6'), 2) +
12648  power(x('52'), 2) =l= 1;
12649  con1898..(-2) * cos(-x('150') +
12650  x('158')) * x('50') * x('58') +
12651  power(x('50'), 2) +
12652  power(x('58'), 2) =l= 1;
12653  con1899..(-2) * cos(-x('150') +
12654  x('157')) * x('50') * x('57') +
12655  power(x('50'), 2) +
12656  power(x('57'), 2) =l= 1;
12657  con1900..(-2) * cos(-x('106') +
12658  x('153')) * x('6') * x('53') +
12659  power(x('6'), 2) +
12660  power(x('53'), 2) =l= 1;
12661  con1901..(-2) * cos(-x('150') +
12662  x('156')) * x('50') * x('56') +
12663  power(x('50'), 2) +
12664  power(x('56'), 2) =l= 1;
12665  con1902..(-2) * cos(-x('150') +
12666  x('155')) * x('50') * x('55') +
12667  power(x('50'), 2) +
12668  power(x('55'), 2) =l= 1;
12669  con1903..(-2) * cos(-x('106') +
12670  x('154')) * x('6') * x('54') +
12671  power(x('6'), 2) +
12672  power(x('54'), 2) =l= 1;
12673  con1904..(-2) * cos(-x('150') +
12674  x('154')) * x('50') * x('54') +
12675  power(x('50'), 2) +
12676  power(x('54'), 2) =l= 1;
12677  con1905..(-2) * cos(-x('150') +
12678  x('153')) * x('50') * x('53') +
12679  power(x('50'), 2) +
12680  power(x('53'), 2) =l= 1;
12681  con1906..(-2) * cos(-x('106') +
12682  x('155')) * x('6') * x('55') +
12683  power(x('6'), 2) +
12684  power(x('55'), 2) =l= 1;
12685  con1907..(-2) * cos(-x('150') +
12686  x('152')) * x('50') * x('52') +
12687  power(x('50'), 2) +
12688  power(x('52'), 2) =l= 1;
12689  con1908..(-2) * cos(-x('150') +
12690  x('151')) * x('50') * x('51') +
12691  power(x('50'), 2) +
12692  power(x('51'), 2) =l= 1;
12693  con1909..(-2) * cos(-x('149') +
12694  x('200')) * x('49') * x('100') +
12695  power(x('49'), 2) +
12696  power(x('100'), 2) =l= 1;
12697  con1910..(-2) * cos(-x('106') +
12698  x('156')) * x('6') * x('56') +
12699  power(x('6'), 2) +
12700  power(x('56'), 2) =l= 1;
12701  con1911..(-2) * cos(-x('149') +
12702  x('199')) * x('49') * x('99') +
12703  power(x('49'), 2) +
12704  power(x('99'), 2) =l= 1;
12705  con1912..(-2) * cos(-x('149') +
12706  x('198')) * x('49') * x('98') +
12707  power(x('49'), 2) +
12708  power(x('98'), 2) =l= 1;
12709  con1913..(-2) * cos(-x('106') +
12710  x('157')) * x('6') * x('57') +
12711  power(x('6'), 2) +
12712  power(x('57'), 2) =l= 1;
12713  con1914..(-2) * cos(-x('149') +
12714  x('197')) * x('49') * x('97') +
12715  power(x('49'), 2) +
12716  power(x('97'), 2) =l= 1;
12717  con1915..(-2) * cos(-x('149') +
12718  x('196')) * x('49') * x('96') +
12719  power(x('49'), 2) +
12720  power(x('96'), 2) =l= 1;
12721  con1916..(-2) * cos(-x('106') +
12722  x('158')) * x('6') * x('58') +
12723  power(x('6'), 2) +
12724  power(x('58'), 2) =l= 1;
12725  con1917..(-2) * cos(-x('149') +
12726  x('195')) * x('49') * x('95') +
12727  power(x('49'), 2) +
12728  power(x('95'), 2) =l= 1;
12729  con1918..(-2) * cos(-x('149') +
12730  x('194')) * x('49') * x('94') +
12731  power(x('49'), 2) +
12732  power(x('94'), 2) =l= 1;
12733  con1919..(-2) * cos(-x('106') +
12734  x('159')) * x('6') * x('59') +
12735  power(x('6'), 2) +
12736  power(x('59'), 2) =l= 1;
12737  con1920..(-2) * cos(-x('149') +
12738  x('193')) * x('49') * x('93') +
12739  power(x('49'), 2) +
12740  power(x('93'), 2) =l= 1;
12741  con1921..(-2) * cos(-x('149') +
12742  x('192')) * x('49') * x('92') +
12743  power(x('49'), 2) +
12744  power(x('92'), 2) =l= 1;
12745  con1922..(-2) * cos(-x('149') +
12746  x('191')) * x('49') * x('91') +
12747  power(x('49'), 2) +
12748  power(x('91'), 2) =l= 1;
12749  con1923..(-2) * cos(-x('106') +
12750  x('160')) * x('6') * x('60') +
12751  power(x('6'), 2) +
12752  power(x('60'), 2) =l= 1;
12753  con1924..(-2) * cos(-x('149') +
12754  x('190')) * x('49') * x('90') +
12755  power(x('49'), 2) +
12756  power(x('90'), 2) =l= 1;
12757  con1925..(-2) * cos(-x('149') +
12758  x('189')) * x('49') * x('89') +
12759  power(x('49'), 2) +
12760  power(x('89'), 2) =l= 1;
12761  con1926..(-2) * cos(-x('106') +
12762  x('161')) * x('6') * x('61') +
12763  power(x('6'), 2) +
12764  power(x('61'), 2) =l= 1;
12765  con1927..(-2) * cos(-x('149') +
12766  x('188')) * x('49') * x('88') +
12767  power(x('49'), 2) +
12768  power(x('88'), 2) =l= 1;
12769  con1928..(-2) * cos(-x('149') +
12770  x('187')) * x('49') * x('87') +
12771  power(x('49'), 2) +
12772  power(x('87'), 2) =l= 1;
12773  con1929..(-2) * cos(-x('106') +
12774  x('162')) * x('6') * x('62') +
12775  power(x('6'), 2) +
12776  power(x('62'), 2) =l= 1;
12777  con1930..(-2) * cos(-x('149') +
12778  x('186')) * x('49') * x('86') +
12779  power(x('49'), 2) +
12780  power(x('86'), 2) =l= 1;
12781  con1931..(-2) * cos(-x('149') +
12782  x('185')) * x('49') * x('85') +
12783  power(x('49'), 2) +
12784  power(x('85'), 2) =l= 1;
12785  con1932..(-2) * cos(-x('106') +
12786  x('163')) * x('6') * x('63') +
12787  power(x('6'), 2) +
12788  power(x('63'), 2) =l= 1;
12789  con1933..(-2) * cos(-x('149') +
12790  x('184')) * x('49') * x('84') +
12791  power(x('49'), 2) +
12792  power(x('84'), 2) =l= 1;
12793  con1934..(-2) * cos(-x('149') +
12794  x('183')) * x('49') * x('83') +
12795  power(x('49'), 2) +
12796  power(x('83'), 2) =l= 1;
12797  con1935..(-2) * cos(-x('149') +
12798  x('182')) * x('49') * x('82') +
12799  power(x('49'), 2) +
12800  power(x('82'), 2) =l= 1;
12801  con1936..(-2) * cos(-x('106') +
12802  x('164')) * x('6') * x('64') +
12803  power(x('6'), 2) +
12804  power(x('64'), 2) =l= 1;
12805  con1937..(-2) * cos(-x('149') +
12806  x('181')) * x('49') * x('81') +
12807  power(x('49'), 2) +
12808  power(x('81'), 2) =l= 1;
12809  con1938..(-2) * cos(-x('149') +
12810  x('180')) * x('49') * x('80') +
12811  power(x('49'), 2) +
12812  power(x('80'), 2) =l= 1;
12813  con1939..(-2) * cos(-x('106') +
12814  x('165')) * x('6') * x('65') +
12815  power(x('6'), 2) +
12816  power(x('65'), 2) =l= 1;
12817  con1940..(-2) * cos(-x('149') +
12818  x('179')) * x('49') * x('79') +
12819  power(x('49'), 2) +
12820  power(x('79'), 2) =l= 1;
12821  con1941..(-2) * cos(-x('149') +
12822  x('178')) * x('49') * x('78') +
12823  power(x('49'), 2) +
12824  power(x('78'), 2) =l= 1;
12825  con1942..(-2) * cos(-x('106') +
12826  x('166')) * x('6') * x('66') +
12827  power(x('6'), 2) +
12828  power(x('66'), 2) =l= 1;
12829  con1943..(-2) * cos(-x('149') +
12830  x('177')) * x('49') * x('77') +
12831  power(x('49'), 2) +
12832  power(x('77'), 2) =l= 1;
12833  con1944..(-2) * cos(-x('149') +
12834  x('176')) * x('49') * x('76') +
12835  power(x('49'), 2) +
12836  power(x('76'), 2) =l= 1;
12837  con1945..(-2) * cos(-x('106') +
12838  x('167')) * x('6') * x('67') +
12839  power(x('6'), 2) +
12840  power(x('67'), 2) =l= 1;
12841  con1946..(-2) * cos(-x('149') +
12842  x('175')) * x('49') * x('75') +
12843  power(x('49'), 2) +
12844  power(x('75'), 2) =l= 1;
12845  con1947..(-2) * cos(-x('149') +
12846  x('174')) * x('49') * x('74') +
12847  power(x('49'), 2) +
12848  power(x('74'), 2) =l= 1;
12849  con1948..(-2) * cos(-x('149') +
12850  x('173')) * x('49') * x('73') +
12851  power(x('49'), 2) +
12852  power(x('73'), 2) =l= 1;
12853  con1949..(-2) * cos(-x('106') +
12854  x('168')) * x('6') * x('68') +
12855  power(x('6'), 2) +
12856  power(x('68'), 2) =l= 1;
12857  con1950..(-2) * cos(-x('149') +
12858  x('172')) * x('49') * x('72') +
12859  power(x('49'), 2) +
12860  power(x('72'), 2) =l= 1;
12861  con1951..(-2) * cos(-x('149') +
12862  x('171')) * x('49') * x('71') +
12863  power(x('49'), 2) +
12864  power(x('71'), 2) =l= 1;
12865  con1952..(-2) * cos(-x('106') +
12866  x('169')) * x('6') * x('69') +
12867  power(x('6'), 2) +
12868  power(x('69'), 2) =l= 1;
12869  con1953..(-2) * cos(-x('149') +
12870  x('170')) * x('49') * x('70') +
12871  power(x('49'), 2) +
12872  power(x('70'), 2) =l= 1;
12873  con1954..(-2) * cos(-x('149') +
12874  x('169')) * x('49') * x('69') +
12875  power(x('49'), 2) +
12876  power(x('69'), 2) =l= 1;
12877  con1955..(-2) * cos(-x('106') +
12878  x('170')) * x('6') * x('70') +
12879  power(x('6'), 2) +
12880  power(x('70'), 2) =l= 1;
12881  con1956..(-2) * cos(-x('149') +
12882  x('168')) * x('49') * x('68') +
12883  power(x('49'), 2) +
12884  power(x('68'), 2) =l= 1;
12885  con1957..(-2) * cos(-x('149') +
12886  x('167')) * x('49') * x('67') +
12887  power(x('49'), 2) +
12888  power(x('67'), 2) =l= 1;
12889  con1958..(-2) * cos(-x('106') +
12890  x('171')) * x('6') * x('71') +
12891  power(x('6'), 2) +
12892  power(x('71'), 2) =l= 1;
12893  con1959..(-2) * cos(-x('149') +
12894  x('166')) * x('49') * x('66') +
12895  power(x('49'), 2) +
12896  power(x('66'), 2) =l= 1;
12897  con1960..(-2) * cos(-x('149') +
12898  x('165')) * x('49') * x('65') +
12899  power(x('49'), 2) +
12900  power(x('65'), 2) =l= 1;
12901  con1961..(-2) * cos(-x('149') +
12902  x('164')) * x('49') * x('64') +
12903  power(x('49'), 2) +
12904  power(x('64'), 2) =l= 1;
12905  con1962..(-2) * cos(-x('106') +
12906  x('172')) * x('6') * x('72') +
12907  power(x('6'), 2) +
12908  power(x('72'), 2) =l= 1;
12909  con1963..(-2) * cos(-x('149') +
12910  x('163')) * x('49') * x('63') +
12911  power(x('49'), 2) +
12912  power(x('63'), 2) =l= 1;
12913  con1964..(-2) * cos(-x('149') +
12914  x('162')) * x('49') * x('62') +
12915  power(x('49'), 2) +
12916  power(x('62'), 2) =l= 1;
12917  con1965..(-2) * cos(-x('106') +
12918  x('173')) * x('6') * x('73') +
12919  power(x('6'), 2) +
12920  power(x('73'), 2) =l= 1;
12921  con1966..(-2) * cos(-x('149') +
12922  x('161')) * x('49') * x('61') +
12923  power(x('49'), 2) +
12924  power(x('61'), 2) =l= 1;
12925  con1967..(-2) * cos(-x('149') +
12926  x('160')) * x('49') * x('60') +
12927  power(x('49'), 2) +
12928  power(x('60'), 2) =l= 1;
12929  con1968..(-2) * cos(-x('106') +
12930  x('174')) * x('6') * x('74') +
12931  power(x('6'), 2) +
12932  power(x('74'), 2) =l= 1;
12933  con1969..(-2) * cos(-x('149') +
12934  x('159')) * x('49') * x('59') +
12935  power(x('49'), 2) +
12936  power(x('59'), 2) =l= 1;
12937  con1970..(-2) * cos(-x('149') +
12938  x('158')) * x('49') * x('58') +
12939  power(x('49'), 2) +
12940  power(x('58'), 2) =l= 1;
12941  con1971..(-2) * cos(-x('106') +
12942  x('175')) * x('6') * x('75') +
12943  power(x('6'), 2) +
12944  power(x('75'), 2) =l= 1;
12945  con1972..(-2) * cos(-x('149') +
12946  x('157')) * x('49') * x('57') +
12947  power(x('49'), 2) +
12948  power(x('57'), 2) =l= 1;
12949  con1973..(-2) * cos(-x('149') +
12950  x('156')) * x('49') * x('56') +
12951  power(x('49'), 2) +
12952  power(x('56'), 2) =l= 1;
12953  con1974..(-2) * cos(-x('149') +
12954  x('155')) * x('49') * x('55') +
12955  power(x('49'), 2) +
12956  power(x('55'), 2) =l= 1;
12957  con1975..(-2) * cos(-x('106') +
12958  x('176')) * x('6') * x('76') +
12959  power(x('6'), 2) +
12960  power(x('76'), 2) =l= 1;
12961  con1976..(-2) * cos(-x('149') +
12962  x('154')) * x('49') * x('54') +
12963  power(x('49'), 2) +
12964  power(x('54'), 2) =l= 1;
12965  con1977..(-2) * cos(-x('149') +
12966  x('153')) * x('49') * x('53') +
12967  power(x('49'), 2) +
12968  power(x('53'), 2) =l= 1;
12969  con1978..(-2) * cos(-x('106') +
12970  x('177')) * x('6') * x('77') +
12971  power(x('6'), 2) +
12972  power(x('77'), 2) =l= 1;
12973  con1979..(-2) * cos(-x('149') +
12974  x('152')) * x('49') * x('52') +
12975  power(x('49'), 2) +
12976  power(x('52'), 2) =l= 1;
12977  con1980..(-2) * cos(-x('149') +
12978  x('151')) * x('49') * x('51') +
12979  power(x('49'), 2) +
12980  power(x('51'), 2) =l= 1;
12981  con1981..(-2) * cos(-x('106') +
12982  x('178')) * x('6') * x('78') +
12983  power(x('6'), 2) +
12984  power(x('78'), 2) =l= 1;
12985  con1982..(-2) * cos(-x('149') +
12986  x('150')) * x('49') * x('50') +
12987  power(x('49'), 2) +
12988  power(x('50'), 2) =l= 1;
12989  con1983..(-2) * cos(-x('148') +
12990  x('200')) * x('48') * x('100') +
12991  power(x('48'), 2) +
12992  power(x('100'), 2) =l= 1;
12993  con1984..(-2) * cos(-x('106') +
12994  x('179')) * x('6') * x('79') +
12995  power(x('6'), 2) +
12996  power(x('79'), 2) =l= 1;
12997  con1985..(-2) * cos(-x('148') +
12998  x('199')) * x('48') * x('99') +
12999  power(x('48'), 2) +
13000  power(x('99'), 2) =l= 1;
13001  con1986..(-2) * cos(-x('148') +
13002  x('198')) * x('48') * x('98') +
13003  power(x('48'), 2) +
13004  power(x('98'), 2) =l= 1;
13005  con1987..(-2) * cos(-x('148') +
13006  x('197')) * x('48') * x('97') +
13007  power(x('48'), 2) +
13008  power(x('97'), 2) =l= 1;
13009  con1988..(-2) * cos(-x('106') +
13010  x('180')) * x('6') * x('80') +
13011  power(x('6'), 2) +
13012  power(x('80'), 2) =l= 1;
13013  con1989..(-2) * cos(-x('148') +
13014  x('196')) * x('48') * x('96') +
13015  power(x('48'), 2) +
13016  power(x('96'), 2) =l= 1;
13017  con1990..(-2) * cos(-x('148') +
13018  x('195')) * x('48') * x('95') +
13019  power(x('48'), 2) +
13020  power(x('95'), 2) =l= 1;
13021  con1991..(-2) * cos(-x('106') +
13022  x('181')) * x('6') * x('81') +
13023  power(x('6'), 2) +
13024  power(x('81'), 2) =l= 1;
13025  con1992..(-2) * cos(-x('148') +
13026  x('194')) * x('48') * x('94') +
13027  power(x('48'), 2) +
13028  power(x('94'), 2) =l= 1;
13029  con1993..(-2) * cos(-x('148') +
13030  x('193')) * x('48') * x('93') +
13031  power(x('48'), 2) +
13032  power(x('93'), 2) =l= 1;
13033  con1994..(-2) * cos(-x('106') +
13034  x('182')) * x('6') * x('82') +
13035  power(x('6'), 2) +
13036  power(x('82'), 2) =l= 1;
13037  con1995..(-2) * cos(-x('148') +
13038  x('192')) * x('48') * x('92') +
13039  power(x('48'), 2) +
13040  power(x('92'), 2) =l= 1;
13041  con1996..(-2) * cos(-x('148') +
13042  x('191')) * x('48') * x('91') +
13043  power(x('48'), 2) +
13044  power(x('91'), 2) =l= 1;
13045  con1997..(-2) * cos(-x('106') +
13046  x('183')) * x('6') * x('83') +
13047  power(x('6'), 2) +
13048  power(x('83'), 2) =l= 1;
13049  con1998..(-2) * cos(-x('148') +
13050  x('190')) * x('48') * x('90') +
13051  power(x('48'), 2) +
13052  power(x('90'), 2) =l= 1;
13053  con1999..(-2) * cos(-x('148') +
13054  x('189')) * x('48') * x('89') +
13055  power(x('48'), 2) +
13056  power(x('89'), 2) =l= 1;
13057  con2000..(-2) * cos(-x('148') +
13058  x('188')) * x('48') * x('88') +
13059  power(x('48'), 2) +
13060  power(x('88'), 2) =l= 1;
13061  con2001..(-2) * cos(-x('106') +
13062  x('184')) * x('6') * x('84') +
13063  power(x('6'), 2) +
13064  power(x('84'), 2) =l= 1;
13065  con2002..(-2) * cos(-x('148') +
13066  x('187')) * x('48') * x('87') +
13067  power(x('48'), 2) +
13068  power(x('87'), 2) =l= 1;
13069  con2003..(-2) * cos(-x('148') +
13070  x('186')) * x('48') * x('86') +
13071  power(x('48'), 2) +
13072  power(x('86'), 2) =l= 1;
13073  con2004..(-2) * cos(-x('106') +
13074  x('185')) * x('6') * x('85') +
13075  power(x('6'), 2) +
13076  power(x('85'), 2) =l= 1;
13077  con2005..(-2) * cos(-x('148') +
13078  x('185')) * x('48') * x('85') +
13079  power(x('48'), 2) +
13080  power(x('85'), 2) =l= 1;
13081  con2006..(-2) * cos(-x('148') +
13082  x('184')) * x('48') * x('84') +
13083  power(x('48'), 2) +
13084  power(x('84'), 2) =l= 1;
13085  con2007..(-2) * cos(-x('106') +
13086  x('186')) * x('6') * x('86') +
13087  power(x('6'), 2) +
13088  power(x('86'), 2) =l= 1;
13089  con2008..(-2) * cos(-x('148') +
13090  x('183')) * x('48') * x('83') +
13091  power(x('48'), 2) +
13092  power(x('83'), 2) =l= 1;
13093  con2009..(-2) * cos(-x('148') +
13094  x('182')) * x('48') * x('82') +
13095  power(x('48'), 2) +
13096  power(x('82'), 2) =l= 1;
13097  con2010..(-2) * cos(-x('106') +
13098  x('187')) * x('6') * x('87') +
13099  power(x('6'), 2) +
13100  power(x('87'), 2) =l= 1;
13101  con2011..(-2) * cos(-x('148') +
13102  x('181')) * x('48') * x('81') +
13103  power(x('48'), 2) +
13104  power(x('81'), 2) =l= 1;
13105  con2012..(-2) * cos(-x('148') +
13106  x('180')) * x('48') * x('80') +
13107  power(x('48'), 2) +
13108  power(x('80'), 2) =l= 1;
13109  con2013..(-2) * cos(-x('148') +
13110  x('179')) * x('48') * x('79') +
13111  power(x('48'), 2) +
13112  power(x('79'), 2) =l= 1;
13113  con2014..(-2) * cos(-x('106') +
13114  x('188')) * x('6') * x('88') +
13115  power(x('6'), 2) +
13116  power(x('88'), 2) =l= 1;
13117  con2015..(-2) * cos(-x('148') +
13118  x('178')) * x('48') * x('78') +
13119  power(x('48'), 2) +
13120  power(x('78'), 2) =l= 1;
13121  con2016..(-2) * cos(-x('148') +
13122  x('177')) * x('48') * x('77') +
13123  power(x('48'), 2) +
13124  power(x('77'), 2) =l= 1;
13125  con2017..(-2) * cos(-x('106') +
13126  x('189')) * x('6') * x('89') +
13127  power(x('6'), 2) +
13128  power(x('89'), 2) =l= 1;
13129  con2018..(-2) * cos(-x('148') +
13130  x('176')) * x('48') * x('76') +
13131  power(x('48'), 2) +
13132  power(x('76'), 2) =l= 1;
13133  con2019..(-2) * cos(-x('148') +
13134  x('175')) * x('48') * x('75') +
13135  power(x('48'), 2) +
13136  power(x('75'), 2) =l= 1;
13137  con2020..(-2) * cos(-x('106') +
13138  x('190')) * x('6') * x('90') +
13139  power(x('6'), 2) +
13140  power(x('90'), 2) =l= 1;
13141  con2021..(-2) * cos(-x('148') +
13142  x('174')) * x('48') * x('74') +
13143  power(x('48'), 2) +
13144  power(x('74'), 2) =l= 1;
13145  con2022..(-2) * cos(-x('148') +
13146  x('173')) * x('48') * x('73') +
13147  power(x('48'), 2) +
13148  power(x('73'), 2) =l= 1;
13149  con2023..(-2) * cos(-x('106') +
13150  x('191')) * x('6') * x('91') +
13151  power(x('6'), 2) +
13152  power(x('91'), 2) =l= 1;
13153  con2024..(-2) * cos(-x('148') +
13154  x('172')) * x('48') * x('72') +
13155  power(x('48'), 2) +
13156  power(x('72'), 2) =l= 1;
13157  con2025..(-2) * cos(-x('148') +
13158  x('171')) * x('48') * x('71') +
13159  power(x('48'), 2) +
13160  power(x('71'), 2) =l= 1;
13161  con2026..(-2) * cos(-x('148') +
13162  x('170')) * x('48') * x('70') +
13163  power(x('48'), 2) +
13164  power(x('70'), 2) =l= 1;
13165  con2027..(-2) * cos(-x('106') +
13166  x('192')) * x('6') * x('92') +
13167  power(x('6'), 2) +
13168  power(x('92'), 2) =l= 1;
13169  con2028..(-2) * cos(-x('148') +
13170  x('169')) * x('48') * x('69') +
13171  power(x('48'), 2) +
13172  power(x('69'), 2) =l= 1;
13173  con2029..(-2) * cos(-x('148') +
13174  x('168')) * x('48') * x('68') +
13175  power(x('48'), 2) +
13176  power(x('68'), 2) =l= 1;
13177  con2030..(-2) * cos(-x('106') +
13178  x('193')) * x('6') * x('93') +
13179  power(x('6'), 2) +
13180  power(x('93'), 2) =l= 1;
13181  con2031..(-2) * cos(-x('148') +
13182  x('167')) * x('48') * x('67') +
13183  power(x('48'), 2) +
13184  power(x('67'), 2) =l= 1;
13185  con2032..(-2) * cos(-x('148') +
13186  x('166')) * x('48') * x('66') +
13187  power(x('48'), 2) +
13188  power(x('66'), 2) =l= 1;
13189  con2033..(-2) * cos(-x('106') +
13190  x('194')) * x('6') * x('94') +
13191  power(x('6'), 2) +
13192  power(x('94'), 2) =l= 1;
13193  con2034..(-2) * cos(-x('148') +
13194  x('165')) * x('48') * x('65') +
13195  power(x('48'), 2) +
13196  power(x('65'), 2) =l= 1;
13197  con2035..(-2) * cos(-x('148') +
13198  x('164')) * x('48') * x('64') +
13199  power(x('48'), 2) +
13200  power(x('64'), 2) =l= 1;
13201  con2036..(-2) * cos(-x('106') +
13202  x('195')) * x('6') * x('95') +
13203  power(x('6'), 2) +
13204  power(x('95'), 2) =l= 1;
13205  con2037..(-2) * cos(-x('148') +
13206  x('163')) * x('48') * x('63') +
13207  power(x('48'), 2) +
13208  power(x('63'), 2) =l= 1;
13209  con2038..(-2) * cos(-x('148') +
13210  x('162')) * x('48') * x('62') +
13211  power(x('48'), 2) +
13212  power(x('62'), 2) =l= 1;
13213  con2039..(-2) * cos(-x('148') +
13214  x('161')) * x('48') * x('61') +
13215  power(x('48'), 2) +
13216  power(x('61'), 2) =l= 1;
13217  con2040..(-2) * cos(-x('106') +
13218  x('196')) * x('6') * x('96') +
13219  power(x('6'), 2) +
13220  power(x('96'), 2) =l= 1;
13221  con2041..(-2) * cos(-x('148') +
13222  x('160')) * x('48') * x('60') +
13223  power(x('48'), 2) +
13224  power(x('60'), 2) =l= 1;
13225  con2042..(-2) * cos(-x('148') +
13226  x('159')) * x('48') * x('59') +
13227  power(x('48'), 2) +
13228  power(x('59'), 2) =l= 1;
13229  con2043..(-2) * cos(-x('106') +
13230  x('197')) * x('6') * x('97') +
13231  power(x('6'), 2) +
13232  power(x('97'), 2) =l= 1;
13233  con2044..(-2) * cos(-x('148') +
13234  x('158')) * x('48') * x('58') +
13235  power(x('48'), 2) +
13236  power(x('58'), 2) =l= 1;
13237  con2045..(-2) * cos(-x('148') +
13238  x('157')) * x('48') * x('57') +
13239  power(x('48'), 2) +
13240  power(x('57'), 2) =l= 1;
13241  con2046..(-2) * cos(-x('106') +
13242  x('198')) * x('6') * x('98') +
13243  power(x('6'), 2) +
13244  power(x('98'), 2) =l= 1;
13245  con2047..(-2) * cos(-x('148') +
13246  x('156')) * x('48') * x('56') +
13247  power(x('48'), 2) +
13248  power(x('56'), 2) =l= 1;
13249  con2048..(-2) * cos(-x('148') +
13250  x('155')) * x('48') * x('55') +
13251  power(x('48'), 2) +
13252  power(x('55'), 2) =l= 1;
13253  con2049..(-2) * cos(-x('106') +
13254  x('199')) * x('6') * x('99') +
13255  power(x('6'), 2) +
13256  power(x('99'), 2) =l= 1;
13257  con2050..(-2) * cos(-x('148') +
13258  x('154')) * x('48') * x('54') +
13259  power(x('48'), 2) +
13260  power(x('54'), 2) =l= 1;
13261  con2051..(-2) * cos(-x('148') +
13262  x('153')) * x('48') * x('53') +
13263  power(x('48'), 2) +
13264  power(x('53'), 2) =l= 1;
13265  con2052..(-2) * cos(-x('148') +
13266  x('152')) * x('48') * x('52') +
13267  power(x('48'), 2) +
13268  power(x('52'), 2) =l= 1;
13269  con2053..(-2) * cos(-x('106') +
13270  x('200')) * x('6') * x('100') +
13271  power(x('6'), 2) +
13272  power(x('100'), 2) =l= 1;
13273  con2054..(-2) * cos(-x('148') +
13274  x('151')) * x('48') * x('51') +
13275  power(x('48'), 2) +
13276  power(x('51'), 2) =l= 1;
13277  con2055..(-2) * cos(-x('148') +
13278  x('150')) * x('48') * x('50') +
13279  power(x('48'), 2) +
13280  power(x('50'), 2) =l= 1;
13281  con2056..(-2) * cos(-x('107') +
13282  x('108')) * x('7') * x('8') +
13283  power(x('7'), 2) +
13284  power(x('8'), 2) =l= 1;
13285  con2057..(-2) * cos(-x('148') +
13286  x('149')) * x('48') * x('49') +
13287  power(x('48'), 2) +
13288  power(x('49'), 2) =l= 1;
13289  con2058..(-2) * cos(-x('147') +
13290  x('200')) * x('47') * x('100') +
13291  power(x('47'), 2) +
13292  power(x('100'), 2) =l= 1;
13293  con2059..(-2) * cos(-x('107') +
13294  x('109')) * x('7') * x('9') +
13295  power(x('7'), 2) +
13296  power(x('9'), 2) =l= 1;
13297  con2060..(-2) * cos(-x('147') +
13298  x('199')) * x('47') * x('99') +
13299  power(x('47'), 2) +
13300  power(x('99'), 2) =l= 1;
13301  con2061..(-2) * cos(-x('147') +
13302  x('198')) * x('47') * x('98') +
13303  power(x('47'), 2) +
13304  power(x('98'), 2) =l= 1;
13305  con2062..(-2) * cos(-x('107') +
13306  x('110')) * x('7') * x('10') +
13307  power(x('7'), 2) +
13308  power(x('10'), 2) =l= 1;
13309  con2063..(-2) * cos(-x('147') +
13310  x('197')) * x('47') * x('97') +
13311  power(x('47'), 2) +
13312  power(x('97'), 2) =l= 1;
13313  con2064..(-2) * cos(-x('147') +
13314  x('196')) * x('47') * x('96') +
13315  power(x('47'), 2) +
13316  power(x('96'), 2) =l= 1;
13317  con2065..(-2) * cos(-x('147') +
13318  x('195')) * x('47') * x('95') +
13319  power(x('47'), 2) +
13320  power(x('95'), 2) =l= 1;
13321  con2066..(-2) * cos(-x('107') +
13322  x('111')) * x('7') * x('11') +
13323  power(x('7'), 2) +
13324  power(x('11'), 2) =l= 1;
13325  con2067..(-2) * cos(-x('147') +
13326  x('194')) * x('47') * x('94') +
13327  power(x('47'), 2) +
13328  power(x('94'), 2) =l= 1;
13329  con2068..(-2) * cos(-x('147') +
13330  x('193')) * x('47') * x('93') +
13331  power(x('47'), 2) +
13332  power(x('93'), 2) =l= 1;
13333  con2069..(-2) * cos(-x('107') +
13334  x('112')) * x('7') * x('12') +
13335  power(x('7'), 2) +
13336  power(x('12'), 2) =l= 1;
13337  con2070..(-2) * cos(-x('147') +
13338  x('192')) * x('47') * x('92') +
13339  power(x('47'), 2) +
13340  power(x('92'), 2) =l= 1;
13341  con2071..(-2) * cos(-x('147') +
13342  x('191')) * x('47') * x('91') +
13343  power(x('47'), 2) +
13344  power(x('91'), 2) =l= 1;
13345  con2072..(-2) * cos(-x('107') +
13346  x('113')) * x('7') * x('13') +
13347  power(x('7'), 2) +
13348  power(x('13'), 2) =l= 1;
13349  con2073..(-2) * cos(-x('147') +
13350  x('190')) * x('47') * x('90') +
13351  power(x('47'), 2) +
13352  power(x('90'), 2) =l= 1;
13353  con2074..(-2) * cos(-x('147') +
13354  x('189')) * x('47') * x('89') +
13355  power(x('47'), 2) +
13356  power(x('89'), 2) =l= 1;
13357  con2075..(-2) * cos(-x('107') +
13358  x('114')) * x('7') * x('14') +
13359  power(x('7'), 2) +
13360  power(x('14'), 2) =l= 1;
13361  con2076..(-2) * cos(-x('147') +
13362  x('188')) * x('47') * x('88') +
13363  power(x('47'), 2) +
13364  power(x('88'), 2) =l= 1;
13365  con2077..(-2) * cos(-x('147') +
13366  x('187')) * x('47') * x('87') +
13367  power(x('47'), 2) +
13368  power(x('87'), 2) =l= 1;
13369  con2078..(-2) * cos(-x('147') +
13370  x('186')) * x('47') * x('86') +
13371  power(x('47'), 2) +
13372  power(x('86'), 2) =l= 1;
13373  con2079..(-2) * cos(-x('107') +
13374  x('115')) * x('7') * x('15') +
13375  power(x('7'), 2) +
13376  power(x('15'), 2) =l= 1;
13377  con2080..(-2) * cos(-x('147') +
13378  x('185')) * x('47') * x('85') +
13379  power(x('47'), 2) +
13380  power(x('85'), 2) =l= 1;
13381  con2081..(-2) * cos(-x('147') +
13382  x('184')) * x('47') * x('84') +
13383  power(x('47'), 2) +
13384  power(x('84'), 2) =l= 1;
13385  con2082..(-2) * cos(-x('107') +
13386  x('116')) * x('7') * x('16') +
13387  power(x('7'), 2) +
13388  power(x('16'), 2) =l= 1;
13389  con2083..(-2) * cos(-x('147') +
13390  x('183')) * x('47') * x('83') +
13391  power(x('47'), 2) +
13392  power(x('83'), 2) =l= 1;
13393  con2084..(-2) * cos(-x('147') +
13394  x('182')) * x('47') * x('82') +
13395  power(x('47'), 2) +
13396  power(x('82'), 2) =l= 1;
13397  con2085..(-2) * cos(-x('107') +
13398  x('117')) * x('7') * x('17') +
13399  power(x('7'), 2) +
13400  power(x('17'), 2) =l= 1;
13401  con2086..(-2) * cos(-x('147') +
13402  x('181')) * x('47') * x('81') +
13403  power(x('47'), 2) +
13404  power(x('81'), 2) =l= 1;
13405  con2087..(-2) * cos(-x('147') +
13406  x('180')) * x('47') * x('80') +
13407  power(x('47'), 2) +
13408  power(x('80'), 2) =l= 1;
13409  con2088..(-2) * cos(-x('107') +
13410  x('118')) * x('7') * x('18') +
13411  power(x('7'), 2) +
13412  power(x('18'), 2) =l= 1;
13413  con2089..(-2) * cos(-x('147') +
13414  x('179')) * x('47') * x('79') +
13415  power(x('47'), 2) +
13416  power(x('79'), 2) =l= 1;
13417  con2090..(-2) * cos(-x('147') +
13418  x('178')) * x('47') * x('78') +
13419  power(x('47'), 2) +
13420  power(x('78'), 2) =l= 1;
13421  con2091..(-2) * cos(-x('147') +
13422  x('177')) * x('47') * x('77') +
13423  power(x('47'), 2) +
13424  power(x('77'), 2) =l= 1;
13425  con2092..(-2) * cos(-x('107') +
13426  x('119')) * x('7') * x('19') +
13427  power(x('7'), 2) +
13428  power(x('19'), 2) =l= 1;
13429  con2093..(-2) * cos(-x('147') +
13430  x('176')) * x('47') * x('76') +
13431  power(x('47'), 2) +
13432  power(x('76'), 2) =l= 1;
13433  con2094..(-2) * cos(-x('147') +
13434  x('175')) * x('47') * x('75') +
13435  power(x('47'), 2) +
13436  power(x('75'), 2) =l= 1;
13437  con2095..(-2) * cos(-x('107') +
13438  x('120')) * x('7') * x('20') +
13439  power(x('7'), 2) +
13440  power(x('20'), 2) =l= 1;
13441  con2096..(-2) * cos(-x('147') +
13442  x('174')) * x('47') * x('74') +
13443  power(x('47'), 2) +
13444  power(x('74'), 2) =l= 1;
13445  con2097..(-2) * cos(-x('147') +
13446  x('173')) * x('47') * x('73') +
13447  power(x('47'), 2) +
13448  power(x('73'), 2) =l= 1;
13449  con2098..(-2) * cos(-x('107') +
13450  x('121')) * x('7') * x('21') +
13451  power(x('7'), 2) +
13452  power(x('21'), 2) =l= 1;
13453  con2099..(-2) * cos(-x('147') +
13454  x('172')) * x('47') * x('72') +
13455  power(x('47'), 2) +
13456  power(x('72'), 2) =l= 1;
13457  con2100..(-2) * cos(-x('147') +
13458  x('171')) * x('47') * x('71') +
13459  power(x('47'), 2) +
13460  power(x('71'), 2) =l= 1;
13461  con2101..(-2) * cos(-x('107') +
13462  x('122')) * x('7') * x('22') +
13463  power(x('7'), 2) +
13464  power(x('22'), 2) =l= 1;
13465  con2102..(-2) * cos(-x('147') +
13466  x('170')) * x('47') * x('70') +
13467  power(x('47'), 2) +
13468  power(x('70'), 2) =l= 1;
13469  con2103..(-2) * cos(-x('147') +
13470  x('169')) * x('47') * x('69') +
13471  power(x('47'), 2) +
13472  power(x('69'), 2) =l= 1;
13473  con2104..(-2) * cos(-x('147') +
13474  x('168')) * x('47') * x('68') +
13475  power(x('47'), 2) +
13476  power(x('68'), 2) =l= 1;
13477  con2105..(-2) * cos(-x('107') +
13478  x('123')) * x('7') * x('23') +
13479  power(x('7'), 2) +
13480  power(x('23'), 2) =l= 1;
13481  con2106..(-2) * cos(-x('147') +
13482  x('167')) * x('47') * x('67') +
13483  power(x('47'), 2) +
13484  power(x('67'), 2) =l= 1;
13485  con2107..(-2) * cos(-x('147') +
13486  x('166')) * x('47') * x('66') +
13487  power(x('47'), 2) +
13488  power(x('66'), 2) =l= 1;
13489  con2108..(-2) * cos(-x('107') +
13490  x('124')) * x('7') * x('24') +
13491  power(x('7'), 2) +
13492  power(x('24'), 2) =l= 1;
13493  con2109..(-2) * cos(-x('147') +
13494  x('165')) * x('47') * x('65') +
13495  power(x('47'), 2) +
13496  power(x('65'), 2) =l= 1;
13497  con2110..(-2) * cos(-x('147') +
13498  x('164')) * x('47') * x('64') +
13499  power(x('47'), 2) +
13500  power(x('64'), 2) =l= 1;
13501  con2111..(-2) * cos(-x('107') +
13502  x('125')) * x('7') * x('25') +
13503  power(x('7'), 2) +
13504  power(x('25'), 2) =l= 1;
13505  con2112..(-2) * cos(-x('147') +
13506  x('163')) * x('47') * x('63') +
13507  power(x('47'), 2) +
13508  power(x('63'), 2) =l= 1;
13509  con2113..(-2) * cos(-x('147') +
13510  x('162')) * x('47') * x('62') +
13511  power(x('47'), 2) +
13512  power(x('62'), 2) =l= 1;
13513  con2114..(-2) * cos(-x('107') +
13514  x('126')) * x('7') * x('26') +
13515  power(x('7'), 2) +
13516  power(x('26'), 2) =l= 1;
13517  con2115..(-2) * cos(-x('147') +
13518  x('161')) * x('47') * x('61') +
13519  power(x('47'), 2) +
13520  power(x('61'), 2) =l= 1;
13521  con2116..(-2) * cos(-x('147') +
13522  x('160')) * x('47') * x('60') +
13523  power(x('47'), 2) +
13524  power(x('60'), 2) =l= 1;
13525  con2117..(-2) * cos(-x('147') +
13526  x('159')) * x('47') * x('59') +
13527  power(x('47'), 2) +
13528  power(x('59'), 2) =l= 1;
13529  con2118..(-2) * cos(-x('107') +
13530  x('127')) * x('7') * x('27') +
13531  power(x('7'), 2) +
13532  power(x('27'), 2) =l= 1;
13533  con2119..(-2) * cos(-x('147') +
13534  x('158')) * x('47') * x('58') +
13535  power(x('47'), 2) +
13536  power(x('58'), 2) =l= 1;
13537  con2120..(-2) * cos(-x('147') +
13538  x('157')) * x('47') * x('57') +
13539  power(x('47'), 2) +
13540  power(x('57'), 2) =l= 1;
13541  con2121..(-2) * cos(-x('107') +
13542  x('128')) * x('7') * x('28') +
13543  power(x('7'), 2) +
13544  power(x('28'), 2) =l= 1;
13545  con2122..(-2) * cos(-x('147') +
13546  x('156')) * x('47') * x('56') +
13547  power(x('47'), 2) +
13548  power(x('56'), 2) =l= 1;
13549  con2123..(-2) * cos(-x('147') +
13550  x('155')) * x('47') * x('55') +
13551  power(x('47'), 2) +
13552  power(x('55'), 2) =l= 1;
13553  con2124..(-2) * cos(-x('107') +
13554  x('129')) * x('7') * x('29') +
13555  power(x('7'), 2) +
13556  power(x('29'), 2) =l= 1;
13557  con2125..(-2) * cos(-x('147') +
13558  x('154')) * x('47') * x('54') +
13559  power(x('47'), 2) +
13560  power(x('54'), 2) =l= 1;
13561  con2126..(-2) * cos(-x('147') +
13562  x('153')) * x('47') * x('53') +
13563  power(x('47'), 2) +
13564  power(x('53'), 2) =l= 1;
13565  con2127..(-2) * cos(-x('107') +
13566  x('130')) * x('7') * x('30') +
13567  power(x('7'), 2) +
13568  power(x('30'), 2) =l= 1;
13569  con2128..(-2) * cos(-x('147') +
13570  x('152')) * x('47') * x('52') +
13571  power(x('47'), 2) +
13572  power(x('52'), 2) =l= 1;
13573  con2129..(-2) * cos(-x('147') +
13574  x('151')) * x('47') * x('51') +
13575  power(x('47'), 2) +
13576  power(x('51'), 2) =l= 1;
13577  con2130..(-2) * cos(-x('147') +
13578  x('150')) * x('47') * x('50') +
13579  power(x('47'), 2) +
13580  power(x('50'), 2) =l= 1;
13581  con2131..(-2) * cos(-x('107') +
13582  x('131')) * x('7') * x('31') +
13583  power(x('7'), 2) +
13584  power(x('31'), 2) =l= 1;
13585  con2132..(-2) * cos(-x('147') +
13586  x('149')) * x('47') * x('49') +
13587  power(x('47'), 2) +
13588  power(x('49'), 2) =l= 1;
13589  con2133..(-2) * cos(-x('147') +
13590  x('148')) * x('47') * x('48') +
13591  power(x('47'), 2) +
13592  power(x('48'), 2) =l= 1;
13593  con2134..(-2) * cos(-x('107') +
13594  x('132')) * x('7') * x('32') +
13595  power(x('7'), 2) +
13596  power(x('32'), 2) =l= 1;
13597  con2135..(-2) * cos(-x('146') +
13598  x('200')) * x('46') * x('100') +
13599  power(x('46'), 2) +
13600  power(x('100'), 2) =l= 1;
13601  con2136..(-2) * cos(-x('146') +
13602  x('199')) * x('46') * x('99') +
13603  power(x('46'), 2) +
13604  power(x('99'), 2) =l= 1;
13605  con2137..(-2) * cos(-x('107') +
13606  x('133')) * x('7') * x('33') +
13607  power(x('7'), 2) +
13608  power(x('33'), 2) =l= 1;
13609  con2138..(-2) * cos(-x('146') +
13610  x('198')) * x('46') * x('98') +
13611  power(x('46'), 2) +
13612  power(x('98'), 2) =l= 1;
13613  con2139..(-2) * cos(-x('146') +
13614  x('197')) * x('46') * x('97') +
13615  power(x('46'), 2) +
13616  power(x('97'), 2) =l= 1;
13617  con2140..(-2) * cos(-x('107') +
13618  x('134')) * x('7') * x('34') +
13619  power(x('7'), 2) +
13620  power(x('34'), 2) =l= 1;
13621  con2141..(-2) * cos(-x('146') +
13622  x('196')) * x('46') * x('96') +
13623  power(x('46'), 2) +
13624  power(x('96'), 2) =l= 1;
13625  con2142..(-2) * cos(-x('146') +
13626  x('195')) * x('46') * x('95') +
13627  power(x('46'), 2) +
13628  power(x('95'), 2) =l= 1;
13629  con2143..(-2) * cos(-x('146') +
13630  x('194')) * x('46') * x('94') +
13631  power(x('46'), 2) +
13632  power(x('94'), 2) =l= 1;
13633  con2144..(-2) * cos(-x('107') +
13634  x('135')) * x('7') * x('35') +
13635  power(x('7'), 2) +
13636  power(x('35'), 2) =l= 1;
13637  con2145..(-2) * cos(-x('146') +
13638  x('193')) * x('46') * x('93') +
13639  power(x('46'), 2) +
13640  power(x('93'), 2) =l= 1;
13641  con2146..(-2) * cos(-x('146') +
13642  x('192')) * x('46') * x('92') +
13643  power(x('46'), 2) +
13644  power(x('92'), 2) =l= 1;
13645  con2147..(-2) * cos(-x('107') +
13646  x('136')) * x('7') * x('36') +
13647  power(x('7'), 2) +
13648  power(x('36'), 2) =l= 1;
13649  con2148..(-2) * cos(-x('146') +
13650  x('191')) * x('46') * x('91') +
13651  power(x('46'), 2) +
13652  power(x('91'), 2) =l= 1;
13653  con2149..(-2) * cos(-x('146') +
13654  x('190')) * x('46') * x('90') +
13655  power(x('46'), 2) +
13656  power(x('90'), 2) =l= 1;
13657  con2150..(-2) * cos(-x('107') +
13658  x('137')) * x('7') * x('37') +
13659  power(x('7'), 2) +
13660  power(x('37'), 2) =l= 1;
13661  con2151..(-2) * cos(-x('146') +
13662  x('189')) * x('46') * x('89') +
13663  power(x('46'), 2) +
13664  power(x('89'), 2) =l= 1;
13665  con2152..(-2) * cos(-x('146') +
13666  x('188')) * x('46') * x('88') +
13667  power(x('46'), 2) +
13668  power(x('88'), 2) =l= 1;
13669  con2153..(-2) * cos(-x('107') +
13670  x('138')) * x('7') * x('38') +
13671  power(x('7'), 2) +
13672  power(x('38'), 2) =l= 1;
13673  con2154..(-2) * cos(-x('146') +
13674  x('187')) * x('46') * x('87') +
13675  power(x('46'), 2) +
13676  power(x('87'), 2) =l= 1;
13677  con2155..(-2) * cos(-x('146') +
13678  x('186')) * x('46') * x('86') +
13679  power(x('46'), 2) +
13680  power(x('86'), 2) =l= 1;
13681  con2156..(-2) * cos(-x('146') +
13682  x('185')) * x('46') * x('85') +
13683  power(x('46'), 2) +
13684  power(x('85'), 2) =l= 1;
13685  con2157..(-2) * cos(-x('107') +
13686  x('139')) * x('7') * x('39') +
13687  power(x('7'), 2) +
13688  power(x('39'), 2) =l= 1;
13689  con2158..(-2) * cos(-x('146') +
13690  x('184')) * x('46') * x('84') +
13691  power(x('46'), 2) +
13692  power(x('84'), 2) =l= 1;
13693  con2159..(-2) * cos(-x('146') +
13694  x('183')) * x('46') * x('83') +
13695  power(x('46'), 2) +
13696  power(x('83'), 2) =l= 1;
13697  con2160..(-2) * cos(-x('107') +
13698  x('140')) * x('7') * x('40') +
13699  power(x('7'), 2) +
13700  power(x('40'), 2) =l= 1;
13701  con2161..(-2) * cos(-x('146') +
13702  x('182')) * x('46') * x('82') +
13703  power(x('46'), 2) +
13704  power(x('82'), 2) =l= 1;
13705  con2162..(-2) * cos(-x('146') +
13706  x('181')) * x('46') * x('81') +
13707  power(x('46'), 2) +
13708  power(x('81'), 2) =l= 1;
13709  con2163..(-2) * cos(-x('107') +
13710  x('141')) * x('7') * x('41') +
13711  power(x('7'), 2) +
13712  power(x('41'), 2) =l= 1;
13713  con2164..(-2) * cos(-x('146') +
13714  x('180')) * x('46') * x('80') +
13715  power(x('46'), 2) +
13716  power(x('80'), 2) =l= 1;
13717  con2165..(-2) * cos(-x('146') +
13718  x('179')) * x('46') * x('79') +
13719  power(x('46'), 2) +
13720  power(x('79'), 2) =l= 1;
13721  con2166..(-2) * cos(-x('107') +
13722  x('142')) * x('7') * x('42') +
13723  power(x('7'), 2) +
13724  power(x('42'), 2) =l= 1;
13725  con2167..(-2) * cos(-x('146') +
13726  x('178')) * x('46') * x('78') +
13727  power(x('46'), 2) +
13728  power(x('78'), 2) =l= 1;
13729  con2168..(-2) * cos(-x('146') +
13730  x('177')) * x('46') * x('77') +
13731  power(x('46'), 2) +
13732  power(x('77'), 2) =l= 1;
13733  con2169..(-2) * cos(-x('146') +
13734  x('176')) * x('46') * x('76') +
13735  power(x('46'), 2) +
13736  power(x('76'), 2) =l= 1;
13737  con2170..(-2) * cos(-x('107') +
13738  x('143')) * x('7') * x('43') +
13739  power(x('7'), 2) +
13740  power(x('43'), 2) =l= 1;
13741  con2171..(-2) * cos(-x('146') +
13742  x('175')) * x('46') * x('75') +
13743  power(x('46'), 2) +
13744  power(x('75'), 2) =l= 1;
13745  con2172..(-2) * cos(-x('146') +
13746  x('174')) * x('46') * x('74') +
13747  power(x('46'), 2) +
13748  power(x('74'), 2) =l= 1;
13749  con2173..(-2) * cos(-x('107') +
13750  x('144')) * x('7') * x('44') +
13751  power(x('7'), 2) +
13752  power(x('44'), 2) =l= 1;
13753  con2174..(-2) * cos(-x('146') +
13754  x('173')) * x('46') * x('73') +
13755  power(x('46'), 2) +
13756  power(x('73'), 2) =l= 1;
13757  con2175..(-2) * cos(-x('146') +
13758  x('172')) * x('46') * x('72') +
13759  power(x('46'), 2) +
13760  power(x('72'), 2) =l= 1;
13761  con2176..(-2) * cos(-x('107') +
13762  x('145')) * x('7') * x('45') +
13763  power(x('7'), 2) +
13764  power(x('45'), 2) =l= 1;
13765  con2177..(-2) * cos(-x('146') +
13766  x('171')) * x('46') * x('71') +
13767  power(x('46'), 2) +
13768  power(x('71'), 2) =l= 1;
13769  con2178..(-2) * cos(-x('146') +
13770  x('170')) * x('46') * x('70') +
13771  power(x('46'), 2) +
13772  power(x('70'), 2) =l= 1;
13773  con2179..(-2) * cos(-x('107') +
13774  x('146')) * x('7') * x('46') +
13775  power(x('7'), 2) +
13776  power(x('46'), 2) =l= 1;
13777  con2180..(-2) * cos(-x('146') +
13778  x('169')) * x('46') * x('69') +
13779  power(x('46'), 2) +
13780  power(x('69'), 2) =l= 1;
13781  con2181..(-2) * cos(-x('146') +
13782  x('168')) * x('46') * x('68') +
13783  power(x('46'), 2) +
13784  power(x('68'), 2) =l= 1;
13785  con2182..(-2) * cos(-x('146') +
13786  x('167')) * x('46') * x('67') +
13787  power(x('46'), 2) +
13788  power(x('67'), 2) =l= 1;
13789  con2183..(-2) * cos(-x('107') +
13790  x('147')) * x('7') * x('47') +
13791  power(x('7'), 2) +
13792  power(x('47'), 2) =l= 1;
13793  con2184..(-2) * cos(-x('146') +
13794  x('166')) * x('46') * x('66') +
13795  power(x('46'), 2) +
13796  power(x('66'), 2) =l= 1;
13797  con2185..(-2) * cos(-x('146') +
13798  x('165')) * x('46') * x('65') +
13799  power(x('46'), 2) +
13800  power(x('65'), 2) =l= 1;
13801  con2186..(-2) * cos(-x('107') +
13802  x('148')) * x('7') * x('48') +
13803  power(x('7'), 2) +
13804  power(x('48'), 2) =l= 1;
13805  con2187..(-2) * cos(-x('146') +
13806  x('164')) * x('46') * x('64') +
13807  power(x('46'), 2) +
13808  power(x('64'), 2) =l= 1;
13809  con2188..(-2) * cos(-x('146') +
13810  x('163')) * x('46') * x('63') +
13811  power(x('46'), 2) +
13812  power(x('63'), 2) =l= 1;
13813  con2189..(-2) * cos(-x('107') +
13814  x('149')) * x('7') * x('49') +
13815  power(x('7'), 2) +
13816  power(x('49'), 2) =l= 1;
13817  con2190..(-2) * cos(-x('146') +
13818  x('162')) * x('46') * x('62') +
13819  power(x('46'), 2) +
13820  power(x('62'), 2) =l= 1;
13821  con2191..(-2) * cos(-x('146') +
13822  x('161')) * x('46') * x('61') +
13823  power(x('46'), 2) +
13824  power(x('61'), 2) =l= 1;
13825  con2192..(-2) * cos(-x('107') +
13826  x('150')) * x('7') * x('50') +
13827  power(x('7'), 2) +
13828  power(x('50'), 2) =l= 1;
13829  con2193..(-2) * cos(-x('146') +
13830  x('160')) * x('46') * x('60') +
13831  power(x('46'), 2) +
13832  power(x('60'), 2) =l= 1;
13833  con2194..(-2) * cos(-x('146') +
13834  x('159')) * x('46') * x('59') +
13835  power(x('46'), 2) +
13836  power(x('59'), 2) =l= 1;
13837  con2195..(-2) * cos(-x('146') +
13838  x('158')) * x('46') * x('58') +
13839  power(x('46'), 2) +
13840  power(x('58'), 2) =l= 1;
13841  con2196..(-2) * cos(-x('107') +
13842  x('151')) * x('7') * x('51') +
13843  power(x('7'), 2) +
13844  power(x('51'), 2) =l= 1;
13845  con2197..(-2) * cos(-x('146') +
13846  x('157')) * x('46') * x('57') +
13847  power(x('46'), 2) +
13848  power(x('57'), 2) =l= 1;
13849  con2198..(-2) * cos(-x('146') +
13850  x('156')) * x('46') * x('56') +
13851  power(x('46'), 2) +
13852  power(x('56'), 2) =l= 1;
13853  con2199..(-2) * cos(-x('107') +
13854  x('152')) * x('7') * x('52') +
13855  power(x('7'), 2) +
13856  power(x('52'), 2) =l= 1;
13857  con2200..(-2) * cos(-x('146') +
13858  x('155')) * x('46') * x('55') +
13859  power(x('46'), 2) +
13860  power(x('55'), 2) =l= 1;
13861  con2201..(-2) * cos(-x('146') +
13862  x('154')) * x('46') * x('54') +
13863  power(x('46'), 2) +
13864  power(x('54'), 2) =l= 1;
13865  con2202..(-2) * cos(-x('107') +
13866  x('153')) * x('7') * x('53') +
13867  power(x('7'), 2) +
13868  power(x('53'), 2) =l= 1;
13869  con2203..(-2) * cos(-x('146') +
13870  x('153')) * x('46') * x('53') +
13871  power(x('46'), 2) +
13872  power(x('53'), 2) =l= 1;
13873  con2204..(-2) * cos(-x('146') +
13874  x('152')) * x('46') * x('52') +
13875  power(x('46'), 2) +
13876  power(x('52'), 2) =l= 1;
13877  con2205..(-2) * cos(-x('107') +
13878  x('154')) * x('7') * x('54') +
13879  power(x('7'), 2) +
13880  power(x('54'), 2) =l= 1;
13881  con2206..(-2) * cos(-x('146') +
13882  x('151')) * x('46') * x('51') +
13883  power(x('46'), 2) +
13884  power(x('51'), 2) =l= 1;
13885  con2207..(-2) * cos(-x('146') +
13886  x('150')) * x('46') * x('50') +
13887  power(x('46'), 2) +
13888  power(x('50'), 2) =l= 1;
13889  con2208..(-2) * cos(-x('146') +
13890  x('149')) * x('46') * x('49') +
13891  power(x('46'), 2) +
13892  power(x('49'), 2) =l= 1;
13893  con2209..(-2) * cos(-x('107') +
13894  x('155')) * x('7') * x('55') +
13895  power(x('7'), 2) +
13896  power(x('55'), 2) =l= 1;
13897  con2210..(-2) * cos(-x('146') +
13898  x('148')) * x('46') * x('48') +
13899  power(x('46'), 2) +
13900  power(x('48'), 2) =l= 1;
13901  con2211..(-2) * cos(-x('146') +
13902  x('147')) * x('46') * x('47') +
13903  power(x('46'), 2) +
13904  power(x('47'), 2) =l= 1;
13905  con2212..(-2) * cos(-x('107') +
13906  x('156')) * x('7') * x('56') +
13907  power(x('7'), 2) +
13908  power(x('56'), 2) =l= 1;
13909  con2213..(-2) * cos(-x('145') +
13910  x('200')) * x('45') * x('100') +
13911  power(x('45'), 2) +
13912  power(x('100'), 2) =l= 1;
13913  con2214..(-2) * cos(-x('145') +
13914  x('199')) * x('45') * x('99') +
13915  power(x('45'), 2) +
13916  power(x('99'), 2) =l= 1;
13917  con2215..(-2) * cos(-x('107') +
13918  x('157')) * x('7') * x('57') +
13919  power(x('7'), 2) +
13920  power(x('57'), 2) =l= 1;
13921  con2216..(-2) * cos(-x('145') +
13922  x('198')) * x('45') * x('98') +
13923  power(x('45'), 2) +
13924  power(x('98'), 2) =l= 1;
13925  con2217..(-2) * cos(-x('145') +
13926  x('197')) * x('45') * x('97') +
13927  power(x('45'), 2) +
13928  power(x('97'), 2) =l= 1;
13929  con2218..(-2) * cos(-x('107') +
13930  x('158')) * x('7') * x('58') +
13931  power(x('7'), 2) +
13932  power(x('58'), 2) =l= 1;
13933  con2219..(-2) * cos(-x('145') +
13934  x('196')) * x('45') * x('96') +
13935  power(x('45'), 2) +
13936  power(x('96'), 2) =l= 1;
13937  con2220..(-2) * cos(-x('145') +
13938  x('195')) * x('45') * x('95') +
13939  power(x('45'), 2) +
13940  power(x('95'), 2) =l= 1;
13941  con2221..(-2) * cos(-x('145') +
13942  x('194')) * x('45') * x('94') +
13943  power(x('45'), 2) +
13944  power(x('94'), 2) =l= 1;
13945  con2222..(-2) * cos(-x('107') +
13946  x('159')) * x('7') * x('59') +
13947  power(x('7'), 2) +
13948  power(x('59'), 2) =l= 1;
13949  con2223..(-2) * cos(-x('145') +
13950  x('193')) * x('45') * x('93') +
13951  power(x('45'), 2) +
13952  power(x('93'), 2) =l= 1;
13953  con2224..(-2) * cos(-x('145') +
13954  x('192')) * x('45') * x('92') +
13955  power(x('45'), 2) +
13956  power(x('92'), 2) =l= 1;
13957  con2225..(-2) * cos(-x('107') +
13958  x('160')) * x('7') * x('60') +
13959  power(x('7'), 2) +
13960  power(x('60'), 2) =l= 1;
13961  con2226..(-2) * cos(-x('145') +
13962  x('191')) * x('45') * x('91') +
13963  power(x('45'), 2) +
13964  power(x('91'), 2) =l= 1;
13965  con2227..(-2) * cos(-x('145') +
13966  x('190')) * x('45') * x('90') +
13967  power(x('45'), 2) +
13968  power(x('90'), 2) =l= 1;
13969  con2228..(-2) * cos(-x('107') +
13970  x('161')) * x('7') * x('61') +
13971  power(x('7'), 2) +
13972  power(x('61'), 2) =l= 1;
13973  con2229..(-2) * cos(-x('145') +
13974  x('189')) * x('45') * x('89') +
13975  power(x('45'), 2) +
13976  power(x('89'), 2) =l= 1;
13977  con2230..(-2) * cos(-x('145') +
13978  x('188')) * x('45') * x('88') +
13979  power(x('45'), 2) +
13980  power(x('88'), 2) =l= 1;
13981  con2231..(-2) * cos(-x('107') +
13982  x('162')) * x('7') * x('62') +
13983  power(x('7'), 2) +
13984  power(x('62'), 2) =l= 1;
13985  con2232..(-2) * cos(-x('145') +
13986  x('187')) * x('45') * x('87') +
13987  power(x('45'), 2) +
13988  power(x('87'), 2) =l= 1;
13989  con2233..(-2) * cos(-x('145') +
13990  x('186')) * x('45') * x('86') +
13991  power(x('45'), 2) +
13992  power(x('86'), 2) =l= 1;
13993  con2234..(-2) * cos(-x('145') +
13994  x('185')) * x('45') * x('85') +
13995  power(x('45'), 2) +
13996  power(x('85'), 2) =l= 1;
13997  con2235..(-2) * cos(-x('107') +
13998  x('163')) * x('7') * x('63') +
13999  power(x('7'), 2) +
14000  power(x('63'), 2) =l= 1;
14001  con2236..(-2) * cos(-x('145') +
14002  x('184')) * x('45') * x('84') +
14003  power(x('45'), 2) +
14004  power(x('84'), 2) =l= 1;
14005  con2237..(-2) * cos(-x('145') +
14006  x('183')) * x('45') * x('83') +
14007  power(x('45'), 2) +
14008  power(x('83'), 2) =l= 1;
14009  con2238..(-2) * cos(-x('107') +
14010  x('164')) * x('7') * x('64') +
14011  power(x('7'), 2) +
14012  power(x('64'), 2) =l= 1;
14013  con2239..(-2) * cos(-x('145') +
14014  x('182')) * x('45') * x('82') +
14015  power(x('45'), 2) +
14016  power(x('82'), 2) =l= 1;
14017  con2240..(-2) * cos(-x('145') +
14018  x('181')) * x('45') * x('81') +
14019  power(x('45'), 2) +
14020  power(x('81'), 2) =l= 1;
14021  con2241..(-2) * cos(-x('107') +
14022  x('165')) * x('7') * x('65') +
14023  power(x('7'), 2) +
14024  power(x('65'), 2) =l= 1;
14025  con2242..(-2) * cos(-x('145') +
14026  x('180')) * x('45') * x('80') +
14027  power(x('45'), 2) +
14028  power(x('80'), 2) =l= 1;
14029  con2243..(-2) * cos(-x('145') +
14030  x('179')) * x('45') * x('79') +
14031  power(x('45'), 2) +
14032  power(x('79'), 2) =l= 1;
14033  con2244..(-2) * cos(-x('107') +
14034  x('166')) * x('7') * x('66') +
14035  power(x('7'), 2) +
14036  power(x('66'), 2) =l= 1;
14037  con2245..(-2) * cos(-x('145') +
14038  x('178')) * x('45') * x('78') +
14039  power(x('45'), 2) +
14040  power(x('78'), 2) =l= 1;
14041  con2246..(-2) * cos(-x('145') +
14042  x('177')) * x('45') * x('77') +
14043  power(x('45'), 2) +
14044  power(x('77'), 2) =l= 1;
14045  con2247..(-2) * cos(-x('145') +
14046  x('176')) * x('45') * x('76') +
14047  power(x('45'), 2) +
14048  power(x('76'), 2) =l= 1;
14049  con2248..(-2) * cos(-x('107') +
14050  x('167')) * x('7') * x('67') +
14051  power(x('7'), 2) +
14052  power(x('67'), 2) =l= 1;
14053  con2249..(-2) * cos(-x('145') +
14054  x('175')) * x('45') * x('75') +
14055  power(x('45'), 2) +
14056  power(x('75'), 2) =l= 1;
14057  con2250..(-2) * cos(-x('145') +
14058  x('174')) * x('45') * x('74') +
14059  power(x('45'), 2) +
14060  power(x('74'), 2) =l= 1;
14061  con2251..(-2) * cos(-x('107') +
14062  x('168')) * x('7') * x('68') +
14063  power(x('7'), 2) +
14064  power(x('68'), 2) =l= 1;
14065  con2252..(-2) * cos(-x('145') +
14066  x('173')) * x('45') * x('73') +
14067  power(x('45'), 2) +
14068  power(x('73'), 2) =l= 1;
14069  con2253..(-2) * cos(-x('145') +
14070  x('172')) * x('45') * x('72') +
14071  power(x('45'), 2) +
14072  power(x('72'), 2) =l= 1;
14073  con2254..(-2) * cos(-x('107') +
14074  x('169')) * x('7') * x('69') +
14075  power(x('7'), 2) +
14076  power(x('69'), 2) =l= 1;
14077  con2255..(-2) * cos(-x('145') +
14078  x('171')) * x('45') * x('71') +
14079  power(x('45'), 2) +
14080  power(x('71'), 2) =l= 1;
14081  con2256..(-2) * cos(-x('145') +
14082  x('170')) * x('45') * x('70') +
14083  power(x('45'), 2) +
14084  power(x('70'), 2) =l= 1;
14085  con2257..(-2) * cos(-x('107') +
14086  x('170')) * x('7') * x('70') +
14087  power(x('7'), 2) +
14088  power(x('70'), 2) =l= 1;
14089  con2258..(-2) * cos(-x('145') +
14090  x('169')) * x('45') * x('69') +
14091  power(x('45'), 2) +
14092  power(x('69'), 2) =l= 1;
14093  con2259..(-2) * cos(-x('145') +
14094  x('168')) * x('45') * x('68') +
14095  power(x('45'), 2) +
14096  power(x('68'), 2) =l= 1;
14097  con2260..(-2) * cos(-x('145') +
14098  x('167')) * x('45') * x('67') +
14099  power(x('45'), 2) +
14100  power(x('67'), 2) =l= 1;
14101  con2261..(-2) * cos(-x('107') +
14102  x('171')) * x('7') * x('71') +
14103  power(x('7'), 2) +
14104  power(x('71'), 2) =l= 1;
14105  con2262..(-2) * cos(-x('145') +
14106  x('166')) * x('45') * x('66') +
14107  power(x('45'), 2) +
14108  power(x('66'), 2) =l= 1;
14109  con2263..(-2) * cos(-x('145') +
14110  x('165')) * x('45') * x('65') +
14111  power(x('45'), 2) +
14112  power(x('65'), 2) =l= 1;
14113  con2264..(-2) * cos(-x('107') +
14114  x('172')) * x('7') * x('72') +
14115  power(x('7'), 2) +
14116  power(x('72'), 2) =l= 1;
14117  con2265..(-2) * cos(-x('145') +
14118  x('164')) * x('45') * x('64') +
14119  power(x('45'), 2) +
14120  power(x('64'), 2) =l= 1;
14121  con2266..(-2) * cos(-x('145') +
14122  x('163')) * x('45') * x('63') +
14123  power(x('45'), 2) +
14124  power(x('63'), 2) =l= 1;
14125  con2267..(-2) * cos(-x('107') +
14126  x('173')) * x('7') * x('73') +
14127  power(x('7'), 2) +
14128  power(x('73'), 2) =l= 1;
14129  con2268..(-2) * cos(-x('145') +
14130  x('162')) * x('45') * x('62') +
14131  power(x('45'), 2) +
14132  power(x('62'), 2) =l= 1;
14133  con2269..(-2) * cos(-x('145') +
14134  x('161')) * x('45') * x('61') +
14135  power(x('45'), 2) +
14136  power(x('61'), 2) =l= 1;
14137  con2270..(-2) * cos(-x('107') +
14138  x('174')) * x('7') * x('74') +
14139  power(x('7'), 2) +
14140  power(x('74'), 2) =l= 1;
14141  con2271..(-2) * cos(-x('145') +
14142  x('160')) * x('45') * x('60') +
14143  power(x('45'), 2) +
14144  power(x('60'), 2) =l= 1;
14145  con2272..(-2) * cos(-x('145') +
14146  x('159')) * x('45') * x('59') +
14147  power(x('45'), 2) +
14148  power(x('59'), 2) =l= 1;
14149  con2273..(-2) * cos(-x('145') +
14150  x('158')) * x('45') * x('58') +
14151  power(x('45'), 2) +
14152  power(x('58'), 2) =l= 1;
14153  con2274..(-2) * cos(-x('107') +
14154  x('175')) * x('7') * x('75') +
14155  power(x('7'), 2) +
14156  power(x('75'), 2) =l= 1;
14157  con2275..(-2) * cos(-x('145') +
14158  x('157')) * x('45') * x('57') +
14159  power(x('45'), 2) +
14160  power(x('57'), 2) =l= 1;
14161  con2276..(-2) * cos(-x('145') +
14162  x('156')) * x('45') * x('56') +
14163  power(x('45'), 2) +
14164  power(x('56'), 2) =l= 1;
14165  con2277..(-2) * cos(-x('107') +
14166  x('176')) * x('7') * x('76') +
14167  power(x('7'), 2) +
14168  power(x('76'), 2) =l= 1;
14169  con2278..(-2) * cos(-x('145') +
14170  x('155')) * x('45') * x('55') +
14171  power(x('45'), 2) +
14172  power(x('55'), 2) =l= 1;
14173  con2279..(-2) * cos(-x('145') +
14174  x('154')) * x('45') * x('54') +
14175  power(x('45'), 2) +
14176  power(x('54'), 2) =l= 1;
14177  con2280..(-2) * cos(-x('107') +
14178  x('177')) * x('7') * x('77') +
14179  power(x('7'), 2) +
14180  power(x('77'), 2) =l= 1;
14181  con2281..(-2) * cos(-x('145') +
14182  x('153')) * x('45') * x('53') +
14183  power(x('45'), 2) +
14184  power(x('53'), 2) =l= 1;
14185  con2282..(-2) * cos(-x('145') +
14186  x('152')) * x('45') * x('52') +
14187  power(x('45'), 2) +
14188  power(x('52'), 2) =l= 1;
14189  con2283..(-2) * cos(-x('107') +
14190  x('178')) * x('7') * x('78') +
14191  power(x('7'), 2) +
14192  power(x('78'), 2) =l= 1;
14193  con2284..(-2) * cos(-x('145') +
14194  x('151')) * x('45') * x('51') +
14195  power(x('45'), 2) +
14196  power(x('51'), 2) =l= 1;
14197  con2285..(-2) * cos(-x('145') +
14198  x('150')) * x('45') * x('50') +
14199  power(x('45'), 2) +
14200  power(x('50'), 2) =l= 1;
14201  con2286..(-2) * cos(-x('145') +
14202  x('149')) * x('45') * x('49') +
14203  power(x('45'), 2) +
14204  power(x('49'), 2) =l= 1;
14205  con2287..(-2) * cos(-x('107') +
14206  x('179')) * x('7') * x('79') +
14207  power(x('7'), 2) +
14208  power(x('79'), 2) =l= 1;
14209  con2288..(-2) * cos(-x('145') +
14210  x('148')) * x('45') * x('48') +
14211  power(x('45'), 2) +
14212  power(x('48'), 2) =l= 1;
14213  con2289..(-2) * cos(-x('145') +
14214  x('147')) * x('45') * x('47') +
14215  power(x('45'), 2) +
14216  power(x('47'), 2) =l= 1;
14217  con2290..(-2) * cos(-x('107') +
14218  x('180')) * x('7') * x('80') +
14219  power(x('7'), 2) +
14220  power(x('80'), 2) =l= 1;
14221  con2291..(-2) * cos(-x('145') +
14222  x('146')) * x('45') * x('46') +
14223  power(x('45'), 2) +
14224  power(x('46'), 2) =l= 1;
14225  con2292..(-2) * cos(-x('144') +
14226  x('200')) * x('44') * x('100') +
14227  power(x('44'), 2) +
14228  power(x('100'), 2) =l= 1;
14229  con2293..(-2) * cos(-x('107') +
14230  x('181')) * x('7') * x('81') +
14231  power(x('7'), 2) +
14232  power(x('81'), 2) =l= 1;
14233  con2294..(-2) * cos(-x('144') +
14234  x('199')) * x('44') * x('99') +
14235  power(x('44'), 2) +
14236  power(x('99'), 2) =l= 1;
14237  con2295..(-2) * cos(-x('144') +
14238  x('198')) * x('44') * x('98') +
14239  power(x('44'), 2) +
14240  power(x('98'), 2) =l= 1;
14241  con2296..(-2) * cos(-x('107') +
14242  x('182')) * x('7') * x('82') +
14243  power(x('7'), 2) +
14244  power(x('82'), 2) =l= 1;
14245  con2297..(-2) * cos(-x('144') +
14246  x('197')) * x('44') * x('97') +
14247  power(x('44'), 2) +
14248  power(x('97'), 2) =l= 1;
14249  con2298..(-2) * cos(-x('144') +
14250  x('196')) * x('44') * x('96') +
14251  power(x('44'), 2) +
14252  power(x('96'), 2) =l= 1;
14253  con2299..(-2) * cos(-x('144') +
14254  x('195')) * x('44') * x('95') +
14255  power(x('44'), 2) +
14256  power(x('95'), 2) =l= 1;
14257  con2300..(-2) * cos(-x('107') +
14258  x('183')) * x('7') * x('83') +
14259  power(x('7'), 2) +
14260  power(x('83'), 2) =l= 1;
14261  con2301..(-2) * cos(-x('144') +
14262  x('194')) * x('44') * x('94') +
14263  power(x('44'), 2) +
14264  power(x('94'), 2) =l= 1;
14265  con2302..(-2) * cos(-x('144') +
14266  x('193')) * x('44') * x('93') +
14267  power(x('44'), 2) +
14268  power(x('93'), 2) =l= 1;
14269  con2303..(-2) * cos(-x('107') +
14270  x('184')) * x('7') * x('84') +
14271  power(x('7'), 2) +
14272  power(x('84'), 2) =l= 1;
14273  con2304..(-2) * cos(-x('144') +
14274  x('192')) * x('44') * x('92') +
14275  power(x('44'), 2) +
14276  power(x('92'), 2) =l= 1;
14277  con2305..(-2) * cos(-x('144') +
14278  x('191')) * x('44') * x('91') +
14279  power(x('44'), 2) +
14280  power(x('91'), 2) =l= 1;
14281  con2306..(-2) * cos(-x('107') +
14282  x('185')) * x('7') * x('85') +
14283  power(x('7'), 2) +
14284  power(x('85'), 2) =l= 1;
14285  con2307..(-2) * cos(-x('144') +
14286  x('190')) * x('44') * x('90') +
14287  power(x('44'), 2) +
14288  power(x('90'), 2) =l= 1;
14289  con2308..(-2) * cos(-x('144') +
14290  x('189')) * x('44') * x('89') +
14291  power(x('44'), 2) +
14292  power(x('89'), 2) =l= 1;
14293  con2309..(-2) * cos(-x('107') +
14294  x('186')) * x('7') * x('86') +
14295  power(x('7'), 2) +
14296  power(x('86'), 2) =l= 1;
14297  con2310..(-2) * cos(-x('144') +
14298  x('188')) * x('44') * x('88') +
14299  power(x('44'), 2) +
14300  power(x('88'), 2) =l= 1;
14301  con2311..(-2) * cos(-x('144') +
14302  x('187')) * x('44') * x('87') +
14303  power(x('44'), 2) +
14304  power(x('87'), 2) =l= 1;
14305  con2312..(-2) * cos(-x('144') +
14306  x('186')) * x('44') * x('86') +
14307  power(x('44'), 2) +
14308  power(x('86'), 2) =l= 1;
14309  con2313..(-2) * cos(-x('107') +
14310  x('187')) * x('7') * x('87') +
14311  power(x('7'), 2) +
14312  power(x('87'), 2) =l= 1;
14313  con2314..(-2) * cos(-x('144') +
14314  x('185')) * x('44') * x('85') +
14315  power(x('44'), 2) +
14316  power(x('85'), 2) =l= 1;
14317  con2315..(-2) * cos(-x('144') +
14318  x('184')) * x('44') * x('84') +
14319  power(x('44'), 2) +
14320  power(x('84'), 2) =l= 1;
14321  con2316..(-2) * cos(-x('107') +
14322  x('188')) * x('7') * x('88') +
14323  power(x('7'), 2) +
14324  power(x('88'), 2) =l= 1;
14325  con2317..(-2) * cos(-x('144') +
14326  x('183')) * x('44') * x('83') +
14327  power(x('44'), 2) +
14328  power(x('83'), 2) =l= 1;
14329  con2318..(-2) * cos(-x('144') +
14330  x('182')) * x('44') * x('82') +
14331  power(x('44'), 2) +
14332  power(x('82'), 2) =l= 1;
14333  con2319..(-2) * cos(-x('107') +
14334  x('189')) * x('7') * x('89') +
14335  power(x('7'), 2) +
14336  power(x('89'), 2) =l= 1;
14337  con2320..(-2) * cos(-x('144') +
14338  x('181')) * x('44') * x('81') +
14339  power(x('44'), 2) +
14340  power(x('81'), 2) =l= 1;
14341  con2321..(-2) * cos(-x('144') +
14342  x('180')) * x('44') * x('80') +
14343  power(x('44'), 2) +
14344  power(x('80'), 2) =l= 1;
14345  con2322..(-2) * cos(-x('107') +
14346  x('190')) * x('7') * x('90') +
14347  power(x('7'), 2) +
14348  power(x('90'), 2) =l= 1;
14349  con2323..(-2) * cos(-x('144') +
14350  x('179')) * x('44') * x('79') +
14351  power(x('44'), 2) +
14352  power(x('79'), 2) =l= 1;
14353  con2324..(-2) * cos(-x('144') +
14354  x('178')) * x('44') * x('78') +
14355  power(x('44'), 2) +
14356  power(x('78'), 2) =l= 1;
14357  con2325..(-2) * cos(-x('144') +
14358  x('177')) * x('44') * x('77') +
14359  power(x('44'), 2) +
14360  power(x('77'), 2) =l= 1;
14361  con2326..(-2) * cos(-x('107') +
14362  x('191')) * x('7') * x('91') +
14363  power(x('7'), 2) +
14364  power(x('91'), 2) =l= 1;
14365  con2327..(-2) * cos(-x('144') +
14366  x('176')) * x('44') * x('76') +
14367  power(x('44'), 2) +
14368  power(x('76'), 2) =l= 1;
14369  con2328..(-2) * cos(-x('144') +
14370  x('175')) * x('44') * x('75') +
14371  power(x('44'), 2) +
14372  power(x('75'), 2) =l= 1;
14373  con2329..(-2) * cos(-x('107') +
14374  x('192')) * x('7') * x('92') +
14375  power(x('7'), 2) +
14376  power(x('92'), 2) =l= 1;
14377  con2330..(-2) * cos(-x('144') +
14378  x('174')) * x('44') * x('74') +
14379  power(x('44'), 2) +
14380  power(x('74'), 2) =l= 1;
14381  con2331..(-2) * cos(-x('144') +
14382  x('173')) * x('44') * x('73') +
14383  power(x('44'), 2) +
14384  power(x('73'), 2) =l= 1;
14385  con2332..(-2) * cos(-x('107') +
14386  x('193')) * x('7') * x('93') +
14387  power(x('7'), 2) +
14388  power(x('93'), 2) =l= 1;
14389  con2333..(-2) * cos(-x('144') +
14390  x('172')) * x('44') * x('72') +
14391  power(x('44'), 2) +
14392  power(x('72'), 2) =l= 1;
14393  con2334..(-2) * cos(-x('144') +
14394  x('171')) * x('44') * x('71') +
14395  power(x('44'), 2) +
14396  power(x('71'), 2) =l= 1;
14397  con2335..(-2) * cos(-x('107') +
14398  x('194')) * x('7') * x('94') +
14399  power(x('7'), 2) +
14400  power(x('94'), 2) =l= 1;
14401  con2336..(-2) * cos(-x('144') +
14402  x('170')) * x('44') * x('70') +
14403  power(x('44'), 2) +
14404  power(x('70'), 2) =l= 1;
14405  con2337..(-2) * cos(-x('144') +
14406  x('169')) * x('44') * x('69') +
14407  power(x('44'), 2) +
14408  power(x('69'), 2) =l= 1;
14409  con2338..(-2) * cos(-x('144') +
14410  x('168')) * x('44') * x('68') +
14411  power(x('44'), 2) +
14412  power(x('68'), 2) =l= 1;
14413  con2339..(-2) * cos(-x('107') +
14414  x('195')) * x('7') * x('95') +
14415  power(x('7'), 2) +
14416  power(x('95'), 2) =l= 1;
14417  con2340..(-2) * cos(-x('144') +
14418  x('167')) * x('44') * x('67') +
14419  power(x('44'), 2) +
14420  power(x('67'), 2) =l= 1;
14421  con2341..(-2) * cos(-x('144') +
14422  x('166')) * x('44') * x('66') +
14423  power(x('44'), 2) +
14424  power(x('66'), 2) =l= 1;
14425  con2342..(-2) * cos(-x('107') +
14426  x('196')) * x('7') * x('96') +
14427  power(x('7'), 2) +
14428  power(x('96'), 2) =l= 1;
14429  con2343..(-2) * cos(-x('144') +
14430  x('165')) * x('44') * x('65') +
14431  power(x('44'), 2) +
14432  power(x('65'), 2) =l= 1;
14433  con2344..(-2) * cos(-x('144') +
14434  x('164')) * x('44') * x('64') +
14435  power(x('44'), 2) +
14436  power(x('64'), 2) =l= 1;
14437  con2345..(-2) * cos(-x('107') +
14438  x('197')) * x('7') * x('97') +
14439  power(x('7'), 2) +
14440  power(x('97'), 2) =l= 1;
14441  con2346..(-2) * cos(-x('144') +
14442  x('163')) * x('44') * x('63') +
14443  power(x('44'), 2) +
14444  power(x('63'), 2) =l= 1;
14445  con2347..(-2) * cos(-x('144') +
14446  x('162')) * x('44') * x('62') +
14447  power(x('44'), 2) +
14448  power(x('62'), 2) =l= 1;
14449  con2348..(-2) * cos(-x('107') +
14450  x('198')) * x('7') * x('98') +
14451  power(x('7'), 2) +
14452  power(x('98'), 2) =l= 1;
14453  con2349..(-2) * cos(-x('144') +
14454  x('161')) * x('44') * x('61') +
14455  power(x('44'), 2) +
14456  power(x('61'), 2) =l= 1;
14457  con2350..(-2) * cos(-x('144') +
14458  x('160')) * x('44') * x('60') +
14459  power(x('44'), 2) +
14460  power(x('60'), 2) =l= 1;
14461  con2351..(-2) * cos(-x('144') +
14462  x('159')) * x('44') * x('59') +
14463  power(x('44'), 2) +
14464  power(x('59'), 2) =l= 1;
14465  con2352..(-2) * cos(-x('107') +
14466  x('199')) * x('7') * x('99') +
14467  power(x('7'), 2) +
14468  power(x('99'), 2) =l= 1;
14469  con2353..(-2) * cos(-x('144') +
14470  x('158')) * x('44') * x('58') +
14471  power(x('44'), 2) +
14472  power(x('58'), 2) =l= 1;
14473  con2354..(-2) * cos(-x('144') +
14474  x('157')) * x('44') * x('57') +
14475  power(x('44'), 2) +
14476  power(x('57'), 2) =l= 1;
14477  con2355..(-2) * cos(-x('107') +
14478  x('200')) * x('7') * x('100') +
14479  power(x('7'), 2) +
14480  power(x('100'), 2) =l= 1;
14481  con2356..(-2) * cos(-x('144') +
14482  x('156')) * x('44') * x('56') +
14483  power(x('44'), 2) +
14484  power(x('56'), 2) =l= 1;
14485  con2357..(-2) * cos(-x('144') +
14486  x('155')) * x('44') * x('55') +
14487  power(x('44'), 2) +
14488  power(x('55'), 2) =l= 1;
14489  con2358..(-2) * cos(-x('108') +
14490  x('109')) * x('8') * x('9') +
14491  power(x('8'), 2) +
14492  power(x('9'), 2) =l= 1;
14493  con2359..(-2) * cos(-x('144') +
14494  x('154')) * x('44') * x('54') +
14495  power(x('44'), 2) +
14496  power(x('54'), 2) =l= 1;
14497  con2360..(-2) * cos(-x('144') +
14498  x('153')) * x('44') * x('53') +
14499  power(x('44'), 2) +
14500  power(x('53'), 2) =l= 1;
14501  con2361..(-2) * cos(-x('108') +
14502  x('110')) * x('8') * x('10') +
14503  power(x('8'), 2) +
14504  power(x('10'), 2) =l= 1;
14505  con2362..(-2) * cos(-x('144') +
14506  x('152')) * x('44') * x('52') +
14507  power(x('44'), 2) +
14508  power(x('52'), 2) =l= 1;
14509  con2363..(-2) * cos(-x('144') +
14510  x('151')) * x('44') * x('51') +
14511  power(x('44'), 2) +
14512  power(x('51'), 2) =l= 1;
14513  con2364..(-2) * cos(-x('144') +
14514  x('150')) * x('44') * x('50') +
14515  power(x('44'), 2) +
14516  power(x('50'), 2) =l= 1;
14517  con2365..(-2) * cos(-x('108') +
14518  x('111')) * x('8') * x('11') +
14519  power(x('8'), 2) +
14520  power(x('11'), 2) =l= 1;
14521  con2366..(-2) * cos(-x('144') +
14522  x('149')) * x('44') * x('49') +
14523  power(x('44'), 2) +
14524  power(x('49'), 2) =l= 1;
14525  con2367..(-2) * cos(-x('144') +
14526  x('148')) * x('44') * x('48') +
14527  power(x('44'), 2) +
14528  power(x('48'), 2) =l= 1;
14529  con2368..(-2) * cos(-x('108') +
14530  x('112')) * x('8') * x('12') +
14531  power(x('8'), 2) +
14532  power(x('12'), 2) =l= 1;
14533  con2369..(-2) * cos(-x('144') +
14534  x('147')) * x('44') * x('47') +
14535  power(x('44'), 2) +
14536  power(x('47'), 2) =l= 1;
14537  con2370..(-2) * cos(-x('144') +
14538  x('146')) * x('44') * x('46') +
14539  power(x('44'), 2) +
14540  power(x('46'), 2) =l= 1;
14541  con2371..(-2) * cos(-x('108') +
14542  x('113')) * x('8') * x('13') +
14543  power(x('8'), 2) +
14544  power(x('13'), 2) =l= 1;
14545  con2372..(-2) * cos(-x('144') +
14546  x('145')) * x('44') * x('45') +
14547  power(x('44'), 2) +
14548  power(x('45'), 2) =l= 1;
14549  con2373..(-2) * cos(-x('143') +
14550  x('200')) * x('43') * x('100') +
14551  power(x('43'), 2) +
14552  power(x('100'), 2) =l= 1;
14553  con2374..(-2) * cos(-x('108') +
14554  x('114')) * x('8') * x('14') +
14555  power(x('8'), 2) +
14556  power(x('14'), 2) =l= 1;
14557  con2375..(-2) * cos(-x('143') +
14558  x('199')) * x('43') * x('99') +
14559  power(x('43'), 2) +
14560  power(x('99'), 2) =l= 1;
14561  con2376..(-2) * cos(-x('143') +
14562  x('198')) * x('43') * x('98') +
14563  power(x('43'), 2) +
14564  power(x('98'), 2) =l= 1;
14565  con2377..(-2) * cos(-x('143') +
14566  x('197')) * x('43') * x('97') +
14567  power(x('43'), 2) +
14568  power(x('97'), 2) =l= 1;
14569  con2378..(-2) * cos(-x('108') +
14570  x('115')) * x('8') * x('15') +
14571  power(x('8'), 2) +
14572  power(x('15'), 2) =l= 1;
14573  con2379..(-2) * cos(-x('143') +
14574  x('196')) * x('43') * x('96') +
14575  power(x('43'), 2) +
14576  power(x('96'), 2) =l= 1;
14577  con2380..(-2) * cos(-x('143') +
14578  x('195')) * x('43') * x('95') +
14579  power(x('43'), 2) +
14580  power(x('95'), 2) =l= 1;
14581  con2381..(-2) * cos(-x('108') +
14582  x('116')) * x('8') * x('16') +
14583  power(x('8'), 2) +
14584  power(x('16'), 2) =l= 1;
14585  con2382..(-2) * cos(-x('143') +
14586  x('194')) * x('43') * x('94') +
14587  power(x('43'), 2) +
14588  power(x('94'), 2) =l= 1;
14589  con2383..(-2) * cos(-x('143') +
14590  x('193')) * x('43') * x('93') +
14591  power(x('43'), 2) +
14592  power(x('93'), 2) =l= 1;
14593  con2384..(-2) * cos(-x('108') +
14594  x('117')) * x('8') * x('17') +
14595  power(x('8'), 2) +
14596  power(x('17'), 2) =l= 1;
14597  con2385..(-2) * cos(-x('143') +
14598  x('192')) * x('43') * x('92') +
14599  power(x('43'), 2) +
14600  power(x('92'), 2) =l= 1;
14601  con2386..(-2) * cos(-x('143') +
14602  x('191')) * x('43') * x('91') +
14603  power(x('43'), 2) +
14604  power(x('91'), 2) =l= 1;
14605  con2387..(-2) * cos(-x('108') +
14606  x('118')) * x('8') * x('18') +
14607  power(x('8'), 2) +
14608  power(x('18'), 2) =l= 1;
14609  con2388..(-2) * cos(-x('143') +
14610  x('190')) * x('43') * x('90') +
14611  power(x('43'), 2) +
14612  power(x('90'), 2) =l= 1;
14613  con2389..(-2) * cos(-x('143') +
14614  x('189')) * x('43') * x('89') +
14615  power(x('43'), 2) +
14616  power(x('89'), 2) =l= 1;
14617  con2390..(-2) * cos(-x('143') +
14618  x('188')) * x('43') * x('88') +
14619  power(x('43'), 2) +
14620  power(x('88'), 2) =l= 1;
14621  con2391..(-2) * cos(-x('108') +
14622  x('119')) * x('8') * x('19') +
14623  power(x('8'), 2) +
14624  power(x('19'), 2) =l= 1;
14625  con2392..(-2) * cos(-x('143') +
14626  x('187')) * x('43') * x('87') +
14627  power(x('43'), 2) +
14628  power(x('87'), 2) =l= 1;
14629  con2393..(-2) * cos(-x('143') +
14630  x('186')) * x('43') * x('86') +
14631  power(x('43'), 2) +
14632  power(x('86'), 2) =l= 1;
14633  con2394..(-2) * cos(-x('108') +
14634  x('120')) * x('8') * x('20') +
14635  power(x('8'), 2) +
14636  power(x('20'), 2) =l= 1;
14637  con2395..(-2) * cos(-x('143') +
14638  x('185')) * x('43') * x('85') +
14639  power(x('43'), 2) +
14640  power(x('85'), 2) =l= 1;
14641  con2396..(-2) * cos(-x('143') +
14642  x('184')) * x('43') * x('84') +
14643  power(x('43'), 2) +
14644  power(x('84'), 2) =l= 1;
14645  con2397..(-2) * cos(-x('108') +
14646  x('121')) * x('8') * x('21') +
14647  power(x('8'), 2) +
14648  power(x('21'), 2) =l= 1;
14649  con2398..(-2) * cos(-x('143') +
14650  x('183')) * x('43') * x('83') +
14651  power(x('43'), 2) +
14652  power(x('83'), 2) =l= 1;
14653  con2399..(-2) * cos(-x('143') +
14654  x('182')) * x('43') * x('82') +
14655  power(x('43'), 2) +
14656  power(x('82'), 2) =l= 1;
14657  con2400..(-2) * cos(-x('108') +
14658  x('122')) * x('8') * x('22') +
14659  power(x('8'), 2) +
14660  power(x('22'), 2) =l= 1;
14661  con2401..(-2) * cos(-x('143') +
14662  x('181')) * x('43') * x('81') +
14663  power(x('43'), 2) +
14664  power(x('81'), 2) =l= 1;
14665  con2402..(-2) * cos(-x('143') +
14666  x('180')) * x('43') * x('80') +
14667  power(x('43'), 2) +
14668  power(x('80'), 2) =l= 1;
14669  con2403..(-2) * cos(-x('143') +
14670  x('179')) * x('43') * x('79') +
14671  power(x('43'), 2) +
14672  power(x('79'), 2) =l= 1;
14673  con2404..(-2) * cos(-x('108') +
14674  x('123')) * x('8') * x('23') +
14675  power(x('8'), 2) +
14676  power(x('23'), 2) =l= 1;
14677  con2405..(-2) * cos(-x('143') +
14678  x('178')) * x('43') * x('78') +
14679  power(x('43'), 2) +
14680  power(x('78'), 2) =l= 1;
14681  con2406..(-2) * cos(-x('143') +
14682  x('177')) * x('43') * x('77') +
14683  power(x('43'), 2) +
14684  power(x('77'), 2) =l= 1;
14685  con2407..(-2) * cos(-x('108') +
14686  x('124')) * x('8') * x('24') +
14687  power(x('8'), 2) +
14688  power(x('24'), 2) =l= 1;
14689  con2408..(-2) * cos(-x('143') +
14690  x('176')) * x('43') * x('76') +
14691  power(x('43'), 2) +
14692  power(x('76'), 2) =l= 1;
14693  con2409..(-2) * cos(-x('143') +
14694  x('175')) * x('43') * x('75') +
14695  power(x('43'), 2) +
14696  power(x('75'), 2) =l= 1;
14697  con2410..(-2) * cos(-x('108') +
14698  x('125')) * x('8') * x('25') +
14699  power(x('8'), 2) +
14700  power(x('25'), 2) =l= 1;
14701  con2411..(-2) * cos(-x('143') +
14702  x('174')) * x('43') * x('74') +
14703  power(x('43'), 2) +
14704  power(x('74'), 2) =l= 1;
14705  con2412..(-2) * cos(-x('143') +
14706  x('173')) * x('43') * x('73') +
14707  power(x('43'), 2) +
14708  power(x('73'), 2) =l= 1;
14709  con2413..(-2) * cos(-x('108') +
14710  x('126')) * x('8') * x('26') +
14711  power(x('8'), 2) +
14712  power(x('26'), 2) =l= 1;
14713  con2414..(-2) * cos(-x('143') +
14714  x('172')) * x('43') * x('72') +
14715  power(x('43'), 2) +
14716  power(x('72'), 2) =l= 1;
14717  con2415..(-2) * cos(-x('143') +
14718  x('171')) * x('43') * x('71') +
14719  power(x('43'), 2) +
14720  power(x('71'), 2) =l= 1;
14721  con2416..(-2) * cos(-x('143') +
14722  x('170')) * x('43') * x('70') +
14723  power(x('43'), 2) +
14724  power(x('70'), 2) =l= 1;
14725  con2417..(-2) * cos(-x('108') +
14726  x('127')) * x('8') * x('27') +
14727  power(x('8'), 2) +
14728  power(x('27'), 2) =l= 1;
14729  con2418..(-2) * cos(-x('143') +
14730  x('169')) * x('43') * x('69') +
14731  power(x('43'), 2) +
14732  power(x('69'), 2) =l= 1;
14733  con2419..(-2) * cos(-x('143') +
14734  x('168')) * x('43') * x('68') +
14735  power(x('43'), 2) +
14736  power(x('68'), 2) =l= 1;
14737  con2420..(-2) * cos(-x('108') +
14738  x('128')) * x('8') * x('28') +
14739  power(x('8'), 2) +
14740  power(x('28'), 2) =l= 1;
14741  con2421..(-2) * cos(-x('143') +
14742  x('167')) * x('43') * x('67') +
14743  power(x('43'), 2) +
14744  power(x('67'), 2) =l= 1;
14745  con2422..(-2) * cos(-x('143') +
14746  x('166')) * x('43') * x('66') +
14747  power(x('43'), 2) +
14748  power(x('66'), 2) =l= 1;
14749  con2423..(-2) * cos(-x('108') +
14750  x('129')) * x('8') * x('29') +
14751  power(x('8'), 2) +
14752  power(x('29'), 2) =l= 1;
14753  con2424..(-2) * cos(-x('143') +
14754  x('165')) * x('43') * x('65') +
14755  power(x('43'), 2) +
14756  power(x('65'), 2) =l= 1;
14757  con2425..(-2) * cos(-x('143') +
14758  x('164')) * x('43') * x('64') +
14759  power(x('43'), 2) +
14760  power(x('64'), 2) =l= 1;
14761  con2426..(-2) * cos(-x('108') +
14762  x('130')) * x('8') * x('30') +
14763  power(x('8'), 2) +
14764  power(x('30'), 2) =l= 1;
14765  con2427..(-2) * cos(-x('143') +
14766  x('163')) * x('43') * x('63') +
14767  power(x('43'), 2) +
14768  power(x('63'), 2) =l= 1;
14769  con2428..(-2) * cos(-x('143') +
14770  x('162')) * x('43') * x('62') +
14771  power(x('43'), 2) +
14772  power(x('62'), 2) =l= 1;
14773  con2429..(-2) * cos(-x('143') +
14774  x('161')) * x('43') * x('61') +
14775  power(x('43'), 2) +
14776  power(x('61'), 2) =l= 1;
14777  con2430..(-2) * cos(-x('108') +
14778  x('131')) * x('8') * x('31') +
14779  power(x('8'), 2) +
14780  power(x('31'), 2) =l= 1;
14781  con2431..(-2) * cos(-x('143') +
14782  x('160')) * x('43') * x('60') +
14783  power(x('43'), 2) +
14784  power(x('60'), 2) =l= 1;
14785  con2432..(-2) * cos(-x('143') +
14786  x('159')) * x('43') * x('59') +
14787  power(x('43'), 2) +
14788  power(x('59'), 2) =l= 1;
14789  con2433..(-2) * cos(-x('108') +
14790  x('132')) * x('8') * x('32') +
14791  power(x('8'), 2) +
14792  power(x('32'), 2) =l= 1;
14793  con2434..(-2) * cos(-x('143') +
14794  x('158')) * x('43') * x('58') +
14795  power(x('43'), 2) +
14796  power(x('58'), 2) =l= 1;
14797  con2435..(-2) * cos(-x('143') +
14798  x('157')) * x('43') * x('57') +
14799  power(x('43'), 2) +
14800  power(x('57'), 2) =l= 1;
14801  con2436..(-2) * cos(-x('108') +
14802  x('133')) * x('8') * x('33') +
14803  power(x('8'), 2) +
14804  power(x('33'), 2) =l= 1;
14805  con2437..(-2) * cos(-x('143') +
14806  x('156')) * x('43') * x('56') +
14807  power(x('43'), 2) +
14808  power(x('56'), 2) =l= 1;
14809  con2438..(-2) * cos(-x('143') +
14810  x('155')) * x('43') * x('55') +
14811  power(x('43'), 2) +
14812  power(x('55'), 2) =l= 1;
14813  con2439..(-2) * cos(-x('108') +
14814  x('134')) * x('8') * x('34') +
14815  power(x('8'), 2) +
14816  power(x('34'), 2) =l= 1;
14817  con2440..(-2) * cos(-x('143') +
14818  x('154')) * x('43') * x('54') +
14819  power(x('43'), 2) +
14820  power(x('54'), 2) =l= 1;
14821  con2441..(-2) * cos(-x('143') +
14822  x('153')) * x('43') * x('53') +
14823  power(x('43'), 2) +
14824  power(x('53'), 2) =l= 1;
14825  con2442..(-2) * cos(-x('143') +
14826  x('152')) * x('43') * x('52') +
14827  power(x('43'), 2) +
14828  power(x('52'), 2) =l= 1;
14829  con2443..(-2) * cos(-x('108') +
14830  x('135')) * x('8') * x('35') +
14831  power(x('8'), 2) +
14832  power(x('35'), 2) =l= 1;
14833  con2444..(-2) * cos(-x('143') +
14834  x('151')) * x('43') * x('51') +
14835  power(x('43'), 2) +
14836  power(x('51'), 2) =l= 1;
14837  con2445..(-2) * cos(-x('143') +
14838  x('150')) * x('43') * x('50') +
14839  power(x('43'), 2) +
14840  power(x('50'), 2) =l= 1;
14841  con2446..(-2) * cos(-x('108') +
14842  x('136')) * x('8') * x('36') +
14843  power(x('8'), 2) +
14844  power(x('36'), 2) =l= 1;
14845  con2447..(-2) * cos(-x('143') +
14846  x('149')) * x('43') * x('49') +
14847  power(x('43'), 2) +
14848  power(x('49'), 2) =l= 1;
14849  con2448..(-2) * cos(-x('143') +
14850  x('148')) * x('43') * x('48') +
14851  power(x('43'), 2) +
14852  power(x('48'), 2) =l= 1;
14853  con2449..(-2) * cos(-x('108') +
14854  x('137')) * x('8') * x('37') +
14855  power(x('8'), 2) +
14856  power(x('37'), 2) =l= 1;
14857  con2450..(-2) * cos(-x('143') +
14858  x('147')) * x('43') * x('47') +
14859  power(x('43'), 2) +
14860  power(x('47'), 2) =l= 1;
14861  con2451..(-2) * cos(-x('143') +
14862  x('146')) * x('43') * x('46') +
14863  power(x('43'), 2) +
14864  power(x('46'), 2) =l= 1;
14865  con2452..(-2) * cos(-x('108') +
14866  x('138')) * x('8') * x('38') +
14867  power(x('8'), 2) +
14868  power(x('38'), 2) =l= 1;
14869  con2453..(-2) * cos(-x('143') +
14870  x('145')) * x('43') * x('45') +
14871  power(x('43'), 2) +
14872  power(x('45'), 2) =l= 1;
14873  con2454..(-2) * cos(-x('143') +
14874  x('144')) * x('43') * x('44') +
14875  power(x('43'), 2) +
14876  power(x('44'), 2) =l= 1;
14877  con2455..(-2) * cos(-x('142') +
14878  x('200')) * x('42') * x('100') +
14879  power(x('42'), 2) +
14880  power(x('100'), 2) =l= 1;
14881  con2456..(-2) * cos(-x('108') +
14882  x('139')) * x('8') * x('39') +
14883  power(x('8'), 2) +
14884  power(x('39'), 2) =l= 1;
14885  con2457..(-2) * cos(-x('142') +
14886  x('199')) * x('42') * x('99') +
14887  power(x('42'), 2) +
14888  power(x('99'), 2) =l= 1;
14889  con2458..(-2) * cos(-x('142') +
14890  x('198')) * x('42') * x('98') +
14891  power(x('42'), 2) +
14892  power(x('98'), 2) =l= 1;
14893  con2459..(-2) * cos(-x('108') +
14894  x('140')) * x('8') * x('40') +
14895  power(x('8'), 2) +
14896  power(x('40'), 2) =l= 1;
14897  con2460..(-2) * cos(-x('142') +
14898  x('197')) * x('42') * x('97') +
14899  power(x('42'), 2) +
14900  power(x('97'), 2) =l= 1;
14901  con2461..(-2) * cos(-x('142') +
14902  x('196')) * x('42') * x('96') +
14903  power(x('42'), 2) +
14904  power(x('96'), 2) =l= 1;
14905  con2462..(-2) * cos(-x('108') +
14906  x('141')) * x('8') * x('41') +
14907  power(x('8'), 2) +
14908  power(x('41'), 2) =l= 1;
14909  con2463..(-2) * cos(-x('142') +
14910  x('195')) * x('42') * x('95') +
14911  power(x('42'), 2) +
14912  power(x('95'), 2) =l= 1;
14913  con2464..(-2) * cos(-x('142') +
14914  x('194')) * x('42') * x('94') +
14915  power(x('42'), 2) +
14916  power(x('94'), 2) =l= 1;
14917  con2465..(-2) * cos(-x('108') +
14918  x('142')) * x('8') * x('42') +
14919  power(x('8'), 2) +
14920  power(x('42'), 2) =l= 1;
14921  con2466..(-2) * cos(-x('142') +
14922  x('193')) * x('42') * x('93') +
14923  power(x('42'), 2) +
14924  power(x('93'), 2) =l= 1;
14925  con2467..(-2) * cos(-x('142') +
14926  x('192')) * x('42') * x('92') +
14927  power(x('42'), 2) +
14928  power(x('92'), 2) =l= 1;
14929  con2468..(-2) * cos(-x('142') +
14930  x('191')) * x('42') * x('91') +
14931  power(x('42'), 2) +
14932  power(x('91'), 2) =l= 1;
14933  con2469..(-2) * cos(-x('108') +
14934  x('143')) * x('8') * x('43') +
14935  power(x('8'), 2) +
14936  power(x('43'), 2) =l= 1;
14937  con2470..(-2) * cos(-x('142') +
14938  x('190')) * x('42') * x('90') +
14939  power(x('42'), 2) +
14940  power(x('90'), 2) =l= 1;
14941  con2471..(-2) * cos(-x('142') +
14942  x('189')) * x('42') * x('89') +
14943  power(x('42'), 2) +
14944  power(x('89'), 2) =l= 1;
14945  con2472..(-2) * cos(-x('108') +
14946  x('144')) * x('8') * x('44') +
14947  power(x('8'), 2) +
14948  power(x('44'), 2) =l= 1;
14949  con2473..(-2) * cos(-x('142') +
14950  x('188')) * x('42') * x('88') +
14951  power(x('42'), 2) +
14952  power(x('88'), 2) =l= 1;
14953  con2474..(-2) * cos(-x('142') +
14954  x('187')) * x('42') * x('87') +
14955  power(x('42'), 2) +
14956  power(x('87'), 2) =l= 1;
14957  con2475..(-2) * cos(-x('108') +
14958  x('145')) * x('8') * x('45') +
14959  power(x('8'), 2) +
14960  power(x('45'), 2) =l= 1;
14961  con2476..(-2) * cos(-x('142') +
14962  x('186')) * x('42') * x('86') +
14963  power(x('42'), 2) +
14964  power(x('86'), 2) =l= 1;
14965  con2477..(-2) * cos(-x('142') +
14966  x('185')) * x('42') * x('85') +
14967  power(x('42'), 2) +
14968  power(x('85'), 2) =l= 1;
14969  con2478..(-2) * cos(-x('108') +
14970  x('146')) * x('8') * x('46') +
14971  power(x('8'), 2) +
14972  power(x('46'), 2) =l= 1;
14973  con2479..(-2) * cos(-x('142') +
14974  x('184')) * x('42') * x('84') +
14975  power(x('42'), 2) +
14976  power(x('84'), 2) =l= 1;
14977  con2480..(-2) * cos(-x('142') +
14978  x('183')) * x('42') * x('83') +
14979  power(x('42'), 2) +
14980  power(x('83'), 2) =l= 1;
14981  con2481..(-2) * cos(-x('142') +
14982  x('182')) * x('42') * x('82') +
14983  power(x('42'), 2) +
14984  power(x('82'), 2) =l= 1;
14985  con2482..(-2) * cos(-x('108') +
14986  x('147')) * x('8') * x('47') +
14987  power(x('8'), 2) +
14988  power(x('47'), 2) =l= 1;
14989  con2483..(-2) * cos(-x('142') +
14990  x('181')) * x('42') * x('81') +
14991  power(x('42'), 2) +
14992  power(x('81'), 2) =l= 1;
14993  con2484..(-2) * cos(-x('142') +
14994  x('180')) * x('42') * x('80') +
14995  power(x('42'), 2) +
14996  power(x('80'), 2) =l= 1;
14997  con2485..(-2) * cos(-x('108') +
14998  x('148')) * x('8') * x('48') +
14999  power(x('8'), 2) +
15000  power(x('48'), 2) =l= 1;
15001  con2486..(-2) * cos(-x('142') +
15002  x('179')) * x('42') * x('79') +
15003  power(x('42'), 2) +
15004  power(x('79'), 2) =l= 1;
15005  con2487..(-2) * cos(-x('142') +
15006  x('178')) * x('42') * x('78') +
15007  power(x('42'), 2) +
15008  power(x('78'), 2) =l= 1;
15009  con2488..(-2) * cos(-x('108') +
15010  x('149')) * x('8') * x('49') +
15011  power(x('8'), 2) +
15012  power(x('49'), 2) =l= 1;
15013  con2489..(-2) * cos(-x('142') +
15014  x('177')) * x('42') * x('77') +
15015  power(x('42'), 2) +
15016  power(x('77'), 2) =l= 1;
15017  con2490..(-2) * cos(-x('142') +
15018  x('176')) * x('42') * x('76') +
15019  power(x('42'), 2) +
15020  power(x('76'), 2) =l= 1;
15021  con2491..(-2) * cos(-x('108') +
15022  x('150')) * x('8') * x('50') +
15023  power(x('8'), 2) +
15024  power(x('50'), 2) =l= 1;
15025  con2492..(-2) * cos(-x('142') +
15026  x('175')) * x('42') * x('75') +
15027  power(x('42'), 2) +
15028  power(x('75'), 2) =l= 1;
15029  con2493..(-2) * cos(-x('142') +
15030  x('174')) * x('42') * x('74') +
15031  power(x('42'), 2) +
15032  power(x('74'), 2) =l= 1;
15033  con2494..(-2) * cos(-x('142') +
15034  x('173')) * x('42') * x('73') +
15035  power(x('42'), 2) +
15036  power(x('73'), 2) =l= 1;
15037  con2495..(-2) * cos(-x('108') +
15038  x('151')) * x('8') * x('51') +
15039  power(x('8'), 2) +
15040  power(x('51'), 2) =l= 1;
15041  con2496..(-2) * cos(-x('142') +
15042  x('172')) * x('42') * x('72') +
15043  power(x('42'), 2) +
15044  power(x('72'), 2) =l= 1;
15045  con2497..(-2) * cos(-x('142') +
15046  x('171')) * x('42') * x('71') +
15047  power(x('42'), 2) +
15048  power(x('71'), 2) =l= 1;
15049  con2498..(-2) * cos(-x('108') +
15050  x('152')) * x('8') * x('52') +
15051  power(x('8'), 2) +
15052  power(x('52'), 2) =l= 1;
15053  con2499..(-2) * cos(-x('142') +
15054  x('170')) * x('42') * x('70') +
15055  power(x('42'), 2) +
15056  power(x('70'), 2) =l= 1;
15057  con2500..(-2) * cos(-x('142') +
15058  x('169')) * x('42') * x('69') +
15059  power(x('42'), 2) +
15060  power(x('69'), 2) =l= 1;
15061  con2501..(-2) * cos(-x('108') +
15062  x('153')) * x('8') * x('53') +
15063  power(x('8'), 2) +
15064  power(x('53'), 2) =l= 1;
15065  con2502..(-2) * cos(-x('142') +
15066  x('168')) * x('42') * x('68') +
15067  power(x('42'), 2) +
15068  power(x('68'), 2) =l= 1;
15069  con2503..(-2) * cos(-x('142') +
15070  x('167')) * x('42') * x('67') +
15071  power(x('42'), 2) +
15072  power(x('67'), 2) =l= 1;
15073  con2504..(-2) * cos(-x('108') +
15074  x('154')) * x('8') * x('54') +
15075  power(x('8'), 2) +
15076  power(x('54'), 2) =l= 1;
15077  con2505..(-2) * cos(-x('142') +
15078  x('166')) * x('42') * x('66') +
15079  power(x('42'), 2) +
15080  power(x('66'), 2) =l= 1;
15081  con2506..(-2) * cos(-x('142') +
15082  x('165')) * x('42') * x('65') +
15083  power(x('42'), 2) +
15084  power(x('65'), 2) =l= 1;
15085  con2507..(-2) * cos(-x('142') +
15086  x('164')) * x('42') * x('64') +
15087  power(x('42'), 2) +
15088  power(x('64'), 2) =l= 1;
15089  con2508..(-2) * cos(-x('108') +
15090  x('155')) * x('8') * x('55') +
15091  power(x('8'), 2) +
15092  power(x('55'), 2) =l= 1;
15093  con2509..(-2) * cos(-x('142') +
15094  x('163')) * x('42') * x('63') +
15095  power(x('42'), 2) +
15096  power(x('63'), 2) =l= 1;
15097  con2510..(-2) * cos(-x('142') +
15098  x('162')) * x('42') * x('62') +
15099  power(x('42'), 2) +
15100  power(x('62'), 2) =l= 1;
15101  con2511..(-2) * cos(-x('108') +
15102  x('156')) * x('8') * x('56') +
15103  power(x('8'), 2) +
15104  power(x('56'), 2) =l= 1;
15105  con2512..(-2) * cos(-x('142') +
15106  x('161')) * x('42') * x('61') +
15107  power(x('42'), 2) +
15108  power(x('61'), 2) =l= 1;
15109  con2513..(-2) * cos(-x('142') +
15110  x('160')) * x('42') * x('60') +
15111  power(x('42'), 2) +
15112  power(x('60'), 2) =l= 1;
15113  con2514..(-2) * cos(-x('108') +
15114  x('157')) * x('8') * x('57') +
15115  power(x('8'), 2) +
15116  power(x('57'), 2) =l= 1;
15117  con2515..(-2) * cos(-x('142') +
15118  x('159')) * x('42') * x('59') +
15119  power(x('42'), 2) +
15120  power(x('59'), 2) =l= 1;
15121  con2516..(-2) * cos(-x('142') +
15122  x('158')) * x('42') * x('58') +
15123  power(x('42'), 2) +
15124  power(x('58'), 2) =l= 1;
15125  con2517..(-2) * cos(-x('108') +
15126  x('158')) * x('8') * x('58') +
15127  power(x('8'), 2) +
15128  power(x('58'), 2) =l= 1;
15129  con2518..(-2) * cos(-x('142') +
15130  x('157')) * x('42') * x('57') +
15131  power(x('42'), 2) +
15132  power(x('57'), 2) =l= 1;
15133  con2519..(-2) * cos(-x('142') +
15134  x('156')) * x('42') * x('56') +
15135  power(x('42'), 2) +
15136  power(x('56'), 2) =l= 1;
15137  con2520..(-2) * cos(-x('142') +
15138  x('155')) * x('42') * x('55') +
15139  power(x('42'), 2) +
15140  power(x('55'), 2) =l= 1;
15141  con2521..(-2) * cos(-x('108') +
15142  x('159')) * x('8') * x('59') +
15143  power(x('8'), 2) +
15144  power(x('59'), 2) =l= 1;
15145  con2522..(-2) * cos(-x('142') +
15146  x('154')) * x('42') * x('54') +
15147  power(x('42'), 2) +
15148  power(x('54'), 2) =l= 1;
15149  con2523..(-2) * cos(-x('142') +
15150  x('153')) * x('42') * x('53') +
15151  power(x('42'), 2) +
15152  power(x('53'), 2) =l= 1;
15153  con2524..(-2) * cos(-x('108') +
15154  x('160')) * x('8') * x('60') +
15155  power(x('8'), 2) +
15156  power(x('60'), 2) =l= 1;
15157  con2525..(-2) * cos(-x('142') +
15158  x('152')) * x('42') * x('52') +
15159  power(x('42'), 2) +
15160  power(x('52'), 2) =l= 1;
15161  con2526..(-2) * cos(-x('142') +
15162  x('151')) * x('42') * x('51') +
15163  power(x('42'), 2) +
15164  power(x('51'), 2) =l= 1;
15165  con2527..(-2) * cos(-x('108') +
15166  x('161')) * x('8') * x('61') +
15167  power(x('8'), 2) +
15168  power(x('61'), 2) =l= 1;
15169  con2528..(-2) * cos(-x('142') +
15170  x('150')) * x('42') * x('50') +
15171  power(x('42'), 2) +
15172  power(x('50'), 2) =l= 1;
15173  con2529..(-2) * cos(-x('142') +
15174  x('149')) * x('42') * x('49') +
15175  power(x('42'), 2) +
15176  power(x('49'), 2) =l= 1;
15177  con2530..(-2) * cos(-x('108') +
15178  x('162')) * x('8') * x('62') +
15179  power(x('8'), 2) +
15180  power(x('62'), 2) =l= 1;
15181  con2531..(-2) * cos(-x('142') +
15182  x('148')) * x('42') * x('48') +
15183  power(x('42'), 2) +
15184  power(x('48'), 2) =l= 1;
15185  con2532..(-2) * cos(-x('142') +
15186  x('147')) * x('42') * x('47') +
15187  power(x('42'), 2) +
15188  power(x('47'), 2) =l= 1;
15189  con2533..(-2) * cos(-x('142') +
15190  x('146')) * x('42') * x('46') +
15191  power(x('42'), 2) +
15192  power(x('46'), 2) =l= 1;
15193  con2534..(-2) * cos(-x('108') +
15194  x('163')) * x('8') * x('63') +
15195  power(x('8'), 2) +
15196  power(x('63'), 2) =l= 1;
15197  con2535..(-2) * cos(-x('142') +
15198  x('145')) * x('42') * x('45') +
15199  power(x('42'), 2) +
15200  power(x('45'), 2) =l= 1;
15201  con2536..(-2) * cos(-x('142') +
15202  x('144')) * x('42') * x('44') +
15203  power(x('42'), 2) +
15204  power(x('44'), 2) =l= 1;
15205  con2537..(-2) * cos(-x('108') +
15206  x('164')) * x('8') * x('64') +
15207  power(x('8'), 2) +
15208  power(x('64'), 2) =l= 1;
15209  con2538..(-2) * cos(-x('142') +
15210  x('143')) * x('42') * x('43') +
15211  power(x('42'), 2) +
15212  power(x('43'), 2) =l= 1;
15213  con2539..(-2) * cos(-x('141') +
15214  x('200')) * x('41') * x('100') +
15215  power(x('41'), 2) +
15216  power(x('100'), 2) =l= 1;
15217  con2540..(-2) * cos(-x('108') +
15218  x('165')) * x('8') * x('65') +
15219  power(x('8'), 2) +
15220  power(x('65'), 2) =l= 1;
15221  con2541..(-2) * cos(-x('141') +
15222  x('199')) * x('41') * x('99') +
15223  power(x('41'), 2) +
15224  power(x('99'), 2) =l= 1;
15225  con2542..(-2) * cos(-x('141') +
15226  x('198')) * x('41') * x('98') +
15227  power(x('41'), 2) +
15228  power(x('98'), 2) =l= 1;
15229  con2543..(-2) * cos(-x('108') +
15230  x('166')) * x('8') * x('66') +
15231  power(x('8'), 2) +
15232  power(x('66'), 2) =l= 1;
15233  con2544..(-2) * cos(-x('141') +
15234  x('197')) * x('41') * x('97') +
15235  power(x('41'), 2) +
15236  power(x('97'), 2) =l= 1;
15237  con2545..(-2) * cos(-x('141') +
15238  x('196')) * x('41') * x('96') +
15239  power(x('41'), 2) +
15240  power(x('96'), 2) =l= 1;
15241  con2546..(-2) * cos(-x('141') +
15242  x('195')) * x('41') * x('95') +
15243  power(x('41'), 2) +
15244  power(x('95'), 2) =l= 1;
15245  con2547..(-2) * cos(-x('108') +
15246  x('167')) * x('8') * x('67') +
15247  power(x('8'), 2) +
15248  power(x('67'), 2) =l= 1;
15249  con2548..(-2) * cos(-x('141') +
15250  x('194')) * x('41') * x('94') +
15251  power(x('41'), 2) +
15252  power(x('94'), 2) =l= 1;
15253  con2549..(-2) * cos(-x('141') +
15254  x('193')) * x('41') * x('93') +
15255  power(x('41'), 2) +
15256  power(x('93'), 2) =l= 1;
15257  con2550..(-2) * cos(-x('108') +
15258  x('168')) * x('8') * x('68') +
15259  power(x('8'), 2) +
15260  power(x('68'), 2) =l= 1;
15261  con2551..(-2) * cos(-x('141') +
15262  x('192')) * x('41') * x('92') +
15263  power(x('41'), 2) +
15264  power(x('92'), 2) =l= 1;
15265  con2552..(-2) * cos(-x('141') +
15266  x('191')) * x('41') * x('91') +
15267  power(x('41'), 2) +
15268  power(x('91'), 2) =l= 1;
15269  con2553..(-2) * cos(-x('108') +
15270  x('169')) * x('8') * x('69') +
15271  power(x('8'), 2) +
15272  power(x('69'), 2) =l= 1;
15273  con2554..(-2) * cos(-x('141') +
15274  x('190')) * x('41') * x('90') +
15275  power(x('41'), 2) +
15276  power(x('90'), 2) =l= 1;
15277  con2555..(-2) * cos(-x('141') +
15278  x('189')) * x('41') * x('89') +
15279  power(x('41'), 2) +
15280  power(x('89'), 2) =l= 1;
15281  con2556..(-2) * cos(-x('108') +
15282  x('170')) * x('8') * x('70') +
15283  power(x('8'), 2) +
15284  power(x('70'), 2) =l= 1;
15285  con2557..(-2) * cos(-x('141') +
15286  x('188')) * x('41') * x('88') +
15287  power(x('41'), 2) +
15288  power(x('88'), 2) =l= 1;
15289  con2558..(-2) * cos(-x('141') +
15290  x('187')) * x('41') * x('87') +
15291  power(x('41'), 2) +
15292  power(x('87'), 2) =l= 1;
15293  con2559..(-2) * cos(-x('141') +
15294  x('186')) * x('41') * x('86') +
15295  power(x('41'), 2) +
15296  power(x('86'), 2) =l= 1;
15297  con2560..(-2) * cos(-x('108') +
15298  x('171')) * x('8') * x('71') +
15299  power(x('8'), 2) +
15300  power(x('71'), 2) =l= 1;
15301  con2561..(-2) * cos(-x('141') +
15302  x('185')) * x('41') * x('85') +
15303  power(x('41'), 2) +
15304  power(x('85'), 2) =l= 1;
15305  con2562..(-2) * cos(-x('141') +
15306  x('184')) * x('41') * x('84') +
15307  power(x('41'), 2) +
15308  power(x('84'), 2) =l= 1;
15309  con2563..(-2) * cos(-x('108') +
15310  x('172')) * x('8') * x('72') +
15311  power(x('8'), 2) +
15312  power(x('72'), 2) =l= 1;
15313  con2564..(-2) * cos(-x('141') +
15314  x('183')) * x('41') * x('83') +
15315  power(x('41'), 2) +
15316  power(x('83'), 2) =l= 1;
15317  con2565..(-2) * cos(-x('141') +
15318  x('182')) * x('41') * x('82') +
15319  power(x('41'), 2) +
15320  power(x('82'), 2) =l= 1;
15321  con2566..(-2) * cos(-x('108') +
15322  x('173')) * x('8') * x('73') +
15323  power(x('8'), 2) +
15324  power(x('73'), 2) =l= 1;
15325  con2567..(-2) * cos(-x('141') +
15326  x('181')) * x('41') * x('81') +
15327  power(x('41'), 2) +
15328  power(x('81'), 2) =l= 1;
15329  con2568..(-2) * cos(-x('141') +
15330  x('180')) * x('41') * x('80') +
15331  power(x('41'), 2) +
15332  power(x('80'), 2) =l= 1;
15333  con2569..(-2) * cos(-x('108') +
15334  x('174')) * x('8') * x('74') +
15335  power(x('8'), 2) +
15336  power(x('74'), 2) =l= 1;
15337  con2570..(-2) * cos(-x('141') +
15338  x('179')) * x('41') * x('79') +
15339  power(x('41'), 2) +
15340  power(x('79'), 2) =l= 1;
15341  con2571..(-2) * cos(-x('141') +
15342  x('178')) * x('41') * x('78') +
15343  power(x('41'), 2) +
15344  power(x('78'), 2) =l= 1;
15345  con2572..(-2) * cos(-x('141') +
15346  x('177')) * x('41') * x('77') +
15347  power(x('41'), 2) +
15348  power(x('77'), 2) =l= 1;
15349  con2573..(-2) * cos(-x('108') +
15350  x('175')) * x('8') * x('75') +
15351  power(x('8'), 2) +
15352  power(x('75'), 2) =l= 1;
15353  con2574..(-2) * cos(-x('141') +
15354  x('176')) * x('41') * x('76') +
15355  power(x('41'), 2) +
15356  power(x('76'), 2) =l= 1;
15357  con2575..(-2) * cos(-x('141') +
15358  x('175')) * x('41') * x('75') +
15359  power(x('41'), 2) +
15360  power(x('75'), 2) =l= 1;
15361  con2576..(-2) * cos(-x('108') +
15362  x('176')) * x('8') * x('76') +
15363  power(x('8'), 2) +
15364  power(x('76'), 2) =l= 1;
15365  con2577..(-2) * cos(-x('141') +
15366  x('174')) * x('41') * x('74') +
15367  power(x('41'), 2) +
15368  power(x('74'), 2) =l= 1;
15369  con2578..(-2) * cos(-x('141') +
15370  x('173')) * x('41') * x('73') +
15371  power(x('41'), 2) +
15372  power(x('73'), 2) =l= 1;
15373  con2579..(-2) * cos(-x('108') +
15374  x('177')) * x('8') * x('77') +
15375  power(x('8'), 2) +
15376  power(x('77'), 2) =l= 1;
15377  con2580..(-2) * cos(-x('141') +
15378  x('172')) * x('41') * x('72') +
15379  power(x('41'), 2) +
15380  power(x('72'), 2) =l= 1;
15381  con2581..(-2) * cos(-x('141') +
15382  x('171')) * x('41') * x('71') +
15383  power(x('41'), 2) +
15384  power(x('71'), 2) =l= 1;
15385  con2582..(-2) * cos(-x('108') +
15386  x('178')) * x('8') * x('78') +
15387  power(x('8'), 2) +
15388  power(x('78'), 2) =l= 1;
15389  con2583..(-2) * cos(-x('141') +
15390  x('170')) * x('41') * x('70') +
15391  power(x('41'), 2) +
15392  power(x('70'), 2) =l= 1;
15393  con2584..(-2) * cos(-x('141') +
15394  x('169')) * x('41') * x('69') +
15395  power(x('41'), 2) +
15396  power(x('69'), 2) =l= 1;
15397  con2585..(-2) * cos(-x('141') +
15398  x('168')) * x('41') * x('68') +
15399  power(x('41'), 2) +
15400  power(x('68'), 2) =l= 1;
15401  con2586..(-2) * cos(-x('108') +
15402  x('179')) * x('8') * x('79') +
15403  power(x('8'), 2) +
15404  power(x('79'), 2) =l= 1;
15405  con2587..(-2) * cos(-x('141') +
15406  x('167')) * x('41') * x('67') +
15407  power(x('41'), 2) +
15408  power(x('67'), 2) =l= 1;
15409  con2588..(-2) * cos(-x('141') +
15410  x('166')) * x('41') * x('66') +
15411  power(x('41'), 2) +
15412  power(x('66'), 2) =l= 1;
15413  con2589..(-2) * cos(-x('108') +
15414  x('180')) * x('8') * x('80') +
15415  power(x('8'), 2) +
15416  power(x('80'), 2) =l= 1;
15417  con2590..(-2) * cos(-x('141') +
15418  x('165')) * x('41') * x('65') +
15419  power(x('41'), 2) +
15420  power(x('65'), 2) =l= 1;
15421  con2591..(-2) * cos(-x('141') +
15422  x('164')) * x('41') * x('64') +
15423  power(x('41'), 2) +
15424  power(x('64'), 2) =l= 1;
15425  con2592..(-2) * cos(-x('108') +
15426  x('181')) * x('8') * x('81') +
15427  power(x('8'), 2) +
15428  power(x('81'), 2) =l= 1;
15429  con2593..(-2) * cos(-x('141') +
15430  x('163')) * x('41') * x('63') +
15431  power(x('41'), 2) +
15432  power(x('63'), 2) =l= 1;
15433  con2594..(-2) * cos(-x('141') +
15434  x('162')) * x('41') * x('62') +
15435  power(x('41'), 2) +
15436  power(x('62'), 2) =l= 1;
15437  con2595..(-2) * cos(-x('108') +
15438  x('182')) * x('8') * x('82') +
15439  power(x('8'), 2) +
15440  power(x('82'), 2) =l= 1;
15441  con2596..(-2) * cos(-x('141') +
15442  x('161')) * x('41') * x('61') +
15443  power(x('41'), 2) +
15444  power(x('61'), 2) =l= 1;
15445  con2597..(-2) * cos(-x('141') +
15446  x('160')) * x('41') * x('60') +
15447  power(x('41'), 2) +
15448  power(x('60'), 2) =l= 1;
15449  con2598..(-2) * cos(-x('141') +
15450  x('159')) * x('41') * x('59') +
15451  power(x('41'), 2) +
15452  power(x('59'), 2) =l= 1;
15453  con2599..(-2) * cos(-x('108') +
15454  x('183')) * x('8') * x('83') +
15455  power(x('8'), 2) +
15456  power(x('83'), 2) =l= 1;
15457  con2600..(-2) * cos(-x('141') +
15458  x('158')) * x('41') * x('58') +
15459  power(x('41'), 2) +
15460  power(x('58'), 2) =l= 1;
15461  con2601..(-2) * cos(-x('141') +
15462  x('157')) * x('41') * x('57') +
15463  power(x('41'), 2) +
15464  power(x('57'), 2) =l= 1;
15465  con2602..(-2) * cos(-x('108') +
15466  x('184')) * x('8') * x('84') +
15467  power(x('8'), 2) +
15468  power(x('84'), 2) =l= 1;
15469  con2603..(-2) * cos(-x('141') +
15470  x('156')) * x('41') * x('56') +
15471  power(x('41'), 2) +
15472  power(x('56'), 2) =l= 1;
15473  con2604..(-2) * cos(-x('141') +
15474  x('155')) * x('41') * x('55') +
15475  power(x('41'), 2) +
15476  power(x('55'), 2) =l= 1;
15477  con2605..(-2) * cos(-x('108') +
15478  x('185')) * x('8') * x('85') +
15479  power(x('8'), 2) +
15480  power(x('85'), 2) =l= 1;
15481  con2606..(-2) * cos(-x('141') +
15482  x('154')) * x('41') * x('54') +
15483  power(x('41'), 2) +
15484  power(x('54'), 2) =l= 1;
15485  con2607..(-2) * cos(-x('141') +
15486  x('153')) * x('41') * x('53') +
15487  power(x('41'), 2) +
15488  power(x('53'), 2) =l= 1;
15489  con2608..(-2) * cos(-x('108') +
15490  x('186')) * x('8') * x('86') +
15491  power(x('8'), 2) +
15492  power(x('86'), 2) =l= 1;
15493  con2609..(-2) * cos(-x('141') +
15494  x('152')) * x('41') * x('52') +
15495  power(x('41'), 2) +
15496  power(x('52'), 2) =l= 1;
15497  con2610..(-2) * cos(-x('141') +
15498  x('151')) * x('41') * x('51') +
15499  power(x('41'), 2) +
15500  power(x('51'), 2) =l= 1;
15501  con2611..(-2) * cos(-x('141') +
15502  x('150')) * x('41') * x('50') +
15503  power(x('41'), 2) +
15504  power(x('50'), 2) =l= 1;
15505  con2612..(-2) * cos(-x('108') +
15506  x('187')) * x('8') * x('87') +
15507  power(x('8'), 2) +
15508  power(x('87'), 2) =l= 1;
15509  con2613..(-2) * cos(-x('141') +
15510  x('149')) * x('41') * x('49') +
15511  power(x('41'), 2) +
15512  power(x('49'), 2) =l= 1;
15513  con2614..(-2) * cos(-x('141') +
15514  x('148')) * x('41') * x('48') +
15515  power(x('41'), 2) +
15516  power(x('48'), 2) =l= 1;
15517  con2615..(-2) * cos(-x('108') +
15518  x('188')) * x('8') * x('88') +
15519  power(x('8'), 2) +
15520  power(x('88'), 2) =l= 1;
15521  con2616..(-2) * cos(-x('141') +
15522  x('147')) * x('41') * x('47') +
15523  power(x('41'), 2) +
15524  power(x('47'), 2) =l= 1;
15525  con2617..(-2) * cos(-x('141') +
15526  x('146')) * x('41') * x('46') +
15527  power(x('41'), 2) +
15528  power(x('46'), 2) =l= 1;
15529  con2618..(-2) * cos(-x('108') +
15530  x('189')) * x('8') * x('89') +
15531  power(x('8'), 2) +
15532  power(x('89'), 2) =l= 1;
15533  con2619..(-2) * cos(-x('141') +
15534  x('145')) * x('41') * x('45') +
15535  power(x('41'), 2) +
15536  power(x('45'), 2) =l= 1;
15537  con2620..(-2) * cos(-x('141') +
15538  x('144')) * x('41') * x('44') +
15539  power(x('41'), 2) +
15540  power(x('44'), 2) =l= 1;
15541  con2621..(-2) * cos(-x('108') +
15542  x('190')) * x('8') * x('90') +
15543  power(x('8'), 2) +
15544  power(x('90'), 2) =l= 1;
15545  con2622..(-2) * cos(-x('141') +
15546  x('143')) * x('41') * x('43') +
15547  power(x('41'), 2) +
15548  power(x('43'), 2) =l= 1;
15549  con2623..(-2) * cos(-x('141') +
15550  x('142')) * x('41') * x('42') +
15551  power(x('41'), 2) +
15552  power(x('42'), 2) =l= 1;
15553  con2624..(-2) * cos(-x('140') +
15554  x('200')) * x('40') * x('100') +
15555  power(x('40'), 2) +
15556  power(x('100'), 2) =l= 1;
15557  con2625..(-2) * cos(-x('108') +
15558  x('191')) * x('8') * x('91') +
15559  power(x('8'), 2) +
15560  power(x('91'), 2) =l= 1;
15561  con2626..(-2) * cos(-x('140') +
15562  x('199')) * x('40') * x('99') +
15563  power(x('40'), 2) +
15564  power(x('99'), 2) =l= 1;
15565  con2627..(-2) * cos(-x('140') +
15566  x('198')) * x('40') * x('98') +
15567  power(x('40'), 2) +
15568  power(x('98'), 2) =l= 1;
15569  con2628..(-2) * cos(-x('108') +
15570  x('192')) * x('8') * x('92') +
15571  power(x('8'), 2) +
15572  power(x('92'), 2) =l= 1;
15573  con2629..(-2) * cos(-x('140') +
15574  x('197')) * x('40') * x('97') +
15575  power(x('40'), 2) +
15576  power(x('97'), 2) =l= 1;
15577  con2630..(-2) * cos(-x('140') +
15578  x('196')) * x('40') * x('96') +
15579  power(x('40'), 2) +
15580  power(x('96'), 2) =l= 1;
15581  con2631..(-2) * cos(-x('108') +
15582  x('193')) * x('8') * x('93') +
15583  power(x('8'), 2) +
15584  power(x('93'), 2) =l= 1;
15585  con2632..(-2) * cos(-x('140') +
15586  x('195')) * x('40') * x('95') +
15587  power(x('40'), 2) +
15588  power(x('95'), 2) =l= 1;
15589  con2633..(-2) * cos(-x('140') +
15590  x('194')) * x('40') * x('94') +
15591  power(x('40'), 2) +
15592  power(x('94'), 2) =l= 1;
15593  con2634..(-2) * cos(-x('108') +
15594  x('194')) * x('8') * x('94') +
15595  power(x('8'), 2) +
15596  power(x('94'), 2) =l= 1;
15597  con2635..(-2) * cos(-x('140') +
15598  x('193')) * x('40') * x('93') +
15599  power(x('40'), 2) +
15600  power(x('93'), 2) =l= 1;
15601  con2636..(-2) * cos(-x('140') +
15602  x('192')) * x('40') * x('92') +
15603  power(x('40'), 2) +
15604  power(x('92'), 2) =l= 1;
15605  con2637..(-2) * cos(-x('140') +
15606  x('191')) * x('40') * x('91') +
15607  power(x('40'), 2) +
15608  power(x('91'), 2) =l= 1;
15609  con2638..(-2) * cos(-x('108') +
15610  x('195')) * x('8') * x('95') +
15611  power(x('8'), 2) +
15612  power(x('95'), 2) =l= 1;
15613  con2639..(-2) * cos(-x('140') +
15614  x('190')) * x('40') * x('90') +
15615  power(x('40'), 2) +
15616  power(x('90'), 2) =l= 1;
15617  con2640..(-2) * cos(-x('140') +
15618  x('189')) * x('40') * x('89') +
15619  power(x('40'), 2) +
15620  power(x('89'), 2) =l= 1;
15621  con2641..(-2) * cos(-x('108') +
15622  x('196')) * x('8') * x('96') +
15623  power(x('8'), 2) +
15624  power(x('96'), 2) =l= 1;
15625  con2642..(-2) * cos(-x('140') +
15626  x('188')) * x('40') * x('88') +
15627  power(x('40'), 2) +
15628  power(x('88'), 2) =l= 1;
15629  con2643..(-2) * cos(-x('140') +
15630  x('187')) * x('40') * x('87') +
15631  power(x('40'), 2) +
15632  power(x('87'), 2) =l= 1;
15633  con2644..(-2) * cos(-x('108') +
15634  x('197')) * x('8') * x('97') +
15635  power(x('8'), 2) +
15636  power(x('97'), 2) =l= 1;
15637  con2645..(-2) * cos(-x('140') +
15638  x('186')) * x('40') * x('86') +
15639  power(x('40'), 2) +
15640  power(x('86'), 2) =l= 1;
15641  con2646..(-2) * cos(-x('140') +
15642  x('185')) * x('40') * x('85') +
15643  power(x('40'), 2) +
15644  power(x('85'), 2) =l= 1;
15645  con2647..(-2) * cos(-x('108') +
15646  x('198')) * x('8') * x('98') +
15647  power(x('8'), 2) +
15648  power(x('98'), 2) =l= 1;
15649  con2648..(-2) * cos(-x('140') +
15650  x('184')) * x('40') * x('84') +
15651  power(x('40'), 2) +
15652  power(x('84'), 2) =l= 1;
15653  con2649..(-2) * cos(-x('140') +
15654  x('183')) * x('40') * x('83') +
15655  power(x('40'), 2) +
15656  power(x('83'), 2) =l= 1;
15657  con2650..(-2) * cos(-x('140') +
15658  x('182')) * x('40') * x('82') +
15659  power(x('40'), 2) +
15660  power(x('82'), 2) =l= 1;
15661  con2651..(-2) * cos(-x('108') +
15662  x('199')) * x('8') * x('99') +
15663  power(x('8'), 2) +
15664  power(x('99'), 2) =l= 1;
15665  con2652..(-2) * cos(-x('140') +
15666  x('181')) * x('40') * x('81') +
15667  power(x('40'), 2) +
15668  power(x('81'), 2) =l= 1;
15669  con2653..(-2) * cos(-x('140') +
15670  x('180')) * x('40') * x('80') +
15671  power(x('40'), 2) +
15672  power(x('80'), 2) =l= 1;
15673  con2654..(-2) * cos(-x('108') +
15674  x('200')) * x('8') * x('100') +
15675  power(x('8'), 2) +
15676  power(x('100'), 2) =l= 1;
15677  con2655..(-2) * cos(-x('140') +
15678  x('179')) * x('40') * x('79') +
15679  power(x('40'), 2) +
15680  power(x('79'), 2) =l= 1;
15681  con2656..(-2) * cos(-x('140') +
15682  x('178')) * x('40') * x('78') +
15683  power(x('40'), 2) +
15684  power(x('78'), 2) =l= 1;
15685  con2657..(-2) * cos(-x('109') +
15686  x('110')) * x('9') * x('10') +
15687  power(x('9'), 2) +
15688  power(x('10'), 2) =l= 1;
15689  con2658..(-2) * cos(-x('140') +
15690  x('177')) * x('40') * x('77') +
15691  power(x('40'), 2) +
15692  power(x('77'), 2) =l= 1;
15693  con2659..(-2) * cos(-x('140') +
15694  x('176')) * x('40') * x('76') +
15695  power(x('40'), 2) +
15696  power(x('76'), 2) =l= 1;
15697  con2660..(-2) * cos(-x('109') +
15698  x('111')) * x('9') * x('11') +
15699  power(x('9'), 2) +
15700  power(x('11'), 2) =l= 1;
15701  con2661..(-2) * cos(-x('140') +
15702  x('175')) * x('40') * x('75') +
15703  power(x('40'), 2) +
15704  power(x('75'), 2) =l= 1;
15705  con2662..(-2) * cos(-x('140') +
15706  x('174')) * x('40') * x('74') +
15707  power(x('40'), 2) +
15708  power(x('74'), 2) =l= 1;
15709  con2663..(-2) * cos(-x('140') +
15710  x('173')) * x('40') * x('73') +
15711  power(x('40'), 2) +
15712  power(x('73'), 2) =l= 1;
15713  con2664..(-2) * cos(-x('109') +
15714  x('112')) * x('9') * x('12') +
15715  power(x('9'), 2) +
15716  power(x('12'), 2) =l= 1;
15717  con2665..(-2) * cos(-x('140') +
15718  x('172')) * x('40') * x('72') +
15719  power(x('40'), 2) +
15720  power(x('72'), 2) =l= 1;
15721  con2666..(-2) * cos(-x('140') +
15722  x('171')) * x('40') * x('71') +
15723  power(x('40'), 2) +
15724  power(x('71'), 2) =l= 1;
15725  con2667..(-2) * cos(-x('109') +
15726  x('113')) * x('9') * x('13') +
15727  power(x('9'), 2) +
15728  power(x('13'), 2) =l= 1;
15729  con2668..(-2) * cos(-x('140') +
15730  x('170')) * x('40') * x('70') +
15731  power(x('40'), 2) +
15732  power(x('70'), 2) =l= 1;
15733  con2669..(-2) * cos(-x('140') +
15734  x('169')) * x('40') * x('69') +
15735  power(x('40'), 2) +
15736  power(x('69'), 2) =l= 1;
15737  con2670..(-2) * cos(-x('109') +
15738  x('114')) * x('9') * x('14') +
15739  power(x('9'), 2) +
15740  power(x('14'), 2) =l= 1;
15741  con2671..(-2) * cos(-x('140') +
15742  x('168')) * x('40') * x('68') +
15743  power(x('40'), 2) +
15744  power(x('68'), 2) =l= 1;
15745  con2672..(-2) * cos(-x('140') +
15746  x('167')) * x('40') * x('67') +
15747  power(x('40'), 2) +
15748  power(x('67'), 2) =l= 1;
15749  con2673..(-2) * cos(-x('109') +
15750  x('115')) * x('9') * x('15') +
15751  power(x('9'), 2) +
15752  power(x('15'), 2) =l= 1;
15753  con2674..(-2) * cos(-x('140') +
15754  x('166')) * x('40') * x('66') +
15755  power(x('40'), 2) +
15756  power(x('66'), 2) =l= 1;
15757  con2675..(-2) * cos(-x('140') +
15758  x('165')) * x('40') * x('65') +
15759  power(x('40'), 2) +
15760  power(x('65'), 2) =l= 1;
15761  con2676..(-2) * cos(-x('140') +
15762  x('164')) * x('40') * x('64') +
15763  power(x('40'), 2) +
15764  power(x('64'), 2) =l= 1;
15765  con2677..(-2) * cos(-x('109') +
15766  x('116')) * x('9') * x('16') +
15767  power(x('9'), 2) +
15768  power(x('16'), 2) =l= 1;
15769  con2678..(-2) * cos(-x('140') +
15770  x('163')) * x('40') * x('63') +
15771  power(x('40'), 2) +
15772  power(x('63'), 2) =l= 1;
15773  con2679..(-2) * cos(-x('140') +
15774  x('162')) * x('40') * x('62') +
15775  power(x('40'), 2) +
15776  power(x('62'), 2) =l= 1;
15777  con2680..(-2) * cos(-x('109') +
15778  x('117')) * x('9') * x('17') +
15779  power(x('9'), 2) +
15780  power(x('17'), 2) =l= 1;
15781  con2681..(-2) * cos(-x('140') +
15782  x('161')) * x('40') * x('61') +
15783  power(x('40'), 2) +
15784  power(x('61'), 2) =l= 1;
15785  con2682..(-2) * cos(-x('140') +
15786  x('160')) * x('40') * x('60') +
15787  power(x('40'), 2) +
15788  power(x('60'), 2) =l= 1;
15789  con2683..(-2) * cos(-x('109') +
15790  x('118')) * x('9') * x('18') +
15791  power(x('9'), 2) +
15792  power(x('18'), 2) =l= 1;
15793  con2684..(-2) * cos(-x('140') +
15794  x('159')) * x('40') * x('59') +
15795  power(x('40'), 2) +
15796  power(x('59'), 2) =l= 1;
15797  con2685..(-2) * cos(-x('140') +
15798  x('158')) * x('40') * x('58') +
15799  power(x('40'), 2) +
15800  power(x('58'), 2) =l= 1;
15801  con2686..(-2) * cos(-x('109') +
15802  x('119')) * x('9') * x('19') +
15803  power(x('9'), 2) +
15804  power(x('19'), 2) =l= 1;
15805  con2687..(-2) * cos(-x('140') +
15806  x('157')) * x('40') * x('57') +
15807  power(x('40'), 2) +
15808  power(x('57'), 2) =l= 1;
15809  con2688..(-2) * cos(-x('140') +
15810  x('156')) * x('40') * x('56') +
15811  power(x('40'), 2) +
15812  power(x('56'), 2) =l= 1;
15813  con2689..(-2) * cos(-x('140') +
15814  x('155')) * x('40') * x('55') +
15815  power(x('40'), 2) +
15816  power(x('55'), 2) =l= 1;
15817  con2690..(-2) * cos(-x('109') +
15818  x('120')) * x('9') * x('20') +
15819  power(x('9'), 2) +
15820  power(x('20'), 2) =l= 1;
15821  con2691..(-2) * cos(-x('140') +
15822  x('154')) * x('40') * x('54') +
15823  power(x('40'), 2) +
15824  power(x('54'), 2) =l= 1;
15825  con2692..(-2) * cos(-x('140') +
15826  x('153')) * x('40') * x('53') +
15827  power(x('40'), 2) +
15828  power(x('53'), 2) =l= 1;
15829  con2693..(-2) * cos(-x('109') +
15830  x('121')) * x('9') * x('21') +
15831  power(x('9'), 2) +
15832  power(x('21'), 2) =l= 1;
15833  con2694..(-2) * cos(-x('140') +
15834  x('152')) * x('40') * x('52') +
15835  power(x('40'), 2) +
15836  power(x('52'), 2) =l= 1;
15837  con2695..(-2) * cos(-x('140') +
15838  x('151')) * x('40') * x('51') +
15839  power(x('40'), 2) +
15840  power(x('51'), 2) =l= 1;
15841  con2696..(-2) * cos(-x('109') +
15842  x('122')) * x('9') * x('22') +
15843  power(x('9'), 2) +
15844  power(x('22'), 2) =l= 1;
15845  con2697..(-2) * cos(-x('140') +
15846  x('150')) * x('40') * x('50') +
15847  power(x('40'), 2) +
15848  power(x('50'), 2) =l= 1;
15849  con2698..(-2) * cos(-x('140') +
15850  x('149')) * x('40') * x('49') +
15851  power(x('40'), 2) +
15852  power(x('49'), 2) =l= 1;
15853  con2699..(-2) * cos(-x('109') +
15854  x('123')) * x('9') * x('23') +
15855  power(x('9'), 2) +
15856  power(x('23'), 2) =l= 1;
15857  con2700..(-2) * cos(-x('140') +
15858  x('148')) * x('40') * x('48') +
15859  power(x('40'), 2) +
15860  power(x('48'), 2) =l= 1;
15861  con2701..(-2) * cos(-x('140') +
15862  x('147')) * x('40') * x('47') +
15863  power(x('40'), 2) +
15864  power(x('47'), 2) =l= 1;
15865  con2702..(-2) * cos(-x('140') +
15866  x('146')) * x('40') * x('46') +
15867  power(x('40'), 2) +
15868  power(x('46'), 2) =l= 1;
15869  con2703..(-2) * cos(-x('109') +
15870  x('124')) * x('9') * x('24') +
15871  power(x('9'), 2) +
15872  power(x('24'), 2) =l= 1;
15873  con2704..(-2) * cos(-x('140') +
15874  x('145')) * x('40') * x('45') +
15875  power(x('40'), 2) +
15876  power(x('45'), 2) =l= 1;
15877  con2705..(-2) * cos(-x('140') +
15878  x('144')) * x('40') * x('44') +
15879  power(x('40'), 2) +
15880  power(x('44'), 2) =l= 1;
15881  con2706..(-2) * cos(-x('109') +
15882  x('125')) * x('9') * x('25') +
15883  power(x('9'), 2) +
15884  power(x('25'), 2) =l= 1;
15885  con2707..(-2) * cos(-x('140') +
15886  x('143')) * x('40') * x('43') +
15887  power(x('40'), 2) +
15888  power(x('43'), 2) =l= 1;
15889  con2708..(-2) * cos(-x('140') +
15890  x('142')) * x('40') * x('42') +
15891  power(x('40'), 2) +
15892  power(x('42'), 2) =l= 1;
15893  con2709..(-2) * cos(-x('109') +
15894  x('126')) * x('9') * x('26') +
15895  power(x('9'), 2) +
15896  power(x('26'), 2) =l= 1;
15897  con2710..(-2) * cos(-x('140') +
15898  x('141')) * x('40') * x('41') +
15899  power(x('40'), 2) +
15900  power(x('41'), 2) =l= 1;
15901  con2711..(-2) * cos(-x('139') +
15902  x('200')) * x('39') * x('100') +
15903  power(x('39'), 2) +
15904  power(x('100'), 2) =l= 1;
15905  con2712..(-2) * cos(-x('109') +
15906  x('127')) * x('9') * x('27') +
15907  power(x('9'), 2) +
15908  power(x('27'), 2) =l= 1;
15909  con2713..(-2) * cos(-x('139') +
15910  x('199')) * x('39') * x('99') +
15911  power(x('39'), 2) +
15912  power(x('99'), 2) =l= 1;
15913  con2714..(-2) * cos(-x('139') +
15914  x('198')) * x('39') * x('98') +
15915  power(x('39'), 2) +
15916  power(x('98'), 2) =l= 1;
15917  con2715..(-2) * cos(-x('139') +
15918  x('197')) * x('39') * x('97') +
15919  power(x('39'), 2) +
15920  power(x('97'), 2) =l= 1;
15921  con2716..(-2) * cos(-x('109') +
15922  x('128')) * x('9') * x('28') +
15923  power(x('9'), 2) +
15924  power(x('28'), 2) =l= 1;
15925  con2717..(-2) * cos(-x('139') +
15926  x('196')) * x('39') * x('96') +
15927  power(x('39'), 2) +
15928  power(x('96'), 2) =l= 1;
15929  con2718..(-2) * cos(-x('139') +
15930  x('195')) * x('39') * x('95') +
15931  power(x('39'), 2) +
15932  power(x('95'), 2) =l= 1;
15933  con2719..(-2) * cos(-x('109') +
15934  x('129')) * x('9') * x('29') +
15935  power(x('9'), 2) +
15936  power(x('29'), 2) =l= 1;
15937  con2720..(-2) * cos(-x('139') +
15938  x('194')) * x('39') * x('94') +
15939  power(x('39'), 2) +
15940  power(x('94'), 2) =l= 1;
15941  con2721..(-2) * cos(-x('139') +
15942  x('193')) * x('39') * x('93') +
15943  power(x('39'), 2) +
15944  power(x('93'), 2) =l= 1;
15945  con2722..(-2) * cos(-x('109') +
15946  x('130')) * x('9') * x('30') +
15947  power(x('9'), 2) +
15948  power(x('30'), 2) =l= 1;
15949  con2723..(-2) * cos(-x('139') +
15950  x('192')) * x('39') * x('92') +
15951  power(x('39'), 2) +
15952  power(x('92'), 2) =l= 1;
15953  con2724..(-2) * cos(-x('139') +
15954  x('191')) * x('39') * x('91') +
15955  power(x('39'), 2) +
15956  power(x('91'), 2) =l= 1;
15957  con2725..(-2) * cos(-x('109') +
15958  x('131')) * x('9') * x('31') +
15959  power(x('9'), 2) +
15960  power(x('31'), 2) =l= 1;
15961  con2726..(-2) * cos(-x('139') +
15962  x('190')) * x('39') * x('90') +
15963  power(x('39'), 2) +
15964  power(x('90'), 2) =l= 1;
15965  con2727..(-2) * cos(-x('139') +
15966  x('189')) * x('39') * x('89') +
15967  power(x('39'), 2) +
15968  power(x('89'), 2) =l= 1;
15969  con2728..(-2) * cos(-x('139') +
15970  x('188')) * x('39') * x('88') +
15971  power(x('39'), 2) +
15972  power(x('88'), 2) =l= 1;
15973  con2729..(-2) * cos(-x('109') +
15974  x('132')) * x('9') * x('32') +
15975  power(x('9'), 2) +
15976  power(x('32'), 2) =l= 1;
15977  con2730..(-2) * cos(-x('139') +
15978  x('187')) * x('39') * x('87') +
15979  power(x('39'), 2) +
15980  power(x('87'), 2) =l= 1;
15981  con2731..(-2) * cos(-x('139') +
15982  x('186')) * x('39') * x('86') +
15983  power(x('39'), 2) +
15984  power(x('86'), 2) =l= 1;
15985  con2732..(-2) * cos(-x('109') +
15986  x('133')) * x('9') * x('33') +
15987  power(x('9'), 2) +
15988  power(x('33'), 2) =l= 1;
15989  con2733..(-2) * cos(-x('139') +
15990  x('185')) * x('39') * x('85') +
15991  power(x('39'), 2) +
15992  power(x('85'), 2) =l= 1;
15993  con2734..(-2) * cos(-x('139') +
15994  x('184')) * x('39') * x('84') +
15995  power(x('39'), 2) +
15996  power(x('84'), 2) =l= 1;
15997  con2735..(-2) * cos(-x('109') +
15998  x('134')) * x('9') * x('34') +
15999  power(x('9'), 2) +
16000  power(x('34'), 2) =l= 1;
16001  con2736..(-2) * cos(-x('139') +
16002  x('183')) * x('39') * x('83') +
16003  power(x('39'), 2) +
16004  power(x('83'), 2) =l= 1;
16005  con2737..(-2) * cos(-x('139') +
16006  x('182')) * x('39') * x('82') +
16007  power(x('39'), 2) +
16008  power(x('82'), 2) =l= 1;
16009  con2738..(-2) * cos(-x('109') +
16010  x('135')) * x('9') * x('35') +
16011  power(x('9'), 2) +
16012  power(x('35'), 2) =l= 1;
16013  con2739..(-2) * cos(-x('139') +
16014  x('181')) * x('39') * x('81') +
16015  power(x('39'), 2) +
16016  power(x('81'), 2) =l= 1;
16017  con2740..(-2) * cos(-x('139') +
16018  x('180')) * x('39') * x('80') +
16019  power(x('39'), 2) +
16020  power(x('80'), 2) =l= 1;
16021  con2741..(-2) * cos(-x('139') +
16022  x('179')) * x('39') * x('79') +
16023  power(x('39'), 2) +
16024  power(x('79'), 2) =l= 1;
16025  con2742..(-2) * cos(-x('109') +
16026  x('136')) * x('9') * x('36') +
16027  power(x('9'), 2) +
16028  power(x('36'), 2) =l= 1;
16029  con2743..(-2) * cos(-x('139') +
16030  x('178')) * x('39') * x('78') +
16031  power(x('39'), 2) +
16032  power(x('78'), 2) =l= 1;
16033  con2744..(-2) * cos(-x('139') +
16034  x('177')) * x('39') * x('77') +
16035  power(x('39'), 2) +
16036  power(x('77'), 2) =l= 1;
16037  con2745..(-2) * cos(-x('109') +
16038  x('137')) * x('9') * x('37') +
16039  power(x('9'), 2) +
16040  power(x('37'), 2) =l= 1;
16041  con2746..(-2) * cos(-x('139') +
16042  x('176')) * x('39') * x('76') +
16043  power(x('39'), 2) +
16044  power(x('76'), 2) =l= 1;
16045  con2747..(-2) * cos(-x('139') +
16046  x('175')) * x('39') * x('75') +
16047  power(x('39'), 2) +
16048  power(x('75'), 2) =l= 1;
16049  con2748..(-2) * cos(-x('109') +
16050  x('138')) * x('9') * x('38') +
16051  power(x('9'), 2) +
16052  power(x('38'), 2) =l= 1;
16053  con2749..(-2) * cos(-x('139') +
16054  x('174')) * x('39') * x('74') +
16055  power(x('39'), 2) +
16056  power(x('74'), 2) =l= 1;
16057  con2750..(-2) * cos(-x('139') +
16058  x('173')) * x('39') * x('73') +
16059  power(x('39'), 2) +
16060  power(x('73'), 2) =l= 1;
16061  con2751..(-2) * cos(-x('109') +
16062  x('139')) * x('9') * x('39') +
16063  power(x('9'), 2) +
16064  power(x('39'), 2) =l= 1;
16065  con2752..(-2) * cos(-x('139') +
16066  x('172')) * x('39') * x('72') +
16067  power(x('39'), 2) +
16068  power(x('72'), 2) =l= 1;
16069  con2753..(-2) * cos(-x('139') +
16070  x('171')) * x('39') * x('71') +
16071  power(x('39'), 2) +
16072  power(x('71'), 2) =l= 1;
16073  con2754..(-2) * cos(-x('139') +
16074  x('170')) * x('39') * x('70') +
16075  power(x('39'), 2) +
16076  power(x('70'), 2) =l= 1;
16077  con2755..(-2) * cos(-x('109') +
16078  x('140')) * x('9') * x('40') +
16079  power(x('9'), 2) +
16080  power(x('40'), 2) =l= 1;
16081  con2756..(-2) * cos(-x('139') +
16082  x('169')) * x('39') * x('69') +
16083  power(x('39'), 2) +
16084  power(x('69'), 2) =l= 1;
16085  con2757..(-2) * cos(-x('139') +
16086  x('168')) * x('39') * x('68') +
16087  power(x('39'), 2) +
16088  power(x('68'), 2) =l= 1;
16089  con2758..(-2) * cos(-x('109') +
16090  x('141')) * x('9') * x('41') +
16091  power(x('9'), 2) +
16092  power(x('41'), 2) =l= 1;
16093  con2759..(-2) * cos(-x('139') +
16094  x('167')) * x('39') * x('67') +
16095  power(x('39'), 2) +
16096  power(x('67'), 2) =l= 1;
16097  con2760..(-2) * cos(-x('139') +
16098  x('166')) * x('39') * x('66') +
16099  power(x('39'), 2) +
16100  power(x('66'), 2) =l= 1;
16101  con2761..(-2) * cos(-x('109') +
16102  x('142')) * x('9') * x('42') +
16103  power(x('9'), 2) +
16104  power(x('42'), 2) =l= 1;
16105  con2762..(-2) * cos(-x('139') +
16106  x('165')) * x('39') * x('65') +
16107  power(x('39'), 2) +
16108  power(x('65'), 2) =l= 1;
16109  con2763..(-2) * cos(-x('139') +
16110  x('164')) * x('39') * x('64') +
16111  power(x('39'), 2) +
16112  power(x('64'), 2) =l= 1;
16113  con2764..(-2) * cos(-x('109') +
16114  x('143')) * x('9') * x('43') +
16115  power(x('9'), 2) +
16116  power(x('43'), 2) =l= 1;
16117  con2765..(-2) * cos(-x('139') +
16118  x('163')) * x('39') * x('63') +
16119  power(x('39'), 2) +
16120  power(x('63'), 2) =l= 1;
16121  con2766..(-2) * cos(-x('139') +
16122  x('162')) * x('39') * x('62') +
16123  power(x('39'), 2) +
16124  power(x('62'), 2) =l= 1;
16125  con2767..(-2) * cos(-x('139') +
16126  x('161')) * x('39') * x('61') +
16127  power(x('39'), 2) +
16128  power(x('61'), 2) =l= 1;
16129  con2768..(-2) * cos(-x('109') +
16130  x('144')) * x('9') * x('44') +
16131  power(x('9'), 2) +
16132  power(x('44'), 2) =l= 1;
16133  con2769..(-2) * cos(-x('139') +
16134  x('160')) * x('39') * x('60') +
16135  power(x('39'), 2) +
16136  power(x('60'), 2) =l= 1;
16137  con2770..(-2) * cos(-x('139') +
16138  x('159')) * x('39') * x('59') +
16139  power(x('39'), 2) +
16140  power(x('59'), 2) =l= 1;
16141  con2771..(-2) * cos(-x('109') +
16142  x('145')) * x('9') * x('45') +
16143  power(x('9'), 2) +
16144  power(x('45'), 2) =l= 1;
16145  con2772..(-2) * cos(-x('139') +
16146  x('158')) * x('39') * x('58') +
16147  power(x('39'), 2) +
16148  power(x('58'), 2) =l= 1;
16149  con2773..(-2) * cos(-x('139') +
16150  x('157')) * x('39') * x('57') +
16151  power(x('39'), 2) +
16152  power(x('57'), 2) =l= 1;
16153  con2774..(-2) * cos(-x('109') +
16154  x('146')) * x('9') * x('46') +
16155  power(x('9'), 2) +
16156  power(x('46'), 2) =l= 1;
16157  con2775..(-2) * cos(-x('139') +
16158  x('156')) * x('39') * x('56') +
16159  power(x('39'), 2) +
16160  power(x('56'), 2) =l= 1;
16161  con2776..(-2) * cos(-x('139') +
16162  x('155')) * x('39') * x('55') +
16163  power(x('39'), 2) +
16164  power(x('55'), 2) =l= 1;
16165  con2777..(-2) * cos(-x('109') +
16166  x('147')) * x('9') * x('47') +
16167  power(x('9'), 2) +
16168  power(x('47'), 2) =l= 1;
16169  con2778..(-2) * cos(-x('139') +
16170  x('154')) * x('39') * x('54') +
16171  power(x('39'), 2) +
16172  power(x('54'), 2) =l= 1;
16173  con2779..(-2) * cos(-x('139') +
16174  x('153')) * x('39') * x('53') +
16175  power(x('39'), 2) +
16176  power(x('53'), 2) =l= 1;
16177  con2780..(-2) * cos(-x('139') +
16178  x('152')) * x('39') * x('52') +
16179  power(x('39'), 2) +
16180  power(x('52'), 2) =l= 1;
16181  con2781..(-2) * cos(-x('109') +
16182  x('148')) * x('9') * x('48') +
16183  power(x('9'), 2) +
16184  power(x('48'), 2) =l= 1;
16185  con2782..(-2) * cos(-x('139') +
16186  x('151')) * x('39') * x('51') +
16187  power(x('39'), 2) +
16188  power(x('51'), 2) =l= 1;
16189  con2783..(-2) * cos(-x('139') +
16190  x('150')) * x('39') * x('50') +
16191  power(x('39'), 2) +
16192  power(x('50'), 2) =l= 1;
16193  con2784..(-2) * cos(-x('109') +
16194  x('149')) * x('9') * x('49') +
16195  power(x('9'), 2) +
16196  power(x('49'), 2) =l= 1;
16197  con2785..(-2) * cos(-x('139') +
16198  x('149')) * x('39') * x('49') +
16199  power(x('39'), 2) +
16200  power(x('49'), 2) =l= 1;
16201  con2786..(-2) * cos(-x('139') +
16202  x('148')) * x('39') * x('48') +
16203  power(x('39'), 2) +
16204  power(x('48'), 2) =l= 1;
16205  con2787..(-2) * cos(-x('109') +
16206  x('150')) * x('9') * x('50') +
16207  power(x('9'), 2) +
16208  power(x('50'), 2) =l= 1;
16209  con2788..(-2) * cos(-x('139') +
16210  x('147')) * x('39') * x('47') +
16211  power(x('39'), 2) +
16212  power(x('47'), 2) =l= 1;
16213  con2789..(-2) * cos(-x('139') +
16214  x('146')) * x('39') * x('46') +
16215  power(x('39'), 2) +
16216  power(x('46'), 2) =l= 1;
16217  con2790..(-2) * cos(-x('109') +
16218  x('151')) * x('9') * x('51') +
16219  power(x('9'), 2) +
16220  power(x('51'), 2) =l= 1;
16221  con2791..(-2) * cos(-x('139') +
16222  x('145')) * x('39') * x('45') +
16223  power(x('39'), 2) +
16224  power(x('45'), 2) =l= 1;
16225  con2792..(-2) * cos(-x('139') +
16226  x('144')) * x('39') * x('44') +
16227  power(x('39'), 2) +
16228  power(x('44'), 2) =l= 1;
16229  con2793..(-2) * cos(-x('139') +
16230  x('143')) * x('39') * x('43') +
16231  power(x('39'), 2) +
16232  power(x('43'), 2) =l= 1;
16233  con2794..(-2) * cos(-x('109') +
16234  x('152')) * x('9') * x('52') +
16235  power(x('9'), 2) +
16236  power(x('52'), 2) =l= 1;
16237  con2795..(-2) * cos(-x('139') +
16238  x('142')) * x('39') * x('42') +
16239  power(x('39'), 2) +
16240  power(x('42'), 2) =l= 1;
16241  con2796..(-2) * cos(-x('139') +
16242  x('141')) * x('39') * x('41') +
16243  power(x('39'), 2) +
16244  power(x('41'), 2) =l= 1;
16245  con2797..(-2) * cos(-x('109') +
16246  x('153')) * x('9') * x('53') +
16247  power(x('9'), 2) +
16248  power(x('53'), 2) =l= 1;
16249  con2798..(-2) * cos(-x('139') +
16250  x('140')) * x('39') * x('40') +
16251  power(x('39'), 2) +
16252  power(x('40'), 2) =l= 1;
16253  con2799..(-2) * cos(-x('138') +
16254  x('200')) * x('38') * x('100') +
16255  power(x('38'), 2) +
16256  power(x('100'), 2) =l= 1;
16257  con2800..(-2) * cos(-x('109') +
16258  x('154')) * x('9') * x('54') +
16259  power(x('9'), 2) +
16260  power(x('54'), 2) =l= 1;
16261  con2801..(-2) * cos(-x('138') +
16262  x('199')) * x('38') * x('99') +
16263  power(x('38'), 2) +
16264  power(x('99'), 2) =l= 1;
16265  con2802..(-2) * cos(-x('138') +
16266  x('198')) * x('38') * x('98') +
16267  power(x('38'), 2) +
16268  power(x('98'), 2) =l= 1;
16269  con2803..(-2) * cos(-x('109') +
16270  x('155')) * x('9') * x('55') +
16271  power(x('9'), 2) +
16272  power(x('55'), 2) =l= 1;
16273  con2804..(-2) * cos(-x('138') +
16274  x('197')) * x('38') * x('97') +
16275  power(x('38'), 2) +
16276  power(x('97'), 2) =l= 1;
16277  con2805..(-2) * cos(-x('138') +
16278  x('196')) * x('38') * x('96') +
16279  power(x('38'), 2) +
16280  power(x('96'), 2) =l= 1;
16281  con2806..(-2) * cos(-x('138') +
16282  x('195')) * x('38') * x('95') +
16283  power(x('38'), 2) +
16284  power(x('95'), 2) =l= 1;
16285  con2807..(-2) * cos(-x('109') +
16286  x('156')) * x('9') * x('56') +
16287  power(x('9'), 2) +
16288  power(x('56'), 2) =l= 1;
16289  con2808..(-2) * cos(-x('138') +
16290  x('194')) * x('38') * x('94') +
16291  power(x('38'), 2) +
16292  power(x('94'), 2) =l= 1;
16293  con2809..(-2) * cos(-x('138') +
16294  x('193')) * x('38') * x('93') +
16295  power(x('38'), 2) +
16296  power(x('93'), 2) =l= 1;
16297  con2810..(-2) * cos(-x('109') +
16298  x('157')) * x('9') * x('57') +
16299  power(x('9'), 2) +
16300  power(x('57'), 2) =l= 1;
16301  con2811..(-2) * cos(-x('138') +
16302  x('192')) * x('38') * x('92') +
16303  power(x('38'), 2) +
16304  power(x('92'), 2) =l= 1;
16305  con2812..(-2) * cos(-x('138') +
16306  x('191')) * x('38') * x('91') +
16307  power(x('38'), 2) +
16308  power(x('91'), 2) =l= 1;
16309  con2813..(-2) * cos(-x('109') +
16310  x('158')) * x('9') * x('58') +
16311  power(x('9'), 2) +
16312  power(x('58'), 2) =l= 1;
16313  con2814..(-2) * cos(-x('138') +
16314  x('190')) * x('38') * x('90') +
16315  power(x('38'), 2) +
16316  power(x('90'), 2) =l= 1;
16317  con2815..(-2) * cos(-x('138') +
16318  x('189')) * x('38') * x('89') +
16319  power(x('38'), 2) +
16320  power(x('89'), 2) =l= 1;
16321  con2816..(-2) * cos(-x('109') +
16322  x('159')) * x('9') * x('59') +
16323  power(x('9'), 2) +
16324  power(x('59'), 2) =l= 1;
16325  con2817..(-2) * cos(-x('138') +
16326  x('188')) * x('38') * x('88') +
16327  power(x('38'), 2) +
16328  power(x('88'), 2) =l= 1;
16329  con2818..(-2) * cos(-x('138') +
16330  x('187')) * x('38') * x('87') +
16331  power(x('38'), 2) +
16332  power(x('87'), 2) =l= 1;
16333  con2819..(-2) * cos(-x('138') +
16334  x('186')) * x('38') * x('86') +
16335  power(x('38'), 2) +
16336  power(x('86'), 2) =l= 1;
16337  con2820..(-2) * cos(-x('109') +
16338  x('160')) * x('9') * x('60') +
16339  power(x('9'), 2) +
16340  power(x('60'), 2) =l= 1;
16341  con2821..(-2) * cos(-x('138') +
16342  x('185')) * x('38') * x('85') +
16343  power(x('38'), 2) +
16344  power(x('85'), 2) =l= 1;
16345  con2822..(-2) * cos(-x('138') +
16346  x('184')) * x('38') * x('84') +
16347  power(x('38'), 2) +
16348  power(x('84'), 2) =l= 1;
16349  con2823..(-2) * cos(-x('109') +
16350  x('161')) * x('9') * x('61') +
16351  power(x('9'), 2) +
16352  power(x('61'), 2) =l= 1;
16353  con2824..(-2) * cos(-x('138') +
16354  x('183')) * x('38') * x('83') +
16355  power(x('38'), 2) +
16356  power(x('83'), 2) =l= 1;
16357  con2825..(-2) * cos(-x('138') +
16358  x('182')) * x('38') * x('82') +
16359  power(x('38'), 2) +
16360  power(x('82'), 2) =l= 1;
16361  con2826..(-2) * cos(-x('109') +
16362  x('162')) * x('9') * x('62') +
16363  power(x('9'), 2) +
16364  power(x('62'), 2) =l= 1;
16365  con2827..(-2) * cos(-x('138') +
16366  x('181')) * x('38') * x('81') +
16367  power(x('38'), 2) +
16368  power(x('81'), 2) =l= 1;
16369  con2828..(-2) * cos(-x('138') +
16370  x('180')) * x('38') * x('80') +
16371  power(x('38'), 2) +
16372  power(x('80'), 2) =l= 1;
16373  con2829..(-2) * cos(-x('109') +
16374  x('163')) * x('9') * x('63') +
16375  power(x('9'), 2) +
16376  power(x('63'), 2) =l= 1;
16377  con2830..(-2) * cos(-x('138') +
16378  x('179')) * x('38') * x('79') +
16379  power(x('38'), 2) +
16380  power(x('79'), 2) =l= 1;
16381  con2831..(-2) * cos(-x('138') +
16382  x('178')) * x('38') * x('78') +
16383  power(x('38'), 2) +
16384  power(x('78'), 2) =l= 1;
16385  con2832..(-2) * cos(-x('138') +
16386  x('177')) * x('38') * x('77') +
16387  power(x('38'), 2) +
16388  power(x('77'), 2) =l= 1;
16389  con2833..(-2) * cos(-x('109') +
16390  x('164')) * x('9') * x('64') +
16391  power(x('9'), 2) +
16392  power(x('64'), 2) =l= 1;
16393  con2834..(-2) * cos(-x('138') +
16394  x('176')) * x('38') * x('76') +
16395  power(x('38'), 2) +
16396  power(x('76'), 2) =l= 1;
16397  con2835..(-2) * cos(-x('138') +
16398  x('175')) * x('38') * x('75') +
16399  power(x('38'), 2) +
16400  power(x('75'), 2) =l= 1;
16401  con2836..(-2) * cos(-x('109') +
16402  x('165')) * x('9') * x('65') +
16403  power(x('9'), 2) +
16404  power(x('65'), 2) =l= 1;
16405  con2837..(-2) * cos(-x('138') +
16406  x('174')) * x('38') * x('74') +
16407  power(x('38'), 2) +
16408  power(x('74'), 2) =l= 1;
16409  con2838..(-2) * cos(-x('138') +
16410  x('173')) * x('38') * x('73') +
16411  power(x('38'), 2) +
16412  power(x('73'), 2) =l= 1;
16413  con2839..(-2) * cos(-x('109') +
16414  x('166')) * x('9') * x('66') +
16415  power(x('9'), 2) +
16416  power(x('66'), 2) =l= 1;
16417  con2840..(-2) * cos(-x('138') +
16418  x('172')) * x('38') * x('72') +
16419  power(x('38'), 2) +
16420  power(x('72'), 2) =l= 1;
16421  con2841..(-2) * cos(-x('138') +
16422  x('171')) * x('38') * x('71') +
16423  power(x('38'), 2) +
16424  power(x('71'), 2) =l= 1;
16425  con2842..(-2) * cos(-x('109') +
16426  x('167')) * x('9') * x('67') +
16427  power(x('9'), 2) +
16428  power(x('67'), 2) =l= 1;
16429  con2843..(-2) * cos(-x('138') +
16430  x('170')) * x('38') * x('70') +
16431  power(x('38'), 2) +
16432  power(x('70'), 2) =l= 1;
16433  con2844..(-2) * cos(-x('138') +
16434  x('169')) * x('38') * x('69') +
16435  power(x('38'), 2) +
16436  power(x('69'), 2) =l= 1;
16437  con2845..(-2) * cos(-x('138') +
16438  x('168')) * x('38') * x('68') +
16439  power(x('38'), 2) +
16440  power(x('68'), 2) =l= 1;
16441  con2846..(-2) * cos(-x('109') +
16442  x('168')) * x('9') * x('68') +
16443  power(x('9'), 2) +
16444  power(x('68'), 2) =l= 1;
16445  con2847..(-2) * cos(-x('138') +
16446  x('167')) * x('38') * x('67') +
16447  power(x('38'), 2) +
16448  power(x('67'), 2) =l= 1;
16449  con2848..(-2) * cos(-x('138') +
16450  x('166')) * x('38') * x('66') +
16451  power(x('38'), 2) +
16452  power(x('66'), 2) =l= 1;
16453  con2849..(-2) * cos(-x('109') +
16454  x('169')) * x('9') * x('69') +
16455  power(x('9'), 2) +
16456  power(x('69'), 2) =l= 1;
16457  con2850..(-2) * cos(-x('138') +
16458  x('165')) * x('38') * x('65') +
16459  power(x('38'), 2) +
16460  power(x('65'), 2) =l= 1;
16461  con2851..(-2) * cos(-x('138') +
16462  x('164')) * x('38') * x('64') +
16463  power(x('38'), 2) +
16464  power(x('64'), 2) =l= 1;
16465  con2852..(-2) * cos(-x('109') +
16466  x('170')) * x('9') * x('70') +
16467  power(x('9'), 2) +
16468  power(x('70'), 2) =l= 1;
16469  con2853..(-2) * cos(-x('138') +
16470  x('163')) * x('38') * x('63') +
16471  power(x('38'), 2) +
16472  power(x('63'), 2) =l= 1;
16473  con2854..(-2) * cos(-x('138') +
16474  x('162')) * x('38') * x('62') +
16475  power(x('38'), 2) +
16476  power(x('62'), 2) =l= 1;
16477  con2855..(-2) * cos(-x('109') +
16478  x('171')) * x('9') * x('71') +
16479  power(x('9'), 2) +
16480  power(x('71'), 2) =l= 1;
16481  con2856..(-2) * cos(-x('138') +
16482  x('161')) * x('38') * x('61') +
16483  power(x('38'), 2) +
16484  power(x('61'), 2) =l= 1;
16485  con2857..(-2) * cos(-x('138') +
16486  x('160')) * x('38') * x('60') +
16487  power(x('38'), 2) +
16488  power(x('60'), 2) =l= 1;
16489  con2858..(-2) * cos(-x('138') +
16490  x('159')) * x('38') * x('59') +
16491  power(x('38'), 2) +
16492  power(x('59'), 2) =l= 1;
16493  con2859..(-2) * cos(-x('109') +
16494  x('172')) * x('9') * x('72') +
16495  power(x('9'), 2) +
16496  power(x('72'), 2) =l= 1;
16497  con2860..(-2) * cos(-x('138') +
16498  x('158')) * x('38') * x('58') +
16499  power(x('38'), 2) +
16500  power(x('58'), 2) =l= 1;
16501  con2861..(-2) * cos(-x('138') +
16502  x('157')) * x('38') * x('57') +
16503  power(x('38'), 2) +
16504  power(x('57'), 2) =l= 1;
16505  con2862..(-2) * cos(-x('109') +
16506  x('173')) * x('9') * x('73') +
16507  power(x('9'), 2) +
16508  power(x('73'), 2) =l= 1;
16509  con2863..(-2) * cos(-x('138') +
16510  x('156')) * x('38') * x('56') +
16511  power(x('38'), 2) +
16512  power(x('56'), 2) =l= 1;
16513  con2864..(-2) * cos(-x('138') +
16514  x('155')) * x('38') * x('55') +
16515  power(x('38'), 2) +
16516  power(x('55'), 2) =l= 1;
16517  con2865..(-2) * cos(-x('109') +
16518  x('174')) * x('9') * x('74') +
16519  power(x('9'), 2) +
16520  power(x('74'), 2) =l= 1;
16521  con2866..(-2) * cos(-x('138') +
16522  x('154')) * x('38') * x('54') +
16523  power(x('38'), 2) +
16524  power(x('54'), 2) =l= 1;
16525  con2867..(-2) * cos(-x('138') +
16526  x('153')) * x('38') * x('53') +
16527  power(x('38'), 2) +
16528  power(x('53'), 2) =l= 1;
16529  con2868..(-2) * cos(-x('109') +
16530  x('175')) * x('9') * x('75') +
16531  power(x('9'), 2) +
16532  power(x('75'), 2) =l= 1;
16533  con2869..(-2) * cos(-x('138') +
16534  x('152')) * x('38') * x('52') +
16535  power(x('38'), 2) +
16536  power(x('52'), 2) =l= 1;
16537  con2870..(-2) * cos(-x('138') +
16538  x('151')) * x('38') * x('51') +
16539  power(x('38'), 2) +
16540  power(x('51'), 2) =l= 1;
16541  con2871..(-2) * cos(-x('138') +
16542  x('150')) * x('38') * x('50') +
16543  power(x('38'), 2) +
16544  power(x('50'), 2) =l= 1;
16545  con2872..(-2) * cos(-x('109') +
16546  x('176')) * x('9') * x('76') +
16547  power(x('9'), 2) +
16548  power(x('76'), 2) =l= 1;
16549  con2873..(-2) * cos(-x('138') +
16550  x('149')) * x('38') * x('49') +
16551  power(x('38'), 2) +
16552  power(x('49'), 2) =l= 1;
16553  con2874..(-2) * cos(-x('138') +
16554  x('148')) * x('38') * x('48') +
16555  power(x('38'), 2) +
16556  power(x('48'), 2) =l= 1;
16557  con2875..(-2) * cos(-x('109') +
16558  x('177')) * x('9') * x('77') +
16559  power(x('9'), 2) +
16560  power(x('77'), 2) =l= 1;
16561  con2876..(-2) * cos(-x('138') +
16562  x('147')) * x('38') * x('47') +
16563  power(x('38'), 2) +
16564  power(x('47'), 2) =l= 1;
16565  con2877..(-2) * cos(-x('138') +
16566  x('146')) * x('38') * x('46') +
16567  power(x('38'), 2) +
16568  power(x('46'), 2) =l= 1;
16569  con2878..(-2) * cos(-x('109') +
16570  x('178')) * x('9') * x('78') +
16571  power(x('9'), 2) +
16572  power(x('78'), 2) =l= 1;
16573  con2879..(-2) * cos(-x('138') +
16574  x('145')) * x('38') * x('45') +
16575  power(x('38'), 2) +
16576  power(x('45'), 2) =l= 1;
16577  con2880..(-2) * cos(-x('138') +
16578  x('144')) * x('38') * x('44') +
16579  power(x('38'), 2) +
16580  power(x('44'), 2) =l= 1;
16581  con2881..(-2) * cos(-x('109') +
16582  x('179')) * x('9') * x('79') +
16583  power(x('9'), 2) +
16584  power(x('79'), 2) =l= 1;
16585  con2882..(-2) * cos(-x('138') +
16586  x('143')) * x('38') * x('43') +
16587  power(x('38'), 2) +
16588  power(x('43'), 2) =l= 1;
16589  con2883..(-2) * cos(-x('138') +
16590  x('142')) * x('38') * x('42') +
16591  power(x('38'), 2) +
16592  power(x('42'), 2) =l= 1;
16593  con2884..(-2) * cos(-x('138') +
16594  x('141')) * x('38') * x('41') +
16595  power(x('38'), 2) +
16596  power(x('41'), 2) =l= 1;
16597  con2885..(-2) * cos(-x('109') +
16598  x('180')) * x('9') * x('80') +
16599  power(x('9'), 2) +
16600  power(x('80'), 2) =l= 1;
16601  con2886..(-2) * cos(-x('138') +
16602  x('140')) * x('38') * x('40') +
16603  power(x('38'), 2) +
16604  power(x('40'), 2) =l= 1;
16605  con2887..(-2) * cos(-x('138') +
16606  x('139')) * x('38') * x('39') +
16607  power(x('38'), 2) +
16608  power(x('39'), 2) =l= 1;
16609  con2888..(-2) * cos(-x('109') +
16610  x('181')) * x('9') * x('81') +
16611  power(x('9'), 2) +
16612  power(x('81'), 2) =l= 1;
16613  con2889..(-2) * cos(-x('137') +
16614  x('200')) * x('37') * x('100') +
16615  power(x('37'), 2) +
16616  power(x('100'), 2) =l= 1;
16617  con2890..(-2) * cos(-x('137') +
16618  x('199')) * x('37') * x('99') +
16619  power(x('37'), 2) +
16620  power(x('99'), 2) =l= 1;
16621  con2891..(-2) * cos(-x('109') +
16622  x('182')) * x('9') * x('82') +
16623  power(x('9'), 2) +
16624  power(x('82'), 2) =l= 1;
16625  con2892..(-2) * cos(-x('137') +
16626  x('198')) * x('37') * x('98') +
16627  power(x('37'), 2) +
16628  power(x('98'), 2) =l= 1;
16629  con2893..(-2) * cos(-x('137') +
16630  x('197')) * x('37') * x('97') +
16631  power(x('37'), 2) +
16632  power(x('97'), 2) =l= 1;
16633  con2894..(-2) * cos(-x('109') +
16634  x('183')) * x('9') * x('83') +
16635  power(x('9'), 2) +
16636  power(x('83'), 2) =l= 1;
16637  con2895..(-2) * cos(-x('137') +
16638  x('196')) * x('37') * x('96') +
16639  power(x('37'), 2) +
16640  power(x('96'), 2) =l= 1;
16641  con2896..(-2) * cos(-x('137') +
16642  x('195')) * x('37') * x('95') +
16643  power(x('37'), 2) +
16644  power(x('95'), 2) =l= 1;
16645  con2897..(-2) * cos(-x('137') +
16646  x('194')) * x('37') * x('94') +
16647  power(x('37'), 2) +
16648  power(x('94'), 2) =l= 1;
16649  con2898..(-2) * cos(-x('109') +
16650  x('184')) * x('9') * x('84') +
16651  power(x('9'), 2) +
16652  power(x('84'), 2) =l= 1;
16653  con2899..(-2) * cos(-x('137') +
16654  x('193')) * x('37') * x('93') +
16655  power(x('37'), 2) +
16656  power(x('93'), 2) =l= 1;
16657  con2900..(-2) * cos(-x('137') +
16658  x('192')) * x('37') * x('92') +
16659  power(x('37'), 2) +
16660  power(x('92'), 2) =l= 1;
16661  con2901..(-2) * cos(-x('109') +
16662  x('185')) * x('9') * x('85') +
16663  power(x('9'), 2) +
16664  power(x('85'), 2) =l= 1;
16665  con2902..(-2) * cos(-x('137') +
16666  x('191')) * x('37') * x('91') +
16667  power(x('37'), 2) +
16668  power(x('91'), 2) =l= 1;
16669  con2903..(-2) * cos(-x('137') +
16670  x('190')) * x('37') * x('90') +
16671  power(x('37'), 2) +
16672  power(x('90'), 2) =l= 1;
16673  con2904..(-2) * cos(-x('109') +
16674  x('186')) * x('9') * x('86') +
16675  power(x('9'), 2) +
16676  power(x('86'), 2) =l= 1;
16677  con2905..(-2) * cos(-x('137') +
16678  x('189')) * x('37') * x('89') +
16679  power(x('37'), 2) +
16680  power(x('89'), 2) =l= 1;
16681  con2906..(-2) * cos(-x('137') +
16682  x('188')) * x('37') * x('88') +
16683  power(x('37'), 2) +
16684  power(x('88'), 2) =l= 1;
16685  con2907..(-2) * cos(-x('109') +
16686  x('187')) * x('9') * x('87') +
16687  power(x('9'), 2) +
16688  power(x('87'), 2) =l= 1;
16689  con2908..(-2) * cos(-x('137') +
16690  x('187')) * x('37') * x('87') +
16691  power(x('37'), 2) +
16692  power(x('87'), 2) =l= 1;
16693  con2909..(-2) * cos(-x('137') +
16694  x('186')) * x('37') * x('86') +
16695  power(x('37'), 2) +
16696  power(x('86'), 2) =l= 1;
16697  con2910..(-2) * cos(-x('137') +
16698  x('185')) * x('37') * x('85') +
16699  power(x('37'), 2) +
16700  power(x('85'), 2) =l= 1;
16701  con2911..(-2) * cos(-x('109') +
16702  x('188')) * x('9') * x('88') +
16703  power(x('9'), 2) +
16704  power(x('88'), 2) =l= 1;
16705  con2912..(-2) * cos(-x('137') +
16706  x('184')) * x('37') * x('84') +
16707  power(x('37'), 2) +
16708  power(x('84'), 2) =l= 1;
16709  con2913..(-2) * cos(-x('137') +
16710  x('183')) * x('37') * x('83') +
16711  power(x('37'), 2) +
16712  power(x('83'), 2) =l= 1;
16713  con2914..(-2) * cos(-x('109') +
16714  x('189')) * x('9') * x('89') +
16715  power(x('9'), 2) +
16716  power(x('89'), 2) =l= 1;
16717  con2915..(-2) * cos(-x('137') +
16718  x('182')) * x('37') * x('82') +
16719  power(x('37'), 2) +
16720  power(x('82'), 2) =l= 1;
16721  con2916..(-2) * cos(-x('137') +
16722  x('181')) * x('37') * x('81') +
16723  power(x('37'), 2) +
16724  power(x('81'), 2) =l= 1;
16725  con2917..(-2) * cos(-x('109') +
16726  x('190')) * x('9') * x('90') +
16727  power(x('9'), 2) +
16728  power(x('90'), 2) =l= 1;
16729  con2918..(-2) * cos(-x('137') +
16730  x('180')) * x('37') * x('80') +
16731  power(x('37'), 2) +
16732  power(x('80'), 2) =l= 1;
16733  con2919..(-2) * cos(-x('137') +
16734  x('179')) * x('37') * x('79') +
16735  power(x('37'), 2) +
16736  power(x('79'), 2) =l= 1;
16737  con2920..(-2) * cos(-x('109') +
16738  x('191')) * x('9') * x('91') +
16739  power(x('9'), 2) +
16740  power(x('91'), 2) =l= 1;
16741  con2921..(-2) * cos(-x('137') +
16742  x('178')) * x('37') * x('78') +
16743  power(x('37'), 2) +
16744  power(x('78'), 2) =l= 1;
16745  con2922..(-2) * cos(-x('137') +
16746  x('177')) * x('37') * x('77') +
16747  power(x('37'), 2) +
16748  power(x('77'), 2) =l= 1;
16749  con2923..(-2) * cos(-x('137') +
16750  x('176')) * x('37') * x('76') +
16751  power(x('37'), 2) +
16752  power(x('76'), 2) =l= 1;
16753  con2924..(-2) * cos(-x('109') +
16754  x('192')) * x('9') * x('92') +
16755  power(x('9'), 2) +
16756  power(x('92'), 2) =l= 1;
16757  con2925..(-2) * cos(-x('137') +
16758  x('175')) * x('37') * x('75') +
16759  power(x('37'), 2) +
16760  power(x('75'), 2) =l= 1;
16761  con2926..(-2) * cos(-x('137') +
16762  x('174')) * x('37') * x('74') +
16763  power(x('37'), 2) +
16764  power(x('74'), 2) =l= 1;
16765  con2927..(-2) * cos(-x('109') +
16766  x('193')) * x('9') * x('93') +
16767  power(x('9'), 2) +
16768  power(x('93'), 2) =l= 1;
16769  con2928..(-2) * cos(-x('137') +
16770  x('173')) * x('37') * x('73') +
16771  power(x('37'), 2) +
16772  power(x('73'), 2) =l= 1;
16773  con2929..(-2) * cos(-x('137') +
16774  x('172')) * x('37') * x('72') +
16775  power(x('37'), 2) +
16776  power(x('72'), 2) =l= 1;
16777  con2930..(-2) * cos(-x('109') +
16778  x('194')) * x('9') * x('94') +
16779  power(x('9'), 2) +
16780  power(x('94'), 2) =l= 1;
16781  con2931..(-2) * cos(-x('137') +
16782  x('171')) * x('37') * x('71') +
16783  power(x('37'), 2) +
16784  power(x('71'), 2) =l= 1;
16785  con2932..(-2) * cos(-x('137') +
16786  x('170')) * x('37') * x('70') +
16787  power(x('37'), 2) +
16788  power(x('70'), 2) =l= 1;
16789  con2933..(-2) * cos(-x('109') +
16790  x('195')) * x('9') * x('95') +
16791  power(x('9'), 2) +
16792  power(x('95'), 2) =l= 1;
16793  con2934..(-2) * cos(-x('137') +
16794  x('169')) * x('37') * x('69') +
16795  power(x('37'), 2) +
16796  power(x('69'), 2) =l= 1;
16797  con2935..(-2) * cos(-x('137') +
16798  x('168')) * x('37') * x('68') +
16799  power(x('37'), 2) +
16800  power(x('68'), 2) =l= 1;
16801  con2936..(-2) * cos(-x('137') +
16802  x('167')) * x('37') * x('67') +
16803  power(x('37'), 2) +
16804  power(x('67'), 2) =l= 1;
16805  con2937..(-2) * cos(-x('109') +
16806  x('196')) * x('9') * x('96') +
16807  power(x('9'), 2) +
16808  power(x('96'), 2) =l= 1;
16809  con2938..(-2) * cos(-x('137') +
16810  x('166')) * x('37') * x('66') +
16811  power(x('37'), 2) +
16812  power(x('66'), 2) =l= 1;
16813  con2939..(-2) * cos(-x('137') +
16814  x('165')) * x('37') * x('65') +
16815  power(x('37'), 2) +
16816  power(x('65'), 2) =l= 1;
16817  con2940..(-2) * cos(-x('109') +
16818  x('197')) * x('9') * x('97') +
16819  power(x('9'), 2) +
16820  power(x('97'), 2) =l= 1;
16821  con2941..(-2) * cos(-x('137') +
16822  x('164')) * x('37') * x('64') +
16823  power(x('37'), 2) +
16824  power(x('64'), 2) =l= 1;
16825  con2942..(-2) * cos(-x('137') +
16826  x('163')) * x('37') * x('63') +
16827  power(x('37'), 2) +
16828  power(x('63'), 2) =l= 1;
16829  con2943..(-2) * cos(-x('109') +
16830  x('198')) * x('9') * x('98') +
16831  power(x('9'), 2) +
16832  power(x('98'), 2) =l= 1;
16833  con2944..(-2) * cos(-x('137') +
16834  x('162')) * x('37') * x('62') +
16835  power(x('37'), 2) +
16836  power(x('62'), 2) =l= 1;
16837  con2945..(-2) * cos(-x('137') +
16838  x('161')) * x('37') * x('61') +
16839  power(x('37'), 2) +
16840  power(x('61'), 2) =l= 1;
16841  con2946..(-2) * cos(-x('109') +
16842  x('199')) * x('9') * x('99') +
16843  power(x('9'), 2) +
16844  power(x('99'), 2) =l= 1;
16845  con2947..(-2) * cos(-x('137') +
16846  x('160')) * x('37') * x('60') +
16847  power(x('37'), 2) +
16848  power(x('60'), 2) =l= 1;
16849  con2948..(-2) * cos(-x('137') +
16850  x('159')) * x('37') * x('59') +
16851  power(x('37'), 2) +
16852  power(x('59'), 2) =l= 1;
16853  con2949..(-2) * cos(-x('137') +
16854  x('158')) * x('37') * x('58') +
16855  power(x('37'), 2) +
16856  power(x('58'), 2) =l= 1;
16857  con2950..(-2) * cos(-x('109') +
16858  x('200')) * x('9') * x('100') +
16859  power(x('9'), 2) +
16860  power(x('100'), 2) =l= 1;
16861  con2951..(-2) * cos(-x('137') +
16862  x('157')) * x('37') * x('57') +
16863  power(x('37'), 2) +
16864  power(x('57'), 2) =l= 1;
16865  con2952..(-2) * cos(-x('137') +
16866  x('156')) * x('37') * x('56') +
16867  power(x('37'), 2) +
16868  power(x('56'), 2) =l= 1;
16869  con2953..(-2) * cos(-x('110') +
16870  x('111')) * x('10') * x('11') +
16871  power(x('10'), 2) +
16872  power(x('11'), 2) =l= 1;
16873  con2954..(-2) * cos(-x('137') +
16874  x('155')) * x('37') * x('55') +
16875  power(x('37'), 2) +
16876  power(x('55'), 2) =l= 1;
16877  con2955..(-2) * cos(-x('137') +
16878  x('154')) * x('37') * x('54') +
16879  power(x('37'), 2) +
16880  power(x('54'), 2) =l= 1;
16881  con2956..(-2) * cos(-x('110') +
16882  x('112')) * x('10') * x('12') +
16883  power(x('10'), 2) +
16884  power(x('12'), 2) =l= 1;
16885  con2957..(-2) * cos(-x('137') +
16886  x('153')) * x('37') * x('53') +
16887  power(x('37'), 2) +
16888  power(x('53'), 2) =l= 1;
16889  con2958..(-2) * cos(-x('137') +
16890  x('152')) * x('37') * x('52') +
16891  power(x('37'), 2) +
16892  power(x('52'), 2) =l= 1;
16893  con2959..(-2) * cos(-x('110') +
16894  x('113')) * x('10') * x('13') +
16895  power(x('10'), 2) +
16896  power(x('13'), 2) =l= 1;
16897  con2960..(-2) * cos(-x('137') +
16898  x('151')) * x('37') * x('51') +
16899  power(x('37'), 2) +
16900  power(x('51'), 2) =l= 1;
16901  con2961..(-2) * cos(-x('137') +
16902  x('150')) * x('37') * x('50') +
16903  power(x('37'), 2) +
16904  power(x('50'), 2) =l= 1;
16905  con2962..(-2) * cos(-x('137') +
16906  x('149')) * x('37') * x('49') +
16907  power(x('37'), 2) +
16908  power(x('49'), 2) =l= 1;
16909  con2963..(-2) * cos(-x('110') +
16910  x('114')) * x('10') * x('14') +
16911  power(x('10'), 2) +
16912  power(x('14'), 2) =l= 1;
16913  con2964..(-2) * cos(-x('137') +
16914  x('148')) * x('37') * x('48') +
16915  power(x('37'), 2) +
16916  power(x('48'), 2) =l= 1;
16917  con2965..(-2) * cos(-x('137') +
16918  x('147')) * x('37') * x('47') +
16919  power(x('37'), 2) +
16920  power(x('47'), 2) =l= 1;
16921  con2966..(-2) * cos(-x('110') +
16922  x('115')) * x('10') * x('15') +
16923  power(x('10'), 2) +
16924  power(x('15'), 2) =l= 1;
16925  con2967..(-2) * cos(-x('137') +
16926  x('146')) * x('37') * x('46') +
16927  power(x('37'), 2) +
16928  power(x('46'), 2) =l= 1;
16929  con2968..(-2) * cos(-x('137') +
16930  x('145')) * x('37') * x('45') +
16931  power(x('37'), 2) +
16932  power(x('45'), 2) =l= 1;
16933  con2969..(-2) * cos(-x('110') +
16934  x('116')) * x('10') * x('16') +
16935  power(x('10'), 2) +
16936  power(x('16'), 2) =l= 1;
16937  con2970..(-2) * cos(-x('137') +
16938  x('144')) * x('37') * x('44') +
16939  power(x('37'), 2) +
16940  power(x('44'), 2) =l= 1;
16941  con2971..(-2) * cos(-x('137') +
16942  x('143')) * x('37') * x('43') +
16943  power(x('37'), 2) +
16944  power(x('43'), 2) =l= 1;
16945  con2972..(-2) * cos(-x('110') +
16946  x('117')) * x('10') * x('17') +
16947  power(x('10'), 2) +
16948  power(x('17'), 2) =l= 1;
16949  con2973..(-2) * cos(-x('137') +
16950  x('142')) * x('37') * x('42') +
16951  power(x('37'), 2) +
16952  power(x('42'), 2) =l= 1;
16953  con2974..(-2) * cos(-x('137') +
16954  x('141')) * x('37') * x('41') +
16955  power(x('37'), 2) +
16956  power(x('41'), 2) =l= 1;
16957  con2975..(-2) * cos(-x('137') +
16958  x('140')) * x('37') * x('40') +
16959  power(x('37'), 2) +
16960  power(x('40'), 2) =l= 1;
16961  con2976..(-2) * cos(-x('110') +
16962  x('118')) * x('10') * x('18') +
16963  power(x('10'), 2) +
16964  power(x('18'), 2) =l= 1;
16965  con2977..(-2) * cos(-x('137') +
16966  x('139')) * x('37') * x('39') +
16967  power(x('37'), 2) +
16968  power(x('39'), 2) =l= 1;
16969  con2978..(-2) * cos(-x('137') +
16970  x('138')) * x('37') * x('38') +
16971  power(x('37'), 2) +
16972  power(x('38'), 2) =l= 1;
16973  con2979..(-2) * cos(-x('110') +
16974  x('119')) * x('10') * x('19') +
16975  power(x('10'), 2) +
16976  power(x('19'), 2) =l= 1;
16977  con2980..(-2) * cos(-x('136') +
16978  x('200')) * x('36') * x('100') +
16979  power(x('36'), 2) +
16980  power(x('100'), 2) =l= 1;
16981  con2981..(-2) * cos(-x('136') +
16982  x('199')) * x('36') * x('99') +
16983  power(x('36'), 2) +
16984  power(x('99'), 2) =l= 1;
16985  con2982..(-2) * cos(-x('110') +
16986  x('120')) * x('10') * x('20') +
16987  power(x('10'), 2) +
16988  power(x('20'), 2) =l= 1;
16989  con2983..(-2) * cos(-x('136') +
16990  x('198')) * x('36') * x('98') +
16991  power(x('36'), 2) +
16992  power(x('98'), 2) =l= 1;
16993  con2984..(-2) * cos(-x('136') +
16994  x('197')) * x('36') * x('97') +
16995  power(x('36'), 2) +
16996  power(x('97'), 2) =l= 1;
16997  con2985..(-2) * cos(-x('110') +
16998  x('121')) * x('10') * x('21') +
16999  power(x('10'), 2) +
17000  power(x('21'), 2) =l= 1;
17001  con2986..(-2) * cos(-x('136') +
17002  x('196')) * x('36') * x('96') +
17003  power(x('36'), 2) +
17004  power(x('96'), 2) =l= 1;
17005  con2987..(-2) * cos(-x('136') +
17006  x('195')) * x('36') * x('95') +
17007  power(x('36'), 2) +
17008  power(x('95'), 2) =l= 1;
17009  con2988..(-2) * cos(-x('136') +
17010  x('194')) * x('36') * x('94') +
17011  power(x('36'), 2) +
17012  power(x('94'), 2) =l= 1;
17013  con2989..(-2) * cos(-x('110') +
17014  x('122')) * x('10') * x('22') +
17015  power(x('10'), 2) +
17016  power(x('22'), 2) =l= 1;
17017  con2990..(-2) * cos(-x('136') +
17018  x('193')) * x('36') * x('93') +
17019  power(x('36'), 2) +
17020  power(x('93'), 2) =l= 1;
17021  con2991..(-2) * cos(-x('136') +
17022  x('192')) * x('36') * x('92') +
17023  power(x('36'), 2) +
17024  power(x('92'), 2) =l= 1;
17025  con2992..(-2) * cos(-x('110') +
17026  x('123')) * x('10') * x('23') +
17027  power(x('10'), 2) +
17028  power(x('23'), 2) =l= 1;
17029  con2993..(-2) * cos(-x('136') +
17030  x('191')) * x('36') * x('91') +
17031  power(x('36'), 2) +
17032  power(x('91'), 2) =l= 1;
17033  con2994..(-2) * cos(-x('136') +
17034  x('190')) * x('36') * x('90') +
17035  power(x('36'), 2) +
17036  power(x('90'), 2) =l= 1;
17037  con2995..(-2) * cos(-x('110') +
17038  x('124')) * x('10') * x('24') +
17039  power(x('10'), 2) +
17040  power(x('24'), 2) =l= 1;
17041  con2996..(-2) * cos(-x('136') +
17042  x('189')) * x('36') * x('89') +
17043  power(x('36'), 2) +
17044  power(x('89'), 2) =l= 1;
17045  con2997..(-2) * cos(-x('136') +
17046  x('188')) * x('36') * x('88') +
17047  power(x('36'), 2) +
17048  power(x('88'), 2) =l= 1;
17049  con2998..(-2) * cos(-x('110') +
17050  x('125')) * x('10') * x('25') +
17051  power(x('10'), 2) +
17052  power(x('25'), 2) =l= 1;
17053  con2999..(-2) * cos(-x('136') +
17054  x('187')) * x('36') * x('87') +
17055  power(x('36'), 2) +
17056  power(x('87'), 2) =l= 1;
17057  con3000..(-2) * cos(-x('136') +
17058  x('186')) * x('36') * x('86') +
17059  power(x('36'), 2) +
17060  power(x('86'), 2) =l= 1;
17061  con3001..(-2) * cos(-x('136') +
17062  x('185')) * x('36') * x('85') +
17063  power(x('36'), 2) +
17064  power(x('85'), 2) =l= 1;
17065  con3002..(-2) * cos(-x('110') +
17066  x('126')) * x('10') * x('26') +
17067  power(x('10'), 2) +
17068  power(x('26'), 2) =l= 1;
17069  con3003..(-2) * cos(-x('136') +
17070  x('184')) * x('36') * x('84') +
17071  power(x('36'), 2) +
17072  power(x('84'), 2) =l= 1;
17073  con3004..(-2) * cos(-x('136') +
17074  x('183')) * x('36') * x('83') +
17075  power(x('36'), 2) +
17076  power(x('83'), 2) =l= 1;
17077  con3005..(-2) * cos(-x('110') +
17078  x('127')) * x('10') * x('27') +
17079  power(x('10'), 2) +
17080  power(x('27'), 2) =l= 1;
17081  con3006..(-2) * cos(-x('136') +
17082  x('182')) * x('36') * x('82') +
17083  power(x('36'), 2) +
17084  power(x('82'), 2) =l= 1;
17085  con3007..(-2) * cos(-x('136') +
17086  x('181')) * x('36') * x('81') +
17087  power(x('36'), 2) +
17088  power(x('81'), 2) =l= 1;
17089  con3008..(-2) * cos(-x('110') +
17090  x('128')) * x('10') * x('28') +
17091  power(x('10'), 2) +
17092  power(x('28'), 2) =l= 1;
17093  con3009..(-2) * cos(-x('136') +
17094  x('180')) * x('36') * x('80') +
17095  power(x('36'), 2) +
17096  power(x('80'), 2) =l= 1;
17097  con3010..(-2) * cos(-x('136') +
17098  x('179')) * x('36') * x('79') +
17099  power(x('36'), 2) +
17100  power(x('79'), 2) =l= 1;
17101  con3011..(-2) * cos(-x('110') +
17102  x('129')) * x('10') * x('29') +
17103  power(x('10'), 2) +
17104  power(x('29'), 2) =l= 1;
17105  con3012..(-2) * cos(-x('136') +
17106  x('178')) * x('36') * x('78') +
17107  power(x('36'), 2) +
17108  power(x('78'), 2) =l= 1;
17109  con3013..(-2) * cos(-x('136') +
17110  x('177')) * x('36') * x('77') +
17111  power(x('36'), 2) +
17112  power(x('77'), 2) =l= 1;
17113  con3014..(-2) * cos(-x('136') +
17114  x('176')) * x('36') * x('76') +
17115  power(x('36'), 2) +
17116  power(x('76'), 2) =l= 1;
17117  con3015..(-2) * cos(-x('110') +
17118  x('130')) * x('10') * x('30') +
17119  power(x('10'), 2) +
17120  power(x('30'), 2) =l= 1;
17121  con3016..(-2) * cos(-x('136') +
17122  x('175')) * x('36') * x('75') +
17123  power(x('36'), 2) +
17124  power(x('75'), 2) =l= 1;
17125  con3017..(-2) * cos(-x('136') +
17126  x('174')) * x('36') * x('74') +
17127  power(x('36'), 2) +
17128  power(x('74'), 2) =l= 1;
17129  con3018..(-2) * cos(-x('110') +
17130  x('131')) * x('10') * x('31') +
17131  power(x('10'), 2) +
17132  power(x('31'), 2) =l= 1;
17133  con3019..(-2) * cos(-x('136') +
17134  x('173')) * x('36') * x('73') +
17135  power(x('36'), 2) +
17136  power(x('73'), 2) =l= 1;
17137  con3020..(-2) * cos(-x('136') +
17138  x('172')) * x('36') * x('72') +
17139  power(x('36'), 2) +
17140  power(x('72'), 2) =l= 1;
17141  con3021..(-2) * cos(-x('110') +
17142  x('132')) * x('10') * x('32') +
17143  power(x('10'), 2) +
17144  power(x('32'), 2) =l= 1;
17145  con3022..(-2) * cos(-x('136') +
17146  x('171')) * x('36') * x('71') +
17147  power(x('36'), 2) +
17148  power(x('71'), 2) =l= 1;
17149  con3023..(-2) * cos(-x('136') +
17150  x('170')) * x('36') * x('70') +
17151  power(x('36'), 2) +
17152  power(x('70'), 2) =l= 1;
17153  con3024..(-2) * cos(-x('110') +
17154  x('133')) * x('10') * x('33') +
17155  power(x('10'), 2) +
17156  power(x('33'), 2) =l= 1;
17157  con3025..(-2) * cos(-x('136') +
17158  x('169')) * x('36') * x('69') +
17159  power(x('36'), 2) +
17160  power(x('69'), 2) =l= 1;
17161  con3026..(-2) * cos(-x('136') +
17162  x('168')) * x('36') * x('68') +
17163  power(x('36'), 2) +
17164  power(x('68'), 2) =l= 1;
17165  con3027..(-2) * cos(-x('136') +
17166  x('167')) * x('36') * x('67') +
17167  power(x('36'), 2) +
17168  power(x('67'), 2) =l= 1;
17169  con3028..(-2) * cos(-x('110') +
17170  x('134')) * x('10') * x('34') +
17171  power(x('10'), 2) +
17172  power(x('34'), 2) =l= 1;
17173  con3029..(-2) * cos(-x('136') +
17174  x('166')) * x('36') * x('66') +
17175  power(x('36'), 2) +
17176  power(x('66'), 2) =l= 1;
17177  con3030..(-2) * cos(-x('136') +
17178  x('165')) * x('36') * x('65') +
17179  power(x('36'), 2) +
17180  power(x('65'), 2) =l= 1;
17181  con3031..(-2) * cos(-x('110') +
17182  x('135')) * x('10') * x('35') +
17183  power(x('10'), 2) +
17184  power(x('35'), 2) =l= 1;
17185  con3032..(-2) * cos(-x('136') +
17186  x('164')) * x('36') * x('64') +
17187  power(x('36'), 2) +
17188  power(x('64'), 2) =l= 1;
17189  con3033..(-2) * cos(-x('136') +
17190  x('163')) * x('36') * x('63') +
17191  power(x('36'), 2) +
17192  power(x('63'), 2) =l= 1;
17193  con3034..(-2) * cos(-x('110') +
17194  x('136')) * x('10') * x('36') +
17195  power(x('10'), 2) +
17196  power(x('36'), 2) =l= 1;
17197  con3035..(-2) * cos(-x('136') +
17198  x('162')) * x('36') * x('62') +
17199  power(x('36'), 2) +
17200  power(x('62'), 2) =l= 1;
17201  con3036..(-2) * cos(-x('136') +
17202  x('161')) * x('36') * x('61') +
17203  power(x('36'), 2) +
17204  power(x('61'), 2) =l= 1;
17205  con3037..(-2) * cos(-x('110') +
17206  x('137')) * x('10') * x('37') +
17207  power(x('10'), 2) +
17208  power(x('37'), 2) =l= 1;
17209  con3038..(-2) * cos(-x('136') +
17210  x('160')) * x('36') * x('60') +
17211  power(x('36'), 2) +
17212  power(x('60'), 2) =l= 1;
17213  con3039..(-2) * cos(-x('136') +
17214  x('159')) * x('36') * x('59') +
17215  power(x('36'), 2) +
17216  power(x('59'), 2) =l= 1;
17217  con3040..(-2) * cos(-x('136') +
17218  x('158')) * x('36') * x('58') +
17219  power(x('36'), 2) +
17220  power(x('58'), 2) =l= 1;
17221  con3041..(-2) * cos(-x('110') +
17222  x('138')) * x('10') * x('38') +
17223  power(x('10'), 2) +
17224  power(x('38'), 2) =l= 1;
17225  con3042..(-2) * cos(-x('136') +
17226  x('157')) * x('36') * x('57') +
17227  power(x('36'), 2) +
17228  power(x('57'), 2) =l= 1;
17229  con3043..(-2) * cos(-x('136') +
17230  x('156')) * x('36') * x('56') +
17231  power(x('36'), 2) +
17232  power(x('56'), 2) =l= 1;
17233  con3044..(-2) * cos(-x('110') +
17234  x('139')) * x('10') * x('39') +
17235  power(x('10'), 2) +
17236  power(x('39'), 2) =l= 1;
17237  con3045..(-2) * cos(-x('136') +
17238  x('155')) * x('36') * x('55') +
17239  power(x('36'), 2) +
17240  power(x('55'), 2) =l= 1;
17241  con3046..(-2) * cos(-x('136') +
17242  x('154')) * x('36') * x('54') +
17243  power(x('36'), 2) +
17244  power(x('54'), 2) =l= 1;
17245  con3047..(-2) * cos(-x('110') +
17246  x('140')) * x('10') * x('40') +
17247  power(x('10'), 2) +
17248  power(x('40'), 2) =l= 1;
17249  con3048..(-2) * cos(-x('136') +
17250  x('153')) * x('36') * x('53') +
17251  power(x('36'), 2) +
17252  power(x('53'), 2) =l= 1;
17253  con3049..(-2) * cos(-x('136') +
17254  x('152')) * x('36') * x('52') +
17255  power(x('36'), 2) +
17256  power(x('52'), 2) =l= 1;
17257  con3050..(-2) * cos(-x('110') +
17258  x('141')) * x('10') * x('41') +
17259  power(x('10'), 2) +
17260  power(x('41'), 2) =l= 1;
17261  con3051..(-2) * cos(-x('136') +
17262  x('151')) * x('36') * x('51') +
17263  power(x('36'), 2) +
17264  power(x('51'), 2) =l= 1;
17265  con3052..(-2) * cos(-x('136') +
17266  x('150')) * x('36') * x('50') +
17267  power(x('36'), 2) +
17268  power(x('50'), 2) =l= 1;
17269  con3053..(-2) * cos(-x('136') +
17270  x('149')) * x('36') * x('49') +
17271  power(x('36'), 2) +
17272  power(x('49'), 2) =l= 1;
17273  con3054..(-2) * cos(-x('110') +
17274  x('142')) * x('10') * x('42') +
17275  power(x('10'), 2) +
17276  power(x('42'), 2) =l= 1;
17277  con3055..(-2) * cos(-x('136') +
17278  x('148')) * x('36') * x('48') +
17279  power(x('36'), 2) +
17280  power(x('48'), 2) =l= 1;
17281  con3056..(-2) * cos(-x('136') +
17282  x('147')) * x('36') * x('47') +
17283  power(x('36'), 2) +
17284  power(x('47'), 2) =l= 1;
17285  con3057..(-2) * cos(-x('110') +
17286  x('143')) * x('10') * x('43') +
17287  power(x('10'), 2) +
17288  power(x('43'), 2) =l= 1;
17289  con3058..(-2) * cos(-x('136') +
17290  x('146')) * x('36') * x('46') +
17291  power(x('36'), 2) +
17292  power(x('46'), 2) =l= 1;
17293  con3059..(-2) * cos(-x('136') +
17294  x('145')) * x('36') * x('45') +
17295  power(x('36'), 2) +
17296  power(x('45'), 2) =l= 1;
17297  con3060..(-2) * cos(-x('110') +
17298  x('144')) * x('10') * x('44') +
17299  power(x('10'), 2) +
17300  power(x('44'), 2) =l= 1;
17301  con3061..(-2) * cos(-x('136') +
17302  x('144')) * x('36') * x('44') +
17303  power(x('36'), 2) +
17304  power(x('44'), 2) =l= 1;
17305  con3062..(-2) * cos(-x('136') +
17306  x('143')) * x('36') * x('43') +
17307  power(x('36'), 2) +
17308  power(x('43'), 2) =l= 1;
17309  con3063..(-2) * cos(-x('110') +
17310  x('145')) * x('10') * x('45') +
17311  power(x('10'), 2) +
17312  power(x('45'), 2) =l= 1;
17313  con3064..(-2) * cos(-x('136') +
17314  x('142')) * x('36') * x('42') +
17315  power(x('36'), 2) +
17316  power(x('42'), 2) =l= 1;
17317  con3065..(-2) * cos(-x('136') +
17318  x('141')) * x('36') * x('41') +
17319  power(x('36'), 2) +
17320  power(x('41'), 2) =l= 1;
17321  con3066..(-2) * cos(-x('136') +
17322  x('140')) * x('36') * x('40') +
17323  power(x('36'), 2) +
17324  power(x('40'), 2) =l= 1;
17325  con3067..(-2) * cos(-x('110') +
17326  x('146')) * x('10') * x('46') +
17327  power(x('10'), 2) +
17328  power(x('46'), 2) =l= 1;
17329  con3068..(-2) * cos(-x('136') +
17330  x('139')) * x('36') * x('39') +
17331  power(x('36'), 2) +
17332  power(x('39'), 2) =l= 1;
17333  con3069..(-2) * cos(-x('136') +
17334  x('138')) * x('36') * x('38') +
17335  power(x('36'), 2) +
17336  power(x('38'), 2) =l= 1;
17337  con3070..(-2) * cos(-x('110') +
17338  x('147')) * x('10') * x('47') +
17339  power(x('10'), 2) +
17340  power(x('47'), 2) =l= 1;
17341  con3071..(-2) * cos(-x('136') +
17342  x('137')) * x('36') * x('37') +
17343  power(x('36'), 2) +
17344  power(x('37'), 2) =l= 1;
17345  con3072..(-2) * cos(-x('135') +
17346  x('200')) * x('35') * x('100') +
17347  power(x('35'), 2) +
17348  power(x('100'), 2) =l= 1;
17349  con3073..(-2) * cos(-x('110') +
17350  x('148')) * x('10') * x('48') +
17351  power(x('10'), 2) +
17352  power(x('48'), 2) =l= 1;
17353  con3074..(-2) * cos(-x('135') +
17354  x('199')) * x('35') * x('99') +
17355  power(x('35'), 2) +
17356  power(x('99'), 2) =l= 1;
17357  con3075..(-2) * cos(-x('135') +
17358  x('198')) * x('35') * x('98') +
17359  power(x('35'), 2) +
17360  power(x('98'), 2) =l= 1;
17361  con3076..(-2) * cos(-x('110') +
17362  x('149')) * x('10') * x('49') +
17363  power(x('10'), 2) +
17364  power(x('49'), 2) =l= 1;
17365  con3077..(-2) * cos(-x('135') +
17366  x('197')) * x('35') * x('97') +
17367  power(x('35'), 2) +
17368  power(x('97'), 2) =l= 1;
17369  con3078..(-2) * cos(-x('135') +
17370  x('196')) * x('35') * x('96') +
17371  power(x('35'), 2) +
17372  power(x('96'), 2) =l= 1;
17373  con3079..(-2) * cos(-x('135') +
17374  x('195')) * x('35') * x('95') +
17375  power(x('35'), 2) +
17376  power(x('95'), 2) =l= 1;
17377  con3080..(-2) * cos(-x('110') +
17378  x('150')) * x('10') * x('50') +
17379  power(x('10'), 2) +
17380  power(x('50'), 2) =l= 1;
17381  con3081..(-2) * cos(-x('135') +
17382  x('194')) * x('35') * x('94') +
17383  power(x('35'), 2) +
17384  power(x('94'), 2) =l= 1;
17385  con3082..(-2) * cos(-x('135') +
17386  x('193')) * x('35') * x('93') +
17387  power(x('35'), 2) +
17388  power(x('93'), 2) =l= 1;
17389  con3083..(-2) * cos(-x('110') +
17390  x('151')) * x('10') * x('51') +
17391  power(x('10'), 2) +
17392  power(x('51'), 2) =l= 1;
17393  con3084..(-2) * cos(-x('135') +
17394  x('192')) * x('35') * x('92') +
17395  power(x('35'), 2) +
17396  power(x('92'), 2) =l= 1;
17397  con3085..(-2) * cos(-x('135') +
17398  x('191')) * x('35') * x('91') +
17399  power(x('35'), 2) +
17400  power(x('91'), 2) =l= 1;
17401  con3086..(-2) * cos(-x('110') +
17402  x('152')) * x('10') * x('52') +
17403  power(x('10'), 2) +
17404  power(x('52'), 2) =l= 1;
17405  con3087..(-2) * cos(-x('135') +
17406  x('190')) * x('35') * x('90') +
17407  power(x('35'), 2) +
17408  power(x('90'), 2) =l= 1;
17409  con3088..(-2) * cos(-x('135') +
17410  x('189')) * x('35') * x('89') +
17411  power(x('35'), 2) +
17412  power(x('89'), 2) =l= 1;
17413  con3089..(-2) * cos(-x('110') +
17414  x('153')) * x('10') * x('53') +
17415  power(x('10'), 2) +
17416  power(x('53'), 2) =l= 1;
17417  con3090..(-2) * cos(-x('135') +
17418  x('188')) * x('35') * x('88') +
17419  power(x('35'), 2) +
17420  power(x('88'), 2) =l= 1;
17421  con3091..(-2) * cos(-x('135') +
17422  x('187')) * x('35') * x('87') +
17423  power(x('35'), 2) +
17424  power(x('87'), 2) =l= 1;
17425  con3092..(-2) * cos(-x('135') +
17426  x('186')) * x('35') * x('86') +
17427  power(x('35'), 2) +
17428  power(x('86'), 2) =l= 1;
17429  con3093..(-2) * cos(-x('110') +
17430  x('154')) * x('10') * x('54') +
17431  power(x('10'), 2) +
17432  power(x('54'), 2) =l= 1;
17433  con3094..(-2) * cos(-x('135') +
17434  x('185')) * x('35') * x('85') +
17435  power(x('35'), 2) +
17436  power(x('85'), 2) =l= 1;
17437  con3095..(-2) * cos(-x('135') +
17438  x('184')) * x('35') * x('84') +
17439  power(x('35'), 2) +
17440  power(x('84'), 2) =l= 1;
17441  con3096..(-2) * cos(-x('110') +
17442  x('155')) * x('10') * x('55') +
17443  power(x('10'), 2) +
17444  power(x('55'), 2) =l= 1;
17445  con3097..(-2) * cos(-x('135') +
17446  x('183')) * x('35') * x('83') +
17447  power(x('35'), 2) +
17448  power(x('83'), 2) =l= 1;
17449  con3098..(-2) * cos(-x('135') +
17450  x('182')) * x('35') * x('82') +
17451  power(x('35'), 2) +
17452  power(x('82'), 2) =l= 1;
17453  con3099..(-2) * cos(-x('110') +
17454  x('156')) * x('10') * x('56') +
17455  power(x('10'), 2) +
17456  power(x('56'), 2) =l= 1;
17457  con3100..(-2) * cos(-x('135') +
17458  x('181')) * x('35') * x('81') +
17459  power(x('35'), 2) +
17460  power(x('81'), 2) =l= 1;
17461  con3101..(-2) * cos(-x('135') +
17462  x('180')) * x('35') * x('80') +
17463  power(x('35'), 2) +
17464  power(x('80'), 2) =l= 1;
17465  con3102..(-2) * cos(-x('110') +
17466  x('157')) * x('10') * x('57') +
17467  power(x('10'), 2) +
17468  power(x('57'), 2) =l= 1;
17469  con3103..(-2) * cos(-x('135') +
17470  x('179')) * x('35') * x('79') +
17471  power(x('35'), 2) +
17472  power(x('79'), 2) =l= 1;
17473  con3104..(-2) * cos(-x('135') +
17474  x('178')) * x('35') * x('78') +
17475  power(x('35'), 2) +
17476  power(x('78'), 2) =l= 1;
17477  con3105..(-2) * cos(-x('135') +
17478  x('177')) * x('35') * x('77') +
17479  power(x('35'), 2) +
17480  power(x('77'), 2) =l= 1;
17481  con3106..(-2) * cos(-x('110') +
17482  x('158')) * x('10') * x('58') +
17483  power(x('10'), 2) +
17484  power(x('58'), 2) =l= 1;
17485  con3107..(-2) * cos(-x('135') +
17486  x('176')) * x('35') * x('76') +
17487  power(x('35'), 2) +
17488  power(x('76'), 2) =l= 1;
17489  con3108..(-2) * cos(-x('135') +
17490  x('175')) * x('35') * x('75') +
17491  power(x('35'), 2) +
17492  power(x('75'), 2) =l= 1;
17493  con3109..(-2) * cos(-x('110') +
17494  x('159')) * x('10') * x('59') +
17495  power(x('10'), 2) +
17496  power(x('59'), 2) =l= 1;
17497  con3110..(-2) * cos(-x('135') +
17498  x('174')) * x('35') * x('74') +
17499  power(x('35'), 2) +
17500  power(x('74'), 2) =l= 1;
17501  con3111..(-2) * cos(-x('135') +
17502  x('173')) * x('35') * x('73') +
17503  power(x('35'), 2) +
17504  power(x('73'), 2) =l= 1;
17505  con3112..(-2) * cos(-x('110') +
17506  x('160')) * x('10') * x('60') +
17507  power(x('10'), 2) +
17508  power(x('60'), 2) =l= 1;
17509  con3113..(-2) * cos(-x('135') +
17510  x('172')) * x('35') * x('72') +
17511  power(x('35'), 2) +
17512  power(x('72'), 2) =l= 1;
17513  con3114..(-2) * cos(-x('135') +
17514  x('171')) * x('35') * x('71') +
17515  power(x('35'), 2) +
17516  power(x('71'), 2) =l= 1;
17517  con3115..(-2) * cos(-x('110') +
17518  x('161')) * x('10') * x('61') +
17519  power(x('10'), 2) +
17520  power(x('61'), 2) =l= 1;
17521  con3116..(-2) * cos(-x('135') +
17522  x('170')) * x('35') * x('70') +
17523  power(x('35'), 2) +
17524  power(x('70'), 2) =l= 1;
17525  con3117..(-2) * cos(-x('135') +
17526  x('169')) * x('35') * x('69') +
17527  power(x('35'), 2) +
17528  power(x('69'), 2) =l= 1;
17529  con3118..(-2) * cos(-x('135') +
17530  x('168')) * x('35') * x('68') +
17531  power(x('35'), 2) +
17532  power(x('68'), 2) =l= 1;
17533  con3119..(-2) * cos(-x('110') +
17534  x('162')) * x('10') * x('62') +
17535  power(x('10'), 2) +
17536  power(x('62'), 2) =l= 1;
17537  con3120..(-2) * cos(-x('135') +
17538  x('167')) * x('35') * x('67') +
17539  power(x('35'), 2) +
17540  power(x('67'), 2) =l= 1;
17541  con3121..(-2) * cos(-x('135') +
17542  x('166')) * x('35') * x('66') +
17543  power(x('35'), 2) +
17544  power(x('66'), 2) =l= 1;
17545  con3122..(-2) * cos(-x('110') +
17546  x('163')) * x('10') * x('63') +
17547  power(x('10'), 2) +
17548  power(x('63'), 2) =l= 1;
17549  con3123..(-2) * cos(-x('135') +
17550  x('165')) * x('35') * x('65') +
17551  power(x('35'), 2) +
17552  power(x('65'), 2) =l= 1;
17553  con3124..(-2) * cos(-x('135') +
17554  x('164')) * x('35') * x('64') +
17555  power(x('35'), 2) +
17556  power(x('64'), 2) =l= 1;
17557  con3125..(-2) * cos(-x('110') +
17558  x('164')) * x('10') * x('64') +
17559  power(x('10'), 2) +
17560  power(x('64'), 2) =l= 1;
17561  con3126..(-2) * cos(-x('135') +
17562  x('163')) * x('35') * x('63') +
17563  power(x('35'), 2) +
17564  power(x('63'), 2) =l= 1;
17565  con3127..(-2) * cos(-x('135') +
17566  x('162')) * x('35') * x('62') +
17567  power(x('35'), 2) +
17568  power(x('62'), 2) =l= 1;
17569  con3128..(-2) * cos(-x('110') +
17570  x('165')) * x('10') * x('65') +
17571  power(x('10'), 2) +
17572  power(x('65'), 2) =l= 1;
17573  con3129..(-2) * cos(-x('135') +
17574  x('161')) * x('35') * x('61') +
17575  power(x('35'), 2) +
17576  power(x('61'), 2) =l= 1;
17577  con3130..(-2) * cos(-x('135') +
17578  x('160')) * x('35') * x('60') +
17579  power(x('35'), 2) +
17580  power(x('60'), 2) =l= 1;
17581  con3131..(-2) * cos(-x('135') +
17582  x('159')) * x('35') * x('59') +
17583  power(x('35'), 2) +
17584  power(x('59'), 2) =l= 1;
17585  con3132..(-2) * cos(-x('110') +
17586  x('166')) * x('10') * x('66') +
17587  power(x('10'), 2) +
17588  power(x('66'), 2) =l= 1;
17589  con3133..(-2) * cos(-x('135') +
17590  x('158')) * x('35') * x('58') +
17591  power(x('35'), 2) +
17592  power(x('58'), 2) =l= 1;
17593  con3134..(-2) * cos(-x('135') +
17594  x('157')) * x('35') * x('57') +
17595  power(x('35'), 2) +
17596  power(x('57'), 2) =l= 1;
17597  con3135..(-2) * cos(-x('110') +
17598  x('167')) * x('10') * x('67') +
17599  power(x('10'), 2) +
17600  power(x('67'), 2) =l= 1;
17601  con3136..(-2) * cos(-x('135') +
17602  x('156')) * x('35') * x('56') +
17603  power(x('35'), 2) +
17604  power(x('56'), 2) =l= 1;
17605  con3137..(-2) * cos(-x('135') +
17606  x('155')) * x('35') * x('55') +
17607  power(x('35'), 2) +
17608  power(x('55'), 2) =l= 1;
17609  con3138..(-2) * cos(-x('110') +
17610  x('168')) * x('10') * x('68') +
17611  power(x('10'), 2) +
17612  power(x('68'), 2) =l= 1;
17613  con3139..(-2) * cos(-x('135') +
17614  x('154')) * x('35') * x('54') +
17615  power(x('35'), 2) +
17616  power(x('54'), 2) =l= 1;
17617  con3140..(-2) * cos(-x('135') +
17618  x('153')) * x('35') * x('53') +
17619  power(x('35'), 2) +
17620  power(x('53'), 2) =l= 1;
17621  con3141..(-2) * cos(-x('110') +
17622  x('169')) * x('10') * x('69') +
17623  power(x('10'), 2) +
17624  power(x('69'), 2) =l= 1;
17625  con3142..(-2) * cos(-x('135') +
17626  x('152')) * x('35') * x('52') +
17627  power(x('35'), 2) +
17628  power(x('52'), 2) =l= 1;
17629  con3143..(-2) * cos(-x('135') +
17630  x('151')) * x('35') * x('51') +
17631  power(x('35'), 2) +
17632  power(x('51'), 2) =l= 1;
17633  con3144..(-2) * cos(-x('135') +
17634  x('150')) * x('35') * x('50') +
17635  power(x('35'), 2) +
17636  power(x('50'), 2) =l= 1;
17637  con3145..(-2) * cos(-x('110') +
17638  x('170')) * x('10') * x('70') +
17639  power(x('10'), 2) +
17640  power(x('70'), 2) =l= 1;
17641  con3146..(-2) * cos(-x('135') +
17642  x('149')) * x('35') * x('49') +
17643  power(x('35'), 2) +
17644  power(x('49'), 2) =l= 1;
17645  con3147..(-2) * cos(-x('135') +
17646  x('148')) * x('35') * x('48') +
17647  power(x('35'), 2) +
17648  power(x('48'), 2) =l= 1;
17649  con3148..(-2) * cos(-x('110') +
17650  x('171')) * x('10') * x('71') +
17651  power(x('10'), 2) +
17652  power(x('71'), 2) =l= 1;
17653  con3149..(-2) * cos(-x('135') +
17654  x('147')) * x('35') * x('47') +
17655  power(x('35'), 2) +
17656  power(x('47'), 2) =l= 1;
17657  con3150..(-2) * cos(-x('135') +
17658  x('146')) * x('35') * x('46') +
17659  power(x('35'), 2) +
17660  power(x('46'), 2) =l= 1;
17661  con3151..(-2) * cos(-x('110') +
17662  x('172')) * x('10') * x('72') +
17663  power(x('10'), 2) +
17664  power(x('72'), 2) =l= 1;
17665  con3152..(-2) * cos(-x('135') +
17666  x('145')) * x('35') * x('45') +
17667  power(x('35'), 2) +
17668  power(x('45'), 2) =l= 1;
17669  con3153..(-2) * cos(-x('135') +
17670  x('144')) * x('35') * x('44') +
17671  power(x('35'), 2) +
17672  power(x('44'), 2) =l= 1;
17673  con3154..(-2) * cos(-x('110') +
17674  x('173')) * x('10') * x('73') +
17675  power(x('10'), 2) +
17676  power(x('73'), 2) =l= 1;
17677  con3155..(-2) * cos(-x('135') +
17678  x('143')) * x('35') * x('43') +
17679  power(x('35'), 2) +
17680  power(x('43'), 2) =l= 1;
17681  con3156..(-2) * cos(-x('135') +
17682  x('142')) * x('35') * x('42') +
17683  power(x('35'), 2) +
17684  power(x('42'), 2) =l= 1;
17685  con3157..(-2) * cos(-x('135') +
17686  x('141')) * x('35') * x('41') +
17687  power(x('35'), 2) +
17688  power(x('41'), 2) =l= 1;
17689  con3158..(-2) * cos(-x('110') +
17690  x('174')) * x('10') * x('74') +
17691  power(x('10'), 2) +
17692  power(x('74'), 2) =l= 1;
17693  con3159..(-2) * cos(-x('135') +
17694  x('140')) * x('35') * x('40') +
17695  power(x('35'), 2) +
17696  power(x('40'), 2) =l= 1;
17697  con3160..(-2) * cos(-x('135') +
17698  x('139')) * x('35') * x('39') +
17699  power(x('35'), 2) +
17700  power(x('39'), 2) =l= 1;
17701  con3161..(-2) * cos(-x('110') +
17702  x('175')) * x('10') * x('75') +
17703  power(x('10'), 2) +
17704  power(x('75'), 2) =l= 1;
17705  con3162..(-2) * cos(-x('135') +
17706  x('138')) * x('35') * x('38') +
17707  power(x('35'), 2) +
17708  power(x('38'), 2) =l= 1;
17709  con3163..(-2) * cos(-x('135') +
17710  x('137')) * x('35') * x('37') +
17711  power(x('35'), 2) +
17712  power(x('37'), 2) =l= 1;
17713  con3164..(-2) * cos(-x('110') +
17714  x('176')) * x('10') * x('76') +
17715  power(x('10'), 2) +
17716  power(x('76'), 2) =l= 1;
17717  con3165..(-2) * cos(-x('135') +
17718  x('136')) * x('35') * x('36') +
17719  power(x('35'), 2) +
17720  power(x('36'), 2) =l= 1;
17721  con3166..(-2) * cos(-x('134') +
17722  x('200')) * x('34') * x('100') +
17723  power(x('34'), 2) +
17724  power(x('100'), 2) =l= 1;
17725  con3167..(-2) * cos(-x('110') +
17726  x('177')) * x('10') * x('77') +
17727  power(x('10'), 2) +
17728  power(x('77'), 2) =l= 1;
17729  con3168..(-2) * cos(-x('134') +
17730  x('199')) * x('34') * x('99') +
17731  power(x('34'), 2) +
17732  power(x('99'), 2) =l= 1;
17733  con3169..(-2) * cos(-x('134') +
17734  x('198')) * x('34') * x('98') +
17735  power(x('34'), 2) +
17736  power(x('98'), 2) =l= 1;
17737  con3170..(-2) * cos(-x('134') +
17738  x('197')) * x('34') * x('97') +
17739  power(x('34'), 2) +
17740  power(x('97'), 2) =l= 1;
17741  con3171..(-2) * cos(-x('110') +
17742  x('178')) * x('10') * x('78') +
17743  power(x('10'), 2) +
17744  power(x('78'), 2) =l= 1;
17745  con3172..(-2) * cos(-x('134') +
17746  x('196')) * x('34') * x('96') +
17747  power(x('34'), 2) +
17748  power(x('96'), 2) =l= 1;
17749  con3173..(-2) * cos(-x('134') +
17750  x('195')) * x('34') * x('95') +
17751  power(x('34'), 2) +
17752  power(x('95'), 2) =l= 1;
17753  con3174..(-2) * cos(-x('110') +
17754  x('179')) * x('10') * x('79') +
17755  power(x('10'), 2) +
17756  power(x('79'), 2) =l= 1;
17757  con3175..(-2) * cos(-x('134') +
17758  x('194')) * x('34') * x('94') +
17759  power(x('34'), 2) +
17760  power(x('94'), 2) =l= 1;
17761  con3176..(-2) * cos(-x('134') +
17762  x('193')) * x('34') * x('93') +
17763  power(x('34'), 2) +
17764  power(x('93'), 2) =l= 1;
17765  con3177..(-2) * cos(-x('110') +
17766  x('180')) * x('10') * x('80') +
17767  power(x('10'), 2) +
17768  power(x('80'), 2) =l= 1;
17769  con3178..(-2) * cos(-x('134') +
17770  x('192')) * x('34') * x('92') +
17771  power(x('34'), 2) +
17772  power(x('92'), 2) =l= 1;
17773  con3179..(-2) * cos(-x('134') +
17774  x('191')) * x('34') * x('91') +
17775  power(x('34'), 2) +
17776  power(x('91'), 2) =l= 1;
17777  con3180..(-2) * cos(-x('110') +
17778  x('181')) * x('10') * x('81') +
17779  power(x('10'), 2) +
17780  power(x('81'), 2) =l= 1;
17781  con3181..(-2) * cos(-x('134') +
17782  x('190')) * x('34') * x('90') +
17783  power(x('34'), 2) +
17784  power(x('90'), 2) =l= 1;
17785  con3182..(-2) * cos(-x('134') +
17786  x('189')) * x('34') * x('89') +
17787  power(x('34'), 2) +
17788  power(x('89'), 2) =l= 1;
17789  con3183..(-2) * cos(-x('134') +
17790  x('188')) * x('34') * x('88') +
17791  power(x('34'), 2) +
17792  power(x('88'), 2) =l= 1;
17793  con3184..(-2) * cos(-x('110') +
17794  x('182')) * x('10') * x('82') +
17795  power(x('10'), 2) +
17796  power(x('82'), 2) =l= 1;
17797  con3185..(-2) * cos(-x('134') +
17798  x('187')) * x('34') * x('87') +
17799  power(x('34'), 2) +
17800  power(x('87'), 2) =l= 1;
17801  con3186..(-2) * cos(-x('134') +
17802  x('186')) * x('34') * x('86') +
17803  power(x('34'), 2) +
17804  power(x('86'), 2) =l= 1;
17805  con3187..(-2) * cos(-x('110') +
17806  x('183')) * x('10') * x('83') +
17807  power(x('10'), 2) +
17808  power(x('83'), 2) =l= 1;
17809  con3188..(-2) * cos(-x('134') +
17810  x('185')) * x('34') * x('85') +
17811  power(x('34'), 2) +
17812  power(x('85'), 2) =l= 1;
17813  con3189..(-2) * cos(-x('134') +
17814  x('184')) * x('34') * x('84') +
17815  power(x('34'), 2) +
17816  power(x('84'), 2) =l= 1;
17817  con3190..(-2) * cos(-x('110') +
17818  x('184')) * x('10') * x('84') +
17819  power(x('10'), 2) +
17820  power(x('84'), 2) =l= 1;
17821  con3191..(-2) * cos(-x('134') +
17822  x('183')) * x('34') * x('83') +
17823  power(x('34'), 2) +
17824  power(x('83'), 2) =l= 1;
17825  con3192..(-2) * cos(-x('134') +
17826  x('182')) * x('34') * x('82') +
17827  power(x('34'), 2) +
17828  power(x('82'), 2) =l= 1;
17829  con3193..(-2) * cos(-x('110') +
17830  x('185')) * x('10') * x('85') +
17831  power(x('10'), 2) +
17832  power(x('85'), 2) =l= 1;
17833  con3194..(-2) * cos(-x('134') +
17834  x('181')) * x('34') * x('81') +
17835  power(x('34'), 2) +
17836  power(x('81'), 2) =l= 1;
17837  con3195..(-2) * cos(-x('134') +
17838  x('180')) * x('34') * x('80') +
17839  power(x('34'), 2) +
17840  power(x('80'), 2) =l= 1;
17841  con3196..(-2) * cos(-x('134') +
17842  x('179')) * x('34') * x('79') +
17843  power(x('34'), 2) +
17844  power(x('79'), 2) =l= 1;
17845  con3197..(-2) * cos(-x('110') +
17846  x('186')) * x('10') * x('86') +
17847  power(x('10'), 2) +
17848  power(x('86'), 2) =l= 1;
17849  con3198..(-2) * cos(-x('134') +
17850  x('178')) * x('34') * x('78') +
17851  power(x('34'), 2) +
17852  power(x('78'), 2) =l= 1;
17853  con3199..(-2) * cos(-x('134') +
17854  x('177')) * x('34') * x('77') +
17855  power(x('34'), 2) +
17856  power(x('77'), 2) =l= 1;
17857  con3200..(-2) * cos(-x('110') +
17858  x('187')) * x('10') * x('87') +
17859  power(x('10'), 2) +
17860  power(x('87'), 2) =l= 1;
17861  con3201..(-2) * cos(-x('134') +
17862  x('176')) * x('34') * x('76') +
17863  power(x('34'), 2) +
17864  power(x('76'), 2) =l= 1;
17865  con3202..(-2) * cos(-x('134') +
17866  x('175')) * x('34') * x('75') +
17867  power(x('34'), 2) +
17868  power(x('75'), 2) =l= 1;
17869  con3203..(-2) * cos(-x('110') +
17870  x('188')) * x('10') * x('88') +
17871  power(x('10'), 2) +
17872  power(x('88'), 2) =l= 1;
17873  con3204..(-2) * cos(-x('134') +
17874  x('174')) * x('34') * x('74') +
17875  power(x('34'), 2) +
17876  power(x('74'), 2) =l= 1;
17877  con3205..(-2) * cos(-x('134') +
17878  x('173')) * x('34') * x('73') +
17879  power(x('34'), 2) +
17880  power(x('73'), 2) =l= 1;
17881  con3206..(-2) * cos(-x('110') +
17882  x('189')) * x('10') * x('89') +
17883  power(x('10'), 2) +
17884  power(x('89'), 2) =l= 1;
17885  con3207..(-2) * cos(-x('134') +
17886  x('172')) * x('34') * x('72') +
17887  power(x('34'), 2) +
17888  power(x('72'), 2) =l= 1;
17889  con3208..(-2) * cos(-x('134') +
17890  x('171')) * x('34') * x('71') +
17891  power(x('34'), 2) +
17892  power(x('71'), 2) =l= 1;
17893  con3209..(-2) * cos(-x('134') +
17894  x('170')) * x('34') * x('70') +
17895  power(x('34'), 2) +
17896  power(x('70'), 2) =l= 1;
17897  con3210..(-2) * cos(-x('110') +
17898  x('190')) * x('10') * x('90') +
17899  power(x('10'), 2) +
17900  power(x('90'), 2) =l= 1;
17901  con3211..(-2) * cos(-x('134') +
17902  x('169')) * x('34') * x('69') +
17903  power(x('34'), 2) +
17904  power(x('69'), 2) =l= 1;
17905  con3212..(-2) * cos(-x('134') +
17906  x('168')) * x('34') * x('68') +
17907  power(x('34'), 2) +
17908  power(x('68'), 2) =l= 1;
17909  con3213..(-2) * cos(-x('110') +
17910  x('191')) * x('10') * x('91') +
17911  power(x('10'), 2) +
17912  power(x('91'), 2) =l= 1;
17913  con3214..(-2) * cos(-x('134') +
17914  x('167')) * x('34') * x('67') +
17915  power(x('34'), 2) +
17916  power(x('67'), 2) =l= 1;
17917  con3215..(-2) * cos(-x('134') +
17918  x('166')) * x('34') * x('66') +
17919  power(x('34'), 2) +
17920  power(x('66'), 2) =l= 1;
17921  con3216..(-2) * cos(-x('110') +
17922  x('192')) * x('10') * x('92') +
17923  power(x('10'), 2) +
17924  power(x('92'), 2) =l= 1;
17925  con3217..(-2) * cos(-x('134') +
17926  x('165')) * x('34') * x('65') +
17927  power(x('34'), 2) +
17928  power(x('65'), 2) =l= 1;
17929  con3218..(-2) * cos(-x('134') +
17930  x('164')) * x('34') * x('64') +
17931  power(x('34'), 2) +
17932  power(x('64'), 2) =l= 1;
17933  con3219..(-2) * cos(-x('110') +
17934  x('193')) * x('10') * x('93') +
17935  power(x('10'), 2) +
17936  power(x('93'), 2) =l= 1;
17937  con3220..(-2) * cos(-x('134') +
17938  x('163')) * x('34') * x('63') +
17939  power(x('34'), 2) +
17940  power(x('63'), 2) =l= 1;
17941  con3221..(-2) * cos(-x('134') +
17942  x('162')) * x('34') * x('62') +
17943  power(x('34'), 2) +
17944  power(x('62'), 2) =l= 1;
17945  con3222..(-2) * cos(-x('134') +
17946  x('161')) * x('34') * x('61') +
17947  power(x('34'), 2) +
17948  power(x('61'), 2) =l= 1;
17949  con3223..(-2) * cos(-x('110') +
17950  x('194')) * x('10') * x('94') +
17951  power(x('10'), 2) +
17952  power(x('94'), 2) =l= 1;
17953  con3224..(-2) * cos(-x('134') +
17954  x('160')) * x('34') * x('60') +
17955  power(x('34'), 2) +
17956  power(x('60'), 2) =l= 1;
17957  con3225..(-2) * cos(-x('134') +
17958  x('159')) * x('34') * x('59') +
17959  power(x('34'), 2) +
17960  power(x('59'), 2) =l= 1;
17961  con3226..(-2) * cos(-x('110') +
17962  x('195')) * x('10') * x('95') +
17963  power(x('10'), 2) +
17964  power(x('95'), 2) =l= 1;
17965  con3227..(-2) * cos(-x('134') +
17966  x('158')) * x('34') * x('58') +
17967  power(x('34'), 2) +
17968  power(x('58'), 2) =l= 1;
17969  con3228..(-2) * cos(-x('134') +
17970  x('157')) * x('34') * x('57') +
17971  power(x('34'), 2) +
17972  power(x('57'), 2) =l= 1;
17973  con3229..(-2) * cos(-x('110') +
17974  x('196')) * x('10') * x('96') +
17975  power(x('10'), 2) +
17976  power(x('96'), 2) =l= 1;
17977  con3230..(-2) * cos(-x('134') +
17978  x('156')) * x('34') * x('56') +
17979  power(x('34'), 2) +
17980  power(x('56'), 2) =l= 1;
17981  con3231..(-2) * cos(-x('134') +
17982  x('155')) * x('34') * x('55') +
17983  power(x('34'), 2) +
17984  power(x('55'), 2) =l= 1;
17985  con3232..(-2) * cos(-x('110') +
17986  x('197')) * x('10') * x('97') +
17987  power(x('10'), 2) +
17988  power(x('97'), 2) =l= 1;
17989  con3233..(-2) * cos(-x('134') +
17990  x('154')) * x('34') * x('54') +
17991  power(x('34'), 2) +
17992  power(x('54'), 2) =l= 1;
17993  con3234..(-2) * cos(-x('134') +
17994  x('153')) * x('34') * x('53') +
17995  power(x('34'), 2) +
17996  power(x('53'), 2) =l= 1;
17997  con3235..(-2) * cos(-x('134') +
17998  x('152')) * x('34') * x('52') +
17999  power(x('34'), 2) +
18000  power(x('52'), 2) =l= 1;
18001  con3236..(-2) * cos(-x('110') +
18002  x('198')) * x('10') * x('98') +
18003  power(x('10'), 2) +
18004  power(x('98'), 2) =l= 1;
18005  con3237..(-2) * cos(-x('134') +
18006  x('151')) * x('34') * x('51') +
18007  power(x('34'), 2) +
18008  power(x('51'), 2) =l= 1;
18009  con3238..(-2) * cos(-x('134') +
18010  x('150')) * x('34') * x('50') +
18011  power(x('34'), 2) +
18012  power(x('50'), 2) =l= 1;
18013  con3239..(-2) * cos(-x('110') +
18014  x('199')) * x('10') * x('99') +
18015  power(x('10'), 2) +
18016  power(x('99'), 2) =l= 1;
18017  con3240..(-2) * cos(-x('134') +
18018  x('149')) * x('34') * x('49') +
18019  power(x('34'), 2) +
18020  power(x('49'), 2) =l= 1;
18021  con3241..(-2) * cos(-x('134') +
18022  x('148')) * x('34') * x('48') +
18023  power(x('34'), 2) +
18024  power(x('48'), 2) =l= 1;
18025  con3242..(-2) * cos(-x('110') +
18026  x('200')) * x('10') * x('100') +
18027  power(x('10'), 2) +
18028  power(x('100'), 2) =l= 1;
18029  con3243..(-2) * cos(-x('134') +
18030  x('147')) * x('34') * x('47') +
18031  power(x('34'), 2) +
18032  power(x('47'), 2) =l= 1;
18033  con3244..(-2) * cos(-x('134') +
18034  x('146')) * x('34') * x('46') +
18035  power(x('34'), 2) +
18036  power(x('46'), 2) =l= 1;
18037  con3245..(-2) * cos(-x('111') +
18038  x('112')) * x('11') * x('12') +
18039  power(x('11'), 2) +
18040  power(x('12'), 2) =l= 1;
18041  con3246..(-2) * cos(-x('134') +
18042  x('145')) * x('34') * x('45') +
18043  power(x('34'), 2) +
18044  power(x('45'), 2) =l= 1;
18045  con3247..(-2) * cos(-x('134') +
18046  x('144')) * x('34') * x('44') +
18047  power(x('34'), 2) +
18048  power(x('44'), 2) =l= 1;
18049  con3248..(-2) * cos(-x('134') +
18050  x('143')) * x('34') * x('43') +
18051  power(x('34'), 2) +
18052  power(x('43'), 2) =l= 1;
18053  con3249..(-2) * cos(-x('111') +
18054  x('113')) * x('11') * x('13') +
18055  power(x('11'), 2) +
18056  power(x('13'), 2) =l= 1;
18057  con3250..(-2) * cos(-x('134') +
18058  x('142')) * x('34') * x('42') +
18059  power(x('34'), 2) +
18060  power(x('42'), 2) =l= 1;
18061  con3251..(-2) * cos(-x('134') +
18062  x('141')) * x('34') * x('41') +
18063  power(x('34'), 2) +
18064  power(x('41'), 2) =l= 1;
18065  con3252..(-2) * cos(-x('111') +
18066  x('114')) * x('11') * x('14') +
18067  power(x('11'), 2) +
18068  power(x('14'), 2) =l= 1;
18069  con3253..(-2) * cos(-x('134') +
18070  x('140')) * x('34') * x('40') +
18071  power(x('34'), 2) +
18072  power(x('40'), 2) =l= 1;
18073  con3254..(-2) * cos(-x('134') +
18074  x('139')) * x('34') * x('39') +
18075  power(x('34'), 2) +
18076  power(x('39'), 2) =l= 1;
18077  con3255..(-2) * cos(-x('111') +
18078  x('115')) * x('11') * x('15') +
18079  power(x('11'), 2) +
18080  power(x('15'), 2) =l= 1;
18081  con3256..(-2) * cos(-x('134') +
18082  x('138')) * x('34') * x('38') +
18083  power(x('34'), 2) +
18084  power(x('38'), 2) =l= 1;
18085  con3257..(-2) * cos(-x('134') +
18086  x('137')) * x('34') * x('37') +
18087  power(x('34'), 2) +
18088  power(x('37'), 2) =l= 1;
18089  con3258..(-2) * cos(-x('111') +
18090  x('116')) * x('11') * x('16') +
18091  power(x('11'), 2) +
18092  power(x('16'), 2) =l= 1;
18093  con3259..(-2) * cos(-x('134') +
18094  x('136')) * x('34') * x('36') +
18095  power(x('34'), 2) +
18096  power(x('36'), 2) =l= 1;
18097  con3260..(-2) * cos(-x('134') +
18098  x('135')) * x('34') * x('35') +
18099  power(x('34'), 2) +
18100  power(x('35'), 2) =l= 1;
18101  con3261..(-2) * cos(-x('133') +
18102  x('200')) * x('33') * x('100') +
18103  power(x('33'), 2) +
18104  power(x('100'), 2) =l= 1;
18105  con3262..(-2) * cos(-x('111') +
18106  x('117')) * x('11') * x('17') +
18107  power(x('11'), 2) +
18108  power(x('17'), 2) =l= 1;
18109  con3263..(-2) * cos(-x('133') +
18110  x('199')) * x('33') * x('99') +
18111  power(x('33'), 2) +
18112  power(x('99'), 2) =l= 1;
18113  con3264..(-2) * cos(-x('133') +
18114  x('198')) * x('33') * x('98') +
18115  power(x('33'), 2) +
18116  power(x('98'), 2) =l= 1;
18117  con3265..(-2) * cos(-x('111') +
18118  x('118')) * x('11') * x('18') +
18119  power(x('11'), 2) +
18120  power(x('18'), 2) =l= 1;
18121  con3266..(-2) * cos(-x('133') +
18122  x('197')) * x('33') * x('97') +
18123  power(x('33'), 2) +
18124  power(x('97'), 2) =l= 1;
18125  con3267..(-2) * cos(-x('133') +
18126  x('196')) * x('33') * x('96') +
18127  power(x('33'), 2) +
18128  power(x('96'), 2) =l= 1;
18129  con3268..(-2) * cos(-x('111') +
18130  x('119')) * x('11') * x('19') +
18131  power(x('11'), 2) +
18132  power(x('19'), 2) =l= 1;
18133  con3269..(-2) * cos(-x('133') +
18134  x('195')) * x('33') * x('95') +
18135  power(x('33'), 2) +
18136  power(x('95'), 2) =l= 1;
18137  con3270..(-2) * cos(-x('133') +
18138  x('194')) * x('33') * x('94') +
18139  power(x('33'), 2) +
18140  power(x('94'), 2) =l= 1;
18141  con3271..(-2) * cos(-x('111') +
18142  x('120')) * x('11') * x('20') +
18143  power(x('11'), 2) +
18144  power(x('20'), 2) =l= 1;
18145  con3272..(-2) * cos(-x('133') +
18146  x('193')) * x('33') * x('93') +
18147  power(x('33'), 2) +
18148  power(x('93'), 2) =l= 1;
18149  con3273..(-2) * cos(-x('133') +
18150  x('192')) * x('33') * x('92') +
18151  power(x('33'), 2) +
18152  power(x('92'), 2) =l= 1;
18153  con3274..(-2) * cos(-x('133') +
18154  x('191')) * x('33') * x('91') +
18155  power(x('33'), 2) +
18156  power(x('91'), 2) =l= 1;
18157  con3275..(-2) * cos(-x('111') +
18158  x('121')) * x('11') * x('21') +
18159  power(x('11'), 2) +
18160  power(x('21'), 2) =l= 1;
18161  con3276..(-2) * cos(-x('133') +
18162  x('190')) * x('33') * x('90') +
18163  power(x('33'), 2) +
18164  power(x('90'), 2) =l= 1;
18165  con3277..(-2) * cos(-x('133') +
18166  x('189')) * x('33') * x('89') +
18167  power(x('33'), 2) +
18168  power(x('89'), 2) =l= 1;
18169  con3278..(-2) * cos(-x('111') +
18170  x('122')) * x('11') * x('22') +
18171  power(x('11'), 2) +
18172  power(x('22'), 2) =l= 1;
18173  con3279..(-2) * cos(-x('133') +
18174  x('188')) * x('33') * x('88') +
18175  power(x('33'), 2) +
18176  power(x('88'), 2) =l= 1;
18177  con3280..(-2) * cos(-x('133') +
18178  x('187')) * x('33') * x('87') +
18179  power(x('33'), 2) +
18180  power(x('87'), 2) =l= 1;
18181  con3281..(-2) * cos(-x('111') +
18182  x('123')) * x('11') * x('23') +
18183  power(x('11'), 2) +
18184  power(x('23'), 2) =l= 1;
18185  con3282..(-2) * cos(-x('133') +
18186  x('186')) * x('33') * x('86') +
18187  power(x('33'), 2) +
18188  power(x('86'), 2) =l= 1;
18189  con3283..(-2) * cos(-x('133') +
18190  x('185')) * x('33') * x('85') +
18191  power(x('33'), 2) +
18192  power(x('85'), 2) =l= 1;
18193  con3284..(-2) * cos(-x('111') +
18194  x('124')) * x('11') * x('24') +
18195  power(x('11'), 2) +
18196  power(x('24'), 2) =l= 1;
18197  con3285..(-2) * cos(-x('133') +
18198  x('184')) * x('33') * x('84') +
18199  power(x('33'), 2) +
18200  power(x('84'), 2) =l= 1;
18201  con3286..(-2) * cos(-x('133') +
18202  x('183')) * x('33') * x('83') +
18203  power(x('33'), 2) +
18204  power(x('83'), 2) =l= 1;
18205  con3287..(-2) * cos(-x('133') +
18206  x('182')) * x('33') * x('82') +
18207  power(x('33'), 2) +
18208  power(x('82'), 2) =l= 1;
18209  con3288..(-2) * cos(-x('111') +
18210  x('125')) * x('11') * x('25') +
18211  power(x('11'), 2) +
18212  power(x('25'), 2) =l= 1;
18213  con3289..(-2) * cos(-x('133') +
18214  x('181')) * x('33') * x('81') +
18215  power(x('33'), 2) +
18216  power(x('81'), 2) =l= 1;
18217  con3290..(-2) * cos(-x('133') +
18218  x('180')) * x('33') * x('80') +
18219  power(x('33'), 2) +
18220  power(x('80'), 2) =l= 1;
18221  con3291..(-2) * cos(-x('111') +
18222  x('126')) * x('11') * x('26') +
18223  power(x('11'), 2) +
18224  power(x('26'), 2) =l= 1;
18225  con3292..(-2) * cos(-x('133') +
18226  x('179')) * x('33') * x('79') +
18227  power(x('33'), 2) +
18228  power(x('79'), 2) =l= 1;
18229  con3293..(-2) * cos(-x('133') +
18230  x('178')) * x('33') * x('78') +
18231  power(x('33'), 2) +
18232  power(x('78'), 2) =l= 1;
18233  con3294..(-2) * cos(-x('111') +
18234  x('127')) * x('11') * x('27') +
18235  power(x('11'), 2) +
18236  power(x('27'), 2) =l= 1;
18237  con3295..(-2) * cos(-x('133') +
18238  x('177')) * x('33') * x('77') +
18239  power(x('33'), 2) +
18240  power(x('77'), 2) =l= 1;
18241  con3296..(-2) * cos(-x('133') +
18242  x('176')) * x('33') * x('76') +
18243  power(x('33'), 2) +
18244  power(x('76'), 2) =l= 1;
18245  con3297..(-2) * cos(-x('111') +
18246  x('128')) * x('11') * x('28') +
18247  power(x('11'), 2) +
18248  power(x('28'), 2) =l= 1;
18249  con3298..(-2) * cos(-x('133') +
18250  x('175')) * x('33') * x('75') +
18251  power(x('33'), 2) +
18252  power(x('75'), 2) =l= 1;
18253  con3299..(-2) * cos(-x('133') +
18254  x('174')) * x('33') * x('74') +
18255  power(x('33'), 2) +
18256  power(x('74'), 2) =l= 1;
18257  con3300..(-2) * cos(-x('133') +
18258  x('173')) * x('33') * x('73') +
18259  power(x('33'), 2) +
18260  power(x('73'), 2) =l= 1;
18261  con3301..(-2) * cos(-x('111') +
18262  x('129')) * x('11') * x('29') +
18263  power(x('11'), 2) +
18264  power(x('29'), 2) =l= 1;
18265  con3302..(-2) * cos(-x('133') +
18266  x('172')) * x('33') * x('72') +
18267  power(x('33'), 2) +
18268  power(x('72'), 2) =l= 1;
18269  con3303..(-2) * cos(-x('133') +
18270  x('171')) * x('33') * x('71') +
18271  power(x('33'), 2) +
18272  power(x('71'), 2) =l= 1;
18273  con3304..(-2) * cos(-x('111') +
18274  x('130')) * x('11') * x('30') +
18275  power(x('11'), 2) +
18276  power(x('30'), 2) =l= 1;
18277  con3305..(-2) * cos(-x('133') +
18278  x('170')) * x('33') * x('70') +
18279  power(x('33'), 2) +
18280  power(x('70'), 2) =l= 1;
18281  con3306..(-2) * cos(-x('133') +
18282  x('169')) * x('33') * x('69') +
18283  power(x('33'), 2) +
18284  power(x('69'), 2) =l= 1;
18285  con3307..(-2) * cos(-x('111') +
18286  x('131')) * x('11') * x('31') +
18287  power(x('11'), 2) +
18288  power(x('31'), 2) =l= 1;
18289  con3308..(-2) * cos(-x('133') +
18290  x('168')) * x('33') * x('68') +
18291  power(x('33'), 2) +
18292  power(x('68'), 2) =l= 1;
18293  con3309..(-2) * cos(-x('133') +
18294  x('167')) * x('33') * x('67') +
18295  power(x('33'), 2) +
18296  power(x('67'), 2) =l= 1;
18297  con3310..(-2) * cos(-x('111') +
18298  x('132')) * x('11') * x('32') +
18299  power(x('11'), 2) +
18300  power(x('32'), 2) =l= 1;
18301  con3311..(-2) * cos(-x('133') +
18302  x('166')) * x('33') * x('66') +
18303  power(x('33'), 2) +
18304  power(x('66'), 2) =l= 1;
18305  con3312..(-2) * cos(-x('133') +
18306  x('165')) * x('33') * x('65') +
18307  power(x('33'), 2) +
18308  power(x('65'), 2) =l= 1;
18309  con3313..(-2) * cos(-x('133') +
18310  x('164')) * x('33') * x('64') +
18311  power(x('33'), 2) +
18312  power(x('64'), 2) =l= 1;
18313  con3314..(-2) * cos(-x('111') +
18314  x('133')) * x('11') * x('33') +
18315  power(x('11'), 2) +
18316  power(x('33'), 2) =l= 1;
18317  con3315..(-2) * cos(-x('133') +
18318  x('163')) * x('33') * x('63') +
18319  power(x('33'), 2) +
18320  power(x('63'), 2) =l= 1;
18321  con3316..(-2) * cos(-x('133') +
18322  x('162')) * x('33') * x('62') +
18323  power(x('33'), 2) +
18324  power(x('62'), 2) =l= 1;
18325  con3317..(-2) * cos(-x('111') +
18326  x('134')) * x('11') * x('34') +
18327  power(x('11'), 2) +
18328  power(x('34'), 2) =l= 1;
18329  con3318..(-2) * cos(-x('133') +
18330  x('161')) * x('33') * x('61') +
18331  power(x('33'), 2) +
18332  power(x('61'), 2) =l= 1;
18333  con3319..(-2) * cos(-x('133') +
18334  x('160')) * x('33') * x('60') +
18335  power(x('33'), 2) +
18336  power(x('60'), 2) =l= 1;
18337  con3320..(-2) * cos(-x('111') +
18338  x('135')) * x('11') * x('35') +
18339  power(x('11'), 2) +
18340  power(x('35'), 2) =l= 1;
18341  con3321..(-2) * cos(-x('133') +
18342  x('159')) * x('33') * x('59') +
18343  power(x('33'), 2) +
18344  power(x('59'), 2) =l= 1;
18345  con3322..(-2) * cos(-x('133') +
18346  x('158')) * x('33') * x('58') +
18347  power(x('33'), 2) +
18348  power(x('58'), 2) =l= 1;
18349  con3323..(-2) * cos(-x('111') +
18350  x('136')) * x('11') * x('36') +
18351  power(x('11'), 2) +
18352  power(x('36'), 2) =l= 1;
18353  con3324..(-2) * cos(-x('133') +
18354  x('157')) * x('33') * x('57') +
18355  power(x('33'), 2) +
18356  power(x('57'), 2) =l= 1;
18357  con3325..(-2) * cos(-x('133') +
18358  x('156')) * x('33') * x('56') +
18359  power(x('33'), 2) +
18360  power(x('56'), 2) =l= 1;
18361  con3326..(-2) * cos(-x('133') +
18362  x('155')) * x('33') * x('55') +
18363  power(x('33'), 2) +
18364  power(x('55'), 2) =l= 1;
18365  con3327..(-2) * cos(-x('111') +
18366  x('137')) * x('11') * x('37') +
18367  power(x('11'), 2) +
18368  power(x('37'), 2) =l= 1;
18369  con3328..(-2) * cos(-x('133') +
18370  x('154')) * x('33') * x('54') +
18371  power(x('33'), 2) +
18372  power(x('54'), 2) =l= 1;
18373  con3329..(-2) * cos(-x('133') +
18374  x('153')) * x('33') * x('53') +
18375  power(x('33'), 2) +
18376  power(x('53'), 2) =l= 1;
18377  con3330..(-2) * cos(-x('111') +
18378  x('138')) * x('11') * x('38') +
18379  power(x('11'), 2) +
18380  power(x('38'), 2) =l= 1;
18381  con3331..(-2) * cos(-x('133') +
18382  x('152')) * x('33') * x('52') +
18383  power(x('33'), 2) +
18384  power(x('52'), 2) =l= 1;
18385  con3332..(-2) * cos(-x('133') +
18386  x('151')) * x('33') * x('51') +
18387  power(x('33'), 2) +
18388  power(x('51'), 2) =l= 1;
18389  con3333..(-2) * cos(-x('111') +
18390  x('139')) * x('11') * x('39') +
18391  power(x('11'), 2) +
18392  power(x('39'), 2) =l= 1;
18393  con3334..(-2) * cos(-x('133') +
18394  x('150')) * x('33') * x('50') +
18395  power(x('33'), 2) +
18396  power(x('50'), 2) =l= 1;
18397  con3335..(-2) * cos(-x('133') +
18398  x('149')) * x('33') * x('49') +
18399  power(x('33'), 2) +
18400  power(x('49'), 2) =l= 1;
18401  con3336..(-2) * cos(-x('111') +
18402  x('140')) * x('11') * x('40') +
18403  power(x('11'), 2) +
18404  power(x('40'), 2) =l= 1;
18405  con3337..(-2) * cos(-x('133') +
18406  x('148')) * x('33') * x('48') +
18407  power(x('33'), 2) +
18408  power(x('48'), 2) =l= 1;
18409  con3338..(-2) * cos(-x('133') +
18410  x('147')) * x('33') * x('47') +
18411  power(x('33'), 2) +
18412  power(x('47'), 2) =l= 1;
18413  con3339..(-2) * cos(-x('133') +
18414  x('146')) * x('33') * x('46') +
18415  power(x('33'), 2) +
18416  power(x('46'), 2) =l= 1;
18417  con3340..(-2) * cos(-x('111') +
18418  x('141')) * x('11') * x('41') +
18419  power(x('11'), 2) +
18420  power(x('41'), 2) =l= 1;
18421  con3341..(-2) * cos(-x('133') +
18422  x('145')) * x('33') * x('45') +
18423  power(x('33'), 2) +
18424  power(x('45'), 2) =l= 1;
18425  con3342..(-2) * cos(-x('133') +
18426  x('144')) * x('33') * x('44') +
18427  power(x('33'), 2) +
18428  power(x('44'), 2) =l= 1;
18429  con3343..(-2) * cos(-x('111') +
18430  x('142')) * x('11') * x('42') +
18431  power(x('11'), 2) +
18432  power(x('42'), 2) =l= 1;
18433  con3344..(-2) * cos(-x('133') +
18434  x('143')) * x('33') * x('43') +
18435  power(x('33'), 2) +
18436  power(x('43'), 2) =l= 1;
18437  con3345..(-2) * cos(-x('133') +
18438  x('142')) * x('33') * x('42') +
18439  power(x('33'), 2) +
18440  power(x('42'), 2) =l= 1;
18441  con3346..(-2) * cos(-x('111') +
18442  x('143')) * x('11') * x('43') +
18443  power(x('11'), 2) +
18444  power(x('43'), 2) =l= 1;
18445  con3347..(-2) * cos(-x('133') +
18446  x('141')) * x('33') * x('41') +
18447  power(x('33'), 2) +
18448  power(x('41'), 2) =l= 1;
18449  con3348..(-2) * cos(-x('133') +
18450  x('140')) * x('33') * x('40') +
18451  power(x('33'), 2) +
18452  power(x('40'), 2) =l= 1;
18453  con3349..(-2) * cos(-x('111') +
18454  x('144')) * x('11') * x('44') +
18455  power(x('11'), 2) +
18456  power(x('44'), 2) =l= 1;
18457  con3350..(-2) * cos(-x('133') +
18458  x('139')) * x('33') * x('39') +
18459  power(x('33'), 2) +
18460  power(x('39'), 2) =l= 1;
18461  con3351..(-2) * cos(-x('133') +
18462  x('138')) * x('33') * x('38') +
18463  power(x('33'), 2) +
18464  power(x('38'), 2) =l= 1;
18465  con3352..(-2) * cos(-x('133') +
18466  x('137')) * x('33') * x('37') +
18467  power(x('33'), 2) +
18468  power(x('37'), 2) =l= 1;
18469  con3353..(-2) * cos(-x('111') +
18470  x('145')) * x('11') * x('45') +
18471  power(x('11'), 2) +
18472  power(x('45'), 2) =l= 1;
18473  con3354..(-2) * cos(-x('133') +
18474  x('136')) * x('33') * x('36') +
18475  power(x('33'), 2) +
18476  power(x('36'), 2) =l= 1;
18477  con3355..(-2) * cos(-x('133') +
18478  x('135')) * x('33') * x('35') +
18479  power(x('33'), 2) +
18480  power(x('35'), 2) =l= 1;
18481  con3356..(-2) * cos(-x('111') +
18482  x('146')) * x('11') * x('46') +
18483  power(x('11'), 2) +
18484  power(x('46'), 2) =l= 1;
18485  con3357..(-2) * cos(-x('133') +
18486  x('134')) * x('33') * x('34') +
18487  power(x('33'), 2) +
18488  power(x('34'), 2) =l= 1;
18489  con3358..(-2) * cos(-x('132') +
18490  x('200')) * x('32') * x('100') +
18491  power(x('32'), 2) +
18492  power(x('100'), 2) =l= 1;
18493  con3359..(-2) * cos(-x('111') +
18494  x('147')) * x('11') * x('47') +
18495  power(x('11'), 2) +
18496  power(x('47'), 2) =l= 1;
18497  con3360..(-2) * cos(-x('132') +
18498  x('199')) * x('32') * x('99') +
18499  power(x('32'), 2) +
18500  power(x('99'), 2) =l= 1;
18501  con3361..(-2) * cos(-x('132') +
18502  x('198')) * x('32') * x('98') +
18503  power(x('32'), 2) +
18504  power(x('98'), 2) =l= 1;
18505  con3362..(-2) * cos(-x('111') +
18506  x('148')) * x('11') * x('48') +
18507  power(x('11'), 2) +
18508  power(x('48'), 2) =l= 1;
18509  con3363..(-2) * cos(-x('132') +
18510  x('197')) * x('32') * x('97') +
18511  power(x('32'), 2) +
18512  power(x('97'), 2) =l= 1;
18513  con3364..(-2) * cos(-x('132') +
18514  x('196')) * x('32') * x('96') +
18515  power(x('32'), 2) +
18516  power(x('96'), 2) =l= 1;
18517  con3365..(-2) * cos(-x('132') +
18518  x('195')) * x('32') * x('95') +
18519  power(x('32'), 2) +
18520  power(x('95'), 2) =l= 1;
18521  con3366..(-2) * cos(-x('111') +
18522  x('149')) * x('11') * x('49') +
18523  power(x('11'), 2) +
18524  power(x('49'), 2) =l= 1;
18525  con3367..(-2) * cos(-x('132') +
18526  x('194')) * x('32') * x('94') +
18527  power(x('32'), 2) +
18528  power(x('94'), 2) =l= 1;
18529  con3368..(-2) * cos(-x('132') +
18530  x('193')) * x('32') * x('93') +
18531  power(x('32'), 2) +
18532  power(x('93'), 2) =l= 1;
18533  con3369..(-2) * cos(-x('111') +
18534  x('150')) * x('11') * x('50') +
18535  power(x('11'), 2) +
18536  power(x('50'), 2) =l= 1;
18537  con3370..(-2) * cos(-x('132') +
18538  x('192')) * x('32') * x('92') +
18539  power(x('32'), 2) +
18540  power(x('92'), 2) =l= 1;
18541  con3371..(-2) * cos(-x('132') +
18542  x('191')) * x('32') * x('91') +
18543  power(x('32'), 2) +
18544  power(x('91'), 2) =l= 1;
18545  con3372..(-2) * cos(-x('111') +
18546  x('151')) * x('11') * x('51') +
18547  power(x('11'), 2) +
18548  power(x('51'), 2) =l= 1;
18549  con3373..(-2) * cos(-x('132') +
18550  x('190')) * x('32') * x('90') +
18551  power(x('32'), 2) +
18552  power(x('90'), 2) =l= 1;
18553  con3374..(-2) * cos(-x('132') +
18554  x('189')) * x('32') * x('89') +
18555  power(x('32'), 2) +
18556  power(x('89'), 2) =l= 1;
18557  con3375..(-2) * cos(-x('111') +
18558  x('152')) * x('11') * x('52') +
18559  power(x('11'), 2) +
18560  power(x('52'), 2) =l= 1;
18561  con3376..(-2) * cos(-x('132') +
18562  x('188')) * x('32') * x('88') +
18563  power(x('32'), 2) +
18564  power(x('88'), 2) =l= 1;
18565  con3377..(-2) * cos(-x('132') +
18566  x('187')) * x('32') * x('87') +
18567  power(x('32'), 2) +
18568  power(x('87'), 2) =l= 1;
18569  con3378..(-2) * cos(-x('132') +
18570  x('186')) * x('32') * x('86') +
18571  power(x('32'), 2) +
18572  power(x('86'), 2) =l= 1;
18573  con3379..(-2) * cos(-x('111') +
18574  x('153')) * x('11') * x('53') +
18575  power(x('11'), 2) +
18576  power(x('53'), 2) =l= 1;
18577  con3380..(-2) * cos(-x('132') +
18578  x('185')) * x('32') * x('85') +
18579  power(x('32'), 2) +
18580  power(x('85'), 2) =l= 1;
18581  con3381..(-2) * cos(-x('132') +
18582  x('184')) * x('32') * x('84') +
18583  power(x('32'), 2) +
18584  power(x('84'), 2) =l= 1;
18585  con3382..(-2) * cos(-x('111') +
18586  x('154')) * x('11') * x('54') +
18587  power(x('11'), 2) +
18588  power(x('54'), 2) =l= 1;
18589  con3383..(-2) * cos(-x('132') +
18590  x('183')) * x('32') * x('83') +
18591  power(x('32'), 2) +
18592  power(x('83'), 2) =l= 1;
18593  con3384..(-2) * cos(-x('132') +
18594  x('182')) * x('32') * x('82') +
18595  power(x('32'), 2) +
18596  power(x('82'), 2) =l= 1;
18597  con3385..(-2) * cos(-x('111') +
18598  x('155')) * x('11') * x('55') +
18599  power(x('11'), 2) +
18600  power(x('55'), 2) =l= 1;
18601  con3386..(-2) * cos(-x('132') +
18602  x('181')) * x('32') * x('81') +
18603  power(x('32'), 2) +
18604  power(x('81'), 2) =l= 1;
18605  con3387..(-2) * cos(-x('132') +
18606  x('180')) * x('32') * x('80') +
18607  power(x('32'), 2) +
18608  power(x('80'), 2) =l= 1;
18609  con3388..(-2) * cos(-x('111') +
18610  x('156')) * x('11') * x('56') +
18611  power(x('11'), 2) +
18612  power(x('56'), 2) =l= 1;
18613  con3389..(-2) * cos(-x('132') +
18614  x('179')) * x('32') * x('79') +
18615  power(x('32'), 2) +
18616  power(x('79'), 2) =l= 1;
18617  con3390..(-2) * cos(-x('132') +
18618  x('178')) * x('32') * x('78') +
18619  power(x('32'), 2) +
18620  power(x('78'), 2) =l= 1;
18621  con3391..(-2) * cos(-x('132') +
18622  x('177')) * x('32') * x('77') +
18623  power(x('32'), 2) +
18624  power(x('77'), 2) =l= 1;
18625  con3392..(-2) * cos(-x('111') +
18626  x('157')) * x('11') * x('57') +
18627  power(x('11'), 2) +
18628  power(x('57'), 2) =l= 1;
18629  con3393..(-2) * cos(-x('132') +
18630  x('176')) * x('32') * x('76') +
18631  power(x('32'), 2) +
18632  power(x('76'), 2) =l= 1;
18633  con3394..(-2) * cos(-x('132') +
18634  x('175')) * x('32') * x('75') +
18635  power(x('32'), 2) +
18636  power(x('75'), 2) =l= 1;
18637  con3395..(-2) * cos(-x('111') +
18638  x('158')) * x('11') * x('58') +
18639  power(x('11'), 2) +
18640  power(x('58'), 2) =l= 1;
18641  con3396..(-2) * cos(-x('132') +
18642  x('174')) * x('32') * x('74') +
18643  power(x('32'), 2) +
18644  power(x('74'), 2) =l= 1;
18645  con3397..(-2) * cos(-x('132') +
18646  x('173')) * x('32') * x('73') +
18647  power(x('32'), 2) +
18648  power(x('73'), 2) =l= 1;
18649  con3398..(-2) * cos(-x('111') +
18650  x('159')) * x('11') * x('59') +
18651  power(x('11'), 2) +
18652  power(x('59'), 2) =l= 1;
18653  con3399..(-2) * cos(-x('132') +
18654  x('172')) * x('32') * x('72') +
18655  power(x('32'), 2) +
18656  power(x('72'), 2) =l= 1;
18657  con3400..(-2) * cos(-x('132') +
18658  x('171')) * x('32') * x('71') +
18659  power(x('32'), 2) +
18660  power(x('71'), 2) =l= 1;
18661  con3401..(-2) * cos(-x('111') +
18662  x('160')) * x('11') * x('60') +
18663  power(x('11'), 2) +
18664  power(x('60'), 2) =l= 1;
18665  con3402..(-2) * cos(-x('132') +
18666  x('170')) * x('32') * x('70') +
18667  power(x('32'), 2) +
18668  power(x('70'), 2) =l= 1;
18669  con3403..(-2) * cos(-x('132') +
18670  x('169')) * x('32') * x('69') +
18671  power(x('32'), 2) +
18672  power(x('69'), 2) =l= 1;
18673  con3404..(-2) * cos(-x('132') +
18674  x('168')) * x('32') * x('68') +
18675  power(x('32'), 2) +
18676  power(x('68'), 2) =l= 1;
18677  con3405..(-2) * cos(-x('111') +
18678  x('161')) * x('11') * x('61') +
18679  power(x('11'), 2) +
18680  power(x('61'), 2) =l= 1;
18681  con3406..(-2) * cos(-x('132') +
18682  x('167')) * x('32') * x('67') +
18683  power(x('32'), 2) +
18684  power(x('67'), 2) =l= 1;
18685  con3407..(-2) * cos(-x('132') +
18686  x('166')) * x('32') * x('66') +
18687  power(x('32'), 2) +
18688  power(x('66'), 2) =l= 1;
18689  con3408..(-2) * cos(-x('111') +
18690  x('162')) * x('11') * x('62') +
18691  power(x('11'), 2) +
18692  power(x('62'), 2) =l= 1;
18693  con3409..(-2) * cos(-x('132') +
18694  x('165')) * x('32') * x('65') +
18695  power(x('32'), 2) +
18696  power(x('65'), 2) =l= 1;
18697  con3410..(-2) * cos(-x('132') +
18698  x('164')) * x('32') * x('64') +
18699  power(x('32'), 2) +
18700  power(x('64'), 2) =l= 1;
18701  con3411..(-2) * cos(-x('111') +
18702  x('163')) * x('11') * x('63') +
18703  power(x('11'), 2) +
18704  power(x('63'), 2) =l= 1;
18705  con3412..(-2) * cos(-x('132') +
18706  x('163')) * x('32') * x('63') +
18707  power(x('32'), 2) +
18708  power(x('63'), 2) =l= 1;
18709  con3413..(-2) * cos(-x('132') +
18710  x('162')) * x('32') * x('62') +
18711  power(x('32'), 2) +
18712  power(x('62'), 2) =l= 1;
18713  con3414..(-2) * cos(-x('111') +
18714  x('164')) * x('11') * x('64') +
18715  power(x('11'), 2) +
18716  power(x('64'), 2) =l= 1;
18717  con3415..(-2) * cos(-x('132') +
18718  x('161')) * x('32') * x('61') +
18719  power(x('32'), 2) +
18720  power(x('61'), 2) =l= 1;
18721  con3416..(-2) * cos(-x('132') +
18722  x('160')) * x('32') * x('60') +
18723  power(x('32'), 2) +
18724  power(x('60'), 2) =l= 1;
18725  con3417..(-2) * cos(-x('132') +
18726  x('159')) * x('32') * x('59') +
18727  power(x('32'), 2) +
18728  power(x('59'), 2) =l= 1;
18729  con3418..(-2) * cos(-x('111') +
18730  x('165')) * x('11') * x('65') +
18731  power(x('11'), 2) +
18732  power(x('65'), 2) =l= 1;
18733  con3419..(-2) * cos(-x('132') +
18734  x('158')) * x('32') * x('58') +
18735  power(x('32'), 2) +
18736  power(x('58'), 2) =l= 1;
18737  con3420..(-2) * cos(-x('132') +
18738  x('157')) * x('32') * x('57') +
18739  power(x('32'), 2) +
18740  power(x('57'), 2) =l= 1;
18741  con3421..(-2) * cos(-x('111') +
18742  x('166')) * x('11') * x('66') +
18743  power(x('11'), 2) +
18744  power(x('66'), 2) =l= 1;
18745  con3422..(-2) * cos(-x('132') +
18746  x('156')) * x('32') * x('56') +
18747  power(x('32'), 2) +
18748  power(x('56'), 2) =l= 1;
18749  con3423..(-2) * cos(-x('132') +
18750  x('155')) * x('32') * x('55') +
18751  power(x('32'), 2) +
18752  power(x('55'), 2) =l= 1;
18753  con3424..(-2) * cos(-x('111') +
18754  x('167')) * x('11') * x('67') +
18755  power(x('11'), 2) +
18756  power(x('67'), 2) =l= 1;
18757  con3425..(-2) * cos(-x('132') +
18758  x('154')) * x('32') * x('54') +
18759  power(x('32'), 2) +
18760  power(x('54'), 2) =l= 1;
18761  con3426..(-2) * cos(-x('132') +
18762  x('153')) * x('32') * x('53') +
18763  power(x('32'), 2) +
18764  power(x('53'), 2) =l= 1;
18765  con3427..(-2) * cos(-x('111') +
18766  x('168')) * x('11') * x('68') +
18767  power(x('11'), 2) +
18768  power(x('68'), 2) =l= 1;
18769  con3428..(-2) * cos(-x('132') +
18770  x('152')) * x('32') * x('52') +
18771  power(x('32'), 2) +
18772  power(x('52'), 2) =l= 1;
18773  con3429..(-2) * cos(-x('132') +
18774  x('151')) * x('32') * x('51') +
18775  power(x('32'), 2) +
18776  power(x('51'), 2) =l= 1;
18777  con3430..(-2) * cos(-x('132') +
18778  x('150')) * x('32') * x('50') +
18779  power(x('32'), 2) +
18780  power(x('50'), 2) =l= 1;
18781  con3431..(-2) * cos(-x('111') +
18782  x('169')) * x('11') * x('69') +
18783  power(x('11'), 2) +
18784  power(x('69'), 2) =l= 1;
18785  con3432..(-2) * cos(-x('132') +
18786  x('149')) * x('32') * x('49') +
18787  power(x('32'), 2) +
18788  power(x('49'), 2) =l= 1;
18789  con3433..(-2) * cos(-x('132') +
18790  x('148')) * x('32') * x('48') +
18791  power(x('32'), 2) +
18792  power(x('48'), 2) =l= 1;
18793  con3434..(-2) * cos(-x('111') +
18794  x('170')) * x('11') * x('70') +
18795  power(x('11'), 2) +
18796  power(x('70'), 2) =l= 1;
18797  con3435..(-2) * cos(-x('132') +
18798  x('147')) * x('32') * x('47') +
18799  power(x('32'), 2) +
18800  power(x('47'), 2) =l= 1;
18801  con3436..(-2) * cos(-x('132') +
18802  x('146')) * x('32') * x('46') +
18803  power(x('32'), 2) +
18804  power(x('46'), 2) =l= 1;
18805  con3437..(-2) * cos(-x('111') +
18806  x('171')) * x('11') * x('71') +
18807  power(x('11'), 2) +
18808  power(x('71'), 2) =l= 1;
18809  con3438..(-2) * cos(-x('132') +
18810  x('145')) * x('32') * x('45') +
18811  power(x('32'), 2) +
18812  power(x('45'), 2) =l= 1;
18813  con3439..(-2) * cos(-x('132') +
18814  x('144')) * x('32') * x('44') +
18815  power(x('32'), 2) +
18816  power(x('44'), 2) =l= 1;
18817  con3440..(-2) * cos(-x('111') +
18818  x('172')) * x('11') * x('72') +
18819  power(x('11'), 2) +
18820  power(x('72'), 2) =l= 1;
18821  con3441..(-2) * cos(-x('132') +
18822  x('143')) * x('32') * x('43') +
18823  power(x('32'), 2) +
18824  power(x('43'), 2) =l= 1;
18825  con3442..(-2) * cos(-x('132') +
18826  x('142')) * x('32') * x('42') +
18827  power(x('32'), 2) +
18828  power(x('42'), 2) =l= 1;
18829  con3443..(-2) * cos(-x('132') +
18830  x('141')) * x('32') * x('41') +
18831  power(x('32'), 2) +
18832  power(x('41'), 2) =l= 1;
18833  con3444..(-2) * cos(-x('111') +
18834  x('173')) * x('11') * x('73') +
18835  power(x('11'), 2) +
18836  power(x('73'), 2) =l= 1;
18837  con3445..(-2) * cos(-x('132') +
18838  x('140')) * x('32') * x('40') +
18839  power(x('32'), 2) +
18840  power(x('40'), 2) =l= 1;
18841  con3446..(-2) * cos(-x('132') +
18842  x('139')) * x('32') * x('39') +
18843  power(x('32'), 2) +
18844  power(x('39'), 2) =l= 1;
18845  con3447..(-2) * cos(-x('111') +
18846  x('174')) * x('11') * x('74') +
18847  power(x('11'), 2) +
18848  power(x('74'), 2) =l= 1;
18849  con3448..(-2) * cos(-x('132') +
18850  x('138')) * x('32') * x('38') +
18851  power(x('32'), 2) +
18852  power(x('38'), 2) =l= 1;
18853  con3449..(-2) * cos(-x('132') +
18854  x('137')) * x('32') * x('37') +
18855  power(x('32'), 2) +
18856  power(x('37'), 2) =l= 1;
18857  con3450..(-2) * cos(-x('111') +
18858  x('175')) * x('11') * x('75') +
18859  power(x('11'), 2) +
18860  power(x('75'), 2) =l= 1;
18861  con3451..(-2) * cos(-x('132') +
18862  x('136')) * x('32') * x('36') +
18863  power(x('32'), 2) +
18864  power(x('36'), 2) =l= 1;
18865  con3452..(-2) * cos(-x('132') +
18866  x('135')) * x('32') * x('35') +
18867  power(x('32'), 2) +
18868  power(x('35'), 2) =l= 1;
18869  con3453..(-2) * cos(-x('111') +
18870  x('176')) * x('11') * x('76') +
18871  power(x('11'), 2) +
18872  power(x('76'), 2) =l= 1;
18873  con3454..(-2) * cos(-x('132') +
18874  x('134')) * x('32') * x('34') +
18875  power(x('32'), 2) +
18876  power(x('34'), 2) =l= 1;
18877  con3455..(-2) * cos(-x('132') +
18878  x('133')) * x('32') * x('33') +
18879  power(x('32'), 2) +
18880  power(x('33'), 2) =l= 1;
18881  con3456..(-2) * cos(-x('131') +
18882  x('200')) * x('31') * x('100') +
18883  power(x('31'), 2) +
18884  power(x('100'), 2) =l= 1;
18885  con3457..(-2) * cos(-x('111') +
18886  x('177')) * x('11') * x('77') +
18887  power(x('11'), 2) +
18888  power(x('77'), 2) =l= 1;
18889  con3458..(-2) * cos(-x('131') +
18890  x('199')) * x('31') * x('99') +
18891  power(x('31'), 2) +
18892  power(x('99'), 2) =l= 1;
18893  con3459..(-2) * cos(-x('131') +
18894  x('198')) * x('31') * x('98') +
18895  power(x('31'), 2) +
18896  power(x('98'), 2) =l= 1;
18897  con3460..(-2) * cos(-x('111') +
18898  x('178')) * x('11') * x('78') +
18899  power(x('11'), 2) +
18900  power(x('78'), 2) =l= 1;
18901  con3461..(-2) * cos(-x('131') +
18902  x('197')) * x('31') * x('97') +
18903  power(x('31'), 2) +
18904  power(x('97'), 2) =l= 1;
18905  con3462..(-2) * cos(-x('131') +
18906  x('196')) * x('31') * x('96') +
18907  power(x('31'), 2) +
18908  power(x('96'), 2) =l= 1;
18909  con3463..(-2) * cos(-x('111') +
18910  x('179')) * x('11') * x('79') +
18911  power(x('11'), 2) +
18912  power(x('79'), 2) =l= 1;
18913  con3464..(-2) * cos(-x('131') +
18914  x('195')) * x('31') * x('95') +
18915  power(x('31'), 2) +
18916  power(x('95'), 2) =l= 1;
18917  con3465..(-2) * cos(-x('131') +
18918  x('194')) * x('31') * x('94') +
18919  power(x('31'), 2) +
18920  power(x('94'), 2) =l= 1;
18921  con3466..(-2) * cos(-x('111') +
18922  x('180')) * x('11') * x('80') +
18923  power(x('11'), 2) +
18924  power(x('80'), 2) =l= 1;
18925  con3467..(-2) * cos(-x('131') +
18926  x('193')) * x('31') * x('93') +
18927  power(x('31'), 2) +
18928  power(x('93'), 2) =l= 1;
18929  con3468..(-2) * cos(-x('131') +
18930  x('192')) * x('31') * x('92') +
18931  power(x('31'), 2) +
18932  power(x('92'), 2) =l= 1;
18933  con3469..(-2) * cos(-x('131') +
18934  x('191')) * x('31') * x('91') +
18935  power(x('31'), 2) +
18936  power(x('91'), 2) =l= 1;
18937  con3470..(-2) * cos(-x('111') +
18938  x('181')) * x('11') * x('81') +
18939  power(x('11'), 2) +
18940  power(x('81'), 2) =l= 1;
18941  con3471..(-2) * cos(-x('131') +
18942  x('190')) * x('31') * x('90') +
18943  power(x('31'), 2) +
18944  power(x('90'), 2) =l= 1;
18945  con3472..(-2) * cos(-x('131') +
18946  x('189')) * x('31') * x('89') +
18947  power(x('31'), 2) +
18948  power(x('89'), 2) =l= 1;
18949  con3473..(-2) * cos(-x('111') +
18950  x('182')) * x('11') * x('82') +
18951  power(x('11'), 2) +
18952  power(x('82'), 2) =l= 1;
18953  con3474..(-2) * cos(-x('131') +
18954  x('188')) * x('31') * x('88') +
18955  power(x('31'), 2) +
18956  power(x('88'), 2) =l= 1;
18957  con3475..(-2) * cos(-x('131') +
18958  x('187')) * x('31') * x('87') +
18959  power(x('31'), 2) +
18960  power(x('87'), 2) =l= 1;
18961  con3476..(-2) * cos(-x('111') +
18962  x('183')) * x('11') * x('83') +
18963  power(x('11'), 2) +
18964  power(x('83'), 2) =l= 1;
18965  con3477..(-2) * cos(-x('131') +
18966  x('186')) * x('31') * x('86') +
18967  power(x('31'), 2) +
18968  power(x('86'), 2) =l= 1;
18969  con3478..(-2) * cos(-x('131') +
18970  x('185')) * x('31') * x('85') +
18971  power(x('31'), 2) +
18972  power(x('85'), 2) =l= 1;
18973  con3479..(-2) * cos(-x('111') +
18974  x('184')) * x('11') * x('84') +
18975  power(x('11'), 2) +
18976  power(x('84'), 2) =l= 1;
18977  con3480..(-2) * cos(-x('131') +
18978  x('184')) * x('31') * x('84') +
18979  power(x('31'), 2) +
18980  power(x('84'), 2) =l= 1;
18981  con3481..(-2) * cos(-x('131') +
18982  x('183')) * x('31') * x('83') +
18983  power(x('31'), 2) +
18984  power(x('83'), 2) =l= 1;
18985  con3482..(-2) * cos(-x('131') +
18986  x('182')) * x('31') * x('82') +
18987  power(x('31'), 2) +
18988  power(x('82'), 2) =l= 1;
18989  con3483..(-2) * cos(-x('111') +
18990  x('185')) * x('11') * x('85') +
18991  power(x('11'), 2) +
18992  power(x('85'), 2) =l= 1;
18993  con3484..(-2) * cos(-x('131') +
18994  x('181')) * x('31') * x('81') +
18995  power(x('31'), 2) +
18996  power(x('81'), 2) =l= 1;
18997  con3485..(-2) * cos(-x('131') +
18998  x('180')) * x('31') * x('80') +
18999  power(x('31'), 2) +
19000  power(x('80'), 2) =l= 1;
19001  con3486..(-2) * cos(-x('111') +
19002  x('186')) * x('11') * x('86') +
19003  power(x('11'), 2) +
19004  power(x('86'), 2) =l= 1;
19005  con3487..(-2) * cos(-x('131') +
19006  x('179')) * x('31') * x('79') +
19007  power(x('31'), 2) +
19008  power(x('79'), 2) =l= 1;
19009  con3488..(-2) * cos(-x('131') +
19010  x('178')) * x('31') * x('78') +
19011  power(x('31'), 2) +
19012  power(x('78'), 2) =l= 1;
19013  con3489..(-2) * cos(-x('111') +
19014  x('187')) * x('11') * x('87') +
19015  power(x('11'), 2) +
19016  power(x('87'), 2) =l= 1;
19017  con3490..(-2) * cos(-x('131') +
19018  x('177')) * x('31') * x('77') +
19019  power(x('31'), 2) +
19020  power(x('77'), 2) =l= 1;
19021  con3491..(-2) * cos(-x('131') +
19022  x('176')) * x('31') * x('76') +
19023  power(x('31'), 2) +
19024  power(x('76'), 2) =l= 1;
19025  con3492..(-2) * cos(-x('111') +
19026  x('188')) * x('11') * x('88') +
19027  power(x('11'), 2) +
19028  power(x('88'), 2) =l= 1;
19029  con3493..(-2) * cos(-x('131') +
19030  x('175')) * x('31') * x('75') +
19031  power(x('31'), 2) +
19032  power(x('75'), 2) =l= 1;
19033  con3494..(-2) * cos(-x('131') +
19034  x('174')) * x('31') * x('74') +
19035  power(x('31'), 2) +
19036  power(x('74'), 2) =l= 1;
19037  con3495..(-2) * cos(-x('131') +
19038  x('173')) * x('31') * x('73') +
19039  power(x('31'), 2) +
19040  power(x('73'), 2) =l= 1;
19041  con3496..(-2) * cos(-x('111') +
19042  x('189')) * x('11') * x('89') +
19043  power(x('11'), 2) +
19044  power(x('89'), 2) =l= 1;
19045  con3497..(-2) * cos(-x('131') +
19046  x('172')) * x('31') * x('72') +
19047  power(x('31'), 2) +
19048  power(x('72'), 2) =l= 1;
19049  con3498..(-2) * cos(-x('131') +
19050  x('171')) * x('31') * x('71') +
19051  power(x('31'), 2) +
19052  power(x('71'), 2) =l= 1;
19053  con3499..(-2) * cos(-x('111') +
19054  x('190')) * x('11') * x('90') +
19055  power(x('11'), 2) +
19056  power(x('90'), 2) =l= 1;
19057  con3500..(-2) * cos(-x('131') +
19058  x('170')) * x('31') * x('70') +
19059  power(x('31'), 2) +
19060  power(x('70'), 2) =l= 1;
19061  con3501..(-2) * cos(-x('131') +
19062  x('169')) * x('31') * x('69') +
19063  power(x('31'), 2) +
19064  power(x('69'), 2) =l= 1;
19065  con3502..(-2) * cos(-x('111') +
19066  x('191')) * x('11') * x('91') +
19067  power(x('11'), 2) +
19068  power(x('91'), 2) =l= 1;
19069  con3503..(-2) * cos(-x('131') +
19070  x('168')) * x('31') * x('68') +
19071  power(x('31'), 2) +
19072  power(x('68'), 2) =l= 1;
19073  con3504..(-2) * cos(-x('131') +
19074  x('167')) * x('31') * x('67') +
19075  power(x('31'), 2) +
19076  power(x('67'), 2) =l= 1;
19077  con3505..(-2) * cos(-x('111') +
19078  x('192')) * x('11') * x('92') +
19079  power(x('11'), 2) +
19080  power(x('92'), 2) =l= 1;
19081  con3506..(-2) * cos(-x('131') +
19082  x('166')) * x('31') * x('66') +
19083  power(x('31'), 2) +
19084  power(x('66'), 2) =l= 1;
19085  con3507..(-2) * cos(-x('131') +
19086  x('165')) * x('31') * x('65') +
19087  power(x('31'), 2) +
19088  power(x('65'), 2) =l= 1;
19089  con3508..(-2) * cos(-x('131') +
19090  x('164')) * x('31') * x('64') +
19091  power(x('31'), 2) +
19092  power(x('64'), 2) =l= 1;
19093  con3509..(-2) * cos(-x('111') +
19094  x('193')) * x('11') * x('93') +
19095  power(x('11'), 2) +
19096  power(x('93'), 2) =l= 1;
19097  con3510..(-2) * cos(-x('131') +
19098  x('163')) * x('31') * x('63') +
19099  power(x('31'), 2) +
19100  power(x('63'), 2) =l= 1;
19101  con3511..(-2) * cos(-x('131') +
19102  x('162')) * x('31') * x('62') +
19103  power(x('31'), 2) +
19104  power(x('62'), 2) =l= 1;
19105  con3512..(-2) * cos(-x('111') +
19106  x('194')) * x('11') * x('94') +
19107  power(x('11'), 2) +
19108  power(x('94'), 2) =l= 1;
19109  con3513..(-2) * cos(-x('131') +
19110  x('161')) * x('31') * x('61') +
19111  power(x('31'), 2) +
19112  power(x('61'), 2) =l= 1;
19113  con3514..(-2) * cos(-x('131') +
19114  x('160')) * x('31') * x('60') +
19115  power(x('31'), 2) +
19116  power(x('60'), 2) =l= 1;
19117  con3515..(-2) * cos(-x('111') +
19118  x('195')) * x('11') * x('95') +
19119  power(x('11'), 2) +
19120  power(x('95'), 2) =l= 1;
19121  con3516..(-2) * cos(-x('131') +
19122  x('159')) * x('31') * x('59') +
19123  power(x('31'), 2) +
19124  power(x('59'), 2) =l= 1;
19125  con3517..(-2) * cos(-x('131') +
19126  x('158')) * x('31') * x('58') +
19127  power(x('31'), 2) +
19128  power(x('58'), 2) =l= 1;
19129  con3518..(-2) * cos(-x('111') +
19130  x('196')) * x('11') * x('96') +
19131  power(x('11'), 2) +
19132  power(x('96'), 2) =l= 1;
19133  con3519..(-2) * cos(-x('131') +
19134  x('157')) * x('31') * x('57') +
19135  power(x('31'), 2) +
19136  power(x('57'), 2) =l= 1;
19137  con3520..(-2) * cos(-x('131') +
19138  x('156')) * x('31') * x('56') +
19139  power(x('31'), 2) +
19140  power(x('56'), 2) =l= 1;
19141  con3521..(-2) * cos(-x('131') +
19142  x('155')) * x('31') * x('55') +
19143  power(x('31'), 2) +
19144  power(x('55'), 2) =l= 1;
19145  con3522..(-2) * cos(-x('111') +
19146  x('197')) * x('11') * x('97') +
19147  power(x('11'), 2) +
19148  power(x('97'), 2) =l= 1;
19149  con3523..(-2) * cos(-x('131') +
19150  x('154')) * x('31') * x('54') +
19151  power(x('31'), 2) +
19152  power(x('54'), 2) =l= 1;
19153  con3524..(-2) * cos(-x('131') +
19154  x('153')) * x('31') * x('53') +
19155  power(x('31'), 2) +
19156  power(x('53'), 2) =l= 1;
19157  con3525..(-2) * cos(-x('111') +
19158  x('198')) * x('11') * x('98') +
19159  power(x('11'), 2) +
19160  power(x('98'), 2) =l= 1;
19161  con3526..(-2) * cos(-x('131') +
19162  x('152')) * x('31') * x('52') +
19163  power(x('31'), 2) +
19164  power(x('52'), 2) =l= 1;
19165  con3527..(-2) * cos(-x('131') +
19166  x('151')) * x('31') * x('51') +
19167  power(x('31'), 2) +
19168  power(x('51'), 2) =l= 1;
19169  con3528..(-2) * cos(-x('111') +
19170  x('199')) * x('11') * x('99') +
19171  power(x('11'), 2) +
19172  power(x('99'), 2) =l= 1;
19173  con3529..(-2) * cos(-x('131') +
19174  x('150')) * x('31') * x('50') +
19175  power(x('31'), 2) +
19176  power(x('50'), 2) =l= 1;
19177  con3530..(-2) * cos(-x('131') +
19178  x('149')) * x('31') * x('49') +
19179  power(x('31'), 2) +
19180  power(x('49'), 2) =l= 1;
19181  con3531..(-2) * cos(-x('111') +
19182  x('200')) * x('11') * x('100') +
19183  power(x('11'), 2) +
19184  power(x('100'), 2) =l= 1;
19185  con3532..(-2) * cos(-x('131') +
19186  x('148')) * x('31') * x('48') +
19187  power(x('31'), 2) +
19188  power(x('48'), 2) =l= 1;
19189  con3533..(-2) * cos(-x('131') +
19190  x('147')) * x('31') * x('47') +
19191  power(x('31'), 2) +
19192  power(x('47'), 2) =l= 1;
19193  con3534..(-2) * cos(-x('131') +
19194  x('146')) * x('31') * x('46') +
19195  power(x('31'), 2) +
19196  power(x('46'), 2) =l= 1;
19197  con3535..(-2) * cos(-x('112') +
19198  x('113')) * x('12') * x('13') +
19199  power(x('12'), 2) +
19200  power(x('13'), 2) =l= 1;
19201  con3536..(-2) * cos(-x('131') +
19202  x('145')) * x('31') * x('45') +
19203  power(x('31'), 2) +
19204  power(x('45'), 2) =l= 1;
19205  con3537..(-2) * cos(-x('131') +
19206  x('144')) * x('31') * x('44') +
19207  power(x('31'), 2) +
19208  power(x('44'), 2) =l= 1;
19209  con3538..(-2) * cos(-x('112') +
19210  x('114')) * x('12') * x('14') +
19211  power(x('12'), 2) +
19212  power(x('14'), 2) =l= 1;
19213  con3539..(-2) * cos(-x('131') +
19214  x('143')) * x('31') * x('43') +
19215  power(x('31'), 2) +
19216  power(x('43'), 2) =l= 1;
19217  con3540..(-2) * cos(-x('131') +
19218  x('142')) * x('31') * x('42') +
19219  power(x('31'), 2) +
19220  power(x('42'), 2) =l= 1;
19221  con3541..(-2) * cos(-x('112') +
19222  x('115')) * x('12') * x('15') +
19223  power(x('12'), 2) +
19224  power(x('15'), 2) =l= 1;
19225  con3542..(-2) * cos(-x('131') +
19226  x('141')) * x('31') * x('41') +
19227  power(x('31'), 2) +
19228  power(x('41'), 2) =l= 1;
19229  con3543..(-2) * cos(-x('131') +
19230  x('140')) * x('31') * x('40') +
19231  power(x('31'), 2) +
19232  power(x('40'), 2) =l= 1;
19233  con3544..(-2) * cos(-x('112') +
19234  x('116')) * x('12') * x('16') +
19235  power(x('12'), 2) +
19236  power(x('16'), 2) =l= 1;
19237  con3545..(-2) * cos(-x('131') +
19238  x('139')) * x('31') * x('39') +
19239  power(x('31'), 2) +
19240  power(x('39'), 2) =l= 1;
19241  con3546..(-2) * cos(-x('131') +
19242  x('138')) * x('31') * x('38') +
19243  power(x('31'), 2) +
19244  power(x('38'), 2) =l= 1;
19245  con3547..(-2) * cos(-x('131') +
19246  x('137')) * x('31') * x('37') +
19247  power(x('31'), 2) +
19248  power(x('37'), 2) =l= 1;
19249  con3548..(-2) * cos(-x('112') +
19250  x('117')) * x('12') * x('17') +
19251  power(x('12'), 2) +
19252  power(x('17'), 2) =l= 1;
19253  con3549..(-2) * cos(-x('131') +
19254  x('136')) * x('31') * x('36') +
19255  power(x('31'), 2) +
19256  power(x('36'), 2) =l= 1;
19257  con3550..(-2) * cos(-x('131') +
19258  x('135')) * x('31') * x('35') +
19259  power(x('31'), 2) +
19260  power(x('35'), 2) =l= 1;
19261  con3551..(-2) * cos(-x('112') +
19262  x('118')) * x('12') * x('18') +
19263  power(x('12'), 2) +
19264  power(x('18'), 2) =l= 1;
19265  con3552..(-2) * cos(-x('131') +
19266  x('134')) * x('31') * x('34') +
19267  power(x('31'), 2) +
19268  power(x('34'), 2) =l= 1;
19269  con3553..(-2) * cos(-x('131') +
19270  x('133')) * x('31') * x('33') +
19271  power(x('31'), 2) +
19272  power(x('33'), 2) =l= 1;
19273  con3554..(-2) * cos(-x('112') +
19274  x('119')) * x('12') * x('19') +
19275  power(x('12'), 2) +
19276  power(x('19'), 2) =l= 1;
19277  con3555..(-2) * cos(-x('131') +
19278  x('132')) * x('31') * x('32') +
19279  power(x('31'), 2) +
19280  power(x('32'), 2) =l= 1;
19281  con3556..(-2) * cos(-x('130') +
19282  x('200')) * x('30') * x('100') +
19283  power(x('30'), 2) +
19284  power(x('100'), 2) =l= 1;
19285  con3557..(-2) * cos(-x('112') +
19286  x('120')) * x('12') * x('20') +
19287  power(x('12'), 2) +
19288  power(x('20'), 2) =l= 1;
19289  con3558..(-2) * cos(-x('130') +
19290  x('199')) * x('30') * x('99') +
19291  power(x('30'), 2) +
19292  power(x('99'), 2) =l= 1;
19293  con3559..(-2) * cos(-x('130') +
19294  x('198')) * x('30') * x('98') +
19295  power(x('30'), 2) +
19296  power(x('98'), 2) =l= 1;
19297  con3560..(-2) * cos(-x('130') +
19298  x('197')) * x('30') * x('97') +
19299  power(x('30'), 2) +
19300  power(x('97'), 2) =l= 1;
19301  con3561..(-2) * cos(-x('112') +
19302  x('121')) * x('12') * x('21') +
19303  power(x('12'), 2) +
19304  power(x('21'), 2) =l= 1;
19305  con3562..(-2) * cos(-x('130') +
19306  x('196')) * x('30') * x('96') +
19307  power(x('30'), 2) +
19308  power(x('96'), 2) =l= 1;
19309  con3563..(-2) * cos(-x('130') +
19310  x('195')) * x('30') * x('95') +
19311  power(x('30'), 2) +
19312  power(x('95'), 2) =l= 1;
19313  con3564..(-2) * cos(-x('112') +
19314  x('122')) * x('12') * x('22') +
19315  power(x('12'), 2) +
19316  power(x('22'), 2) =l= 1;
19317  con3565..(-2) * cos(-x('130') +
19318  x('194')) * x('30') * x('94') +
19319  power(x('30'), 2) +
19320  power(x('94'), 2) =l= 1;
19321  con3566..(-2) * cos(-x('130') +
19322  x('193')) * x('30') * x('93') +
19323  power(x('30'), 2) +
19324  power(x('93'), 2) =l= 1;
19325  con3567..(-2) * cos(-x('112') +
19326  x('123')) * x('12') * x('23') +
19327  power(x('12'), 2) +
19328  power(x('23'), 2) =l= 1;
19329  con3568..(-2) * cos(-x('130') +
19330  x('192')) * x('30') * x('92') +
19331  power(x('30'), 2) +
19332  power(x('92'), 2) =l= 1;
19333  con3569..(-2) * cos(-x('130') +
19334  x('191')) * x('30') * x('91') +
19335  power(x('30'), 2) +
19336  power(x('91'), 2) =l= 1;
19337  con3570..(-2) * cos(-x('112') +
19338  x('124')) * x('12') * x('24') +
19339  power(x('12'), 2) +
19340  power(x('24'), 2) =l= 1;
19341  con3571..(-2) * cos(-x('130') +
19342  x('190')) * x('30') * x('90') +
19343  power(x('30'), 2) +
19344  power(x('90'), 2) =l= 1;
19345  con3572..(-2) * cos(-x('130') +
19346  x('189')) * x('30') * x('89') +
19347  power(x('30'), 2) +
19348  power(x('89'), 2) =l= 1;
19349  con3573..(-2) * cos(-x('130') +
19350  x('188')) * x('30') * x('88') +
19351  power(x('30'), 2) +
19352  power(x('88'), 2) =l= 1;
19353  con3574..(-2) * cos(-x('112') +
19354  x('125')) * x('12') * x('25') +
19355  power(x('12'), 2) +
19356  power(x('25'), 2) =l= 1;
19357  con3575..(-2) * cos(-x('130') +
19358  x('187')) * x('30') * x('87') +
19359  power(x('30'), 2) +
19360  power(x('87'), 2) =l= 1;
19361  con3576..(-2) * cos(-x('130') +
19362  x('186')) * x('30') * x('86') +
19363  power(x('30'), 2) +
19364  power(x('86'), 2) =l= 1;
19365  con3577..(-2) * cos(-x('112') +
19366  x('126')) * x('12') * x('26') +
19367  power(x('12'), 2) +
19368  power(x('26'), 2) =l= 1;
19369  con3578..(-2) * cos(-x('130') +
19370  x('185')) * x('30') * x('85') +
19371  power(x('30'), 2) +
19372  power(x('85'), 2) =l= 1;
19373  con3579..(-2) * cos(-x('130') +
19374  x('184')) * x('30') * x('84') +
19375  power(x('30'), 2) +
19376  power(x('84'), 2) =l= 1;
19377  con3580..(-2) * cos(-x('112') +
19378  x('127')) * x('12') * x('27') +
19379  power(x('12'), 2) +
19380  power(x('27'), 2) =l= 1;
19381  con3581..(-2) * cos(-x('130') +
19382  x('183')) * x('30') * x('83') +
19383  power(x('30'), 2) +
19384  power(x('83'), 2) =l= 1;
19385  con3582..(-2) * cos(-x('130') +
19386  x('182')) * x('30') * x('82') +
19387  power(x('30'), 2) +
19388  power(x('82'), 2) =l= 1;
19389  con3583..(-2) * cos(-x('112') +
19390  x('128')) * x('12') * x('28') +
19391  power(x('12'), 2) +
19392  power(x('28'), 2) =l= 1;
19393  con3584..(-2) * cos(-x('130') +
19394  x('181')) * x('30') * x('81') +
19395  power(x('30'), 2) +
19396  power(x('81'), 2) =l= 1;
19397  con3585..(-2) * cos(-x('130') +
19398  x('180')) * x('30') * x('80') +
19399  power(x('30'), 2) +
19400  power(x('80'), 2) =l= 1;
19401  con3586..(-2) * cos(-x('130') +
19402  x('179')) * x('30') * x('79') +
19403  power(x('30'), 2) +
19404  power(x('79'), 2) =l= 1;
19405  con3587..(-2) * cos(-x('112') +
19406  x('129')) * x('12') * x('29') +
19407  power(x('12'), 2) +
19408  power(x('29'), 2) =l= 1;
19409  con3588..(-2) * cos(-x('130') +
19410  x('178')) * x('30') * x('78') +
19411  power(x('30'), 2) +
19412  power(x('78'), 2) =l= 1;
19413  con3589..(-2) * cos(-x('130') +
19414  x('177')) * x('30') * x('77') +
19415  power(x('30'), 2) +
19416  power(x('77'), 2) =l= 1;
19417  con3590..(-2) * cos(-x('112') +
19418  x('130')) * x('12') * x('30') +
19419  power(x('12'), 2) +
19420  power(x('30'), 2) =l= 1;
19421  con3591..(-2) * cos(-x('130') +
19422  x('176')) * x('30') * x('76') +
19423  power(x('30'), 2) +
19424  power(x('76'), 2) =l= 1;
19425  con3592..(-2) * cos(-x('130') +
19426  x('175')) * x('30') * x('75') +
19427  power(x('30'), 2) +
19428  power(x('75'), 2) =l= 1;
19429  con3593..(-2) * cos(-x('112') +
19430  x('131')) * x('12') * x('31') +
19431  power(x('12'), 2) +
19432  power(x('31'), 2) =l= 1;
19433  con3594..(-2) * cos(-x('130') +
19434  x('174')) * x('30') * x('74') +
19435  power(x('30'), 2) +
19436  power(x('74'), 2) =l= 1;
19437  con3595..(-2) * cos(-x('130') +
19438  x('173')) * x('30') * x('73') +
19439  power(x('30'), 2) +
19440  power(x('73'), 2) =l= 1;
19441  con3596..(-2) * cos(-x('112') +
19442  x('132')) * x('12') * x('32') +
19443  power(x('12'), 2) +
19444  power(x('32'), 2) =l= 1;
19445  con3597..(-2) * cos(-x('130') +
19446  x('172')) * x('30') * x('72') +
19447  power(x('30'), 2) +
19448  power(x('72'), 2) =l= 1;
19449  con3598..(-2) * cos(-x('130') +
19450  x('171')) * x('30') * x('71') +
19451  power(x('30'), 2) +
19452  power(x('71'), 2) =l= 1;
19453  con3599..(-2) * cos(-x('130') +
19454  x('170')) * x('30') * x('70') +
19455  power(x('30'), 2) +
19456  power(x('70'), 2) =l= 1;
19457  con3600..(-2) * cos(-x('112') +
19458  x('133')) * x('12') * x('33') +
19459  power(x('12'), 2) +
19460  power(x('33'), 2) =l= 1;
19461  con3601..(-2) * cos(-x('130') +
19462  x('169')) * x('30') * x('69') +
19463  power(x('30'), 2) +
19464  power(x('69'), 2) =l= 1;
19465  con3602..(-2) * cos(-x('130') +
19466  x('168')) * x('30') * x('68') +
19467  power(x('30'), 2) +
19468  power(x('68'), 2) =l= 1;
19469  con3603..(-2) * cos(-x('112') +
19470  x('134')) * x('12') * x('34') +
19471  power(x('12'), 2) +
19472  power(x('34'), 2) =l= 1;
19473  con3604..(-2) * cos(-x('130') +
19474  x('167')) * x('30') * x('67') +
19475  power(x('30'), 2) +
19476  power(x('67'), 2) =l= 1;
19477  con3605..(-2) * cos(-x('130') +
19478  x('166')) * x('30') * x('66') +
19479  power(x('30'), 2) +
19480  power(x('66'), 2) =l= 1;
19481  con3606..(-2) * cos(-x('112') +
19482  x('135')) * x('12') * x('35') +
19483  power(x('12'), 2) +
19484  power(x('35'), 2) =l= 1;
19485  con3607..(-2) * cos(-x('130') +
19486  x('165')) * x('30') * x('65') +
19487  power(x('30'), 2) +
19488  power(x('65'), 2) =l= 1;
19489  con3608..(-2) * cos(-x('130') +
19490  x('164')) * x('30') * x('64') +
19491  power(x('30'), 2) +
19492  power(x('64'), 2) =l= 1;
19493  con3609..(-2) * cos(-x('112') +
19494  x('136')) * x('12') * x('36') +
19495  power(x('12'), 2) +
19496  power(x('36'), 2) =l= 1;
19497  con3610..(-2) * cos(-x('130') +
19498  x('163')) * x('30') * x('63') +
19499  power(x('30'), 2) +
19500  power(x('63'), 2) =l= 1;
19501  con3611..(-2) * cos(-x('130') +
19502  x('162')) * x('30') * x('62') +
19503  power(x('30'), 2) +
19504  power(x('62'), 2) =l= 1;
19505  con3612..(-2) * cos(-x('130') +
19506  x('161')) * x('30') * x('61') +
19507  power(x('30'), 2) +
19508  power(x('61'), 2) =l= 1;
19509  con3613..(-2) * cos(-x('112') +
19510  x('137')) * x('12') * x('37') +
19511  power(x('12'), 2) +
19512  power(x('37'), 2) =l= 1;
19513  con3614..(-2) * cos(-x('130') +
19514  x('160')) * x('30') * x('60') +
19515  power(x('30'), 2) +
19516  power(x('60'), 2) =l= 1;
19517  con3615..(-2) * cos(-x('130') +
19518  x('159')) * x('30') * x('59') +
19519  power(x('30'), 2) +
19520  power(x('59'), 2) =l= 1;
19521  con3616..(-2) * cos(-x('112') +
19522  x('138')) * x('12') * x('38') +
19523  power(x('12'), 2) +
19524  power(x('38'), 2) =l= 1;
19525  con3617..(-2) * cos(-x('130') +
19526  x('158')) * x('30') * x('58') +
19527  power(x('30'), 2) +
19528  power(x('58'), 2) =l= 1;
19529  con3618..(-2) * cos(-x('130') +
19530  x('157')) * x('30') * x('57') +
19531  power(x('30'), 2) +
19532  power(x('57'), 2) =l= 1;
19533  con3619..(-2) * cos(-x('112') +
19534  x('139')) * x('12') * x('39') +
19535  power(x('12'), 2) +
19536  power(x('39'), 2) =l= 1;
19537  con3620..(-2) * cos(-x('130') +
19538  x('156')) * x('30') * x('56') +
19539  power(x('30'), 2) +
19540  power(x('56'), 2) =l= 1;
19541  con3621..(-2) * cos(-x('130') +
19542  x('155')) * x('30') * x('55') +
19543  power(x('30'), 2) +
19544  power(x('55'), 2) =l= 1;
19545  con3622..(-2) * cos(-x('112') +
19546  x('140')) * x('12') * x('40') +
19547  power(x('12'), 2) +
19548  power(x('40'), 2) =l= 1;
19549  con3623..(-2) * cos(-x('130') +
19550  x('154')) * x('30') * x('54') +
19551  power(x('30'), 2) +
19552  power(x('54'), 2) =l= 1;
19553  con3624..(-2) * cos(-x('130') +
19554  x('153')) * x('30') * x('53') +
19555  power(x('30'), 2) +
19556  power(x('53'), 2) =l= 1;
19557  con3625..(-2) * cos(-x('130') +
19558  x('152')) * x('30') * x('52') +
19559  power(x('30'), 2) +
19560  power(x('52'), 2) =l= 1;
19561  con3626..(-2) * cos(-x('112') +
19562  x('141')) * x('12') * x('41') +
19563  power(x('12'), 2) +
19564  power(x('41'), 2) =l= 1;
19565  con3627..(-2) * cos(-x('130') +
19566  x('151')) * x('30') * x('51') +
19567  power(x('30'), 2) +
19568  power(x('51'), 2) =l= 1;
19569  con3628..(-2) * cos(-x('130') +
19570  x('150')) * x('30') * x('50') +
19571  power(x('30'), 2) +
19572  power(x('50'), 2) =l= 1;
19573  con3629..(-2) * cos(-x('112') +
19574  x('142')) * x('12') * x('42') +
19575  power(x('12'), 2) +
19576  power(x('42'), 2) =l= 1;
19577  con3630..(-2) * cos(-x('130') +
19578  x('149')) * x('30') * x('49') +
19579  power(x('30'), 2) +
19580  power(x('49'), 2) =l= 1;
19581  con3631..(-2) * cos(-x('130') +
19582  x('148')) * x('30') * x('48') +
19583  power(x('30'), 2) +
19584  power(x('48'), 2) =l= 1;
19585  con3632..(-2) * cos(-x('112') +
19586  x('143')) * x('12') * x('43') +
19587  power(x('12'), 2) +
19588  power(x('43'), 2) =l= 1;
19589  con3633..(-2) * cos(-x('130') +
19590  x('147')) * x('30') * x('47') +
19591  power(x('30'), 2) +
19592  power(x('47'), 2) =l= 1;
19593  con3634..(-2) * cos(-x('130') +
19594  x('146')) * x('30') * x('46') +
19595  power(x('30'), 2) +
19596  power(x('46'), 2) =l= 1;
19597  con3635..(-2) * cos(-x('112') +
19598  x('144')) * x('12') * x('44') +
19599  power(x('12'), 2) +
19600  power(x('44'), 2) =l= 1;
19601  con3636..(-2) * cos(-x('130') +
19602  x('145')) * x('30') * x('45') +
19603  power(x('30'), 2) +
19604  power(x('45'), 2) =l= 1;
19605  con3637..(-2) * cos(-x('130') +
19606  x('144')) * x('30') * x('44') +
19607  power(x('30'), 2) +
19608  power(x('44'), 2) =l= 1;
19609  con3638..(-2) * cos(-x('130') +
19610  x('143')) * x('30') * x('43') +
19611  power(x('30'), 2) +
19612  power(x('43'), 2) =l= 1;
19613  con3639..(-2) * cos(-x('112') +
19614  x('145')) * x('12') * x('45') +
19615  power(x('12'), 2) +
19616  power(x('45'), 2) =l= 1;
19617  con3640..(-2) * cos(-x('130') +
19618  x('142')) * x('30') * x('42') +
19619  power(x('30'), 2) +
19620  power(x('42'), 2) =l= 1;
19621  con3641..(-2) * cos(-x('130') +
19622  x('141')) * x('30') * x('41') +
19623  power(x('30'), 2) +
19624  power(x('41'), 2) =l= 1;
19625  con3642..(-2) * cos(-x('112') +
19626  x('146')) * x('12') * x('46') +
19627  power(x('12'), 2) +
19628  power(x('46'), 2) =l= 1;
19629  con3643..(-2) * cos(-x('130') +
19630  x('140')) * x('30') * x('40') +
19631  power(x('30'), 2) +
19632  power(x('40'), 2) =l= 1;
19633  con3644..(-2) * cos(-x('130') +
19634  x('139')) * x('30') * x('39') +
19635  power(x('30'), 2) +
19636  power(x('39'), 2) =l= 1;
19637  con3645..(-2) * cos(-x('112') +
19638  x('147')) * x('12') * x('47') +
19639  power(x('12'), 2) +
19640  power(x('47'), 2) =l= 1;
19641  con3646..(-2) * cos(-x('130') +
19642  x('138')) * x('30') * x('38') +
19643  power(x('30'), 2) +
19644  power(x('38'), 2) =l= 1;
19645  con3647..(-2) * cos(-x('130') +
19646  x('137')) * x('30') * x('37') +
19647  power(x('30'), 2) +
19648  power(x('37'), 2) =l= 1;
19649  con3648..(-2) * cos(-x('112') +
19650  x('148')) * x('12') * x('48') +
19651  power(x('12'), 2) +
19652  power(x('48'), 2) =l= 1;
19653  con3649..(-2) * cos(-x('130') +
19654  x('136')) * x('30') * x('36') +
19655  power(x('30'), 2) +
19656  power(x('36'), 2) =l= 1;
19657  con3650..(-2) * cos(-x('130') +
19658  x('135')) * x('30') * x('35') +
19659  power(x('30'), 2) +
19660  power(x('35'), 2) =l= 1;
19661  con3651..(-2) * cos(-x('130') +
19662  x('134')) * x('30') * x('34') +
19663  power(x('30'), 2) +
19664  power(x('34'), 2) =l= 1;
19665  con3652..(-2) * cos(-x('112') +
19666  x('149')) * x('12') * x('49') +
19667  power(x('12'), 2) +
19668  power(x('49'), 2) =l= 1;
19669  con3653..(-2) * cos(-x('130') +
19670  x('133')) * x('30') * x('33') +
19671  power(x('30'), 2) +
19672  power(x('33'), 2) =l= 1;
19673  con3654..(-2) * cos(-x('130') +
19674  x('132')) * x('30') * x('32') +
19675  power(x('30'), 2) +
19676  power(x('32'), 2) =l= 1;
19677  con3655..(-2) * cos(-x('112') +
19678  x('150')) * x('12') * x('50') +
19679  power(x('12'), 2) +
19680  power(x('50'), 2) =l= 1;
19681  con3656..(-2) * cos(-x('130') +
19682  x('131')) * x('30') * x('31') +
19683  power(x('30'), 2) +
19684  power(x('31'), 2) =l= 1;
19685  con3657..(-2) * cos(-x('129') +
19686  x('200')) * x('29') * x('100') +
19687  power(x('29'), 2) +
19688  power(x('100'), 2) =l= 1;
19689  con3658..(-2) * cos(-x('112') +
19690  x('151')) * x('12') * x('51') +
19691  power(x('12'), 2) +
19692  power(x('51'), 2) =l= 1;
19693  con3659..(-2) * cos(-x('129') +
19694  x('199')) * x('29') * x('99') +
19695  power(x('29'), 2) +
19696  power(x('99'), 2) =l= 1;
19697  con3660..(-2) * cos(-x('129') +
19698  x('198')) * x('29') * x('98') +
19699  power(x('29'), 2) +
19700  power(x('98'), 2) =l= 1;
19701  con3661..(-2) * cos(-x('112') +
19702  x('152')) * x('12') * x('52') +
19703  power(x('12'), 2) +
19704  power(x('52'), 2) =l= 1;
19705  con3662..(-2) * cos(-x('129') +
19706  x('197')) * x('29') * x('97') +
19707  power(x('29'), 2) +
19708  power(x('97'), 2) =l= 1;
19709  con3663..(-2) * cos(-x('129') +
19710  x('196')) * x('29') * x('96') +
19711  power(x('29'), 2) +
19712  power(x('96'), 2) =l= 1;
19713  con3664..(-2) * cos(-x('129') +
19714  x('195')) * x('29') * x('95') +
19715  power(x('29'), 2) +
19716  power(x('95'), 2) =l= 1;
19717  con3665..(-2) * cos(-x('112') +
19718  x('153')) * x('12') * x('53') +
19719  power(x('12'), 2) +
19720  power(x('53'), 2) =l= 1;
19721  con3666..(-2) * cos(-x('129') +
19722  x('194')) * x('29') * x('94') +
19723  power(x('29'), 2) +
19724  power(x('94'), 2) =l= 1;
19725  con3667..(-2) * cos(-x('129') +
19726  x('193')) * x('29') * x('93') +
19727  power(x('29'), 2) +
19728  power(x('93'), 2) =l= 1;
19729  con3668..(-2) * cos(-x('112') +
19730  x('154')) * x('12') * x('54') +
19731  power(x('12'), 2) +
19732  power(x('54'), 2) =l= 1;
19733  con3669..(-2) * cos(-x('129') +
19734  x('192')) * x('29') * x('92') +
19735  power(x('29'), 2) +
19736  power(x('92'), 2) =l= 1;
19737  con3670..(-2) * cos(-x('129') +
19738  x('191')) * x('29') * x('91') +
19739  power(x('29'), 2) +
19740  power(x('91'), 2) =l= 1;
19741  con3671..(-2) * cos(-x('112') +
19742  x('155')) * x('12') * x('55') +
19743  power(x('12'), 2) +
19744  power(x('55'), 2) =l= 1;
19745  con3672..(-2) * cos(-x('129') +
19746  x('190')) * x('29') * x('90') +
19747  power(x('29'), 2) +
19748  power(x('90'), 2) =l= 1;
19749  con3673..(-2) * cos(-x('129') +
19750  x('189')) * x('29') * x('89') +
19751  power(x('29'), 2) +
19752  power(x('89'), 2) =l= 1;
19753  con3674..(-2) * cos(-x('112') +
19754  x('156')) * x('12') * x('56') +
19755  power(x('12'), 2) +
19756  power(x('56'), 2) =l= 1;
19757  con3675..(-2) * cos(-x('129') +
19758  x('188')) * x('29') * x('88') +
19759  power(x('29'), 2) +
19760  power(x('88'), 2) =l= 1;
19761  con3676..(-2) * cos(-x('129') +
19762  x('187')) * x('29') * x('87') +
19763  power(x('29'), 2) +
19764  power(x('87'), 2) =l= 1;
19765  con3677..(-2) * cos(-x('129') +
19766  x('186')) * x('29') * x('86') +
19767  power(x('29'), 2) +
19768  power(x('86'), 2) =l= 1;
19769  con3678..(-2) * cos(-x('112') +
19770  x('157')) * x('12') * x('57') +
19771  power(x('12'), 2) +
19772  power(x('57'), 2) =l= 1;
19773  con3679..(-2) * cos(-x('129') +
19774  x('185')) * x('29') * x('85') +
19775  power(x('29'), 2) +
19776  power(x('85'), 2) =l= 1;
19777  con3680..(-2) * cos(-x('129') +
19778  x('184')) * x('29') * x('84') +
19779  power(x('29'), 2) +
19780  power(x('84'), 2) =l= 1;
19781  con3681..(-2) * cos(-x('112') +
19782  x('158')) * x('12') * x('58') +
19783  power(x('12'), 2) +
19784  power(x('58'), 2) =l= 1;
19785  con3682..(-2) * cos(-x('129') +
19786  x('183')) * x('29') * x('83') +
19787  power(x('29'), 2) +
19788  power(x('83'), 2) =l= 1;
19789  con3683..(-2) * cos(-x('129') +
19790  x('182')) * x('29') * x('82') +
19791  power(x('29'), 2) +
19792  power(x('82'), 2) =l= 1;
19793  con3684..(-2) * cos(-x('112') +
19794  x('159')) * x('12') * x('59') +
19795  power(x('12'), 2) +
19796  power(x('59'), 2) =l= 1;
19797  con3685..(-2) * cos(-x('129') +
19798  x('181')) * x('29') * x('81') +
19799  power(x('29'), 2) +
19800  power(x('81'), 2) =l= 1;
19801  con3686..(-2) * cos(-x('129') +
19802  x('180')) * x('29') * x('80') +
19803  power(x('29'), 2) +
19804  power(x('80'), 2) =l= 1;
19805  con3687..(-2) * cos(-x('112') +
19806  x('160')) * x('12') * x('60') +
19807  power(x('12'), 2) +
19808  power(x('60'), 2) =l= 1;
19809  con3688..(-2) * cos(-x('129') +
19810  x('179')) * x('29') * x('79') +
19811  power(x('29'), 2) +
19812  power(x('79'), 2) =l= 1;
19813  con3689..(-2) * cos(-x('129') +
19814  x('178')) * x('29') * x('78') +
19815  power(x('29'), 2) +
19816  power(x('78'), 2) =l= 1;
19817  con3690..(-2) * cos(-x('129') +
19818  x('177')) * x('29') * x('77') +
19819  power(x('29'), 2) +
19820  power(x('77'), 2) =l= 1;
19821  con3691..(-2) * cos(-x('112') +
19822  x('161')) * x('12') * x('61') +
19823  power(x('12'), 2) +
19824  power(x('61'), 2) =l= 1;
19825  con3692..(-2) * cos(-x('129') +
19826  x('176')) * x('29') * x('76') +
19827  power(x('29'), 2) +
19828  power(x('76'), 2) =l= 1;
19829  con3693..(-2) * cos(-x('129') +
19830  x('175')) * x('29') * x('75') +
19831  power(x('29'), 2) +
19832  power(x('75'), 2) =l= 1;
19833  con3694..(-2) * cos(-x('112') +
19834  x('162')) * x('12') * x('62') +
19835  power(x('12'), 2) +
19836  power(x('62'), 2) =l= 1;
19837  con3695..(-2) * cos(-x('129') +
19838  x('174')) * x('29') * x('74') +
19839  power(x('29'), 2) +
19840  power(x('74'), 2) =l= 1;
19841  con3696..(-2) * cos(-x('129') +
19842  x('173')) * x('29') * x('73') +
19843  power(x('29'), 2) +
19844  power(x('73'), 2) =l= 1;
19845  con3697..(-2) * cos(-x('112') +
19846  x('163')) * x('12') * x('63') +
19847  power(x('12'), 2) +
19848  power(x('63'), 2) =l= 1;
19849  con3698..(-2) * cos(-x('129') +
19850  x('172')) * x('29') * x('72') +
19851  power(x('29'), 2) +
19852  power(x('72'), 2) =l= 1;
19853  con3699..(-2) * cos(-x('129') +
19854  x('171')) * x('29') * x('71') +
19855  power(x('29'), 2) +
19856  power(x('71'), 2) =l= 1;
19857  con3700..(-2) * cos(-x('112') +
19858  x('164')) * x('12') * x('64') +
19859  power(x('12'), 2) +
19860  power(x('64'), 2) =l= 1;
19861  con3701..(-2) * cos(-x('129') +
19862  x('170')) * x('29') * x('70') +
19863  power(x('29'), 2) +
19864  power(x('70'), 2) =l= 1;
19865  con3702..(-2) * cos(-x('129') +
19866  x('169')) * x('29') * x('69') +
19867  power(x('29'), 2) +
19868  power(x('69'), 2) =l= 1;
19869  con3703..(-2) * cos(-x('129') +
19870  x('168')) * x('29') * x('68') +
19871  power(x('29'), 2) +
19872  power(x('68'), 2) =l= 1;
19873  con3704..(-2) * cos(-x('112') +
19874  x('165')) * x('12') * x('65') +
19875  power(x('12'), 2) +
19876  power(x('65'), 2) =l= 1;
19877  con3705..(-2) * cos(-x('129') +
19878  x('167')) * x('29') * x('67') +
19879  power(x('29'), 2) +
19880  power(x('67'), 2) =l= 1;
19881  con3706..(-2) * cos(-x('129') +
19882  x('166')) * x('29') * x('66') +
19883  power(x('29'), 2) +
19884  power(x('66'), 2) =l= 1;
19885  con3707..(-2) * cos(-x('112') +
19886  x('166')) * x('12') * x('66') +
19887  power(x('12'), 2) +
19888  power(x('66'), 2) =l= 1;
19889  con3708..(-2) * cos(-x('129') +
19890  x('165')) * x('29') * x('65') +
19891  power(x('29'), 2) +
19892  power(x('65'), 2) =l= 1;
19893  con3709..(-2) * cos(-x('129') +
19894  x('164')) * x('29') * x('64') +
19895  power(x('29'), 2) +
19896  power(x('64'), 2) =l= 1;
19897  con3710..(-2) * cos(-x('112') +
19898  x('167')) * x('12') * x('67') +
19899  power(x('12'), 2) +
19900  power(x('67'), 2) =l= 1;
19901  con3711..(-2) * cos(-x('129') +
19902  x('163')) * x('29') * x('63') +
19903  power(x('29'), 2) +
19904  power(x('63'), 2) =l= 1;
19905  con3712..(-2) * cos(-x('129') +
19906  x('162')) * x('29') * x('62') +
19907  power(x('29'), 2) +
19908  power(x('62'), 2) =l= 1;
19909  con3713..(-2) * cos(-x('112') +
19910  x('168')) * x('12') * x('68') +
19911  power(x('12'), 2) +
19912  power(x('68'), 2) =l= 1;
19913  con3714..(-2) * cos(-x('129') +
19914  x('161')) * x('29') * x('61') +
19915  power(x('29'), 2) +
19916  power(x('61'), 2) =l= 1;
19917  con3715..(-2) * cos(-x('129') +
19918  x('160')) * x('29') * x('60') +
19919  power(x('29'), 2) +
19920  power(x('60'), 2) =l= 1;
19921  con3716..(-2) * cos(-x('129') +
19922  x('159')) * x('29') * x('59') +
19923  power(x('29'), 2) +
19924  power(x('59'), 2) =l= 1;
19925  con3717..(-2) * cos(-x('112') +
19926  x('169')) * x('12') * x('69') +
19927  power(x('12'), 2) +
19928  power(x('69'), 2) =l= 1;
19929  con3718..(-2) * cos(-x('129') +
19930  x('158')) * x('29') * x('58') +
19931  power(x('29'), 2) +
19932  power(x('58'), 2) =l= 1;
19933  con3719..(-2) * cos(-x('129') +
19934  x('157')) * x('29') * x('57') +
19935  power(x('29'), 2) +
19936  power(x('57'), 2) =l= 1;
19937  con3720..(-2) * cos(-x('112') +
19938  x('170')) * x('12') * x('70') +
19939  power(x('12'), 2) +
19940  power(x('70'), 2) =l= 1;
19941  con3721..(-2) * cos(-x('129') +
19942  x('156')) * x('29') * x('56') +
19943  power(x('29'), 2) +
19944  power(x('56'), 2) =l= 1;
19945  con3722..(-2) * cos(-x('129') +
19946  x('155')) * x('29') * x('55') +
19947  power(x('29'), 2) +
19948  power(x('55'), 2) =l= 1;
19949  con3723..(-2) * cos(-x('112') +
19950  x('171')) * x('12') * x('71') +
19951  power(x('12'), 2) +
19952  power(x('71'), 2) =l= 1;
19953  con3724..(-2) * cos(-x('129') +
19954  x('154')) * x('29') * x('54') +
19955  power(x('29'), 2) +
19956  power(x('54'), 2) =l= 1;
19957  con3725..(-2) * cos(-x('129') +
19958  x('153')) * x('29') * x('53') +
19959  power(x('29'), 2) +
19960  power(x('53'), 2) =l= 1;
19961  con3726..(-2) * cos(-x('112') +
19962  x('172')) * x('12') * x('72') +
19963  power(x('12'), 2) +
19964  power(x('72'), 2) =l= 1;
19965  con3727..(-2) * cos(-x('129') +
19966  x('152')) * x('29') * x('52') +
19967  power(x('29'), 2) +
19968  power(x('52'), 2) =l= 1;
19969  con3728..(-2) * cos(-x('129') +
19970  x('151')) * x('29') * x('51') +
19971  power(x('29'), 2) +
19972  power(x('51'), 2) =l= 1;
19973  con3729..(-2) * cos(-x('129') +
19974  x('150')) * x('29') * x('50') +
19975  power(x('29'), 2) +
19976  power(x('50'), 2) =l= 1;
19977  con3730..(-2) * cos(-x('112') +
19978  x('173')) * x('12') * x('73') +
19979  power(x('12'), 2) +
19980  power(x('73'), 2) =l= 1;
19981  con3731..(-2) * cos(-x('129') +
19982  x('149')) * x('29') * x('49') +
19983  power(x('29'), 2) +
19984  power(x('49'), 2) =l= 1;
19985  con3732..(-2) * cos(-x('129') +
19986  x('148')) * x('29') * x('48') +
19987  power(x('29'), 2) +
19988  power(x('48'), 2) =l= 1;
19989  con3733..(-2) * cos(-x('112') +
19990  x('174')) * x('12') * x('74') +
19991  power(x('12'), 2) +
19992  power(x('74'), 2) =l= 1;
19993  con3734..(-2) * cos(-x('129') +
19994  x('147')) * x('29') * x('47') +
19995  power(x('29'), 2) +
19996  power(x('47'), 2) =l= 1;
19997  con3735..(-2) * cos(-x('129') +
19998  x('146')) * x('29') * x('46') +
19999  power(x('29'), 2) +
20000  power(x('46'), 2) =l= 1;
20001  con3736..(-2) * cos(-x('112') +
20002  x('175')) * x('12') * x('75') +
20003  power(x('12'), 2) +
20004  power(x('75'), 2) =l= 1;
20005  con3737..(-2) * cos(-x('129') +
20006  x('145')) * x('29') * x('45') +
20007  power(x('29'), 2) +
20008  power(x('45'), 2) =l= 1;
20009  con3738..(-2) * cos(-x('129') +
20010  x('144')) * x('29') * x('44') +
20011  power(x('29'), 2) +
20012  power(x('44'), 2) =l= 1;
20013  con3739..(-2) * cos(-x('112') +
20014  x('176')) * x('12') * x('76') +
20015  power(x('12'), 2) +
20016  power(x('76'), 2) =l= 1;
20017  con3740..(-2) * cos(-x('129') +
20018  x('143')) * x('29') * x('43') +
20019  power(x('29'), 2) +
20020  power(x('43'), 2) =l= 1;
20021  con3741..(-2) * cos(-x('129') +
20022  x('142')) * x('29') * x('42') +
20023  power(x('29'), 2) +
20024  power(x('42'), 2) =l= 1;
20025  con3742..(-2) * cos(-x('129') +
20026  x('141')) * x('29') * x('41') +
20027  power(x('29'), 2) +
20028  power(x('41'), 2) =l= 1;
20029  con3743..(-2) * cos(-x('112') +
20030  x('177')) * x('12') * x('77') +
20031  power(x('12'), 2) +
20032  power(x('77'), 2) =l= 1;
20033  con3744..(-2) * cos(-x('129') +
20034  x('140')) * x('29') * x('40') +
20035  power(x('29'), 2) +
20036  power(x('40'), 2) =l= 1;
20037  con3745..(-2) * cos(-x('129') +
20038  x('139')) * x('29') * x('39') +
20039  power(x('29'), 2) +
20040  power(x('39'), 2) =l= 1;
20041  con3746..(-2) * cos(-x('112') +
20042  x('178')) * x('12') * x('78') +
20043  power(x('12'), 2) +
20044  power(x('78'), 2) =l= 1;
20045  con3747..(-2) * cos(-x('129') +
20046  x('138')) * x('29') * x('38') +
20047  power(x('29'), 2) +
20048  power(x('38'), 2) =l= 1;
20049  con3748..(-2) * cos(-x('129') +
20050  x('137')) * x('29') * x('37') +
20051  power(x('29'), 2) +
20052  power(x('37'), 2) =l= 1;
20053  con3749..(-2) * cos(-x('112') +
20054  x('179')) * x('12') * x('79') +
20055  power(x('12'), 2) +
20056  power(x('79'), 2) =l= 1;
20057  con3750..(-2) * cos(-x('129') +
20058  x('136')) * x('29') * x('36') +
20059  power(x('29'), 2) +
20060  power(x('36'), 2) =l= 1;
20061  con3751..(-2) * cos(-x('129') +
20062  x('135')) * x('29') * x('35') +
20063  power(x('29'), 2) +
20064  power(x('35'), 2) =l= 1;
20065  con3752..(-2) * cos(-x('112') +
20066  x('180')) * x('12') * x('80') +
20067  power(x('12'), 2) +
20068  power(x('80'), 2) =l= 1;
20069  con3753..(-2) * cos(-x('129') +
20070  x('134')) * x('29') * x('34') +
20071  power(x('29'), 2) +
20072  power(x('34'), 2) =l= 1;
20073  con3754..(-2) * cos(-x('129') +
20074  x('133')) * x('29') * x('33') +
20075  power(x('29'), 2) +
20076  power(x('33'), 2) =l= 1;
20077  con3755..(-2) * cos(-x('129') +
20078  x('132')) * x('29') * x('32') +
20079  power(x('29'), 2) +
20080  power(x('32'), 2) =l= 1;
20081  con3756..(-2) * cos(-x('112') +
20082  x('181')) * x('12') * x('81') +
20083  power(x('12'), 2) +
20084  power(x('81'), 2) =l= 1;
20085  con3757..(-2) * cos(-x('129') +
20086  x('131')) * x('29') * x('31') +
20087  power(x('29'), 2) +
20088  power(x('31'), 2) =l= 1;
20089  con3758..(-2) * cos(-x('129') +
20090  x('130')) * x('29') * x('30') +
20091  power(x('29'), 2) +
20092  power(x('30'), 2) =l= 1;
20093  con3759..(-2) * cos(-x('112') +
20094  x('182')) * x('12') * x('82') +
20095  power(x('12'), 2) +
20096  power(x('82'), 2) =l= 1;
20097  con3760..(-2) * cos(-x('128') +
20098  x('200')) * x('28') * x('100') +
20099  power(x('28'), 2) +
20100  power(x('100'), 2) =l= 1;
20101  con3761..(-2) * cos(-x('128') +
20102  x('199')) * x('28') * x('99') +
20103  power(x('28'), 2) +
20104  power(x('99'), 2) =l= 1;
20105  con3762..(-2) * cos(-x('112') +
20106  x('183')) * x('12') * x('83') +
20107  power(x('12'), 2) +
20108  power(x('83'), 2) =l= 1;
20109  con3763..(-2) * cos(-x('128') +
20110  x('198')) * x('28') * x('98') +
20111  power(x('28'), 2) +
20112  power(x('98'), 2) =l= 1;
20113  con3764..(-2) * cos(-x('128') +
20114  x('197')) * x('28') * x('97') +
20115  power(x('28'), 2) +
20116  power(x('97'), 2) =l= 1;
20117  con3765..(-2) * cos(-x('112') +
20118  x('184')) * x('12') * x('84') +
20119  power(x('12'), 2) +
20120  power(x('84'), 2) =l= 1;
20121  con3766..(-2) * cos(-x('128') +
20122  x('196')) * x('28') * x('96') +
20123  power(x('28'), 2) +
20124  power(x('96'), 2) =l= 1;
20125  con3767..(-2) * cos(-x('128') +
20126  x('195')) * x('28') * x('95') +
20127  power(x('28'), 2) +
20128  power(x('95'), 2) =l= 1;
20129  con3768..(-2) * cos(-x('128') +
20130  x('194')) * x('28') * x('94') +
20131  power(x('28'), 2) +
20132  power(x('94'), 2) =l= 1;
20133  con3769..(-2) * cos(-x('112') +
20134  x('185')) * x('12') * x('85') +
20135  power(x('12'), 2) +
20136  power(x('85'), 2) =l= 1;
20137  con3770..(-2) * cos(-x('128') +
20138  x('193')) * x('28') * x('93') +
20139  power(x('28'), 2) +
20140  power(x('93'), 2) =l= 1;
20141  con3771..(-2) * cos(-x('128') +
20142  x('192')) * x('28') * x('92') +
20143  power(x('28'), 2) +
20144  power(x('92'), 2) =l= 1;
20145  con3772..(-2) * cos(-x('112') +
20146  x('186')) * x('12') * x('86') +
20147  power(x('12'), 2) +
20148  power(x('86'), 2) =l= 1;
20149  con3773..(-2) * cos(-x('128') +
20150  x('191')) * x('28') * x('91') +
20151  power(x('28'), 2) +
20152  power(x('91'), 2) =l= 1;
20153  con3774..(-2) * cos(-x('128') +
20154  x('190')) * x('28') * x('90') +
20155  power(x('28'), 2) +
20156  power(x('90'), 2) =l= 1;
20157  con3775..(-2) * cos(-x('112') +
20158  x('187')) * x('12') * x('87') +
20159  power(x('12'), 2) +
20160  power(x('87'), 2) =l= 1;
20161  con3776..(-2) * cos(-x('128') +
20162  x('189')) * x('28') * x('89') +
20163  power(x('28'), 2) +
20164  power(x('89'), 2) =l= 1;
20165  con3777..(-2) * cos(-x('128') +
20166  x('188')) * x('28') * x('88') +
20167  power(x('28'), 2) +
20168  power(x('88'), 2) =l= 1;
20169  con3778..(-2) * cos(-x('112') +
20170  x('188')) * x('12') * x('88') +
20171  power(x('12'), 2) +
20172  power(x('88'), 2) =l= 1;
20173  con3779..(-2) * cos(-x('128') +
20174  x('187')) * x('28') * x('87') +
20175  power(x('28'), 2) +
20176  power(x('87'), 2) =l= 1;
20177  con3780..(-2) * cos(-x('128') +
20178  x('186')) * x('28') * x('86') +
20179  power(x('28'), 2) +
20180  power(x('86'), 2) =l= 1;
20181  con3781..(-2) * cos(-x('128') +
20182  x('185')) * x('28') * x('85') +
20183  power(x('28'), 2) +
20184  power(x('85'), 2) =l= 1;
20185  con3782..(-2) * cos(-x('112') +
20186  x('189')) * x('12') * x('89') +
20187  power(x('12'), 2) +
20188  power(x('89'), 2) =l= 1;
20189  con3783..(-2) * cos(-x('128') +
20190  x('184')) * x('28') * x('84') +
20191  power(x('28'), 2) +
20192  power(x('84'), 2) =l= 1;
20193  con3784..(-2) * cos(-x('128') +
20194  x('183')) * x('28') * x('83') +
20195  power(x('28'), 2) +
20196  power(x('83'), 2) =l= 1;
20197  con3785..(-2) * cos(-x('112') +
20198  x('190')) * x('12') * x('90') +
20199  power(x('12'), 2) +
20200  power(x('90'), 2) =l= 1;
20201  con3786..(-2) * cos(-x('128') +
20202  x('182')) * x('28') * x('82') +
20203  power(x('28'), 2) +
20204  power(x('82'), 2) =l= 1;
20205  con3787..(-2) * cos(-x('128') +
20206  x('181')) * x('28') * x('81') +
20207  power(x('28'), 2) +
20208  power(x('81'), 2) =l= 1;
20209  con3788..(-2) * cos(-x('112') +
20210  x('191')) * x('12') * x('91') +
20211  power(x('12'), 2) +
20212  power(x('91'), 2) =l= 1;
20213  con3789..(-2) * cos(-x('128') +
20214  x('180')) * x('28') * x('80') +
20215  power(x('28'), 2) +
20216  power(x('80'), 2) =l= 1;
20217  con3790..(-2) * cos(-x('128') +
20218  x('179')) * x('28') * x('79') +
20219  power(x('28'), 2) +
20220  power(x('79'), 2) =l= 1;
20221  con3791..(-2) * cos(-x('112') +
20222  x('192')) * x('12') * x('92') +
20223  power(x('12'), 2) +
20224  power(x('92'), 2) =l= 1;
20225  con3792..(-2) * cos(-x('128') +
20226  x('178')) * x('28') * x('78') +
20227  power(x('28'), 2) +
20228  power(x('78'), 2) =l= 1;
20229  con3793..(-2) * cos(-x('128') +
20230  x('177')) * x('28') * x('77') +
20231  power(x('28'), 2) +
20232  power(x('77'), 2) =l= 1;
20233  con3794..(-2) * cos(-x('128') +
20234  x('176')) * x('28') * x('76') +
20235  power(x('28'), 2) +
20236  power(x('76'), 2) =l= 1;
20237  con3795..(-2) * cos(-x('112') +
20238  x('193')) * x('12') * x('93') +
20239  power(x('12'), 2) +
20240  power(x('93'), 2) =l= 1;
20241  con3796..(-2) * cos(-x('128') +
20242  x('175')) * x('28') * x('75') +
20243  power(x('28'), 2) +
20244  power(x('75'), 2) =l= 1;
20245  con3797..(-2) * cos(-x('128') +
20246  x('174')) * x('28') * x('74') +
20247  power(x('28'), 2) +
20248  power(x('74'), 2) =l= 1;
20249  con3798..(-2) * cos(-x('112') +
20250  x('194')) * x('12') * x('94') +
20251  power(x('12'), 2) +
20252  power(x('94'), 2) =l= 1;
20253  con3799..(-2) * cos(-x('128') +
20254  x('173')) * x('28') * x('73') +
20255  power(x('28'), 2) +
20256  power(x('73'), 2) =l= 1;
20257  con3800..(-2) * cos(-x('128') +
20258  x('172')) * x('28') * x('72') +
20259  power(x('28'), 2) +
20260  power(x('72'), 2) =l= 1;
20261  con3801..(-2) * cos(-x('112') +
20262  x('195')) * x('12') * x('95') +
20263  power(x('12'), 2) +
20264  power(x('95'), 2) =l= 1;
20265  con3802..(-2) * cos(-x('128') +
20266  x('171')) * x('28') * x('71') +
20267  power(x('28'), 2) +
20268  power(x('71'), 2) =l= 1;
20269  con3803..(-2) * cos(-x('128') +
20270  x('170')) * x('28') * x('70') +
20271  power(x('28'), 2) +
20272  power(x('70'), 2) =l= 1;
20273  con3804..(-2) * cos(-x('112') +
20274  x('196')) * x('12') * x('96') +
20275  power(x('12'), 2) +
20276  power(x('96'), 2) =l= 1;
20277  con3805..(-2) * cos(-x('128') +
20278  x('169')) * x('28') * x('69') +
20279  power(x('28'), 2) +
20280  power(x('69'), 2) =l= 1;
20281  con3806..(-2) * cos(-x('128') +
20282  x('168')) * x('28') * x('68') +
20283  power(x('28'), 2) +
20284  power(x('68'), 2) =l= 1;
20285  con3807..(-2) * cos(-x('128') +
20286  x('167')) * x('28') * x('67') +
20287  power(x('28'), 2) +
20288  power(x('67'), 2) =l= 1;
20289  con3808..(-2) * cos(-x('112') +
20290  x('197')) * x('12') * x('97') +
20291  power(x('12'), 2) +
20292  power(x('97'), 2) =l= 1;
20293  con3809..(-2) * cos(-x('128') +
20294  x('166')) * x('28') * x('66') +
20295  power(x('28'), 2) +
20296  power(x('66'), 2) =l= 1;
20297  con3810..(-2) * cos(-x('128') +
20298  x('165')) * x('28') * x('65') +
20299  power(x('28'), 2) +
20300  power(x('65'), 2) =l= 1;
20301  con3811..(-2) * cos(-x('112') +
20302  x('198')) * x('12') * x('98') +
20303  power(x('12'), 2) +
20304  power(x('98'), 2) =l= 1;
20305  con3812..(-2) * cos(-x('128') +
20306  x('164')) * x('28') * x('64') +
20307  power(x('28'), 2) +
20308  power(x('64'), 2) =l= 1;
20309  con3813..(-2) * cos(-x('128') +
20310  x('163')) * x('28') * x('63') +
20311  power(x('28'), 2) +
20312  power(x('63'), 2) =l= 1;
20313  con3814..(-2) * cos(-x('112') +
20314  x('199')) * x('12') * x('99') +
20315  power(x('12'), 2) +
20316  power(x('99'), 2) =l= 1;
20317  con3815..(-2) * cos(-x('128') +
20318  x('162')) * x('28') * x('62') +
20319  power(x('28'), 2) +
20320  power(x('62'), 2) =l= 1;
20321  con3816..(-2) * cos(-x('128') +
20322  x('161')) * x('28') * x('61') +
20323  power(x('28'), 2) +
20324  power(x('61'), 2) =l= 1;
20325  con3817..(-2) * cos(-x('112') +
20326  x('200')) * x('12') * x('100') +
20327  power(x('12'), 2) +
20328  power(x('100'), 2) =l= 1;
20329  con3818..(-2) * cos(-x('128') +
20330  x('160')) * x('28') * x('60') +
20331  power(x('28'), 2) +
20332  power(x('60'), 2) =l= 1;
20333  con3819..(-2) * cos(-x('128') +
20334  x('159')) * x('28') * x('59') +
20335  power(x('28'), 2) +
20336  power(x('59'), 2) =l= 1;
20337  con3820..(-2) * cos(-x('128') +
20338  x('158')) * x('28') * x('58') +
20339  power(x('28'), 2) +
20340  power(x('58'), 2) =l= 1;
20341  con3821..(-2) * cos(-x('113') +
20342  x('114')) * x('13') * x('14') +
20343  power(x('13'), 2) +
20344  power(x('14'), 2) =l= 1;
20345  con3822..(-2) * cos(-x('128') +
20346  x('157')) * x('28') * x('57') +
20347  power(x('28'), 2) +
20348  power(x('57'), 2) =l= 1;
20349  con3823..(-2) * cos(-x('128') +
20350  x('156')) * x('28') * x('56') +
20351  power(x('28'), 2) +
20352  power(x('56'), 2) =l= 1;
20353  con3824..(-2) * cos(-x('113') +
20354  x('115')) * x('13') * x('15') +
20355  power(x('13'), 2) +
20356  power(x('15'), 2) =l= 1;
20357  con3825..(-2) * cos(-x('128') +
20358  x('155')) * x('28') * x('55') +
20359  power(x('28'), 2) +
20360  power(x('55'), 2) =l= 1;
20361  con3826..(-2) * cos(-x('128') +
20362  x('154')) * x('28') * x('54') +
20363  power(x('28'), 2) +
20364  power(x('54'), 2) =l= 1;
20365  con3827..(-2) * cos(-x('113') +
20366  x('116')) * x('13') * x('16') +
20367  power(x('13'), 2) +
20368  power(x('16'), 2) =l= 1;
20369  con3828..(-2) * cos(-x('128') +
20370  x('153')) * x('28') * x('53') +
20371  power(x('28'), 2) +
20372  power(x('53'), 2) =l= 1;
20373  con3829..(-2) * cos(-x('128') +
20374  x('152')) * x('28') * x('52') +
20375  power(x('28'), 2) +
20376  power(x('52'), 2) =l= 1;
20377  con3830..(-2) * cos(-x('113') +
20378  x('117')) * x('13') * x('17') +
20379  power(x('13'), 2) +
20380  power(x('17'), 2) =l= 1;
20381  con3831..(-2) * cos(-x('128') +
20382  x('151')) * x('28') * x('51') +
20383  power(x('28'), 2) +
20384  power(x('51'), 2) =l= 1;
20385  con3832..(-2) * cos(-x('128') +
20386  x('150')) * x('28') * x('50') +
20387  power(x('28'), 2) +
20388  power(x('50'), 2) =l= 1;
20389  con3833..(-2) * cos(-x('128') +
20390  x('149')) * x('28') * x('49') +
20391  power(x('28'), 2) +
20392  power(x('49'), 2) =l= 1;
20393  con3834..(-2) * cos(-x('113') +
20394  x('118')) * x('13') * x('18') +
20395  power(x('13'), 2) +
20396  power(x('18'), 2) =l= 1;
20397  con3835..(-2) * cos(-x('128') +
20398  x('148')) * x('28') * x('48') +
20399  power(x('28'), 2) +
20400  power(x('48'), 2) =l= 1;
20401  con3836..(-2) * cos(-x('128') +
20402  x('147')) * x('28') * x('47') +
20403  power(x('28'), 2) +
20404  power(x('47'), 2) =l= 1;
20405  con3837..(-2) * cos(-x('113') +
20406  x('119')) * x('13') * x('19') +
20407  power(x('13'), 2) +
20408  power(x('19'), 2) =l= 1;
20409  con3838..(-2) * cos(-x('128') +
20410  x('146')) * x('28') * x('46') +
20411  power(x('28'), 2) +
20412  power(x('46'), 2) =l= 1;
20413  con3839..(-2) * cos(-x('128') +
20414  x('145')) * x('28') * x('45') +
20415  power(x('28'), 2) +
20416  power(x('45'), 2) =l= 1;
20417  con3840..(-2) * cos(-x('113') +
20418  x('120')) * x('13') * x('20') +
20419  power(x('13'), 2) +
20420  power(x('20'), 2) =l= 1;
20421  con3841..(-2) * cos(-x('128') +
20422  x('144')) * x('28') * x('44') +
20423  power(x('28'), 2) +
20424  power(x('44'), 2) =l= 1;
20425  con3842..(-2) * cos(-x('128') +
20426  x('143')) * x('28') * x('43') +
20427  power(x('28'), 2) +
20428  power(x('43'), 2) =l= 1;
20429  con3843..(-2) * cos(-x('113') +
20430  x('121')) * x('13') * x('21') +
20431  power(x('13'), 2) +
20432  power(x('21'), 2) =l= 1;
20433  con3844..(-2) * cos(-x('128') +
20434  x('142')) * x('28') * x('42') +
20435  power(x('28'), 2) +
20436  power(x('42'), 2) =l= 1;
20437  con3845..(-2) * cos(-x('128') +
20438  x('141')) * x('28') * x('41') +
20439  power(x('28'), 2) +
20440  power(x('41'), 2) =l= 1;
20441  con3846..(-2) * cos(-x('128') +
20442  x('140')) * x('28') * x('40') +
20443  power(x('28'), 2) +
20444  power(x('40'), 2) =l= 1;
20445  con3847..(-2) * cos(-x('113') +
20446  x('122')) * x('13') * x('22') +
20447  power(x('13'), 2) +
20448  power(x('22'), 2) =l= 1;
20449  con3848..(-2) * cos(-x('128') +
20450  x('139')) * x('28') * x('39') +
20451  power(x('28'), 2) +
20452  power(x('39'), 2) =l= 1;
20453  con3849..(-2) * cos(-x('128') +
20454  x('138')) * x('28') * x('38') +
20455  power(x('28'), 2) +
20456  power(x('38'), 2) =l= 1;
20457  con3850..(-2) * cos(-x('113') +
20458  x('123')) * x('13') * x('23') +
20459  power(x('13'), 2) +
20460  power(x('23'), 2) =l= 1;
20461  con3851..(-2) * cos(-x('128') +
20462  x('137')) * x('28') * x('37') +
20463  power(x('28'), 2) +
20464  power(x('37'), 2) =l= 1;
20465  con3852..(-2) * cos(-x('128') +
20466  x('136')) * x('28') * x('36') +
20467  power(x('28'), 2) +
20468  power(x('36'), 2) =l= 1;
20469  con3853..(-2) * cos(-x('113') +
20470  x('124')) * x('13') * x('24') +
20471  power(x('13'), 2) +
20472  power(x('24'), 2) =l= 1;
20473  con3854..(-2) * cos(-x('128') +
20474  x('135')) * x('28') * x('35') +
20475  power(x('28'), 2) +
20476  power(x('35'), 2) =l= 1;
20477  con3855..(-2) * cos(-x('128') +
20478  x('134')) * x('28') * x('34') +
20479  power(x('28'), 2) +
20480  power(x('34'), 2) =l= 1;
20481  con3856..(-2) * cos(-x('113') +
20482  x('125')) * x('13') * x('25') +
20483  power(x('13'), 2) +
20484  power(x('25'), 2) =l= 1;
20485  con3857..(-2) * cos(-x('128') +
20486  x('133')) * x('28') * x('33') +
20487  power(x('28'), 2) +
20488  power(x('33'), 2) =l= 1;
20489  con3858..(-2) * cos(-x('128') +
20490  x('132')) * x('28') * x('32') +
20491  power(x('28'), 2) +
20492  power(x('32'), 2) =l= 1;
20493  con3859..(-2) * cos(-x('128') +
20494  x('131')) * x('28') * x('31') +
20495  power(x('28'), 2) +
20496  power(x('31'), 2) =l= 1;
20497  con3860..(-2) * cos(-x('113') +
20498  x('126')) * x('13') * x('26') +
20499  power(x('13'), 2) +
20500  power(x('26'), 2) =l= 1;
20501  con3861..(-2) * cos(-x('128') +
20502  x('130')) * x('28') * x('30') +
20503  power(x('28'), 2) +
20504  power(x('30'), 2) =l= 1;
20505  con3862..(-2) * cos(-x('128') +
20506  x('129')) * x('28') * x('29') +
20507  power(x('28'), 2) +
20508  power(x('29'), 2) =l= 1;
20509  con3863..(-2) * cos(-x('113') +
20510  x('127')) * x('13') * x('27') +
20511  power(x('13'), 2) +
20512  power(x('27'), 2) =l= 1;
20513  con3864..(-2) * cos(-x('127') +
20514  x('200')) * x('27') * x('100') +
20515  power(x('27'), 2) +
20516  power(x('100'), 2) =l= 1;
20517  con3865..(-2) * cos(-x('127') +
20518  x('199')) * x('27') * x('99') +
20519  power(x('27'), 2) +
20520  power(x('99'), 2) =l= 1;
20521  con3866..(-2) * cos(-x('113') +
20522  x('128')) * x('13') * x('28') +
20523  power(x('13'), 2) +
20524  power(x('28'), 2) =l= 1;
20525  con3867..(-2) * cos(-x('127') +
20526  x('198')) * x('27') * x('98') +
20527  power(x('27'), 2) +
20528  power(x('98'), 2) =l= 1;
20529  con3868..(-2) * cos(-x('127') +
20530  x('197')) * x('27') * x('97') +
20531  power(x('27'), 2) +
20532  power(x('97'), 2) =l= 1;
20533  con3869..(-2) * cos(-x('113') +
20534  x('129')) * x('13') * x('29') +
20535  power(x('13'), 2) +
20536  power(x('29'), 2) =l= 1;
20537  con3870..(-2) * cos(-x('127') +
20538  x('196')) * x('27') * x('96') +
20539  power(x('27'), 2) +
20540  power(x('96'), 2) =l= 1;
20541  con3871..(-2) * cos(-x('127') +
20542  x('195')) * x('27') * x('95') +
20543  power(x('27'), 2) +
20544  power(x('95'), 2) =l= 1;
20545  con3872..(-2) * cos(-x('127') +
20546  x('194')) * x('27') * x('94') +
20547  power(x('27'), 2) +
20548  power(x('94'), 2) =l= 1;
20549  con3873..(-2) * cos(-x('113') +
20550  x('130')) * x('13') * x('30') +
20551  power(x('13'), 2) +
20552  power(x('30'), 2) =l= 1;
20553  con3874..(-2) * cos(-x('127') +
20554  x('193')) * x('27') * x('93') +
20555  power(x('27'), 2) +
20556  power(x('93'), 2) =l= 1;
20557  con3875..(-2) * cos(-x('127') +
20558  x('192')) * x('27') * x('92') +
20559  power(x('27'), 2) +
20560  power(x('92'), 2) =l= 1;
20561  con3876..(-2) * cos(-x('113') +
20562  x('131')) * x('13') * x('31') +
20563  power(x('13'), 2) +
20564  power(x('31'), 2) =l= 1;
20565  con3877..(-2) * cos(-x('127') +
20566  x('191')) * x('27') * x('91') +
20567  power(x('27'), 2) +
20568  power(x('91'), 2) =l= 1;
20569  con3878..(-2) * cos(-x('127') +
20570  x('190')) * x('27') * x('90') +
20571  power(x('27'), 2) +
20572  power(x('90'), 2) =l= 1;
20573  con3879..(-2) * cos(-x('113') +
20574  x('132')) * x('13') * x('32') +
20575  power(x('13'), 2) +
20576  power(x('32'), 2) =l= 1;
20577  con3880..(-2) * cos(-x('127') +
20578  x('189')) * x('27') * x('89') +
20579  power(x('27'), 2) +
20580  power(x('89'), 2) =l= 1;
20581  con3881..(-2) * cos(-x('127') +
20582  x('188')) * x('27') * x('88') +
20583  power(x('27'), 2) +
20584  power(x('88'), 2) =l= 1;
20585  con3882..(-2) * cos(-x('113') +
20586  x('133')) * x('13') * x('33') +
20587  power(x('13'), 2) +
20588  power(x('33'), 2) =l= 1;
20589  con3883..(-2) * cos(-x('127') +
20590  x('187')) * x('27') * x('87') +
20591  power(x('27'), 2) +
20592  power(x('87'), 2) =l= 1;
20593  con3884..(-2) * cos(-x('127') +
20594  x('186')) * x('27') * x('86') +
20595  power(x('27'), 2) +
20596  power(x('86'), 2) =l= 1;
20597  con3885..(-2) * cos(-x('127') +
20598  x('185')) * x('27') * x('85') +
20599  power(x('27'), 2) +
20600  power(x('85'), 2) =l= 1;
20601  con3886..(-2) * cos(-x('113') +
20602  x('134')) * x('13') * x('34') +
20603  power(x('13'), 2) +
20604  power(x('34'), 2) =l= 1;
20605  con3887..(-2) * cos(-x('127') +
20606  x('184')) * x('27') * x('84') +
20607  power(x('27'), 2) +
20608  power(x('84'), 2) =l= 1;
20609  con3888..(-2) * cos(-x('127') +
20610  x('183')) * x('27') * x('83') +
20611  power(x('27'), 2) +
20612  power(x('83'), 2) =l= 1;
20613  con3889..(-2) * cos(-x('113') +
20614  x('135')) * x('13') * x('35') +
20615  power(x('13'), 2) +
20616  power(x('35'), 2) =l= 1;
20617  con3890..(-2) * cos(-x('127') +
20618  x('182')) * x('27') * x('82') +
20619  power(x('27'), 2) +
20620  power(x('82'), 2) =l= 1;
20621  con3891..(-2) * cos(-x('127') +
20622  x('181')) * x('27') * x('81') +
20623  power(x('27'), 2) +
20624  power(x('81'), 2) =l= 1;
20625  con3892..(-2) * cos(-x('113') +
20626  x('136')) * x('13') * x('36') +
20627  power(x('13'), 2) +
20628  power(x('36'), 2) =l= 1;
20629  con3893..(-2) * cos(-x('127') +
20630  x('180')) * x('27') * x('80') +
20631  power(x('27'), 2) +
20632  power(x('80'), 2) =l= 1;
20633  con3894..(-2) * cos(-x('127') +
20634  x('179')) * x('27') * x('79') +
20635  power(x('27'), 2) +
20636  power(x('79'), 2) =l= 1;
20637  con3895..(-2) * cos(-x('113') +
20638  x('137')) * x('13') * x('37') +
20639  power(x('13'), 2) +
20640  power(x('37'), 2) =l= 1;
20641  con3896..(-2) * cos(-x('127') +
20642  x('178')) * x('27') * x('78') +
20643  power(x('27'), 2) +
20644  power(x('78'), 2) =l= 1;
20645  con3897..(-2) * cos(-x('127') +
20646  x('177')) * x('27') * x('77') +
20647  power(x('27'), 2) +
20648  power(x('77'), 2) =l= 1;
20649  con3898..(-2) * cos(-x('127') +
20650  x('176')) * x('27') * x('76') +
20651  power(x('27'), 2) +
20652  power(x('76'), 2) =l= 1;
20653  con3899..(-2) * cos(-x('113') +
20654  x('138')) * x('13') * x('38') +
20655  power(x('13'), 2) +
20656  power(x('38'), 2) =l= 1;
20657  con3900..(-2) * cos(-x('127') +
20658  x('175')) * x('27') * x('75') +
20659  power(x('27'), 2) +
20660  power(x('75'), 2) =l= 1;
20661  con3901..(-2) * cos(-x('127') +
20662  x('174')) * x('27') * x('74') +
20663  power(x('27'), 2) +
20664  power(x('74'), 2) =l= 1;
20665  con3902..(-2) * cos(-x('113') +
20666  x('139')) * x('13') * x('39') +
20667  power(x('13'), 2) +
20668  power(x('39'), 2) =l= 1;
20669  con3903..(-2) * cos(-x('127') +
20670  x('173')) * x('27') * x('73') +
20671  power(x('27'), 2) +
20672  power(x('73'), 2) =l= 1;
20673  con3904..(-2) * cos(-x('127') +
20674  x('172')) * x('27') * x('72') +
20675  power(x('27'), 2) +
20676  power(x('72'), 2) =l= 1;
20677  con3905..(-2) * cos(-x('113') +
20678  x('140')) * x('13') * x('40') +
20679  power(x('13'), 2) +
20680  power(x('40'), 2) =l= 1;
20681  con3906..(-2) * cos(-x('127') +
20682  x('171')) * x('27') * x('71') +
20683  power(x('27'), 2) +
20684  power(x('71'), 2) =l= 1;
20685  con3907..(-2) * cos(-x('127') +
20686  x('170')) * x('27') * x('70') +
20687  power(x('27'), 2) +
20688  power(x('70'), 2) =l= 1;
20689  con3908..(-2) * cos(-x('113') +
20690  x('141')) * x('13') * x('41') +
20691  power(x('13'), 2) +
20692  power(x('41'), 2) =l= 1;
20693  con3909..(-2) * cos(-x('127') +
20694  x('169')) * x('27') * x('69') +
20695  power(x('27'), 2) +
20696  power(x('69'), 2) =l= 1;
20697  con3910..(-2) * cos(-x('127') +
20698  x('168')) * x('27') * x('68') +
20699  power(x('27'), 2) +
20700  power(x('68'), 2) =l= 1;
20701  con3911..(-2) * cos(-x('127') +
20702  x('167')) * x('27') * x('67') +
20703  power(x('27'), 2) +
20704  power(x('67'), 2) =l= 1;
20705  con3912..(-2) * cos(-x('113') +
20706  x('142')) * x('13') * x('42') +
20707  power(x('13'), 2) +
20708  power(x('42'), 2) =l= 1;
20709  con3913..(-2) * cos(-x('127') +
20710  x('166')) * x('27') * x('66') +
20711  power(x('27'), 2) +
20712  power(x('66'), 2) =l= 1;
20713  con3914..(-2) * cos(-x('127') +
20714  x('165')) * x('27') * x('65') +
20715  power(x('27'), 2) +
20716  power(x('65'), 2) =l= 1;
20717  con3915..(-2) * cos(-x('113') +
20718  x('143')) * x('13') * x('43') +
20719  power(x('13'), 2) +
20720  power(x('43'), 2) =l= 1;
20721  con3916..(-2) * cos(-x('127') +
20722  x('164')) * x('27') * x('64') +
20723  power(x('27'), 2) +
20724  power(x('64'), 2) =l= 1;
20725  con3917..(-2) * cos(-x('127') +
20726  x('163')) * x('27') * x('63') +
20727  power(x('27'), 2) +
20728  power(x('63'), 2) =l= 1;
20729  con3918..(-2) * cos(-x('113') +
20730  x('144')) * x('13') * x('44') +
20731  power(x('13'), 2) +
20732  power(x('44'), 2) =l= 1;
20733  con3919..(-2) * cos(-x('127') +
20734  x('162')) * x('27') * x('62') +
20735  power(x('27'), 2) +
20736  power(x('62'), 2) =l= 1;
20737  con3920..(-2) * cos(-x('127') +
20738  x('161')) * x('27') * x('61') +
20739  power(x('27'), 2) +
20740  power(x('61'), 2) =l= 1;
20741  con3921..(-2) * cos(-x('113') +
20742  x('145')) * x('13') * x('45') +
20743  power(x('13'), 2) +
20744  power(x('45'), 2) =l= 1;
20745  con3922..(-2) * cos(-x('127') +
20746  x('160')) * x('27') * x('60') +
20747  power(x('27'), 2) +
20748  power(x('60'), 2) =l= 1;
20749  con3923..(-2) * cos(-x('127') +
20750  x('159')) * x('27') * x('59') +
20751  power(x('27'), 2) +
20752  power(x('59'), 2) =l= 1;
20753  con3924..(-2) * cos(-x('127') +
20754  x('158')) * x('27') * x('58') +
20755  power(x('27'), 2) +
20756  power(x('58'), 2) =l= 1;
20757  con3925..(-2) * cos(-x('113') +
20758  x('146')) * x('13') * x('46') +
20759  power(x('13'), 2) +
20760  power(x('46'), 2) =l= 1;
20761  con3926..(-2) * cos(-x('127') +
20762  x('157')) * x('27') * x('57') +
20763  power(x('27'), 2) +
20764  power(x('57'), 2) =l= 1;
20765  con3927..(-2) * cos(-x('127') +
20766  x('156')) * x('27') * x('56') +
20767  power(x('27'), 2) +
20768  power(x('56'), 2) =l= 1;
20769  con3928..(-2) * cos(-x('113') +
20770  x('147')) * x('13') * x('47') +
20771  power(x('13'), 2) +
20772  power(x('47'), 2) =l= 1;
20773  con3929..(-2) * cos(-x('127') +
20774  x('155')) * x('27') * x('55') +
20775  power(x('27'), 2) +
20776  power(x('55'), 2) =l= 1;
20777  con3930..(-2) * cos(-x('127') +
20778  x('154')) * x('27') * x('54') +
20779  power(x('27'), 2) +
20780  power(x('54'), 2) =l= 1;
20781  con3931..(-2) * cos(-x('113') +
20782  x('148')) * x('13') * x('48') +
20783  power(x('13'), 2) +
20784  power(x('48'), 2) =l= 1;
20785  con3932..(-2) * cos(-x('127') +
20786  x('153')) * x('27') * x('53') +
20787  power(x('27'), 2) +
20788  power(x('53'), 2) =l= 1;
20789  con3933..(-2) * cos(-x('127') +
20790  x('152')) * x('27') * x('52') +
20791  power(x('27'), 2) +
20792  power(x('52'), 2) =l= 1;
20793  con3934..(-2) * cos(-x('113') +
20794  x('149')) * x('13') * x('49') +
20795  power(x('13'), 2) +
20796  power(x('49'), 2) =l= 1;
20797  con3935..(-2) * cos(-x('127') +
20798  x('151')) * x('27') * x('51') +
20799  power(x('27'), 2) +
20800  power(x('51'), 2) =l= 1;
20801  con3936..(-2) * cos(-x('127') +
20802  x('150')) * x('27') * x('50') +
20803  power(x('27'), 2) +
20804  power(x('50'), 2) =l= 1;
20805  con3937..(-2) * cos(-x('127') +
20806  x('149')) * x('27') * x('49') +
20807  power(x('27'), 2) +
20808  power(x('49'), 2) =l= 1;
20809  con3938..(-2) * cos(-x('113') +
20810  x('150')) * x('13') * x('50') +
20811  power(x('13'), 2) +
20812  power(x('50'), 2) =l= 1;
20813  con3939..(-2) * cos(-x('127') +
20814  x('148')) * x('27') * x('48') +
20815  power(x('27'), 2) +
20816  power(x('48'), 2) =l= 1;
20817  con3940..(-2) * cos(-x('127') +
20818  x('147')) * x('27') * x('47') +
20819  power(x('27'), 2) +
20820  power(x('47'), 2) =l= 1;
20821  con3941..(-2) * cos(-x('113') +
20822  x('151')) * x('13') * x('51') +
20823  power(x('13'), 2) +
20824  power(x('51'), 2) =l= 1;
20825  con3942..(-2) * cos(-x('127') +
20826  x('146')) * x('27') * x('46') +
20827  power(x('27'), 2) +
20828  power(x('46'), 2) =l= 1;
20829  con3943..(-2) * cos(-x('127') +
20830  x('145')) * x('27') * x('45') +
20831  power(x('27'), 2) +
20832  power(x('45'), 2) =l= 1;
20833  con3944..(-2) * cos(-x('113') +
20834  x('152')) * x('13') * x('52') +
20835  power(x('13'), 2) +
20836  power(x('52'), 2) =l= 1;
20837  con3945..(-2) * cos(-x('127') +
20838  x('144')) * x('27') * x('44') +
20839  power(x('27'), 2) +
20840  power(x('44'), 2) =l= 1;
20841  con3946..(-2) * cos(-x('127') +
20842  x('143')) * x('27') * x('43') +
20843  power(x('27'), 2) +
20844  power(x('43'), 2) =l= 1;
20845  con3947..(-2) * cos(-x('113') +
20846  x('153')) * x('13') * x('53') +
20847  power(x('13'), 2) +
20848  power(x('53'), 2) =l= 1;
20849  con3948..(-2) * cos(-x('127') +
20850  x('142')) * x('27') * x('42') +
20851  power(x('27'), 2) +
20852  power(x('42'), 2) =l= 1;
20853  con3949..(-2) * cos(-x('127') +
20854  x('141')) * x('27') * x('41') +
20855  power(x('27'), 2) +
20856  power(x('41'), 2) =l= 1;
20857  con3950..(-2) * cos(-x('127') +
20858  x('140')) * x('27') * x('40') +
20859  power(x('27'), 2) +
20860  power(x('40'), 2) =l= 1;
20861  con3951..(-2) * cos(-x('113') +
20862  x('154')) * x('13') * x('54') +
20863  power(x('13'), 2) +
20864  power(x('54'), 2) =l= 1;
20865  con3952..(-2) * cos(-x('127') +
20866  x('139')) * x('27') * x('39') +
20867  power(x('27'), 2) +
20868  power(x('39'), 2) =l= 1;
20869  con3953..(-2) * cos(-x('127') +
20870  x('138')) * x('27') * x('38') +
20871  power(x('27'), 2) +
20872  power(x('38'), 2) =l= 1;
20873  con3954..(-2) * cos(-x('113') +
20874  x('155')) * x('13') * x('55') +
20875  power(x('13'), 2) +
20876  power(x('55'), 2) =l= 1;
20877  con3955..(-2) * cos(-x('127') +
20878  x('137')) * x('27') * x('37') +
20879  power(x('27'), 2) +
20880  power(x('37'), 2) =l= 1;
20881  con3956..(-2) * cos(-x('127') +
20882  x('136')) * x('27') * x('36') +
20883  power(x('27'), 2) +
20884  power(x('36'), 2) =l= 1;
20885  con3957..(-2) * cos(-x('113') +
20886  x('156')) * x('13') * x('56') +
20887  power(x('13'), 2) +
20888  power(x('56'), 2) =l= 1;
20889  con3958..(-2) * cos(-x('127') +
20890  x('135')) * x('27') * x('35') +
20891  power(x('27'), 2) +
20892  power(x('35'), 2) =l= 1;
20893  con3959..(-2) * cos(-x('127') +
20894  x('134')) * x('27') * x('34') +
20895  power(x('27'), 2) +
20896  power(x('34'), 2) =l= 1;
20897  con3960..(-2) * cos(-x('113') +
20898  x('157')) * x('13') * x('57') +
20899  power(x('13'), 2) +
20900  power(x('57'), 2) =l= 1;
20901  con3961..(-2) * cos(-x('127') +
20902  x('133')) * x('27') * x('33') +
20903  power(x('27'), 2) +
20904  power(x('33'), 2) =l= 1;
20905  con3962..(-2) * cos(-x('127') +
20906  x('132')) * x('27') * x('32') +
20907  power(x('27'), 2) +
20908  power(x('32'), 2) =l= 1;
20909  con3963..(-2) * cos(-x('127') +
20910  x('131')) * x('27') * x('31') +
20911  power(x('27'), 2) +
20912  power(x('31'), 2) =l= 1;
20913  con3964..(-2) * cos(-x('113') +
20914  x('158')) * x('13') * x('58') +
20915  power(x('13'), 2) +
20916  power(x('58'), 2) =l= 1;
20917  con3965..(-2) * cos(-x('127') +
20918  x('130')) * x('27') * x('30') +
20919  power(x('27'), 2) +
20920  power(x('30'), 2) =l= 1;
20921  con3966..(-2) * cos(-x('127') +
20922  x('129')) * x('27') * x('29') +
20923  power(x('27'), 2) +
20924  power(x('29'), 2) =l= 1;
20925  con3967..(-2) * cos(-x('113') +
20926  x('159')) * x('13') * x('59') +
20927  power(x('13'), 2) +
20928  power(x('59'), 2) =l= 1;
20929  con3968..(-2) * cos(-x('127') +
20930  x('128')) * x('27') * x('28') +
20931  power(x('27'), 2) +
20932  power(x('28'), 2) =l= 1;
20933  con3969..(-2) * cos(-x('126') +
20934  x('200')) * x('26') * x('100') +
20935  power(x('26'), 2) +
20936  power(x('100'), 2) =l= 1;
20937  con3970..(-2) * cos(-x('113') +
20938  x('160')) * x('13') * x('60') +
20939  power(x('13'), 2) +
20940  power(x('60'), 2) =l= 1;
20941  con3971..(-2) * cos(-x('126') +
20942  x('199')) * x('26') * x('99') +
20943  power(x('26'), 2) +
20944  power(x('99'), 2) =l= 1;
20945  con3972..(-2) * cos(-x('126') +
20946  x('198')) * x('26') * x('98') +
20947  power(x('26'), 2) +
20948  power(x('98'), 2) =l= 1;
20949  con3973..(-2) * cos(-x('113') +
20950  x('161')) * x('13') * x('61') +
20951  power(x('13'), 2) +
20952  power(x('61'), 2) =l= 1;
20953  con3974..(-2) * cos(-x('126') +
20954  x('197')) * x('26') * x('97') +
20955  power(x('26'), 2) +
20956  power(x('97'), 2) =l= 1;
20957  con3975..(-2) * cos(-x('126') +
20958  x('196')) * x('26') * x('96') +
20959  power(x('26'), 2) +
20960  power(x('96'), 2) =l= 1;
20961  con3976..(-2) * cos(-x('126') +
20962  x('195')) * x('26') * x('95') +
20963  power(x('26'), 2) +
20964  power(x('95'), 2) =l= 1;
20965  con3977..(-2) * cos(-x('113') +
20966  x('162')) * x('13') * x('62') +
20967  power(x('13'), 2) +
20968  power(x('62'), 2) =l= 1;
20969  con3978..(-2) * cos(-x('126') +
20970  x('194')) * x('26') * x('94') +
20971  power(x('26'), 2) +
20972  power(x('94'), 2) =l= 1;
20973  con3979..(-2) * cos(-x('126') +
20974  x('193')) * x('26') * x('93') +
20975  power(x('26'), 2) +
20976  power(x('93'), 2) =l= 1;
20977  con3980..(-2) * cos(-x('113') +
20978  x('163')) * x('13') * x('63') +
20979  power(x('13'), 2) +
20980  power(x('63'), 2) =l= 1;
20981  con3981..(-2) * cos(-x('126') +
20982  x('192')) * x('26') * x('92') +
20983  power(x('26'), 2) +
20984  power(x('92'), 2) =l= 1;
20985  con3982..(-2) * cos(-x('126') +
20986  x('191')) * x('26') * x('91') +
20987  power(x('26'), 2) +
20988  power(x('91'), 2) =l= 1;
20989  con3983..(-2) * cos(-x('113') +
20990  x('164')) * x('13') * x('64') +
20991  power(x('13'), 2) +
20992  power(x('64'), 2) =l= 1;
20993  con3984..(-2) * cos(-x('126') +
20994  x('190')) * x('26') * x('90') +
20995  power(x('26'), 2) +
20996  power(x('90'), 2) =l= 1;
20997  con3985..(-2) * cos(-x('126') +
20998  x('189')) * x('26') * x('89') +
20999  power(x('26'), 2) +
21000  power(x('89'), 2) =l= 1;
21001  con3986..(-2) * cos(-x('113') +
21002  x('165')) * x('13') * x('65') +
21003  power(x('13'), 2) +
21004  power(x('65'), 2) =l= 1;
21005  con3987..(-2) * cos(-x('126') +
21006  x('188')) * x('26') * x('88') +
21007  power(x('26'), 2) +
21008  power(x('88'), 2) =l= 1;
21009  con3988..(-2) * cos(-x('126') +
21010  x('187')) * x('26') * x('87') +
21011  power(x('26'), 2) +
21012  power(x('87'), 2) =l= 1;
21013  con3989..(-2) * cos(-x('126') +
21014  x('186')) * x('26') * x('86') +
21015  power(x('26'), 2) +
21016  power(x('86'), 2) =l= 1;
21017  con3990..(-2) * cos(-x('113') +
21018  x('166')) * x('13') * x('66') +
21019  power(x('13'), 2) +
21020  power(x('66'), 2) =l= 1;
21021  con3991..(-2) * cos(-x('126') +
21022  x('185')) * x('26') * x('85') +
21023  power(x('26'), 2) +
21024  power(x('85'), 2) =l= 1;
21025  con3992..(-2) * cos(-x('126') +
21026  x('184')) * x('26') * x('84') +
21027  power(x('26'), 2) +
21028  power(x('84'), 2) =l= 1;
21029  con3993..(-2) * cos(-x('113') +
21030  x('167')) * x('13') * x('67') +
21031  power(x('13'), 2) +
21032  power(x('67'), 2) =l= 1;
21033  con3994..(-2) * cos(-x('126') +
21034  x('183')) * x('26') * x('83') +
21035  power(x('26'), 2) +
21036  power(x('83'), 2) =l= 1;
21037  con3995..(-2) * cos(-x('126') +
21038  x('182')) * x('26') * x('82') +
21039  power(x('26'), 2) +
21040  power(x('82'), 2) =l= 1;
21041  con3996..(-2) * cos(-x('113') +
21042  x('168')) * x('13') * x('68') +
21043  power(x('13'), 2) +
21044  power(x('68'), 2) =l= 1;
21045  con3997..(-2) * cos(-x('126') +
21046  x('181')) * x('26') * x('81') +
21047  power(x('26'), 2) +
21048  power(x('81'), 2) =l= 1;
21049  con3998..(-2) * cos(-x('126') +
21050  x('180')) * x('26') * x('80') +
21051  power(x('26'), 2) +
21052  power(x('80'), 2) =l= 1;
21053  con3999..(-2) * cos(-x('113') +
21054  x('169')) * x('13') * x('69') +
21055  power(x('13'), 2) +
21056  power(x('69'), 2) =l= 1;
21057  con4000..(-2) * cos(-x('126') +
21058  x('179')) * x('26') * x('79') +
21059  power(x('26'), 2) +
21060  power(x('79'), 2) =l= 1;
21061  con4001..(-2) * cos(-x('126') +
21062  x('178')) * x('26') * x('78') +
21063  power(x('26'), 2) +
21064  power(x('78'), 2) =l= 1;
21065  con4002..(-2) * cos(-x('126') +
21066  x('177')) * x('26') * x('77') +
21067  power(x('26'), 2) +
21068  power(x('77'), 2) =l= 1;
21069  con4003..(-2) * cos(-x('113') +
21070  x('170')) * x('13') * x('70') +
21071  power(x('13'), 2) +
21072  power(x('70'), 2) =l= 1;
21073  con4004..(-2) * cos(-x('126') +
21074  x('176')) * x('26') * x('76') +
21075  power(x('26'), 2) +
21076  power(x('76'), 2) =l= 1;
21077  con4005..(-2) * cos(-x('126') +
21078  x('175')) * x('26') * x('75') +
21079  power(x('26'), 2) +
21080  power(x('75'), 2) =l= 1;
21081  con4006..(-2) * cos(-x('113') +
21082  x('171')) * x('13') * x('71') +
21083  power(x('13'), 2) +
21084  power(x('71'), 2) =l= 1;
21085  con4007..(-2) * cos(-x('126') +
21086  x('174')) * x('26') * x('74') +
21087  power(x('26'), 2) +
21088  power(x('74'), 2) =l= 1;
21089  con4008..(-2) * cos(-x('126') +
21090  x('173')) * x('26') * x('73') +
21091  power(x('26'), 2) +
21092  power(x('73'), 2) =l= 1;
21093  con4009..(-2) * cos(-x('113') +
21094  x('172')) * x('13') * x('72') +
21095  power(x('13'), 2) +
21096  power(x('72'), 2) =l= 1;
21097  con4010..(-2) * cos(-x('126') +
21098  x('172')) * x('26') * x('72') +
21099  power(x('26'), 2) +
21100  power(x('72'), 2) =l= 1;
21101  con4011..(-2) * cos(-x('126') +
21102  x('171')) * x('26') * x('71') +
21103  power(x('26'), 2) +
21104  power(x('71'), 2) =l= 1;
21105  con4012..(-2) * cos(-x('113') +
21106  x('173')) * x('13') * x('73') +
21107  power(x('13'), 2) +
21108  power(x('73'), 2) =l= 1;
21109  con4013..(-2) * cos(-x('126') +
21110  x('170')) * x('26') * x('70') +
21111  power(x('26'), 2) +
21112  power(x('70'), 2) =l= 1;
21113  con4014..(-2) * cos(-x('126') +
21114  x('169')) * x('26') * x('69') +
21115  power(x('26'), 2) +
21116  power(x('69'), 2) =l= 1;
21117  con4015..(-2) * cos(-x('126') +
21118  x('168')) * x('26') * x('68') +
21119  power(x('26'), 2) +
21120  power(x('68'), 2) =l= 1;
21121  con4016..(-2) * cos(-x('113') +
21122  x('174')) * x('13') * x('74') +
21123  power(x('13'), 2) +
21124  power(x('74'), 2) =l= 1;
21125  con4017..(-2) * cos(-x('126') +
21126  x('167')) * x('26') * x('67') +
21127  power(x('26'), 2) +
21128  power(x('67'), 2) =l= 1;
21129  con4018..(-2) * cos(-x('126') +
21130  x('166')) * x('26') * x('66') +
21131  power(x('26'), 2) +
21132  power(x('66'), 2) =l= 1;
21133  con4019..(-2) * cos(-x('113') +
21134  x('175')) * x('13') * x('75') +
21135  power(x('13'), 2) +
21136  power(x('75'), 2) =l= 1;
21137  con4020..(-2) * cos(-x('126') +
21138  x('165')) * x('26') * x('65') +
21139  power(x('26'), 2) +
21140  power(x('65'), 2) =l= 1;
21141  con4021..(-2) * cos(-x('126') +
21142  x('164')) * x('26') * x('64') +
21143  power(x('26'), 2) +
21144  power(x('64'), 2) =l= 1;
21145  con4022..(-2) * cos(-x('113') +
21146  x('176')) * x('13') * x('76') +
21147  power(x('13'), 2) +
21148  power(x('76'), 2) =l= 1;
21149  con4023..(-2) * cos(-x('126') +
21150  x('163')) * x('26') * x('63') +
21151  power(x('26'), 2) +
21152  power(x('63'), 2) =l= 1;
21153  con4024..(-2) * cos(-x('126') +
21154  x('162')) * x('26') * x('62') +
21155  power(x('26'), 2) +
21156  power(x('62'), 2) =l= 1;
21157  con4025..(-2) * cos(-x('113') +
21158  x('177')) * x('13') * x('77') +
21159  power(x('13'), 2) +
21160  power(x('77'), 2) =l= 1;
21161  con4026..(-2) * cos(-x('126') +
21162  x('161')) * x('26') * x('61') +
21163  power(x('26'), 2) +
21164  power(x('61'), 2) =l= 1;
21165  con4027..(-2) * cos(-x('126') +
21166  x('160')) * x('26') * x('60') +
21167  power(x('26'), 2) +
21168  power(x('60'), 2) =l= 1;
21169  con4028..(-2) * cos(-x('126') +
21170  x('159')) * x('26') * x('59') +
21171  power(x('26'), 2) +
21172  power(x('59'), 2) =l= 1;
21173  con4029..(-2) * cos(-x('113') +
21174  x('178')) * x('13') * x('78') +
21175  power(x('13'), 2) +
21176  power(x('78'), 2) =l= 1;
21177  con4030..(-2) * cos(-x('126') +
21178  x('158')) * x('26') * x('58') +
21179  power(x('26'), 2) +
21180  power(x('58'), 2) =l= 1;
21181  con4031..(-2) * cos(-x('126') +
21182  x('157')) * x('26') * x('57') +
21183  power(x('26'), 2) +
21184  power(x('57'), 2) =l= 1;
21185  con4032..(-2) * cos(-x('113') +
21186  x('179')) * x('13') * x('79') +
21187  power(x('13'), 2) +
21188  power(x('79'), 2) =l= 1;
21189  con4033..(-2) * cos(-x('126') +
21190  x('156')) * x('26') * x('56') +
21191  power(x('26'), 2) +
21192  power(x('56'), 2) =l= 1;
21193  con4034..(-2) * cos(-x('126') +
21194  x('155')) * x('26') * x('55') +
21195  power(x('26'), 2) +
21196  power(x('55'), 2) =l= 1;
21197  con4035..(-2) * cos(-x('113') +
21198  x('180')) * x('13') * x('80') +
21199  power(x('13'), 2) +
21200  power(x('80'), 2) =l= 1;
21201  con4036..(-2) * cos(-x('126') +
21202  x('154')) * x('26') * x('54') +
21203  power(x('26'), 2) +
21204  power(x('54'), 2) =l= 1;
21205  con4037..(-2) * cos(-x('126') +
21206  x('153')) * x('26') * x('53') +
21207  power(x('26'), 2) +
21208  power(x('53'), 2) =l= 1;
21209  con4038..(-2) * cos(-x('113') +
21210  x('181')) * x('13') * x('81') +
21211  power(x('13'), 2) +
21212  power(x('81'), 2) =l= 1;
21213  con4039..(-2) * cos(-x('126') +
21214  x('152')) * x('26') * x('52') +
21215  power(x('26'), 2) +
21216  power(x('52'), 2) =l= 1;
21217  con4040..(-2) * cos(-x('126') +
21218  x('151')) * x('26') * x('51') +
21219  power(x('26'), 2) +
21220  power(x('51'), 2) =l= 1;
21221  con4041..(-2) * cos(-x('126') +
21222  x('150')) * x('26') * x('50') +
21223  power(x('26'), 2) +
21224  power(x('50'), 2) =l= 1;
21225  con4042..(-2) * cos(-x('113') +
21226  x('182')) * x('13') * x('82') +
21227  power(x('13'), 2) +
21228  power(x('82'), 2) =l= 1;
21229  con4043..(-2) * cos(-x('126') +
21230  x('149')) * x('26') * x('49') +
21231  power(x('26'), 2) +
21232  power(x('49'), 2) =l= 1;
21233  con4044..(-2) * cos(-x('126') +
21234  x('148')) * x('26') * x('48') +
21235  power(x('26'), 2) +
21236  power(x('48'), 2) =l= 1;
21237  con4045..(-2) * cos(-x('113') +
21238  x('183')) * x('13') * x('83') +
21239  power(x('13'), 2) +
21240  power(x('83'), 2) =l= 1;
21241  con4046..(-2) * cos(-x('126') +
21242  x('147')) * x('26') * x('47') +
21243  power(x('26'), 2) +
21244  power(x('47'), 2) =l= 1;
21245  con4047..(-2) * cos(-x('126') +
21246  x('146')) * x('26') * x('46') +
21247  power(x('26'), 2) +
21248  power(x('46'), 2) =l= 1;
21249  con4048..(-2) * cos(-x('113') +
21250  x('184')) * x('13') * x('84') +
21251  power(x('13'), 2) +
21252  power(x('84'), 2) =l= 1;
21253  con4049..(-2) * cos(-x('126') +
21254  x('145')) * x('26') * x('45') +
21255  power(x('26'), 2) +
21256  power(x('45'), 2) =l= 1;
21257  con4050..(-2) * cos(-x('126') +
21258  x('144')) * x('26') * x('44') +
21259  power(x('26'), 2) +
21260  power(x('44'), 2) =l= 1;
21261  con4051..(-2) * cos(-x('113') +
21262  x('185')) * x('13') * x('85') +
21263  power(x('13'), 2) +
21264  power(x('85'), 2) =l= 1;
21265  con4052..(-2) * cos(-x('126') +
21266  x('143')) * x('26') * x('43') +
21267  power(x('26'), 2) +
21268  power(x('43'), 2) =l= 1;
21269  con4053..(-2) * cos(-x('126') +
21270  x('142')) * x('26') * x('42') +
21271  power(x('26'), 2) +
21272  power(x('42'), 2) =l= 1;
21273  con4054..(-2) * cos(-x('126') +
21274  x('141')) * x('26') * x('41') +
21275  power(x('26'), 2) +
21276  power(x('41'), 2) =l= 1;
21277  con4055..(-2) * cos(-x('113') +
21278  x('186')) * x('13') * x('86') +
21279  power(x('13'), 2) +
21280  power(x('86'), 2) =l= 1;
21281  con4056..(-2) * cos(-x('126') +
21282  x('140')) * x('26') * x('40') +
21283  power(x('26'), 2) +
21284  power(x('40'), 2) =l= 1;
21285  con4057..(-2) * cos(-x('126') +
21286  x('139')) * x('26') * x('39') +
21287  power(x('26'), 2) +
21288  power(x('39'), 2) =l= 1;
21289  con4058..(-2) * cos(-x('113') +
21290  x('187')) * x('13') * x('87') +
21291  power(x('13'), 2) +
21292  power(x('87'), 2) =l= 1;
21293  con4059..(-2) * cos(-x('126') +
21294  x('138')) * x('26') * x('38') +
21295  power(x('26'), 2) +
21296  power(x('38'), 2) =l= 1;
21297  con4060..(-2) * cos(-x('126') +
21298  x('137')) * x('26') * x('37') +
21299  power(x('26'), 2) +
21300  power(x('37'), 2) =l= 1;
21301  con4061..(-2) * cos(-x('113') +
21302  x('188')) * x('13') * x('88') +
21303  power(x('13'), 2) +
21304  power(x('88'), 2) =l= 1;
21305  con4062..(-2) * cos(-x('126') +
21306  x('136')) * x('26') * x('36') +
21307  power(x('26'), 2) +
21308  power(x('36'), 2) =l= 1;
21309  con4063..(-2) * cos(-x('126') +
21310  x('135')) * x('26') * x('35') +
21311  power(x('26'), 2) +
21312  power(x('35'), 2) =l= 1;
21313  con4064..(-2) * cos(-x('113') +
21314  x('189')) * x('13') * x('89') +
21315  power(x('13'), 2) +
21316  power(x('89'), 2) =l= 1;
21317  con4065..(-2) * cos(-x('126') +
21318  x('134')) * x('26') * x('34') +
21319  power(x('26'), 2) +
21320  power(x('34'), 2) =l= 1;
21321  con4066..(-2) * cos(-x('126') +
21322  x('133')) * x('26') * x('33') +
21323  power(x('26'), 2) +
21324  power(x('33'), 2) =l= 1;
21325  con4067..(-2) * cos(-x('126') +
21326  x('132')) * x('26') * x('32') +
21327  power(x('26'), 2) +
21328  power(x('32'), 2) =l= 1;
21329  con4068..(-2) * cos(-x('113') +
21330  x('190')) * x('13') * x('90') +
21331  power(x('13'), 2) +
21332  power(x('90'), 2) =l= 1;
21333  con4069..(-2) * cos(-x('126') +
21334  x('131')) * x('26') * x('31') +
21335  power(x('26'), 2) +
21336  power(x('31'), 2) =l= 1;
21337  con4070..(-2) * cos(-x('126') +
21338  x('130')) * x('26') * x('30') +
21339  power(x('26'), 2) +
21340  power(x('30'), 2) =l= 1;
21341  con4071..(-2) * cos(-x('113') +
21342  x('191')) * x('13') * x('91') +
21343  power(x('13'), 2) +
21344  power(x('91'), 2) =l= 1;
21345  con4072..(-2) * cos(-x('126') +
21346  x('129')) * x('26') * x('29') +
21347  power(x('26'), 2) +
21348  power(x('29'), 2) =l= 1;
21349  con4073..(-2) * cos(-x('126') +
21350  x('128')) * x('26') * x('28') +
21351  power(x('26'), 2) +
21352  power(x('28'), 2) =l= 1;
21353  con4074..(-2) * cos(-x('113') +
21354  x('192')) * x('13') * x('92') +
21355  power(x('13'), 2) +
21356  power(x('92'), 2) =l= 1;
21357  con4075..(-2) * cos(-x('126') +
21358  x('127')) * x('26') * x('27') +
21359  power(x('26'), 2) +
21360  power(x('27'), 2) =l= 1;
21361  con4076..(-2) * cos(-x('125') +
21362  x('200')) * x('25') * x('100') +
21363  power(x('25'), 2) +
21364  power(x('100'), 2) =l= 1;
21365  con4077..(-2) * cos(-x('113') +
21366  x('193')) * x('13') * x('93') +
21367  power(x('13'), 2) +
21368  power(x('93'), 2) =l= 1;
21369  con4078..(-2) * cos(-x('125') +
21370  x('199')) * x('25') * x('99') +
21371  power(x('25'), 2) +
21372  power(x('99'), 2) =l= 1;
21373  con4079..(-2) * cos(-x('125') +
21374  x('198')) * x('25') * x('98') +
21375  power(x('25'), 2) +
21376  power(x('98'), 2) =l= 1;
21377  con4080..(-2) * cos(-x('125') +
21378  x('197')) * x('25') * x('97') +
21379  power(x('25'), 2) +
21380  power(x('97'), 2) =l= 1;
21381  con4081..(-2) * cos(-x('113') +
21382  x('194')) * x('13') * x('94') +
21383  power(x('13'), 2) +
21384  power(x('94'), 2) =l= 1;
21385  con4082..(-2) * cos(-x('125') +
21386  x('196')) * x('25') * x('96') +
21387  power(x('25'), 2) +
21388  power(x('96'), 2) =l= 1;
21389  con4083..(-2) * cos(-x('125') +
21390  x('195')) * x('25') * x('95') +
21391  power(x('25'), 2) +
21392  power(x('95'), 2) =l= 1;
21393  con4084..(-2) * cos(-x('113') +
21394  x('195')) * x('13') * x('95') +
21395  power(x('13'), 2) +
21396  power(x('95'), 2) =l= 1;
21397  con4085..(-2) * cos(-x('125') +
21398  x('194')) * x('25') * x('94') +
21399  power(x('25'), 2) +
21400  power(x('94'), 2) =l= 1;
21401  con4086..(-2) * cos(-x('125') +
21402  x('193')) * x('25') * x('93') +
21403  power(x('25'), 2) +
21404  power(x('93'), 2) =l= 1;
21405  con4087..(-2) * cos(-x('113') +
21406  x('196')) * x('13') * x('96') +
21407  power(x('13'), 2) +
21408  power(x('96'), 2) =l= 1;
21409  con4088..(-2) * cos(-x('125') +
21410  x('192')) * x('25') * x('92') +
21411  power(x('25'), 2) +
21412  power(x('92'), 2) =l= 1;
21413  con4089..(-2) * cos(-x('125') +
21414  x('191')) * x('25') * x('91') +
21415  power(x('25'), 2) +
21416  power(x('91'), 2) =l= 1;
21417  con4090..(-2) * cos(-x('113') +
21418  x('197')) * x('13') * x('97') +
21419  power(x('13'), 2) +
21420  power(x('97'), 2) =l= 1;
21421  con4091..(-2) * cos(-x('125') +
21422  x('190')) * x('25') * x('90') +
21423  power(x('25'), 2) +
21424  power(x('90'), 2) =l= 1;
21425  con4092..(-2) * cos(-x('125') +
21426  x('189')) * x('25') * x('89') +
21427  power(x('25'), 2) +
21428  power(x('89'), 2) =l= 1;
21429  con4093..(-2) * cos(-x('125') +
21430  x('188')) * x('25') * x('88') +
21431  power(x('25'), 2) +
21432  power(x('88'), 2) =l= 1;
21433  con4094..(-2) * cos(-x('113') +
21434  x('198')) * x('13') * x('98') +
21435  power(x('13'), 2) +
21436  power(x('98'), 2) =l= 1;
21437  con4095..(-2) * cos(-x('125') +
21438  x('187')) * x('25') * x('87') +
21439  power(x('25'), 2) +
21440  power(x('87'), 2) =l= 1;
21441  con4096..(-2) * cos(-x('125') +
21442  x('186')) * x('25') * x('86') +
21443  power(x('25'), 2) +
21444  power(x('86'), 2) =l= 1;
21445  con4097..(-2) * cos(-x('113') +
21446  x('199')) * x('13') * x('99') +
21447  power(x('13'), 2) +
21448  power(x('99'), 2) =l= 1;
21449  con4098..(-2) * cos(-x('125') +
21450  x('185')) * x('25') * x('85') +
21451  power(x('25'), 2) +
21452  power(x('85'), 2) =l= 1;
21453  con4099..(-2) * cos(-x('125') +
21454  x('184')) * x('25') * x('84') +
21455  power(x('25'), 2) +
21456  power(x('84'), 2) =l= 1;
21457  con4100..(-2) * cos(-x('113') +
21458  x('200')) * x('13') * x('100') +
21459  power(x('13'), 2) +
21460  power(x('100'), 2) =l= 1;
21461  con4101..(-2) * cos(-x('125') +
21462  x('183')) * x('25') * x('83') +
21463  power(x('25'), 2) +
21464  power(x('83'), 2) =l= 1;
21465  con4102..(-2) * cos(-x('125') +
21466  x('182')) * x('25') * x('82') +
21467  power(x('25'), 2) +
21468  power(x('82'), 2) =l= 1;
21469  con4103..(-2) * cos(-x('114') +
21470  x('115')) * x('14') * x('15') +
21471  power(x('14'), 2) +
21472  power(x('15'), 2) =l= 1;
21473  con4104..(-2) * cos(-x('125') +
21474  x('181')) * x('25') * x('81') +
21475  power(x('25'), 2) +
21476  power(x('81'), 2) =l= 1;
21477  con4105..(-2) * cos(-x('125') +
21478  x('180')) * x('25') * x('80') +
21479  power(x('25'), 2) +
21480  power(x('80'), 2) =l= 1;
21481  con4106..(-2) * cos(-x('125') +
21482  x('179')) * x('25') * x('79') +
21483  power(x('25'), 2) +
21484  power(x('79'), 2) =l= 1;
21485  con4107..(-2) * cos(-x('114') +
21486  x('116')) * x('14') * x('16') +
21487  power(x('14'), 2) +
21488  power(x('16'), 2) =l= 1;
21489  con4108..(-2) * cos(-x('125') +
21490  x('178')) * x('25') * x('78') +
21491  power(x('25'), 2) +
21492  power(x('78'), 2) =l= 1;
21493  con4109..(-2) * cos(-x('125') +
21494  x('177')) * x('25') * x('77') +
21495  power(x('25'), 2) +
21496  power(x('77'), 2) =l= 1;
21497  con4110..(-2) * cos(-x('114') +
21498  x('117')) * x('14') * x('17') +
21499  power(x('14'), 2) +
21500  power(x('17'), 2) =l= 1;
21501  con4111..(-2) * cos(-x('125') +
21502  x('176')) * x('25') * x('76') +
21503  power(x('25'), 2) +
21504  power(x('76'), 2) =l= 1;
21505  con4112..(-2) * cos(-x('125') +
21506  x('175')) * x('25') * x('75') +
21507  power(x('25'), 2) +
21508  power(x('75'), 2) =l= 1;
21509  con4113..(-2) * cos(-x('114') +
21510  x('118')) * x('14') * x('18') +
21511  power(x('14'), 2) +
21512  power(x('18'), 2) =l= 1;
21513  con4114..(-2) * cos(-x('125') +
21514  x('174')) * x('25') * x('74') +
21515  power(x('25'), 2) +
21516  power(x('74'), 2) =l= 1;
21517  con4115..(-2) * cos(-x('125') +
21518  x('173')) * x('25') * x('73') +
21519  power(x('25'), 2) +
21520  power(x('73'), 2) =l= 1;
21521  con4116..(-2) * cos(-x('114') +
21522  x('119')) * x('14') * x('19') +
21523  power(x('14'), 2) +
21524  power(x('19'), 2) =l= 1;
21525  con4117..(-2) * cos(-x('125') +
21526  x('172')) * x('25') * x('72') +
21527  power(x('25'), 2) +
21528  power(x('72'), 2) =l= 1;
21529  con4118..(-2) * cos(-x('125') +
21530  x('171')) * x('25') * x('71') +
21531  power(x('25'), 2) +
21532  power(x('71'), 2) =l= 1;
21533  con4119..(-2) * cos(-x('125') +
21534  x('170')) * x('25') * x('70') +
21535  power(x('25'), 2) +
21536  power(x('70'), 2) =l= 1;
21537  con4120..(-2) * cos(-x('114') +
21538  x('120')) * x('14') * x('20') +
21539  power(x('14'), 2) +
21540  power(x('20'), 2) =l= 1;
21541  con4121..(-2) * cos(-x('125') +
21542  x('169')) * x('25') * x('69') +
21543  power(x('25'), 2) +
21544  power(x('69'), 2) =l= 1;
21545  con4122..(-2) * cos(-x('125') +
21546  x('168')) * x('25') * x('68') +
21547  power(x('25'), 2) +
21548  power(x('68'), 2) =l= 1;
21549  con4123..(-2) * cos(-x('114') +
21550  x('121')) * x('14') * x('21') +
21551  power(x('14'), 2) +
21552  power(x('21'), 2) =l= 1;
21553  con4124..(-2) * cos(-x('125') +
21554  x('167')) * x('25') * x('67') +
21555  power(x('25'), 2) +
21556  power(x('67'), 2) =l= 1;
21557  con4125..(-2) * cos(-x('125') +
21558  x('166')) * x('25') * x('66') +
21559  power(x('25'), 2) +
21560  power(x('66'), 2) =l= 1;
21561  con4126..(-2) * cos(-x('114') +
21562  x('122')) * x('14') * x('22') +
21563  power(x('14'), 2) +
21564  power(x('22'), 2) =l= 1;
21565  con4127..(-2) * cos(-x('125') +
21566  x('165')) * x('25') * x('65') +
21567  power(x('25'), 2) +
21568  power(x('65'), 2) =l= 1;
21569  con4128..(-2) * cos(-x('125') +
21570  x('164')) * x('25') * x('64') +
21571  power(x('25'), 2) +
21572  power(x('64'), 2) =l= 1;
21573  con4129..(-2) * cos(-x('114') +
21574  x('123')) * x('14') * x('23') +
21575  power(x('14'), 2) +
21576  power(x('23'), 2) =l= 1;
21577  con4130..(-2) * cos(-x('125') +
21578  x('163')) * x('25') * x('63') +
21579  power(x('25'), 2) +
21580  power(x('63'), 2) =l= 1;
21581  con4131..(-2) * cos(-x('125') +
21582  x('162')) * x('25') * x('62') +
21583  power(x('25'), 2) +
21584  power(x('62'), 2) =l= 1;
21585  con4132..(-2) * cos(-x('125') +
21586  x('161')) * x('25') * x('61') +
21587  power(x('25'), 2) +
21588  power(x('61'), 2) =l= 1;
21589  con4133..(-2) * cos(-x('114') +
21590  x('124')) * x('14') * x('24') +
21591  power(x('14'), 2) +
21592  power(x('24'), 2) =l= 1;
21593  con4134..(-2) * cos(-x('125') +
21594  x('160')) * x('25') * x('60') +
21595  power(x('25'), 2) +
21596  power(x('60'), 2) =l= 1;
21597  con4135..(-2) * cos(-x('125') +
21598  x('159')) * x('25') * x('59') +
21599  power(x('25'), 2) +
21600  power(x('59'), 2) =l= 1;
21601  con4136..(-2) * cos(-x('114') +
21602  x('125')) * x('14') * x('25') +
21603  power(x('14'), 2) +
21604  power(x('25'), 2) =l= 1;
21605  con4137..(-2) * cos(-x('125') +
21606  x('158')) * x('25') * x('58') +
21607  power(x('25'), 2) +
21608  power(x('58'), 2) =l= 1;
21609  con4138..(-2) * cos(-x('125') +
21610  x('157')) * x('25') * x('57') +
21611  power(x('25'), 2) +
21612  power(x('57'), 2) =l= 1;
21613  con4139..(-2) * cos(-x('114') +
21614  x('126')) * x('14') * x('26') +
21615  power(x('14'), 2) +
21616  power(x('26'), 2) =l= 1;
21617  con4140..(-2) * cos(-x('125') +
21618  x('156')) * x('25') * x('56') +
21619  power(x('25'), 2) +
21620  power(x('56'), 2) =l= 1;
21621  con4141..(-2) * cos(-x('125') +
21622  x('155')) * x('25') * x('55') +
21623  power(x('25'), 2) +
21624  power(x('55'), 2) =l= 1;
21625  con4142..(-2) * cos(-x('114') +
21626  x('127')) * x('14') * x('27') +
21627  power(x('14'), 2) +
21628  power(x('27'), 2) =l= 1;
21629  con4143..(-2) * cos(-x('125') +
21630  x('154')) * x('25') * x('54') +
21631  power(x('25'), 2) +
21632  power(x('54'), 2) =l= 1;
21633  con4144..(-2) * cos(-x('125') +
21634  x('153')) * x('25') * x('53') +
21635  power(x('25'), 2) +
21636  power(x('53'), 2) =l= 1;
21637  con4145..(-2) * cos(-x('125') +
21638  x('152')) * x('25') * x('52') +
21639  power(x('25'), 2) +
21640  power(x('52'), 2) =l= 1;
21641  con4146..(-2) * cos(-x('114') +
21642  x('128')) * x('14') * x('28') +
21643  power(x('14'), 2) +
21644  power(x('28'), 2) =l= 1;
21645  con4147..(-2) * cos(-x('125') +
21646  x('151')) * x('25') * x('51') +
21647  power(x('25'), 2) +
21648  power(x('51'), 2) =l= 1;
21649  con4148..(-2) * cos(-x('125') +
21650  x('150')) * x('25') * x('50') +
21651  power(x('25'), 2) +
21652  power(x('50'), 2) =l= 1;
21653  con4149..(-2) * cos(-x('114') +
21654  x('129')) * x('14') * x('29') +
21655  power(x('14'), 2) +
21656  power(x('29'), 2) =l= 1;
21657  con4150..(-2) * cos(-x('125') +
21658  x('149')) * x('25') * x('49') +
21659  power(x('25'), 2) +
21660  power(x('49'), 2) =l= 1;
21661  con4151..(-2) * cos(-x('125') +
21662  x('148')) * x('25') * x('48') +
21663  power(x('25'), 2) +
21664  power(x('48'), 2) =l= 1;
21665  con4152..(-2) * cos(-x('114') +
21666  x('130')) * x('14') * x('30') +
21667  power(x('14'), 2) +
21668  power(x('30'), 2) =l= 1;
21669  con4153..(-2) * cos(-x('125') +
21670  x('147')) * x('25') * x('47') +
21671  power(x('25'), 2) +
21672  power(x('47'), 2) =l= 1;
21673  con4154..(-2) * cos(-x('125') +
21674  x('146')) * x('25') * x('46') +
21675  power(x('25'), 2) +
21676  power(x('46'), 2) =l= 1;
21677  con4155..(-2) * cos(-x('114') +
21678  x('131')) * x('14') * x('31') +
21679  power(x('14'), 2) +
21680  power(x('31'), 2) =l= 1;
21681  con4156..(-2) * cos(-x('125') +
21682  x('145')) * x('25') * x('45') +
21683  power(x('25'), 2) +
21684  power(x('45'), 2) =l= 1;
21685  con4157..(-2) * cos(-x('125') +
21686  x('144')) * x('25') * x('44') +
21687  power(x('25'), 2) +
21688  power(x('44'), 2) =l= 1;
21689  con4158..(-2) * cos(-x('125') +
21690  x('143')) * x('25') * x('43') +
21691  power(x('25'), 2) +
21692  power(x('43'), 2) =l= 1;
21693  con4159..(-2) * cos(-x('114') +
21694  x('132')) * x('14') * x('32') +
21695  power(x('14'), 2) +
21696  power(x('32'), 2) =l= 1;
21697  con4160..(-2) * cos(-x('125') +
21698  x('142')) * x('25') * x('42') +
21699  power(x('25'), 2) +
21700  power(x('42'), 2) =l= 1;
21701  con4161..(-2) * cos(-x('125') +
21702  x('141')) * x('25') * x('41') +
21703  power(x('25'), 2) +
21704  power(x('41'), 2) =l= 1;
21705  con4162..(-2) * cos(-x('114') +
21706  x('133')) * x('14') * x('33') +
21707  power(x('14'), 2) +
21708  power(x('33'), 2) =l= 1;
21709  con4163..(-2) * cos(-x('125') +
21710  x('140')) * x('25') * x('40') +
21711  power(x('25'), 2) +
21712  power(x('40'), 2) =l= 1;
21713  con4164..(-2) * cos(-x('125') +
21714  x('139')) * x('25') * x('39') +
21715  power(x('25'), 2) +
21716  power(x('39'), 2) =l= 1;
21717  con4165..(-2) * cos(-x('114') +
21718  x('134')) * x('14') * x('34') +
21719  power(x('14'), 2) +
21720  power(x('34'), 2) =l= 1;
21721  con4166..(-2) * cos(-x('125') +
21722  x('138')) * x('25') * x('38') +
21723  power(x('25'), 2) +
21724  power(x('38'), 2) =l= 1;
21725  con4167..(-2) * cos(-x('125') +
21726  x('137')) * x('25') * x('37') +
21727  power(x('25'), 2) +
21728  power(x('37'), 2) =l= 1;
21729  con4168..(-2) * cos(-x('114') +
21730  x('135')) * x('14') * x('35') +
21731  power(x('14'), 2) +
21732  power(x('35'), 2) =l= 1;
21733  con4169..(-2) * cos(-x('125') +
21734  x('136')) * x('25') * x('36') +
21735  power(x('25'), 2) +
21736  power(x('36'), 2) =l= 1;
21737  con4170..(-2) * cos(-x('125') +
21738  x('135')) * x('25') * x('35') +
21739  power(x('25'), 2) +
21740  power(x('35'), 2) =l= 1;
21741  con4171..(-2) * cos(-x('125') +
21742  x('134')) * x('25') * x('34') +
21743  power(x('25'), 2) +
21744  power(x('34'), 2) =l= 1;
21745  con4172..(-2) * cos(-x('114') +
21746  x('136')) * x('14') * x('36') +
21747  power(x('14'), 2) +
21748  power(x('36'), 2) =l= 1;
21749  con4173..(-2) * cos(-x('125') +
21750  x('133')) * x('25') * x('33') +
21751  power(x('25'), 2) +
21752  power(x('33'), 2) =l= 1;
21753  con4174..(-2) * cos(-x('125') +
21754  x('132')) * x('25') * x('32') +
21755  power(x('25'), 2) +
21756  power(x('32'), 2) =l= 1;
21757  con4175..(-2) * cos(-x('114') +
21758  x('137')) * x('14') * x('37') +
21759  power(x('14'), 2) +
21760  power(x('37'), 2) =l= 1;
21761  con4176..(-2) * cos(-x('125') +
21762  x('131')) * x('25') * x('31') +
21763  power(x('25'), 2) +
21764  power(x('31'), 2) =l= 1;
21765  con4177..(-2) * cos(-x('125') +
21766  x('130')) * x('25') * x('30') +
21767  power(x('25'), 2) +
21768  power(x('30'), 2) =l= 1;
21769  con4178..(-2) * cos(-x('114') +
21770  x('138')) * x('14') * x('38') +
21771  power(x('14'), 2) +
21772  power(x('38'), 2) =l= 1;
21773  con4179..(-2) * cos(-x('125') +
21774  x('129')) * x('25') * x('29') +
21775  power(x('25'), 2) +
21776  power(x('29'), 2) =l= 1;
21777  con4180..(-2) * cos(-x('125') +
21778  x('128')) * x('25') * x('28') +
21779  power(x('25'), 2) +
21780  power(x('28'), 2) =l= 1;
21781  con4181..(-2) * cos(-x('114') +
21782  x('139')) * x('14') * x('39') +
21783  power(x('14'), 2) +
21784  power(x('39'), 2) =l= 1;
21785  con4182..(-2) * cos(-x('125') +
21786  x('127')) * x('25') * x('27') +
21787  power(x('25'), 2) +
21788  power(x('27'), 2) =l= 1;
21789  con4183..(-2) * cos(-x('125') +
21790  x('126')) * x('25') * x('26') +
21791  power(x('25'), 2) +
21792  power(x('26'), 2) =l= 1;
21793  con4184..(-2) * cos(-x('124') +
21794  x('200')) * x('24') * x('100') +
21795  power(x('24'), 2) +
21796  power(x('100'), 2) =l= 1;
21797  con4185..(-2) * cos(-x('114') +
21798  x('140')) * x('14') * x('40') +
21799  power(x('14'), 2) +
21800  power(x('40'), 2) =l= 1;
21801  con4186..(-2) * cos(-x('124') +
21802  x('199')) * x('24') * x('99') +
21803  power(x('24'), 2) +
21804  power(x('99'), 2) =l= 1;
21805  con4187..(-2) * cos(-x('124') +
21806  x('198')) * x('24') * x('98') +
21807  power(x('24'), 2) +
21808  power(x('98'), 2) =l= 1;
21809  con4188..(-2) * cos(-x('114') +
21810  x('141')) * x('14') * x('41') +
21811  power(x('14'), 2) +
21812  power(x('41'), 2) =l= 1;
21813  con4189..(-2) * cos(-x('124') +
21814  x('197')) * x('24') * x('97') +
21815  power(x('24'), 2) +
21816  power(x('97'), 2) =l= 1;
21817  con4190..(-2) * cos(-x('124') +
21818  x('196')) * x('24') * x('96') +
21819  power(x('24'), 2) +
21820  power(x('96'), 2) =l= 1;
21821  con4191..(-2) * cos(-x('114') +
21822  x('142')) * x('14') * x('42') +
21823  power(x('14'), 2) +
21824  power(x('42'), 2) =l= 1;
21825  con4192..(-2) * cos(-x('124') +
21826  x('195')) * x('24') * x('95') +
21827  power(x('24'), 2) +
21828  power(x('95'), 2) =l= 1;
21829  con4193..(-2) * cos(-x('124') +
21830  x('194')) * x('24') * x('94') +
21831  power(x('24'), 2) +
21832  power(x('94'), 2) =l= 1;
21833  con4194..(-2) * cos(-x('114') +
21834  x('143')) * x('14') * x('43') +
21835  power(x('14'), 2) +
21836  power(x('43'), 2) =l= 1;
21837  con4195..(-2) * cos(-x('124') +
21838  x('193')) * x('24') * x('93') +
21839  power(x('24'), 2) +
21840  power(x('93'), 2) =l= 1;
21841  con4196..(-2) * cos(-x('124') +
21842  x('192')) * x('24') * x('92') +
21843  power(x('24'), 2) +
21844  power(x('92'), 2) =l= 1;
21845  con4197..(-2) * cos(-x('124') +
21846  x('191')) * x('24') * x('91') +
21847  power(x('24'), 2) +
21848  power(x('91'), 2) =l= 1;
21849  con4198..(-2) * cos(-x('114') +
21850  x('144')) * x('14') * x('44') +
21851  power(x('14'), 2) +
21852  power(x('44'), 2) =l= 1;
21853  con4199..(-2) * cos(-x('124') +
21854  x('190')) * x('24') * x('90') +
21855  power(x('24'), 2) +
21856  power(x('90'), 2) =l= 1;
21857  con4200..(-2) * cos(-x('124') +
21858  x('189')) * x('24') * x('89') +
21859  power(x('24'), 2) +
21860  power(x('89'), 2) =l= 1;
21861  con4201..(-2) * cos(-x('114') +
21862  x('145')) * x('14') * x('45') +
21863  power(x('14'), 2) +
21864  power(x('45'), 2) =l= 1;
21865  con4202..(-2) * cos(-x('124') +
21866  x('188')) * x('24') * x('88') +
21867  power(x('24'), 2) +
21868  power(x('88'), 2) =l= 1;
21869  con4203..(-2) * cos(-x('124') +
21870  x('187')) * x('24') * x('87') +
21871  power(x('24'), 2) +
21872  power(x('87'), 2) =l= 1;
21873  con4204..(-2) * cos(-x('114') +
21874  x('146')) * x('14') * x('46') +
21875  power(x('14'), 2) +
21876  power(x('46'), 2) =l= 1;
21877  con4205..(-2) * cos(-x('124') +
21878  x('186')) * x('24') * x('86') +
21879  power(x('24'), 2) +
21880  power(x('86'), 2) =l= 1;
21881  con4206..(-2) * cos(-x('124') +
21882  x('185')) * x('24') * x('85') +
21883  power(x('24'), 2) +
21884  power(x('85'), 2) =l= 1;
21885  con4207..(-2) * cos(-x('114') +
21886  x('147')) * x('14') * x('47') +
21887  power(x('14'), 2) +
21888  power(x('47'), 2) =l= 1;
21889  con4208..(-2) * cos(-x('124') +
21890  x('184')) * x('24') * x('84') +
21891  power(x('24'), 2) +
21892  power(x('84'), 2) =l= 1;
21893  con4209..(-2) * cos(-x('124') +
21894  x('183')) * x('24') * x('83') +
21895  power(x('24'), 2) +
21896  power(x('83'), 2) =l= 1;
21897  con4210..(-2) * cos(-x('124') +
21898  x('182')) * x('24') * x('82') +
21899  power(x('24'), 2) +
21900  power(x('82'), 2) =l= 1;
21901  con4211..(-2) * cos(-x('114') +
21902  x('148')) * x('14') * x('48') +
21903  power(x('14'), 2) +
21904  power(x('48'), 2) =l= 1;
21905  con4212..(-2) * cos(-x('124') +
21906  x('181')) * x('24') * x('81') +
21907  power(x('24'), 2) +
21908  power(x('81'), 2) =l= 1;
21909  con4213..(-2) * cos(-x('124') +
21910  x('180')) * x('24') * x('80') +
21911  power(x('24'), 2) +
21912  power(x('80'), 2) =l= 1;
21913  con4214..(-2) * cos(-x('114') +
21914  x('149')) * x('14') * x('49') +
21915  power(x('14'), 2) +
21916  power(x('49'), 2) =l= 1;
21917  con4215..(-2) * cos(-x('124') +
21918  x('179')) * x('24') * x('79') +
21919  power(x('24'), 2) +
21920  power(x('79'), 2) =l= 1;
21921  con4216..(-2) * cos(-x('124') +
21922  x('178')) * x('24') * x('78') +
21923  power(x('24'), 2) +
21924  power(x('78'), 2) =l= 1;
21925  con4217..(-2) * cos(-x('114') +
21926  x('150')) * x('14') * x('50') +
21927  power(x('14'), 2) +
21928  power(x('50'), 2) =l= 1;
21929  con4218..(-2) * cos(-x('124') +
21930  x('177')) * x('24') * x('77') +
21931  power(x('24'), 2) +
21932  power(x('77'), 2) =l= 1;
21933  con4219..(-2) * cos(-x('124') +
21934  x('176')) * x('24') * x('76') +
21935  power(x('24'), 2) +
21936  power(x('76'), 2) =l= 1;
21937  con4220..(-2) * cos(-x('114') +
21938  x('151')) * x('14') * x('51') +
21939  power(x('14'), 2) +
21940  power(x('51'), 2) =l= 1;
21941  con4221..(-2) * cos(-x('124') +
21942  x('175')) * x('24') * x('75') +
21943  power(x('24'), 2) +
21944  power(x('75'), 2) =l= 1;
21945  con4222..(-2) * cos(-x('124') +
21946  x('174')) * x('24') * x('74') +
21947  power(x('24'), 2) +
21948  power(x('74'), 2) =l= 1;
21949  con4223..(-2) * cos(-x('124') +
21950  x('173')) * x('24') * x('73') +
21951  power(x('24'), 2) +
21952  power(x('73'), 2) =l= 1;
21953  con4224..(-2) * cos(-x('114') +
21954  x('152')) * x('14') * x('52') +
21955  power(x('14'), 2) +
21956  power(x('52'), 2) =l= 1;
21957  con4225..(-2) * cos(-x('124') +
21958  x('172')) * x('24') * x('72') +
21959  power(x('24'), 2) +
21960  power(x('72'), 2) =l= 1;
21961  con4226..(-2) * cos(-x('124') +
21962  x('171')) * x('24') * x('71') +
21963  power(x('24'), 2) +
21964  power(x('71'), 2) =l= 1;
21965  con4227..(-2) * cos(-x('114') +
21966  x('153')) * x('14') * x('53') +
21967  power(x('14'), 2) +
21968  power(x('53'), 2) =l= 1;
21969  con4228..(-2) * cos(-x('124') +
21970  x('170')) * x('24') * x('70') +
21971  power(x('24'), 2) +
21972  power(x('70'), 2) =l= 1;
21973  con4229..(-2) * cos(-x('124') +
21974  x('169')) * x('24') * x('69') +
21975  power(x('24'), 2) +
21976  power(x('69'), 2) =l= 1;
21977  con4230..(-2) * cos(-x('114') +
21978  x('154')) * x('14') * x('54') +
21979  power(x('14'), 2) +
21980  power(x('54'), 2) =l= 1;
21981  con4231..(-2) * cos(-x('124') +
21982  x('168')) * x('24') * x('68') +
21983  power(x('24'), 2) +
21984  power(x('68'), 2) =l= 1;
21985  con4232..(-2) * cos(-x('124') +
21986  x('167')) * x('24') * x('67') +
21987  power(x('24'), 2) +
21988  power(x('67'), 2) =l= 1;
21989  con4233..(-2) * cos(-x('114') +
21990  x('155')) * x('14') * x('55') +
21991  power(x('14'), 2) +
21992  power(x('55'), 2) =l= 1;
21993  con4234..(-2) * cos(-x('124') +
21994  x('166')) * x('24') * x('66') +
21995  power(x('24'), 2) +
21996  power(x('66'), 2) =l= 1;
21997  con4235..(-2) * cos(-x('124') +
21998  x('165')) * x('24') * x('65') +
21999  power(x('24'), 2) +
22000  power(x('65'), 2) =l= 1;
22001  con4236..(-2) * cos(-x('124') +
22002  x('164')) * x('24') * x('64') +
22003  power(x('24'), 2) +
22004  power(x('64'), 2) =l= 1;
22005  con4237..(-2) * cos(-x('114') +
22006  x('156')) * x('14') * x('56') +
22007  power(x('14'), 2) +
22008  power(x('56'), 2) =l= 1;
22009  con4238..(-2) * cos(-x('124') +
22010  x('163')) * x('24') * x('63') +
22011  power(x('24'), 2) +
22012  power(x('63'), 2) =l= 1;
22013  con4239..(-2) * cos(-x('124') +
22014  x('162')) * x('24') * x('62') +
22015  power(x('24'), 2) +
22016  power(x('62'), 2) =l= 1;
22017  con4240..(-2) * cos(-x('114') +
22018  x('157')) * x('14') * x('57') +
22019  power(x('14'), 2) +
22020  power(x('57'), 2) =l= 1;
22021  con4241..(-2) * cos(-x('124') +
22022  x('161')) * x('24') * x('61') +
22023  power(x('24'), 2) +
22024  power(x('61'), 2) =l= 1;
22025  con4242..(-2) * cos(-x('124') +
22026  x('160')) * x('24') * x('60') +
22027  power(x('24'), 2) +
22028  power(x('60'), 2) =l= 1;
22029  con4243..(-2) * cos(-x('114') +
22030  x('158')) * x('14') * x('58') +
22031  power(x('14'), 2) +
22032  power(x('58'), 2) =l= 1;
22033  con4244..(-2) * cos(-x('124') +
22034  x('159')) * x('24') * x('59') +
22035  power(x('24'), 2) +
22036  power(x('59'), 2) =l= 1;
22037  con4245..(-2) * cos(-x('124') +
22038  x('158')) * x('24') * x('58') +
22039  power(x('24'), 2) +
22040  power(x('58'), 2) =l= 1;
22041  con4246..(-2) * cos(-x('114') +
22042  x('159')) * x('14') * x('59') +
22043  power(x('14'), 2) +
22044  power(x('59'), 2) =l= 1;
22045  con4247..(-2) * cos(-x('124') +
22046  x('157')) * x('24') * x('57') +
22047  power(x('24'), 2) +
22048  power(x('57'), 2) =l= 1;
22049  con4248..(-2) * cos(-x('124') +
22050  x('156')) * x('24') * x('56') +
22051  power(x('24'), 2) +
22052  power(x('56'), 2) =l= 1;
22053  con4249..(-2) * cos(-x('124') +
22054  x('155')) * x('24') * x('55') +
22055  power(x('24'), 2) +
22056  power(x('55'), 2) =l= 1;
22057  con4250..(-2) * cos(-x('114') +
22058  x('160')) * x('14') * x('60') +
22059  power(x('14'), 2) +
22060  power(x('60'), 2) =l= 1;
22061  con4251..(-2) * cos(-x('124') +
22062  x('154')) * x('24') * x('54') +
22063  power(x('24'), 2) +
22064  power(x('54'), 2) =l= 1;
22065  con4252..(-2) * cos(-x('124') +
22066  x('153')) * x('24') * x('53') +
22067  power(x('24'), 2) +
22068  power(x('53'), 2) =l= 1;
22069  con4253..(-2) * cos(-x('114') +
22070  x('161')) * x('14') * x('61') +
22071  power(x('14'), 2) +
22072  power(x('61'), 2) =l= 1;
22073  con4254..(-2) * cos(-x('124') +
22074  x('152')) * x('24') * x('52') +
22075  power(x('24'), 2) +
22076  power(x('52'), 2) =l= 1;
22077  con4255..(-2) * cos(-x('124') +
22078  x('151')) * x('24') * x('51') +
22079  power(x('24'), 2) +
22080  power(x('51'), 2) =l= 1;
22081  con4256..(-2) * cos(-x('114') +
22082  x('162')) * x('14') * x('62') +
22083  power(x('14'), 2) +
22084  power(x('62'), 2) =l= 1;
22085  con4257..(-2) * cos(-x('124') +
22086  x('150')) * x('24') * x('50') +
22087  power(x('24'), 2) +
22088  power(x('50'), 2) =l= 1;
22089  con4258..(-2) * cos(-x('124') +
22090  x('149')) * x('24') * x('49') +
22091  power(x('24'), 2) +
22092  power(x('49'), 2) =l= 1;
22093  con4259..(-2) * cos(-x('114') +
22094  x('163')) * x('14') * x('63') +
22095  power(x('14'), 2) +
22096  power(x('63'), 2) =l= 1;
22097  con4260..(-2) * cos(-x('124') +
22098  x('148')) * x('24') * x('48') +
22099  power(x('24'), 2) +
22100  power(x('48'), 2) =l= 1;
22101  con4261..(-2) * cos(-x('124') +
22102  x('147')) * x('24') * x('47') +
22103  power(x('24'), 2) +
22104  power(x('47'), 2) =l= 1;
22105  con4262..(-2) * cos(-x('124') +
22106  x('146')) * x('24') * x('46') +
22107  power(x('24'), 2) +
22108  power(x('46'), 2) =l= 1;
22109  con4263..(-2) * cos(-x('114') +
22110  x('164')) * x('14') * x('64') +
22111  power(x('14'), 2) +
22112  power(x('64'), 2) =l= 1;
22113  con4264..(-2) * cos(-x('124') +
22114  x('145')) * x('24') * x('45') +
22115  power(x('24'), 2) +
22116  power(x('45'), 2) =l= 1;
22117  con4265..(-2) * cos(-x('124') +
22118  x('144')) * x('24') * x('44') +
22119  power(x('24'), 2) +
22120  power(x('44'), 2) =l= 1;
22121  con4266..(-2) * cos(-x('114') +
22122  x('165')) * x('14') * x('65') +
22123  power(x('14'), 2) +
22124  power(x('65'), 2) =l= 1;
22125  con4267..(-2) * cos(-x('124') +
22126  x('143')) * x('24') * x('43') +
22127  power(x('24'), 2) +
22128  power(x('43'), 2) =l= 1;
22129  con4268..(-2) * cos(-x('124') +
22130  x('142')) * x('24') * x('42') +
22131  power(x('24'), 2) +
22132  power(x('42'), 2) =l= 1;
22133  con4269..(-2) * cos(-x('114') +
22134  x('166')) * x('14') * x('66') +
22135  power(x('14'), 2) +
22136  power(x('66'), 2) =l= 1;
22137  con4270..(-2) * cos(-x('124') +
22138  x('141')) * x('24') * x('41') +
22139  power(x('24'), 2) +
22140  power(x('41'), 2) =l= 1;
22141  con4271..(-2) * cos(-x('124') +
22142  x('140')) * x('24') * x('40') +
22143  power(x('24'), 2) +
22144  power(x('40'), 2) =l= 1;
22145  con4272..(-2) * cos(-x('114') +
22146  x('167')) * x('14') * x('67') +
22147  power(x('14'), 2) +
22148  power(x('67'), 2) =l= 1;
22149  con4273..(-2) * cos(-x('124') +
22150  x('139')) * x('24') * x('39') +
22151  power(x('24'), 2) +
22152  power(x('39'), 2) =l= 1;
22153  con4274..(-2) * cos(-x('124') +
22154  x('138')) * x('24') * x('38') +
22155  power(x('24'), 2) +
22156  power(x('38'), 2) =l= 1;
22157  con4275..(-2) * cos(-x('124') +
22158  x('137')) * x('24') * x('37') +
22159  power(x('24'), 2) +
22160  power(x('37'), 2) =l= 1;
22161  con4276..(-2) * cos(-x('114') +
22162  x('168')) * x('14') * x('68') +
22163  power(x('14'), 2) +
22164  power(x('68'), 2) =l= 1;
22165  con4277..(-2) * cos(-x('124') +
22166  x('136')) * x('24') * x('36') +
22167  power(x('24'), 2) +
22168  power(x('36'), 2) =l= 1;
22169  con4278..(-2) * cos(-x('124') +
22170  x('135')) * x('24') * x('35') +
22171  power(x('24'), 2) +
22172  power(x('35'), 2) =l= 1;
22173  con4279..(-2) * cos(-x('114') +
22174  x('169')) * x('14') * x('69') +
22175  power(x('14'), 2) +
22176  power(x('69'), 2) =l= 1;
22177  con4280..(-2) * cos(-x('124') +
22178  x('134')) * x('24') * x('34') +
22179  power(x('24'), 2) +
22180  power(x('34'), 2) =l= 1;
22181  con4281..(-2) * cos(-x('124') +
22182  x('133')) * x('24') * x('33') +
22183  power(x('24'), 2) +
22184  power(x('33'), 2) =l= 1;
22185  con4282..(-2) * cos(-x('114') +
22186  x('170')) * x('14') * x('70') +
22187  power(x('14'), 2) +
22188  power(x('70'), 2) =l= 1;
22189  con4283..(-2) * cos(-x('124') +
22190  x('132')) * x('24') * x('32') +
22191  power(x('24'), 2) +
22192  power(x('32'), 2) =l= 1;
22193  con4284..(-2) * cos(-x('124') +
22194  x('131')) * x('24') * x('31') +
22195  power(x('24'), 2) +
22196  power(x('31'), 2) =l= 1;
22197  con4285..(-2) * cos(-x('114') +
22198  x('171')) * x('14') * x('71') +
22199  power(x('14'), 2) +
22200  power(x('71'), 2) =l= 1;
22201  con4286..(-2) * cos(-x('124') +
22202  x('130')) * x('24') * x('30') +
22203  power(x('24'), 2) +
22204  power(x('30'), 2) =l= 1;
22205  con4287..(-2) * cos(-x('124') +
22206  x('129')) * x('24') * x('29') +
22207  power(x('24'), 2) +
22208  power(x('29'), 2) =l= 1;
22209  con4288..(-2) * cos(-x('124') +
22210  x('128')) * x('24') * x('28') +
22211  power(x('24'), 2) +
22212  power(x('28'), 2) =l= 1;
22213  con4289..(-2) * cos(-x('114') +
22214  x('172')) * x('14') * x('72') +
22215  power(x('14'), 2) +
22216  power(x('72'), 2) =l= 1;
22217  con4290..(-2) * cos(-x('124') +
22218  x('127')) * x('24') * x('27') +
22219  power(x('24'), 2) +
22220  power(x('27'), 2) =l= 1;
22221  con4291..(-2) * cos(-x('124') +
22222  x('126')) * x('24') * x('26') +
22223  power(x('24'), 2) +
22224  power(x('26'), 2) =l= 1;
22225  con4292..(-2) * cos(-x('114') +
22226  x('173')) * x('14') * x('73') +
22227  power(x('14'), 2) +
22228  power(x('73'), 2) =l= 1;
22229  con4293..(-2) * cos(-x('124') +
22230  x('125')) * x('24') * x('25') +
22231  power(x('24'), 2) +
22232  power(x('25'), 2) =l= 1;
22233  con4294..(-2) * cos(-x('123') +
22234  x('200')) * x('23') * x('100') +
22235  power(x('23'), 2) +
22236  power(x('100'), 2) =l= 1;
22237  con4295..(-2) * cos(-x('114') +
22238  x('174')) * x('14') * x('74') +
22239  power(x('14'), 2) +
22240  power(x('74'), 2) =l= 1;
22241  con4296..(-2) * cos(-x('123') +
22242  x('199')) * x('23') * x('99') +
22243  power(x('23'), 2) +
22244  power(x('99'), 2) =l= 1;
22245  con4297..(-2) * cos(-x('123') +
22246  x('198')) * x('23') * x('98') +
22247  power(x('23'), 2) +
22248  power(x('98'), 2) =l= 1;
22249  con4298..(-2) * cos(-x('114') +
22250  x('175')) * x('14') * x('75') +
22251  power(x('14'), 2) +
22252  power(x('75'), 2) =l= 1;
22253  con4299..(-2) * cos(-x('123') +
22254  x('197')) * x('23') * x('97') +
22255  power(x('23'), 2) +
22256  power(x('97'), 2) =l= 1;
22257  con4300..(-2) * cos(-x('123') +
22258  x('196')) * x('23') * x('96') +
22259  power(x('23'), 2) +
22260  power(x('96'), 2) =l= 1;
22261  con4301..(-2) * cos(-x('123') +
22262  x('195')) * x('23') * x('95') +
22263  power(x('23'), 2) +
22264  power(x('95'), 2) =l= 1;
22265  con4302..(-2) * cos(-x('114') +
22266  x('176')) * x('14') * x('76') +
22267  power(x('14'), 2) +
22268  power(x('76'), 2) =l= 1;
22269  con4303..(-2) * cos(-x('123') +
22270  x('194')) * x('23') * x('94') +
22271  power(x('23'), 2) +
22272  power(x('94'), 2) =l= 1;
22273  con4304..(-2) * cos(-x('123') +
22274  x('193')) * x('23') * x('93') +
22275  power(x('23'), 2) +
22276  power(x('93'), 2) =l= 1;
22277  con4305..(-2) * cos(-x('114') +
22278  x('177')) * x('14') * x('77') +
22279  power(x('14'), 2) +
22280  power(x('77'), 2) =l= 1;
22281  con4306..(-2) * cos(-x('123') +
22282  x('192')) * x('23') * x('92') +
22283  power(x('23'), 2) +
22284  power(x('92'), 2) =l= 1;
22285  con4307..(-2) * cos(-x('123') +
22286  x('191')) * x('23') * x('91') +
22287  power(x('23'), 2) +
22288  power(x('91'), 2) =l= 1;
22289  con4308..(-2) * cos(-x('114') +
22290  x('178')) * x('14') * x('78') +
22291  power(x('14'), 2) +
22292  power(x('78'), 2) =l= 1;
22293  con4309..(-2) * cos(-x('123') +
22294  x('190')) * x('23') * x('90') +
22295  power(x('23'), 2) +
22296  power(x('90'), 2) =l= 1;
22297  con4310..(-2) * cos(-x('123') +
22298  x('189')) * x('23') * x('89') +
22299  power(x('23'), 2) +
22300  power(x('89'), 2) =l= 1;
22301  con4311..(-2) * cos(-x('114') +
22302  x('179')) * x('14') * x('79') +
22303  power(x('14'), 2) +
22304  power(x('79'), 2) =l= 1;
22305  con4312..(-2) * cos(-x('123') +
22306  x('188')) * x('23') * x('88') +
22307  power(x('23'), 2) +
22308  power(x('88'), 2) =l= 1;
22309  con4313..(-2) * cos(-x('123') +
22310  x('187')) * x('23') * x('87') +
22311  power(x('23'), 2) +
22312  power(x('87'), 2) =l= 1;
22313  con4314..(-2) * cos(-x('123') +
22314  x('186')) * x('23') * x('86') +
22315  power(x('23'), 2) +
22316  power(x('86'), 2) =l= 1;
22317  con4315..(-2) * cos(-x('114') +
22318  x('180')) * x('14') * x('80') +
22319  power(x('14'), 2) +
22320  power(x('80'), 2) =l= 1;
22321  con4316..(-2) * cos(-x('123') +
22322  x('185')) * x('23') * x('85') +
22323  power(x('23'), 2) +
22324  power(x('85'), 2) =l= 1;
22325  con4317..(-2) * cos(-x('123') +
22326  x('184')) * x('23') * x('84') +
22327  power(x('23'), 2) +
22328  power(x('84'), 2) =l= 1;
22329  con4318..(-2) * cos(-x('114') +
22330  x('181')) * x('14') * x('81') +
22331  power(x('14'), 2) +
22332  power(x('81'), 2) =l= 1;
22333  con4319..(-2) * cos(-x('123') +
22334  x('183')) * x('23') * x('83') +
22335  power(x('23'), 2) +
22336  power(x('83'), 2) =l= 1;
22337  con4320..(-2) * cos(-x('123') +
22338  x('182')) * x('23') * x('82') +
22339  power(x('23'), 2) +
22340  power(x('82'), 2) =l= 1;
22341  con4321..(-2) * cos(-x('114') +
22342  x('182')) * x('14') * x('82') +
22343  power(x('14'), 2) +
22344  power(x('82'), 2) =l= 1;
22345  con4322..(-2) * cos(-x('123') +
22346  x('181')) * x('23') * x('81') +
22347  power(x('23'), 2) +
22348  power(x('81'), 2) =l= 1;
22349  con4323..(-2) * cos(-x('123') +
22350  x('180')) * x('23') * x('80') +
22351  power(x('23'), 2) +
22352  power(x('80'), 2) =l= 1;
22353  con4324..(-2) * cos(-x('114') +
22354  x('183')) * x('14') * x('83') +
22355  power(x('14'), 2) +
22356  power(x('83'), 2) =l= 1;
22357  con4325..(-2) * cos(-x('123') +
22358  x('179')) * x('23') * x('79') +
22359  power(x('23'), 2) +
22360  power(x('79'), 2) =l= 1;
22361  con4326..(-2) * cos(-x('123') +
22362  x('178')) * x('23') * x('78') +
22363  power(x('23'), 2) +
22364  power(x('78'), 2) =l= 1;
22365  con4327..(-2) * cos(-x('123') +
22366  x('177')) * x('23') * x('77') +
22367  power(x('23'), 2) +
22368  power(x('77'), 2) =l= 1;
22369  con4328..(-2) * cos(-x('114') +
22370  x('184')) * x('14') * x('84') +
22371  power(x('14'), 2) +
22372  power(x('84'), 2) =l= 1;
22373  con4329..(-2) * cos(-x('123') +
22374  x('176')) * x('23') * x('76') +
22375  power(x('23'), 2) +
22376  power(x('76'), 2) =l= 1;
22377  con4330..(-2) * cos(-x('123') +
22378  x('175')) * x('23') * x('75') +
22379  power(x('23'), 2) +
22380  power(x('75'), 2) =l= 1;
22381  con4331..(-2) * cos(-x('114') +
22382  x('185')) * x('14') * x('85') +
22383  power(x('14'), 2) +
22384  power(x('85'), 2) =l= 1;
22385  con4332..(-2) * cos(-x('123') +
22386  x('174')) * x('23') * x('74') +
22387  power(x('23'), 2) +
22388  power(x('74'), 2) =l= 1;
22389  con4333..(-2) * cos(-x('123') +
22390  x('173')) * x('23') * x('73') +
22391  power(x('23'), 2) +
22392  power(x('73'), 2) =l= 1;
22393  con4334..(-2) * cos(-x('114') +
22394  x('186')) * x('14') * x('86') +
22395  power(x('14'), 2) +
22396  power(x('86'), 2) =l= 1;
22397  con4335..(-2) * cos(-x('123') +
22398  x('172')) * x('23') * x('72') +
22399  power(x('23'), 2) +
22400  power(x('72'), 2) =l= 1;
22401  con4336..(-2) * cos(-x('123') +
22402  x('171')) * x('23') * x('71') +
22403  power(x('23'), 2) +
22404  power(x('71'), 2) =l= 1;
22405  con4337..(-2) * cos(-x('114') +
22406  x('187')) * x('14') * x('87') +
22407  power(x('14'), 2) +
22408  power(x('87'), 2) =l= 1;
22409  con4338..(-2) * cos(-x('123') +
22410  x('170')) * x('23') * x('70') +
22411  power(x('23'), 2) +
22412  power(x('70'), 2) =l= 1;
22413  con4339..(-2) * cos(-x('123') +
22414  x('169')) * x('23') * x('69') +
22415  power(x('23'), 2) +
22416  power(x('69'), 2) =l= 1;
22417  con4340..(-2) * cos(-x('123') +
22418  x('168')) * x('23') * x('68') +
22419  power(x('23'), 2) +
22420  power(x('68'), 2) =l= 1;
22421  con4341..(-2) * cos(-x('114') +
22422  x('188')) * x('14') * x('88') +
22423  power(x('14'), 2) +
22424  power(x('88'), 2) =l= 1;
22425  con4342..(-2) * cos(-x('123') +
22426  x('167')) * x('23') * x('67') +
22427  power(x('23'), 2) +
22428  power(x('67'), 2) =l= 1;
22429  con4343..(-2) * cos(-x('123') +
22430  x('166')) * x('23') * x('66') +
22431  power(x('23'), 2) +
22432  power(x('66'), 2) =l= 1;
22433  con4344..(-2) * cos(-x('114') +
22434  x('189')) * x('14') * x('89') +
22435  power(x('14'), 2) +
22436  power(x('89'), 2) =l= 1;
22437  con4345..(-2) * cos(-x('123') +
22438  x('165')) * x('23') * x('65') +
22439  power(x('23'), 2) +
22440  power(x('65'), 2) =l= 1;
22441  con4346..(-2) * cos(-x('123') +
22442  x('164')) * x('23') * x('64') +
22443  power(x('23'), 2) +
22444  power(x('64'), 2) =l= 1;
22445  con4347..(-2) * cos(-x('114') +
22446  x('190')) * x('14') * x('90') +
22447  power(x('14'), 2) +
22448  power(x('90'), 2) =l= 1;
22449  con4348..(-2) * cos(-x('123') +
22450  x('163')) * x('23') * x('63') +
22451  power(x('23'), 2) +
22452  power(x('63'), 2) =l= 1;
22453  con4349..(-2) * cos(-x('123') +
22454  x('162')) * x('23') * x('62') +
22455  power(x('23'), 2) +
22456  power(x('62'), 2) =l= 1;
22457  con4350..(-2) * cos(-x('114') +
22458  x('191')) * x('14') * x('91') +
22459  power(x('14'), 2) +
22460  power(x('91'), 2) =l= 1;
22461  con4351..(-2) * cos(-x('123') +
22462  x('161')) * x('23') * x('61') +
22463  power(x('23'), 2) +
22464  power(x('61'), 2) =l= 1;
22465  con4352..(-2) * cos(-x('123') +
22466  x('160')) * x('23') * x('60') +
22467  power(x('23'), 2) +
22468  power(x('60'), 2) =l= 1;
22469  con4353..(-2) * cos(-x('123') +
22470  x('159')) * x('23') * x('59') +
22471  power(x('23'), 2) +
22472  power(x('59'), 2) =l= 1;
22473  con4354..(-2) * cos(-x('114') +
22474  x('192')) * x('14') * x('92') +
22475  power(x('14'), 2) +
22476  power(x('92'), 2) =l= 1;
22477  con4355..(-2) * cos(-x('123') +
22478  x('158')) * x('23') * x('58') +
22479  power(x('23'), 2) +
22480  power(x('58'), 2) =l= 1;
22481  con4356..(-2) * cos(-x('123') +
22482  x('157')) * x('23') * x('57') +
22483  power(x('23'), 2) +
22484  power(x('57'), 2) =l= 1;
22485  con4357..(-2) * cos(-x('114') +
22486  x('193')) * x('14') * x('93') +
22487  power(x('14'), 2) +
22488  power(x('93'), 2) =l= 1;
22489  con4358..(-2) * cos(-x('123') +
22490  x('156')) * x('23') * x('56') +
22491  power(x('23'), 2) +
22492  power(x('56'), 2) =l= 1;
22493  con4359..(-2) * cos(-x('123') +
22494  x('155')) * x('23') * x('55') +
22495  power(x('23'), 2) +
22496  power(x('55'), 2) =l= 1;
22497  con4360..(-2) * cos(-x('114') +
22498  x('194')) * x('14') * x('94') +
22499  power(x('14'), 2) +
22500  power(x('94'), 2) =l= 1;
22501  con4361..(-2) * cos(-x('123') +
22502  x('154')) * x('23') * x('54') +
22503  power(x('23'), 2) +
22504  power(x('54'), 2) =l= 1;
22505  con4362..(-2) * cos(-x('123') +
22506  x('153')) * x('23') * x('53') +
22507  power(x('23'), 2) +
22508  power(x('53'), 2) =l= 1;
22509  con4363..(-2) * cos(-x('114') +
22510  x('195')) * x('14') * x('95') +
22511  power(x('14'), 2) +
22512  power(x('95'), 2) =l= 1;
22513  con4364..(-2) * cos(-x('123') +
22514  x('152')) * x('23') * x('52') +
22515  power(x('23'), 2) +
22516  power(x('52'), 2) =l= 1;
22517  con4365..(-2) * cos(-x('123') +
22518  x('151')) * x('23') * x('51') +
22519  power(x('23'), 2) +
22520  power(x('51'), 2) =l= 1;
22521  con4366..(-2) * cos(-x('123') +
22522  x('150')) * x('23') * x('50') +
22523  power(x('23'), 2) +
22524  power(x('50'), 2) =l= 1;
22525  con4367..(-2) * cos(-x('114') +
22526  x('196')) * x('14') * x('96') +
22527  power(x('14'), 2) +
22528  power(x('96'), 2) =l= 1;
22529  con4368..(-2) * cos(-x('123') +
22530  x('149')) * x('23') * x('49') +
22531  power(x('23'), 2) +
22532  power(x('49'), 2) =l= 1;
22533  con4369..(-2) * cos(-x('123') +
22534  x('148')) * x('23') * x('48') +
22535  power(x('23'), 2) +
22536  power(x('48'), 2) =l= 1;
22537  con4370..(-2) * cos(-x('114') +
22538  x('197')) * x('14') * x('97') +
22539  power(x('14'), 2) +
22540  power(x('97'), 2) =l= 1;
22541  con4371..(-2) * cos(-x('123') +
22542  x('147')) * x('23') * x('47') +
22543  power(x('23'), 2) +
22544  power(x('47'), 2) =l= 1;
22545  con4372..(-2) * cos(-x('123') +
22546  x('146')) * x('23') * x('46') +
22547  power(x('23'), 2) +
22548  power(x('46'), 2) =l= 1;
22549  con4373..(-2) * cos(-x('114') +
22550  x('198')) * x('14') * x('98') +
22551  power(x('14'), 2) +
22552  power(x('98'), 2) =l= 1;
22553  con4374..(-2) * cos(-x('123') +
22554  x('145')) * x('23') * x('45') +
22555  power(x('23'), 2) +
22556  power(x('45'), 2) =l= 1;
22557  con4375..(-2) * cos(-x('123') +
22558  x('144')) * x('23') * x('44') +
22559  power(x('23'), 2) +
22560  power(x('44'), 2) =l= 1;
22561  con4376..(-2) * cos(-x('114') +
22562  x('199')) * x('14') * x('99') +
22563  power(x('14'), 2) +
22564  power(x('99'), 2) =l= 1;
22565  con4377..(-2) * cos(-x('123') +
22566  x('143')) * x('23') * x('43') +
22567  power(x('23'), 2) +
22568  power(x('43'), 2) =l= 1;
22569  con4378..(-2) * cos(-x('123') +
22570  x('142')) * x('23') * x('42') +
22571  power(x('23'), 2) +
22572  power(x('42'), 2) =l= 1;
22573  con4379..(-2) * cos(-x('123') +
22574  x('141')) * x('23') * x('41') +
22575  power(x('23'), 2) +
22576  power(x('41'), 2) =l= 1;
22577  con4380..(-2) * cos(-x('114') +
22578  x('200')) * x('14') * x('100') +
22579  power(x('14'), 2) +
22580  power(x('100'), 2) =l= 1;
22581  con4381..(-2) * cos(-x('123') +
22582  x('140')) * x('23') * x('40') +
22583  power(x('23'), 2) +
22584  power(x('40'), 2) =l= 1;
22585  con4382..(-2) * cos(-x('123') +
22586  x('139')) * x('23') * x('39') +
22587  power(x('23'), 2) +
22588  power(x('39'), 2) =l= 1;
22589  con4383..(-2) * cos(-x('115') +
22590  x('116')) * x('15') * x('16') +
22591  power(x('15'), 2) +
22592  power(x('16'), 2) =l= 1;
22593  con4384..(-2) * cos(-x('123') +
22594  x('138')) * x('23') * x('38') +
22595  power(x('23'), 2) +
22596  power(x('38'), 2) =l= 1;
22597  con4385..(-2) * cos(-x('123') +
22598  x('137')) * x('23') * x('37') +
22599  power(x('23'), 2) +
22600  power(x('37'), 2) =l= 1;
22601  con4386..(-2) * cos(-x('115') +
22602  x('117')) * x('15') * x('17') +
22603  power(x('15'), 2) +
22604  power(x('17'), 2) =l= 1;
22605  con4387..(-2) * cos(-x('123') +
22606  x('136')) * x('23') * x('36') +
22607  power(x('23'), 2) +
22608  power(x('36'), 2) =l= 1;
22609  con4388..(-2) * cos(-x('123') +
22610  x('135')) * x('23') * x('35') +
22611  power(x('23'), 2) +
22612  power(x('35'), 2) =l= 1;
22613  con4389..(-2) * cos(-x('115') +
22614  x('118')) * x('15') * x('18') +
22615  power(x('15'), 2) +
22616  power(x('18'), 2) =l= 1;
22617  con4390..(-2) * cos(-x('123') +
22618  x('134')) * x('23') * x('34') +
22619  power(x('23'), 2) +
22620  power(x('34'), 2) =l= 1;
22621  con4391..(-2) * cos(-x('123') +
22622  x('133')) * x('23') * x('33') +
22623  power(x('23'), 2) +
22624  power(x('33'), 2) =l= 1;
22625  con4392..(-2) * cos(-x('123') +
22626  x('132')) * x('23') * x('32') +
22627  power(x('23'), 2) +
22628  power(x('32'), 2) =l= 1;
22629  con4393..(-2) * cos(-x('115') +
22630  x('119')) * x('15') * x('19') +
22631  power(x('15'), 2) +
22632  power(x('19'), 2) =l= 1;
22633  con4394..(-2) * cos(-x('123') +
22634  x('131')) * x('23') * x('31') +
22635  power(x('23'), 2) +
22636  power(x('31'), 2) =l= 1;
22637  con4395..(-2) * cos(-x('123') +
22638  x('130')) * x('23') * x('30') +
22639  power(x('23'), 2) +
22640  power(x('30'), 2) =l= 1;
22641  con4396..(-2) * cos(-x('115') +
22642  x('120')) * x('15') * x('20') +
22643  power(x('15'), 2) +
22644  power(x('20'), 2) =l= 1;
22645  con4397..(-2) * cos(-x('123') +
22646  x('129')) * x('23') * x('29') +
22647  power(x('23'), 2) +
22648  power(x('29'), 2) =l= 1;
22649  con4398..(-2) * cos(-x('123') +
22650  x('128')) * x('23') * x('28') +
22651  power(x('23'), 2) +
22652  power(x('28'), 2) =l= 1;
22653  con4399..(-2) * cos(-x('115') +
22654  x('121')) * x('15') * x('21') +
22655  power(x('15'), 2) +
22656  power(x('21'), 2) =l= 1;
22657  con4400..(-2) * cos(-x('123') +
22658  x('127')) * x('23') * x('27') +
22659  power(x('23'), 2) +
22660  power(x('27'), 2) =l= 1;
22661  con4401..(-2) * cos(-x('123') +
22662  x('126')) * x('23') * x('26') +
22663  power(x('23'), 2) +
22664  power(x('26'), 2) =l= 1;
22665  con4402..(-2) * cos(-x('115') +
22666  x('122')) * x('15') * x('22') +
22667  power(x('15'), 2) +
22668  power(x('22'), 2) =l= 1;
22669  con4403..(-2) * cos(-x('123') +
22670  x('125')) * x('23') * x('25') +
22671  power(x('23'), 2) +
22672  power(x('25'), 2) =l= 1;
22673  con4404..(-2) * cos(-x('123') +
22674  x('124')) * x('23') * x('24') +
22675  power(x('23'), 2) +
22676  power(x('24'), 2) =l= 1;
22677  con4405..(-2) * cos(-x('122') +
22678  x('200')) * x('22') * x('100') +
22679  power(x('22'), 2) +
22680  power(x('100'), 2) =l= 1;
22681  con4406..(-2) * cos(-x('115') +
22682  x('123')) * x('15') * x('23') +
22683  power(x('15'), 2) +
22684  power(x('23'), 2) =l= 1;
22685  con4407..(-2) * cos(-x('122') +
22686  x('199')) * x('22') * x('99') +
22687  power(x('22'), 2) +
22688  power(x('99'), 2) =l= 1;
22689  con4408..(-2) * cos(-x('122') +
22690  x('198')) * x('22') * x('98') +
22691  power(x('22'), 2) +
22692  power(x('98'), 2) =l= 1;
22693  con4409..(-2) * cos(-x('115') +
22694  x('124')) * x('15') * x('24') +
22695  power(x('15'), 2) +
22696  power(x('24'), 2) =l= 1;
22697  con4410..(-2) * cos(-x('122') +
22698  x('197')) * x('22') * x('97') +
22699  power(x('22'), 2) +
22700  power(x('97'), 2) =l= 1;
22701  con4411..(-2) * cos(-x('122') +
22702  x('196')) * x('22') * x('96') +
22703  power(x('22'), 2) +
22704  power(x('96'), 2) =l= 1;
22705  con4412..(-2) * cos(-x('115') +
22706  x('125')) * x('15') * x('25') +
22707  power(x('15'), 2) +
22708  power(x('25'), 2) =l= 1;
22709  con4413..(-2) * cos(-x('122') +
22710  x('195')) * x('22') * x('95') +
22711  power(x('22'), 2) +
22712  power(x('95'), 2) =l= 1;
22713  con4414..(-2) * cos(-x('122') +
22714  x('194')) * x('22') * x('94') +
22715  power(x('22'), 2) +
22716  power(x('94'), 2) =l= 1;
22717  con4415..(-2) * cos(-x('115') +
22718  x('126')) * x('15') * x('26') +
22719  power(x('15'), 2) +
22720  power(x('26'), 2) =l= 1;
22721  con4416..(-2) * cos(-x('122') +
22722  x('193')) * x('22') * x('93') +
22723  power(x('22'), 2) +
22724  power(x('93'), 2) =l= 1;
22725  con4417..(-2) * cos(-x('122') +
22726  x('192')) * x('22') * x('92') +
22727  power(x('22'), 2) +
22728  power(x('92'), 2) =l= 1;
22729  con4418..(-2) * cos(-x('122') +
22730  x('191')) * x('22') * x('91') +
22731  power(x('22'), 2) +
22732  power(x('91'), 2) =l= 1;
22733  con4419..(-2) * cos(-x('115') +
22734  x('127')) * x('15') * x('27') +
22735  power(x('15'), 2) +
22736  power(x('27'), 2) =l= 1;
22737  con4420..(-2) * cos(-x('122') +
22738  x('190')) * x('22') * x('90') +
22739  power(x('22'), 2) +
22740  power(x('90'), 2) =l= 1;
22741  con4421..(-2) * cos(-x('122') +
22742  x('189')) * x('22') * x('89') +
22743  power(x('22'), 2) +
22744  power(x('89'), 2) =l= 1;
22745  con4422..(-2) * cos(-x('115') +
22746  x('128')) * x('15') * x('28') +
22747  power(x('15'), 2) +
22748  power(x('28'), 2) =l= 1;
22749  con4423..(-2) * cos(-x('122') +
22750  x('188')) * x('22') * x('88') +
22751  power(x('22'), 2) +
22752  power(x('88'), 2) =l= 1;
22753  con4424..(-2) * cos(-x('122') +
22754  x('187')) * x('22') * x('87') +
22755  power(x('22'), 2) +
22756  power(x('87'), 2) =l= 1;
22757  con4425..(-2) * cos(-x('115') +
22758  x('129')) * x('15') * x('29') +
22759  power(x('15'), 2) +
22760  power(x('29'), 2) =l= 1;
22761  con4426..(-2) * cos(-x('122') +
22762  x('186')) * x('22') * x('86') +
22763  power(x('22'), 2) +
22764  power(x('86'), 2) =l= 1;
22765  con4427..(-2) * cos(-x('122') +
22766  x('185')) * x('22') * x('85') +
22767  power(x('22'), 2) +
22768  power(x('85'), 2) =l= 1;
22769  con4428..(-2) * cos(-x('115') +
22770  x('130')) * x('15') * x('30') +
22771  power(x('15'), 2) +
22772  power(x('30'), 2) =l= 1;
22773  con4429..(-2) * cos(-x('122') +
22774  x('184')) * x('22') * x('84') +
22775  power(x('22'), 2) +
22776  power(x('84'), 2) =l= 1;
22777  con4430..(-2) * cos(-x('122') +
22778  x('183')) * x('22') * x('83') +
22779  power(x('22'), 2) +
22780  power(x('83'), 2) =l= 1;
22781  con4431..(-2) * cos(-x('122') +
22782  x('182')) * x('22') * x('82') +
22783  power(x('22'), 2) +
22784  power(x('82'), 2) =l= 1;
22785  con4432..(-2) * cos(-x('115') +
22786  x('131')) * x('15') * x('31') +
22787  power(x('15'), 2) +
22788  power(x('31'), 2) =l= 1;
22789  con4433..(-2) * cos(-x('122') +
22790  x('181')) * x('22') * x('81') +
22791  power(x('22'), 2) +
22792  power(x('81'), 2) =l= 1;
22793  con4434..(-2) * cos(-x('122') +
22794  x('180')) * x('22') * x('80') +
22795  power(x('22'), 2) +
22796  power(x('80'), 2) =l= 1;
22797  con4435..(-2) * cos(-x('115') +
22798  x('132')) * x('15') * x('32') +
22799  power(x('15'), 2) +
22800  power(x('32'), 2) =l= 1;
22801  con4436..(-2) * cos(-x('122') +
22802  x('179')) * x('22') * x('79') +
22803  power(x('22'), 2) +
22804  power(x('79'), 2) =l= 1;
22805  con4437..(-2) * cos(-x('122') +
22806  x('178')) * x('22') * x('78') +
22807  power(x('22'), 2) +
22808  power(x('78'), 2) =l= 1;
22809  con4438..(-2) * cos(-x('115') +
22810  x('133')) * x('15') * x('33') +
22811  power(x('15'), 2) +
22812  power(x('33'), 2) =l= 1;
22813  con4439..(-2) * cos(-x('122') +
22814  x('177')) * x('22') * x('77') +
22815  power(x('22'), 2) +
22816  power(x('77'), 2) =l= 1;
22817  con4440..(-2) * cos(-x('122') +
22818  x('176')) * x('22') * x('76') +
22819  power(x('22'), 2) +
22820  power(x('76'), 2) =l= 1;
22821  con4441..(-2) * cos(-x('115') +
22822  x('134')) * x('15') * x('34') +
22823  power(x('15'), 2) +
22824  power(x('34'), 2) =l= 1;
22825  con4442..(-2) * cos(-x('122') +
22826  x('175')) * x('22') * x('75') +
22827  power(x('22'), 2) +
22828  power(x('75'), 2) =l= 1;
22829  con4443..(-2) * cos(-x('122') +
22830  x('174')) * x('22') * x('74') +
22831  power(x('22'), 2) +
22832  power(x('74'), 2) =l= 1;
22833  con4444..(-2) * cos(-x('122') +
22834  x('173')) * x('22') * x('73') +
22835  power(x('22'), 2) +
22836  power(x('73'), 2) =l= 1;
22837  con4445..(-2) * cos(-x('115') +
22838  x('135')) * x('15') * x('35') +
22839  power(x('15'), 2) +
22840  power(x('35'), 2) =l= 1;
22841  con4446..(-2) * cos(-x('122') +
22842  x('172')) * x('22') * x('72') +
22843  power(x('22'), 2) +
22844  power(x('72'), 2) =l= 1;
22845  con4447..(-2) * cos(-x('122') +
22846  x('171')) * x('22') * x('71') +
22847  power(x('22'), 2) +
22848  power(x('71'), 2) =l= 1;
22849  con4448..(-2) * cos(-x('115') +
22850  x('136')) * x('15') * x('36') +
22851  power(x('15'), 2) +
22852  power(x('36'), 2) =l= 1;
22853  con4449..(-2) * cos(-x('122') +
22854  x('170')) * x('22') * x('70') +
22855  power(x('22'), 2) +
22856  power(x('70'), 2) =l= 1;
22857  con4450..(-2) * cos(-x('122') +
22858  x('169')) * x('22') * x('69') +
22859  power(x('22'), 2) +
22860  power(x('69'), 2) =l= 1;
22861  con4451..(-2) * cos(-x('115') +
22862  x('137')) * x('15') * x('37') +
22863  power(x('15'), 2) +
22864  power(x('37'), 2) =l= 1;
22865  con4452..(-2) * cos(-x('122') +
22866  x('168')) * x('22') * x('68') +
22867  power(x('22'), 2) +
22868  power(x('68'), 2) =l= 1;
22869  con4453..(-2) * cos(-x('122') +
22870  x('167')) * x('22') * x('67') +
22871  power(x('22'), 2) +
22872  power(x('67'), 2) =l= 1;
22873  con4454..(-2) * cos(-x('115') +
22874  x('138')) * x('15') * x('38') +
22875  power(x('15'), 2) +
22876  power(x('38'), 2) =l= 1;
22877  con4455..(-2) * cos(-x('122') +
22878  x('166')) * x('22') * x('66') +
22879  power(x('22'), 2) +
22880  power(x('66'), 2) =l= 1;
22881  con4456..(-2) * cos(-x('122') +
22882  x('165')) * x('22') * x('65') +
22883  power(x('22'), 2) +
22884  power(x('65'), 2) =l= 1;
22885  con4457..(-2) * cos(-x('122') +
22886  x('164')) * x('22') * x('64') +
22887  power(x('22'), 2) +
22888  power(x('64'), 2) =l= 1;
22889  con4458..(-2) * cos(-x('115') +
22890  x('139')) * x('15') * x('39') +
22891  power(x('15'), 2) +
22892  power(x('39'), 2) =l= 1;
22893  con4459..(-2) * cos(-x('122') +
22894  x('163')) * x('22') * x('63') +
22895  power(x('22'), 2) +
22896  power(x('63'), 2) =l= 1;
22897  con4460..(-2) * cos(-x('122') +
22898  x('162')) * x('22') * x('62') +
22899  power(x('22'), 2) +
22900  power(x('62'), 2) =l= 1;
22901  con4461..(-2) * cos(-x('115') +
22902  x('140')) * x('15') * x('40') +
22903  power(x('15'), 2) +
22904  power(x('40'), 2) =l= 1;
22905  con4462..(-2) * cos(-x('122') +
22906  x('161')) * x('22') * x('61') +
22907  power(x('22'), 2) +
22908  power(x('61'), 2) =l= 1;
22909  con4463..(-2) * cos(-x('122') +
22910  x('160')) * x('22') * x('60') +
22911  power(x('22'), 2) +
22912  power(x('60'), 2) =l= 1;
22913  con4464..(-2) * cos(-x('115') +
22914  x('141')) * x('15') * x('41') +
22915  power(x('15'), 2) +
22916  power(x('41'), 2) =l= 1;
22917  con4465..(-2) * cos(-x('122') +
22918  x('159')) * x('22') * x('59') +
22919  power(x('22'), 2) +
22920  power(x('59'), 2) =l= 1;
22921  con4466..(-2) * cos(-x('122') +
22922  x('158')) * x('22') * x('58') +
22923  power(x('22'), 2) +
22924  power(x('58'), 2) =l= 1;
22925  con4467..(-2) * cos(-x('115') +
22926  x('142')) * x('15') * x('42') +
22927  power(x('15'), 2) +
22928  power(x('42'), 2) =l= 1;
22929  con4468..(-2) * cos(-x('122') +
22930  x('157')) * x('22') * x('57') +
22931  power(x('22'), 2) +
22932  power(x('57'), 2) =l= 1;
22933  con4469..(-2) * cos(-x('122') +
22934  x('156')) * x('22') * x('56') +
22935  power(x('22'), 2) +
22936  power(x('56'), 2) =l= 1;
22937  con4470..(-2) * cos(-x('122') +
22938  x('155')) * x('22') * x('55') +
22939  power(x('22'), 2) +
22940  power(x('55'), 2) =l= 1;
22941  con4471..(-2) * cos(-x('115') +
22942  x('143')) * x('15') * x('43') +
22943  power(x('15'), 2) +
22944  power(x('43'), 2) =l= 1;
22945  con4472..(-2) * cos(-x('122') +
22946  x('154')) * x('22') * x('54') +
22947  power(x('22'), 2) +
22948  power(x('54'), 2) =l= 1;
22949  con4473..(-2) * cos(-x('122') +
22950  x('153')) * x('22') * x('53') +
22951  power(x('22'), 2) +
22952  power(x('53'), 2) =l= 1;
22953  con4474..(-2) * cos(-x('115') +
22954  x('144')) * x('15') * x('44') +
22955  power(x('15'), 2) +
22956  power(x('44'), 2) =l= 1;
22957  con4475..(-2) * cos(-x('122') +
22958  x('152')) * x('22') * x('52') +
22959  power(x('22'), 2) +
22960  power(x('52'), 2) =l= 1;
22961  con4476..(-2) * cos(-x('122') +
22962  x('151')) * x('22') * x('51') +
22963  power(x('22'), 2) +
22964  power(x('51'), 2) =l= 1;
22965  con4477..(-2) * cos(-x('115') +
22966  x('145')) * x('15') * x('45') +
22967  power(x('15'), 2) +
22968  power(x('45'), 2) =l= 1;
22969  con4478..(-2) * cos(-x('122') +
22970  x('150')) * x('22') * x('50') +
22971  power(x('22'), 2) +
22972  power(x('50'), 2) =l= 1;
22973  con4479..(-2) * cos(-x('122') +
22974  x('149')) * x('22') * x('49') +
22975  power(x('22'), 2) +
22976  power(x('49'), 2) =l= 1;
22977  con4480..(-2) * cos(-x('115') +
22978  x('146')) * x('15') * x('46') +
22979  power(x('15'), 2) +
22980  power(x('46'), 2) =l= 1;
22981  con4481..(-2) * cos(-x('122') +
22982  x('148')) * x('22') * x('48') +
22983  power(x('22'), 2) +
22984  power(x('48'), 2) =l= 1;
22985  con4482..(-2) * cos(-x('122') +
22986  x('147')) * x('22') * x('47') +
22987  power(x('22'), 2) +
22988  power(x('47'), 2) =l= 1;
22989  con4483..(-2) * cos(-x('122') +
22990  x('146')) * x('22') * x('46') +
22991  power(x('22'), 2) +
22992  power(x('46'), 2) =l= 1;
22993  con4484..(-2) * cos(-x('115') +
22994  x('147')) * x('15') * x('47') +
22995  power(x('15'), 2) +
22996  power(x('47'), 2) =l= 1;
22997  con4485..(-2) * cos(-x('122') +
22998  x('145')) * x('22') * x('45') +
22999  power(x('22'), 2) +
23000  power(x('45'), 2) =l= 1;
23001  con4486..(-2) * cos(-x('122') +
23002  x('144')) * x('22') * x('44') +
23003  power(x('22'), 2) +
23004  power(x('44'), 2) =l= 1;
23005  con4487..(-2) * cos(-x('115') +
23006  x('148')) * x('15') * x('48') +
23007  power(x('15'), 2) +
23008  power(x('48'), 2) =l= 1;
23009  con4488..(-2) * cos(-x('122') +
23010  x('143')) * x('22') * x('43') +
23011  power(x('22'), 2) +
23012  power(x('43'), 2) =l= 1;
23013  con4489..(-2) * cos(-x('122') +
23014  x('142')) * x('22') * x('42') +
23015  power(x('22'), 2) +
23016  power(x('42'), 2) =l= 1;
23017  con4490..(-2) * cos(-x('115') +
23018  x('149')) * x('15') * x('49') +
23019  power(x('15'), 2) +
23020  power(x('49'), 2) =l= 1;
23021  con4491..(-2) * cos(-x('122') +
23022  x('141')) * x('22') * x('41') +
23023  power(x('22'), 2) +
23024  power(x('41'), 2) =l= 1;
23025  con4492..(-2) * cos(-x('122') +
23026  x('140')) * x('22') * x('40') +
23027  power(x('22'), 2) +
23028  power(x('40'), 2) =l= 1;
23029  con4493..(-2) * cos(-x('115') +
23030  x('150')) * x('15') * x('50') +
23031  power(x('15'), 2) +
23032  power(x('50'), 2) =l= 1;
23033  con4494..(-2) * cos(-x('122') +
23034  x('139')) * x('22') * x('39') +
23035  power(x('22'), 2) +
23036  power(x('39'), 2) =l= 1;
23037  con4495..(-2) * cos(-x('122') +
23038  x('138')) * x('22') * x('38') +
23039  power(x('22'), 2) +
23040  power(x('38'), 2) =l= 1;
23041  con4496..(-2) * cos(-x('122') +
23042  x('137')) * x('22') * x('37') +
23043  power(x('22'), 2) +
23044  power(x('37'), 2) =l= 1;
23045  con4497..(-2) * cos(-x('115') +
23046  x('151')) * x('15') * x('51') +
23047  power(x('15'), 2) +
23048  power(x('51'), 2) =l= 1;
23049  con4498..(-2) * cos(-x('122') +
23050  x('136')) * x('22') * x('36') +
23051  power(x('22'), 2) +
23052  power(x('36'), 2) =l= 1;
23053  con4499..(-2) * cos(-x('122') +
23054  x('135')) * x('22') * x('35') +
23055  power(x('22'), 2) +
23056  power(x('35'), 2) =l= 1;
23057  con4500..(-2) * cos(-x('115') +
23058  x('152')) * x('15') * x('52') +
23059  power(x('15'), 2) +
23060  power(x('52'), 2) =l= 1;
23061  con4501..(-2) * cos(-x('122') +
23062  x('134')) * x('22') * x('34') +
23063  power(x('22'), 2) +
23064  power(x('34'), 2) =l= 1;
23065  con4502..(-2) * cos(-x('122') +
23066  x('133')) * x('22') * x('33') +
23067  power(x('22'), 2) +
23068  power(x('33'), 2) =l= 1;
23069  con4503..(-2) * cos(-x('115') +
23070  x('153')) * x('15') * x('53') +
23071  power(x('15'), 2) +
23072  power(x('53'), 2) =l= 1;
23073  con4504..(-2) * cos(-x('122') +
23074  x('132')) * x('22') * x('32') +
23075  power(x('22'), 2) +
23076  power(x('32'), 2) =l= 1;
23077  con4505..(-2) * cos(-x('122') +
23078  x('131')) * x('22') * x('31') +
23079  power(x('22'), 2) +
23080  power(x('31'), 2) =l= 1;
23081  con4506..(-2) * cos(-x('115') +
23082  x('154')) * x('15') * x('54') +
23083  power(x('15'), 2) +
23084  power(x('54'), 2) =l= 1;
23085  con4507..(-2) * cos(-x('122') +
23086  x('130')) * x('22') * x('30') +
23087  power(x('22'), 2) +
23088  power(x('30'), 2) =l= 1;
23089  con4508..(-2) * cos(-x('122') +
23090  x('129')) * x('22') * x('29') +
23091  power(x('22'), 2) +
23092  power(x('29'), 2) =l= 1;
23093  con4509..(-2) * cos(-x('122') +
23094  x('128')) * x('22') * x('28') +
23095  power(x('22'), 2) +
23096  power(x('28'), 2) =l= 1;
23097  con4510..(-2) * cos(-x('115') +
23098  x('155')) * x('15') * x('55') +
23099  power(x('15'), 2) +
23100  power(x('55'), 2) =l= 1;
23101  con4511..(-2) * cos(-x('122') +
23102  x('127')) * x('22') * x('27') +
23103  power(x('22'), 2) +
23104  power(x('27'), 2) =l= 1;
23105  con4512..(-2) * cos(-x('122') +
23106  x('126')) * x('22') * x('26') +
23107  power(x('22'), 2) +
23108  power(x('26'), 2) =l= 1;
23109  con4513..(-2) * cos(-x('115') +
23110  x('156')) * x('15') * x('56') +
23111  power(x('15'), 2) +
23112  power(x('56'), 2) =l= 1;
23113  con4514..(-2) * cos(-x('122') +
23114  x('125')) * x('22') * x('25') +
23115  power(x('22'), 2) +
23116  power(x('25'), 2) =l= 1;
23117  con4515..(-2) * cos(-x('122') +
23118  x('124')) * x('22') * x('24') +
23119  power(x('22'), 2) +
23120  power(x('24'), 2) =l= 1;
23121  con4516..(-2) * cos(-x('115') +
23122  x('157')) * x('15') * x('57') +
23123  power(x('15'), 2) +
23124  power(x('57'), 2) =l= 1;
23125  con4517..(-2) * cos(-x('122') +
23126  x('123')) * x('22') * x('23') +
23127  power(x('22'), 2) +
23128  power(x('23'), 2) =l= 1;
23129  con4518..(-2) * cos(-x('121') +
23130  x('200')) * x('21') * x('100') +
23131  power(x('21'), 2) +
23132  power(x('100'), 2) =l= 1;
23133  con4519..(-2) * cos(-x('115') +
23134  x('158')) * x('15') * x('58') +
23135  power(x('15'), 2) +
23136  power(x('58'), 2) =l= 1;
23137  con4520..(-2) * cos(-x('121') +
23138  x('199')) * x('21') * x('99') +
23139  power(x('21'), 2) +
23140  power(x('99'), 2) =l= 1;
23141  con4521..(-2) * cos(-x('121') +
23142  x('198')) * x('21') * x('98') +
23143  power(x('21'), 2) +
23144  power(x('98'), 2) =l= 1;
23145  con4522..(-2) * cos(-x('121') +
23146  x('197')) * x('21') * x('97') +
23147  power(x('21'), 2) +
23148  power(x('97'), 2) =l= 1;
23149  con4523..(-2) * cos(-x('115') +
23150  x('159')) * x('15') * x('59') +
23151  power(x('15'), 2) +
23152  power(x('59'), 2) =l= 1;
23153  con4524..(-2) * cos(-x('121') +
23154  x('196')) * x('21') * x('96') +
23155  power(x('21'), 2) +
23156  power(x('96'), 2) =l= 1;
23157  con4525..(-2) * cos(-x('121') +
23158  x('195')) * x('21') * x('95') +
23159  power(x('21'), 2) +
23160  power(x('95'), 2) =l= 1;
23161  con4526..(-2) * cos(-x('115') +
23162  x('160')) * x('15') * x('60') +
23163  power(x('15'), 2) +
23164  power(x('60'), 2) =l= 1;
23165  con4527..(-2) * cos(-x('121') +
23166  x('194')) * x('21') * x('94') +
23167  power(x('21'), 2) +
23168  power(x('94'), 2) =l= 1;
23169  con4528..(-2) * cos(-x('121') +
23170  x('193')) * x('21') * x('93') +
23171  power(x('21'), 2) +
23172  power(x('93'), 2) =l= 1;
23173  con4529..(-2) * cos(-x('115') +
23174  x('161')) * x('15') * x('61') +
23175  power(x('15'), 2) +
23176  power(x('61'), 2) =l= 1;
23177  con4530..(-2) * cos(-x('121') +
23178  x('192')) * x('21') * x('92') +
23179  power(x('21'), 2) +
23180  power(x('92'), 2) =l= 1;
23181  con4531..(-2) * cos(-x('121') +
23182  x('191')) * x('21') * x('91') +
23183  power(x('21'), 2) +
23184  power(x('91'), 2) =l= 1;
23185  con4532..(-2) * cos(-x('115') +
23186  x('162')) * x('15') * x('62') +
23187  power(x('15'), 2) +
23188  power(x('62'), 2) =l= 1;
23189  con4533..(-2) * cos(-x('121') +
23190  x('190')) * x('21') * x('90') +
23191  power(x('21'), 2) +
23192  power(x('90'), 2) =l= 1;
23193  con4534..(-2) * cos(-x('121') +
23194  x('189')) * x('21') * x('89') +
23195  power(x('21'), 2) +
23196  power(x('89'), 2) =l= 1;
23197  con4535..(-2) * cos(-x('121') +
23198  x('188')) * x('21') * x('88') +
23199  power(x('21'), 2) +
23200  power(x('88'), 2) =l= 1;
23201  con4536..(-2) * cos(-x('115') +
23202  x('163')) * x('15') * x('63') +
23203  power(x('15'), 2) +
23204  power(x('63'), 2) =l= 1;
23205  con4537..(-2) * cos(-x('121') +
23206  x('187')) * x('21') * x('87') +
23207  power(x('21'), 2) +
23208  power(x('87'), 2) =l= 1;
23209  con4538..(-2) * cos(-x('121') +
23210  x('186')) * x('21') * x('86') +
23211  power(x('21'), 2) +
23212  power(x('86'), 2) =l= 1;
23213  con4539..(-2) * cos(-x('115') +
23214  x('164')) * x('15') * x('64') +
23215  power(x('15'), 2) +
23216  power(x('64'), 2) =l= 1;
23217  con4540..(-2) * cos(-x('121') +
23218  x('185')) * x('21') * x('85') +
23219  power(x('21'), 2) +
23220  power(x('85'), 2) =l= 1;
23221  con4541..(-2) * cos(-x('121') +
23222  x('184')) * x('21') * x('84') +
23223  power(x('21'), 2) +
23224  power(x('84'), 2) =l= 1;
23225  con4542..(-2) * cos(-x('115') +
23226  x('165')) * x('15') * x('65') +
23227  power(x('15'), 2) +
23228  power(x('65'), 2) =l= 1;
23229  con4543..(-2) * cos(-x('121') +
23230  x('183')) * x('21') * x('83') +
23231  power(x('21'), 2) +
23232  power(x('83'), 2) =l= 1;
23233  con4544..(-2) * cos(-x('121') +
23234  x('182')) * x('21') * x('82') +
23235  power(x('21'), 2) +
23236  power(x('82'), 2) =l= 1;
23237  con4545..(-2) * cos(-x('115') +
23238  x('166')) * x('15') * x('66') +
23239  power(x('15'), 2) +
23240  power(x('66'), 2) =l= 1;
23241  con4546..(-2) * cos(-x('121') +
23242  x('181')) * x('21') * x('81') +
23243  power(x('21'), 2) +
23244  power(x('81'), 2) =l= 1;
23245  con4547..(-2) * cos(-x('121') +
23246  x('180')) * x('21') * x('80') +
23247  power(x('21'), 2) +
23248  power(x('80'), 2) =l= 1;
23249  con4548..(-2) * cos(-x('121') +
23250  x('179')) * x('21') * x('79') +
23251  power(x('21'), 2) +
23252  power(x('79'), 2) =l= 1;
23253  con4549..(-2) * cos(-x('115') +
23254  x('167')) * x('15') * x('67') +
23255  power(x('15'), 2) +
23256  power(x('67'), 2) =l= 1;
23257  con4550..(-2) * cos(-x('121') +
23258  x('178')) * x('21') * x('78') +
23259  power(x('21'), 2) +
23260  power(x('78'), 2) =l= 1;
23261  con4551..(-2) * cos(-x('121') +
23262  x('177')) * x('21') * x('77') +
23263  power(x('21'), 2) +
23264  power(x('77'), 2) =l= 1;
23265  con4552..(-2) * cos(-x('115') +
23266  x('168')) * x('15') * x('68') +
23267  power(x('15'), 2) +
23268  power(x('68'), 2) =l= 1;
23269  con4553..(-2) * cos(-x('121') +
23270  x('176')) * x('21') * x('76') +
23271  power(x('21'), 2) +
23272  power(x('76'), 2) =l= 1;
23273  con4554..(-2) * cos(-x('121') +
23274  x('175')) * x('21') * x('75') +
23275  power(x('21'), 2) +
23276  power(x('75'), 2) =l= 1;
23277  con4555..(-2) * cos(-x('115') +
23278  x('169')) * x('15') * x('69') +
23279  power(x('15'), 2) +
23280  power(x('69'), 2) =l= 1;
23281  con4556..(-2) * cos(-x('121') +
23282  x('174')) * x('21') * x('74') +
23283  power(x('21'), 2) +
23284  power(x('74'), 2) =l= 1;
23285  con4557..(-2) * cos(-x('121') +
23286  x('173')) * x('21') * x('73') +
23287  power(x('21'), 2) +
23288  power(x('73'), 2) =l= 1;
23289  con4558..(-2) * cos(-x('115') +
23290  x('170')) * x('15') * x('70') +
23291  power(x('15'), 2) +
23292  power(x('70'), 2) =l= 1;
23293  con4559..(-2) * cos(-x('121') +
23294  x('172')) * x('21') * x('72') +
23295  power(x('21'), 2) +
23296  power(x('72'), 2) =l= 1;
23297  con4560..(-2) * cos(-x('121') +
23298  x('171')) * x('21') * x('71') +
23299  power(x('21'), 2) +
23300  power(x('71'), 2) =l= 1;
23301  con4561..(-2) * cos(-x('121') +
23302  x('170')) * x('21') * x('70') +
23303  power(x('21'), 2) +
23304  power(x('70'), 2) =l= 1;
23305  con4562..(-2) * cos(-x('115') +
23306  x('171')) * x('15') * x('71') +
23307  power(x('15'), 2) +
23308  power(x('71'), 2) =l= 1;
23309  con4563..(-2) * cos(-x('121') +
23310  x('169')) * x('21') * x('69') +
23311  power(x('21'), 2) +
23312  power(x('69'), 2) =l= 1;
23313  con4564..(-2) * cos(-x('121') +
23314  x('168')) * x('21') * x('68') +
23315  power(x('21'), 2) +
23316  power(x('68'), 2) =l= 1;
23317  con4565..(-2) * cos(-x('115') +
23318  x('172')) * x('15') * x('72') +
23319  power(x('15'), 2) +
23320  power(x('72'), 2) =l= 1;
23321  con4566..(-2) * cos(-x('121') +
23322  x('167')) * x('21') * x('67') +
23323  power(x('21'), 2) +
23324  power(x('67'), 2) =l= 1;
23325  con4567..(-2) * cos(-x('121') +
23326  x('166')) * x('21') * x('66') +
23327  power(x('21'), 2) +
23328  power(x('66'), 2) =l= 1;
23329  con4568..(-2) * cos(-x('115') +
23330  x('173')) * x('15') * x('73') +
23331  power(x('15'), 2) +
23332  power(x('73'), 2) =l= 1;
23333  con4569..(-2) * cos(-x('121') +
23334  x('165')) * x('21') * x('65') +
23335  power(x('21'), 2) +
23336  power(x('65'), 2) =l= 1;
23337  con4570..(-2) * cos(-x('121') +
23338  x('164')) * x('21') * x('64') +
23339  power(x('21'), 2) +
23340  power(x('64'), 2) =l= 1;
23341  con4571..(-2) * cos(-x('115') +
23342  x('174')) * x('15') * x('74') +
23343  power(x('15'), 2) +
23344  power(x('74'), 2) =l= 1;
23345  con4572..(-2) * cos(-x('121') +
23346  x('163')) * x('21') * x('63') +
23347  power(x('21'), 2) +
23348  power(x('63'), 2) =l= 1;
23349  con4573..(-2) * cos(-x('121') +
23350  x('162')) * x('21') * x('62') +
23351  power(x('21'), 2) +
23352  power(x('62'), 2) =l= 1;
23353  con4574..(-2) * cos(-x('121') +
23354  x('161')) * x('21') * x('61') +
23355  power(x('21'), 2) +
23356  power(x('61'), 2) =l= 1;
23357  con4575..(-2) * cos(-x('115') +
23358  x('175')) * x('15') * x('75') +
23359  power(x('15'), 2) +
23360  power(x('75'), 2) =l= 1;
23361  con4576..(-2) * cos(-x('121') +
23362  x('160')) * x('21') * x('60') +
23363  power(x('21'), 2) +
23364  power(x('60'), 2) =l= 1;
23365  con4577..(-2) * cos(-x('121') +
23366  x('159')) * x('21') * x('59') +
23367  power(x('21'), 2) +
23368  power(x('59'), 2) =l= 1;
23369  con4578..(-2) * cos(-x('115') +
23370  x('176')) * x('15') * x('76') +
23371  power(x('15'), 2) +
23372  power(x('76'), 2) =l= 1;
23373  con4579..(-2) * cos(-x('121') +
23374  x('158')) * x('21') * x('58') +
23375  power(x('21'), 2) +
23376  power(x('58'), 2) =l= 1;
23377  con4580..(-2) * cos(-x('121') +
23378  x('157')) * x('21') * x('57') +
23379  power(x('21'), 2) +
23380  power(x('57'), 2) =l= 1;
23381  con4581..(-2) * cos(-x('115') +
23382  x('177')) * x('15') * x('77') +
23383  power(x('15'), 2) +
23384  power(x('77'), 2) =l= 1;
23385  con4582..(-2) * cos(-x('121') +
23386  x('156')) * x('21') * x('56') +
23387  power(x('21'), 2) +
23388  power(x('56'), 2) =l= 1;
23389  con4583..(-2) * cos(-x('121') +
23390  x('155')) * x('21') * x('55') +
23391  power(x('21'), 2) +
23392  power(x('55'), 2) =l= 1;
23393  con4584..(-2) * cos(-x('115') +
23394  x('178')) * x('15') * x('78') +
23395  power(x('15'), 2) +
23396  power(x('78'), 2) =l= 1;
23397  con4585..(-2) * cos(-x('121') +
23398  x('154')) * x('21') * x('54') +
23399  power(x('21'), 2) +
23400  power(x('54'), 2) =l= 1;
23401  con4586..(-2) * cos(-x('121') +
23402  x('153')) * x('21') * x('53') +
23403  power(x('21'), 2) +
23404  power(x('53'), 2) =l= 1;
23405  con4587..(-2) * cos(-x('121') +
23406  x('152')) * x('21') * x('52') +
23407  power(x('21'), 2) +
23408  power(x('52'), 2) =l= 1;
23409  con4588..(-2) * cos(-x('115') +
23410  x('179')) * x('15') * x('79') +
23411  power(x('15'), 2) +
23412  power(x('79'), 2) =l= 1;
23413  con4589..(-2) * cos(-x('121') +
23414  x('151')) * x('21') * x('51') +
23415  power(x('21'), 2) +
23416  power(x('51'), 2) =l= 1;
23417  con4590..(-2) * cos(-x('121') +
23418  x('150')) * x('21') * x('50') +
23419  power(x('21'), 2) +
23420  power(x('50'), 2) =l= 1;
23421  con4591..(-2) * cos(-x('115') +
23422  x('180')) * x('15') * x('80') +
23423  power(x('15'), 2) +
23424  power(x('80'), 2) =l= 1;
23425  con4592..(-2) * cos(-x('121') +
23426  x('149')) * x('21') * x('49') +
23427  power(x('21'), 2) +
23428  power(x('49'), 2) =l= 1;
23429  con4593..(-2) * cos(-x('121') +
23430  x('148')) * x('21') * x('48') +
23431  power(x('21'), 2) +
23432  power(x('48'), 2) =l= 1;
23433  con4594..(-2) * cos(-x('115') +
23434  x('181')) * x('15') * x('81') +
23435  power(x('15'), 2) +
23436  power(x('81'), 2) =l= 1;
23437  con4595..(-2) * cos(-x('121') +
23438  x('147')) * x('21') * x('47') +
23439  power(x('21'), 2) +
23440  power(x('47'), 2) =l= 1;
23441  con4596..(-2) * cos(-x('121') +
23442  x('146')) * x('21') * x('46') +
23443  power(x('21'), 2) +
23444  power(x('46'), 2) =l= 1;
23445  con4597..(-2) * cos(-x('115') +
23446  x('182')) * x('15') * x('82') +
23447  power(x('15'), 2) +
23448  power(x('82'), 2) =l= 1;
23449  con4598..(-2) * cos(-x('121') +
23450  x('145')) * x('21') * x('45') +
23451  power(x('21'), 2) +
23452  power(x('45'), 2) =l= 1;
23453  con4599..(-2) * cos(-x('121') +
23454  x('144')) * x('21') * x('44') +
23455  power(x('21'), 2) +
23456  power(x('44'), 2) =l= 1;
23457  con4600..(-2) * cos(-x('121') +
23458  x('143')) * x('21') * x('43') +
23459  power(x('21'), 2) +
23460  power(x('43'), 2) =l= 1;
23461  con4601..(-2) * cos(-x('115') +
23462  x('183')) * x('15') * x('83') +
23463  power(x('15'), 2) +
23464  power(x('83'), 2) =l= 1;
23465  con4602..(-2) * cos(-x('121') +
23466  x('142')) * x('21') * x('42') +
23467  power(x('21'), 2) +
23468  power(x('42'), 2) =l= 1;
23469  con4603..(-2) * cos(-x('121') +
23470  x('141')) * x('21') * x('41') +
23471  power(x('21'), 2) +
23472  power(x('41'), 2) =l= 1;
23473  con4604..(-2) * cos(-x('115') +
23474  x('184')) * x('15') * x('84') +
23475  power(x('15'), 2) +
23476  power(x('84'), 2) =l= 1;
23477  con4605..(-2) * cos(-x('121') +
23478  x('140')) * x('21') * x('40') +
23479  power(x('21'), 2) +
23480  power(x('40'), 2) =l= 1;
23481  con4606..(-2) * cos(-x('121') +
23482  x('139')) * x('21') * x('39') +
23483  power(x('21'), 2) +
23484  power(x('39'), 2) =l= 1;
23485  con4607..(-2) * cos(-x('115') +
23486  x('185')) * x('15') * x('85') +
23487  power(x('15'), 2) +
23488  power(x('85'), 2) =l= 1;
23489  con4608..(-2) * cos(-x('121') +
23490  x('138')) * x('21') * x('38') +
23491  power(x('21'), 2) +
23492  power(x('38'), 2) =l= 1;
23493  con4609..(-2) * cos(-x('121') +
23494  x('137')) * x('21') * x('37') +
23495  power(x('21'), 2) +
23496  power(x('37'), 2) =l= 1;
23497  con4610..(-2) * cos(-x('115') +
23498  x('186')) * x('15') * x('86') +
23499  power(x('15'), 2) +
23500  power(x('86'), 2) =l= 1;
23501  con4611..(-2) * cos(-x('121') +
23502  x('136')) * x('21') * x('36') +
23503  power(x('21'), 2) +
23504  power(x('36'), 2) =l= 1;
23505  con4612..(-2) * cos(-x('121') +
23506  x('135')) * x('21') * x('35') +
23507  power(x('21'), 2) +
23508  power(x('35'), 2) =l= 1;
23509  con4613..(-2) * cos(-x('121') +
23510  x('134')) * x('21') * x('34') +
23511  power(x('21'), 2) +
23512  power(x('34'), 2) =l= 1;
23513  con4614..(-2) * cos(-x('115') +
23514  x('187')) * x('15') * x('87') +
23515  power(x('15'), 2) +
23516  power(x('87'), 2) =l= 1;
23517  con4615..(-2) * cos(-x('121') +
23518  x('133')) * x('21') * x('33') +
23519  power(x('21'), 2) +
23520  power(x('33'), 2) =l= 1;
23521  con4616..(-2) * cos(-x('121') +
23522  x('132')) * x('21') * x('32') +
23523  power(x('21'), 2) +
23524  power(x('32'), 2) =l= 1;
23525  con4617..(-2) * cos(-x('115') +
23526  x('188')) * x('15') * x('88') +
23527  power(x('15'), 2) +
23528  power(x('88'), 2) =l= 1;
23529  con4618..(-2) * cos(-x('121') +
23530  x('131')) * x('21') * x('31') +
23531  power(x('21'), 2) +
23532  power(x('31'), 2) =l= 1;
23533  con4619..(-2) * cos(-x('121') +
23534  x('130')) * x('21') * x('30') +
23535  power(x('21'), 2) +
23536  power(x('30'), 2) =l= 1;
23537  con4620..(-2) * cos(-x('115') +
23538  x('189')) * x('15') * x('89') +
23539  power(x('15'), 2) +
23540  power(x('89'), 2) =l= 1;
23541  con4621..(-2) * cos(-x('121') +
23542  x('129')) * x('21') * x('29') +
23543  power(x('21'), 2) +
23544  power(x('29'), 2) =l= 1;
23545  con4622..(-2) * cos(-x('121') +
23546  x('128')) * x('21') * x('28') +
23547  power(x('21'), 2) +
23548  power(x('28'), 2) =l= 1;
23549  con4623..(-2) * cos(-x('115') +
23550  x('190')) * x('15') * x('90') +
23551  power(x('15'), 2) +
23552  power(x('90'), 2) =l= 1;
23553  con4624..(-2) * cos(-x('121') +
23554  x('127')) * x('21') * x('27') +
23555  power(x('21'), 2) +
23556  power(x('27'), 2) =l= 1;
23557  con4625..(-2) * cos(-x('121') +
23558  x('126')) * x('21') * x('26') +
23559  power(x('21'), 2) +
23560  power(x('26'), 2) =l= 1;
23561  con4626..(-2) * cos(-x('121') +
23562  x('125')) * x('21') * x('25') +
23563  power(x('21'), 2) +
23564  power(x('25'), 2) =l= 1;
23565  con4627..(-2) * cos(-x('115') +
23566  x('191')) * x('15') * x('91') +
23567  power(x('15'), 2) +
23568  power(x('91'), 2) =l= 1;
23569  con4628..(-2) * cos(-x('121') +
23570  x('124')) * x('21') * x('24') +
23571  power(x('21'), 2) +
23572  power(x('24'), 2) =l= 1;
23573  con4629..(-2) * cos(-x('121') +
23574  x('123')) * x('21') * x('23') +
23575  power(x('21'), 2) +
23576  power(x('23'), 2) =l= 1;
23577  con4630..(-2) * cos(-x('115') +
23578  x('192')) * x('15') * x('92') +
23579  power(x('15'), 2) +
23580  power(x('92'), 2) =l= 1;
23581  con4631..(-2) * cos(-x('121') +
23582  x('122')) * x('21') * x('22') +
23583  power(x('21'), 2) +
23584  power(x('22'), 2) =l= 1;
23585  con4632..(-2) * cos(-x('120') +
23586  x('200')) * x('20') * x('100') +
23587  power(x('20'), 2) +
23588  power(x('100'), 2) =l= 1;
23589  con4633..(-2) * cos(-x('115') +
23590  x('193')) * x('15') * x('93') +
23591  power(x('15'), 2) +
23592  power(x('93'), 2) =l= 1;
23593  con4634..(-2) * cos(-x('120') +
23594  x('199')) * x('20') * x('99') +
23595  power(x('20'), 2) +
23596  power(x('99'), 2) =l= 1;
23597  con4635..(-2) * cos(-x('120') +
23598  x('198')) * x('20') * x('98') +
23599  power(x('20'), 2) +
23600  power(x('98'), 2) =l= 1;
23601  con4636..(-2) * cos(-x('115') +
23602  x('194')) * x('15') * x('94') +
23603  power(x('15'), 2) +
23604  power(x('94'), 2) =l= 1;
23605  con4637..(-2) * cos(-x('120') +
23606  x('197')) * x('20') * x('97') +
23607  power(x('20'), 2) +
23608  power(x('97'), 2) =l= 1;
23609  con4638..(-2) * cos(-x('120') +
23610  x('196')) * x('20') * x('96') +
23611  power(x('20'), 2) +
23612  power(x('96'), 2) =l= 1;
23613  con4639..(-2) * cos(-x('120') +
23614  x('195')) * x('20') * x('95') +
23615  power(x('20'), 2) +
23616  power(x('95'), 2) =l= 1;
23617  con4640..(-2) * cos(-x('115') +
23618  x('195')) * x('15') * x('95') +
23619  power(x('15'), 2) +
23620  power(x('95'), 2) =l= 1;
23621  con4641..(-2) * cos(-x('120') +
23622  x('194')) * x('20') * x('94') +
23623  power(x('20'), 2) +
23624  power(x('94'), 2) =l= 1;
23625  con4642..(-2) * cos(-x('120') +
23626  x('193')) * x('20') * x('93') +
23627  power(x('20'), 2) +
23628  power(x('93'), 2) =l= 1;
23629  con4643..(-2) * cos(-x('115') +
23630  x('196')) * x('15') * x('96') +
23631  power(x('15'), 2) +
23632  power(x('96'), 2) =l= 1;
23633  con4644..(-2) * cos(-x('120') +
23634  x('192')) * x('20') * x('92') +
23635  power(x('20'), 2) +
23636  power(x('92'), 2) =l= 1;
23637  con4645..(-2) * cos(-x('120') +
23638  x('191')) * x('20') * x('91') +
23639  power(x('20'), 2) +
23640  power(x('91'), 2) =l= 1;
23641  con4646..(-2) * cos(-x('115') +
23642  x('197')) * x('15') * x('97') +
23643  power(x('15'), 2) +
23644  power(x('97'), 2) =l= 1;
23645  con4647..(-2) * cos(-x('120') +
23646  x('190')) * x('20') * x('90') +
23647  power(x('20'), 2) +
23648  power(x('90'), 2) =l= 1;
23649  con4648..(-2) * cos(-x('120') +
23650  x('189')) * x('20') * x('89') +
23651  power(x('20'), 2) +
23652  power(x('89'), 2) =l= 1;
23653  con4649..(-2) * cos(-x('115') +
23654  x('198')) * x('15') * x('98') +
23655  power(x('15'), 2) +
23656  power(x('98'), 2) =l= 1;
23657  con4650..(-2) * cos(-x('120') +
23658  x('188')) * x('20') * x('88') +
23659  power(x('20'), 2) +
23660  power(x('88'), 2) =l= 1;
23661  con4651..(-2) * cos(-x('120') +
23662  x('187')) * x('20') * x('87') +
23663  power(x('20'), 2) +
23664  power(x('87'), 2) =l= 1;
23665  con4652..(-2) * cos(-x('120') +
23666  x('186')) * x('20') * x('86') +
23667  power(x('20'), 2) +
23668  power(x('86'), 2) =l= 1;
23669  con4653..(-2) * cos(-x('115') +
23670  x('199')) * x('15') * x('99') +
23671  power(x('15'), 2) +
23672  power(x('99'), 2) =l= 1;
23673  con4654..(-2) * cos(-x('120') +
23674  x('185')) * x('20') * x('85') +
23675  power(x('20'), 2) +
23676  power(x('85'), 2) =l= 1;
23677  con4655..(-2) * cos(-x('120') +
23678  x('184')) * x('20') * x('84') +
23679  power(x('20'), 2) +
23680  power(x('84'), 2) =l= 1;
23681  con4656..(-2) * cos(-x('115') +
23682  x('200')) * x('15') * x('100') +
23683  power(x('15'), 2) +
23684  power(x('100'), 2) =l= 1;
23685  con4657..(-2) * cos(-x('120') +
23686  x('183')) * x('20') * x('83') +
23687  power(x('20'), 2) +
23688  power(x('83'), 2) =l= 1;
23689  con4658..(-2) * cos(-x('120') +
23690  x('182')) * x('20') * x('82') +
23691  power(x('20'), 2) +
23692  power(x('82'), 2) =l= 1;
23693  con4659..(-2) * cos(-x('116') +
23694  x('117')) * x('16') * x('17') +
23695  power(x('16'), 2) +
23696  power(x('17'), 2) =l= 1;
23697  con4660..(-2) * cos(-x('120') +
23698  x('181')) * x('20') * x('81') +
23699  power(x('20'), 2) +
23700  power(x('81'), 2) =l= 1;
23701  con4661..(-2) * cos(-x('120') +
23702  x('180')) * x('20') * x('80') +
23703  power(x('20'), 2) +
23704  power(x('80'), 2) =l= 1;
23705  con4662..(-2) * cos(-x('116') +
23706  x('118')) * x('16') * x('18') +
23707  power(x('16'), 2) +
23708  power(x('18'), 2) =l= 1;
23709  con4663..(-2) * cos(-x('120') +
23710  x('179')) * x('20') * x('79') +
23711  power(x('20'), 2) +
23712  power(x('79'), 2) =l= 1;
23713  con4664..(-2) * cos(-x('120') +
23714  x('178')) * x('20') * x('78') +
23715  power(x('20'), 2) +
23716  power(x('78'), 2) =l= 1;
23717  con4665..(-2) * cos(-x('120') +
23718  x('177')) * x('20') * x('77') +
23719  power(x('20'), 2) +
23720  power(x('77'), 2) =l= 1;
23721  con4666..(-2) * cos(-x('116') +
23722  x('119')) * x('16') * x('19') +
23723  power(x('16'), 2) +
23724  power(x('19'), 2) =l= 1;
23725  con4667..(-2) * cos(-x('120') +
23726  x('176')) * x('20') * x('76') +
23727  power(x('20'), 2) +
23728  power(x('76'), 2) =l= 1;
23729  con4668..(-2) * cos(-x('120') +
23730  x('175')) * x('20') * x('75') +
23731  power(x('20'), 2) +
23732  power(x('75'), 2) =l= 1;
23733  con4669..(-2) * cos(-x('116') +
23734  x('120')) * x('16') * x('20') +
23735  power(x('16'), 2) +
23736  power(x('20'), 2) =l= 1;
23737  con4670..(-2) * cos(-x('120') +
23738  x('174')) * x('20') * x('74') +
23739  power(x('20'), 2) +
23740  power(x('74'), 2) =l= 1;
23741  con4671..(-2) * cos(-x('120') +
23742  x('173')) * x('20') * x('73') +
23743  power(x('20'), 2) +
23744  power(x('73'), 2) =l= 1;
23745  con4672..(-2) * cos(-x('116') +
23746  x('121')) * x('16') * x('21') +
23747  power(x('16'), 2) +
23748  power(x('21'), 2) =l= 1;
23749  con4673..(-2) * cos(-x('120') +
23750  x('172')) * x('20') * x('72') +
23751  power(x('20'), 2) +
23752  power(x('72'), 2) =l= 1;
23753  con4674..(-2) * cos(-x('120') +
23754  x('171')) * x('20') * x('71') +
23755  power(x('20'), 2) +
23756  power(x('71'), 2) =l= 1;
23757  con4675..(-2) * cos(-x('116') +
23758  x('122')) * x('16') * x('22') +
23759  power(x('16'), 2) +
23760  power(x('22'), 2) =l= 1;
23761  con4676..(-2) * cos(-x('120') +
23762  x('170')) * x('20') * x('70') +
23763  power(x('20'), 2) +
23764  power(x('70'), 2) =l= 1;
23765  con4677..(-2) * cos(-x('120') +
23766  x('169')) * x('20') * x('69') +
23767  power(x('20'), 2) +
23768  power(x('69'), 2) =l= 1;
23769  con4678..(-2) * cos(-x('120') +
23770  x('168')) * x('20') * x('68') +
23771  power(x('20'), 2) +
23772  power(x('68'), 2) =l= 1;
23773  con4679..(-2) * cos(-x('116') +
23774  x('123')) * x('16') * x('23') +
23775  power(x('16'), 2) +
23776  power(x('23'), 2) =l= 1;
23777  con4680..(-2) * cos(-x('120') +
23778  x('167')) * x('20') * x('67') +
23779  power(x('20'), 2) +
23780  power(x('67'), 2) =l= 1;
23781  con4681..(-2) * cos(-x('120') +
23782  x('166')) * x('20') * x('66') +
23783  power(x('20'), 2) +
23784  power(x('66'), 2) =l= 1;
23785  con4682..(-2) * cos(-x('116') +
23786  x('124')) * x('16') * x('24') +
23787  power(x('16'), 2) +
23788  power(x('24'), 2) =l= 1;
23789  con4683..(-2) * cos(-x('120') +
23790  x('165')) * x('20') * x('65') +
23791  power(x('20'), 2) +
23792  power(x('65'), 2) =l= 1;
23793  con4684..(-2) * cos(-x('120') +
23794  x('164')) * x('20') * x('64') +
23795  power(x('20'), 2) +
23796  power(x('64'), 2) =l= 1;
23797  con4685..(-2) * cos(-x('116') +
23798  x('125')) * x('16') * x('25') +
23799  power(x('16'), 2) +
23800  power(x('25'), 2) =l= 1;
23801  con4686..(-2) * cos(-x('120') +
23802  x('163')) * x('20') * x('63') +
23803  power(x('20'), 2) +
23804  power(x('63'), 2) =l= 1;
23805  con4687..(-2) * cos(-x('120') +
23806  x('162')) * x('20') * x('62') +
23807  power(x('20'), 2) +
23808  power(x('62'), 2) =l= 1;
23809  con4688..(-2) * cos(-x('116') +
23810  x('126')) * x('16') * x('26') +
23811  power(x('16'), 2) +
23812  power(x('26'), 2) =l= 1;
23813  con4689..(-2) * cos(-x('120') +
23814  x('161')) * x('20') * x('61') +
23815  power(x('20'), 2) +
23816  power(x('61'), 2) =l= 1;
23817  con4690..(-2) * cos(-x('120') +
23818  x('160')) * x('20') * x('60') +
23819  power(x('20'), 2) +
23820  power(x('60'), 2) =l= 1;
23821  con4691..(-2) * cos(-x('120') +
23822  x('159')) * x('20') * x('59') +
23823  power(x('20'), 2) +
23824  power(x('59'), 2) =l= 1;
23825  con4692..(-2) * cos(-x('116') +
23826  x('127')) * x('16') * x('27') +
23827  power(x('16'), 2) +
23828  power(x('27'), 2) =l= 1;
23829  con4693..(-2) * cos(-x('120') +
23830  x('158')) * x('20') * x('58') +
23831  power(x('20'), 2) +
23832  power(x('58'), 2) =l= 1;
23833  con4694..(-2) * cos(-x('120') +
23834  x('157')) * x('20') * x('57') +
23835  power(x('20'), 2) +
23836  power(x('57'), 2) =l= 1;
23837  con4695..(-2) * cos(-x('116') +
23838  x('128')) * x('16') * x('28') +
23839  power(x('16'), 2) +
23840  power(x('28'), 2) =l= 1;
23841  con4696..(-2) * cos(-x('120') +
23842  x('156')) * x('20') * x('56') +
23843  power(x('20'), 2) +
23844  power(x('56'), 2) =l= 1;
23845  con4697..(-2) * cos(-x('120') +
23846  x('155')) * x('20') * x('55') +
23847  power(x('20'), 2) +
23848  power(x('55'), 2) =l= 1;
23849  con4698..(-2) * cos(-x('116') +
23850  x('129')) * x('16') * x('29') +
23851  power(x('16'), 2) +
23852  power(x('29'), 2) =l= 1;
23853  con4699..(-2) * cos(-x('120') +
23854  x('154')) * x('20') * x('54') +
23855  power(x('20'), 2) +
23856  power(x('54'), 2) =l= 1;
23857  con4700..(-2) * cos(-x('120') +
23858  x('153')) * x('20') * x('53') +
23859  power(x('20'), 2) +
23860  power(x('53'), 2) =l= 1;
23861  con4701..(-2) * cos(-x('116') +
23862  x('130')) * x('16') * x('30') +
23863  power(x('16'), 2) +
23864  power(x('30'), 2) =l= 1;
23865  con4702..(-2) * cos(-x('120') +
23866  x('152')) * x('20') * x('52') +
23867  power(x('20'), 2) +
23868  power(x('52'), 2) =l= 1;
23869  con4703..(-2) * cos(-x('120') +
23870  x('151')) * x('20') * x('51') +
23871  power(x('20'), 2) +
23872  power(x('51'), 2) =l= 1;
23873  con4704..(-2) * cos(-x('120') +
23874  x('150')) * x('20') * x('50') +
23875  power(x('20'), 2) +
23876  power(x('50'), 2) =l= 1;
23877  con4705..(-2) * cos(-x('116') +
23878  x('131')) * x('16') * x('31') +
23879  power(x('16'), 2) +
23880  power(x('31'), 2) =l= 1;
23881  con4706..(-2) * cos(-x('120') +
23882  x('149')) * x('20') * x('49') +
23883  power(x('20'), 2) +
23884  power(x('49'), 2) =l= 1;
23885  con4707..(-2) * cos(-x('120') +
23886  x('148')) * x('20') * x('48') +
23887  power(x('20'), 2) +
23888  power(x('48'), 2) =l= 1;
23889  con4708..(-2) * cos(-x('116') +
23890  x('132')) * x('16') * x('32') +
23891  power(x('16'), 2) +
23892  power(x('32'), 2) =l= 1;
23893  con4709..(-2) * cos(-x('120') +
23894  x('147')) * x('20') * x('47') +
23895  power(x('20'), 2) +
23896  power(x('47'), 2) =l= 1;
23897  con4710..(-2) * cos(-x('120') +
23898  x('146')) * x('20') * x('46') +
23899  power(x('20'), 2) +
23900  power(x('46'), 2) =l= 1;
23901  con4711..(-2) * cos(-x('116') +
23902  x('133')) * x('16') * x('33') +
23903  power(x('16'), 2) +
23904  power(x('33'), 2) =l= 1;
23905  con4712..(-2) * cos(-x('120') +
23906  x('145')) * x('20') * x('45') +
23907  power(x('20'), 2) +
23908  power(x('45'), 2) =l= 1;
23909  con4713..(-2) * cos(-x('120') +
23910  x('144')) * x('20') * x('44') +
23911  power(x('20'), 2) +
23912  power(x('44'), 2) =l= 1;
23913  con4714..(-2) * cos(-x('116') +
23914  x('134')) * x('16') * x('34') +
23915  power(x('16'), 2) +
23916  power(x('34'), 2) =l= 1;
23917  con4715..(-2) * cos(-x('120') +
23918  x('143')) * x('20') * x('43') +
23919  power(x('20'), 2) +
23920  power(x('43'), 2) =l= 1;
23921  con4716..(-2) * cos(-x('120') +
23922  x('142')) * x('20') * x('42') +
23923  power(x('20'), 2) +
23924  power(x('42'), 2) =l= 1;
23925  con4717..(-2) * cos(-x('120') +
23926  x('141')) * x('20') * x('41') +
23927  power(x('20'), 2) +
23928  power(x('41'), 2) =l= 1;
23929  con4718..(-2) * cos(-x('116') +
23930  x('135')) * x('16') * x('35') +
23931  power(x('16'), 2) +
23932  power(x('35'), 2) =l= 1;
23933  con4719..(-2) * cos(-x('120') +
23934  x('140')) * x('20') * x('40') +
23935  power(x('20'), 2) +
23936  power(x('40'), 2) =l= 1;
23937  con4720..(-2) * cos(-x('120') +
23938  x('139')) * x('20') * x('39') +
23939  power(x('20'), 2) +
23940  power(x('39'), 2) =l= 1;
23941  con4721..(-2) * cos(-x('116') +
23942  x('136')) * x('16') * x('36') +
23943  power(x('16'), 2) +
23944  power(x('36'), 2) =l= 1;
23945  con4722..(-2) * cos(-x('120') +
23946  x('138')) * x('20') * x('38') +
23947  power(x('20'), 2) +
23948  power(x('38'), 2) =l= 1;
23949  con4723..(-2) * cos(-x('120') +
23950  x('137')) * x('20') * x('37') +
23951  power(x('20'), 2) +
23952  power(x('37'), 2) =l= 1;
23953  con4724..(-2) * cos(-x('116') +
23954  x('137')) * x('16') * x('37') +
23955  power(x('16'), 2) +
23956  power(x('37'), 2) =l= 1;
23957  con4725..(-2) * cos(-x('120') +
23958  x('136')) * x('20') * x('36') +
23959  power(x('20'), 2) +
23960  power(x('36'), 2) =l= 1;
23961  con4726..(-2) * cos(-x('120') +
23962  x('135')) * x('20') * x('35') +
23963  power(x('20'), 2) +
23964  power(x('35'), 2) =l= 1;
23965  con4727..(-2) * cos(-x('116') +
23966  x('138')) * x('16') * x('38') +
23967  power(x('16'), 2) +
23968  power(x('38'), 2) =l= 1;
23969  con4728..(-2) * cos(-x('120') +
23970  x('134')) * x('20') * x('34') +
23971  power(x('20'), 2) +
23972  power(x('34'), 2) =l= 1;
23973  con4729..(-2) * cos(-x('120') +
23974  x('133')) * x('20') * x('33') +
23975  power(x('20'), 2) +
23976  power(x('33'), 2) =l= 1;
23977  con4730..(-2) * cos(-x('120') +
23978  x('132')) * x('20') * x('32') +
23979  power(x('20'), 2) +
23980  power(x('32'), 2) =l= 1;
23981  con4731..(-2) * cos(-x('116') +
23982  x('139')) * x('16') * x('39') +
23983  power(x('16'), 2) +
23984  power(x('39'), 2) =l= 1;
23985  con4732..(-2) * cos(-x('120') +
23986  x('131')) * x('20') * x('31') +
23987  power(x('20'), 2) +
23988  power(x('31'), 2) =l= 1;
23989  con4733..(-2) * cos(-x('120') +
23990  x('130')) * x('20') * x('30') +
23991  power(x('20'), 2) +
23992  power(x('30'), 2) =l= 1;
23993  con4734..(-2) * cos(-x('116') +
23994  x('140')) * x('16') * x('40') +
23995  power(x('16'), 2) +
23996  power(x('40'), 2) =l= 1;
23997  con4735..(-2) * cos(-x('120') +
23998  x('129')) * x('20') * x('29') +
23999  power(x('20'), 2) +
24000  power(x('29'), 2) =l= 1;
24001  con4736..(-2) * cos(-x('120') +
24002  x('128')) * x('20') * x('28') +
24003  power(x('20'), 2) +
24004  power(x('28'), 2) =l= 1;
24005  con4737..(-2) * cos(-x('116') +
24006  x('141')) * x('16') * x('41') +
24007  power(x('16'), 2) +
24008  power(x('41'), 2) =l= 1;
24009  con4738..(-2) * cos(-x('120') +
24010  x('127')) * x('20') * x('27') +
24011  power(x('20'), 2) +
24012  power(x('27'), 2) =l= 1;
24013  con4739..(-2) * cos(-x('120') +
24014  x('126')) * x('20') * x('26') +
24015  power(x('20'), 2) +
24016  power(x('26'), 2) =l= 1;
24017  con4740..(-2) * cos(-x('116') +
24018  x('142')) * x('16') * x('42') +
24019  power(x('16'), 2) +
24020  power(x('42'), 2) =l= 1;
24021  con4741..(-2) * cos(-x('120') +
24022  x('125')) * x('20') * x('25') +
24023  power(x('20'), 2) +
24024  power(x('25'), 2) =l= 1;
24025  con4742..(-2) * cos(-x('120') +
24026  x('124')) * x('20') * x('24') +
24027  power(x('20'), 2) +
24028  power(x('24'), 2) =l= 1;
24029  con4743..(-2) * cos(-x('120') +
24030  x('123')) * x('20') * x('23') +
24031  power(x('20'), 2) +
24032  power(x('23'), 2) =l= 1;
24033  con4744..(-2) * cos(-x('116') +
24034  x('143')) * x('16') * x('43') +
24035  power(x('16'), 2) +
24036  power(x('43'), 2) =l= 1;
24037  con4745..(-2) * cos(-x('120') +
24038  x('122')) * x('20') * x('22') +
24039  power(x('20'), 2) +
24040  power(x('22'), 2) =l= 1;
24041  con4746..(-2) * cos(-x('120') +
24042  x('121')) * x('20') * x('21') +
24043  power(x('20'), 2) +
24044  power(x('21'), 2) =l= 1;
24045  con4747..(-2) * cos(-x('116') +
24046  x('144')) * x('16') * x('44') +
24047  power(x('16'), 2) +
24048  power(x('44'), 2) =l= 1;
24049  con4748..(-2) * cos(-x('119') +
24050  x('200')) * x('19') * x('100') +
24051  power(x('19'), 2) +
24052  power(x('100'), 2) =l= 1;
24053  con4749..(-2) * cos(-x('119') +
24054  x('199')) * x('19') * x('99') +
24055  power(x('19'), 2) +
24056  power(x('99'), 2) =l= 1;
24057  con4750..(-2) * cos(-x('116') +
24058  x('145')) * x('16') * x('45') +
24059  power(x('16'), 2) +
24060  power(x('45'), 2) =l= 1;
24061  con4751..(-2) * cos(-x('119') +
24062  x('198')) * x('19') * x('98') +
24063  power(x('19'), 2) +
24064  power(x('98'), 2) =l= 1;
24065  con4752..(-2) * cos(-x('119') +
24066  x('197')) * x('19') * x('97') +
24067  power(x('19'), 2) +
24068  power(x('97'), 2) =l= 1;
24069  con4753..(-2) * cos(-x('116') +
24070  x('146')) * x('16') * x('46') +
24071  power(x('16'), 2) +
24072  power(x('46'), 2) =l= 1;
24073  con4754..(-2) * cos(-x('119') +
24074  x('196')) * x('19') * x('96') +
24075  power(x('19'), 2) +
24076  power(x('96'), 2) =l= 1;
24077  con4755..(-2) * cos(-x('119') +
24078  x('195')) * x('19') * x('95') +
24079  power(x('19'), 2) +
24080  power(x('95'), 2) =l= 1;
24081  con4756..(-2) * cos(-x('119') +
24082  x('194')) * x('19') * x('94') +
24083  power(x('19'), 2) +
24084  power(x('94'), 2) =l= 1;
24085  con4757..(-2) * cos(-x('116') +
24086  x('147')) * x('16') * x('47') +
24087  power(x('16'), 2) +
24088  power(x('47'), 2) =l= 1;
24089  con4758..(-2) * cos(-x('119') +
24090  x('193')) * x('19') * x('93') +
24091  power(x('19'), 2) +
24092  power(x('93'), 2) =l= 1;
24093  con4759..(-2) * cos(-x('119') +
24094  x('192')) * x('19') * x('92') +
24095  power(x('19'), 2) +
24096  power(x('92'), 2) =l= 1;
24097  con4760..(-2) * cos(-x('116') +
24098  x('148')) * x('16') * x('48') +
24099  power(x('16'), 2) +
24100  power(x('48'), 2) =l= 1;
24101  con4761..(-2) * cos(-x('119') +
24102  x('191')) * x('19') * x('91') +
24103  power(x('19'), 2) +
24104  power(x('91'), 2) =l= 1;
24105  con4762..(-2) * cos(-x('119') +
24106  x('190')) * x('19') * x('90') +
24107  power(x('19'), 2) +
24108  power(x('90'), 2) =l= 1;
24109  con4763..(-2) * cos(-x('116') +
24110  x('149')) * x('16') * x('49') +
24111  power(x('16'), 2) +
24112  power(x('49'), 2) =l= 1;
24113  con4764..(-2) * cos(-x('119') +
24114  x('189')) * x('19') * x('89') +
24115  power(x('19'), 2) +
24116  power(x('89'), 2) =l= 1;
24117  con4765..(-2) * cos(-x('119') +
24118  x('188')) * x('19') * x('88') +
24119  power(x('19'), 2) +
24120  power(x('88'), 2) =l= 1;
24121  con4766..(-2) * cos(-x('116') +
24122  x('150')) * x('16') * x('50') +
24123  power(x('16'), 2) +
24124  power(x('50'), 2) =l= 1;
24125  con4767..(-2) * cos(-x('119') +
24126  x('187')) * x('19') * x('87') +
24127  power(x('19'), 2) +
24128  power(x('87'), 2) =l= 1;
24129  con4768..(-2) * cos(-x('119') +
24130  x('186')) * x('19') * x('86') +
24131  power(x('19'), 2) +
24132  power(x('86'), 2) =l= 1;
24133  con4769..(-2) * cos(-x('119') +
24134  x('185')) * x('19') * x('85') +
24135  power(x('19'), 2) +
24136  power(x('85'), 2) =l= 1;
24137  con4770..(-2) * cos(-x('116') +
24138  x('151')) * x('16') * x('51') +
24139  power(x('16'), 2) +
24140  power(x('51'), 2) =l= 1;
24141  con4771..(-2) * cos(-x('119') +
24142  x('184')) * x('19') * x('84') +
24143  power(x('19'), 2) +
24144  power(x('84'), 2) =l= 1;
24145  con4772..(-2) * cos(-x('119') +
24146  x('183')) * x('19') * x('83') +
24147  power(x('19'), 2) +
24148  power(x('83'), 2) =l= 1;
24149  con4773..(-2) * cos(-x('116') +
24150  x('152')) * x('16') * x('52') +
24151  power(x('16'), 2) +
24152  power(x('52'), 2) =l= 1;
24153  con4774..(-2) * cos(-x('119') +
24154  x('182')) * x('19') * x('82') +
24155  power(x('19'), 2) +
24156  power(x('82'), 2) =l= 1;
24157  con4775..(-2) * cos(-x('119') +
24158  x('181')) * x('19') * x('81') +
24159  power(x('19'), 2) +
24160  power(x('81'), 2) =l= 1;
24161  con4776..(-2) * cos(-x('116') +
24162  x('153')) * x('16') * x('53') +
24163  power(x('16'), 2) +
24164  power(x('53'), 2) =l= 1;
24165  con4777..(-2) * cos(-x('119') +
24166  x('180')) * x('19') * x('80') +
24167  power(x('19'), 2) +
24168  power(x('80'), 2) =l= 1;
24169  con4778..(-2) * cos(-x('119') +
24170  x('179')) * x('19') * x('79') +
24171  power(x('19'), 2) +
24172  power(x('79'), 2) =l= 1;
24173  con4779..(-2) * cos(-x('116') +
24174  x('154')) * x('16') * x('54') +
24175  power(x('16'), 2) +
24176  power(x('54'), 2) =l= 1;
24177  con4780..(-2) * cos(-x('119') +
24178  x('178')) * x('19') * x('78') +
24179  power(x('19'), 2) +
24180  power(x('78'), 2) =l= 1;
24181  con4781..(-2) * cos(-x('119') +
24182  x('177')) * x('19') * x('77') +
24183  power(x('19'), 2) +
24184  power(x('77'), 2) =l= 1;
24185  con4782..(-2) * cos(-x('119') +
24186  x('176')) * x('19') * x('76') +
24187  power(x('19'), 2) +
24188  power(x('76'), 2) =l= 1;
24189  con4783..(-2) * cos(-x('116') +
24190  x('155')) * x('16') * x('55') +
24191  power(x('16'), 2) +
24192  power(x('55'), 2) =l= 1;
24193  con4784..(-2) * cos(-x('119') +
24194  x('175')) * x('19') * x('75') +
24195  power(x('19'), 2) +
24196  power(x('75'), 2) =l= 1;
24197  con4785..(-2) * cos(-x('119') +
24198  x('174')) * x('19') * x('74') +
24199  power(x('19'), 2) +
24200  power(x('74'), 2) =l= 1;
24201  con4786..(-2) * cos(-x('116') +
24202  x('156')) * x('16') * x('56') +
24203  power(x('16'), 2) +
24204  power(x('56'), 2) =l= 1;
24205  con4787..(-2) * cos(-x('119') +
24206  x('173')) * x('19') * x('73') +
24207  power(x('19'), 2) +
24208  power(x('73'), 2) =l= 1;
24209  con4788..(-2) * cos(-x('119') +
24210  x('172')) * x('19') * x('72') +
24211  power(x('19'), 2) +
24212  power(x('72'), 2) =l= 1;
24213  con4789..(-2) * cos(-x('116') +
24214  x('157')) * x('16') * x('57') +
24215  power(x('16'), 2) +
24216  power(x('57'), 2) =l= 1;
24217  con4790..(-2) * cos(-x('119') +
24218  x('171')) * x('19') * x('71') +
24219  power(x('19'), 2) +
24220  power(x('71'), 2) =l= 1;
24221  con4791..(-2) * cos(-x('119') +
24222  x('170')) * x('19') * x('70') +
24223  power(x('19'), 2) +
24224  power(x('70'), 2) =l= 1;
24225  con4792..(-2) * cos(-x('116') +
24226  x('158')) * x('16') * x('58') +
24227  power(x('16'), 2) +
24228  power(x('58'), 2) =l= 1;
24229  con4793..(-2) * cos(-x('119') +
24230  x('169')) * x('19') * x('69') +
24231  power(x('19'), 2) +
24232  power(x('69'), 2) =l= 1;
24233  con4794..(-2) * cos(-x('119') +
24234  x('168')) * x('19') * x('68') +
24235  power(x('19'), 2) +
24236  power(x('68'), 2) =l= 1;
24237  con4795..(-2) * cos(-x('119') +
24238  x('167')) * x('19') * x('67') +
24239  power(x('19'), 2) +
24240  power(x('67'), 2) =l= 1;
24241  con4796..(-2) * cos(-x('116') +
24242  x('159')) * x('16') * x('59') +
24243  power(x('16'), 2) +
24244  power(x('59'), 2) =l= 1;
24245  con4797..(-2) * cos(-x('119') +
24246  x('166')) * x('19') * x('66') +
24247  power(x('19'), 2) +
24248  power(x('66'), 2) =l= 1;
24249  con4798..(-2) * cos(-x('119') +
24250  x('165')) * x('19') * x('65') +
24251  power(x('19'), 2) +
24252  power(x('65'), 2) =l= 1;
24253  con4799..(-2) * cos(-x('116') +
24254  x('160')) * x('16') * x('60') +
24255  power(x('16'), 2) +
24256  power(x('60'), 2) =l= 1;
24257  con4800..(-2) * cos(-x('119') +
24258  x('164')) * x('19') * x('64') +
24259  power(x('19'), 2) +
24260  power(x('64'), 2) =l= 1;
24261  con4801..(-2) * cos(-x('119') +
24262  x('163')) * x('19') * x('63') +
24263  power(x('19'), 2) +
24264  power(x('63'), 2) =l= 1;
24265  con4802..(-2) * cos(-x('116') +
24266  x('161')) * x('16') * x('61') +
24267  power(x('16'), 2) +
24268  power(x('61'), 2) =l= 1;
24269  con4803..(-2) * cos(-x('119') +
24270  x('162')) * x('19') * x('62') +
24271  power(x('19'), 2) +
24272  power(x('62'), 2) =l= 1;
24273  con4804..(-2) * cos(-x('119') +
24274  x('161')) * x('19') * x('61') +
24275  power(x('19'), 2) +
24276  power(x('61'), 2) =l= 1;
24277  con4805..(-2) * cos(-x('116') +
24278  x('162')) * x('16') * x('62') +
24279  power(x('16'), 2) +
24280  power(x('62'), 2) =l= 1;
24281  con4806..(-2) * cos(-x('119') +
24282  x('160')) * x('19') * x('60') +
24283  power(x('19'), 2) +
24284  power(x('60'), 2) =l= 1;
24285  con4807..(-2) * cos(-x('119') +
24286  x('159')) * x('19') * x('59') +
24287  power(x('19'), 2) +
24288  power(x('59'), 2) =l= 1;
24289  con4808..(-2) * cos(-x('119') +
24290  x('158')) * x('19') * x('58') +
24291  power(x('19'), 2) +
24292  power(x('58'), 2) =l= 1;
24293  con4809..(-2) * cos(-x('116') +
24294  x('163')) * x('16') * x('63') +
24295  power(x('16'), 2) +
24296  power(x('63'), 2) =l= 1;
24297  con4810..(-2) * cos(-x('119') +
24298  x('157')) * x('19') * x('57') +
24299  power(x('19'), 2) +
24300  power(x('57'), 2) =l= 1;
24301  con4811..(-2) * cos(-x('119') +
24302  x('156')) * x('19') * x('56') +
24303  power(x('19'), 2) +
24304  power(x('56'), 2) =l= 1;
24305  con4812..(-2) * cos(-x('116') +
24306  x('164')) * x('16') * x('64') +
24307  power(x('16'), 2) +
24308  power(x('64'), 2) =l= 1;
24309  con4813..(-2) * cos(-x('119') +
24310  x('155')) * x('19') * x('55') +
24311  power(x('19'), 2) +
24312  power(x('55'), 2) =l= 1;
24313  con4814..(-2) * cos(-x('119') +
24314  x('154')) * x('19') * x('54') +
24315  power(x('19'), 2) +
24316  power(x('54'), 2) =l= 1;
24317  con4815..(-2) * cos(-x('116') +
24318  x('165')) * x('16') * x('65') +
24319  power(x('16'), 2) +
24320  power(x('65'), 2) =l= 1;
24321  con4816..(-2) * cos(-x('119') +
24322  x('153')) * x('19') * x('53') +
24323  power(x('19'), 2) +
24324  power(x('53'), 2) =l= 1;
24325  con4817..(-2) * cos(-x('119') +
24326  x('152')) * x('19') * x('52') +
24327  power(x('19'), 2) +
24328  power(x('52'), 2) =l= 1;
24329  con4818..(-2) * cos(-x('116') +
24330  x('166')) * x('16') * x('66') +
24331  power(x('16'), 2) +
24332  power(x('66'), 2) =l= 1;
24333  con4819..(-2) * cos(-x('119') +
24334  x('151')) * x('19') * x('51') +
24335  power(x('19'), 2) +
24336  power(x('51'), 2) =l= 1;
24337  con4820..(-2) * cos(-x('119') +
24338  x('150')) * x('19') * x('50') +
24339  power(x('19'), 2) +
24340  power(x('50'), 2) =l= 1;
24341  con4821..(-2) * cos(-x('119') +
24342  x('149')) * x('19') * x('49') +
24343  power(x('19'), 2) +
24344  power(x('49'), 2) =l= 1;
24345  con4822..(-2) * cos(-x('116') +
24346  x('167')) * x('16') * x('67') +
24347  power(x('16'), 2) +
24348  power(x('67'), 2) =l= 1;
24349  con4823..(-2) * cos(-x('119') +
24350  x('148')) * x('19') * x('48') +
24351  power(x('19'), 2) +
24352  power(x('48'), 2) =l= 1;
24353  con4824..(-2) * cos(-x('119') +
24354  x('147')) * x('19') * x('47') +
24355  power(x('19'), 2) +
24356  power(x('47'), 2) =l= 1;
24357  con4825..(-2) * cos(-x('116') +
24358  x('168')) * x('16') * x('68') +
24359  power(x('16'), 2) +
24360  power(x('68'), 2) =l= 1;
24361  con4826..(-2) * cos(-x('119') +
24362  x('146')) * x('19') * x('46') +
24363  power(x('19'), 2) +
24364  power(x('46'), 2) =l= 1;
24365  con4827..(-2) * cos(-x('119') +
24366  x('145')) * x('19') * x('45') +
24367  power(x('19'), 2) +
24368  power(x('45'), 2) =l= 1;
24369  con4828..(-2) * cos(-x('116') +
24370  x('169')) * x('16') * x('69') +
24371  power(x('16'), 2) +
24372  power(x('69'), 2) =l= 1;
24373  con4829..(-2) * cos(-x('119') +
24374  x('144')) * x('19') * x('44') +
24375  power(x('19'), 2) +
24376  power(x('44'), 2) =l= 1;
24377  con4830..(-2) * cos(-x('119') +
24378  x('143')) * x('19') * x('43') +
24379  power(x('19'), 2) +
24380  power(x('43'), 2) =l= 1;
24381  con4831..(-2) * cos(-x('116') +
24382  x('170')) * x('16') * x('70') +
24383  power(x('16'), 2) +
24384  power(x('70'), 2) =l= 1;
24385  con4832..(-2) * cos(-x('119') +
24386  x('142')) * x('19') * x('42') +
24387  power(x('19'), 2) +
24388  power(x('42'), 2) =l= 1;
24389  con4833..(-2) * cos(-x('119') +
24390  x('141')) * x('19') * x('41') +
24391  power(x('19'), 2) +
24392  power(x('41'), 2) =l= 1;
24393  con4834..(-2) * cos(-x('119') +
24394  x('140')) * x('19') * x('40') +
24395  power(x('19'), 2) +
24396  power(x('40'), 2) =l= 1;
24397  con4835..(-2) * cos(-x('116') +
24398  x('171')) * x('16') * x('71') +
24399  power(x('16'), 2) +
24400  power(x('71'), 2) =l= 1;
24401  con4836..(-2) * cos(-x('119') +
24402  x('139')) * x('19') * x('39') +
24403  power(x('19'), 2) +
24404  power(x('39'), 2) =l= 1;
24405  con4837..(-2) * cos(-x('119') +
24406  x('138')) * x('19') * x('38') +
24407  power(x('19'), 2) +
24408  power(x('38'), 2) =l= 1;
24409  con4838..(-2) * cos(-x('116') +
24410  x('172')) * x('16') * x('72') +
24411  power(x('16'), 2) +
24412  power(x('72'), 2) =l= 1;
24413  con4839..(-2) * cos(-x('119') +
24414  x('137')) * x('19') * x('37') +
24415  power(x('19'), 2) +
24416  power(x('37'), 2) =l= 1;
24417  con4840..(-2) * cos(-x('119') +
24418  x('136')) * x('19') * x('36') +
24419  power(x('19'), 2) +
24420  power(x('36'), 2) =l= 1;
24421  con4841..(-2) * cos(-x('116') +
24422  x('173')) * x('16') * x('73') +
24423  power(x('16'), 2) +
24424  power(x('73'), 2) =l= 1;
24425  con4842..(-2) * cos(-x('119') +
24426  x('135')) * x('19') * x('35') +
24427  power(x('19'), 2) +
24428  power(x('35'), 2) =l= 1;
24429  con4843..(-2) * cos(-x('119') +
24430  x('134')) * x('19') * x('34') +
24431  power(x('19'), 2) +
24432  power(x('34'), 2) =l= 1;
24433  con4844..(-2) * cos(-x('116') +
24434  x('174')) * x('16') * x('74') +
24435  power(x('16'), 2) +
24436  power(x('74'), 2) =l= 1;
24437  con4845..(-2) * cos(-x('119') +
24438  x('133')) * x('19') * x('33') +
24439  power(x('19'), 2) +
24440  power(x('33'), 2) =l= 1;
24441  con4846..(-2) * cos(-x('119') +
24442  x('132')) * x('19') * x('32') +
24443  power(x('19'), 2) +
24444  power(x('32'), 2) =l= 1;
24445  con4847..(-2) * cos(-x('119') +
24446  x('131')) * x('19') * x('31') +
24447  power(x('19'), 2) +
24448  power(x('31'), 2) =l= 1;
24449  con4848..(-2) * cos(-x('116') +
24450  x('175')) * x('16') * x('75') +
24451  power(x('16'), 2) +
24452  power(x('75'), 2) =l= 1;
24453  con4849..(-2) * cos(-x('119') +
24454  x('130')) * x('19') * x('30') +
24455  power(x('19'), 2) +
24456  power(x('30'), 2) =l= 1;
24457  con4850..(-2) * cos(-x('119') +
24458  x('129')) * x('19') * x('29') +
24459  power(x('19'), 2) +
24460  power(x('29'), 2) =l= 1;
24461  con4851..(-2) * cos(-x('116') +
24462  x('176')) * x('16') * x('76') +
24463  power(x('16'), 2) +
24464  power(x('76'), 2) =l= 1;
24465  con4852..(-2) * cos(-x('119') +
24466  x('128')) * x('19') * x('28') +
24467  power(x('19'), 2) +
24468  power(x('28'), 2) =l= 1;
24469  con4853..(-2) * cos(-x('119') +
24470  x('127')) * x('19') * x('27') +
24471  power(x('19'), 2) +
24472  power(x('27'), 2) =l= 1;
24473  con4854..(-2) * cos(-x('116') +
24474  x('177')) * x('16') * x('77') +
24475  power(x('16'), 2) +
24476  power(x('77'), 2) =l= 1;
24477  con4855..(-2) * cos(-x('119') +
24478  x('126')) * x('19') * x('26') +
24479  power(x('19'), 2) +
24480  power(x('26'), 2) =l= 1;
24481  con4856..(-2) * cos(-x('119') +
24482  x('125')) * x('19') * x('25') +
24483  power(x('19'), 2) +
24484  power(x('25'), 2) =l= 1;
24485  con4857..(-2) * cos(-x('116') +
24486  x('178')) * x('16') * x('78') +
24487  power(x('16'), 2) +
24488  power(x('78'), 2) =l= 1;
24489  con4858..(-2) * cos(-x('119') +
24490  x('124')) * x('19') * x('24') +
24491  power(x('19'), 2) +
24492  power(x('24'), 2) =l= 1;
24493  con4859..(-2) * cos(-x('119') +
24494  x('123')) * x('19') * x('23') +
24495  power(x('19'), 2) +
24496  power(x('23'), 2) =l= 1;
24497  con4860..(-2) * cos(-x('119') +
24498  x('122')) * x('19') * x('22') +
24499  power(x('19'), 2) +
24500  power(x('22'), 2) =l= 1;
24501  con4861..(-2) * cos(-x('116') +
24502  x('179')) * x('16') * x('79') +
24503  power(x('16'), 2) +
24504  power(x('79'), 2) =l= 1;
24505  con4862..(-2) * cos(-x('119') +
24506  x('121')) * x('19') * x('21') +
24507  power(x('19'), 2) +
24508  power(x('21'), 2) =l= 1;
24509  con4863..(-2) * cos(-x('119') +
24510  x('120')) * x('19') * x('20') +
24511  power(x('19'), 2) +
24512  power(x('20'), 2) =l= 1;
24513  con4864..(-2) * cos(-x('116') +
24514  x('180')) * x('16') * x('80') +
24515  power(x('16'), 2) +
24516  power(x('80'), 2) =l= 1;
24517  con4865..(-2) * cos(-x('118') +
24518  x('200')) * x('18') * x('100') +
24519  power(x('18'), 2) +
24520  power(x('100'), 2) =l= 1;
24521  con4866..(-2) * cos(-x('118') +
24522  x('199')) * x('18') * x('99') +
24523  power(x('18'), 2) +
24524  power(x('99'), 2) =l= 1;
24525  con4867..(-2) * cos(-x('116') +
24526  x('181')) * x('16') * x('81') +
24527  power(x('16'), 2) +
24528  power(x('81'), 2) =l= 1;
24529  con4868..(-2) * cos(-x('118') +
24530  x('198')) * x('18') * x('98') +
24531  power(x('18'), 2) +
24532  power(x('98'), 2) =l= 1;
24533  con4869..(-2) * cos(-x('118') +
24534  x('197')) * x('18') * x('97') +
24535  power(x('18'), 2) +
24536  power(x('97'), 2) =l= 1;
24537  con4870..(-2) * cos(-x('116') +
24538  x('182')) * x('16') * x('82') +
24539  power(x('16'), 2) +
24540  power(x('82'), 2) =l= 1;
24541  con4871..(-2) * cos(-x('118') +
24542  x('196')) * x('18') * x('96') +
24543  power(x('18'), 2) +
24544  power(x('96'), 2) =l= 1;
24545  con4872..(-2) * cos(-x('118') +
24546  x('195')) * x('18') * x('95') +
24547  power(x('18'), 2) +
24548  power(x('95'), 2) =l= 1;
24549  con4873..(-2) * cos(-x('118') +
24550  x('194')) * x('18') * x('94') +
24551  power(x('18'), 2) +
24552  power(x('94'), 2) =l= 1;
24553  con4874..(-2) * cos(-x('116') +
24554  x('183')) * x('16') * x('83') +
24555  power(x('16'), 2) +
24556  power(x('83'), 2) =l= 1;
24557  con4875..(-2) * cos(-x('118') +
24558  x('193')) * x('18') * x('93') +
24559  power(x('18'), 2) +
24560  power(x('93'), 2) =l= 1;
24561  con4876..(-2) * cos(-x('118') +
24562  x('192')) * x('18') * x('92') +
24563  power(x('18'), 2) +
24564  power(x('92'), 2) =l= 1;
24565  con4877..(-2) * cos(-x('116') +
24566  x('184')) * x('16') * x('84') +
24567  power(x('16'), 2) +
24568  power(x('84'), 2) =l= 1;
24569  con4878..(-2) * cos(-x('118') +
24570  x('191')) * x('18') * x('91') +
24571  power(x('18'), 2) +
24572  power(x('91'), 2) =l= 1;
24573  con4879..(-2) * cos(-x('118') +
24574  x('190')) * x('18') * x('90') +
24575  power(x('18'), 2) +
24576  power(x('90'), 2) =l= 1;
24577  con4880..(-2) * cos(-x('116') +
24578  x('185')) * x('16') * x('85') +
24579  power(x('16'), 2) +
24580  power(x('85'), 2) =l= 1;
24581  con4881..(-2) * cos(-x('118') +
24582  x('189')) * x('18') * x('89') +
24583  power(x('18'), 2) +
24584  power(x('89'), 2) =l= 1;
24585  con4882..(-2) * cos(-x('118') +
24586  x('188')) * x('18') * x('88') +
24587  power(x('18'), 2) +
24588  power(x('88'), 2) =l= 1;
24589  con4883..(-2) * cos(-x('116') +
24590  x('186')) * x('16') * x('86') +
24591  power(x('16'), 2) +
24592  power(x('86'), 2) =l= 1;
24593  con4884..(-2) * cos(-x('118') +
24594  x('187')) * x('18') * x('87') +
24595  power(x('18'), 2) +
24596  power(x('87'), 2) =l= 1;
24597  con4885..(-2) * cos(-x('118') +
24598  x('186')) * x('18') * x('86') +
24599  power(x('18'), 2) +
24600  power(x('86'), 2) =l= 1;
24601  con4886..(-2) * cos(-x('118') +
24602  x('185')) * x('18') * x('85') +
24603  power(x('18'), 2) +
24604  power(x('85'), 2) =l= 1;
24605  con4887..(-2) * cos(-x('116') +
24606  x('187')) * x('16') * x('87') +
24607  power(x('16'), 2) +
24608  power(x('87'), 2) =l= 1;
24609  con4888..(-2) * cos(-x('118') +
24610  x('184')) * x('18') * x('84') +
24611  power(x('18'), 2) +
24612  power(x('84'), 2) =l= 1;
24613  con4889..(-2) * cos(-x('118') +
24614  x('183')) * x('18') * x('83') +
24615  power(x('18'), 2) +
24616  power(x('83'), 2) =l= 1;
24617  con4890..(-2) * cos(-x('116') +
24618  x('188')) * x('16') * x('88') +
24619  power(x('16'), 2) +
24620  power(x('88'), 2) =l= 1;
24621  con4891..(-2) * cos(-x('118') +
24622  x('182')) * x('18') * x('82') +
24623  power(x('18'), 2) +
24624  power(x('82'), 2) =l= 1;
24625  con4892..(-2) * cos(-x('118') +
24626  x('181')) * x('18') * x('81') +
24627  power(x('18'), 2) +
24628  power(x('81'), 2) =l= 1;
24629  con4893..(-2) * cos(-x('116') +
24630  x('189')) * x('16') * x('89') +
24631  power(x('16'), 2) +
24632  power(x('89'), 2) =l= 1;
24633  con4894..(-2) * cos(-x('118') +
24634  x('180')) * x('18') * x('80') +
24635  power(x('18'), 2) +
24636  power(x('80'), 2) =l= 1;
24637  con4895..(-2) * cos(-x('118') +
24638  x('179')) * x('18') * x('79') +
24639  power(x('18'), 2) +
24640  power(x('79'), 2) =l= 1;
24641  con4896..(-2) * cos(-x('116') +
24642  x('190')) * x('16') * x('90') +
24643  power(x('16'), 2) +
24644  power(x('90'), 2) =l= 1;
24645  con4897..(-2) * cos(-x('118') +
24646  x('178')) * x('18') * x('78') +
24647  power(x('18'), 2) +
24648  power(x('78'), 2) =l= 1;
24649  con4898..(-2) * cos(-x('118') +
24650  x('177')) * x('18') * x('77') +
24651  power(x('18'), 2) +
24652  power(x('77'), 2) =l= 1;
24653  con4899..(-2) * cos(-x('118') +
24654  x('176')) * x('18') * x('76') +
24655  power(x('18'), 2) +
24656  power(x('76'), 2) =l= 1;
24657  con4900..(-2) * cos(-x('116') +
24658  x('191')) * x('16') * x('91') +
24659  power(x('16'), 2) +
24660  power(x('91'), 2) =l= 1;
24661  con4901..(-2) * cos(-x('118') +
24662  x('175')) * x('18') * x('75') +
24663  power(x('18'), 2) +
24664  power(x('75'), 2) =l= 1;
24665  con4902..(-2) * cos(-x('118') +
24666  x('174')) * x('18') * x('74') +
24667  power(x('18'), 2) +
24668  power(x('74'), 2) =l= 1;
24669  con4903..(-2) * cos(-x('116') +
24670  x('192')) * x('16') * x('92') +
24671  power(x('16'), 2) +
24672  power(x('92'), 2) =l= 1;
24673  con4904..(-2) * cos(-x('118') +
24674  x('173')) * x('18') * x('73') +
24675  power(x('18'), 2) +
24676  power(x('73'), 2) =l= 1;
24677  con4905..(-2) * cos(-x('118') +
24678  x('172')) * x('18') * x('72') +
24679  power(x('18'), 2) +
24680  power(x('72'), 2) =l= 1;
24681  con4906..(-2) * cos(-x('116') +
24682  x('193')) * x('16') * x('93') +
24683  power(x('16'), 2) +
24684  power(x('93'), 2) =l= 1;
24685  con4907..(-2) * cos(-x('118') +
24686  x('171')) * x('18') * x('71') +
24687  power(x('18'), 2) +
24688  power(x('71'), 2) =l= 1;
24689  con4908..(-2) * cos(-x('118') +
24690  x('170')) * x('18') * x('70') +
24691  power(x('18'), 2) +
24692  power(x('70'), 2) =l= 1;
24693  con4909..(-2) * cos(-x('116') +
24694  x('194')) * x('16') * x('94') +
24695  power(x('16'), 2) +
24696  power(x('94'), 2) =l= 1;
24697  con4910..(-2) * cos(-x('118') +
24698  x('169')) * x('18') * x('69') +
24699  power(x('18'), 2) +
24700  power(x('69'), 2) =l= 1;
24701  con4911..(-2) * cos(-x('118') +
24702  x('168')) * x('18') * x('68') +
24703  power(x('18'), 2) +
24704  power(x('68'), 2) =l= 1;
24705  con4912..(-2) * cos(-x('118') +
24706  x('167')) * x('18') * x('67') +
24707  power(x('18'), 2) +
24708  power(x('67'), 2) =l= 1;
24709  con4913..(-2) * cos(-x('116') +
24710  x('195')) * x('16') * x('95') +
24711  power(x('16'), 2) +
24712  power(x('95'), 2) =l= 1;
24713  con4914..(-2) * cos(-x('118') +
24714  x('166')) * x('18') * x('66') +
24715  power(x('18'), 2) +
24716  power(x('66'), 2) =l= 1;
24717  con4915..(-2) * cos(-x('118') +
24718  x('165')) * x('18') * x('65') +
24719  power(x('18'), 2) +
24720  power(x('65'), 2) =l= 1;
24721  con4916..(-2) * cos(-x('116') +
24722  x('196')) * x('16') * x('96') +
24723  power(x('16'), 2) +
24724  power(x('96'), 2) =l= 1;
24725  con4917..(-2) * cos(-x('118') +
24726  x('164')) * x('18') * x('64') +
24727  power(x('18'), 2) +
24728  power(x('64'), 2) =l= 1;
24729  con4918..(-2) * cos(-x('118') +
24730  x('163')) * x('18') * x('63') +
24731  power(x('18'), 2) +
24732  power(x('63'), 2) =l= 1;
24733  con4919..(-2) * cos(-x('116') +
24734  x('197')) * x('16') * x('97') +
24735  power(x('16'), 2) +
24736  power(x('97'), 2) =l= 1;
24737  con4920..(-2) * cos(-x('118') +
24738  x('162')) * x('18') * x('62') +
24739  power(x('18'), 2) +
24740  power(x('62'), 2) =l= 1;
24741  con4921..(-2) * cos(-x('118') +
24742  x('161')) * x('18') * x('61') +
24743  power(x('18'), 2) +
24744  power(x('61'), 2) =l= 1;
24745  con4922..(-2) * cos(-x('116') +
24746  x('198')) * x('16') * x('98') +
24747  power(x('16'), 2) +
24748  power(x('98'), 2) =l= 1;
24749  con4923..(-2) * cos(-x('118') +
24750  x('160')) * x('18') * x('60') +
24751  power(x('18'), 2) +
24752  power(x('60'), 2) =l= 1;
24753  con4924..(-2) * cos(-x('118') +
24754  x('159')) * x('18') * x('59') +
24755  power(x('18'), 2) +
24756  power(x('59'), 2) =l= 1;
24757  con4925..(-2) * cos(-x('118') +
24758  x('158')) * x('18') * x('58') +
24759  power(x('18'), 2) +
24760  power(x('58'), 2) =l= 1;
24761  con4926..(-2) * cos(-x('116') +
24762  x('199')) * x('16') * x('99') +
24763  power(x('16'), 2) +
24764  power(x('99'), 2) =l= 1;
24765  con4927..(-2) * cos(-x('118') +
24766  x('157')) * x('18') * x('57') +
24767  power(x('18'), 2) +
24768  power(x('57'), 2) =l= 1;
24769  con4928..(-2) * cos(-x('118') +
24770  x('156')) * x('18') * x('56') +
24771  power(x('18'), 2) +
24772  power(x('56'), 2) =l= 1;
24773  con4929..(-2) * cos(-x('116') +
24774  x('200')) * x('16') * x('100') +
24775  power(x('16'), 2) +
24776  power(x('100'), 2) =l= 1;
24777  con4930..(-2) * cos(-x('118') +
24778  x('155')) * x('18') * x('55') +
24779  power(x('18'), 2) +
24780  power(x('55'), 2) =l= 1;
24781  con4931..(-2) * cos(-x('118') +
24782  x('154')) * x('18') * x('54') +
24783  power(x('18'), 2) +
24784  power(x('54'), 2) =l= 1;
24785  con4932..(-2) * cos(-x('117') +
24786  x('118')) * x('17') * x('18') +
24787  power(x('17'), 2) +
24788  power(x('18'), 2) =l= 1;
24789  con4933..(-2) * cos(-x('118') +
24790  x('153')) * x('18') * x('53') +
24791  power(x('18'), 2) +
24792  power(x('53'), 2) =l= 1;
24793  con4934..(-2) * cos(-x('118') +
24794  x('152')) * x('18') * x('52') +
24795  power(x('18'), 2) +
24796  power(x('52'), 2) =l= 1;
24797  con4935..(-2) * cos(-x('117') +
24798  x('119')) * x('17') * x('19') +
24799  power(x('17'), 2) +
24800  power(x('19'), 2) =l= 1;
24801  con4936..(-2) * cos(-x('118') +
24802  x('151')) * x('18') * x('51') +
24803  power(x('18'), 2) +
24804  power(x('51'), 2) =l= 1;
24805  con4937..(-2) * cos(-x('118') +
24806  x('150')) * x('18') * x('50') +
24807  power(x('18'), 2) +
24808  power(x('50'), 2) =l= 1;
24809  con4938..(-2) * cos(-x('118') +
24810  x('149')) * x('18') * x('49') +
24811  power(x('18'), 2) +
24812  power(x('49'), 2) =l= 1;
24813  con4939..(-2) * cos(-x('117') +
24814  x('120')) * x('17') * x('20') +
24815  power(x('17'), 2) +
24816  power(x('20'), 2) =l= 1;
24817  con4940..(-2) * cos(-x('118') +
24818  x('148')) * x('18') * x('48') +
24819  power(x('18'), 2) +
24820  power(x('48'), 2) =l= 1;
24821  con4941..(-2) * cos(-x('118') +
24822  x('147')) * x('18') * x('47') +
24823  power(x('18'), 2) +
24824  power(x('47'), 2) =l= 1;
24825  con4942..(-2) * cos(-x('117') +
24826  x('121')) * x('17') * x('21') +
24827  power(x('17'), 2) +
24828  power(x('21'), 2) =l= 1;
24829  con4943..(-2) * cos(-x('118') +
24830  x('146')) * x('18') * x('46') +
24831  power(x('18'), 2) +
24832  power(x('46'), 2) =l= 1;
24833  con4944..(-2) * cos(-x('118') +
24834  x('145')) * x('18') * x('45') +
24835  power(x('18'), 2) +
24836  power(x('45'), 2) =l= 1;
24837  con4945..(-2) * cos(-x('117') +
24838  x('122')) * x('17') * x('22') +
24839  power(x('17'), 2) +
24840  power(x('22'), 2) =l= 1;
24841  con4946..(-2) * cos(-x('118') +
24842  x('144')) * x('18') * x('44') +
24843  power(x('18'), 2) +
24844  power(x('44'), 2) =l= 1;
24845  con4947..(-2) * cos(-x('118') +
24846  x('143')) * x('18') * x('43') +
24847  power(x('18'), 2) +
24848  power(x('43'), 2) =l= 1;
24849  con4948..(-2) * cos(-x('117') +
24850  x('123')) * x('17') * x('23') +
24851  power(x('17'), 2) +
24852  power(x('23'), 2) =l= 1;
24853  con4949..(-2) * cos(-x('118') +
24854  x('142')) * x('18') * x('42') +
24855  power(x('18'), 2) +
24856  power(x('42'), 2) =l= 1;
24857  con4950..(-2) * cos(-x('118') +
24858  x('141')) * x('18') * x('41') +
24859  power(x('18'), 2) +
24860  power(x('41'), 2) =l= 1;
24861  con4951..(-2) * cos(-x('118') +
24862  x('140')) * x('18') * x('40') +
24863  power(x('18'), 2) +
24864  power(x('40'), 2) =l= 1;
24865  con4952..(-2) * cos(-x('117') +
24866  x('124')) * x('17') * x('24') +
24867  power(x('17'), 2) +
24868  power(x('24'), 2) =l= 1;
24869  con4953..(-2) * cos(-x('118') +
24870  x('139')) * x('18') * x('39') +
24871  power(x('18'), 2) +
24872  power(x('39'), 2) =l= 1;
24873  con4954..(-2) * cos(-x('118') +
24874  x('138')) * x('18') * x('38') +
24875  power(x('18'), 2) +
24876  power(x('38'), 2) =l= 1;
24877  con4955..(-2) * cos(-x('117') +
24878  x('125')) * x('17') * x('25') +
24879  power(x('17'), 2) +
24880  power(x('25'), 2) =l= 1;
24881  con4956..(-2) * cos(-x('118') +
24882  x('137')) * x('18') * x('37') +
24883  power(x('18'), 2) +
24884  power(x('37'), 2) =l= 1;
24885  con4957..(-2) * cos(-x('118') +
24886  x('136')) * x('18') * x('36') +
24887  power(x('18'), 2) +
24888  power(x('36'), 2) =l= 1;
24889  con4958..(-2) * cos(-x('117') +
24890  x('126')) * x('17') * x('26') +
24891  power(x('17'), 2) +
24892  power(x('26'), 2) =l= 1;
24893  con4959..(-2) * cos(-x('118') +
24894  x('135')) * x('18') * x('35') +
24895  power(x('18'), 2) +
24896  power(x('35'), 2) =l= 1;
24897  con4960..(-2) * cos(-x('118') +
24898  x('134')) * x('18') * x('34') +
24899  power(x('18'), 2) +
24900  power(x('34'), 2) =l= 1;
24901  con4961..(-2) * cos(-x('117') +
24902  x('127')) * x('17') * x('27') +
24903  power(x('17'), 2) +
24904  power(x('27'), 2) =l= 1;
24905  con4962..(-2) * cos(-x('118') +
24906  x('133')) * x('18') * x('33') +
24907  power(x('18'), 2) +
24908  power(x('33'), 2) =l= 1;
24909  con4963..(-2) * cos(-x('118') +
24910  x('132')) * x('18') * x('32') +
24911  power(x('18'), 2) +
24912  power(x('32'), 2) =l= 1;
24913  con4964..(-2) * cos(-x('118') +
24914  x('131')) * x('18') * x('31') +
24915  power(x('18'), 2) +
24916  power(x('31'), 2) =l= 1;
24917  con4965..(-2) * cos(-x('117') +
24918  x('128')) * x('17') * x('28') +
24919  power(x('17'), 2) +
24920  power(x('28'), 2) =l= 1;
24921  con4966..(-2) * cos(-x('118') +
24922  x('130')) * x('18') * x('30') +
24923  power(x('18'), 2) +
24924  power(x('30'), 2) =l= 1;
24925  con4967..(-2) * cos(-x('118') +
24926  x('129')) * x('18') * x('29') +
24927  power(x('18'), 2) +
24928  power(x('29'), 2) =l= 1;
24929  con4968..(-2) * cos(-x('117') +
24930  x('129')) * x('17') * x('29') +
24931  power(x('17'), 2) +
24932  power(x('29'), 2) =l= 1;
24933  con4969..(-2) * cos(-x('118') +
24934  x('128')) * x('18') * x('28') +
24935  power(x('18'), 2) +
24936  power(x('28'), 2) =l= 1;
24937  con4970..(-2) * cos(-x('118') +
24938  x('127')) * x('18') * x('27') +
24939  power(x('18'), 2) +
24940  power(x('27'), 2) =l= 1;
24941  con4971..(-2) * cos(-x('117') +
24942  x('130')) * x('17') * x('30') +
24943  power(x('17'), 2) +
24944  power(x('30'), 2) =l= 1;
24945  con4972..(-2) * cos(-x('118') +
24946  x('126')) * x('18') * x('26') +
24947  power(x('18'), 2) +
24948  power(x('26'), 2) =l= 1;
24949  con4973..(-2) * cos(-x('118') +
24950  x('125')) * x('18') * x('25') +
24951  power(x('18'), 2) +
24952  power(x('25'), 2) =l= 1;
24953  con4974..(-2) * cos(-x('117') +
24954  x('131')) * x('17') * x('31') +
24955  power(x('17'), 2) +
24956  power(x('31'), 2) =l= 1;
24957  con4975..(-2) * cos(-x('118') +
24958  x('124')) * x('18') * x('24') +
24959  power(x('18'), 2) +
24960  power(x('24'), 2) =l= 1;
24961  con4976..(-2) * cos(-x('118') +
24962  x('123')) * x('18') * x('23') +
24963  power(x('18'), 2) +
24964  power(x('23'), 2) =l= 1;
24965  con4977..(-2) * cos(-x('118') +
24966  x('122')) * x('18') * x('22') +
24967  power(x('18'), 2) +
24968  power(x('22'), 2) =l= 1;
24969  con4978..(-2) * cos(-x('117') +
24970  x('132')) * x('17') * x('32') +
24971  power(x('17'), 2) +
24972  power(x('32'), 2) =l= 1;
24973  con4979..(-2) * cos(-x('118') +
24974  x('121')) * x('18') * x('21') +
24975  power(x('18'), 2) +
24976  power(x('21'), 2) =l= 1;
24977  con4980..(-2) * cos(-x('118') +
24978  x('120')) * x('18') * x('20') +
24979  power(x('18'), 2) +
24980  power(x('20'), 2) =l= 1;
24981  con4981..(-2) * cos(-x('117') +
24982  x('133')) * x('17') * x('33') +
24983  power(x('17'), 2) +
24984  power(x('33'), 2) =l= 1;
24985  con4982..(-2) * cos(-x('118') +
24986  x('119')) * x('18') * x('19') +
24987  power(x('18'), 2) +
24988  power(x('19'), 2) =l= 1;
24989  con4983..(-2) * cos(-x('117') +
24990  x('200')) * x('17') * x('100') +
24991  power(x('17'), 2) +
24992  power(x('100'), 2) =l= 1;
24993  con4984..(-2) * cos(-x('117') +
24994  x('134')) * x('17') * x('34') +
24995  power(x('17'), 2) +
24996  power(x('34'), 2) =l= 1;
24997  con4985..(-2) * cos(-x('117') +
24998  x('199')) * x('17') * x('99') +
24999  power(x('17'), 2) +
25000  power(x('99'), 2) =l= 1;
25001  con4986..(-2) * cos(-x('117') +
25002  x('198')) * x('17') * x('98') +
25003  power(x('17'), 2) +
25004  power(x('98'), 2) =l= 1;
25005  con4987..(-2) * cos(-x('117') +
25006  x('135')) * x('17') * x('35') +
25007  power(x('17'), 2) +
25008  power(x('35'), 2) =l= 1;
25009  con4988..(-2) * cos(-x('117') +
25010  x('197')) * x('17') * x('97') +
25011  power(x('17'), 2) +
25012  power(x('97'), 2) =l= 1;
25013  con4989..(-2) * cos(-x('117') +
25014  x('196')) * x('17') * x('96') +
25015  power(x('17'), 2) +
25016  power(x('96'), 2) =l= 1;
25017  con4990..(-2) * cos(-x('117') +
25018  x('195')) * x('17') * x('95') +
25019  power(x('17'), 2) +
25020  power(x('95'), 2) =l= 1;
25021  con4991..(-2) * cos(-x('117') +
25022  x('136')) * x('17') * x('36') +
25023  power(x('17'), 2) +
25024  power(x('36'), 2) =l= 1;
25025  con4992..(-2) * cos(-x('117') +
25026  x('194')) * x('17') * x('94') +
25027  power(x('17'), 2) +
25028  power(x('94'), 2) =l= 1;
25029  con4993..(-2) * cos(-x('117') +
25030  x('193')) * x('17') * x('93') +
25031  power(x('17'), 2) +
25032  power(x('93'), 2) =l= 1;
25033  con4994..(-2) * cos(-x('117') +
25034  x('137')) * x('17') * x('37') +
25035  power(x('17'), 2) +
25036  power(x('37'), 2) =l= 1;
25037  con4995..(-2) * cos(-x('117') +
25038  x('192')) * x('17') * x('92') +
25039  power(x('17'), 2) +
25040  power(x('92'), 2) =l= 1;
25041  con4996..(-2) * cos(-x('117') +
25042  x('191')) * x('17') * x('91') +
25043  power(x('17'), 2) +
25044  power(x('91'), 2) =l= 1;
25045  con4997..(-2) * cos(-x('117') +
25046  x('138')) * x('17') * x('38') +
25047  power(x('17'), 2) +
25048  power(x('38'), 2) =l= 1;
25049  con4998..(-2) * cos(-x('117') +
25050  x('190')) * x('17') * x('90') +
25051  power(x('17'), 2) +
25052  power(x('90'), 2) =l= 1;
25053  con4999..(-2) * cos(-x('117') +
25054  x('189')) * x('17') * x('89') +
25055  power(x('17'), 2) +
25056  power(x('89'), 2) =l= 1;
25057  con5000..(-2) * cos(-x('117') +
25058  x('139')) * x('17') * x('39') +
25059  power(x('17'), 2) +
25060  power(x('39'), 2) =l= 1;
25061  con5001..(-2) * cos(-x('117') +
25062  x('188')) * x('17') * x('88') +
25063  power(x('17'), 2) +
25064  power(x('88'), 2) =l= 1;
25065  con5002..(-2) * cos(-x('117') +
25066  x('187')) * x('17') * x('87') +
25067  power(x('17'), 2) +
25068  power(x('87'), 2) =l= 1;
25069  con5003..(-2) * cos(-x('117') +
25070  x('186')) * x('17') * x('86') +
25071  power(x('17'), 2) +
25072  power(x('86'), 2) =l= 1;
25073  con5004..(-2) * cos(-x('117') +
25074  x('140')) * x('17') * x('40') +
25075  power(x('17'), 2) +
25076  power(x('40'), 2) =l= 1;
25077  con5005..(-2) * cos(-x('117') +
25078  x('185')) * x('17') * x('85') +
25079  power(x('17'), 2) +
25080  power(x('85'), 2) =l= 1;
25081  con5006..(-2) * cos(-x('117') +
25082  x('184')) * x('17') * x('84') +
25083  power(x('17'), 2) +
25084  power(x('84'), 2) =l= 1;
25085  con5007..(-2) * cos(-x('117') +
25086  x('141')) * x('17') * x('41') +
25087  power(x('17'), 2) +
25088  power(x('41'), 2) =l= 1;
25089  con5008..(-2) * cos(-x('117') +
25090  x('183')) * x('17') * x('83') +
25091  power(x('17'), 2) +
25092  power(x('83'), 2) =l= 1;
25093  con5009..(-2) * cos(-x('117') +
25094  x('182')) * x('17') * x('82') +
25095  power(x('17'), 2) +
25096  power(x('82'), 2) =l= 1;
25097  con5010..(-2) * cos(-x('117') +
25098  x('142')) * x('17') * x('42') +
25099  power(x('17'), 2) +
25100  power(x('42'), 2) =l= 1;
25101  con5011..(-2) * cos(-x('117') +
25102  x('181')) * x('17') * x('81') +
25103  power(x('17'), 2) +
25104  power(x('81'), 2) =l= 1;
25105  con5012..(-2) * cos(-x('117') +
25106  x('180')) * x('17') * x('80') +
25107  power(x('17'), 2) +
25108  power(x('80'), 2) =l= 1;
25109  con5013..(-2) * cos(-x('117') +
25110  x('143')) * x('17') * x('43') +
25111  power(x('17'), 2) +
25112  power(x('43'), 2) =l= 1;
25113  con5014..(-2) * cos(-x('117') +
25114  x('179')) * x('17') * x('79') +
25115  power(x('17'), 2) +
25116  power(x('79'), 2) =l= 1;
25117  con5015..(-2) * cos(-x('117') +
25118  x('178')) * x('17') * x('78') +
25119  power(x('17'), 2) +
25120  power(x('78'), 2) =l= 1;
25121  con5016..(-2) * cos(-x('117') +
25122  x('177')) * x('17') * x('77') +
25123  power(x('17'), 2) +
25124  power(x('77'), 2) =l= 1;
25125  con5017..(-2) * cos(-x('117') +
25126  x('144')) * x('17') * x('44') +
25127  power(x('17'), 2) +
25128  power(x('44'), 2) =l= 1;
25129  con5018..(-2) * cos(-x('117') +
25130  x('176')) * x('17') * x('76') +
25131  power(x('17'), 2) +
25132  power(x('76'), 2) =l= 1;
25133  con5019..(-2) * cos(-x('117') +
25134  x('175')) * x('17') * x('75') +
25135  power(x('17'), 2) +
25136  power(x('75'), 2) =l= 1;
25137  con5020..(-2) * cos(-x('117') +
25138  x('145')) * x('17') * x('45') +
25139  power(x('17'), 2) +
25140  power(x('45'), 2) =l= 1;
25141  con5021..(-2) * cos(-x('117') +
25142  x('174')) * x('17') * x('74') +
25143  power(x('17'), 2) +
25144  power(x('74'), 2) =l= 1;
25145  con5022..(-2) * cos(-x('117') +
25146  x('173')) * x('17') * x('73') +
25147  power(x('17'), 2) +
25148  power(x('73'), 2) =l= 1;
25149  con5023..(-2) * cos(-x('117') +
25150  x('146')) * x('17') * x('46') +
25151  power(x('17'), 2) +
25152  power(x('46'), 2) =l= 1;
25153  con5024..(-2) * cos(-x('117') +
25154  x('172')) * x('17') * x('72') +
25155  power(x('17'), 2) +
25156  power(x('72'), 2) =l= 1;
25157  con5025..(-2) * cos(-x('117') +
25158  x('171')) * x('17') * x('71') +
25159  power(x('17'), 2) +
25160  power(x('71'), 2) =l= 1;
25161  con5026..(-2) * cos(-x('117') +
25162  x('147')) * x('17') * x('47') +
25163  power(x('17'), 2) +
25164  power(x('47'), 2) =l= 1;
25165  con5027..(-2) * cos(-x('117') +
25166  x('170')) * x('17') * x('70') +
25167  power(x('17'), 2) +
25168  power(x('70'), 2) =l= 1;
25169  con5028..(-2) * cos(-x('117') +
25170  x('169')) * x('17') * x('69') +
25171  power(x('17'), 2) +
25172  power(x('69'), 2) =l= 1;
25173  con5029..(-2) * cos(-x('117') +
25174  x('168')) * x('17') * x('68') +
25175  power(x('17'), 2) +
25176  power(x('68'), 2) =l= 1;
25177  con5030..(-2) * cos(-x('117') +
25178  x('148')) * x('17') * x('48') +
25179  power(x('17'), 2) +
25180  power(x('48'), 2) =l= 1;
25181  con5031..(-2) * cos(-x('117') +
25182  x('167')) * x('17') * x('67') +
25183  power(x('17'), 2) +
25184  power(x('67'), 2) =l= 1;
25185  con5032..(-2) * cos(-x('117') +
25186  x('166')) * x('17') * x('66') +
25187  power(x('17'), 2) +
25188  power(x('66'), 2) =l= 1;
25189  con5033..(-2) * cos(-x('117') +
25190  x('149')) * x('17') * x('49') +
25191  power(x('17'), 2) +
25192  power(x('49'), 2) =l= 1;
25193  con5034..(-2) * cos(-x('117') +
25194  x('165')) * x('17') * x('65') +
25195  power(x('17'), 2) +
25196  power(x('65'), 2) =l= 1;
25197  con5035..(-2) * cos(-x('117') +
25198  x('164')) * x('17') * x('64') +
25199  power(x('17'), 2) +
25200  power(x('64'), 2) =l= 1;
25201  con5036..(-2) * cos(-x('117') +
25202  x('150')) * x('17') * x('50') +
25203  power(x('17'), 2) +
25204  power(x('50'), 2) =l= 1;
25205  con5037..(-2) * cos(-x('117') +
25206  x('163')) * x('17') * x('63') +
25207  power(x('17'), 2) +
25208  power(x('63'), 2) =l= 1;
25209  con5038..(-2) * cos(-x('117') +
25210  x('162')) * x('17') * x('62') +
25211  power(x('17'), 2) +
25212  power(x('62'), 2) =l= 1;
25213  con5039..(-2) * cos(-x('117') +
25214  x('151')) * x('17') * x('51') +
25215  power(x('17'), 2) +
25216  power(x('51'), 2) =l= 1;
25217  con5040..(-2) * cos(-x('117') +
25218  x('161')) * x('17') * x('61') +
25219  power(x('17'), 2) +
25220  power(x('61'), 2) =l= 1;
25221  con5041..(-2) * cos(-x('117') +
25222  x('160')) * x('17') * x('60') +
25223  power(x('17'), 2) +
25224  power(x('60'), 2) =l= 1;
25225  con5042..(-2) * cos(-x('117') +
25226  x('159')) * x('17') * x('59') +
25227  power(x('17'), 2) +
25228  power(x('59'), 2) =l= 1;
25229  con5043..(-2) * cos(-x('117') +
25230  x('152')) * x('17') * x('52') +
25231  power(x('17'), 2) +
25232  power(x('52'), 2) =l= 1;
25233  con5044..(-2) * cos(-x('117') +
25234  x('158')) * x('17') * x('58') +
25235  power(x('17'), 2) +
25236  power(x('58'), 2) =l= 1;
25237  con5045..(-2) * cos(-x('117') +
25238  x('157')) * x('17') * x('57') +
25239  power(x('17'), 2) +
25240  power(x('57'), 2) =l= 1;
25241  con5046..(-2) * cos(-x('117') +
25242  x('153')) * x('17') * x('53') +
25243  power(x('17'), 2) +
25244  power(x('53'), 2) =l= 1;
25245  con5047..(-2) * cos(-x('117') +
25246  x('156')) * x('17') * x('56') +
25247  power(x('17'), 2) +
25248  power(x('56'), 2) =l= 1;
25249  con5048..(-2) * cos(-x('117') +
25250  x('155')) * x('17') * x('55') +
25251  power(x('17'), 2) +
25252  power(x('55'), 2) =l= 1;
25253  con5049..(-2) * cos(-x('117') +
25254  x('154')) * x('17') * x('54') +
25255  power(x('17'), 2) +
25256  power(x('54'), 2) =l= 1;
25257  x.lo('100')=0;
25258  x.up('100')=0;
25259  x.lo('200')=3.14159265358979;
25260  x.up('200')=3.14159265358979;
25261  x.lo('1')=0;
25262  x.up('1')=1;
25263  x.lo('2')=0;
25264  x.up('2')=1;
25265  x.lo('3')=0;
25266  x.up('3')=1;
25267  x.lo('4')=0;
25268  x.up('4')=1;
25269  x.lo('5')=0;
25270  x.up('5')=1;
25271  x.lo('6')=0;
25272  x.up('6')=1;
25273  x.lo('7')=0;
25274  x.up('7')=1;
25275  x.lo('8')=0;
25276  x.up('8')=1;
25277  x.lo('9')=0;
25278  x.up('9')=1;
25279  x.lo('10')=0;
25280  x.up('10')=1;
25281  x.lo('11')=0;
25282  x.up('11')=1;
25283  x.lo('12')=0;
25284  x.up('12')=1;
25285  x.lo('13')=0;
25286  x.up('13')=1;
25287  x.lo('14')=0;
25288  x.up('14')=1;
25289  x.lo('15')=0;
25290  x.up('15')=1;
25291  x.lo('16')=0;
25292  x.up('16')=1;
25293  x.lo('17')=0;
25294  x.up('17')=1;
25295  x.lo('18')=0;
25296  x.up('18')=1;
25297  x.lo('19')=0;
25298  x.up('19')=1;
25299  x.lo('20')=0;
25300  x.up('20')=1;
25301  x.lo('21')=0;
25302  x.up('21')=1;
25303  x.lo('22')=0;
25304  x.up('22')=1;
25305  x.lo('23')=0;
25306  x.up('23')=1;
25307  x.lo('24')=0;
25308  x.up('24')=1;
25309  x.lo('25')=0;
25310  x.up('25')=1;
25311  x.lo('26')=0;
25312  x.up('26')=1;
25313  x.lo('27')=0;
25314  x.up('27')=1;
25315  x.lo('28')=0;
25316  x.up('28')=1;
25317  x.lo('29')=0;
25318  x.up('29')=1;
25319  x.lo('30')=0;
25320  x.up('30')=1;
25321  x.lo('31')=0;
25322  x.up('31')=1;
25323  x.lo('32')=0;
25324  x.up('32')=1;
25325  x.lo('33')=0;
25326  x.up('33')=1;
25327  x.lo('34')=0;
25328  x.up('34')=1;
25329  x.lo('35')=0;
25330  x.up('35')=1;
25331  x.lo('36')=0;
25332  x.up('36')=1;
25333  x.lo('37')=0;
25334  x.up('37')=1;
25335  x.lo('38')=0;
25336  x.up('38')=1;
25337  x.lo('39')=0;
25338  x.up('39')=1;
25339  x.lo('40')=0;
25340  x.up('40')=1;
25341  x.lo('41')=0;
25342  x.up('41')=1;
25343  x.lo('42')=0;
25344  x.up('42')=1;
25345  x.lo('43')=0;
25346  x.up('43')=1;
25347  x.lo('44')=0;
25348  x.up('44')=1;
25349  x.lo('45')=0;
25350  x.up('45')=1;
25351  x.lo('46')=0;
25352  x.up('46')=1;
25353  x.lo('47')=0;
25354  x.up('47')=1;
25355  x.lo('48')=0;
25356  x.up('48')=1;
25357  x.lo('49')=0;
25358  x.up('49')=1;
25359  x.lo('50')=0;
25360  x.up('50')=1;
25361  x.lo('51')=0;
25362  x.up('51')=1;
25363  x.lo('52')=0;
25364  x.up('52')=1;
25365  x.lo('53')=0;
25366  x.up('53')=1;
25367  x.lo('54')=0;
25368  x.up('54')=1;
25369  x.lo('55')=0;
25370  x.up('55')=1;
25371  x.lo('56')=0;
25372  x.up('56')=1;
25373  x.lo('57')=0;
25374  x.up('57')=1;
25375  x.lo('58')=0;
25376  x.up('58')=1;
25377  x.lo('59')=0;
25378  x.up('59')=1;
25379  x.lo('60')=0;
25380  x.up('60')=1;
25381  x.lo('61')=0;
25382  x.up('61')=1;
25383  x.lo('62')=0;
25384  x.up('62')=1;
25385  x.lo('63')=0;
25386  x.up('63')=1;
25387  x.lo('64')=0;
25388  x.up('64')=1;
25389  x.lo('65')=0;
25390  x.up('65')=1;
25391  x.lo('66')=0;
25392  x.up('66')=1;
25393  x.lo('67')=0;
25394  x.up('67')=1;
25395  x.lo('68')=0;
25396  x.up('68')=1;
25397  x.lo('69')=0;
25398  x.up('69')=1;
25399  x.lo('70')=0;
25400  x.up('70')=1;
25401  x.lo('71')=0;
25402  x.up('71')=1;
25403  x.lo('72')=0;
25404  x.up('72')=1;
25405  x.lo('73')=0;
25406  x.up('73')=1;
25407  x.lo('74')=0;
25408  x.up('74')=1;
25409  x.lo('75')=0;
25410  x.up('75')=1;
25411  x.lo('76')=0;
25412  x.up('76')=1;
25413  x.lo('77')=0;
25414  x.up('77')=1;
25415  x.lo('78')=0;
25416  x.up('78')=1;
25417  x.lo('79')=0;
25418  x.up('79')=1;
25419  x.lo('80')=0;
25420  x.up('80')=1;
25421  x.lo('81')=0;
25422  x.up('81')=1;
25423  x.lo('82')=0;
25424  x.up('82')=1;
25425  x.lo('83')=0;
25426  x.up('83')=1;
25427  x.lo('84')=0;
25428  x.up('84')=1;
25429  x.lo('85')=0;
25430  x.up('85')=1;
25431  x.lo('86')=0;
25432  x.up('86')=1;
25433  x.lo('87')=0;
25434  x.up('87')=1;
25435  x.lo('88')=0;
25436  x.up('88')=1;
25437  x.lo('89')=0;
25438  x.up('89')=1;
25439  x.lo('90')=0;
25440  x.up('90')=1;
25441  x.lo('91')=0;
25442  x.up('91')=1;
25443  x.lo('92')=0;
25444  x.up('92')=1;
25445  x.lo('93')=0;
25446  x.up('93')=1;
25447  x.lo('94')=0;
25448  x.up('94')=1;
25449  x.lo('95')=0;
25450  x.up('95')=1;
25451  x.lo('96')=0;
25452  x.up('96')=1;
25453  x.lo('97')=0;
25454  x.up('97')=1;
25455  x.lo('98')=0;
25456  x.up('98')=1;
25457  x.lo('99')=0;
25458  x.up('99')=1;
25459  x.lo('101')=0;
25460  x.up('101')=3.14159265358979;
25461  x.lo('102')=0;
25462  x.up('102')=3.14159265358979;
25463  x.lo('103')=0;
25464  x.up('103')=3.14159265358979;
25465  x.lo('104')=0;
25466  x.up('104')=3.14159265358979;
25467  x.lo('105')=0;
25468  x.up('105')=3.14159265358979;
25469  x.lo('106')=0;
25470  x.up('106')=3.14159265358979;
25471  x.lo('107')=0;
25472  x.up('107')=3.14159265358979;
25473  x.lo('108')=0;
25474  x.up('108')=3.14159265358979;
25475  x.lo('109')=0;
25476  x.up('109')=3.14159265358979;
25477  x.lo('110')=0;
25478  x.up('110')=3.14159265358979;
25479  x.lo('111')=0;
25480  x.up('111')=3.14159265358979;
25481  x.lo('112')=0;
25482  x.up('112')=3.14159265358979;
25483  x.lo('113')=0;
25484  x.up('113')=3.14159265358979;
25485  x.lo('114')=0;
25486  x.up('114')=3.14159265358979;
25487  x.lo('115')=0;
25488  x.up('115')=3.14159265358979;
25489  x.lo('116')=0;
25490  x.up('116')=3.14159265358979;
25491  x.lo('117')=0;
25492  x.up('117')=3.14159265358979;
25493  x.lo('118')=0;
25494  x.up('118')=3.14159265358979;
25495  x.lo('119')=0;
25496  x.up('119')=3.14159265358979;
25497  x.lo('120')=0;
25498  x.up('120')=3.14159265358979;
25499  x.lo('121')=0;
25500  x.up('121')=3.14159265358979;
25501  x.lo('122')=0;
25502  x.up('122')=3.14159265358979;
25503  x.lo('123')=0;
25504  x.up('123')=3.14159265358979;
25505  x.lo('124')=0;
25506  x.up('124')=3.14159265358979;
25507  x.lo('125')=0;
25508  x.up('125')=3.14159265358979;
25509  x.lo('126')=0;
25510  x.up('126')=3.14159265358979;
25511  x.lo('127')=0;
25512  x.up('127')=3.14159265358979;
25513  x.lo('128')=0;
25514  x.up('128')=3.14159265358979;
25515  x.lo('129')=0;
25516  x.up('129')=3.14159265358979;
25517  x.lo('130')=0;
25518  x.up('130')=3.14159265358979;
25519  x.lo('131')=0;
25520  x.up('131')=3.14159265358979;
25521  x.lo('132')=0;
25522  x.up('132')=3.14159265358979;
25523  x.lo('133')=0;
25524  x.up('133')=3.14159265358979;
25525  x.lo('134')=0;
25526  x.up('134')=3.14159265358979;
25527  x.lo('135')=0;
25528  x.up('135')=3.14159265358979;
25529  x.lo('136')=0;
25530  x.up('136')=3.14159265358979;
25531  x.lo('137')=0;
25532  x.up('137')=3.14159265358979;
25533  x.lo('138')=0;
25534  x.up('138')=3.14159265358979;
25535  x.lo('139')=0;
25536  x.up('139')=3.14159265358979;
25537  x.lo('140')=0;
25538  x.up('140')=3.14159265358979;
25539  x.lo('141')=0;
25540  x.up('141')=3.14159265358979;
25541  x.lo('142')=0;
25542  x.up('142')=3.14159265358979;
25543  x.lo('143')=0;
25544  x.up('143')=3.14159265358979;
25545  x.lo('144')=0;
25546  x.up('144')=3.14159265358979;
25547  x.lo('145')=0;
25548  x.up('145')=3.14159265358979;
25549  x.lo('146')=0;
25550  x.up('146')=3.14159265358979;
25551  x.lo('147')=0;
25552  x.up('147')=3.14159265358979;
25553  x.lo('148')=0;
25554  x.up('148')=3.14159265358979;
25555  x.lo('149')=0;
25556  x.up('149')=3.14159265358979;
25557  x.lo('150')=0;
25558  x.up('150')=3.14159265358979;
25559  x.lo('151')=0;
25560  x.up('151')=3.14159265358979;
25561  x.lo('152')=0;
25562  x.up('152')=3.14159265358979;
25563  x.lo('153')=0;
25564  x.up('153')=3.14159265358979;
25565  x.lo('154')=0;
25566  x.up('154')=3.14159265358979;
25567  x.lo('155')=0;
25568  x.up('155')=3.14159265358979;
25569  x.lo('156')=0;
25570  x.up('156')=3.14159265358979;
25571  x.lo('157')=0;
25572  x.up('157')=3.14159265358979;
25573  x.lo('158')=0;
25574  x.up('158')=3.14159265358979;
25575  x.lo('159')=0;
25576  x.up('159')=3.14159265358979;
25577  x.lo('160')=0;
25578  x.up('160')=3.14159265358979;
25579  x.lo('161')=0;
25580  x.up('161')=3.14159265358979;
25581  x.lo('162')=0;
25582  x.up('162')=3.14159265358979;
25583  x.lo('163')=0;
25584  x.up('163')=3.14159265358979;
25585  x.lo('164')=0;
25586  x.up('164')=3.14159265358979;
25587  x.lo('165')=0;
25588  x.up('165')=3.14159265358979;
25589  x.lo('166')=0;
25590  x.up('166')=3.14159265358979;
25591  x.lo('167')=0;
25592  x.up('167')=3.14159265358979;
25593  x.lo('168')=0;
25594  x.up('168')=3.14159265358979;
25595  x.lo('169')=0;
25596  x.up('169')=3.14159265358979;
25597  x.lo('170')=0;
25598  x.up('170')=3.14159265358979;
25599  x.lo('171')=0;
25600  x.up('171')=3.14159265358979;
25601  x.lo('172')=0;
25602  x.up('172')=3.14159265358979;
25603  x.lo('173')=0;
25604  x.up('173')=3.14159265358979;
25605  x.lo('174')=0;
25606  x.up('174')=3.14159265358979;
25607  x.lo('175')=0;
25608  x.up('175')=3.14159265358979;
25609  x.lo('176')=0;
25610  x.up('176')=3.14159265358979;
25611  x.lo('177')=0;
25612  x.up('177')=3.14159265358979;
25613  x.lo('178')=0;
25614  x.up('178')=3.14159265358979;
25615  x.lo('179')=0;
25616  x.up('179')=3.14159265358979;
25617  x.lo('180')=0;
25618  x.up('180')=3.14159265358979;
25619  x.lo('181')=0;
25620  x.up('181')=3.14159265358979;
25621  x.lo('182')=0;
25622  x.up('182')=3.14159265358979;
25623  x.lo('183')=0;
25624  x.up('183')=3.14159265358979;
25625  x.lo('184')=0;
25626  x.up('184')=3.14159265358979;
25627  x.lo('185')=0;
25628  x.up('185')=3.14159265358979;
25629  x.lo('186')=0;
25630  x.up('186')=3.14159265358979;
25631  x.lo('187')=0;
25632  x.up('187')=3.14159265358979;
25633  x.lo('188')=0;
25634  x.up('188')=3.14159265358979;
25635  x.lo('189')=0;
25636  x.up('189')=3.14159265358979;
25637  x.lo('190')=0;
25638  x.up('190')=3.14159265358979;
25639  x.lo('191')=0;
25640  x.up('191')=3.14159265358979;
25641  x.lo('192')=0;
25642  x.up('192')=3.14159265358979;
25643  x.lo('193')=0;
25644  x.up('193')=3.14159265358979;
25645  x.lo('194')=0;
25646  x.up('194')=3.14159265358979;
25647  x.lo('195')=0;
25648  x.up('195')=3.14159265358979;
25649  x.lo('196')=0;
25650  x.up('196')=3.14159265358979;
25651  x.lo('197')=0;
25652  x.up('197')=3.14159265358979;
25653  x.lo('198')=0;
25654  x.up('198')=3.14159265358979;
25655  x.lo('199')=0;
25656  x.up('199')=3.14159265358979;
25657   
25658  x.l(j)=1/(ORD(j)+1);
25659   
25660  Model m/All/;m.optfile=1;
25661  m.workspace = 32;
25662  File res/polygon100.res/;
25663  Put res;
25664   
25665  options limrow=0,
25666          limcol=0,
25667          solprint=off,
25668          sysout=on,
25669          nlp=convert ,
25670          reslim=4000 ,
25671          optca=1e-6,
25672          optcr=0;
25673  Solve m using nlp minimizing obj;
25674   
25675  PUT "modelstatus = ", m.MODELSTAT; PUT /;
25676  loop(j,PUT "x(", j.te(j), ") = ", x.l(j):16:10/);
25677  PUT "obj = ", obj.l:16:10/;
25678  PUT "infeas = ", m.NUMINFES; PUT /;
25679  PUT "nonopt = ", m.NUMNOPT; PUT /;
25680  display x.l, obj.l;
25681   
25682   
25683   


COMPILATION TIME     =        0.094 SECONDS      6 MB  53.5.1 f2e5fac3 WEX-WEI
GAMS 53.5.1  f2e5fac3 May 20, 2026          WEX-WEI x86 64bit/MS Windows - 06/14/26 21:50:18 Page 2
G e n e r a l   A l g e b r a i c   M o d e l i n g   S y s t e m
Range Statistics    SOLVE m Using NLP From line 25673


RANGE STATISTICS (ABSOLUTE NON-ZERO FINITE VALUES)

RHS       [min, max] : [ 1.000E+00, 1.000E+00] - Zero values observed as well
Bound     [min, max] : [ 1.000E+00, 3.142E+00] - Zero values observed as well
Matrix    [min, max] : [ 5.076E-09, 1.000E+00] - Zero values observed as well

GAMS 53.5.1  f2e5fac3 May 20, 2026          WEX-WEI x86 64bit/MS Windows - 06/14/26 21:50:18 Page 3
G e n e r a l   A l g e b r a i c   M o d e l i n g   S y s t e m
Model Statistics    SOLVE m Using NLP From line 25673


MODEL STATISTICS

BLOCKS OF EQUATIONS       5,050     SINGLE EQUATIONS        5,050
BLOCKS OF VARIABLES           2     SINGLE VARIABLES          201  2 projected
NON ZERO ELEMENTS        20,199     NON LINEAR N-Z         20,000
CODE LENGTH              69,996     CONSTANT POOL              18



**** The model exceeds the demo license limits for nonlinear models of more than 1000 rows or columns
     As an academic user, you can submit large models to the NEOS service for free (see https://www.gams.com/neos)
     Alternatively, feel free to contact sales@gams.com to discuss your options

GENERATION TIME      =        0.063 SECONDS      7 MB  53.5.1 f2e5fac3 WEX-WEI
**** Terminated due to a licensing error
**** License file: C:\GAMS\53\gamslice.txt

**** Current license content:
     GAMS_Demo,_for_EULA_and_demo_limitations_see___G260130+0003Cc-GEN
     https://www.gams.com/latest/docs/UG%5FLicense.html_______________
     00_______________________________________________________________
     05_______________________________________________________________
     DC0000____47c482f4-6e50-4644-89db-3efca59626ed_O_DEMO____________
     v:2______________________________________________________________
     MEUCIQCTOo43J0c6lWb3zG++iU1nMOlrMgfUbQwkptleusEKvAIgUwcOdzpUddQte
     GKUkB6iP4wFOO9VKu4/UxuNTOpqano=__________________________________
