GAMS 53.5.1  f2e5fac3 May 20, 2026          WEX-WEI x86 64bit/MS Windows - 06/14/26 21:50:18 Page 1
G e n e r a l   A l g e b r a i c   M o d e l i n g   S y s t e m
C o m p i l a t i o n


   1  * GAMS-model polygon50.dag.gms written by dag2gams Converter at 29/03/2004 14:13:09
   2  * University of Vienna
   4   Set i/1*1274/;
   5   Set j/1*100/;
   6   Equations objcon
   7  con1
   8  con2
   9  con3
  10  con4
  11  con5
  12  con6
  13  con7
  14  con8
  15  con9
  16  con10
  17  con11
  18  con12
  19  con13
  20  con14
  21  con15
  22  con16
  23  con17
  24  con18
  25  con19
  26  con20
  27  con21
  28  con22
  29  con23
  30  con24
  31  con25
  32  con26
  33  con27
  34  con28
  35  con29
  36  con30
  37  con31
  38  con32
  39  con33
  40  con34
  41  con35
  42  con36
  43  con37
  44  con38
  45  con39
  46  con40
  47  con41
  48  con42
  49  con43
  50  con44
  51  con45
  52  con46
  53  con47
  54  con48
  55  con49
  56  con50
  57  con51
  58  con52
  59  con53
  60  con54
  61  con55
  62  con56
  63  con57
  64  con58
  65  con59
  66  con60
  67  con61
  68  con62
  69  con63
  70  con64
  71  con65
  72  con66
  73  con67
  74  con68
  75  con69
  76  con70
  77  con71
  78  con72
  79  con73
  80  con74
  81  con75
  82  con76
  83  con77
  84  con78
  85  con79
  86  con80
  87  con81
  88  con82
  89  con83
  90  con84
  91  con85
  92  con86
  93  con87
  94  con88
  95  con89
  96  con90
  97  con91
  98  con92
  99  con93
 100  con94
 101  con95
 102  con96
 103  con97
 104  con98
 105  con99
 106  con100
 107  con101
 108  con102
 109  con103
 110  con104
 111  con105
 112  con106
 113  con107
 114  con108
 115  con109
 116  con110
 117  con111
 118  con112
 119  con113
 120  con114
 121  con115
 122  con116
 123  con117
 124  con118
 125  con119
 126  con120
 127  con121
 128  con122
 129  con123
 130  con124
 131  con125
 132  con126
 133  con127
 134  con128
 135  con129
 136  con130
 137  con131
 138  con132
 139  con133
 140  con134
 141  con135
 142  con136
 143  con137
 144  con138
 145  con139
 146  con140
 147  con141
 148  con142
 149  con143
 150  con144
 151  con145
 152  con146
 153  con147
 154  con148
 155  con149
 156  con150
 157  con151
 158  con152
 159  con153
 160  con154
 161  con155
 162  con156
 163  con157
 164  con158
 165  con159
 166  con160
 167  con161
 168  con162
 169  con163
 170  con164
 171  con165
 172  con166
 173  con167
 174  con168
 175  con169
 176  con170
 177  con171
 178  con172
 179  con173
 180  con174
 181  con175
 182  con176
 183  con177
 184  con178
 185  con179
 186  con180
 187  con181
 188  con182
 189  con183
 190  con184
 191  con185
 192  con186
 193  con187
 194  con188
 195  con189
 196  con190
 197  con191
 198  con192
 199  con193
 200  con194
 201  con195
 202  con196
 203  con197
 204  con198
 205  con199
 206  con200
 207  con201
 208  con202
 209  con203
 210  con204
 211  con205
 212  con206
 213  con207
 214  con208
 215  con209
 216  con210
 217  con211
 218  con212
 219  con213
 220  con214
 221  con215
 222  con216
 223  con217
 224  con218
 225  con219
 226  con220
 227  con221
 228  con222
 229  con223
 230  con224
 231  con225
 232  con226
 233  con227
 234  con228
 235  con229
 236  con230
 237  con231
 238  con232
 239  con233
 240  con234
 241  con235
 242  con236
 243  con237
 244  con238
 245  con239
 246  con240
 247  con241
 248  con242
 249  con243
 250  con244
 251  con245
 252  con246
 253  con247
 254  con248
 255  con249
 256  con250
 257  con251
 258  con252
 259  con253
 260  con254
 261  con255
 262  con256
 263  con257
 264  con258
 265  con259
 266  con260
 267  con261
 268  con262
 269  con263
 270  con264
 271  con265
 272  con266
 273  con267
 274  con268
 275  con269
 276  con270
 277  con271
 278  con272
 279  con273
 280  con274
 281  con275
 282  con276
 283  con277
 284  con278
 285  con279
 286  con280
 287  con281
 288  con282
 289  con283
 290  con284
 291  con285
 292  con286
 293  con287
 294  con288
 295  con289
 296  con290
 297  con291
 298  con292
 299  con293
 300  con294
 301  con295
 302  con296
 303  con297
 304  con298
 305  con299
 306  con300
 307  con301
 308  con302
 309  con303
 310  con304
 311  con305
 312  con306
 313  con307
 314  con308
 315  con309
 316  con310
 317  con311
 318  con312
 319  con313
 320  con314
 321  con315
 322  con316
 323  con317
 324  con318
 325  con319
 326  con320
 327  con321
 328  con322
 329  con323
 330  con324
 331  con325
 332  con326
 333  con327
 334  con328
 335  con329
 336  con330
 337  con331
 338  con332
 339  con333
 340  con334
 341  con335
 342  con336
 343  con337
 344  con338
 345  con339
 346  con340
 347  con341
 348  con342
 349  con343
 350  con344
 351  con345
 352  con346
 353  con347
 354  con348
 355  con349
 356  con350
 357  con351
 358  con352
 359  con353
 360  con354
 361  con355
 362  con356
 363  con357
 364  con358
 365  con359
 366  con360
 367  con361
 368  con362
 369  con363
 370  con364
 371  con365
 372  con366
 373  con367
 374  con368
 375  con369
 376  con370
 377  con371
 378  con372
 379  con373
 380  con374
 381  con375
 382  con376
 383  con377
 384  con378
 385  con379
 386  con380
 387  con381
 388  con382
 389  con383
 390  con384
 391  con385
 392  con386
 393  con387
 394  con388
 395  con389
 396  con390
 397  con391
 398  con392
 399  con393
 400  con394
 401  con395
 402  con396
 403  con397
 404  con398
 405  con399
 406  con400
 407  con401
 408  con402
 409  con403
 410  con404
 411  con405
 412  con406
 413  con407
 414  con408
 415  con409
 416  con410
 417  con411
 418  con412
 419  con413
 420  con414
 421  con415
 422  con416
 423  con417
 424  con418
 425  con419
 426  con420
 427  con421
 428  con422
 429  con423
 430  con424
 431  con425
 432  con426
 433  con427
 434  con428
 435  con429
 436  con430
 437  con431
 438  con432
 439  con433
 440  con434
 441  con435
 442  con436
 443  con437
 444  con438
 445  con439
 446  con440
 447  con441
 448  con442
 449  con443
 450  con444
 451  con445
 452  con446
 453  con447
 454  con448
 455  con449
 456  con450
 457  con451
 458  con452
 459  con453
 460  con454
 461  con455
 462  con456
 463  con457
 464  con458
 465  con459
 466  con460
 467  con461
 468  con462
 469  con463
 470  con464
 471  con465
 472  con466
 473  con467
 474  con468
 475  con469
 476  con470
 477  con471
 478  con472
 479  con473
 480  con474
 481  con475
 482  con476
 483  con477
 484  con478
 485  con479
 486  con480
 487  con481
 488  con482
 489  con483
 490  con484
 491  con485
 492  con486
 493  con487
 494  con488
 495  con489
 496  con490
 497  con491
 498  con492
 499  con493
 500  con494
 501  con495
 502  con496
 503  con497
 504  con498
 505  con499
 506  con500
 507  con501
 508  con502
 509  con503
 510  con504
 511  con505
 512  con506
 513  con507
 514  con508
 515  con509
 516  con510
 517  con511
 518  con512
 519  con513
 520  con514
 521  con515
 522  con516
 523  con517
 524  con518
 525  con519
 526  con520
 527  con521
 528  con522
 529  con523
 530  con524
 531  con525
 532  con526
 533  con527
 534  con528
 535  con529
 536  con530
 537  con531
 538  con532
 539  con533
 540  con534
 541  con535
 542  con536
 543  con537
 544  con538
 545  con539
 546  con540
 547  con541
 548  con542
 549  con543
 550  con544
 551  con545
 552  con546
 553  con547
 554  con548
 555  con549
 556  con550
 557  con551
 558  con552
 559  con553
 560  con554
 561  con555
 562  con556
 563  con557
 564  con558
 565  con559
 566  con560
 567  con561
 568  con562
 569  con563
 570  con564
 571  con565
 572  con566
 573  con567
 574  con568
 575  con569
 576  con570
 577  con571
 578  con572
 579  con573
 580  con574
 581  con575
 582  con576
 583  con577
 584  con578
 585  con579
 586  con580
 587  con581
 588  con582
 589  con583
 590  con584
 591  con585
 592  con586
 593  con587
 594  con588
 595  con589
 596  con590
 597  con591
 598  con592
 599  con593
 600  con594
 601  con595
 602  con596
 603  con597
 604  con598
 605  con599
 606  con600
 607  con601
 608  con602
 609  con603
 610  con604
 611  con605
 612  con606
 613  con607
 614  con608
 615  con609
 616  con610
 617  con611
 618  con612
 619  con613
 620  con614
 621  con615
 622  con616
 623  con617
 624  con618
 625  con619
 626  con620
 627  con621
 628  con622
 629  con623
 630  con624
 631  con625
 632  con626
 633  con627
 634  con628
 635  con629
 636  con630
 637  con631
 638  con632
 639  con633
 640  con634
 641  con635
 642  con636
 643  con637
 644  con638
 645  con639
 646  con640
 647  con641
 648  con642
 649  con643
 650  con644
 651  con645
 652  con646
 653  con647
 654  con648
 655  con649
 656  con650
 657  con651
 658  con652
 659  con653
 660  con654
 661  con655
 662  con656
 663  con657
 664  con658
 665  con659
 666  con660
 667  con661
 668  con662
 669  con663
 670  con664
 671  con665
 672  con666
 673  con667
 674  con668
 675  con669
 676  con670
 677  con671
 678  con672
 679  con673
 680  con674
 681  con675
 682  con676
 683  con677
 684  con678
 685  con679
 686  con680
 687  con681
 688  con682
 689  con683
 690  con684
 691  con685
 692  con686
 693  con687
 694  con688
 695  con689
 696  con690
 697  con691
 698  con692
 699  con693
 700  con694
 701  con695
 702  con696
 703  con697
 704  con698
 705  con699
 706  con700
 707  con701
 708  con702
 709  con703
 710  con704
 711  con705
 712  con706
 713  con707
 714  con708
 715  con709
 716  con710
 717  con711
 718  con712
 719  con713
 720  con714
 721  con715
 722  con716
 723  con717
 724  con718
 725  con719
 726  con720
 727  con721
 728  con722
 729  con723
 730  con724
 731  con725
 732  con726
 733  con727
 734  con728
 735  con729
 736  con730
 737  con731
 738  con732
 739  con733
 740  con734
 741  con735
 742  con736
 743  con737
 744  con738
 745  con739
 746  con740
 747  con741
 748  con742
 749  con743
 750  con744
 751  con745
 752  con746
 753  con747
 754  con748
 755  con749
 756  con750
 757  con751
 758  con752
 759  con753
 760  con754
 761  con755
 762  con756
 763  con757
 764  con758
 765  con759
 766  con760
 767  con761
 768  con762
 769  con763
 770  con764
 771  con765
 772  con766
 773  con767
 774  con768
 775  con769
 776  con770
 777  con771
 778  con772
 779  con773
 780  con774
 781  con775
 782  con776
 783  con777
 784  con778
 785  con779
 786  con780
 787  con781
 788  con782
 789  con783
 790  con784
 791  con785
 792  con786
 793  con787
 794  con788
 795  con789
 796  con790
 797  con791
 798  con792
 799  con793
 800  con794
 801  con795
 802  con796
 803  con797
 804  con798
 805  con799
 806  con800
 807  con801
 808  con802
 809  con803
 810  con804
 811  con805
 812  con806
 813  con807
 814  con808
 815  con809
 816  con810
 817  con811
 818  con812
 819  con813
 820  con814
 821  con815
 822  con816
 823  con817
 824  con818
 825  con819
 826  con820
 827  con821
 828  con822
 829  con823
 830  con824
 831  con825
 832  con826
 833  con827
 834  con828
 835  con829
 836  con830
 837  con831
 838  con832
 839  con833
 840  con834
 841  con835
 842  con836
 843  con837
 844  con838
 845  con839
 846  con840
 847  con841
 848  con842
 849  con843
 850  con844
 851  con845
 852  con846
 853  con847
 854  con848
 855  con849
 856  con850
 857  con851
 858  con852
 859  con853
 860  con854
 861  con855
 862  con856
 863  con857
 864  con858
 865  con859
 866  con860
 867  con861
 868  con862
 869  con863
 870  con864
 871  con865
 872  con866
 873  con867
 874  con868
 875  con869
 876  con870
 877  con871
 878  con872
 879  con873
 880  con874
 881  con875
 882  con876
 883  con877
 884  con878
 885  con879
 886  con880
 887  con881
 888  con882
 889  con883
 890  con884
 891  con885
 892  con886
 893  con887
 894  con888
 895  con889
 896  con890
 897  con891
 898  con892
 899  con893
 900  con894
 901  con895
 902  con896
 903  con897
 904  con898
 905  con899
 906  con900
 907  con901
 908  con902
 909  con903
 910  con904
 911  con905
 912  con906
 913  con907
 914  con908
 915  con909
 916  con910
 917  con911
 918  con912
 919  con913
 920  con914
 921  con915
 922  con916
 923  con917
 924  con918
 925  con919
 926  con920
 927  con921
 928  con922
 929  con923
 930  con924
 931  con925
 932  con926
 933  con927
 934  con928
 935  con929
 936  con930
 937  con931
 938  con932
 939  con933
 940  con934
 941  con935
 942  con936
 943  con937
 944  con938
 945  con939
 946  con940
 947  con941
 948  con942
 949  con943
 950  con944
 951  con945
 952  con946
 953  con947
 954  con948
 955  con949
 956  con950
 957  con951
 958  con952
 959  con953
 960  con954
 961  con955
 962  con956
 963  con957
 964  con958
 965  con959
 966  con960
 967  con961
 968  con962
 969  con963
 970  con964
 971  con965
 972  con966
 973  con967
 974  con968
 975  con969
 976  con970
 977  con971
 978  con972
 979  con973
 980  con974
 981  con975
 982  con976
 983  con977
 984  con978
 985  con979
 986  con980
 987  con981
 988  con982
 989  con983
 990  con984
 991  con985
 992  con986
 993  con987
 994  con988
 995  con989
 996  con990
 997  con991
 998  con992
 999  con993
1000  con994
1001  con995
1002  con996
1003  con997
1004  con998
1005  con999
1006  con1000
1007  con1001
1008  con1002
1009  con1003
1010  con1004
1011  con1005
1012  con1006
1013  con1007
1014  con1008
1015  con1009
1016  con1010
1017  con1011
1018  con1012
1019  con1013
1020  con1014
1021  con1015
1022  con1016
1023  con1017
1024  con1018
1025  con1019
1026  con1020
1027  con1021
1028  con1022
1029  con1023
1030  con1024
1031  con1025
1032  con1026
1033  con1027
1034  con1028
1035  con1029
1036  con1030
1037  con1031
1038  con1032
1039  con1033
1040  con1034
1041  con1035
1042  con1036
1043  con1037
1044  con1038
1045  con1039
1046  con1040
1047  con1041
1048  con1042
1049  con1043
1050  con1044
1051  con1045
1052  con1046
1053  con1047
1054  con1048
1055  con1049
1056  con1050
1057  con1051
1058  con1052
1059  con1053
1060  con1054
1061  con1055
1062  con1056
1063  con1057
1064  con1058
1065  con1059
1066  con1060
1067  con1061
1068  con1062
1069  con1063
1070  con1064
1071  con1065
1072  con1066
1073  con1067
1074  con1068
1075  con1069
1076  con1070
1077  con1071
1078  con1072
1079  con1073
1080  con1074
1081  con1075
1082  con1076
1083  con1077
1084  con1078
1085  con1079
1086  con1080
1087  con1081
1088  con1082
1089  con1083
1090  con1084
1091  con1085
1092  con1086
1093  con1087
1094  con1088
1095  con1089
1096  con1090
1097  con1091
1098  con1092
1099  con1093
1100  con1094
1101  con1095
1102  con1096
1103  con1097
1104  con1098
1105  con1099
1106  con1100
1107  con1101
1108  con1102
1109  con1103
1110  con1104
1111  con1105
1112  con1106
1113  con1107
1114  con1108
1115  con1109
1116  con1110
1117  con1111
1118  con1112
1119  con1113
1120  con1114
1121  con1115
1122  con1116
1123  con1117
1124  con1118
1125  con1119
1126  con1120
1127  con1121
1128  con1122
1129  con1123
1130  con1124
1131  con1125
1132  con1126
1133  con1127
1134  con1128
1135  con1129
1136  con1130
1137  con1131
1138  con1132
1139  con1133
1140  con1134
1141  con1135
1142  con1136
1143  con1137
1144  con1138
1145  con1139
1146  con1140
1147  con1141
1148  con1142
1149  con1143
1150  con1144
1151  con1145
1152  con1146
1153  con1147
1154  con1148
1155  con1149
1156  con1150
1157  con1151
1158  con1152
1159  con1153
1160  con1154
1161  con1155
1162  con1156
1163  con1157
1164  con1158
1165  con1159
1166  con1160
1167  con1161
1168  con1162
1169  con1163
1170  con1164
1171  con1165
1172  con1166
1173  con1167
1174  con1168
1175  con1169
1176  con1170
1177  con1171
1178  con1172
1179  con1173
1180  con1174
1181  con1175
1182  con1176
1183  con1177
1184  con1178
1185  con1179
1186  con1180
1187  con1181
1188  con1182
1189  con1183
1190  con1184
1191  con1185
1192  con1186
1193  con1187
1194  con1188
1195  con1189
1196  con1190
1197  con1191
1198  con1192
1199  con1193
1200  con1194
1201  con1195
1202  con1196
1203  con1197
1204  con1198
1205  con1199
1206  con1200
1207  con1201
1208  con1202
1209  con1203
1210  con1204
1211  con1205
1212  con1206
1213  con1207
1214  con1208
1215  con1209
1216  con1210
1217  con1211
1218  con1212
1219  con1213
1220  con1214
1221  con1215
1222  con1216
1223  con1217
1224  con1218
1225  con1219
1226  con1220
1227  con1221
1228  con1222
1229  con1223
1230  con1224
1231  con1225
1232  con1226
1233  con1227
1234  con1228
1235  con1229
1236  con1230
1237  con1231
1238  con1232
1239  con1233
1240  con1234
1241  con1235
1242  con1236
1243  con1237
1244  con1238
1245  con1239
1246  con1240
1247  con1241
1248  con1242
1249  con1243
1250  con1244
1251  con1245
1252  con1246
1253  con1247
1254  con1248
1255  con1249
1256  con1250
1257  con1251
1258  con1252
1259  con1253
1260  con1254
1261  con1255
1262  con1256
1263  con1257
1264  con1258
1265  con1259
1266  con1260
1267  con1261
1268  con1262
1269  con1263
1270  con1264
1271  con1265
1272  con1266
1273  con1267
1274  con1268
1275  con1269
1276  con1270
1277  con1271
1278  con1272
1279  con1273
1280  con1274
1281  ;
1282  Variables x(j), obj;
1283  * Objective function (to be minimized)
1284  objcon.. obj =e= (-0.5) * sin(-x('51') +
1285  x('52')) * x('1') * x('2') -
1286  0.5 * sin(-x('52') +
1287  x('53')) * x('2') * x('3') -
1288  0.5 * sin(-x('53') +
1289  x('54')) * x('3') * x('4') -
1290  0.5 * sin(-x('54') +
1291  x('55')) * x('4') * x('5') -
1292  0.5 * sin(-x('55') +
1293  x('56')) * x('5') * x('6') -
1294  0.5 * sin(-x('56') +
1295  x('57')) * x('6') * x('7') -
1296  0.5 * sin(-x('57') +
1297  x('58')) * x('7') * x('8') -
1298  0.5 * sin(-x('58') +
1299  x('59')) * x('8') * x('9') -
1300  0.5 * sin(-x('59') +
1301  x('60')) * x('9') * x('10') -
1302  0.5 * sin(-x('60') +
1303  x('61')) * x('10') * x('11') -
1304  0.5 * sin(-x('61') +
1305  x('62')) * x('11') * x('12') -
1306  0.5 * sin(-x('62') +
1307  x('63')) * x('12') * x('13') -
1308  0.5 * sin(-x('63') +
1309  x('64')) * x('13') * x('14') -
1310  0.5 * sin(-x('64') +
1311  x('65')) * x('14') * x('15') -
1312  0.5 * sin(-x('65') +
1313  x('66')) * x('15') * x('16') -
1314  0.5 * sin(-x('66') +
1315  x('67')) * x('16') * x('17') -
1316  0.5 * sin(-x('67') +
1317  x('68')) * x('17') * x('18') -
1318  0.5 * sin(-x('68') +
1319  x('69')) * x('18') * x('19') -
1320  0.5 * sin(-x('69') +
1321  x('70')) * x('19') * x('20') -
1322  0.5 * sin(-x('70') +
1323  x('71')) * x('20') * x('21') -
1324  0.5 * sin(-x('71') +
1325  x('72')) * x('21') * x('22') -
1326  0.5 * sin(-x('72') +
1327  x('73')) * x('22') * x('23') -
1328  0.5 * sin(-x('73') +
1329  x('74')) * x('23') * x('24') -
1330  0.5 * sin(-x('74') +
1331  x('75')) * x('24') * x('25') -
1332  0.5 * sin(-x('75') +
1333  x('76')) * x('25') * x('26') -
1334  0.5 * sin(-x('76') +
1335  x('77')) * x('26') * x('27') -
1336  0.5 * sin(-x('77') +
1337  x('78')) * x('27') * x('28') -
1338  0.5 * sin(-x('78') +
1339  x('79')) * x('28') * x('29') -
1340  0.5 * sin(-x('79') +
1341  x('80')) * x('29') * x('30') -
1342  0.5 * sin(-x('80') +
1343  x('81')) * x('30') * x('31') -
1344  0.5 * sin(-x('81') +
1345  x('82')) * x('31') * x('32') -
1346  0.5 * sin(-x('82') +
1347  x('83')) * x('32') * x('33') -
1348  0.5 * sin(-x('83') +
1349  x('84')) * x('33') * x('34') -
1350  0.5 * sin(-x('84') +
1351  x('85')) * x('34') * x('35') -
1352  0.5 * sin(-x('85') +
1353  x('86')) * x('35') * x('36') -
1354  0.5 * sin(-x('86') +
1355  x('87')) * x('36') * x('37') -
1356  0.5 * sin(-x('87') +
1357  x('88')) * x('37') * x('38') -
1358  0.5 * sin(-x('88') +
1359  x('89')) * x('38') * x('39') -
1360  0.5 * sin(-x('89') +
1361  x('90')) * x('39') * x('40') -
1362  0.5 * sin(-x('90') +
1363  x('91')) * x('40') * x('41') -
1364  0.5 * sin(-x('91') +
1365  x('92')) * x('41') * x('42') -
1366  0.5 * sin(-x('92') +
1367  x('93')) * x('42') * x('43') -
1368  0.5 * sin(-x('93') +
1369  x('94')) * x('43') * x('44') -
1370  0.5 * sin(-x('94') +
1371  x('95')) * x('44') * x('45') -
1372  0.5 * sin(-x('95') +
1373  x('96')) * x('45') * x('46') -
1374  0.5 * sin(-x('96') +
1375  x('97')) * x('46') * x('47') -
1376  0.5 * sin(-x('97') +
1377  x('98')) * x('47') * x('48') -
1378  0.5 * sin(-x('98') +
1379  x('99')) * x('48') * x('49') -
1380  0.5 * sin(-x('99') +
1381  x('100')) * x('49') * x('50');
1382   
1383   
1384  con1..x('99') -
1385  x('100') =l= 0;
1386  con2..x('98') -
1387  x('99') =l= 0;
1388  con3..x('97') -
1389  x('98') =l= 0;
1390  con4..x('96') -
1391  x('97') =l= 0;
1392  con5..x('95') -
1393  x('96') =l= 0;
1394  con6..x('94') -
1395  x('95') =l= 0;
1396  con7..x('93') -
1397  x('94') =l= 0;
1398  con8..x('92') -
1399  x('93') =l= 0;
1400  con9..x('91') -
1401  x('92') =l= 0;
1402  con10..x('90') -
1403  x('91') =l= 0;
1404  con11..x('89') -
1405  x('90') =l= 0;
1406  con12..x('88') -
1407  x('89') =l= 0;
1408  con13..x('87') -
1409  x('88') =l= 0;
1410  con14..x('86') -
1411  x('87') =l= 0;
1412  con15..x('85') -
1413  x('86') =l= 0;
1414  con16..x('84') -
1415  x('85') =l= 0;
1416  con17..x('83') -
1417  x('84') =l= 0;
1418  con18..x('82') -
1419  x('83') =l= 0;
1420  con19..x('81') -
1421  x('82') =l= 0;
1422  con20..x('80') -
1423  x('81') =l= 0;
1424  con21..x('79') -
1425  x('80') =l= 0;
1426  con22..x('78') -
1427  x('79') =l= 0;
1428  con23..x('77') -
1429  x('78') =l= 0;
1430  con24..x('76') -
1431  x('77') =l= 0;
1432  con25..x('75') -
1433  x('76') =l= 0;
1434  con26..x('74') -
1435  x('75') =l= 0;
1436  con27..x('73') -
1437  x('74') =l= 0;
1438  con28..x('72') -
1439  x('73') =l= 0;
1440  con29..x('71') -
1441  x('72') =l= 0;
1442  con30..x('70') -
1443  x('71') =l= 0;
1444  con31..x('69') -
1445  x('70') =l= 0;
1446  con32..x('68') -
1447  x('69') =l= 0;
1448  con33..x('67') -
1449  x('68') =l= 0;
1450  con34..x('66') -
1451  x('67') =l= 0;
1452  con35..x('65') -
1453  x('66') =l= 0;
1454  con36..x('64') -
1455  x('65') =l= 0;
1456  con37..x('63') -
1457  x('64') =l= 0;
1458  con38..x('62') -
1459  x('63') =l= 0;
1460  con39..x('61') -
1461  x('62') =l= 0;
1462  con40..x('60') -
1463  x('61') =l= 0;
1464  con41..x('59') -
1465  x('60') =l= 0;
1466  con42..x('58') -
1467  x('59') =l= 0;
1468  con43..x('57') -
1469  x('58') =l= 0;
1470  con44..x('56') -
1471  x('57') =l= 0;
1472  con45..x('55') -
1473  x('56') =l= 0;
1474  con46..x('54') -
1475  x('55') =l= 0;
1476  con47..x('53') -
1477  x('54') =l= 0;
1478  con48..x('52') -
1479  x('53') =l= 0;
1480  con49..x('51') -
1481  x('52') =l= 0;
1482  con50..(-2) * cos(-x('99') +
1483  x('100')) * x('49') * x('50') +
1484  power(x('49'), 2) +
1485  power(x('50'), 2) =l= 1;
1486  con51..(-2) * cos(-x('98') +
1487  x('100')) * x('48') * x('50') +
1488  power(x('48'), 2) +
1489  power(x('50'), 2) =l= 1;
1490  con52..(-2) * cos(-x('98') +
1491  x('99')) * x('48') * x('49') +
1492  power(x('48'), 2) +
1493  power(x('49'), 2) =l= 1;
1494  con53..(-2) * cos(-x('97') +
1495  x('100')) * x('47') * x('50') +
1496  power(x('47'), 2) +
1497  power(x('50'), 2) =l= 1;
1498  con54..(-2) * cos(-x('97') +
1499  x('99')) * x('47') * x('49') +
1500  power(x('47'), 2) +
1501  power(x('49'), 2) =l= 1;
1502  con55..(-2) * cos(-x('97') +
1503  x('98')) * x('47') * x('48') +
1504  power(x('47'), 2) +
1505  power(x('48'), 2) =l= 1;
1506  con56..(-2) * cos(-x('96') +
1507  x('100')) * x('46') * x('50') +
1508  power(x('46'), 2) +
1509  power(x('50'), 2) =l= 1;
1510  con57..(-2) * cos(-x('96') +
1511  x('99')) * x('46') * x('49') +
1512  power(x('46'), 2) +
1513  power(x('49'), 2) =l= 1;
1514  con58..(-2) * cos(-x('96') +
1515  x('98')) * x('46') * x('48') +
1516  power(x('46'), 2) +
1517  power(x('48'), 2) =l= 1;
1518  con59..(-2) * cos(-x('96') +
1519  x('97')) * x('46') * x('47') +
1520  power(x('46'), 2) +
1521  power(x('47'), 2) =l= 1;
1522  con60..(-2) * cos(-x('95') +
1523  x('100')) * x('45') * x('50') +
1524  power(x('45'), 2) +
1525  power(x('50'), 2) =l= 1;
1526  con61..(-2) * cos(-x('95') +
1527  x('99')) * x('45') * x('49') +
1528  power(x('45'), 2) +
1529  power(x('49'), 2) =l= 1;
1530  con62..(-2) * cos(-x('95') +
1531  x('98')) * x('45') * x('48') +
1532  power(x('45'), 2) +
1533  power(x('48'), 2) =l= 1;
1534  con63..(-2) * cos(-x('95') +
1535  x('97')) * x('45') * x('47') +
1536  power(x('45'), 2) +
1537  power(x('47'), 2) =l= 1;
1538  con64..(-2) * cos(-x('95') +
1539  x('96')) * x('45') * x('46') +
1540  power(x('45'), 2) +
1541  power(x('46'), 2) =l= 1;
1542  con65..(-2) * cos(-x('94') +
1543  x('100')) * x('44') * x('50') +
1544  power(x('44'), 2) +
1545  power(x('50'), 2) =l= 1;
1546  con66..(-2) * cos(-x('94') +
1547  x('99')) * x('44') * x('49') +
1548  power(x('44'), 2) +
1549  power(x('49'), 2) =l= 1;
1550  con67..(-2) * cos(-x('94') +
1551  x('98')) * x('44') * x('48') +
1552  power(x('44'), 2) +
1553  power(x('48'), 2) =l= 1;
1554  con68..(-2) * cos(-x('94') +
1555  x('97')) * x('44') * x('47') +
1556  power(x('44'), 2) +
1557  power(x('47'), 2) =l= 1;
1558  con69..(-2) * cos(-x('94') +
1559  x('96')) * x('44') * x('46') +
1560  power(x('44'), 2) +
1561  power(x('46'), 2) =l= 1;
1562  con70..(-2) * cos(-x('94') +
1563  x('95')) * x('44') * x('45') +
1564  power(x('44'), 2) +
1565  power(x('45'), 2) =l= 1;
1566  con71..(-2) * cos(-x('93') +
1567  x('100')) * x('43') * x('50') +
1568  power(x('43'), 2) +
1569  power(x('50'), 2) =l= 1;
1570  con72..(-2) * cos(-x('93') +
1571  x('99')) * x('43') * x('49') +
1572  power(x('43'), 2) +
1573  power(x('49'), 2) =l= 1;
1574  con73..(-2) * cos(-x('93') +
1575  x('98')) * x('43') * x('48') +
1576  power(x('43'), 2) +
1577  power(x('48'), 2) =l= 1;
1578  con74..(-2) * cos(-x('93') +
1579  x('97')) * x('43') * x('47') +
1580  power(x('43'), 2) +
1581  power(x('47'), 2) =l= 1;
1582  con75..(-2) * cos(-x('93') +
1583  x('96')) * x('43') * x('46') +
1584  power(x('43'), 2) +
1585  power(x('46'), 2) =l= 1;
1586  con76..(-2) * cos(-x('93') +
1587  x('95')) * x('43') * x('45') +
1588  power(x('43'), 2) +
1589  power(x('45'), 2) =l= 1;
1590  con77..(-2) * cos(-x('93') +
1591  x('94')) * x('43') * x('44') +
1592  power(x('43'), 2) +
1593  power(x('44'), 2) =l= 1;
1594  con78..(-2) * cos(-x('92') +
1595  x('100')) * x('42') * x('50') +
1596  power(x('42'), 2) +
1597  power(x('50'), 2) =l= 1;
1598  con79..(-2) * cos(-x('92') +
1599  x('99')) * x('42') * x('49') +
1600  power(x('42'), 2) +
1601  power(x('49'), 2) =l= 1;
1602  con80..(-2) * cos(-x('92') +
1603  x('98')) * x('42') * x('48') +
1604  power(x('42'), 2) +
1605  power(x('48'), 2) =l= 1;
1606  con81..(-2) * cos(-x('92') +
1607  x('97')) * x('42') * x('47') +
1608  power(x('42'), 2) +
1609  power(x('47'), 2) =l= 1;
1610  con82..(-2) * cos(-x('92') +
1611  x('96')) * x('42') * x('46') +
1612  power(x('42'), 2) +
1613  power(x('46'), 2) =l= 1;
1614  con83..(-2) * cos(-x('92') +
1615  x('95')) * x('42') * x('45') +
1616  power(x('42'), 2) +
1617  power(x('45'), 2) =l= 1;
1618  con84..(-2) * cos(-x('92') +
1619  x('94')) * x('42') * x('44') +
1620  power(x('42'), 2) +
1621  power(x('44'), 2) =l= 1;
1622  con85..(-2) * cos(-x('92') +
1623  x('93')) * x('42') * x('43') +
1624  power(x('42'), 2) +
1625  power(x('43'), 2) =l= 1;
1626  con86..(-2) * cos(-x('91') +
1627  x('100')) * x('41') * x('50') +
1628  power(x('41'), 2) +
1629  power(x('50'), 2) =l= 1;
1630  con87..(-2) * cos(-x('91') +
1631  x('99')) * x('41') * x('49') +
1632  power(x('41'), 2) +
1633  power(x('49'), 2) =l= 1;
1634  con88..(-2) * cos(-x('91') +
1635  x('98')) * x('41') * x('48') +
1636  power(x('41'), 2) +
1637  power(x('48'), 2) =l= 1;
1638  con89..(-2) * cos(-x('91') +
1639  x('97')) * x('41') * x('47') +
1640  power(x('41'), 2) +
1641  power(x('47'), 2) =l= 1;
1642  con90..(-2) * cos(-x('91') +
1643  x('96')) * x('41') * x('46') +
1644  power(x('41'), 2) +
1645  power(x('46'), 2) =l= 1;
1646  con91..(-2) * cos(-x('91') +
1647  x('95')) * x('41') * x('45') +
1648  power(x('41'), 2) +
1649  power(x('45'), 2) =l= 1;
1650  con92..(-2) * cos(-x('91') +
1651  x('94')) * x('41') * x('44') +
1652  power(x('41'), 2) +
1653  power(x('44'), 2) =l= 1;
1654  con93..(-2) * cos(-x('91') +
1655  x('93')) * x('41') * x('43') +
1656  power(x('41'), 2) +
1657  power(x('43'), 2) =l= 1;
1658  con94..(-2) * cos(-x('91') +
1659  x('92')) * x('41') * x('42') +
1660  power(x('41'), 2) +
1661  power(x('42'), 2) =l= 1;
1662  con95..(-2) * cos(-x('90') +
1663  x('100')) * x('40') * x('50') +
1664  power(x('40'), 2) +
1665  power(x('50'), 2) =l= 1;
1666  con96..(-2) * cos(-x('90') +
1667  x('99')) * x('40') * x('49') +
1668  power(x('40'), 2) +
1669  power(x('49'), 2) =l= 1;
1670  con97..(-2) * cos(-x('90') +
1671  x('98')) * x('40') * x('48') +
1672  power(x('40'), 2) +
1673  power(x('48'), 2) =l= 1;
1674  con98..(-2) * cos(-x('90') +
1675  x('97')) * x('40') * x('47') +
1676  power(x('40'), 2) +
1677  power(x('47'), 2) =l= 1;
1678  con99..(-2) * cos(-x('51') +
1679  x('52')) * x('1') * x('2') +
1680  power(x('1'), 2) +
1681  power(x('2'), 2) =l= 1;
1682  con100..(-2) * cos(-x('90') +
1683  x('96')) * x('40') * x('46') +
1684  power(x('40'), 2) +
1685  power(x('46'), 2) =l= 1;
1686  con101..(-2) * cos(-x('90') +
1687  x('95')) * x('40') * x('45') +
1688  power(x('40'), 2) +
1689  power(x('45'), 2) =l= 1;
1690  con102..(-2) * cos(-x('51') +
1691  x('53')) * x('1') * x('3') +
1692  power(x('1'), 2) +
1693  power(x('3'), 2) =l= 1;
1694  con103..(-2) * cos(-x('90') +
1695  x('94')) * x('40') * x('44') +
1696  power(x('40'), 2) +
1697  power(x('44'), 2) =l= 1;
1698  con104..(-2) * cos(-x('90') +
1699  x('93')) * x('40') * x('43') +
1700  power(x('40'), 2) +
1701  power(x('43'), 2) =l= 1;
1702  con105..(-2) * cos(-x('51') +
1703  x('54')) * x('1') * x('4') +
1704  power(x('1'), 2) +
1705  power(x('4'), 2) =l= 1;
1706  con106..(-2) * cos(-x('90') +
1707  x('92')) * x('40') * x('42') +
1708  power(x('40'), 2) +
1709  power(x('42'), 2) =l= 1;
1710  con107..(-2) * cos(-x('90') +
1711  x('91')) * x('40') * x('41') +
1712  power(x('40'), 2) +
1713  power(x('41'), 2) =l= 1;
1714  con108..(-2) * cos(-x('51') +
1715  x('55')) * x('1') * x('5') +
1716  power(x('1'), 2) +
1717  power(x('5'), 2) =l= 1;
1718  con109..(-2) * cos(-x('89') +
1719  x('100')) * x('39') * x('50') +
1720  power(x('39'), 2) +
1721  power(x('50'), 2) =l= 1;
1722  con110..(-2) * cos(-x('89') +
1723  x('99')) * x('39') * x('49') +
1724  power(x('39'), 2) +
1725  power(x('49'), 2) =l= 1;
1726  con111..(-2) * cos(-x('51') +
1727  x('56')) * x('1') * x('6') +
1728  power(x('1'), 2) +
1729  power(x('6'), 2) =l= 1;
1730  con112..(-2) * cos(-x('89') +
1731  x('98')) * x('39') * x('48') +
1732  power(x('39'), 2) +
1733  power(x('48'), 2) =l= 1;
1734  con113..(-2) * cos(-x('89') +
1735  x('97')) * x('39') * x('47') +
1736  power(x('39'), 2) +
1737  power(x('47'), 2) =l= 1;
1738  con114..(-2) * cos(-x('51') +
1739  x('57')) * x('1') * x('7') +
1740  power(x('1'), 2) +
1741  power(x('7'), 2) =l= 1;
1742  con115..(-2) * cos(-x('89') +
1743  x('96')) * x('39') * x('46') +
1744  power(x('39'), 2) +
1745  power(x('46'), 2) =l= 1;
1746  con116..(-2) * cos(-x('89') +
1747  x('95')) * x('39') * x('45') +
1748  power(x('39'), 2) +
1749  power(x('45'), 2) =l= 1;
1750  con117..(-2) * cos(-x('51') +
1751  x('58')) * x('1') * x('8') +
1752  power(x('1'), 2) +
1753  power(x('8'), 2) =l= 1;
1754  con118..(-2) * cos(-x('89') +
1755  x('94')) * x('39') * x('44') +
1756  power(x('39'), 2) +
1757  power(x('44'), 2) =l= 1;
1758  con119..(-2) * cos(-x('89') +
1759  x('93')) * x('39') * x('43') +
1760  power(x('39'), 2) +
1761  power(x('43'), 2) =l= 1;
1762  con120..(-2) * cos(-x('51') +
1763  x('59')) * x('1') * x('9') +
1764  power(x('1'), 2) +
1765  power(x('9'), 2) =l= 1;
1766  con121..(-2) * cos(-x('89') +
1767  x('92')) * x('39') * x('42') +
1768  power(x('39'), 2) +
1769  power(x('42'), 2) =l= 1;
1770  con122..(-2) * cos(-x('89') +
1771  x('91')) * x('39') * x('41') +
1772  power(x('39'), 2) +
1773  power(x('41'), 2) =l= 1;
1774  con123..(-2) * cos(-x('51') +
1775  x('60')) * x('1') * x('10') +
1776  power(x('1'), 2) +
1777  power(x('10'), 2) =l= 1;
1778  con124..(-2) * cos(-x('89') +
1779  x('90')) * x('39') * x('40') +
1780  power(x('39'), 2) +
1781  power(x('40'), 2) =l= 1;
1782  con125..(-2) * cos(-x('88') +
1783  x('100')) * x('38') * x('50') +
1784  power(x('38'), 2) +
1785  power(x('50'), 2) =l= 1;
1786  con126..(-2) * cos(-x('51') +
1787  x('61')) * x('1') * x('11') +
1788  power(x('1'), 2) +
1789  power(x('11'), 2) =l= 1;
1790  con127..(-2) * cos(-x('88') +
1791  x('99')) * x('38') * x('49') +
1792  power(x('38'), 2) +
1793  power(x('49'), 2) =l= 1;
1794  con128..(-2) * cos(-x('88') +
1795  x('98')) * x('38') * x('48') +
1796  power(x('38'), 2) +
1797  power(x('48'), 2) =l= 1;
1798  con129..(-2) * cos(-x('51') +
1799  x('62')) * x('1') * x('12') +
1800  power(x('1'), 2) +
1801  power(x('12'), 2) =l= 1;
1802  con130..(-2) * cos(-x('88') +
1803  x('97')) * x('38') * x('47') +
1804  power(x('38'), 2) +
1805  power(x('47'), 2) =l= 1;
1806  con131..(-2) * cos(-x('88') +
1807  x('96')) * x('38') * x('46') +
1808  power(x('38'), 2) +
1809  power(x('46'), 2) =l= 1;
1810  con132..(-2) * cos(-x('51') +
1811  x('63')) * x('1') * x('13') +
1812  power(x('1'), 2) +
1813  power(x('13'), 2) =l= 1;
1814  con133..(-2) * cos(-x('88') +
1815  x('95')) * x('38') * x('45') +
1816  power(x('38'), 2) +
1817  power(x('45'), 2) =l= 1;
1818  con134..(-2) * cos(-x('88') +
1819  x('94')) * x('38') * x('44') +
1820  power(x('38'), 2) +
1821  power(x('44'), 2) =l= 1;
1822  con135..(-2) * cos(-x('51') +
1823  x('64')) * x('1') * x('14') +
1824  power(x('1'), 2) +
1825  power(x('14'), 2) =l= 1;
1826  con136..(-2) * cos(-x('88') +
1827  x('93')) * x('38') * x('43') +
1828  power(x('38'), 2) +
1829  power(x('43'), 2) =l= 1;
1830  con137..(-2) * cos(-x('88') +
1831  x('92')) * x('38') * x('42') +
1832  power(x('38'), 2) +
1833  power(x('42'), 2) =l= 1;
1834  con138..(-2) * cos(-x('51') +
1835  x('65')) * x('1') * x('15') +
1836  power(x('1'), 2) +
1837  power(x('15'), 2) =l= 1;
1838  con139..(-2) * cos(-x('88') +
1839  x('91')) * x('38') * x('41') +
1840  power(x('38'), 2) +
1841  power(x('41'), 2) =l= 1;
1842  con140..(-2) * cos(-x('88') +
1843  x('90')) * x('38') * x('40') +
1844  power(x('38'), 2) +
1845  power(x('40'), 2) =l= 1;
1846  con141..(-2) * cos(-x('51') +
1847  x('66')) * x('1') * x('16') +
1848  power(x('1'), 2) +
1849  power(x('16'), 2) =l= 1;
1850  con142..(-2) * cos(-x('88') +
1851  x('89')) * x('38') * x('39') +
1852  power(x('38'), 2) +
1853  power(x('39'), 2) =l= 1;
1854  con143..(-2) * cos(-x('87') +
1855  x('100')) * x('37') * x('50') +
1856  power(x('37'), 2) +
1857  power(x('50'), 2) =l= 1;
1858  con144..(-2) * cos(-x('51') +
1859  x('67')) * x('1') * x('17') +
1860  power(x('1'), 2) +
1861  power(x('17'), 2) =l= 1;
1862  con145..(-2) * cos(-x('87') +
1863  x('99')) * x('37') * x('49') +
1864  power(x('37'), 2) +
1865  power(x('49'), 2) =l= 1;
1866  con146..(-2) * cos(-x('87') +
1867  x('98')) * x('37') * x('48') +
1868  power(x('37'), 2) +
1869  power(x('48'), 2) =l= 1;
1870  con147..(-2) * cos(-x('51') +
1871  x('68')) * x('1') * x('18') +
1872  power(x('1'), 2) +
1873  power(x('18'), 2) =l= 1;
1874  con148..(-2) * cos(-x('87') +
1875  x('97')) * x('37') * x('47') +
1876  power(x('37'), 2) +
1877  power(x('47'), 2) =l= 1;
1878  con149..(-2) * cos(-x('87') +
1879  x('96')) * x('37') * x('46') +
1880  power(x('37'), 2) +
1881  power(x('46'), 2) =l= 1;
1882  con150..(-2) * cos(-x('51') +
1883  x('69')) * x('1') * x('19') +
1884  power(x('1'), 2) +
1885  power(x('19'), 2) =l= 1;
1886  con151..(-2) * cos(-x('87') +
1887  x('95')) * x('37') * x('45') +
1888  power(x('37'), 2) +
1889  power(x('45'), 2) =l= 1;
1890  con152..(-2) * cos(-x('87') +
1891  x('94')) * x('37') * x('44') +
1892  power(x('37'), 2) +
1893  power(x('44'), 2) =l= 1;
1894  con153..(-2) * cos(-x('51') +
1895  x('70')) * x('1') * x('20') +
1896  power(x('1'), 2) +
1897  power(x('20'), 2) =l= 1;
1898  con154..(-2) * cos(-x('87') +
1899  x('93')) * x('37') * x('43') +
1900  power(x('37'), 2) +
1901  power(x('43'), 2) =l= 1;
1902  con155..(-2) * cos(-x('87') +
1903  x('92')) * x('37') * x('42') +
1904  power(x('37'), 2) +
1905  power(x('42'), 2) =l= 1;
1906  con156..(-2) * cos(-x('51') +
1907  x('71')) * x('1') * x('21') +
1908  power(x('1'), 2) +
1909  power(x('21'), 2) =l= 1;
1910  con157..(-2) * cos(-x('87') +
1911  x('91')) * x('37') * x('41') +
1912  power(x('37'), 2) +
1913  power(x('41'), 2) =l= 1;
1914  con158..(-2) * cos(-x('87') +
1915  x('90')) * x('37') * x('40') +
1916  power(x('37'), 2) +
1917  power(x('40'), 2) =l= 1;
1918  con159..(-2) * cos(-x('51') +
1919  x('72')) * x('1') * x('22') +
1920  power(x('1'), 2) +
1921  power(x('22'), 2) =l= 1;
1922  con160..(-2) * cos(-x('87') +
1923  x('89')) * x('37') * x('39') +
1924  power(x('37'), 2) +
1925  power(x('39'), 2) =l= 1;
1926  con161..(-2) * cos(-x('87') +
1927  x('88')) * x('37') * x('38') +
1928  power(x('37'), 2) +
1929  power(x('38'), 2) =l= 1;
1930  con162..(-2) * cos(-x('51') +
1931  x('73')) * x('1') * x('23') +
1932  power(x('1'), 2) +
1933  power(x('23'), 2) =l= 1;
1934  con163..(-2) * cos(-x('86') +
1935  x('100')) * x('36') * x('50') +
1936  power(x('36'), 2) +
1937  power(x('50'), 2) =l= 1;
1938  con164..(-2) * cos(-x('86') +
1939  x('99')) * x('36') * x('49') +
1940  power(x('36'), 2) +
1941  power(x('49'), 2) =l= 1;
1942  con165..(-2) * cos(-x('51') +
1943  x('74')) * x('1') * x('24') +
1944  power(x('1'), 2) +
1945  power(x('24'), 2) =l= 1;
1946  con166..(-2) * cos(-x('86') +
1947  x('98')) * x('36') * x('48') +
1948  power(x('36'), 2) +
1949  power(x('48'), 2) =l= 1;
1950  con167..(-2) * cos(-x('86') +
1951  x('97')) * x('36') * x('47') +
1952  power(x('36'), 2) +
1953  power(x('47'), 2) =l= 1;
1954  con168..(-2) * cos(-x('51') +
1955  x('75')) * x('1') * x('25') +
1956  power(x('1'), 2) +
1957  power(x('25'), 2) =l= 1;
1958  con169..(-2) * cos(-x('86') +
1959  x('96')) * x('36') * x('46') +
1960  power(x('36'), 2) +
1961  power(x('46'), 2) =l= 1;
1962  con170..(-2) * cos(-x('86') +
1963  x('95')) * x('36') * x('45') +
1964  power(x('36'), 2) +
1965  power(x('45'), 2) =l= 1;
1966  con171..(-2) * cos(-x('51') +
1967  x('76')) * x('1') * x('26') +
1968  power(x('1'), 2) +
1969  power(x('26'), 2) =l= 1;
1970  con172..(-2) * cos(-x('86') +
1971  x('94')) * x('36') * x('44') +
1972  power(x('36'), 2) +
1973  power(x('44'), 2) =l= 1;
1974  con173..(-2) * cos(-x('86') +
1975  x('93')) * x('36') * x('43') +
1976  power(x('36'), 2) +
1977  power(x('43'), 2) =l= 1;
1978  con174..(-2) * cos(-x('51') +
1979  x('77')) * x('1') * x('27') +
1980  power(x('1'), 2) +
1981  power(x('27'), 2) =l= 1;
1982  con175..(-2) * cos(-x('86') +
1983  x('92')) * x('36') * x('42') +
1984  power(x('36'), 2) +
1985  power(x('42'), 2) =l= 1;
1986  con176..(-2) * cos(-x('86') +
1987  x('91')) * x('36') * x('41') +
1988  power(x('36'), 2) +
1989  power(x('41'), 2) =l= 1;
1990  con177..(-2) * cos(-x('51') +
1991  x('78')) * x('1') * x('28') +
1992  power(x('1'), 2) +
1993  power(x('28'), 2) =l= 1;
1994  con178..(-2) * cos(-x('86') +
1995  x('90')) * x('36') * x('40') +
1996  power(x('36'), 2) +
1997  power(x('40'), 2) =l= 1;
1998  con179..(-2) * cos(-x('86') +
1999  x('89')) * x('36') * x('39') +
2000  power(x('36'), 2) +
2001  power(x('39'), 2) =l= 1;
2002  con180..(-2) * cos(-x('51') +
2003  x('79')) * x('1') * x('29') +
2004  power(x('1'), 2) +
2005  power(x('29'), 2) =l= 1;
2006  con181..(-2) * cos(-x('86') +
2007  x('88')) * x('36') * x('38') +
2008  power(x('36'), 2) +
2009  power(x('38'), 2) =l= 1;
2010  con182..(-2) * cos(-x('86') +
2011  x('87')) * x('36') * x('37') +
2012  power(x('36'), 2) +
2013  power(x('37'), 2) =l= 1;
2014  con183..(-2) * cos(-x('51') +
2015  x('80')) * x('1') * x('30') +
2016  power(x('1'), 2) +
2017  power(x('30'), 2) =l= 1;
2018  con184..(-2) * cos(-x('85') +
2019  x('100')) * x('35') * x('50') +
2020  power(x('35'), 2) +
2021  power(x('50'), 2) =l= 1;
2022  con185..(-2) * cos(-x('85') +
2023  x('99')) * x('35') * x('49') +
2024  power(x('35'), 2) +
2025  power(x('49'), 2) =l= 1;
2026  con186..(-2) * cos(-x('51') +
2027  x('81')) * x('1') * x('31') +
2028  power(x('1'), 2) +
2029  power(x('31'), 2) =l= 1;
2030  con187..(-2) * cos(-x('85') +
2031  x('98')) * x('35') * x('48') +
2032  power(x('35'), 2) +
2033  power(x('48'), 2) =l= 1;
2034  con188..(-2) * cos(-x('85') +
2035  x('97')) * x('35') * x('47') +
2036  power(x('35'), 2) +
2037  power(x('47'), 2) =l= 1;
2038  con189..(-2) * cos(-x('51') +
2039  x('82')) * x('1') * x('32') +
2040  power(x('1'), 2) +
2041  power(x('32'), 2) =l= 1;
2042  con190..(-2) * cos(-x('85') +
2043  x('96')) * x('35') * x('46') +
2044  power(x('35'), 2) +
2045  power(x('46'), 2) =l= 1;
2046  con191..(-2) * cos(-x('85') +
2047  x('95')) * x('35') * x('45') +
2048  power(x('35'), 2) +
2049  power(x('45'), 2) =l= 1;
2050  con192..(-2) * cos(-x('51') +
2051  x('83')) * x('1') * x('33') +
2052  power(x('1'), 2) +
2053  power(x('33'), 2) =l= 1;
2054  con193..(-2) * cos(-x('85') +
2055  x('94')) * x('35') * x('44') +
2056  power(x('35'), 2) +
2057  power(x('44'), 2) =l= 1;
2058  con194..(-2) * cos(-x('85') +
2059  x('93')) * x('35') * x('43') +
2060  power(x('35'), 2) +
2061  power(x('43'), 2) =l= 1;
2062  con195..(-2) * cos(-x('51') +
2063  x('84')) * x('1') * x('34') +
2064  power(x('1'), 2) +
2065  power(x('34'), 2) =l= 1;
2066  con196..(-2) * cos(-x('85') +
2067  x('92')) * x('35') * x('42') +
2068  power(x('35'), 2) +
2069  power(x('42'), 2) =l= 1;
2070  con197..(-2) * cos(-x('85') +
2071  x('91')) * x('35') * x('41') +
2072  power(x('35'), 2) +
2073  power(x('41'), 2) =l= 1;
2074  con198..(-2) * cos(-x('51') +
2075  x('85')) * x('1') * x('35') +
2076  power(x('1'), 2) +
2077  power(x('35'), 2) =l= 1;
2078  con199..(-2) * cos(-x('85') +
2079  x('90')) * x('35') * x('40') +
2080  power(x('35'), 2) +
2081  power(x('40'), 2) =l= 1;
2082  con200..(-2) * cos(-x('85') +
2083  x('89')) * x('35') * x('39') +
2084  power(x('35'), 2) +
2085  power(x('39'), 2) =l= 1;
2086  con201..(-2) * cos(-x('51') +
2087  x('86')) * x('1') * x('36') +
2088  power(x('1'), 2) +
2089  power(x('36'), 2) =l= 1;
2090  con202..(-2) * cos(-x('85') +
2091  x('88')) * x('35') * x('38') +
2092  power(x('35'), 2) +
2093  power(x('38'), 2) =l= 1;
2094  con203..(-2) * cos(-x('85') +
2095  x('87')) * x('35') * x('37') +
2096  power(x('35'), 2) +
2097  power(x('37'), 2) =l= 1;
2098  con204..(-2) * cos(-x('51') +
2099  x('87')) * x('1') * x('37') +
2100  power(x('1'), 2) +
2101  power(x('37'), 2) =l= 1;
2102  con205..(-2) * cos(-x('85') +
2103  x('86')) * x('35') * x('36') +
2104  power(x('35'), 2) +
2105  power(x('36'), 2) =l= 1;
2106  con206..(-2) * cos(-x('84') +
2107  x('100')) * x('34') * x('50') +
2108  power(x('34'), 2) +
2109  power(x('50'), 2) =l= 1;
2110  con207..(-2) * cos(-x('51') +
2111  x('88')) * x('1') * x('38') +
2112  power(x('1'), 2) +
2113  power(x('38'), 2) =l= 1;
2114  con208..(-2) * cos(-x('84') +
2115  x('99')) * x('34') * x('49') +
2116  power(x('34'), 2) +
2117  power(x('49'), 2) =l= 1;
2118  con209..(-2) * cos(-x('84') +
2119  x('98')) * x('34') * x('48') +
2120  power(x('34'), 2) +
2121  power(x('48'), 2) =l= 1;
2122  con210..(-2) * cos(-x('51') +
2123  x('89')) * x('1') * x('39') +
2124  power(x('1'), 2) +
2125  power(x('39'), 2) =l= 1;
2126  con211..(-2) * cos(-x('84') +
2127  x('97')) * x('34') * x('47') +
2128  power(x('34'), 2) +
2129  power(x('47'), 2) =l= 1;
2130  con212..(-2) * cos(-x('84') +
2131  x('96')) * x('34') * x('46') +
2132  power(x('34'), 2) +
2133  power(x('46'), 2) =l= 1;
2134  con213..(-2) * cos(-x('51') +
2135  x('90')) * x('1') * x('40') +
2136  power(x('1'), 2) +
2137  power(x('40'), 2) =l= 1;
2138  con214..(-2) * cos(-x('84') +
2139  x('95')) * x('34') * x('45') +
2140  power(x('34'), 2) +
2141  power(x('45'), 2) =l= 1;
2142  con215..(-2) * cos(-x('84') +
2143  x('94')) * x('34') * x('44') +
2144  power(x('34'), 2) +
2145  power(x('44'), 2) =l= 1;
2146  con216..(-2) * cos(-x('51') +
2147  x('91')) * x('1') * x('41') +
2148  power(x('1'), 2) +
2149  power(x('41'), 2) =l= 1;
2150  con217..(-2) * cos(-x('84') +
2151  x('93')) * x('34') * x('43') +
2152  power(x('34'), 2) +
2153  power(x('43'), 2) =l= 1;
2154  con218..(-2) * cos(-x('84') +
2155  x('92')) * x('34') * x('42') +
2156  power(x('34'), 2) +
2157  power(x('42'), 2) =l= 1;
2158  con219..(-2) * cos(-x('51') +
2159  x('92')) * x('1') * x('42') +
2160  power(x('1'), 2) +
2161  power(x('42'), 2) =l= 1;
2162  con220..(-2) * cos(-x('84') +
2163  x('91')) * x('34') * x('41') +
2164  power(x('34'), 2) +
2165  power(x('41'), 2) =l= 1;
2166  con221..(-2) * cos(-x('84') +
2167  x('90')) * x('34') * x('40') +
2168  power(x('34'), 2) +
2169  power(x('40'), 2) =l= 1;
2170  con222..(-2) * cos(-x('51') +
2171  x('93')) * x('1') * x('43') +
2172  power(x('1'), 2) +
2173  power(x('43'), 2) =l= 1;
2174  con223..(-2) * cos(-x('84') +
2175  x('89')) * x('34') * x('39') +
2176  power(x('34'), 2) +
2177  power(x('39'), 2) =l= 1;
2178  con224..(-2) * cos(-x('84') +
2179  x('88')) * x('34') * x('38') +
2180  power(x('34'), 2) +
2181  power(x('38'), 2) =l= 1;
2182  con225..(-2) * cos(-x('51') +
2183  x('94')) * x('1') * x('44') +
2184  power(x('1'), 2) +
2185  power(x('44'), 2) =l= 1;
2186  con226..(-2) * cos(-x('84') +
2187  x('87')) * x('34') * x('37') +
2188  power(x('34'), 2) +
2189  power(x('37'), 2) =l= 1;
2190  con227..(-2) * cos(-x('84') +
2191  x('86')) * x('34') * x('36') +
2192  power(x('34'), 2) +
2193  power(x('36'), 2) =l= 1;
2194  con228..(-2) * cos(-x('51') +
2195  x('95')) * x('1') * x('45') +
2196  power(x('1'), 2) +
2197  power(x('45'), 2) =l= 1;
2198  con229..(-2) * cos(-x('84') +
2199  x('85')) * x('34') * x('35') +
2200  power(x('34'), 2) +
2201  power(x('35'), 2) =l= 1;
2202  con230..(-2) * cos(-x('83') +
2203  x('100')) * x('33') * x('50') +
2204  power(x('33'), 2) +
2205  power(x('50'), 2) =l= 1;
2206  con231..(-2) * cos(-x('51') +
2207  x('96')) * x('1') * x('46') +
2208  power(x('1'), 2) +
2209  power(x('46'), 2) =l= 1;
2210  con232..(-2) * cos(-x('83') +
2211  x('99')) * x('33') * x('49') +
2212  power(x('33'), 2) +
2213  power(x('49'), 2) =l= 1;
2214  con233..(-2) * cos(-x('83') +
2215  x('98')) * x('33') * x('48') +
2216  power(x('33'), 2) +
2217  power(x('48'), 2) =l= 1;
2218  con234..(-2) * cos(-x('51') +
2219  x('97')) * x('1') * x('47') +
2220  power(x('1'), 2) +
2221  power(x('47'), 2) =l= 1;
2222  con235..(-2) * cos(-x('83') +
2223  x('97')) * x('33') * x('47') +
2224  power(x('33'), 2) +
2225  power(x('47'), 2) =l= 1;
2226  con236..(-2) * cos(-x('83') +
2227  x('96')) * x('33') * x('46') +
2228  power(x('33'), 2) +
2229  power(x('46'), 2) =l= 1;
2230  con237..(-2) * cos(-x('51') +
2231  x('98')) * x('1') * x('48') +
2232  power(x('1'), 2) +
2233  power(x('48'), 2) =l= 1;
2234  con238..(-2) * cos(-x('83') +
2235  x('95')) * x('33') * x('45') +
2236  power(x('33'), 2) +
2237  power(x('45'), 2) =l= 1;
2238  con239..(-2) * cos(-x('83') +
2239  x('94')) * x('33') * x('44') +
2240  power(x('33'), 2) +
2241  power(x('44'), 2) =l= 1;
2242  con240..(-2) * cos(-x('51') +
2243  x('99')) * x('1') * x('49') +
2244  power(x('1'), 2) +
2245  power(x('49'), 2) =l= 1;
2246  con241..(-2) * cos(-x('83') +
2247  x('93')) * x('33') * x('43') +
2248  power(x('33'), 2) +
2249  power(x('43'), 2) =l= 1;
2250  con242..(-2) * cos(-x('83') +
2251  x('92')) * x('33') * x('42') +
2252  power(x('33'), 2) +
2253  power(x('42'), 2) =l= 1;
2254  con243..(-2) * cos(-x('51') +
2255  x('100')) * x('1') * x('50') +
2256  power(x('1'), 2) +
2257  power(x('50'), 2) =l= 1;
2258  con244..(-2) * cos(-x('83') +
2259  x('91')) * x('33') * x('41') +
2260  power(x('33'), 2) +
2261  power(x('41'), 2) =l= 1;
2262  con245..(-2) * cos(-x('83') +
2263  x('90')) * x('33') * x('40') +
2264  power(x('33'), 2) +
2265  power(x('40'), 2) =l= 1;
2266  con246..(-2) * cos(-x('52') +
2267  x('53')) * x('2') * x('3') +
2268  power(x('2'), 2) +
2269  power(x('3'), 2) =l= 1;
2270  con247..(-2) * cos(-x('83') +
2271  x('89')) * x('33') * x('39') +
2272  power(x('33'), 2) +
2273  power(x('39'), 2) =l= 1;
2274  con248..(-2) * cos(-x('83') +
2275  x('88')) * x('33') * x('38') +
2276  power(x('33'), 2) +
2277  power(x('38'), 2) =l= 1;
2278  con249..(-2) * cos(-x('52') +
2279  x('54')) * x('2') * x('4') +
2280  power(x('2'), 2) +
2281  power(x('4'), 2) =l= 1;
2282  con250..(-2) * cos(-x('83') +
2283  x('87')) * x('33') * x('37') +
2284  power(x('33'), 2) +
2285  power(x('37'), 2) =l= 1;
2286  con251..(-2) * cos(-x('83') +
2287  x('86')) * x('33') * x('36') +
2288  power(x('33'), 2) +
2289  power(x('36'), 2) =l= 1;
2290  con252..(-2) * cos(-x('52') +
2291  x('55')) * x('2') * x('5') +
2292  power(x('2'), 2) +
2293  power(x('5'), 2) =l= 1;
2294  con253..(-2) * cos(-x('83') +
2295  x('85')) * x('33') * x('35') +
2296  power(x('33'), 2) +
2297  power(x('35'), 2) =l= 1;
2298  con254..(-2) * cos(-x('83') +
2299  x('84')) * x('33') * x('34') +
2300  power(x('33'), 2) +
2301  power(x('34'), 2) =l= 1;
2302  con255..(-2) * cos(-x('82') +
2303  x('100')) * x('32') * x('50') +
2304  power(x('32'), 2) +
2305  power(x('50'), 2) =l= 1;
2306  con256..(-2) * cos(-x('52') +
2307  x('56')) * x('2') * x('6') +
2308  power(x('2'), 2) +
2309  power(x('6'), 2) =l= 1;
2310  con257..(-2) * cos(-x('82') +
2311  x('99')) * x('32') * x('49') +
2312  power(x('32'), 2) +
2313  power(x('49'), 2) =l= 1;
2314  con258..(-2) * cos(-x('82') +
2315  x('98')) * x('32') * x('48') +
2316  power(x('32'), 2) +
2317  power(x('48'), 2) =l= 1;
2318  con259..(-2) * cos(-x('52') +
2319  x('57')) * x('2') * x('7') +
2320  power(x('2'), 2) +
2321  power(x('7'), 2) =l= 1;
2322  con260..(-2) * cos(-x('82') +
2323  x('97')) * x('32') * x('47') +
2324  power(x('32'), 2) +
2325  power(x('47'), 2) =l= 1;
2326  con261..(-2) * cos(-x('82') +
2327  x('96')) * x('32') * x('46') +
2328  power(x('32'), 2) +
2329  power(x('46'), 2) =l= 1;
2330  con262..(-2) * cos(-x('52') +
2331  x('58')) * x('2') * x('8') +
2332  power(x('2'), 2) +
2333  power(x('8'), 2) =l= 1;
2334  con263..(-2) * cos(-x('82') +
2335  x('95')) * x('32') * x('45') +
2336  power(x('32'), 2) +
2337  power(x('45'), 2) =l= 1;
2338  con264..(-2) * cos(-x('82') +
2339  x('94')) * x('32') * x('44') +
2340  power(x('32'), 2) +
2341  power(x('44'), 2) =l= 1;
2342  con265..(-2) * cos(-x('52') +
2343  x('59')) * x('2') * x('9') +
2344  power(x('2'), 2) +
2345  power(x('9'), 2) =l= 1;
2346  con266..(-2) * cos(-x('82') +
2347  x('93')) * x('32') * x('43') +
2348  power(x('32'), 2) +
2349  power(x('43'), 2) =l= 1;
2350  con267..(-2) * cos(-x('82') +
2351  x('92')) * x('32') * x('42') +
2352  power(x('32'), 2) +
2353  power(x('42'), 2) =l= 1;
2354  con268..(-2) * cos(-x('82') +
2355  x('91')) * x('32') * x('41') +
2356  power(x('32'), 2) +
2357  power(x('41'), 2) =l= 1;
2358  con269..(-2) * cos(-x('52') +
2359  x('60')) * x('2') * x('10') +
2360  power(x('2'), 2) +
2361  power(x('10'), 2) =l= 1;
2362  con270..(-2) * cos(-x('82') +
2363  x('90')) * x('32') * x('40') +
2364  power(x('32'), 2) +
2365  power(x('40'), 2) =l= 1;
2366  con271..(-2) * cos(-x('82') +
2367  x('89')) * x('32') * x('39') +
2368  power(x('32'), 2) +
2369  power(x('39'), 2) =l= 1;
2370  con272..(-2) * cos(-x('52') +
2371  x('61')) * x('2') * x('11') +
2372  power(x('2'), 2) +
2373  power(x('11'), 2) =l= 1;
2374  con273..(-2) * cos(-x('82') +
2375  x('88')) * x('32') * x('38') +
2376  power(x('32'), 2) +
2377  power(x('38'), 2) =l= 1;
2378  con274..(-2) * cos(-x('82') +
2379  x('87')) * x('32') * x('37') +
2380  power(x('32'), 2) +
2381  power(x('37'), 2) =l= 1;
2382  con275..(-2) * cos(-x('52') +
2383  x('62')) * x('2') * x('12') +
2384  power(x('2'), 2) +
2385  power(x('12'), 2) =l= 1;
2386  con276..(-2) * cos(-x('82') +
2387  x('86')) * x('32') * x('36') +
2388  power(x('32'), 2) +
2389  power(x('36'), 2) =l= 1;
2390  con277..(-2) * cos(-x('82') +
2391  x('85')) * x('32') * x('35') +
2392  power(x('32'), 2) +
2393  power(x('35'), 2) =l= 1;
2394  con278..(-2) * cos(-x('52') +
2395  x('63')) * x('2') * x('13') +
2396  power(x('2'), 2) +
2397  power(x('13'), 2) =l= 1;
2398  con279..(-2) * cos(-x('82') +
2399  x('84')) * x('32') * x('34') +
2400  power(x('32'), 2) +
2401  power(x('34'), 2) =l= 1;
2402  con280..(-2) * cos(-x('82') +
2403  x('83')) * x('32') * x('33') +
2404  power(x('32'), 2) +
2405  power(x('33'), 2) =l= 1;
2406  con281..(-2) * cos(-x('81') +
2407  x('100')) * x('31') * x('50') +
2408  power(x('31'), 2) +
2409  power(x('50'), 2) =l= 1;
2410  con282..(-2) * cos(-x('52') +
2411  x('64')) * x('2') * x('14') +
2412  power(x('2'), 2) +
2413  power(x('14'), 2) =l= 1;
2414  con283..(-2) * cos(-x('81') +
2415  x('99')) * x('31') * x('49') +
2416  power(x('31'), 2) +
2417  power(x('49'), 2) =l= 1;
2418  con284..(-2) * cos(-x('81') +
2419  x('98')) * x('31') * x('48') +
2420  power(x('31'), 2) +
2421  power(x('48'), 2) =l= 1;
2422  con285..(-2) * cos(-x('52') +
2423  x('65')) * x('2') * x('15') +
2424  power(x('2'), 2) +
2425  power(x('15'), 2) =l= 1;
2426  con286..(-2) * cos(-x('81') +
2427  x('97')) * x('31') * x('47') +
2428  power(x('31'), 2) +
2429  power(x('47'), 2) =l= 1;
2430  con287..(-2) * cos(-x('81') +
2431  x('96')) * x('31') * x('46') +
2432  power(x('31'), 2) +
2433  power(x('46'), 2) =l= 1;
2434  con288..(-2) * cos(-x('52') +
2435  x('66')) * x('2') * x('16') +
2436  power(x('2'), 2) +
2437  power(x('16'), 2) =l= 1;
2438  con289..(-2) * cos(-x('81') +
2439  x('95')) * x('31') * x('45') +
2440  power(x('31'), 2) +
2441  power(x('45'), 2) =l= 1;
2442  con290..(-2) * cos(-x('81') +
2443  x('94')) * x('31') * x('44') +
2444  power(x('31'), 2) +
2445  power(x('44'), 2) =l= 1;
2446  con291..(-2) * cos(-x('52') +
2447  x('67')) * x('2') * x('17') +
2448  power(x('2'), 2) +
2449  power(x('17'), 2) =l= 1;
2450  con292..(-2) * cos(-x('81') +
2451  x('93')) * x('31') * x('43') +
2452  power(x('31'), 2) +
2453  power(x('43'), 2) =l= 1;
2454  con293..(-2) * cos(-x('81') +
2455  x('92')) * x('31') * x('42') +
2456  power(x('31'), 2) +
2457  power(x('42'), 2) =l= 1;
2458  con294..(-2) * cos(-x('81') +
2459  x('91')) * x('31') * x('41') +
2460  power(x('31'), 2) +
2461  power(x('41'), 2) =l= 1;
2462  con295..(-2) * cos(-x('52') +
2463  x('68')) * x('2') * x('18') +
2464  power(x('2'), 2) +
2465  power(x('18'), 2) =l= 1;
2466  con296..(-2) * cos(-x('81') +
2467  x('90')) * x('31') * x('40') +
2468  power(x('31'), 2) +
2469  power(x('40'), 2) =l= 1;
2470  con297..(-2) * cos(-x('81') +
2471  x('89')) * x('31') * x('39') +
2472  power(x('31'), 2) +
2473  power(x('39'), 2) =l= 1;
2474  con298..(-2) * cos(-x('52') +
2475  x('69')) * x('2') * x('19') +
2476  power(x('2'), 2) +
2477  power(x('19'), 2) =l= 1;
2478  con299..(-2) * cos(-x('81') +
2479  x('88')) * x('31') * x('38') +
2480  power(x('31'), 2) +
2481  power(x('38'), 2) =l= 1;
2482  con300..(-2) * cos(-x('81') +
2483  x('87')) * x('31') * x('37') +
2484  power(x('31'), 2) +
2485  power(x('37'), 2) =l= 1;
2486  con301..(-2) * cos(-x('52') +
2487  x('70')) * x('2') * x('20') +
2488  power(x('2'), 2) +
2489  power(x('20'), 2) =l= 1;
2490  con302..(-2) * cos(-x('81') +
2491  x('86')) * x('31') * x('36') +
2492  power(x('31'), 2) +
2493  power(x('36'), 2) =l= 1;
2494  con303..(-2) * cos(-x('81') +
2495  x('85')) * x('31') * x('35') +
2496  power(x('31'), 2) +
2497  power(x('35'), 2) =l= 1;
2498  con304..(-2) * cos(-x('52') +
2499  x('71')) * x('2') * x('21') +
2500  power(x('2'), 2) +
2501  power(x('21'), 2) =l= 1;
2502  con305..(-2) * cos(-x('81') +
2503  x('84')) * x('31') * x('34') +
2504  power(x('31'), 2) +
2505  power(x('34'), 2) =l= 1;
2506  con306..(-2) * cos(-x('81') +
2507  x('83')) * x('31') * x('33') +
2508  power(x('31'), 2) +
2509  power(x('33'), 2) =l= 1;
2510  con307..(-2) * cos(-x('81') +
2511  x('82')) * x('31') * x('32') +
2512  power(x('31'), 2) +
2513  power(x('32'), 2) =l= 1;
2514  con308..(-2) * cos(-x('52') +
2515  x('72')) * x('2') * x('22') +
2516  power(x('2'), 2) +
2517  power(x('22'), 2) =l= 1;
2518  con309..(-2) * cos(-x('80') +
2519  x('100')) * x('30') * x('50') +
2520  power(x('30'), 2) +
2521  power(x('50'), 2) =l= 1;
2522  con310..(-2) * cos(-x('80') +
2523  x('99')) * x('30') * x('49') +
2524  power(x('30'), 2) +
2525  power(x('49'), 2) =l= 1;
2526  con311..(-2) * cos(-x('52') +
2527  x('73')) * x('2') * x('23') +
2528  power(x('2'), 2) +
2529  power(x('23'), 2) =l= 1;
2530  con312..(-2) * cos(-x('80') +
2531  x('98')) * x('30') * x('48') +
2532  power(x('30'), 2) +
2533  power(x('48'), 2) =l= 1;
2534  con313..(-2) * cos(-x('80') +
2535  x('97')) * x('30') * x('47') +
2536  power(x('30'), 2) +
2537  power(x('47'), 2) =l= 1;
2538  con314..(-2) * cos(-x('52') +
2539  x('74')) * x('2') * x('24') +
2540  power(x('2'), 2) +
2541  power(x('24'), 2) =l= 1;
2542  con315..(-2) * cos(-x('80') +
2543  x('96')) * x('30') * x('46') +
2544  power(x('30'), 2) +
2545  power(x('46'), 2) =l= 1;
2546  con316..(-2) * cos(-x('80') +
2547  x('95')) * x('30') * x('45') +
2548  power(x('30'), 2) +
2549  power(x('45'), 2) =l= 1;
2550  con317..(-2) * cos(-x('52') +
2551  x('75')) * x('2') * x('25') +
2552  power(x('2'), 2) +
2553  power(x('25'), 2) =l= 1;
2554  con318..(-2) * cos(-x('80') +
2555  x('94')) * x('30') * x('44') +
2556  power(x('30'), 2) +
2557  power(x('44'), 2) =l= 1;
2558  con319..(-2) * cos(-x('80') +
2559  x('93')) * x('30') * x('43') +
2560  power(x('30'), 2) +
2561  power(x('43'), 2) =l= 1;
2562  con320..(-2) * cos(-x('80') +
2563  x('92')) * x('30') * x('42') +
2564  power(x('30'), 2) +
2565  power(x('42'), 2) =l= 1;
2566  con321..(-2) * cos(-x('52') +
2567  x('76')) * x('2') * x('26') +
2568  power(x('2'), 2) +
2569  power(x('26'), 2) =l= 1;
2570  con322..(-2) * cos(-x('80') +
2571  x('91')) * x('30') * x('41') +
2572  power(x('30'), 2) +
2573  power(x('41'), 2) =l= 1;
2574  con323..(-2) * cos(-x('80') +
2575  x('90')) * x('30') * x('40') +
2576  power(x('30'), 2) +
2577  power(x('40'), 2) =l= 1;
2578  con324..(-2) * cos(-x('52') +
2579  x('77')) * x('2') * x('27') +
2580  power(x('2'), 2) +
2581  power(x('27'), 2) =l= 1;
2582  con325..(-2) * cos(-x('80') +
2583  x('89')) * x('30') * x('39') +
2584  power(x('30'), 2) +
2585  power(x('39'), 2) =l= 1;
2586  con326..(-2) * cos(-x('80') +
2587  x('88')) * x('30') * x('38') +
2588  power(x('30'), 2) +
2589  power(x('38'), 2) =l= 1;
2590  con327..(-2) * cos(-x('52') +
2591  x('78')) * x('2') * x('28') +
2592  power(x('2'), 2) +
2593  power(x('28'), 2) =l= 1;
2594  con328..(-2) * cos(-x('80') +
2595  x('87')) * x('30') * x('37') +
2596  power(x('30'), 2) +
2597  power(x('37'), 2) =l= 1;
2598  con329..(-2) * cos(-x('80') +
2599  x('86')) * x('30') * x('36') +
2600  power(x('30'), 2) +
2601  power(x('36'), 2) =l= 1;
2602  con330..(-2) * cos(-x('52') +
2603  x('79')) * x('2') * x('29') +
2604  power(x('2'), 2) +
2605  power(x('29'), 2) =l= 1;
2606  con331..(-2) * cos(-x('80') +
2607  x('85')) * x('30') * x('35') +
2608  power(x('30'), 2) +
2609  power(x('35'), 2) =l= 1;
2610  con332..(-2) * cos(-x('80') +
2611  x('84')) * x('30') * x('34') +
2612  power(x('30'), 2) +
2613  power(x('34'), 2) =l= 1;
2614  con333..(-2) * cos(-x('80') +
2615  x('83')) * x('30') * x('33') +
2616  power(x('30'), 2) +
2617  power(x('33'), 2) =l= 1;
2618  con334..(-2) * cos(-x('52') +
2619  x('80')) * x('2') * x('30') +
2620  power(x('2'), 2) +
2621  power(x('30'), 2) =l= 1;
2622  con335..(-2) * cos(-x('80') +
2623  x('82')) * x('30') * x('32') +
2624  power(x('30'), 2) +
2625  power(x('32'), 2) =l= 1;
2626  con336..(-2) * cos(-x('80') +
2627  x('81')) * x('30') * x('31') +
2628  power(x('30'), 2) +
2629  power(x('31'), 2) =l= 1;
2630  con337..(-2) * cos(-x('52') +
2631  x('81')) * x('2') * x('31') +
2632  power(x('2'), 2) +
2633  power(x('31'), 2) =l= 1;
2634  con338..(-2) * cos(-x('79') +
2635  x('100')) * x('29') * x('50') +
2636  power(x('29'), 2) +
2637  power(x('50'), 2) =l= 1;
2638  con339..(-2) * cos(-x('79') +
2639  x('99')) * x('29') * x('49') +
2640  power(x('29'), 2) +
2641  power(x('49'), 2) =l= 1;
2642  con340..(-2) * cos(-x('52') +
2643  x('82')) * x('2') * x('32') +
2644  power(x('2'), 2) +
2645  power(x('32'), 2) =l= 1;
2646  con341..(-2) * cos(-x('79') +
2647  x('98')) * x('29') * x('48') +
2648  power(x('29'), 2) +
2649  power(x('48'), 2) =l= 1;
2650  con342..(-2) * cos(-x('79') +
2651  x('97')) * x('29') * x('47') +
2652  power(x('29'), 2) +
2653  power(x('47'), 2) =l= 1;
2654  con343..(-2) * cos(-x('52') +
2655  x('83')) * x('2') * x('33') +
2656  power(x('2'), 2) +
2657  power(x('33'), 2) =l= 1;
2658  con344..(-2) * cos(-x('79') +
2659  x('96')) * x('29') * x('46') +
2660  power(x('29'), 2) +
2661  power(x('46'), 2) =l= 1;
2662  con345..(-2) * cos(-x('79') +
2663  x('95')) * x('29') * x('45') +
2664  power(x('29'), 2) +
2665  power(x('45'), 2) =l= 1;
2666  con346..(-2) * cos(-x('79') +
2667  x('94')) * x('29') * x('44') +
2668  power(x('29'), 2) +
2669  power(x('44'), 2) =l= 1;
2670  con347..(-2) * cos(-x('52') +
2671  x('84')) * x('2') * x('34') +
2672  power(x('2'), 2) +
2673  power(x('34'), 2) =l= 1;
2674  con348..(-2) * cos(-x('79') +
2675  x('93')) * x('29') * x('43') +
2676  power(x('29'), 2) +
2677  power(x('43'), 2) =l= 1;
2678  con349..(-2) * cos(-x('79') +
2679  x('92')) * x('29') * x('42') +
2680  power(x('29'), 2) +
2681  power(x('42'), 2) =l= 1;
2682  con350..(-2) * cos(-x('52') +
2683  x('85')) * x('2') * x('35') +
2684  power(x('2'), 2) +
2685  power(x('35'), 2) =l= 1;
2686  con351..(-2) * cos(-x('79') +
2687  x('91')) * x('29') * x('41') +
2688  power(x('29'), 2) +
2689  power(x('41'), 2) =l= 1;
2690  con352..(-2) * cos(-x('79') +
2691  x('90')) * x('29') * x('40') +
2692  power(x('29'), 2) +
2693  power(x('40'), 2) =l= 1;
2694  con353..(-2) * cos(-x('52') +
2695  x('86')) * x('2') * x('36') +
2696  power(x('2'), 2) +
2697  power(x('36'), 2) =l= 1;
2698  con354..(-2) * cos(-x('79') +
2699  x('89')) * x('29') * x('39') +
2700  power(x('29'), 2) +
2701  power(x('39'), 2) =l= 1;
2702  con355..(-2) * cos(-x('79') +
2703  x('88')) * x('29') * x('38') +
2704  power(x('29'), 2) +
2705  power(x('38'), 2) =l= 1;
2706  con356..(-2) * cos(-x('52') +
2707  x('87')) * x('2') * x('37') +
2708  power(x('2'), 2) +
2709  power(x('37'), 2) =l= 1;
2710  con357..(-2) * cos(-x('79') +
2711  x('87')) * x('29') * x('37') +
2712  power(x('29'), 2) +
2713  power(x('37'), 2) =l= 1;
2714  con358..(-2) * cos(-x('79') +
2715  x('86')) * x('29') * x('36') +
2716  power(x('29'), 2) +
2717  power(x('36'), 2) =l= 1;
2718  con359..(-2) * cos(-x('79') +
2719  x('85')) * x('29') * x('35') +
2720  power(x('29'), 2) +
2721  power(x('35'), 2) =l= 1;
2722  con360..(-2) * cos(-x('52') +
2723  x('88')) * x('2') * x('38') +
2724  power(x('2'), 2) +
2725  power(x('38'), 2) =l= 1;
2726  con361..(-2) * cos(-x('79') +
2727  x('84')) * x('29') * x('34') +
2728  power(x('29'), 2) +
2729  power(x('34'), 2) =l= 1;
2730  con362..(-2) * cos(-x('79') +
2731  x('83')) * x('29') * x('33') +
2732  power(x('29'), 2) +
2733  power(x('33'), 2) =l= 1;
2734  con363..(-2) * cos(-x('52') +
2735  x('89')) * x('2') * x('39') +
2736  power(x('2'), 2) +
2737  power(x('39'), 2) =l= 1;
2738  con364..(-2) * cos(-x('79') +
2739  x('82')) * x('29') * x('32') +
2740  power(x('29'), 2) +
2741  power(x('32'), 2) =l= 1;
2742  con365..(-2) * cos(-x('79') +
2743  x('81')) * x('29') * x('31') +
2744  power(x('29'), 2) +
2745  power(x('31'), 2) =l= 1;
2746  con366..(-2) * cos(-x('52') +
2747  x('90')) * x('2') * x('40') +
2748  power(x('2'), 2) +
2749  power(x('40'), 2) =l= 1;
2750  con367..(-2) * cos(-x('79') +
2751  x('80')) * x('29') * x('30') +
2752  power(x('29'), 2) +
2753  power(x('30'), 2) =l= 1;
2754  con368..(-2) * cos(-x('78') +
2755  x('100')) * x('28') * x('50') +
2756  power(x('28'), 2) +
2757  power(x('50'), 2) =l= 1;
2758  con369..(-2) * cos(-x('52') +
2759  x('91')) * x('2') * x('41') +
2760  power(x('2'), 2) +
2761  power(x('41'), 2) =l= 1;
2762  con370..(-2) * cos(-x('78') +
2763  x('99')) * x('28') * x('49') +
2764  power(x('28'), 2) +
2765  power(x('49'), 2) =l= 1;
2766  con371..(-2) * cos(-x('78') +
2767  x('98')) * x('28') * x('48') +
2768  power(x('28'), 2) +
2769  power(x('48'), 2) =l= 1;
2770  con372..(-2) * cos(-x('78') +
2771  x('97')) * x('28') * x('47') +
2772  power(x('28'), 2) +
2773  power(x('47'), 2) =l= 1;
2774  con373..(-2) * cos(-x('52') +
2775  x('92')) * x('2') * x('42') +
2776  power(x('2'), 2) +
2777  power(x('42'), 2) =l= 1;
2778  con374..(-2) * cos(-x('78') +
2779  x('96')) * x('28') * x('46') +
2780  power(x('28'), 2) +
2781  power(x('46'), 2) =l= 1;
2782  con375..(-2) * cos(-x('78') +
2783  x('95')) * x('28') * x('45') +
2784  power(x('28'), 2) +
2785  power(x('45'), 2) =l= 1;
2786  con376..(-2) * cos(-x('52') +
2787  x('93')) * x('2') * x('43') +
2788  power(x('2'), 2) +
2789  power(x('43'), 2) =l= 1;
2790  con377..(-2) * cos(-x('78') +
2791  x('94')) * x('28') * x('44') +
2792  power(x('28'), 2) +
2793  power(x('44'), 2) =l= 1;
2794  con378..(-2) * cos(-x('78') +
2795  x('93')) * x('28') * x('43') +
2796  power(x('28'), 2) +
2797  power(x('43'), 2) =l= 1;
2798  con379..(-2) * cos(-x('52') +
2799  x('94')) * x('2') * x('44') +
2800  power(x('2'), 2) +
2801  power(x('44'), 2) =l= 1;
2802  con380..(-2) * cos(-x('78') +
2803  x('92')) * x('28') * x('42') +
2804  power(x('28'), 2) +
2805  power(x('42'), 2) =l= 1;
2806  con381..(-2) * cos(-x('78') +
2807  x('91')) * x('28') * x('41') +
2808  power(x('28'), 2) +
2809  power(x('41'), 2) =l= 1;
2810  con382..(-2) * cos(-x('52') +
2811  x('95')) * x('2') * x('45') +
2812  power(x('2'), 2) +
2813  power(x('45'), 2) =l= 1;
2814  con383..(-2) * cos(-x('78') +
2815  x('90')) * x('28') * x('40') +
2816  power(x('28'), 2) +
2817  power(x('40'), 2) =l= 1;
2818  con384..(-2) * cos(-x('78') +
2819  x('89')) * x('28') * x('39') +
2820  power(x('28'), 2) +
2821  power(x('39'), 2) =l= 1;
2822  con385..(-2) * cos(-x('78') +
2823  x('88')) * x('28') * x('38') +
2824  power(x('28'), 2) +
2825  power(x('38'), 2) =l= 1;
2826  con386..(-2) * cos(-x('52') +
2827  x('96')) * x('2') * x('46') +
2828  power(x('2'), 2) +
2829  power(x('46'), 2) =l= 1;
2830  con387..(-2) * cos(-x('78') +
2831  x('87')) * x('28') * x('37') +
2832  power(x('28'), 2) +
2833  power(x('37'), 2) =l= 1;
2834  con388..(-2) * cos(-x('78') +
2835  x('86')) * x('28') * x('36') +
2836  power(x('28'), 2) +
2837  power(x('36'), 2) =l= 1;
2838  con389..(-2) * cos(-x('52') +
2839  x('97')) * x('2') * x('47') +
2840  power(x('2'), 2) +
2841  power(x('47'), 2) =l= 1;
2842  con390..(-2) * cos(-x('78') +
2843  x('85')) * x('28') * x('35') +
2844  power(x('28'), 2) +
2845  power(x('35'), 2) =l= 1;
2846  con391..(-2) * cos(-x('78') +
2847  x('84')) * x('28') * x('34') +
2848  power(x('28'), 2) +
2849  power(x('34'), 2) =l= 1;
2850  con392..(-2) * cos(-x('52') +
2851  x('98')) * x('2') * x('48') +
2852  power(x('2'), 2) +
2853  power(x('48'), 2) =l= 1;
2854  con393..(-2) * cos(-x('78') +
2855  x('83')) * x('28') * x('33') +
2856  power(x('28'), 2) +
2857  power(x('33'), 2) =l= 1;
2858  con394..(-2) * cos(-x('78') +
2859  x('82')) * x('28') * x('32') +
2860  power(x('28'), 2) +
2861  power(x('32'), 2) =l= 1;
2862  con395..(-2) * cos(-x('52') +
2863  x('99')) * x('2') * x('49') +
2864  power(x('2'), 2) +
2865  power(x('49'), 2) =l= 1;
2866  con396..(-2) * cos(-x('78') +
2867  x('81')) * x('28') * x('31') +
2868  power(x('28'), 2) +
2869  power(x('31'), 2) =l= 1;
2870  con397..(-2) * cos(-x('78') +
2871  x('80')) * x('28') * x('30') +
2872  power(x('28'), 2) +
2873  power(x('30'), 2) =l= 1;
2874  con398..(-2) * cos(-x('78') +
2875  x('79')) * x('28') * x('29') +
2876  power(x('28'), 2) +
2877  power(x('29'), 2) =l= 1;
2878  con399..(-2) * cos(-x('52') +
2879  x('100')) * x('2') * x('50') +
2880  power(x('2'), 2) +
2881  power(x('50'), 2) =l= 1;
2882  con400..(-2) * cos(-x('77') +
2883  x('100')) * x('27') * x('50') +
2884  power(x('27'), 2) +
2885  power(x('50'), 2) =l= 1;
2886  con401..(-2) * cos(-x('77') +
2887  x('99')) * x('27') * x('49') +
2888  power(x('27'), 2) +
2889  power(x('49'), 2) =l= 1;
2890  con402..(-2) * cos(-x('53') +
2891  x('54')) * x('3') * x('4') +
2892  power(x('3'), 2) +
2893  power(x('4'), 2) =l= 1;
2894  con403..(-2) * cos(-x('77') +
2895  x('98')) * x('27') * x('48') +
2896  power(x('27'), 2) +
2897  power(x('48'), 2) =l= 1;
2898  con404..(-2) * cos(-x('77') +
2899  x('97')) * x('27') * x('47') +
2900  power(x('27'), 2) +
2901  power(x('47'), 2) =l= 1;
2902  con405..(-2) * cos(-x('53') +
2903  x('55')) * x('3') * x('5') +
2904  power(x('3'), 2) +
2905  power(x('5'), 2) =l= 1;
2906  con406..(-2) * cos(-x('77') +
2907  x('96')) * x('27') * x('46') +
2908  power(x('27'), 2) +
2909  power(x('46'), 2) =l= 1;
2910  con407..(-2) * cos(-x('77') +
2911  x('95')) * x('27') * x('45') +
2912  power(x('27'), 2) +
2913  power(x('45'), 2) =l= 1;
2914  con408..(-2) * cos(-x('53') +
2915  x('56')) * x('3') * x('6') +
2916  power(x('3'), 2) +
2917  power(x('6'), 2) =l= 1;
2918  con409..(-2) * cos(-x('77') +
2919  x('94')) * x('27') * x('44') +
2920  power(x('27'), 2) +
2921  power(x('44'), 2) =l= 1;
2922  con410..(-2) * cos(-x('77') +
2923  x('93')) * x('27') * x('43') +
2924  power(x('27'), 2) +
2925  power(x('43'), 2) =l= 1;
2926  con411..(-2) * cos(-x('77') +
2927  x('92')) * x('27') * x('42') +
2928  power(x('27'), 2) +
2929  power(x('42'), 2) =l= 1;
2930  con412..(-2) * cos(-x('53') +
2931  x('57')) * x('3') * x('7') +
2932  power(x('3'), 2) +
2933  power(x('7'), 2) =l= 1;
2934  con413..(-2) * cos(-x('77') +
2935  x('91')) * x('27') * x('41') +
2936  power(x('27'), 2) +
2937  power(x('41'), 2) =l= 1;
2938  con414..(-2) * cos(-x('77') +
2939  x('90')) * x('27') * x('40') +
2940  power(x('27'), 2) +
2941  power(x('40'), 2) =l= 1;
2942  con415..(-2) * cos(-x('53') +
2943  x('58')) * x('3') * x('8') +
2944  power(x('3'), 2) +
2945  power(x('8'), 2) =l= 1;
2946  con416..(-2) * cos(-x('77') +
2947  x('89')) * x('27') * x('39') +
2948  power(x('27'), 2) +
2949  power(x('39'), 2) =l= 1;
2950  con417..(-2) * cos(-x('77') +
2951  x('88')) * x('27') * x('38') +
2952  power(x('27'), 2) +
2953  power(x('38'), 2) =l= 1;
2954  con418..(-2) * cos(-x('53') +
2955  x('59')) * x('3') * x('9') +
2956  power(x('3'), 2) +
2957  power(x('9'), 2) =l= 1;
2958  con419..(-2) * cos(-x('77') +
2959  x('87')) * x('27') * x('37') +
2960  power(x('27'), 2) +
2961  power(x('37'), 2) =l= 1;
2962  con420..(-2) * cos(-x('77') +
2963  x('86')) * x('27') * x('36') +
2964  power(x('27'), 2) +
2965  power(x('36'), 2) =l= 1;
2966  con421..(-2) * cos(-x('53') +
2967  x('60')) * x('3') * x('10') +
2968  power(x('3'), 2) +
2969  power(x('10'), 2) =l= 1;
2970  con422..(-2) * cos(-x('77') +
2971  x('85')) * x('27') * x('35') +
2972  power(x('27'), 2) +
2973  power(x('35'), 2) =l= 1;
2974  con423..(-2) * cos(-x('77') +
2975  x('84')) * x('27') * x('34') +
2976  power(x('27'), 2) +
2977  power(x('34'), 2) =l= 1;
2978  con424..(-2) * cos(-x('77') +
2979  x('83')) * x('27') * x('33') +
2980  power(x('27'), 2) +
2981  power(x('33'), 2) =l= 1;
2982  con425..(-2) * cos(-x('53') +
2983  x('61')) * x('3') * x('11') +
2984  power(x('3'), 2) +
2985  power(x('11'), 2) =l= 1;
2986  con426..(-2) * cos(-x('77') +
2987  x('82')) * x('27') * x('32') +
2988  power(x('27'), 2) +
2989  power(x('32'), 2) =l= 1;
2990  con427..(-2) * cos(-x('77') +
2991  x('81')) * x('27') * x('31') +
2992  power(x('27'), 2) +
2993  power(x('31'), 2) =l= 1;
2994  con428..(-2) * cos(-x('53') +
2995  x('62')) * x('3') * x('12') +
2996  power(x('3'), 2) +
2997  power(x('12'), 2) =l= 1;
2998  con429..(-2) * cos(-x('77') +
2999  x('80')) * x('27') * x('30') +
3000  power(x('27'), 2) +
3001  power(x('30'), 2) =l= 1;
3002  con430..(-2) * cos(-x('77') +
3003  x('79')) * x('27') * x('29') +
3004  power(x('27'), 2) +
3005  power(x('29'), 2) =l= 1;
3006  con431..(-2) * cos(-x('53') +
3007  x('63')) * x('3') * x('13') +
3008  power(x('3'), 2) +
3009  power(x('13'), 2) =l= 1;
3010  con432..(-2) * cos(-x('77') +
3011  x('78')) * x('27') * x('28') +
3012  power(x('27'), 2) +
3013  power(x('28'), 2) =l= 1;
3014  con433..(-2) * cos(-x('76') +
3015  x('100')) * x('26') * x('50') +
3016  power(x('26'), 2) +
3017  power(x('50'), 2) =l= 1;
3018  con434..(-2) * cos(-x('53') +
3019  x('64')) * x('3') * x('14') +
3020  power(x('3'), 2) +
3021  power(x('14'), 2) =l= 1;
3022  con435..(-2) * cos(-x('76') +
3023  x('99')) * x('26') * x('49') +
3024  power(x('26'), 2) +
3025  power(x('49'), 2) =l= 1;
3026  con436..(-2) * cos(-x('76') +
3027  x('98')) * x('26') * x('48') +
3028  power(x('26'), 2) +
3029  power(x('48'), 2) =l= 1;
3030  con437..(-2) * cos(-x('76') +
3031  x('97')) * x('26') * x('47') +
3032  power(x('26'), 2) +
3033  power(x('47'), 2) =l= 1;
3034  con438..(-2) * cos(-x('53') +
3035  x('65')) * x('3') * x('15') +
3036  power(x('3'), 2) +
3037  power(x('15'), 2) =l= 1;
3038  con439..(-2) * cos(-x('76') +
3039  x('96')) * x('26') * x('46') +
3040  power(x('26'), 2) +
3041  power(x('46'), 2) =l= 1;
3042  con440..(-2) * cos(-x('76') +
3043  x('95')) * x('26') * x('45') +
3044  power(x('26'), 2) +
3045  power(x('45'), 2) =l= 1;
3046  con441..(-2) * cos(-x('53') +
3047  x('66')) * x('3') * x('16') +
3048  power(x('3'), 2) +
3049  power(x('16'), 2) =l= 1;
3050  con442..(-2) * cos(-x('76') +
3051  x('94')) * x('26') * x('44') +
3052  power(x('26'), 2) +
3053  power(x('44'), 2) =l= 1;
3054  con443..(-2) * cos(-x('76') +
3055  x('93')) * x('26') * x('43') +
3056  power(x('26'), 2) +
3057  power(x('43'), 2) =l= 1;
3058  con444..(-2) * cos(-x('53') +
3059  x('67')) * x('3') * x('17') +
3060  power(x('3'), 2) +
3061  power(x('17'), 2) =l= 1;
3062  con445..(-2) * cos(-x('76') +
3063  x('92')) * x('26') * x('42') +
3064  power(x('26'), 2) +
3065  power(x('42'), 2) =l= 1;
3066  con446..(-2) * cos(-x('76') +
3067  x('91')) * x('26') * x('41') +
3068  power(x('26'), 2) +
3069  power(x('41'), 2) =l= 1;
3070  con447..(-2) * cos(-x('53') +
3071  x('68')) * x('3') * x('18') +
3072  power(x('3'), 2) +
3073  power(x('18'), 2) =l= 1;
3074  con448..(-2) * cos(-x('76') +
3075  x('90')) * x('26') * x('40') +
3076  power(x('26'), 2) +
3077  power(x('40'), 2) =l= 1;
3078  con449..(-2) * cos(-x('76') +
3079  x('89')) * x('26') * x('39') +
3080  power(x('26'), 2) +
3081  power(x('39'), 2) =l= 1;
3082  con450..(-2) * cos(-x('76') +
3083  x('88')) * x('26') * x('38') +
3084  power(x('26'), 2) +
3085  power(x('38'), 2) =l= 1;
3086  con451..(-2) * cos(-x('53') +
3087  x('69')) * x('3') * x('19') +
3088  power(x('3'), 2) +
3089  power(x('19'), 2) =l= 1;
3090  con452..(-2) * cos(-x('76') +
3091  x('87')) * x('26') * x('37') +
3092  power(x('26'), 2) +
3093  power(x('37'), 2) =l= 1;
3094  con453..(-2) * cos(-x('76') +
3095  x('86')) * x('26') * x('36') +
3096  power(x('26'), 2) +
3097  power(x('36'), 2) =l= 1;
3098  con454..(-2) * cos(-x('53') +
3099  x('70')) * x('3') * x('20') +
3100  power(x('3'), 2) +
3101  power(x('20'), 2) =l= 1;
3102  con455..(-2) * cos(-x('76') +
3103  x('85')) * x('26') * x('35') +
3104  power(x('26'), 2) +
3105  power(x('35'), 2) =l= 1;
3106  con456..(-2) * cos(-x('76') +
3107  x('84')) * x('26') * x('34') +
3108  power(x('26'), 2) +
3109  power(x('34'), 2) =l= 1;
3110  con457..(-2) * cos(-x('53') +
3111  x('71')) * x('3') * x('21') +
3112  power(x('3'), 2) +
3113  power(x('21'), 2) =l= 1;
3114  con458..(-2) * cos(-x('76') +
3115  x('83')) * x('26') * x('33') +
3116  power(x('26'), 2) +
3117  power(x('33'), 2) =l= 1;
3118  con459..(-2) * cos(-x('76') +
3119  x('82')) * x('26') * x('32') +
3120  power(x('26'), 2) +
3121  power(x('32'), 2) =l= 1;
3122  con460..(-2) * cos(-x('53') +
3123  x('72')) * x('3') * x('22') +
3124  power(x('3'), 2) +
3125  power(x('22'), 2) =l= 1;
3126  con461..(-2) * cos(-x('76') +
3127  x('81')) * x('26') * x('31') +
3128  power(x('26'), 2) +
3129  power(x('31'), 2) =l= 1;
3130  con462..(-2) * cos(-x('76') +
3131  x('80')) * x('26') * x('30') +
3132  power(x('26'), 2) +
3133  power(x('30'), 2) =l= 1;
3134  con463..(-2) * cos(-x('76') +
3135  x('79')) * x('26') * x('29') +
3136  power(x('26'), 2) +
3137  power(x('29'), 2) =l= 1;
3138  con464..(-2) * cos(-x('53') +
3139  x('73')) * x('3') * x('23') +
3140  power(x('3'), 2) +
3141  power(x('23'), 2) =l= 1;
3142  con465..(-2) * cos(-x('76') +
3143  x('78')) * x('26') * x('28') +
3144  power(x('26'), 2) +
3145  power(x('28'), 2) =l= 1;
3146  con466..(-2) * cos(-x('76') +
3147  x('77')) * x('26') * x('27') +
3148  power(x('26'), 2) +
3149  power(x('27'), 2) =l= 1;
3150  con467..(-2) * cos(-x('53') +
3151  x('74')) * x('3') * x('24') +
3152  power(x('3'), 2) +
3153  power(x('24'), 2) =l= 1;
3154  con468..(-2) * cos(-x('75') +
3155  x('100')) * x('25') * x('50') +
3156  power(x('25'), 2) +
3157  power(x('50'), 2) =l= 1;
3158  con469..(-2) * cos(-x('75') +
3159  x('99')) * x('25') * x('49') +
3160  power(x('25'), 2) +
3161  power(x('49'), 2) =l= 1;
3162  con470..(-2) * cos(-x('53') +
3163  x('75')) * x('3') * x('25') +
3164  power(x('3'), 2) +
3165  power(x('25'), 2) =l= 1;
3166  con471..(-2) * cos(-x('75') +
3167  x('98')) * x('25') * x('48') +
3168  power(x('25'), 2) +
3169  power(x('48'), 2) =l= 1;
3170  con472..(-2) * cos(-x('75') +
3171  x('97')) * x('25') * x('47') +
3172  power(x('25'), 2) +
3173  power(x('47'), 2) =l= 1;
3174  con473..(-2) * cos(-x('53') +
3175  x('76')) * x('3') * x('26') +
3176  power(x('3'), 2) +
3177  power(x('26'), 2) =l= 1;
3178  con474..(-2) * cos(-x('75') +
3179  x('96')) * x('25') * x('46') +
3180  power(x('25'), 2) +
3181  power(x('46'), 2) =l= 1;
3182  con475..(-2) * cos(-x('75') +
3183  x('95')) * x('25') * x('45') +
3184  power(x('25'), 2) +
3185  power(x('45'), 2) =l= 1;
3186  con476..(-2) * cos(-x('75') +
3187  x('94')) * x('25') * x('44') +
3188  power(x('25'), 2) +
3189  power(x('44'), 2) =l= 1;
3190  con477..(-2) * cos(-x('53') +
3191  x('77')) * x('3') * x('27') +
3192  power(x('3'), 2) +
3193  power(x('27'), 2) =l= 1;
3194  con478..(-2) * cos(-x('75') +
3195  x('93')) * x('25') * x('43') +
3196  power(x('25'), 2) +
3197  power(x('43'), 2) =l= 1;
3198  con479..(-2) * cos(-x('75') +
3199  x('92')) * x('25') * x('42') +
3200  power(x('25'), 2) +
3201  power(x('42'), 2) =l= 1;
3202  con480..(-2) * cos(-x('53') +
3203  x('78')) * x('3') * x('28') +
3204  power(x('3'), 2) +
3205  power(x('28'), 2) =l= 1;
3206  con481..(-2) * cos(-x('75') +
3207  x('91')) * x('25') * x('41') +
3208  power(x('25'), 2) +
3209  power(x('41'), 2) =l= 1;
3210  con482..(-2) * cos(-x('75') +
3211  x('90')) * x('25') * x('40') +
3212  power(x('25'), 2) +
3213  power(x('40'), 2) =l= 1;
3214  con483..(-2) * cos(-x('53') +
3215  x('79')) * x('3') * x('29') +
3216  power(x('3'), 2) +
3217  power(x('29'), 2) =l= 1;
3218  con484..(-2) * cos(-x('75') +
3219  x('89')) * x('25') * x('39') +
3220  power(x('25'), 2) +
3221  power(x('39'), 2) =l= 1;
3222  con485..(-2) * cos(-x('75') +
3223  x('88')) * x('25') * x('38') +
3224  power(x('25'), 2) +
3225  power(x('38'), 2) =l= 1;
3226  con486..(-2) * cos(-x('53') +
3227  x('80')) * x('3') * x('30') +
3228  power(x('3'), 2) +
3229  power(x('30'), 2) =l= 1;
3230  con487..(-2) * cos(-x('75') +
3231  x('87')) * x('25') * x('37') +
3232  power(x('25'), 2) +
3233  power(x('37'), 2) =l= 1;
3234  con488..(-2) * cos(-x('75') +
3235  x('86')) * x('25') * x('36') +
3236  power(x('25'), 2) +
3237  power(x('36'), 2) =l= 1;
3238  con489..(-2) * cos(-x('75') +
3239  x('85')) * x('25') * x('35') +
3240  power(x('25'), 2) +
3241  power(x('35'), 2) =l= 1;
3242  con490..(-2) * cos(-x('53') +
3243  x('81')) * x('3') * x('31') +
3244  power(x('3'), 2) +
3245  power(x('31'), 2) =l= 1;
3246  con491..(-2) * cos(-x('75') +
3247  x('84')) * x('25') * x('34') +
3248  power(x('25'), 2) +
3249  power(x('34'), 2) =l= 1;
3250  con492..(-2) * cos(-x('75') +
3251  x('83')) * x('25') * x('33') +
3252  power(x('25'), 2) +
3253  power(x('33'), 2) =l= 1;
3254  con493..(-2) * cos(-x('53') +
3255  x('82')) * x('3') * x('32') +
3256  power(x('3'), 2) +
3257  power(x('32'), 2) =l= 1;
3258  con494..(-2) * cos(-x('75') +
3259  x('82')) * x('25') * x('32') +
3260  power(x('25'), 2) +
3261  power(x('32'), 2) =l= 1;
3262  con495..(-2) * cos(-x('75') +
3263  x('81')) * x('25') * x('31') +
3264  power(x('25'), 2) +
3265  power(x('31'), 2) =l= 1;
3266  con496..(-2) * cos(-x('53') +
3267  x('83')) * x('3') * x('33') +
3268  power(x('3'), 2) +
3269  power(x('33'), 2) =l= 1;
3270  con497..(-2) * cos(-x('75') +
3271  x('80')) * x('25') * x('30') +
3272  power(x('25'), 2) +
3273  power(x('30'), 2) =l= 1;
3274  con498..(-2) * cos(-x('75') +
3275  x('79')) * x('25') * x('29') +
3276  power(x('25'), 2) +
3277  power(x('29'), 2) =l= 1;
3278  con499..(-2) * cos(-x('53') +
3279  x('84')) * x('3') * x('34') +
3280  power(x('3'), 2) +
3281  power(x('34'), 2) =l= 1;
3282  con500..(-2) * cos(-x('75') +
3283  x('78')) * x('25') * x('28') +
3284  power(x('25'), 2) +
3285  power(x('28'), 2) =l= 1;
3286  con501..(-2) * cos(-x('75') +
3287  x('77')) * x('25') * x('27') +
3288  power(x('25'), 2) +
3289  power(x('27'), 2) =l= 1;
3290  con502..(-2) * cos(-x('75') +
3291  x('76')) * x('25') * x('26') +
3292  power(x('25'), 2) +
3293  power(x('26'), 2) =l= 1;
3294  con503..(-2) * cos(-x('53') +
3295  x('85')) * x('3') * x('35') +
3296  power(x('3'), 2) +
3297  power(x('35'), 2) =l= 1;
3298  con504..(-2) * cos(-x('74') +
3299  x('100')) * x('24') * x('50') +
3300  power(x('24'), 2) +
3301  power(x('50'), 2) =l= 1;
3302  con505..(-2) * cos(-x('74') +
3303  x('99')) * x('24') * x('49') +
3304  power(x('24'), 2) +
3305  power(x('49'), 2) =l= 1;
3306  con506..(-2) * cos(-x('53') +
3307  x('86')) * x('3') * x('36') +
3308  power(x('3'), 2) +
3309  power(x('36'), 2) =l= 1;
3310  con507..(-2) * cos(-x('74') +
3311  x('98')) * x('24') * x('48') +
3312  power(x('24'), 2) +
3313  power(x('48'), 2) =l= 1;
3314  con508..(-2) * cos(-x('74') +
3315  x('97')) * x('24') * x('47') +
3316  power(x('24'), 2) +
3317  power(x('47'), 2) =l= 1;
3318  con509..(-2) * cos(-x('53') +
3319  x('87')) * x('3') * x('37') +
3320  power(x('3'), 2) +
3321  power(x('37'), 2) =l= 1;
3322  con510..(-2) * cos(-x('74') +
3323  x('96')) * x('24') * x('46') +
3324  power(x('24'), 2) +
3325  power(x('46'), 2) =l= 1;
3326  con511..(-2) * cos(-x('74') +
3327  x('95')) * x('24') * x('45') +
3328  power(x('24'), 2) +
3329  power(x('45'), 2) =l= 1;
3330  con512..(-2) * cos(-x('53') +
3331  x('88')) * x('3') * x('38') +
3332  power(x('3'), 2) +
3333  power(x('38'), 2) =l= 1;
3334  con513..(-2) * cos(-x('74') +
3335  x('94')) * x('24') * x('44') +
3336  power(x('24'), 2) +
3337  power(x('44'), 2) =l= 1;
3338  con514..(-2) * cos(-x('74') +
3339  x('93')) * x('24') * x('43') +
3340  power(x('24'), 2) +
3341  power(x('43'), 2) =l= 1;
3342  con515..(-2) * cos(-x('74') +
3343  x('92')) * x('24') * x('42') +
3344  power(x('24'), 2) +
3345  power(x('42'), 2) =l= 1;
3346  con516..(-2) * cos(-x('53') +
3347  x('89')) * x('3') * x('39') +
3348  power(x('3'), 2) +
3349  power(x('39'), 2) =l= 1;
3350  con517..(-2) * cos(-x('74') +
3351  x('91')) * x('24') * x('41') +
3352  power(x('24'), 2) +
3353  power(x('41'), 2) =l= 1;
3354  con518..(-2) * cos(-x('74') +
3355  x('90')) * x('24') * x('40') +
3356  power(x('24'), 2) +
3357  power(x('40'), 2) =l= 1;
3358  con519..(-2) * cos(-x('53') +
3359  x('90')) * x('3') * x('40') +
3360  power(x('3'), 2) +
3361  power(x('40'), 2) =l= 1;
3362  con520..(-2) * cos(-x('74') +
3363  x('89')) * x('24') * x('39') +
3364  power(x('24'), 2) +
3365  power(x('39'), 2) =l= 1;
3366  con521..(-2) * cos(-x('74') +
3367  x('88')) * x('24') * x('38') +
3368  power(x('24'), 2) +
3369  power(x('38'), 2) =l= 1;
3370  con522..(-2) * cos(-x('53') +
3371  x('91')) * x('3') * x('41') +
3372  power(x('3'), 2) +
3373  power(x('41'), 2) =l= 1;
3374  con523..(-2) * cos(-x('74') +
3375  x('87')) * x('24') * x('37') +
3376  power(x('24'), 2) +
3377  power(x('37'), 2) =l= 1;
3378  con524..(-2) * cos(-x('74') +
3379  x('86')) * x('24') * x('36') +
3380  power(x('24'), 2) +
3381  power(x('36'), 2) =l= 1;
3382  con525..(-2) * cos(-x('53') +
3383  x('92')) * x('3') * x('42') +
3384  power(x('3'), 2) +
3385  power(x('42'), 2) =l= 1;
3386  con526..(-2) * cos(-x('74') +
3387  x('85')) * x('24') * x('35') +
3388  power(x('24'), 2) +
3389  power(x('35'), 2) =l= 1;
3390  con527..(-2) * cos(-x('74') +
3391  x('84')) * x('24') * x('34') +
3392  power(x('24'), 2) +
3393  power(x('34'), 2) =l= 1;
3394  con528..(-2) * cos(-x('74') +
3395  x('83')) * x('24') * x('33') +
3396  power(x('24'), 2) +
3397  power(x('33'), 2) =l= 1;
3398  con529..(-2) * cos(-x('53') +
3399  x('93')) * x('3') * x('43') +
3400  power(x('3'), 2) +
3401  power(x('43'), 2) =l= 1;
3402  con530..(-2) * cos(-x('74') +
3403  x('82')) * x('24') * x('32') +
3404  power(x('24'), 2) +
3405  power(x('32'), 2) =l= 1;
3406  con531..(-2) * cos(-x('74') +
3407  x('81')) * x('24') * x('31') +
3408  power(x('24'), 2) +
3409  power(x('31'), 2) =l= 1;
3410  con532..(-2) * cos(-x('53') +
3411  x('94')) * x('3') * x('44') +
3412  power(x('3'), 2) +
3413  power(x('44'), 2) =l= 1;
3414  con533..(-2) * cos(-x('74') +
3415  x('80')) * x('24') * x('30') +
3416  power(x('24'), 2) +
3417  power(x('30'), 2) =l= 1;
3418  con534..(-2) * cos(-x('74') +
3419  x('79')) * x('24') * x('29') +
3420  power(x('24'), 2) +
3421  power(x('29'), 2) =l= 1;
3422  con535..(-2) * cos(-x('53') +
3423  x('95')) * x('3') * x('45') +
3424  power(x('3'), 2) +
3425  power(x('45'), 2) =l= 1;
3426  con536..(-2) * cos(-x('74') +
3427  x('78')) * x('24') * x('28') +
3428  power(x('24'), 2) +
3429  power(x('28'), 2) =l= 1;
3430  con537..(-2) * cos(-x('74') +
3431  x('77')) * x('24') * x('27') +
3432  power(x('24'), 2) +
3433  power(x('27'), 2) =l= 1;
3434  con538..(-2) * cos(-x('53') +
3435  x('96')) * x('3') * x('46') +
3436  power(x('3'), 2) +
3437  power(x('46'), 2) =l= 1;
3438  con539..(-2) * cos(-x('74') +
3439  x('76')) * x('24') * x('26') +
3440  power(x('24'), 2) +
3441  power(x('26'), 2) =l= 1;
3442  con540..(-2) * cos(-x('74') +
3443  x('75')) * x('24') * x('25') +
3444  power(x('24'), 2) +
3445  power(x('25'), 2) =l= 1;
3446  con541..(-2) * cos(-x('73') +
3447  x('100')) * x('23') * x('50') +
3448  power(x('23'), 2) +
3449  power(x('50'), 2) =l= 1;
3450  con542..(-2) * cos(-x('53') +
3451  x('97')) * x('3') * x('47') +
3452  power(x('3'), 2) +
3453  power(x('47'), 2) =l= 1;
3454  con543..(-2) * cos(-x('73') +
3455  x('99')) * x('23') * x('49') +
3456  power(x('23'), 2) +
3457  power(x('49'), 2) =l= 1;
3458  con544..(-2) * cos(-x('73') +
3459  x('98')) * x('23') * x('48') +
3460  power(x('23'), 2) +
3461  power(x('48'), 2) =l= 1;
3462  con545..(-2) * cos(-x('53') +
3463  x('98')) * x('3') * x('48') +
3464  power(x('3'), 2) +
3465  power(x('48'), 2) =l= 1;
3466  con546..(-2) * cos(-x('73') +
3467  x('97')) * x('23') * x('47') +
3468  power(x('23'), 2) +
3469  power(x('47'), 2) =l= 1;
3470  con547..(-2) * cos(-x('73') +
3471  x('96')) * x('23') * x('46') +
3472  power(x('23'), 2) +
3473  power(x('46'), 2) =l= 1;
3474  con548..(-2) * cos(-x('53') +
3475  x('99')) * x('3') * x('49') +
3476  power(x('3'), 2) +
3477  power(x('49'), 2) =l= 1;
3478  con549..(-2) * cos(-x('73') +
3479  x('95')) * x('23') * x('45') +
3480  power(x('23'), 2) +
3481  power(x('45'), 2) =l= 1;
3482  con550..(-2) * cos(-x('73') +
3483  x('94')) * x('23') * x('44') +
3484  power(x('23'), 2) +
3485  power(x('44'), 2) =l= 1;
3486  con551..(-2) * cos(-x('53') +
3487  x('100')) * x('3') * x('50') +
3488  power(x('3'), 2) +
3489  power(x('50'), 2) =l= 1;
3490  con552..(-2) * cos(-x('73') +
3491  x('93')) * x('23') * x('43') +
3492  power(x('23'), 2) +
3493  power(x('43'), 2) =l= 1;
3494  con553..(-2) * cos(-x('73') +
3495  x('92')) * x('23') * x('42') +
3496  power(x('23'), 2) +
3497  power(x('42'), 2) =l= 1;
3498  con554..(-2) * cos(-x('73') +
3499  x('91')) * x('23') * x('41') +
3500  power(x('23'), 2) +
3501  power(x('41'), 2) =l= 1;
3502  con555..(-2) * cos(-x('54') +
3503  x('55')) * x('4') * x('5') +
3504  power(x('4'), 2) +
3505  power(x('5'), 2) =l= 1;
3506  con556..(-2) * cos(-x('73') +
3507  x('90')) * x('23') * x('40') +
3508  power(x('23'), 2) +
3509  power(x('40'), 2) =l= 1;
3510  con557..(-2) * cos(-x('73') +
3511  x('89')) * x('23') * x('39') +
3512  power(x('23'), 2) +
3513  power(x('39'), 2) =l= 1;
3514  con558..(-2) * cos(-x('54') +
3515  x('56')) * x('4') * x('6') +
3516  power(x('4'), 2) +
3517  power(x('6'), 2) =l= 1;
3518  con559..(-2) * cos(-x('73') +
3519  x('88')) * x('23') * x('38') +
3520  power(x('23'), 2) +
3521  power(x('38'), 2) =l= 1;
3522  con560..(-2) * cos(-x('73') +
3523  x('87')) * x('23') * x('37') +
3524  power(x('23'), 2) +
3525  power(x('37'), 2) =l= 1;
3526  con561..(-2) * cos(-x('54') +
3527  x('57')) * x('4') * x('7') +
3528  power(x('4'), 2) +
3529  power(x('7'), 2) =l= 1;
3530  con562..(-2) * cos(-x('73') +
3531  x('86')) * x('23') * x('36') +
3532  power(x('23'), 2) +
3533  power(x('36'), 2) =l= 1;
3534  con563..(-2) * cos(-x('73') +
3535  x('85')) * x('23') * x('35') +
3536  power(x('23'), 2) +
3537  power(x('35'), 2) =l= 1;
3538  con564..(-2) * cos(-x('54') +
3539  x('58')) * x('4') * x('8') +
3540  power(x('4'), 2) +
3541  power(x('8'), 2) =l= 1;
3542  con565..(-2) * cos(-x('73') +
3543  x('84')) * x('23') * x('34') +
3544  power(x('23'), 2) +
3545  power(x('34'), 2) =l= 1;
3546  con566..(-2) * cos(-x('73') +
3547  x('83')) * x('23') * x('33') +
3548  power(x('23'), 2) +
3549  power(x('33'), 2) =l= 1;
3550  con567..(-2) * cos(-x('73') +
3551  x('82')) * x('23') * x('32') +
3552  power(x('23'), 2) +
3553  power(x('32'), 2) =l= 1;
3554  con568..(-2) * cos(-x('54') +
3555  x('59')) * x('4') * x('9') +
3556  power(x('4'), 2) +
3557  power(x('9'), 2) =l= 1;
3558  con569..(-2) * cos(-x('73') +
3559  x('81')) * x('23') * x('31') +
3560  power(x('23'), 2) +
3561  power(x('31'), 2) =l= 1;
3562  con570..(-2) * cos(-x('73') +
3563  x('80')) * x('23') * x('30') +
3564  power(x('23'), 2) +
3565  power(x('30'), 2) =l= 1;
3566  con571..(-2) * cos(-x('54') +
3567  x('60')) * x('4') * x('10') +
3568  power(x('4'), 2) +
3569  power(x('10'), 2) =l= 1;
3570  con572..(-2) * cos(-x('73') +
3571  x('79')) * x('23') * x('29') +
3572  power(x('23'), 2) +
3573  power(x('29'), 2) =l= 1;
3574  con573..(-2) * cos(-x('73') +
3575  x('78')) * x('23') * x('28') +
3576  power(x('23'), 2) +
3577  power(x('28'), 2) =l= 1;
3578  con574..(-2) * cos(-x('54') +
3579  x('61')) * x('4') * x('11') +
3580  power(x('4'), 2) +
3581  power(x('11'), 2) =l= 1;
3582  con575..(-2) * cos(-x('73') +
3583  x('77')) * x('23') * x('27') +
3584  power(x('23'), 2) +
3585  power(x('27'), 2) =l= 1;
3586  con576..(-2) * cos(-x('73') +
3587  x('76')) * x('23') * x('26') +
3588  power(x('23'), 2) +
3589  power(x('26'), 2) =l= 1;
3590  con577..(-2) * cos(-x('54') +
3591  x('62')) * x('4') * x('12') +
3592  power(x('4'), 2) +
3593  power(x('12'), 2) =l= 1;
3594  con578..(-2) * cos(-x('73') +
3595  x('75')) * x('23') * x('25') +
3596  power(x('23'), 2) +
3597  power(x('25'), 2) =l= 1;
3598  con579..(-2) * cos(-x('73') +
3599  x('74')) * x('23') * x('24') +
3600  power(x('23'), 2) +
3601  power(x('24'), 2) =l= 1;
3602  con580..(-2) * cos(-x('72') +
3603  x('100')) * x('22') * x('50') +
3604  power(x('22'), 2) +
3605  power(x('50'), 2) =l= 1;
3606  con581..(-2) * cos(-x('54') +
3607  x('63')) * x('4') * x('13') +
3608  power(x('4'), 2) +
3609  power(x('13'), 2) =l= 1;
3610  con582..(-2) * cos(-x('72') +
3611  x('99')) * x('22') * x('49') +
3612  power(x('22'), 2) +
3613  power(x('49'), 2) =l= 1;
3614  con583..(-2) * cos(-x('72') +
3615  x('98')) * x('22') * x('48') +
3616  power(x('22'), 2) +
3617  power(x('48'), 2) =l= 1;
3618  con584..(-2) * cos(-x('54') +
3619  x('64')) * x('4') * x('14') +
3620  power(x('4'), 2) +
3621  power(x('14'), 2) =l= 1;
3622  con585..(-2) * cos(-x('72') +
3623  x('97')) * x('22') * x('47') +
3624  power(x('22'), 2) +
3625  power(x('47'), 2) =l= 1;
3626  con586..(-2) * cos(-x('72') +
3627  x('96')) * x('22') * x('46') +
3628  power(x('22'), 2) +
3629  power(x('46'), 2) =l= 1;
3630  con587..(-2) * cos(-x('54') +
3631  x('65')) * x('4') * x('15') +
3632  power(x('4'), 2) +
3633  power(x('15'), 2) =l= 1;
3634  con588..(-2) * cos(-x('72') +
3635  x('95')) * x('22') * x('45') +
3636  power(x('22'), 2) +
3637  power(x('45'), 2) =l= 1;
3638  con589..(-2) * cos(-x('72') +
3639  x('94')) * x('22') * x('44') +
3640  power(x('22'), 2) +
3641  power(x('44'), 2) =l= 1;
3642  con590..(-2) * cos(-x('54') +
3643  x('66')) * x('4') * x('16') +
3644  power(x('4'), 2) +
3645  power(x('16'), 2) =l= 1;
3646  con591..(-2) * cos(-x('72') +
3647  x('93')) * x('22') * x('43') +
3648  power(x('22'), 2) +
3649  power(x('43'), 2) =l= 1;
3650  con592..(-2) * cos(-x('72') +
3651  x('92')) * x('22') * x('42') +
3652  power(x('22'), 2) +
3653  power(x('42'), 2) =l= 1;
3654  con593..(-2) * cos(-x('72') +
3655  x('91')) * x('22') * x('41') +
3656  power(x('22'), 2) +
3657  power(x('41'), 2) =l= 1;
3658  con594..(-2) * cos(-x('54') +
3659  x('67')) * x('4') * x('17') +
3660  power(x('4'), 2) +
3661  power(x('17'), 2) =l= 1;
3662  con595..(-2) * cos(-x('72') +
3663  x('90')) * x('22') * x('40') +
3664  power(x('22'), 2) +
3665  power(x('40'), 2) =l= 1;
3666  con596..(-2) * cos(-x('72') +
3667  x('89')) * x('22') * x('39') +
3668  power(x('22'), 2) +
3669  power(x('39'), 2) =l= 1;
3670  con597..(-2) * cos(-x('54') +
3671  x('68')) * x('4') * x('18') +
3672  power(x('4'), 2) +
3673  power(x('18'), 2) =l= 1;
3674  con598..(-2) * cos(-x('72') +
3675  x('88')) * x('22') * x('38') +
3676  power(x('22'), 2) +
3677  power(x('38'), 2) =l= 1;
3678  con599..(-2) * cos(-x('72') +
3679  x('87')) * x('22') * x('37') +
3680  power(x('22'), 2) +
3681  power(x('37'), 2) =l= 1;
3682  con600..(-2) * cos(-x('54') +
3683  x('69')) * x('4') * x('19') +
3684  power(x('4'), 2) +
3685  power(x('19'), 2) =l= 1;
3686  con601..(-2) * cos(-x('72') +
3687  x('86')) * x('22') * x('36') +
3688  power(x('22'), 2) +
3689  power(x('36'), 2) =l= 1;
3690  con602..(-2) * cos(-x('72') +
3691  x('85')) * x('22') * x('35') +
3692  power(x('22'), 2) +
3693  power(x('35'), 2) =l= 1;
3694  con603..(-2) * cos(-x('54') +
3695  x('70')) * x('4') * x('20') +
3696  power(x('4'), 2) +
3697  power(x('20'), 2) =l= 1;
3698  con604..(-2) * cos(-x('72') +
3699  x('84')) * x('22') * x('34') +
3700  power(x('22'), 2) +
3701  power(x('34'), 2) =l= 1;
3702  con605..(-2) * cos(-x('72') +
3703  x('83')) * x('22') * x('33') +
3704  power(x('22'), 2) +
3705  power(x('33'), 2) =l= 1;
3706  con606..(-2) * cos(-x('72') +
3707  x('82')) * x('22') * x('32') +
3708  power(x('22'), 2) +
3709  power(x('32'), 2) =l= 1;
3710  con607..(-2) * cos(-x('54') +
3711  x('71')) * x('4') * x('21') +
3712  power(x('4'), 2) +
3713  power(x('21'), 2) =l= 1;
3714  con608..(-2) * cos(-x('72') +
3715  x('81')) * x('22') * x('31') +
3716  power(x('22'), 2) +
3717  power(x('31'), 2) =l= 1;
3718  con609..(-2) * cos(-x('72') +
3719  x('80')) * x('22') * x('30') +
3720  power(x('22'), 2) +
3721  power(x('30'), 2) =l= 1;
3722  con610..(-2) * cos(-x('54') +
3723  x('72')) * x('4') * x('22') +
3724  power(x('4'), 2) +
3725  power(x('22'), 2) =l= 1;
3726  con611..(-2) * cos(-x('72') +
3727  x('79')) * x('22') * x('29') +
3728  power(x('22'), 2) +
3729  power(x('29'), 2) =l= 1;
3730  con612..(-2) * cos(-x('72') +
3731  x('78')) * x('22') * x('28') +
3732  power(x('22'), 2) +
3733  power(x('28'), 2) =l= 1;
3734  con613..(-2) * cos(-x('54') +
3735  x('73')) * x('4') * x('23') +
3736  power(x('4'), 2) +
3737  power(x('23'), 2) =l= 1;
3738  con614..(-2) * cos(-x('72') +
3739  x('77')) * x('22') * x('27') +
3740  power(x('22'), 2) +
3741  power(x('27'), 2) =l= 1;
3742  con615..(-2) * cos(-x('72') +
3743  x('76')) * x('22') * x('26') +
3744  power(x('22'), 2) +
3745  power(x('26'), 2) =l= 1;
3746  con616..(-2) * cos(-x('54') +
3747  x('74')) * x('4') * x('24') +
3748  power(x('4'), 2) +
3749  power(x('24'), 2) =l= 1;
3750  con617..(-2) * cos(-x('72') +
3751  x('75')) * x('22') * x('25') +
3752  power(x('22'), 2) +
3753  power(x('25'), 2) =l= 1;
3754  con618..(-2) * cos(-x('72') +
3755  x('74')) * x('22') * x('24') +
3756  power(x('22'), 2) +
3757  power(x('24'), 2) =l= 1;
3758  con619..(-2) * cos(-x('72') +
3759  x('73')) * x('22') * x('23') +
3760  power(x('22'), 2) +
3761  power(x('23'), 2) =l= 1;
3762  con620..(-2) * cos(-x('54') +
3763  x('75')) * x('4') * x('25') +
3764  power(x('4'), 2) +
3765  power(x('25'), 2) =l= 1;
3766  con621..(-2) * cos(-x('71') +
3767  x('100')) * x('21') * x('50') +
3768  power(x('21'), 2) +
3769  power(x('50'), 2) =l= 1;
3770  con622..(-2) * cos(-x('71') +
3771  x('99')) * x('21') * x('49') +
3772  power(x('21'), 2) +
3773  power(x('49'), 2) =l= 1;
3774  con623..(-2) * cos(-x('54') +
3775  x('76')) * x('4') * x('26') +
3776  power(x('4'), 2) +
3777  power(x('26'), 2) =l= 1;
3778  con624..(-2) * cos(-x('71') +
3779  x('98')) * x('21') * x('48') +
3780  power(x('21'), 2) +
3781  power(x('48'), 2) =l= 1;
3782  con625..(-2) * cos(-x('71') +
3783  x('97')) * x('21') * x('47') +
3784  power(x('21'), 2) +
3785  power(x('47'), 2) =l= 1;
3786  con626..(-2) * cos(-x('54') +
3787  x('77')) * x('4') * x('27') +
3788  power(x('4'), 2) +
3789  power(x('27'), 2) =l= 1;
3790  con627..(-2) * cos(-x('71') +
3791  x('96')) * x('21') * x('46') +
3792  power(x('21'), 2) +
3793  power(x('46'), 2) =l= 1;
3794  con628..(-2) * cos(-x('71') +
3795  x('95')) * x('21') * x('45') +
3796  power(x('21'), 2) +
3797  power(x('45'), 2) =l= 1;
3798  con629..(-2) * cos(-x('54') +
3799  x('78')) * x('4') * x('28') +
3800  power(x('4'), 2) +
3801  power(x('28'), 2) =l= 1;
3802  con630..(-2) * cos(-x('71') +
3803  x('94')) * x('21') * x('44') +
3804  power(x('21'), 2) +
3805  power(x('44'), 2) =l= 1;
3806  con631..(-2) * cos(-x('71') +
3807  x('93')) * x('21') * x('43') +
3808  power(x('21'), 2) +
3809  power(x('43'), 2) =l= 1;
3810  con632..(-2) * cos(-x('71') +
3811  x('92')) * x('21') * x('42') +
3812  power(x('21'), 2) +
3813  power(x('42'), 2) =l= 1;
3814  con633..(-2) * cos(-x('54') +
3815  x('79')) * x('4') * x('29') +
3816  power(x('4'), 2) +
3817  power(x('29'), 2) =l= 1;
3818  con634..(-2) * cos(-x('71') +
3819  x('91')) * x('21') * x('41') +
3820  power(x('21'), 2) +
3821  power(x('41'), 2) =l= 1;
3822  con635..(-2) * cos(-x('71') +
3823  x('90')) * x('21') * x('40') +
3824  power(x('21'), 2) +
3825  power(x('40'), 2) =l= 1;
3826  con636..(-2) * cos(-x('54') +
3827  x('80')) * x('4') * x('30') +
3828  power(x('4'), 2) +
3829  power(x('30'), 2) =l= 1;
3830  con637..(-2) * cos(-x('71') +
3831  x('89')) * x('21') * x('39') +
3832  power(x('21'), 2) +
3833  power(x('39'), 2) =l= 1;
3834  con638..(-2) * cos(-x('71') +
3835  x('88')) * x('21') * x('38') +
3836  power(x('21'), 2) +
3837  power(x('38'), 2) =l= 1;
3838  con639..(-2) * cos(-x('54') +
3839  x('81')) * x('4') * x('31') +
3840  power(x('4'), 2) +
3841  power(x('31'), 2) =l= 1;
3842  con640..(-2) * cos(-x('71') +
3843  x('87')) * x('21') * x('37') +
3844  power(x('21'), 2) +
3845  power(x('37'), 2) =l= 1;
3846  con641..(-2) * cos(-x('71') +
3847  x('86')) * x('21') * x('36') +
3848  power(x('21'), 2) +
3849  power(x('36'), 2) =l= 1;
3850  con642..(-2) * cos(-x('54') +
3851  x('82')) * x('4') * x('32') +
3852  power(x('4'), 2) +
3853  power(x('32'), 2) =l= 1;
3854  con643..(-2) * cos(-x('71') +
3855  x('85')) * x('21') * x('35') +
3856  power(x('21'), 2) +
3857  power(x('35'), 2) =l= 1;
3858  con644..(-2) * cos(-x('71') +
3859  x('84')) * x('21') * x('34') +
3860  power(x('21'), 2) +
3861  power(x('34'), 2) =l= 1;
3862  con645..(-2) * cos(-x('71') +
3863  x('83')) * x('21') * x('33') +
3864  power(x('21'), 2) +
3865  power(x('33'), 2) =l= 1;
3866  con646..(-2) * cos(-x('54') +
3867  x('83')) * x('4') * x('33') +
3868  power(x('4'), 2) +
3869  power(x('33'), 2) =l= 1;
3870  con647..(-2) * cos(-x('71') +
3871  x('82')) * x('21') * x('32') +
3872  power(x('21'), 2) +
3873  power(x('32'), 2) =l= 1;
3874  con648..(-2) * cos(-x('71') +
3875  x('81')) * x('21') * x('31') +
3876  power(x('21'), 2) +
3877  power(x('31'), 2) =l= 1;
3878  con649..(-2) * cos(-x('54') +
3879  x('84')) * x('4') * x('34') +
3880  power(x('4'), 2) +
3881  power(x('34'), 2) =l= 1;
3882  con650..(-2) * cos(-x('71') +
3883  x('80')) * x('21') * x('30') +
3884  power(x('21'), 2) +
3885  power(x('30'), 2) =l= 1;
3886  con651..(-2) * cos(-x('71') +
3887  x('79')) * x('21') * x('29') +
3888  power(x('21'), 2) +
3889  power(x('29'), 2) =l= 1;
3890  con652..(-2) * cos(-x('54') +
3891  x('85')) * x('4') * x('35') +
3892  power(x('4'), 2) +
3893  power(x('35'), 2) =l= 1;
3894  con653..(-2) * cos(-x('71') +
3895  x('78')) * x('21') * x('28') +
3896  power(x('21'), 2) +
3897  power(x('28'), 2) =l= 1;
3898  con654..(-2) * cos(-x('71') +
3899  x('77')) * x('21') * x('27') +
3900  power(x('21'), 2) +
3901  power(x('27'), 2) =l= 1;
3902  con655..(-2) * cos(-x('54') +
3903  x('86')) * x('4') * x('36') +
3904  power(x('4'), 2) +
3905  power(x('36'), 2) =l= 1;
3906  con656..(-2) * cos(-x('71') +
3907  x('76')) * x('21') * x('26') +
3908  power(x('21'), 2) +
3909  power(x('26'), 2) =l= 1;
3910  con657..(-2) * cos(-x('71') +
3911  x('75')) * x('21') * x('25') +
3912  power(x('21'), 2) +
3913  power(x('25'), 2) =l= 1;
3914  con658..(-2) * cos(-x('71') +
3915  x('74')) * x('21') * x('24') +
3916  power(x('21'), 2) +
3917  power(x('24'), 2) =l= 1;
3918  con659..(-2) * cos(-x('54') +
3919  x('87')) * x('4') * x('37') +
3920  power(x('4'), 2) +
3921  power(x('37'), 2) =l= 1;
3922  con660..(-2) * cos(-x('71') +
3923  x('73')) * x('21') * x('23') +
3924  power(x('21'), 2) +
3925  power(x('23'), 2) =l= 1;
3926  con661..(-2) * cos(-x('71') +
3927  x('72')) * x('21') * x('22') +
3928  power(x('21'), 2) +
3929  power(x('22'), 2) =l= 1;
3930  con662..(-2) * cos(-x('54') +
3931  x('88')) * x('4') * x('38') +
3932  power(x('4'), 2) +
3933  power(x('38'), 2) =l= 1;
3934  con663..(-2) * cos(-x('70') +
3935  x('100')) * x('20') * x('50') +
3936  power(x('20'), 2) +
3937  power(x('50'), 2) =l= 1;
3938  con664..(-2) * cos(-x('70') +
3939  x('99')) * x('20') * x('49') +
3940  power(x('20'), 2) +
3941  power(x('49'), 2) =l= 1;
3942  con665..(-2) * cos(-x('54') +
3943  x('89')) * x('4') * x('39') +
3944  power(x('4'), 2) +
3945  power(x('39'), 2) =l= 1;
3946  con666..(-2) * cos(-x('70') +
3947  x('98')) * x('20') * x('48') +
3948  power(x('20'), 2) +
3949  power(x('48'), 2) =l= 1;
3950  con667..(-2) * cos(-x('70') +
3951  x('97')) * x('20') * x('47') +
3952  power(x('20'), 2) +
3953  power(x('47'), 2) =l= 1;
3954  con668..(-2) * cos(-x('54') +
3955  x('90')) * x('4') * x('40') +
3956  power(x('4'), 2) +
3957  power(x('40'), 2) =l= 1;
3958  con669..(-2) * cos(-x('70') +
3959  x('96')) * x('20') * x('46') +
3960  power(x('20'), 2) +
3961  power(x('46'), 2) =l= 1;
3962  con670..(-2) * cos(-x('70') +
3963  x('95')) * x('20') * x('45') +
3964  power(x('20'), 2) +
3965  power(x('45'), 2) =l= 1;
3966  con671..(-2) * cos(-x('70') +
3967  x('94')) * x('20') * x('44') +
3968  power(x('20'), 2) +
3969  power(x('44'), 2) =l= 1;
3970  con672..(-2) * cos(-x('54') +
3971  x('91')) * x('4') * x('41') +
3972  power(x('4'), 2) +
3973  power(x('41'), 2) =l= 1;
3974  con673..(-2) * cos(-x('70') +
3975  x('93')) * x('20') * x('43') +
3976  power(x('20'), 2) +
3977  power(x('43'), 2) =l= 1;
3978  con674..(-2) * cos(-x('70') +
3979  x('92')) * x('20') * x('42') +
3980  power(x('20'), 2) +
3981  power(x('42'), 2) =l= 1;
3982  con675..(-2) * cos(-x('54') +
3983  x('92')) * x('4') * x('42') +
3984  power(x('4'), 2) +
3985  power(x('42'), 2) =l= 1;
3986  con676..(-2) * cos(-x('70') +
3987  x('91')) * x('20') * x('41') +
3988  power(x('20'), 2) +
3989  power(x('41'), 2) =l= 1;
3990  con677..(-2) * cos(-x('70') +
3991  x('90')) * x('20') * x('40') +
3992  power(x('20'), 2) +
3993  power(x('40'), 2) =l= 1;
3994  con678..(-2) * cos(-x('54') +
3995  x('93')) * x('4') * x('43') +
3996  power(x('4'), 2) +
3997  power(x('43'), 2) =l= 1;
3998  con679..(-2) * cos(-x('70') +
3999  x('89')) * x('20') * x('39') +
4000  power(x('20'), 2) +
4001  power(x('39'), 2) =l= 1;
4002  con680..(-2) * cos(-x('70') +
4003  x('88')) * x('20') * x('38') +
4004  power(x('20'), 2) +
4005  power(x('38'), 2) =l= 1;
4006  con681..(-2) * cos(-x('54') +
4007  x('94')) * x('4') * x('44') +
4008  power(x('4'), 2) +
4009  power(x('44'), 2) =l= 1;
4010  con682..(-2) * cos(-x('70') +
4011  x('87')) * x('20') * x('37') +
4012  power(x('20'), 2) +
4013  power(x('37'), 2) =l= 1;
4014  con683..(-2) * cos(-x('70') +
4015  x('86')) * x('20') * x('36') +
4016  power(x('20'), 2) +
4017  power(x('36'), 2) =l= 1;
4018  con684..(-2) * cos(-x('70') +
4019  x('85')) * x('20') * x('35') +
4020  power(x('20'), 2) +
4021  power(x('35'), 2) =l= 1;
4022  con685..(-2) * cos(-x('54') +
4023  x('95')) * x('4') * x('45') +
4024  power(x('4'), 2) +
4025  power(x('45'), 2) =l= 1;
4026  con686..(-2) * cos(-x('70') +
4027  x('84')) * x('20') * x('34') +
4028  power(x('20'), 2) +
4029  power(x('34'), 2) =l= 1;
4030  con687..(-2) * cos(-x('70') +
4031  x('83')) * x('20') * x('33') +
4032  power(x('20'), 2) +
4033  power(x('33'), 2) =l= 1;
4034  con688..(-2) * cos(-x('54') +
4035  x('96')) * x('4') * x('46') +
4036  power(x('4'), 2) +
4037  power(x('46'), 2) =l= 1;
4038  con689..(-2) * cos(-x('70') +
4039  x('82')) * x('20') * x('32') +
4040  power(x('20'), 2) +
4041  power(x('32'), 2) =l= 1;
4042  con690..(-2) * cos(-x('70') +
4043  x('81')) * x('20') * x('31') +
4044  power(x('20'), 2) +
4045  power(x('31'), 2) =l= 1;
4046  con691..(-2) * cos(-x('54') +
4047  x('97')) * x('4') * x('47') +
4048  power(x('4'), 2) +
4049  power(x('47'), 2) =l= 1;
4050  con692..(-2) * cos(-x('70') +
4051  x('80')) * x('20') * x('30') +
4052  power(x('20'), 2) +
4053  power(x('30'), 2) =l= 1;
4054  con693..(-2) * cos(-x('70') +
4055  x('79')) * x('20') * x('29') +
4056  power(x('20'), 2) +
4057  power(x('29'), 2) =l= 1;
4058  con694..(-2) * cos(-x('54') +
4059  x('98')) * x('4') * x('48') +
4060  power(x('4'), 2) +
4061  power(x('48'), 2) =l= 1;
4062  con695..(-2) * cos(-x('70') +
4063  x('78')) * x('20') * x('28') +
4064  power(x('20'), 2) +
4065  power(x('28'), 2) =l= 1;
4066  con696..(-2) * cos(-x('70') +
4067  x('77')) * x('20') * x('27') +
4068  power(x('20'), 2) +
4069  power(x('27'), 2) =l= 1;
4070  con697..(-2) * cos(-x('70') +
4071  x('76')) * x('20') * x('26') +
4072  power(x('20'), 2) +
4073  power(x('26'), 2) =l= 1;
4074  con698..(-2) * cos(-x('54') +
4075  x('99')) * x('4') * x('49') +
4076  power(x('4'), 2) +
4077  power(x('49'), 2) =l= 1;
4078  con699..(-2) * cos(-x('70') +
4079  x('75')) * x('20') * x('25') +
4080  power(x('20'), 2) +
4081  power(x('25'), 2) =l= 1;
4082  con700..(-2) * cos(-x('70') +
4083  x('74')) * x('20') * x('24') +
4084  power(x('20'), 2) +
4085  power(x('24'), 2) =l= 1;
4086  con701..(-2) * cos(-x('54') +
4087  x('100')) * x('4') * x('50') +
4088  power(x('4'), 2) +
4089  power(x('50'), 2) =l= 1;
4090  con702..(-2) * cos(-x('70') +
4091  x('73')) * x('20') * x('23') +
4092  power(x('20'), 2) +
4093  power(x('23'), 2) =l= 1;
4094  con703..(-2) * cos(-x('70') +
4095  x('72')) * x('20') * x('22') +
4096  power(x('20'), 2) +
4097  power(x('22'), 2) =l= 1;
4098  con704..(-2) * cos(-x('55') +
4099  x('56')) * x('5') * x('6') +
4100  power(x('5'), 2) +
4101  power(x('6'), 2) =l= 1;
4102  con705..(-2) * cos(-x('70') +
4103  x('71')) * x('20') * x('21') +
4104  power(x('20'), 2) +
4105  power(x('21'), 2) =l= 1;
4106  con706..(-2) * cos(-x('69') +
4107  x('100')) * x('19') * x('50') +
4108  power(x('19'), 2) +
4109  power(x('50'), 2) =l= 1;
4110  con707..(-2) * cos(-x('55') +
4111  x('57')) * x('5') * x('7') +
4112  power(x('5'), 2) +
4113  power(x('7'), 2) =l= 1;
4114  con708..(-2) * cos(-x('69') +
4115  x('99')) * x('19') * x('49') +
4116  power(x('19'), 2) +
4117  power(x('49'), 2) =l= 1;
4118  con709..(-2) * cos(-x('69') +
4119  x('98')) * x('19') * x('48') +
4120  power(x('19'), 2) +
4121  power(x('48'), 2) =l= 1;
4122  con710..(-2) * cos(-x('69') +
4123  x('97')) * x('19') * x('47') +
4124  power(x('19'), 2) +
4125  power(x('47'), 2) =l= 1;
4126  con711..(-2) * cos(-x('55') +
4127  x('58')) * x('5') * x('8') +
4128  power(x('5'), 2) +
4129  power(x('8'), 2) =l= 1;
4130  con712..(-2) * cos(-x('69') +
4131  x('96')) * x('19') * x('46') +
4132  power(x('19'), 2) +
4133  power(x('46'), 2) =l= 1;
4134  con713..(-2) * cos(-x('69') +
4135  x('95')) * x('19') * x('45') +
4136  power(x('19'), 2) +
4137  power(x('45'), 2) =l= 1;
4138  con714..(-2) * cos(-x('55') +
4139  x('59')) * x('5') * x('9') +
4140  power(x('5'), 2) +
4141  power(x('9'), 2) =l= 1;
4142  con715..(-2) * cos(-x('69') +
4143  x('94')) * x('19') * x('44') +
4144  power(x('19'), 2) +
4145  power(x('44'), 2) =l= 1;
4146  con716..(-2) * cos(-x('69') +
4147  x('93')) * x('19') * x('43') +
4148  power(x('19'), 2) +
4149  power(x('43'), 2) =l= 1;
4150  con717..(-2) * cos(-x('55') +
4151  x('60')) * x('5') * x('10') +
4152  power(x('5'), 2) +
4153  power(x('10'), 2) =l= 1;
4154  con718..(-2) * cos(-x('69') +
4155  x('92')) * x('19') * x('42') +
4156  power(x('19'), 2) +
4157  power(x('42'), 2) =l= 1;
4158  con719..(-2) * cos(-x('69') +
4159  x('91')) * x('19') * x('41') +
4160  power(x('19'), 2) +
4161  power(x('41'), 2) =l= 1;
4162  con720..(-2) * cos(-x('55') +
4163  x('61')) * x('5') * x('11') +
4164  power(x('5'), 2) +
4165  power(x('11'), 2) =l= 1;
4166  con721..(-2) * cos(-x('69') +
4167  x('90')) * x('19') * x('40') +
4168  power(x('19'), 2) +
4169  power(x('40'), 2) =l= 1;
4170  con722..(-2) * cos(-x('69') +
4171  x('89')) * x('19') * x('39') +
4172  power(x('19'), 2) +
4173  power(x('39'), 2) =l= 1;
4174  con723..(-2) * cos(-x('69') +
4175  x('88')) * x('19') * x('38') +
4176  power(x('19'), 2) +
4177  power(x('38'), 2) =l= 1;
4178  con724..(-2) * cos(-x('55') +
4179  x('62')) * x('5') * x('12') +
4180  power(x('5'), 2) +
4181  power(x('12'), 2) =l= 1;
4182  con725..(-2) * cos(-x('69') +
4183  x('87')) * x('19') * x('37') +
4184  power(x('19'), 2) +
4185  power(x('37'), 2) =l= 1;
4186  con726..(-2) * cos(-x('69') +
4187  x('86')) * x('19') * x('36') +
4188  power(x('19'), 2) +
4189  power(x('36'), 2) =l= 1;
4190  con727..(-2) * cos(-x('55') +
4191  x('63')) * x('5') * x('13') +
4192  power(x('5'), 2) +
4193  power(x('13'), 2) =l= 1;
4194  con728..(-2) * cos(-x('69') +
4195  x('85')) * x('19') * x('35') +
4196  power(x('19'), 2) +
4197  power(x('35'), 2) =l= 1;
4198  con729..(-2) * cos(-x('69') +
4199  x('84')) * x('19') * x('34') +
4200  power(x('19'), 2) +
4201  power(x('34'), 2) =l= 1;
4202  con730..(-2) * cos(-x('55') +
4203  x('64')) * x('5') * x('14') +
4204  power(x('5'), 2) +
4205  power(x('14'), 2) =l= 1;
4206  con731..(-2) * cos(-x('69') +
4207  x('83')) * x('19') * x('33') +
4208  power(x('19'), 2) +
4209  power(x('33'), 2) =l= 1;
4210  con732..(-2) * cos(-x('69') +
4211  x('82')) * x('19') * x('32') +
4212  power(x('19'), 2) +
4213  power(x('32'), 2) =l= 1;
4214  con733..(-2) * cos(-x('55') +
4215  x('65')) * x('5') * x('15') +
4216  power(x('5'), 2) +
4217  power(x('15'), 2) =l= 1;
4218  con734..(-2) * cos(-x('69') +
4219  x('81')) * x('19') * x('31') +
4220  power(x('19'), 2) +
4221  power(x('31'), 2) =l= 1;
4222  con735..(-2) * cos(-x('69') +
4223  x('80')) * x('19') * x('30') +
4224  power(x('19'), 2) +
4225  power(x('30'), 2) =l= 1;
4226  con736..(-2) * cos(-x('69') +
4227  x('79')) * x('19') * x('29') +
4228  power(x('19'), 2) +
4229  power(x('29'), 2) =l= 1;
4230  con737..(-2) * cos(-x('55') +
4231  x('66')) * x('5') * x('16') +
4232  power(x('5'), 2) +
4233  power(x('16'), 2) =l= 1;
4234  con738..(-2) * cos(-x('69') +
4235  x('78')) * x('19') * x('28') +
4236  power(x('19'), 2) +
4237  power(x('28'), 2) =l= 1;
4238  con739..(-2) * cos(-x('69') +
4239  x('77')) * x('19') * x('27') +
4240  power(x('19'), 2) +
4241  power(x('27'), 2) =l= 1;
4242  con740..(-2) * cos(-x('55') +
4243  x('67')) * x('5') * x('17') +
4244  power(x('5'), 2) +
4245  power(x('17'), 2) =l= 1;
4246  con741..(-2) * cos(-x('69') +
4247  x('76')) * x('19') * x('26') +
4248  power(x('19'), 2) +
4249  power(x('26'), 2) =l= 1;
4250  con742..(-2) * cos(-x('69') +
4251  x('75')) * x('19') * x('25') +
4252  power(x('19'), 2) +
4253  power(x('25'), 2) =l= 1;
4254  con743..(-2) * cos(-x('55') +
4255  x('68')) * x('5') * x('18') +
4256  power(x('5'), 2) +
4257  power(x('18'), 2) =l= 1;
4258  con744..(-2) * cos(-x('69') +
4259  x('74')) * x('19') * x('24') +
4260  power(x('19'), 2) +
4261  power(x('24'), 2) =l= 1;
4262  con745..(-2) * cos(-x('69') +
4263  x('73')) * x('19') * x('23') +
4264  power(x('19'), 2) +
4265  power(x('23'), 2) =l= 1;
4266  con746..(-2) * cos(-x('55') +
4267  x('69')) * x('5') * x('19') +
4268  power(x('5'), 2) +
4269  power(x('19'), 2) =l= 1;
4270  con747..(-2) * cos(-x('69') +
4271  x('72')) * x('19') * x('22') +
4272  power(x('19'), 2) +
4273  power(x('22'), 2) =l= 1;
4274  con748..(-2) * cos(-x('69') +
4275  x('71')) * x('19') * x('21') +
4276  power(x('19'), 2) +
4277  power(x('21'), 2) =l= 1;
4278  con749..(-2) * cos(-x('69') +
4279  x('70')) * x('19') * x('20') +
4280  power(x('19'), 2) +
4281  power(x('20'), 2) =l= 1;
4282  con750..(-2) * cos(-x('55') +
4283  x('70')) * x('5') * x('20') +
4284  power(x('5'), 2) +
4285  power(x('20'), 2) =l= 1;
4286  con751..(-2) * cos(-x('68') +
4287  x('100')) * x('18') * x('50') +
4288  power(x('18'), 2) +
4289  power(x('50'), 2) =l= 1;
4290  con752..(-2) * cos(-x('68') +
4291  x('99')) * x('18') * x('49') +
4292  power(x('18'), 2) +
4293  power(x('49'), 2) =l= 1;
4294  con753..(-2) * cos(-x('55') +
4295  x('71')) * x('5') * x('21') +
4296  power(x('5'), 2) +
4297  power(x('21'), 2) =l= 1;
4298  con754..(-2) * cos(-x('68') +
4299  x('98')) * x('18') * x('48') +
4300  power(x('18'), 2) +
4301  power(x('48'), 2) =l= 1;
4302  con755..(-2) * cos(-x('68') +
4303  x('97')) * x('18') * x('47') +
4304  power(x('18'), 2) +
4305  power(x('47'), 2) =l= 1;
4306  con756..(-2) * cos(-x('55') +
4307  x('72')) * x('5') * x('22') +
4308  power(x('5'), 2) +
4309  power(x('22'), 2) =l= 1;
4310  con757..(-2) * cos(-x('68') +
4311  x('96')) * x('18') * x('46') +
4312  power(x('18'), 2) +
4313  power(x('46'), 2) =l= 1;
4314  con758..(-2) * cos(-x('68') +
4315  x('95')) * x('18') * x('45') +
4316  power(x('18'), 2) +
4317  power(x('45'), 2) =l= 1;
4318  con759..(-2) * cos(-x('55') +
4319  x('73')) * x('5') * x('23') +
4320  power(x('5'), 2) +
4321  power(x('23'), 2) =l= 1;
4322  con760..(-2) * cos(-x('68') +
4323  x('94')) * x('18') * x('44') +
4324  power(x('18'), 2) +
4325  power(x('44'), 2) =l= 1;
4326  con761..(-2) * cos(-x('68') +
4327  x('93')) * x('18') * x('43') +
4328  power(x('18'), 2) +
4329  power(x('43'), 2) =l= 1;
4330  con762..(-2) * cos(-x('68') +
4331  x('92')) * x('18') * x('42') +
4332  power(x('18'), 2) +
4333  power(x('42'), 2) =l= 1;
4334  con763..(-2) * cos(-x('55') +
4335  x('74')) * x('5') * x('24') +
4336  power(x('5'), 2) +
4337  power(x('24'), 2) =l= 1;
4338  con764..(-2) * cos(-x('68') +
4339  x('91')) * x('18') * x('41') +
4340  power(x('18'), 2) +
4341  power(x('41'), 2) =l= 1;
4342  con765..(-2) * cos(-x('68') +
4343  x('90')) * x('18') * x('40') +
4344  power(x('18'), 2) +
4345  power(x('40'), 2) =l= 1;
4346  con766..(-2) * cos(-x('55') +
4347  x('75')) * x('5') * x('25') +
4348  power(x('5'), 2) +
4349  power(x('25'), 2) =l= 1;
4350  con767..(-2) * cos(-x('68') +
4351  x('89')) * x('18') * x('39') +
4352  power(x('18'), 2) +
4353  power(x('39'), 2) =l= 1;
4354  con768..(-2) * cos(-x('68') +
4355  x('88')) * x('18') * x('38') +
4356  power(x('18'), 2) +
4357  power(x('38'), 2) =l= 1;
4358  con769..(-2) * cos(-x('55') +
4359  x('76')) * x('5') * x('26') +
4360  power(x('5'), 2) +
4361  power(x('26'), 2) =l= 1;
4362  con770..(-2) * cos(-x('68') +
4363  x('87')) * x('18') * x('37') +
4364  power(x('18'), 2) +
4365  power(x('37'), 2) =l= 1;
4366  con771..(-2) * cos(-x('68') +
4367  x('86')) * x('18') * x('36') +
4368  power(x('18'), 2) +
4369  power(x('36'), 2) =l= 1;
4370  con772..(-2) * cos(-x('55') +
4371  x('77')) * x('5') * x('27') +
4372  power(x('5'), 2) +
4373  power(x('27'), 2) =l= 1;
4374  con773..(-2) * cos(-x('68') +
4375  x('85')) * x('18') * x('35') +
4376  power(x('18'), 2) +
4377  power(x('35'), 2) =l= 1;
4378  con774..(-2) * cos(-x('68') +
4379  x('84')) * x('18') * x('34') +
4380  power(x('18'), 2) +
4381  power(x('34'), 2) =l= 1;
4382  con775..(-2) * cos(-x('68') +
4383  x('83')) * x('18') * x('33') +
4384  power(x('18'), 2) +
4385  power(x('33'), 2) =l= 1;
4386  con776..(-2) * cos(-x('55') +
4387  x('78')) * x('5') * x('28') +
4388  power(x('5'), 2) +
4389  power(x('28'), 2) =l= 1;
4390  con777..(-2) * cos(-x('68') +
4391  x('82')) * x('18') * x('32') +
4392  power(x('18'), 2) +
4393  power(x('32'), 2) =l= 1;
4394  con778..(-2) * cos(-x('68') +
4395  x('81')) * x('18') * x('31') +
4396  power(x('18'), 2) +
4397  power(x('31'), 2) =l= 1;
4398  con779..(-2) * cos(-x('55') +
4399  x('79')) * x('5') * x('29') +
4400  power(x('5'), 2) +
4401  power(x('29'), 2) =l= 1;
4402  con780..(-2) * cos(-x('68') +
4403  x('80')) * x('18') * x('30') +
4404  power(x('18'), 2) +
4405  power(x('30'), 2) =l= 1;
4406  con781..(-2) * cos(-x('68') +
4407  x('79')) * x('18') * x('29') +
4408  power(x('18'), 2) +
4409  power(x('29'), 2) =l= 1;
4410  con782..(-2) * cos(-x('55') +
4411  x('80')) * x('5') * x('30') +
4412  power(x('5'), 2) +
4413  power(x('30'), 2) =l= 1;
4414  con783..(-2) * cos(-x('68') +
4415  x('78')) * x('18') * x('28') +
4416  power(x('18'), 2) +
4417  power(x('28'), 2) =l= 1;
4418  con784..(-2) * cos(-x('68') +
4419  x('77')) * x('18') * x('27') +
4420  power(x('18'), 2) +
4421  power(x('27'), 2) =l= 1;
4422  con785..(-2) * cos(-x('55') +
4423  x('81')) * x('5') * x('31') +
4424  power(x('5'), 2) +
4425  power(x('31'), 2) =l= 1;
4426  con786..(-2) * cos(-x('68') +
4427  x('76')) * x('18') * x('26') +
4428  power(x('18'), 2) +
4429  power(x('26'), 2) =l= 1;
4430  con787..(-2) * cos(-x('68') +
4431  x('75')) * x('18') * x('25') +
4432  power(x('18'), 2) +
4433  power(x('25'), 2) =l= 1;
4434  con788..(-2) * cos(-x('68') +
4435  x('74')) * x('18') * x('24') +
4436  power(x('18'), 2) +
4437  power(x('24'), 2) =l= 1;
4438  con789..(-2) * cos(-x('55') +
4439  x('82')) * x('5') * x('32') +
4440  power(x('5'), 2) +
4441  power(x('32'), 2) =l= 1;
4442  con790..(-2) * cos(-x('68') +
4443  x('73')) * x('18') * x('23') +
4444  power(x('18'), 2) +
4445  power(x('23'), 2) =l= 1;
4446  con791..(-2) * cos(-x('68') +
4447  x('72')) * x('18') * x('22') +
4448  power(x('18'), 2) +
4449  power(x('22'), 2) =l= 1;
4450  con792..(-2) * cos(-x('55') +
4451  x('83')) * x('5') * x('33') +
4452  power(x('5'), 2) +
4453  power(x('33'), 2) =l= 1;
4454  con793..(-2) * cos(-x('68') +
4455  x('71')) * x('18') * x('21') +
4456  power(x('18'), 2) +
4457  power(x('21'), 2) =l= 1;
4458  con794..(-2) * cos(-x('68') +
4459  x('70')) * x('18') * x('20') +
4460  power(x('18'), 2) +
4461  power(x('20'), 2) =l= 1;
4462  con795..(-2) * cos(-x('55') +
4463  x('84')) * x('5') * x('34') +
4464  power(x('5'), 2) +
4465  power(x('34'), 2) =l= 1;
4466  con796..(-2) * cos(-x('68') +
4467  x('69')) * x('18') * x('19') +
4468  power(x('18'), 2) +
4469  power(x('19'), 2) =l= 1;
4470  con797..(-2) * cos(-x('67') +
4471  x('100')) * x('17') * x('50') +
4472  power(x('17'), 2) +
4473  power(x('50'), 2) =l= 1;
4474  con798..(-2) * cos(-x('55') +
4475  x('85')) * x('5') * x('35') +
4476  power(x('5'), 2) +
4477  power(x('35'), 2) =l= 1;
4478  con799..(-2) * cos(-x('67') +
4479  x('99')) * x('17') * x('49') +
4480  power(x('17'), 2) +
4481  power(x('49'), 2) =l= 1;
4482  con800..(-2) * cos(-x('67') +
4483  x('98')) * x('17') * x('48') +
4484  power(x('17'), 2) +
4485  power(x('48'), 2) =l= 1;
4486  con801..(-2) * cos(-x('67') +
4487  x('97')) * x('17') * x('47') +
4488  power(x('17'), 2) +
4489  power(x('47'), 2) =l= 1;
4490  con802..(-2) * cos(-x('55') +
4491  x('86')) * x('5') * x('36') +
4492  power(x('5'), 2) +
4493  power(x('36'), 2) =l= 1;
4494  con803..(-2) * cos(-x('67') +
4495  x('96')) * x('17') * x('46') +
4496  power(x('17'), 2) +
4497  power(x('46'), 2) =l= 1;
4498  con804..(-2) * cos(-x('67') +
4499  x('95')) * x('17') * x('45') +
4500  power(x('17'), 2) +
4501  power(x('45'), 2) =l= 1;
4502  con805..(-2) * cos(-x('55') +
4503  x('87')) * x('5') * x('37') +
4504  power(x('5'), 2) +
4505  power(x('37'), 2) =l= 1;
4506  con806..(-2) * cos(-x('67') +
4507  x('94')) * x('17') * x('44') +
4508  power(x('17'), 2) +
4509  power(x('44'), 2) =l= 1;
4510  con807..(-2) * cos(-x('67') +
4511  x('93')) * x('17') * x('43') +
4512  power(x('17'), 2) +
4513  power(x('43'), 2) =l= 1;
4514  con808..(-2) * cos(-x('55') +
4515  x('88')) * x('5') * x('38') +
4516  power(x('5'), 2) +
4517  power(x('38'), 2) =l= 1;
4518  con809..(-2) * cos(-x('67') +
4519  x('92')) * x('17') * x('42') +
4520  power(x('17'), 2) +
4521  power(x('42'), 2) =l= 1;
4522  con810..(-2) * cos(-x('67') +
4523  x('91')) * x('17') * x('41') +
4524  power(x('17'), 2) +
4525  power(x('41'), 2) =l= 1;
4526  con811..(-2) * cos(-x('55') +
4527  x('89')) * x('5') * x('39') +
4528  power(x('5'), 2) +
4529  power(x('39'), 2) =l= 1;
4530  con812..(-2) * cos(-x('67') +
4531  x('90')) * x('17') * x('40') +
4532  power(x('17'), 2) +
4533  power(x('40'), 2) =l= 1;
4534  con813..(-2) * cos(-x('67') +
4535  x('89')) * x('17') * x('39') +
4536  power(x('17'), 2) +
4537  power(x('39'), 2) =l= 1;
4538  con814..(-2) * cos(-x('67') +
4539  x('88')) * x('17') * x('38') +
4540  power(x('17'), 2) +
4541  power(x('38'), 2) =l= 1;
4542  con815..(-2) * cos(-x('55') +
4543  x('90')) * x('5') * x('40') +
4544  power(x('5'), 2) +
4545  power(x('40'), 2) =l= 1;
4546  con816..(-2) * cos(-x('67') +
4547  x('87')) * x('17') * x('37') +
4548  power(x('17'), 2) +
4549  power(x('37'), 2) =l= 1;
4550  con817..(-2) * cos(-x('67') +
4551  x('86')) * x('17') * x('36') +
4552  power(x('17'), 2) +
4553  power(x('36'), 2) =l= 1;
4554  con818..(-2) * cos(-x('55') +
4555  x('91')) * x('5') * x('41') +
4556  power(x('5'), 2) +
4557  power(x('41'), 2) =l= 1;
4558  con819..(-2) * cos(-x('67') +
4559  x('85')) * x('17') * x('35') +
4560  power(x('17'), 2) +
4561  power(x('35'), 2) =l= 1;
4562  con820..(-2) * cos(-x('67') +
4563  x('84')) * x('17') * x('34') +
4564  power(x('17'), 2) +
4565  power(x('34'), 2) =l= 1;
4566  con821..(-2) * cos(-x('55') +
4567  x('92')) * x('5') * x('42') +
4568  power(x('5'), 2) +
4569  power(x('42'), 2) =l= 1;
4570  con822..(-2) * cos(-x('67') +
4571  x('83')) * x('17') * x('33') +
4572  power(x('17'), 2) +
4573  power(x('33'), 2) =l= 1;
4574  con823..(-2) * cos(-x('67') +
4575  x('82')) * x('17') * x('32') +
4576  power(x('17'), 2) +
4577  power(x('32'), 2) =l= 1;
4578  con824..(-2) * cos(-x('55') +
4579  x('93')) * x('5') * x('43') +
4580  power(x('5'), 2) +
4581  power(x('43'), 2) =l= 1;
4582  con825..(-2) * cos(-x('67') +
4583  x('81')) * x('17') * x('31') +
4584  power(x('17'), 2) +
4585  power(x('31'), 2) =l= 1;
4586  con826..(-2) * cos(-x('67') +
4587  x('80')) * x('17') * x('30') +
4588  power(x('17'), 2) +
4589  power(x('30'), 2) =l= 1;
4590  con827..(-2) * cos(-x('67') +
4591  x('79')) * x('17') * x('29') +
4592  power(x('17'), 2) +
4593  power(x('29'), 2) =l= 1;
4594  con828..(-2) * cos(-x('55') +
4595  x('94')) * x('5') * x('44') +
4596  power(x('5'), 2) +
4597  power(x('44'), 2) =l= 1;
4598  con829..(-2) * cos(-x('67') +
4599  x('78')) * x('17') * x('28') +
4600  power(x('17'), 2) +
4601  power(x('28'), 2) =l= 1;
4602  con830..(-2) * cos(-x('67') +
4603  x('77')) * x('17') * x('27') +
4604  power(x('17'), 2) +
4605  power(x('27'), 2) =l= 1;
4606  con831..(-2) * cos(-x('55') +
4607  x('95')) * x('5') * x('45') +
4608  power(x('5'), 2) +
4609  power(x('45'), 2) =l= 1;
4610  con832..(-2) * cos(-x('67') +
4611  x('76')) * x('17') * x('26') +
4612  power(x('17'), 2) +
4613  power(x('26'), 2) =l= 1;
4614  con833..(-2) * cos(-x('67') +
4615  x('75')) * x('17') * x('25') +
4616  power(x('17'), 2) +
4617  power(x('25'), 2) =l= 1;
4618  con834..(-2) * cos(-x('55') +
4619  x('96')) * x('5') * x('46') +
4620  power(x('5'), 2) +
4621  power(x('46'), 2) =l= 1;
4622  con835..(-2) * cos(-x('67') +
4623  x('74')) * x('17') * x('24') +
4624  power(x('17'), 2) +
4625  power(x('24'), 2) =l= 1;
4626  con836..(-2) * cos(-x('67') +
4627  x('73')) * x('17') * x('23') +
4628  power(x('17'), 2) +
4629  power(x('23'), 2) =l= 1;
4630  con837..(-2) * cos(-x('55') +
4631  x('97')) * x('5') * x('47') +
4632  power(x('5'), 2) +
4633  power(x('47'), 2) =l= 1;
4634  con838..(-2) * cos(-x('67') +
4635  x('72')) * x('17') * x('22') +
4636  power(x('17'), 2) +
4637  power(x('22'), 2) =l= 1;
4638  con839..(-2) * cos(-x('67') +
4639  x('71')) * x('17') * x('21') +
4640  power(x('17'), 2) +
4641  power(x('21'), 2) =l= 1;
4642  con840..(-2) * cos(-x('67') +
4643  x('70')) * x('17') * x('20') +
4644  power(x('17'), 2) +
4645  power(x('20'), 2) =l= 1;
4646  con841..(-2) * cos(-x('55') +
4647  x('98')) * x('5') * x('48') +
4648  power(x('5'), 2) +
4649  power(x('48'), 2) =l= 1;
4650  con842..(-2) * cos(-x('67') +
4651  x('69')) * x('17') * x('19') +
4652  power(x('17'), 2) +
4653  power(x('19'), 2) =l= 1;
4654  con843..(-2) * cos(-x('67') +
4655  x('68')) * x('17') * x('18') +
4656  power(x('17'), 2) +
4657  power(x('18'), 2) =l= 1;
4658  con844..(-2) * cos(-x('55') +
4659  x('99')) * x('5') * x('49') +
4660  power(x('5'), 2) +
4661  power(x('49'), 2) =l= 1;
4662  con845..(-2) * cos(-x('66') +
4663  x('100')) * x('16') * x('50') +
4664  power(x('16'), 2) +
4665  power(x('50'), 2) =l= 1;
4666  con846..(-2) * cos(-x('66') +
4667  x('99')) * x('16') * x('49') +
4668  power(x('16'), 2) +
4669  power(x('49'), 2) =l= 1;
4670  con847..(-2) * cos(-x('55') +
4671  x('100')) * x('5') * x('50') +
4672  power(x('5'), 2) +
4673  power(x('50'), 2) =l= 1;
4674  con848..(-2) * cos(-x('66') +
4675  x('98')) * x('16') * x('48') +
4676  power(x('16'), 2) +
4677  power(x('48'), 2) =l= 1;
4678  con849..(-2) * cos(-x('66') +
4679  x('97')) * x('16') * x('47') +
4680  power(x('16'), 2) +
4681  power(x('47'), 2) =l= 1;
4682  con850..(-2) * cos(-x('56') +
4683  x('57')) * x('6') * x('7') +
4684  power(x('6'), 2) +
4685  power(x('7'), 2) =l= 1;
4686  con851..(-2) * cos(-x('66') +
4687  x('96')) * x('16') * x('46') +
4688  power(x('16'), 2) +
4689  power(x('46'), 2) =l= 1;
4690  con852..(-2) * cos(-x('66') +
4691  x('95')) * x('16') * x('45') +
4692  power(x('16'), 2) +
4693  power(x('45'), 2) =l= 1;
4694  con853..(-2) * cos(-x('66') +
4695  x('94')) * x('16') * x('44') +
4696  power(x('16'), 2) +
4697  power(x('44'), 2) =l= 1;
4698  con854..(-2) * cos(-x('56') +
4699  x('58')) * x('6') * x('8') +
4700  power(x('6'), 2) +
4701  power(x('8'), 2) =l= 1;
4702  con855..(-2) * cos(-x('66') +
4703  x('93')) * x('16') * x('43') +
4704  power(x('16'), 2) +
4705  power(x('43'), 2) =l= 1;
4706  con856..(-2) * cos(-x('66') +
4707  x('92')) * x('16') * x('42') +
4708  power(x('16'), 2) +
4709  power(x('42'), 2) =l= 1;
4710  con857..(-2) * cos(-x('56') +
4711  x('59')) * x('6') * x('9') +
4712  power(x('6'), 2) +
4713  power(x('9'), 2) =l= 1;
4714  con858..(-2) * cos(-x('66') +
4715  x('91')) * x('16') * x('41') +
4716  power(x('16'), 2) +
4717  power(x('41'), 2) =l= 1;
4718  con859..(-2) * cos(-x('66') +
4719  x('90')) * x('16') * x('40') +
4720  power(x('16'), 2) +
4721  power(x('40'), 2) =l= 1;
4722  con860..(-2) * cos(-x('56') +
4723  x('60')) * x('6') * x('10') +
4724  power(x('6'), 2) +
4725  power(x('10'), 2) =l= 1;
4726  con861..(-2) * cos(-x('66') +
4727  x('89')) * x('16') * x('39') +
4728  power(x('16'), 2) +
4729  power(x('39'), 2) =l= 1;
4730  con862..(-2) * cos(-x('66') +
4731  x('88')) * x('16') * x('38') +
4732  power(x('16'), 2) +
4733  power(x('38'), 2) =l= 1;
4734  con863..(-2) * cos(-x('56') +
4735  x('61')) * x('6') * x('11') +
4736  power(x('6'), 2) +
4737  power(x('11'), 2) =l= 1;
4738  con864..(-2) * cos(-x('66') +
4739  x('87')) * x('16') * x('37') +
4740  power(x('16'), 2) +
4741  power(x('37'), 2) =l= 1;
4742  con865..(-2) * cos(-x('66') +
4743  x('86')) * x('16') * x('36') +
4744  power(x('16'), 2) +
4745  power(x('36'), 2) =l= 1;
4746  con866..(-2) * cos(-x('66') +
4747  x('85')) * x('16') * x('35') +
4748  power(x('16'), 2) +
4749  power(x('35'), 2) =l= 1;
4750  con867..(-2) * cos(-x('56') +
4751  x('62')) * x('6') * x('12') +
4752  power(x('6'), 2) +
4753  power(x('12'), 2) =l= 1;
4754  con868..(-2) * cos(-x('66') +
4755  x('84')) * x('16') * x('34') +
4756  power(x('16'), 2) +
4757  power(x('34'), 2) =l= 1;
4758  con869..(-2) * cos(-x('66') +
4759  x('83')) * x('16') * x('33') +
4760  power(x('16'), 2) +
4761  power(x('33'), 2) =l= 1;
4762  con870..(-2) * cos(-x('56') +
4763  x('63')) * x('6') * x('13') +
4764  power(x('6'), 2) +
4765  power(x('13'), 2) =l= 1;
4766  con871..(-2) * cos(-x('66') +
4767  x('82')) * x('16') * x('32') +
4768  power(x('16'), 2) +
4769  power(x('32'), 2) =l= 1;
4770  con872..(-2) * cos(-x('66') +
4771  x('81')) * x('16') * x('31') +
4772  power(x('16'), 2) +
4773  power(x('31'), 2) =l= 1;
4774  con873..(-2) * cos(-x('56') +
4775  x('64')) * x('6') * x('14') +
4776  power(x('6'), 2) +
4777  power(x('14'), 2) =l= 1;
4778  con874..(-2) * cos(-x('66') +
4779  x('80')) * x('16') * x('30') +
4780  power(x('16'), 2) +
4781  power(x('30'), 2) =l= 1;
4782  con875..(-2) * cos(-x('66') +
4783  x('79')) * x('16') * x('29') +
4784  power(x('16'), 2) +
4785  power(x('29'), 2) =l= 1;
4786  con876..(-2) * cos(-x('56') +
4787  x('65')) * x('6') * x('15') +
4788  power(x('6'), 2) +
4789  power(x('15'), 2) =l= 1;
4790  con877..(-2) * cos(-x('66') +
4791  x('78')) * x('16') * x('28') +
4792  power(x('16'), 2) +
4793  power(x('28'), 2) =l= 1;
4794  con878..(-2) * cos(-x('66') +
4795  x('77')) * x('16') * x('27') +
4796  power(x('16'), 2) +
4797  power(x('27'), 2) =l= 1;
4798  con879..(-2) * cos(-x('66') +
4799  x('76')) * x('16') * x('26') +
4800  power(x('16'), 2) +
4801  power(x('26'), 2) =l= 1;
4802  con880..(-2) * cos(-x('56') +
4803  x('66')) * x('6') * x('16') +
4804  power(x('6'), 2) +
4805  power(x('16'), 2) =l= 1;
4806  con881..(-2) * cos(-x('66') +
4807  x('75')) * x('16') * x('25') +
4808  power(x('16'), 2) +
4809  power(x('25'), 2) =l= 1;
4810  con882..(-2) * cos(-x('66') +
4811  x('74')) * x('16') * x('24') +
4812  power(x('16'), 2) +
4813  power(x('24'), 2) =l= 1;
4814  con883..(-2) * cos(-x('56') +
4815  x('67')) * x('6') * x('17') +
4816  power(x('6'), 2) +
4817  power(x('17'), 2) =l= 1;
4818  con884..(-2) * cos(-x('66') +
4819  x('73')) * x('16') * x('23') +
4820  power(x('16'), 2) +
4821  power(x('23'), 2) =l= 1;
4822  con885..(-2) * cos(-x('66') +
4823  x('72')) * x('16') * x('22') +
4824  power(x('16'), 2) +
4825  power(x('22'), 2) =l= 1;
4826  con886..(-2) * cos(-x('56') +
4827  x('68')) * x('6') * x('18') +
4828  power(x('6'), 2) +
4829  power(x('18'), 2) =l= 1;
4830  con887..(-2) * cos(-x('66') +
4831  x('71')) * x('16') * x('21') +
4832  power(x('16'), 2) +
4833  power(x('21'), 2) =l= 1;
4834  con888..(-2) * cos(-x('66') +
4835  x('70')) * x('16') * x('20') +
4836  power(x('16'), 2) +
4837  power(x('20'), 2) =l= 1;
4838  con889..(-2) * cos(-x('56') +
4839  x('69')) * x('6') * x('19') +
4840  power(x('6'), 2) +
4841  power(x('19'), 2) =l= 1;
4842  con890..(-2) * cos(-x('66') +
4843  x('69')) * x('16') * x('19') +
4844  power(x('16'), 2) +
4845  power(x('19'), 2) =l= 1;
4846  con891..(-2) * cos(-x('66') +
4847  x('68')) * x('16') * x('18') +
4848  power(x('16'), 2) +
4849  power(x('18'), 2) =l= 1;
4850  con892..(-2) * cos(-x('66') +
4851  x('67')) * x('16') * x('17') +
4852  power(x('16'), 2) +
4853  power(x('17'), 2) =l= 1;
4854  con893..(-2) * cos(-x('56') +
4855  x('70')) * x('6') * x('20') +
4856  power(x('6'), 2) +
4857  power(x('20'), 2) =l= 1;
4858  con894..(-2) * cos(-x('65') +
4859  x('100')) * x('15') * x('50') +
4860  power(x('15'), 2) +
4861  power(x('50'), 2) =l= 1;
4862  con895..(-2) * cos(-x('65') +
4863  x('99')) * x('15') * x('49') +
4864  power(x('15'), 2) +
4865  power(x('49'), 2) =l= 1;
4866  con896..(-2) * cos(-x('56') +
4867  x('71')) * x('6') * x('21') +
4868  power(x('6'), 2) +
4869  power(x('21'), 2) =l= 1;
4870  con897..(-2) * cos(-x('65') +
4871  x('98')) * x('15') * x('48') +
4872  power(x('15'), 2) +
4873  power(x('48'), 2) =l= 1;
4874  con898..(-2) * cos(-x('65') +
4875  x('97')) * x('15') * x('47') +
4876  power(x('15'), 2) +
4877  power(x('47'), 2) =l= 1;
4878  con899..(-2) * cos(-x('56') +
4879  x('72')) * x('6') * x('22') +
4880  power(x('6'), 2) +
4881  power(x('22'), 2) =l= 1;
4882  con900..(-2) * cos(-x('65') +
4883  x('96')) * x('15') * x('46') +
4884  power(x('15'), 2) +
4885  power(x('46'), 2) =l= 1;
4886  con901..(-2) * cos(-x('65') +
4887  x('95')) * x('15') * x('45') +
4888  power(x('15'), 2) +
4889  power(x('45'), 2) =l= 1;
4890  con902..(-2) * cos(-x('56') +
4891  x('73')) * x('6') * x('23') +
4892  power(x('6'), 2) +
4893  power(x('23'), 2) =l= 1;
4894  con903..(-2) * cos(-x('65') +
4895  x('94')) * x('15') * x('44') +
4896  power(x('15'), 2) +
4897  power(x('44'), 2) =l= 1;
4898  con904..(-2) * cos(-x('65') +
4899  x('93')) * x('15') * x('43') +
4900  power(x('15'), 2) +
4901  power(x('43'), 2) =l= 1;
4902  con905..(-2) * cos(-x('65') +
4903  x('92')) * x('15') * x('42') +
4904  power(x('15'), 2) +
4905  power(x('42'), 2) =l= 1;
4906  con906..(-2) * cos(-x('56') +
4907  x('74')) * x('6') * x('24') +
4908  power(x('6'), 2) +
4909  power(x('24'), 2) =l= 1;
4910  con907..(-2) * cos(-x('65') +
4911  x('91')) * x('15') * x('41') +
4912  power(x('15'), 2) +
4913  power(x('41'), 2) =l= 1;
4914  con908..(-2) * cos(-x('65') +
4915  x('90')) * x('15') * x('40') +
4916  power(x('15'), 2) +
4917  power(x('40'), 2) =l= 1;
4918  con909..(-2) * cos(-x('56') +
4919  x('75')) * x('6') * x('25') +
4920  power(x('6'), 2) +
4921  power(x('25'), 2) =l= 1;
4922  con910..(-2) * cos(-x('65') +
4923  x('89')) * x('15') * x('39') +
4924  power(x('15'), 2) +
4925  power(x('39'), 2) =l= 1;
4926  con911..(-2) * cos(-x('65') +
4927  x('88')) * x('15') * x('38') +
4928  power(x('15'), 2) +
4929  power(x('38'), 2) =l= 1;
4930  con912..(-2) * cos(-x('56') +
4931  x('76')) * x('6') * x('26') +
4932  power(x('6'), 2) +
4933  power(x('26'), 2) =l= 1;
4934  con913..(-2) * cos(-x('65') +
4935  x('87')) * x('15') * x('37') +
4936  power(x('15'), 2) +
4937  power(x('37'), 2) =l= 1;
4938  con914..(-2) * cos(-x('65') +
4939  x('86')) * x('15') * x('36') +
4940  power(x('15'), 2) +
4941  power(x('36'), 2) =l= 1;
4942  con915..(-2) * cos(-x('56') +
4943  x('77')) * x('6') * x('27') +
4944  power(x('6'), 2) +
4945  power(x('27'), 2) =l= 1;
4946  con916..(-2) * cos(-x('65') +
4947  x('85')) * x('15') * x('35') +
4948  power(x('15'), 2) +
4949  power(x('35'), 2) =l= 1;
4950  con917..(-2) * cos(-x('65') +
4951  x('84')) * x('15') * x('34') +
4952  power(x('15'), 2) +
4953  power(x('34'), 2) =l= 1;
4954  con918..(-2) * cos(-x('65') +
4955  x('83')) * x('15') * x('33') +
4956  power(x('15'), 2) +
4957  power(x('33'), 2) =l= 1;
4958  con919..(-2) * cos(-x('56') +
4959  x('78')) * x('6') * x('28') +
4960  power(x('6'), 2) +
4961  power(x('28'), 2) =l= 1;
4962  con920..(-2) * cos(-x('65') +
4963  x('82')) * x('15') * x('32') +
4964  power(x('15'), 2) +
4965  power(x('32'), 2) =l= 1;
4966  con921..(-2) * cos(-x('65') +
4967  x('81')) * x('15') * x('31') +
4968  power(x('15'), 2) +
4969  power(x('31'), 2) =l= 1;
4970  con922..(-2) * cos(-x('56') +
4971  x('79')) * x('6') * x('29') +
4972  power(x('6'), 2) +
4973  power(x('29'), 2) =l= 1;
4974  con923..(-2) * cos(-x('65') +
4975  x('80')) * x('15') * x('30') +
4976  power(x('15'), 2) +
4977  power(x('30'), 2) =l= 1;
4978  con924..(-2) * cos(-x('65') +
4979  x('79')) * x('15') * x('29') +
4980  power(x('15'), 2) +
4981  power(x('29'), 2) =l= 1;
4982  con925..(-2) * cos(-x('56') +
4983  x('80')) * x('6') * x('30') +
4984  power(x('6'), 2) +
4985  power(x('30'), 2) =l= 1;
4986  con926..(-2) * cos(-x('65') +
4987  x('78')) * x('15') * x('28') +
4988  power(x('15'), 2) +
4989  power(x('28'), 2) =l= 1;
4990  con927..(-2) * cos(-x('65') +
4991  x('77')) * x('15') * x('27') +
4992  power(x('15'), 2) +
4993  power(x('27'), 2) =l= 1;
4994  con928..(-2) * cos(-x('56') +
4995  x('81')) * x('6') * x('31') +
4996  power(x('6'), 2) +
4997  power(x('31'), 2) =l= 1;
4998  con929..(-2) * cos(-x('65') +
4999  x('76')) * x('15') * x('26') +
5000  power(x('15'), 2) +
5001  power(x('26'), 2) =l= 1;
5002  con930..(-2) * cos(-x('65') +
5003  x('75')) * x('15') * x('25') +
5004  power(x('15'), 2) +
5005  power(x('25'), 2) =l= 1;
5006  con931..(-2) * cos(-x('65') +
5007  x('74')) * x('15') * x('24') +
5008  power(x('15'), 2) +
5009  power(x('24'), 2) =l= 1;
5010  con932..(-2) * cos(-x('56') +
5011  x('82')) * x('6') * x('32') +
5012  power(x('6'), 2) +
5013  power(x('32'), 2) =l= 1;
5014  con933..(-2) * cos(-x('65') +
5015  x('73')) * x('15') * x('23') +
5016  power(x('15'), 2) +
5017  power(x('23'), 2) =l= 1;
5018  con934..(-2) * cos(-x('65') +
5019  x('72')) * x('15') * x('22') +
5020  power(x('15'), 2) +
5021  power(x('22'), 2) =l= 1;
5022  con935..(-2) * cos(-x('56') +
5023  x('83')) * x('6') * x('33') +
5024  power(x('6'), 2) +
5025  power(x('33'), 2) =l= 1;
5026  con936..(-2) * cos(-x('65') +
5027  x('71')) * x('15') * x('21') +
5028  power(x('15'), 2) +
5029  power(x('21'), 2) =l= 1;
5030  con937..(-2) * cos(-x('65') +
5031  x('70')) * x('15') * x('20') +
5032  power(x('15'), 2) +
5033  power(x('20'), 2) =l= 1;
5034  con938..(-2) * cos(-x('56') +
5035  x('84')) * x('6') * x('34') +
5036  power(x('6'), 2) +
5037  power(x('34'), 2) =l= 1;
5038  con939..(-2) * cos(-x('65') +
5039  x('69')) * x('15') * x('19') +
5040  power(x('15'), 2) +
5041  power(x('19'), 2) =l= 1;
5042  con940..(-2) * cos(-x('65') +
5043  x('68')) * x('15') * x('18') +
5044  power(x('15'), 2) +
5045  power(x('18'), 2) =l= 1;
5046  con941..(-2) * cos(-x('56') +
5047  x('85')) * x('6') * x('35') +
5048  power(x('6'), 2) +
5049  power(x('35'), 2) =l= 1;
5050  con942..(-2) * cos(-x('65') +
5051  x('67')) * x('15') * x('17') +
5052  power(x('15'), 2) +
5053  power(x('17'), 2) =l= 1;
5054  con943..(-2) * cos(-x('65') +
5055  x('66')) * x('15') * x('16') +
5056  power(x('15'), 2) +
5057  power(x('16'), 2) =l= 1;
5058  con944..(-2) * cos(-x('64') +
5059  x('100')) * x('14') * x('50') +
5060  power(x('14'), 2) +
5061  power(x('50'), 2) =l= 1;
5062  con945..(-2) * cos(-x('56') +
5063  x('86')) * x('6') * x('36') +
5064  power(x('6'), 2) +
5065  power(x('36'), 2) =l= 1;
5066  con946..(-2) * cos(-x('64') +
5067  x('99')) * x('14') * x('49') +
5068  power(x('14'), 2) +
5069  power(x('49'), 2) =l= 1;
5070  con947..(-2) * cos(-x('64') +
5071  x('98')) * x('14') * x('48') +
5072  power(x('14'), 2) +
5073  power(x('48'), 2) =l= 1;
5074  con948..(-2) * cos(-x('56') +
5075  x('87')) * x('6') * x('37') +
5076  power(x('6'), 2) +
5077  power(x('37'), 2) =l= 1;
5078  con949..(-2) * cos(-x('64') +
5079  x('97')) * x('14') * x('47') +
5080  power(x('14'), 2) +
5081  power(x('47'), 2) =l= 1;
5082  con950..(-2) * cos(-x('64') +
5083  x('96')) * x('14') * x('46') +
5084  power(x('14'), 2) +
5085  power(x('46'), 2) =l= 1;
5086  con951..(-2) * cos(-x('56') +
5087  x('88')) * x('6') * x('38') +
5088  power(x('6'), 2) +
5089  power(x('38'), 2) =l= 1;
5090  con952..(-2) * cos(-x('64') +
5091  x('95')) * x('14') * x('45') +
5092  power(x('14'), 2) +
5093  power(x('45'), 2) =l= 1;
5094  con953..(-2) * cos(-x('64') +
5095  x('94')) * x('14') * x('44') +
5096  power(x('14'), 2) +
5097  power(x('44'), 2) =l= 1;
5098  con954..(-2) * cos(-x('56') +
5099  x('89')) * x('6') * x('39') +
5100  power(x('6'), 2) +
5101  power(x('39'), 2) =l= 1;
5102  con955..(-2) * cos(-x('64') +
5103  x('93')) * x('14') * x('43') +
5104  power(x('14'), 2) +
5105  power(x('43'), 2) =l= 1;
5106  con956..(-2) * cos(-x('64') +
5107  x('92')) * x('14') * x('42') +
5108  power(x('14'), 2) +
5109  power(x('42'), 2) =l= 1;
5110  con957..(-2) * cos(-x('64') +
5111  x('91')) * x('14') * x('41') +
5112  power(x('14'), 2) +
5113  power(x('41'), 2) =l= 1;
5114  con958..(-2) * cos(-x('56') +
5115  x('90')) * x('6') * x('40') +
5116  power(x('6'), 2) +
5117  power(x('40'), 2) =l= 1;
5118  con959..(-2) * cos(-x('64') +
5119  x('90')) * x('14') * x('40') +
5120  power(x('14'), 2) +
5121  power(x('40'), 2) =l= 1;
5122  con960..(-2) * cos(-x('64') +
5123  x('89')) * x('14') * x('39') +
5124  power(x('14'), 2) +
5125  power(x('39'), 2) =l= 1;
5126  con961..(-2) * cos(-x('56') +
5127  x('91')) * x('6') * x('41') +
5128  power(x('6'), 2) +
5129  power(x('41'), 2) =l= 1;
5130  con962..(-2) * cos(-x('64') +
5131  x('88')) * x('14') * x('38') +
5132  power(x('14'), 2) +
5133  power(x('38'), 2) =l= 1;
5134  con963..(-2) * cos(-x('64') +
5135  x('87')) * x('14') * x('37') +
5136  power(x('14'), 2) +
5137  power(x('37'), 2) =l= 1;
5138  con964..(-2) * cos(-x('56') +
5139  x('92')) * x('6') * x('42') +
5140  power(x('6'), 2) +
5141  power(x('42'), 2) =l= 1;
5142  con965..(-2) * cos(-x('64') +
5143  x('86')) * x('14') * x('36') +
5144  power(x('14'), 2) +
5145  power(x('36'), 2) =l= 1;
5146  con966..(-2) * cos(-x('64') +
5147  x('85')) * x('14') * x('35') +
5148  power(x('14'), 2) +
5149  power(x('35'), 2) =l= 1;
5150  con967..(-2) * cos(-x('56') +
5151  x('93')) * x('6') * x('43') +
5152  power(x('6'), 2) +
5153  power(x('43'), 2) =l= 1;
5154  con968..(-2) * cos(-x('64') +
5155  x('84')) * x('14') * x('34') +
5156  power(x('14'), 2) +
5157  power(x('34'), 2) =l= 1;
5158  con969..(-2) * cos(-x('64') +
5159  x('83')) * x('14') * x('33') +
5160  power(x('14'), 2) +
5161  power(x('33'), 2) =l= 1;
5162  con970..(-2) * cos(-x('64') +
5163  x('82')) * x('14') * x('32') +
5164  power(x('14'), 2) +
5165  power(x('32'), 2) =l= 1;
5166  con971..(-2) * cos(-x('56') +
5167  x('94')) * x('6') * x('44') +
5168  power(x('6'), 2) +
5169  power(x('44'), 2) =l= 1;
5170  con972..(-2) * cos(-x('64') +
5171  x('81')) * x('14') * x('31') +
5172  power(x('14'), 2) +
5173  power(x('31'), 2) =l= 1;
5174  con973..(-2) * cos(-x('64') +
5175  x('80')) * x('14') * x('30') +
5176  power(x('14'), 2) +
5177  power(x('30'), 2) =l= 1;
5178  con974..(-2) * cos(-x('56') +
5179  x('95')) * x('6') * x('45') +
5180  power(x('6'), 2) +
5181  power(x('45'), 2) =l= 1;
5182  con975..(-2) * cos(-x('64') +
5183  x('79')) * x('14') * x('29') +
5184  power(x('14'), 2) +
5185  power(x('29'), 2) =l= 1;
5186  con976..(-2) * cos(-x('64') +
5187  x('78')) * x('14') * x('28') +
5188  power(x('14'), 2) +
5189  power(x('28'), 2) =l= 1;
5190  con977..(-2) * cos(-x('56') +
5191  x('96')) * x('6') * x('46') +
5192  power(x('6'), 2) +
5193  power(x('46'), 2) =l= 1;
5194  con978..(-2) * cos(-x('64') +
5195  x('77')) * x('14') * x('27') +
5196  power(x('14'), 2) +
5197  power(x('27'), 2) =l= 1;
5198  con979..(-2) * cos(-x('64') +
5199  x('76')) * x('14') * x('26') +
5200  power(x('14'), 2) +
5201  power(x('26'), 2) =l= 1;
5202  con980..(-2) * cos(-x('56') +
5203  x('97')) * x('6') * x('47') +
5204  power(x('6'), 2) +
5205  power(x('47'), 2) =l= 1;
5206  con981..(-2) * cos(-x('64') +
5207  x('75')) * x('14') * x('25') +
5208  power(x('14'), 2) +
5209  power(x('25'), 2) =l= 1;
5210  con982..(-2) * cos(-x('64') +
5211  x('74')) * x('14') * x('24') +
5212  power(x('14'), 2) +
5213  power(x('24'), 2) =l= 1;
5214  con983..(-2) * cos(-x('64') +
5215  x('73')) * x('14') * x('23') +
5216  power(x('14'), 2) +
5217  power(x('23'), 2) =l= 1;
5218  con984..(-2) * cos(-x('56') +
5219  x('98')) * x('6') * x('48') +
5220  power(x('6'), 2) +
5221  power(x('48'), 2) =l= 1;
5222  con985..(-2) * cos(-x('64') +
5223  x('72')) * x('14') * x('22') +
5224  power(x('14'), 2) +
5225  power(x('22'), 2) =l= 1;
5226  con986..(-2) * cos(-x('64') +
5227  x('71')) * x('14') * x('21') +
5228  power(x('14'), 2) +
5229  power(x('21'), 2) =l= 1;
5230  con987..(-2) * cos(-x('56') +
5231  x('99')) * x('6') * x('49') +
5232  power(x('6'), 2) +
5233  power(x('49'), 2) =l= 1;
5234  con988..(-2) * cos(-x('64') +
5235  x('70')) * x('14') * x('20') +
5236  power(x('14'), 2) +
5237  power(x('20'), 2) =l= 1;
5238  con989..(-2) * cos(-x('64') +
5239  x('69')) * x('14') * x('19') +
5240  power(x('14'), 2) +
5241  power(x('19'), 2) =l= 1;
5242  con990..(-2) * cos(-x('56') +
5243  x('100')) * x('6') * x('50') +
5244  power(x('6'), 2) +
5245  power(x('50'), 2) =l= 1;
5246  con991..(-2) * cos(-x('64') +
5247  x('68')) * x('14') * x('18') +
5248  power(x('14'), 2) +
5249  power(x('18'), 2) =l= 1;
5250  con992..(-2) * cos(-x('64') +
5251  x('67')) * x('14') * x('17') +
5252  power(x('14'), 2) +
5253  power(x('17'), 2) =l= 1;
5254  con993..(-2) * cos(-x('57') +
5255  x('58')) * x('7') * x('8') +
5256  power(x('7'), 2) +
5257  power(x('8'), 2) =l= 1;
5258  con994..(-2) * cos(-x('64') +
5259  x('66')) * x('14') * x('16') +
5260  power(x('14'), 2) +
5261  power(x('16'), 2) =l= 1;
5262  con995..(-2) * cos(-x('64') +
5263  x('65')) * x('14') * x('15') +
5264  power(x('14'), 2) +
5265  power(x('15'), 2) =l= 1;
5266  con996..(-2) * cos(-x('63') +
5267  x('100')) * x('13') * x('50') +
5268  power(x('13'), 2) +
5269  power(x('50'), 2) =l= 1;
5270  con997..(-2) * cos(-x('57') +
5271  x('59')) * x('7') * x('9') +
5272  power(x('7'), 2) +
5273  power(x('9'), 2) =l= 1;
5274  con998..(-2) * cos(-x('63') +
5275  x('99')) * x('13') * x('49') +
5276  power(x('13'), 2) +
5277  power(x('49'), 2) =l= 1;
5278  con999..(-2) * cos(-x('63') +
5279  x('98')) * x('13') * x('48') +
5280  power(x('13'), 2) +
5281  power(x('48'), 2) =l= 1;
5282  con1000..(-2) * cos(-x('57') +
5283  x('60')) * x('7') * x('10') +
5284  power(x('7'), 2) +
5285  power(x('10'), 2) =l= 1;
5286  con1001..(-2) * cos(-x('63') +
5287  x('97')) * x('13') * x('47') +
5288  power(x('13'), 2) +
5289  power(x('47'), 2) =l= 1;
5290  con1002..(-2) * cos(-x('63') +
5291  x('96')) * x('13') * x('46') +
5292  power(x('13'), 2) +
5293  power(x('46'), 2) =l= 1;
5294  con1003..(-2) * cos(-x('57') +
5295  x('61')) * x('7') * x('11') +
5296  power(x('7'), 2) +
5297  power(x('11'), 2) =l= 1;
5298  con1004..(-2) * cos(-x('63') +
5299  x('95')) * x('13') * x('45') +
5300  power(x('13'), 2) +
5301  power(x('45'), 2) =l= 1;
5302  con1005..(-2) * cos(-x('63') +
5303  x('94')) * x('13') * x('44') +
5304  power(x('13'), 2) +
5305  power(x('44'), 2) =l= 1;
5306  con1006..(-2) * cos(-x('57') +
5307  x('62')) * x('7') * x('12') +
5308  power(x('7'), 2) +
5309  power(x('12'), 2) =l= 1;
5310  con1007..(-2) * cos(-x('63') +
5311  x('93')) * x('13') * x('43') +
5312  power(x('13'), 2) +
5313  power(x('43'), 2) =l= 1;
5314  con1008..(-2) * cos(-x('63') +
5315  x('92')) * x('13') * x('42') +
5316  power(x('13'), 2) +
5317  power(x('42'), 2) =l= 1;
5318  con1009..(-2) * cos(-x('63') +
5319  x('91')) * x('13') * x('41') +
5320  power(x('13'), 2) +
5321  power(x('41'), 2) =l= 1;
5322  con1010..(-2) * cos(-x('57') +
5323  x('63')) * x('7') * x('13') +
5324  power(x('7'), 2) +
5325  power(x('13'), 2) =l= 1;
5326  con1011..(-2) * cos(-x('63') +
5327  x('90')) * x('13') * x('40') +
5328  power(x('13'), 2) +
5329  power(x('40'), 2) =l= 1;
5330  con1012..(-2) * cos(-x('63') +
5331  x('89')) * x('13') * x('39') +
5332  power(x('13'), 2) +
5333  power(x('39'), 2) =l= 1;
5334  con1013..(-2) * cos(-x('57') +
5335  x('64')) * x('7') * x('14') +
5336  power(x('7'), 2) +
5337  power(x('14'), 2) =l= 1;
5338  con1014..(-2) * cos(-x('63') +
5339  x('88')) * x('13') * x('38') +
5340  power(x('13'), 2) +
5341  power(x('38'), 2) =l= 1;
5342  con1015..(-2) * cos(-x('63') +
5343  x('87')) * x('13') * x('37') +
5344  power(x('13'), 2) +
5345  power(x('37'), 2) =l= 1;
5346  con1016..(-2) * cos(-x('57') +
5347  x('65')) * x('7') * x('15') +
5348  power(x('7'), 2) +
5349  power(x('15'), 2) =l= 1;
5350  con1017..(-2) * cos(-x('63') +
5351  x('86')) * x('13') * x('36') +
5352  power(x('13'), 2) +
5353  power(x('36'), 2) =l= 1;
5354  con1018..(-2) * cos(-x('63') +
5355  x('85')) * x('13') * x('35') +
5356  power(x('13'), 2) +
5357  power(x('35'), 2) =l= 1;
5358  con1019..(-2) * cos(-x('57') +
5359  x('66')) * x('7') * x('16') +
5360  power(x('7'), 2) +
5361  power(x('16'), 2) =l= 1;
5362  con1020..(-2) * cos(-x('63') +
5363  x('84')) * x('13') * x('34') +
5364  power(x('13'), 2) +
5365  power(x('34'), 2) =l= 1;
5366  con1021..(-2) * cos(-x('63') +
5367  x('83')) * x('13') * x('33') +
5368  power(x('13'), 2) +
5369  power(x('33'), 2) =l= 1;
5370  con1022..(-2) * cos(-x('63') +
5371  x('82')) * x('13') * x('32') +
5372  power(x('13'), 2) +
5373  power(x('32'), 2) =l= 1;
5374  con1023..(-2) * cos(-x('57') +
5375  x('67')) * x('7') * x('17') +
5376  power(x('7'), 2) +
5377  power(x('17'), 2) =l= 1;
5378  con1024..(-2) * cos(-x('63') +
5379  x('81')) * x('13') * x('31') +
5380  power(x('13'), 2) +
5381  power(x('31'), 2) =l= 1;
5382  con1025..(-2) * cos(-x('63') +
5383  x('80')) * x('13') * x('30') +
5384  power(x('13'), 2) +
5385  power(x('30'), 2) =l= 1;
5386  con1026..(-2) * cos(-x('57') +
5387  x('68')) * x('7') * x('18') +
5388  power(x('7'), 2) +
5389  power(x('18'), 2) =l= 1;
5390  con1027..(-2) * cos(-x('63') +
5391  x('79')) * x('13') * x('29') +
5392  power(x('13'), 2) +
5393  power(x('29'), 2) =l= 1;
5394  con1028..(-2) * cos(-x('63') +
5395  x('78')) * x('13') * x('28') +
5396  power(x('13'), 2) +
5397  power(x('28'), 2) =l= 1;
5398  con1029..(-2) * cos(-x('57') +
5399  x('69')) * x('7') * x('19') +
5400  power(x('7'), 2) +
5401  power(x('19'), 2) =l= 1;
5402  con1030..(-2) * cos(-x('63') +
5403  x('77')) * x('13') * x('27') +
5404  power(x('13'), 2) +
5405  power(x('27'), 2) =l= 1;
5406  con1031..(-2) * cos(-x('63') +
5407  x('76')) * x('13') * x('26') +
5408  power(x('13'), 2) +
5409  power(x('26'), 2) =l= 1;
5410  con1032..(-2) * cos(-x('57') +
5411  x('70')) * x('7') * x('20') +
5412  power(x('7'), 2) +
5413  power(x('20'), 2) =l= 1;
5414  con1033..(-2) * cos(-x('63') +
5415  x('75')) * x('13') * x('25') +
5416  power(x('13'), 2) +
5417  power(x('25'), 2) =l= 1;
5418  con1034..(-2) * cos(-x('63') +
5419  x('74')) * x('13') * x('24') +
5420  power(x('13'), 2) +
5421  power(x('24'), 2) =l= 1;
5422  con1035..(-2) * cos(-x('63') +
5423  x('73')) * x('13') * x('23') +
5424  power(x('13'), 2) +
5425  power(x('23'), 2) =l= 1;
5426  con1036..(-2) * cos(-x('57') +
5427  x('71')) * x('7') * x('21') +
5428  power(x('7'), 2) +
5429  power(x('21'), 2) =l= 1;
5430  con1037..(-2) * cos(-x('63') +
5431  x('72')) * x('13') * x('22') +
5432  power(x('13'), 2) +
5433  power(x('22'), 2) =l= 1;
5434  con1038..(-2) * cos(-x('63') +
5435  x('71')) * x('13') * x('21') +
5436  power(x('13'), 2) +
5437  power(x('21'), 2) =l= 1;
5438  con1039..(-2) * cos(-x('57') +
5439  x('72')) * x('7') * x('22') +
5440  power(x('7'), 2) +
5441  power(x('22'), 2) =l= 1;
5442  con1040..(-2) * cos(-x('63') +
5443  x('70')) * x('13') * x('20') +
5444  power(x('13'), 2) +
5445  power(x('20'), 2) =l= 1;
5446  con1041..(-2) * cos(-x('63') +
5447  x('69')) * x('13') * x('19') +
5448  power(x('13'), 2) +
5449  power(x('19'), 2) =l= 1;
5450  con1042..(-2) * cos(-x('57') +
5451  x('73')) * x('7') * x('23') +
5452  power(x('7'), 2) +
5453  power(x('23'), 2) =l= 1;
5454  con1043..(-2) * cos(-x('63') +
5455  x('68')) * x('13') * x('18') +
5456  power(x('13'), 2) +
5457  power(x('18'), 2) =l= 1;
5458  con1044..(-2) * cos(-x('63') +
5459  x('67')) * x('13') * x('17') +
5460  power(x('13'), 2) +
5461  power(x('17'), 2) =l= 1;
5462  con1045..(-2) * cos(-x('57') +
5463  x('74')) * x('7') * x('24') +
5464  power(x('7'), 2) +
5465  power(x('24'), 2) =l= 1;
5466  con1046..(-2) * cos(-x('63') +
5467  x('66')) * x('13') * x('16') +
5468  power(x('13'), 2) +
5469  power(x('16'), 2) =l= 1;
5470  con1047..(-2) * cos(-x('63') +
5471  x('65')) * x('13') * x('15') +
5472  power(x('13'), 2) +
5473  power(x('15'), 2) =l= 1;
5474  con1048..(-2) * cos(-x('63') +
5475  x('64')) * x('13') * x('14') +
5476  power(x('13'), 2) +
5477  power(x('14'), 2) =l= 1;
5478  con1049..(-2) * cos(-x('57') +
5479  x('75')) * x('7') * x('25') +
5480  power(x('7'), 2) +
5481  power(x('25'), 2) =l= 1;
5482  con1050..(-2) * cos(-x('62') +
5483  x('100')) * x('12') * x('50') +
5484  power(x('12'), 2) +
5485  power(x('50'), 2) =l= 1;
5486  con1051..(-2) * cos(-x('62') +
5487  x('99')) * x('12') * x('49') +
5488  power(x('12'), 2) +
5489  power(x('49'), 2) =l= 1;
5490  con1052..(-2) * cos(-x('57') +
5491  x('76')) * x('7') * x('26') +
5492  power(x('7'), 2) +
5493  power(x('26'), 2) =l= 1;
5494  con1053..(-2) * cos(-x('62') +
5495  x('98')) * x('12') * x('48') +
5496  power(x('12'), 2) +
5497  power(x('48'), 2) =l= 1;
5498  con1054..(-2) * cos(-x('62') +
5499  x('97')) * x('12') * x('47') +
5500  power(x('12'), 2) +
5501  power(x('47'), 2) =l= 1;
5502  con1055..(-2) * cos(-x('57') +
5503  x('77')) * x('7') * x('27') +
5504  power(x('7'), 2) +
5505  power(x('27'), 2) =l= 1;
5506  con1056..(-2) * cos(-x('62') +
5507  x('96')) * x('12') * x('46') +
5508  power(x('12'), 2) +
5509  power(x('46'), 2) =l= 1;
5510  con1057..(-2) * cos(-x('62') +
5511  x('95')) * x('12') * x('45') +
5512  power(x('12'), 2) +
5513  power(x('45'), 2) =l= 1;
5514  con1058..(-2) * cos(-x('57') +
5515  x('78')) * x('7') * x('28') +
5516  power(x('7'), 2) +
5517  power(x('28'), 2) =l= 1;
5518  con1059..(-2) * cos(-x('62') +
5519  x('94')) * x('12') * x('44') +
5520  power(x('12'), 2) +
5521  power(x('44'), 2) =l= 1;
5522  con1060..(-2) * cos(-x('62') +
5523  x('93')) * x('12') * x('43') +
5524  power(x('12'), 2) +
5525  power(x('43'), 2) =l= 1;
5526  con1061..(-2) * cos(-x('62') +
5527  x('92')) * x('12') * x('42') +
5528  power(x('12'), 2) +
5529  power(x('42'), 2) =l= 1;
5530  con1062..(-2) * cos(-x('57') +
5531  x('79')) * x('7') * x('29') +
5532  power(x('7'), 2) +
5533  power(x('29'), 2) =l= 1;
5534  con1063..(-2) * cos(-x('62') +
5535  x('91')) * x('12') * x('41') +
5536  power(x('12'), 2) +
5537  power(x('41'), 2) =l= 1;
5538  con1064..(-2) * cos(-x('62') +
5539  x('90')) * x('12') * x('40') +
5540  power(x('12'), 2) +
5541  power(x('40'), 2) =l= 1;
5542  con1065..(-2) * cos(-x('57') +
5543  x('80')) * x('7') * x('30') +
5544  power(x('7'), 2) +
5545  power(x('30'), 2) =l= 1;
5546  con1066..(-2) * cos(-x('62') +
5547  x('89')) * x('12') * x('39') +
5548  power(x('12'), 2) +
5549  power(x('39'), 2) =l= 1;
5550  con1067..(-2) * cos(-x('62') +
5551  x('88')) * x('12') * x('38') +
5552  power(x('12'), 2) +
5553  power(x('38'), 2) =l= 1;
5554  con1068..(-2) * cos(-x('57') +
5555  x('81')) * x('7') * x('31') +
5556  power(x('7'), 2) +
5557  power(x('31'), 2) =l= 1;
5558  con1069..(-2) * cos(-x('62') +
5559  x('87')) * x('12') * x('37') +
5560  power(x('12'), 2) +
5561  power(x('37'), 2) =l= 1;
5562  con1070..(-2) * cos(-x('62') +
5563  x('86')) * x('12') * x('36') +
5564  power(x('12'), 2) +
5565  power(x('36'), 2) =l= 1;
5566  con1071..(-2) * cos(-x('57') +
5567  x('82')) * x('7') * x('32') +
5568  power(x('7'), 2) +
5569  power(x('32'), 2) =l= 1;
5570  con1072..(-2) * cos(-x('62') +
5571  x('85')) * x('12') * x('35') +
5572  power(x('12'), 2) +
5573  power(x('35'), 2) =l= 1;
5574  con1073..(-2) * cos(-x('62') +
5575  x('84')) * x('12') * x('34') +
5576  power(x('12'), 2) +
5577  power(x('34'), 2) =l= 1;
5578  con1074..(-2) * cos(-x('62') +
5579  x('83')) * x('12') * x('33') +
5580  power(x('12'), 2) +
5581  power(x('33'), 2) =l= 1;
5582  con1075..(-2) * cos(-x('57') +
5583  x('83')) * x('7') * x('33') +
5584  power(x('7'), 2) +
5585  power(x('33'), 2) =l= 1;
5586  con1076..(-2) * cos(-x('62') +
5587  x('82')) * x('12') * x('32') +
5588  power(x('12'), 2) +
5589  power(x('32'), 2) =l= 1;
5590  con1077..(-2) * cos(-x('62') +
5591  x('81')) * x('12') * x('31') +
5592  power(x('12'), 2) +
5593  power(x('31'), 2) =l= 1;
5594  con1078..(-2) * cos(-x('57') +
5595  x('84')) * x('7') * x('34') +
5596  power(x('7'), 2) +
5597  power(x('34'), 2) =l= 1;
5598  con1079..(-2) * cos(-x('62') +
5599  x('80')) * x('12') * x('30') +
5600  power(x('12'), 2) +
5601  power(x('30'), 2) =l= 1;
5602  con1080..(-2) * cos(-x('62') +
5603  x('79')) * x('12') * x('29') +
5604  power(x('12'), 2) +
5605  power(x('29'), 2) =l= 1;
5606  con1081..(-2) * cos(-x('57') +
5607  x('85')) * x('7') * x('35') +
5608  power(x('7'), 2) +
5609  power(x('35'), 2) =l= 1;
5610  con1082..(-2) * cos(-x('62') +
5611  x('78')) * x('12') * x('28') +
5612  power(x('12'), 2) +
5613  power(x('28'), 2) =l= 1;
5614  con1083..(-2) * cos(-x('62') +
5615  x('77')) * x('12') * x('27') +
5616  power(x('12'), 2) +
5617  power(x('27'), 2) =l= 1;
5618  con1084..(-2) * cos(-x('57') +
5619  x('86')) * x('7') * x('36') +
5620  power(x('7'), 2) +
5621  power(x('36'), 2) =l= 1;
5622  con1085..(-2) * cos(-x('62') +
5623  x('76')) * x('12') * x('26') +
5624  power(x('12'), 2) +
5625  power(x('26'), 2) =l= 1;
5626  con1086..(-2) * cos(-x('62') +
5627  x('75')) * x('12') * x('25') +
5628  power(x('12'), 2) +
5629  power(x('25'), 2) =l= 1;
5630  con1087..(-2) * cos(-x('62') +
5631  x('74')) * x('12') * x('24') +
5632  power(x('12'), 2) +
5633  power(x('24'), 2) =l= 1;
5634  con1088..(-2) * cos(-x('57') +
5635  x('87')) * x('7') * x('37') +
5636  power(x('7'), 2) +
5637  power(x('37'), 2) =l= 1;
5638  con1089..(-2) * cos(-x('62') +
5639  x('73')) * x('12') * x('23') +
5640  power(x('12'), 2) +
5641  power(x('23'), 2) =l= 1;
5642  con1090..(-2) * cos(-x('62') +
5643  x('72')) * x('12') * x('22') +
5644  power(x('12'), 2) +
5645  power(x('22'), 2) =l= 1;
5646  con1091..(-2) * cos(-x('57') +
5647  x('88')) * x('7') * x('38') +
5648  power(x('7'), 2) +
5649  power(x('38'), 2) =l= 1;
5650  con1092..(-2) * cos(-x('62') +
5651  x('71')) * x('12') * x('21') +
5652  power(x('12'), 2) +
5653  power(x('21'), 2) =l= 1;
5654  con1093..(-2) * cos(-x('62') +
5655  x('70')) * x('12') * x('20') +
5656  power(x('12'), 2) +
5657  power(x('20'), 2) =l= 1;
5658  con1094..(-2) * cos(-x('57') +
5659  x('89')) * x('7') * x('39') +
5660  power(x('7'), 2) +
5661  power(x('39'), 2) =l= 1;
5662  con1095..(-2) * cos(-x('62') +
5663  x('69')) * x('12') * x('19') +
5664  power(x('12'), 2) +
5665  power(x('19'), 2) =l= 1;
5666  con1096..(-2) * cos(-x('62') +
5667  x('68')) * x('12') * x('18') +
5668  power(x('12'), 2) +
5669  power(x('18'), 2) =l= 1;
5670  con1097..(-2) * cos(-x('57') +
5671  x('90')) * x('7') * x('40') +
5672  power(x('7'), 2) +
5673  power(x('40'), 2) =l= 1;
5674  con1098..(-2) * cos(-x('62') +
5675  x('67')) * x('12') * x('17') +
5676  power(x('12'), 2) +
5677  power(x('17'), 2) =l= 1;
5678  con1099..(-2) * cos(-x('62') +
5679  x('66')) * x('12') * x('16') +
5680  power(x('12'), 2) +
5681  power(x('16'), 2) =l= 1;
5682  con1100..(-2) * cos(-x('62') +
5683  x('65')) * x('12') * x('15') +
5684  power(x('12'), 2) +
5685  power(x('15'), 2) =l= 1;
5686  con1101..(-2) * cos(-x('57') +
5687  x('91')) * x('7') * x('41') +
5688  power(x('7'), 2) +
5689  power(x('41'), 2) =l= 1;
5690  con1102..(-2) * cos(-x('62') +
5691  x('64')) * x('12') * x('14') +
5692  power(x('12'), 2) +
5693  power(x('14'), 2) =l= 1;
5694  con1103..(-2) * cos(-x('62') +
5695  x('63')) * x('12') * x('13') +
5696  power(x('12'), 2) +
5697  power(x('13'), 2) =l= 1;
5698  con1104..(-2) * cos(-x('57') +
5699  x('92')) * x('7') * x('42') +
5700  power(x('7'), 2) +
5701  power(x('42'), 2) =l= 1;
5702  con1105..(-2) * cos(-x('61') +
5703  x('100')) * x('11') * x('50') +
5704  power(x('11'), 2) +
5705  power(x('50'), 2) =l= 1;
5706  con1106..(-2) * cos(-x('61') +
5707  x('99')) * x('11') * x('49') +
5708  power(x('11'), 2) +
5709  power(x('49'), 2) =l= 1;
5710  con1107..(-2) * cos(-x('57') +
5711  x('93')) * x('7') * x('43') +
5712  power(x('7'), 2) +
5713  power(x('43'), 2) =l= 1;
5714  con1108..(-2) * cos(-x('61') +
5715  x('98')) * x('11') * x('48') +
5716  power(x('11'), 2) +
5717  power(x('48'), 2) =l= 1;
5718  con1109..(-2) * cos(-x('61') +
5719  x('97')) * x('11') * x('47') +
5720  power(x('11'), 2) +
5721  power(x('47'), 2) =l= 1;
5722  con1110..(-2) * cos(-x('57') +
5723  x('94')) * x('7') * x('44') +
5724  power(x('7'), 2) +
5725  power(x('44'), 2) =l= 1;
5726  con1111..(-2) * cos(-x('61') +
5727  x('96')) * x('11') * x('46') +
5728  power(x('11'), 2) +
5729  power(x('46'), 2) =l= 1;
5730  con1112..(-2) * cos(-x('61') +
5731  x('95')) * x('11') * x('45') +
5732  power(x('11'), 2) +
5733  power(x('45'), 2) =l= 1;
5734  con1113..(-2) * cos(-x('61') +
5735  x('94')) * x('11') * x('44') +
5736  power(x('11'), 2) +
5737  power(x('44'), 2) =l= 1;
5738  con1114..(-2) * cos(-x('57') +
5739  x('95')) * x('7') * x('45') +
5740  power(x('7'), 2) +
5741  power(x('45'), 2) =l= 1;
5742  con1115..(-2) * cos(-x('61') +
5743  x('93')) * x('11') * x('43') +
5744  power(x('11'), 2) +
5745  power(x('43'), 2) =l= 1;
5746  con1116..(-2) * cos(-x('61') +
5747  x('92')) * x('11') * x('42') +
5748  power(x('11'), 2) +
5749  power(x('42'), 2) =l= 1;
5750  con1117..(-2) * cos(-x('57') +
5751  x('96')) * x('7') * x('46') +
5752  power(x('7'), 2) +
5753  power(x('46'), 2) =l= 1;
5754  con1118..(-2) * cos(-x('61') +
5755  x('91')) * x('11') * x('41') +
5756  power(x('11'), 2) +
5757  power(x('41'), 2) =l= 1;
5758  con1119..(-2) * cos(-x('61') +
5759  x('90')) * x('11') * x('40') +
5760  power(x('11'), 2) +
5761  power(x('40'), 2) =l= 1;
5762  con1120..(-2) * cos(-x('57') +
5763  x('97')) * x('7') * x('47') +
5764  power(x('7'), 2) +
5765  power(x('47'), 2) =l= 1;
5766  con1121..(-2) * cos(-x('61') +
5767  x('89')) * x('11') * x('39') +
5768  power(x('11'), 2) +
5769  power(x('39'), 2) =l= 1;
5770  con1122..(-2) * cos(-x('61') +
5771  x('88')) * x('11') * x('38') +
5772  power(x('11'), 2) +
5773  power(x('38'), 2) =l= 1;
5774  con1123..(-2) * cos(-x('57') +
5775  x('98')) * x('7') * x('48') +
5776  power(x('7'), 2) +
5777  power(x('48'), 2) =l= 1;
5778  con1124..(-2) * cos(-x('61') +
5779  x('87')) * x('11') * x('37') +
5780  power(x('11'), 2) +
5781  power(x('37'), 2) =l= 1;
5782  con1125..(-2) * cos(-x('61') +
5783  x('86')) * x('11') * x('36') +
5784  power(x('11'), 2) +
5785  power(x('36'), 2) =l= 1;
5786  con1126..(-2) * cos(-x('61') +
5787  x('85')) * x('11') * x('35') +
5788  power(x('11'), 2) +
5789  power(x('35'), 2) =l= 1;
5790  con1127..(-2) * cos(-x('57') +
5791  x('99')) * x('7') * x('49') +
5792  power(x('7'), 2) +
5793  power(x('49'), 2) =l= 1;
5794  con1128..(-2) * cos(-x('61') +
5795  x('84')) * x('11') * x('34') +
5796  power(x('11'), 2) +
5797  power(x('34'), 2) =l= 1;
5798  con1129..(-2) * cos(-x('61') +
5799  x('83')) * x('11') * x('33') +
5800  power(x('11'), 2) +
5801  power(x('33'), 2) =l= 1;
5802  con1130..(-2) * cos(-x('57') +
5803  x('100')) * x('7') * x('50') +
5804  power(x('7'), 2) +
5805  power(x('50'), 2) =l= 1;
5806  con1131..(-2) * cos(-x('61') +
5807  x('82')) * x('11') * x('32') +
5808  power(x('11'), 2) +
5809  power(x('32'), 2) =l= 1;
5810  con1132..(-2) * cos(-x('61') +
5811  x('81')) * x('11') * x('31') +
5812  power(x('11'), 2) +
5813  power(x('31'), 2) =l= 1;
5814  con1133..(-2) * cos(-x('58') +
5815  x('59')) * x('8') * x('9') +
5816  power(x('8'), 2) +
5817  power(x('9'), 2) =l= 1;
5818  con1134..(-2) * cos(-x('61') +
5819  x('80')) * x('11') * x('30') +
5820  power(x('11'), 2) +
5821  power(x('30'), 2) =l= 1;
5822  con1135..(-2) * cos(-x('61') +
5823  x('79')) * x('11') * x('29') +
5824  power(x('11'), 2) +
5825  power(x('29'), 2) =l= 1;
5826  con1136..(-2) * cos(-x('58') +
5827  x('60')) * x('8') * x('10') +
5828  power(x('8'), 2) +
5829  power(x('10'), 2) =l= 1;
5830  con1137..(-2) * cos(-x('61') +
5831  x('78')) * x('11') * x('28') +
5832  power(x('11'), 2) +
5833  power(x('28'), 2) =l= 1;
5834  con1138..(-2) * cos(-x('61') +
5835  x('77')) * x('11') * x('27') +
5836  power(x('11'), 2) +
5837  power(x('27'), 2) =l= 1;
5838  con1139..(-2) * cos(-x('61') +
5839  x('76')) * x('11') * x('26') +
5840  power(x('11'), 2) +
5841  power(x('26'), 2) =l= 1;
5842  con1140..(-2) * cos(-x('58') +
5843  x('61')) * x('8') * x('11') +
5844  power(x('8'), 2) +
5845  power(x('11'), 2) =l= 1;
5846  con1141..(-2) * cos(-x('61') +
5847  x('75')) * x('11') * x('25') +
5848  power(x('11'), 2) +
5849  power(x('25'), 2) =l= 1;
5850  con1142..(-2) * cos(-x('61') +
5851  x('74')) * x('11') * x('24') +
5852  power(x('11'), 2) +
5853  power(x('24'), 2) =l= 1;
5854  con1143..(-2) * cos(-x('58') +
5855  x('62')) * x('8') * x('12') +
5856  power(x('8'), 2) +
5857  power(x('12'), 2) =l= 1;
5858  con1144..(-2) * cos(-x('61') +
5859  x('73')) * x('11') * x('23') +
5860  power(x('11'), 2) +
5861  power(x('23'), 2) =l= 1;
5862  con1145..(-2) * cos(-x('61') +
5863  x('72')) * x('11') * x('22') +
5864  power(x('11'), 2) +
5865  power(x('22'), 2) =l= 1;
5866  con1146..(-2) * cos(-x('58') +
5867  x('63')) * x('8') * x('13') +
5868  power(x('8'), 2) +
5869  power(x('13'), 2) =l= 1;
5870  con1147..(-2) * cos(-x('61') +
5871  x('71')) * x('11') * x('21') +
5872  power(x('11'), 2) +
5873  power(x('21'), 2) =l= 1;
5874  con1148..(-2) * cos(-x('61') +
5875  x('70')) * x('11') * x('20') +
5876  power(x('11'), 2) +
5877  power(x('20'), 2) =l= 1;
5878  con1149..(-2) * cos(-x('58') +
5879  x('64')) * x('8') * x('14') +
5880  power(x('8'), 2) +
5881  power(x('14'), 2) =l= 1;
5882  con1150..(-2) * cos(-x('61') +
5883  x('69')) * x('11') * x('19') +
5884  power(x('11'), 2) +
5885  power(x('19'), 2) =l= 1;
5886  con1151..(-2) * cos(-x('61') +
5887  x('68')) * x('11') * x('18') +
5888  power(x('11'), 2) +
5889  power(x('18'), 2) =l= 1;
5890  con1152..(-2) * cos(-x('61') +
5891  x('67')) * x('11') * x('17') +
5892  power(x('11'), 2) +
5893  power(x('17'), 2) =l= 1;
5894  con1153..(-2) * cos(-x('58') +
5895  x('65')) * x('8') * x('15') +
5896  power(x('8'), 2) +
5897  power(x('15'), 2) =l= 1;
5898  con1154..(-2) * cos(-x('61') +
5899  x('66')) * x('11') * x('16') +
5900  power(x('11'), 2) +
5901  power(x('16'), 2) =l= 1;
5902  con1155..(-2) * cos(-x('61') +
5903  x('65')) * x('11') * x('15') +
5904  power(x('11'), 2) +
5905  power(x('15'), 2) =l= 1;
5906  con1156..(-2) * cos(-x('58') +
5907  x('66')) * x('8') * x('16') +
5908  power(x('8'), 2) +
5909  power(x('16'), 2) =l= 1;
5910  con1157..(-2) * cos(-x('61') +
5911  x('64')) * x('11') * x('14') +
5912  power(x('11'), 2) +
5913  power(x('14'), 2) =l= 1;
5914  con1158..(-2) * cos(-x('61') +
5915  x('63')) * x('11') * x('13') +
5916  power(x('11'), 2) +
5917  power(x('13'), 2) =l= 1;
5918  con1159..(-2) * cos(-x('58') +
5919  x('67')) * x('8') * x('17') +
5920  power(x('8'), 2) +
5921  power(x('17'), 2) =l= 1;
5922  con1160..(-2) * cos(-x('61') +
5923  x('62')) * x('11') * x('12') +
5924  power(x('11'), 2) +
5925  power(x('12'), 2) =l= 1;
5926  con1161..(-2) * cos(-x('60') +
5927  x('100')) * x('10') * x('50') +
5928  power(x('10'), 2) +
5929  power(x('50'), 2) =l= 1;
5930  con1162..(-2) * cos(-x('58') +
5931  x('68')) * x('8') * x('18') +
5932  power(x('8'), 2) +
5933  power(x('18'), 2) =l= 1;
5934  con1163..(-2) * cos(-x('60') +
5935  x('99')) * x('10') * x('49') +
5936  power(x('10'), 2) +
5937  power(x('49'), 2) =l= 1;
5938  con1164..(-2) * cos(-x('60') +
5939  x('98')) * x('10') * x('48') +
5940  power(x('10'), 2) +
5941  power(x('48'), 2) =l= 1;
5942  con1165..(-2) * cos(-x('60') +
5943  x('97')) * x('10') * x('47') +
5944  power(x('10'), 2) +
5945  power(x('47'), 2) =l= 1;
5946  con1166..(-2) * cos(-x('58') +
5947  x('69')) * x('8') * x('19') +
5948  power(x('8'), 2) +
5949  power(x('19'), 2) =l= 1;
5950  con1167..(-2) * cos(-x('60') +
5951  x('96')) * x('10') * x('46') +
5952  power(x('10'), 2) +
5953  power(x('46'), 2) =l= 1;
5954  con1168..(-2) * cos(-x('60') +
5955  x('95')) * x('10') * x('45') +
5956  power(x('10'), 2) +
5957  power(x('45'), 2) =l= 1;
5958  con1169..(-2) * cos(-x('58') +
5959  x('70')) * x('8') * x('20') +
5960  power(x('8'), 2) +
5961  power(x('20'), 2) =l= 1;
5962  con1170..(-2) * cos(-x('60') +
5963  x('94')) * x('10') * x('44') +
5964  power(x('10'), 2) +
5965  power(x('44'), 2) =l= 1;
5966  con1171..(-2) * cos(-x('60') +
5967  x('93')) * x('10') * x('43') +
5968  power(x('10'), 2) +
5969  power(x('43'), 2) =l= 1;
5970  con1172..(-2) * cos(-x('58') +
5971  x('71')) * x('8') * x('21') +
5972  power(x('8'), 2) +
5973  power(x('21'), 2) =l= 1;
5974  con1173..(-2) * cos(-x('60') +
5975  x('92')) * x('10') * x('42') +
5976  power(x('10'), 2) +
5977  power(x('42'), 2) =l= 1;
5978  con1174..(-2) * cos(-x('60') +
5979  x('91')) * x('10') * x('41') +
5980  power(x('10'), 2) +
5981  power(x('41'), 2) =l= 1;
5982  con1175..(-2) * cos(-x('58') +
5983  x('72')) * x('8') * x('22') +
5984  power(x('8'), 2) +
5985  power(x('22'), 2) =l= 1;
5986  con1176..(-2) * cos(-x('60') +
5987  x('90')) * x('10') * x('40') +
5988  power(x('10'), 2) +
5989  power(x('40'), 2) =l= 1;
5990  con1177..(-2) * cos(-x('60') +
5991  x('89')) * x('10') * x('39') +
5992  power(x('10'), 2) +
5993  power(x('39'), 2) =l= 1;
5994  con1178..(-2) * cos(-x('60') +
5995  x('88')) * x('10') * x('38') +
5996  power(x('10'), 2) +
5997  power(x('38'), 2) =l= 1;
5998  con1179..(-2) * cos(-x('58') +
5999  x('73')) * x('8') * x('23') +
6000  power(x('8'), 2) +
6001  power(x('23'), 2) =l= 1;
6002  con1180..(-2) * cos(-x('60') +
6003  x('87')) * x('10') * x('37') +
6004  power(x('10'), 2) +
6005  power(x('37'), 2) =l= 1;
6006  con1181..(-2) * cos(-x('60') +
6007  x('86')) * x('10') * x('36') +
6008  power(x('10'), 2) +
6009  power(x('36'), 2) =l= 1;
6010  con1182..(-2) * cos(-x('58') +
6011  x('74')) * x('8') * x('24') +
6012  power(x('8'), 2) +
6013  power(x('24'), 2) =l= 1;
6014  con1183..(-2) * cos(-x('60') +
6015  x('85')) * x('10') * x('35') +
6016  power(x('10'), 2) +
6017  power(x('35'), 2) =l= 1;
6018  con1184..(-2) * cos(-x('60') +
6019  x('84')) * x('10') * x('34') +
6020  power(x('10'), 2) +
6021  power(x('34'), 2) =l= 1;
6022  con1185..(-2) * cos(-x('58') +
6023  x('75')) * x('8') * x('25') +
6024  power(x('8'), 2) +
6025  power(x('25'), 2) =l= 1;
6026  con1186..(-2) * cos(-x('60') +
6027  x('83')) * x('10') * x('33') +
6028  power(x('10'), 2) +
6029  power(x('33'), 2) =l= 1;
6030  con1187..(-2) * cos(-x('60') +
6031  x('82')) * x('10') * x('32') +
6032  power(x('10'), 2) +
6033  power(x('32'), 2) =l= 1;
6034  con1188..(-2) * cos(-x('58') +
6035  x('76')) * x('8') * x('26') +
6036  power(x('8'), 2) +
6037  power(x('26'), 2) =l= 1;
6038  con1189..(-2) * cos(-x('60') +
6039  x('81')) * x('10') * x('31') +
6040  power(x('10'), 2) +
6041  power(x('31'), 2) =l= 1;
6042  con1190..(-2) * cos(-x('60') +
6043  x('80')) * x('10') * x('30') +
6044  power(x('10'), 2) +
6045  power(x('30'), 2) =l= 1;
6046  con1191..(-2) * cos(-x('60') +
6047  x('79')) * x('10') * x('29') +
6048  power(x('10'), 2) +
6049  power(x('29'), 2) =l= 1;
6050  con1192..(-2) * cos(-x('58') +
6051  x('77')) * x('8') * x('27') +
6052  power(x('8'), 2) +
6053  power(x('27'), 2) =l= 1;
6054  con1193..(-2) * cos(-x('60') +
6055  x('78')) * x('10') * x('28') +
6056  power(x('10'), 2) +
6057  power(x('28'), 2) =l= 1;
6058  con1194..(-2) * cos(-x('60') +
6059  x('77')) * x('10') * x('27') +
6060  power(x('10'), 2) +
6061  power(x('27'), 2) =l= 1;
6062  con1195..(-2) * cos(-x('58') +
6063  x('78')) * x('8') * x('28') +
6064  power(x('8'), 2) +
6065  power(x('28'), 2) =l= 1;
6066  con1196..(-2) * cos(-x('60') +
6067  x('76')) * x('10') * x('26') +
6068  power(x('10'), 2) +
6069  power(x('26'), 2) =l= 1;
6070  con1197..(-2) * cos(-x('60') +
6071  x('75')) * x('10') * x('25') +
6072  power(x('10'), 2) +
6073  power(x('25'), 2) =l= 1;
6074  con1198..(-2) * cos(-x('58') +
6075  x('79')) * x('8') * x('29') +
6076  power(x('8'), 2) +
6077  power(x('29'), 2) =l= 1;
6078  con1199..(-2) * cos(-x('60') +
6079  x('74')) * x('10') * x('24') +
6080  power(x('10'), 2) +
6081  power(x('24'), 2) =l= 1;
6082  con1200..(-2) * cos(-x('60') +
6083  x('73')) * x('10') * x('23') +
6084  power(x('10'), 2) +
6085  power(x('23'), 2) =l= 1;
6086  con1201..(-2) * cos(-x('58') +
6087  x('80')) * x('8') * x('30') +
6088  power(x('8'), 2) +
6089  power(x('30'), 2) =l= 1;
6090  con1202..(-2) * cos(-x('60') +
6091  x('72')) * x('10') * x('22') +
6092  power(x('10'), 2) +
6093  power(x('22'), 2) =l= 1;
6094  con1203..(-2) * cos(-x('60') +
6095  x('71')) * x('10') * x('21') +
6096  power(x('10'), 2) +
6097  power(x('21'), 2) =l= 1;
6098  con1204..(-2) * cos(-x('60') +
6099  x('70')) * x('10') * x('20') +
6100  power(x('10'), 2) +
6101  power(x('20'), 2) =l= 1;
6102  con1205..(-2) * cos(-x('58') +
6103  x('81')) * x('8') * x('31') +
6104  power(x('8'), 2) +
6105  power(x('31'), 2) =l= 1;
6106  con1206..(-2) * cos(-x('60') +
6107  x('69')) * x('10') * x('19') +
6108  power(x('10'), 2) +
6109  power(x('19'), 2) =l= 1;
6110  con1207..(-2) * cos(-x('60') +
6111  x('68')) * x('10') * x('18') +
6112  power(x('10'), 2) +
6113  power(x('18'), 2) =l= 1;
6114  con1208..(-2) * cos(-x('58') +
6115  x('82')) * x('8') * x('32') +
6116  power(x('8'), 2) +
6117  power(x('32'), 2) =l= 1;
6118  con1209..(-2) * cos(-x('60') +
6119  x('67')) * x('10') * x('17') +
6120  power(x('10'), 2) +
6121  power(x('17'), 2) =l= 1;
6122  con1210..(-2) * cos(-x('60') +
6123  x('66')) * x('10') * x('16') +
6124  power(x('10'), 2) +
6125  power(x('16'), 2) =l= 1;
6126  con1211..(-2) * cos(-x('58') +
6127  x('83')) * x('8') * x('33') +
6128  power(x('8'), 2) +
6129  power(x('33'), 2) =l= 1;
6130  con1212..(-2) * cos(-x('60') +
6131  x('65')) * x('10') * x('15') +
6132  power(x('10'), 2) +
6133  power(x('15'), 2) =l= 1;
6134  con1213..(-2) * cos(-x('60') +
6135  x('64')) * x('10') * x('14') +
6136  power(x('10'), 2) +
6137  power(x('14'), 2) =l= 1;
6138  con1214..(-2) * cos(-x('58') +
6139  x('84')) * x('8') * x('34') +
6140  power(x('8'), 2) +
6141  power(x('34'), 2) =l= 1;
6142  con1215..(-2) * cos(-x('60') +
6143  x('63')) * x('10') * x('13') +
6144  power(x('10'), 2) +
6145  power(x('13'), 2) =l= 1;
6146  con1216..(-2) * cos(-x('60') +
6147  x('62')) * x('10') * x('12') +
6148  power(x('10'), 2) +
6149  power(x('12'), 2) =l= 1;
6150  con1217..(-2) * cos(-x('60') +
6151  x('61')) * x('10') * x('11') +
6152  power(x('10'), 2) +
6153  power(x('11'), 2) =l= 1;
6154  con1218..(-2) * cos(-x('58') +
6155  x('85')) * x('8') * x('35') +
6156  power(x('8'), 2) +
6157  power(x('35'), 2) =l= 1;
6158  con1219..(-2) * cos(-x('59') +
6159  x('100')) * x('9') * x('50') +
6160  power(x('9'), 2) +
6161  power(x('50'), 2) =l= 1;
6162  con1220..(-2) * cos(-x('59') +
6163  x('99')) * x('9') * x('49') +
6164  power(x('9'), 2) +
6165  power(x('49'), 2) =l= 1;
6166  con1221..(-2) * cos(-x('58') +
6167  x('86')) * x('8') * x('36') +
6168  power(x('8'), 2) +
6169  power(x('36'), 2) =l= 1;
6170  con1222..(-2) * cos(-x('59') +
6171  x('98')) * x('9') * x('48') +
6172  power(x('9'), 2) +
6173  power(x('48'), 2) =l= 1;
6174  con1223..(-2) * cos(-x('59') +
6175  x('97')) * x('9') * x('47') +
6176  power(x('9'), 2) +
6177  power(x('47'), 2) =l= 1;
6178  con1224..(-2) * cos(-x('58') +
6179  x('87')) * x('8') * x('37') +
6180  power(x('8'), 2) +
6181  power(x('37'), 2) =l= 1;
6182  con1225..(-2) * cos(-x('59') +
6183  x('96')) * x('9') * x('46') +
6184  power(x('9'), 2) +
6185  power(x('46'), 2) =l= 1;
6186  con1226..(-2) * cos(-x('59') +
6187  x('95')) * x('9') * x('45') +
6188  power(x('9'), 2) +
6189  power(x('45'), 2) =l= 1;
6190  con1227..(-2) * cos(-x('58') +
6191  x('88')) * x('8') * x('38') +
6192  power(x('8'), 2) +
6193  power(x('38'), 2) =l= 1;
6194  con1228..(-2) * cos(-x('59') +
6195  x('94')) * x('9') * x('44') +
6196  power(x('9'), 2) +
6197  power(x('44'), 2) =l= 1;
6198  con1229..(-2) * cos(-x('59') +
6199  x('93')) * x('9') * x('43') +
6200  power(x('9'), 2) +
6201  power(x('43'), 2) =l= 1;
6202  con1230..(-2) * cos(-x('59') +
6203  x('92')) * x('9') * x('42') +
6204  power(x('9'), 2) +
6205  power(x('42'), 2) =l= 1;
6206  con1231..(-2) * cos(-x('58') +
6207  x('89')) * x('8') * x('39') +
6208  power(x('8'), 2) +
6209  power(x('39'), 2) =l= 1;
6210  con1232..(-2) * cos(-x('59') +
6211  x('91')) * x('9') * x('41') +
6212  power(x('9'), 2) +
6213  power(x('41'), 2) =l= 1;
6214  con1233..(-2) * cos(-x('59') +
6215  x('90')) * x('9') * x('40') +
6216  power(x('9'), 2) +
6217  power(x('40'), 2) =l= 1;
6218  con1234..(-2) * cos(-x('58') +
6219  x('90')) * x('8') * x('40') +
6220  power(x('8'), 2) +
6221  power(x('40'), 2) =l= 1;
6222  con1235..(-2) * cos(-x('59') +
6223  x('89')) * x('9') * x('39') +
6224  power(x('9'), 2) +
6225  power(x('39'), 2) =l= 1;
6226  con1236..(-2) * cos(-x('59') +
6227  x('88')) * x('9') * x('38') +
6228  power(x('9'), 2) +
6229  power(x('38'), 2) =l= 1;
6230  con1237..(-2) * cos(-x('58') +
6231  x('91')) * x('8') * x('41') +
6232  power(x('8'), 2) +
6233  power(x('41'), 2) =l= 1;
6234  con1238..(-2) * cos(-x('59') +
6235  x('87')) * x('9') * x('37') +
6236  power(x('9'), 2) +
6237  power(x('37'), 2) =l= 1;
6238  con1239..(-2) * cos(-x('59') +
6239  x('86')) * x('9') * x('36') +
6240  power(x('9'), 2) +
6241  power(x('36'), 2) =l= 1;
6242  con1240..(-2) * cos(-x('58') +
6243  x('92')) * x('8') * x('42') +
6244  power(x('8'), 2) +
6245  power(x('42'), 2) =l= 1;
6246  con1241..(-2) * cos(-x('59') +
6247  x('85')) * x('9') * x('35') +
6248  power(x('9'), 2) +
6249  power(x('35'), 2) =l= 1;
6250  con1242..(-2) * cos(-x('59') +
6251  x('84')) * x('9') * x('34') +
6252  power(x('9'), 2) +
6253  power(x('34'), 2) =l= 1;
6254  con1243..(-2) * cos(-x('59') +
6255  x('83')) * x('9') * x('33') +
6256  power(x('9'), 2) +
6257  power(x('33'), 2) =l= 1;
6258  con1244..(-2) * cos(-x('58') +
6259  x('93')) * x('8') * x('43') +
6260  power(x('8'), 2) +
6261  power(x('43'), 2) =l= 1;
6262  con1245..(-2) * cos(-x('59') +
6263  x('82')) * x('9') * x('32') +
6264  power(x('9'), 2) +
6265  power(x('32'), 2) =l= 1;
6266  con1246..(-2) * cos(-x('59') +
6267  x('81')) * x('9') * x('31') +
6268  power(x('9'), 2) +
6269  power(x('31'), 2) =l= 1;
6270  con1247..(-2) * cos(-x('58') +
6271  x('94')) * x('8') * x('44') +
6272  power(x('8'), 2) +
6273  power(x('44'), 2) =l= 1;
6274  con1248..(-2) * cos(-x('59') +
6275  x('80')) * x('9') * x('30') +
6276  power(x('9'), 2) +
6277  power(x('30'), 2) =l= 1;
6278  con1249..(-2) * cos(-x('59') +
6279  x('79')) * x('9') * x('29') +
6280  power(x('9'), 2) +
6281  power(x('29'), 2) =l= 1;
6282  con1250..(-2) * cos(-x('58') +
6283  x('95')) * x('8') * x('45') +
6284  power(x('8'), 2) +
6285  power(x('45'), 2) =l= 1;
6286  con1251..(-2) * cos(-x('59') +
6287  x('78')) * x('9') * x('28') +
6288  power(x('9'), 2) +
6289  power(x('28'), 2) =l= 1;
6290  con1252..(-2) * cos(-x('59') +
6291  x('77')) * x('9') * x('27') +
6292  power(x('9'), 2) +
6293  power(x('27'), 2) =l= 1;
6294  con1253..(-2) * cos(-x('58') +
6295  x('96')) * x('8') * x('46') +
6296  power(x('8'), 2) +
6297  power(x('46'), 2) =l= 1;
6298  con1254..(-2) * cos(-x('59') +
6299  x('76')) * x('9') * x('26') +
6300  power(x('9'), 2) +
6301  power(x('26'), 2) =l= 1;
6302  con1255..(-2) * cos(-x('59') +
6303  x('75')) * x('9') * x('25') +
6304  power(x('9'), 2) +
6305  power(x('25'), 2) =l= 1;
6306  con1256..(-2) * cos(-x('59') +
6307  x('74')) * x('9') * x('24') +
6308  power(x('9'), 2) +
6309  power(x('24'), 2) =l= 1;
6310  con1257..(-2) * cos(-x('58') +
6311  x('97')) * x('8') * x('47') +
6312  power(x('8'), 2) +
6313  power(x('47'), 2) =l= 1;
6314  con1258..(-2) * cos(-x('59') +
6315  x('73')) * x('9') * x('23') +
6316  power(x('9'), 2) +
6317  power(x('23'), 2) =l= 1;
6318  con1259..(-2) * cos(-x('59') +
6319  x('72')) * x('9') * x('22') +
6320  power(x('9'), 2) +
6321  power(x('22'), 2) =l= 1;
6322  con1260..(-2) * cos(-x('58') +
6323  x('98')) * x('8') * x('48') +
6324  power(x('8'), 2) +
6325  power(x('48'), 2) =l= 1;
6326  con1261..(-2) * cos(-x('59') +
6327  x('71')) * x('9') * x('21') +
6328  power(x('9'), 2) +
6329  power(x('21'), 2) =l= 1;
6330  con1262..(-2) * cos(-x('59') +
6331  x('70')) * x('9') * x('20') +
6332  power(x('9'), 2) +
6333  power(x('20'), 2) =l= 1;
6334  con1263..(-2) * cos(-x('58') +
6335  x('99')) * x('8') * x('49') +
6336  power(x('8'), 2) +
6337  power(x('49'), 2) =l= 1;
6338  con1264..(-2) * cos(-x('59') +
6339  x('69')) * x('9') * x('19') +
6340  power(x('9'), 2) +
6341  power(x('19'), 2) =l= 1;
6342  con1265..(-2) * cos(-x('59') +
6343  x('68')) * x('9') * x('18') +
6344  power(x('9'), 2) +
6345  power(x('18'), 2) =l= 1;
6346  con1266..(-2) * cos(-x('58') +
6347  x('100')) * x('8') * x('50') +
6348  power(x('8'), 2) +
6349  power(x('50'), 2) =l= 1;
6350  con1267..(-2) * cos(-x('59') +
6351  x('67')) * x('9') * x('17') +
6352  power(x('9'), 2) +
6353  power(x('17'), 2) =l= 1;
6354  con1268..(-2) * cos(-x('59') +
6355  x('66')) * x('9') * x('16') +
6356  power(x('9'), 2) +
6357  power(x('16'), 2) =l= 1;
6358  con1269..(-2) * cos(-x('59') +
6359  x('65')) * x('9') * x('15') +
6360  power(x('9'), 2) +
6361  power(x('15'), 2) =l= 1;
6362  con1270..(-2) * cos(-x('59') +
6363  x('60')) * x('9') * x('10') +
6364  power(x('9'), 2) +
6365  power(x('10'), 2) =l= 1;
6366  con1271..(-2) * cos(-x('59') +
6367  x('64')) * x('9') * x('14') +
6368  power(x('9'), 2) +
6369  power(x('14'), 2) =l= 1;
6370  con1272..(-2) * cos(-x('59') +
6371  x('63')) * x('9') * x('13') +
6372  power(x('9'), 2) +
6373  power(x('13'), 2) =l= 1;
6374  con1273..(-2) * cos(-x('59') +
6375  x('61')) * x('9') * x('11') +
6376  power(x('9'), 2) +
6377  power(x('11'), 2) =l= 1;
6378  con1274..(-2) * cos(-x('59') +
6379  x('62')) * x('9') * x('12') +
6380  power(x('9'), 2) +
6381  power(x('12'), 2) =l= 1;
6382  x.lo('50')=0;
6383  x.up('50')=0;
6384  x.lo('100')=3.14159265358979;
6385  x.up('100')=3.14159265358979;
6386  x.lo('1')=0;
6387  x.up('1')=1;
6388  x.lo('2')=0;
6389  x.up('2')=1;
6390  x.lo('3')=0;
6391  x.up('3')=1;
6392  x.lo('4')=0;
6393  x.up('4')=1;
6394  x.lo('5')=0;
6395  x.up('5')=1;
6396  x.lo('6')=0;
6397  x.up('6')=1;
6398  x.lo('7')=0;
6399  x.up('7')=1;
6400  x.lo('8')=0;
6401  x.up('8')=1;
6402  x.lo('9')=0;
6403  x.up('9')=1;
6404  x.lo('10')=0;
6405  x.up('10')=1;
6406  x.lo('11')=0;
6407  x.up('11')=1;
6408  x.lo('12')=0;
6409  x.up('12')=1;
6410  x.lo('13')=0;
6411  x.up('13')=1;
6412  x.lo('14')=0;
6413  x.up('14')=1;
6414  x.lo('15')=0;
6415  x.up('15')=1;
6416  x.lo('16')=0;
6417  x.up('16')=1;
6418  x.lo('17')=0;
6419  x.up('17')=1;
6420  x.lo('18')=0;
6421  x.up('18')=1;
6422  x.lo('19')=0;
6423  x.up('19')=1;
6424  x.lo('20')=0;
6425  x.up('20')=1;
6426  x.lo('21')=0;
6427  x.up('21')=1;
6428  x.lo('22')=0;
6429  x.up('22')=1;
6430  x.lo('23')=0;
6431  x.up('23')=1;
6432  x.lo('24')=0;
6433  x.up('24')=1;
6434  x.lo('25')=0;
6435  x.up('25')=1;
6436  x.lo('26')=0;
6437  x.up('26')=1;
6438  x.lo('27')=0;
6439  x.up('27')=1;
6440  x.lo('28')=0;
6441  x.up('28')=1;
6442  x.lo('29')=0;
6443  x.up('29')=1;
6444  x.lo('30')=0;
6445  x.up('30')=1;
6446  x.lo('31')=0;
6447  x.up('31')=1;
6448  x.lo('32')=0;
6449  x.up('32')=1;
6450  x.lo('33')=0;
6451  x.up('33')=1;
6452  x.lo('34')=0;
6453  x.up('34')=1;
6454  x.lo('35')=0;
6455  x.up('35')=1;
6456  x.lo('36')=0;
6457  x.up('36')=1;
6458  x.lo('37')=0;
6459  x.up('37')=1;
6460  x.lo('38')=0;
6461  x.up('38')=1;
6462  x.lo('39')=0;
6463  x.up('39')=1;
6464  x.lo('40')=0;
6465  x.up('40')=1;
6466  x.lo('41')=0;
6467  x.up('41')=1;
6468  x.lo('42')=0;
6469  x.up('42')=1;
6470  x.lo('43')=0;
6471  x.up('43')=1;
6472  x.lo('44')=0;
6473  x.up('44')=1;
6474  x.lo('45')=0;
6475  x.up('45')=1;
6476  x.lo('46')=0;
6477  x.up('46')=1;
6478  x.lo('47')=0;
6479  x.up('47')=1;
6480  x.lo('48')=0;
6481  x.up('48')=1;
6482  x.lo('49')=0;
6483  x.up('49')=1;
6484  x.lo('51')=0;
6485  x.up('51')=3.14159265358979;
6486  x.lo('52')=0;
6487  x.up('52')=3.14159265358979;
6488  x.lo('53')=0;
6489  x.up('53')=3.14159265358979;
6490  x.lo('54')=0;
6491  x.up('54')=3.14159265358979;
6492  x.lo('55')=0;
6493  x.up('55')=3.14159265358979;
6494  x.lo('56')=0;
6495  x.up('56')=3.14159265358979;
6496  x.lo('57')=0;
6497  x.up('57')=3.14159265358979;
6498  x.lo('58')=0;
6499  x.up('58')=3.14159265358979;
6500  x.lo('59')=0;
6501  x.up('59')=3.14159265358979;
6502  x.lo('60')=0;
6503  x.up('60')=3.14159265358979;
6504  x.lo('61')=0;
6505  x.up('61')=3.14159265358979;
6506  x.lo('62')=0;
6507  x.up('62')=3.14159265358979;
6508  x.lo('63')=0;
6509  x.up('63')=3.14159265358979;
6510  x.lo('64')=0;
6511  x.up('64')=3.14159265358979;
6512  x.lo('65')=0;
6513  x.up('65')=3.14159265358979;
6514  x.lo('66')=0;
6515  x.up('66')=3.14159265358979;
6516  x.lo('67')=0;
6517  x.up('67')=3.14159265358979;
6518  x.lo('68')=0;
6519  x.up('68')=3.14159265358979;
6520  x.lo('69')=0;
6521  x.up('69')=3.14159265358979;
6522  x.lo('70')=0;
6523  x.up('70')=3.14159265358979;
6524  x.lo('71')=0;
6525  x.up('71')=3.14159265358979;
6526  x.lo('72')=0;
6527  x.up('72')=3.14159265358979;
6528  x.lo('73')=0;
6529  x.up('73')=3.14159265358979;
6530  x.lo('74')=0;
6531  x.up('74')=3.14159265358979;
6532  x.lo('75')=0;
6533  x.up('75')=3.14159265358979;
6534  x.lo('76')=0;
6535  x.up('76')=3.14159265358979;
6536  x.lo('77')=0;
6537  x.up('77')=3.14159265358979;
6538  x.lo('78')=0;
6539  x.up('78')=3.14159265358979;
6540  x.lo('79')=0;
6541  x.up('79')=3.14159265358979;
6542  x.lo('80')=0;
6543  x.up('80')=3.14159265358979;
6544  x.lo('81')=0;
6545  x.up('81')=3.14159265358979;
6546  x.lo('82')=0;
6547  x.up('82')=3.14159265358979;
6548  x.lo('83')=0;
6549  x.up('83')=3.14159265358979;
6550  x.lo('84')=0;
6551  x.up('84')=3.14159265358979;
6552  x.lo('85')=0;
6553  x.up('85')=3.14159265358979;
6554  x.lo('86')=0;
6555  x.up('86')=3.14159265358979;
6556  x.lo('87')=0;
6557  x.up('87')=3.14159265358979;
6558  x.lo('88')=0;
6559  x.up('88')=3.14159265358979;
6560  x.lo('89')=0;
6561  x.up('89')=3.14159265358979;
6562  x.lo('90')=0;
6563  x.up('90')=3.14159265358979;
6564  x.lo('91')=0;
6565  x.up('91')=3.14159265358979;
6566  x.lo('92')=0;
6567  x.up('92')=3.14159265358979;
6568  x.lo('93')=0;
6569  x.up('93')=3.14159265358979;
6570  x.lo('94')=0;
6571  x.up('94')=3.14159265358979;
6572  x.lo('95')=0;
6573  x.up('95')=3.14159265358979;
6574  x.lo('96')=0;
6575  x.up('96')=3.14159265358979;
6576  x.lo('97')=0;
6577  x.up('97')=3.14159265358979;
6578  x.lo('98')=0;
6579  x.up('98')=3.14159265358979;
6580  x.lo('99')=0;
6581  x.up('99')=3.14159265358979;
6582  Model m/All/;
6583  m.workspace = 32;
6584  m.optfile = 1;options nlp=convert;
6585  Solve m using nlp minimizing obj;
6586  display x.l, obj.l;
6587   
6588   
6589   


COMPILATION TIME     =        0.016 SECONDS      3 MB  53.5.1 f2e5fac3 WEX-WEI
GAMS 53.5.1  f2e5fac3 May 20, 2026          WEX-WEI x86 64bit/MS Windows - 06/14/26 21:50:18 Page 2
G e n e r a l   A l g e b r a i c   M o d e l i n g   S y s t e m
Equation Listing    SOLVE m Using NLP From line 6585


---- objcon  =E=  

objcon..  (0)*x(1) + (0)*x(2) + (0)*x(3) + (0)*x(4) + (0)*x(5) + (0)*x(6) + (0)*x(7) + (0)*x(8) + (0)*x(9) + (0)*x(10) + (0)*x(11) + (0)*x(12) + (0)*x(13) + (0)*x(14) + (0)*x(15) + (0)*x(16) + (0)*x(17) + (0)*x(18) + (0)*x(19) + (0)*x(20) + (0)*x(21) + (0)*x(22) + (0)*x(23) + (0)*x(24) + (0)*x(25) + (0)*x(26) + (0)*x(27) + (0)*x(28) + (0)*x(29) + (0)*x(30) + (0)*x(31) + (0)*x(32) + (0)*x(33) + (0)*x(34) + (0)*x(35) + (0)*x(36) + (0)*x(37) + (0)*x(38) + (0)*x(39) + (0)*x(40) + (0)*x(41) + (0)*x(42) + (0)*x(43) + (0)*x(44) + (0)*x(45) + (0)*x(46) + (0)*x(47) + (0)*x(48) + (0)*x(49) + (0)*x(50) + (0)*x(51) + (0)*x(52) + (0)*x(53) + (0)*x(54) + (0)*x(55) + (0)*x(56) + (0)*x(57) + (0)*x(58) + (0)*x(59) + (0)*x(60) + (0)*x(61) + (0)*x(62) + (0)*x(63) + (0)*x(64) + (0)*x(65) + (0)*x(66) + (0)*x(67) + (0)*x(68) + (0)*x(69) + (0)*x(70) + (0)*x(71) + (0)*x(72) + (0)*x(73) + (0)*x(74) + (0)*x(75) + (0)*x(76) + (0)*x(77) + (0)*x(78) + (0)*x(79) + (0)*x(80) + (0)*x(81) + (0)*x(82) + (0)*x(83) + (0)*x(84) + (0)*x(85) + (0)*x(86) + (0)*x(87) + (0)*x(88) + (0)*x(89) + (0)*x(90) + (0)*x(91) + (0)*x(92) + (0)*x(93) + (0)*x(94) + (0)*x(95) + (0)*x(96) + (0)*x(97) + (0)*x(98) + (0)*x(99) + (0)*x(100) + obj =E= 0 ; (LHS = 0)
     

---- con1  =L=  

con1..  x(99) - x(100) =L= 0 ; (LHS = -3.14159265358979)
     

---- con2  =L=  

con2..  x(98) - x(99) =L= 0 ; (LHS = 0)
     

---- con3  =L=  

con3..  x(97) - x(98) =L= 0 ; (LHS = 0)
     

---- con4  =L=  

con4..  x(96) - x(97) =L= 0 ; (LHS = 0)
     

---- con5  =L=  

con5..  x(95) - x(96) =L= 0 ; (LHS = 0)
     

---- con6  =L=  

con6..  x(94) - x(95) =L= 0 ; (LHS = 0)
     

---- con7  =L=  

con7..  x(93) - x(94) =L= 0 ; (LHS = 0)
     

---- con8  =L=  

con8..  x(92) - x(93) =L= 0 ; (LHS = 0)
     

---- con9  =L=  

con9..  x(91) - x(92) =L= 0 ; (LHS = 0)
     

---- con10  =L=  

con10..  x(90) - x(91) =L= 0 ; (LHS = 0)
     

---- con11  =L=  

con11..  x(89) - x(90) =L= 0 ; (LHS = 0)
     

---- con12  =L=  

con12..  x(88) - x(89) =L= 0 ; (LHS = 0)
     

---- con13  =L=  

con13..  x(87) - x(88) =L= 0 ; (LHS = 0)
     

---- con14  =L=  

con14..  x(86) - x(87) =L= 0 ; (LHS = 0)
     

---- con15  =L=  

con15..  x(85) - x(86) =L= 0 ; (LHS = 0)
     

---- con16  =L=  

con16..  x(84) - x(85) =L= 0 ; (LHS = 0)
     

---- con17  =L=  

con17..  x(83) - x(84) =L= 0 ; (LHS = 0)
     

---- con18  =L=  

con18..  x(82) - x(83) =L= 0 ; (LHS = 0)
     

---- con19  =L=  

con19..  x(81) - x(82) =L= 0 ; (LHS = 0)
     

---- con20  =L=  

con20..  x(80) - x(81) =L= 0 ; (LHS = 0)
     

---- con21  =L=  

con21..  x(79) - x(80) =L= 0 ; (LHS = 0)
     

---- con22  =L=  

con22..  x(78) - x(79) =L= 0 ; (LHS = 0)
     

---- con23  =L=  

con23..  x(77) - x(78) =L= 0 ; (LHS = 0)
     

---- con24  =L=  

con24..  x(76) - x(77) =L= 0 ; (LHS = 0)
     

---- con25  =L=  

con25..  x(75) - x(76) =L= 0 ; (LHS = 0)
     

---- con26  =L=  

con26..  x(74) - x(75) =L= 0 ; (LHS = 0)
     

---- con27  =L=  

con27..  x(73) - x(74) =L= 0 ; (LHS = 0)
     

---- con28  =L=  

con28..  x(72) - x(73) =L= 0 ; (LHS = 0)
     

---- con29  =L=  

con29..  x(71) - x(72) =L= 0 ; (LHS = 0)
     

---- con30  =L=  

con30..  x(70) - x(71) =L= 0 ; (LHS = 0)
     

---- con31  =L=  

con31..  x(69) - x(70) =L= 0 ; (LHS = 0)
     

---- con32  =L=  

con32..  x(68) - x(69) =L= 0 ; (LHS = 0)
     

---- con33  =L=  

con33..  x(67) - x(68) =L= 0 ; (LHS = 0)
     

---- con34  =L=  

con34..  x(66) - x(67) =L= 0 ; (LHS = 0)
     

---- con35  =L=  

con35..  x(65) - x(66) =L= 0 ; (LHS = 0)
     

---- con36  =L=  

con36..  x(64) - x(65) =L= 0 ; (LHS = 0)
     

---- con37  =L=  

con37..  x(63) - x(64) =L= 0 ; (LHS = 0)
     

---- con38  =L=  

con38..  x(62) - x(63) =L= 0 ; (LHS = 0)
     

---- con39  =L=  

con39..  x(61) - x(62) =L= 0 ; (LHS = 0)
     

---- con40  =L=  

con40..  x(60) - x(61) =L= 0 ; (LHS = 0)
     

---- con41  =L=  

con41..  x(59) - x(60) =L= 0 ; (LHS = 0)
     

---- con42  =L=  

con42..  x(58) - x(59) =L= 0 ; (LHS = 0)
     

---- con43  =L=  

con43..  x(57) - x(58) =L= 0 ; (LHS = 0)
     

---- con44  =L=  

con44..  x(56) - x(57) =L= 0 ; (LHS = 0)
     

---- con45  =L=  

con45..  x(55) - x(56) =L= 0 ; (LHS = 0)
     

---- con46  =L=  

con46..  x(54) - x(55) =L= 0 ; (LHS = 0)
     

---- con47  =L=  

con47..  x(53) - x(54) =L= 0 ; (LHS = 0)
     

---- con48  =L=  

con48..  x(52) - x(53) =L= 0 ; (LHS = 0)
     

---- con49  =L=  

con49..  x(51) - x(52) =L= 0 ; (LHS = 0)
     

---- con50  =L=  

con50..  (0)*x(49) + (0)*x(50) + (0)*x(99) + (0)*x(100) =L= 1 ; (LHS = 0)
     

---- con51  =L=  

con51..  (0)*x(48) + (0)*x(50) + (0)*x(98) + (0)*x(100) =L= 1 ; (LHS = 0)
     

---- con52  =L=  

con52..  (0)*x(48) + (0)*x(49) + (0)*x(98) + (0)*x(99) =L= 1 ; (LHS = 0)
     

---- con53  =L=  

con53..  (0)*x(47) + (0)*x(50) + (0)*x(97) + (0)*x(100) =L= 1 ; (LHS = 0)
     

---- con54  =L=  

con54..  (0)*x(47) + (0)*x(49) + (0)*x(97) + (0)*x(99) =L= 1 ; (LHS = 0)
     

---- con55  =L=  

con55..  (0)*x(47) + (0)*x(48) + (0)*x(97) + (0)*x(98) =L= 1 ; (LHS = 0)
     

---- con56  =L=  

con56..  (0)*x(46) + (0)*x(50) + (0)*x(96) + (0)*x(100) =L= 1 ; (LHS = 0)
     

---- con57  =L=  

con57..  (0)*x(46) + (0)*x(49) + (0)*x(96) + (0)*x(99) =L= 1 ; (LHS = 0)
     

---- con58  =L=  

con58..  (0)*x(46) + (0)*x(48) + (0)*x(96) + (0)*x(98) =L= 1 ; (LHS = 0)
     

---- con59  =L=  

con59..  (0)*x(46) + (0)*x(47) + (0)*x(96) + (0)*x(97) =L= 1 ; (LHS = 0)
     

---- con60  =L=  

con60..  (0)*x(45) + (0)*x(50) + (0)*x(95) + (0)*x(100) =L= 1 ; (LHS = 0)
     

---- con61  =L=  

con61..  (0)*x(45) + (0)*x(49) + (0)*x(95) + (0)*x(99) =L= 1 ; (LHS = 0)
     

---- con62  =L=  

con62..  (0)*x(45) + (0)*x(48) + (0)*x(95) + (0)*x(98) =L= 1 ; (LHS = 0)
     

---- con63  =L=  

con63..  (0)*x(45) + (0)*x(47) + (0)*x(95) + (0)*x(97) =L= 1 ; (LHS = 0)
     

---- con64  =L=  

con64..  (0)*x(45) + (0)*x(46) + (0)*x(95) + (0)*x(96) =L= 1 ; (LHS = 0)
     

---- con65  =L=  

con65..  (0)*x(44) + (0)*x(50) + (0)*x(94) + (0)*x(100) =L= 1 ; (LHS = 0)
     

---- con66  =L=  

con66..  (0)*x(44) + (0)*x(49) + (0)*x(94) + (0)*x(99) =L= 1 ; (LHS = 0)
     

---- con67  =L=  

con67..  (0)*x(44) + (0)*x(48) + (0)*x(94) + (0)*x(98) =L= 1 ; (LHS = 0)
     

---- con68  =L=  

con68..  (0)*x(44) + (0)*x(47) + (0)*x(94) + (0)*x(97) =L= 1 ; (LHS = 0)
     

---- con69  =L=  

con69..  (0)*x(44) + (0)*x(46) + (0)*x(94) + (0)*x(96) =L= 1 ; (LHS = 0)
     

---- con70  =L=  

con70..  (0)*x(44) + (0)*x(45) + (0)*x(94) + (0)*x(95) =L= 1 ; (LHS = 0)
     

---- con71  =L=  

con71..  (0)*x(43) + (0)*x(50) + (0)*x(93) + (0)*x(100) =L= 1 ; (LHS = 0)
     

---- con72  =L=  

con72..  (0)*x(43) + (0)*x(49) + (0)*x(93) + (0)*x(99) =L= 1 ; (LHS = 0)
     

---- con73  =L=  

con73..  (0)*x(43) + (0)*x(48) + (0)*x(93) + (0)*x(98) =L= 1 ; (LHS = 0)
     

---- con74  =L=  

con74..  (0)*x(43) + (0)*x(47) + (0)*x(93) + (0)*x(97) =L= 1 ; (LHS = 0)
     

---- con75  =L=  

con75..  (0)*x(43) + (0)*x(46) + (0)*x(93) + (0)*x(96) =L= 1 ; (LHS = 0)
     

---- con76  =L=  

con76..  (0)*x(43) + (0)*x(45) + (0)*x(93) + (0)*x(95) =L= 1 ; (LHS = 0)
     

---- con77  =L=  

con77..  (0)*x(43) + (0)*x(44) + (0)*x(93) + (0)*x(94) =L= 1 ; (LHS = 0)
     

---- con78  =L=  

con78..  (0)*x(42) + (0)*x(50) + (0)*x(92) + (0)*x(100) =L= 1 ; (LHS = 0)
     

---- con79  =L=  

con79..  (0)*x(42) + (0)*x(49) + (0)*x(92) + (0)*x(99) =L= 1 ; (LHS = 0)
     

---- con80  =L=  

con80..  (0)*x(42) + (0)*x(48) + (0)*x(92) + (0)*x(98) =L= 1 ; (LHS = 0)
     

---- con81  =L=  

con81..  (0)*x(42) + (0)*x(47) + (0)*x(92) + (0)*x(97) =L= 1 ; (LHS = 0)
     

---- con82  =L=  

con82..  (0)*x(42) + (0)*x(46) + (0)*x(92) + (0)*x(96) =L= 1 ; (LHS = 0)
     

---- con83  =L=  

con83..  (0)*x(42) + (0)*x(45) + (0)*x(92) + (0)*x(95) =L= 1 ; (LHS = 0)
     

---- con84  =L=  

con84..  (0)*x(42) + (0)*x(44) + (0)*x(92) + (0)*x(94) =L= 1 ; (LHS = 0)
     

---- con85  =L=  

con85..  (0)*x(42) + (0)*x(43) + (0)*x(92) + (0)*x(93) =L= 1 ; (LHS = 0)
     

---- con86  =L=  

con86..  (0)*x(41) + (0)*x(50) + (0)*x(91) + (0)*x(100) =L= 1 ; (LHS = 0)
     

---- con87  =L=  

con87..  (0)*x(41) + (0)*x(49) + (0)*x(91) + (0)*x(99) =L= 1 ; (LHS = 0)
     

---- con88  =L=  

con88..  (0)*x(41) + (0)*x(48) + (0)*x(91) + (0)*x(98) =L= 1 ; (LHS = 0)
     

---- con89  =L=  

con89..  (0)*x(41) + (0)*x(47) + (0)*x(91) + (0)*x(97) =L= 1 ; (LHS = 0)
     

---- con90  =L=  

con90..  (0)*x(41) + (0)*x(46) + (0)*x(91) + (0)*x(96) =L= 1 ; (LHS = 0)
     

---- con91  =L=  

con91..  (0)*x(41) + (0)*x(45) + (0)*x(91) + (0)*x(95) =L= 1 ; (LHS = 0)
     

---- con92  =L=  

con92..  (0)*x(41) + (0)*x(44) + (0)*x(91) + (0)*x(94) =L= 1 ; (LHS = 0)
     

---- con93  =L=  

con93..  (0)*x(41) + (0)*x(43) + (0)*x(91) + (0)*x(93) =L= 1 ; (LHS = 0)
     

---- con94  =L=  

con94..  (0)*x(41) + (0)*x(42) + (0)*x(91) + (0)*x(92) =L= 1 ; (LHS = 0)
     

---- con95  =L=  

con95..  (0)*x(40) + (0)*x(50) + (0)*x(90) + (0)*x(100) =L= 1 ; (LHS = 0)
     

---- con96  =L=  

con96..  (0)*x(40) + (0)*x(49) + (0)*x(90) + (0)*x(99) =L= 1 ; (LHS = 0)
     

---- con97  =L=  

con97..  (0)*x(40) + (0)*x(48) + (0)*x(90) + (0)*x(98) =L= 1 ; (LHS = 0)
     

---- con98  =L=  

con98..  (0)*x(40) + (0)*x(47) + (0)*x(90) + (0)*x(97) =L= 1 ; (LHS = 0)
     

---- con99  =L=  

con99..  (0)*x(1) + (0)*x(2) + (0)*x(51) + (0)*x(52) =L= 1 ; (LHS = 0)
     

---- con100  =L=  

con100..  (0)*x(40) + (0)*x(46) + (0)*x(90) + (0)*x(96) =L= 1 ; (LHS = 0)
     

---- con101  =L=  

con101..  (0)*x(40) + (0)*x(45) + (0)*x(90) + (0)*x(95) =L= 1 ; (LHS = 0)
     

---- con102  =L=  

con102..  (0)*x(1) + (0)*x(3) + (0)*x(51) + (0)*x(53) =L= 1 ; (LHS = 0)
     

---- con103  =L=  

con103..  (0)*x(40) + (0)*x(44) + (0)*x(90) + (0)*x(94) =L= 1 ; (LHS = 0)
     

---- con104  =L=  

con104..  (0)*x(40) + (0)*x(43) + (0)*x(90) + (0)*x(93) =L= 1 ; (LHS = 0)
     

---- con105  =L=  

con105..  (0)*x(1) + (0)*x(4) + (0)*x(51) + (0)*x(54) =L= 1 ; (LHS = 0)
     

---- con106  =L=  

con106..  (0)*x(40) + (0)*x(42) + (0)*x(90) + (0)*x(92) =L= 1 ; (LHS = 0)
     

---- con107  =L=  

con107..  (0)*x(40) + (0)*x(41) + (0)*x(90) + (0)*x(91) =L= 1 ; (LHS = 0)
     

---- con108  =L=  

con108..  (0)*x(1) + (0)*x(5) + (0)*x(51) + (0)*x(55) =L= 1 ; (LHS = 0)
     

---- con109  =L=  

con109..  (0)*x(39) + (0)*x(50) + (0)*x(89) + (0)*x(100) =L= 1 ; (LHS = 0)
     

---- con110  =L=  

con110..  (0)*x(39) + (0)*x(49) + (0)*x(89) + (0)*x(99) =L= 1 ; (LHS = 0)
     

---- con111  =L=  

con111..  (0)*x(1) + (0)*x(6) + (0)*x(51) + (0)*x(56) =L= 1 ; (LHS = 0)
     

---- con112  =L=  

con112..  (0)*x(39) + (0)*x(48) + (0)*x(89) + (0)*x(98) =L= 1 ; (LHS = 0)
     

---- con113  =L=  

con113..  (0)*x(39) + (0)*x(47) + (0)*x(89) + (0)*x(97) =L= 1 ; (LHS = 0)
     

---- con114  =L=  

con114..  (0)*x(1) + (0)*x(7) + (0)*x(51) + (0)*x(57) =L= 1 ; (LHS = 0)
     

---- con115  =L=  

con115..  (0)*x(39) + (0)*x(46) + (0)*x(89) + (0)*x(96) =L= 1 ; (LHS = 0)
     

---- con116  =L=  

con116..  (0)*x(39) + (0)*x(45) + (0)*x(89) + (0)*x(95) =L= 1 ; (LHS = 0)
     

---- con117  =L=  

con117..  (0)*x(1) + (0)*x(8) + (0)*x(51) + (0)*x(58) =L= 1 ; (LHS = 0)
     

---- con118  =L=  

con118..  (0)*x(39) + (0)*x(44) + (0)*x(89) + (0)*x(94) =L= 1 ; (LHS = 0)
     

---- con119  =L=  

con119..  (0)*x(39) + (0)*x(43) + (0)*x(89) + (0)*x(93) =L= 1 ; (LHS = 0)
     

---- con120  =L=  

con120..  (0)*x(1) + (0)*x(9) + (0)*x(51) + (0)*x(59) =L= 1 ; (LHS = 0)
     

---- con121  =L=  

con121..  (0)*x(39) + (0)*x(42) + (0)*x(89) + (0)*x(92) =L= 1 ; (LHS = 0)
     

---- con122  =L=  

con122..  (0)*x(39) + (0)*x(41) + (0)*x(89) + (0)*x(91) =L= 1 ; (LHS = 0)
     

---- con123  =L=  

con123..  (0)*x(1) + (0)*x(10) + (0)*x(51) + (0)*x(60) =L= 1 ; (LHS = 0)
     

---- con124  =L=  

con124..  (0)*x(39) + (0)*x(40) + (0)*x(89) + (0)*x(90) =L= 1 ; (LHS = 0)
     

---- con125  =L=  

con125..  (0)*x(38) + (0)*x(50) + (0)*x(88) + (0)*x(100) =L= 1 ; (LHS = 0)
     

---- con126  =L=  

con126..  (0)*x(1) + (0)*x(11) + (0)*x(51) + (0)*x(61) =L= 1 ; (LHS = 0)
     

---- con127  =L=  

con127..  (0)*x(38) + (0)*x(49) + (0)*x(88) + (0)*x(99) =L= 1 ; (LHS = 0)
     

---- con128  =L=  

con128..  (0)*x(38) + (0)*x(48) + (0)*x(88) + (0)*x(98) =L= 1 ; (LHS = 0)
     

---- con129  =L=  

con129..  (0)*x(1) + (0)*x(12) + (0)*x(51) + (0)*x(62) =L= 1 ; (LHS = 0)
     

---- con130  =L=  

con130..  (0)*x(38) + (0)*x(47) + (0)*x(88) + (0)*x(97) =L= 1 ; (LHS = 0)
     

---- con131  =L=  

con131..  (0)*x(38) + (0)*x(46) + (0)*x(88) + (0)*x(96) =L= 1 ; (LHS = 0)
     

---- con132  =L=  

con132..  (0)*x(1) + (0)*x(13) + (0)*x(51) + (0)*x(63) =L= 1 ; (LHS = 0)
     

---- con133  =L=  

con133..  (0)*x(38) + (0)*x(45) + (0)*x(88) + (0)*x(95) =L= 1 ; (LHS = 0)
     

---- con134  =L=  

con134..  (0)*x(38) + (0)*x(44) + (0)*x(88) + (0)*x(94) =L= 1 ; (LHS = 0)
     

---- con135  =L=  

con135..  (0)*x(1) + (0)*x(14) + (0)*x(51) + (0)*x(64) =L= 1 ; (LHS = 0)
     

---- con136  =L=  

con136..  (0)*x(38) + (0)*x(43) + (0)*x(88) + (0)*x(93) =L= 1 ; (LHS = 0)
     

---- con137  =L=  

con137..  (0)*x(38) + (0)*x(42) + (0)*x(88) + (0)*x(92) =L= 1 ; (LHS = 0)
     

---- con138  =L=  

con138..  (0)*x(1) + (0)*x(15) + (0)*x(51) + (0)*x(65) =L= 1 ; (LHS = 0)
     

---- con139  =L=  

con139..  (0)*x(38) + (0)*x(41) + (0)*x(88) + (0)*x(91) =L= 1 ; (LHS = 0)
     

---- con140  =L=  

con140..  (0)*x(38) + (0)*x(40) + (0)*x(88) + (0)*x(90) =L= 1 ; (LHS = 0)
     

---- con141  =L=  

con141..  (0)*x(1) + (0)*x(16) + (0)*x(51) + (0)*x(66) =L= 1 ; (LHS = 0)
     

---- con142  =L=  

con142..  (0)*x(38) + (0)*x(39) + (0)*x(88) + (0)*x(89) =L= 1 ; (LHS = 0)
     

---- con143  =L=  

con143..  (0)*x(37) + (0)*x(50) + (0)*x(87) + (0)*x(100) =L= 1 ; (LHS = 0)
     

---- con144  =L=  

con144..  (0)*x(1) + (0)*x(17) + (0)*x(51) + (0)*x(67) =L= 1 ; (LHS = 0)
     

---- con145  =L=  

con145..  (0)*x(37) + (0)*x(49) + (0)*x(87) + (0)*x(99) =L= 1 ; (LHS = 0)
     

---- con146  =L=  

con146..  (0)*x(37) + (0)*x(48) + (0)*x(87) + (0)*x(98) =L= 1 ; (LHS = 0)
     

---- con147  =L=  

con147..  (0)*x(1) + (0)*x(18) + (0)*x(51) + (0)*x(68) =L= 1 ; (LHS = 0)
     

---- con148  =L=  

con148..  (0)*x(37) + (0)*x(47) + (0)*x(87) + (0)*x(97) =L= 1 ; (LHS = 0)
     

---- con149  =L=  

con149..  (0)*x(37) + (0)*x(46) + (0)*x(87) + (0)*x(96) =L= 1 ; (LHS = 0)
     

---- con150  =L=  

con150..  (0)*x(1) + (0)*x(19) + (0)*x(51) + (0)*x(69) =L= 1 ; (LHS = 0)
     

---- con151  =L=  

con151..  (0)*x(37) + (0)*x(45) + (0)*x(87) + (0)*x(95) =L= 1 ; (LHS = 0)
     

---- con152  =L=  

con152..  (0)*x(37) + (0)*x(44) + (0)*x(87) + (0)*x(94) =L= 1 ; (LHS = 0)
     

---- con153  =L=  

con153..  (0)*x(1) + (0)*x(20) + (0)*x(51) + (0)*x(70) =L= 1 ; (LHS = 0)
     

---- con154  =L=  

con154..  (0)*x(37) + (0)*x(43) + (0)*x(87) + (0)*x(93) =L= 1 ; (LHS = 0)
     

---- con155  =L=  

con155..  (0)*x(37) + (0)*x(42) + (0)*x(87) + (0)*x(92) =L= 1 ; (LHS = 0)
     

---- con156  =L=  

con156..  (0)*x(1) + (0)*x(21) + (0)*x(51) + (0)*x(71) =L= 1 ; (LHS = 0)
     

---- con157  =L=  

con157..  (0)*x(37) + (0)*x(41) + (0)*x(87) + (0)*x(91) =L= 1 ; (LHS = 0)
     

---- con158  =L=  

con158..  (0)*x(37) + (0)*x(40) + (0)*x(87) + (0)*x(90) =L= 1 ; (LHS = 0)
     

---- con159  =L=  

con159..  (0)*x(1) + (0)*x(22) + (0)*x(51) + (0)*x(72) =L= 1 ; (LHS = 0)
     

---- con160  =L=  

con160..  (0)*x(37) + (0)*x(39) + (0)*x(87) + (0)*x(89) =L= 1 ; (LHS = 0)
     

---- con161  =L=  

con161..  (0)*x(37) + (0)*x(38) + (0)*x(87) + (0)*x(88) =L= 1 ; (LHS = 0)
     

---- con162  =L=  

con162..  (0)*x(1) + (0)*x(23) + (0)*x(51) + (0)*x(73) =L= 1 ; (LHS = 0)
     

---- con163  =L=  

con163..  (0)*x(36) + (0)*x(50) + (0)*x(86) + (0)*x(100) =L= 1 ; (LHS = 0)
     

---- con164  =L=  

con164..  (0)*x(36) + (0)*x(49) + (0)*x(86) + (0)*x(99) =L= 1 ; (LHS = 0)
     

---- con165  =L=  

con165..  (0)*x(1) + (0)*x(24) + (0)*x(51) + (0)*x(74) =L= 1 ; (LHS = 0)
     

---- con166  =L=  

con166..  (0)*x(36) + (0)*x(48) + (0)*x(86) + (0)*x(98) =L= 1 ; (LHS = 0)
     

---- con167  =L=  

con167..  (0)*x(36) + (0)*x(47) + (0)*x(86) + (0)*x(97) =L= 1 ; (LHS = 0)
     

---- con168  =L=  

con168..  (0)*x(1) + (0)*x(25) + (0)*x(51) + (0)*x(75) =L= 1 ; (LHS = 0)
     

---- con169  =L=  

con169..  (0)*x(36) + (0)*x(46) + (0)*x(86) + (0)*x(96) =L= 1 ; (LHS = 0)
     

---- con170  =L=  

con170..  (0)*x(36) + (0)*x(45) + (0)*x(86) + (0)*x(95) =L= 1 ; (LHS = 0)
     

---- con171  =L=  

con171..  (0)*x(1) + (0)*x(26) + (0)*x(51) + (0)*x(76) =L= 1 ; (LHS = 0)
     

---- con172  =L=  

con172..  (0)*x(36) + (0)*x(44) + (0)*x(86) + (0)*x(94) =L= 1 ; (LHS = 0)
     

---- con173  =L=  

con173..  (0)*x(36) + (0)*x(43) + (0)*x(86) + (0)*x(93) =L= 1 ; (LHS = 0)
     

---- con174  =L=  

con174..  (0)*x(1) + (0)*x(27) + (0)*x(51) + (0)*x(77) =L= 1 ; (LHS = 0)
     

---- con175  =L=  

con175..  (0)*x(36) + (0)*x(42) + (0)*x(86) + (0)*x(92) =L= 1 ; (LHS = 0)
     

---- con176  =L=  

con176..  (0)*x(36) + (0)*x(41) + (0)*x(86) + (0)*x(91) =L= 1 ; (LHS = 0)
     

---- con177  =L=  

con177..  (0)*x(1) + (0)*x(28) + (0)*x(51) + (0)*x(78) =L= 1 ; (LHS = 0)
     

---- con178  =L=  

con178..  (0)*x(36) + (0)*x(40) + (0)*x(86) + (0)*x(90) =L= 1 ; (LHS = 0)
     

---- con179  =L=  

con179..  (0)*x(36) + (0)*x(39) + (0)*x(86) + (0)*x(89) =L= 1 ; (LHS = 0)
     

---- con180  =L=  

con180..  (0)*x(1) + (0)*x(29) + (0)*x(51) + (0)*x(79) =L= 1 ; (LHS = 0)
     

---- con181  =L=  

con181..  (0)*x(36) + (0)*x(38) + (0)*x(86) + (0)*x(88) =L= 1 ; (LHS = 0)
     

---- con182  =L=  

con182..  (0)*x(36) + (0)*x(37) + (0)*x(86) + (0)*x(87) =L= 1 ; (LHS = 0)
     

---- con183  =L=  

con183..  (0)*x(1) + (0)*x(30) + (0)*x(51) + (0)*x(80) =L= 1 ; (LHS = 0)
     

---- con184  =L=  

con184..  (0)*x(35) + (0)*x(50) + (0)*x(85) + (0)*x(100) =L= 1 ; (LHS = 0)
     

---- con185  =L=  

con185..  (0)*x(35) + (0)*x(49) + (0)*x(85) + (0)*x(99) =L= 1 ; (LHS = 0)
     

---- con186  =L=  

con186..  (0)*x(1) + (0)*x(31) + (0)*x(51) + (0)*x(81) =L= 1 ; (LHS = 0)
     

---- con187  =L=  

con187..  (0)*x(35) + (0)*x(48) + (0)*x(85) + (0)*x(98) =L= 1 ; (LHS = 0)
     

---- con188  =L=  

con188..  (0)*x(35) + (0)*x(47) + (0)*x(85) + (0)*x(97) =L= 1 ; (LHS = 0)
     

---- con189  =L=  

con189..  (0)*x(1) + (0)*x(32) + (0)*x(51) + (0)*x(82) =L= 1 ; (LHS = 0)
     

---- con190  =L=  

con190..  (0)*x(35) + (0)*x(46) + (0)*x(85) + (0)*x(96) =L= 1 ; (LHS = 0)
     

---- con191  =L=  

con191..  (0)*x(35) + (0)*x(45) + (0)*x(85) + (0)*x(95) =L= 1 ; (LHS = 0)
     

---- con192  =L=  

con192..  (0)*x(1) + (0)*x(33) + (0)*x(51) + (0)*x(83) =L= 1 ; (LHS = 0)
     

---- con193  =L=  

con193..  (0)*x(35) + (0)*x(44) + (0)*x(85) + (0)*x(94) =L= 1 ; (LHS = 0)
     

---- con194  =L=  

con194..  (0)*x(35) + (0)*x(43) + (0)*x(85) + (0)*x(93) =L= 1 ; (LHS = 0)
     

---- con195  =L=  

con195..  (0)*x(1) + (0)*x(34) + (0)*x(51) + (0)*x(84) =L= 1 ; (LHS = 0)
     

---- con196  =L=  

con196..  (0)*x(35) + (0)*x(42) + (0)*x(85) + (0)*x(92) =L= 1 ; (LHS = 0)
     

---- con197  =L=  

con197..  (0)*x(35) + (0)*x(41) + (0)*x(85) + (0)*x(91) =L= 1 ; (LHS = 0)
     

---- con198  =L=  

con198..  (0)*x(1) + (0)*x(35) + (0)*x(51) + (0)*x(85) =L= 1 ; (LHS = 0)
     

---- con199  =L=  

con199..  (0)*x(35) + (0)*x(40) + (0)*x(85) + (0)*x(90) =L= 1 ; (LHS = 0)
     

---- con200  =L=  

con200..  (0)*x(35) + (0)*x(39) + (0)*x(85) + (0)*x(89) =L= 1 ; (LHS = 0)
     

---- con201  =L=  

con201..  (0)*x(1) + (0)*x(36) + (0)*x(51) + (0)*x(86) =L= 1 ; (LHS = 0)
     

---- con202  =L=  

con202..  (0)*x(35) + (0)*x(38) + (0)*x(85) + (0)*x(88) =L= 1 ; (LHS = 0)
     

---- con203  =L=  

con203..  (0)*x(35) + (0)*x(37) + (0)*x(85) + (0)*x(87) =L= 1 ; (LHS = 0)
     

---- con204  =L=  

con204..  (0)*x(1) + (0)*x(37) + (0)*x(51) + (0)*x(87) =L= 1 ; (LHS = 0)
     

---- con205  =L=  

con205..  (0)*x(35) + (0)*x(36) + (0)*x(85) + (0)*x(86) =L= 1 ; (LHS = 0)
     

---- con206  =L=  

con206..  (0)*x(34) + (0)*x(50) + (0)*x(84) + (0)*x(100) =L= 1 ; (LHS = 0)
     

---- con207  =L=  

con207..  (0)*x(1) + (0)*x(38) + (0)*x(51) + (0)*x(88) =L= 1 ; (LHS = 0)
     

---- con208  =L=  

con208..  (0)*x(34) + (0)*x(49) + (0)*x(84) + (0)*x(99) =L= 1 ; (LHS = 0)
     

---- con209  =L=  

con209..  (0)*x(34) + (0)*x(48) + (0)*x(84) + (0)*x(98) =L= 1 ; (LHS = 0)
     

---- con210  =L=  

con210..  (0)*x(1) + (0)*x(39) + (0)*x(51) + (0)*x(89) =L= 1 ; (LHS = 0)
     

---- con211  =L=  

con211..  (0)*x(34) + (0)*x(47) + (0)*x(84) + (0)*x(97) =L= 1 ; (LHS = 0)
     

---- con212  =L=  

con212..  (0)*x(34) + (0)*x(46) + (0)*x(84) + (0)*x(96) =L= 1 ; (LHS = 0)
     

---- con213  =L=  

con213..  (0)*x(1) + (0)*x(40) + (0)*x(51) + (0)*x(90) =L= 1 ; (LHS = 0)
     

---- con214  =L=  

con214..  (0)*x(34) + (0)*x(45) + (0)*x(84) + (0)*x(95) =L= 1 ; (LHS = 0)
     

---- con215  =L=  

con215..  (0)*x(34) + (0)*x(44) + (0)*x(84) + (0)*x(94) =L= 1 ; (LHS = 0)
     

---- con216  =L=  

con216..  (0)*x(1) + (0)*x(41) + (0)*x(51) + (0)*x(91) =L= 1 ; (LHS = 0)
     

---- con217  =L=  

con217..  (0)*x(34) + (0)*x(43) + (0)*x(84) + (0)*x(93) =L= 1 ; (LHS = 0)
     

---- con218  =L=  

con218..  (0)*x(34) + (0)*x(42) + (0)*x(84) + (0)*x(92) =L= 1 ; (LHS = 0)
     

---- con219  =L=  

con219..  (0)*x(1) + (0)*x(42) + (0)*x(51) + (0)*x(92) =L= 1 ; (LHS = 0)
     

---- con220  =L=  

con220..  (0)*x(34) + (0)*x(41) + (0)*x(84) + (0)*x(91) =L= 1 ; (LHS = 0)
     

---- con221  =L=  

con221..  (0)*x(34) + (0)*x(40) + (0)*x(84) + (0)*x(90) =L= 1 ; (LHS = 0)
     

---- con222  =L=  

con222..  (0)*x(1) + (0)*x(43) + (0)*x(51) + (0)*x(93) =L= 1 ; (LHS = 0)
     

---- con223  =L=  

con223..  (0)*x(34) + (0)*x(39) + (0)*x(84) + (0)*x(89) =L= 1 ; (LHS = 0)
     

---- con224  =L=  

con224..  (0)*x(34) + (0)*x(38) + (0)*x(84) + (0)*x(88) =L= 1 ; (LHS = 0)
     

---- con225  =L=  

con225..  (0)*x(1) + (0)*x(44) + (0)*x(51) + (0)*x(94) =L= 1 ; (LHS = 0)
     

---- con226  =L=  

con226..  (0)*x(34) + (0)*x(37) + (0)*x(84) + (0)*x(87) =L= 1 ; (LHS = 0)
     

---- con227  =L=  

con227..  (0)*x(34) + (0)*x(36) + (0)*x(84) + (0)*x(86) =L= 1 ; (LHS = 0)
     

---- con228  =L=  

con228..  (0)*x(1) + (0)*x(45) + (0)*x(51) + (0)*x(95) =L= 1 ; (LHS = 0)
     

---- con229  =L=  

con229..  (0)*x(34) + (0)*x(35) + (0)*x(84) + (0)*x(85) =L= 1 ; (LHS = 0)
     

---- con230  =L=  

con230..  (0)*x(33) + (0)*x(50) + (0)*x(83) + (0)*x(100) =L= 1 ; (LHS = 0)
     

---- con231  =L=  

con231..  (0)*x(1) + (0)*x(46) + (0)*x(51) + (0)*x(96) =L= 1 ; (LHS = 0)
     

---- con232  =L=  

con232..  (0)*x(33) + (0)*x(49) + (0)*x(83) + (0)*x(99) =L= 1 ; (LHS = 0)
     

---- con233  =L=  

con233..  (0)*x(33) + (0)*x(48) + (0)*x(83) + (0)*x(98) =L= 1 ; (LHS = 0)
     

---- con234  =L=  

con234..  (0)*x(1) + (0)*x(47) + (0)*x(51) + (0)*x(97) =L= 1 ; (LHS = 0)
     

---- con235  =L=  

con235..  (0)*x(33) + (0)*x(47) + (0)*x(83) + (0)*x(97) =L= 1 ; (LHS = 0)
     

---- con236  =L=  

con236..  (0)*x(33) + (0)*x(46) + (0)*x(83) + (0)*x(96) =L= 1 ; (LHS = 0)
     

---- con237  =L=  

con237..  (0)*x(1) + (0)*x(48) + (0)*x(51) + (0)*x(98) =L= 1 ; (LHS = 0)
     

---- con238  =L=  

con238..  (0)*x(33) + (0)*x(45) + (0)*x(83) + (0)*x(95) =L= 1 ; (LHS = 0)
     

---- con239  =L=  

con239..  (0)*x(33) + (0)*x(44) + (0)*x(83) + (0)*x(94) =L= 1 ; (LHS = 0)
     

---- con240  =L=  

con240..  (0)*x(1) + (0)*x(49) + (0)*x(51) + (0)*x(99) =L= 1 ; (LHS = 0)
     

---- con241  =L=  

con241..  (0)*x(33) + (0)*x(43) + (0)*x(83) + (0)*x(93) =L= 1 ; (LHS = 0)
     

---- con242  =L=  

con242..  (0)*x(33) + (0)*x(42) + (0)*x(83) + (0)*x(92) =L= 1 ; (LHS = 0)
     

---- con243  =L=  

con243..  (0)*x(1) + (0)*x(50) + (0)*x(51) + (0)*x(100) =L= 1 ; (LHS = 0)
     

---- con244  =L=  

con244..  (0)*x(33) + (0)*x(41) + (0)*x(83) + (0)*x(91) =L= 1 ; (LHS = 0)
     

---- con245  =L=  

con245..  (0)*x(33) + (0)*x(40) + (0)*x(83) + (0)*x(90) =L= 1 ; (LHS = 0)
     

---- con246  =L=  

con246..  (0)*x(2) + (0)*x(3) + (0)*x(52) + (0)*x(53) =L= 1 ; (LHS = 0)
     

---- con247  =L=  

con247..  (0)*x(33) + (0)*x(39) + (0)*x(83) + (0)*x(89) =L= 1 ; (LHS = 0)
     

---- con248  =L=  

con248..  (0)*x(33) + (0)*x(38) + (0)*x(83) + (0)*x(88) =L= 1 ; (LHS = 0)
     

---- con249  =L=  

con249..  (0)*x(2) + (0)*x(4) + (0)*x(52) + (0)*x(54) =L= 1 ; (LHS = 0)
     

---- con250  =L=  

con250..  (0)*x(33) + (0)*x(37) + (0)*x(83) + (0)*x(87) =L= 1 ; (LHS = 0)
     

---- con251  =L=  

con251..  (0)*x(33) + (0)*x(36) + (0)*x(83) + (0)*x(86) =L= 1 ; (LHS = 0)
     

---- con252  =L=  

con252..  (0)*x(2) + (0)*x(5) + (0)*x(52) + (0)*x(55) =L= 1 ; (LHS = 0)
     

---- con253  =L=  

con253..  (0)*x(33) + (0)*x(35) + (0)*x(83) + (0)*x(85) =L= 1 ; (LHS = 0)
     

---- con254  =L=  

con254..  (0)*x(33) + (0)*x(34) + (0)*x(83) + (0)*x(84) =L= 1 ; (LHS = 0)
     

---- con255  =L=  

con255..  (0)*x(32) + (0)*x(50) + (0)*x(82) + (0)*x(100) =L= 1 ; (LHS = 0)
     

---- con256  =L=  

con256..  (0)*x(2) + (0)*x(6) + (0)*x(52) + (0)*x(56) =L= 1 ; (LHS = 0)
     

---- con257  =L=  

con257..  (0)*x(32) + (0)*x(49) + (0)*x(82) + (0)*x(99) =L= 1 ; (LHS = 0)
     

---- con258  =L=  

con258..  (0)*x(32) + (0)*x(48) + (0)*x(82) + (0)*x(98) =L= 1 ; (LHS = 0)
     

---- con259  =L=  

con259..  (0)*x(2) + (0)*x(7) + (0)*x(52) + (0)*x(57) =L= 1 ; (LHS = 0)
     

---- con260  =L=  

con260..  (0)*x(32) + (0)*x(47) + (0)*x(82) + (0)*x(97) =L= 1 ; (LHS = 0)
     

---- con261  =L=  

con261..  (0)*x(32) + (0)*x(46) + (0)*x(82) + (0)*x(96) =L= 1 ; (LHS = 0)
     

---- con262  =L=  

con262..  (0)*x(2) + (0)*x(8) + (0)*x(52) + (0)*x(58) =L= 1 ; (LHS = 0)
     

---- con263  =L=  

con263..  (0)*x(32) + (0)*x(45) + (0)*x(82) + (0)*x(95) =L= 1 ; (LHS = 0)
     

---- con264  =L=  

con264..  (0)*x(32) + (0)*x(44) + (0)*x(82) + (0)*x(94) =L= 1 ; (LHS = 0)
     

---- con265  =L=  

con265..  (0)*x(2) + (0)*x(9) + (0)*x(52) + (0)*x(59) =L= 1 ; (LHS = 0)
     

---- con266  =L=  

con266..  (0)*x(32) + (0)*x(43) + (0)*x(82) + (0)*x(93) =L= 1 ; (LHS = 0)
     

---- con267  =L=  

con267..  (0)*x(32) + (0)*x(42) + (0)*x(82) + (0)*x(92) =L= 1 ; (LHS = 0)
     

---- con268  =L=  

con268..  (0)*x(32) + (0)*x(41) + (0)*x(82) + (0)*x(91) =L= 1 ; (LHS = 0)
     

---- con269  =L=  

con269..  (0)*x(2) + (0)*x(10) + (0)*x(52) + (0)*x(60) =L= 1 ; (LHS = 0)
     

---- con270  =L=  

con270..  (0)*x(32) + (0)*x(40) + (0)*x(82) + (0)*x(90) =L= 1 ; (LHS = 0)
     

---- con271  =L=  

con271..  (0)*x(32) + (0)*x(39) + (0)*x(82) + (0)*x(89) =L= 1 ; (LHS = 0)
     

---- con272  =L=  

con272..  (0)*x(2) + (0)*x(11) + (0)*x(52) + (0)*x(61) =L= 1 ; (LHS = 0)
     

---- con273  =L=  

con273..  (0)*x(32) + (0)*x(38) + (0)*x(82) + (0)*x(88) =L= 1 ; (LHS = 0)
     

---- con274  =L=  

con274..  (0)*x(32) + (0)*x(37) + (0)*x(82) + (0)*x(87) =L= 1 ; (LHS = 0)
     

---- con275  =L=  

con275..  (0)*x(2) + (0)*x(12) + (0)*x(52) + (0)*x(62) =L= 1 ; (LHS = 0)
     

---- con276  =L=  

con276..  (0)*x(32) + (0)*x(36) + (0)*x(82) + (0)*x(86) =L= 1 ; (LHS = 0)
     

---- con277  =L=  

con277..  (0)*x(32) + (0)*x(35) + (0)*x(82) + (0)*x(85) =L= 1 ; (LHS = 0)
     

---- con278  =L=  

con278..  (0)*x(2) + (0)*x(13) + (0)*x(52) + (0)*x(63) =L= 1 ; (LHS = 0)
     

---- con279  =L=  

con279..  (0)*x(32) + (0)*x(34) + (0)*x(82) + (0)*x(84) =L= 1 ; (LHS = 0)
     

---- con280  =L=  

con280..  (0)*x(32) + (0)*x(33) + (0)*x(82) + (0)*x(83) =L= 1 ; (LHS = 0)
     

---- con281  =L=  

con281..  (0)*x(31) + (0)*x(50) + (0)*x(81) + (0)*x(100) =L= 1 ; (LHS = 0)
     

---- con282  =L=  

con282..  (0)*x(2) + (0)*x(14) + (0)*x(52) + (0)*x(64) =L= 1 ; (LHS = 0)
     

---- con283  =L=  

con283..  (0)*x(31) + (0)*x(49) + (0)*x(81) + (0)*x(99) =L= 1 ; (LHS = 0)
     

---- con284  =L=  

con284..  (0)*x(31) + (0)*x(48) + (0)*x(81) + (0)*x(98) =L= 1 ; (LHS = 0)
     

---- con285  =L=  

con285..  (0)*x(2) + (0)*x(15) + (0)*x(52) + (0)*x(65) =L= 1 ; (LHS = 0)
     

---- con286  =L=  

con286..  (0)*x(31) + (0)*x(47) + (0)*x(81) + (0)*x(97) =L= 1 ; (LHS = 0)
     

---- con287  =L=  

con287..  (0)*x(31) + (0)*x(46) + (0)*x(81) + (0)*x(96) =L= 1 ; (LHS = 0)
     

---- con288  =L=  

con288..  (0)*x(2) + (0)*x(16) + (0)*x(52) + (0)*x(66) =L= 1 ; (LHS = 0)
     

---- con289  =L=  

con289..  (0)*x(31) + (0)*x(45) + (0)*x(81) + (0)*x(95) =L= 1 ; (LHS = 0)
     

---- con290  =L=  

con290..  (0)*x(31) + (0)*x(44) + (0)*x(81) + (0)*x(94) =L= 1 ; (LHS = 0)
     

---- con291  =L=  

con291..  (0)*x(2) + (0)*x(17) + (0)*x(52) + (0)*x(67) =L= 1 ; (LHS = 0)
     

---- con292  =L=  

con292..  (0)*x(31) + (0)*x(43) + (0)*x(81) + (0)*x(93) =L= 1 ; (LHS = 0)
     

---- con293  =L=  

con293..  (0)*x(31) + (0)*x(42) + (0)*x(81) + (0)*x(92) =L= 1 ; (LHS = 0)
     

---- con294  =L=  

con294..  (0)*x(31) + (0)*x(41) + (0)*x(81) + (0)*x(91) =L= 1 ; (LHS = 0)
     

---- con295  =L=  

con295..  (0)*x(2) + (0)*x(18) + (0)*x(52) + (0)*x(68) =L= 1 ; (LHS = 0)
     

---- con296  =L=  

con296..  (0)*x(31) + (0)*x(40) + (0)*x(81) + (0)*x(90) =L= 1 ; (LHS = 0)
     

---- con297  =L=  

con297..  (0)*x(31) + (0)*x(39) + (0)*x(81) + (0)*x(89) =L= 1 ; (LHS = 0)
     

---- con298  =L=  

con298..  (0)*x(2) + (0)*x(19) + (0)*x(52) + (0)*x(69) =L= 1 ; (LHS = 0)
     

---- con299  =L=  

con299..  (0)*x(31) + (0)*x(38) + (0)*x(81) + (0)*x(88) =L= 1 ; (LHS = 0)
     

---- con300  =L=  

con300..  (0)*x(31) + (0)*x(37) + (0)*x(81) + (0)*x(87) =L= 1 ; (LHS = 0)
     

---- con301  =L=  

con301..  (0)*x(2) + (0)*x(20) + (0)*x(52) + (0)*x(70) =L= 1 ; (LHS = 0)
     

---- con302  =L=  

con302..  (0)*x(31) + (0)*x(36) + (0)*x(81) + (0)*x(86) =L= 1 ; (LHS = 0)
     

---- con303  =L=  

con303..  (0)*x(31) + (0)*x(35) + (0)*x(81) + (0)*x(85) =L= 1 ; (LHS = 0)
     

---- con304  =L=  

con304..  (0)*x(2) + (0)*x(21) + (0)*x(52) + (0)*x(71) =L= 1 ; (LHS = 0)
     

---- con305  =L=  

con305..  (0)*x(31) + (0)*x(34) + (0)*x(81) + (0)*x(84) =L= 1 ; (LHS = 0)
     

---- con306  =L=  

con306..  (0)*x(31) + (0)*x(33) + (0)*x(81) + (0)*x(83) =L= 1 ; (LHS = 0)
     

---- con307  =L=  

con307..  (0)*x(31) + (0)*x(32) + (0)*x(81) + (0)*x(82) =L= 1 ; (LHS = 0)
     

---- con308  =L=  

con308..  (0)*x(2) + (0)*x(22) + (0)*x(52) + (0)*x(72) =L= 1 ; (LHS = 0)
     

---- con309  =L=  

con309..  (0)*x(30) + (0)*x(50) + (0)*x(80) + (0)*x(100) =L= 1 ; (LHS = 0)
     

---- con310  =L=  

con310..  (0)*x(30) + (0)*x(49) + (0)*x(80) + (0)*x(99) =L= 1 ; (LHS = 0)
     

---- con311  =L=  

con311..  (0)*x(2) + (0)*x(23) + (0)*x(52) + (0)*x(73) =L= 1 ; (LHS = 0)
     

---- con312  =L=  

con312..  (0)*x(30) + (0)*x(48) + (0)*x(80) + (0)*x(98) =L= 1 ; (LHS = 0)
     

---- con313  =L=  

con313..  (0)*x(30) + (0)*x(47) + (0)*x(80) + (0)*x(97) =L= 1 ; (LHS = 0)
     

---- con314  =L=  

con314..  (0)*x(2) + (0)*x(24) + (0)*x(52) + (0)*x(74) =L= 1 ; (LHS = 0)
     

---- con315  =L=  

con315..  (0)*x(30) + (0)*x(46) + (0)*x(80) + (0)*x(96) =L= 1 ; (LHS = 0)
     

---- con316  =L=  

con316..  (0)*x(30) + (0)*x(45) + (0)*x(80) + (0)*x(95) =L= 1 ; (LHS = 0)
     

---- con317  =L=  

con317..  (0)*x(2) + (0)*x(25) + (0)*x(52) + (0)*x(75) =L= 1 ; (LHS = 0)
     

---- con318  =L=  

con318..  (0)*x(30) + (0)*x(44) + (0)*x(80) + (0)*x(94) =L= 1 ; (LHS = 0)
     

---- con319  =L=  

con319..  (0)*x(30) + (0)*x(43) + (0)*x(80) + (0)*x(93) =L= 1 ; (LHS = 0)
     

---- con320  =L=  

con320..  (0)*x(30) + (0)*x(42) + (0)*x(80) + (0)*x(92) =L= 1 ; (LHS = 0)
     

---- con321  =L=  

con321..  (0)*x(2) + (0)*x(26) + (0)*x(52) + (0)*x(76) =L= 1 ; (LHS = 0)
     

---- con322  =L=  

con322..  (0)*x(30) + (0)*x(41) + (0)*x(80) + (0)*x(91) =L= 1 ; (LHS = 0)
     

---- con323  =L=  

con323..  (0)*x(30) + (0)*x(40) + (0)*x(80) + (0)*x(90) =L= 1 ; (LHS = 0)
     

---- con324  =L=  

con324..  (0)*x(2) + (0)*x(27) + (0)*x(52) + (0)*x(77) =L= 1 ; (LHS = 0)
     

---- con325  =L=  

con325..  (0)*x(30) + (0)*x(39) + (0)*x(80) + (0)*x(89) =L= 1 ; (LHS = 0)
     

---- con326  =L=  

con326..  (0)*x(30) + (0)*x(38) + (0)*x(80) + (0)*x(88) =L= 1 ; (LHS = 0)
     

---- con327  =L=  

con327..  (0)*x(2) + (0)*x(28) + (0)*x(52) + (0)*x(78) =L= 1 ; (LHS = 0)
     

---- con328  =L=  

con328..  (0)*x(30) + (0)*x(37) + (0)*x(80) + (0)*x(87) =L= 1 ; (LHS = 0)
     

---- con329  =L=  

con329..  (0)*x(30) + (0)*x(36) + (0)*x(80) + (0)*x(86) =L= 1 ; (LHS = 0)
     

---- con330  =L=  

con330..  (0)*x(2) + (0)*x(29) + (0)*x(52) + (0)*x(79) =L= 1 ; (LHS = 0)
     

---- con331  =L=  

con331..  (0)*x(30) + (0)*x(35) + (0)*x(80) + (0)*x(85) =L= 1 ; (LHS = 0)
     

---- con332  =L=  

con332..  (0)*x(30) + (0)*x(34) + (0)*x(80) + (0)*x(84) =L= 1 ; (LHS = 0)
     

---- con333  =L=  

con333..  (0)*x(30) + (0)*x(33) + (0)*x(80) + (0)*x(83) =L= 1 ; (LHS = 0)
     

---- con334  =L=  

con334..  (0)*x(2) + (0)*x(30) + (0)*x(52) + (0)*x(80) =L= 1 ; (LHS = 0)
     

---- con335  =L=  

con335..  (0)*x(30) + (0)*x(32) + (0)*x(80) + (0)*x(82) =L= 1 ; (LHS = 0)
     

---- con336  =L=  

con336..  (0)*x(30) + (0)*x(31) + (0)*x(80) + (0)*x(81) =L= 1 ; (LHS = 0)
     

---- con337  =L=  

con337..  (0)*x(2) + (0)*x(31) + (0)*x(52) + (0)*x(81) =L= 1 ; (LHS = 0)
     

---- con338  =L=  

con338..  (0)*x(29) + (0)*x(50) + (0)*x(79) + (0)*x(100) =L= 1 ; (LHS = 0)
     

---- con339  =L=  

con339..  (0)*x(29) + (0)*x(49) + (0)*x(79) + (0)*x(99) =L= 1 ; (LHS = 0)
     

---- con340  =L=  

con340..  (0)*x(2) + (0)*x(32) + (0)*x(52) + (0)*x(82) =L= 1 ; (LHS = 0)
     

---- con341  =L=  

con341..  (0)*x(29) + (0)*x(48) + (0)*x(79) + (0)*x(98) =L= 1 ; (LHS = 0)
     

---- con342  =L=  

con342..  (0)*x(29) + (0)*x(47) + (0)*x(79) + (0)*x(97) =L= 1 ; (LHS = 0)
     

---- con343  =L=  

con343..  (0)*x(2) + (0)*x(33) + (0)*x(52) + (0)*x(83) =L= 1 ; (LHS = 0)
     

---- con344  =L=  

con344..  (0)*x(29) + (0)*x(46) + (0)*x(79) + (0)*x(96) =L= 1 ; (LHS = 0)
     

---- con345  =L=  

con345..  (0)*x(29) + (0)*x(45) + (0)*x(79) + (0)*x(95) =L= 1 ; (LHS = 0)
     

---- con346  =L=  

con346..  (0)*x(29) + (0)*x(44) + (0)*x(79) + (0)*x(94) =L= 1 ; (LHS = 0)
     

---- con347  =L=  

con347..  (0)*x(2) + (0)*x(34) + (0)*x(52) + (0)*x(84) =L= 1 ; (LHS = 0)
     

---- con348  =L=  

con348..  (0)*x(29) + (0)*x(43) + (0)*x(79) + (0)*x(93) =L= 1 ; (LHS = 0)
     

---- con349  =L=  

con349..  (0)*x(29) + (0)*x(42) + (0)*x(79) + (0)*x(92) =L= 1 ; (LHS = 0)
     

---- con350  =L=  

con350..  (0)*x(2) + (0)*x(35) + (0)*x(52) + (0)*x(85) =L= 1 ; (LHS = 0)
     

---- con351  =L=  

con351..  (0)*x(29) + (0)*x(41) + (0)*x(79) + (0)*x(91) =L= 1 ; (LHS = 0)
     

---- con352  =L=  

con352..  (0)*x(29) + (0)*x(40) + (0)*x(79) + (0)*x(90) =L= 1 ; (LHS = 0)
     

---- con353  =L=  

con353..  (0)*x(2) + (0)*x(36) + (0)*x(52) + (0)*x(86) =L= 1 ; (LHS = 0)
     

---- con354  =L=  

con354..  (0)*x(29) + (0)*x(39) + (0)*x(79) + (0)*x(89) =L= 1 ; (LHS = 0)
     

---- con355  =L=  

con355..  (0)*x(29) + (0)*x(38) + (0)*x(79) + (0)*x(88) =L= 1 ; (LHS = 0)
     

---- con356  =L=  

con356..  (0)*x(2) + (0)*x(37) + (0)*x(52) + (0)*x(87) =L= 1 ; (LHS = 0)
     

---- con357  =L=  

con357..  (0)*x(29) + (0)*x(37) + (0)*x(79) + (0)*x(87) =L= 1 ; (LHS = 0)
     

---- con358  =L=  

con358..  (0)*x(29) + (0)*x(36) + (0)*x(79) + (0)*x(86) =L= 1 ; (LHS = 0)
     

---- con359  =L=  

con359..  (0)*x(29) + (0)*x(35) + (0)*x(79) + (0)*x(85) =L= 1 ; (LHS = 0)
     

---- con360  =L=  

con360..  (0)*x(2) + (0)*x(38) + (0)*x(52) + (0)*x(88) =L= 1 ; (LHS = 0)
     

---- con361  =L=  

con361..  (0)*x(29) + (0)*x(34) + (0)*x(79) + (0)*x(84) =L= 1 ; (LHS = 0)
     

---- con362  =L=  

con362..  (0)*x(29) + (0)*x(33) + (0)*x(79) + (0)*x(83) =L= 1 ; (LHS = 0)
     

---- con363  =L=  

con363..  (0)*x(2) + (0)*x(39) + (0)*x(52) + (0)*x(89) =L= 1 ; (LHS = 0)
     

---- con364  =L=  

con364..  (0)*x(29) + (0)*x(32) + (0)*x(79) + (0)*x(82) =L= 1 ; (LHS = 0)
     

---- con365  =L=  

con365..  (0)*x(29) + (0)*x(31) + (0)*x(79) + (0)*x(81) =L= 1 ; (LHS = 0)
     

---- con366  =L=  

con366..  (0)*x(2) + (0)*x(40) + (0)*x(52) + (0)*x(90) =L= 1 ; (LHS = 0)
     

---- con367  =L=  

con367..  (0)*x(29) + (0)*x(30) + (0)*x(79) + (0)*x(80) =L= 1 ; (LHS = 0)
     

---- con368  =L=  

con368..  (0)*x(28) + (0)*x(50) + (0)*x(78) + (0)*x(100) =L= 1 ; (LHS = 0)
     

---- con369  =L=  

con369..  (0)*x(2) + (0)*x(41) + (0)*x(52) + (0)*x(91) =L= 1 ; (LHS = 0)
     

---- con370  =L=  

con370..  (0)*x(28) + (0)*x(49) + (0)*x(78) + (0)*x(99) =L= 1 ; (LHS = 0)
     

---- con371  =L=  

con371..  (0)*x(28) + (0)*x(48) + (0)*x(78) + (0)*x(98) =L= 1 ; (LHS = 0)
     

---- con372  =L=  

con372..  (0)*x(28) + (0)*x(47) + (0)*x(78) + (0)*x(97) =L= 1 ; (LHS = 0)
     

---- con373  =L=  

con373..  (0)*x(2) + (0)*x(42) + (0)*x(52) + (0)*x(92) =L= 1 ; (LHS = 0)
     

---- con374  =L=  

con374..  (0)*x(28) + (0)*x(46) + (0)*x(78) + (0)*x(96) =L= 1 ; (LHS = 0)
     

---- con375  =L=  

con375..  (0)*x(28) + (0)*x(45) + (0)*x(78) + (0)*x(95) =L= 1 ; (LHS = 0)
     

---- con376  =L=  

con376..  (0)*x(2) + (0)*x(43) + (0)*x(52) + (0)*x(93) =L= 1 ; (LHS = 0)
     

---- con377  =L=  

con377..  (0)*x(28) + (0)*x(44) + (0)*x(78) + (0)*x(94) =L= 1 ; (LHS = 0)
     

---- con378  =L=  

con378..  (0)*x(28) + (0)*x(43) + (0)*x(78) + (0)*x(93) =L= 1 ; (LHS = 0)
     

---- con379  =L=  

con379..  (0)*x(2) + (0)*x(44) + (0)*x(52) + (0)*x(94) =L= 1 ; (LHS = 0)
     

---- con380  =L=  

con380..  (0)*x(28) + (0)*x(42) + (0)*x(78) + (0)*x(92) =L= 1 ; (LHS = 0)
     

---- con381  =L=  

con381..  (0)*x(28) + (0)*x(41) + (0)*x(78) + (0)*x(91) =L= 1 ; (LHS = 0)
     

---- con382  =L=  

con382..  (0)*x(2) + (0)*x(45) + (0)*x(52) + (0)*x(95) =L= 1 ; (LHS = 0)
     

---- con383  =L=  

con383..  (0)*x(28) + (0)*x(40) + (0)*x(78) + (0)*x(90) =L= 1 ; (LHS = 0)
     

---- con384  =L=  

con384..  (0)*x(28) + (0)*x(39) + (0)*x(78) + (0)*x(89) =L= 1 ; (LHS = 0)
     

---- con385  =L=  

con385..  (0)*x(28) + (0)*x(38) + (0)*x(78) + (0)*x(88) =L= 1 ; (LHS = 0)
     

---- con386  =L=  

con386..  (0)*x(2) + (0)*x(46) + (0)*x(52) + (0)*x(96) =L= 1 ; (LHS = 0)
     

---- con387  =L=  

con387..  (0)*x(28) + (0)*x(37) + (0)*x(78) + (0)*x(87) =L= 1 ; (LHS = 0)
     

---- con388  =L=  

con388..  (0)*x(28) + (0)*x(36) + (0)*x(78) + (0)*x(86) =L= 1 ; (LHS = 0)
     

---- con389  =L=  

con389..  (0)*x(2) + (0)*x(47) + (0)*x(52) + (0)*x(97) =L= 1 ; (LHS = 0)
     

---- con390  =L=  

con390..  (0)*x(28) + (0)*x(35) + (0)*x(78) + (0)*x(85) =L= 1 ; (LHS = 0)
     

---- con391  =L=  

con391..  (0)*x(28) + (0)*x(34) + (0)*x(78) + (0)*x(84) =L= 1 ; (LHS = 0)
     

---- con392  =L=  

con392..  (0)*x(2) + (0)*x(48) + (0)*x(52) + (0)*x(98) =L= 1 ; (LHS = 0)
     

---- con393  =L=  

con393..  (0)*x(28) + (0)*x(33) + (0)*x(78) + (0)*x(83) =L= 1 ; (LHS = 0)
     

---- con394  =L=  

con394..  (0)*x(28) + (0)*x(32) + (0)*x(78) + (0)*x(82) =L= 1 ; (LHS = 0)
     

---- con395  =L=  

con395..  (0)*x(2) + (0)*x(49) + (0)*x(52) + (0)*x(99) =L= 1 ; (LHS = 0)
     

---- con396  =L=  

con396..  (0)*x(28) + (0)*x(31) + (0)*x(78) + (0)*x(81) =L= 1 ; (LHS = 0)
     

---- con397  =L=  

con397..  (0)*x(28) + (0)*x(30) + (0)*x(78) + (0)*x(80) =L= 1 ; (LHS = 0)
     

---- con398  =L=  

con398..  (0)*x(28) + (0)*x(29) + (0)*x(78) + (0)*x(79) =L= 1 ; (LHS = 0)
     

---- con399  =L=  

con399..  (0)*x(2) + (0)*x(50) + (0)*x(52) + (0)*x(100) =L= 1 ; (LHS = 0)
     

---- con400  =L=  

con400..  (0)*x(27) + (0)*x(50) + (0)*x(77) + (0)*x(100) =L= 1 ; (LHS = 0)
     

---- con401  =L=  

con401..  (0)*x(27) + (0)*x(49) + (0)*x(77) + (0)*x(99) =L= 1 ; (LHS = 0)
     

---- con402  =L=  

con402..  (0)*x(3) + (0)*x(4) + (0)*x(53) + (0)*x(54) =L= 1 ; (LHS = 0)
     

---- con403  =L=  

con403..  (0)*x(27) + (0)*x(48) + (0)*x(77) + (0)*x(98) =L= 1 ; (LHS = 0)
     

---- con404  =L=  

con404..  (0)*x(27) + (0)*x(47) + (0)*x(77) + (0)*x(97) =L= 1 ; (LHS = 0)
     

---- con405  =L=  

con405..  (0)*x(3) + (0)*x(5) + (0)*x(53) + (0)*x(55) =L= 1 ; (LHS = 0)
     

---- con406  =L=  

con406..  (0)*x(27) + (0)*x(46) + (0)*x(77) + (0)*x(96) =L= 1 ; (LHS = 0)
     

---- con407  =L=  

con407..  (0)*x(27) + (0)*x(45) + (0)*x(77) + (0)*x(95) =L= 1 ; (LHS = 0)
     

---- con408  =L=  

con408..  (0)*x(3) + (0)*x(6) + (0)*x(53) + (0)*x(56) =L= 1 ; (LHS = 0)
     

---- con409  =L=  

con409..  (0)*x(27) + (0)*x(44) + (0)*x(77) + (0)*x(94) =L= 1 ; (LHS = 0)
     

---- con410  =L=  

con410..  (0)*x(27) + (0)*x(43) + (0)*x(77) + (0)*x(93) =L= 1 ; (LHS = 0)
     

---- con411  =L=  

con411..  (0)*x(27) + (0)*x(42) + (0)*x(77) + (0)*x(92) =L= 1 ; (LHS = 0)
     

---- con412  =L=  

con412..  (0)*x(3) + (0)*x(7) + (0)*x(53) + (0)*x(57) =L= 1 ; (LHS = 0)
     

---- con413  =L=  

con413..  (0)*x(27) + (0)*x(41) + (0)*x(77) + (0)*x(91) =L= 1 ; (LHS = 0)
     

---- con414  =L=  

con414..  (0)*x(27) + (0)*x(40) + (0)*x(77) + (0)*x(90) =L= 1 ; (LHS = 0)
     

---- con415  =L=  

con415..  (0)*x(3) + (0)*x(8) + (0)*x(53) + (0)*x(58) =L= 1 ; (LHS = 0)
     

---- con416  =L=  

con416..  (0)*x(27) + (0)*x(39) + (0)*x(77) + (0)*x(89) =L= 1 ; (LHS = 0)
     

---- con417  =L=  

con417..  (0)*x(27) + (0)*x(38) + (0)*x(77) + (0)*x(88) =L= 1 ; (LHS = 0)
     

---- con418  =L=  

con418..  (0)*x(3) + (0)*x(9) + (0)*x(53) + (0)*x(59) =L= 1 ; (LHS = 0)
     

---- con419  =L=  

con419..  (0)*x(27) + (0)*x(37) + (0)*x(77) + (0)*x(87) =L= 1 ; (LHS = 0)
     

---- con420  =L=  

con420..  (0)*x(27) + (0)*x(36) + (0)*x(77) + (0)*x(86) =L= 1 ; (LHS = 0)
     

---- con421  =L=  

con421..  (0)*x(3) + (0)*x(10) + (0)*x(53) + (0)*x(60) =L= 1 ; (LHS = 0)
     

---- con422  =L=  

con422..  (0)*x(27) + (0)*x(35) + (0)*x(77) + (0)*x(85) =L= 1 ; (LHS = 0)
     

---- con423  =L=  

con423..  (0)*x(27) + (0)*x(34) + (0)*x(77) + (0)*x(84) =L= 1 ; (LHS = 0)
     

---- con424  =L=  

con424..  (0)*x(27) + (0)*x(33) + (0)*x(77) + (0)*x(83) =L= 1 ; (LHS = 0)
     

---- con425  =L=  

con425..  (0)*x(3) + (0)*x(11) + (0)*x(53) + (0)*x(61) =L= 1 ; (LHS = 0)
     

---- con426  =L=  

con426..  (0)*x(27) + (0)*x(32) + (0)*x(77) + (0)*x(82) =L= 1 ; (LHS = 0)
     

---- con427  =L=  

con427..  (0)*x(27) + (0)*x(31) + (0)*x(77) + (0)*x(81) =L= 1 ; (LHS = 0)
     

---- con428  =L=  

con428..  (0)*x(3) + (0)*x(12) + (0)*x(53) + (0)*x(62) =L= 1 ; (LHS = 0)
     

---- con429  =L=  

con429..  (0)*x(27) + (0)*x(30) + (0)*x(77) + (0)*x(80) =L= 1 ; (LHS = 0)
     

---- con430  =L=  

con430..  (0)*x(27) + (0)*x(29) + (0)*x(77) + (0)*x(79) =L= 1 ; (LHS = 0)
     

---- con431  =L=  

con431..  (0)*x(3) + (0)*x(13) + (0)*x(53) + (0)*x(63) =L= 1 ; (LHS = 0)
     

---- con432  =L=  

con432..  (0)*x(27) + (0)*x(28) + (0)*x(77) + (0)*x(78) =L= 1 ; (LHS = 0)
     

---- con433  =L=  

con433..  (0)*x(26) + (0)*x(50) + (0)*x(76) + (0)*x(100) =L= 1 ; (LHS = 0)
     

---- con434  =L=  

con434..  (0)*x(3) + (0)*x(14) + (0)*x(53) + (0)*x(64) =L= 1 ; (LHS = 0)
     

---- con435  =L=  

con435..  (0)*x(26) + (0)*x(49) + (0)*x(76) + (0)*x(99) =L= 1 ; (LHS = 0)
     

---- con436  =L=  

con436..  (0)*x(26) + (0)*x(48) + (0)*x(76) + (0)*x(98) =L= 1 ; (LHS = 0)
     

---- con437  =L=  

con437..  (0)*x(26) + (0)*x(47) + (0)*x(76) + (0)*x(97) =L= 1 ; (LHS = 0)
     

---- con438  =L=  

con438..  (0)*x(3) + (0)*x(15) + (0)*x(53) + (0)*x(65) =L= 1 ; (LHS = 0)
     

---- con439  =L=  

con439..  (0)*x(26) + (0)*x(46) + (0)*x(76) + (0)*x(96) =L= 1 ; (LHS = 0)
     

---- con440  =L=  

con440..  (0)*x(26) + (0)*x(45) + (0)*x(76) + (0)*x(95) =L= 1 ; (LHS = 0)
     

---- con441  =L=  

con441..  (0)*x(3) + (0)*x(16) + (0)*x(53) + (0)*x(66) =L= 1 ; (LHS = 0)
     

---- con442  =L=  

con442..  (0)*x(26) + (0)*x(44) + (0)*x(76) + (0)*x(94) =L= 1 ; (LHS = 0)
     

---- con443  =L=  

con443..  (0)*x(26) + (0)*x(43) + (0)*x(76) + (0)*x(93) =L= 1 ; (LHS = 0)
     

---- con444  =L=  

con444..  (0)*x(3) + (0)*x(17) + (0)*x(53) + (0)*x(67) =L= 1 ; (LHS = 0)
     

---- con445  =L=  

con445..  (0)*x(26) + (0)*x(42) + (0)*x(76) + (0)*x(92) =L= 1 ; (LHS = 0)
     

---- con446  =L=  

con446..  (0)*x(26) + (0)*x(41) + (0)*x(76) + (0)*x(91) =L= 1 ; (LHS = 0)
     

---- con447  =L=  

con447..  (0)*x(3) + (0)*x(18) + (0)*x(53) + (0)*x(68) =L= 1 ; (LHS = 0)
     

---- con448  =L=  

con448..  (0)*x(26) + (0)*x(40) + (0)*x(76) + (0)*x(90) =L= 1 ; (LHS = 0)
     

---- con449  =L=  

con449..  (0)*x(26) + (0)*x(39) + (0)*x(76) + (0)*x(89) =L= 1 ; (LHS = 0)
     

---- con450  =L=  

con450..  (0)*x(26) + (0)*x(38) + (0)*x(76) + (0)*x(88) =L= 1 ; (LHS = 0)
     

---- con451  =L=  

con451..  (0)*x(3) + (0)*x(19) + (0)*x(53) + (0)*x(69) =L= 1 ; (LHS = 0)
     

---- con452  =L=  

con452..  (0)*x(26) + (0)*x(37) + (0)*x(76) + (0)*x(87) =L= 1 ; (LHS = 0)
     

---- con453  =L=  

con453..  (0)*x(26) + (0)*x(36) + (0)*x(76) + (0)*x(86) =L= 1 ; (LHS = 0)
     

---- con454  =L=  

con454..  (0)*x(3) + (0)*x(20) + (0)*x(53) + (0)*x(70) =L= 1 ; (LHS = 0)
     

---- con455  =L=  

con455..  (0)*x(26) + (0)*x(35) + (0)*x(76) + (0)*x(85) =L= 1 ; (LHS = 0)
     

---- con456  =L=  

con456..  (0)*x(26) + (0)*x(34) + (0)*x(76) + (0)*x(84) =L= 1 ; (LHS = 0)
     

---- con457  =L=  

con457..  (0)*x(3) + (0)*x(21) + (0)*x(53) + (0)*x(71) =L= 1 ; (LHS = 0)
     

---- con458  =L=  

con458..  (0)*x(26) + (0)*x(33) + (0)*x(76) + (0)*x(83) =L= 1 ; (LHS = 0)
     

---- con459  =L=  

con459..  (0)*x(26) + (0)*x(32) + (0)*x(76) + (0)*x(82) =L= 1 ; (LHS = 0)
     

---- con460  =L=  

con460..  (0)*x(3) + (0)*x(22) + (0)*x(53) + (0)*x(72) =L= 1 ; (LHS = 0)
     

---- con461  =L=  

con461..  (0)*x(26) + (0)*x(31) + (0)*x(76) + (0)*x(81) =L= 1 ; (LHS = 0)
     

---- con462  =L=  

con462..  (0)*x(26) + (0)*x(30) + (0)*x(76) + (0)*x(80) =L= 1 ; (LHS = 0)
     

---- con463  =L=  

con463..  (0)*x(26) + (0)*x(29) + (0)*x(76) + (0)*x(79) =L= 1 ; (LHS = 0)
     

---- con464  =L=  

con464..  (0)*x(3) + (0)*x(23) + (0)*x(53) + (0)*x(73) =L= 1 ; (LHS = 0)
     

---- con465  =L=  

con465..  (0)*x(26) + (0)*x(28) + (0)*x(76) + (0)*x(78) =L= 1 ; (LHS = 0)
     

---- con466  =L=  

con466..  (0)*x(26) + (0)*x(27) + (0)*x(76) + (0)*x(77) =L= 1 ; (LHS = 0)
     

---- con467  =L=  

con467..  (0)*x(3) + (0)*x(24) + (0)*x(53) + (0)*x(74) =L= 1 ; (LHS = 0)
     

---- con468  =L=  

con468..  (0)*x(25) + (0)*x(50) + (0)*x(75) + (0)*x(100) =L= 1 ; (LHS = 0)
     

---- con469  =L=  

con469..  (0)*x(25) + (0)*x(49) + (0)*x(75) + (0)*x(99) =L= 1 ; (LHS = 0)
     

---- con470  =L=  

con470..  (0)*x(3) + (0)*x(25) + (0)*x(53) + (0)*x(75) =L= 1 ; (LHS = 0)
     

---- con471  =L=  

con471..  (0)*x(25) + (0)*x(48) + (0)*x(75) + (0)*x(98) =L= 1 ; (LHS = 0)
     

---- con472  =L=  

con472..  (0)*x(25) + (0)*x(47) + (0)*x(75) + (0)*x(97) =L= 1 ; (LHS = 0)
     

---- con473  =L=  

con473..  (0)*x(3) + (0)*x(26) + (0)*x(53) + (0)*x(76) =L= 1 ; (LHS = 0)
     

---- con474  =L=  

con474..  (0)*x(25) + (0)*x(46) + (0)*x(75) + (0)*x(96) =L= 1 ; (LHS = 0)
     

---- con475  =L=  

con475..  (0)*x(25) + (0)*x(45) + (0)*x(75) + (0)*x(95) =L= 1 ; (LHS = 0)
     

---- con476  =L=  

con476..  (0)*x(25) + (0)*x(44) + (0)*x(75) + (0)*x(94) =L= 1 ; (LHS = 0)
     

---- con477  =L=  

con477..  (0)*x(3) + (0)*x(27) + (0)*x(53) + (0)*x(77) =L= 1 ; (LHS = 0)
     

---- con478  =L=  

con478..  (0)*x(25) + (0)*x(43) + (0)*x(75) + (0)*x(93) =L= 1 ; (LHS = 0)
     

---- con479  =L=  

con479..  (0)*x(25) + (0)*x(42) + (0)*x(75) + (0)*x(92) =L= 1 ; (LHS = 0)
     

---- con480  =L=  

con480..  (0)*x(3) + (0)*x(28) + (0)*x(53) + (0)*x(78) =L= 1 ; (LHS = 0)
     

---- con481  =L=  

con481..  (0)*x(25) + (0)*x(41) + (0)*x(75) + (0)*x(91) =L= 1 ; (LHS = 0)
     

---- con482  =L=  

con482..  (0)*x(25) + (0)*x(40) + (0)*x(75) + (0)*x(90) =L= 1 ; (LHS = 0)
     

---- con483  =L=  

con483..  (0)*x(3) + (0)*x(29) + (0)*x(53) + (0)*x(79) =L= 1 ; (LHS = 0)
     

---- con484  =L=  

con484..  (0)*x(25) + (0)*x(39) + (0)*x(75) + (0)*x(89) =L= 1 ; (LHS = 0)
     

---- con485  =L=  

con485..  (0)*x(25) + (0)*x(38) + (0)*x(75) + (0)*x(88) =L= 1 ; (LHS = 0)
     

---- con486  =L=  

con486..  (0)*x(3) + (0)*x(30) + (0)*x(53) + (0)*x(80) =L= 1 ; (LHS = 0)
     

---- con487  =L=  

con487..  (0)*x(25) + (0)*x(37) + (0)*x(75) + (0)*x(87) =L= 1 ; (LHS = 0)
     

---- con488  =L=  

con488..  (0)*x(25) + (0)*x(36) + (0)*x(75) + (0)*x(86) =L= 1 ; (LHS = 0)
     

---- con489  =L=  

con489..  (0)*x(25) + (0)*x(35) + (0)*x(75) + (0)*x(85) =L= 1 ; (LHS = 0)
     

---- con490  =L=  

con490..  (0)*x(3) + (0)*x(31) + (0)*x(53) + (0)*x(81) =L= 1 ; (LHS = 0)
     

---- con491  =L=  

con491..  (0)*x(25) + (0)*x(34) + (0)*x(75) + (0)*x(84) =L= 1 ; (LHS = 0)
     

---- con492  =L=  

con492..  (0)*x(25) + (0)*x(33) + (0)*x(75) + (0)*x(83) =L= 1 ; (LHS = 0)
     

---- con493  =L=  

con493..  (0)*x(3) + (0)*x(32) + (0)*x(53) + (0)*x(82) =L= 1 ; (LHS = 0)
     

---- con494  =L=  

con494..  (0)*x(25) + (0)*x(32) + (0)*x(75) + (0)*x(82) =L= 1 ; (LHS = 0)
     

---- con495  =L=  

con495..  (0)*x(25) + (0)*x(31) + (0)*x(75) + (0)*x(81) =L= 1 ; (LHS = 0)
     

---- con496  =L=  

con496..  (0)*x(3) + (0)*x(33) + (0)*x(53) + (0)*x(83) =L= 1 ; (LHS = 0)
     

---- con497  =L=  

con497..  (0)*x(25) + (0)*x(30) + (0)*x(75) + (0)*x(80) =L= 1 ; (LHS = 0)
     

---- con498  =L=  

con498..  (0)*x(25) + (0)*x(29) + (0)*x(75) + (0)*x(79) =L= 1 ; (LHS = 0)
     

---- con499  =L=  

con499..  (0)*x(3) + (0)*x(34) + (0)*x(53) + (0)*x(84) =L= 1 ; (LHS = 0)
     

---- con500  =L=  

con500..  (0)*x(25) + (0)*x(28) + (0)*x(75) + (0)*x(78) =L= 1 ; (LHS = 0)
     

---- con501  =L=  

con501..  (0)*x(25) + (0)*x(27) + (0)*x(75) + (0)*x(77) =L= 1 ; (LHS = 0)
     

---- con502  =L=  

con502..  (0)*x(25) + (0)*x(26) + (0)*x(75) + (0)*x(76) =L= 1 ; (LHS = 0)
     

---- con503  =L=  

con503..  (0)*x(3) + (0)*x(35) + (0)*x(53) + (0)*x(85) =L= 1 ; (LHS = 0)
     

---- con504  =L=  

con504..  (0)*x(24) + (0)*x(50) + (0)*x(74) + (0)*x(100) =L= 1 ; (LHS = 0)
     

---- con505  =L=  

con505..  (0)*x(24) + (0)*x(49) + (0)*x(74) + (0)*x(99) =L= 1 ; (LHS = 0)
     

---- con506  =L=  

con506..  (0)*x(3) + (0)*x(36) + (0)*x(53) + (0)*x(86) =L= 1 ; (LHS = 0)
     

---- con507  =L=  

con507..  (0)*x(24) + (0)*x(48) + (0)*x(74) + (0)*x(98) =L= 1 ; (LHS = 0)
     

---- con508  =L=  

con508..  (0)*x(24) + (0)*x(47) + (0)*x(74) + (0)*x(97) =L= 1 ; (LHS = 0)
     

---- con509  =L=  

con509..  (0)*x(3) + (0)*x(37) + (0)*x(53) + (0)*x(87) =L= 1 ; (LHS = 0)
     

---- con510  =L=  

con510..  (0)*x(24) + (0)*x(46) + (0)*x(74) + (0)*x(96) =L= 1 ; (LHS = 0)
     

---- con511  =L=  

con511..  (0)*x(24) + (0)*x(45) + (0)*x(74) + (0)*x(95) =L= 1 ; (LHS = 0)
     

---- con512  =L=  

con512..  (0)*x(3) + (0)*x(38) + (0)*x(53) + (0)*x(88) =L= 1 ; (LHS = 0)
     

---- con513  =L=  

con513..  (0)*x(24) + (0)*x(44) + (0)*x(74) + (0)*x(94) =L= 1 ; (LHS = 0)
     

---- con514  =L=  

con514..  (0)*x(24) + (0)*x(43) + (0)*x(74) + (0)*x(93) =L= 1 ; (LHS = 0)
     

---- con515  =L=  

con515..  (0)*x(24) + (0)*x(42) + (0)*x(74) + (0)*x(92) =L= 1 ; (LHS = 0)
     

---- con516  =L=  

con516..  (0)*x(3) + (0)*x(39) + (0)*x(53) + (0)*x(89) =L= 1 ; (LHS = 0)
     

---- con517  =L=  

con517..  (0)*x(24) + (0)*x(41) + (0)*x(74) + (0)*x(91) =L= 1 ; (LHS = 0)
     

---- con518  =L=  

con518..  (0)*x(24) + (0)*x(40) + (0)*x(74) + (0)*x(90) =L= 1 ; (LHS = 0)
     

---- con519  =L=  

con519..  (0)*x(3) + (0)*x(40) + (0)*x(53) + (0)*x(90) =L= 1 ; (LHS = 0)
     

---- con520  =L=  

con520..  (0)*x(24) + (0)*x(39) + (0)*x(74) + (0)*x(89) =L= 1 ; (LHS = 0)
     

---- con521  =L=  

con521..  (0)*x(24) + (0)*x(38) + (0)*x(74) + (0)*x(88) =L= 1 ; (LHS = 0)
     

---- con522  =L=  

con522..  (0)*x(3) + (0)*x(41) + (0)*x(53) + (0)*x(91) =L= 1 ; (LHS = 0)
     

---- con523  =L=  

con523..  (0)*x(24) + (0)*x(37) + (0)*x(74) + (0)*x(87) =L= 1 ; (LHS = 0)
     

---- con524  =L=  

con524..  (0)*x(24) + (0)*x(36) + (0)*x(74) + (0)*x(86) =L= 1 ; (LHS = 0)
     

---- con525  =L=  

con525..  (0)*x(3) + (0)*x(42) + (0)*x(53) + (0)*x(92) =L= 1 ; (LHS = 0)
     

---- con526  =L=  

con526..  (0)*x(24) + (0)*x(35) + (0)*x(74) + (0)*x(85) =L= 1 ; (LHS = 0)
     

---- con527  =L=  

con527..  (0)*x(24) + (0)*x(34) + (0)*x(74) + (0)*x(84) =L= 1 ; (LHS = 0)
     

---- con528  =L=  

con528..  (0)*x(24) + (0)*x(33) + (0)*x(74) + (0)*x(83) =L= 1 ; (LHS = 0)
     

---- con529  =L=  

con529..  (0)*x(3) + (0)*x(43) + (0)*x(53) + (0)*x(93) =L= 1 ; (LHS = 0)
     

---- con530  =L=  

con530..  (0)*x(24) + (0)*x(32) + (0)*x(74) + (0)*x(82) =L= 1 ; (LHS = 0)
     

---- con531  =L=  

con531..  (0)*x(24) + (0)*x(31) + (0)*x(74) + (0)*x(81) =L= 1 ; (LHS = 0)
     

---- con532  =L=  

con532..  (0)*x(3) + (0)*x(44) + (0)*x(53) + (0)*x(94) =L= 1 ; (LHS = 0)
     

---- con533  =L=  

con533..  (0)*x(24) + (0)*x(30) + (0)*x(74) + (0)*x(80) =L= 1 ; (LHS = 0)
     

---- con534  =L=  

con534..  (0)*x(24) + (0)*x(29) + (0)*x(74) + (0)*x(79) =L= 1 ; (LHS = 0)
     

---- con535  =L=  

con535..  (0)*x(3) + (0)*x(45) + (0)*x(53) + (0)*x(95) =L= 1 ; (LHS = 0)
     

---- con536  =L=  

con536..  (0)*x(24) + (0)*x(28) + (0)*x(74) + (0)*x(78) =L= 1 ; (LHS = 0)
     

---- con537  =L=  

con537..  (0)*x(24) + (0)*x(27) + (0)*x(74) + (0)*x(77) =L= 1 ; (LHS = 0)
     

---- con538  =L=  

con538..  (0)*x(3) + (0)*x(46) + (0)*x(53) + (0)*x(96) =L= 1 ; (LHS = 0)
     

---- con539  =L=  

con539..  (0)*x(24) + (0)*x(26) + (0)*x(74) + (0)*x(76) =L= 1 ; (LHS = 0)
     

---- con540  =L=  

con540..  (0)*x(24) + (0)*x(25) + (0)*x(74) + (0)*x(75) =L= 1 ; (LHS = 0)
     

---- con541  =L=  

con541..  (0)*x(23) + (0)*x(50) + (0)*x(73) + (0)*x(100) =L= 1 ; (LHS = 0)
     

---- con542  =L=  

con542..  (0)*x(3) + (0)*x(47) + (0)*x(53) + (0)*x(97) =L= 1 ; (LHS = 0)
     

---- con543  =L=  

con543..  (0)*x(23) + (0)*x(49) + (0)*x(73) + (0)*x(99) =L= 1 ; (LHS = 0)
     

---- con544  =L=  

con544..  (0)*x(23) + (0)*x(48) + (0)*x(73) + (0)*x(98) =L= 1 ; (LHS = 0)
     

---- con545  =L=  

con545..  (0)*x(3) + (0)*x(48) + (0)*x(53) + (0)*x(98) =L= 1 ; (LHS = 0)
     

---- con546  =L=  

con546..  (0)*x(23) + (0)*x(47) + (0)*x(73) + (0)*x(97) =L= 1 ; (LHS = 0)
     

---- con547  =L=  

con547..  (0)*x(23) + (0)*x(46) + (0)*x(73) + (0)*x(96) =L= 1 ; (LHS = 0)
     

---- con548  =L=  

con548..  (0)*x(3) + (0)*x(49) + (0)*x(53) + (0)*x(99) =L= 1 ; (LHS = 0)
     

---- con549  =L=  

con549..  (0)*x(23) + (0)*x(45) + (0)*x(73) + (0)*x(95) =L= 1 ; (LHS = 0)
     

---- con550  =L=  

con550..  (0)*x(23) + (0)*x(44) + (0)*x(73) + (0)*x(94) =L= 1 ; (LHS = 0)
     

---- con551  =L=  

con551..  (0)*x(3) + (0)*x(50) + (0)*x(53) + (0)*x(100) =L= 1 ; (LHS = 0)
     

---- con552  =L=  

con552..  (0)*x(23) + (0)*x(43) + (0)*x(73) + (0)*x(93) =L= 1 ; (LHS = 0)
     

---- con553  =L=  

con553..  (0)*x(23) + (0)*x(42) + (0)*x(73) + (0)*x(92) =L= 1 ; (LHS = 0)
     

---- con554  =L=  

con554..  (0)*x(23) + (0)*x(41) + (0)*x(73) + (0)*x(91) =L= 1 ; (LHS = 0)
     

---- con555  =L=  

con555..  (0)*x(4) + (0)*x(5) + (0)*x(54) + (0)*x(55) =L= 1 ; (LHS = 0)
     

---- con556  =L=  

con556..  (0)*x(23) + (0)*x(40) + (0)*x(73) + (0)*x(90) =L= 1 ; (LHS = 0)
     

---- con557  =L=  

con557..  (0)*x(23) + (0)*x(39) + (0)*x(73) + (0)*x(89) =L= 1 ; (LHS = 0)
     

---- con558  =L=  

con558..  (0)*x(4) + (0)*x(6) + (0)*x(54) + (0)*x(56) =L= 1 ; (LHS = 0)
     

---- con559  =L=  

con559..  (0)*x(23) + (0)*x(38) + (0)*x(73) + (0)*x(88) =L= 1 ; (LHS = 0)
     

---- con560  =L=  

con560..  (0)*x(23) + (0)*x(37) + (0)*x(73) + (0)*x(87) =L= 1 ; (LHS = 0)
     

---- con561  =L=  

con561..  (0)*x(4) + (0)*x(7) + (0)*x(54) + (0)*x(57) =L= 1 ; (LHS = 0)
     

---- con562  =L=  

con562..  (0)*x(23) + (0)*x(36) + (0)*x(73) + (0)*x(86) =L= 1 ; (LHS = 0)
     

---- con563  =L=  

con563..  (0)*x(23) + (0)*x(35) + (0)*x(73) + (0)*x(85) =L= 1 ; (LHS = 0)
     

---- con564  =L=  

con564..  (0)*x(4) + (0)*x(8) + (0)*x(54) + (0)*x(58) =L= 1 ; (LHS = 0)
     

---- con565  =L=  

con565..  (0)*x(23) + (0)*x(34) + (0)*x(73) + (0)*x(84) =L= 1 ; (LHS = 0)
     

---- con566  =L=  

con566..  (0)*x(23) + (0)*x(33) + (0)*x(73) + (0)*x(83) =L= 1 ; (LHS = 0)
     

---- con567  =L=  

con567..  (0)*x(23) + (0)*x(32) + (0)*x(73) + (0)*x(82) =L= 1 ; (LHS = 0)
     

---- con568  =L=  

con568..  (0)*x(4) + (0)*x(9) + (0)*x(54) + (0)*x(59) =L= 1 ; (LHS = 0)
     

---- con569  =L=  

con569..  (0)*x(23) + (0)*x(31) + (0)*x(73) + (0)*x(81) =L= 1 ; (LHS = 0)
     

---- con570  =L=  

con570..  (0)*x(23) + (0)*x(30) + (0)*x(73) + (0)*x(80) =L= 1 ; (LHS = 0)
     

---- con571  =L=  

con571..  (0)*x(4) + (0)*x(10) + (0)*x(54) + (0)*x(60) =L= 1 ; (LHS = 0)
     

---- con572  =L=  

con572..  (0)*x(23) + (0)*x(29) + (0)*x(73) + (0)*x(79) =L= 1 ; (LHS = 0)
     

---- con573  =L=  

con573..  (0)*x(23) + (0)*x(28) + (0)*x(73) + (0)*x(78) =L= 1 ; (LHS = 0)
     

---- con574  =L=  

con574..  (0)*x(4) + (0)*x(11) + (0)*x(54) + (0)*x(61) =L= 1 ; (LHS = 0)
     

---- con575  =L=  

con575..  (0)*x(23) + (0)*x(27) + (0)*x(73) + (0)*x(77) =L= 1 ; (LHS = 0)
     

---- con576  =L=  

con576..  (0)*x(23) + (0)*x(26) + (0)*x(73) + (0)*x(76) =L= 1 ; (LHS = 0)
     

---- con577  =L=  

con577..  (0)*x(4) + (0)*x(12) + (0)*x(54) + (0)*x(62) =L= 1 ; (LHS = 0)
     

---- con578  =L=  

con578..  (0)*x(23) + (0)*x(25) + (0)*x(73) + (0)*x(75) =L= 1 ; (LHS = 0)
     

---- con579  =L=  

con579..  (0)*x(23) + (0)*x(24) + (0)*x(73) + (0)*x(74) =L= 1 ; (LHS = 0)
     

---- con580  =L=  

con580..  (0)*x(22) + (0)*x(50) + (0)*x(72) + (0)*x(100) =L= 1 ; (LHS = 0)
     

---- con581  =L=  

con581..  (0)*x(4) + (0)*x(13) + (0)*x(54) + (0)*x(63) =L= 1 ; (LHS = 0)
     

---- con582  =L=  

con582..  (0)*x(22) + (0)*x(49) + (0)*x(72) + (0)*x(99) =L= 1 ; (LHS = 0)
     

---- con583  =L=  

con583..  (0)*x(22) + (0)*x(48) + (0)*x(72) + (0)*x(98) =L= 1 ; (LHS = 0)
     

---- con584  =L=  

con584..  (0)*x(4) + (0)*x(14) + (0)*x(54) + (0)*x(64) =L= 1 ; (LHS = 0)
     

---- con585  =L=  

con585..  (0)*x(22) + (0)*x(47) + (0)*x(72) + (0)*x(97) =L= 1 ; (LHS = 0)
     

---- con586  =L=  

con586..  (0)*x(22) + (0)*x(46) + (0)*x(72) + (0)*x(96) =L= 1 ; (LHS = 0)
     

---- con587  =L=  

con587..  (0)*x(4) + (0)*x(15) + (0)*x(54) + (0)*x(65) =L= 1 ; (LHS = 0)
     

---- con588  =L=  

con588..  (0)*x(22) + (0)*x(45) + (0)*x(72) + (0)*x(95) =L= 1 ; (LHS = 0)
     

---- con589  =L=  

con589..  (0)*x(22) + (0)*x(44) + (0)*x(72) + (0)*x(94) =L= 1 ; (LHS = 0)
     

---- con590  =L=  

con590..  (0)*x(4) + (0)*x(16) + (0)*x(54) + (0)*x(66) =L= 1 ; (LHS = 0)
     

---- con591  =L=  

con591..  (0)*x(22) + (0)*x(43) + (0)*x(72) + (0)*x(93) =L= 1 ; (LHS = 0)
     

---- con592  =L=  

con592..  (0)*x(22) + (0)*x(42) + (0)*x(72) + (0)*x(92) =L= 1 ; (LHS = 0)
     

---- con593  =L=  

con593..  (0)*x(22) + (0)*x(41) + (0)*x(72) + (0)*x(91) =L= 1 ; (LHS = 0)
     

---- con594  =L=  

con594..  (0)*x(4) + (0)*x(17) + (0)*x(54) + (0)*x(67) =L= 1 ; (LHS = 0)
     

---- con595  =L=  

con595..  (0)*x(22) + (0)*x(40) + (0)*x(72) + (0)*x(90) =L= 1 ; (LHS = 0)
     

---- con596  =L=  

con596..  (0)*x(22) + (0)*x(39) + (0)*x(72) + (0)*x(89) =L= 1 ; (LHS = 0)
     

---- con597  =L=  

con597..  (0)*x(4) + (0)*x(18) + (0)*x(54) + (0)*x(68) =L= 1 ; (LHS = 0)
     

---- con598  =L=  

con598..  (0)*x(22) + (0)*x(38) + (0)*x(72) + (0)*x(88) =L= 1 ; (LHS = 0)
     

---- con599  =L=  

con599..  (0)*x(22) + (0)*x(37) + (0)*x(72) + (0)*x(87) =L= 1 ; (LHS = 0)
     

---- con600  =L=  

con600..  (0)*x(4) + (0)*x(19) + (0)*x(54) + (0)*x(69) =L= 1 ; (LHS = 0)
     

---- con601  =L=  

con601..  (0)*x(22) + (0)*x(36) + (0)*x(72) + (0)*x(86) =L= 1 ; (LHS = 0)
     

---- con602  =L=  

con602..  (0)*x(22) + (0)*x(35) + (0)*x(72) + (0)*x(85) =L= 1 ; (LHS = 0)
     

---- con603  =L=  

con603..  (0)*x(4) + (0)*x(20) + (0)*x(54) + (0)*x(70) =L= 1 ; (LHS = 0)
     

---- con604  =L=  

con604..  (0)*x(22) + (0)*x(34) + (0)*x(72) + (0)*x(84) =L= 1 ; (LHS = 0)
     

---- con605  =L=  

con605..  (0)*x(22) + (0)*x(33) + (0)*x(72) + (0)*x(83) =L= 1 ; (LHS = 0)
     

---- con606  =L=  

con606..  (0)*x(22) + (0)*x(32) + (0)*x(72) + (0)*x(82) =L= 1 ; (LHS = 0)
     

---- con607  =L=  

con607..  (0)*x(4) + (0)*x(21) + (0)*x(54) + (0)*x(71) =L= 1 ; (LHS = 0)
     

---- con608  =L=  

con608..  (0)*x(22) + (0)*x(31) + (0)*x(72) + (0)*x(81) =L= 1 ; (LHS = 0)
     

---- con609  =L=  

con609..  (0)*x(22) + (0)*x(30) + (0)*x(72) + (0)*x(80) =L= 1 ; (LHS = 0)
     

---- con610  =L=  

con610..  (0)*x(4) + (0)*x(22) + (0)*x(54) + (0)*x(72) =L= 1 ; (LHS = 0)
     

---- con611  =L=  

con611..  (0)*x(22) + (0)*x(29) + (0)*x(72) + (0)*x(79) =L= 1 ; (LHS = 0)
     

---- con612  =L=  

con612..  (0)*x(22) + (0)*x(28) + (0)*x(72) + (0)*x(78) =L= 1 ; (LHS = 0)
     

---- con613  =L=  

con613..  (0)*x(4) + (0)*x(23) + (0)*x(54) + (0)*x(73) =L= 1 ; (LHS = 0)
     

---- con614  =L=  

con614..  (0)*x(22) + (0)*x(27) + (0)*x(72) + (0)*x(77) =L= 1 ; (LHS = 0)
     

---- con615  =L=  

con615..  (0)*x(22) + (0)*x(26) + (0)*x(72) + (0)*x(76) =L= 1 ; (LHS = 0)
     

---- con616  =L=  

con616..  (0)*x(4) + (0)*x(24) + (0)*x(54) + (0)*x(74) =L= 1 ; (LHS = 0)
     

---- con617  =L=  

con617..  (0)*x(22) + (0)*x(25) + (0)*x(72) + (0)*x(75) =L= 1 ; (LHS = 0)
     

---- con618  =L=  

con618..  (0)*x(22) + (0)*x(24) + (0)*x(72) + (0)*x(74) =L= 1 ; (LHS = 0)
     

---- con619  =L=  

con619..  (0)*x(22) + (0)*x(23) + (0)*x(72) + (0)*x(73) =L= 1 ; (LHS = 0)
     

---- con620  =L=  

con620..  (0)*x(4) + (0)*x(25) + (0)*x(54) + (0)*x(75) =L= 1 ; (LHS = 0)
     

---- con621  =L=  

con621..  (0)*x(21) + (0)*x(50) + (0)*x(71) + (0)*x(100) =L= 1 ; (LHS = 0)
     

---- con622  =L=  

con622..  (0)*x(21) + (0)*x(49) + (0)*x(71) + (0)*x(99) =L= 1 ; (LHS = 0)
     

---- con623  =L=  

con623..  (0)*x(4) + (0)*x(26) + (0)*x(54) + (0)*x(76) =L= 1 ; (LHS = 0)
     

---- con624  =L=  

con624..  (0)*x(21) + (0)*x(48) + (0)*x(71) + (0)*x(98) =L= 1 ; (LHS = 0)
     

---- con625  =L=  

con625..  (0)*x(21) + (0)*x(47) + (0)*x(71) + (0)*x(97) =L= 1 ; (LHS = 0)
     

---- con626  =L=  

con626..  (0)*x(4) + (0)*x(27) + (0)*x(54) + (0)*x(77) =L= 1 ; (LHS = 0)
     

---- con627  =L=  

con627..  (0)*x(21) + (0)*x(46) + (0)*x(71) + (0)*x(96) =L= 1 ; (LHS = 0)
     

---- con628  =L=  

con628..  (0)*x(21) + (0)*x(45) + (0)*x(71) + (0)*x(95) =L= 1 ; (LHS = 0)
     

---- con629  =L=  

con629..  (0)*x(4) + (0)*x(28) + (0)*x(54) + (0)*x(78) =L= 1 ; (LHS = 0)
     

---- con630  =L=  

con630..  (0)*x(21) + (0)*x(44) + (0)*x(71) + (0)*x(94) =L= 1 ; (LHS = 0)
     

---- con631  =L=  

con631..  (0)*x(21) + (0)*x(43) + (0)*x(71) + (0)*x(93) =L= 1 ; (LHS = 0)
     

---- con632  =L=  

con632..  (0)*x(21) + (0)*x(42) + (0)*x(71) + (0)*x(92) =L= 1 ; (LHS = 0)
     

---- con633  =L=  

con633..  (0)*x(4) + (0)*x(29) + (0)*x(54) + (0)*x(79) =L= 1 ; (LHS = 0)
     

---- con634  =L=  

con634..  (0)*x(21) + (0)*x(41) + (0)*x(71) + (0)*x(91) =L= 1 ; (LHS = 0)
     

---- con635  =L=  

con635..  (0)*x(21) + (0)*x(40) + (0)*x(71) + (0)*x(90) =L= 1 ; (LHS = 0)
     

---- con636  =L=  

con636..  (0)*x(4) + (0)*x(30) + (0)*x(54) + (0)*x(80) =L= 1 ; (LHS = 0)
     

---- con637  =L=  

con637..  (0)*x(21) + (0)*x(39) + (0)*x(71) + (0)*x(89) =L= 1 ; (LHS = 0)
     

---- con638  =L=  

con638..  (0)*x(21) + (0)*x(38) + (0)*x(71) + (0)*x(88) =L= 1 ; (LHS = 0)
     

---- con639  =L=  

con639..  (0)*x(4) + (0)*x(31) + (0)*x(54) + (0)*x(81) =L= 1 ; (LHS = 0)
     

---- con640  =L=  

con640..  (0)*x(21) + (0)*x(37) + (0)*x(71) + (0)*x(87) =L= 1 ; (LHS = 0)
     

---- con641  =L=  

con641..  (0)*x(21) + (0)*x(36) + (0)*x(71) + (0)*x(86) =L= 1 ; (LHS = 0)
     

---- con642  =L=  

con642..  (0)*x(4) + (0)*x(32) + (0)*x(54) + (0)*x(82) =L= 1 ; (LHS = 0)
     

---- con643  =L=  

con643..  (0)*x(21) + (0)*x(35) + (0)*x(71) + (0)*x(85) =L= 1 ; (LHS = 0)
     

---- con644  =L=  

con644..  (0)*x(21) + (0)*x(34) + (0)*x(71) + (0)*x(84) =L= 1 ; (LHS = 0)
     

---- con645  =L=  

con645..  (0)*x(21) + (0)*x(33) + (0)*x(71) + (0)*x(83) =L= 1 ; (LHS = 0)
     

---- con646  =L=  

con646..  (0)*x(4) + (0)*x(33) + (0)*x(54) + (0)*x(83) =L= 1 ; (LHS = 0)
     

---- con647  =L=  

con647..  (0)*x(21) + (0)*x(32) + (0)*x(71) + (0)*x(82) =L= 1 ; (LHS = 0)
     

---- con648  =L=  

con648..  (0)*x(21) + (0)*x(31) + (0)*x(71) + (0)*x(81) =L= 1 ; (LHS = 0)
     

---- con649  =L=  

con649..  (0)*x(4) + (0)*x(34) + (0)*x(54) + (0)*x(84) =L= 1 ; (LHS = 0)
     

---- con650  =L=  

con650..  (0)*x(21) + (0)*x(30) + (0)*x(71) + (0)*x(80) =L= 1 ; (LHS = 0)
     

---- con651  =L=  

con651..  (0)*x(21) + (0)*x(29) + (0)*x(71) + (0)*x(79) =L= 1 ; (LHS = 0)
     

---- con652  =L=  

con652..  (0)*x(4) + (0)*x(35) + (0)*x(54) + (0)*x(85) =L= 1 ; (LHS = 0)
     

---- con653  =L=  

con653..  (0)*x(21) + (0)*x(28) + (0)*x(71) + (0)*x(78) =L= 1 ; (LHS = 0)
     

---- con654  =L=  

con654..  (0)*x(21) + (0)*x(27) + (0)*x(71) + (0)*x(77) =L= 1 ; (LHS = 0)
     

---- con655  =L=  

con655..  (0)*x(4) + (0)*x(36) + (0)*x(54) + (0)*x(86) =L= 1 ; (LHS = 0)
     

---- con656  =L=  

con656..  (0)*x(21) + (0)*x(26) + (0)*x(71) + (0)*x(76) =L= 1 ; (LHS = 0)
     

---- con657  =L=  

con657..  (0)*x(21) + (0)*x(25) + (0)*x(71) + (0)*x(75) =L= 1 ; (LHS = 0)
     

---- con658  =L=  

con658..  (0)*x(21) + (0)*x(24) + (0)*x(71) + (0)*x(74) =L= 1 ; (LHS = 0)
     

---- con659  =L=  

con659..  (0)*x(4) + (0)*x(37) + (0)*x(54) + (0)*x(87) =L= 1 ; (LHS = 0)
     

---- con660  =L=  

con660..  (0)*x(21) + (0)*x(23) + (0)*x(71) + (0)*x(73) =L= 1 ; (LHS = 0)
     

---- con661  =L=  

con661..  (0)*x(21) + (0)*x(22) + (0)*x(71) + (0)*x(72) =L= 1 ; (LHS = 0)
     

---- con662  =L=  

con662..  (0)*x(4) + (0)*x(38) + (0)*x(54) + (0)*x(88) =L= 1 ; (LHS = 0)
     

---- con663  =L=  

con663..  (0)*x(20) + (0)*x(50) + (0)*x(70) + (0)*x(100) =L= 1 ; (LHS = 0)
     

---- con664  =L=  

con664..  (0)*x(20) + (0)*x(49) + (0)*x(70) + (0)*x(99) =L= 1 ; (LHS = 0)
     

---- con665  =L=  

con665..  (0)*x(4) + (0)*x(39) + (0)*x(54) + (0)*x(89) =L= 1 ; (LHS = 0)
     

---- con666  =L=  

con666..  (0)*x(20) + (0)*x(48) + (0)*x(70) + (0)*x(98) =L= 1 ; (LHS = 0)
     

---- con667  =L=  

con667..  (0)*x(20) + (0)*x(47) + (0)*x(70) + (0)*x(97) =L= 1 ; (LHS = 0)
     

---- con668  =L=  

con668..  (0)*x(4) + (0)*x(40) + (0)*x(54) + (0)*x(90) =L= 1 ; (LHS = 0)
     

---- con669  =L=  

con669..  (0)*x(20) + (0)*x(46) + (0)*x(70) + (0)*x(96) =L= 1 ; (LHS = 0)
     

---- con670  =L=  

con670..  (0)*x(20) + (0)*x(45) + (0)*x(70) + (0)*x(95) =L= 1 ; (LHS = 0)
     

---- con671  =L=  

con671..  (0)*x(20) + (0)*x(44) + (0)*x(70) + (0)*x(94) =L= 1 ; (LHS = 0)
     

---- con672  =L=  

con672..  (0)*x(4) + (0)*x(41) + (0)*x(54) + (0)*x(91) =L= 1 ; (LHS = 0)
     

---- con673  =L=  

con673..  (0)*x(20) + (0)*x(43) + (0)*x(70) + (0)*x(93) =L= 1 ; (LHS = 0)
     

---- con674  =L=  

con674..  (0)*x(20) + (0)*x(42) + (0)*x(70) + (0)*x(92) =L= 1 ; (LHS = 0)
     

---- con675  =L=  

con675..  (0)*x(4) + (0)*x(42) + (0)*x(54) + (0)*x(92) =L= 1 ; (LHS = 0)
     

---- con676  =L=  

con676..  (0)*x(20) + (0)*x(41) + (0)*x(70) + (0)*x(91) =L= 1 ; (LHS = 0)
     

---- con677  =L=  

con677..  (0)*x(20) + (0)*x(40) + (0)*x(70) + (0)*x(90) =L= 1 ; (LHS = 0)
     

---- con678  =L=  

con678..  (0)*x(4) + (0)*x(43) + (0)*x(54) + (0)*x(93) =L= 1 ; (LHS = 0)
     

---- con679  =L=  

con679..  (0)*x(20) + (0)*x(39) + (0)*x(70) + (0)*x(89) =L= 1 ; (LHS = 0)
     

---- con680  =L=  

con680..  (0)*x(20) + (0)*x(38) + (0)*x(70) + (0)*x(88) =L= 1 ; (LHS = 0)
     

---- con681  =L=  

con681..  (0)*x(4) + (0)*x(44) + (0)*x(54) + (0)*x(94) =L= 1 ; (LHS = 0)
     

---- con682  =L=  

con682..  (0)*x(20) + (0)*x(37) + (0)*x(70) + (0)*x(87) =L= 1 ; (LHS = 0)
     

---- con683  =L=  

con683..  (0)*x(20) + (0)*x(36) + (0)*x(70) + (0)*x(86) =L= 1 ; (LHS = 0)
     

---- con684  =L=  

con684..  (0)*x(20) + (0)*x(35) + (0)*x(70) + (0)*x(85) =L= 1 ; (LHS = 0)
     

---- con685  =L=  

con685..  (0)*x(4) + (0)*x(45) + (0)*x(54) + (0)*x(95) =L= 1 ; (LHS = 0)
     

---- con686  =L=  

con686..  (0)*x(20) + (0)*x(34) + (0)*x(70) + (0)*x(84) =L= 1 ; (LHS = 0)
     

---- con687  =L=  

con687..  (0)*x(20) + (0)*x(33) + (0)*x(70) + (0)*x(83) =L= 1 ; (LHS = 0)
     

---- con688  =L=  

con688..  (0)*x(4) + (0)*x(46) + (0)*x(54) + (0)*x(96) =L= 1 ; (LHS = 0)
     

---- con689  =L=  

con689..  (0)*x(20) + (0)*x(32) + (0)*x(70) + (0)*x(82) =L= 1 ; (LHS = 0)
     

---- con690  =L=  

con690..  (0)*x(20) + (0)*x(31) + (0)*x(70) + (0)*x(81) =L= 1 ; (LHS = 0)
     

---- con691  =L=  

con691..  (0)*x(4) + (0)*x(47) + (0)*x(54) + (0)*x(97) =L= 1 ; (LHS = 0)
     

---- con692  =L=  

con692..  (0)*x(20) + (0)*x(30) + (0)*x(70) + (0)*x(80) =L= 1 ; (LHS = 0)
     

---- con693  =L=  

con693..  (0)*x(20) + (0)*x(29) + (0)*x(70) + (0)*x(79) =L= 1 ; (LHS = 0)
     

---- con694  =L=  

con694..  (0)*x(4) + (0)*x(48) + (0)*x(54) + (0)*x(98) =L= 1 ; (LHS = 0)
     

---- con695  =L=  

con695..  (0)*x(20) + (0)*x(28) + (0)*x(70) + (0)*x(78) =L= 1 ; (LHS = 0)
     

---- con696  =L=  

con696..  (0)*x(20) + (0)*x(27) + (0)*x(70) + (0)*x(77) =L= 1 ; (LHS = 0)
     

---- con697  =L=  

con697..  (0)*x(20) + (0)*x(26) + (0)*x(70) + (0)*x(76) =L= 1 ; (LHS = 0)
     

---- con698  =L=  

con698..  (0)*x(4) + (0)*x(49) + (0)*x(54) + (0)*x(99) =L= 1 ; (LHS = 0)
     

---- con699  =L=  

con699..  (0)*x(20) + (0)*x(25) + (0)*x(70) + (0)*x(75) =L= 1 ; (LHS = 0)
     

---- con700  =L=  

con700..  (0)*x(20) + (0)*x(24) + (0)*x(70) + (0)*x(74) =L= 1 ; (LHS = 0)
     

---- con701  =L=  

con701..  (0)*x(4) + (0)*x(50) + (0)*x(54) + (0)*x(100) =L= 1 ; (LHS = 0)
     

---- con702  =L=  

con702..  (0)*x(20) + (0)*x(23) + (0)*x(70) + (0)*x(73) =L= 1 ; (LHS = 0)
     

---- con703  =L=  

con703..  (0)*x(20) + (0)*x(22) + (0)*x(70) + (0)*x(72) =L= 1 ; (LHS = 0)
     

---- con704  =L=  

con704..  (0)*x(5) + (0)*x(6) + (0)*x(55) + (0)*x(56) =L= 1 ; (LHS = 0)
     

---- con705  =L=  

con705..  (0)*x(20) + (0)*x(21) + (0)*x(70) + (0)*x(71) =L= 1 ; (LHS = 0)
     

---- con706  =L=  

con706..  (0)*x(19) + (0)*x(50) + (0)*x(69) + (0)*x(100) =L= 1 ; (LHS = 0)
     

---- con707  =L=  

con707..  (0)*x(5) + (0)*x(7) + (0)*x(55) + (0)*x(57) =L= 1 ; (LHS = 0)
     

---- con708  =L=  

con708..  (0)*x(19) + (0)*x(49) + (0)*x(69) + (0)*x(99) =L= 1 ; (LHS = 0)
     

---- con709  =L=  

con709..  (0)*x(19) + (0)*x(48) + (0)*x(69) + (0)*x(98) =L= 1 ; (LHS = 0)
     

---- con710  =L=  

con710..  (0)*x(19) + (0)*x(47) + (0)*x(69) + (0)*x(97) =L= 1 ; (LHS = 0)
     

---- con711  =L=  

con711..  (0)*x(5) + (0)*x(8) + (0)*x(55) + (0)*x(58) =L= 1 ; (LHS = 0)
     

---- con712  =L=  

con712..  (0)*x(19) + (0)*x(46) + (0)*x(69) + (0)*x(96) =L= 1 ; (LHS = 0)
     

---- con713  =L=  

con713..  (0)*x(19) + (0)*x(45) + (0)*x(69) + (0)*x(95) =L= 1 ; (LHS = 0)
     

---- con714  =L=  

con714..  (0)*x(5) + (0)*x(9) + (0)*x(55) + (0)*x(59) =L= 1 ; (LHS = 0)
     

---- con715  =L=  

con715..  (0)*x(19) + (0)*x(44) + (0)*x(69) + (0)*x(94) =L= 1 ; (LHS = 0)
     

---- con716  =L=  

con716..  (0)*x(19) + (0)*x(43) + (0)*x(69) + (0)*x(93) =L= 1 ; (LHS = 0)
     

---- con717  =L=  

con717..  (0)*x(5) + (0)*x(10) + (0)*x(55) + (0)*x(60) =L= 1 ; (LHS = 0)
     

---- con718  =L=  

con718..  (0)*x(19) + (0)*x(42) + (0)*x(69) + (0)*x(92) =L= 1 ; (LHS = 0)
     

---- con719  =L=  

con719..  (0)*x(19) + (0)*x(41) + (0)*x(69) + (0)*x(91) =L= 1 ; (LHS = 0)
     

---- con720  =L=  

con720..  (0)*x(5) + (0)*x(11) + (0)*x(55) + (0)*x(61) =L= 1 ; (LHS = 0)
     

---- con721  =L=  

con721..  (0)*x(19) + (0)*x(40) + (0)*x(69) + (0)*x(90) =L= 1 ; (LHS = 0)
     

---- con722  =L=  

con722..  (0)*x(19) + (0)*x(39) + (0)*x(69) + (0)*x(89) =L= 1 ; (LHS = 0)
     

---- con723  =L=  

con723..  (0)*x(19) + (0)*x(38) + (0)*x(69) + (0)*x(88) =L= 1 ; (LHS = 0)
     

---- con724  =L=  

con724..  (0)*x(5) + (0)*x(12) + (0)*x(55) + (0)*x(62) =L= 1 ; (LHS = 0)
     

---- con725  =L=  

con725..  (0)*x(19) + (0)*x(37) + (0)*x(69) + (0)*x(87) =L= 1 ; (LHS = 0)
     

---- con726  =L=  

con726..  (0)*x(19) + (0)*x(36) + (0)*x(69) + (0)*x(86) =L= 1 ; (LHS = 0)
     

---- con727  =L=  

con727..  (0)*x(5) + (0)*x(13) + (0)*x(55) + (0)*x(63) =L= 1 ; (LHS = 0)
     

---- con728  =L=  

con728..  (0)*x(19) + (0)*x(35) + (0)*x(69) + (0)*x(85) =L= 1 ; (LHS = 0)
     

---- con729  =L=  

con729..  (0)*x(19) + (0)*x(34) + (0)*x(69) + (0)*x(84) =L= 1 ; (LHS = 0)
     

---- con730  =L=  

con730..  (0)*x(5) + (0)*x(14) + (0)*x(55) + (0)*x(64) =L= 1 ; (LHS = 0)
     

---- con731  =L=  

con731..  (0)*x(19) + (0)*x(33) + (0)*x(69) + (0)*x(83) =L= 1 ; (LHS = 0)
     

---- con732  =L=  

con732..  (0)*x(19) + (0)*x(32) + (0)*x(69) + (0)*x(82) =L= 1 ; (LHS = 0)
     

---- con733  =L=  

con733..  (0)*x(5) + (0)*x(15) + (0)*x(55) + (0)*x(65) =L= 1 ; (LHS = 0)
     

---- con734  =L=  

con734..  (0)*x(19) + (0)*x(31) + (0)*x(69) + (0)*x(81) =L= 1 ; (LHS = 0)
     

---- con735  =L=  

con735..  (0)*x(19) + (0)*x(30) + (0)*x(69) + (0)*x(80) =L= 1 ; (LHS = 0)
     

---- con736  =L=  

con736..  (0)*x(19) + (0)*x(29) + (0)*x(69) + (0)*x(79) =L= 1 ; (LHS = 0)
     

---- con737  =L=  

con737..  (0)*x(5) + (0)*x(16) + (0)*x(55) + (0)*x(66) =L= 1 ; (LHS = 0)
     

---- con738  =L=  

con738..  (0)*x(19) + (0)*x(28) + (0)*x(69) + (0)*x(78) =L= 1 ; (LHS = 0)
     

---- con739  =L=  

con739..  (0)*x(19) + (0)*x(27) + (0)*x(69) + (0)*x(77) =L= 1 ; (LHS = 0)
     

---- con740  =L=  

con740..  (0)*x(5) + (0)*x(17) + (0)*x(55) + (0)*x(67) =L= 1 ; (LHS = 0)
     

---- con741  =L=  

con741..  (0)*x(19) + (0)*x(26) + (0)*x(69) + (0)*x(76) =L= 1 ; (LHS = 0)
     

---- con742  =L=  

con742..  (0)*x(19) + (0)*x(25) + (0)*x(69) + (0)*x(75) =L= 1 ; (LHS = 0)
     

---- con743  =L=  

con743..  (0)*x(5) + (0)*x(18) + (0)*x(55) + (0)*x(68) =L= 1 ; (LHS = 0)
     

---- con744  =L=  

con744..  (0)*x(19) + (0)*x(24) + (0)*x(69) + (0)*x(74) =L= 1 ; (LHS = 0)
     

---- con745  =L=  

con745..  (0)*x(19) + (0)*x(23) + (0)*x(69) + (0)*x(73) =L= 1 ; (LHS = 0)
     

---- con746  =L=  

con746..  (0)*x(5) + (0)*x(19) + (0)*x(55) + (0)*x(69) =L= 1 ; (LHS = 0)
     

---- con747  =L=  

con747..  (0)*x(19) + (0)*x(22) + (0)*x(69) + (0)*x(72) =L= 1 ; (LHS = 0)
     

---- con748  =L=  

con748..  (0)*x(19) + (0)*x(21) + (0)*x(69) + (0)*x(71) =L= 1 ; (LHS = 0)
     

---- con749  =L=  

con749..  (0)*x(19) + (0)*x(20) + (0)*x(69) + (0)*x(70) =L= 1 ; (LHS = 0)
     

---- con750  =L=  

con750..  (0)*x(5) + (0)*x(20) + (0)*x(55) + (0)*x(70) =L= 1 ; (LHS = 0)
     

---- con751  =L=  

con751..  (0)*x(18) + (0)*x(50) + (0)*x(68) + (0)*x(100) =L= 1 ; (LHS = 0)
     

---- con752  =L=  

con752..  (0)*x(18) + (0)*x(49) + (0)*x(68) + (0)*x(99) =L= 1 ; (LHS = 0)
     

---- con753  =L=  

con753..  (0)*x(5) + (0)*x(21) + (0)*x(55) + (0)*x(71) =L= 1 ; (LHS = 0)
     

---- con754  =L=  

con754..  (0)*x(18) + (0)*x(48) + (0)*x(68) + (0)*x(98) =L= 1 ; (LHS = 0)
     

---- con755  =L=  

con755..  (0)*x(18) + (0)*x(47) + (0)*x(68) + (0)*x(97) =L= 1 ; (LHS = 0)
     

---- con756  =L=  

con756..  (0)*x(5) + (0)*x(22) + (0)*x(55) + (0)*x(72) =L= 1 ; (LHS = 0)
     

---- con757  =L=  

con757..  (0)*x(18) + (0)*x(46) + (0)*x(68) + (0)*x(96) =L= 1 ; (LHS = 0)
     

---- con758  =L=  

con758..  (0)*x(18) + (0)*x(45) + (0)*x(68) + (0)*x(95) =L= 1 ; (LHS = 0)
     

---- con759  =L=  

con759..  (0)*x(5) + (0)*x(23) + (0)*x(55) + (0)*x(73) =L= 1 ; (LHS = 0)
     

---- con760  =L=  

con760..  (0)*x(18) + (0)*x(44) + (0)*x(68) + (0)*x(94) =L= 1 ; (LHS = 0)
     

---- con761  =L=  

con761..  (0)*x(18) + (0)*x(43) + (0)*x(68) + (0)*x(93) =L= 1 ; (LHS = 0)
     

---- con762  =L=  

con762..  (0)*x(18) + (0)*x(42) + (0)*x(68) + (0)*x(92) =L= 1 ; (LHS = 0)
     

---- con763  =L=  

con763..  (0)*x(5) + (0)*x(24) + (0)*x(55) + (0)*x(74) =L= 1 ; (LHS = 0)
     

---- con764  =L=  

con764..  (0)*x(18) + (0)*x(41) + (0)*x(68) + (0)*x(91) =L= 1 ; (LHS = 0)
     

---- con765  =L=  

con765..  (0)*x(18) + (0)*x(40) + (0)*x(68) + (0)*x(90) =L= 1 ; (LHS = 0)
     

---- con766  =L=  

con766..  (0)*x(5) + (0)*x(25) + (0)*x(55) + (0)*x(75) =L= 1 ; (LHS = 0)
     

---- con767  =L=  

con767..  (0)*x(18) + (0)*x(39) + (0)*x(68) + (0)*x(89) =L= 1 ; (LHS = 0)
     

---- con768  =L=  

con768..  (0)*x(18) + (0)*x(38) + (0)*x(68) + (0)*x(88) =L= 1 ; (LHS = 0)
     

---- con769  =L=  

con769..  (0)*x(5) + (0)*x(26) + (0)*x(55) + (0)*x(76) =L= 1 ; (LHS = 0)
     

---- con770  =L=  

con770..  (0)*x(18) + (0)*x(37) + (0)*x(68) + (0)*x(87) =L= 1 ; (LHS = 0)
     

---- con771  =L=  

con771..  (0)*x(18) + (0)*x(36) + (0)*x(68) + (0)*x(86) =L= 1 ; (LHS = 0)
     

---- con772  =L=  

con772..  (0)*x(5) + (0)*x(27) + (0)*x(55) + (0)*x(77) =L= 1 ; (LHS = 0)
     

---- con773  =L=  

con773..  (0)*x(18) + (0)*x(35) + (0)*x(68) + (0)*x(85) =L= 1 ; (LHS = 0)
     

---- con774  =L=  

con774..  (0)*x(18) + (0)*x(34) + (0)*x(68) + (0)*x(84) =L= 1 ; (LHS = 0)
     

---- con775  =L=  

con775..  (0)*x(18) + (0)*x(33) + (0)*x(68) + (0)*x(83) =L= 1 ; (LHS = 0)
     

---- con776  =L=  

con776..  (0)*x(5) + (0)*x(28) + (0)*x(55) + (0)*x(78) =L= 1 ; (LHS = 0)
     

---- con777  =L=  

con777..  (0)*x(18) + (0)*x(32) + (0)*x(68) + (0)*x(82) =L= 1 ; (LHS = 0)
     

---- con778  =L=  

con778..  (0)*x(18) + (0)*x(31) + (0)*x(68) + (0)*x(81) =L= 1 ; (LHS = 0)
     

---- con779  =L=  

con779..  (0)*x(5) + (0)*x(29) + (0)*x(55) + (0)*x(79) =L= 1 ; (LHS = 0)
     

---- con780  =L=  

con780..  (0)*x(18) + (0)*x(30) + (0)*x(68) + (0)*x(80) =L= 1 ; (LHS = 0)
     

---- con781  =L=  

con781..  (0)*x(18) + (0)*x(29) + (0)*x(68) + (0)*x(79) =L= 1 ; (LHS = 0)
     

---- con782  =L=  

con782..  (0)*x(5) + (0)*x(30) + (0)*x(55) + (0)*x(80) =L= 1 ; (LHS = 0)
     

---- con783  =L=  

con783..  (0)*x(18) + (0)*x(28) + (0)*x(68) + (0)*x(78) =L= 1 ; (LHS = 0)
     

---- con784  =L=  

con784..  (0)*x(18) + (0)*x(27) + (0)*x(68) + (0)*x(77) =L= 1 ; (LHS = 0)
     

---- con785  =L=  

con785..  (0)*x(5) + (0)*x(31) + (0)*x(55) + (0)*x(81) =L= 1 ; (LHS = 0)
     

---- con786  =L=  

con786..  (0)*x(18) + (0)*x(26) + (0)*x(68) + (0)*x(76) =L= 1 ; (LHS = 0)
     

---- con787  =L=  

con787..  (0)*x(18) + (0)*x(25) + (0)*x(68) + (0)*x(75) =L= 1 ; (LHS = 0)
     

---- con788  =L=  

con788..  (0)*x(18) + (0)*x(24) + (0)*x(68) + (0)*x(74) =L= 1 ; (LHS = 0)
     

---- con789  =L=  

con789..  (0)*x(5) + (0)*x(32) + (0)*x(55) + (0)*x(82) =L= 1 ; (LHS = 0)
     

---- con790  =L=  

con790..  (0)*x(18) + (0)*x(23) + (0)*x(68) + (0)*x(73) =L= 1 ; (LHS = 0)
     

---- con791  =L=  

con791..  (0)*x(18) + (0)*x(22) + (0)*x(68) + (0)*x(72) =L= 1 ; (LHS = 0)
     

---- con792  =L=  

con792..  (0)*x(5) + (0)*x(33) + (0)*x(55) + (0)*x(83) =L= 1 ; (LHS = 0)
     

---- con793  =L=  

con793..  (0)*x(18) + (0)*x(21) + (0)*x(68) + (0)*x(71) =L= 1 ; (LHS = 0)
     

---- con794  =L=  

con794..  (0)*x(18) + (0)*x(20) + (0)*x(68) + (0)*x(70) =L= 1 ; (LHS = 0)
     

---- con795  =L=  

con795..  (0)*x(5) + (0)*x(34) + (0)*x(55) + (0)*x(84) =L= 1 ; (LHS = 0)
     

---- con796  =L=  

con796..  (0)*x(18) + (0)*x(19) + (0)*x(68) + (0)*x(69) =L= 1 ; (LHS = 0)
     

---- con797  =L=  

con797..  (0)*x(17) + (0)*x(50) + (0)*x(67) + (0)*x(100) =L= 1 ; (LHS = 0)
     

---- con798  =L=  

con798..  (0)*x(5) + (0)*x(35) + (0)*x(55) + (0)*x(85) =L= 1 ; (LHS = 0)
     

---- con799  =L=  

con799..  (0)*x(17) + (0)*x(49) + (0)*x(67) + (0)*x(99) =L= 1 ; (LHS = 0)
     

---- con800  =L=  

con800..  (0)*x(17) + (0)*x(48) + (0)*x(67) + (0)*x(98) =L= 1 ; (LHS = 0)
     

---- con801  =L=  

con801..  (0)*x(17) + (0)*x(47) + (0)*x(67) + (0)*x(97) =L= 1 ; (LHS = 0)
     

---- con802  =L=  

con802..  (0)*x(5) + (0)*x(36) + (0)*x(55) + (0)*x(86) =L= 1 ; (LHS = 0)
     

---- con803  =L=  

con803..  (0)*x(17) + (0)*x(46) + (0)*x(67) + (0)*x(96) =L= 1 ; (LHS = 0)
     

---- con804  =L=  

con804..  (0)*x(17) + (0)*x(45) + (0)*x(67) + (0)*x(95) =L= 1 ; (LHS = 0)
     

---- con805  =L=  

con805..  (0)*x(5) + (0)*x(37) + (0)*x(55) + (0)*x(87) =L= 1 ; (LHS = 0)
     

---- con806  =L=  

con806..  (0)*x(17) + (0)*x(44) + (0)*x(67) + (0)*x(94) =L= 1 ; (LHS = 0)
     

---- con807  =L=  

con807..  (0)*x(17) + (0)*x(43) + (0)*x(67) + (0)*x(93) =L= 1 ; (LHS = 0)
     

---- con808  =L=  

con808..  (0)*x(5) + (0)*x(38) + (0)*x(55) + (0)*x(88) =L= 1 ; (LHS = 0)
     

---- con809  =L=  

con809..  (0)*x(17) + (0)*x(42) + (0)*x(67) + (0)*x(92) =L= 1 ; (LHS = 0)
     

---- con810  =L=  

con810..  (0)*x(17) + (0)*x(41) + (0)*x(67) + (0)*x(91) =L= 1 ; (LHS = 0)
     

---- con811  =L=  

con811..  (0)*x(5) + (0)*x(39) + (0)*x(55) + (0)*x(89) =L= 1 ; (LHS = 0)
     

---- con812  =L=  

con812..  (0)*x(17) + (0)*x(40) + (0)*x(67) + (0)*x(90) =L= 1 ; (LHS = 0)
     

---- con813  =L=  

con813..  (0)*x(17) + (0)*x(39) + (0)*x(67) + (0)*x(89) =L= 1 ; (LHS = 0)
     

---- con814  =L=  

con814..  (0)*x(17) + (0)*x(38) + (0)*x(67) + (0)*x(88) =L= 1 ; (LHS = 0)
     

---- con815  =L=  

con815..  (0)*x(5) + (0)*x(40) + (0)*x(55) + (0)*x(90) =L= 1 ; (LHS = 0)
     

---- con816  =L=  

con816..  (0)*x(17) + (0)*x(37) + (0)*x(67) + (0)*x(87) =L= 1 ; (LHS = 0)
     

---- con817  =L=  

con817..  (0)*x(17) + (0)*x(36) + (0)*x(67) + (0)*x(86) =L= 1 ; (LHS = 0)
     

---- con818  =L=  

con818..  (0)*x(5) + (0)*x(41) + (0)*x(55) + (0)*x(91) =L= 1 ; (LHS = 0)
     

---- con819  =L=  

con819..  (0)*x(17) + (0)*x(35) + (0)*x(67) + (0)*x(85) =L= 1 ; (LHS = 0)
     

---- con820  =L=  

con820..  (0)*x(17) + (0)*x(34) + (0)*x(67) + (0)*x(84) =L= 1 ; (LHS = 0)
     

---- con821  =L=  

con821..  (0)*x(5) + (0)*x(42) + (0)*x(55) + (0)*x(92) =L= 1 ; (LHS = 0)
     

---- con822  =L=  

con822..  (0)*x(17) + (0)*x(33) + (0)*x(67) + (0)*x(83) =L= 1 ; (LHS = 0)
     

---- con823  =L=  

con823..  (0)*x(17) + (0)*x(32) + (0)*x(67) + (0)*x(82) =L= 1 ; (LHS = 0)
     

---- con824  =L=  

con824..  (0)*x(5) + (0)*x(43) + (0)*x(55) + (0)*x(93) =L= 1 ; (LHS = 0)
     

---- con825  =L=  

con825..  (0)*x(17) + (0)*x(31) + (0)*x(67) + (0)*x(81) =L= 1 ; (LHS = 0)
     

---- con826  =L=  

con826..  (0)*x(17) + (0)*x(30) + (0)*x(67) + (0)*x(80) =L= 1 ; (LHS = 0)
     

---- con827  =L=  

con827..  (0)*x(17) + (0)*x(29) + (0)*x(67) + (0)*x(79) =L= 1 ; (LHS = 0)
     

---- con828  =L=  

con828..  (0)*x(5) + (0)*x(44) + (0)*x(55) + (0)*x(94) =L= 1 ; (LHS = 0)
     

---- con829  =L=  

con829..  (0)*x(17) + (0)*x(28) + (0)*x(67) + (0)*x(78) =L= 1 ; (LHS = 0)
     

---- con830  =L=  

con830..  (0)*x(17) + (0)*x(27) + (0)*x(67) + (0)*x(77) =L= 1 ; (LHS = 0)
     

---- con831  =L=  

con831..  (0)*x(5) + (0)*x(45) + (0)*x(55) + (0)*x(95) =L= 1 ; (LHS = 0)
     

---- con832  =L=  

con832..  (0)*x(17) + (0)*x(26) + (0)*x(67) + (0)*x(76) =L= 1 ; (LHS = 0)
     

---- con833  =L=  

con833..  (0)*x(17) + (0)*x(25) + (0)*x(67) + (0)*x(75) =L= 1 ; (LHS = 0)
     

---- con834  =L=  

con834..  (0)*x(5) + (0)*x(46) + (0)*x(55) + (0)*x(96) =L= 1 ; (LHS = 0)
     

---- con835  =L=  

con835..  (0)*x(17) + (0)*x(24) + (0)*x(67) + (0)*x(74) =L= 1 ; (LHS = 0)
     

---- con836  =L=  

con836..  (0)*x(17) + (0)*x(23) + (0)*x(67) + (0)*x(73) =L= 1 ; (LHS = 0)
     

---- con837  =L=  

con837..  (0)*x(5) + (0)*x(47) + (0)*x(55) + (0)*x(97) =L= 1 ; (LHS = 0)
     

---- con838  =L=  

con838..  (0)*x(17) + (0)*x(22) + (0)*x(67) + (0)*x(72) =L= 1 ; (LHS = 0)
     

---- con839  =L=  

con839..  (0)*x(17) + (0)*x(21) + (0)*x(67) + (0)*x(71) =L= 1 ; (LHS = 0)
     

---- con840  =L=  

con840..  (0)*x(17) + (0)*x(20) + (0)*x(67) + (0)*x(70) =L= 1 ; (LHS = 0)
     

---- con841  =L=  

con841..  (0)*x(5) + (0)*x(48) + (0)*x(55) + (0)*x(98) =L= 1 ; (LHS = 0)
     

---- con842  =L=  

con842..  (0)*x(17) + (0)*x(19) + (0)*x(67) + (0)*x(69) =L= 1 ; (LHS = 0)
     

---- con843  =L=  

con843..  (0)*x(17) + (0)*x(18) + (0)*x(67) + (0)*x(68) =L= 1 ; (LHS = 0)
     

---- con844  =L=  

con844..  (0)*x(5) + (0)*x(49) + (0)*x(55) + (0)*x(99) =L= 1 ; (LHS = 0)
     

---- con845  =L=  

con845..  (0)*x(16) + (0)*x(50) + (0)*x(66) + (0)*x(100) =L= 1 ; (LHS = 0)
     

---- con846  =L=  

con846..  (0)*x(16) + (0)*x(49) + (0)*x(66) + (0)*x(99) =L= 1 ; (LHS = 0)
     

---- con847  =L=  

con847..  (0)*x(5) + (0)*x(50) + (0)*x(55) + (0)*x(100) =L= 1 ; (LHS = 0)
     

---- con848  =L=  

con848..  (0)*x(16) + (0)*x(48) + (0)*x(66) + (0)*x(98) =L= 1 ; (LHS = 0)
     

---- con849  =L=  

con849..  (0)*x(16) + (0)*x(47) + (0)*x(66) + (0)*x(97) =L= 1 ; (LHS = 0)
     

---- con850  =L=  

con850..  (0)*x(6) + (0)*x(7) + (0)*x(56) + (0)*x(57) =L= 1 ; (LHS = 0)
     

---- con851  =L=  

con851..  (0)*x(16) + (0)*x(46) + (0)*x(66) + (0)*x(96) =L= 1 ; (LHS = 0)
     

---- con852  =L=  

con852..  (0)*x(16) + (0)*x(45) + (0)*x(66) + (0)*x(95) =L= 1 ; (LHS = 0)
     

---- con853  =L=  

con853..  (0)*x(16) + (0)*x(44) + (0)*x(66) + (0)*x(94) =L= 1 ; (LHS = 0)
     

---- con854  =L=  

con854..  (0)*x(6) + (0)*x(8) + (0)*x(56) + (0)*x(58) =L= 1 ; (LHS = 0)
     

---- con855  =L=  

con855..  (0)*x(16) + (0)*x(43) + (0)*x(66) + (0)*x(93) =L= 1 ; (LHS = 0)
     

---- con856  =L=  

con856..  (0)*x(16) + (0)*x(42) + (0)*x(66) + (0)*x(92) =L= 1 ; (LHS = 0)
     

---- con857  =L=  

con857..  (0)*x(6) + (0)*x(9) + (0)*x(56) + (0)*x(59) =L= 1 ; (LHS = 0)
     

---- con858  =L=  

con858..  (0)*x(16) + (0)*x(41) + (0)*x(66) + (0)*x(91) =L= 1 ; (LHS = 0)
     

---- con859  =L=  

con859..  (0)*x(16) + (0)*x(40) + (0)*x(66) + (0)*x(90) =L= 1 ; (LHS = 0)
     

---- con860  =L=  

con860..  (0)*x(6) + (0)*x(10) + (0)*x(56) + (0)*x(60) =L= 1 ; (LHS = 0)
     

---- con861  =L=  

con861..  (0)*x(16) + (0)*x(39) + (0)*x(66) + (0)*x(89) =L= 1 ; (LHS = 0)
     

---- con862  =L=  

con862..  (0)*x(16) + (0)*x(38) + (0)*x(66) + (0)*x(88) =L= 1 ; (LHS = 0)
     

---- con863  =L=  

con863..  (0)*x(6) + (0)*x(11) + (0)*x(56) + (0)*x(61) =L= 1 ; (LHS = 0)
     

---- con864  =L=  

con864..  (0)*x(16) + (0)*x(37) + (0)*x(66) + (0)*x(87) =L= 1 ; (LHS = 0)
     

---- con865  =L=  

con865..  (0)*x(16) + (0)*x(36) + (0)*x(66) + (0)*x(86) =L= 1 ; (LHS = 0)
     

---- con866  =L=  

con866..  (0)*x(16) + (0)*x(35) + (0)*x(66) + (0)*x(85) =L= 1 ; (LHS = 0)
     

---- con867  =L=  

con867..  (0)*x(6) + (0)*x(12) + (0)*x(56) + (0)*x(62) =L= 1 ; (LHS = 0)
     

---- con868  =L=  

con868..  (0)*x(16) + (0)*x(34) + (0)*x(66) + (0)*x(84) =L= 1 ; (LHS = 0)
     

---- con869  =L=  

con869..  (0)*x(16) + (0)*x(33) + (0)*x(66) + (0)*x(83) =L= 1 ; (LHS = 0)
     

---- con870  =L=  

con870..  (0)*x(6) + (0)*x(13) + (0)*x(56) + (0)*x(63) =L= 1 ; (LHS = 0)
     

---- con871  =L=  

con871..  (0)*x(16) + (0)*x(32) + (0)*x(66) + (0)*x(82) =L= 1 ; (LHS = 0)
     

---- con872  =L=  

con872..  (0)*x(16) + (0)*x(31) + (0)*x(66) + (0)*x(81) =L= 1 ; (LHS = 0)
     

---- con873  =L=  

con873..  (0)*x(6) + (0)*x(14) + (0)*x(56) + (0)*x(64) =L= 1 ; (LHS = 0)
     

---- con874  =L=  

con874..  (0)*x(16) + (0)*x(30) + (0)*x(66) + (0)*x(80) =L= 1 ; (LHS = 0)
     

---- con875  =L=  

con875..  (0)*x(16) + (0)*x(29) + (0)*x(66) + (0)*x(79) =L= 1 ; (LHS = 0)
     

---- con876  =L=  

con876..  (0)*x(6) + (0)*x(15) + (0)*x(56) + (0)*x(65) =L= 1 ; (LHS = 0)
     

---- con877  =L=  

con877..  (0)*x(16) + (0)*x(28) + (0)*x(66) + (0)*x(78) =L= 1 ; (LHS = 0)
     

---- con878  =L=  

con878..  (0)*x(16) + (0)*x(27) + (0)*x(66) + (0)*x(77) =L= 1 ; (LHS = 0)
     

---- con879  =L=  

con879..  (0)*x(16) + (0)*x(26) + (0)*x(66) + (0)*x(76) =L= 1 ; (LHS = 0)
     

---- con880  =L=  

con880..  (0)*x(6) + (0)*x(16) + (0)*x(56) + (0)*x(66) =L= 1 ; (LHS = 0)
     

---- con881  =L=  

con881..  (0)*x(16) + (0)*x(25) + (0)*x(66) + (0)*x(75) =L= 1 ; (LHS = 0)
     

---- con882  =L=  

con882..  (0)*x(16) + (0)*x(24) + (0)*x(66) + (0)*x(74) =L= 1 ; (LHS = 0)
     

---- con883  =L=  

con883..  (0)*x(6) + (0)*x(17) + (0)*x(56) + (0)*x(67) =L= 1 ; (LHS = 0)
     

---- con884  =L=  

con884..  (0)*x(16) + (0)*x(23) + (0)*x(66) + (0)*x(73) =L= 1 ; (LHS = 0)
     

---- con885  =L=  

con885..  (0)*x(16) + (0)*x(22) + (0)*x(66) + (0)*x(72) =L= 1 ; (LHS = 0)
     

---- con886  =L=  

con886..  (0)*x(6) + (0)*x(18) + (0)*x(56) + (0)*x(68) =L= 1 ; (LHS = 0)
     

---- con887  =L=  

con887..  (0)*x(16) + (0)*x(21) + (0)*x(66) + (0)*x(71) =L= 1 ; (LHS = 0)
     

---- con888  =L=  

con888..  (0)*x(16) + (0)*x(20) + (0)*x(66) + (0)*x(70) =L= 1 ; (LHS = 0)
     

---- con889  =L=  

con889..  (0)*x(6) + (0)*x(19) + (0)*x(56) + (0)*x(69) =L= 1 ; (LHS = 0)
     

---- con890  =L=  

con890..  (0)*x(16) + (0)*x(19) + (0)*x(66) + (0)*x(69) =L= 1 ; (LHS = 0)
     

---- con891  =L=  

con891..  (0)*x(16) + (0)*x(18) + (0)*x(66) + (0)*x(68) =L= 1 ; (LHS = 0)
     

---- con892  =L=  

con892..  (0)*x(16) + (0)*x(17) + (0)*x(66) + (0)*x(67) =L= 1 ; (LHS = 0)
     

---- con893  =L=  

con893..  (0)*x(6) + (0)*x(20) + (0)*x(56) + (0)*x(70) =L= 1 ; (LHS = 0)
     

---- con894  =L=  

con894..  (0)*x(15) + (0)*x(50) + (0)*x(65) + (0)*x(100) =L= 1 ; (LHS = 0)
     

---- con895  =L=  

con895..  (0)*x(15) + (0)*x(49) + (0)*x(65) + (0)*x(99) =L= 1 ; (LHS = 0)
     

---- con896  =L=  

con896..  (0)*x(6) + (0)*x(21) + (0)*x(56) + (0)*x(71) =L= 1 ; (LHS = 0)
     

---- con897  =L=  

con897..  (0)*x(15) + (0)*x(48) + (0)*x(65) + (0)*x(98) =L= 1 ; (LHS = 0)
     

---- con898  =L=  

con898..  (0)*x(15) + (0)*x(47) + (0)*x(65) + (0)*x(97) =L= 1 ; (LHS = 0)
     

---- con899  =L=  

con899..  (0)*x(6) + (0)*x(22) + (0)*x(56) + (0)*x(72) =L= 1 ; (LHS = 0)
     

---- con900  =L=  

con900..  (0)*x(15) + (0)*x(46) + (0)*x(65) + (0)*x(96) =L= 1 ; (LHS = 0)
     

---- con901  =L=  

con901..  (0)*x(15) + (0)*x(45) + (0)*x(65) + (0)*x(95) =L= 1 ; (LHS = 0)
     

---- con902  =L=  

con902..  (0)*x(6) + (0)*x(23) + (0)*x(56) + (0)*x(73) =L= 1 ; (LHS = 0)
     

---- con903  =L=  

con903..  (0)*x(15) + (0)*x(44) + (0)*x(65) + (0)*x(94) =L= 1 ; (LHS = 0)
     

---- con904  =L=  

con904..  (0)*x(15) + (0)*x(43) + (0)*x(65) + (0)*x(93) =L= 1 ; (LHS = 0)
     

---- con905  =L=  

con905..  (0)*x(15) + (0)*x(42) + (0)*x(65) + (0)*x(92) =L= 1 ; (LHS = 0)
     

---- con906  =L=  

con906..  (0)*x(6) + (0)*x(24) + (0)*x(56) + (0)*x(74) =L= 1 ; (LHS = 0)
     

---- con907  =L=  

con907..  (0)*x(15) + (0)*x(41) + (0)*x(65) + (0)*x(91) =L= 1 ; (LHS = 0)
     

---- con908  =L=  

con908..  (0)*x(15) + (0)*x(40) + (0)*x(65) + (0)*x(90) =L= 1 ; (LHS = 0)
     

---- con909  =L=  

con909..  (0)*x(6) + (0)*x(25) + (0)*x(56) + (0)*x(75) =L= 1 ; (LHS = 0)
     

---- con910  =L=  

con910..  (0)*x(15) + (0)*x(39) + (0)*x(65) + (0)*x(89) =L= 1 ; (LHS = 0)
     

---- con911  =L=  

con911..  (0)*x(15) + (0)*x(38) + (0)*x(65) + (0)*x(88) =L= 1 ; (LHS = 0)
     

---- con912  =L=  

con912..  (0)*x(6) + (0)*x(26) + (0)*x(56) + (0)*x(76) =L= 1 ; (LHS = 0)
     

---- con913  =L=  

con913..  (0)*x(15) + (0)*x(37) + (0)*x(65) + (0)*x(87) =L= 1 ; (LHS = 0)
     

---- con914  =L=  

con914..  (0)*x(15) + (0)*x(36) + (0)*x(65) + (0)*x(86) =L= 1 ; (LHS = 0)
     

---- con915  =L=  

con915..  (0)*x(6) + (0)*x(27) + (0)*x(56) + (0)*x(77) =L= 1 ; (LHS = 0)
     

---- con916  =L=  

con916..  (0)*x(15) + (0)*x(35) + (0)*x(65) + (0)*x(85) =L= 1 ; (LHS = 0)
     

---- con917  =L=  

con917..  (0)*x(15) + (0)*x(34) + (0)*x(65) + (0)*x(84) =L= 1 ; (LHS = 0)
     

---- con918  =L=  

con918..  (0)*x(15) + (0)*x(33) + (0)*x(65) + (0)*x(83) =L= 1 ; (LHS = 0)
     

---- con919  =L=  

con919..  (0)*x(6) + (0)*x(28) + (0)*x(56) + (0)*x(78) =L= 1 ; (LHS = 0)
     

---- con920  =L=  

con920..  (0)*x(15) + (0)*x(32) + (0)*x(65) + (0)*x(82) =L= 1 ; (LHS = 0)
     

---- con921  =L=  

con921..  (0)*x(15) + (0)*x(31) + (0)*x(65) + (0)*x(81) =L= 1 ; (LHS = 0)
     

---- con922  =L=  

con922..  (0)*x(6) + (0)*x(29) + (0)*x(56) + (0)*x(79) =L= 1 ; (LHS = 0)
     

---- con923  =L=  

con923..  (0)*x(15) + (0)*x(30) + (0)*x(65) + (0)*x(80) =L= 1 ; (LHS = 0)
     

---- con924  =L=  

con924..  (0)*x(15) + (0)*x(29) + (0)*x(65) + (0)*x(79) =L= 1 ; (LHS = 0)
     

---- con925  =L=  

con925..  (0)*x(6) + (0)*x(30) + (0)*x(56) + (0)*x(80) =L= 1 ; (LHS = 0)
     

---- con926  =L=  

con926..  (0)*x(15) + (0)*x(28) + (0)*x(65) + (0)*x(78) =L= 1 ; (LHS = 0)
     

---- con927  =L=  

con927..  (0)*x(15) + (0)*x(27) + (0)*x(65) + (0)*x(77) =L= 1 ; (LHS = 0)
     

---- con928  =L=  

con928..  (0)*x(6) + (0)*x(31) + (0)*x(56) + (0)*x(81) =L= 1 ; (LHS = 0)
     

---- con929  =L=  

con929..  (0)*x(15) + (0)*x(26) + (0)*x(65) + (0)*x(76) =L= 1 ; (LHS = 0)
     

---- con930  =L=  

con930..  (0)*x(15) + (0)*x(25) + (0)*x(65) + (0)*x(75) =L= 1 ; (LHS = 0)
     

---- con931  =L=  

con931..  (0)*x(15) + (0)*x(24) + (0)*x(65) + (0)*x(74) =L= 1 ; (LHS = 0)
     

---- con932  =L=  

con932..  (0)*x(6) + (0)*x(32) + (0)*x(56) + (0)*x(82) =L= 1 ; (LHS = 0)
     

---- con933  =L=  

con933..  (0)*x(15) + (0)*x(23) + (0)*x(65) + (0)*x(73) =L= 1 ; (LHS = 0)
     

---- con934  =L=  

con934..  (0)*x(15) + (0)*x(22) + (0)*x(65) + (0)*x(72) =L= 1 ; (LHS = 0)
     

---- con935  =L=  

con935..  (0)*x(6) + (0)*x(33) + (0)*x(56) + (0)*x(83) =L= 1 ; (LHS = 0)
     

---- con936  =L=  

con936..  (0)*x(15) + (0)*x(21) + (0)*x(65) + (0)*x(71) =L= 1 ; (LHS = 0)
     

---- con937  =L=  

con937..  (0)*x(15) + (0)*x(20) + (0)*x(65) + (0)*x(70) =L= 1 ; (LHS = 0)
     

---- con938  =L=  

con938..  (0)*x(6) + (0)*x(34) + (0)*x(56) + (0)*x(84) =L= 1 ; (LHS = 0)
     

---- con939  =L=  

con939..  (0)*x(15) + (0)*x(19) + (0)*x(65) + (0)*x(69) =L= 1 ; (LHS = 0)
     

---- con940  =L=  

con940..  (0)*x(15) + (0)*x(18) + (0)*x(65) + (0)*x(68) =L= 1 ; (LHS = 0)
     

---- con941  =L=  

con941..  (0)*x(6) + (0)*x(35) + (0)*x(56) + (0)*x(85) =L= 1 ; (LHS = 0)
     

---- con942  =L=  

con942..  (0)*x(15) + (0)*x(17) + (0)*x(65) + (0)*x(67) =L= 1 ; (LHS = 0)
     

---- con943  =L=  

con943..  (0)*x(15) + (0)*x(16) + (0)*x(65) + (0)*x(66) =L= 1 ; (LHS = 0)
     

---- con944  =L=  

con944..  (0)*x(14) + (0)*x(50) + (0)*x(64) + (0)*x(100) =L= 1 ; (LHS = 0)
     

---- con945  =L=  

con945..  (0)*x(6) + (0)*x(36) + (0)*x(56) + (0)*x(86) =L= 1 ; (LHS = 0)
     

---- con946  =L=  

con946..  (0)*x(14) + (0)*x(49) + (0)*x(64) + (0)*x(99) =L= 1 ; (LHS = 0)
     

---- con947  =L=  

con947..  (0)*x(14) + (0)*x(48) + (0)*x(64) + (0)*x(98) =L= 1 ; (LHS = 0)
     

---- con948  =L=  

con948..  (0)*x(6) + (0)*x(37) + (0)*x(56) + (0)*x(87) =L= 1 ; (LHS = 0)
     

---- con949  =L=  

con949..  (0)*x(14) + (0)*x(47) + (0)*x(64) + (0)*x(97) =L= 1 ; (LHS = 0)
     

---- con950  =L=  

con950..  (0)*x(14) + (0)*x(46) + (0)*x(64) + (0)*x(96) =L= 1 ; (LHS = 0)
     

---- con951  =L=  

con951..  (0)*x(6) + (0)*x(38) + (0)*x(56) + (0)*x(88) =L= 1 ; (LHS = 0)
     

---- con952  =L=  

con952..  (0)*x(14) + (0)*x(45) + (0)*x(64) + (0)*x(95) =L= 1 ; (LHS = 0)
     

---- con953  =L=  

con953..  (0)*x(14) + (0)*x(44) + (0)*x(64) + (0)*x(94) =L= 1 ; (LHS = 0)
     

---- con954  =L=  

con954..  (0)*x(6) + (0)*x(39) + (0)*x(56) + (0)*x(89) =L= 1 ; (LHS = 0)
     

---- con955  =L=  

con955..  (0)*x(14) + (0)*x(43) + (0)*x(64) + (0)*x(93) =L= 1 ; (LHS = 0)
     

---- con956  =L=  

con956..  (0)*x(14) + (0)*x(42) + (0)*x(64) + (0)*x(92) =L= 1 ; (LHS = 0)
     

---- con957  =L=  

con957..  (0)*x(14) + (0)*x(41) + (0)*x(64) + (0)*x(91) =L= 1 ; (LHS = 0)
     

---- con958  =L=  

con958..  (0)*x(6) + (0)*x(40) + (0)*x(56) + (0)*x(90) =L= 1 ; (LHS = 0)
     

---- con959  =L=  

con959..  (0)*x(14) + (0)*x(40) + (0)*x(64) + (0)*x(90) =L= 1 ; (LHS = 0)
     

---- con960  =L=  

con960..  (0)*x(14) + (0)*x(39) + (0)*x(64) + (0)*x(89) =L= 1 ; (LHS = 0)
     

---- con961  =L=  

con961..  (0)*x(6) + (0)*x(41) + (0)*x(56) + (0)*x(91) =L= 1 ; (LHS = 0)
     

---- con962  =L=  

con962..  (0)*x(14) + (0)*x(38) + (0)*x(64) + (0)*x(88) =L= 1 ; (LHS = 0)
     

---- con963  =L=  

con963..  (0)*x(14) + (0)*x(37) + (0)*x(64) + (0)*x(87) =L= 1 ; (LHS = 0)
     

---- con964  =L=  

con964..  (0)*x(6) + (0)*x(42) + (0)*x(56) + (0)*x(92) =L= 1 ; (LHS = 0)
     

---- con965  =L=  

con965..  (0)*x(14) + (0)*x(36) + (0)*x(64) + (0)*x(86) =L= 1 ; (LHS = 0)
     

---- con966  =L=  

con966..  (0)*x(14) + (0)*x(35) + (0)*x(64) + (0)*x(85) =L= 1 ; (LHS = 0)
     

---- con967  =L=  

con967..  (0)*x(6) + (0)*x(43) + (0)*x(56) + (0)*x(93) =L= 1 ; (LHS = 0)
     

---- con968  =L=  

con968..  (0)*x(14) + (0)*x(34) + (0)*x(64) + (0)*x(84) =L= 1 ; (LHS = 0)
     

---- con969  =L=  

con969..  (0)*x(14) + (0)*x(33) + (0)*x(64) + (0)*x(83) =L= 1 ; (LHS = 0)
     

---- con970  =L=  

con970..  (0)*x(14) + (0)*x(32) + (0)*x(64) + (0)*x(82) =L= 1 ; (LHS = 0)
     

---- con971  =L=  

con971..  (0)*x(6) + (0)*x(44) + (0)*x(56) + (0)*x(94) =L= 1 ; (LHS = 0)
     

---- con972  =L=  

con972..  (0)*x(14) + (0)*x(31) + (0)*x(64) + (0)*x(81) =L= 1 ; (LHS = 0)
     

---- con973  =L=  

con973..  (0)*x(14) + (0)*x(30) + (0)*x(64) + (0)*x(80) =L= 1 ; (LHS = 0)
     

---- con974  =L=  

con974..  (0)*x(6) + (0)*x(45) + (0)*x(56) + (0)*x(95) =L= 1 ; (LHS = 0)
     

---- con975  =L=  

con975..  (0)*x(14) + (0)*x(29) + (0)*x(64) + (0)*x(79) =L= 1 ; (LHS = 0)
     

---- con976  =L=  

con976..  (0)*x(14) + (0)*x(28) + (0)*x(64) + (0)*x(78) =L= 1 ; (LHS = 0)
     

---- con977  =L=  

con977..  (0)*x(6) + (0)*x(46) + (0)*x(56) + (0)*x(96) =L= 1 ; (LHS = 0)
     

---- con978  =L=  

con978..  (0)*x(14) + (0)*x(27) + (0)*x(64) + (0)*x(77) =L= 1 ; (LHS = 0)
     

---- con979  =L=  

con979..  (0)*x(14) + (0)*x(26) + (0)*x(64) + (0)*x(76) =L= 1 ; (LHS = 0)
     

---- con980  =L=  

con980..  (0)*x(6) + (0)*x(47) + (0)*x(56) + (0)*x(97) =L= 1 ; (LHS = 0)
     

---- con981  =L=  

con981..  (0)*x(14) + (0)*x(25) + (0)*x(64) + (0)*x(75) =L= 1 ; (LHS = 0)
     

---- con982  =L=  

con982..  (0)*x(14) + (0)*x(24) + (0)*x(64) + (0)*x(74) =L= 1 ; (LHS = 0)
     

---- con983  =L=  

con983..  (0)*x(14) + (0)*x(23) + (0)*x(64) + (0)*x(73) =L= 1 ; (LHS = 0)
     

---- con984  =L=  

con984..  (0)*x(6) + (0)*x(48) + (0)*x(56) + (0)*x(98) =L= 1 ; (LHS = 0)
     

---- con985  =L=  

con985..  (0)*x(14) + (0)*x(22) + (0)*x(64) + (0)*x(72) =L= 1 ; (LHS = 0)
     

---- con986  =L=  

con986..  (0)*x(14) + (0)*x(21) + (0)*x(64) + (0)*x(71) =L= 1 ; (LHS = 0)
     

---- con987  =L=  

con987..  (0)*x(6) + (0)*x(49) + (0)*x(56) + (0)*x(99) =L= 1 ; (LHS = 0)
     

---- con988  =L=  

con988..  (0)*x(14) + (0)*x(20) + (0)*x(64) + (0)*x(70) =L= 1 ; (LHS = 0)
     

---- con989  =L=  

con989..  (0)*x(14) + (0)*x(19) + (0)*x(64) + (0)*x(69) =L= 1 ; (LHS = 0)
     

---- con990  =L=  

con990..  (0)*x(6) + (0)*x(50) + (0)*x(56) + (0)*x(100) =L= 1 ; (LHS = 0)
     

---- con991  =L=  

con991..  (0)*x(14) + (0)*x(18) + (0)*x(64) + (0)*x(68) =L= 1 ; (LHS = 0)
     

---- con992  =L=  

con992..  (0)*x(14) + (0)*x(17) + (0)*x(64) + (0)*x(67) =L= 1 ; (LHS = 0)
     

---- con993  =L=  

con993..  (0)*x(7) + (0)*x(8) + (0)*x(57) + (0)*x(58) =L= 1 ; (LHS = 0)
     

---- con994  =L=  

con994..  (0)*x(14) + (0)*x(16) + (0)*x(64) + (0)*x(66) =L= 1 ; (LHS = 0)
     

---- con995  =L=  

con995..  (0)*x(14) + (0)*x(15) + (0)*x(64) + (0)*x(65) =L= 1 ; (LHS = 0)
     

---- con996  =L=  

con996..  (0)*x(13) + (0)*x(50) + (0)*x(63) + (0)*x(100) =L= 1 ; (LHS = 0)
     

---- con997  =L=  

con997..  (0)*x(7) + (0)*x(9) + (0)*x(57) + (0)*x(59) =L= 1 ; (LHS = 0)
     

---- con998  =L=  

con998..  (0)*x(13) + (0)*x(49) + (0)*x(63) + (0)*x(99) =L= 1 ; (LHS = 0)
     

---- con999  =L=  

con999..  (0)*x(13) + (0)*x(48) + (0)*x(63) + (0)*x(98) =L= 1 ; (LHS = 0)
     

---- con1000  =L=  

con1000..  (0)*x(7) + (0)*x(10) + (0)*x(57) + (0)*x(60) =L= 1 ; (LHS = 0)
     

---- con1001  =L=  

con1001..  (0)*x(13) + (0)*x(47) + (0)*x(63) + (0)*x(97) =L= 1 ; (LHS = 0)
     

---- con1002  =L=  

con1002..  (0)*x(13) + (0)*x(46) + (0)*x(63) + (0)*x(96) =L= 1 ; (LHS = 0)
     

---- con1003  =L=  

con1003..  (0)*x(7) + (0)*x(11) + (0)*x(57) + (0)*x(61) =L= 1 ; (LHS = 0)
     

---- con1004  =L=  

con1004..  (0)*x(13) + (0)*x(45) + (0)*x(63) + (0)*x(95) =L= 1 ; (LHS = 0)
     

---- con1005  =L=  

con1005..  (0)*x(13) + (0)*x(44) + (0)*x(63) + (0)*x(94) =L= 1 ; (LHS = 0)
     

---- con1006  =L=  

con1006..  (0)*x(7) + (0)*x(12) + (0)*x(57) + (0)*x(62) =L= 1 ; (LHS = 0)
     

---- con1007  =L=  

con1007..  (0)*x(13) + (0)*x(43) + (0)*x(63) + (0)*x(93) =L= 1 ; (LHS = 0)
     

---- con1008  =L=  

con1008..  (0)*x(13) + (0)*x(42) + (0)*x(63) + (0)*x(92) =L= 1 ; (LHS = 0)
     

---- con1009  =L=  

con1009..  (0)*x(13) + (0)*x(41) + (0)*x(63) + (0)*x(91) =L= 1 ; (LHS = 0)
     

---- con1010  =L=  

con1010..  (0)*x(7) + (0)*x(13) + (0)*x(57) + (0)*x(63) =L= 1 ; (LHS = 0)
     

---- con1011  =L=  

con1011..  (0)*x(13) + (0)*x(40) + (0)*x(63) + (0)*x(90) =L= 1 ; (LHS = 0)
     

---- con1012  =L=  

con1012..  (0)*x(13) + (0)*x(39) + (0)*x(63) + (0)*x(89) =L= 1 ; (LHS = 0)
     

---- con1013  =L=  

con1013..  (0)*x(7) + (0)*x(14) + (0)*x(57) + (0)*x(64) =L= 1 ; (LHS = 0)
     

---- con1014  =L=  

con1014..  (0)*x(13) + (0)*x(38) + (0)*x(63) + (0)*x(88) =L= 1 ; (LHS = 0)
     

---- con1015  =L=  

con1015..  (0)*x(13) + (0)*x(37) + (0)*x(63) + (0)*x(87) =L= 1 ; (LHS = 0)
     

---- con1016  =L=  

con1016..  (0)*x(7) + (0)*x(15) + (0)*x(57) + (0)*x(65) =L= 1 ; (LHS = 0)
     

---- con1017  =L=  

con1017..  (0)*x(13) + (0)*x(36) + (0)*x(63) + (0)*x(86) =L= 1 ; (LHS = 0)
     

---- con1018  =L=  

con1018..  (0)*x(13) + (0)*x(35) + (0)*x(63) + (0)*x(85) =L= 1 ; (LHS = 0)
     

---- con1019  =L=  

con1019..  (0)*x(7) + (0)*x(16) + (0)*x(57) + (0)*x(66) =L= 1 ; (LHS = 0)
     

---- con1020  =L=  

con1020..  (0)*x(13) + (0)*x(34) + (0)*x(63) + (0)*x(84) =L= 1 ; (LHS = 0)
     

---- con1021  =L=  

con1021..  (0)*x(13) + (0)*x(33) + (0)*x(63) + (0)*x(83) =L= 1 ; (LHS = 0)
     

---- con1022  =L=  

con1022..  (0)*x(13) + (0)*x(32) + (0)*x(63) + (0)*x(82) =L= 1 ; (LHS = 0)
     

---- con1023  =L=  

con1023..  (0)*x(7) + (0)*x(17) + (0)*x(57) + (0)*x(67) =L= 1 ; (LHS = 0)
     

---- con1024  =L=  

con1024..  (0)*x(13) + (0)*x(31) + (0)*x(63) + (0)*x(81) =L= 1 ; (LHS = 0)
     

---- con1025  =L=  

con1025..  (0)*x(13) + (0)*x(30) + (0)*x(63) + (0)*x(80) =L= 1 ; (LHS = 0)
     

---- con1026  =L=  

con1026..  (0)*x(7) + (0)*x(18) + (0)*x(57) + (0)*x(68) =L= 1 ; (LHS = 0)
     

---- con1027  =L=  

con1027..  (0)*x(13) + (0)*x(29) + (0)*x(63) + (0)*x(79) =L= 1 ; (LHS = 0)
     

---- con1028  =L=  

con1028..  (0)*x(13) + (0)*x(28) + (0)*x(63) + (0)*x(78) =L= 1 ; (LHS = 0)
     

---- con1029  =L=  

con1029..  (0)*x(7) + (0)*x(19) + (0)*x(57) + (0)*x(69) =L= 1 ; (LHS = 0)
     

---- con1030  =L=  

con1030..  (0)*x(13) + (0)*x(27) + (0)*x(63) + (0)*x(77) =L= 1 ; (LHS = 0)
     

---- con1031  =L=  

con1031..  (0)*x(13) + (0)*x(26) + (0)*x(63) + (0)*x(76) =L= 1 ; (LHS = 0)
     

---- con1032  =L=  

con1032..  (0)*x(7) + (0)*x(20) + (0)*x(57) + (0)*x(70) =L= 1 ; (LHS = 0)
     

---- con1033  =L=  

con1033..  (0)*x(13) + (0)*x(25) + (0)*x(63) + (0)*x(75) =L= 1 ; (LHS = 0)
     

---- con1034  =L=  

con1034..  (0)*x(13) + (0)*x(24) + (0)*x(63) + (0)*x(74) =L= 1 ; (LHS = 0)
     

---- con1035  =L=  

con1035..  (0)*x(13) + (0)*x(23) + (0)*x(63) + (0)*x(73) =L= 1 ; (LHS = 0)
     

---- con1036  =L=  

con1036..  (0)*x(7) + (0)*x(21) + (0)*x(57) + (0)*x(71) =L= 1 ; (LHS = 0)
     

---- con1037  =L=  

con1037..  (0)*x(13) + (0)*x(22) + (0)*x(63) + (0)*x(72) =L= 1 ; (LHS = 0)
     

---- con1038  =L=  

con1038..  (0)*x(13) + (0)*x(21) + (0)*x(63) + (0)*x(71) =L= 1 ; (LHS = 0)
     

---- con1039  =L=  

con1039..  (0)*x(7) + (0)*x(22) + (0)*x(57) + (0)*x(72) =L= 1 ; (LHS = 0)
     

---- con1040  =L=  

con1040..  (0)*x(13) + (0)*x(20) + (0)*x(63) + (0)*x(70) =L= 1 ; (LHS = 0)
     

---- con1041  =L=  

con1041..  (0)*x(13) + (0)*x(19) + (0)*x(63) + (0)*x(69) =L= 1 ; (LHS = 0)
     

---- con1042  =L=  

con1042..  (0)*x(7) + (0)*x(23) + (0)*x(57) + (0)*x(73) =L= 1 ; (LHS = 0)
     

---- con1043  =L=  

con1043..  (0)*x(13) + (0)*x(18) + (0)*x(63) + (0)*x(68) =L= 1 ; (LHS = 0)
     

---- con1044  =L=  

con1044..  (0)*x(13) + (0)*x(17) + (0)*x(63) + (0)*x(67) =L= 1 ; (LHS = 0)
     

---- con1045  =L=  

con1045..  (0)*x(7) + (0)*x(24) + (0)*x(57) + (0)*x(74) =L= 1 ; (LHS = 0)
     

---- con1046  =L=  

con1046..  (0)*x(13) + (0)*x(16) + (0)*x(63) + (0)*x(66) =L= 1 ; (LHS = 0)
     

---- con1047  =L=  

con1047..  (0)*x(13) + (0)*x(15) + (0)*x(63) + (0)*x(65) =L= 1 ; (LHS = 0)
     

---- con1048  =L=  

con1048..  (0)*x(13) + (0)*x(14) + (0)*x(63) + (0)*x(64) =L= 1 ; (LHS = 0)
     

---- con1049  =L=  

con1049..  (0)*x(7) + (0)*x(25) + (0)*x(57) + (0)*x(75) =L= 1 ; (LHS = 0)
     

---- con1050  =L=  

con1050..  (0)*x(12) + (0)*x(50) + (0)*x(62) + (0)*x(100) =L= 1 ; (LHS = 0)
     

---- con1051  =L=  

con1051..  (0)*x(12) + (0)*x(49) + (0)*x(62) + (0)*x(99) =L= 1 ; (LHS = 0)
     

---- con1052  =L=  

con1052..  (0)*x(7) + (0)*x(26) + (0)*x(57) + (0)*x(76) =L= 1 ; (LHS = 0)
     

---- con1053  =L=  

con1053..  (0)*x(12) + (0)*x(48) + (0)*x(62) + (0)*x(98) =L= 1 ; (LHS = 0)
     

---- con1054  =L=  

con1054..  (0)*x(12) + (0)*x(47) + (0)*x(62) + (0)*x(97) =L= 1 ; (LHS = 0)
     

---- con1055  =L=  

con1055..  (0)*x(7) + (0)*x(27) + (0)*x(57) + (0)*x(77) =L= 1 ; (LHS = 0)
     

---- con1056  =L=  

con1056..  (0)*x(12) + (0)*x(46) + (0)*x(62) + (0)*x(96) =L= 1 ; (LHS = 0)
     

---- con1057  =L=  

con1057..  (0)*x(12) + (0)*x(45) + (0)*x(62) + (0)*x(95) =L= 1 ; (LHS = 0)
     

---- con1058  =L=  

con1058..  (0)*x(7) + (0)*x(28) + (0)*x(57) + (0)*x(78) =L= 1 ; (LHS = 0)
     

---- con1059  =L=  

con1059..  (0)*x(12) + (0)*x(44) + (0)*x(62) + (0)*x(94) =L= 1 ; (LHS = 0)
     

---- con1060  =L=  

con1060..  (0)*x(12) + (0)*x(43) + (0)*x(62) + (0)*x(93) =L= 1 ; (LHS = 0)
     

---- con1061  =L=  

con1061..  (0)*x(12) + (0)*x(42) + (0)*x(62) + (0)*x(92) =L= 1 ; (LHS = 0)
     

---- con1062  =L=  

con1062..  (0)*x(7) + (0)*x(29) + (0)*x(57) + (0)*x(79) =L= 1 ; (LHS = 0)
     

---- con1063  =L=  

con1063..  (0)*x(12) + (0)*x(41) + (0)*x(62) + (0)*x(91) =L= 1 ; (LHS = 0)
     

---- con1064  =L=  

con1064..  (0)*x(12) + (0)*x(40) + (0)*x(62) + (0)*x(90) =L= 1 ; (LHS = 0)
     

---- con1065  =L=  

con1065..  (0)*x(7) + (0)*x(30) + (0)*x(57) + (0)*x(80) =L= 1 ; (LHS = 0)
     

---- con1066  =L=  

con1066..  (0)*x(12) + (0)*x(39) + (0)*x(62) + (0)*x(89) =L= 1 ; (LHS = 0)
     

---- con1067  =L=  

con1067..  (0)*x(12) + (0)*x(38) + (0)*x(62) + (0)*x(88) =L= 1 ; (LHS = 0)
     

---- con1068  =L=  

con1068..  (0)*x(7) + (0)*x(31) + (0)*x(57) + (0)*x(81) =L= 1 ; (LHS = 0)
     

---- con1069  =L=  

con1069..  (0)*x(12) + (0)*x(37) + (0)*x(62) + (0)*x(87) =L= 1 ; (LHS = 0)
     

---- con1070  =L=  

con1070..  (0)*x(12) + (0)*x(36) + (0)*x(62) + (0)*x(86) =L= 1 ; (LHS = 0)
     

---- con1071  =L=  

con1071..  (0)*x(7) + (0)*x(32) + (0)*x(57) + (0)*x(82) =L= 1 ; (LHS = 0)
     

---- con1072  =L=  

con1072..  (0)*x(12) + (0)*x(35) + (0)*x(62) + (0)*x(85) =L= 1 ; (LHS = 0)
     

---- con1073  =L=  

con1073..  (0)*x(12) + (0)*x(34) + (0)*x(62) + (0)*x(84) =L= 1 ; (LHS = 0)
     

---- con1074  =L=  

con1074..  (0)*x(12) + (0)*x(33) + (0)*x(62) + (0)*x(83) =L= 1 ; (LHS = 0)
     

---- con1075  =L=  

con1075..  (0)*x(7) + (0)*x(33) + (0)*x(57) + (0)*x(83) =L= 1 ; (LHS = 0)
     

---- con1076  =L=  

con1076..  (0)*x(12) + (0)*x(32) + (0)*x(62) + (0)*x(82) =L= 1 ; (LHS = 0)
     

---- con1077  =L=  

con1077..  (0)*x(12) + (0)*x(31) + (0)*x(62) + (0)*x(81) =L= 1 ; (LHS = 0)
     

---- con1078  =L=  

con1078..  (0)*x(7) + (0)*x(34) + (0)*x(57) + (0)*x(84) =L= 1 ; (LHS = 0)
     

---- con1079  =L=  

con1079..  (0)*x(12) + (0)*x(30) + (0)*x(62) + (0)*x(80) =L= 1 ; (LHS = 0)
     

---- con1080  =L=  

con1080..  (0)*x(12) + (0)*x(29) + (0)*x(62) + (0)*x(79) =L= 1 ; (LHS = 0)
     

---- con1081  =L=  

con1081..  (0)*x(7) + (0)*x(35) + (0)*x(57) + (0)*x(85) =L= 1 ; (LHS = 0)
     

---- con1082  =L=  

con1082..  (0)*x(12) + (0)*x(28) + (0)*x(62) + (0)*x(78) =L= 1 ; (LHS = 0)
     

---- con1083  =L=  

con1083..  (0)*x(12) + (0)*x(27) + (0)*x(62) + (0)*x(77) =L= 1 ; (LHS = 0)
     

---- con1084  =L=  

con1084..  (0)*x(7) + (0)*x(36) + (0)*x(57) + (0)*x(86) =L= 1 ; (LHS = 0)
     

---- con1085  =L=  

con1085..  (0)*x(12) + (0)*x(26) + (0)*x(62) + (0)*x(76) =L= 1 ; (LHS = 0)
     

---- con1086  =L=  

con1086..  (0)*x(12) + (0)*x(25) + (0)*x(62) + (0)*x(75) =L= 1 ; (LHS = 0)
     

---- con1087  =L=  

con1087..  (0)*x(12) + (0)*x(24) + (0)*x(62) + (0)*x(74) =L= 1 ; (LHS = 0)
     

---- con1088  =L=  

con1088..  (0)*x(7) + (0)*x(37) + (0)*x(57) + (0)*x(87) =L= 1 ; (LHS = 0)
     

---- con1089  =L=  

con1089..  (0)*x(12) + (0)*x(23) + (0)*x(62) + (0)*x(73) =L= 1 ; (LHS = 0)
     

---- con1090  =L=  

con1090..  (0)*x(12) + (0)*x(22) + (0)*x(62) + (0)*x(72) =L= 1 ; (LHS = 0)
     

---- con1091  =L=  

con1091..  (0)*x(7) + (0)*x(38) + (0)*x(57) + (0)*x(88) =L= 1 ; (LHS = 0)
     

---- con1092  =L=  

con1092..  (0)*x(12) + (0)*x(21) + (0)*x(62) + (0)*x(71) =L= 1 ; (LHS = 0)
     

---- con1093  =L=  

con1093..  (0)*x(12) + (0)*x(20) + (0)*x(62) + (0)*x(70) =L= 1 ; (LHS = 0)
     

---- con1094  =L=  

con1094..  (0)*x(7) + (0)*x(39) + (0)*x(57) + (0)*x(89) =L= 1 ; (LHS = 0)
     

---- con1095  =L=  

con1095..  (0)*x(12) + (0)*x(19) + (0)*x(62) + (0)*x(69) =L= 1 ; (LHS = 0)
     

---- con1096  =L=  

con1096..  (0)*x(12) + (0)*x(18) + (0)*x(62) + (0)*x(68) =L= 1 ; (LHS = 0)
     

---- con1097  =L=  

con1097..  (0)*x(7) + (0)*x(40) + (0)*x(57) + (0)*x(90) =L= 1 ; (LHS = 0)
     

---- con1098  =L=  

con1098..  (0)*x(12) + (0)*x(17) + (0)*x(62) + (0)*x(67) =L= 1 ; (LHS = 0)
     

---- con1099  =L=  

con1099..  (0)*x(12) + (0)*x(16) + (0)*x(62) + (0)*x(66) =L= 1 ; (LHS = 0)
     

---- con1100  =L=  

con1100..  (0)*x(12) + (0)*x(15) + (0)*x(62) + (0)*x(65) =L= 1 ; (LHS = 0)
     

---- con1101  =L=  

con1101..  (0)*x(7) + (0)*x(41) + (0)*x(57) + (0)*x(91) =L= 1 ; (LHS = 0)
     

---- con1102  =L=  

con1102..  (0)*x(12) + (0)*x(14) + (0)*x(62) + (0)*x(64) =L= 1 ; (LHS = 0)
     

---- con1103  =L=  

con1103..  (0)*x(12) + (0)*x(13) + (0)*x(62) + (0)*x(63) =L= 1 ; (LHS = 0)
     

---- con1104  =L=  

con1104..  (0)*x(7) + (0)*x(42) + (0)*x(57) + (0)*x(92) =L= 1 ; (LHS = 0)
     

---- con1105  =L=  

con1105..  (0)*x(11) + (0)*x(50) + (0)*x(61) + (0)*x(100) =L= 1 ; (LHS = 0)
     

---- con1106  =L=  

con1106..  (0)*x(11) + (0)*x(49) + (0)*x(61) + (0)*x(99) =L= 1 ; (LHS = 0)
     

---- con1107  =L=  

con1107..  (0)*x(7) + (0)*x(43) + (0)*x(57) + (0)*x(93) =L= 1 ; (LHS = 0)
     

---- con1108  =L=  

con1108..  (0)*x(11) + (0)*x(48) + (0)*x(61) + (0)*x(98) =L= 1 ; (LHS = 0)
     

---- con1109  =L=  

con1109..  (0)*x(11) + (0)*x(47) + (0)*x(61) + (0)*x(97) =L= 1 ; (LHS = 0)
     

---- con1110  =L=  

con1110..  (0)*x(7) + (0)*x(44) + (0)*x(57) + (0)*x(94) =L= 1 ; (LHS = 0)
     

---- con1111  =L=  

con1111..  (0)*x(11) + (0)*x(46) + (0)*x(61) + (0)*x(96) =L= 1 ; (LHS = 0)
     

---- con1112  =L=  

con1112..  (0)*x(11) + (0)*x(45) + (0)*x(61) + (0)*x(95) =L= 1 ; (LHS = 0)
     

---- con1113  =L=  

con1113..  (0)*x(11) + (0)*x(44) + (0)*x(61) + (0)*x(94) =L= 1 ; (LHS = 0)
     

---- con1114  =L=  

con1114..  (0)*x(7) + (0)*x(45) + (0)*x(57) + (0)*x(95) =L= 1 ; (LHS = 0)
     

---- con1115  =L=  

con1115..  (0)*x(11) + (0)*x(43) + (0)*x(61) + (0)*x(93) =L= 1 ; (LHS = 0)
     

---- con1116  =L=  

con1116..  (0)*x(11) + (0)*x(42) + (0)*x(61) + (0)*x(92) =L= 1 ; (LHS = 0)
     

---- con1117  =L=  

con1117..  (0)*x(7) + (0)*x(46) + (0)*x(57) + (0)*x(96) =L= 1 ; (LHS = 0)
     

---- con1118  =L=  

con1118..  (0)*x(11) + (0)*x(41) + (0)*x(61) + (0)*x(91) =L= 1 ; (LHS = 0)
     

---- con1119  =L=  

con1119..  (0)*x(11) + (0)*x(40) + (0)*x(61) + (0)*x(90) =L= 1 ; (LHS = 0)
     

---- con1120  =L=  

con1120..  (0)*x(7) + (0)*x(47) + (0)*x(57) + (0)*x(97) =L= 1 ; (LHS = 0)
     

---- con1121  =L=  

con1121..  (0)*x(11) + (0)*x(39) + (0)*x(61) + (0)*x(89) =L= 1 ; (LHS = 0)
     

---- con1122  =L=  

con1122..  (0)*x(11) + (0)*x(38) + (0)*x(61) + (0)*x(88) =L= 1 ; (LHS = 0)
     

---- con1123  =L=  

con1123..  (0)*x(7) + (0)*x(48) + (0)*x(57) + (0)*x(98) =L= 1 ; (LHS = 0)
     

---- con1124  =L=  

con1124..  (0)*x(11) + (0)*x(37) + (0)*x(61) + (0)*x(87) =L= 1 ; (LHS = 0)
     

---- con1125  =L=  

con1125..  (0)*x(11) + (0)*x(36) + (0)*x(61) + (0)*x(86) =L= 1 ; (LHS = 0)
     

---- con1126  =L=  

con1126..  (0)*x(11) + (0)*x(35) + (0)*x(61) + (0)*x(85) =L= 1 ; (LHS = 0)
     

---- con1127  =L=  

con1127..  (0)*x(7) + (0)*x(49) + (0)*x(57) + (0)*x(99) =L= 1 ; (LHS = 0)
     

---- con1128  =L=  

con1128..  (0)*x(11) + (0)*x(34) + (0)*x(61) + (0)*x(84) =L= 1 ; (LHS = 0)
     

---- con1129  =L=  

con1129..  (0)*x(11) + (0)*x(33) + (0)*x(61) + (0)*x(83) =L= 1 ; (LHS = 0)
     

---- con1130  =L=  

con1130..  (0)*x(7) + (0)*x(50) + (0)*x(57) + (0)*x(100) =L= 1 ; (LHS = 0)
     

---- con1131  =L=  

con1131..  (0)*x(11) + (0)*x(32) + (0)*x(61) + (0)*x(82) =L= 1 ; (LHS = 0)
     

---- con1132  =L=  

con1132..  (0)*x(11) + (0)*x(31) + (0)*x(61) + (0)*x(81) =L= 1 ; (LHS = 0)
     

---- con1133  =L=  

con1133..  (0)*x(8) + (0)*x(9) + (0)*x(58) + (0)*x(59) =L= 1 ; (LHS = 0)
     

---- con1134  =L=  

con1134..  (0)*x(11) + (0)*x(30) + (0)*x(61) + (0)*x(80) =L= 1 ; (LHS = 0)
     

---- con1135  =L=  

con1135..  (0)*x(11) + (0)*x(29) + (0)*x(61) + (0)*x(79) =L= 1 ; (LHS = 0)
     

---- con1136  =L=  

con1136..  (0)*x(8) + (0)*x(10) + (0)*x(58) + (0)*x(60) =L= 1 ; (LHS = 0)
     

---- con1137  =L=  

con1137..  (0)*x(11) + (0)*x(28) + (0)*x(61) + (0)*x(78) =L= 1 ; (LHS = 0)
     

---- con1138  =L=  

con1138..  (0)*x(11) + (0)*x(27) + (0)*x(61) + (0)*x(77) =L= 1 ; (LHS = 0)
     

---- con1139  =L=  

con1139..  (0)*x(11) + (0)*x(26) + (0)*x(61) + (0)*x(76) =L= 1 ; (LHS = 0)
     

---- con1140  =L=  

con1140..  (0)*x(8) + (0)*x(11) + (0)*x(58) + (0)*x(61) =L= 1 ; (LHS = 0)
     

---- con1141  =L=  

con1141..  (0)*x(11) + (0)*x(25) + (0)*x(61) + (0)*x(75) =L= 1 ; (LHS = 0)
     

---- con1142  =L=  

con1142..  (0)*x(11) + (0)*x(24) + (0)*x(61) + (0)*x(74) =L= 1 ; (LHS = 0)
     

---- con1143  =L=  

con1143..  (0)*x(8) + (0)*x(12) + (0)*x(58) + (0)*x(62) =L= 1 ; (LHS = 0)
     

---- con1144  =L=  

con1144..  (0)*x(11) + (0)*x(23) + (0)*x(61) + (0)*x(73) =L= 1 ; (LHS = 0)
     

---- con1145  =L=  

con1145..  (0)*x(11) + (0)*x(22) + (0)*x(61) + (0)*x(72) =L= 1 ; (LHS = 0)
     

---- con1146  =L=  

con1146..  (0)*x(8) + (0)*x(13) + (0)*x(58) + (0)*x(63) =L= 1 ; (LHS = 0)
     

---- con1147  =L=  

con1147..  (0)*x(11) + (0)*x(21) + (0)*x(61) + (0)*x(71) =L= 1 ; (LHS = 0)
     

---- con1148  =L=  

con1148..  (0)*x(11) + (0)*x(20) + (0)*x(61) + (0)*x(70) =L= 1 ; (LHS = 0)
     

---- con1149  =L=  

con1149..  (0)*x(8) + (0)*x(14) + (0)*x(58) + (0)*x(64) =L= 1 ; (LHS = 0)
     

---- con1150  =L=  

con1150..  (0)*x(11) + (0)*x(19) + (0)*x(61) + (0)*x(69) =L= 1 ; (LHS = 0)
     

---- con1151  =L=  

con1151..  (0)*x(11) + (0)*x(18) + (0)*x(61) + (0)*x(68) =L= 1 ; (LHS = 0)
     

---- con1152  =L=  

con1152..  (0)*x(11) + (0)*x(17) + (0)*x(61) + (0)*x(67) =L= 1 ; (LHS = 0)
     

---- con1153  =L=  

con1153..  (0)*x(8) + (0)*x(15) + (0)*x(58) + (0)*x(65) =L= 1 ; (LHS = 0)
     

---- con1154  =L=  

con1154..  (0)*x(11) + (0)*x(16) + (0)*x(61) + (0)*x(66) =L= 1 ; (LHS = 0)
     

---- con1155  =L=  

con1155..  (0)*x(11) + (0)*x(15) + (0)*x(61) + (0)*x(65) =L= 1 ; (LHS = 0)
     

---- con1156  =L=  

con1156..  (0)*x(8) + (0)*x(16) + (0)*x(58) + (0)*x(66) =L= 1 ; (LHS = 0)
     

---- con1157  =L=  

con1157..  (0)*x(11) + (0)*x(14) + (0)*x(61) + (0)*x(64) =L= 1 ; (LHS = 0)
     

---- con1158  =L=  

con1158..  (0)*x(11) + (0)*x(13) + (0)*x(61) + (0)*x(63) =L= 1 ; (LHS = 0)
     

---- con1159  =L=  

con1159..  (0)*x(8) + (0)*x(17) + (0)*x(58) + (0)*x(67) =L= 1 ; (LHS = 0)
     

---- con1160  =L=  

con1160..  (0)*x(11) + (0)*x(12) + (0)*x(61) + (0)*x(62) =L= 1 ; (LHS = 0)
     

---- con1161  =L=  

con1161..  (0)*x(10) + (0)*x(50) + (0)*x(60) + (0)*x(100) =L= 1 ; (LHS = 0)
     

---- con1162  =L=  

con1162..  (0)*x(8) + (0)*x(18) + (0)*x(58) + (0)*x(68) =L= 1 ; (LHS = 0)
     

---- con1163  =L=  

con1163..  (0)*x(10) + (0)*x(49) + (0)*x(60) + (0)*x(99) =L= 1 ; (LHS = 0)
     

---- con1164  =L=  

con1164..  (0)*x(10) + (0)*x(48) + (0)*x(60) + (0)*x(98) =L= 1 ; (LHS = 0)
     

---- con1165  =L=  

con1165..  (0)*x(10) + (0)*x(47) + (0)*x(60) + (0)*x(97) =L= 1 ; (LHS = 0)
     

---- con1166  =L=  

con1166..  (0)*x(8) + (0)*x(19) + (0)*x(58) + (0)*x(69) =L= 1 ; (LHS = 0)
     

---- con1167  =L=  

con1167..  (0)*x(10) + (0)*x(46) + (0)*x(60) + (0)*x(96) =L= 1 ; (LHS = 0)
     

---- con1168  =L=  

con1168..  (0)*x(10) + (0)*x(45) + (0)*x(60) + (0)*x(95) =L= 1 ; (LHS = 0)
     

---- con1169  =L=  

con1169..  (0)*x(8) + (0)*x(20) + (0)*x(58) + (0)*x(70) =L= 1 ; (LHS = 0)
     

---- con1170  =L=  

con1170..  (0)*x(10) + (0)*x(44) + (0)*x(60) + (0)*x(94) =L= 1 ; (LHS = 0)
     

---- con1171  =L=  

con1171..  (0)*x(10) + (0)*x(43) + (0)*x(60) + (0)*x(93) =L= 1 ; (LHS = 0)
     

---- con1172  =L=  

con1172..  (0)*x(8) + (0)*x(21) + (0)*x(58) + (0)*x(71) =L= 1 ; (LHS = 0)
     

---- con1173  =L=  

con1173..  (0)*x(10) + (0)*x(42) + (0)*x(60) + (0)*x(92) =L= 1 ; (LHS = 0)
     

---- con1174  =L=  

con1174..  (0)*x(10) + (0)*x(41) + (0)*x(60) + (0)*x(91) =L= 1 ; (LHS = 0)
     

---- con1175  =L=  

con1175..  (0)*x(8) + (0)*x(22) + (0)*x(58) + (0)*x(72) =L= 1 ; (LHS = 0)
     

---- con1176  =L=  

con1176..  (0)*x(10) + (0)*x(40) + (0)*x(60) + (0)*x(90) =L= 1 ; (LHS = 0)
     

---- con1177  =L=  

con1177..  (0)*x(10) + (0)*x(39) + (0)*x(60) + (0)*x(89) =L= 1 ; (LHS = 0)
     

---- con1178  =L=  

con1178..  (0)*x(10) + (0)*x(38) + (0)*x(60) + (0)*x(88) =L= 1 ; (LHS = 0)
     

---- con1179  =L=  

con1179..  (0)*x(8) + (0)*x(23) + (0)*x(58) + (0)*x(73) =L= 1 ; (LHS = 0)
     

---- con1180  =L=  

con1180..  (0)*x(10) + (0)*x(37) + (0)*x(60) + (0)*x(87) =L= 1 ; (LHS = 0)
     

---- con1181  =L=  

con1181..  (0)*x(10) + (0)*x(36) + (0)*x(60) + (0)*x(86) =L= 1 ; (LHS = 0)
     

---- con1182  =L=  

con1182..  (0)*x(8) + (0)*x(24) + (0)*x(58) + (0)*x(74) =L= 1 ; (LHS = 0)
     

---- con1183  =L=  

con1183..  (0)*x(10) + (0)*x(35) + (0)*x(60) + (0)*x(85) =L= 1 ; (LHS = 0)
     

---- con1184  =L=  

con1184..  (0)*x(10) + (0)*x(34) + (0)*x(60) + (0)*x(84) =L= 1 ; (LHS = 0)
     

---- con1185  =L=  

con1185..  (0)*x(8) + (0)*x(25) + (0)*x(58) + (0)*x(75) =L= 1 ; (LHS = 0)
     

---- con1186  =L=  

con1186..  (0)*x(10) + (0)*x(33) + (0)*x(60) + (0)*x(83) =L= 1 ; (LHS = 0)
     

---- con1187  =L=  

con1187..  (0)*x(10) + (0)*x(32) + (0)*x(60) + (0)*x(82) =L= 1 ; (LHS = 0)
     

---- con1188  =L=  

con1188..  (0)*x(8) + (0)*x(26) + (0)*x(58) + (0)*x(76) =L= 1 ; (LHS = 0)
     

---- con1189  =L=  

con1189..  (0)*x(10) + (0)*x(31) + (0)*x(60) + (0)*x(81) =L= 1 ; (LHS = 0)
     

---- con1190  =L=  

con1190..  (0)*x(10) + (0)*x(30) + (0)*x(60) + (0)*x(80) =L= 1 ; (LHS = 0)
     

---- con1191  =L=  

con1191..  (0)*x(10) + (0)*x(29) + (0)*x(60) + (0)*x(79) =L= 1 ; (LHS = 0)
     

---- con1192  =L=  

con1192..  (0)*x(8) + (0)*x(27) + (0)*x(58) + (0)*x(77) =L= 1 ; (LHS = 0)
     

---- con1193  =L=  

con1193..  (0)*x(10) + (0)*x(28) + (0)*x(60) + (0)*x(78) =L= 1 ; (LHS = 0)
     

---- con1194  =L=  

con1194..  (0)*x(10) + (0)*x(27) + (0)*x(60) + (0)*x(77) =L= 1 ; (LHS = 0)
     

---- con1195  =L=  

con1195..  (0)*x(8) + (0)*x(28) + (0)*x(58) + (0)*x(78) =L= 1 ; (LHS = 0)
     

---- con1196  =L=  

con1196..  (0)*x(10) + (0)*x(26) + (0)*x(60) + (0)*x(76) =L= 1 ; (LHS = 0)
     

---- con1197  =L=  

con1197..  (0)*x(10) + (0)*x(25) + (0)*x(60) + (0)*x(75) =L= 1 ; (LHS = 0)
     

---- con1198  =L=  

con1198..  (0)*x(8) + (0)*x(29) + (0)*x(58) + (0)*x(79) =L= 1 ; (LHS = 0)
     

---- con1199  =L=  

con1199..  (0)*x(10) + (0)*x(24) + (0)*x(60) + (0)*x(74) =L= 1 ; (LHS = 0)
     

---- con1200  =L=  

con1200..  (0)*x(10) + (0)*x(23) + (0)*x(60) + (0)*x(73) =L= 1 ; (LHS = 0)
     

---- con1201  =L=  

con1201..  (0)*x(8) + (0)*x(30) + (0)*x(58) + (0)*x(80) =L= 1 ; (LHS = 0)
     

---- con1202  =L=  

con1202..  (0)*x(10) + (0)*x(22) + (0)*x(60) + (0)*x(72) =L= 1 ; (LHS = 0)
     

---- con1203  =L=  

con1203..  (0)*x(10) + (0)*x(21) + (0)*x(60) + (0)*x(71) =L= 1 ; (LHS = 0)
     

---- con1204  =L=  

con1204..  (0)*x(10) + (0)*x(20) + (0)*x(60) + (0)*x(70) =L= 1 ; (LHS = 0)
     

---- con1205  =L=  

con1205..  (0)*x(8) + (0)*x(31) + (0)*x(58) + (0)*x(81) =L= 1 ; (LHS = 0)
     

---- con1206  =L=  

con1206..  (0)*x(10) + (0)*x(19) + (0)*x(60) + (0)*x(69) =L= 1 ; (LHS = 0)
     

---- con1207  =L=  

con1207..  (0)*x(10) + (0)*x(18) + (0)*x(60) + (0)*x(68) =L= 1 ; (LHS = 0)
     

---- con1208  =L=  

con1208..  (0)*x(8) + (0)*x(32) + (0)*x(58) + (0)*x(82) =L= 1 ; (LHS = 0)
     

---- con1209  =L=  

con1209..  (0)*x(10) + (0)*x(17) + (0)*x(60) + (0)*x(67) =L= 1 ; (LHS = 0)
     

---- con1210  =L=  

con1210..  (0)*x(10) + (0)*x(16) + (0)*x(60) + (0)*x(66) =L= 1 ; (LHS = 0)
     

---- con1211  =L=  

con1211..  (0)*x(8) + (0)*x(33) + (0)*x(58) + (0)*x(83) =L= 1 ; (LHS = 0)
     

---- con1212  =L=  

con1212..  (0)*x(10) + (0)*x(15) + (0)*x(60) + (0)*x(65) =L= 1 ; (LHS = 0)
     

---- con1213  =L=  

con1213..  (0)*x(10) + (0)*x(14) + (0)*x(60) + (0)*x(64) =L= 1 ; (LHS = 0)
     

---- con1214  =L=  

con1214..  (0)*x(8) + (0)*x(34) + (0)*x(58) + (0)*x(84) =L= 1 ; (LHS = 0)
     

---- con1215  =L=  

con1215..  (0)*x(10) + (0)*x(13) + (0)*x(60) + (0)*x(63) =L= 1 ; (LHS = 0)
     

---- con1216  =L=  

con1216..  (0)*x(10) + (0)*x(12) + (0)*x(60) + (0)*x(62) =L= 1 ; (LHS = 0)
     

---- con1217  =L=  

con1217..  (0)*x(10) + (0)*x(11) + (0)*x(60) + (0)*x(61) =L= 1 ; (LHS = 0)
     

---- con1218  =L=  

con1218..  (0)*x(8) + (0)*x(35) + (0)*x(58) + (0)*x(85) =L= 1 ; (LHS = 0)
     

---- con1219  =L=  

con1219..  (0)*x(9) + (0)*x(50) + (0)*x(59) + (0)*x(100) =L= 1 ; (LHS = 0)
     

---- con1220  =L=  

con1220..  (0)*x(9) + (0)*x(49) + (0)*x(59) + (0)*x(99) =L= 1 ; (LHS = 0)
     

---- con1221  =L=  

con1221..  (0)*x(8) + (0)*x(36) + (0)*x(58) + (0)*x(86) =L= 1 ; (LHS = 0)
     

---- con1222  =L=  

con1222..  (0)*x(9) + (0)*x(48) + (0)*x(59) + (0)*x(98) =L= 1 ; (LHS = 0)
     

---- con1223  =L=  

con1223..  (0)*x(9) + (0)*x(47) + (0)*x(59) + (0)*x(97) =L= 1 ; (LHS = 0)
     

---- con1224  =L=  

con1224..  (0)*x(8) + (0)*x(37) + (0)*x(58) + (0)*x(87) =L= 1 ; (LHS = 0)
     

---- con1225  =L=  

con1225..  (0)*x(9) + (0)*x(46) + (0)*x(59) + (0)*x(96) =L= 1 ; (LHS = 0)
     

---- con1226  =L=  

con1226..  (0)*x(9) + (0)*x(45) + (0)*x(59) + (0)*x(95) =L= 1 ; (LHS = 0)
     

---- con1227  =L=  

con1227..  (0)*x(8) + (0)*x(38) + (0)*x(58) + (0)*x(88) =L= 1 ; (LHS = 0)
     

---- con1228  =L=  

con1228..  (0)*x(9) + (0)*x(44) + (0)*x(59) + (0)*x(94) =L= 1 ; (LHS = 0)
     

---- con1229  =L=  

con1229..  (0)*x(9) + (0)*x(43) + (0)*x(59) + (0)*x(93) =L= 1 ; (LHS = 0)
     

---- con1230  =L=  

con1230..  (0)*x(9) + (0)*x(42) + (0)*x(59) + (0)*x(92) =L= 1 ; (LHS = 0)
     

---- con1231  =L=  

con1231..  (0)*x(8) + (0)*x(39) + (0)*x(58) + (0)*x(89) =L= 1 ; (LHS = 0)
     

---- con1232  =L=  

con1232..  (0)*x(9) + (0)*x(41) + (0)*x(59) + (0)*x(91) =L= 1 ; (LHS = 0)
     

---- con1233  =L=  

con1233..  (0)*x(9) + (0)*x(40) + (0)*x(59) + (0)*x(90) =L= 1 ; (LHS = 0)
     

---- con1234  =L=  

con1234..  (0)*x(8) + (0)*x(40) + (0)*x(58) + (0)*x(90) =L= 1 ; (LHS = 0)
     

---- con1235  =L=  

con1235..  (0)*x(9) + (0)*x(39) + (0)*x(59) + (0)*x(89) =L= 1 ; (LHS = 0)
     

---- con1236  =L=  

con1236..  (0)*x(9) + (0)*x(38) + (0)*x(59) + (0)*x(88) =L= 1 ; (LHS = 0)
     

---- con1237  =L=  

con1237..  (0)*x(8) + (0)*x(41) + (0)*x(58) + (0)*x(91) =L= 1 ; (LHS = 0)
     

---- con1238  =L=  

con1238..  (0)*x(9) + (0)*x(37) + (0)*x(59) + (0)*x(87) =L= 1 ; (LHS = 0)
     

---- con1239  =L=  

con1239..  (0)*x(9) + (0)*x(36) + (0)*x(59) + (0)*x(86) =L= 1 ; (LHS = 0)
     

---- con1240  =L=  

con1240..  (0)*x(8) + (0)*x(42) + (0)*x(58) + (0)*x(92) =L= 1 ; (LHS = 0)
     

---- con1241  =L=  

con1241..  (0)*x(9) + (0)*x(35) + (0)*x(59) + (0)*x(85) =L= 1 ; (LHS = 0)
     

---- con1242  =L=  

con1242..  (0)*x(9) + (0)*x(34) + (0)*x(59) + (0)*x(84) =L= 1 ; (LHS = 0)
     

---- con1243  =L=  

con1243..  (0)*x(9) + (0)*x(33) + (0)*x(59) + (0)*x(83) =L= 1 ; (LHS = 0)
     

---- con1244  =L=  

con1244..  (0)*x(8) + (0)*x(43) + (0)*x(58) + (0)*x(93) =L= 1 ; (LHS = 0)
     

---- con1245  =L=  

con1245..  (0)*x(9) + (0)*x(32) + (0)*x(59) + (0)*x(82) =L= 1 ; (LHS = 0)
     

---- con1246  =L=  

con1246..  (0)*x(9) + (0)*x(31) + (0)*x(59) + (0)*x(81) =L= 1 ; (LHS = 0)
     

---- con1247  =L=  

con1247..  (0)*x(8) + (0)*x(44) + (0)*x(58) + (0)*x(94) =L= 1 ; (LHS = 0)
     

---- con1248  =L=  

con1248..  (0)*x(9) + (0)*x(30) + (0)*x(59) + (0)*x(80) =L= 1 ; (LHS = 0)
     

---- con1249  =L=  

con1249..  (0)*x(9) + (0)*x(29) + (0)*x(59) + (0)*x(79) =L= 1 ; (LHS = 0)
     

---- con1250  =L=  

con1250..  (0)*x(8) + (0)*x(45) + (0)*x(58) + (0)*x(95) =L= 1 ; (LHS = 0)
     

---- con1251  =L=  

con1251..  (0)*x(9) + (0)*x(28) + (0)*x(59) + (0)*x(78) =L= 1 ; (LHS = 0)
     

---- con1252  =L=  

con1252..  (0)*x(9) + (0)*x(27) + (0)*x(59) + (0)*x(77) =L= 1 ; (LHS = 0)
     

---- con1253  =L=  

con1253..  (0)*x(8) + (0)*x(46) + (0)*x(58) + (0)*x(96) =L= 1 ; (LHS = 0)
     

---- con1254  =L=  

con1254..  (0)*x(9) + (0)*x(26) + (0)*x(59) + (0)*x(76) =L= 1 ; (LHS = 0)
     

---- con1255  =L=  

con1255..  (0)*x(9) + (0)*x(25) + (0)*x(59) + (0)*x(75) =L= 1 ; (LHS = 0)
     

---- con1256  =L=  

con1256..  (0)*x(9) + (0)*x(24) + (0)*x(59) + (0)*x(74) =L= 1 ; (LHS = 0)
     

---- con1257  =L=  

con1257..  (0)*x(8) + (0)*x(47) + (0)*x(58) + (0)*x(97) =L= 1 ; (LHS = 0)
     

---- con1258  =L=  

con1258..  (0)*x(9) + (0)*x(23) + (0)*x(59) + (0)*x(73) =L= 1 ; (LHS = 0)
     

---- con1259  =L=  

con1259..  (0)*x(9) + (0)*x(22) + (0)*x(59) + (0)*x(72) =L= 1 ; (LHS = 0)
     

---- con1260  =L=  

con1260..  (0)*x(8) + (0)*x(48) + (0)*x(58) + (0)*x(98) =L= 1 ; (LHS = 0)
     

---- con1261  =L=  

con1261..  (0)*x(9) + (0)*x(21) + (0)*x(59) + (0)*x(71) =L= 1 ; (LHS = 0)
     

---- con1262  =L=  

con1262..  (0)*x(9) + (0)*x(20) + (0)*x(59) + (0)*x(70) =L= 1 ; (LHS = 0)
     

---- con1263  =L=  

con1263..  (0)*x(8) + (0)*x(49) + (0)*x(58) + (0)*x(99) =L= 1 ; (LHS = 0)
     

---- con1264  =L=  

con1264..  (0)*x(9) + (0)*x(19) + (0)*x(59) + (0)*x(69) =L= 1 ; (LHS = 0)
     

---- con1265  =L=  

con1265..  (0)*x(9) + (0)*x(18) + (0)*x(59) + (0)*x(68) =L= 1 ; (LHS = 0)
     

---- con1266  =L=  

con1266..  (0)*x(8) + (0)*x(50) + (0)*x(58) + (0)*x(100) =L= 1 ; (LHS = 0)
     

---- con1267  =L=  

con1267..  (0)*x(9) + (0)*x(17) + (0)*x(59) + (0)*x(67) =L= 1 ; (LHS = 0)
     

---- con1268  =L=  

con1268..  (0)*x(9) + (0)*x(16) + (0)*x(59) + (0)*x(66) =L= 1 ; (LHS = 0)
     

---- con1269  =L=  

con1269..  (0)*x(9) + (0)*x(15) + (0)*x(59) + (0)*x(65) =L= 1 ; (LHS = 0)
     

---- con1270  =L=  

con1270..  (0)*x(9) + (0)*x(10) + (0)*x(59) + (0)*x(60) =L= 1 ; (LHS = 0)
     

---- con1271  =L=  

con1271..  (0)*x(9) + (0)*x(14) + (0)*x(59) + (0)*x(64) =L= 1 ; (LHS = 0)
     

---- con1272  =L=  

con1272..  (0)*x(9) + (0)*x(13) + (0)*x(59) + (0)*x(63) =L= 1 ; (LHS = 0)
     

---- con1273  =L=  

con1273..  (0)*x(9) + (0)*x(11) + (0)*x(59) + (0)*x(61) =L= 1 ; (LHS = 0)
     

---- con1274  =L=  

con1274..  (0)*x(9) + (0)*x(12) + (0)*x(59) + (0)*x(62) =L= 1 ; (LHS = 0)
     
GAMS 53.5.1  f2e5fac3 May 20, 2026          WEX-WEI x86 64bit/MS Windows - 06/14/26 21:50:18 Page 3
G e n e r a l   A l g e b r a i c   M o d e l i n g   S y s t e m
Column Listing      SOLVE m Using NLP From line 6585


---- x  

x(1)
                (.LO, .L, .UP, .M = 0, 0, 1, 0)
       (0)      objcon
       (0)      con99
       (0)      con102
       (0)      con105
       (0)      con108
       (0)      con111
       (0)      con114
       (0)      con117
       (0)      con120
       (0)      con123
       (0)      con126
       (0)      con129
       (0)      con132
       (0)      con135
       (0)      con138
       (0)      con141
       (0)      con144
       (0)      con147
       (0)      con150
       (0)      con153
       (0)      con156
       (0)      con159
       (0)      con162
       (0)      con165
       (0)      con168
       (0)      con171
       (0)      con174
       (0)      con177
       (0)      con180
       (0)      con183
       (0)      con186
       (0)      con189
       (0)      con192
       (0)      con195
       (0)      con198
       (0)      con201
       (0)      con204
       (0)      con207
       (0)      con210
       (0)      con213
       (0)      con216
       (0)      con219
       (0)      con222
       (0)      con225
       (0)      con228
       (0)      con231
       (0)      con234
       (0)      con237
       (0)      con240
       (0)      con243

x(2)
                (.LO, .L, .UP, .M = 0, 0, 1, 0)
       (0)      objcon
       (0)      con99
       (0)      con246
       (0)      con249
       (0)      con252
       (0)      con256
       (0)      con259
       (0)      con262
       (0)      con265
       (0)      con269
       (0)      con272
       (0)      con275
       (0)      con278
       (0)      con282
       (0)      con285
       (0)      con288
       (0)      con291
       (0)      con295
       (0)      con298
       (0)      con301
       (0)      con304
       (0)      con308
       (0)      con311
       (0)      con314
       (0)      con317
       (0)      con321
       (0)      con324
       (0)      con327
       (0)      con330
       (0)      con334
       (0)      con337
       (0)      con340
       (0)      con343
       (0)      con347
       (0)      con350
       (0)      con353
       (0)      con356
       (0)      con360
       (0)      con363
       (0)      con366
       (0)      con369
       (0)      con373
       (0)      con376
       (0)      con379
       (0)      con382
       (0)      con386
       (0)      con389
       (0)      con392
       (0)      con395
       (0)      con399

x(3)
                (.LO, .L, .UP, .M = 0, 0, 1, 0)
       (0)      objcon
       (0)      con102
       (0)      con246
       (0)      con402
       (0)      con405
       (0)      con408
       (0)      con412
       (0)      con415
       (0)      con418
       (0)      con421
       (0)      con425
       (0)      con428
       (0)      con431
       (0)      con434
       (0)      con438
       (0)      con441
       (0)      con444
       (0)      con447
       (0)      con451
       (0)      con454
       (0)      con457
       (0)      con460
       (0)      con464
       (0)      con467
       (0)      con470
       (0)      con473
       (0)      con477
       (0)      con480
       (0)      con483
       (0)      con486
       (0)      con490
       (0)      con493
       (0)      con496
       (0)      con499
       (0)      con503
       (0)      con506
       (0)      con509
       (0)      con512
       (0)      con516
       (0)      con519
       (0)      con522
       (0)      con525
       (0)      con529
       (0)      con532
       (0)      con535
       (0)      con538
       (0)      con542
       (0)      con545
       (0)      con548
       (0)      con551

REMAINING 97 ENTRIES SKIPPED

---- obj  

obj
                (.LO, .L, .UP, .M = -INF, 0, +INF, 0)
        1       objcon

GAMS 53.5.1  f2e5fac3 May 20, 2026          WEX-WEI x86 64bit/MS Windows - 06/14/26 21:50:18 Page 4
G e n e r a l   A l g e b r a i c   M o d e l i n g   S y s t e m
Range Statistics    SOLVE m Using NLP From line 6585


RANGE STATISTICS (ABSOLUTE NON-ZERO FINITE VALUES)

RHS       [min, max] : [ 1.000E+00, 1.000E+00] - Zero values observed as well
Bound     [min, max] : [ 1.000E+00, 3.142E+00] - Zero values observed as well
Matrix    [min, max] : [ 1.000E+00, 1.000E+00] - Zero values observed as well

GAMS 53.5.1  f2e5fac3 May 20, 2026          WEX-WEI x86 64bit/MS Windows - 06/14/26 21:50:18 Page 5
G e n e r a l   A l g e b r a i c   M o d e l i n g   S y s t e m
Model Statistics    SOLVE m Using NLP From line 6585


MODEL STATISTICS

BLOCKS OF EQUATIONS       1,275     SINGLE EQUATIONS        1,275
BLOCKS OF VARIABLES           2     SINGLE VARIABLES          101  1 projected
NON ZERO ELEMENTS         5,099     NON LINEAR N-Z          5,000
CODE LENGTH              17,496     CONSTANT POOL              18



**** The model exceeds the demo license limits for nonlinear models of more than 1000 rows or columns
     As an academic user, you can submit large models to the NEOS service for free (see https://www.gams.com/neos)
     Alternatively, feel free to contact sales@gams.com to discuss your options

GENERATION TIME      =        0.031 SECONDS      5 MB  53.5.1 f2e5fac3 WEX-WEI
**** Terminated due to a licensing error
**** License file: C:\GAMS\53\gamslice.txt

**** Current license content:
     GAMS_Demo,_for_EULA_and_demo_limitations_see___G260130+0003Cc-GEN
     https://www.gams.com/latest/docs/UG%5FLicense.html_______________
     00_______________________________________________________________
     05_______________________________________________________________
     DC0000____47c482f4-6e50-4644-89db-3efca59626ed_O_DEMO____________
     v:2______________________________________________________________
     MEUCIQCTOo43J0c6lWb3zG++iU1nMOlrMgfUbQwkptleusEKvAIgUwcOdzpUddQte
     GKUkB6iP4wFOO9VKu4/UxuNTOpqano=__________________________________
