GAMS 53.5.1  f2e5fac3 May 20, 2026          WEX-WEI x86 64bit/MS Windows - 06/14/26 21:50:19 Page 1
G e n e r a l   A l g e b r a i c   M o d e l i n g   S y s t e m
C o m p i l a t i o n


   1  * GAMS-model qp3.dag.gms written by dag2gams Converter at 29/03/2004 14:12:12
   2  * University of Vienna
   4   Set i/1*52/;
   5   Set j/1*100/;
   6   Equations objcon
   7  con1
   8  con2
   9  con3
  10  con4
  11  con5
  12  con6
  13  con7
  14  con8
  15  con9
  16  con10
  17  con11
  18  con12
  19  con13
  20  con14
  21  con15
  22  con16
  23  con17
  24  con18
  25  con19
  26  con20
  27  con21
  28  con22
  29  con23
  30  con24
  31  con25
  32  con26
  33  con27
  34  con28
  35  con29
  36  con30
  37  con31
  38  con32
  39  con33
  40  con34
  41  con35
  42  con36
  43  con37
  44  con38
  45  con39
  46  con40
  47  con41
  48  con42
  49  con43
  50  con44
  51  con45
  52  con46
  53  con47
  54  con48
  55  con49
  56  con50
  57  con51
  58  con52
  59  ;
  60  Variables x(j), obj;
  61  * Objective function (to be minimized)
  62  objcon.. obj =e= x('1') * x('51') +
  63  x('2') * x('52') +
  64  x('3') * x('53') +
  65  x('4') * x('54') +
  66  x('5') * x('55') +
  67  x('6') * x('56') +
  68  x('7') * x('57') +
  69  x('8') * x('58') +
  70  x('9') * x('59') +
  71  x('10') * x('60') +
  72  x('11') * x('61') +
  73  x('12') * x('62') +
  74  x('13') * x('63') +
  75  x('14') * x('64') +
  76  x('15') * x('65') +
  77  x('16') * x('66') +
  78  x('17') * x('67') +
  79  x('18') * x('68') +
  80  x('19') * x('69') +
  81  x('20') * x('70') +
  82  x('21') * x('71') +
  83  x('22') * x('72') +
  84  x('23') * x('73') +
  85  x('24') * x('74') +
  86  x('25') * x('75') +
  87  x('26') * x('76') +
  88  x('27') * x('77') +
  89  x('28') * x('78') +
  90  x('29') * x('79') +
  91  x('30') * x('80') +
  92  x('31') * x('81') +
  93  x('32') * x('82') +
  94  x('33') * x('83') +
  95  x('34') * x('84') +
  96  x('35') * x('85') +
  97  x('36') * x('86') +
  98  x('37') * x('87') +
  99  x('38') * x('88') +
 100  x('39') * x('89') +
 101  x('40') * x('90') +
 102  x('41') * x('91') +
 103  x('42') * x('92') +
 104  x('43') * x('93') +
 105  x('44') * x('94') +
 106  x('45') * x('95') +
 107  x('46') * x('96') +
 108  x('47') * x('97') +
 109  x('48') * x('98') +
 110  x('49') * x('99') +
 111  x('50') * x('100');
 112   
 113   
 114  con1.. x('1') +
 115  x('2') +
 116  x('3') +
 117  x('4') +
 118  x('5') +
 119  x('6') +
 120  x('7') +
 121  x('8') +
 122  x('9') +
 123  x('10') +
 124  x('11') +
 125  x('12') +
 126  x('13') +
 127  x('14') +
 128  x('15') +
 129  x('16') +
 130  x('17') +
 131  x('18') +
 132  x('19') +
 133  x('20') +
 134  x('21') +
 135  x('22') +
 136  x('23') +
 137  x('24') +
 138  x('25') +
 139  x('26') +
 140  x('27') +
 141  x('28') +
 142  x('29') +
 143  x('30') +
 144  x('31') +
 145  x('32') +
 146  x('33') +
 147  x('34') +
 148  x('35') +
 149  x('36') +
 150  x('37') +
 151  x('38') +
 152  x('39') +
 153  x('40') +
 154  x('41') +
 155  x('42') +
 156  x('43') +
 157  x('44') +
 158  x('45') +
 159  x('46') +
 160  x('47') +
 161  x('48') +
 162  x('49') +
 163  x('50') =e= 1;
 164  con2.. (-0.13420000000000001) * x('1') -
 165  0.35105923645320197 * x('2') -
 166  0.23604002463054199 * x('3') -
 167  0.56390775862068998 * x('4') -
 168  0.071474999999999705 * x('5') -
 169  1.67819593596059 * x('6') -
 170  0.12122672413793099 * x('7') -
 171  0.60327401477832499 * x('8') -
 172  0.65051071428571405 * x('9') -
 173  0.62798596059113299 * x('10') -
 174  0.085544827586207003 * x('11') +
 175  0.10426120689655199 * x('12') -
 176  0.028111576354679799 * x('13') -
 177  0.177329926108374 * x('14') -
 178  0.73002770935960604 * x('15') -
 179  0.30059642857142899 * x('16') -
 180  0.222811945812808 * x('17') -
 181  0.14378460591132999 * x('18') -
 182  0.14731330049261099 * x('19') -
 183  0.048280665024630597 * x('20') -
 184  1.01497524630542 * x('21') -
 185  0.011632512315270901 * x('22') -
 186  0.029638546798029599 * x('23') -
 187  0.529690763546798 * x('24') -
 188  0.11755160098522199 * x('25') -
 189  0.19270935960591201 * x('26') -
 190  1.1536762315270901 * x('27') -
 191  0.058495320197044301 * x('28') -
 192  0.598372783251232 * x('29') +
 193  0.121240886699507 * x('30') -
 194  3.8373773399014799 * x('31') -
 195  1.33483706896552 * x('32') -
 196  0.26273780788177298 * x('33') -
 197  1.1598134236453199 * x('34') -
 198  0.071699507389162198 * x('35') +
 199  0.113583128078817 * x('36') -
 200  0.18539359605911299 * x('37') -
 201  0.37800467980295599 * x('38') +
 202  0.27908559113300502 * x('39') -
 203  0.62850049261083696 * x('40') +
 204  0.0012642857142856701 * x('41') -
 205  0.139827216748769 * x('42') -
 206  0.086699507389163197 * x('43') -
 207  1.1691616995073899 * x('44') +
 208  0.014249384236453199 * x('45') -
 209  0.036356034482758502 * x('46') -
 210  0.0113401477832512 * x('47') -
 211  1.93642820197044 * x('48') -
 212  0.37262918719211902 * x('49') -
 213  2.7958615763546799 * x('50') +
 214  x('100') =e= 0;
 215  con3.. (-0.0128571428571428) * x('1') +
 216  0.039156157635467898 * x('2') +
 217  0.037989778325122597 * x('3') +
 218  0.063223029556650101 * x('4') +
 219  0.0340178571428571 * x('5') -
 220  0.32279556650246299 * x('6') -
 221  0.034083374384236399 * x('7') +
 222  0.122155295566502 * x('8') +
 223  0.035221428571428501 * x('9') -
 224  0.065545073891625505 * x('10') -
 225  0.015289162561576501 * x('11') +
 226  0.064547290640393898 * x('12') -
 227  0.20591490147783301 * x('13') -
 228  0.040751477832512303 * x('14') +
 229  0.26633633004926099 * x('15') +
 230  0.091807142857142907 * x('16') -
 231  0.034418226600985598 * x('17') -
 232  0.050200738916256198 * x('18') +
 233  0.0061695812807882099 * x('19') +
 234  0.013149014778325399 * x('20') -
 235  0.22661650246305401 * x('21') -
 236  0.015953325123152701 * x('22') -
 237  0.0139397783251231 * x('23') -
 238  0.48866687192118202 * x('24') +
 239  0.039892733990147797 * x('25') -
 240  0.071866379310344702 * x('26') +
 241  0.0016782019704430599 * x('27') +
 242  0.043081403940886699 * x('28') -
 243  0.135305049261084 * x('29') -
 244  0.13311416256157599 * x('30') +
 245  0.22845394088669899 * x('31') -
 246  0.39420862068965501 * x('32') -
 247  0.081368842364532096 * x('33') -
 248  0.34300652709359603 * x('34') -
 249  0.017416995073891599 * x('35') +
 250  0.0058802955665027499 * x('36') -
 251  0.019628078817733902 * x('37') -
 252  0.058777832512315699 * x('38') -
 253  0.088368965517241396 * x('39') +
 254  0.043170566502463002 * x('40') -
 255  0.0144642857142857 * x('41') -
 256  0.070252093596059301 * x('42') -
 257  0.15136342364531999 * x('43') -
 258  0.63005886699507396 * x('44') +
 259  0.011401600985221701 * x('45') +
 260  0.0011885467980295901 * x('46') +
 261  0.0021565270935960802 * x('47') -
 262  0.53781453201970497 * x('48') -
 263  0.397459113300492 * x('49') -
 264  0.37262918719211902 * x('50') +
 265  x('99') =e= 0;
 266  con4.. (-0.102967857142857) * x('1') -
 267  0.26064655172413798 * x('2') -
 268  0.14392315270936101 * x('3') -
 269  0.19291810344827801 * x('4') -
 270  0.069550000000000001 * x('5') -
 271  0.59958337438423703 * x('6') -
 272  0.083731403940887197 * x('7') -
 273  0.39190603448275901 * x('8') -
 274  0.27695357142857202 * x('9') -
 275  0.46688866995073902 * x('10') -
 276  0.040120073891626903 * x('11') +
 277  0.18430233990147801 * x('12') -
 278  0.077574630541871595 * x('13') -
 279  0.093469827586206894 * x('14') -
 280  0.44471822660098598 * x('15') +
 281  0.038060714285713899 * x('16') -
 282  0.16509692118226499 * x('17') -
 283  0.19004384236453201 * x('18') -
 284  0.076341748768472606 * x('19') -
 285  0.00028583743842383299 * x('20') -
 286  0.36227081280788098 * x('21') +
 287  0.0017455665024630901 * x('22') +
 288  0.056766009852216998 * x('23') -
 289  0.83032844827586305 * x('24') -
 290  0.10806921182265999 * x('25') +
 291  0.042462684729063699 * x('26') -
 292  1.34104692118227 * x('27') +
 293  0.019059729064039199 * x('28') -
 294  0.62574839901477797 * x('29') -
 295  0.12935221674876901 * x('30') -
 296  4.0450173645320202 * x('31') -
 297  2.3193055418719202 * x('32') -
 298  0.279025123152709 * x('33') -
 299  2.26583608374384 * x('34') +
 300  0.023223768472906602 * x('35') +
 301  0.425279679802956 * x('36') -
 302  0.043633866995073801 * x('37') -
 303  0.36924544334975301 * x('38') -
 304  0.36697290640393998 * x('39') -
 305  0.400759482758621 * x('40') -
 306  0.018689285714285599 * x('41') -
 307  0.26170874384236398 * x('42') -
 308  1.0410726600985201 * x('43') -
 309  2.9989725369458098 * x('44') +
 310  0.0135568965517242 * x('45') -
 311  0.068818842364531896 * x('46') -
 312  0.0044317733990148298 * x('47') -
 313  3.6625027093596101 * x('48') -
 314  0.53781453201970497 * x('49') -
 315  1.93642820197044 * x('50') +
 316  x('98') =e= 0;
 317  con5.. 0.0035857142857143101 * x('1') -
 318  0.0062449507389162702 * x('2') -
 319  0.0137150246305418 * x('3') -
 320  0.00108633004926108 * x('4') +
 321  0.00142142857142858 * x('5') +
 322  0.053657635467980198 * x('6') -
 323  0.0035695812807881601 * x('7') -
 324  0.024334729064039402 * x('8') -
 325  0.015628571428571401 * x('9') +
 326  0.00027832512315274701 * x('10') +
 327  0.00048017241379307002 * x('11') -
 328  0.0079959359605911405 * x('12') +
 329  0.00023485221674878 * x('13') -
 330  0.000226354679802942 * x('14') +
 331  0.0070151477832512696 * x('15') +
 332  0.0107785714285714 * x('16') +
 333  0.00083805418719217698 * x('17') -
 334  0.0028381773399014801 * x('18') -
 335  0.00149901477832512 * x('19') -
 336  0.0072520935960591199 * x('20') -
 337  0.023003817733990101 * x('21') +
 338  0.00090677339901478003 * x('22') +
 339  0.0028185960591132998 * x('23') -
 340  0.0032407635467980099 * x('24') -
 341  0.00346588669950738 * x('25') -
 342  0.0080772167487684603 * x('26') -
 343  0.028140517241379299 * x('27') +
 344  0.0071618226600985001 * x('28') +
 345  0.0089022167487684805 * x('29') +
 346  0.0019908866995073699 * x('30') -
 347  0.052316625615763598 * x('31') +
 348  0.0512415024630542 * x('32') -
 349  0.0064520935960591204 * x('33') +
 350  0.021547290640394099 * x('34') -
 351  0.0017530788177339701 * x('35') +
 352  0.016075985221674801 * x('36') -
 353  0.0056043103448275696 * x('37') -
 354  0.011922536945812899 * x('38') -
 355  0.0051001231527093398 * x('39') -
 356  0.00606834975369459 * x('40') -
 357  0.0082928571428571504 * x('41') -
 358  0.00026650246305416202 * x('42') -
 359  0.0044459359605911698 * x('43') -
 360  0.0148009852216749 * x('44') -
 361  0.00168633004926109 * x('45') -
 362  0.0015274630541872 * x('46') -
 363  0.0091401477832512307 * x('47') -
 364  0.0044317733990148298 * x('48') +
 365  0.0021565270935960802 * x('49') -
 366  0.0113401477832512 * x('50') +
 367  x('97') =e= 0;
 368  con6.. (-0.0064035714285714199) * x('1') -
 369  0.011418226600985199 * x('2') +
 370  0.012191256157635401 * x('3') +
 371  0.035513546798029601 * x('4') +
 372  0.0046107142857142796 * x('5') +
 373  0.052157019704433302 * x('6') -
 374  0.0064906403940886304 * x('7') +
 375  0.0018783251231527501 * x('8') -
 376  0.0067714285714286001 * x('9') -
 377  0.021441009852216801 * x('10') +
 378  0.0021933497536946499 * x('11') +
 379  0.0046963054187192099 * x('12') +
 380  0.0123261083743842 * x('13') -
 381  0.0220773399014778 * x('14') +
 382  0.049170320197044398 * x('15') -
 383  0.0060357142857142901 * x('16') +
 384  9.4950738916248003e-05 * x('17') -
 385  0.0038708128078817901 * x('18') -
 386  0.0027788177339901298 * x('19') +
 387  0.018749630541871998 * x('20') -
 388  0.0077910098522166703 * x('21') +
 389  0.0048795566502463101 * x('22') -
 390  0.00359482758620687 * x('23') -
 391  0.031288916256157699 * x('24') +
 392  0.00326736453201972 * x('25') -
 393  0.0076798029556649902 * x('26') +
 394  0.024337807881773501 * x('27') -
 395  0.0088458128078817699 * x('28') -
 396  0.013145197044335 * x('29') +
 397  0.00014692118226601001 * x('30') -
 398  0.21010923645320201 * x('31') -
 399  0.023109482758620601 * x('32') +
 400  0.010610344827586301 * x('33') -
 401  0.039065394088669797 * x('34') -
 402  0.00020726600985225099 * x('35') +
 403  0.0226568965517241 * x('36') +
 404  0.00089125615763545796 * x('37') +
 405  0.032702955665024597 * x('38') -
 406  0.00078300492610846803 * x('39') -
 407  0.038778448275862097 * x('40') -
 408  0.018232142857142801 * x('41') -
 409  0.020383374384236399 * x('42') -
 410  0.089971551724137802 * x('43') -
 411  0.063121182266009698 * x('44') +
 412  0.00095283251231523898 * x('45') -
 413  0.027138669950738901 * x('46') -
 414  0.0015274630541872 * x('47') -
 415  0.068818842364531896 * x('48') +
 416  0.0011885467980295901 * x('49') -
 417  0.036356034482758502 * x('50') +
 418  x('96') =e= 0;
 419  con7.. (-0.00041071428571430298) * x('1') -
 420  7.2413793103438405e-05 * x('2') -
 421  0.013270935960591 * x('3') -
 422  0.013141256157635299 * x('4') +
 423  0.00072142857142856005 * x('5') +
 424  0.0191937192118227 * x('6') +
 425  0.0040487684729063897 * x('7') -
 426  0.0032411330049260298 * x('8') +
 427  0.020167857142857199 * x('9') -
 428  0.00054507389162561501 * x('10') +
 429  0.00791440886699501 * x('11') +
 430  0.0033865763546798398 * x('12') -
 431  0.0027113300492610198 * x('13') -
 432  0.0021300492610837399 * x('14') -
 433  0.036231527093595998 * x('15') +
 434  0.0074928571428570902 * x('16') -
 435  0.011907512315270799 * x('17') -
 436  0.0048435960591132797 * x('18') +
 437  0.0069874384236453396 * x('19') -
 438  0.0112974137931035 * x('20') +
 439  0.00087278325123156498 * x('21') -
 440  0.0014890394088669899 * x('22') +
 441  0.0042709359605911396 * x('23') +
 442  0.0070045566502463102 * x('24') +
 443  0.0015213054187192001 * x('25') +
 444  0.0035479064039408599 * x('26') -
 445  0.037496798029556501 * x('27') -
 446  0.00019716748768469901 * x('28') +
 447  0.0083306650246304497 * x('29') +
 448  0.014792980295566501 * x('30') -
 449  3.53448275862234e-05 * x('31') +
 450  0.0076985221674876298 * x('32') +
 451  0.0110454433497537 * x('33') +
 452  0.035611330049260898 * x('34') +
 453  0.00084371921182267099 * x('35') +
 454  0.0218624384236451 * x('36') +
 455  0.00078977832512309803 * x('37') -
 456  0.016220689655172298 * x('38') +
 457  0.0060881773399016096 * x('39') -
 458  0.0075080049261084204 * x('40') +
 459  0.0025821428571428402 * x('41') -
 460  0.00311280788177337 * x('42') -
 461  0.00708485221674877 * x('43') +
 462  0.0308947044334975 * x('44') -
 463  0.0081233990147783104 * x('45') +
 464  0.00095283251231523898 * x('46') -
 465  0.00168633004926109 * x('47') +
 466  0.0135568965517242 * x('48') +
 467  0.011401600985221701 * x('49') +
 468  0.014249384236453199 * x('50') +
 469  x('95') =e= 0;
 470  con8.. (-0.0435892857142854) * x('1') -
 471  0.094393719211822602 * x('2') +
 472  0.079402216748767698 * x('3') +
 473  0.053444704433496297 * x('4') +
 474  0.085992857142857204 * x('5') -
 475  0.95061219211822701 * x('6') -
 476  0.109055541871921 * x('7') -
 477  0.070049384236453099 * x('8') -
 478  0.30145 * x('9') -
 479  0.025852832512314902 * x('10') +
 480  0.024438054187191301 * x('11') +
 481  0.0617270935960589 * x('12') +
 482  0.20889901477832501 * x('13') +
 483  0.045814778325123102 * x('14') -
 484  0.29262758620689699 * x('15') +
 485  0.31817142857142799 * x('16') +
 486  0.080792980295566696 * x('17') -
 487  0.28257832512315301 * x('18') +
 488  0.0033470443349759098 * x('19') -
 489  0.25776514778325099 * x('20') -
 490  0.444256403940886 * x('21') -
 491  0.034684605911329998 * x('22') +
 492  0.055319211822660301 * x('23') -
 493  0.46249556650246298 * x('24') -
 494  0.016973768472906599 * x('25') +
 495  0.031285221674877003 * x('26') -
 496  0.68613916256157603 * x('27') -
 497  0.0047640394088674098 * x('28') -
 498  0.45071736453201899 * x('29') -
 499  0.30062980295566499 * x('30') -
 500  1.49383940886699 * x('31') -
 501  2.3277352216748799 * x('32') -
 502  0.30104371921182199 * x('33') -
 503  2.1285490147783301 * x('34') +
 504  0.098159236453202001 * x('35') +
 505  0.64984704433497498 * x('36') -
 506  0.058912068965516998 * x('37') +
 507  0.079678325123154203 * x('38') -
 508  0.333635344827585 * x('39') +
 509  0.087397906403940198 * x('40') -
 510  0.085007142857142601 * x('41') -
 511  0.29460049261083698 * x('42') -
 512  0.87340504926108298 * x('43') -
 513  4.3652541871921198 * x('44') +
 514  0.0308947044334975 * x('45') -
 515  0.063121182266009698 * x('46') -
 516  0.0148009852216749 * x('47') -
 517  2.9989725369458098 * x('48') -
 518  0.63005886699507396 * x('49') -
 519  1.1691616995073899 * x('50') +
 520  x('94') =e= 0;
 521  con9.. (-0.026257142857142701) * x('1') -
 522  0.01611921182266 * x('2') +
 523  0.079123891625615006 * x('3') +
 524  0.23759371921182201 * x('4') +
 525  0.0115964285714284 * x('5') +
 526  0.42834716748768398 * x('6') -
 527  0.031156157635468099 * x('7') +
 528  0.208605049261083 * x('8') +
 529  0.17374999999999999 * x('9') -
 530  0.058243226600984903 * x('10') +
 531  0.014861330049260799 * x('11') +
 532  0.15247573891625599 * x('12') -
 533  0.20116736453202 * x('13') -
 534  0.038046674876847299 * x('14') +
 535  0.072660221674876901 * x('15') +
 536  0.104396428571428 * x('16') -
 537  0.034855418719211502 * x('17') -
 538  0.0155322660098522 * x('18') +
 539  0.035951477832512402 * x('19') +
 540  0.068041502463054099 * x('20') +
 541  0.26469963054187301 * x('21') +
 542  0.016926231527093601 * x('22') +
 543  0.0218689655172415 * x('23') -
 544  0.32103435960591198 * x('24') +
 545  0.0027136699507387301 * x('25') -
 546  0.012378325123152701 * x('26') -
 547  0.16603756157635499 * x('27') -
 548  0.00015369458128079399 * x('28') -
 549  0.076621674876847401 * x('29') -
 550  0.062917241379310304 * x('30') -
 551  1.06630172413793 * x('31') -
 552  0.75759310344827602 * x('32') +
 553  0.091570073891625706 * x('33') -
 554  0.58759334975369504 * x('34') +
 555  0.030107881773399001 * x('35') +
 556  0.052137192118227101 * x('36') -
 557  0.00015110837438447701 * x('37') +
 558  0.106821551724138 * x('38') -
 559  0.33161268472906402 * x('39') -
 560  0.061329310344828102 * x('40') +
 561  0.0089857142857144301 * x('41') -
 562  0.056964039408866698 * x('42') -
 563  1.0528635467980301 * x('43') -
 564  0.87340504926108298 * x('44') -
 565  0.00708485221674877 * x('45') -
 566  0.089971551724137802 * x('46') -
 567  0.0044459359605911698 * x('47') -
 568  1.0410726600985201 * x('48') -
 569  0.15136342364531999 * x('49') -
 570  0.086699507389163197 * x('50') +
 571  x('93') =e= 0;
 572  con10.. (-0.0061071428571427997) * x('1') +
 573  0.0090685960591133808 * x('2') +
 574  0.050106773399014898 * x('3') -
 575  0.030469950738916101 * x('4') +
 576  0.028203571428571501 * x('5') +
 577  0.073189532019704004 * x('6') -
 578  0.013893719211822701 * x('7') -
 579  0.0066280788177336698 * x('8') +
 580  0.069771428571428804 * x('9') +
 581  0.010460591133005299 * x('10') +
 582  0.0078097290640393403 * x('11') -
 583  0.054310467980295603 * x('12') +
 584  0.0041656403940884502 * x('13') -
 585  0.0096953201970442996 * x('14') -
 586  0.057369211822660401 * x('15') +
 587  0.060585714285714097 * x('16') -
 588  0.020418472906404 * x('17') -
 589  0.043804802955665002 * x('18') +
 590  0.0017683497536946501 * x('19') +
 591  0.050222167487684703 * x('20') -
 592  0.11192155172413799 * x('21') -
 593  0.0073662561576354696 * x('22') -
 594  0.0286174876847291 * x('23') -
 595  0.0438864532019708 * x('24') +
 596  0.0079438423645321003 * x('25') -
 597  0.013797536945812899 * x('26') -
 598  0.073122044334975003 * x('27') -
 599  0.043444088669950802 * x('28') -
 600  0.0492060344827586 * x('29') -
 601  0.060461699507389201 * x('30') -
 602  0.112370812807881 * x('31') -
 603  0.13852032019704499 * x('32') -
 604  0.032263546798029598 * x('33') -
 605  0.12077635467980299 * x('34') -
 606  0.0052783251231526603 * x('35') +
 607  0.117525492610837 * x('36') +
 608  0.0013246305418720299 * x('37') +
 609  0.16900123152709401 * x('38') -
 610  0.21041256157635499 * x('39') +
 611  0.012346182266010201 * x('40') -
 612  0.044960714285714298 * x('41') -
 613  0.17984039408867 * x('42') -
 614  0.056964039408866698 * x('43') -
 615  0.29460049261083698 * x('44') -
 616  0.00311280788177337 * x('45') -
 617  0.020383374384236399 * x('46') -
 618  0.00026650246305416202 * x('47') -
 619  0.26170874384236398 * x('48') -
 620  0.070252093596059301 * x('49') -
 621  0.139827216748769 * x('50') +
 622  x('92') =e= 0;
 623  con11.. 0.0065071428571428598 * x('1') -
 624  0.0247464285714287 * x('2') +
 625  0.00070714285714271001 * x('3') +
 626  0.044760714285714299 * x('4') -
 627  0.0105571428571429 * x('5') +
 628  0.090246428571428297 * x('6') -
 629  0.0030785714285713598 * x('7') -
 630  0.0516 * x('8') -
 631  0.00352857142857158 * x('9') -
 632  0.056585714285714198 * x('10') -
 633  0.00077142857142866296 * x('11') -
 634  0.069664285714285804 * x('12') +
 635  0.025485714285714299 * x('13') -
 636  0.026864285714285702 * x('14') +
 637  0.19828214285714299 * x('15') +
 638  0.043610714285714301 * x('16') -
 639  0.034303571428571503 * x('17') -
 640  0.01005 * x('18') +
 641  0.0033392857142856701 * x('19') +
 642  0.058107142857142899 * x('20') -
 643  0.17465 * x('21') +
 644  0.0055428571428571298 * x('22') +
 645  0.0047857142857142499 * x('23') +
 646  0.030199999999999901 * x('24') +
 647  0.038635714285714197 * x('25') -
 648  0.014664285714285699 * x('26') +
 649  0.038996428571428397 * x('27') -
 650  0.0074285714285714198 * x('28') -
 651  0.038314285714285697 * x('29') -
 652  0.022967857142857099 * x('30') +
 653  0.034192857142857302 * x('31') +
 654  0.039075000000000103 * x('32') -
 655  0.027114285714285799 * x('33') +
 656  0.073871428571428505 * x('34') -
 657  0.0034285714285714601 * x('35') -
 658  0.012957142857143099 * x('36') +
 659  0.010710714285714301 * x('37') +
 660  0.056282142857142697 * x('38') -
 661  0.023425000000000199 * x('39') -
 662  0.087982142857142898 * x('40') -
 663  0.11424285714285699 * x('41') -
 664  0.044960714285714298 * x('42') +
 665  0.0089857142857144301 * x('43') -
 666  0.085007142857142601 * x('44') +
 667  0.0025821428571428402 * x('45') -
 668  0.018232142857142801 * x('46') -
 669  0.0082928571428571504 * x('47') -
 670  0.018689285714285599 * x('48') -
 671  0.0144642857142857 * x('49') +
 672  0.0012642857142856701 * x('50') +
 673  x('91') =e= 0;
 674  con12.. (-0.046085714285714299) * x('1') -
 675  0.123291502463054 * x('2') -
 676  0.17665960591133001 * x('3') -
 677  0.19986157635467899 * x('4') -
 678  0.070871428571428599 * x('5') -
 679  0.061022167487685401 * x('6') +
 680  0.0128168719211822 * x('7') -
 681  0.28222290640394099 * x('8') -
 682  0.14977857142857201 * x('9') -
 683  0.34000320197044298 * x('10') -
 684  0.00191847290640412 * x('11') -
 685  0.00071145320197033403 * x('12') -
 686  0.086661206896551199 * x('13') -
 687  0.205099753694581 * x('14') -
 688  0.34935307881773298 * x('15') -
 689  0.026314285714285401 * x('16') -
 690  0.087466009852215698 * x('17') +
 691  0.023950123152709401 * x('18') -
 692  0.0624264778325124 * x('19') -
 693  0.020127216748768498 * x('20') -
 694  0.10475320197044299 * x('21') +
 695  0.0029666256157635301 * x('22') +
 696  0.00179174876847308 * x('23') -
 697  0.056944211822661003 * x('24') -
 698  0.24696724137931 * x('25') -
 699  0.13225738916256199 * x('26') -
 700  0.40697672413793001 * x('27') -
 701  0.033732019704433201 * x('28') -
 702  0.166574753694582 * x('29') +
 703  0.21639581280788101 * x('30') -
 704  1.0984518472906399 * x('31') -
 705  0.0068711822660092303 * x('32') -
 706  0.047784359605911098 * x('33') -
 707  0.083270935960590903 * x('34') -
 708  0.049347167487684598 * x('35') -
 709  0.12153362068965499 * x('36') +
 710  0.036801108374383898 * x('37') -
 711  0.41397512315270901 * x('38') +
 712  0.276744827586207 * x('39') -
 713  0.86738497536945802 * x('40') -
 714  0.087982142857142898 * x('41') +
 715  0.012346182266010201 * x('42') -
 716  0.061329310344828102 * x('43') +
 717  0.087397906403940198 * x('44') -
 718  0.0075080049261084204 * x('45') -
 719  0.038778448275862097 * x('46') -
 720  0.00606834975369459 * x('47') -
 721  0.400759482758621 * x('48') +
 722  0.043170566502463002 * x('49') -
 723  0.62850049261083696 * x('50') +
 724  x('90') =e= 0;
 725  con13.. (-0.00089285714285710998) * x('1') +
 726  0.032011945812807703 * x('2') -
 727  0.071989901477832699 * x('3') +
 728  0.0331846059113289 * x('4') -
 729  0.020946428571428598 * x('5') -
 730  0.092487684729062894 * x('6') -
 731  0.0039573891625616199 * x('7') +
 732  0.18368891625615799 * x('8') -
 733  0.078492857142856504 * x('9') +
 734  0.067236699507389905 * x('10') -
 735  0.040209975369458098 * x('11') -
 736  0.13471982758620701 * x('12') -
 737  0.153867980295567 * x('13') +
 738  0.0423947044334975 * x('14') -
 739  0.483907019704434 * x('15') +
 740  0.27728571428571402 * x('16') -
 741  0.123884359605912 * x('17') -
 742  0.047865147783251197 * x('18') -
 743  0.17812179802955699 * x('19') +
 744  0.273808374384236 * x('20') +
 745  0.00367241379310289 * x('21') +
 746  7.2906403940885294e-05 * x('22') -
 747  0.072874384236453205 * x('23') -
 748  0.098340517241379502 * x('24') -
 749  0.105250738916256 * x('25') +
 750  0.077287438423645299 * x('26') -
 751  0.065498645320196794 * x('27') -
 752  0.056175862068965701 * x('28') +
 753  0.25578041871921198 * x('29') -
 754  0.11152068965517201 * x('30') +
 755  0.36230578817733999 * x('31') -
 756  0.467480295566502 * x('32') -
 757  0.014063054187192101 * x('33') -
 758  0.169932019704434 * x('34') -
 759  0.053001970443349401 * x('35') -
 760  0.12968251231527 * x('36') +
 761  0.028506527093596301 * x('37') +
 762  0.36737229064039301 * x('38') -
 763  1.8209066502463001 * x('39') +
 764  0.276744827586207 * x('40') -
 765  0.023425000000000199 * x('41') -
 766  0.21041256157635499 * x('42') -
 767  0.33161268472906402 * x('43') -
 768  0.333635344827585 * x('44') +
 769  0.0060881773399016096 * x('45') -
 770  0.00078300492610846803 * x('46') -
 771  0.0051001231527093398 * x('47') -
 772  0.36697290640393998 * x('48') -
 773  0.088368965517241396 * x('49') +
 774  0.27908559113300502 * x('50') +
 775  x('89') =e= 0;
 776  con14.. (-0.0041892857142858397) * x('1') +
 777  0.0084539408866994899 * x('2') -
 778  0.33661268472906403 * x('3') -
 779  0.45777426108374297 * x('4') -
 780  0.13535714285714301 * x('5') +
 781  0.36508583743842399 * x('6') -
 782  0.0111736453201973 * x('7') -
 783  0.39624975369458099 * x('8') -
 784  0.41144999999999998 * x('9') -
 785  0.10530541871921199 * x('10') +
 786  0.0022995073891623201 * x('11') +
 787  0.086114408866994605 * x('12') -
 788  0.095479679802955297 * x('13') -
 789  0.028126231527093402 * x('14') -
 790  0.18328817733990099 * x('15') -
 791  0.090982142857142498 * x('16') +
 792  0.117876477832513 * x('17') +
 793  0.045560098522167698 * x('18') -
 794  0.073128325123153107 * x('19') -
 795  0.19241034482758601 * x('20') +
 796  0.33695172413793101 * x('21') -
 797  0.0104831280788177 * x('22') +
 798  0.082373399014778095 * x('23') -
 799  0.281311083743843 * x('24') -
 800  0.116270935960591 * x('25') +
 801  0.047158374384236 * x('26') -
 802  0.30054495073891602 * x('27') +
 803  0.102860098522168 * x('28') +
 804  0.027930911330049199 * x('29') +
 805  0.15344236453201901 * x('30') -
 806  0.35389790640394098 * x('31') -
 807  0.452401231527093 * x('32') -
 808  0.082149630541872007 * x('33') +
 809  0.071958251231527007 * x('34') +
 810  0.028457266009852201 * x('35') +
 811  0.25366453201970302 * x('36') -
 812  0.037794827586207301 * x('37') -
 813  1.67503866995074 * x('38') +
 814  0.36737229064039301 * x('39') -
 815  0.41397512315270901 * x('40') +
 816  0.056282142857142697 * x('41') +
 817  0.16900123152709401 * x('42') +
 818  0.106821551724138 * x('43') +
 819  0.079678325123154203 * x('44') -
 820  0.016220689655172298 * x('45') +
 821  0.032702955665024597 * x('46') -
 822  0.011922536945812899 * x('47') -
 823  0.36924544334975301 * x('48') -
 824  0.058777832512315699 * x('49') -
 825  0.37800467980295599 * x('50') +
 826  x('88') =e= 0;
 827  con15.. (-0.0053571428571428303) * x('1') -
 828  0.048081896551724103 * x('2') +
 829  0.00041773399014772102 * x('3') -
 830  0.068592364532019501 * x('4') -
 831  0.00111428571428573 * x('5') -
 832  0.089251108374384699 * x('6') -
 833  0.023772906403940801 * x('7') -
 834  0.0230165024630542 * x('8') -
 835  0.044957142857142501 * x('9') +
 836  0.0096309113300492299 * x('10') -
 837  0.0119669950738915 * x('11') +
 838  0.025320320197044499 * x('12') +
 839  0.014027832512315401 * x('13') +
 840  0.019289655172413701 * x('14') -
 841  0.16058497536945801 * x('15') -
 842  0.042639285714285699 * x('16') +
 843  0.00803312807881763 * x('17') -
 844  0.012976600985221701 * x('18') +
 845  0.026179926108374399 * x('19') -
 846  0.036253325123152803 * x('20') -
 847  0.072469088669950305 * x('21') -
 848  0.00027684729064038599 * x('22') +
 849  0.00014298029556655001 * x('23') +
 850  0.011878325123153 * x('24') +
 851  0.0030812807881771798 * x('25') -
 852  0.010043226600985101 * x('26') -
 853  0.072416871921182305 * x('27') +
 854  0.00171268472906401 * x('28') -
 855  0.022156773399014701 * x('29') +
 856  0.03503657635468 * x('30') +
 857  0.031881157635468199 * x('31') -
 858  0.19018177339901499 * x('32') -
 859  0.0125426108374383 * x('33') -
 860  0.016534975369457701 * x('34') +
 861  0.0056131773399014902 * x('35') +
 862  0.0019977832512313898 * x('36') -
 863  0.077739408866995097 * x('37') -
 864  0.037794827586207301 * x('38') +
 865  0.028506527093596301 * x('39') +
 866  0.036801108374383898 * x('40') +
 867  0.010710714285714301 * x('41') +
 868  0.0013246305418720299 * x('42') -
 869  0.00015110837438447701 * x('43') -
 870  0.058912068965516998 * x('44') +
 871  0.00078977832512309803 * x('45') +
 872  0.00089125615763545796 * x('46') -
 873  0.0056043103448275696 * x('47') -
 874  0.043633866995073801 * x('48') -
 875  0.019628078817733902 * x('49') -
 876  0.18539359605911299 * x('50') +
 877  x('87') =e= 0;
 878  con16.. (-0.071817857142857405) * x('1') -
 879  0.121545566502463 * x('2') -
 880  0.141398645320198 * x('3') +
 881  0.093116009852216602 * x('4') +
 882  0.031603571428571398 * x('5') -
 883  0.43550209359605802 * x('6') -
 884  0.00668731527093612 * x('7') +
 885  0.26937438423645199 * x('8') +
 886  0.058014285714285803 * x('9') -
 887  0.073318596059112395 * x('10') -
 888  0.059223768472906002 * x('11') -
 889  0.089966379310344805 * x('12') -
 890  0.14774544334975301 * x('13') +
 891  0.012228078817734 * x('14') -
 892  0.094279556650246094 * x('15') -
 893  0.12542142857142899 * x('16') +
 894  0.034749876847289703 * x('17') +
 895  0.084510467980295198 * x('18') -
 896  0.089997044334975199 * x('19') +
 897  0.51746514778325103 * x('20') -
 898  0.013632881773399601 * x('21') +
 899  0.00542032019704427 * x('22') -
 900  0.082594211822659996 * x('23') +
 901  0.155552709359606 * x('24') +
 902  0.149355911330049 * x('25') -
 903  0.19377807881773401 * x('26') +
 904  0.13578201970443199 * x('27') +
 905  0.093328325123153102 * x('28') +
 906  0.00088522167487697402 * x('29') +
 907  0.130383374384237 * x('30') +
 908  1.1277429802955701 * x('31') +
 909  0.284245935960592 * x('32') +
 910  0.050193719211822099 * x('33') +
 911  0.28408472906403998 * x('34') -
 912  0.067309236453201998 * x('35') -
 913  1.4032041871921199 * x('36') +
 914  0.0019977832512313898 * x('37') +
 915  0.25366453201970302 * x('38') -
 916  0.12968251231527 * x('39') -
 917  0.12153362068965499 * x('40') -
 918  0.012957142857143099 * x('41') +
 919  0.117525492610837 * x('42') +
 920  0.052137192118227101 * x('43') +
 921  0.64984704433497498 * x('44') +
 922  0.0218624384236451 * x('45') +
 923  0.0226568965517241 * x('46') +
 924  0.016075985221674801 * x('47') +
 925  0.425279679802956 * x('48') +
 926  0.0058802955665027499 * x('49') +
 927  0.113583128078817 * x('50') +
 928  x('86') =e= 0;
 929  con17.. (-0.0042500000000000098) * x('1') -
 930  0.0088084975369457606 * x('2') -
 931  0.029054679802955601 * x('3') -
 932  0.0028848522167485798 * x('4') +
 933  0.00147142857142863 * x('5') -
 934  0.068934975369458099 * x('6') -
 935  0.0031418719211822499 * x('7') -
 936  0.0050985221674876404 * x('8') +
 937  0.0058678571428572796 * x('9') -
 938  0.036675369458128 * x('10') +
 939  0.00044347290640391599 * x('11') -
 940  0.010027832512315199 * x('12') -
 941  0.024610221674876798 * x('13') -
 942  0.020714532019704399 * x('14') +
 943  0.0152030788177343 * x('15') -
 944  0.00075714285714289099 * x('16') -
 945  0.0261054187192118 * x('17') +
 946  0.0035498768472906599 * x('18') -
 947  0.0265735221674877 * x('19') +
 948  0.0457736453201971 * x('20') -
 949  0.056603940886699303 * x('21') -
 950  0.00043091133004925103 * x('22') -
 951  0.016727463054187201 * x('23') -
 952  0.039127216748768401 * x('24') -
 953  0.022897044334975299 * x('25') -
 954  0.019067610837438399 * x('26') -
 955  0.031058990147782999 * x('27') -
 956  0.0041286945812807497 * x('28') -
 957  0.0032716748768472702 * x('29') +
 958  0.0079791871921182107 * x('30') -
 959  0.016462438423645299 * x('31') +
 960  0.071517610837438503 * x('32') +
 961  0.0085236453201970493 * x('33') +
 962  0.0166137931034482 * x('34') -
 963  0.025013546798029501 * x('35') -
 964  0.067309236453201998 * x('36') +
 965  0.0056131773399014902 * x('37') +
 966  0.028457266009852201 * x('38') -
 967  0.053001970443349401 * x('39') -
 968  0.049347167487684598 * x('40') -
 969  0.0034285714285714601 * x('41') -
 970  0.0052783251231526603 * x('42') +
 971  0.030107881773399001 * x('43') +
 972  0.098159236453202001 * x('44') +
 973  0.00084371921182267099 * x('45') -
 974  0.00020726600985225099 * x('46') -
 975  0.0017530788177339701 * x('47') +
 976  0.023223768472906602 * x('48') -
 977  0.017416995073891599 * x('49') -
 978  0.071699507389162198 * x('50') +
 979  x('85') =e= 0;
 980  con18.. (-0.063307142857142604) * x('1') -
 981  0.038040763546797897 * x('2') +
 982  0.158436453201969 * x('3') +
 983  0.206882758620689 * x('4') -
 984  0.047357142857143 * x('5') -
 985  0.60507192118226605 * x('6') -
 986  0.071426847290640597 * x('7') -
 987  0.0026402709359603701 * x('8') -
 988  0.030042857142856701 * x('9') -
 989  0.061517610837439 * x('10') -
 990  0.080337315270936405 * x('11') +
 991  0.19600665024630501 * x('12') +
 992  0.14329729064039401 * x('13') +
 993  0.0194692118226601 * x('14') -
 994  0.55256157635467995 * x('15') -
 995  0.10664999999999999 * x('16') +
 996  0.037958374384236097 * x('17') -
 997  0.056054679802955698 * x('18') +
 998  0.0039025862068965398 * x('19') -
 999  0.12061219211822601 * x('20') -
1000  0.23871403940886701 * x('21') -
1001  0.0036282019704433201 * x('22') -
1002  0.0131114532019703 * x('23') -
1003  0.69598780788177494 * x('24') -
1004  0.137130541871921 * x('25') +
1005  0.0159343596059115 * x('26') -
1006  0.56549876847290603 * x('27') +
1007  0.0373167487684729 * x('28') -
1008  0.44344864532019701 * x('29') -
1009  0.16231231527093601 * x('30') -
1010  2.1334655172413801 * x('31') -
1011  1.7800057881773399 * x('32') -
1012  0.14965862068965499 * x('33') -
1013  2.20904014778325 * x('34') +
1014  0.0166137931034482 * x('35') +
1015  0.28408472906403998 * x('36') -
1016  0.016534975369457701 * x('37') +
1017  0.071958251231527007 * x('38') -
1018  0.169932019704434 * x('39') -
1019  0.083270935960590903 * x('40') +
1020  0.073871428571428505 * x('41') -
1021  0.12077635467980299 * x('42') -
1022  0.58759334975369504 * x('43') -
1023  2.1285490147783301 * x('44') +
1024  0.035611330049260898 * x('45') -
1025  0.039065394088669797 * x('46') +
1026  0.021547290640394099 * x('47') -
1027  2.26583608374384 * x('48') -
1028  0.34300652709359603 * x('49') -
1029  1.1598134236453199 * x('50') +
1030  x('84') =e= 0;
1031  con19.. (-0.012832142857142801) * x('1') -
1032  0.020764778325123301 * x('2') +
1033  0.00213596059113295 * x('3') -
1034  0.045947413793103797 * x('4') -
1035  0.015746428571428401 * x('5') -
1036  0.25239064039408898 * x('6') -
1037  0.019454187192118201 * x('7') -
1038  0.14680628078817701 * x('8') -
1039  0.13747857142857201 * x('9') -
1040  0.059990394088669997 * x('10') -
1041  0.0461017241379309 * x('11') -
1042  0.0131834975369459 * x('12') -
1043  0.031502093596058801 * x('13') -
1044  0.0150257389162562 * x('14') -
1045  0.10293719211822699 * x('15') +
1046  0.0109071428571427 * x('16') -
1047  0.038769827586206798 * x('17') -
1048  0.041989655172413799 * x('18') -
1049  0.0033919950738916802 * x('19') -
1050  0.042882635467980303 * x('20') -
1051  0.12137610837438401 * x('21') -
1052  0.0067070197044334801 * x('22') -
1053  0.0011859605911330299 * x('23') -
1054  0.10827807881773401 * x('24') -
1055  0.067730418719211802 * x('25') -
1056  0.0190671182266011 * x('26') -
1057  0.089205541871921104 * x('27') +
1058  0.024338916256157601 * x('28') -
1059  0.068118596059113107 * x('29') +
1060  0.037376847290640398 * x('30') -
1061  0.15591588669950701 * x('31') -
1062  0.13971859605911299 * x('32') -
1063  0.20754334975369501 * x('33') -
1064  0.14965862068965499 * x('34') +
1065  0.0085236453201970493 * x('35') +
1066  0.050193719211822099 * x('36') -
1067  0.0125426108374383 * x('37') -
1068  0.082149630541872007 * x('38') -
1069  0.014063054187192101 * x('39') -
1070  0.047784359605911098 * x('40') -
1071  0.027114285714285799 * x('41') -
1072  0.032263546798029598 * x('42') +
1073  0.091570073891625706 * x('43') -
1074  0.30104371921182199 * x('44') +
1075  0.0110454433497537 * x('45') +
1076  0.010610344827586301 * x('46') -
1077  0.0064520935960591204 * x('47') -
1078  0.279025123152709 * x('48') -
1079  0.081368842364532096 * x('49') -
1080  0.26273780788177298 * x('50') +
1081  x('83') =e= 0;
1082  con20.. (-0.097124999999999795) * x('1') -
1083  0.11841145320197 * x('2') +
1084  0.078368226600984206 * x('3') -
1085  0.015730049261085701 * x('4') -
1086  0.107235714285714 * x('5') -
1087  1.18731810344827 * x('6') -
1088  0.11383842364532 * x('7') +
1089  0.066053078817733896 * x('8') -
1090  0.15158571428571299 * x('9') -
1091  0.038971305418718502 * x('10') -
1092  0.060363300492610898 * x('11') +
1093  0.25882118226600997 * x('12') +
1094  0.13212721674876901 * x('13') +
1095  0.068620320197044504 * x('14') -
1096  1.4484486453201999 * x('15') -
1097  0.13767857142857201 * x('16') -
1098  0.075520812807882198 * x('17') -
1099  0.130630911330049 * x('18') +
1100  0.064513793103448305 * x('19') -
1101  0.31869716748768401 * x('20') -
1102  0.34482130541871903 * x('21') -
1103  0.0156730295566502 * x('22') +
1104  0.00192105911330048 * x('23') -
1105  0.58477783251231497 * x('24') -
1106  0.0499045566502462 * x('25') +
1107  0.10717967980295599 * x('26') -
1108  0.700249384236453 * x('27') -
1109  0.0229094827586208 * x('28') -
1110  0.46048682266009799 * x('29') -
1111  0.027538300492610999 * x('30') -
1112  1.35106490147783 * x('31') -
1113  3.2989118226601 * x('32') -
1114  0.13971859605911299 * x('33') -
1115  1.7800057881773399 * x('34') +
1116  0.071517610837438503 * x('35') +
1117  0.284245935960592 * x('36') -
1118  0.19018177339901499 * x('37') -
1119  0.452401231527093 * x('38') -
1120  0.467480295566502 * x('39') -
1121  0.0068711822660092303 * x('40') +
1122  0.039075000000000103 * x('41') -
1123  0.13852032019704499 * x('42') -
1124  0.75759310344827602 * x('43') -
1125  2.3277352216748799 * x('44') +
1126  0.0076985221674876298 * x('45') -
1127  0.023109482758620601 * x('46') +
1128  0.0512415024630542 * x('47') -
1129  2.3193055418719202 * x('48') -
1130  0.39420862068965501 * x('49') -
1131  1.33483706896552 * x('50') +
1132  x('82') =e= 0;
1133  con21.. (-0.21295714285714301) * x('1') -
1134  0.64849802955665004 * x('2') -
1135  0.70769741379310402 * x('3') -
1136  0.644871059113304 * x('4') -
1137  0.23100714285714299 * x('5') -
1138  1.22684100985222 * x('6') -
1139  0.047079679802956298 * x('7') -
1140  1.67176416256158 * x('8') -
1141  1.28714285714286 * x('9') -
1142  1.39005270935961 * x('10') -
1143  0.12347881773399 * x('11') +
1144  0.116394704433497 * x('12') +
1145  0.37894408866995 * x('13') -
1146  0.38718275862069002 * x('14') -
1147  0.52246908866995001 * x('15') -
1148  0.486471428571429 * x('16') -
1149  0.33520640394088502 * x('17') -
1150  0.14173066502463 * x('18') -
1151  0.74355344827586101 * x('19') -
1152  0.36064445812807999 * x('20') -
1153  0.47960270935960297 * x('21') +
1154  0.081910221674876896 * x('22') +
1155  0.233229556650246 * x('23') -
1156  0.402912684729066 * x('24') +
1157  0.224957389162561 * x('25') +
1158  0.073922044334974901 * x('26') -
1159  2.0232849753694602 * x('27') -
1160  0.125055665024631 * x('28') -
1161  0.95126847290640204 * x('29') +
1162  0.070539039408867396 * x('30') -
1163  15.4825935960591 * x('31') -
1164  1.35106490147783 * x('32') -
1165  0.15591588669950701 * x('33') -
1166  2.1334655172413801 * x('34') -
1167  0.016462438423645299 * x('35') +
1168  1.1277429802955701 * x('36') +
1169  0.031881157635468199 * x('37') -
1170  0.35389790640394098 * x('38') +
1171  0.36230578817733999 * x('39') -
1172  1.0984518472906399 * x('40') +
1173  0.034192857142857302 * x('41') -
1174  0.112370812807881 * x('42') -
1175  1.06630172413793 * x('43') -
1176  1.49383940886699 * x('44') -
1177  3.53448275862234e-05 * x('45') -
1178  0.21010923645320201 * x('46') -
1179  0.052316625615763598 * x('47') -
1180  4.0450173645320202 * x('48') +
1181  0.22845394088669899 * x('49') -
1182  3.8373773399014799 * x('50') +
1183  x('81') =e= 0;
1184  con22.. 0.017342857142857201 * x('1') +
1185  0.12409827586206899 * x('2') +
1186  0.080329433497536698 * x('3') +
1187  0.160514408866995 * x('4') +
1188  0.025314285714285699 * x('5') +
1189  0.065029187192118296 * x('6') -
1190  0.0077825123152708399 * x('7') +
1191  0.15902266009852201 * x('8') +
1192  0.109617857142857 * x('9') +
1193  0.079501477832512393 * x('10') +
1194  0.018261822660098299 * x('11') +
1195  0.032318472906403897 * x('12') +
1196  0.020012315270935801 * x('13') +
1197  0.0641795566502463 * x('14') +
1198  0.40433054187192102 * x('15') +
1199  0.080110714285714604 * x('16') +
1200  0.081528817733989803 * x('17') +
1201  0.0096433497536945797 * x('18') +
1202  0.0036762315270936299 * x('19') -
1203  0.0079552955665024797 * x('20') +
1204  0.038094334975369702 * x('21') +
1205  0.0043843596059113402 * x('22') -
1206  0.0074722906403940697 * x('23') -
1207  0.139237561576355 * x('24') +
1208  0.10344174876847299 * x('25') +
1209  0.017884729064039501 * x('26') +
1210  0.240510960591133 * x('27') +
1211  0.0093254926108373992 * x('28') +
1212  0.00054384236453206003 * x('29') -
1213  0.28643103448275897 * x('30') +
1214  0.070539039408867396 * x('31') -
1215  0.027538300492610999 * x('32') +
1216  0.037376847290640398 * x('33') -
1217  0.16231231527093601 * x('34') +
1218  0.0079791871921182107 * x('35') +
1219  0.130383374384237 * x('36') +
1220  0.03503657635468 * x('37') +
1221  0.15344236453201901 * x('38') -
1222  0.11152068965517201 * x('39') +
1223  0.21639581280788101 * x('40') -
1224  0.022967857142857099 * x('41') -
1225  0.060461699507389201 * x('42') -
1226  0.062917241379310304 * x('43') -
1227  0.30062980295566499 * x('44') +
1228  0.014792980295566501 * x('45') +
1229  0.00014692118226601001 * x('46') +
1230  0.0019908866995073699 * x('47') -
1231  0.12935221674876901 * x('48') -
1232  0.13311416256157599 * x('49') +
1233  0.121240886699507 * x('50') +
1234  x('80') =e= 0;
1235  con23.. (-0.0246857142857143) * x('1') -
1236  0.073925738916256006 * x('2') +
1237  0.064146798029556196 * x('3') +
1238  0.065066379310345104 * x('4') -
1239  0.037146428571428497 * x('5') -
1240  0.53505024630541798 * x('6') -
1241  0.0270312807881774 * x('7') -
1242  0.097946921182265903 * x('8') +
1243  0.041967857142857098 * x('9') -
1244  0.227835591133005 * x('10') -
1245  0.020952586206896599 * x('11') +
1246  0.099656896551724203 * x('12') +
1247  0.044602216748768499 * x('13') -
1248  0.069840394088669905 * x('14') -
1249  0.112666502463054 * x('15') -
1250  0.063032142857142801 * x('16') -
1251  0.019745812807881999 * x('17') -
1252  0.033470197044334897 * x('18') +
1253  0.0037780788177341098 * x('19') -
1254  0.015525738916256001 * x('20') -
1255  0.26338201970443298 * x('21') -
1256  0.0028408866995073999 * x('22') +
1257  0.019310344827586201 * x('23') -
1258  0.24885283251231599 * x('24') +
1259  0.037888300492610903 * x('25') -
1260  0.047473891625615799 * x('26') -
1261  0.105538669950739 * x('27') +
1262  0.0105298029556651 * x('28') -
1263  0.37769753694581298 * x('29') +
1264  0.00054384236453206003 * x('30') -
1265  0.95126847290640204 * x('31') -
1266  0.46048682266009799 * x('32') -
1267  0.068118596059113107 * x('33') -
1268  0.44344864532019701 * x('34') -
1269  0.0032716748768472702 * x('35') +
1270  0.00088522167487697402 * x('36') -
1271  0.022156773399014701 * x('37') +
1272  0.027930911330049199 * x('38') +
1273  0.25578041871921198 * x('39') -
1274  0.166574753694582 * x('40') -
1275  0.038314285714285697 * x('41') -
1276  0.0492060344827586 * x('42') -
1277  0.076621674876847401 * x('43') -
1278  0.45071736453201899 * x('44') +
1279  0.0083306650246304497 * x('45') -
1280  0.013145197044335 * x('46') +
1281  0.0089022167487684805 * x('47') -
1282  0.62574839901477797 * x('48') -
1283  0.135305049261084 * x('49') -
1284  0.598372783251232 * x('50') +
1285  x('79') =e= 0;
1286  con24.. 0.00162142857142863 * x('1') -
1287  0.016268226600985099 * x('2') +
1288  0.0191912561576357 * x('3') -
1289  0.075557881773399005 * x('4') +
1290  0.0067392857142857202 * x('5') -
1291  0.026478694581280701 * x('6') +
1292  0.0047665024630541598 * x('7') -
1293  0.0382823891625617 * x('8') -
1294  0.011564285714285701 * x('9') -
1295  0.0065767241379310198 * x('10') +
1296  0.0125183497536946 * x('11') -
1297  0.037610837438423597 * x('12') +
1298  0.0260796798029557 * x('13') -
1299  0.0120666256157635 * x('14') -
1300  0.017626108374384299 * x('15') -
1301  0.0011999999999999899 * x('16') -
1302  0.033990763546797899 * x('17') -
1303  0.0154136699507389 * x('18') -
1304  0.0052323891625615801 * x('19') +
1305  0.0022603448275860701 * x('20') -
1306  0.056733866995073802 * x('21') -
1307  5.97290640394066e-05 * x('22') -
1308  0.0119305418719212 * x('23') +
1309  0.126625369458128 * x('24') -
1310  0.034254064039408998 * x('25') +
1311  0.021277339901477801 * x('26') -
1312  0.048651477832512301 * x('27') -
1313  0.063010098522167504 * x('28') +
1314  0.0105298029556651 * x('29') +
1315  0.0093254926108373992 * x('30') -
1316  0.125055665024631 * x('31') -
1317  0.0229094827586208 * x('32') +
1318  0.024338916256157601 * x('33') +
1319  0.0373167487684729 * x('34') -
1320  0.0041286945812807497 * x('35') +
1321  0.093328325123153102 * x('36') +
1322  0.00171268472906401 * x('37') +
1323  0.102860098522168 * x('38') -
1324  0.056175862068965701 * x('39') -
1325  0.033732019704433201 * x('40') -
1326  0.0074285714285714198 * x('41') -
1327  0.043444088669950802 * x('42') -
1328  0.00015369458128079399 * x('43') -
1329  0.0047640394088674098 * x('44') -
1330  0.00019716748768469901 * x('45') -
1331  0.0088458128078817699 * x('46') +
1332  0.0071618226600985001 * x('47') +
1333  0.019059729064039199 * x('48') +
1334  0.043081403940886699 * x('49') -
1335  0.058495320197044301 * x('50') +
1336  x('78') =e= 0;
1337  con25.. (-0.063571428571428404) * x('1') -
1338  0.29983054187192099 * x('2') -
1339  0.30859901477832502 * x('3') -
1340  0.64515394088669997 * x('4') -
1341  0.061964285714285597 * x('5') -
1342  0.091283990147783697 * x('6') -
1343  0.014516748768473199 * x('7') -
1344  0.36573583743842297 * x('8') -
1345  0.31919642857142899 * x('9') -
1346  0.29247229064039398 * x('10') +
1347  0.036068103448274998 * x('11') -
1348  0.026194704433497699 * x('12') -
1349  0.00586194581280804 * x('13') -
1350  0.076967241379310297 * x('14') -
1351  0.89549876847290699 * x('15') -
1352  0.065289285714286396 * x('16') -
1353  0.244682881773398 * x('17') -
1354  0.088494334975369404 * x('18') -
1355  0.034596551724138003 * x('19') -
1356  0.123794827586207 * x('20') -
1357  0.40611157635467998 * x('21') -
1358  0.0025137931034482802 * x('22') +
1359  0.00189187192118228 * x('23') -
1360  0.0027230295566503999 * x('24') -
1361  0.26234310344827599 * x('25') +
1362  0.00069581280788142904 * x('26') -
1363  1.61812216748769 * x('27') -
1364  0.048651477832512301 * x('28') -
1365  0.105538669950739 * x('29') +
1366  0.240510960591133 * x('30') -
1367  2.0232849753694602 * x('31') -
1368  0.700249384236453 * x('32') -
1369  0.089205541871921104 * x('33') -
1370  0.56549876847290603 * x('34') -
1371  0.031058990147782999 * x('35') +
1372  0.13578201970443199 * x('36') -
1373  0.072416871921182305 * x('37') -
1374  0.30054495073891602 * x('38') -
1375  0.065498645320196794 * x('39') -
1376  0.40697672413793001 * x('40') +
1377  0.038996428571428397 * x('41') -
1378  0.073122044334975003 * x('42') -
1379  0.16603756157635499 * x('43') -
1380  0.68613916256157603 * x('44') -
1381  0.037496798029556501 * x('45') +
1382  0.024337807881773501 * x('46') -
1383  0.028140517241379299 * x('47') -
1384  1.34104692118227 * x('48') +
1385  0.0016782019704430599 * x('49') -
1386  1.1536762315270901 * x('50') +
1387  x('77') =e= 0;
1388  con26.. (-0.00810000000000001) * x('1') +
1389  0.0049507389162561201 * x('2') -
1390  0.0025432266009854198 * x('3') +
1391  0.0078014778325121697 * x('4') +
1392  0.026624999999999999 * x('5') -
1393  0.15448903940886699 * x('6') -
1394  0.0140330049261084 * x('7') +
1395  0.0543040640394086 * x('8') -
1396  0.0025714285714285999 * x('9') -
1397  0.061364408866994999 * x('10') -
1398  0.0059974137931033704 * x('11') +
1399  0.0052431034482757601 * x('12') -
1400  0.110577216748768 * x('13') -
1401  0.044984605911330099 * x('14') -
1402  0.066040640394088801 * x('15') +
1403  0.0185964285714285 * x('16') +
1404  0.0078136699507387903 * x('17') +
1405  0.024873768472906399 * x('18') -
1406  0.0250495073891626 * x('19') +
1407  0.047979310344827601 * x('20') -
1408  0.13044655172413799 * x('21') -
1409  0.00310197044334977 * x('22') -
1410  0.027417487684729101 * x('23') -
1411  0.13778645320197 * x('24') -
1412  0.0095597290640394607 * x('25') -
1413  0.15114039408867 * x('26') +
1414  0.00069581280788142904 * x('27') +
1415  0.021277339901477801 * x('28') -
1416  0.047473891625615799 * x('29') +
1417  0.017884729064039501 * x('30') +
1418  0.073922044334974901 * x('31') +
1419  0.10717967980295599 * x('32') -
1420  0.0190671182266011 * x('33') +
1421  0.0159343596059115 * x('34') -
1422  0.019067610837438399 * x('35') -
1423  0.19377807881773401 * x('36') -
1424  0.010043226600985101 * x('37') +
1425  0.047158374384236 * x('38') +
1426  0.077287438423645299 * x('39') -
1427  0.13225738916256199 * x('40') -
1428  0.014664285714285699 * x('41') -
1429  0.013797536945812899 * x('42') -
1430  0.012378325123152701 * x('43') +
1431  0.031285221674877003 * x('44') +
1432  0.0035479064039408599 * x('45') -
1433  0.0076798029556649902 * x('46') -
1434  0.0080772167487684603 * x('47') +
1435  0.042462684729063699 * x('48') -
1436  0.071866379310344702 * x('49') -
1437  0.19270935960591201 * x('50') +
1438  x('76') =e= 0;
1439  con27.. (-0.00421785714285711) * x('1') +
1440  0.0083874384236451698 * x('2') +
1441  0.00298842364532039 * x('3') -
1442  0.12932155172413801 * x('4') -
1443  0.034128571428571397 * x('5') -
1444  0.0054684729064040701 * x('6') -
1445  0.00509605911330054 * x('7') -
1446  0.019497660098522 * x('8') -
1447  0.059775000000000099 * x('9') -
1448  0.037776477832512603 * x('10') +
1449  0.0080203201970442499 * x('11') +
1450  0.081677955665024699 * x('12') -
1451  0.023058743842364199 * x('13') -
1452  0.060011699507389299 * x('14') -
1453  0.46025554187192103 * x('15') +
1454  0.023632142857142699 * x('16') -
1455  0.031310960591132898 * x('17') +
1456  0.012981650246305401 * x('18') +
1457  0.020573768472906501 * x('19') -
1458  0.121408990147783 * x('20') +
1459  0.099137807881772899 * x('21') -
1460  0.0011879310344827601 * x('22') -
1461  0.037406280788177301 * x('23') -
1462  0.094969581280788598 * x('24') -
1463  0.34064532019704402 * x('25') -
1464  0.0095597290640394607 * x('26') -
1465  0.26234310344827599 * x('27') -
1466  0.034254064039408998 * x('28') +
1467  0.037888300492610903 * x('29') +
1468  0.10344174876847299 * x('30') +
1469  0.224957389162561 * x('31') -
1470  0.0499045566502462 * x('32') -
1471  0.067730418719211802 * x('33') -
1472  0.137130541871921 * x('34') -
1473  0.022897044334975299 * x('35') +
1474  0.149355911330049 * x('36') +
1475  0.0030812807881771798 * x('37') -
1476  0.116270935960591 * x('38') -
1477  0.105250738916256 * x('39') -
1478  0.24696724137931 * x('40') +
1479  0.038635714285714197 * x('41') +
1480  0.0079438423645321003 * x('42') +
1481  0.0027136699507387301 * x('43') -
1482  0.016973768472906599 * x('44') +
1483  0.0015213054187192001 * x('45') +
1484  0.00326736453201972 * x('46') -
1485  0.00346588669950738 * x('47') -
1486  0.10806921182265999 * x('48') +
1487  0.039892733990147797 * x('49') -
1488  0.11755160098522199 * x('50') +
1489  x('75') =e= 0;
1490  con28.. (-0.0160785714285713) * x('1') +
1491  0.12898620689655199 * x('2') +
1492  0.026921182266009199 * x('3') +
1493  0.226704556650246 * x('4') -
1494  0.033671428571428602 * x('5') -
1495  0.24092721674876899 * x('6') -
1496  0.058935098522167398 * x('7') +
1497  0.23305270935960601 * x('8') +
1498  0.0579214285714287 * x('9') -
1499  0.20348817733990199 * x('10') -
1500  0.016516133004925899 * x('11') +
1501  0.30639778325123201 * x('12') -
1502  0.33465504926108403 * x('13') -
1503  0.12560283251231499 * x('14') +
1504  0.0152264778325116 * x('15') +
1505  0.032428571428571598 * x('16') -
1506  0.072355172413793606 * x('17') +
1507  0.024653940886699598 * x('18') -
1508  0.0309115763546799 * x('19') -
1509  0.11398165024630499 * x('20') -
1510  0.102806034482758 * x('21') -
1511  0.0098429802955664197 * x('22') -
1512  0.042210467980295499 * x('23') -
1513  1.2836504926108401 * x('24') -
1514  0.094969581280788598 * x('25') -
1515  0.13778645320197 * x('26') -
1516  0.0027230295566503999 * x('27') +
1517  0.126625369458128 * x('28') -
1518  0.24885283251231599 * x('29') -
1519  0.139237561576355 * x('30') -
1520  0.402912684729066 * x('31') -
1521  0.58477783251231497 * x('32') -
1522  0.10827807881773401 * x('33') -
1523  0.69598780788177494 * x('34') -
1524  0.039127216748768401 * x('35') +
1525  0.155552709359606 * x('36') +
1526  0.011878325123153 * x('37') -
1527  0.281311083743843 * x('38') -
1528  0.098340517241379502 * x('39') -
1529  0.056944211822661003 * x('40') +
1530  0.030199999999999901 * x('41') -
1531  0.0438864532019708 * x('42') -
1532  0.32103435960591198 * x('43') -
1533  0.46249556650246298 * x('44') +
1534  0.0070045566502463102 * x('45') -
1535  0.031288916256157699 * x('46') -
1536  0.0032407635467980099 * x('47') -
1537  0.83032844827586305 * x('48') -
1538  0.48866687192118202 * x('49') -
1539  0.529690763546798 * x('50') +
1540  x('74') =e= 0;
1541  con29.. (-0.0047964285714285401) * x('1') +
1542  0.016889039408867001 * x('2') +
1543  0.0117965517241379 * x('3') -
1544  0.0177647783251231 * x('4') +
1545  0.0168178571428571 * x('5') -
1546  0.053213177339901503 * x('6') -
1547  0.010730665024630499 * x('7') +
1548  0.047641502463054201 * x('8') +
1549  0.019900000000000001 * x('9') +
1550  0.0157619458128079 * x('10') +
1551  0.0013348522167488401 * x('11') -
1552  0.0042596059113300397 * x('12') -
1553  0.0133064039408867 * x('13') +
1554  0.0031889162561575999 * x('14') -
1555  0.042597167487684801 * x('15') -
1556  0.0248321428571429 * x('16') -
1557  0.0035188423645321999 * x('17') +
1558  0.0086730295566502594 * x('18') -
1559  0.010583497536945799 * x('19') +
1560  0.039035467980295599 * x('20') -
1561  0.0354237684729065 * x('21') -
1562  0.00050886699507388502 * x('22') -
1563  0.041939408866995098 * x('23') -
1564  0.042210467980295499 * x('24') -
1565  0.037406280788177301 * x('25') -
1566  0.027417487684729101 * x('26') +
1567  0.00189187192118228 * x('27') -
1568  0.0119305418719212 * x('28') +
1569  0.019310344827586201 * x('29') -
1570  0.0074722906403940697 * x('30') +
1571  0.233229556650246 * x('31') +
1572  0.00192105911330048 * x('32') -
1573  0.0011859605911330299 * x('33') -
1574  0.0131114532019703 * x('34') -
1575  0.016727463054187201 * x('35') -
1576  0.082594211822659996 * x('36') +
1577  0.00014298029556655001 * x('37') +
1578  0.082373399014778095 * x('38') -
1579  0.072874384236453205 * x('39') +
1580  0.00179174876847308 * x('40') +
1581  0.0047857142857142499 * x('41') -
1582  0.0286174876847291 * x('42') +
1583  0.0218689655172415 * x('43') +
1584  0.055319211822660301 * x('44') +
1585  0.0042709359605911396 * x('45') -
1586  0.00359482758620687 * x('46') +
1587  0.0028185960591132998 * x('47') +
1588  0.056766009852216998 * x('48') -
1589  0.0139397783251231 * x('49') -
1590  0.029638546798029599 * x('50') +
1591  x('73') =e= 0;
1592  con30.. (-0.00108214285714287) * x('1') +
1593  0.0052894088669950797 * x('2') -
1594  0.0018054187192118199 * x('3') -
1595  0.0058961822660098303 * x('4') +
1596  0.0022214285714285799 * x('5') -
1597  0.016695197044334999 * x('6') -
1598  0.00071145320197044896 * x('7') +
1599  0.0036881773399015001 * x('8') +
1600  0.0017392857142857899 * x('9') +
1601  0.014388669950738901 * x('10') -
1602  0.00063706896551721801 * x('11') -
1603  0.00568805418719212 * x('12') -
1604  0.011475369458128101 * x('13') +
1605  0.0016305418719211799 * x('14') -
1606  0.033217487684729097 * x('15') +
1607  0.0074250000000000002 * x('16') -
1608  0.00093522167487683201 * x('17') -
1609  0.0057383004926108297 * x('18') +
1610  0.0012953201970443201 * x('19') -
1611  0.013103448275862101 * x('20') -
1612  0.0053577586206896904 * x('21') -
1613  0.0055027093596059099 * x('22') -
1614  0.00050886699507388502 * x('23') -
1615  0.0098429802955664197 * x('24') -
1616  0.0011879310344827601 * x('25') -
1617  0.00310197044334977 * x('26') -
1618  0.0025137931034482802 * x('27') -
1619  5.97290640394066e-05 * x('28') -
1620  0.0028408866995073999 * x('29') +
1621  0.0043843596059113402 * x('30') +
1622  0.081910221674876896 * x('31') -
1623  0.0156730295566502 * x('32') -
1624  0.0067070197044334801 * x('33') -
1625  0.0036282019704433201 * x('34') -
1626  0.00043091133004925103 * x('35') +
1627  0.00542032019704427 * x('36') -
1628  0.00027684729064038599 * x('37') -
1629  0.0104831280788177 * x('38') +
1630  7.2906403940885294e-05 * x('39') +
1631  0.0029666256157635301 * x('40') +
1632  0.0055428571428571298 * x('41') -
1633  0.0073662561576354696 * x('42') +
1634  0.016926231527093601 * x('43') -
1635  0.034684605911329998 * x('44') -
1636  0.0014890394088669899 * x('45') +
1637  0.0048795566502463101 * x('46') +
1638  0.00090677339901478003 * x('47') +
1639  0.0017455665024630901 * x('48') -
1640  0.015953325123152701 * x('49') -
1641  0.011632512315270901 * x('50') +
1642  x('72') =e= 0;
1643  con31.. (-0.0096428571428570902) * x('1') -
1644  0.15621896551724099 * x('2') +
1645  0.0512844827586212 * x('3') -
1646  0.0884450738916258 * x('4') +
1647  0.0077464285714288397 * x('5') -
1648  0.88928965517241498 * x('6') -
1649  0.041729064039408799 * x('7') -
1650  0.26599716748768398 * x('8') -
1651  0.14247499999999999 * x('9') -
1652  0.12419088669950699 * x('10') -
1653  0.070898522167488306 * x('11') -
1654  0.26464322660098499 * x('12') -
1655  0.046243103448275903 * x('13') -
1656  0.080614162561576205 * x('14') +
1657  0.49450738916256098 * x('15') -
1658  0.0616535714285723 * x('16') -
1659  0.213433004926109 * x('17') -
1660  0.099391009852216702 * x('18') -
1661  0.031982881773399002 * x('19') +
1662  0.175852463054187 * x('20') -
1663  1.66596231527094 * x('21') -
1664  0.0053577586206896904 * x('22') -
1665  0.0354237684729065 * x('23') -
1666  0.102806034482758 * x('24') +
1667  0.099137807881772899 * x('25') -
1668  0.13044655172413799 * x('26') -
1669  0.40611157635467998 * x('27') -
1670  0.056733866995073802 * x('28') -
1671  0.26338201970443298 * x('29') +
1672  0.038094334975369702 * x('30') -
1673  0.47960270935960297 * x('31') -
1674  0.34482130541871903 * x('32') -
1675  0.12137610837438401 * x('33') -
1676  0.23871403940886701 * x('34') -
1677  0.056603940886699303 * x('35') -
1678  0.013632881773399601 * x('36') -
1679  0.072469088669950305 * x('37') +
1680  0.33695172413793101 * x('38') +
1681  0.00367241379310289 * x('39') -
1682  0.10475320197044299 * x('40') -
1683  0.17465 * x('41') -
1684  0.11192155172413799 * x('42') +
1685  0.26469963054187301 * x('43') -
1686  0.444256403940886 * x('44') +
1687  0.00087278325123156498 * x('45') -
1688  0.0077910098522166703 * x('46') -
1689  0.023003817733990101 * x('47') -
1690  0.36227081280788098 * x('48') -
1691  0.22661650246305401 * x('49') -
1692  1.01497524630542 * x('50') +
1693  x('71') =e= 0;
1694  con32.. 0.0070535714285714802 * x('1') +
1695  0.041792364532019802 * x('2') +
1696  0.058260960591133303 * x('3') +
1697  0.041516871921181898 * x('4') -
1698  0.046132142857142802 * x('5') -
1699  0.022658497536945502 * x('6') +
1700  0.0105029556650247 * x('7') +
1701  0.0083758620689657198 * x('8') -
1702  0.123982142857143 * x('9') +
1703  0.057577463054186803 * x('10') +
1704  0.017033990147783399 * x('11') +
1705  0.15601293103448299 * x('12') +
1706  0.13852647783251201 * x('13') +
1707  0.0043171182266009802 * x('14') -
1708  0.79908719211822699 * x('15') -
1709  0.028028571428571299 * x('16') +
1710  0.0094551724137931902 * x('17') -
1711  0.035621798029556603 * x('18') +
1712  0.105043719211823 * x('19') -
1713  0.67810763546798003 * x('20') +
1714  0.175852463054187 * x('21') -
1715  0.013103448275862101 * x('22') +
1716  0.039035467980295599 * x('23') -
1717  0.11398165024630499 * x('24') -
1718  0.121408990147783 * x('25') +
1719  0.047979310344827601 * x('26') -
1720  0.123794827586207 * x('27') +
1721  0.0022603448275860701 * x('28') -
1722  0.015525738916256001 * x('29') -
1723  0.0079552955665024797 * x('30') -
1724  0.36064445812807999 * x('31') -
1725  0.31869716748768401 * x('32') -
1726  0.042882635467980303 * x('33') -
1727  0.12061219211822601 * x('34') +
1728  0.0457736453201971 * x('35') +
1729  0.51746514778325103 * x('36') -
1730  0.036253325123152803 * x('37') -
1731  0.19241034482758601 * x('38') +
1732  0.273808374384236 * x('39') -
1733  0.020127216748768498 * x('40') +
1734  0.058107142857142899 * x('41') +
1735  0.050222167487684703 * x('42') +
1736  0.068041502463054099 * x('43') -
1737  0.25776514778325099 * x('44') -
1738  0.0112974137931035 * x('45') +
1739  0.018749630541871998 * x('46') -
1740  0.0072520935960591199 * x('47') -
1741  0.00028583743842383299 * x('48') +
1742  0.013149014778325399 * x('49') -
1743  0.048280665024630597 * x('50') +
1744  x('70') =e= 0;
1745  con33.. (-0.0027892857142857398) * x('1') -
1746  0.0078634236453202708 * x('2') -
1747  0.14895221674876899 * x('3') -
1748  0.12919113300492599 * x('4') -
1749  0.0014964285714286099 * x('5') -
1750  0.255748522167487 * x('6') -
1751  0.0038730295566502802 * x('7') -
1752  0.13312561576354701 * x('8') -
1753  0.13698928571428501 * x('9') -
1754  0.121472167487684 * x('10') +
1755  0.0023583743842364902 * x('11') -
1756  0.050991379310344899 * x('12') -
1757  0.032138300492610898 * x('13') -
1758  0.020636206896551601 * x('14') +
1759  0.13246330049261101 * x('15') +
1760  0.015296428571428501 * x('16') +
1761  0.0031213054187192702 * x('17') +
1762  0.017649753694581299 * x('18') -
1763  0.17773275862068999 * x('19') +
1764  0.105043719211823 * x('20') -
1765  0.031982881773399002 * x('21') +
1766  0.0012953201970443201 * x('22') -
1767  0.010583497536945799 * x('23') -
1768  0.0309115763546799 * x('24') +
1769  0.020573768472906501 * x('25') -
1770  0.0250495073891626 * x('26') -
1771  0.034596551724138003 * x('27') -
1772  0.0052323891625615801 * x('28') +
1773  0.0037780788177341098 * x('29') +
1774  0.0036762315270936299 * x('30') -
1775  0.74355344827586101 * x('31') +
1776  0.064513793103448305 * x('32') -
1777  0.0033919950738916802 * x('33') +
1778  0.0039025862068965398 * x('34') -
1779  0.0265735221674877 * x('35') -
1780  0.089997044334975199 * x('36') +
1781  0.026179926108374399 * x('37') -
1782  0.073128325123153107 * x('38') -
1783  0.17812179802955699 * x('39') -
1784  0.0624264778325124 * x('40') +
1785  0.0033392857142856701 * x('41') +
1786  0.0017683497536946501 * x('42') +
1787  0.035951477832512402 * x('43') +
1788  0.0033470443349759098 * x('44') +
1789  0.0069874384236453396 * x('45') -
1790  0.0027788177339901298 * x('46') -
1791  0.00149901477832512 * x('47') -
1792  0.076341748768472606 * x('48') +
1793  0.0061695812807882099 * x('49') -
1794  0.14731330049261099 * x('50') +
1795  x('69') =e= 0;
1796  con34.. (-0.0089071428571428704) * x('1') -
1797  0.0426789408866994 * x('2') +
1798  0.00095554187192125001 * x('3') -
1799  0.018104310344827498 * x('4') +
1800  0.0148214285714286 * x('5') -
1801  0.17625012315270899 * x('6') -
1802  0.0020299261083743798 * x('7') -
1803  0.057010960591132899 * x('8') -
1804  0.045935714285714302 * x('9') -
1805  0.026198152709359698 * x('10') -
1806  0.0001102216748769 * x('11') -
1807  0.016317980295566501 * x('12') +
1808  0.026711822660098399 * x('13') -
1809  0.010995197044334999 * x('14') -
1810  0.074301108374384195 * x('15') +
1811  0.0205857142857142 * x('16') -
1812  0.047319334975369401 * x('17') -
1813  0.064481527093596003 * x('18') +
1814  0.017649753694581299 * x('19') -
1815  0.035621798029556603 * x('20') -
1816  0.099391009852216702 * x('21') -
1817  0.0057383004926108297 * x('22') +
1818  0.0086730295566502594 * x('23') +
1819  0.024653940886699598 * x('24') +
1820  0.012981650246305401 * x('25') +
1821  0.024873768472906399 * x('26') -
1822  0.088494334975369404 * x('27') -
1823  0.0154136699507389 * x('28') -
1824  0.033470197044334897 * x('29') +
1825  0.0096433497536945797 * x('30') -
1826  0.14173066502463 * x('31') -
1827  0.130630911330049 * x('32') -
1828  0.041989655172413799 * x('33') -
1829  0.056054679802955698 * x('34') +
1830  0.0035498768472906599 * x('35') +
1831  0.084510467980295198 * x('36') -
1832  0.012976600985221701 * x('37') +
1833  0.045560098522167698 * x('38') -
1834  0.047865147783251197 * x('39') +
1835  0.023950123152709401 * x('40') -
1836  0.01005 * x('41') -
1837  0.043804802955665002 * x('42') -
1838  0.0155322660098522 * x('43') -
1839  0.28257832512315301 * x('44') -
1840  0.0048435960591132797 * x('45') -
1841  0.0038708128078817901 * x('46') -
1842  0.0028381773399014801 * x('47') -
1843  0.19004384236453201 * x('48') -
1844  0.050200738916256198 * x('49') -
1845  0.14378460591132999 * x('50') +
1846  x('68') =e= 0;
1847  con35.. 0.00049285714285713105 * x('1') -
1848  0.085480541871921001 * x('2') -
1849  0.058752586206896197 * x('3') -
1850  0.031946798029556599 * x('4') -
1851  0.0108928571428571 * x('5') -
1852  0.15034470443349801 * x('6') +
1853  0.016293965517241198 * x('7') -
1854  0.104489408866994 * x('8') -
1855  0.039153571428571503 * x('9') -
1856  0.15454729064039399 * x('10') +
1857  0.00053953201970423597 * x('11') -
1858  0.032244704433497397 * x('12') -
1859  0.12762980295566501 * x('13') -
1860  0.066149384236453099 * x('14') -
1861  0.055902339901477999 * x('15') +
1862  0.0055642857142852104 * x('16') -
1863  0.24628645320197001 * x('17') -
1864  0.047319334975369401 * x('18') +
1865  0.0031213054187192702 * x('19') +
1866  0.0094551724137931902 * x('20') -
1867  0.213433004926109 * x('21') -
1868  0.00093522167487683201 * x('22') -
1869  0.0035188423645321999 * x('23') -
1870  0.072355172413793606 * x('24') -
1871  0.031310960591132898 * x('25') +
1872  0.0078136699507387903 * x('26') -
1873  0.244682881773398 * x('27') -
1874  0.033990763546797899 * x('28') -
1875  0.019745812807881999 * x('29') +
1876  0.081528817733989803 * x('30') -
1877  0.33520640394088502 * x('31') -
1878  0.075520812807882198 * x('32') -
1879  0.038769827586206798 * x('33') +
1880  0.037958374384236097 * x('34') -
1881  0.0261054187192118 * x('35') +
1882  0.034749876847289703 * x('36') +
1883  0.00803312807881763 * x('37') +
1884  0.117876477832513 * x('38') -
1885  0.123884359605912 * x('39') -
1886  0.087466009852215698 * x('40') -
1887  0.034303571428571503 * x('41') -
1888  0.020418472906404 * x('42') -
1889  0.034855418719211502 * x('43') +
1890  0.080792980295566696 * x('44') -
1891  0.011907512315270799 * x('45') +
1892  9.4950738916248003e-05 * x('46') +
1893  0.00083805418719217698 * x('47') -
1894  0.16509692118226499 * x('48') -
1895  0.034418226600985598 * x('49') -
1896  0.222811945812808 * x('50') +
1897  x('67') =e= 0;
1898  con36.. (-0.0245428571428572) * x('1') -
1899  0.073235714285714307 * x('2') -
1900  0.00272500000000001 * x('3') -
1901  0.084389285714285903 * x('4') -
1902  0.030732142857142899 * x('5') -
1903  0.075939285714285695 * x('6') -
1904  0.015160714285714401 * x('7') -
1905  0.097199999999999898 * x('8') -
1906  0.10972857142857199 * x('9') -
1907  0.0156892857142856 * x('10') -
1908  0.035824999999999697 * x('11') +
1909  0.023571428571428299 * x('12') +
1910  0.10293571428571401 * x('13') +
1911  0.0245678571428571 * x('14') -
1912  0.16752142857142899 * x('15') -
1913  0.27414285714285702 * x('16') +
1914  0.0055642857142852104 * x('17') +
1915  0.0205857142857142 * x('18') +
1916  0.015296428571428501 * x('19') -
1917  0.028028571428571299 * x('20') -
1918  0.0616535714285723 * x('21') +
1919  0.0074250000000000002 * x('22') -
1920  0.0248321428571429 * x('23') +
1921  0.032428571428571598 * x('24') +
1922  0.023632142857142699 * x('25') +
1923  0.0185964285714285 * x('26') -
1924  0.065289285714286396 * x('27') -
1925  0.0011999999999999899 * x('28') -
1926  0.063032142857142801 * x('29') +
1927  0.080110714285714604 * x('30') -
1928  0.486471428571429 * x('31') -
1929  0.13767857142857201 * x('32') +
1930  0.0109071428571427 * x('33') -
1931  0.10664999999999999 * x('34') -
1932  0.00075714285714289099 * x('35') -
1933  0.12542142857142899 * x('36') -
1934  0.042639285714285699 * x('37') -
1935  0.090982142857142498 * x('38') +
1936  0.27728571428571402 * x('39') -
1937  0.026314285714285401 * x('40') +
1938  0.043610714285714301 * x('41') +
1939  0.060585714285714097 * x('42') +
1940  0.104396428571428 * x('43') +
1941  0.31817142857142799 * x('44') +
1942  0.0074928571428570902 * x('45') -
1943  0.0060357142857142901 * x('46') +
1944  0.0107785714285714 * x('47') +
1945  0.038060714285713899 * x('48') +
1946  0.091807142857142907 * x('49') -
1947  0.30059642857142899 * x('50') +
1948  x('66') =e= 0;
1949  con37.. (-0.12138214285714299) * x('1') -
1950  0.20599433497536901 * x('2') -
1951  0.050542118226600603 * x('3') -
1952  0.13500295566502499 * x('4') -
1953  0.131407142857143 * x('5') -
1954  0.92446120689655098 * x('6') -
1955  0.0117161330049265 * x('7') +
1956  0.190027586206898 * x('8') -
1957  0.38819285714285701 * x('9') -
1958  0.00076046798029578402 * x('10') -
1959  0.037244458128077897 * x('11') +
1960  0.29143165024630602 * x('12') +
1961  0.37240800492610898 * x('13') -
1962  0.032698645320196999 * x('14') -
1963  3.9706901477832499 * x('15') -
1964  0.16752142857142899 * x('16') -
1965  0.055902339901477999 * x('17') -
1966  0.074301108374384195 * x('18') +
1967  0.13246330049261101 * x('19') -
1968  0.79908719211822699 * x('20') +
1969  0.49450738916256098 * x('21') -
1970  0.033217487684729097 * x('22') -
1971  0.042597167487684801 * x('23') +
1972  0.0152264778325116 * x('24') -
1973  0.46025554187192103 * x('25') -
1974  0.066040640394088801 * x('26') -
1975  0.89549876847290699 * x('27') -
1976  0.017626108374384299 * x('28') -
1977  0.112666502463054 * x('29') +
1978  0.40433054187192102 * x('30') -
1979  0.52246908866995001 * x('31') -
1980  1.4484486453201999 * x('32') -
1981  0.10293719211822699 * x('33') -
1982  0.55256157635467995 * x('34') +
1983  0.0152030788177343 * x('35') -
1984  0.094279556650246094 * x('36') -
1985  0.16058497536945801 * x('37') -
1986  0.18328817733990099 * x('38') -
1987  0.483907019704434 * x('39') -
1988  0.34935307881773298 * x('40') +
1989  0.19828214285714299 * x('41') -
1990  0.057369211822660401 * x('42') +
1991  0.072660221674876901 * x('43') -
1992  0.29262758620689699 * x('44') -
1993  0.036231527093595998 * x('45') +
1994  0.049170320197044398 * x('46') +
1995  0.0070151477832512696 * x('47') -
1996  0.44471822660098598 * x('48') +
1997  0.26633633004926099 * x('49') -
1998  0.73002770935960604 * x('50') +
1999  x('65') =e= 0;
2000  con38.. (-0.0136035714285715) * x('1') -
2001  0.041979310344827603 * x('2') -
2002  0.0194710591133005 * x('3') -
2003  0.0146729064039407 * x('4') -
2004  0.0081892857142856906 * x('5') -
2005  0.105210960591133 * x('6') +
2006  0.0072115763546797898 * x('7') -
2007  0.028750492610837401 * x('8') -
2008  0.046671428571428697 * x('9') -
2009  0.14712844827586199 * x('10') +
2010  0.0020509852216749002 * x('11') +
2011  0.019110467980295601 * x('12') -
2012  0.059087068965517298 * x('13') -
2013  0.10805467980295599 * x('14') -
2014  0.032698645320196999 * x('15') +
2015  0.0245678571428571 * x('16') -
2016  0.066149384236453099 * x('17') -
2017  0.010995197044334999 * x('18') -
2018  0.020636206896551601 * x('19') +
2019  0.0043171182266009802 * x('20') -
2020  0.080614162561576205 * x('21') +
2021  0.0016305418719211799 * x('22') +
2022  0.0031889162561575999 * x('23') -
2023  0.12560283251231499 * x('24') -
2024  0.060011699507389299 * x('25') -
2025  0.044984605911330099 * x('26') -
2026  0.076967241379310297 * x('27') -
2027  0.0120666256157635 * x('28') -
2028  0.069840394088669905 * x('29') +
2029  0.0641795566502463 * x('30') -
2030  0.38718275862069002 * x('31') +
2031  0.068620320197044504 * x('32') -
2032  0.0150257389162562 * x('33') +
2033  0.0194692118226601 * x('34') -
2034  0.020714532019704399 * x('35') +
2035  0.012228078817734 * x('36') +
2036  0.019289655172413701 * x('37') -
2037  0.028126231527093402 * x('38') +
2038  0.0423947044334975 * x('39') -
2039  0.205099753694581 * x('40') -
2040  0.026864285714285702 * x('41') -
2041  0.0096953201970442996 * x('42') -
2042  0.038046674876847299 * x('43') +
2043  0.045814778325123102 * x('44') -
2044  0.0021300492610837399 * x('45') -
2045  0.0220773399014778 * x('46') -
2046  0.000226354679802942 * x('47') -
2047  0.093469827586206894 * x('48') -
2048  0.040751477832512303 * x('49') -
2049  0.177329926108374 * x('50') +
2050  x('64') =e= 0;
2051  con39.. 0.0135821428571429 * x('1') +
2052  0.043044334975369497 * x('2') -
2053  0.049725738916256403 * x('3') -
2054  0.048939901477833003 * x('4') +
2055  0.024621428571428801 * x('5') +
2056  0.192257635467981 * x('6') +
2057  0.0088697044334974592 * x('7') +
2058  0.054979556650246203 * x('8') +
2059  0.077589285714286305 * x('9') -
2060  0.056889532019704099 * x('10') -
2061  0.017484113300492599 * x('11') -
2062  0.0047780788177339897 * x('12') -
2063  0.47776871921182201 * x('13') -
2064  0.059087068965517298 * x('14') +
2065  0.37240800492610898 * x('15') +
2066  0.10293571428571401 * x('16') -
2067  0.12762980295566501 * x('17') +
2068  0.026711822660098399 * x('18') -
2069  0.032138300492610898 * x('19') +
2070  0.13852647783251201 * x('20') -
2071  0.046243103448275903 * x('21') -
2072  0.011475369458128101 * x('22') -
2073  0.0133064039408867 * x('23') -
2074  0.33465504926108403 * x('24') -
2075  0.023058743842364199 * x('25') -
2076  0.110577216748768 * x('26') -
2077  0.00586194581280804 * x('27') +
2078  0.0260796798029557 * x('28') +
2079  0.044602216748768499 * x('29') +
2080  0.020012315270935801 * x('30') +
2081  0.37894408866995 * x('31') +
2082  0.13212721674876901 * x('32') -
2083  0.031502093596058801 * x('33') +
2084  0.14329729064039401 * x('34') -
2085  0.024610221674876798 * x('35') -
2086  0.14774544334975301 * x('36') +
2087  0.014027832512315401 * x('37') -
2088  0.095479679802955297 * x('38') -
2089  0.153867980295567 * x('39') -
2090  0.086661206896551199 * x('40') +
2091  0.025485714285714299 * x('41') +
2092  0.0041656403940884502 * x('42') -
2093  0.20116736453202 * x('43') +
2094  0.20889901477832501 * x('44') -
2095  0.0027113300492610198 * x('45') +
2096  0.0123261083743842 * x('46') +
2097  0.00023485221674878 * x('47') -
2098  0.077574630541871595 * x('48') -
2099  0.20591490147783301 * x('49') -
2100  0.028111576354679799 * x('50') +
2101  x('63') =e= 0;
2102  con40.. 0.0128107142857142 * x('1') -
2103  0.042290640394088697 * x('2') -
2104  0.0427368226600984 * x('3') -
2105  0.0706527093596062 * x('4') +
2106  0.022210714285714299 * x('5') +
2107  0.29177931034482801 * x('6') +
2108  0.0141545566502463 * x('7') -
2109  0.148602093596059 * x('8') -
2110  0.076964285714285402 * x('9') +
2111  0.102678201970444 * x('10') -
2112  0.023552955665024598 * x('11') -
2113  0.262999261083744 * x('12') -
2114  0.0047780788177339897 * x('13') +
2115  0.019110467980295601 * x('14') +
2116  0.29143165024630602 * x('15') +
2117  0.023571428571428299 * x('16') -
2118  0.032244704433497397 * x('17') -
2119  0.016317980295566501 * x('18') -
2120  0.050991379310344899 * x('19') +
2121  0.15601293103448299 * x('20') -
2122  0.26464322660098499 * x('21') -
2123  0.00568805418719212 * x('22') -
2124  0.0042596059113300397 * x('23') +
2125  0.30639778325123201 * x('24') +
2126  0.081677955665024699 * x('25') +
2127  0.0052431034482757601 * x('26') -
2128  0.026194704433497699 * x('27') -
2129  0.037610837438423597 * x('28') +
2130  0.099656896551724203 * x('29') +
2131  0.032318472906403897 * x('30') +
2132  0.116394704433497 * x('31') +
2133  0.25882118226600997 * x('32') -
2134  0.0131834975369459 * x('33') +
2135  0.19600665024630501 * x('34') -
2136  0.010027832512315199 * x('35') -
2137  0.089966379310344805 * x('36') +
2138  0.025320320197044499 * x('37') +
2139  0.086114408866994605 * x('38') -
2140  0.13471982758620701 * x('39') -
2141  0.00071145320197033403 * x('40') -
2142  0.069664285714285804 * x('41') -
2143  0.054310467980295603 * x('42') +
2144  0.15247573891625599 * x('43') +
2145  0.0617270935960589 * x('44') +
2146  0.0033865763546798398 * x('45') +
2147  0.0046963054187192099 * x('46') -
2148  0.0079959359605911405 * x('47') +
2149  0.18430233990147801 * x('48') +
2150  0.064547290640393898 * x('49') +
2151  0.10426120689655199 * x('50') +
2152  x('62') =e= 0;
2153  con41.. (-0.01125) * x('1') -
2154  0.015837438423645302 * x('2') +
2155  0.025440147783251099 * x('3') +
2156  0.036360837438423499 * x('4') -
2157  0.0147999999999999 * x('5') -
2158  0.032145812807882 * x('6') -
2159  0.0063396551724137704 * x('7') -
2160  0.020077339901477999 * x('8') -
2161  0.043260714285713597 * x('9') +
2162  0.0243871921182265 * x('10') -
2163  0.0447738916256155 * x('11') -
2164  0.023552955665024598 * x('12') -
2165  0.017484113300492599 * x('13') +
2166  0.0020509852216749002 * x('14') -
2167  0.037244458128077897 * x('15') -
2168  0.035824999999999697 * x('16') +
2169  0.00053953201970423597 * x('17') -
2170  0.0001102216748769 * x('18') +
2171  0.0023583743842364902 * x('19') +
2172  0.017033990147783399 * x('20') -
2173  0.070898522167488306 * x('21') -
2174  0.00063706896551721801 * x('22') +
2175  0.0013348522167488401 * x('23') -
2176  0.016516133004925899 * x('24') +
2177  0.0080203201970442499 * x('25') -
2178  0.0059974137931033704 * x('26') +
2179  0.036068103448274998 * x('27') +
2180  0.0125183497536946 * x('28') -
2181  0.020952586206896599 * x('29') +
2182  0.018261822660098299 * x('30') -
2183  0.12347881773399 * x('31') -
2184  0.060363300492610898 * x('32') -
2185  0.0461017241379309 * x('33') -
2186  0.080337315270936405 * x('34') +
2187  0.00044347290640391599 * x('35') -
2188  0.059223768472906002 * x('36') -
2189  0.0119669950738915 * x('37') +
2190  0.0022995073891623201 * x('38') -
2191  0.040209975369458098 * x('39') -
2192  0.00191847290640412 * x('40') -
2193  0.00077142857142866296 * x('41') +
2194  0.0078097290640393403 * x('42') +
2195  0.014861330049260799 * x('43') +
2196  0.024438054187191301 * x('44') +
2197  0.00791440886699501 * x('45') +
2198  0.0021933497536946499 * x('46') +
2199  0.00048017241379307002 * x('47') -
2200  0.040120073891626903 * x('48') -
2201  0.015289162561576501 * x('49') -
2202  0.085544827586207003 * x('50') +
2203  x('61') =e= 0;
2204  con42.. (-0.018974999999999999) * x('1') -
2205  0.13532967980295599 * x('2') -
2206  0.16661908866995101 * x('3') -
2207  0.183223645320197 * x('4') -
2208  0.048260714285714303 * x('5') -
2209  0.67968608374384198 * x('6') +
2210  0.0037852216748769001 * x('7') -
2211  0.25079716748768499 * x('8') -
2212  0.17049642857142899 * x('9') -
2213  0.51814802955664996 * x('10') +
2214  0.0243871921182265 * x('11') +
2215  0.102678201970444 * x('12') -
2216  0.056889532019704099 * x('13') -
2217  0.14712844827586199 * x('14') -
2218  0.00076046798029578402 * x('15') -
2219  0.0156892857142856 * x('16') -
2220  0.15454729064039399 * x('17') -
2221  0.026198152709359698 * x('18') -
2222  0.121472167487684 * x('19') +
2223  0.057577463054186803 * x('20') -
2224  0.12419088669950699 * x('21') +
2225  0.014388669950738901 * x('22') +
2226  0.0157619458128079 * x('23') -
2227  0.20348817733990199 * x('24') -
2228  0.037776477832512603 * x('25') -
2229  0.061364408866994999 * x('26') -
2230  0.29247229064039398 * x('27') -
2231  0.0065767241379310198 * x('28') -
2232  0.227835591133005 * x('29') +
2233  0.079501477832512393 * x('30') -
2234  1.39005270935961 * x('31') -
2235  0.038971305418718502 * x('32') -
2236  0.059990394088669997 * x('33') -
2237  0.061517610837439 * x('34') -
2238  0.036675369458128 * x('35') -
2239  0.073318596059112395 * x('36') +
2240  0.0096309113300492299 * x('37') -
2241  0.10530541871921199 * x('38') +
2242  0.067236699507389905 * x('39') -
2243  0.34000320197044298 * x('40') -
2244  0.056585714285714198 * x('41') +
2245  0.010460591133005299 * x('42') -
2246  0.058243226600984903 * x('43') -
2247  0.025852832512314902 * x('44') -
2248  0.00054507389162561501 * x('45') -
2249  0.021441009852216801 * x('46') +
2250  0.00027832512315274701 * x('47') -
2251  0.46688866995073902 * x('48') -
2252  0.065545073891625505 * x('49') -
2253  0.62798596059113299 * x('50') +
2254  x('60') =e= 0;
2255  con43.. (-0.033950000000000098) * x('1') -
2256  0.17109285714285699 * x('2') -
2257  0.23142857142857101 * x('3') -
2258  0.35971071428571499 * x('4') -
2259  0.0590857142857142 * x('5') -
2260  0.37182857142857201 * x('6') -
2261  0.0145392857142858 * x('7') -
2262  0.30975357142857102 * x('8') -
2263  0.72505714285714296 * x('9') -
2264  0.17049642857142899 * x('10') -
2265  0.043260714285713597 * x('11') -
2266  0.076964285714285402 * x('12') +
2267  0.077589285714286305 * x('13') -
2268  0.046671428571428697 * x('14') -
2269  0.38819285714285701 * x('15') -
2270  0.10972857142857199 * x('16') -
2271  0.039153571428571503 * x('17') -
2272  0.045935714285714302 * x('18') -
2273  0.13698928571428501 * x('19') -
2274  0.123982142857143 * x('20') -
2275  0.14247499999999999 * x('21') +
2276  0.0017392857142857899 * x('22') +
2277  0.019900000000000001 * x('23') +
2278  0.0579214285714287 * x('24') -
2279  0.059775000000000099 * x('25') -
2280  0.0025714285714285999 * x('26') -
2281  0.31919642857142899 * x('27') -
2282  0.011564285714285701 * x('28') +
2283  0.041967857142857098 * x('29') +
2284  0.109617857142857 * x('30') -
2285  1.28714285714286 * x('31') -
2286  0.15158571428571299 * x('32') -
2287  0.13747857142857201 * x('33') -
2288  0.030042857142856701 * x('34') +
2289  0.0058678571428572796 * x('35') +
2290  0.058014285714285803 * x('36') -
2291  0.044957142857142501 * x('37') -
2292  0.41144999999999998 * x('38') -
2293  0.078492857142856504 * x('39') -
2294  0.14977857142857201 * x('40') -
2295  0.00352857142857158 * x('41') +
2296  0.069771428571428804 * x('42') +
2297  0.17374999999999999 * x('43') -
2298  0.30145 * x('44') +
2299  0.020167857142857199 * x('45') -
2300  0.0067714285714286001 * x('46') -
2301  0.015628571428571401 * x('47') -
2302  0.27695357142857202 * x('48') +
2303  0.035221428571428501 * x('49') -
2304  0.65051071428571405 * x('50') +
2305  x('59') =e= 0;
2306  con44.. 0.022950000000000099 * x('1') -
2307  0.15109913793103399 * x('2') -
2308  0.214316502463054 * x('3') -
2309  0.37546256157635399 * x('4') -
2310  0.047303571428571403 * x('5') -
2311  0.120341379310345 * x('6') +
2312  0.0023448275862067601 * x('7') -
2313  0.71822561576354704 * x('8') -
2314  0.30975357142857102 * x('9') -
2315  0.25079716748768499 * x('10') -
2316  0.020077339901477999 * x('11') -
2317  0.148602093596059 * x('12') +
2318  0.054979556650246203 * x('13') -
2319  0.028750492610837401 * x('14') +
2320  0.190027586206898 * x('15') -
2321  0.097199999999999898 * x('16') -
2322  0.104489408866994 * x('17') -
2323  0.057010960591132899 * x('18') -
2324  0.13312561576354701 * x('19') +
2325  0.0083758620689657198 * x('20') -
2326  0.26599716748768398 * x('21') +
2327  0.0036881773399015001 * x('22') +
2328  0.047641502463054201 * x('23') +
2329  0.23305270935960601 * x('24') -
2330  0.019497660098522 * x('25') +
2331  0.0543040640394086 * x('26') -
2332  0.36573583743842297 * x('27') -
2333  0.0382823891625617 * x('28') -
2334  0.097946921182265903 * x('29') +
2335  0.15902266009852201 * x('30') -
2336  1.67176416256158 * x('31') +
2337  0.066053078817733896 * x('32') -
2338  0.14680628078817701 * x('33') -
2339  0.0026402709359603701 * x('34') -
2340  0.0050985221674876404 * x('35') +
2341  0.26937438423645199 * x('36') -
2342  0.0230165024630542 * x('37') -
2343  0.39624975369458099 * x('38') +
2344  0.18368891625615799 * x('39') -
2345  0.28222290640394099 * x('40') -
2346  0.0516 * x('41') -
2347  0.0066280788177336698 * x('42') +
2348  0.208605049261083 * x('43') -
2349  0.070049384236453099 * x('44') -
2350  0.0032411330049260298 * x('45') +
2351  0.0018783251231527501 * x('46') -
2352  0.024334729064039402 * x('47') -
2353  0.39190603448275901 * x('48') +
2354  0.122155295566502 * x('49') -
2355  0.60327401477832499 * x('50') +
2356  x('58') =e= 0;
2357  con45.. (-0.0073571428571428303) * x('1') -
2358  0.0036791871921183 * x('2') +
2359  0.0049628078817733103 * x('3') +
2360  0.0030594827586205501 * x('4') -
2361  4.2857142857187898e-05 * x('5') -
2362  0.053581157635468203 * x('6') -
2363  0.023289162561576301 * x('7') +
2364  0.0023448275862067601 * x('8') -
2365  0.0145392857142858 * x('9') +
2366  0.0037852216748769001 * x('10') -
2367  0.0063396551724137704 * x('11') +
2368  0.0141545566502463 * x('12') +
2369  0.0088697044334974592 * x('13') +
2370  0.0072115763546797898 * x('14') -
2371  0.0117161330049265 * x('15') -
2372  0.015160714285714401 * x('16') +
2373  0.016293965517241198 * x('17') -
2374  0.0020299261083743798 * x('18') -
2375  0.0038730295566502802 * x('19') +
2376  0.0105029556650247 * x('20') -
2377  0.041729064039408799 * x('21') -
2378  0.00071145320197044896 * x('22') -
2379  0.010730665024630499 * x('23') -
2380  0.058935098522167398 * x('24') -
2381  0.00509605911330054 * x('25') -
2382  0.0140330049261084 * x('26') -
2383  0.014516748768473199 * x('27') +
2384  0.0047665024630541598 * x('28') -
2385  0.0270312807881774 * x('29') -
2386  0.0077825123152708399 * x('30') -
2387  0.047079679802956298 * x('31') -
2388  0.11383842364532 * x('32') -
2389  0.019454187192118201 * x('33') -
2390  0.071426847290640597 * x('34') -
2391  0.0031418719211822499 * x('35') -
2392  0.00668731527093612 * x('36') -
2393  0.023772906403940801 * x('37') -
2394  0.0111736453201973 * x('38') -
2395  0.0039573891625616199 * x('39') +
2396  0.0128168719211822 * x('40') -
2397  0.0030785714285713598 * x('41') -
2398  0.013893719211822701 * x('42') -
2399  0.031156157635468099 * x('43') -
2400  0.109055541871921 * x('44') +
2401  0.0040487684729063897 * x('45') -
2402  0.0064906403940886304 * x('46') -
2403  0.0035695812807881601 * x('47') -
2404  0.083731403940887197 * x('48') -
2405  0.034083374384236399 * x('49') -
2406  0.12122672413793099 * x('50') +
2407  x('57') =e= 0;
2408  con46.. (-0.115021428571429) * x('1') -
2409  0.12893706896551699 * x('2') -
2410  0.106618965517241 * x('3') -
2411  0.126252709359605 * x('4') +
2412  0.024932142857143 * x('5') -
2413  4.2131421182265996 * x('6') -
2414  0.053581157635468203 * x('7') -
2415  0.120341379310345 * x('8') -
2416  0.37182857142857201 * x('9') -
2417  0.67968608374384198 * x('10') -
2418  0.032145812807882 * x('11') +
2419  0.29177931034482801 * x('12') +
2420  0.192257635467981 * x('13') -
2421  0.105210960591133 * x('14') -
2422  0.92446120689655098 * x('15') -
2423  0.075939285714285695 * x('16') -
2424  0.15034470443349801 * x('17') -
2425  0.17625012315270899 * x('18') -
2426  0.255748522167487 * x('19') -
2427  0.022658497536945502 * x('20') -
2428  0.88928965517241498 * x('21') -
2429  0.016695197044334999 * x('22') -
2430  0.053213177339901503 * x('23') -
2431  0.24092721674876899 * x('24') -
2432  0.0054684729064040701 * x('25') -
2433  0.15448903940886699 * x('26') -
2434  0.091283990147783697 * x('27') -
2435  0.026478694581280701 * x('28') -
2436  0.53505024630541798 * x('29') +
2437  0.065029187192118296 * x('30') -
2438  1.22684100985222 * x('31') -
2439  1.18731810344827 * x('32') -
2440  0.25239064039408898 * x('33') -
2441  0.60507192118226605 * x('34') -
2442  0.068934975369458099 * x('35') -
2443  0.43550209359605802 * x('36') -
2444  0.089251108374384699 * x('37') +
2445  0.36508583743842399 * x('38') -
2446  0.092487684729062894 * x('39') -
2447  0.061022167487685401 * x('40') +
2448  0.090246428571428297 * x('41') +
2449  0.073189532019704004 * x('42') +
2450  0.42834716748768398 * x('43') -
2451  0.95061219211822701 * x('44') +
2452  0.0191937192118227 * x('45') +
2453  0.052157019704433302 * x('46') +
2454  0.053657635467980198 * x('47') -
2455  0.59958337438423703 * x('48') -
2456  0.32279556650246299 * x('49') -
2457  1.67819593596059 * x('50') +
2458  x('56') =e= 0;
2459  con47.. (-0.0057535714285714403) * x('1') -
2460  0.020424999999999999 * x('2') -
2461  0.020875000000000098 * x('3') +
2462  0.0020964285714284098 * x('4') -
2463  0.062600000000000003 * x('5') +
2464  0.024932142857143 * x('6') -
2465  4.2857142857187898e-05 * x('7') -
2466  0.047303571428571403 * x('8') -
2467  0.0590857142857142 * x('9') -
2468  0.048260714285714303 * x('10') -
2469  0.0147999999999999 * x('11') +
2470  0.022210714285714299 * x('12') +
2471  0.024621428571428801 * x('13') -
2472  0.0081892857142856906 * x('14') -
2473  0.131407142857143 * x('15') -
2474  0.030732142857142899 * x('16') -
2475  0.0108928571428571 * x('17') +
2476  0.0148214285714286 * x('18') -
2477  0.0014964285714286099 * x('19') -
2478  0.046132142857142802 * x('20') +
2479  0.0077464285714288397 * x('21') +
2480  0.0022214285714285799 * x('22') +
2481  0.0168178571428571 * x('23') -
2482  0.033671428571428602 * x('24') -
2483  0.034128571428571397 * x('25') +
2484  0.026624999999999999 * x('26') -
2485  0.061964285714285597 * x('27') +
2486  0.0067392857142857202 * x('28') -
2487  0.037146428571428497 * x('29') +
2488  0.025314285714285699 * x('30') -
2489  0.23100714285714299 * x('31') -
2490  0.107235714285714 * x('32') -
2491  0.015746428571428401 * x('33') -
2492  0.047357142857143 * x('34') +
2493  0.00147142857142863 * x('35') +
2494  0.031603571428571398 * x('36') -
2495  0.00111428571428573 * x('37') -
2496  0.13535714285714301 * x('38') -
2497  0.020946428571428598 * x('39') -
2498  0.070871428571428599 * x('40') -
2499  0.0105571428571429 * x('41') +
2500  0.028203571428571501 * x('42') +
2501  0.0115964285714284 * x('43') +
2502  0.085992857142857204 * x('44') +
2503  0.00072142857142856005 * x('45') +
2504  0.0046107142857142796 * x('46') +
2505  0.00142142857142858 * x('47') -
2506  0.069550000000000001 * x('48') +
2507  0.0340178571428571 * x('49') -
2508  0.071474999999999705 * x('50') +
2509  x('55') =e= 0;
2510  con48.. (-0.0044999999999999598) * x('1') -
2511  0.121961699507389 * x('2') -
2512  0.278456650246305 * x('3') -
2513  0.87373054187192101 * x('4') +
2514  0.0020964285714284098 * x('5') -
2515  0.126252709359605 * x('6') +
2516  0.0030594827586205501 * x('7') -
2517  0.37546256157635399 * x('8') -
2518  0.35971071428571499 * x('9') -
2519  0.183223645320197 * x('10') +
2520  0.036360837438423499 * x('11') -
2521  0.0706527093596062 * x('12') -
2522  0.048939901477833003 * x('13') -
2523  0.0146729064039407 * x('14') -
2524  0.13500295566502499 * x('15') -
2525  0.084389285714285903 * x('16') -
2526  0.031946798029556599 * x('17') -
2527  0.018104310344827498 * x('18') -
2528  0.12919113300492599 * x('19') +
2529  0.041516871921181898 * x('20') -
2530  0.0884450738916258 * x('21') -
2531  0.0058961822660098303 * x('22') -
2532  0.0177647783251231 * x('23') +
2533  0.226704556650246 * x('24') -
2534  0.12932155172413801 * x('25') +
2535  0.0078014778325121697 * x('26') -
2536  0.64515394088669997 * x('27') -
2537  0.075557881773399005 * x('28') +
2538  0.065066379310345104 * x('29') +
2539  0.160514408866995 * x('30') -
2540  0.644871059113304 * x('31') -
2541  0.015730049261085701 * x('32') -
2542  0.045947413793103797 * x('33') +
2543  0.206882758620689 * x('34') -
2544  0.0028848522167485798 * x('35') +
2545  0.093116009852216602 * x('36') -
2546  0.068592364532019501 * x('37') -
2547  0.45777426108374297 * x('38') +
2548  0.0331846059113289 * x('39') -
2549  0.19986157635467899 * x('40') +
2550  0.044760714285714299 * x('41') -
2551  0.030469950738916101 * x('42') +
2552  0.23759371921182201 * x('43') +
2553  0.053444704433496297 * x('44') -
2554  0.013141256157635299 * x('45') +
2555  0.035513546798029601 * x('46') -
2556  0.00108633004926108 * x('47') -
2557  0.19291810344827801 * x('48') +
2558  0.063223029556650101 * x('49') -
2559  0.56390775862068998 * x('50') +
2560  x('54') =e= 0;
2561  con49.. (-0.0167714285714286) * x('1') -
2562  0.086474753694581394 * x('2') -
2563  0.32019655172413802 * x('3') -
2564  0.278456650246305 * x('4') -
2565  0.020875000000000098 * x('5') -
2566  0.106618965517241 * x('6') +
2567  0.0049628078817733103 * x('7') -
2568  0.214316502463054 * x('8') -
2569  0.23142857142857101 * x('9') -
2570  0.16661908866995101 * x('10') +
2571  0.025440147783251099 * x('11') -
2572  0.0427368226600984 * x('12') -
2573  0.049725738916256403 * x('13') -
2574  0.0194710591133005 * x('14') -
2575  0.050542118226600603 * x('15') -
2576  0.00272500000000001 * x('16') -
2577  0.058752586206896197 * x('17') +
2578  0.00095554187192125001 * x('18') -
2579  0.14895221674876899 * x('19') +
2580  0.058260960591133303 * x('20') +
2581  0.0512844827586212 * x('21') -
2582  0.0018054187192118199 * x('22') +
2583  0.0117965517241379 * x('23') +
2584  0.026921182266009199 * x('24') +
2585  0.00298842364532039 * x('25') -
2586  0.0025432266009854198 * x('26') -
2587  0.30859901477832502 * x('27') +
2588  0.0191912561576357 * x('28') +
2589  0.064146798029556196 * x('29') +
2590  0.080329433497536698 * x('30') -
2591  0.70769741379310402 * x('31') +
2592  0.078368226600984206 * x('32') +
2593  0.00213596059113295 * x('33') +
2594  0.158436453201969 * x('34') -
2595  0.029054679802955601 * x('35') -
2596  0.141398645320198 * x('36') +
2597  0.00041773399014772102 * x('37') -
2598  0.33661268472906403 * x('38') -
2599  0.071989901477832699 * x('39') -
2600  0.17665960591133001 * x('40') +
2601  0.00070714285714271001 * x('41') +
2602  0.050106773399014898 * x('42') +
2603  0.079123891625615006 * x('43') +
2604  0.079402216748767698 * x('44') -
2605  0.013270935960591 * x('45') +
2606  0.012191256157635401 * x('46') -
2607  0.0137150246305418 * x('47') -
2608  0.14392315270936101 * x('48') +
2609  0.037989778325122597 * x('49') -
2610  0.23604002463054199 * x('50') +
2611  x('53') =e= 0;
2612  con50.. (-0.028150000000000099) * x('1') -
2613  0.0256821428571429 * x('2') -
2614  0.0167714285714286 * x('3') -
2615  0.0044999999999999598 * x('4') -
2616  0.0057535714285714403 * x('5') -
2617  0.115021428571429 * x('6') -
2618  0.0073571428571428303 * x('7') +
2619  0.022950000000000099 * x('8') -
2620  0.033950000000000098 * x('9') -
2621  0.018974999999999999 * x('10') -
2622  0.01125 * x('11') +
2623  0.0128107142857142 * x('12') +
2624  0.0135821428571429 * x('13') -
2625  0.0136035714285715 * x('14') -
2626  0.12138214285714299 * x('15') -
2627  0.0245428571428572 * x('16') +
2628  0.00049285714285713105 * x('17') -
2629  0.0089071428571428704 * x('18') -
2630  0.0027892857142857398 * x('19') +
2631  0.0070535714285714802 * x('20') -
2632  0.0096428571428570902 * x('21') -
2633  0.00108214285714287 * x('22') -
2634  0.0047964285714285401 * x('23') -
2635  0.0160785714285713 * x('24') -
2636  0.00421785714285711 * x('25') -
2637  0.00810000000000001 * x('26') -
2638  0.063571428571428404 * x('27') +
2639  0.00162142857142863 * x('28') -
2640  0.0246857142857143 * x('29') +
2641  0.017342857142857201 * x('30') -
2642  0.21295714285714301 * x('31') -
2643  0.097124999999999795 * x('32') -
2644  0.012832142857142801 * x('33') -
2645  0.063307142857142604 * x('34') -
2646  0.0042500000000000098 * x('35') -
2647  0.071817857142857405 * x('36') -
2648  0.0053571428571428303 * x('37') -
2649  0.0041892857142858397 * x('38') -
2650  0.00089285714285710998 * x('39') -
2651  0.046085714285714299 * x('40') +
2652  0.0065071428571428598 * x('41') -
2653  0.0061071428571427997 * x('42') -
2654  0.026257142857142701 * x('43') -
2655  0.0435892857142854 * x('44') -
2656  0.00041071428571430298 * x('45') -
2657  0.0064035714285714199 * x('46') +
2658  0.0035857142857143101 * x('47') -
2659  0.102967857142857 * x('48') -
2660  0.0128571428571428 * x('49') -
2661  0.13420000000000001 * x('50') +
2662  x('51') =e= 0;
2663  con51.. (-0.0256821428571429) * x('1') -
2664  0.177550492610837 * x('2') -
2665  0.086474753694581394 * x('3') -
2666  0.121961699507389 * x('4') -
2667  0.020424999999999999 * x('5') -
2668  0.12893706896551699 * x('6') -
2669  0.0036791871921183 * x('7') -
2670  0.15109913793103399 * x('8') -
2671  0.17109285714285699 * x('9') -
2672  0.13532967980295599 * x('10') -
2673  0.015837438423645302 * x('11') -
2674  0.042290640394088697 * x('12') +
2675  0.043044334975369497 * x('13') -
2676  0.041979310344827603 * x('14') -
2677  0.20599433497536901 * x('15') -
2678  0.073235714285714307 * x('16') -
2679  0.085480541871921001 * x('17') -
2680  0.0426789408866994 * x('18') -
2681  0.0078634236453202708 * x('19') +
2682  0.041792364532019802 * x('20') -
2683  0.15621896551724099 * x('21') +
2684  0.0052894088669950797 * x('22') +
2685  0.016889039408867001 * x('23') +
2686  0.12898620689655199 * x('24') +
2687  0.0083874384236451698 * x('25') +
2688  0.0049507389162561201 * x('26') -
2689  0.29983054187192099 * x('27') -
2690  0.016268226600985099 * x('28') -
2691  0.073925738916256006 * x('29') +
2692  0.12409827586206899 * x('30') -
2693  0.64849802955665004 * x('31') -
2694  0.11841145320197 * x('32') -
2695  0.020764778325123301 * x('33') -
2696  0.038040763546797897 * x('34') -
2697  0.0088084975369457606 * x('35') -
2698  0.121545566502463 * x('36') -
2699  0.048081896551724103 * x('37') +
2700  0.0084539408866994899 * x('38') +
2701  0.032011945812807703 * x('39') -
2702  0.123291502463054 * x('40') -
2703  0.0247464285714287 * x('41') +
2704  0.0090685960591133808 * x('42') -
2705  0.01611921182266 * x('43') -
2706  0.094393719211822602 * x('44') -
2707  7.2413793103438405e-05 * x('45') -
2708  0.011418226600985199 * x('46') -
2709  0.0062449507389162702 * x('47') -
2710  0.26064655172413798 * x('48') +
2711  0.039156157635467898 * x('49') -
2712  0.35105923645320197 * x('50') +
2713  x('52') =e= 0;
2714  con52..(-0.051724137931034503) * x('2') +
2715  0.055862068965517202 * x('3') +
2716  0.116551724137931 * x('4') -
2717  0.0172413793103448 * x('6') -
2718  0.049655172413793101 * x('7') -
2719  0.064482758620689598 * x('8') +
2720  0.0086206896551724102 * x('10') +
2721  0.068965517241379296 * x('11') -
2722  0.0172413793103448 * x('12') -
2723  0.094827586206896505 * x('13') -
2724  0.0475862068965517 * x('14') +
2725  0.34482758620689702 * x('15') +
2726  0.029999999999999898 * x('16') +
2727  0.0131034482758622 * x('17') +
2728  0.056206896551724103 * x('18') -
2729  0.064482758620689695 * x('19') -
2730  0.30172413793103398 * x('20') -
2731  0.24137931034482801 * x('21') -
2732  0.0020689655172413798 * x('22') -
2733  0.025862068965517199 * x('23') -
2734  0.198275862068966 * x('24') -
2735  0.038965517241379297 * x('25') +
2736  0.077586206896551699 * x('26') -
2737  0.20689655172413801 * x('27') +
2738  0.0562068965517242 * x('28') -
2739  0.077586206896551699 * x('29') +
2740  0.068965517241379296 * x('30') -
2741  1.0431034482758601 * x('31') -
2742  0.32758620689655199 * x('32') -
2743  0.0217241379310345 * x('33') -
2744  0.15517241379310301 * x('34') -
2745  0.0172413793103448 * x('35') -
2746  0.28448275862069 * x('36') +
2747  0.055862068965517299 * x('37') +
2748  0.163793103448276 * x('38') -
2749  0.37068965517241398 * x('39') +
2750  0.0172413793103448 * x('40') -
2751  0.029999999999999999 * x('41') +
2752  0.0475862068965517 * x('42') -
2753  0.51724137931034497 * x('43') -
2754  0.21551724137931 * x('44') +
2755  0.0065517241379310504 * x('45') -
2756  0.0537931034482758 * x('46') -
2757  0.014827586206896601 * x('47') -
2758  0.41793103448275898 * x('48') -
2759  0.10344827586206901 * x('49') -
2760  0.124827586206896 * x('50') =g= -0.10024137931034501;
2761  x.lo('1')=0;
2762  x.lo('2')=0;
2763  x.lo('3')=0;
2764  x.lo('4')=0;
2765  x.lo('5')=0;
2766  x.lo('6')=0;
2767  x.lo('7')=0;
2768  x.lo('8')=0;
2769  x.lo('9')=0;
2770  x.lo('10')=0;
2771  x.lo('11')=0;
2772  x.lo('12')=0;
2773  x.lo('13')=0;
2774  x.lo('14')=0;
2775  x.lo('15')=0;
2776  x.lo('16')=0;
2777  x.lo('17')=0;
2778  x.lo('18')=0;
2779  x.lo('19')=0;
2780  x.lo('20')=0;
2781  x.lo('21')=0;
2782  x.lo('22')=0;
2783  x.lo('23')=0;
2784  x.lo('24')=0;
2785  x.lo('25')=0;
2786  x.lo('26')=0;
2787  x.lo('27')=0;
2788  x.lo('28')=0;
2789  x.lo('29')=0;
2790  x.lo('30')=0;
2791  x.lo('31')=0;
2792  x.lo('32')=0;
2793  x.lo('33')=0;
2794  x.lo('34')=0;
2795  x.lo('35')=0;
2796  x.lo('36')=0;
2797  x.lo('37')=0;
2798  x.lo('38')=0;
2799  x.lo('39')=0;
2800  x.lo('40')=0;
2801  x.lo('41')=0;
2802  x.lo('42')=0;
2803  x.lo('43')=0;
2804  x.lo('44')=0;
2805  x.lo('45')=0;
2806  x.lo('46')=0;
2807  x.lo('47')=0;
2808  x.lo('48')=0;
2809  x.lo('49')=0;
2810  x.lo('50')=0;
2811  Model m/All/;
2812  m.workspace = 32;
2813  m.optfile = 1;options nlp=convert;
2814  Solve m using nlp minimizing obj;
2815  display x.l, obj.l;
2816   
2817   
2818   


COMPILATION TIME     =        0.016 SECONDS      3 MB  53.5.1 f2e5fac3 WEX-WEI
GAMS 53.5.1  f2e5fac3 May 20, 2026          WEX-WEI x86 64bit/MS Windows - 06/14/26 21:50:19 Page 2
G e n e r a l   A l g e b r a i c   M o d e l i n g   S y s t e m
Equation Listing    SOLVE m Using NLP From line 2814


---- objcon  =E=  

objcon..  (0)*x(1) + (0)*x(2) + (0)*x(3) + (0)*x(4) + (0)*x(5) + (0)*x(6) + (0)*x(7) + (0)*x(8) + (0)*x(9) + (0)*x(10) + (0)*x(11) + (0)*x(12) + (0)*x(13) + (0)*x(14) + (0)*x(15) + (0)*x(16) + (0)*x(17) + (0)*x(18) + (0)*x(19) + (0)*x(20) + (0)*x(21) + (0)*x(22) + (0)*x(23) + (0)*x(24) + (0)*x(25) + (0)*x(26) + (0)*x(27) + (0)*x(28) + (0)*x(29) + (0)*x(30) + (0)*x(31) + (0)*x(32) + (0)*x(33) + (0)*x(34) + (0)*x(35) + (0)*x(36) + (0)*x(37) + (0)*x(38) + (0)*x(39) + (0)*x(40) + (0)*x(41) + (0)*x(42) + (0)*x(43) + (0)*x(44) + (0)*x(45) + (0)*x(46) + (0)*x(47) + (0)*x(48) + (0)*x(49) + (0)*x(50) + (0)*x(51) + (0)*x(52) + (0)*x(53) + (0)*x(54) + (0)*x(55) + (0)*x(56) + (0)*x(57) + (0)*x(58) + (0)*x(59) + (0)*x(60) + (0)*x(61) + (0)*x(62) + (0)*x(63) + (0)*x(64) + (0)*x(65) + (0)*x(66) + (0)*x(67) + (0)*x(68) + (0)*x(69) + (0)*x(70) + (0)*x(71) + (0)*x(72) + (0)*x(73) + (0)*x(74) + (0)*x(75) + (0)*x(76) + (0)*x(77) + (0)*x(78) + (0)*x(79) + (0)*x(80) + (0)*x(81) + (0)*x(82) + (0)*x(83) + (0)*x(84) + (0)*x(85) + (0)*x(86) + (0)*x(87) + (0)*x(88) + (0)*x(89) + (0)*x(90) + (0)*x(91) + (0)*x(92) + (0)*x(93) + (0)*x(94) + (0)*x(95) + (0)*x(96) + (0)*x(97) + (0)*x(98) + (0)*x(99) + (0)*x(100) + obj =E= 0 ; (LHS = 0)
     

---- con1  =E=  

con1..  x(1) + x(2) + x(3) + x(4) + x(5) + x(6) + x(7) + x(8) + x(9) + x(10) + x(11) + x(12) + x(13) + x(14) + x(15) + x(16) + x(17) + x(18) + x(19) + x(20) + x(21) + x(22) + x(23) + x(24) + x(25) + x(26) + x(27) + x(28) + x(29) + x(30) + x(31) + x(32) + x(33) + x(34) + x(35) + x(36) + x(37) + x(38) + x(39) + x(40) + x(41) + x(42) + x(43) + x(44) + x(45) + x(46) + x(47) + x(48) + x(49) + x(50) =E= 1 ; (LHS = 0, INFES = 1 ****)
     

---- con2  =E=  

con2..  - 0.1342*x(1) - 0.351059236453202*x(2) - 0.236040024630542*x(3) - 0.56390775862069*x(4) - 0.0714749999999997*x(5) - 1.67819593596059*x(6) - 0.121226724137931*x(7) - 0.603274014778325*x(8) - 0.650510714285714*x(9) - 0.627985960591133*x(10) - 0.085544827586207*x(11) + 0.104261206896552*x(12) - 0.0281115763546798*x(13) - 0.177329926108374*x(14) - 0.730027709359606*x(15) - 0.300596428571429*x(16) - 0.222811945812808*x(17) - 0.14378460591133*x(18) - 0.147313300492611*x(19) - 0.0482806650246306*x(20) - 1.01497524630542*x(21) - 0.0116325123152709*x(22) - 0.0296385467980296*x(23) - 0.529690763546798*x(24) - 0.117551600985222*x(25) - 0.192709359605912*x(26) - 1.15367623152709*x(27) - 0.0584953201970443*x(28) - 0.598372783251232*x(29) + 0.121240886699507*x(30) - 3.83737733990148*x(31) - 1.33483706896552*x(32) - 0.262737807881773*x(33) - 1.15981342364532*x(34) - 0.0716995073891622*x(35) + 0.113583128078817*x(36) - 0.185393596059113*x(37) - 0.378004679802956*x(38) + 0.279085591133005*x(39) - 0.628500492610837*x(40) + 0.00126428571428567*x(41) - 0.139827216748769*x(42) - 0.0866995073891632*x(43) - 1.16916169950739*x(44) + 0.0142493842364532*x(45) - 0.0363560344827585*x(46) - 0.0113401477832512*x(47) - 1.93642820197044*x(48) - 0.372629187192119*x(49) - 2.79586157635468*x(50) + x(100) =E= 0 ; (LHS = 0)
     

---- con3  =E=  

con3..  - 0.0128571428571428*x(1) + 0.0391561576354679*x(2) + 0.0379897783251226*x(3) + 0.0632230295566501*x(4) + 0.0340178571428571*x(5) - 0.322795566502463*x(6) - 0.0340833743842364*x(7) + 0.122155295566502*x(8) + 0.0352214285714285*x(9) - 0.0655450738916255*x(10) - 0.0152891625615765*x(11) + 0.0645472906403939*x(12) - 0.205914901477833*x(13) - 0.0407514778325123*x(14) + 0.266336330049261*x(15) + 0.0918071428571429*x(16) - 0.0344182266009856*x(17) - 0.0502007389162562*x(18) + 0.00616958128078821*x(19) + 0.0131490147783254*x(20) - 0.226616502463054*x(21) - 0.0159533251231527*x(22) - 0.0139397783251231*x(23) - 0.488666871921182*x(24) + 0.0398927339901478*x(25) - 0.0718663793103447*x(26) + 0.00167820197044306*x(27) + 0.0430814039408867*x(28) - 0.135305049261084*x(29) - 0.133114162561576*x(30) + 0.228453940886699*x(31) - 0.394208620689655*x(32) - 0.0813688423645321*x(33) - 0.343006527093596*x(34) - 0.0174169950738916*x(35) + 0.00588029556650275*x(36) - 0.0196280788177339*x(37) - 0.0587778325123157*x(38) - 0.0883689655172414*x(39) + 0.043170566502463*x(40) - 0.0144642857142857*x(41) - 0.0702520935960593*x(42) - 0.15136342364532*x(43) - 0.630058866995074*x(44) + 0.0114016009852217*x(45) + 0.00118854679802959*x(46) + 0.00215652709359608*x(47) - 0.537814532019705*x(48) - 0.397459113300492*x(49) - 0.372629187192119*x(50) + x(99) =E= 0 ; (LHS = 0)
     

---- con4  =E=  

con4..  - 0.102967857142857*x(1) - 0.260646551724138*x(2) - 0.143923152709361*x(3) - 0.192918103448278*x(4) - 0.06955*x(5) - 0.599583374384237*x(6) - 0.0837314039408872*x(7) - 0.391906034482759*x(8) - 0.276953571428572*x(9) - 0.466888669950739*x(10) - 0.0401200738916269*x(11) + 0.184302339901478*x(12) - 0.0775746305418716*x(13) - 0.0934698275862069*x(14) - 0.444718226600986*x(15) + 0.0380607142857139*x(16) - 0.165096921182265*x(17) - 0.190043842364532*x(18) - 0.0763417487684726*x(19) - 0.000285837438423833*x(20) - 0.362270812807881*x(21) + 0.00174556650246309*x(22) + 0.056766009852217*x(23) - 0.830328448275863*x(24) - 0.10806921182266*x(25) + 0.0424626847290637*x(26) - 1.34104692118227*x(27) + 0.0190597290640392*x(28) - 0.625748399014778*x(29) - 0.129352216748769*x(30) - 4.04501736453202*x(31) - 2.31930554187192*x(32) - 0.279025123152709*x(33) - 2.26583608374384*x(34) + 0.0232237684729066*x(35) + 0.425279679802956*x(36) - 0.0436338669950738*x(37) - 0.369245443349753*x(38) - 0.36697290640394*x(39) - 0.400759482758621*x(40) - 0.0186892857142856*x(41) - 0.261708743842364*x(42) - 1.04107266009852*x(43) - 2.99897253694581*x(44) + 0.0135568965517242*x(45) - 0.0688188423645319*x(46) - 0.00443177339901483*x(47) - 3.66250270935961*x(48) - 0.537814532019705*x(49) - 1.93642820197044*x(50) + x(98) =E= 0 ; (LHS = 0)
     

---- con5  =E=  

con5..  0.00358571428571431*x(1) - 0.00624495073891627*x(2) - 0.0137150246305418*x(3) - 0.00108633004926108*x(4) + 0.00142142857142858*x(5) + 0.0536576354679802*x(6) - 0.00356958128078816*x(7) - 0.0243347290640394*x(8) - 0.0156285714285714*x(9) + 0.000278325123152747*x(10) + 0.00048017241379307*x(11) - 0.00799593596059114*x(12) + 0.00023485221674878*x(13) - 0.000226354679802942*x(14) + 0.00701514778325127*x(15) + 0.0107785714285714*x(16) + 0.000838054187192177*x(17) - 0.00283817733990148*x(18) - 0.00149901477832512*x(19) - 0.00725209359605912*x(20) - 0.0230038177339901*x(21) + 0.00090677339901478*x(22) + 0.0028185960591133*x(23) - 0.00324076354679801*x(24) - 0.00346588669950738*x(25) - 0.00807721674876846*x(26) - 0.0281405172413793*x(27) + 0.0071618226600985*x(28) + 0.00890221674876848*x(29) + 0.00199088669950737*x(30) - 0.0523166256157636*x(31) + 0.0512415024630542*x(32) - 0.00645209359605912*x(33) + 0.0215472906403941*x(34) - 0.00175307881773397*x(35) + 0.0160759852216748*x(36) - 0.00560431034482757*x(37) - 0.0119225369458129*x(38) - 0.00510012315270934*x(39) - 0.00606834975369459*x(40) - 0.00829285714285715*x(41) - 0.000266502463054162*x(42) - 0.00444593596059117*x(43) - 0.0148009852216749*x(44) - 0.00168633004926109*x(45) - 0.0015274630541872*x(46) - 0.00914014778325123*x(47) - 0.00443177339901483*x(48) + 0.00215652709359608*x(49) - 0.0113401477832512*x(50) + x(97) =E= 0 ; (LHS = 0)
     

---- con6  =E=  

con6..  - 0.00640357142857142*x(1) - 0.0114182266009852*x(2) + 0.0121912561576354*x(3) + 0.0355135467980296*x(4) + 0.00461071428571428*x(5) + 0.0521570197044333*x(6) - 0.00649064039408863*x(7) + 0.00187832512315275*x(8) - 0.0067714285714286*x(9) - 0.0214410098522168*x(10) + 0.00219334975369465*x(11) + 0.00469630541871921*x(12) + 0.0123261083743842*x(13) - 0.0220773399014778*x(14) + 0.0491703201970444*x(15) - 0.00603571428571429*x(16) + 9.4950738916248E-5*x(17) - 0.00387081280788179*x(18) - 0.00277881773399013*x(19) + 0.018749630541872*x(20) - 0.00779100985221667*x(21) + 0.00487955665024631*x(22) - 0.00359482758620687*x(23) - 0.0312889162561577*x(24) + 0.00326736453201972*x(25) - 0.00767980295566499*x(26) + 0.0243378078817735*x(27) - 0.00884581280788177*x(28) - 0.013145197044335*x(29) + 0.00014692118226601*x(30) - 0.210109236453202*x(31) - 0.0231094827586206*x(32) + 0.0106103448275863*x(33) - 0.0390653940886698*x(34) - 0.000207266009852251*x(35) + 0.0226568965517241*x(36) + 0.000891256157635458*x(37) + 0.0327029556650246*x(38) - 0.000783004926108468*x(39) - 0.0387784482758621*x(40) - 0.0182321428571428*x(41) - 0.0203833743842364*x(42) - 0.0899715517241378*x(43) - 0.0631211822660097*x(44) + 0.000952832512315239*x(45) - 0.0271386699507389*x(46) - 0.0015274630541872*x(47) - 0.0688188423645319*x(48) + 0.00118854679802959*x(49) - 0.0363560344827585*x(50) + x(96) =E= 0 ; (LHS = 0)
     

---- con7  =E=  

con7..  - 0.000410714285714303*x(1) - 7.24137931034384E-5*x(2) - 0.013270935960591*x(3) - 0.0131412561576353*x(4) + 0.00072142857142856*x(5) + 0.0191937192118227*x(6) + 0.00404876847290639*x(7) - 0.00324113300492603*x(8) + 0.0201678571428572*x(9) - 0.000545073891625615*x(10) + 0.00791440886699501*x(11) + 0.00338657635467984*x(12) - 0.00271133004926102*x(13) - 0.00213004926108374*x(14) - 0.036231527093596*x(15) + 0.00749285714285709*x(16) - 0.0119075123152708*x(17) - 0.00484359605911328*x(18) + 0.00698743842364534*x(19) - 0.0112974137931035*x(20) + 0.000872783251231565*x(21) - 0.00148903940886699*x(22) + 0.00427093596059114*x(23) + 0.00700455665024631*x(24) + 0.0015213054187192*x(25) + 0.00354790640394086*x(26) - 0.0374967980295565*x(27) - 0.000197167487684699*x(28) + 0.00833066502463045*x(29) + 0.0147929802955665*x(30) - 3.53448275862234E-5*x(31) + 0.00769852216748763*x(32) + 0.0110454433497537*x(33) + 0.0356113300492609*x(34) + 0.000843719211822671*x(35) + 0.0218624384236451*x(36) + 0.000789778325123098*x(37) - 0.0162206896551723*x(38) + 0.00608817733990161*x(39) - 0.00750800492610842*x(40) + 0.00258214285714284*x(41) - 0.00311280788177337*x(42) - 0.00708485221674877*x(43) + 0.0308947044334975*x(44) - 0.00812339901477831*x(45) + 0.000952832512315239*x(46) - 0.00168633004926109*x(47) + 0.0135568965517242*x(48) + 0.0114016009852217*x(49) + 0.0142493842364532*x(50) + x(95) =E= 0 ; (LHS = 0)
     

---- con8  =E=  

con8..  - 0.0435892857142854*x(1) - 0.0943937192118226*x(2) + 0.0794022167487677*x(3) + 0.0534447044334963*x(4) + 0.0859928571428572*x(5) - 0.950612192118227*x(6) - 0.109055541871921*x(7) - 0.0700493842364531*x(8) - 0.30145*x(9) - 0.0258528325123149*x(10) + 0.0244380541871913*x(11) + 0.0617270935960589*x(12) + 0.208899014778325*x(13) + 0.0458147783251231*x(14) - 0.292627586206897*x(15) + 0.318171428571428*x(16) + 0.0807929802955667*x(17) - 0.282578325123153*x(18) + 0.00334704433497591*x(19) - 0.257765147783251*x(20) - 0.444256403940886*x(21) - 0.03468460591133*x(22) + 0.0553192118226603*x(23) - 0.462495566502463*x(24) - 0.0169737684729066*x(25) + 0.031285221674877*x(26) - 0.686139162561576*x(27) - 0.00476403940886741*x(28) - 0.450717364532019*x(29) - 0.300629802955665*x(30) - 1.49383940886699*x(31) - 2.32773522167488*x(32) - 0.301043719211822*x(33) - 2.12854901477833*x(34) + 0.098159236453202*x(35) + 0.649847044334975*x(36) - 0.058912068965517*x(37) + 0.0796783251231542*x(38) - 0.333635344827585*x(39) + 0.0873979064039402*x(40) - 0.0850071428571426*x(41) - 0.294600492610837*x(42) - 0.873405049261083*x(43) - 4.36525418719212*x(44) + 0.0308947044334975*x(45) - 0.0631211822660097*x(46) - 0.0148009852216749*x(47) - 2.99897253694581*x(48) - 0.630058866995074*x(49) - 1.16916169950739*x(50) + x(94) =E= 0 ; (LHS = 0)
     

---- con9  =E=  

con9..  - 0.0262571428571427*x(1) - 0.01611921182266*x(2) + 0.079123891625615*x(3) + 0.237593719211822*x(4) + 0.0115964285714284*x(5) + 0.428347167487684*x(6) - 0.0311561576354681*x(7) + 0.208605049261083*x(8) + 0.17375*x(9) - 0.0582432266009849*x(10) + 0.0148613300492608*x(11) + 0.152475738916256*x(12) - 0.20116736453202*x(13) - 0.0380466748768473*x(14) + 0.0726602216748769*x(15) + 0.104396428571428*x(16) - 0.0348554187192115*x(17) - 0.0155322660098522*x(18) + 0.0359514778325124*x(19) + 0.0680415024630541*x(20) + 0.264699630541873*x(21) + 0.0169262315270936*x(22) + 0.0218689655172415*x(23) - 0.321034359605912*x(24) + 0.00271366995073873*x(25) - 0.0123783251231527*x(26) - 0.166037561576355*x(27) - 0.000153694581280794*x(28) - 0.0766216748768474*x(29) - 0.0629172413793103*x(30) - 1.06630172413793*x(31) - 0.757593103448276*x(32) + 0.0915700738916257*x(33) - 0.587593349753695*x(34) + 0.030107881773399*x(35) + 0.0521371921182271*x(36) - 0.000151108374384477*x(37) + 0.106821551724138*x(38) - 0.331612684729064*x(39) - 0.0613293103448281*x(40) + 0.00898571428571443*x(41) - 0.0569640394088667*x(42) - 1.05286354679803*x(43) - 0.873405049261083*x(44) - 0.00708485221674877*x(45) - 0.0899715517241378*x(46) - 0.00444593596059117*x(47) - 1.04107266009852*x(48) - 0.15136342364532*x(49) - 0.0866995073891632*x(50) + x(93) =E= 0 ; (LHS = 0)
     

---- con10  =E=  

con10..  - 0.0061071428571428*x(1) + 0.00906859605911338*x(2) + 0.0501067733990149*x(3) - 0.0304699507389161*x(4) + 0.0282035714285715*x(5) + 0.073189532019704*x(6) - 0.0138937192118227*x(7) - 0.00662807881773367*x(8) + 0.0697714285714288*x(9) + 0.0104605911330053*x(10) + 0.00780972906403934*x(11) - 0.0543104679802956*x(12) + 0.00416564039408845*x(13) - 0.0096953201970443*x(14) - 0.0573692118226604*x(15) + 0.0605857142857141*x(16) - 0.020418472906404*x(17) - 0.043804802955665*x(18) + 0.00176834975369465*x(19) + 0.0502221674876847*x(20) - 0.111921551724138*x(21) - 0.00736625615763547*x(22) - 0.0286174876847291*x(23) - 0.0438864532019708*x(24) + 0.0079438423645321*x(25) - 0.0137975369458129*x(26) - 0.073122044334975*x(27) - 0.0434440886699508*x(28) - 0.0492060344827586*x(29) - 0.0604616995073892*x(30) - 0.112370812807881*x(31) - 0.138520320197045*x(32) - 0.0322635467980296*x(33) - 0.120776354679803*x(34) - 0.00527832512315266*x(35) + 0.117525492610837*x(36) + 0.00132463054187203*x(37) + 0.169001231527094*x(38) - 0.210412561576355*x(39) + 0.0123461822660102*x(40) - 0.0449607142857143*x(41) - 0.17984039408867*x(42) - 0.0569640394088667*x(43) - 0.294600492610837*x(44) - 0.00311280788177337*x(45) - 0.0203833743842364*x(46) - 0.000266502463054162*x(47) - 0.261708743842364*x(48) - 0.0702520935960593*x(49) - 0.139827216748769*x(50) + x(92) =E= 0 ; (LHS = 0)
     

---- con11  =E=  

con11..  0.00650714285714286*x(1) - 0.0247464285714287*x(2) + 0.00070714285714271*x(3) + 0.0447607142857143*x(4) - 0.0105571428571429*x(5) + 0.0902464285714283*x(6) - 0.00307857142857136*x(7) - 0.0516*x(8) - 0.00352857142857158*x(9) - 0.0565857142857142*x(10) - 0.000771428571428663*x(11) - 0.0696642857142858*x(12) + 0.0254857142857143*x(13) - 0.0268642857142857*x(14) + 0.198282142857143*x(15) + 0.0436107142857143*x(16) - 0.0343035714285715*x(17) - 0.01005*x(18) + 0.00333928571428567*x(19) + 0.0581071428571429*x(20) - 0.17465*x(21) + 0.00554285714285713*x(22) + 0.00478571428571425*x(23) + 0.0301999999999999*x(24) + 0.0386357142857142*x(25) - 0.0146642857142857*x(26) + 0.0389964285714284*x(27) - 0.00742857142857142*x(28) - 0.0383142857142857*x(29) - 0.0229678571428571*x(30) + 0.0341928571428573*x(31) + 0.0390750000000001*x(32) - 0.0271142857142858*x(33) + 0.0738714285714285*x(34) - 0.00342857142857146*x(35) - 0.0129571428571431*x(36) + 0.0107107142857143*x(37) + 0.0562821428571427*x(38) - 0.0234250000000002*x(39) - 0.0879821428571429*x(40) - 0.114242857142857*x(41) - 0.0449607142857143*x(42) + 0.00898571428571443*x(43) - 0.0850071428571426*x(44) + 0.00258214285714284*x(45) - 0.0182321428571428*x(46) - 0.00829285714285715*x(47) - 0.0186892857142856*x(48) - 0.0144642857142857*x(49) + 0.00126428571428567*x(50) + x(91) =E= 0 ; (LHS = 0)
     

---- con12  =E=  

con12..  - 0.0460857142857143*x(1) - 0.123291502463054*x(2) - 0.17665960591133*x(3) - 0.199861576354679*x(4) - 0.0708714285714286*x(5) - 0.0610221674876854*x(6) + 0.0128168719211822*x(7) - 0.282222906403941*x(8) - 0.149778571428572*x(9) - 0.340003201970443*x(10) - 0.00191847290640412*x(11) - 0.000711453201970334*x(12) - 0.0866612068965512*x(13) - 0.205099753694581*x(14) - 0.349353078817733*x(15) - 0.0263142857142854*x(16) - 0.0874660098522157*x(17) + 0.0239501231527094*x(18) - 0.0624264778325124*x(19) - 0.0201272167487685*x(20) - 0.104753201970443*x(21) + 0.00296662561576353*x(22) + 0.00179174876847308*x(23) - 0.056944211822661*x(24) - 0.24696724137931*x(25) - 0.132257389162562*x(26) - 0.40697672413793*x(27) - 0.0337320197044332*x(28) - 0.166574753694582*x(29) + 0.216395812807881*x(30) - 1.09845184729064*x(31) - 0.00687118226600923*x(32) - 0.0477843596059111*x(33) - 0.0832709359605909*x(34) - 0.0493471674876846*x(35) - 0.121533620689655*x(36) + 0.0368011083743839*x(37) - 0.413975123152709*x(38) + 0.276744827586207*x(39) - 0.867384975369458*x(40) - 0.0879821428571429*x(41) + 0.0123461822660102*x(42) - 0.0613293103448281*x(43) + 0.0873979064039402*x(44) - 0.00750800492610842*x(45) - 0.0387784482758621*x(46) - 0.00606834975369459*x(47) - 0.400759482758621*x(48) + 0.043170566502463*x(49) - 0.628500492610837*x(50) + x(90) =E= 0 ; (LHS = 0)
     

---- con13  =E=  

con13..  - 0.00089285714285711*x(1) + 0.0320119458128077*x(2) - 0.0719899014778327*x(3) + 0.0331846059113289*x(4) - 0.0209464285714286*x(5) - 0.0924876847290629*x(6) - 0.00395738916256162*x(7) + 0.183688916256158*x(8) - 0.0784928571428565*x(9) + 0.0672366995073899*x(10) - 0.0402099753694581*x(11) - 0.134719827586207*x(12) - 0.153867980295567*x(13) + 0.0423947044334975*x(14) - 0.483907019704434*x(15) + 0.277285714285714*x(16) - 0.123884359605912*x(17) - 0.0478651477832512*x(18) - 0.178121798029557*x(19) + 0.273808374384236*x(20) + 0.00367241379310289*x(21) + 7.29064039408853E-5*x(22) - 0.0728743842364532*x(23) - 0.0983405172413795*x(24) - 0.105250738916256*x(25) + 0.0772874384236453*x(26) - 0.0654986453201968*x(27) - 0.0561758620689657*x(28) + 0.255780418719212*x(29) - 0.111520689655172*x(30) + 0.36230578817734*x(31) - 0.467480295566502*x(32) - 0.0140630541871921*x(33) - 0.169932019704434*x(34) - 0.0530019704433494*x(35) - 0.12968251231527*x(36) + 0.0285065270935963*x(37) + 0.367372290640393*x(38) - 1.8209066502463*x(39) + 0.276744827586207*x(40) - 0.0234250000000002*x(41) - 0.210412561576355*x(42) - 0.331612684729064*x(43) - 0.333635344827585*x(44) + 0.00608817733990161*x(45) - 0.000783004926108468*x(46) - 0.00510012315270934*x(47) - 0.36697290640394*x(48) - 0.0883689655172414*x(49) + 0.279085591133005*x(50) + x(89) =E= 0 ; (LHS = 0)
     

---- con14  =E=  

con14..  - 0.00418928571428584*x(1) + 0.00845394088669949*x(2) - 0.336612684729064*x(3) - 0.457774261083743*x(4) - 0.135357142857143*x(5) + 0.365085837438424*x(6) - 0.0111736453201973*x(7) - 0.396249753694581*x(8) - 0.41145*x(9) - 0.105305418719212*x(10) + 0.00229950738916232*x(11) + 0.0861144088669946*x(12) - 0.0954796798029553*x(13) - 0.0281262315270934*x(14) - 0.183288177339901*x(15) - 0.0909821428571425*x(16) + 0.117876477832513*x(17) + 0.0455600985221677*x(18) - 0.0731283251231531*x(19) - 0.192410344827586*x(20) + 0.336951724137931*x(21) - 0.0104831280788177*x(22) + 0.0823733990147781*x(23) - 0.281311083743843*x(24) - 0.116270935960591*x(25) + 0.047158374384236*x(26) - 0.300544950738916*x(27) + 0.102860098522168*x(28) + 0.0279309113300492*x(29) + 0.153442364532019*x(30) - 0.353897906403941*x(31) - 0.452401231527093*x(32) - 0.082149630541872*x(33) + 0.071958251231527*x(34) + 0.0284572660098522*x(35) + 0.253664532019703*x(36) - 0.0377948275862073*x(37) - 1.67503866995074*x(38) + 0.367372290640393*x(39) - 0.413975123152709*x(40) + 0.0562821428571427*x(41) + 0.169001231527094*x(42) + 0.106821551724138*x(43) + 0.0796783251231542*x(44) - 0.0162206896551723*x(45) + 0.0327029556650246*x(46) - 0.0119225369458129*x(47) - 0.369245443349753*x(48) - 0.0587778325123157*x(49) - 0.378004679802956*x(50) + x(88) =E= 0 ; (LHS = 0)
     

---- con15  =E=  

con15..  - 0.00535714285714283*x(1) - 0.0480818965517241*x(2) + 0.000417733990147721*x(3) - 0.0685923645320195*x(4) - 0.00111428571428573*x(5) - 0.0892511083743847*x(6) - 0.0237729064039408*x(7) - 0.0230165024630542*x(8) - 0.0449571428571425*x(9) + 0.00963091133004923*x(10) - 0.0119669950738915*x(11) + 0.0253203201970445*x(12) + 0.0140278325123154*x(13) + 0.0192896551724137*x(14) - 0.160584975369458*x(15) - 0.0426392857142857*x(16) + 0.00803312807881763*x(17) - 0.0129766009852217*x(18) + 0.0261799261083744*x(19) - 0.0362533251231528*x(20) - 0.0724690886699503*x(21) - 0.000276847290640386*x(22) + 0.00014298029556655*x(23) + 0.011878325123153*x(24) + 0.00308128078817718*x(25) - 0.0100432266009851*x(26) - 0.0724168719211823*x(27) + 0.00171268472906401*x(28) - 0.0221567733990147*x(29) + 0.03503657635468*x(30) + 0.0318811576354682*x(31) - 0.190181773399015*x(32) - 0.0125426108374383*x(33) - 0.0165349753694577*x(34) + 0.00561317733990149*x(35) + 0.00199778325123139*x(36) - 0.0777394088669951*x(37) - 0.0377948275862073*x(38) + 0.0285065270935963*x(39) + 0.0368011083743839*x(40) + 0.0107107142857143*x(41) + 0.00132463054187203*x(42) - 0.000151108374384477*x(43) - 0.058912068965517*x(44) + 0.000789778325123098*x(45) + 0.000891256157635458*x(46) - 0.00560431034482757*x(47) - 0.0436338669950738*x(48) - 0.0196280788177339*x(49) - 0.185393596059113*x(50) + x(87) =E= 0 ; (LHS = 0)
     

---- con16  =E=  

con16..  - 0.0718178571428574*x(1) - 0.121545566502463*x(2) - 0.141398645320198*x(3) + 0.0931160098522166*x(4) + 0.0316035714285714*x(5) - 0.435502093596058*x(6) - 0.00668731527093612*x(7) + 0.269374384236452*x(8) + 0.0580142857142858*x(9) - 0.0733185960591124*x(10) - 0.059223768472906*x(11) - 0.0899663793103448*x(12) - 0.147745443349753*x(13) + 0.012228078817734*x(14) - 0.0942795566502461*x(15) - 0.125421428571429*x(16) + 0.0347498768472897*x(17) + 0.0845104679802952*x(18) - 0.0899970443349752*x(19) + 0.517465147783251*x(20) - 0.0136328817733996*x(21) + 0.00542032019704427*x(22) - 0.08259421182266*x(23) + 0.155552709359606*x(24) + 0.149355911330049*x(25) - 0.193778078817734*x(26) + 0.135782019704432*x(27) + 0.0933283251231531*x(28) + 0.000885221674876974*x(29) + 0.130383374384237*x(30) + 1.12774298029557*x(31) + 0.284245935960592*x(32) + 0.0501937192118221*x(33) + 0.28408472906404*x(34) - 0.067309236453202*x(35) - 1.40320418719212*x(36) + 0.00199778325123139*x(37) + 0.253664532019703*x(38) - 0.12968251231527*x(39) - 0.121533620689655*x(40) - 0.0129571428571431*x(41) + 0.117525492610837*x(42) + 0.0521371921182271*x(43) + 0.649847044334975*x(44) + 0.0218624384236451*x(45) + 0.0226568965517241*x(46) + 0.0160759852216748*x(47) + 0.425279679802956*x(48) + 0.00588029556650275*x(49) + 0.113583128078817*x(50) + x(86) =E= 0 ; (LHS = 0)
     

---- con17  =E=  

con17..  - 0.00425000000000001*x(1) - 0.00880849753694576*x(2) - 0.0290546798029556*x(3) - 0.00288485221674858*x(4) + 0.00147142857142863*x(5) - 0.0689349753694581*x(6) - 0.00314187192118225*x(7) - 0.00509852216748764*x(8) + 0.00586785714285728*x(9) - 0.036675369458128*x(10) + 0.000443472906403916*x(11) - 0.0100278325123152*x(12) - 0.0246102216748768*x(13) - 0.0207145320197044*x(14) + 0.0152030788177343*x(15) - 0.000757142857142891*x(16) - 0.0261054187192118*x(17) + 0.00354987684729066*x(18) - 0.0265735221674877*x(19) + 0.0457736453201971*x(20) - 0.0566039408866993*x(21) - 0.000430911330049251*x(22) - 0.0167274630541872*x(23) - 0.0391272167487684*x(24) - 0.0228970443349753*x(25) - 0.0190676108374384*x(26) - 0.031058990147783*x(27) - 0.00412869458128075*x(28) - 0.00327167487684727*x(29) + 0.00797918719211821*x(30) - 0.0164624384236453*x(31) + 0.0715176108374385*x(32) + 0.00852364532019705*x(33) + 0.0166137931034482*x(34) - 0.0250135467980295*x(35) - 0.067309236453202*x(36) + 0.00561317733990149*x(37) + 0.0284572660098522*x(38) - 0.0530019704433494*x(39) - 0.0493471674876846*x(40) - 0.00342857142857146*x(41) - 0.00527832512315266*x(42) + 0.030107881773399*x(43) + 0.098159236453202*x(44) + 0.000843719211822671*x(45) - 0.000207266009852251*x(46) - 0.00175307881773397*x(47) + 0.0232237684729066*x(48) - 0.0174169950738916*x(49) - 0.0716995073891622*x(50) + x(85) =E= 0 ; (LHS = 0)
     

---- con18  =E=  

con18..  - 0.0633071428571426*x(1) - 0.0380407635467979*x(2) + 0.158436453201969*x(3) + 0.206882758620689*x(4) - 0.047357142857143*x(5) - 0.605071921182266*x(6) - 0.0714268472906406*x(7) - 0.00264027093596037*x(8) - 0.0300428571428567*x(9) - 0.061517610837439*x(10) - 0.0803373152709364*x(11) + 0.196006650246305*x(12) + 0.143297290640394*x(13) + 0.0194692118226601*x(14) - 0.55256157635468*x(15) - 0.10665*x(16) + 0.0379583743842361*x(17) - 0.0560546798029557*x(18) + 0.00390258620689654*x(19) - 0.120612192118226*x(20) - 0.238714039408867*x(21) - 0.00362820197044332*x(22) - 0.0131114532019703*x(23) - 0.695987807881775*x(24) - 0.137130541871921*x(25) + 0.0159343596059115*x(26) - 0.565498768472906*x(27) + 0.0373167487684729*x(28) - 0.443448645320197*x(29) - 0.162312315270936*x(30) - 2.13346551724138*x(31) - 1.78000578817734*x(32) - 0.149658620689655*x(33) - 2.20904014778325*x(34) + 0.0166137931034482*x(35) + 0.28408472906404*x(36) - 0.0165349753694577*x(37) + 0.071958251231527*x(38) - 0.169932019704434*x(39) - 0.0832709359605909*x(40) + 0.0738714285714285*x(41) - 0.120776354679803*x(42) - 0.587593349753695*x(43) - 2.12854901477833*x(44) + 0.0356113300492609*x(45) - 0.0390653940886698*x(46) + 0.0215472906403941*x(47) - 2.26583608374384*x(48) - 0.343006527093596*x(49) - 1.15981342364532*x(50) + x(84) =E= 0 ; (LHS = 0)
     

---- con19  =E=  

con19..  - 0.0128321428571428*x(1) - 0.0207647783251233*x(2) + 0.00213596059113295*x(3) - 0.0459474137931038*x(4) - 0.0157464285714284*x(5) - 0.252390640394089*x(6) - 0.0194541871921182*x(7) - 0.146806280788177*x(8) - 0.137478571428572*x(9) - 0.05999039408867*x(10) - 0.0461017241379309*x(11) - 0.0131834975369459*x(12) - 0.0315020935960588*x(13) - 0.0150257389162562*x(14) - 0.102937192118227*x(15) + 0.0109071428571427*x(16) - 0.0387698275862068*x(17) - 0.0419896551724138*x(18) - 0.00339199507389168*x(19) - 0.0428826354679803*x(20) - 0.121376108374384*x(21) - 0.00670701970443348*x(22) - 0.00118596059113303*x(23) - 0.108278078817734*x(24) - 0.0677304187192118*x(25) - 0.0190671182266011*x(26) - 0.0892055418719211*x(27) + 0.0243389162561576*x(28) - 0.0681185960591131*x(29) + 0.0373768472906404*x(30) - 0.155915886699507*x(31) - 0.139718596059113*x(32) - 0.207543349753695*x(33) - 0.149658620689655*x(34) + 0.00852364532019705*x(35) + 0.0501937192118221*x(36) - 0.0125426108374383*x(37) - 0.082149630541872*x(38) - 0.0140630541871921*x(39) - 0.0477843596059111*x(40) - 0.0271142857142858*x(41) - 0.0322635467980296*x(42) + 0.0915700738916257*x(43) - 0.301043719211822*x(44) + 0.0110454433497537*x(45) + 0.0106103448275863*x(46) - 0.00645209359605912*x(47) - 0.279025123152709*x(48) - 0.0813688423645321*x(49) - 0.262737807881773*x(50) + x(83) =E= 0 ; (LHS = 0)
     

---- con20  =E=  

con20..  - 0.0971249999999998*x(1) - 0.11841145320197*x(2) + 0.0783682266009842*x(3) - 0.0157300492610857*x(4) - 0.107235714285714*x(5) - 1.18731810344827*x(6) - 0.11383842364532*x(7) + 0.0660530788177339*x(8) - 0.151585714285713*x(9) - 0.0389713054187185*x(10) - 0.0603633004926109*x(11) + 0.25882118226601*x(12) + 0.132127216748769*x(13) + 0.0686203201970445*x(14) - 1.4484486453202*x(15) - 0.137678571428572*x(16) - 0.0755208128078822*x(17) - 0.130630911330049*x(18) + 0.0645137931034483*x(19) - 0.318697167487684*x(20) - 0.344821305418719*x(21) - 0.0156730295566502*x(22) + 0.00192105911330048*x(23) - 0.584777832512315*x(24) - 0.0499045566502462*x(25) + 0.107179679802956*x(26) - 0.700249384236453*x(27) - 0.0229094827586208*x(28) - 0.460486822660098*x(29) - 0.027538300492611*x(30) - 1.35106490147783*x(31) - 3.2989118226601*x(32) - 0.139718596059113*x(33) - 1.78000578817734*x(34) + 0.0715176108374385*x(35) + 0.284245935960592*x(36) - 0.190181773399015*x(37) - 0.452401231527093*x(38) - 0.467480295566502*x(39) - 0.00687118226600923*x(40) + 0.0390750000000001*x(41) - 0.138520320197045*x(42) - 0.757593103448276*x(43) - 2.32773522167488*x(44) + 0.00769852216748763*x(45) - 0.0231094827586206*x(46) + 0.0512415024630542*x(47) - 2.31930554187192*x(48) - 0.394208620689655*x(49) - 1.33483706896552*x(50) + x(82) =E= 0 ; (LHS = 0)
     

---- con21  =E=  

con21..  - 0.212957142857143*x(1) - 0.64849802955665*x(2) - 0.707697413793104*x(3) - 0.644871059113304*x(4) - 0.231007142857143*x(5) - 1.22684100985222*x(6) - 0.0470796798029563*x(7) - 1.67176416256158*x(8) - 1.28714285714286*x(9) - 1.39005270935961*x(10) - 0.12347881773399*x(11) + 0.116394704433497*x(12) + 0.37894408866995*x(13) - 0.38718275862069*x(14) - 0.52246908866995*x(15) - 0.486471428571429*x(16) - 0.335206403940885*x(17) - 0.14173066502463*x(18) - 0.743553448275861*x(19) - 0.36064445812808*x(20) - 0.479602709359603*x(21) + 0.0819102216748769*x(22) + 0.233229556650246*x(23) - 0.402912684729066*x(24) + 0.224957389162561*x(25) + 0.0739220443349749*x(26) - 2.02328497536946*x(27) - 0.125055665024631*x(28) - 0.951268472906402*x(29) + 0.0705390394088674*x(30) - 15.4825935960591*x(31) - 1.35106490147783*x(32) - 0.155915886699507*x(33) - 2.13346551724138*x(34) - 0.0164624384236453*x(35) + 1.12774298029557*x(36) + 0.0318811576354682*x(37) - 0.353897906403941*x(38) + 0.36230578817734*x(39) - 1.09845184729064*x(40) + 0.0341928571428573*x(41) - 0.112370812807881*x(42) - 1.06630172413793*x(43) - 1.49383940886699*x(44) - 3.53448275862234E-5*x(45) - 0.210109236453202*x(46) - 0.0523166256157636*x(47) - 4.04501736453202*x(48) + 0.228453940886699*x(49) - 3.83737733990148*x(50) + x(81) =E= 0 ; (LHS = 0)
     

---- con22  =E=  

con22..  0.0173428571428572*x(1) + 0.124098275862069*x(2) + 0.0803294334975367*x(3) + 0.160514408866995*x(4) + 0.0253142857142857*x(5) + 0.0650291871921183*x(6) - 0.00778251231527084*x(7) + 0.159022660098522*x(8) + 0.109617857142857*x(9) + 0.0795014778325124*x(10) + 0.0182618226600983*x(11) + 0.0323184729064039*x(12) + 0.0200123152709358*x(13) + 0.0641795566502463*x(14) + 0.404330541871921*x(15) + 0.0801107142857146*x(16) + 0.0815288177339898*x(17) + 0.00964334975369458*x(18) + 0.00367623152709363*x(19) - 0.00795529556650248*x(20) + 0.0380943349753697*x(21) + 0.00438435960591134*x(22) - 0.00747229064039407*x(23) - 0.139237561576355*x(24) + 0.103441748768473*x(25) + 0.0178847290640395*x(26) + 0.240510960591133*x(27) + 0.0093254926108374*x(28) + 0.00054384236453206*x(29) - 0.286431034482759*x(30) + 0.0705390394088674*x(31) - 0.027538300492611*x(32) + 0.0373768472906404*x(33) - 0.162312315270936*x(34) + 0.00797918719211821*x(35) + 0.130383374384237*x(36) + 0.03503657635468*x(37) + 0.153442364532019*x(38) - 0.111520689655172*x(39) + 0.216395812807881*x(40) - 0.0229678571428571*x(41) - 0.0604616995073892*x(42) - 0.0629172413793103*x(43) - 0.300629802955665*x(44) + 0.0147929802955665*x(45) + 0.00014692118226601*x(46) + 0.00199088669950737*x(47) - 0.129352216748769*x(48) - 0.133114162561576*x(49) + 0.121240886699507*x(50) + x(80) =E= 0 ; (LHS = 0)
     

---- con23  =E=  

con23..  - 0.0246857142857143*x(1) - 0.073925738916256*x(2) + 0.0641467980295562*x(3) + 0.0650663793103451*x(4) - 0.0371464285714285*x(5) - 0.535050246305418*x(6) - 0.0270312807881774*x(7) - 0.0979469211822659*x(8) + 0.0419678571428571*x(9) - 0.227835591133005*x(10) - 0.0209525862068966*x(11) + 0.0996568965517242*x(12) + 0.0446022167487685*x(13) - 0.0698403940886699*x(14) - 0.112666502463054*x(15) - 0.0630321428571428*x(16) - 0.019745812807882*x(17) - 0.0334701970443349*x(18) + 0.00377807881773411*x(19) - 0.015525738916256*x(20) - 0.263382019704433*x(21) - 0.0028408866995074*x(22) + 0.0193103448275862*x(23) - 0.248852832512316*x(24) + 0.0378883004926109*x(25) - 0.0474738916256158*x(26) - 0.105538669950739*x(27) + 0.0105298029556651*x(28) - 0.377697536945813*x(29) + 0.00054384236453206*x(30) - 0.951268472906402*x(31) - 0.460486822660098*x(32) - 0.0681185960591131*x(33) - 0.443448645320197*x(34) - 0.00327167487684727*x(35) + 0.000885221674876974*x(36) - 0.0221567733990147*x(37) + 0.0279309113300492*x(38) + 0.255780418719212*x(39) - 0.166574753694582*x(40) - 0.0383142857142857*x(41) - 0.0492060344827586*x(42) - 0.0766216748768474*x(43) - 0.450717364532019*x(44) + 0.00833066502463045*x(45) - 0.013145197044335*x(46) + 0.00890221674876848*x(47) - 0.625748399014778*x(48) - 0.135305049261084*x(49) - 0.598372783251232*x(50) + x(79) =E= 0 ; (LHS = 0)
     

---- con24  =E=  

con24..  0.00162142857142863*x(1) - 0.0162682266009851*x(2) + 0.0191912561576357*x(3) - 0.075557881773399*x(4) + 0.00673928571428572*x(5) - 0.0264786945812807*x(6) + 0.00476650246305416*x(7) - 0.0382823891625617*x(8) - 0.0115642857142857*x(9) - 0.00657672413793102*x(10) + 0.0125183497536946*x(11) - 0.0376108374384236*x(12) + 0.0260796798029557*x(13) - 0.0120666256157635*x(14) - 0.0176261083743843*x(15) - 0.00119999999999999*x(16) - 0.0339907635467979*x(17) - 0.0154136699507389*x(18) - 0.00523238916256158*x(19) + 0.00226034482758607*x(20) - 0.0567338669950738*x(21) - 5.97290640394066E-5*x(22) - 0.0119305418719212*x(23) + 0.126625369458128*x(24) - 0.034254064039409*x(25) + 0.0212773399014778*x(26) - 0.0486514778325123*x(27) - 0.0630100985221675*x(28) + 0.0105298029556651*x(29) + 0.0093254926108374*x(30) - 0.125055665024631*x(31) - 0.0229094827586208*x(32) + 0.0243389162561576*x(33) + 0.0373167487684729*x(34) - 0.00412869458128075*x(35) + 0.0933283251231531*x(36) + 0.00171268472906401*x(37) + 0.102860098522168*x(38) - 0.0561758620689657*x(39) - 0.0337320197044332*x(40) - 0.00742857142857142*x(41) - 0.0434440886699508*x(42) - 0.000153694581280794*x(43) - 0.00476403940886741*x(44) - 0.000197167487684699*x(45) - 0.00884581280788177*x(46) + 0.0071618226600985*x(47) + 0.0190597290640392*x(48) + 0.0430814039408867*x(49) - 0.0584953201970443*x(50) + x(78) =E= 0 ; (LHS = 0)
     

---- con25  =E=  

con25..  - 0.0635714285714284*x(1) - 0.299830541871921*x(2) - 0.308599014778325*x(3) - 0.6451539408867*x(4) - 0.0619642857142856*x(5) - 0.0912839901477837*x(6) - 0.0145167487684732*x(7) - 0.365735837438423*x(8) - 0.319196428571429*x(9) - 0.292472290640394*x(10) + 0.036068103448275*x(11) - 0.0261947044334977*x(12) - 0.00586194581280804*x(13) - 0.0769672413793103*x(14) - 0.895498768472907*x(15) - 0.0652892857142864*x(16) - 0.244682881773398*x(17) - 0.0884943349753694*x(18) - 0.034596551724138*x(19) - 0.123794827586207*x(20) - 0.40611157635468*x(21) - 0.00251379310344828*x(22) + 0.00189187192118228*x(23) - 0.0027230295566504*x(24) - 0.262343103448276*x(25) + 0.000695812807881429*x(26) - 1.61812216748769*x(27) - 0.0486514778325123*x(28) - 0.105538669950739*x(29) + 0.240510960591133*x(30) - 2.02328497536946*x(31) - 0.700249384236453*x(32) - 0.0892055418719211*x(33) - 0.565498768472906*x(34) - 0.031058990147783*x(35) + 0.135782019704432*x(36) - 0.0724168719211823*x(37) - 0.300544950738916*x(38) - 0.0654986453201968*x(39) - 0.40697672413793*x(40) + 0.0389964285714284*x(41) - 0.073122044334975*x(42) - 0.166037561576355*x(43) - 0.686139162561576*x(44) - 0.0374967980295565*x(45) + 0.0243378078817735*x(46) - 0.0281405172413793*x(47) - 1.34104692118227*x(48) + 0.00167820197044306*x(49) - 1.15367623152709*x(50) + x(77) =E= 0 ; (LHS = 0)
     

---- con26  =E=  

con26..  - 0.00810000000000001*x(1) + 0.00495073891625612*x(2) - 0.00254322660098542*x(3) + 0.00780147783251217*x(4) + 0.026625*x(5) - 0.154489039408867*x(6) - 0.0140330049261084*x(7) + 0.0543040640394086*x(8) - 0.0025714285714286*x(9) - 0.061364408866995*x(10) - 0.00599741379310337*x(11) + 0.00524310344827576*x(12) - 0.110577216748768*x(13) - 0.0449846059113301*x(14) - 0.0660406403940888*x(15) + 0.0185964285714285*x(16) + 0.00781366995073879*x(17) + 0.0248737684729064*x(18) - 0.0250495073891626*x(19) + 0.0479793103448276*x(20) - 0.130446551724138*x(21) - 0.00310197044334977*x(22) - 0.0274174876847291*x(23) - 0.13778645320197*x(24) - 0.00955972906403946*x(25) - 0.15114039408867*x(26) + 0.000695812807881429*x(27) + 0.0212773399014778*x(28) - 0.0474738916256158*x(29) + 0.0178847290640395*x(30) + 0.0739220443349749*x(31) + 0.107179679802956*x(32) - 0.0190671182266011*x(33) + 0.0159343596059115*x(34) - 0.0190676108374384*x(35) - 0.193778078817734*x(36) - 0.0100432266009851*x(37) + 0.047158374384236*x(38) + 0.0772874384236453*x(39) - 0.132257389162562*x(40) - 0.0146642857142857*x(41) - 0.0137975369458129*x(42) - 0.0123783251231527*x(43) + 0.031285221674877*x(44) + 0.00354790640394086*x(45) - 0.00767980295566499*x(46) - 0.00807721674876846*x(47) + 0.0424626847290637*x(48) - 0.0718663793103447*x(49) - 0.192709359605912*x(50) + x(76) =E= 0 ; (LHS = 0)
     

---- con27  =E=  

con27..  - 0.00421785714285711*x(1) + 0.00838743842364517*x(2) + 0.00298842364532039*x(3) - 0.129321551724138*x(4) - 0.0341285714285714*x(5) - 0.00546847290640407*x(6) - 0.00509605911330054*x(7) - 0.019497660098522*x(8) - 0.0597750000000001*x(9) - 0.0377764778325126*x(10) + 0.00802032019704425*x(11) + 0.0816779556650247*x(12) - 0.0230587438423642*x(13) - 0.0600116995073893*x(14) - 0.460255541871921*x(15) + 0.0236321428571427*x(16) - 0.0313109605911329*x(17) + 0.0129816502463054*x(18) + 0.0205737684729065*x(19) - 0.121408990147783*x(20) + 0.0991378078817729*x(21) - 0.00118793103448276*x(22) - 0.0374062807881773*x(23) - 0.0949695812807886*x(24) - 0.340645320197044*x(25) - 0.00955972906403946*x(26) - 0.262343103448276*x(27) - 0.034254064039409*x(28) + 0.0378883004926109*x(29) + 0.103441748768473*x(30) + 0.224957389162561*x(31) - 0.0499045566502462*x(32) - 0.0677304187192118*x(33) - 0.137130541871921*x(34) - 0.0228970443349753*x(35) + 0.149355911330049*x(36) + 0.00308128078817718*x(37) - 0.116270935960591*x(38) - 0.105250738916256*x(39) - 0.24696724137931*x(40) + 0.0386357142857142*x(41) + 0.0079438423645321*x(42) + 0.00271366995073873*x(43) - 0.0169737684729066*x(44) + 0.0015213054187192*x(45) + 0.00326736453201972*x(46) - 0.00346588669950738*x(47) - 0.10806921182266*x(48) + 0.0398927339901478*x(49) - 0.117551600985222*x(50) + x(75) =E= 0 ; (LHS = 0)
     

---- con28  =E=  

con28..  - 0.0160785714285713*x(1) + 0.128986206896552*x(2) + 0.0269211822660092*x(3) + 0.226704556650246*x(4) - 0.0336714285714286*x(5) - 0.240927216748769*x(6) - 0.0589350985221674*x(7) + 0.233052709359606*x(8) + 0.0579214285714287*x(9) - 0.203488177339902*x(10) - 0.0165161330049259*x(11) + 0.306397783251232*x(12) - 0.334655049261084*x(13) - 0.125602832512315*x(14) + 0.0152264778325116*x(15) + 0.0324285714285716*x(16) - 0.0723551724137936*x(17) + 0.0246539408866996*x(18) - 0.0309115763546799*x(19) - 0.113981650246305*x(20) - 0.102806034482758*x(21) - 0.00984298029556642*x(22) - 0.0422104679802955*x(23) - 1.28365049261084*x(24) - 0.0949695812807886*x(25) - 0.13778645320197*x(26) - 0.0027230295566504*x(27) + 0.126625369458128*x(28) - 0.248852832512316*x(29) - 0.139237561576355*x(30) - 0.402912684729066*x(31) - 0.584777832512315*x(32) - 0.108278078817734*x(33) - 0.695987807881775*x(34) - 0.0391272167487684*x(35) + 0.155552709359606*x(36) + 0.011878325123153*x(37) - 0.281311083743843*x(38) - 0.0983405172413795*x(39) - 0.056944211822661*x(40) + 0.0301999999999999*x(41) - 0.0438864532019708*x(42) - 0.321034359605912*x(43) - 0.462495566502463*x(44) + 0.00700455665024631*x(45) - 0.0312889162561577*x(46) - 0.00324076354679801*x(47) - 0.830328448275863*x(48) - 0.488666871921182*x(49) - 0.529690763546798*x(50) + x(74) =E= 0 ; (LHS = 0)
     

---- con29  =E=  

con29..  - 0.00479642857142854*x(1) + 0.016889039408867*x(2) + 0.0117965517241379*x(3) - 0.0177647783251231*x(4) + 0.0168178571428571*x(5) - 0.0532131773399015*x(6) - 0.0107306650246305*x(7) + 0.0476415024630542*x(8) + 0.0199*x(9) + 0.0157619458128079*x(10) + 0.00133485221674884*x(11) - 0.00425960591133004*x(12) - 0.0133064039408867*x(13) + 0.0031889162561576*x(14) - 0.0425971674876848*x(15) - 0.0248321428571429*x(16) - 0.0035188423645322*x(17) + 0.00867302955665026*x(18) - 0.0105834975369458*x(19) + 0.0390354679802956*x(20) - 0.0354237684729065*x(21) - 0.000508866995073885*x(22) - 0.0419394088669951*x(23) - 0.0422104679802955*x(24) - 0.0374062807881773*x(25) - 0.0274174876847291*x(26) + 0.00189187192118228*x(27) - 0.0119305418719212*x(28) + 0.0193103448275862*x(29) - 0.00747229064039407*x(30) + 0.233229556650246*x(31) + 0.00192105911330048*x(32) - 0.00118596059113303*x(33) - 0.0131114532019703*x(34) - 0.0167274630541872*x(35) - 0.08259421182266*x(36) + 0.00014298029556655*x(37) + 0.0823733990147781*x(38) - 0.0728743842364532*x(39) + 0.00179174876847308*x(40) + 0.00478571428571425*x(41) - 0.0286174876847291*x(42) + 0.0218689655172415*x(43) + 0.0553192118226603*x(44) + 0.00427093596059114*x(45) - 0.00359482758620687*x(46) + 0.0028185960591133*x(47) + 0.056766009852217*x(48) - 0.0139397783251231*x(49) - 0.0296385467980296*x(50) + x(73) =E= 0 ; (LHS = 0)
     

---- con30  =E=  

con30..  - 0.00108214285714287*x(1) + 0.00528940886699508*x(2) - 0.00180541871921182*x(3) - 0.00589618226600983*x(4) + 0.00222142857142858*x(5) - 0.016695197044335*x(6) - 0.000711453201970449*x(7) + 0.0036881773399015*x(8) + 0.00173928571428579*x(9) + 0.0143886699507389*x(10) - 0.000637068965517218*x(11) - 0.00568805418719212*x(12) - 0.0114753694581281*x(13) + 0.00163054187192118*x(14) - 0.0332174876847291*x(15) + 0.007425*x(16) - 0.000935221674876832*x(17) - 0.00573830049261083*x(18) + 0.00129532019704432*x(19) - 0.0131034482758621*x(20) - 0.00535775862068969*x(21) - 0.00550270935960591*x(22) - 0.000508866995073885*x(23) - 0.00984298029556642*x(24) - 0.00118793103448276*x(25) - 0.00310197044334977*x(26) - 0.00251379310344828*x(27) - 5.97290640394066E-5*x(28) - 0.0028408866995074*x(29) + 0.00438435960591134*x(30) + 0.0819102216748769*x(31) - 0.0156730295566502*x(32) - 0.00670701970443348*x(33) - 0.00362820197044332*x(34) - 0.000430911330049251*x(35) + 0.00542032019704427*x(36) - 0.000276847290640386*x(37) - 0.0104831280788177*x(38) + 7.29064039408853E-5*x(39) + 0.00296662561576353*x(40) + 0.00554285714285713*x(41) - 0.00736625615763547*x(42) + 0.0169262315270936*x(43) - 0.03468460591133*x(44) - 0.00148903940886699*x(45) + 0.00487955665024631*x(46) + 0.00090677339901478*x(47) + 0.00174556650246309*x(48) - 0.0159533251231527*x(49) - 0.0116325123152709*x(50) + x(72) =E= 0 ; (LHS = 0)
     

---- con31  =E=  

con31..  - 0.00964285714285709*x(1) - 0.156218965517241*x(2) + 0.0512844827586212*x(3) - 0.0884450738916258*x(4) + 0.00774642857142884*x(5) - 0.889289655172415*x(6) - 0.0417290640394088*x(7) - 0.265997167487684*x(8) - 0.142475*x(9) - 0.124190886699507*x(10) - 0.0708985221674883*x(11) - 0.264643226600985*x(12) - 0.0462431034482759*x(13) - 0.0806141625615762*x(14) + 0.494507389162561*x(15) - 0.0616535714285723*x(16) - 0.213433004926109*x(17) - 0.0993910098522167*x(18) - 0.031982881773399*x(19) + 0.175852463054187*x(20) - 1.66596231527094*x(21) - 0.00535775862068969*x(22) - 0.0354237684729065*x(23) - 0.102806034482758*x(24) + 0.0991378078817729*x(25) - 0.130446551724138*x(26) - 0.40611157635468*x(27) - 0.0567338669950738*x(28) - 0.263382019704433*x(29) + 0.0380943349753697*x(30) - 0.479602709359603*x(31) - 0.344821305418719*x(32) - 0.121376108374384*x(33) - 0.238714039408867*x(34) - 0.0566039408866993*x(35) - 0.0136328817733996*x(36) - 0.0724690886699503*x(37) + 0.336951724137931*x(38) + 0.00367241379310289*x(39) - 0.104753201970443*x(40) - 0.17465*x(41) - 0.111921551724138*x(42) + 0.264699630541873*x(43) - 0.444256403940886*x(44) + 0.000872783251231565*x(45) - 0.00779100985221667*x(46) - 0.0230038177339901*x(47) - 0.362270812807881*x(48) - 0.226616502463054*x(49) - 1.01497524630542*x(50) + x(71) =E= 0 ; (LHS = 0)
     

---- con32  =E=  

con32..  0.00705357142857148*x(1) + 0.0417923645320198*x(2) + 0.0582609605911333*x(3) + 0.0415168719211819*x(4) - 0.0461321428571428*x(5) - 0.0226584975369455*x(6) + 0.0105029556650247*x(7) + 0.00837586206896572*x(8) - 0.123982142857143*x(9) + 0.0575774630541868*x(10) + 0.0170339901477834*x(11) + 0.156012931034483*x(12) + 0.138526477832512*x(13) + 0.00431711822660098*x(14) - 0.799087192118227*x(15) - 0.0280285714285713*x(16) + 0.00945517241379319*x(17) - 0.0356217980295566*x(18) + 0.105043719211823*x(19) - 0.67810763546798*x(20) + 0.175852463054187*x(21) - 0.0131034482758621*x(22) + 0.0390354679802956*x(23) - 0.113981650246305*x(24) - 0.121408990147783*x(25) + 0.0479793103448276*x(26) - 0.123794827586207*x(27) + 0.00226034482758607*x(28) - 0.015525738916256*x(29) - 0.00795529556650248*x(30) - 0.36064445812808*x(31) - 0.318697167487684*x(32) - 0.0428826354679803*x(33) - 0.120612192118226*x(34) + 0.0457736453201971*x(35) + 0.517465147783251*x(36) - 0.0362533251231528*x(37) - 0.192410344827586*x(38) + 0.273808374384236*x(39) - 0.0201272167487685*x(40) + 0.0581071428571429*x(41) + 0.0502221674876847*x(42) + 0.0680415024630541*x(43) - 0.257765147783251*x(44) - 0.0112974137931035*x(45) + 0.018749630541872*x(46) - 0.00725209359605912*x(47) - 0.000285837438423833*x(48) + 0.0131490147783254*x(49) - 0.0482806650246306*x(50) + x(70) =E= 0 ; (LHS = 0)
     

---- con33  =E=  

con33..  - 0.00278928571428574*x(1) - 0.00786342364532027*x(2) - 0.148952216748769*x(3) - 0.129191133004926*x(4) - 0.00149642857142861*x(5) - 0.255748522167487*x(6) - 0.00387302955665028*x(7) - 0.133125615763547*x(8) - 0.136989285714285*x(9) - 0.121472167487684*x(10) + 0.00235837438423649*x(11) - 0.0509913793103449*x(12) - 0.0321383004926109*x(13) - 0.0206362068965516*x(14) + 0.132463300492611*x(15) + 0.0152964285714285*x(16) + 0.00312130541871927*x(17) + 0.0176497536945813*x(18) - 0.17773275862069*x(19) + 0.105043719211823*x(20) - 0.031982881773399*x(21) + 0.00129532019704432*x(22) - 0.0105834975369458*x(23) - 0.0309115763546799*x(24) + 0.0205737684729065*x(25) - 0.0250495073891626*x(26) - 0.034596551724138*x(27) - 0.00523238916256158*x(28) + 0.00377807881773411*x(29) + 0.00367623152709363*x(30) - 0.743553448275861*x(31) + 0.0645137931034483*x(32) - 0.00339199507389168*x(33) + 0.00390258620689654*x(34) - 0.0265735221674877*x(35) - 0.0899970443349752*x(36) + 0.0261799261083744*x(37) - 0.0731283251231531*x(38) - 0.178121798029557*x(39) - 0.0624264778325124*x(40) + 0.00333928571428567*x(41) + 0.00176834975369465*x(42) + 0.0359514778325124*x(43) + 0.00334704433497591*x(44) + 0.00698743842364534*x(45) - 0.00277881773399013*x(46) - 0.00149901477832512*x(47) - 0.0763417487684726*x(48) + 0.00616958128078821*x(49) - 0.147313300492611*x(50) + x(69) =E= 0 ; (LHS = 0)
     

---- con34  =E=  

con34..  - 0.00890714285714287*x(1) - 0.0426789408866994*x(2) + 0.00095554187192125*x(3) - 0.0181043103448275*x(4) + 0.0148214285714286*x(5) - 0.176250123152709*x(6) - 0.00202992610837438*x(7) - 0.0570109605911329*x(8) - 0.0459357142857143*x(9) - 0.0261981527093597*x(10) - 0.0001102216748769*x(11) - 0.0163179802955665*x(12) + 0.0267118226600984*x(13) - 0.010995197044335*x(14) - 0.0743011083743842*x(15) + 0.0205857142857142*x(16) - 0.0473193349753694*x(17) - 0.064481527093596*x(18) + 0.0176497536945813*x(19) - 0.0356217980295566*x(20) - 0.0993910098522167*x(21) - 0.00573830049261083*x(22) + 0.00867302955665026*x(23) + 0.0246539408866996*x(24) + 0.0129816502463054*x(25) + 0.0248737684729064*x(26) - 0.0884943349753694*x(27) - 0.0154136699507389*x(28) - 0.0334701970443349*x(29) + 0.00964334975369458*x(30) - 0.14173066502463*x(31) - 0.130630911330049*x(32) - 0.0419896551724138*x(33) - 0.0560546798029557*x(34) + 0.00354987684729066*x(35) + 0.0845104679802952*x(36) - 0.0129766009852217*x(37) + 0.0455600985221677*x(38) - 0.0478651477832512*x(39) + 0.0239501231527094*x(40) - 0.01005*x(41) - 0.043804802955665*x(42) - 0.0155322660098522*x(43) - 0.282578325123153*x(44) - 0.00484359605911328*x(45) - 0.00387081280788179*x(46) - 0.00283817733990148*x(47) - 0.190043842364532*x(48) - 0.0502007389162562*x(49) - 0.14378460591133*x(50) + x(68) =E= 0 ; (LHS = 0)
     

---- con35  =E=  

con35..  0.000492857142857131*x(1) - 0.085480541871921*x(2) - 0.0587525862068962*x(3) - 0.0319467980295566*x(4) - 0.0108928571428571*x(5) - 0.150344704433498*x(6) + 0.0162939655172412*x(7) - 0.104489408866994*x(8) - 0.0391535714285715*x(9) - 0.154547290640394*x(10) + 0.000539532019704236*x(11) - 0.0322447044334974*x(12) - 0.127629802955665*x(13) - 0.0661493842364531*x(14) - 0.055902339901478*x(15) + 0.00556428571428521*x(16) - 0.24628645320197*x(17) - 0.0473193349753694*x(18) + 0.00312130541871927*x(19) + 0.00945517241379319*x(20) - 0.213433004926109*x(21) - 0.000935221674876832*x(22) - 0.0035188423645322*x(23) - 0.0723551724137936*x(24) - 0.0313109605911329*x(25) + 0.00781366995073879*x(26) - 0.244682881773398*x(27) - 0.0339907635467979*x(28) - 0.019745812807882*x(29) + 0.0815288177339898*x(30) - 0.335206403940885*x(31) - 0.0755208128078822*x(32) - 0.0387698275862068*x(33) + 0.0379583743842361*x(34) - 0.0261054187192118*x(35) + 0.0347498768472897*x(36) + 0.00803312807881763*x(37) + 0.117876477832513*x(38) - 0.123884359605912*x(39) - 0.0874660098522157*x(40) - 0.0343035714285715*x(41) - 0.020418472906404*x(42) - 0.0348554187192115*x(43) + 0.0807929802955667*x(44) - 0.0119075123152708*x(45) + 9.4950738916248E-5*x(46) + 0.000838054187192177*x(47) - 0.165096921182265*x(48) - 0.0344182266009856*x(49) - 0.222811945812808*x(50) + x(67) =E= 0 ; (LHS = 0)
     

---- con36  =E=  

con36..  - 0.0245428571428572*x(1) - 0.0732357142857143*x(2) - 0.00272500000000001*x(3) - 0.0843892857142859*x(4) - 0.0307321428571429*x(5) - 0.0759392857142857*x(6) - 0.0151607142857144*x(7) - 0.0971999999999999*x(8) - 0.109728571428572*x(9) - 0.0156892857142856*x(10) - 0.0358249999999997*x(11) + 0.0235714285714283*x(12) + 0.102935714285714*x(13) + 0.0245678571428571*x(14) - 0.167521428571429*x(15) - 0.274142857142857*x(16) + 0.00556428571428521*x(17) + 0.0205857142857142*x(18) + 0.0152964285714285*x(19) - 0.0280285714285713*x(20) - 0.0616535714285723*x(21) + 0.007425*x(22) - 0.0248321428571429*x(23) + 0.0324285714285716*x(24) + 0.0236321428571427*x(25) + 0.0185964285714285*x(26) - 0.0652892857142864*x(27) - 0.00119999999999999*x(28) - 0.0630321428571428*x(29) + 0.0801107142857146*x(30) - 0.486471428571429*x(31) - 0.137678571428572*x(32) + 0.0109071428571427*x(33) - 0.10665*x(34) - 0.000757142857142891*x(35) - 0.125421428571429*x(36) - 0.0426392857142857*x(37) - 0.0909821428571425*x(38) + 0.277285714285714*x(39) - 0.0263142857142854*x(40) + 0.0436107142857143*x(41) + 0.0605857142857141*x(42) + 0.104396428571428*x(43) + 0.318171428571428*x(44) + 0.00749285714285709*x(45) - 0.00603571428571429*x(46) + 0.0107785714285714*x(47) + 0.0380607142857139*x(48) + 0.0918071428571429*x(49) - 0.300596428571429*x(50) + x(66) =E= 0 ; (LHS = 0)
     

---- con37  =E=  

con37..  - 0.121382142857143*x(1) - 0.205994334975369*x(2) - 0.0505421182266006*x(3) - 0.135002955665025*x(4) - 0.131407142857143*x(5) - 0.924461206896551*x(6) - 0.0117161330049265*x(7) + 0.190027586206898*x(8) - 0.388192857142857*x(9) - 0.000760467980295784*x(10) - 0.0372444581280779*x(11) + 0.291431650246306*x(12) + 0.372408004926109*x(13) - 0.032698645320197*x(14) - 3.97069014778325*x(15) - 0.167521428571429*x(16) - 0.055902339901478*x(17) - 0.0743011083743842*x(18) + 0.132463300492611*x(19) - 0.799087192118227*x(20) + 0.494507389162561*x(21) - 0.0332174876847291*x(22) - 0.0425971674876848*x(23) + 0.0152264778325116*x(24) - 0.460255541871921*x(25) - 0.0660406403940888*x(26) - 0.895498768472907*x(27) - 0.0176261083743843*x(28) - 0.112666502463054*x(29) + 0.404330541871921*x(30) - 0.52246908866995*x(31) - 1.4484486453202*x(32) - 0.102937192118227*x(33) - 0.55256157635468*x(34) + 0.0152030788177343*x(35) - 0.0942795566502461*x(36) - 0.160584975369458*x(37) - 0.183288177339901*x(38) - 0.483907019704434*x(39) - 0.349353078817733*x(40) + 0.198282142857143*x(41) - 0.0573692118226604*x(42) + 0.0726602216748769*x(43) - 0.292627586206897*x(44) - 0.036231527093596*x(45) + 0.0491703201970444*x(46) + 0.00701514778325127*x(47) - 0.444718226600986*x(48) + 0.266336330049261*x(49) - 0.730027709359606*x(50) + x(65) =E= 0 ; (LHS = 0)
     

---- con38  =E=  

con38..  - 0.0136035714285715*x(1) - 0.0419793103448276*x(2) - 0.0194710591133005*x(3) - 0.0146729064039407*x(4) - 0.00818928571428569*x(5) - 0.105210960591133*x(6) + 0.00721157635467979*x(7) - 0.0287504926108374*x(8) - 0.0466714285714287*x(9) - 0.147128448275862*x(10) + 0.0020509852216749*x(11) + 0.0191104679802956*x(12) - 0.0590870689655173*x(13) - 0.108054679802956*x(14) - 0.032698645320197*x(15) + 0.0245678571428571*x(16) - 0.0661493842364531*x(17) - 0.010995197044335*x(18) - 0.0206362068965516*x(19) + 0.00431711822660098*x(20) - 0.0806141625615762*x(21) + 0.00163054187192118*x(22) + 0.0031889162561576*x(23) - 0.125602832512315*x(24) - 0.0600116995073893*x(25) - 0.0449846059113301*x(26) - 0.0769672413793103*x(27) - 0.0120666256157635*x(28) - 0.0698403940886699*x(29) + 0.0641795566502463*x(30) - 0.38718275862069*x(31) + 0.0686203201970445*x(32) - 0.0150257389162562*x(33) + 0.0194692118226601*x(34) - 0.0207145320197044*x(35) + 0.012228078817734*x(36) + 0.0192896551724137*x(37) - 0.0281262315270934*x(38) + 0.0423947044334975*x(39) - 0.205099753694581*x(40) - 0.0268642857142857*x(41) - 0.0096953201970443*x(42) - 0.0380466748768473*x(43) + 0.0458147783251231*x(44) - 0.00213004926108374*x(45) - 0.0220773399014778*x(46) - 0.000226354679802942*x(47) - 0.0934698275862069*x(48) - 0.0407514778325123*x(49) - 0.177329926108374*x(50) + x(64) =E= 0 ; (LHS = 0)
     

---- con39  =E=  

con39..  0.0135821428571429*x(1) + 0.0430443349753695*x(2) - 0.0497257389162564*x(3) - 0.048939901477833*x(4) + 0.0246214285714288*x(5) + 0.192257635467981*x(6) + 0.00886970443349746*x(7) + 0.0549795566502462*x(8) + 0.0775892857142863*x(9) - 0.0568895320197041*x(10) - 0.0174841133004926*x(11) - 0.00477807881773399*x(12) - 0.477768719211822*x(13) - 0.0590870689655173*x(14) + 0.372408004926109*x(15) + 0.102935714285714*x(16) - 0.127629802955665*x(17) + 0.0267118226600984*x(18) - 0.0321383004926109*x(19) + 0.138526477832512*x(20) - 0.0462431034482759*x(21) - 0.0114753694581281*x(22) - 0.0133064039408867*x(23) - 0.334655049261084*x(24) - 0.0230587438423642*x(25) - 0.110577216748768*x(26) - 0.00586194581280804*x(27) + 0.0260796798029557*x(28) + 0.0446022167487685*x(29) + 0.0200123152709358*x(30) + 0.37894408866995*x(31) + 0.132127216748769*x(32) - 0.0315020935960588*x(33) + 0.143297290640394*x(34) - 0.0246102216748768*x(35) - 0.147745443349753*x(36) + 0.0140278325123154*x(37) - 0.0954796798029553*x(38) - 0.153867980295567*x(39) - 0.0866612068965512*x(40) + 0.0254857142857143*x(41) + 0.00416564039408845*x(42) - 0.20116736453202*x(43) + 0.208899014778325*x(44) - 0.00271133004926102*x(45) + 0.0123261083743842*x(46) + 0.00023485221674878*x(47) - 0.0775746305418716*x(48) - 0.205914901477833*x(49) - 0.0281115763546798*x(50) + x(63) =E= 0 ; (LHS = 0)
     

---- con40  =E=  

con40..  0.0128107142857142*x(1) - 0.0422906403940887*x(2) - 0.0427368226600984*x(3) - 0.0706527093596062*x(4) + 0.0222107142857143*x(5) + 0.291779310344828*x(6) + 0.0141545566502463*x(7) - 0.148602093596059*x(8) - 0.0769642857142854*x(9) + 0.102678201970444*x(10) - 0.0235529556650246*x(11) - 0.262999261083744*x(12) - 0.00477807881773399*x(13) + 0.0191104679802956*x(14) + 0.291431650246306*x(15) + 0.0235714285714283*x(16) - 0.0322447044334974*x(17) - 0.0163179802955665*x(18) - 0.0509913793103449*x(19) + 0.156012931034483*x(20) - 0.264643226600985*x(21) - 0.00568805418719212*x(22) - 0.00425960591133004*x(23) + 0.306397783251232*x(24) + 0.0816779556650247*x(25) + 0.00524310344827576*x(26) - 0.0261947044334977*x(27) - 0.0376108374384236*x(28) + 0.0996568965517242*x(29) + 0.0323184729064039*x(30) + 0.116394704433497*x(31) + 0.25882118226601*x(32) - 0.0131834975369459*x(33) + 0.196006650246305*x(34) - 0.0100278325123152*x(35) - 0.0899663793103448*x(36) + 0.0253203201970445*x(37) + 0.0861144088669946*x(38) - 0.134719827586207*x(39) - 0.000711453201970334*x(40) - 0.0696642857142858*x(41) - 0.0543104679802956*x(42) + 0.152475738916256*x(43) + 0.0617270935960589*x(44) + 0.00338657635467984*x(45) + 0.00469630541871921*x(46) - 0.00799593596059114*x(47) + 0.184302339901478*x(48) + 0.0645472906403939*x(49) + 0.104261206896552*x(50) + x(62) =E= 0 ; (LHS = 0)
     

---- con41  =E=  

con41..  - 0.01125*x(1) - 0.0158374384236453*x(2) + 0.0254401477832511*x(3) + 0.0363608374384235*x(4) - 0.0147999999999999*x(5) - 0.032145812807882*x(6) - 0.00633965517241377*x(7) - 0.020077339901478*x(8) - 0.0432607142857136*x(9) + 0.0243871921182265*x(10) - 0.0447738916256155*x(11) - 0.0235529556650246*x(12) - 0.0174841133004926*x(13) + 0.0020509852216749*x(14) - 0.0372444581280779*x(15) - 0.0358249999999997*x(16) + 0.000539532019704236*x(17) - 0.0001102216748769*x(18) + 0.00235837438423649*x(19) + 0.0170339901477834*x(20) - 0.0708985221674883*x(21) - 0.000637068965517218*x(22) + 0.00133485221674884*x(23) - 0.0165161330049259*x(24) + 0.00802032019704425*x(25) - 0.00599741379310337*x(26) + 0.036068103448275*x(27) + 0.0125183497536946*x(28) - 0.0209525862068966*x(29) + 0.0182618226600983*x(30) - 0.12347881773399*x(31) - 0.0603633004926109*x(32) - 0.0461017241379309*x(33) - 0.0803373152709364*x(34) + 0.000443472906403916*x(35) - 0.059223768472906*x(36) - 0.0119669950738915*x(37) + 0.00229950738916232*x(38) - 0.0402099753694581*x(39) - 0.00191847290640412*x(40) - 0.000771428571428663*x(41) + 0.00780972906403934*x(42) + 0.0148613300492608*x(43) + 0.0244380541871913*x(44) + 0.00791440886699501*x(45) + 0.00219334975369465*x(46) + 0.00048017241379307*x(47) - 0.0401200738916269*x(48) - 0.0152891625615765*x(49) - 0.085544827586207*x(50) + x(61) =E= 0 ; (LHS = 0)
     

---- con42  =E=  

con42..  - 0.018975*x(1) - 0.135329679802956*x(2) - 0.166619088669951*x(3) - 0.183223645320197*x(4) - 0.0482607142857143*x(5) - 0.679686083743842*x(6) + 0.0037852216748769*x(7) - 0.250797167487685*x(8) - 0.170496428571429*x(9) - 0.51814802955665*x(10) + 0.0243871921182265*x(11) + 0.102678201970444*x(12) - 0.0568895320197041*x(13) - 0.147128448275862*x(14) - 0.000760467980295784*x(15) - 0.0156892857142856*x(16) - 0.154547290640394*x(17) - 0.0261981527093597*x(18) - 0.121472167487684*x(19) + 0.0575774630541868*x(20) - 0.124190886699507*x(21) + 0.0143886699507389*x(22) + 0.0157619458128079*x(23) - 0.203488177339902*x(24) - 0.0377764778325126*x(25) - 0.061364408866995*x(26) - 0.292472290640394*x(27) - 0.00657672413793102*x(28) - 0.227835591133005*x(29) + 0.0795014778325124*x(30) - 1.39005270935961*x(31) - 0.0389713054187185*x(32) - 0.05999039408867*x(33) - 0.061517610837439*x(34) - 0.036675369458128*x(35) - 0.0733185960591124*x(36) + 0.00963091133004923*x(37) - 0.105305418719212*x(38) + 0.0672366995073899*x(39) - 0.340003201970443*x(40) - 0.0565857142857142*x(41) + 0.0104605911330053*x(42) - 0.0582432266009849*x(43) - 0.0258528325123149*x(44) - 0.000545073891625615*x(45) - 0.0214410098522168*x(46) + 0.000278325123152747*x(47) - 0.466888669950739*x(48) - 0.0655450738916255*x(49) - 0.627985960591133*x(50) + x(60) =E= 0 ; (LHS = 0)
     

---- con43  =E=  

con43..  - 0.0339500000000001*x(1) - 0.171092857142857*x(2) - 0.231428571428571*x(3) - 0.359710714285715*x(4) - 0.0590857142857142*x(5) - 0.371828571428572*x(6) - 0.0145392857142858*x(7) - 0.309753571428571*x(8) - 0.725057142857143*x(9) - 0.170496428571429*x(10) - 0.0432607142857136*x(11) - 0.0769642857142854*x(12) + 0.0775892857142863*x(13) - 0.0466714285714287*x(14) - 0.388192857142857*x(15) - 0.109728571428572*x(16) - 0.0391535714285715*x(17) - 0.0459357142857143*x(18) - 0.136989285714285*x(19) - 0.123982142857143*x(20) - 0.142475*x(21) + 0.00173928571428579*x(22) + 0.0199*x(23) + 0.0579214285714287*x(24) - 0.0597750000000001*x(25) - 0.0025714285714286*x(26) - 0.319196428571429*x(27) - 0.0115642857142857*x(28) + 0.0419678571428571*x(29) + 0.109617857142857*x(30) - 1.28714285714286*x(31) - 0.151585714285713*x(32) - 0.137478571428572*x(33) - 0.0300428571428567*x(34) + 0.00586785714285728*x(35) + 0.0580142857142858*x(36) - 0.0449571428571425*x(37) - 0.41145*x(38) - 0.0784928571428565*x(39) - 0.149778571428572*x(40) - 0.00352857142857158*x(41) + 0.0697714285714288*x(42) + 0.17375*x(43) - 0.30145*x(44) + 0.0201678571428572*x(45) - 0.0067714285714286*x(46) - 0.0156285714285714*x(47) - 0.276953571428572*x(48) + 0.0352214285714285*x(49) - 0.650510714285714*x(50) + x(59) =E= 0 ; (LHS = 0)
     

---- con44  =E=  

con44..  0.0229500000000001*x(1) - 0.151099137931034*x(2) - 0.214316502463054*x(3) - 0.375462561576354*x(4) - 0.0473035714285714*x(5) - 0.120341379310345*x(6) + 0.00234482758620676*x(7) - 0.718225615763547*x(8) - 0.309753571428571*x(9) - 0.250797167487685*x(10) - 0.020077339901478*x(11) - 0.148602093596059*x(12) + 0.0549795566502462*x(13) - 0.0287504926108374*x(14) + 0.190027586206898*x(15) - 0.0971999999999999*x(16) - 0.104489408866994*x(17) - 0.0570109605911329*x(18) - 0.133125615763547*x(19) + 0.00837586206896572*x(20) - 0.265997167487684*x(21) + 0.0036881773399015*x(22) + 0.0476415024630542*x(23) + 0.233052709359606*x(24) - 0.019497660098522*x(25) + 0.0543040640394086*x(26) - 0.365735837438423*x(27) - 0.0382823891625617*x(28) - 0.0979469211822659*x(29) + 0.159022660098522*x(30) - 1.67176416256158*x(31) + 0.0660530788177339*x(32) - 0.146806280788177*x(33) - 0.00264027093596037*x(34) - 0.00509852216748764*x(35) + 0.269374384236452*x(36) - 0.0230165024630542*x(37) - 0.396249753694581*x(38) + 0.183688916256158*x(39) - 0.282222906403941*x(40) - 0.0516*x(41) - 0.00662807881773367*x(42) + 0.208605049261083*x(43) - 0.0700493842364531*x(44) - 0.00324113300492603*x(45) + 0.00187832512315275*x(46) - 0.0243347290640394*x(47) - 0.391906034482759*x(48) + 0.122155295566502*x(49) - 0.603274014778325*x(50) + x(58) =E= 0 ; (LHS = 0)
     

---- con45  =E=  

con45..  - 0.00735714285714283*x(1) - 0.0036791871921183*x(2) + 0.00496280788177331*x(3) + 0.00305948275862055*x(4) - 4.28571428571879E-5*x(5) - 0.0535811576354682*x(6) - 0.0232891625615763*x(7) + 0.00234482758620676*x(8) - 0.0145392857142858*x(9) + 0.0037852216748769*x(10) - 0.00633965517241377*x(11) + 0.0141545566502463*x(12) + 0.00886970443349746*x(13) + 0.00721157635467979*x(14) - 0.0117161330049265*x(15) - 0.0151607142857144*x(16) + 0.0162939655172412*x(17) - 0.00202992610837438*x(18) - 0.00387302955665028*x(19) + 0.0105029556650247*x(20) - 0.0417290640394088*x(21) - 0.000711453201970449*x(22) - 0.0107306650246305*x(23) - 0.0589350985221674*x(24) - 0.00509605911330054*x(25) - 0.0140330049261084*x(26) - 0.0145167487684732*x(27) + 0.00476650246305416*x(28) - 0.0270312807881774*x(29) - 0.00778251231527084*x(30) - 0.0470796798029563*x(31) - 0.11383842364532*x(32) - 0.0194541871921182*x(33) - 0.0714268472906406*x(34) - 0.00314187192118225*x(35) - 0.00668731527093612*x(36) - 0.0237729064039408*x(37) - 0.0111736453201973*x(38) - 0.00395738916256162*x(39) + 0.0128168719211822*x(40) - 0.00307857142857136*x(41) - 0.0138937192118227*x(42) - 0.0311561576354681*x(43) - 0.109055541871921*x(44) + 0.00404876847290639*x(45) - 0.00649064039408863*x(46) - 0.00356958128078816*x(47) - 0.0837314039408872*x(48) - 0.0340833743842364*x(49) - 0.121226724137931*x(50) + x(57) =E= 0 ; (LHS = 0)
     

---- con46  =E=  

con46..  - 0.115021428571429*x(1) - 0.128937068965517*x(2) - 0.106618965517241*x(3) - 0.126252709359605*x(4) + 0.024932142857143*x(5) - 4.2131421182266*x(6) - 0.0535811576354682*x(7) - 0.120341379310345*x(8) - 0.371828571428572*x(9) - 0.679686083743842*x(10) - 0.032145812807882*x(11) + 0.291779310344828*x(12) + 0.192257635467981*x(13) - 0.105210960591133*x(14) - 0.924461206896551*x(15) - 0.0759392857142857*x(16) - 0.150344704433498*x(17) - 0.176250123152709*x(18) - 0.255748522167487*x(19) - 0.0226584975369455*x(20) - 0.889289655172415*x(21) - 0.016695197044335*x(22) - 0.0532131773399015*x(23) - 0.240927216748769*x(24) - 0.00546847290640407*x(25) - 0.154489039408867*x(26) - 0.0912839901477837*x(27) - 0.0264786945812807*x(28) - 0.535050246305418*x(29) + 0.0650291871921183*x(30) - 1.22684100985222*x(31) - 1.18731810344827*x(32) - 0.252390640394089*x(33) - 0.605071921182266*x(34) - 0.0689349753694581*x(35) - 0.435502093596058*x(36) - 0.0892511083743847*x(37) + 0.365085837438424*x(38) - 0.0924876847290629*x(39) - 0.0610221674876854*x(40) + 0.0902464285714283*x(41) + 0.073189532019704*x(42) + 0.428347167487684*x(43) - 0.950612192118227*x(44) + 0.0191937192118227*x(45) + 0.0521570197044333*x(46) + 0.0536576354679802*x(47) - 0.599583374384237*x(48) - 0.322795566502463*x(49) - 1.67819593596059*x(50) + x(56) =E= 0 ; (LHS = 0)
     

---- con47  =E=  

con47..  - 0.00575357142857144*x(1) - 0.020425*x(2) - 0.0208750000000001*x(3) + 0.00209642857142841*x(4) - 0.0626*x(5) + 0.024932142857143*x(6) - 4.28571428571879E-5*x(7) - 0.0473035714285714*x(8) - 0.0590857142857142*x(9) - 0.0482607142857143*x(10) - 0.0147999999999999*x(11) + 0.0222107142857143*x(12) + 0.0246214285714288*x(13) - 0.00818928571428569*x(14) - 0.131407142857143*x(15) - 0.0307321428571429*x(16) - 0.0108928571428571*x(17) + 0.0148214285714286*x(18) - 0.00149642857142861*x(19) - 0.0461321428571428*x(20) + 0.00774642857142884*x(21) + 0.00222142857142858*x(22) + 0.0168178571428571*x(23) - 0.0336714285714286*x(24) - 0.0341285714285714*x(25) + 0.026625*x(26) - 0.0619642857142856*x(27) + 0.00673928571428572*x(28) - 0.0371464285714285*x(29) + 0.0253142857142857*x(30) - 0.231007142857143*x(31) - 0.107235714285714*x(32) - 0.0157464285714284*x(33) - 0.047357142857143*x(34) + 0.00147142857142863*x(35) + 0.0316035714285714*x(36) - 0.00111428571428573*x(37) - 0.135357142857143*x(38) - 0.0209464285714286*x(39) - 0.0708714285714286*x(40) - 0.0105571428571429*x(41) + 0.0282035714285715*x(42) + 0.0115964285714284*x(43) + 0.0859928571428572*x(44) + 0.00072142857142856*x(45) + 0.00461071428571428*x(46) + 0.00142142857142858*x(47) - 0.06955*x(48) + 0.0340178571428571*x(49) - 0.0714749999999997*x(50) + x(55) =E= 0 ; (LHS = 0)
     

---- con48  =E=  

con48..  - 0.00449999999999996*x(1) - 0.121961699507389*x(2) - 0.278456650246305*x(3) - 0.873730541871921*x(4) + 0.00209642857142841*x(5) - 0.126252709359605*x(6) + 0.00305948275862055*x(7) - 0.375462561576354*x(8) - 0.359710714285715*x(9) - 0.183223645320197*x(10) + 0.0363608374384235*x(11) - 0.0706527093596062*x(12) - 0.048939901477833*x(13) - 0.0146729064039407*x(14) - 0.135002955665025*x(15) - 0.0843892857142859*x(16) - 0.0319467980295566*x(17) - 0.0181043103448275*x(18) - 0.129191133004926*x(19) + 0.0415168719211819*x(20) - 0.0884450738916258*x(21) - 0.00589618226600983*x(22) - 0.0177647783251231*x(23) + 0.226704556650246*x(24) - 0.129321551724138*x(25) + 0.00780147783251217*x(26) - 0.6451539408867*x(27) - 0.075557881773399*x(28) + 0.0650663793103451*x(29) + 0.160514408866995*x(30) - 0.644871059113304*x(31) - 0.0157300492610857*x(32) - 0.0459474137931038*x(33) + 0.206882758620689*x(34) - 0.00288485221674858*x(35) + 0.0931160098522166*x(36) - 0.0685923645320195*x(37) - 0.457774261083743*x(38) + 0.0331846059113289*x(39) - 0.199861576354679*x(40) + 0.0447607142857143*x(41) - 0.0304699507389161*x(42) + 0.237593719211822*x(43) + 0.0534447044334963*x(44) - 0.0131412561576353*x(45) + 0.0355135467980296*x(46) - 0.00108633004926108*x(47) - 0.192918103448278*x(48) + 0.0632230295566501*x(49) - 0.56390775862069*x(50) + x(54) =E= 0 ; (LHS = 0)
     

---- con49  =E=  

con49..  - 0.0167714285714286*x(1) - 0.0864747536945814*x(2) - 0.320196551724138*x(3) - 0.278456650246305*x(4) - 0.0208750000000001*x(5) - 0.106618965517241*x(6) + 0.00496280788177331*x(7) - 0.214316502463054*x(8) - 0.231428571428571*x(9) - 0.166619088669951*x(10) + 0.0254401477832511*x(11) - 0.0427368226600984*x(12) - 0.0497257389162564*x(13) - 0.0194710591133005*x(14) - 0.0505421182266006*x(15) - 0.00272500000000001*x(16) - 0.0587525862068962*x(17) + 0.00095554187192125*x(18) - 0.148952216748769*x(19) + 0.0582609605911333*x(20) + 0.0512844827586212*x(21) - 0.00180541871921182*x(22) + 0.0117965517241379*x(23) + 0.0269211822660092*x(24) + 0.00298842364532039*x(25) - 0.00254322660098542*x(26) - 0.308599014778325*x(27) + 0.0191912561576357*x(28) + 0.0641467980295562*x(29) + 0.0803294334975367*x(30) - 0.707697413793104*x(31) + 0.0783682266009842*x(32) + 0.00213596059113295*x(33) + 0.158436453201969*x(34) - 0.0290546798029556*x(35) - 0.141398645320198*x(36) + 0.000417733990147721*x(37) - 0.336612684729064*x(38) - 0.0719899014778327*x(39) - 0.17665960591133*x(40) + 0.00070714285714271*x(41) + 0.0501067733990149*x(42) + 0.079123891625615*x(43) + 0.0794022167487677*x(44) - 0.013270935960591*x(45) + 0.0121912561576354*x(46) - 0.0137150246305418*x(47) - 0.143923152709361*x(48) + 0.0379897783251226*x(49) - 0.236040024630542*x(50) + x(53) =E= 0 ; (LHS = 0)
     

---- con50  =E=  

con50..  - 0.0281500000000001*x(1) - 0.0256821428571429*x(2) - 0.0167714285714286*x(3) - 0.00449999999999996*x(4) - 0.00575357142857144*x(5) - 0.115021428571429*x(6) - 0.00735714285714283*x(7) + 0.0229500000000001*x(8) - 0.0339500000000001*x(9) - 0.018975*x(10) - 0.01125*x(11) + 0.0128107142857142*x(12) + 0.0135821428571429*x(13) - 0.0136035714285715*x(14) - 0.121382142857143*x(15) - 0.0245428571428572*x(16) + 0.000492857142857131*x(17) - 0.00890714285714287*x(18) - 0.00278928571428574*x(19) + 0.00705357142857148*x(20) - 0.00964285714285709*x(21) - 0.00108214285714287*x(22) - 0.00479642857142854*x(23) - 0.0160785714285713*x(24) - 0.00421785714285711*x(25) - 0.00810000000000001*x(26) - 0.0635714285714284*x(27) + 0.00162142857142863*x(28) - 0.0246857142857143*x(29) + 0.0173428571428572*x(30) - 0.212957142857143*x(31) - 0.0971249999999998*x(32) - 0.0128321428571428*x(33) - 0.0633071428571426*x(34) - 0.00425000000000001*x(35) - 0.0718178571428574*x(36) - 0.00535714285714283*x(37) - 0.00418928571428584*x(38) - 0.00089285714285711*x(39) - 0.0460857142857143*x(40) + 0.00650714285714286*x(41) - 0.0061071428571428*x(42) - 0.0262571428571427*x(43) - 0.0435892857142854*x(44) - 0.000410714285714303*x(45) - 0.00640357142857142*x(46) + 0.00358571428571431*x(47) - 0.102967857142857*x(48) - 0.0128571428571428*x(49) - 0.1342*x(50) + x(51) =E= 0 ; (LHS = 0)
     

---- con51  =E=  

con51..  - 0.0256821428571429*x(1) - 0.177550492610837*x(2) - 0.0864747536945814*x(3) - 0.121961699507389*x(4) - 0.020425*x(5) - 0.128937068965517*x(6) - 0.0036791871921183*x(7) - 0.151099137931034*x(8) - 0.171092857142857*x(9) - 0.135329679802956*x(10) - 0.0158374384236453*x(11) - 0.0422906403940887*x(12) + 0.0430443349753695*x(13) - 0.0419793103448276*x(14) - 0.205994334975369*x(15) - 0.0732357142857143*x(16) - 0.085480541871921*x(17) - 0.0426789408866994*x(18) - 0.00786342364532027*x(19) + 0.0417923645320198*x(20) - 0.156218965517241*x(21) + 0.00528940886699508*x(22) + 0.016889039408867*x(23) + 0.128986206896552*x(24) + 0.00838743842364517*x(25) + 0.00495073891625612*x(26) - 0.299830541871921*x(27) - 0.0162682266009851*x(28) - 0.073925738916256*x(29) + 0.124098275862069*x(30) - 0.64849802955665*x(31) - 0.11841145320197*x(32) - 0.0207647783251233*x(33) - 0.0380407635467979*x(34) - 0.00880849753694576*x(35) - 0.121545566502463*x(36) - 0.0480818965517241*x(37) + 0.00845394088669949*x(38) + 0.0320119458128077*x(39) - 0.123291502463054*x(40) - 0.0247464285714287*x(41) + 0.00906859605911338*x(42) - 0.01611921182266*x(43) - 0.0943937192118226*x(44) - 7.24137931034384E-5*x(45) - 0.0114182266009852*x(46) - 0.00624495073891627*x(47) - 0.260646551724138*x(48) + 0.0391561576354679*x(49) - 0.351059236453202*x(50) + x(52) =E= 0 ; (LHS = 0)
     

---- con52  =G=  

con52..  - 0.0517241379310345*x(2) + 0.0558620689655172*x(3) + 0.116551724137931*x(4) - 0.0172413793103448*x(6) - 0.0496551724137931*x(7) - 0.0644827586206896*x(8) + 0.00862068965517241*x(10) + 0.0689655172413793*x(11) - 0.0172413793103448*x(12) - 0.0948275862068965*x(13) - 0.0475862068965517*x(14) + 0.344827586206897*x(15) + 0.0299999999999999*x(16) + 0.0131034482758622*x(17) + 0.0562068965517241*x(18) - 0.0644827586206897*x(19) - 0.301724137931034*x(20) - 0.241379310344828*x(21) - 0.00206896551724138*x(22) - 0.0258620689655172*x(23) - 0.198275862068966*x(24) - 0.0389655172413793*x(25) + 0.0775862068965517*x(26) - 0.206896551724138*x(27) + 0.0562068965517242*x(28) - 0.0775862068965517*x(29) + 0.0689655172413793*x(30) - 1.04310344827586*x(31) - 0.327586206896552*x(32) - 0.0217241379310345*x(33) - 0.155172413793103*x(34) - 0.0172413793103448*x(35) - 0.28448275862069*x(36) + 0.0558620689655173*x(37) + 0.163793103448276*x(38) - 0.370689655172414*x(39) + 0.0172413793103448*x(40) - 0.03*x(41) + 0.0475862068965517*x(42) - 0.517241379310345*x(43) - 0.21551724137931*x(44) + 0.00655172413793105*x(45) - 0.0537931034482758*x(46) - 0.0148275862068966*x(47) - 0.417931034482759*x(48) - 0.103448275862069*x(49) - 0.124827586206896*x(50) =G= -0.100241379310345 ; (LHS = 0)
     
GAMS 53.5.1  f2e5fac3 May 20, 2026          WEX-WEI x86 64bit/MS Windows - 06/14/26 21:50:19 Page 3
G e n e r a l   A l g e b r a i c   M o d e l i n g   S y s t e m
Column Listing      SOLVE m Using NLP From line 2814


---- x  

x(1)
                (.LO, .L, .UP, .M = 0, 0, +INF, 0)
       (0)      objcon
        1       con1
       -0.1342  con2
       -0.0129  con3
       -0.103   con4
        0.0036  con5
       -0.0064  con6
       -0.0004  con7
       -0.0436  con8
       -0.0263  con9
       -0.0061  con10
        0.0065  con11
       -0.0461  con12
       -0.0009  con13
       -0.0042  con14
       -0.0054  con15
       -0.0718  con16
       -0.0043  con17
       -0.0633  con18
       -0.0128  con19
       -0.0971  con20
       -0.213   con21
        0.0173  con22
       -0.0247  con23
        0.0016  con24
       -0.0636  con25
       -0.0081  con26
       -0.0042  con27
       -0.0161  con28
       -0.0048  con29
       -0.0011  con30
       -0.0096  con31
        0.0071  con32
       -0.0028  con33
       -0.0089  con34
        0.0005  con35
       -0.0245  con36
       -0.1214  con37
       -0.0136  con38
        0.0136  con39
        0.0128  con40
       -0.0112  con41
       -0.019   con42
       -0.034   con43
        0.023   con44
       -0.0074  con45
       -0.115   con46
       -0.0058  con47
       -0.0045  con48
       -0.0168  con49
       -0.0282  con50
       -0.0257  con51

x(2)
                (.LO, .L, .UP, .M = 0, 0, +INF, 0)
       (0)      objcon
        1       con1
       -0.3511  con2
        0.0392  con3
       -0.2606  con4
       -0.0062  con5
       -0.0114  con6
       -0.0001  con7
       -0.0944  con8
       -0.0161  con9
        0.0091  con10
       -0.0247  con11
       -0.1233  con12
        0.032   con13
        0.0085  con14
       -0.0481  con15
       -0.1215  con16
       -0.0088  con17
       -0.038   con18
       -0.0208  con19
       -0.1184  con20
       -0.6485  con21
        0.1241  con22
       -0.0739  con23
       -0.0163  con24
       -0.2998  con25
        0.005   con26
        0.0084  con27
        0.129   con28
        0.0169  con29
        0.0053  con30
       -0.1562  con31
        0.0418  con32
       -0.0079  con33
       -0.0427  con34
       -0.0855  con35
       -0.0732  con36
       -0.206   con37
       -0.042   con38
        0.043   con39
       -0.0423  con40
       -0.0158  con41
       -0.1353  con42
       -0.1711  con43
       -0.1511  con44
       -0.0037  con45
       -0.1289  con46
       -0.0204  con47
       -0.122   con48
       -0.0865  con49
       -0.0257  con50
       -0.1776  con51
       -0.0517  con52

x(3)
                (.LO, .L, .UP, .M = 0, 0, +INF, 0)
       (0)      objcon
        1       con1
       -0.236   con2
        0.038   con3
       -0.1439  con4
       -0.0137  con5
        0.0122  con6
       -0.0133  con7
        0.0794  con8
        0.0791  con9
        0.0501  con10
        0.0007  con11
       -0.1767  con12
       -0.072   con13
       -0.3366  con14
        0.0004  con15
       -0.1414  con16
       -0.0291  con17
        0.1584  con18
        0.0021  con19
        0.0784  con20
       -0.7077  con21
        0.0803  con22
        0.0641  con23
        0.0192  con24
       -0.3086  con25
       -0.0025  con26
        0.003   con27
        0.0269  con28
        0.0118  con29
       -0.0018  con30
        0.0513  con31
        0.0583  con32
       -0.149   con33
        0.001   con34
       -0.0588  con35
       -0.0027  con36
       -0.0505  con37
       -0.0195  con38
       -0.0497  con39
       -0.0427  con40
        0.0254  con41
       -0.1666  con42
       -0.2314  con43
       -0.2143  con44
        0.005   con45
       -0.1066  con46
       -0.0209  con47
       -0.2785  con48
       -0.3202  con49
       -0.0168  con50
       -0.0865  con51
        0.0559  con52

REMAINING 97 ENTRIES SKIPPED

---- obj  

obj
                (.LO, .L, .UP, .M = -INF, 0, +INF, 0)
        1       objcon

GAMS 53.5.1  f2e5fac3 May 20, 2026          WEX-WEI x86 64bit/MS Windows - 06/14/26 21:50:19 Page 4
G e n e r a l   A l g e b r a i c   M o d e l i n g   S y s t e m
Range Statistics    SOLVE m Using NLP From line 2814


RANGE STATISTICS (ABSOLUTE NON-ZERO FINITE VALUES)

RHS       [min, max] : [ 1.002E-01, 1.000E+00] - Zero values observed as well
Bound     [min, max] : [        NA,        NA] - Zero values observed as well
Matrix    [min, max] : [ 3.534E-05, 1.548E+01] - Zero values observed as well

GAMS 53.5.1  f2e5fac3 May 20, 2026          WEX-WEI x86 64bit/MS Windows - 06/14/26 21:50:19 Page 5
G e n e r a l   A l g e b r a i c   M o d e l i n g   S y s t e m
Model Statistics    SOLVE m Using NLP From line 2814


MODEL STATISTICS

BLOCKS OF EQUATIONS          53     SINGLE EQUATIONS           53
BLOCKS OF VARIABLES           2     SINGLE VARIABLES          101
NON ZERO ELEMENTS         2,748     NON LINEAR N-Z            100
CODE LENGTH                 152     CONSTANT POOL              16


GENERATION TIME      =        0.031 SECONDS      4 MB  53.5.1 f2e5fac3 WEX-WEI
GAMS 53.5.1  f2e5fac3 May 20, 2026          WEX-WEI x86 64bit/MS Windows - 06/14/26 21:50:19 Page 6
G e n e r a l   A l g e b r a i c   M o d e l i n g   S y s t e m
Solution Report     SOLVE m Using NLP From line 2814


               S O L V E      S U M M A R Y

     MODEL   m                   OBJECTIVE  obj
     TYPE    NLP                 DIRECTION  MINIMIZE
     SOLVER  CONVERT             FROM LINE  2814

**** SOLVER STATUS     1 Normal Completion
**** MODEL STATUS      14 No Solution Returned
**** OBJECTIVE VALUE                0.0000

 RESOURCE USAGE, LIMIT          0.016 10000000000.000
 ITERATION COUNT, LIMIT         0    2147483647
 EVALUATION ERRORS              0             0

*** Error Cannot open parameter file "C:\Users\edmil\Desktop\benchmark_nlp\convert.opt"
*** Error Error code = 2; No such file or directory

--- Writing Dict      : dict.txt
--- Writing Gams      : gams.gms


No solution returned
GAMS 53.5.1  f2e5fac3 May 20, 2026          WEX-WEI x86 64bit/MS Windows - 06/14/26 21:50:19 Page 7
G e n e r a l   A l g e b r a i c   M o d e l i n g   S y s t e m
E x e c u t i o n


----   2815 VARIABLE x.L  

                      ( ALL       0.000 )


----   2815 VARIABLE obj.L                 =        0.000  


EXECUTION TIME       =        0.109 SECONDS      4 MB  53.5.1 f2e5fac3 WEX-WEI


USER: GAMS Demo, for EULA and demo limitations see   G260130+0003Cc-GEN
      https://www.gams.com/latest/docs/UG%5FLicense.html         DC0000


**** FILE SUMMARY

Input      C:\Users\edmil\Desktop\benchmark_nlp\coconut_gams\qp3.gms
Output     C:\Users\edmil\Desktop\benchmark_nlp\logs\gams\qp3.lst
