GAMS 53.5.1  f2e5fac3 May 20, 2026          WEX-WEI x86 64bit/MS Windows - 06/14/26 21:50:20 Page 1
G e n e r a l   A l g e b r a i c   M o d e l i n g   S y s t e m
C o m p i l a t i o n


   1  * GAMS-model qp4.dag.gms written by dag2gams Converter at 29/03/2004 14:10:01
   2  * University of Vienna
   4   Set i/1*31/;
   5   Set j/1*79/;
   6   Equations objcon
   7  con1
   8  con2
   9  con3
  10  con4
  11  con5
  12  con6
  13  con7
  14  con8
  15  con9
  16  con10
  17  con11
  18  con12
  19  con13
  20  con14
  21  con15
  22  con16
  23  con17
  24  con18
  25  con19
  26  con20
  27  con21
  28  con22
  29  con23
  30  con24
  31  con25
  32  con26
  33  con27
  34  con28
  35  con29
  36  con30
  37  con31
  38  ;
  39  Variables x(j), obj;
  40  * Objective function (to be minimized)
  41  objcon.. obj =e= 0.035714285714285698 * power(x('1'), 2) +
  42  0.035714285714285698 * power(x('2'), 2) +
  43  0.035714285714285698 * power(x('3'), 2) +
  44  0.035714285714285698 * power(x('4'), 2) +
  45  0.035714285714285698 * power(x('5'), 2) +
  46  0.035714285714285698 * power(x('6'), 2) +
  47  0.035714285714285698 * power(x('7'), 2) +
  48  0.035714285714285698 * power(x('8'), 2) +
  49  0.035714285714285698 * power(x('9'), 2) +
  50  0.035714285714285698 * power(x('10'), 2) +
  51  0.035714285714285698 * power(x('11'), 2) +
  52  0.035714285714285698 * power(x('12'), 2) +
  53  0.035714285714285698 * power(x('13'), 2) +
  54  0.035714285714285698 * power(x('14'), 2) +
  55  0.035714285714285698 * power(x('15'), 2) +
  56  0.035714285714285698 * power(x('16'), 2) +
  57  0.035714285714285698 * power(x('17'), 2) +
  58  0.035714285714285698 * power(x('18'), 2) +
  59  0.035714285714285698 * power(x('19'), 2) +
  60  0.035714285714285698 * power(x('20'), 2) +
  61  0.035714285714285698 * power(x('21'), 2) +
  62  0.035714285714285698 * power(x('22'), 2) +
  63  0.035714285714285698 * power(x('23'), 2) +
  64  0.035714285714285698 * power(x('24'), 2) +
  65  0.035714285714285698 * power(x('25'), 2) +
  66  0.035714285714285698 * power(x('26'), 2) +
  67  0.035714285714285698 * power(x('27'), 2) +
  68  0.035714285714285698 * power(x('28'), 2) +
  69  0.035714285714285698 * power(x('29'), 2);
  70   
  71   
  72  con1.. x('29') +
  73  0.130000000000001 * x('30') +
  74  1.19827586206897 * x('31') +
  75  1.05586206896552 * x('32') +
  76  1.8665517241379299 * x('33') +
  77  0.5 * x('34') -
  78  0.26724137931034497 * x('35') -
  79  0.109655172413792 * x('36') +
  80  1.3055172413793099 * x('37') +
  81  1.1200000000000001 * x('38') +
  82  0.50862068965517204 * x('39') +
  83  0.188965517241377 * x('40') +
  84  0.73275862068965503 * x('41') +
  85  0.025172413793100899 * x('42') +
  86  0.20241379310344801 * x('43') +
  87  4.3448275862069003 * x('44') +
  88  0.66000000000000203 * x('45') +
  89  0.88310344827585996 * x('46') +
  90  0.056206896551724103 * x('47') +
  91  0.0555172413793113 * x('48') -
  92  0.171724137931034 * x('49') +
  93  0.63862068965517504 * x('50') +
  94  0.117931034482759 * x('51') -
  95  0.025862068965517199 * x('52') -
  96  1.69827586206897 * x('53') +
  97  0.71103448275862102 * x('54') -
  98  0.0524137931034473 * x('55') +
  99  2.5431034482758599 * x('56') +
 100  0.176206896551723 * x('57') -
 101  0.077586206896551699 * x('58') -
 102  2.1810344827586201 * x('59') -
 103  1.5431034482758601 * x('60') +
 104  0.17241379310344801 * x('61') +
 105  0.228275862068965 * x('62') -
 106  1.1551724137931001 * x('63') +
 107  0.102758620689654 * x('64') +
 108  1.5855172413793099 * x('65') +
 109  0.30586206896551699 * x('66') +
 110  0.79379310344827103 * x('67') +
 111  0.50931034482758697 * x('68') +
 112  1.63724137931034 * x('69') +
 113  0.090000000000000996 * x('70') -
 114  0.20241379310344801 * x('71') -
 115  1.2672413793103401 * x('72') -
 116  2.3355172413793102 * x('73') +
 117  0.13655172413793101 * x('74') -
 118  0.173793103448276 * x('75') -
 119  0.014827586206896601 * x('76') -
 120  1.0479310344827599 * x('77') -
 121  1.23344827586207 * x('78') +
 122  0.99517241379310095 * x('79') =e= 0;
 123  con2.. x('28') -
 124  0.130000000000001 * x('30') +
 125  0.69827586206896597 * x('31') +
 126  0.43586206896551999 * x('32') +
 127  1.3665517241379299 * x('33') +
 128  0.130000000000001 * x('34') +
 129  3.6127586206896498 * x('35') +
 130  0.200344827586207 * x('36') +
 131  0.43551724137931003 * x('37') +
 132  1.1299999999999999 * x('38') +
 133  1.7586206896551699 * x('39') -
 134  0.181034482758621 * x('40') -
 135  1.0172413793103401 * x('41') +
 136  0.15517241379310301 * x('42') +
 137  0.20241379310344801 * x('43') -
 138  0.15517241379310301 * x('44') +
 139  0.28000000000000003 * x('45') +
 140  0.14310344827586499 * x('46') +
 141  0.056206896551724103 * x('47') +
 142  0.56551724137930903 * x('48') -
 143  0.18172413793103501 * x('49') +
 144  0.75862068965517204 * x('50') -
 145  0.122068965517241 * x('51') -
 146  0.025862068965517199 * x('52') +
 147  1.6817241379310399 * x('53') +
 148  0.21103448275862099 * x('54') -
 149  0.042413793103449303 * x('55') +
 150  1.2931034482758601 * x('56') -
 151  0.063793103448275004 * x('57') +
 152  1.0424137931034501 * x('58') -
 153  0.181034482758621 * x('59') +
 154  2.83689655172414 * x('60') +
 155  3.6724137931034502 * x('61') -
 156  0.0217241379310345 * x('62') +
 157  1.7248275862069 * x('63') -
 158  0.0172413793103448 * x('64') +
 159  0.095517241379305798 * x('65') +
 160  0.55586206896551704 * x('66') +
 161  0.91379310344827602 * x('67') +
 162  0.62931034482758597 * x('68') -
 163  0.35275862068965302 * x('69') -
 164  0.15000000000000099 * x('70') -
 165  0.45241379310344798 * x('71') +
 166  1.2327586206896599 * x('72') +
 167  3.1544827586206901 * x('73') -
 168  0.123448275862069 * x('74') +
 169  0.066206896551724306 * x('75') -
 170  0.014827586206896601 * x('76') +
 171  3.4620689655172399 * x('77') +
 172  0.77655172413793006 * x('78') +
 173  2.25517241379311 * x('79') =e= 0;
 174  con3.. x('27') +
 175  0.198275862068966 * x('31') +
 176  0.055862068965517202 * x('32') -
 177  0.38344827586206898 * x('33') +
 178  0.35275862068966002 * x('35') +
 179  0.070344827586206096 * x('36') +
 180  0.31551724137931297 * x('37') -
 181  0.25 * x('38') -
 182  0.24137931034482801 * x('39') +
 183  0.19896551724138201 * x('40') +
 184  0.73275862068965503 * x('41') +
 185  0.40517241379310298 * x('42') -
 186  0.107586206896551 * x('43') -
 187  6.0251724137930998 * x('44') +
 188  0.029999999999999898 * x('45') +
 189  0.51310344827586196 * x('46') +
 190  0.056206896551724103 * x('47') +
 191  0.0555172413793113 * x('48') -
 192  0.61172413793103497 * x('49') +
 193  2.7586206896551699 * x('50') -
 194  0.0020689655172413798 * x('51') -
 195  0.025862068965517199 * x('52') -
 196  0.57827586206896797 * x('53') -
 197  0.28896551724137898 * x('54') -
 198  0.42241379310344801 * x('55') -
 199  0.20689655172413801 * x('56') +
 200  0.176206896551723 * x('57') -
 201  0.19758620689655099 * x('58') +
 202  0.438965517241379 * x('59') -
 203  0.67310344827586499 * x('60') -
 204  1.1975862068965499 * x('61') -
 205  0.0217241379310345 * x('62') +
 206  0.094827586206896505 * x('63') +
 207  0.232758620689655 * x('64') +
 208  0.085517241379314907 * x('65') +
 209  0.055862068965517299 * x('66') -
 210  1.58620689655172 * x('67') -
 211  0.62068965517241403 * x('68') -
 212  0.36275862068965797 * x('69') +
 213  0.34000000000000102 * x('70') -
 214  0.45241379310344798 * x('71') -
 215  0.63724137931034397 * x('72') +
 216  0.034482758620689703 * x('73') -
 217  0.113448275862069 * x('74') -
 218  0.0537931034482758 * x('75') -
 219  0.014827586206896601 * x('76') -
 220  0.54793103448276104 * x('77') +
 221  0.64655172413793105 * x('78') +
 222  0.49517241379310101 * x('79') =e= 0;
 223  con4.. x('26') +
 224  0.130000000000001 * x('30') +
 225  0.69827586206896597 * x('31') +
 226  0.92586206896551504 * x('32') +
 227  0.86655172413793102 * x('33') +
 228  0.25 * x('34') +
 229  0.98275862068965503 * x('35') -
 230  0.16965517241379199 * x('36') +
 231  2.1855172413793098 * x('37') +
 232  1.5 * x('38') +
 233  1.2586206896551699 * x('39') +
 234  0.068965517241379296 * x('40') +
 235  0.48275862068965503 * x('41') -
 236  1.0248275862069001 * x('42') +
 237  0.26241379310344798 * x('43') -
 238  0.78517241379310598 * x('44') +
 239  0.28000000000000003 * x('45') -
 240  0.11689655172414 * x('46') +
 241  0.056206896551724103 * x('47') +
 242  1.0655172413793099 * x('48') -
 243  0.36172413793103297 * x('49') -
 244  0.37137931034483002 * x('50') -
 245  0.13206896551724101 * x('51') -
 246  0.46586206896551702 * x('52') -
 247  2.3182758620689601 * x('53') -
 248  0.78896551724137898 * x('54') -
 249  0.42241379310344801 * x('55') +
 250  0.54310344827586199 * x('56') +
 251  0.30620689655172401 * x('57') +
 252  0.29241379310344801 * x('58') -
 253  0.181034482758621 * x('59') +
 254  15.2068965517241 * x('60') -
 255  2.2075862068965502 * x('61') -
 256  0.271724137931035 * x('62') -
 257  1.1551724137931001 * x('63') -
 258  0.0172413793103448 * x('64') -
 259  0.78448275862068995 * x('65') -
 260  0.19413793103448301 * x('66') +
 261  0.163793103448276 * x('67') -
 262  0.25068965517241498 * x('68') +
 263  0.64724137931034698 * x('69') -
 264  0.029999999999999999 * x('70') -
 265  0.14241379310345001 * x('71') -
 266  0.26724137931034497 * x('72') -
 267  1.9655172413793101 * x('73') +
 268  0.0065517241379310504 * x('74') +
 269  0.13620689655172499 * x('75') +
 270  0.045172413793103501 * x('76') +
 271  0.39206896551724402 * x('77') -
 272  1.48344827586207 * x('78') +
 273  1.6251724137931001 * x('79') =e= 0;
 274  con5.. x('25') -
 275  0.051724137931034503 * x('31') +
 276  0.055862068965517202 * x('32') +
 277  0.116551724137931 * x('33') -
 278  0.0172413793103448 * x('35') -
 279  0.179655172413794 * x('36') -
 280  0.064482758620689598 * x('37') +
 281  0.0086206896551724102 * x('39') +
 282  0.068965517241379296 * x('40') -
 283  0.0172413793103448 * x('41') -
 284  0.094827586206896505 * x('42') +
 285  0.20241379310344801 * x('43') +
 286  2.8448275862068999 * x('44') +
 287  0.029999999999999898 * x('45') +
 288  0.0131034482758622 * x('46') +
 289  0.056206896551724103 * x('47') -
 290  0.064482758620689695 * x('48') +
 291  2.3182758620689601 * x('49') -
 292  0.24137931034482801 * x('50') -
 293  0.0020689655172413798 * x('51') -
 294  0.025862068965517199 * x('52') -
 295  0.198275862068966 * x('53') -
 296  0.038965517241379297 * x('54') +
 297  0.077586206896551699 * x('55') -
 298  0.20689655172413801 * x('56') +
 299  0.0562068965517242 * x('57') -
 300  0.077586206896551699 * x('58') +
 301  0.068965517241379296 * x('59') +
 302  0.83689655172414001 * x('60') +
 303  1.42241379310345 * x('61') -
 304  0.141724137931034 * x('62') -
 305  0.78517241379310598 * x('63') -
 306  0.0172413793103448 * x('64') -
 307  0.15448275862069399 * x('65') +
 308  0.18586206896551999 * x('66') +
 309  0.78379310344828002 * x('67') +
 310  0.0093103448275869694 * x('68') +
 311  1.13724137931034 * x('69') +
 312  0.22 * x('70') -
 313  0.012413793103447 * x('71') -
 314  0.39724137931034598 * x('72') -
 315  0.77551724137931299 * x('73') +
 316  0.0065517241379310504 * x('74') -
 317  0.0537931034482758 * x('75') -
 318  0.014827586206896601 * x('76') -
 319  0.97793103448276097 * x('77') +
 320  0.27655172413793 * x('78') -
 321  0.49482758620689399 * x('79') =e= 0;
 322  con6.. x('24') -
 323  0.130000000000001 * x('30') -
 324  0.051724137931034503 * x('31') -
 325  0.064137931034480303 * x('32') -
 326  0.013448275862064599 * x('33') -
 327  2.13724137931034 * x('35') +
 328  0.080344827586207604 * x('36') +
 329  1.18551724137931 * x('37') +
 330  0.369999999999997 * x('38') -
 331  1.2413793103448301 * x('39') +
 332  0.318965517241379 * x('40') +
 333  0.232758620689655 * x('41') -
 334  0.41482758620689703 * x('42') -
 335  1.04758620689655 * x('43') +
 336  0.59482758620689702 * x('44') +
 337  0.78000000000000003 * x('45') -
 338  0.73689655172413804 * x('46') +
 339  0.056206896551724103 * x('47') -
 340  0.064482758620689695 * x('48') +
 341  0.69827586206896597 * x('49') -
 342  1.11137931034483 * x('50') +
 343  0.067931034482758501 * x('51') -
 344  0.085862068965517693 * x('52') -
 345  0.198275862068966 * x('53') -
 346  0.40896551724138003 * x('54') -
 347  0.42241379310344801 * x('55') +
 348  0.29310344827586199 * x('56') -
 349  0.31379310344827499 * x('57') +
 350  0.17241379310344801 * x('58') +
 351  0.568965517241379 * x('59') +
 352  2.7068965517241299 * x('60') +
 353  1.92241379310345 * x('61') +
 354  0.478275862068965 * x('62') +
 355  3.8448275862068999 * x('63') -
 356  0.26724137931034497 * x('64') -
 357  0.53448275862068995 * x('65') +
 358  0.17586206896551501 * x('66') +
 359  0.66379310344827602 * x('67') -
 360  0.31068965517241498 * x('68') -
 361  1.2327586206896599 * x('69') -
 362  0.53000000000000003 * x('70') +
 363  0.0475862068965517 * x('71') +
 364  0.112758620689656 * x('72') +
 365  3.7844827586206899 * x('73') -
 366  0.123448275862069 * x('74') -
 367  0.18379310344827701 * x('75') +
 368  0.045172413793103501 * x('76') +
 369  3.4620689655172399 * x('77') +
 370  0.016551724137931999 * x('78') +
 371  0.62517241379310395 * x('79') =e= 0;
 372  con7.. x('23') +
 373  0.130000000000001 * x('30') -
 374  0.051724137931034503 * x('31') -
 375  0.32413793103448502 * x('32') -
 376  1.3834482758620701 * x('33') +
 377  0.369999999999999 * x('34') -
 378  1.2672413793103401 * x('35') +
 379  0.070344827586206096 * x('36') -
 380  1.1944827586206901 * x('37') +
 381  0.630000000000003 * x('38') -
 382  1.2413793103448301 * x('39') -
 383  0.0610344827586232 * x('40') -
 384  0.51724137931034497 * x('41') -
 385  1.4048275862069 * x('42') -
 386  0.41758620689655201 * x('43') +
 387  2.3448275862068999 * x('44') +
 388  0.53000000000000003 * x('45') -
 389  0.35689655172413498 * x('46') +
 390  0.056206896551724103 * x('47') -
 391  0.69448275862068898 * x('48') +
 392  1.8282758620689601 * x('49') -
 393  1.7413793103448301 * x('50') -
 394  0.0020689655172413798 * x('51') -
 395  0.15586206896551699 * x('52') -
 396  0.44827586206896902 * x('53') -
 397  0.038965517241379297 * x('54') -
 398  0.92241379310344795 * x('55') -
 399  0.70689655172413801 * x('56') -
 400  0.19379310344827599 * x('57') -
 401  0.57758620689655205 * x('58') -
 402  0.051034482758619902 * x('59') -
 403  3.1731034482758602 * x('60') +
 404  0.67241379310344795 * x('61') -
 405  0.0217241379310345 * x('62') -
 406  1.6551724137931001 * x('63') -
 407  0.26724137931034497 * x('64') -
 408  0.66448275862068495 * x('65') +
 409  0.055862068965517299 * x('66') +
 410  0.66379310344827602 * x('67') -
 411  0.93068965517241298 * x('68') -
 412  1.7327586206896599 * x('69') -
 413  0.28000000000000003 * x('70') -
 414  0.70241379310344798 * x('71') -
 415  0.51724137931034497 * x('72') -
 416  0.905517241379308 * x('73') +
 417  0.0065517241379310504 * x('74') -
 418  0.0537931034482758 * x('75') -
 419  0.014827586206896601 * x('76') -
 420  2.41793103448276 * x('77') -
 421  0.85344827586206895 * x('78') -
 422  2.7548275862069 * x('79') =e= 0;
 423  con8.. x('22') +
 424  0.078275862068964502 * x('31') +
 425  0.68586206896552004 * x('32') -
 426  0.75344827586207397 * x('33') -
 427  0.369999999999999 * x('34') -
 428  1.39724137931035 * x('35') -
 429  0.049655172413793101 * x('36') -
 430  0.68448275862068697 * x('37') -
 431  2 * x('38') +
 432  0.0086206896551724102 * x('39') -
 433  0.55103448275861799 * x('40') -
 434  0.51724137931034497 * x('41') +
 435  0.34517241379310498 * x('42') +
 436  0.072413793103448407 * x('43') +
 437  0.094827586206896602 * x('44') -
 438  0.60000000000000298 * x('45') +
 439  0.13310344827585999 * x('46') +
 440  0.056206896551724103 * x('47') -
 441  0.064482758620689695 * x('48') -
 442  0.62172413793103498 * x('49') -
 443  2.62137931034483 * x('50') +
 444  0.0579310344827587 * x('51') -
 445  0.025862068965517199 * x('52') -
 446  0.078275862068964502 * x('53') -
 447  0.16896551724137801 * x('54') -
 448  0.17241379310344801 * x('55') -
 449  0.20689655172413801 * x('56') +
 450  0.0562068965517242 * x('57') +
 451  0.052413793103449097 * x('58') +
 452  0.068965517241379296 * x('59') -
 453  1.7931034482758601 * x('60') -
 454  0.57758620689655205 * x('61') -
 455  1.1517241379310399 * x('62') -
 456  0.77517241379310098 * x('63') +
 457  0.232758620689655 * x('64') +
 458  0.71551724137931005 * x('65') -
 459  0.064137931034480206 * x('66') -
 460  0.45620689655172902 * x('67') -
 461  0.25068965517241498 * x('68') +
 462  0.39724137931034698 * x('69') -
 463  0.28000000000000003 * x('70') +
 464  0.16758620689655099 * x('71') +
 465  1.2327586206896599 * x('72') -
 466  0.085517241379307801 * x('73') +
 467  0.13655172413793101 * x('74') +
 468  0.076206896551724898 * x('75') -
 469  0.014827586206896601 * x('76') +
 470  0.45206896551723902 * x('77') +
 471  0.02655172413793 * x('78') -
 472  1.3748275862068999 * x('79') =e= 0;
 473  con9.. x('21') +
 474  0.119999999999999 * x('30') +
 475  0.068275862068966506 * x('31') -
 476  0.19413793103448301 * x('32') +
 477  0.73655172413793502 * x('33') -
 478  0.25 * x('34') -
 479  0.63724137931034197 * x('35') +
 480  0.200344827586207 * x('36') -
 481  0.064482758620689598 * x('37') +
 482  0.25 * x('38') +
 483  0.0086206896551724102 * x('39') +
 484  0.188965517241377 * x('40') -
 485  0.0172413793103448 * x('41') +
 486  0.025172413793100899 * x('42') +
 487  0.14241379310344901 * x('43') -
 488  0.27517241379310098 * x('44') -
 489  0.22 * x('45') +
 490  0.0131034482758622 * x('46') +
 491  0.056206896551724103 * x('47') -
 492  0.064482758620689695 * x('48') -
 493  0.48172413793103402 * x('49') -
 494  0.99137931034482796 * x('50') -
 495  0.0020689655172413798 * x('51') +
 496  0.104137931034483 * x('52') +
 497  0.18172413793103701 * x('53') +
 498  0.21103448275862099 * x('54') +
 499  0.077586206896551699 * x('55') -
 500  0.45689655172413801 * x('56') +
 501  0.0562068965517242 * x('57') +
 502  0.42241379310344801 * x('58') +
 503  0.128965517241378 * x('59') +
 504  1.9568965517241399 * x('60') +
 505  0.42241379310344801 * x('61') +
 506  0.978275862068965 * x('62') +
 507  0.21482758620689399 * x('63') -
 508  0.137241379310344 * x('64') -
 509  0.034482758620689703 * x('65') +
 510  0.055862068965517299 * x('66') -
 511  1.08620689655172 * x('67') -
 512  0.37068965517241398 * x('68') +
 513  0.137241379310342 * x('69') +
 514  0.46999999999999997 * x('70') +
 515  0.54758620689655202 * x('71') +
 516  0.102758620689654 * x('72') +
 517  1.9644827586206901 * x('73') -
 518  0.123448275862069 * x('74') +
 519  0.066206896551723404 * x('75') -
 520  0.014827586206896601 * x('76') +
 521  1.33206896551724 * x('77') +
 522  0.26655172413793199 * x('78') +
 523  0.50517241379310596 * x('79') =e= 0;
 524  con10.. x('20') +
 525  0.130000000000001 * x('30') +
 526  0.32827586206896497 * x('31') -
 527  0.19413793103448301 * x('32') +
 528  0.49655172413792598 * x('33') -
 529  0.25 * x('34') -
 530  1.0172413793103401 * x('35') +
 531  0.010344827586207301 * x('36') -
 532  0.44448275862069198 * x('37') +
 533  0.5 * x('38') -
 534  0.74137931034482796 * x('39') +
 535  0.068965517241379296 * x('40') +
 536  0.73275862068965503 * x('41') -
 537  0.96482758620689402 * x('42') +
 538  0.26241379310344798 * x('43') +
 539  0.094827586206896602 * x('44') +
 540  0.53000000000000003 * x('45') -
 541  0.60689655172413504 * x('46') +
 542  0.056206896551724103 * x('47') -
 543  0.064482758620689695 * x('48') -
 544  0.93172413793103304 * x('49') +
 545  1.5086206896551699 * x('50') -
 546  0.0020689655172413798 * x('51') +
 547  0.22413793103448301 * x('52') -
 548  0.51827586206896603 * x('53') +
 549  0.21103448275862099 * x('54') +
 550  0.077586206896551699 * x('55') +
 551  1.0431034482758601 * x('56') +
 552  0.0562068965517242 * x('57') +
 553  0.042413793103447499 * x('58') -
 554  0.12103448275862 * x('59') -
 555  1.0431034482758601 * x('60') -
 556  0.69758620689654904 * x('61') -
 557  0.521724137931035 * x('62') +
 558  0.97482758620689902 * x('63') +
 559  0.232758620689655 * x('64') +
 560  1.0955172413793099 * x('65') -
 561  0.19413793103448301 * x('66') +
 562  0.41379310344827602 * x('67') -
 563  0.37068965517241398 * x('68') +
 564  0.51724137931034497 * x('69') -
 565  0.029999999999999999 * x('70') +
 566  0.0475862068965517 * x('71') -
 567  0.76724137931034497 * x('72') +
 568  0.60448275862069001 * x('73') -
 569  0.0534482758620686 * x('74') +
 570  0.016206896551724401 * x('75') +
 571  0.045172413793103501 * x('76') +
 572  0.212068965517244 * x('77') +
 573  0.14655172413793099 * x('78') +
 574  0.74517241379310095 * x('79') =e= 0;
 575  con11.. x('19') +
 576  0.198275862068966 * x('31') -
 577  0.074137931034485405 * x('32') -
 578  0.38344827586206898 * x('33') -
 579  0.380000000000001 * x('34') +
 580  0.48275862068965503 * x('35') +
 581  0.14034482758620601 * x('36') +
 582  0.43551724137931003 * x('37') +
 583  0.369999999999997 * x('38') -
 584  0.99137931034482796 * x('39') +
 585  0.318965517241379 * x('40') +
 586  0.48275862068965503 * x('41') +
 587  0.84517241379310104 * x('42') +
 588  0.082413793103448194 * x('43') +
 589  0.46482758620689402 * x('44') -
 590  0.089999999999997499 * x('45') +
 591  0.13310344827585999 * x('46') +
 592  0.056206896551724103 * x('47') -
 593  0.064482758620689695 * x('48') -
 594  0.42172413793103503 * x('49') +
 595  1.63862068965517 * x('50') -
 596  0.0020689655172413798 * x('51') -
 597  0.025862068965517199 * x('52') -
 598  0.0082758620689678004 * x('53') -
 599  0.038965517241379297 * x('54') +
 600  0.57758620689655205 * x('55') -
 601  0.20689655172413801 * x('56') -
 602  0.19379310344827599 * x('57') -
 603  0.57758620689655205 * x('58') -
 604  0.931034482758621 * x('59') -
 605  1.2931034482758601 * x('60') +
 606  0.29241379310344601 * x('61') +
 607  0.478275862068965 * x('62') -
 608  0.78517241379310598 * x('63') -
 609  0.0172413793103448 * x('64') +
 610  0.085517241379314907 * x('65') +
 611  0.55586206896551704 * x('66') +
 612  0.66379310344827602 * x('67') -
 613  0.49068965517241298 * x('68') -
 614  0.232758620689655 * x('69') -
 615  0.28000000000000003 * x('70') -
 616  0.20241379310344801 * x('71') -
 617  0.38724137931034402 * x('72') -
 618  0.71551724137931005 * x('73') +
 619  0.0065517241379310504 * x('74') +
 620  0.066206896551724306 * x('75') +
 621  0.115172413793103 * x('76') -
 622  0.91793103448275803 * x('77') +
 623  0.02655172413793 * x('78') +
 624  0.62517241379310395 * x('79') =e= 0;
 625  con12.. x('18') -
 626  0.380000000000001 * x('30') -
 627  0.051724137931034503 * x('31') -
 628  0.064137931034480303 * x('32') -
 629  1.01344827586206 * x('33') +
 630  0.130000000000001 * x('34') -
 631  1.64724137931035 * x('35') -
 632  0.239655172413793 * x('36') +
 633  0.31551724137931297 * x('37') +
 634  0.130000000000003 * x('38') +
 635  0.38862068965517499 * x('39') -
 636  0.181034482758621 * x('40') +
 637  0.48275862068965503 * x('41') -
 638  0.094827586206896505 * x('42') +
 639  0.072413793103448407 * x('43') -
 640  1.1551724137931001 * x('44') -
 641  0.100000000000003 * x('45') +
 642  1.0131034482758601 * x('46') -
 643  0.19379310344827599 * x('47') -
 644  0.064482758620689695 * x('48') -
 645  0.051724137931034503 * x('49') -
 646  0.24137931034482801 * x('50') -
 647  0.062068965517241399 * x('51') -
 648  0.15586206896551699 * x('52') +
 649  0.051724137931034503 * x('53') -
 650  0.53896551724137898 * x('54') -
 651  0.17241379310344801 * x('55') -
 652  0.45689655172413801 * x('56') +
 653  0.0562068965517242 * x('57') -
 654  0.19758620689655099 * x('58') +
 655  0.318965517241379 * x('59') -
 656  0.0431034482758621 * x('60') -
 657  0.077586206896551699 * x('61') -
 658  0.271724137931035 * x('62') +
 659  0.22482758620689899 * x('63') -
 660  0.0172413793103448 * x('64') -
 661  0.90448275862069405 * x('65') -
 662  0.44413793103448301 * x('66') +
 663  0.033793103448280397 * x('67') -
 664  0.50068965517241504 * x('68') -
 665  0.232758620689655 * x('69') +
 666  0.46999999999999997 * x('70') -
 667  0.20241379310344801 * x('71') -
 668  0.51724137931034497 * x('72') -
 669  0.71551724137931005 * x('73') -
 670  0.053448275862069398 * x('74') -
 671  0.0537931034482758 * x('75') -
 672  0.074827586206896599 * x('76') -
 673  0.48793103448275899 * x('77') -
 674  0.23344827586206801 * x('78') -
 675  1.1248275862068999 * x('79') =e= 0;
 676  con13.. x('17') -
 677  0.25 * x('30') -
 678  0.30172413793103398 * x('31') -
 679  0.82413793103448496 * x('32') -
 680  0.38344827586206898 * x('33') -
 681  0.130000000000001 * x('34') -
 682  1.5172413793103401 * x('35') -
 683  0.10965517241379399 * x('36') -
 684  0.44448275862069198 * x('37') -
 685  1.25 * x('38') -
 686  0.49137931034482801 * x('39') -
 687  0.181034482758621 * x('40') +
 688  0.61275862068965403 * x('41') -
 689  0.094827586206896505 * x('42') -
 690  0.0475862068965517 * x('43') -
 691  1.4051724137931001 * x('44') -
 692  0.089999999999997499 * x('45') -
 693  0.10689655172413499 * x('46') -
 694  0.19379310344827599 * x('47') -
 695  0.064482758620689695 * x('48') -
 696  0.30172413793103398 * x('49') +
 697  2.5086206896551699 * x('50') -
 698  0.0020689655172413798 * x('51') +
 699  0.22413793103448301 * x('52') -
 700  0.068275862068962995 * x('53') -
 701  0.53896551724137898 * x('54') +
 702  0.32758620689655199 * x('55') -
 703  0.95689655172413801 * x('56') +
 704  0.30620689655172401 * x('57') +
 705  0.54241379310344795 * x('58') +
 706  0.568965517241379 * x('59') -
 707  2.5431034482758599 * x('60') -
 708  1.82758620689655 * x('61') -
 709  0.391724137931034 * x('62') -
 710  1.1551724137931001 * x('63') -
 711  0.0172413793103448 * x('64') -
 712  0.28448275862069 * x('65') -
 713  0.19413793103448601 * x('66') -
 714  2.8362068965517202 * x('67') -
 715  0.180689655172414 * x('68') -
 716  0.60275862068965302 * x('69') +
 717  0.46999999999999997 * x('70') +
 718  0.85758620689655196 * x('71') -
 719  1.14724137931035 * x('72') -
 720  1.2155172413793101 * x('73') +
 721  0.0065517241379310504 * x('74') +
 722  0.076206896551724093 * x('75') -
 723  0.014827586206896601 * x('76') -
 724  1.84793103448276 * x('77') -
 725  0.47344827586207 * x('78') -
 726  1.6248275862068999 * x('79') =e= 0;
 727  con14.. x('16') -
 728  0.30172413793103398 * x('31') +
 729  0.55586206896551704 * x('32') +
 730  2.1165517241379299 * x('33') -
 731  2.2672413793103399 * x('35') -
 732  0.049655172413793101 * x('36') +
 733  0.93551724137931003 * x('37') -
 734  0.380000000000003 * x('38') -
 735  0.12137931034483 * x('39') -
 736  0.30103448275861799 * x('40') +
 737  0.35275862068965602 * x('41') +
 738  0.46517241379310598 * x('42') -
 739  0.16758620689655199 * x('43') -
 740  3.1551724137931001 * x('44') -
 741  0.22 * x('45') -
 742  0.11689655172414 * x('46') +
 743  0.176206896551724 * x('47') -
 744  0.064482758620689695 * x('48') -
 745  0.43172413793103298 * x('49') +
 746  0.12862068965517001 * x('50') +
 747  0.0579310344827587 * x('51') -
 748  0.21586206896551799 * x('52') -
 749  0.078275862068968097 * x('53') -
 750  0.53896551724137898 * x('54') -
 751  0.55241379310344696 * x('55') +
 752  1.5431034482758601 * x('56') +
 753  0.0562068965517242 * x('57') -
 754  0.19758620689655099 * x('58') +
 755  0.068965517241379296 * x('59') -
 756  0.79310344827586199 * x('60') +
 757  1.8024137931034501 * x('61') +
 758  0.098275862068964701 * x('62') -
 759  0.65517241379310298 * x('63') -
 760  0.26724137931034497 * x('64') -
 761  1.6644827586206901 * x('65') -
 762  0.074137931034481699 * x('66') +
 763  3.5437931034482699 * x('67') -
 764  1.0606896551724101 * x('68') +
 765  0.0172413793103448 * x('69') +
 766  0.099999999999999006 * x('70') +
 767  0.48758620689655102 * x('71') +
 768  0.232758620689655 * x('72') +
 769  1.1544827586206901 * x('73') +
 770  0.186551724137931 * x('74') -
 771  0.0537931034482758 * x('75') -
 772  0.084827586206896399 * x('76') +
 773  1.9520689655172401 * x('77') +
 774  0.51655172413793204 * x('78') +
 775  0.0051724137931060997 * x('79') =e= 0;
 776  con15.. x('15') -
 777  0.25 * x('30') -
 778  0.68172413793103304 * x('31') -
 779  0.44413793103448301 * x('32') +
 780  0.74655172413792603 * x('33') +
 781  0.130000000000001 * x('34') -
 782  2.88724137931034 * x('35') -
 783  0.049655172413793101 * x('36') -
 784  0.43448275862068703 * x('37') -
 785  0.49137931034482801 * x('39') -
 786  0.0610344827586232 * x('40') -
 787  0.26724137931034497 * x('41') +
 788  0.34517241379310099 * x('42') -
 789  0.0475862068965517 * x('43') -
 790  1.4051724137931001 * x('44') -
 791  0.100000000000003 * x('45') -
 792  1.2368965517241399 * x('46') -
 793  0.69379310344827605 * x('47') -
 794  0.064482758620689695 * x('48') -
 795  0.051724137931034503 * x('49') -
 796  2.86137931034482 * x('50') -
 797  0.0020689655172413798 * x('51') +
 798  0.044137931034482998 * x('52') -
 799  0.69827586206896597 * x('53') +
 800  0.84103448275862003 * x('54') +
 801  0.207586206896551 * x('55') -
 802  2.4568965517241401 * x('56') +
 803  0.0562068965517242 * x('57') -
 804  0.82758620689655205 * x('58') +
 805  0.068965517241379296 * x('59') -
 806  7.5431034482758603 * x('60') -
 807  4.0775862068965498 * x('61') -
 808  0.271724137931035 * x('62') -
 809  2.5351724137931102 * x('63') -
 810  0.0172413793103448 * x('64') -
 811  0.15448275862069399 * x('65') +
 812  0.055862068965517299 * x('66') +
 813  1.66379310344828 * x('67') -
 814  1.24068965517241 * x('68') +
 815  0.26724137931034497 * x('69') -
 816  0.34999999999999998 * x('70') -
 817  0.45241379310344798 * x('71') -
 818  1.5172413793103401 * x('72') -
 819  4.3355172413793097 * x('73') -
 820  0.17344827586206901 * x('74') -
 821  0.123793103448276 * x('75') -
 822  0.074827586206896599 * x('76') -
 823  4.66793103448276 * x('77') -
 824  0.47344827586207 * x('78') -
 825  2.3748275862069002 * x('79') =e= 0;
 826  con16.. x('14') +
 827  0.380000000000001 * x('30') +
 828  0.198275862068966 * x('31') -
 829  0.064137931034480303 * x('32') -
 830  0.133448275862069 * x('33') +
 831  0.369999999999999 * x('34') +
 832  2.35275862068965 * x('35') +
 833  0.080344827586207604 * x('36') -
 834  0.064482758620689598 * x('37') +
 835  1.2586206896551699 * x('39') +
 836  0.318965517241379 * x('40') -
 837  0.76724137931034497 * x('41') +
 838  0.90517241379310298 * x('42') +
 839  0.51241379310344903 * x('43') +
 840  2.0948275862068999 * x('44') +
 841  0.78000000000000003 * x('45') +
 842  0.89310344827586496 * x('46') +
 843  0.056206896551724103 * x('47') -
 844  0.064482758620689695 * x('48') -
 845  0.171724137931035 * x('49') +
 846  0.50862068965517204 * x('50') -
 847  0.0020689655172413798 * x('51') +
 848  0.34413793103448298 * x('52') +
 849  2.8017241379310298 * x('53') +
 850  0.71103448275862102 * x('54') +
 851  0.19758620689655301 * x('55') +
 852  1.5431034482758601 * x('56') -
 853  0.073793103448276595 * x('57') +
 854  1.0424137931034501 * x('58') +
 855  0.068965517241379296 * x('59') +
 856  3.9568965517241401 * x('60') +
 857  1.2924137931034501 * x('61') +
 858  0.728275862068965 * x('62') +
 859  1.8448275862068999 * x('63') +
 860  0.35275862068965402 * x('64') +
 861  0.71551724137931005 * x('65') -
 862  0.064137931034483703 * x('66') +
 863  0.28379310344828002 * x('67') +
 864  0.62931034482758597 * x('68') +
 865  0.88724137931034197 * x('69') -
 866  0.33999999999999903 * x('70') +
 867  0.42758620689655302 * x('71') -
 868  0.38724137931034402 * x('72') -
 869  2.2155172413793101 * x('73') -
 870  0.063448275862069206 * x('74') -
 871  0.0537931034482758 * x('75') -
 872  0.134827586206897 * x('76') +
 873  2.83206896551724 * x('77') +
 874  1.01655172413793 * x('78') +
 875  3.8751724137930998 * x('79') =e= 0;
 876  con17.. x('13') -
 877  0.55172413793103403 * x('31') +
 878  0.055862068965517202 * x('32') -
 879  0.88344827586206898 * x('33') +
 880  0.380000000000001 * x('34') -
 881  1.0172413793103401 * x('35') +
 882  0.070344827586206096 * x('36') -
 883  0.69448275862069198 * x('37') -
 884  0.5 * x('38') -
 885  0.111379310344825 * x('39') +
 886  0.068965517241379296 * x('40') -
 887  1.0172413793103401 * x('41') -
 888  0.41482758620689703 * x('42') +
 889  0.14241379310344801 * x('43') +
 890  0.59482758620689702 * x('44') -
 891  0.22 * x('45') -
 892  0.48689655172413798 * x('46') -
 893  0.31379310344827599 * x('47') -
 894  0.064482758620689695 * x('48') +
 895  0.81827586206896696 * x('49') -
 896  0.24137931034482801 * x('50') -
 897  0.0020689655172413798 * x('51') -
 898  0.27586206896551702 * x('52') +
 899  2.8017241379310298 * x('53') +
 900  0.081034482758621698 * x('54') -
 901  0.042413793103449303 * x('55') -
 902  0.45689655172413801 * x('56') -
 903  0.56379310344827505 * x('57') +
 904  0.30241379310344901 * x('58') +
 905  0.318965517241379 * x('59') +
 906  2.8368965517241298 * x('60') +
 907  0.42241379310344801 * x('61') -
 908  0.271724137931035 * x('62') +
 909  1.9748275862069 * x('63') -
 910  0.0172413793103448 * x('64') -
 911  1.9144827586206901 * x('65') +
 912  0.055862068965517299 * x('66') +
 913  1.16379310344828 * x('67') -
 914  0.12068965517241401 * x('68') -
 915  0.102758620689653 * x('69') -
 916  0.029999999999999999 * x('70') -
 917  0.20241379310344801 * x('71') +
 918  0.102758620689654 * x('72') -
 919  0.21551724137931 * x('73') +
 920  0.13655172413793201 * x('74') +
 921  0.076206896551724898 * x('75') +
 922  0.10517241379310401 * x('76') +
 923  0.58206896551724197 * x('77') +
 924  0.27655172413793 * x('78') -
 925  0.0048275862068990196 * x('79') =e= 0;
 926  con18.. x('12') +
 927  0.0599999999999987 * x('30') -
 928  0.30172413793103398 * x('31') -
 929  0.32413793103448502 * x('32') +
 930  0.73655172413793502 * x('33') -
 931  0.137241379310342 * x('35') +
 932  0.080344827586207604 * x('36') -
 933  0.31448275862068997 * x('37') -
 934  0.25 * x('38') -
 935  0.24137931034482801 * x('39') -
 936  0.30103448275861799 * x('40') -
 937  0.51724137931034497 * x('41') -
 938  0.094827586206896505 * x('42') +
 939  0.072413793103448407 * x('43') +
 940  2.8448275862068999 * x('44') -
 941  0.089999999999997499 * x('45') +
 942  0.13310344827585999 * x('46') -
 943  0.19379310344827599 * x('47') -
 944  0.064482758620689695 * x('48') +
 945  1.3882758620689699 * x('49') -
 946  0.24137931034482801 * x('50') -
 947  0.0020689655172413798 * x('51') +
 948  0.22413793103448301 * x('52') -
 949  0.068275862068962995 * x('53') +
 950  1.7110344827586199 * x('54') +
 951  0.19758620689655301 * x('55') +
 952  3.0431034482758599 * x('56') +
 953  0.55620689655172395 * x('57') -
 954  0.20758620689655199 * x('58') -
 955  0.181034482758621 * x('59') +
 956  4.8268965517241398 * x('60') +
 957  2.1724137931034502 * x('61') -
 958  0.271724137931035 * x('62') +
 959  2.4648275862068898 * x('63') -
 960  0.0172413793103448 * x('64') -
 961  2.0344827586206899 * x('65') -
 962  0.074137931034481699 * x('66') -
 963  0.70620689655172897 * x('67') -
 964  0.31068965517241498 * x('68') +
 965  1.13724137931034 * x('69') -
 966  0.53000000000000003 * x('70') +
 967  0.10758620689655 * x('71') +
 968  1.7327586206896599 * x('72') +
 969  2.1544827586206901 * x('73') +
 970  0.066551724137930701 * x('74') +
 971  0.066206896551723404 * x('75') -
 972  0.014827586206896601 * x('76') +
 973  2.08206896551724 * x('77') -
 974  0.60344827586206895 * x('78') +
 975  1.6251724137931001 * x('79') =e= 0;
 976  con19.. x('11') +
 977  0.31 * x('30') +
 978  0.078275862068964502 * x('31') -
 979  0.19413793103448301 * x('32') +
 980  0.116551724137931 * x('33') -
 981  0.5 * x('34') +
 982  3.35275862068965 * x('35') -
 983  0.049655172413793101 * x('36') -
 984  2.0644827586206902 * x('37') -
 985  0.24137931034482801 * x('39') -
 986  0.0610344827586232 * x('40') -
 987  0.26724137931034497 * x('41') -
 988  0.21482758620689399 * x('42') -
 989  0.29758620689655202 * x('43') +
 990  1.0948275862068999 * x('44') +
 991  0.28000000000000003 * x('45') -
 992  0.35689655172413498 * x('46') +
 993  0.056206896551724103 * x('47') -
 994  0.064482758620689695 * x('48') -
 995  0.241724137931036 * x('49') -
 996  0.49137931034482801 * x('50') +
 997  0.0579310344827587 * x('51') +
 998  0.104137931034483 * x('52') -
 999  0.57827586206896797 * x('53') -
1000  1.2889655172413801 * x('54') +
1001  0.457586206896551 * x('55') -
1002  0.45689655172413801 * x('56') -
1003  0.073793103448276595 * x('57') -
1004  0.19758620689655099 * x('58') +
1005  0.318965517241379 * x('59') -
1006  1.5431034482758601 * x('60') +
1007  0.30241379310345101 * x('61') -
1008  0.521724137931035 * x('62') +
1009  0.34482758620689702 * x('63') -
1010  0.137241379310344 * x('64') +
1011  2.0955172413793099 * x('65') +
1012  0.18586206896551599 * x('66') -
1013  2.3362068965517202 * x('67') -
1014  0.68068965517241298 * x('68') -
1015  1.7327586206896599 * x('69') -
1016  0.53000000000000003 * x('70') -
1017  0.012413793103447 * x('71') -
1018  0.137241379310346 * x('72') +
1019  0.53448275862068995 * x('73') +
1020  0.0065517241379310504 * x('74') -
1021  0.0537931034482758 * x('75') -
1022  0.20482758620689701 * x('76') -
1023  1.16793103448276 * x('77') +
1024  0.39655172413793099 * x('78') +
1025  0.25517241379310601 * x('79') =e= 0;
1026  con20.. x('10') +
1027  0.130000000000001 * x('30') +
1028  0.068275862068966506 * x('31') +
1029  0.18586206896551999 * x('32') -
1030  1.1334482758620701 * x('33') +
1031  0.119999999999999 * x('34') +
1032  2.7327586206896601 * x('35') -
1033  0.049655172413793101 * x('36') +
1034  0.18551724137931 * x('37') +
1035  0.130000000000003 * x('38') +
1036  1.0086206896551699 * x('39') -
1037  0.051034482758618098 * x('40') -
1038  0.0172413793103448 * x('41') -
1039  0.22482758620689899 * x('42') +
1040  0.45241379310344798 * x('43') +
1041  0.34482758620689702 * x('44') -
1042  1.22 * x('45') -
1043  0.36689655172413999 * x('46') +
1044  0.176206896551724 * x('47') +
1045  0.18551724137931 * x('48') +
1046  0.198275862068966 * x('49') +
1047  0.37862068965516998 * x('50') +
1048  0.0579310344827587 * x('51') -
1049  0.27586206896551702 * x('52') +
1050  0.43172413793103698 * x('53') +
1051  0.34103448275861997 * x('54') +
1052  0.57758620689655205 * x('55') +
1053  0.54310344827586199 * x('56') -
1054  0.44379310344827599 * x('57') +
1055  1.0424137931034501 * x('58') -
1056  0.051034482758619902 * x('59') -
1057  0.54310344827586199 * x('60') -
1058  0.20758620689655399 * x('61') +
1059  0.978275862068965 * x('62') +
1060  1.4748275862069 * x('63') -
1061  0.0172413793103448 * x('64') +
1062  0.96551724137931005 * x('65') -
1063  0.44413793103448301 * x('66') +
1064  0.41379310344827602 * x('67') -
1065  1.00068965517241 * x('68') +
1066  1.64724137931035 * x('69') +
1067  0.46999999999999997 * x('70') -
1068  0.082413793103448998 * x('71') -
1069  0.207241379310343 * x('72') +
1070  4.4144827586206903 * x('73') -
1071  0.0534482758620686 * x('74') -
1072  0.0537931034482758 * x('75') +
1073  0.055172413793103302 * x('76') +
1074  2.4620689655172399 * x('77') +
1075  0.64655172413793105 * x('78') +
1076  0.24517241379310101 * x('79') =e= 0;
1077  con21.. x('9') -
1078  0.130000000000001 * x('30') -
1079  0.55172413793103403 * x('31') -
1080  0.19413793103448301 * x('32') -
1081  0.25344827586207402 * x('33') -
1082  0.25 * x('34') +
1083  2.9827586206896601 * x('35') +
1084  0.32034482758620603 * x('36') +
1085  0.68551724137931003 * x('37') -
1086  0.630000000000003 * x('38') +
1087  0.12862068965517001 * x('39') -
1088  0.0610344827586232 * x('40') +
1089  0.232758620689655 * x('41') -
1090  0.46482758620689402 * x('42') -
1091  0.16758620689655199 * x('43') -
1092  0.40517241379310298 * x('44') +
1093  0.029999999999999898 * x('45') -
1094  0.10689655172413499 * x('46') +
1095  0.18620689655172401 * x('47') +
1096  0.68551724137931003 * x('48') -
1097  0.051724137931034503 * x('49') +
1098  0.75862068965517204 * x('50') +
1099  0.127931034482758 * x('51') +
1100  0.34413793103448298 * x('52') +
1101  0.55172413793103403 * x('53') -
1102  0.28896551724137898 * x('54') +
1103  0.19758620689655301 * x('55') -
1104  1.2068965517241399 * x('56') +
1105  0.0562068965517242 * x('57') +
1106  0.36241379310344801 * x('58') -
1107  0.0610344827586215 * x('59') -
1108  1.0431034482758601 * x('60') -
1109  0.44758620689654899 * x('61') +
1110  0.358275862068966 * x('62') -
1111  0.65517241379310298 * x('63') +
1112  0.232758620689655 * x('64') -
1113  0.28448275862069 * x('65') +
1114  0.055862068965517299 * x('66') -
1115  0.71620689655171998 * x('67') +
1116  0.56931034482758602 * x('68') -
1117  1.11275862068966 * x('69') -
1118  0.029999999999999999 * x('70') +
1119  0.54758620689655202 * x('71') -
1120  1.0772413793103499 * x('72') -
1121  0.345517241379313 * x('73') +
1122  0.0065517241379310504 * x('74') -
1123  0.0537931034482758 * x('75') +
1124  0.045172413793103501 * x('76') -
1125  2.16793103448276 * x('77') +
1126  0.39655172413793099 * x('78') +
1127  0.50517241379310596 * x('79') =e= 0;
1128  con22.. x('8') -
1129  0.119999999999999 * x('30') -
1130  0.55172413793103403 * x('31') +
1131  0.17586206896551501 * x('32') +
1132  0.61655172413793102 * x('33') +
1133  5.3627586206896503 * x('35') -
1134  0.16965517241379199 * x('36') +
1135  0.18551724137931 * x('37') -
1136  0.111379310344825 * x('39') -
1137  0.051034482758618098 * x('40') -
1138  0.38724137931034602 * x('41') -
1139  0.22482758620689899 * x('42') -
1140  0.42758620689655202 * x('43') +
1141  1.0948275862068999 * x('44') -
1142  0.100000000000003 * x('45') +
1143  0.0131034482758622 * x('46') +
1144  0.056206896551724103 * x('47') -
1145  0.064482758620689695 * x('48') +
1146  0.198275862068966 * x('49') +
1147  0.63862068965517504 * x('50') +
1148  0.0579310344827587 * x('51') -
1149  0.025862068965517199 * x('52') -
1150  1.01827586206897 * x('53') +
1151  0.21103448275862099 * x('54') -
1152  0.17241379310344801 * x('55') -
1153  1.07689655172414 * x('56') +
1154  0.0562068965517242 * x('57') -
1155  0.077586206896551699 * x('58') +
1156  0.318965517241379 * x('59') -
1157  4.5431034482758603 * x('60') +
1158  0.29241379310344601 * x('61') +
1159  0.098275862068964701 * x('62') -
1160  1.1551724137931001 * x('63') -
1161  0.0172413793103448 * x('64') -
1162  0.034482758620689703 * x('65') -
1163  0.074137931034481699 * x('66') +
1164  0.54379310344827103 * x('67') -
1165  0.060689655172413301 * x('68') -
1166  0.35275862068965302 * x('69') -
1167  0.28000000000000003 * x('70') -
1168  0.57241379310344698 * x('71') -
1169  2.1472413793103402 * x('72') -
1170  0.96551724137931005 * x('73') +
1171  0.066551724137930701 * x('74') -
1172  0.48379310344827597 * x('75') -
1173  0.074827586206896599 * x('76') -
1174  1.91793103448276 * x('77') -
1175  0.23344827586206801 * x('78') +
1176  0.12517241379310401 * x('79') =e= 0;
1177  con23.. x('7') +
1178  0.119999999999999 * x('30') +
1179  0.44827586206896602 * x('31') +
1180  0.80586206896551704 * x('32') +
1181  0.61655172413793102 * x('33') -
1182  0.14724137931034001 * x('35') +
1183  0.32034482758620603 * x('36') +
1184  0.68551724137931003 * x('37') +
1185  1.6299999999999999 * x('38') +
1186  0.62862068965517004 * x('39') -
1187  0.181034482758621 * x('40') +
1188  0.10275862068965599 * x('41') -
1189  0.52482758620689596 * x('42') -
1190  0.0475862068965517 * x('43') +
1191  0.34482758620689702 * x('44') +
1192  0.28000000000000003 * x('45') +
1193  0.0131034482758622 * x('46') +
1194  0.176206896551724 * x('47') -
1195  0.064482758620689695 * x('48') +
1196  0.078275862068964502 * x('49') +
1197  1.12862068965517 * x('50') -
1198  0.062068965517241399 * x('51') +
1199  0.22413793103448301 * x('52') -
1200  0.0082758620689678004 * x('53') -
1201  0.038965517241379297 * x('54') +
1202  0.57758620689655205 * x('55') +
1203  0.79310344827586199 * x('56') +
1204  0.0562068965517242 * x('57') -
1205  0.26758620689655099 * x('58') +
1206  0.44896551724138001 * x('59') +
1207  0.95689655172413801 * x('60') -
1208  0.19758620689654899 * x('61') +
1209  0.108275862068966 * x('62') -
1210  0.78517241379310598 * x('63') +
1211  0.102758620689654 * x('64') +
1212  0.085517241379314907 * x('65') +
1213  0.43586206896551599 * x('66') +
1214  0.78379310344828002 * x('67') -
1215  0.180689655172414 * x('68') +
1216  1.0172413793103401 * x('69') +
1217  0.71999999999999997 * x('70') +
1218  0.41758620689655102 * x('71') +
1219  0.112758620689656 * x('72') +
1220  1.2844827586206899 * x('73') +
1221  0.0065517241379310504 * x('74') +
1222  0.31620689655172401 * x('75') +
1223  0.235172413793103 * x('76') +
1224  0.58206896551724197 * x('77') +
1225  0.14655172413793099 * x('78') +
1226  3.1251724137930998 * x('79') =e= 0;
1227  con24.. x('6') +
1228  0.130000000000001 * x('30') -
1229  0.171724137931035 * x('31') -
1230  0.94413793103448296 * x('32') -
1231  1.3834482758620701 * x('33') +
1232  1.2327586206896599 * x('35') -
1233  0.049655172413793101 * x('36') -
1234  0.064482758620689598 * x('37') +
1235  0.13862068965517499 * x('39') +
1236  0.188965517241377 * x('40') -
1237  0.26724137931034497 * x('41') -
1238  0.094827586206896505 * x('42') +
1239  0.45241379310344798 * x('43') -
1240  0.90517241379310298 * x('44') +
1241  0.53000000000000003 * x('45') +
1242  0.0131034482758622 * x('46') +
1243  0.18620689655172401 * x('47') -
1244  0.184482758620691 * x('48') -
1245  0.121724137931035 * x('49') -
1246  0.24137931034482801 * x('50') -
1247  0.0020689655172413798 * x('51') +
1248  0.034137931034482399 * x('52') +
1249  0.55172413793103403 * x('53') +
1250  0.081034482758621698 * x('54') -
1251  0.17241379310344801 * x('55') -
1252  2.83689655172414 * x('56') +
1253  0.30620689655172401 * x('57') +
1254  0.55241379310344896 * x('58') -
1255  0.311034482758621 * x('59') +
1256  0.58689655172413302 * x('60') +
1257  1.7924137931034501 * x('61') -
1258  0.0217241379310345 * x('62') +
1259  1.5948275862068999 * x('63') -
1260  0.137241379310344 * x('64') -
1261  0.53448275862068995 * x('65') -
1262  0.32413793103448202 * x('66') -
1263  0.206206896551729 * x('67') -
1264  0.43068965517241298 * x('68') +
1265  1.0172413793103401 * x('69') +
1266  0.099999999999999006 * x('70') +
1267  0.0475862068965517 * x('71') +
1268  1.60275862068965 * x('72') +
1269  1.5344827586206899 * x('73') -
1270  0.0534482758620686 * x('74') +
1271  0.50620689655172402 * x('75') -
1272  0.20482758620689701 * x('76') +
1273  0.70206896551723896 * x('77') +
1274  0.02655172413793 * x('78') -
1275  0.0048275862068990196 * x('79') =e= 0;
1276  con25.. x('5') -
1277  0.43172413793103298 * x('31') +
1278  0.30586206896551699 * x('32') -
1279  0.26344827586206498 * x('33') -
1280  0.88724137931034897 * x('35') -
1281  0.049655172413793101 * x('36') -
1282  1.06448275862069 * x('37') +
1283  0.369999999999997 * x('38') -
1284  0.87137931034482996 * x('39') +
1285  0.068965517241379296 * x('40') +
1286  0.73275862068965503 * x('41') +
1287  0.40517241379310298 * x('42') -
1288  0.29758620689655202 * x('43') +
1289  0.59482758620689702 * x('44') -
1290  1.3400000000000001 * x('45') +
1291  0.0131034482758622 * x('46') +
1292  0.056206896551724103 * x('47') +
1293  0.68551724137931003 * x('48') -
1294  1.1117241379310301 * x('49') -
1295  0.86137931034482496 * x('50') -
1296  0.0020689655172413798 * x('51') +
1297  0.22413793103448301 * x('52') -
1298  0.198275862068966 * x('53') +
1299  0.34103448275861997 * x('54') -
1300  0.42241379310344801 * x('55') -
1301  0.45689655172413801 * x('56') +
1302  0.18620689655172501 * x('57') -
1303  1.57758620689655 * x('58') +
1304  0.69896551724138001 * x('59') -
1305  3.4231034482758602 * x('60') +
1306  0.92241379310344795 * x('61') -
1307  0.0217241379310345 * x('62') +
1308  0.22482758620689899 * x('63') +
1309  0.102758620689654 * x('64') +
1310  0.34551724137930601 * x('65') -
1311  0.31413793103448401 * x('66') -
1312  0.96620689655171998 * x('67') +
1313  6.49931034482759 * x('68') -
1314  1.2327586206896599 * x('69') +
1315  0.090000000000000996 * x('70') +
1316  0.67758620689655302 * x('71') +
1317  0.98275862068965503 * x('72') +
1318  1.5344827586206899 * x('73') -
1319  0.053448275862069398 * x('74') +
1320  0.016206896551724401 * x('75') -
1321  0.014827586206896601 * x('76') +
1322  0.58206896551724197 * x('77') +
1323  0.14655172413793099 * x('78') -
1324  2.6248275862069002 * x('79') =e= 0;
1325  con26.. x('4') -
1326  0.130000000000001 * x('30') +
1327  0.198275862068966 * x('31') -
1328  1.19413793103448 * x('32') -
1329  0.75344827586207397 * x('33') -
1330  0.119999999999999 * x('34') -
1331  1.0172413793103401 * x('35') -
1332  0.10965517241379399 * x('36') -
1333  0.064482758620689598 * x('37') -
1334  1.8700000000000001 * x('38') -
1335  0.111379310344825 * x('39') -
1336  0.051034482758618098 * x('40') -
1337  0.26724137931034497 * x('41') -
1338  1.2248275862069 * x('42') -
1339  0.29758620689655202 * x('43') -
1340  0.15517241379310301 * x('44') +
1341  0.029999999999999898 * x('45') +
1342  0.0131034482758622 * x('46') +
1343  0.176206896551724 * x('47') -
1344  1.06448275862069 * x('48') -
1345  0.49172413793103598 * x('49') -
1346  0.49137931034482801 * x('50') -
1347  0.19206896551724101 * x('51') -
1348  0.025862068965517199 * x('52') -
1349  2.0682758620689601 * x('53') +
1350  0.21103448275862099 * x('54') -
1351  0.54241379310344895 * x('55') +
1352  0.0431034482758621 * x('56') +
1353  0.0562068965517242 * x('57') -
1354  0.20758620689655199 * x('58') -
1355  0.181034482758621 * x('59') -
1356  3.7931034482758599 * x('60') -
1357  1.1975862068965499 * x('61') -
1358  0.0217241379310345 * x('62') -
1359  0.22517241379310399 * x('63') -
1360  0.137241379310344 * x('64') -
1361  0.16448275862068501 * x('65') +
1362  0.17586206896551801 * x('66') -
1363  2.3362068965517202 * x('67') +
1364  0.12931034482758599 * x('68') -
1365  0.86275862068965803 * x('69') +
1366  0.22 * x('70') +
1367  0.16758620689655099 * x('71') +
1368  0.36275862068965398 * x('72') -
1369  1.40551724137931 * x('73') +
1370  0.066551724137931506 * x('74') +
1371  0.066206896551724306 * x('75') +
1372  0.045172413793103501 * x('76') -
1373  0.91793103448275803 * x('77') -
1374  0.98344827586206796 * x('78') -
1375  2.3748275862069002 * x('79') =e= 0;
1376  con27.. x('3') +
1377  0.078275862068964502 * x('31') -
1378  1.0641379310344801 * x('32') -
1379  1.3834482758620701 * x('33') +
1380  0.25 * x('34') -
1381  1.39724137931034 * x('35') +
1382  0.140344827586208 * x('36') -
1383  0.93448275862068697 * x('37') -
1384  0.880000000000003 * x('38') -
1385  0.37137931034483002 * x('39') +
1386  0.318965517241379 * x('40') -
1387  0.0172413793103448 * x('41') +
1388  1.0351724137931 * x('42') -
1389  0.0475862068965517 * x('43') +
1390  0.094827586206896602 * x('44') -
1391  0.46999999999999997 * x('45') +
1392  0.0131034482758622 * x('46') +
1393  0.056206896551724103 * x('47') -
1394  0.69448275862068898 * x('48') -
1395  0.231724137931034 * x('49') +
1396  0.87862068965517004 * x('50') +
1397  0.0579310344827587 * x('51') -
1398  0.33586206896551701 * x('52') +
1399  0.30172413793103398 * x('53') -
1400  0.78896551724137898 * x('54') +
1401  0.32758620689655199 * x('55') -
1402  0.45689655172413801 * x('56') -
1403  0.073793103448276595 * x('57') +
1404  0.92241379310344795 * x('58') +
1405  0.318965517241379 * x('59') -
1406  0.41310344827586698 * x('60') +
1407  2.0424137931034498 * x('61') -
1408  0.211724137931036 * x('62') +
1409  0.164827586206897 * x('63') -
1410  0.147241379310346 * x('64') +
1411  0.34551724137930601 * x('65') +
1412  0.30586206896551699 * x('66') -
1413  0.33620689655172398 * x('67') +
1414  0.68931034482758502 * x('68') -
1415  0.35275862068965302 * x('69') +
1416  0.22 * x('70') +
1417  0.17758620689655299 * x('71') +
1418  2.3527586206896598 * x('72') +
1419  0.97448275862068701 * x('73') +
1420  0.0065517241379310504 * x('74') -
1421  0.0537931034482758 * x('75') +
1422  0.045172413793103501 * x('76') +
1423  1.2120689655172401 * x('77') +
1424  0.89655172413793105 * x('78') +
1425  0.75517241379310596 * x('79') =e= 0;
1426  con28.. x('2') -
1427  0.25 * x('30') -
1428  0.051724137931034503 * x('31') +
1429  0.17586206896551501 * x('32') +
1430  0.61655172413793102 * x('33') -
1431  0.380000000000001 * x('34') -
1432  1.7672413793103401 * x('35') -
1433  0.29965517241379303 * x('36') +
1434  0.30551724137930802 * x('37') +
1435  0.630000000000003 * x('38') +
1436  0.38862068965517499 * x('39') -
1437  0.181034482758621 * x('40') -
1438  0.0172413793103448 * x('41') +
1439  1.4651724137931099 * x('42') +
1440  0.45241379310344798 * x('43') -
1441  1.4051724137931001 * x('44') -
1442  0.71999999999999997 * x('45') +
1443  0.88310344827585996 * x('46') +
1444  0.43620689655172401 * x('47') -
1445  0.184482758620691 * x('48') +
1446  0.94827586206896597 * x('49') -
1447  0.36137931034482501 * x('50') +
1448  0.067931034482758501 * x('51') -
1449  0.14586206896551701 * x('52') +
1450  0.92172413793103203 * x('53') +
1451  0.33103448275862202 * x('54') +
1452  0.077586206896551699 * x('55') +
1453  0.54310344827586199 * x('56') -
1454  0.063793103448275004 * x('57') -
1455  0.82758620689655205 * x('58') -
1456  0.181034482758621 * x('59') -
1457  0.29310344827586199 * x('60') -
1458  4.3275862068965498 * x('61') +
1459  0.28827586206896599 * x('62') -
1460  2.0351724137931102 * x('63') -
1461  0.0172413793103448 * x('64') -
1462  1.6644827586206901 * x('65') -
1463  0.31413793103448401 * x('66') -
1464  0.45620689655172902 * x('67') +
1465  0.069310344827587494 * x('68') -
1466  0.48275862068965503 * x('69') -
1467  0.28000000000000003 * x('70') -
1468  0.082413793103448998 * x('71') +
1469  0.232758620689655 * x('72') -
1470  0.405517241379308 * x('73') +
1471  0.12655172413793001 * x('74') -
1472  0.0537931034482758 * x('75') +
1473  0.175172413793103 * x('76') -
1474  0.91793103448275803 * x('77') +
1475  0.52655172413793006 * x('78') -
1476  1.1248275862068999 * x('79') =e= 0;
1477  con29.. x('1') -
1478  0.43172413793103298 * x('31') +
1479  0.68586206896552004 * x('32') -
1480  0.51344827586206498 * x('33') -
1481  2.0172413793103399 * x('35') -
1482  0.049655172413793101 * x('36') -
1483  0.56448275862068997 * x('37') -
1484  0.75 * x('38') +
1485  0.12862068965517001 * x('39') +
1486  0.068965517241379296 * x('40') -
1487  0.0172413793103448 * x('41') +
1488  1.1551724137931001 * x('42') -
1489  0.16758620689655199 * x('43') -
1490  2.6551724137931001 * x('44') +
1491  0.53000000000000003 * x('45') -
1492  0.23689655172413801 * x('46') -
1493  0.82379310344827605 * x('47') +
1494  0.55551724137931102 * x('48') -
1495  1.4317241379310299 * x('49') -
1496  1.12137931034483 * x('50') -
1497  0.13206896551724101 * x('51') +
1498  0.22413793103448301 * x('52') +
1499  0.55172413793103403 * x('53') -
1500  0.40896551724138003 * x('54') +
1501  0.57758620689655205 * x('55') -
1502  0.95689655172413801 * x('56') -
1503  0.57379310344827705 * x('57') -
1504  0.69758620689655104 * x('58') -
1505  0.181034482758621 * x('59') -
1506  0.673103448275858 * x('60') -
1507  2.5775862068965498 * x('61') -
1508  0.391724137931034 * x('62') -
1509  1.6551724137931001 * x('63') +
1510  0.112758620689656 * x('64') +
1511  3.5955172413793099 * x('65') -
1512  0.44413793103448301 * x('66') +
1513  0.53379310344828002 * x('67') -
1514  0.37068965517241398 * x('68') +
1515  0.51724137931034497 * x('69') -
1516  0.029999999999999999 * x('70') -
1517  0.95241379310344798 * x('71') +
1518  0.98275862068965503 * x('72') -
1519  4.5255172413793101 * x('73') +
1520  0.0065517241379310504 * x('74') +
1521  0.0062068965517237604 * x('75') +
1522  0.045172413793103501 * x('76') -
1523  2.2979310344827599 * x('77') -
1524  0.60344827586206895 * x('78') -
1525  2.5048275862069 * x('79') =e= 0;
1526  con30.. x('30') +
1527  x('31') +
1528  x('32') +
1529  x('33') +
1530  x('34') +
1531  x('35') +
1532  x('36') +
1533  x('37') +
1534  x('38') +
1535  x('39') +
1536  x('40') +
1537  x('41') +
1538  x('42') +
1539  x('43') +
1540  x('44') +
1541  x('45') +
1542  x('46') +
1543  x('47') +
1544  x('48') +
1545  x('49') +
1546  x('50') +
1547  x('51') +
1548  x('52') +
1549  x('53') +
1550  x('54') +
1551  x('55') +
1552  x('56') +
1553  x('57') +
1554  x('58') +
1555  x('59') +
1556  x('60') +
1557  x('61') +
1558  x('62') +
1559  x('63') +
1560  x('64') +
1561  x('65') +
1562  x('66') +
1563  x('67') +
1564  x('68') +
1565  x('69') +
1566  x('70') +
1567  x('71') +
1568  x('72') +
1569  x('73') +
1570  x('74') +
1571  x('75') +
1572  x('76') +
1573  x('77') +
1574  x('78') +
1575  x('79') =e= 1;
1576  con31..(-0.051724137931034503) * x('31') +
1577  0.055862068965517202 * x('32') +
1578  0.116551724137931 * x('33') -
1579  0.0172413793103448 * x('35') -
1580  0.049655172413793101 * x('36') -
1581  0.064482758620689598 * x('37') +
1582  0.0086206896551724102 * x('39') +
1583  0.068965517241379296 * x('40') -
1584  0.0172413793103448 * x('41') -
1585  0.094827586206896505 * x('42') -
1586  0.0475862068965517 * x('43') +
1587  0.34482758620689702 * x('44') +
1588  0.029999999999999898 * x('45') +
1589  0.0131034482758622 * x('46') +
1590  0.056206896551724103 * x('47') -
1591  0.064482758620689695 * x('48') -
1592  0.30172413793103398 * x('49') -
1593  0.24137931034482801 * x('50') -
1594  0.0020689655172413798 * x('51') -
1595  0.025862068965517199 * x('52') -
1596  0.198275862068966 * x('53') -
1597  0.038965517241379297 * x('54') +
1598  0.077586206896551699 * x('55') -
1599  0.20689655172413801 * x('56') +
1600  0.0562068965517242 * x('57') -
1601  0.077586206896551699 * x('58') +
1602  0.068965517241379296 * x('59') -
1603  1.0431034482758601 * x('60') -
1604  0.32758620689655199 * x('61') -
1605  0.0217241379310345 * x('62') -
1606  0.15517241379310301 * x('63') -
1607  0.0172413793103448 * x('64') -
1608  0.28448275862069 * x('65') +
1609  0.055862068965517299 * x('66') +
1610  0.163793103448276 * x('67') -
1611  0.37068965517241398 * x('68') +
1612  0.0172413793103448 * x('69') -
1613  0.029999999999999999 * x('70') +
1614  0.0475862068965517 * x('71') -
1615  0.51724137931034497 * x('72') -
1616  0.21551724137931 * x('73') +
1617  0.0065517241379310504 * x('74') -
1618  0.0537931034482758 * x('75') -
1619  0.014827586206896601 * x('76') -
1620  0.41793103448275898 * x('77') -
1621  0.10344827586206901 * x('78') -
1622  0.124827586206896 * x('79') =g= -0.10024137931034501;
1623  x.lo('30')=0;
1624  x.lo('31')=0;
1625  x.lo('32')=0;
1626  x.lo('33')=0;
1627  x.lo('34')=0;
1628  x.lo('35')=0;
1629  x.lo('36')=0;
1630  x.lo('37')=0;
1631  x.lo('38')=0;
1632  x.lo('39')=0;
1633  x.lo('40')=0;
1634  x.lo('41')=0;
1635  x.lo('42')=0;
1636  x.lo('43')=0;
1637  x.lo('44')=0;
1638  x.lo('45')=0;
1639  x.lo('46')=0;
1640  x.lo('47')=0;
1641  x.lo('48')=0;
1642  x.lo('49')=0;
1643  x.lo('50')=0;
1644  x.lo('51')=0;
1645  x.lo('52')=0;
1646  x.lo('53')=0;
1647  x.lo('54')=0;
1648  x.lo('55')=0;
1649  x.lo('56')=0;
1650  x.lo('57')=0;
1651  x.lo('58')=0;
1652  x.lo('59')=0;
1653  x.lo('60')=0;
1654  x.lo('61')=0;
1655  x.lo('62')=0;
1656  x.lo('63')=0;
1657  x.lo('64')=0;
1658  x.lo('65')=0;
1659  x.lo('66')=0;
1660  x.lo('67')=0;
1661  x.lo('68')=0;
1662  x.lo('69')=0;
1663  x.lo('70')=0;
1664  x.lo('71')=0;
1665  x.lo('72')=0;
1666  x.lo('73')=0;
1667  x.lo('74')=0;
1668  x.lo('75')=0;
1669  x.lo('76')=0;
1670  x.lo('77')=0;
1671  x.lo('78')=0;
1672  x.lo('79')=0;
1673  Model m/All/;
1674  m.workspace = 32;
1675  m.optfile = 1;options nlp=convert;
1676  Solve m using nlp minimizing obj;
1677  display x.l, obj.l;
1678   
1679   
1680   


COMPILATION TIME     =        0.000 SECONDS      3 MB  53.5.1 f2e5fac3 WEX-WEI
GAMS 53.5.1  f2e5fac3 May 20, 2026          WEX-WEI x86 64bit/MS Windows - 06/14/26 21:50:20 Page 2
G e n e r a l   A l g e b r a i c   M o d e l i n g   S y s t e m
Equation Listing    SOLVE m Using NLP From line 1676


---- objcon  =E=  

objcon..  (0)*x(1) + (0)*x(2) + (0)*x(3) + (0)*x(4) + (0)*x(5) + (0)*x(6) + (0)*x(7) + (0)*x(8) + (0)*x(9) + (0)*x(10) + (0)*x(11) + (0)*x(12) + (0)*x(13) + (0)*x(14) + (0)*x(15) + (0)*x(16) + (0)*x(17) + (0)*x(18) + (0)*x(19) + (0)*x(20) + (0)*x(21) + (0)*x(22) + (0)*x(23) + (0)*x(24) + (0)*x(25) + (0)*x(26) + (0)*x(27) + (0)*x(28) + (0)*x(29) + obj =E= 0 ; (LHS = 0)
     

---- con1  =E=  

con1..  x(29) + 0.130000000000001*x(30) + 1.19827586206897*x(31) + 1.05586206896552*x(32) + 1.86655172413793*x(33) + 0.5*x(34) - 0.267241379310345*x(35) - 0.109655172413792*x(36) + 1.30551724137931*x(37) + 1.12*x(38) + 0.508620689655172*x(39) + 0.188965517241377*x(40) + 0.732758620689655*x(41) + 0.0251724137931009*x(42) + 0.202413793103448*x(43) + 4.3448275862069*x(44) + 0.660000000000002*x(45) + 0.88310344827586*x(46) + 0.0562068965517241*x(47) + 0.0555172413793113*x(48) - 0.171724137931034*x(49) + 0.638620689655175*x(50) + 0.117931034482759*x(51) - 0.0258620689655172*x(52) - 1.69827586206897*x(53) + 0.711034482758621*x(54) - 0.0524137931034473*x(55) + 2.54310344827586*x(56) + 0.176206896551723*x(57) - 0.0775862068965517*x(58) - 2.18103448275862*x(59) - 1.54310344827586*x(60) + 0.172413793103448*x(61) + 0.228275862068965*x(62) - 1.1551724137931*x(63) + 0.102758620689654*x(64) + 1.58551724137931*x(65) + 0.305862068965517*x(66) + 0.793793103448271*x(67) + 0.509310344827587*x(68) + 1.63724137931034*x(69) + 0.090000000000001*x(70) - 0.202413793103448*x(71) - 1.26724137931034*x(72) - 2.33551724137931*x(73) + 0.136551724137931*x(74) - 0.173793103448276*x(75) - 0.0148275862068966*x(76) - 1.04793103448276*x(77) - 1.23344827586207*x(78) + 0.995172413793101*x(79) =E= 0 ; (LHS = 0)
     

---- con2  =E=  

con2..  x(28) - 0.130000000000001*x(30) + 0.698275862068966*x(31) + 0.43586206896552*x(32) + 1.36655172413793*x(33) + 0.130000000000001*x(34) + 3.61275862068965*x(35) + 0.200344827586207*x(36) + 0.43551724137931*x(37) + 1.13*x(38) + 1.75862068965517*x(39) - 0.181034482758621*x(40) - 1.01724137931034*x(41) + 0.155172413793103*x(42) + 0.202413793103448*x(43) - 0.155172413793103*x(44) + 0.28*x(45) + 0.143103448275865*x(46) + 0.0562068965517241*x(47) + 0.565517241379309*x(48) - 0.181724137931035*x(49) + 0.758620689655172*x(50) - 0.122068965517241*x(51) - 0.0258620689655172*x(52) + 1.68172413793104*x(53) + 0.211034482758621*x(54) - 0.0424137931034493*x(55) + 1.29310344827586*x(56) - 0.063793103448275*x(57) + 1.04241379310345*x(58) - 0.181034482758621*x(59) + 2.83689655172414*x(60) + 3.67241379310345*x(61) - 0.0217241379310345*x(62) + 1.7248275862069*x(63) - 0.0172413793103448*x(64) + 0.0955172413793058*x(65) + 0.555862068965517*x(66) + 0.913793103448276*x(67) + 0.629310344827586*x(68) - 0.352758620689653*x(69) - 0.150000000000001*x(70) - 0.452413793103448*x(71) + 1.23275862068966*x(72) + 3.15448275862069*x(73) - 0.123448275862069*x(74) + 0.0662068965517243*x(75) - 0.0148275862068966*x(76) + 3.46206896551724*x(77) + 0.77655172413793*x(78) + 2.25517241379311*x(79) =E= 0 ; (LHS = 0)
     

---- con3  =E=  

con3..  x(27) + 0.198275862068966*x(31) + 0.0558620689655172*x(32) - 0.383448275862069*x(33) + 0.35275862068966*x(35) + 0.0703448275862061*x(36) + 0.315517241379313*x(37) - 0.25*x(38) - 0.241379310344828*x(39) + 0.198965517241382*x(40) + 0.732758620689655*x(41) + 0.405172413793103*x(42) - 0.107586206896551*x(43) - 6.0251724137931*x(44) + 0.0299999999999999*x(45) + 0.513103448275862*x(46) + 0.0562068965517241*x(47) + 0.0555172413793113*x(48) - 0.611724137931035*x(49) + 2.75862068965517*x(50) - 0.00206896551724138*x(51) - 0.0258620689655172*x(52) - 0.578275862068968*x(53) - 0.288965517241379*x(54) - 0.422413793103448*x(55) - 0.206896551724138*x(56) + 0.176206896551723*x(57) - 0.197586206896551*x(58) + 0.438965517241379*x(59) - 0.673103448275865*x(60) - 1.19758620689655*x(61) - 0.0217241379310345*x(62) + 0.0948275862068965*x(63) + 0.232758620689655*x(64) + 0.0855172413793149*x(65) + 0.0558620689655173*x(66) - 1.58620689655172*x(67) - 0.620689655172414*x(68) - 0.362758620689658*x(69) + 0.340000000000001*x(70) - 0.452413793103448*x(71) - 0.637241379310344*x(72) + 0.0344827586206897*x(73) - 0.113448275862069*x(74) - 0.0537931034482758*x(75) - 0.0148275862068966*x(76) - 0.547931034482761*x(77) + 0.646551724137931*x(78) + 0.495172413793101*x(79) =E= 0 ; (LHS = 0)
     

---- con4  =E=  

con4..  x(26) + 0.130000000000001*x(30) + 0.698275862068966*x(31) + 0.925862068965515*x(32) + 0.866551724137931*x(33) + 0.25*x(34) + 0.982758620689655*x(35) - 0.169655172413792*x(36) + 2.18551724137931*x(37) + 1.5*x(38) + 1.25862068965517*x(39) + 0.0689655172413793*x(40) + 0.482758620689655*x(41) - 1.0248275862069*x(42) + 0.262413793103448*x(43) - 0.785172413793106*x(44) + 0.28*x(45) - 0.11689655172414*x(46) + 0.0562068965517241*x(47) + 1.06551724137931*x(48) - 0.361724137931033*x(49) - 0.37137931034483*x(50) - 0.132068965517241*x(51) - 0.465862068965517*x(52) - 2.31827586206896*x(53) - 0.788965517241379*x(54) - 0.422413793103448*x(55) + 0.543103448275862*x(56) + 0.306206896551724*x(57) + 0.292413793103448*x(58) - 0.181034482758621*x(59) + 15.2068965517241*x(60) - 2.20758620689655*x(61) - 0.271724137931035*x(62) - 1.1551724137931*x(63) - 0.0172413793103448*x(64) - 0.78448275862069*x(65) - 0.194137931034483*x(66) + 0.163793103448276*x(67) - 0.250689655172415*x(68) + 0.647241379310347*x(69) - 0.03*x(70) - 0.14241379310345*x(71) - 0.267241379310345*x(72) - 1.96551724137931*x(73) + 0.00655172413793105*x(74) + 0.136206896551725*x(75) + 0.0451724137931035*x(76) + 0.392068965517244*x(77) - 1.48344827586207*x(78) + 1.6251724137931*x(79) =E= 0 ; (LHS = 0)
     

---- con5  =E=  

con5..  x(25) - 0.0517241379310345*x(31) + 0.0558620689655172*x(32) + 0.116551724137931*x(33) - 0.0172413793103448*x(35) - 0.179655172413794*x(36) - 0.0644827586206896*x(37) + 0.00862068965517241*x(39) + 0.0689655172413793*x(40) - 0.0172413793103448*x(41) - 0.0948275862068965*x(42) + 0.202413793103448*x(43) + 2.8448275862069*x(44) + 0.0299999999999999*x(45) + 0.0131034482758622*x(46) + 0.0562068965517241*x(47) - 0.0644827586206897*x(48) + 2.31827586206896*x(49) - 0.241379310344828*x(50) - 0.00206896551724138*x(51) - 0.0258620689655172*x(52) - 0.198275862068966*x(53) - 0.0389655172413793*x(54) + 0.0775862068965517*x(55) - 0.206896551724138*x(56) + 0.0562068965517242*x(57) - 0.0775862068965517*x(58) + 0.0689655172413793*x(59) + 0.83689655172414*x(60) + 1.42241379310345*x(61) - 0.141724137931034*x(62) - 0.785172413793106*x(63) - 0.0172413793103448*x(64) - 0.154482758620694*x(65) + 0.18586206896552*x(66) + 0.78379310344828*x(67) + 0.00931034482758697*x(68) + 1.13724137931034*x(69) + 0.22*x(70) - 0.012413793103447*x(71) - 0.397241379310346*x(72) - 0.775517241379313*x(73) + 0.00655172413793105*x(74) - 0.0537931034482758*x(75) - 0.0148275862068966*x(76) - 0.977931034482761*x(77) + 0.27655172413793*x(78) - 0.494827586206894*x(79) =E= 0 ; (LHS = 0)
     

---- con6  =E=  

con6..  x(24) - 0.130000000000001*x(30) - 0.0517241379310345*x(31) - 0.0641379310344803*x(32) - 0.0134482758620646*x(33) - 2.13724137931034*x(35) + 0.0803448275862076*x(36) + 1.18551724137931*x(37) + 0.369999999999997*x(38) - 1.24137931034483*x(39) + 0.318965517241379*x(40) + 0.232758620689655*x(41) - 0.414827586206897*x(42) - 1.04758620689655*x(43) + 0.594827586206897*x(44) + 0.78*x(45) - 0.736896551724138*x(46) + 0.0562068965517241*x(47) - 0.0644827586206897*x(48) + 0.698275862068966*x(49) - 1.11137931034483*x(50) + 0.0679310344827585*x(51) - 0.0858620689655177*x(52) - 0.198275862068966*x(53) - 0.40896551724138*x(54) - 0.422413793103448*x(55) + 0.293103448275862*x(56) - 0.313793103448275*x(57) + 0.172413793103448*x(58) + 0.568965517241379*x(59) + 2.70689655172413*x(60) + 1.92241379310345*x(61) + 0.478275862068965*x(62) + 3.8448275862069*x(63) - 0.267241379310345*x(64) - 0.53448275862069*x(65) + 0.175862068965515*x(66) + 0.663793103448276*x(67) - 0.310689655172415*x(68) - 1.23275862068966*x(69) - 0.53*x(70) + 0.0475862068965517*x(71) + 0.112758620689656*x(72) + 3.78448275862069*x(73) - 0.123448275862069*x(74) - 0.183793103448277*x(75) + 0.0451724137931035*x(76) + 3.46206896551724*x(77) + 0.016551724137932*x(78) + 0.625172413793104*x(79) =E= 0 ; (LHS = 0)
     

---- con7  =E=  

con7..  x(23) + 0.130000000000001*x(30) - 0.0517241379310345*x(31) - 0.324137931034485*x(32) - 1.38344827586207*x(33) + 0.369999999999999*x(34) - 1.26724137931034*x(35) + 0.0703448275862061*x(36) - 1.19448275862069*x(37) + 0.630000000000003*x(38) - 1.24137931034483*x(39) - 0.0610344827586232*x(40) - 0.517241379310345*x(41) - 1.4048275862069*x(42) - 0.417586206896552*x(43) + 2.3448275862069*x(44) + 0.53*x(45) - 0.356896551724135*x(46) + 0.0562068965517241*x(47) - 0.694482758620689*x(48) + 1.82827586206896*x(49) - 1.74137931034483*x(50) - 0.00206896551724138*x(51) - 0.155862068965517*x(52) - 0.448275862068969*x(53) - 0.0389655172413793*x(54) - 0.922413793103448*x(55) - 0.706896551724138*x(56) - 0.193793103448276*x(57) - 0.577586206896552*x(58) - 0.0510344827586199*x(59) - 3.17310344827586*x(60) + 0.672413793103448*x(61) - 0.0217241379310345*x(62) - 1.6551724137931*x(63) - 0.267241379310345*x(64) - 0.664482758620685*x(65) + 0.0558620689655173*x(66) + 0.663793103448276*x(67) - 0.930689655172413*x(68) - 1.73275862068966*x(69) - 0.28*x(70) - 0.702413793103448*x(71) - 0.517241379310345*x(72) - 0.905517241379308*x(73) + 0.00655172413793105*x(74) - 0.0537931034482758*x(75) - 0.0148275862068966*x(76) - 2.41793103448276*x(77) - 0.853448275862069*x(78) - 2.7548275862069*x(79) =E= 0 ; (LHS = 0)
     

---- con8  =E=  

con8..  x(22) + 0.0782758620689645*x(31) + 0.68586206896552*x(32) - 0.753448275862074*x(33) - 0.369999999999999*x(34) - 1.39724137931035*x(35) - 0.0496551724137931*x(36) - 0.684482758620687*x(37) - 2*x(38) + 0.00862068965517241*x(39) - 0.551034482758618*x(40) - 0.517241379310345*x(41) + 0.345172413793105*x(42) + 0.0724137931034484*x(43) + 0.0948275862068966*x(44) - 0.600000000000003*x(45) + 0.13310344827586*x(46) + 0.0562068965517241*x(47) - 0.0644827586206897*x(48) - 0.621724137931035*x(49) - 2.62137931034483*x(50) + 0.0579310344827587*x(51) - 0.0258620689655172*x(52) - 0.0782758620689645*x(53) - 0.168965517241378*x(54) - 0.172413793103448*x(55) - 0.206896551724138*x(56) + 0.0562068965517242*x(57) + 0.0524137931034491*x(58) + 0.0689655172413793*x(59) - 1.79310344827586*x(60) - 0.577586206896552*x(61) - 1.15172413793104*x(62) - 0.775172413793101*x(63) + 0.232758620689655*x(64) + 0.71551724137931*x(65) - 0.0641379310344802*x(66) - 0.456206896551729*x(67) - 0.250689655172415*x(68) + 0.397241379310347*x(69) - 0.28*x(70) + 0.167586206896551*x(71) + 1.23275862068966*x(72) - 0.0855172413793078*x(73) + 0.136551724137931*x(74) + 0.0762068965517249*x(75) - 0.0148275862068966*x(76) + 0.452068965517239*x(77) + 0.02655172413793*x(78) - 1.3748275862069*x(79) =E= 0 ; (LHS = 0)
     

---- con9  =E=  

con9..  x(21) + 0.119999999999999*x(30) + 0.0682758620689665*x(31) - 0.194137931034483*x(32) + 0.736551724137935*x(33) - 0.25*x(34) - 0.637241379310342*x(35) + 0.200344827586207*x(36) - 0.0644827586206896*x(37) + 0.25*x(38) + 0.00862068965517241*x(39) + 0.188965517241377*x(40) - 0.0172413793103448*x(41) + 0.0251724137931009*x(42) + 0.142413793103449*x(43) - 0.275172413793101*x(44) - 0.22*x(45) + 0.0131034482758622*x(46) + 0.0562068965517241*x(47) - 0.0644827586206897*x(48) - 0.481724137931034*x(49) - 0.991379310344828*x(50) - 0.00206896551724138*x(51) + 0.104137931034483*x(52) + 0.181724137931037*x(53) + 0.211034482758621*x(54) + 0.0775862068965517*x(55) - 0.456896551724138*x(56) + 0.0562068965517242*x(57) + 0.422413793103448*x(58) + 0.128965517241378*x(59) + 1.95689655172414*x(60) + 0.422413793103448*x(61) + 0.978275862068965*x(62) + 0.214827586206894*x(63) - 0.137241379310344*x(64) - 0.0344827586206897*x(65) + 0.0558620689655173*x(66) - 1.08620689655172*x(67) - 0.370689655172414*x(68) + 0.137241379310342*x(69) + 0.47*x(70) + 0.547586206896552*x(71) + 0.102758620689654*x(72) + 1.96448275862069*x(73) - 0.123448275862069*x(74) + 0.0662068965517234*x(75) - 0.0148275862068966*x(76) + 1.33206896551724*x(77) + 0.266551724137932*x(78) + 0.505172413793106*x(79) =E= 0 ; (LHS = 0)
     

---- con10  =E=  

con10..  x(20) + 0.130000000000001*x(30) + 0.328275862068965*x(31) - 0.194137931034483*x(32) + 0.496551724137926*x(33) - 0.25*x(34) - 1.01724137931034*x(35) + 0.0103448275862073*x(36) - 0.444482758620692*x(37) + 0.5*x(38) - 0.741379310344828*x(39) + 0.0689655172413793*x(40) + 0.732758620689655*x(41) - 0.964827586206894*x(42) + 0.262413793103448*x(43) + 0.0948275862068966*x(44) + 0.53*x(45) - 0.606896551724135*x(46) + 0.0562068965517241*x(47) - 0.0644827586206897*x(48) - 0.931724137931033*x(49) + 1.50862068965517*x(50) - 0.00206896551724138*x(51) + 0.224137931034483*x(52) - 0.518275862068966*x(53) + 0.211034482758621*x(54) + 0.0775862068965517*x(55) + 1.04310344827586*x(56) + 0.0562068965517242*x(57) + 0.0424137931034475*x(58) - 0.12103448275862*x(59) - 1.04310344827586*x(60) - 0.697586206896549*x(61) - 0.521724137931035*x(62) + 0.974827586206899*x(63) + 0.232758620689655*x(64) + 1.09551724137931*x(65) - 0.194137931034483*x(66) + 0.413793103448276*x(67) - 0.370689655172414*x(68) + 0.517241379310345*x(69) - 0.03*x(70) + 0.0475862068965517*x(71) - 0.767241379310345*x(72) + 0.60448275862069*x(73) - 0.0534482758620686*x(74) + 0.0162068965517244*x(75) + 0.0451724137931035*x(76) + 0.212068965517244*x(77) + 0.146551724137931*x(78) + 0.745172413793101*x(79) =E= 0 ; (LHS = 0)
     

---- con11  =E=  

con11..  x(19) + 0.198275862068966*x(31) - 0.0741379310344854*x(32) - 0.383448275862069*x(33) - 0.380000000000001*x(34) + 0.482758620689655*x(35) + 0.140344827586206*x(36) + 0.43551724137931*x(37) + 0.369999999999997*x(38) - 0.991379310344828*x(39) + 0.318965517241379*x(40) + 0.482758620689655*x(41) + 0.845172413793101*x(42) + 0.0824137931034482*x(43) + 0.464827586206894*x(44) - 0.0899999999999975*x(45) + 0.13310344827586*x(46) + 0.0562068965517241*x(47) - 0.0644827586206897*x(48) - 0.421724137931035*x(49) + 1.63862068965517*x(50) - 0.00206896551724138*x(51) - 0.0258620689655172*x(52) - 0.0082758620689678*x(53) - 0.0389655172413793*x(54) + 0.577586206896552*x(55) - 0.206896551724138*x(56) - 0.193793103448276*x(57) - 0.577586206896552*x(58) - 0.931034482758621*x(59) - 1.29310344827586*x(60) + 0.292413793103446*x(61) + 0.478275862068965*x(62) - 0.785172413793106*x(63) - 0.0172413793103448*x(64) + 0.0855172413793149*x(65) + 0.555862068965517*x(66) + 0.663793103448276*x(67) - 0.490689655172413*x(68) - 0.232758620689655*x(69) - 0.28*x(70) - 0.202413793103448*x(71) - 0.387241379310344*x(72) - 0.71551724137931*x(73) + 0.00655172413793105*x(74) + 0.0662068965517243*x(75) + 0.115172413793103*x(76) - 0.917931034482758*x(77) + 0.02655172413793*x(78) + 0.625172413793104*x(79) =E= 0 ; (LHS = 0)
     

---- con12  =E=  

con12..  x(18) - 0.380000000000001*x(30) - 0.0517241379310345*x(31) - 0.0641379310344803*x(32) - 1.01344827586206*x(33) + 0.130000000000001*x(34) - 1.64724137931035*x(35) - 0.239655172413793*x(36) + 0.315517241379313*x(37) + 0.130000000000003*x(38) + 0.388620689655175*x(39) - 0.181034482758621*x(40) + 0.482758620689655*x(41) - 0.0948275862068965*x(42) + 0.0724137931034484*x(43) - 1.1551724137931*x(44) - 0.100000000000003*x(45) + 1.01310344827586*x(46) - 0.193793103448276*x(47) - 0.0644827586206897*x(48) - 0.0517241379310345*x(49) - 0.241379310344828*x(50) - 0.0620689655172414*x(51) - 0.155862068965517*x(52) + 0.0517241379310345*x(53) - 0.538965517241379*x(54) - 0.172413793103448*x(55) - 0.456896551724138*x(56) + 0.0562068965517242*x(57) - 0.197586206896551*x(58) + 0.318965517241379*x(59) - 0.0431034482758621*x(60) - 0.0775862068965517*x(61) - 0.271724137931035*x(62) + 0.224827586206899*x(63) - 0.0172413793103448*x(64) - 0.904482758620694*x(65) - 0.444137931034483*x(66) + 0.0337931034482804*x(67) - 0.500689655172415*x(68) - 0.232758620689655*x(69) + 0.47*x(70) - 0.202413793103448*x(71) - 0.517241379310345*x(72) - 0.71551724137931*x(73) - 0.0534482758620694*x(74) - 0.0537931034482758*x(75) - 0.0748275862068966*x(76) - 0.487931034482759*x(77) - 0.233448275862068*x(78) - 1.1248275862069*x(79) =E= 0 ; (LHS = 0)
     

---- con13  =E=  

con13..  x(17) - 0.25*x(30) - 0.301724137931034*x(31) - 0.824137931034485*x(32) - 0.383448275862069*x(33) - 0.130000000000001*x(34) - 1.51724137931034*x(35) - 0.109655172413794*x(36) - 0.444482758620692*x(37) - 1.25*x(38) - 0.491379310344828*x(39) - 0.181034482758621*x(40) + 0.612758620689654*x(41) - 0.0948275862068965*x(42) - 0.0475862068965517*x(43) - 1.4051724137931*x(44) - 0.0899999999999975*x(45) - 0.106896551724135*x(46) - 0.193793103448276*x(47) - 0.0644827586206897*x(48) - 0.301724137931034*x(49) + 2.50862068965517*x(50) - 0.00206896551724138*x(51) + 0.224137931034483*x(52) - 0.068275862068963*x(53) - 0.538965517241379*x(54) + 0.327586206896552*x(55) - 0.956896551724138*x(56) + 0.306206896551724*x(57) + 0.542413793103448*x(58) + 0.568965517241379*x(59) - 2.54310344827586*x(60) - 1.82758620689655*x(61) - 0.391724137931034*x(62) - 1.1551724137931*x(63) - 0.0172413793103448*x(64) - 0.28448275862069*x(65) - 0.194137931034486*x(66) - 2.83620689655172*x(67) - 0.180689655172414*x(68) - 0.602758620689653*x(69) + 0.47*x(70) + 0.857586206896552*x(71) - 1.14724137931035*x(72) - 1.21551724137931*x(73) + 0.00655172413793105*x(74) + 0.0762068965517241*x(75) - 0.0148275862068966*x(76) - 1.84793103448276*x(77) - 0.47344827586207*x(78) - 1.6248275862069*x(79) =E= 0 ; (LHS = 0)
     

---- con14  =E=  

con14..  x(16) - 0.301724137931034*x(31) + 0.555862068965517*x(32) + 2.11655172413793*x(33) - 2.26724137931034*x(35) - 0.0496551724137931*x(36) + 0.93551724137931*x(37) - 0.380000000000003*x(38) - 0.12137931034483*x(39) - 0.301034482758618*x(40) + 0.352758620689656*x(41) + 0.465172413793106*x(42) - 0.167586206896552*x(43) - 3.1551724137931*x(44) - 0.22*x(45) - 0.11689655172414*x(46) + 0.176206896551724*x(47) - 0.0644827586206897*x(48) - 0.431724137931033*x(49) + 0.12862068965517*x(50) + 0.0579310344827587*x(51) - 0.215862068965518*x(52) - 0.0782758620689681*x(53) - 0.538965517241379*x(54) - 0.552413793103447*x(55) + 1.54310344827586*x(56) + 0.0562068965517242*x(57) - 0.197586206896551*x(58) + 0.0689655172413793*x(59) - 0.793103448275862*x(60) + 1.80241379310345*x(61) + 0.0982758620689647*x(62) - 0.655172413793103*x(63) - 0.267241379310345*x(64) - 1.66448275862069*x(65) - 0.0741379310344817*x(66) + 3.54379310344827*x(67) - 1.06068965517241*x(68) + 0.0172413793103448*x(69) + 0.099999999999999*x(70) + 0.487586206896551*x(71) + 0.232758620689655*x(72) + 1.15448275862069*x(73) + 0.186551724137931*x(74) - 0.0537931034482758*x(75) - 0.0848275862068964*x(76) + 1.95206896551724*x(77) + 0.516551724137932*x(78) + 0.0051724137931061*x(79) =E= 0 ; (LHS = 0)
     

---- con15  =E=  

con15..  x(15) - 0.25*x(30) - 0.681724137931033*x(31) - 0.444137931034483*x(32) + 0.746551724137926*x(33) + 0.130000000000001*x(34) - 2.88724137931034*x(35) - 0.0496551724137931*x(36) - 0.434482758620687*x(37) - 0.491379310344828*x(39) - 0.0610344827586232*x(40) - 0.267241379310345*x(41) + 0.345172413793101*x(42) - 0.0475862068965517*x(43) - 1.4051724137931*x(44) - 0.100000000000003*x(45) - 1.23689655172414*x(46) - 0.693793103448276*x(47) - 0.0644827586206897*x(48) - 0.0517241379310345*x(49) - 2.86137931034482*x(50) - 0.00206896551724138*x(51) + 0.044137931034483*x(52) - 0.698275862068966*x(53) + 0.84103448275862*x(54) + 0.207586206896551*x(55) - 2.45689655172414*x(56) + 0.0562068965517242*x(57) - 0.827586206896552*x(58) + 0.0689655172413793*x(59) - 7.54310344827586*x(60) - 4.07758620689655*x(61) - 0.271724137931035*x(62) - 2.53517241379311*x(63) - 0.0172413793103448*x(64) - 0.154482758620694*x(65) + 0.0558620689655173*x(66) + 1.66379310344828*x(67) - 1.24068965517241*x(68) + 0.267241379310345*x(69) - 0.35*x(70) - 0.452413793103448*x(71) - 1.51724137931034*x(72) - 4.33551724137931*x(73) - 0.173448275862069*x(74) - 0.123793103448276*x(75) - 0.0748275862068966*x(76) - 4.66793103448276*x(77) - 0.47344827586207*x(78) - 2.3748275862069*x(79) =E= 0 ; (LHS = 0)
     

---- con16  =E=  

con16..  x(14) + 0.380000000000001*x(30) + 0.198275862068966*x(31) - 0.0641379310344803*x(32) - 0.133448275862069*x(33) + 0.369999999999999*x(34) + 2.35275862068965*x(35) + 0.0803448275862076*x(36) - 0.0644827586206896*x(37) + 1.25862068965517*x(39) + 0.318965517241379*x(40) - 0.767241379310345*x(41) + 0.905172413793103*x(42) + 0.512413793103449*x(43) + 2.0948275862069*x(44) + 0.78*x(45) + 0.893103448275865*x(46) + 0.0562068965517241*x(47) - 0.0644827586206897*x(48) - 0.171724137931035*x(49) + 0.508620689655172*x(50) - 0.00206896551724138*x(51) + 0.344137931034483*x(52) + 2.80172413793103*x(53) + 0.711034482758621*x(54) + 0.197586206896553*x(55) + 1.54310344827586*x(56) - 0.0737931034482766*x(57) + 1.04241379310345*x(58) + 0.0689655172413793*x(59) + 3.95689655172414*x(60) + 1.29241379310345*x(61) + 0.728275862068965*x(62) + 1.8448275862069*x(63) + 0.352758620689654*x(64) + 0.71551724137931*x(65) - 0.0641379310344837*x(66) + 0.28379310344828*x(67) + 0.629310344827586*x(68) + 0.887241379310342*x(69) - 0.339999999999999*x(70) + 0.427586206896553*x(71) - 0.387241379310344*x(72) - 2.21551724137931*x(73) - 0.0634482758620692*x(74) - 0.0537931034482758*x(75) - 0.134827586206897*x(76) + 2.83206896551724*x(77) + 1.01655172413793*x(78) + 3.8751724137931*x(79) =E= 0 ; (LHS = 0)
     

---- con17  =E=  

con17..  x(13) - 0.551724137931034*x(31) + 0.0558620689655172*x(32) - 0.883448275862069*x(33) + 0.380000000000001*x(34) - 1.01724137931034*x(35) + 0.0703448275862061*x(36) - 0.694482758620692*x(37) - 0.5*x(38) - 0.111379310344825*x(39) + 0.0689655172413793*x(40) - 1.01724137931034*x(41) - 0.414827586206897*x(42) + 0.142413793103448*x(43) + 0.594827586206897*x(44) - 0.22*x(45) - 0.486896551724138*x(46) - 0.313793103448276*x(47) - 0.0644827586206897*x(48) + 0.818275862068967*x(49) - 0.241379310344828*x(50) - 0.00206896551724138*x(51) - 0.275862068965517*x(52) + 2.80172413793103*x(53) + 0.0810344827586217*x(54) - 0.0424137931034493*x(55) - 0.456896551724138*x(56) - 0.563793103448275*x(57) + 0.302413793103449*x(58) + 0.318965517241379*x(59) + 2.83689655172413*x(60) + 0.422413793103448*x(61) - 0.271724137931035*x(62) + 1.9748275862069*x(63) - 0.0172413793103448*x(64) - 1.91448275862069*x(65) + 0.0558620689655173*x(66) + 1.16379310344828*x(67) - 0.120689655172414*x(68) - 0.102758620689653*x(69) - 0.03*x(70) - 0.202413793103448*x(71) + 0.102758620689654*x(72) - 0.21551724137931*x(73) + 0.136551724137932*x(74) + 0.0762068965517249*x(75) + 0.105172413793104*x(76) + 0.582068965517242*x(77) + 0.27655172413793*x(78) - 0.00482758620689902*x(79) =E= 0 ; (LHS = 0)
     

---- con18  =E=  

con18..  x(12) + 0.0599999999999987*x(30) - 0.301724137931034*x(31) - 0.324137931034485*x(32) + 0.736551724137935*x(33) - 0.137241379310342*x(35) + 0.0803448275862076*x(36) - 0.31448275862069*x(37) - 0.25*x(38) - 0.241379310344828*x(39) - 0.301034482758618*x(40) - 0.517241379310345*x(41) - 0.0948275862068965*x(42) + 0.0724137931034484*x(43) + 2.8448275862069*x(44) - 0.0899999999999975*x(45) + 0.13310344827586*x(46) - 0.193793103448276*x(47) - 0.0644827586206897*x(48) + 1.38827586206897*x(49) - 0.241379310344828*x(50) - 0.00206896551724138*x(51) + 0.224137931034483*x(52) - 0.068275862068963*x(53) + 1.71103448275862*x(54) + 0.197586206896553*x(55) + 3.04310344827586*x(56) + 0.556206896551724*x(57) - 0.207586206896552*x(58) - 0.181034482758621*x(59) + 4.82689655172414*x(60) + 2.17241379310345*x(61) - 0.271724137931035*x(62) + 2.46482758620689*x(63) - 0.0172413793103448*x(64) - 2.03448275862069*x(65) - 0.0741379310344817*x(66) - 0.706206896551729*x(67) - 0.310689655172415*x(68) + 1.13724137931034*x(69) - 0.53*x(70) + 0.10758620689655*x(71) + 1.73275862068966*x(72) + 2.15448275862069*x(73) + 0.0665517241379307*x(74) + 0.0662068965517234*x(75) - 0.0148275862068966*x(76) + 2.08206896551724*x(77) - 0.603448275862069*x(78) + 1.6251724137931*x(79) =E= 0 ; (LHS = 0)
     

---- con19  =E=  

con19..  x(11) + 0.31*x(30) + 0.0782758620689645*x(31) - 0.194137931034483*x(32) + 0.116551724137931*x(33) - 0.5*x(34) + 3.35275862068965*x(35) - 0.0496551724137931*x(36) - 2.06448275862069*x(37) - 0.241379310344828*x(39) - 0.0610344827586232*x(40) - 0.267241379310345*x(41) - 0.214827586206894*x(42) - 0.297586206896552*x(43) + 1.0948275862069*x(44) + 0.28*x(45) - 0.356896551724135*x(46) + 0.0562068965517241*x(47) - 0.0644827586206897*x(48) - 0.241724137931036*x(49) - 0.491379310344828*x(50) + 0.0579310344827587*x(51) + 0.104137931034483*x(52) - 0.578275862068968*x(53) - 1.28896551724138*x(54) + 0.457586206896551*x(55) - 0.456896551724138*x(56) - 0.0737931034482766*x(57) - 0.197586206896551*x(58) + 0.318965517241379*x(59) - 1.54310344827586*x(60) + 0.302413793103451*x(61) - 0.521724137931035*x(62) + 0.344827586206897*x(63) - 0.137241379310344*x(64) + 2.09551724137931*x(65) + 0.185862068965516*x(66) - 2.33620689655172*x(67) - 0.680689655172413*x(68) - 1.73275862068966*x(69) - 0.53*x(70) - 0.012413793103447*x(71) - 0.137241379310346*x(72) + 0.53448275862069*x(73) + 0.00655172413793105*x(74) - 0.0537931034482758*x(75) - 0.204827586206897*x(76) - 1.16793103448276*x(77) + 0.396551724137931*x(78) + 0.255172413793106*x(79) =E= 0 ; (LHS = 0)
     

---- con20  =E=  

con20..  x(10) + 0.130000000000001*x(30) + 0.0682758620689665*x(31) + 0.18586206896552*x(32) - 1.13344827586207*x(33) + 0.119999999999999*x(34) + 2.73275862068966*x(35) - 0.0496551724137931*x(36) + 0.18551724137931*x(37) + 0.130000000000003*x(38) + 1.00862068965517*x(39) - 0.0510344827586181*x(40) - 0.0172413793103448*x(41) - 0.224827586206899*x(42) + 0.452413793103448*x(43) + 0.344827586206897*x(44) - 1.22*x(45) - 0.36689655172414*x(46) + 0.176206896551724*x(47) + 0.18551724137931*x(48) + 0.198275862068966*x(49) + 0.37862068965517*x(50) + 0.0579310344827587*x(51) - 0.275862068965517*x(52) + 0.431724137931037*x(53) + 0.34103448275862*x(54) + 0.577586206896552*x(55) + 0.543103448275862*x(56) - 0.443793103448276*x(57) + 1.04241379310345*x(58) - 0.0510344827586199*x(59) - 0.543103448275862*x(60) - 0.207586206896554*x(61) + 0.978275862068965*x(62) + 1.4748275862069*x(63) - 0.0172413793103448*x(64) + 0.96551724137931*x(65) - 0.444137931034483*x(66) + 0.413793103448276*x(67) - 1.00068965517241*x(68) + 1.64724137931035*x(69) + 0.47*x(70) - 0.082413793103449*x(71) - 0.207241379310343*x(72) + 4.41448275862069*x(73) - 0.0534482758620686*x(74) - 0.0537931034482758*x(75) + 0.0551724137931033*x(76) + 2.46206896551724*x(77) + 0.646551724137931*x(78) + 0.245172413793101*x(79) =E= 0 ; (LHS = 0)
     

---- con21  =E=  

con21..  x(9) - 0.130000000000001*x(30) - 0.551724137931034*x(31) - 0.194137931034483*x(32) - 0.253448275862074*x(33) - 0.25*x(34) + 2.98275862068966*x(35) + 0.320344827586206*x(36) + 0.68551724137931*x(37) - 0.630000000000003*x(38) + 0.12862068965517*x(39) - 0.0610344827586232*x(40) + 0.232758620689655*x(41) - 0.464827586206894*x(42) - 0.167586206896552*x(43) - 0.405172413793103*x(44) + 0.0299999999999999*x(45) - 0.106896551724135*x(46) + 0.186206896551724*x(47) + 0.68551724137931*x(48) - 0.0517241379310345*x(49) + 0.758620689655172*x(50) + 0.127931034482758*x(51) + 0.344137931034483*x(52) + 0.551724137931034*x(53) - 0.288965517241379*x(54) + 0.197586206896553*x(55) - 1.20689655172414*x(56) + 0.0562068965517242*x(57) + 0.362413793103448*x(58) - 0.0610344827586215*x(59) - 1.04310344827586*x(60) - 0.447586206896549*x(61) + 0.358275862068966*x(62) - 0.655172413793103*x(63) + 0.232758620689655*x(64) - 0.28448275862069*x(65) + 0.0558620689655173*x(66) - 0.71620689655172*x(67) + 0.569310344827586*x(68) - 1.11275862068966*x(69) - 0.03*x(70) + 0.547586206896552*x(71) - 1.07724137931035*x(72) - 0.345517241379313*x(73) + 0.00655172413793105*x(74) - 0.0537931034482758*x(75) + 0.0451724137931035*x(76) - 2.16793103448276*x(77) + 0.396551724137931*x(78) + 0.505172413793106*x(79) =E= 0 ; (LHS = 0)
     

---- con22  =E=  

con22..  x(8) - 0.119999999999999*x(30) - 0.551724137931034*x(31) + 0.175862068965515*x(32) + 0.616551724137931*x(33) + 5.36275862068965*x(35) - 0.169655172413792*x(36) + 0.18551724137931*x(37) - 0.111379310344825*x(39) - 0.0510344827586181*x(40) - 0.387241379310346*x(41) - 0.224827586206899*x(42) - 0.427586206896552*x(43) + 1.0948275862069*x(44) - 0.100000000000003*x(45) + 0.0131034482758622*x(46) + 0.0562068965517241*x(47) - 0.0644827586206897*x(48) + 0.198275862068966*x(49) + 0.638620689655175*x(50) + 0.0579310344827587*x(51) - 0.0258620689655172*x(52) - 1.01827586206897*x(53) + 0.211034482758621*x(54) - 0.172413793103448*x(55) - 1.07689655172414*x(56) + 0.0562068965517242*x(57) - 0.0775862068965517*x(58) + 0.318965517241379*x(59) - 4.54310344827586*x(60) + 0.292413793103446*x(61) + 0.0982758620689647*x(62) - 1.1551724137931*x(63) - 0.0172413793103448*x(64) - 0.0344827586206897*x(65) - 0.0741379310344817*x(66) + 0.543793103448271*x(67) - 0.0606896551724133*x(68) - 0.352758620689653*x(69) - 0.28*x(70) - 0.572413793103447*x(71) - 2.14724137931034*x(72) - 0.96551724137931*x(73) + 0.0665517241379307*x(74) - 0.483793103448276*x(75) - 0.0748275862068966*x(76) - 1.91793103448276*x(77) - 0.233448275862068*x(78) + 0.125172413793104*x(79) =E= 0 ; (LHS = 0)
     

---- con23  =E=  

con23..  x(7) + 0.119999999999999*x(30) + 0.448275862068966*x(31) + 0.805862068965517*x(32) + 0.616551724137931*x(33) - 0.14724137931034*x(35) + 0.320344827586206*x(36) + 0.68551724137931*x(37) + 1.63*x(38) + 0.62862068965517*x(39) - 0.181034482758621*x(40) + 0.102758620689656*x(41) - 0.524827586206896*x(42) - 0.0475862068965517*x(43) + 0.344827586206897*x(44) + 0.28*x(45) + 0.0131034482758622*x(46) + 0.176206896551724*x(47) - 0.0644827586206897*x(48) + 0.0782758620689645*x(49) + 1.12862068965517*x(50) - 0.0620689655172414*x(51) + 0.224137931034483*x(52) - 0.0082758620689678*x(53) - 0.0389655172413793*x(54) + 0.577586206896552*x(55) + 0.793103448275862*x(56) + 0.0562068965517242*x(57) - 0.267586206896551*x(58) + 0.44896551724138*x(59) + 0.956896551724138*x(60) - 0.197586206896549*x(61) + 0.108275862068966*x(62) - 0.785172413793106*x(63) + 0.102758620689654*x(64) + 0.0855172413793149*x(65) + 0.435862068965516*x(66) + 0.78379310344828*x(67) - 0.180689655172414*x(68) + 1.01724137931034*x(69) + 0.72*x(70) + 0.417586206896551*x(71) + 0.112758620689656*x(72) + 1.28448275862069*x(73) + 0.00655172413793105*x(74) + 0.316206896551724*x(75) + 0.235172413793103*x(76) + 0.582068965517242*x(77) + 0.146551724137931*x(78) + 3.1251724137931*x(79) =E= 0 ; (LHS = 0)
     

---- con24  =E=  

con24..  x(6) + 0.130000000000001*x(30) - 0.171724137931035*x(31) - 0.944137931034483*x(32) - 1.38344827586207*x(33) + 1.23275862068966*x(35) - 0.0496551724137931*x(36) - 0.0644827586206896*x(37) + 0.138620689655175*x(39) + 0.188965517241377*x(40) - 0.267241379310345*x(41) - 0.0948275862068965*x(42) + 0.452413793103448*x(43) - 0.905172413793103*x(44) + 0.53*x(45) + 0.0131034482758622*x(46) + 0.186206896551724*x(47) - 0.184482758620691*x(48) - 0.121724137931035*x(49) - 0.241379310344828*x(50) - 0.00206896551724138*x(51) + 0.0341379310344824*x(52) + 0.551724137931034*x(53) + 0.0810344827586217*x(54) - 0.172413793103448*x(55) - 2.83689655172414*x(56) + 0.306206896551724*x(57) + 0.552413793103449*x(58) - 0.311034482758621*x(59) + 0.586896551724133*x(60) + 1.79241379310345*x(61) - 0.0217241379310345*x(62) + 1.5948275862069*x(63) - 0.137241379310344*x(64) - 0.53448275862069*x(65) - 0.324137931034482*x(66) - 0.206206896551729*x(67) - 0.430689655172413*x(68) + 1.01724137931034*x(69) + 0.099999999999999*x(70) + 0.0475862068965517*x(71) + 1.60275862068965*x(72) + 1.53448275862069*x(73) - 0.0534482758620686*x(74) + 0.506206896551724*x(75) - 0.204827586206897*x(76) + 0.702068965517239*x(77) + 0.02655172413793*x(78) - 0.00482758620689902*x(79) =E= 0 ; (LHS = 0)
     

---- con25  =E=  

con25..  x(5) - 0.431724137931033*x(31) + 0.305862068965517*x(32) - 0.263448275862065*x(33) - 0.887241379310349*x(35) - 0.0496551724137931*x(36) - 1.06448275862069*x(37) + 0.369999999999997*x(38) - 0.87137931034483*x(39) + 0.0689655172413793*x(40) + 0.732758620689655*x(41) + 0.405172413793103*x(42) - 0.297586206896552*x(43) + 0.594827586206897*x(44) - 1.34*x(45) + 0.0131034482758622*x(46) + 0.0562068965517241*x(47) + 0.68551724137931*x(48) - 1.11172413793103*x(49) - 0.861379310344825*x(50) - 0.00206896551724138*x(51) + 0.224137931034483*x(52) - 0.198275862068966*x(53) + 0.34103448275862*x(54) - 0.422413793103448*x(55) - 0.456896551724138*x(56) + 0.186206896551725*x(57) - 1.57758620689655*x(58) + 0.69896551724138*x(59) - 3.42310344827586*x(60) + 0.922413793103448*x(61) - 0.0217241379310345*x(62) + 0.224827586206899*x(63) + 0.102758620689654*x(64) + 0.345517241379306*x(65) - 0.314137931034484*x(66) - 0.96620689655172*x(67) + 6.49931034482759*x(68) - 1.23275862068966*x(69) + 0.090000000000001*x(70) + 0.677586206896553*x(71) + 0.982758620689655*x(72) + 1.53448275862069*x(73) - 0.0534482758620694*x(74) + 0.0162068965517244*x(75) - 0.0148275862068966*x(76) + 0.582068965517242*x(77) + 0.146551724137931*x(78) - 2.6248275862069*x(79) =E= 0 ; (LHS = 0)
     

---- con26  =E=  

con26..  x(4) - 0.130000000000001*x(30) + 0.198275862068966*x(31) - 1.19413793103448*x(32) - 0.753448275862074*x(33) - 0.119999999999999*x(34) - 1.01724137931034*x(35) - 0.109655172413794*x(36) - 0.0644827586206896*x(37) - 1.87*x(38) - 0.111379310344825*x(39) - 0.0510344827586181*x(40) - 0.267241379310345*x(41) - 1.2248275862069*x(42) - 0.297586206896552*x(43) - 0.155172413793103*x(44) + 0.0299999999999999*x(45) + 0.0131034482758622*x(46) + 0.176206896551724*x(47) - 1.06448275862069*x(48) - 0.491724137931036*x(49) - 0.491379310344828*x(50) - 0.192068965517241*x(51) - 0.0258620689655172*x(52) - 2.06827586206896*x(53) + 0.211034482758621*x(54) - 0.542413793103449*x(55) + 0.0431034482758621*x(56) + 0.0562068965517242*x(57) - 0.207586206896552*x(58) - 0.181034482758621*x(59) - 3.79310344827586*x(60) - 1.19758620689655*x(61) - 0.0217241379310345*x(62) - 0.225172413793104*x(63) - 0.137241379310344*x(64) - 0.164482758620685*x(65) + 0.175862068965518*x(66) - 2.33620689655172*x(67) + 0.129310344827586*x(68) - 0.862758620689658*x(69) + 0.22*x(70) + 0.167586206896551*x(71) + 0.362758620689654*x(72) - 1.40551724137931*x(73) + 0.0665517241379315*x(74) + 0.0662068965517243*x(75) + 0.0451724137931035*x(76) - 0.917931034482758*x(77) - 0.983448275862068*x(78) - 2.3748275862069*x(79) =E= 0 ; (LHS = 0)
     

---- con27  =E=  

con27..  x(3) + 0.0782758620689645*x(31) - 1.06413793103448*x(32) - 1.38344827586207*x(33) + 0.25*x(34) - 1.39724137931034*x(35) + 0.140344827586208*x(36) - 0.934482758620687*x(37) - 0.880000000000003*x(38) - 0.37137931034483*x(39) + 0.318965517241379*x(40) - 0.0172413793103448*x(41) + 1.0351724137931*x(42) - 0.0475862068965517*x(43) + 0.0948275862068966*x(44) - 0.47*x(45) + 0.0131034482758622*x(46) + 0.0562068965517241*x(47) - 0.694482758620689*x(48) - 0.231724137931034*x(49) + 0.87862068965517*x(50) + 0.0579310344827587*x(51) - 0.335862068965517*x(52) + 0.301724137931034*x(53) - 0.788965517241379*x(54) + 0.327586206896552*x(55) - 0.456896551724138*x(56) - 0.0737931034482766*x(57) + 0.922413793103448*x(58) + 0.318965517241379*x(59) - 0.413103448275867*x(60) + 2.04241379310345*x(61) - 0.211724137931036*x(62) + 0.164827586206897*x(63) - 0.147241379310346*x(64) + 0.345517241379306*x(65) + 0.305862068965517*x(66) - 0.336206896551724*x(67) + 0.689310344827585*x(68) - 0.352758620689653*x(69) + 0.22*x(70) + 0.177586206896553*x(71) + 2.35275862068966*x(72) + 0.974482758620687*x(73) + 0.00655172413793105*x(74) - 0.0537931034482758*x(75) + 0.0451724137931035*x(76) + 1.21206896551724*x(77) + 0.896551724137931*x(78) + 0.755172413793106*x(79) =E= 0 ; (LHS = 0)
     

---- con28  =E=  

con28..  x(2) - 0.25*x(30) - 0.0517241379310345*x(31) + 0.175862068965515*x(32) + 0.616551724137931*x(33) - 0.380000000000001*x(34) - 1.76724137931034*x(35) - 0.299655172413793*x(36) + 0.305517241379308*x(37) + 0.630000000000003*x(38) + 0.388620689655175*x(39) - 0.181034482758621*x(40) - 0.0172413793103448*x(41) + 1.46517241379311*x(42) + 0.452413793103448*x(43) - 1.4051724137931*x(44) - 0.72*x(45) + 0.88310344827586*x(46) + 0.436206896551724*x(47) - 0.184482758620691*x(48) + 0.948275862068966*x(49) - 0.361379310344825*x(50) + 0.0679310344827585*x(51) - 0.145862068965517*x(52) + 0.921724137931032*x(53) + 0.331034482758622*x(54) + 0.0775862068965517*x(55) + 0.543103448275862*x(56) - 0.063793103448275*x(57) - 0.827586206896552*x(58) - 0.181034482758621*x(59) - 0.293103448275862*x(60) - 4.32758620689655*x(61) + 0.288275862068966*x(62) - 2.03517241379311*x(63) - 0.0172413793103448*x(64) - 1.66448275862069*x(65) - 0.314137931034484*x(66) - 0.456206896551729*x(67) + 0.0693103448275875*x(68) - 0.482758620689655*x(69) - 0.28*x(70) - 0.082413793103449*x(71) + 0.232758620689655*x(72) - 0.405517241379308*x(73) + 0.12655172413793*x(74) - 0.0537931034482758*x(75) + 0.175172413793103*x(76) - 0.917931034482758*x(77) + 0.52655172413793*x(78) - 1.1248275862069*x(79) =E= 0 ; (LHS = 0)
     

---- con29  =E=  

con29..  x(1) - 0.431724137931033*x(31) + 0.68586206896552*x(32) - 0.513448275862065*x(33) - 2.01724137931034*x(35) - 0.0496551724137931*x(36) - 0.56448275862069*x(37) - 0.75*x(38) + 0.12862068965517*x(39) + 0.0689655172413793*x(40) - 0.0172413793103448*x(41) + 1.1551724137931*x(42) - 0.167586206896552*x(43) - 2.6551724137931*x(44) + 0.53*x(45) - 0.236896551724138*x(46) - 0.823793103448276*x(47) + 0.555517241379311*x(48) - 1.43172413793103*x(49) - 1.12137931034483*x(50) - 0.132068965517241*x(51) + 0.224137931034483*x(52) + 0.551724137931034*x(53) - 0.40896551724138*x(54) + 0.577586206896552*x(55) - 0.956896551724138*x(56) - 0.573793103448277*x(57) - 0.697586206896551*x(58) - 0.181034482758621*x(59) - 0.673103448275858*x(60) - 2.57758620689655*x(61) - 0.391724137931034*x(62) - 1.6551724137931*x(63) + 0.112758620689656*x(64) + 3.59551724137931*x(65) - 0.444137931034483*x(66) + 0.53379310344828*x(67) - 0.370689655172414*x(68) + 0.517241379310345*x(69) - 0.03*x(70) - 0.952413793103448*x(71) + 0.982758620689655*x(72) - 4.52551724137931*x(73) + 0.00655172413793105*x(74) + 0.00620689655172376*x(75) + 0.0451724137931035*x(76) - 2.29793103448276*x(77) - 0.603448275862069*x(78) - 2.5048275862069*x(79) =E= 0 ; (LHS = 0)
     

---- con30  =E=  

con30..  x(30) + x(31) + x(32) + x(33) + x(34) + x(35) + x(36) + x(37) + x(38) + x(39) + x(40) + x(41) + x(42) + x(43) + x(44) + x(45) + x(46) + x(47) + x(48) + x(49) + x(50) + x(51) + x(52) + x(53) + x(54) + x(55) + x(56) + x(57) + x(58) + x(59) + x(60) + x(61) + x(62) + x(63) + x(64) + x(65) + x(66) + x(67) + x(68) + x(69) + x(70) + x(71) + x(72) + x(73) + x(74) + x(75) + x(76) + x(77) + x(78) + x(79) =E= 1 ; (LHS = 0, INFES = 1 ****)
     

---- con31  =G=  

con31..  - 0.0517241379310345*x(31) + 0.0558620689655172*x(32) + 0.116551724137931*x(33) - 0.0172413793103448*x(35) - 0.0496551724137931*x(36) - 0.0644827586206896*x(37) + 0.00862068965517241*x(39) + 0.0689655172413793*x(40) - 0.0172413793103448*x(41) - 0.0948275862068965*x(42) - 0.0475862068965517*x(43) + 0.344827586206897*x(44) + 0.0299999999999999*x(45) + 0.0131034482758622*x(46) + 0.0562068965517241*x(47) - 0.0644827586206897*x(48) - 0.301724137931034*x(49) - 0.241379310344828*x(50) - 0.00206896551724138*x(51) - 0.0258620689655172*x(52) - 0.198275862068966*x(53) - 0.0389655172413793*x(54) + 0.0775862068965517*x(55) - 0.206896551724138*x(56) + 0.0562068965517242*x(57) - 0.0775862068965517*x(58) + 0.0689655172413793*x(59) - 1.04310344827586*x(60) - 0.327586206896552*x(61) - 0.0217241379310345*x(62) - 0.155172413793103*x(63) - 0.0172413793103448*x(64) - 0.28448275862069*x(65) + 0.0558620689655173*x(66) + 0.163793103448276*x(67) - 0.370689655172414*x(68) + 0.0172413793103448*x(69) - 0.03*x(70) + 0.0475862068965517*x(71) - 0.517241379310345*x(72) - 0.21551724137931*x(73) + 0.00655172413793105*x(74) - 0.0537931034482758*x(75) - 0.0148275862068966*x(76) - 0.417931034482759*x(77) - 0.103448275862069*x(78) - 0.124827586206896*x(79) =G= -0.100241379310345 ; (LHS = 0)
     
GAMS 53.5.1  f2e5fac3 May 20, 2026          WEX-WEI x86 64bit/MS Windows - 06/14/26 21:50:20 Page 3
G e n e r a l   A l g e b r a i c   M o d e l i n g   S y s t e m
Column Listing      SOLVE m Using NLP From line 1676


---- x  

x(1)
                (.LO, .L, .UP, .M = -INF, 0, +INF, 0)
       (0)      objcon
        1       con29

x(2)
                (.LO, .L, .UP, .M = -INF, 0, +INF, 0)
       (0)      objcon
        1       con28

x(3)
                (.LO, .L, .UP, .M = -INF, 0, +INF, 0)
       (0)      objcon
        1       con27

REMAINING 76 ENTRIES SKIPPED

---- obj  

obj
                (.LO, .L, .UP, .M = -INF, 0, +INF, 0)
        1       objcon

GAMS 53.5.1  f2e5fac3 May 20, 2026          WEX-WEI x86 64bit/MS Windows - 06/14/26 21:50:20 Page 4
G e n e r a l   A l g e b r a i c   M o d e l i n g   S y s t e m
Range Statistics    SOLVE m Using NLP From line 1676


RANGE STATISTICS (ABSOLUTE NON-ZERO FINITE VALUES)

RHS       [min, max] : [ 1.002E-01, 1.000E+00] - Zero values observed as well
Bound     [min, max] : [        NA,        NA] - Zero values observed as well
Matrix    [min, max] : [ 2.069E-03, 1.521E+01] - Zero values observed as well

GAMS 53.5.1  f2e5fac3 May 20, 2026          WEX-WEI x86 64bit/MS Windows - 06/14/26 21:50:20 Page 5
G e n e r a l   A l g e b r a i c   M o d e l i n g   S y s t e m
Model Statistics    SOLVE m Using NLP From line 1676


MODEL STATISTICS

BLOCKS OF EQUATIONS          32     SINGLE EQUATIONS           32
BLOCKS OF VARIABLES           2     SINGLE VARIABLES           80
NON ZERO ELEMENTS         1,581     NON LINEAR N-Z             29
CODE LENGTH                  90     CONSTANT POOL              17


GENERATION TIME      =        0.015 SECONDS      4 MB  53.5.1 f2e5fac3 WEX-WEI
GAMS 53.5.1  f2e5fac3 May 20, 2026          WEX-WEI x86 64bit/MS Windows - 06/14/26 21:50:20 Page 6
G e n e r a l   A l g e b r a i c   M o d e l i n g   S y s t e m
Solution Report     SOLVE m Using NLP From line 1676


               S O L V E      S U M M A R Y

     MODEL   m                   OBJECTIVE  obj
     TYPE    NLP                 DIRECTION  MINIMIZE
     SOLVER  CONVERT             FROM LINE  1676

**** SOLVER STATUS     1 Normal Completion
**** MODEL STATUS      14 No Solution Returned
**** OBJECTIVE VALUE                0.0000

 RESOURCE USAGE, LIMIT          0.016 10000000000.000
 ITERATION COUNT, LIMIT         0    2147483647
 EVALUATION ERRORS              0             0

*** Error Cannot open parameter file "C:\Users\edmil\Desktop\benchmark_nlp\convert.opt"
*** Error Error code = 2; No such file or directory

--- Writing Dict      : dict.txt
--- Writing Gams      : gams.gms


No solution returned
GAMS 53.5.1  f2e5fac3 May 20, 2026          WEX-WEI x86 64bit/MS Windows - 06/14/26 21:50:20 Page 7
G e n e r a l   A l g e b r a i c   M o d e l i n g   S y s t e m
E x e c u t i o n


----   1677 VARIABLE x.L  

                      ( ALL       0.000 )


----   1677 VARIABLE obj.L                 =        0.000  


EXECUTION TIME       =        0.078 SECONDS      4 MB  53.5.1 f2e5fac3 WEX-WEI


USER: GAMS Demo, for EULA and demo limitations see   G260130+0003Cc-GEN
      https://www.gams.com/latest/docs/UG%5FLicense.html         DC0000


**** FILE SUMMARY

Input      C:\Users\edmil\Desktop\benchmark_nlp\coconut_gams\qp4.gms
Output     C:\Users\edmil\Desktop\benchmark_nlp\logs\gams\qp4.lst
