GAMS 53.5.1  f2e5fac3 May 20, 2026          WEX-WEI x86 64bit/MS Windows - 06/14/26 21:50:20 Page 1
G e n e r a l   A l g e b r a i c   M o d e l i n g   S y s t e m
C o m p i l a t i o n


   1  * GAMS-model qp5.dag.gms written by dag2gams Converter at 29/03/2004 14:13:13
   2  * University of Vienna
   4   Set i/1*31/;
   5   Set j/1*108/;
   6   Equations objcon
   7  con1
   8  con2
   9  con3
  10  con4
  11  con5
  12  con6
  13  con7
  14  con8
  15  con9
  16  con10
  17  con11
  18  con12
  19  con13
  20  con14
  21  con15
  22  con16
  23  con17
  24  con18
  25  con19
  26  con20
  27  con21
  28  con22
  29  con23
  30  con24
  31  con25
  32  con26
  33  con27
  34  con28
  35  con29
  36  con30
  37  con31
  38  ;
  39  Variables x(j), obj;
  40  * Objective function (to be minimized)
  41  objcon.. obj =e= x('51') +
  42  x('52') +
  43  x('53') +
  44  x('54') +
  45  x('55') +
  46  x('56') +
  47  x('57') +
  48  x('58') +
  49  x('59') +
  50  x('60') +
  51  x('61') +
  52  x('62') +
  53  x('63') +
  54  x('64') +
  55  x('65') +
  56  x('66') +
  57  x('67') +
  58  x('68') +
  59  x('69') +
  60  x('70') +
  61  x('71') +
  62  x('72') +
  63  x('73') +
  64  x('74') +
  65  x('75') +
  66  x('76') +
  67  x('77') +
  68  x('78') +
  69  x('79') +
  70  x('80') +
  71  x('81') +
  72  x('82') +
  73  x('83') +
  74  x('84') +
  75  x('85') +
  76  x('86') +
  77  x('87') +
  78  x('88') +
  79  x('89') +
  80  x('90') +
  81  x('91') +
  82  x('92') +
  83  x('93') +
  84  x('94') +
  85  x('95') +
  86  x('96') +
  87  x('97') +
  88  x('98') +
  89  x('99') +
  90  x('100') +
  91  x('101') +
  92  x('102') +
  93  x('103') +
  94  x('104') +
  95  x('105') +
  96  x('106') +
  97  x('107') +
  98  x('108');
  99   
 100   
 101  con1.. 0.130000000000001 * x('1') +
 102  1.19827586206897 * x('2') +
 103  1.05586206896552 * x('3') +
 104  1.8665517241379299 * x('4') +
 105  0.5 * x('5') -
 106  0.26724137931034497 * x('6') -
 107  0.109655172413792 * x('7') +
 108  1.3055172413793099 * x('8') +
 109  1.1200000000000001 * x('9') +
 110  0.50862068965517204 * x('10') +
 111  0.188965517241377 * x('11') +
 112  0.73275862068965503 * x('12') +
 113  0.025172413793100899 * x('13') +
 114  0.20241379310344801 * x('14') +
 115  4.3448275862069003 * x('15') +
 116  0.66000000000000203 * x('16') +
 117  0.88310344827585996 * x('17') +
 118  0.056206896551724103 * x('18') +
 119  0.0555172413793113 * x('19') -
 120  0.171724137931034 * x('20') +
 121  0.63862068965517504 * x('21') +
 122  0.117931034482759 * x('22') -
 123  0.025862068965517199 * x('23') -
 124  1.69827586206897 * x('24') +
 125  0.71103448275862102 * x('25') -
 126  0.0524137931034473 * x('26') +
 127  2.5431034482758599 * x('27') +
 128  0.176206896551723 * x('28') -
 129  0.077586206896551699 * x('29') -
 130  2.1810344827586201 * x('30') -
 131  1.5431034482758601 * x('31') +
 132  0.17241379310344801 * x('32') +
 133  0.228275862068965 * x('33') -
 134  1.1551724137931001 * x('34') +
 135  0.102758620689654 * x('35') +
 136  1.5855172413793099 * x('36') +
 137  0.30586206896551699 * x('37') +
 138  0.79379310344827103 * x('38') +
 139  0.50931034482758697 * x('39') +
 140  1.63724137931034 * x('40') +
 141  0.090000000000000996 * x('41') -
 142  0.20241379310344801 * x('42') -
 143  1.2672413793103401 * x('43') -
 144  2.3355172413793102 * x('44') +
 145  0.13655172413793101 * x('45') -
 146  0.173793103448276 * x('46') -
 147  0.014827586206896601 * x('47') -
 148  1.0479310344827599 * x('48') -
 149  1.23344827586207 * x('49') +
 150  0.99517241379310095 * x('50') +
 151  x('79') -
 152  x('108') =e= 0;
 153  con2.. (-0.130000000000001) * x('1') +
 154  0.69827586206896597 * x('2') +
 155  0.43586206896551999 * x('3') +
 156  1.3665517241379299 * x('4') +
 157  0.130000000000001 * x('5') +
 158  3.6127586206896498 * x('6') +
 159  0.200344827586207 * x('7') +
 160  0.43551724137931003 * x('8') +
 161  1.1299999999999999 * x('9') +
 162  1.7586206896551699 * x('10') -
 163  0.181034482758621 * x('11') -
 164  1.0172413793103401 * x('12') +
 165  0.15517241379310301 * x('13') +
 166  0.20241379310344801 * x('14') -
 167  0.15517241379310301 * x('15') +
 168  0.28000000000000003 * x('16') +
 169  0.14310344827586499 * x('17') +
 170  0.056206896551724103 * x('18') +
 171  0.56551724137930903 * x('19') -
 172  0.18172413793103501 * x('20') +
 173  0.75862068965517204 * x('21') -
 174  0.122068965517241 * x('22') -
 175  0.025862068965517199 * x('23') +
 176  1.6817241379310399 * x('24') +
 177  0.21103448275862099 * x('25') -
 178  0.042413793103449303 * x('26') +
 179  1.2931034482758601 * x('27') -
 180  0.063793103448275004 * x('28') +
 181  1.0424137931034501 * x('29') -
 182  0.181034482758621 * x('30') +
 183  2.83689655172414 * x('31') +
 184  3.6724137931034502 * x('32') -
 185  0.0217241379310345 * x('33') +
 186  1.7248275862069 * x('34') -
 187  0.0172413793103448 * x('35') +
 188  0.095517241379305798 * x('36') +
 189  0.55586206896551704 * x('37') +
 190  0.91379310344827602 * x('38') +
 191  0.62931034482758597 * x('39') -
 192  0.35275862068965302 * x('40') -
 193  0.15000000000000099 * x('41') -
 194  0.45241379310344798 * x('42') +
 195  1.2327586206896599 * x('43') +
 196  3.1544827586206901 * x('44') -
 197  0.123448275862069 * x('45') +
 198  0.066206896551724306 * x('46') -
 199  0.014827586206896601 * x('47') +
 200  3.4620689655172399 * x('48') +
 201  0.77655172413793006 * x('49') +
 202  2.25517241379311 * x('50') +
 203  x('78') -
 204  x('107') =e= 0;
 205  con3.. 0.198275862068966 * x('2') +
 206  0.055862068965517202 * x('3') -
 207  0.38344827586206898 * x('4') +
 208  0.35275862068966002 * x('6') +
 209  0.070344827586206096 * x('7') +
 210  0.31551724137931297 * x('8') -
 211  0.25 * x('9') -
 212  0.24137931034482801 * x('10') +
 213  0.19896551724138201 * x('11') +
 214  0.73275862068965503 * x('12') +
 215  0.40517241379310298 * x('13') -
 216  0.107586206896551 * x('14') -
 217  6.0251724137930998 * x('15') +
 218  0.029999999999999898 * x('16') +
 219  0.51310344827586196 * x('17') +
 220  0.056206896551724103 * x('18') +
 221  0.0555172413793113 * x('19') -
 222  0.61172413793103497 * x('20') +
 223  2.7586206896551699 * x('21') -
 224  0.0020689655172413798 * x('22') -
 225  0.025862068965517199 * x('23') -
 226  0.57827586206896797 * x('24') -
 227  0.28896551724137898 * x('25') -
 228  0.42241379310344801 * x('26') -
 229  0.20689655172413801 * x('27') +
 230  0.176206896551723 * x('28') -
 231  0.19758620689655099 * x('29') +
 232  0.438965517241379 * x('30') -
 233  0.67310344827586499 * x('31') -
 234  1.1975862068965499 * x('32') -
 235  0.0217241379310345 * x('33') +
 236  0.094827586206896505 * x('34') +
 237  0.232758620689655 * x('35') +
 238  0.085517241379314907 * x('36') +
 239  0.055862068965517299 * x('37') -
 240  1.58620689655172 * x('38') -
 241  0.62068965517241403 * x('39') -
 242  0.36275862068965797 * x('40') +
 243  0.34000000000000102 * x('41') -
 244  0.45241379310344798 * x('42') -
 245  0.63724137931034397 * x('43') +
 246  0.034482758620689703 * x('44') -
 247  0.113448275862069 * x('45') -
 248  0.0537931034482758 * x('46') -
 249  0.014827586206896601 * x('47') -
 250  0.54793103448276104 * x('48') +
 251  0.64655172413793105 * x('49') +
 252  0.49517241379310101 * x('50') +
 253  x('77') -
 254  x('106') =e= 0;
 255  con4.. 0.130000000000001 * x('1') +
 256  0.69827586206896597 * x('2') +
 257  0.92586206896551504 * x('3') +
 258  0.86655172413793102 * x('4') +
 259  0.25 * x('5') +
 260  0.98275862068965503 * x('6') -
 261  0.16965517241379199 * x('7') +
 262  2.1855172413793098 * x('8') +
 263  1.5 * x('9') +
 264  1.2586206896551699 * x('10') +
 265  0.068965517241379296 * x('11') +
 266  0.48275862068965503 * x('12') -
 267  1.0248275862069001 * x('13') +
 268  0.26241379310344798 * x('14') -
 269  0.78517241379310598 * x('15') +
 270  0.28000000000000003 * x('16') -
 271  0.11689655172414 * x('17') +
 272  0.056206896551724103 * x('18') +
 273  1.0655172413793099 * x('19') -
 274  0.36172413793103297 * x('20') -
 275  0.37137931034483002 * x('21') -
 276  0.13206896551724101 * x('22') -
 277  0.46586206896551702 * x('23') -
 278  2.3182758620689601 * x('24') -
 279  0.78896551724137898 * x('25') -
 280  0.42241379310344801 * x('26') +
 281  0.54310344827586199 * x('27') +
 282  0.30620689655172401 * x('28') +
 283  0.29241379310344801 * x('29') -
 284  0.181034482758621 * x('30') +
 285  15.2068965517241 * x('31') -
 286  2.2075862068965502 * x('32') -
 287  0.271724137931035 * x('33') -
 288  1.1551724137931001 * x('34') -
 289  0.0172413793103448 * x('35') -
 290  0.78448275862068995 * x('36') -
 291  0.19413793103448301 * x('37') +
 292  0.163793103448276 * x('38') -
 293  0.25068965517241498 * x('39') +
 294  0.64724137931034698 * x('40') -
 295  0.029999999999999999 * x('41') -
 296  0.14241379310345001 * x('42') -
 297  0.26724137931034497 * x('43') -
 298  1.9655172413793101 * x('44') +
 299  0.0065517241379310504 * x('45') +
 300  0.13620689655172499 * x('46') +
 301  0.045172413793103501 * x('47') +
 302  0.39206896551724402 * x('48') -
 303  1.48344827586207 * x('49') +
 304  1.6251724137931001 * x('50') +
 305  x('76') -
 306  x('105') =e= 0;
 307  con5.. (-0.051724137931034503) * x('2') +
 308  0.055862068965517202 * x('3') +
 309  0.116551724137931 * x('4') -
 310  0.0172413793103448 * x('6') -
 311  0.179655172413794 * x('7') -
 312  0.064482758620689598 * x('8') +
 313  0.0086206896551724102 * x('10') +
 314  0.068965517241379296 * x('11') -
 315  0.0172413793103448 * x('12') -
 316  0.094827586206896505 * x('13') +
 317  0.20241379310344801 * x('14') +
 318  2.8448275862068999 * x('15') +
 319  0.029999999999999898 * x('16') +
 320  0.0131034482758622 * x('17') +
 321  0.056206896551724103 * x('18') -
 322  0.064482758620689695 * x('19') +
 323  2.3182758620689601 * x('20') -
 324  0.24137931034482801 * x('21') -
 325  0.0020689655172413798 * x('22') -
 326  0.025862068965517199 * x('23') -
 327  0.198275862068966 * x('24') -
 328  0.038965517241379297 * x('25') +
 329  0.077586206896551699 * x('26') -
 330  0.20689655172413801 * x('27') +
 331  0.0562068965517242 * x('28') -
 332  0.077586206896551699 * x('29') +
 333  0.068965517241379296 * x('30') +
 334  0.83689655172414001 * x('31') +
 335  1.42241379310345 * x('32') -
 336  0.141724137931034 * x('33') -
 337  0.78517241379310598 * x('34') -
 338  0.0172413793103448 * x('35') -
 339  0.15448275862069399 * x('36') +
 340  0.18586206896551999 * x('37') +
 341  0.78379310344828002 * x('38') +
 342  0.0093103448275869694 * x('39') +
 343  1.13724137931034 * x('40') +
 344  0.22 * x('41') -
 345  0.012413793103447 * x('42') -
 346  0.39724137931034598 * x('43') -
 347  0.77551724137931299 * x('44') +
 348  0.0065517241379310504 * x('45') -
 349  0.0537931034482758 * x('46') -
 350  0.014827586206896601 * x('47') -
 351  0.97793103448276097 * x('48') +
 352  0.27655172413793 * x('49') -
 353  0.49482758620689399 * x('50') +
 354  x('75') -
 355  x('104') =e= 0;
 356  con6.. (-0.130000000000001) * x('1') -
 357  0.051724137931034503 * x('2') -
 358  0.064137931034480303 * x('3') -
 359  0.013448275862064599 * x('4') -
 360  2.13724137931034 * x('6') +
 361  0.080344827586207604 * x('7') +
 362  1.18551724137931 * x('8') +
 363  0.369999999999997 * x('9') -
 364  1.2413793103448301 * x('10') +
 365  0.318965517241379 * x('11') +
 366  0.232758620689655 * x('12') -
 367  0.41482758620689703 * x('13') -
 368  1.04758620689655 * x('14') +
 369  0.59482758620689702 * x('15') +
 370  0.78000000000000003 * x('16') -
 371  0.73689655172413804 * x('17') +
 372  0.056206896551724103 * x('18') -
 373  0.064482758620689695 * x('19') +
 374  0.69827586206896597 * x('20') -
 375  1.11137931034483 * x('21') +
 376  0.067931034482758501 * x('22') -
 377  0.085862068965517693 * x('23') -
 378  0.198275862068966 * x('24') -
 379  0.40896551724138003 * x('25') -
 380  0.42241379310344801 * x('26') +
 381  0.29310344827586199 * x('27') -
 382  0.31379310344827499 * x('28') +
 383  0.17241379310344801 * x('29') +
 384  0.568965517241379 * x('30') +
 385  2.7068965517241299 * x('31') +
 386  1.92241379310345 * x('32') +
 387  0.478275862068965 * x('33') +
 388  3.8448275862068999 * x('34') -
 389  0.26724137931034497 * x('35') -
 390  0.53448275862068995 * x('36') +
 391  0.17586206896551501 * x('37') +
 392  0.66379310344827602 * x('38') -
 393  0.31068965517241498 * x('39') -
 394  1.2327586206896599 * x('40') -
 395  0.53000000000000003 * x('41') +
 396  0.0475862068965517 * x('42') +
 397  0.112758620689656 * x('43') +
 398  3.7844827586206899 * x('44') -
 399  0.123448275862069 * x('45') -
 400  0.18379310344827701 * x('46') +
 401  0.045172413793103501 * x('47') +
 402  3.4620689655172399 * x('48') +
 403  0.016551724137931999 * x('49') +
 404  0.62517241379310395 * x('50') +
 405  x('74') -
 406  x('103') =e= 0;
 407  con7.. 0.130000000000001 * x('1') -
 408  0.051724137931034503 * x('2') -
 409  0.32413793103448502 * x('3') -
 410  1.3834482758620701 * x('4') +
 411  0.369999999999999 * x('5') -
 412  1.2672413793103401 * x('6') +
 413  0.070344827586206096 * x('7') -
 414  1.1944827586206901 * x('8') +
 415  0.630000000000003 * x('9') -
 416  1.2413793103448301 * x('10') -
 417  0.0610344827586232 * x('11') -
 418  0.51724137931034497 * x('12') -
 419  1.4048275862069 * x('13') -
 420  0.41758620689655201 * x('14') +
 421  2.3448275862068999 * x('15') +
 422  0.53000000000000003 * x('16') -
 423  0.35689655172413498 * x('17') +
 424  0.056206896551724103 * x('18') -
 425  0.69448275862068898 * x('19') +
 426  1.8282758620689601 * x('20') -
 427  1.7413793103448301 * x('21') -
 428  0.0020689655172413798 * x('22') -
 429  0.15586206896551699 * x('23') -
 430  0.44827586206896902 * x('24') -
 431  0.038965517241379297 * x('25') -
 432  0.92241379310344795 * x('26') -
 433  0.70689655172413801 * x('27') -
 434  0.19379310344827599 * x('28') -
 435  0.57758620689655205 * x('29') -
 436  0.051034482758619902 * x('30') -
 437  3.1731034482758602 * x('31') +
 438  0.67241379310344795 * x('32') -
 439  0.0217241379310345 * x('33') -
 440  1.6551724137931001 * x('34') -
 441  0.26724137931034497 * x('35') -
 442  0.66448275862068495 * x('36') +
 443  0.055862068965517299 * x('37') +
 444  0.66379310344827602 * x('38') -
 445  0.93068965517241298 * x('39') -
 446  1.7327586206896599 * x('40') -
 447  0.28000000000000003 * x('41') -
 448  0.70241379310344798 * x('42') -
 449  0.51724137931034497 * x('43') -
 450  0.905517241379308 * x('44') +
 451  0.0065517241379310504 * x('45') -
 452  0.0537931034482758 * x('46') -
 453  0.014827586206896601 * x('47') -
 454  2.41793103448276 * x('48') -
 455  0.85344827586206895 * x('49') -
 456  2.7548275862069 * x('50') +
 457  x('73') -
 458  x('102') =e= 0;
 459  con8.. 0.078275862068964502 * x('2') +
 460  0.68586206896552004 * x('3') -
 461  0.75344827586207397 * x('4') -
 462  0.369999999999999 * x('5') -
 463  1.39724137931035 * x('6') -
 464  0.049655172413793101 * x('7') -
 465  0.68448275862068697 * x('8') -
 466  2 * x('9') +
 467  0.0086206896551724102 * x('10') -
 468  0.55103448275861799 * x('11') -
 469  0.51724137931034497 * x('12') +
 470  0.34517241379310498 * x('13') +
 471  0.072413793103448407 * x('14') +
 472  0.094827586206896602 * x('15') -
 473  0.60000000000000298 * x('16') +
 474  0.13310344827585999 * x('17') +
 475  0.056206896551724103 * x('18') -
 476  0.064482758620689695 * x('19') -
 477  0.62172413793103498 * x('20') -
 478  2.62137931034483 * x('21') +
 479  0.0579310344827587 * x('22') -
 480  0.025862068965517199 * x('23') -
 481  0.078275862068964502 * x('24') -
 482  0.16896551724137801 * x('25') -
 483  0.17241379310344801 * x('26') -
 484  0.20689655172413801 * x('27') +
 485  0.0562068965517242 * x('28') +
 486  0.052413793103449097 * x('29') +
 487  0.068965517241379296 * x('30') -
 488  1.7931034482758601 * x('31') -
 489  0.57758620689655205 * x('32') -
 490  1.1517241379310399 * x('33') -
 491  0.77517241379310098 * x('34') +
 492  0.232758620689655 * x('35') +
 493  0.71551724137931005 * x('36') -
 494  0.064137931034480206 * x('37') -
 495  0.45620689655172902 * x('38') -
 496  0.25068965517241498 * x('39') +
 497  0.39724137931034698 * x('40') -
 498  0.28000000000000003 * x('41') +
 499  0.16758620689655099 * x('42') +
 500  1.2327586206896599 * x('43') -
 501  0.085517241379307801 * x('44') +
 502  0.13655172413793101 * x('45') +
 503  0.076206896551724898 * x('46') -
 504  0.014827586206896601 * x('47') +
 505  0.45206896551723902 * x('48') +
 506  0.02655172413793 * x('49') -
 507  1.3748275862068999 * x('50') +
 508  x('72') -
 509  x('101') =e= 0;
 510  con9.. 0.119999999999999 * x('1') +
 511  0.068275862068966506 * x('2') -
 512  0.19413793103448301 * x('3') +
 513  0.73655172413793502 * x('4') -
 514  0.25 * x('5') -
 515  0.63724137931034197 * x('6') +
 516  0.200344827586207 * x('7') -
 517  0.064482758620689598 * x('8') +
 518  0.25 * x('9') +
 519  0.0086206896551724102 * x('10') +
 520  0.188965517241377 * x('11') -
 521  0.0172413793103448 * x('12') +
 522  0.025172413793100899 * x('13') +
 523  0.14241379310344901 * x('14') -
 524  0.27517241379310098 * x('15') -
 525  0.22 * x('16') +
 526  0.0131034482758622 * x('17') +
 527  0.056206896551724103 * x('18') -
 528  0.064482758620689695 * x('19') -
 529  0.48172413793103402 * x('20') -
 530  0.99137931034482796 * x('21') -
 531  0.0020689655172413798 * x('22') +
 532  0.104137931034483 * x('23') +
 533  0.18172413793103701 * x('24') +
 534  0.21103448275862099 * x('25') +
 535  0.077586206896551699 * x('26') -
 536  0.45689655172413801 * x('27') +
 537  0.0562068965517242 * x('28') +
 538  0.42241379310344801 * x('29') +
 539  0.128965517241378 * x('30') +
 540  1.9568965517241399 * x('31') +
 541  0.42241379310344801 * x('32') +
 542  0.978275862068965 * x('33') +
 543  0.21482758620689399 * x('34') -
 544  0.137241379310344 * x('35') -
 545  0.034482758620689703 * x('36') +
 546  0.055862068965517299 * x('37') -
 547  1.08620689655172 * x('38') -
 548  0.37068965517241398 * x('39') +
 549  0.137241379310342 * x('40') +
 550  0.46999999999999997 * x('41') +
 551  0.54758620689655202 * x('42') +
 552  0.102758620689654 * x('43') +
 553  1.9644827586206901 * x('44') -
 554  0.123448275862069 * x('45') +
 555  0.066206896551723404 * x('46') -
 556  0.014827586206896601 * x('47') +
 557  1.33206896551724 * x('48') +
 558  0.26655172413793199 * x('49') +
 559  0.50517241379310596 * x('50') +
 560  x('71') -
 561  x('100') =e= 0;
 562  con10.. 0.130000000000001 * x('1') +
 563  0.32827586206896497 * x('2') -
 564  0.19413793103448301 * x('3') +
 565  0.49655172413792598 * x('4') -
 566  0.25 * x('5') -
 567  1.0172413793103401 * x('6') +
 568  0.010344827586207301 * x('7') -
 569  0.44448275862069198 * x('8') +
 570  0.5 * x('9') -
 571  0.74137931034482796 * x('10') +
 572  0.068965517241379296 * x('11') +
 573  0.73275862068965503 * x('12') -
 574  0.96482758620689402 * x('13') +
 575  0.26241379310344798 * x('14') +
 576  0.094827586206896602 * x('15') +
 577  0.53000000000000003 * x('16') -
 578  0.60689655172413504 * x('17') +
 579  0.056206896551724103 * x('18') -
 580  0.064482758620689695 * x('19') -
 581  0.93172413793103304 * x('20') +
 582  1.5086206896551699 * x('21') -
 583  0.0020689655172413798 * x('22') +
 584  0.22413793103448301 * x('23') -
 585  0.51827586206896603 * x('24') +
 586  0.21103448275862099 * x('25') +
 587  0.077586206896551699 * x('26') +
 588  1.0431034482758601 * x('27') +
 589  0.0562068965517242 * x('28') +
 590  0.042413793103447499 * x('29') -
 591  0.12103448275862 * x('30') -
 592  1.0431034482758601 * x('31') -
 593  0.69758620689654904 * x('32') -
 594  0.521724137931035 * x('33') +
 595  0.97482758620689902 * x('34') +
 596  0.232758620689655 * x('35') +
 597  1.0955172413793099 * x('36') -
 598  0.19413793103448301 * x('37') +
 599  0.41379310344827602 * x('38') -
 600  0.37068965517241398 * x('39') +
 601  0.51724137931034497 * x('40') -
 602  0.029999999999999999 * x('41') +
 603  0.0475862068965517 * x('42') -
 604  0.76724137931034497 * x('43') +
 605  0.60448275862069001 * x('44') -
 606  0.0534482758620686 * x('45') +
 607  0.016206896551724401 * x('46') +
 608  0.045172413793103501 * x('47') +
 609  0.212068965517244 * x('48') +
 610  0.14655172413793099 * x('49') +
 611  0.74517241379310095 * x('50') +
 612  x('70') -
 613  x('99') =e= 0;
 614  con11.. 0.198275862068966 * x('2') -
 615  0.074137931034485405 * x('3') -
 616  0.38344827586206898 * x('4') -
 617  0.380000000000001 * x('5') +
 618  0.48275862068965503 * x('6') +
 619  0.14034482758620601 * x('7') +
 620  0.43551724137931003 * x('8') +
 621  0.369999999999997 * x('9') -
 622  0.99137931034482796 * x('10') +
 623  0.318965517241379 * x('11') +
 624  0.48275862068965503 * x('12') +
 625  0.84517241379310104 * x('13') +
 626  0.082413793103448194 * x('14') +
 627  0.46482758620689402 * x('15') -
 628  0.089999999999997499 * x('16') +
 629  0.13310344827585999 * x('17') +
 630  0.056206896551724103 * x('18') -
 631  0.064482758620689695 * x('19') -
 632  0.42172413793103503 * x('20') +
 633  1.63862068965517 * x('21') -
 634  0.0020689655172413798 * x('22') -
 635  0.025862068965517199 * x('23') -
 636  0.0082758620689678004 * x('24') -
 637  0.038965517241379297 * x('25') +
 638  0.57758620689655205 * x('26') -
 639  0.20689655172413801 * x('27') -
 640  0.19379310344827599 * x('28') -
 641  0.57758620689655205 * x('29') -
 642  0.931034482758621 * x('30') -
 643  1.2931034482758601 * x('31') +
 644  0.29241379310344601 * x('32') +
 645  0.478275862068965 * x('33') -
 646  0.78517241379310598 * x('34') -
 647  0.0172413793103448 * x('35') +
 648  0.085517241379314907 * x('36') +
 649  0.55586206896551704 * x('37') +
 650  0.66379310344827602 * x('38') -
 651  0.49068965517241298 * x('39') -
 652  0.232758620689655 * x('40') -
 653  0.28000000000000003 * x('41') -
 654  0.20241379310344801 * x('42') -
 655  0.38724137931034402 * x('43') -
 656  0.71551724137931005 * x('44') +
 657  0.0065517241379310504 * x('45') +
 658  0.066206896551724306 * x('46') +
 659  0.115172413793103 * x('47') -
 660  0.91793103448275803 * x('48') +
 661  0.02655172413793 * x('49') +
 662  0.62517241379310395 * x('50') +
 663  x('69') -
 664  x('98') =e= 0;
 665  con12.. (-0.380000000000001) * x('1') -
 666  0.051724137931034503 * x('2') -
 667  0.064137931034480303 * x('3') -
 668  1.01344827586206 * x('4') +
 669  0.130000000000001 * x('5') -
 670  1.64724137931035 * x('6') -
 671  0.239655172413793 * x('7') +
 672  0.31551724137931297 * x('8') +
 673  0.130000000000003 * x('9') +
 674  0.38862068965517499 * x('10') -
 675  0.181034482758621 * x('11') +
 676  0.48275862068965503 * x('12') -
 677  0.094827586206896505 * x('13') +
 678  0.072413793103448407 * x('14') -
 679  1.1551724137931001 * x('15') -
 680  0.100000000000003 * x('16') +
 681  1.0131034482758601 * x('17') -
 682  0.19379310344827599 * x('18') -
 683  0.064482758620689695 * x('19') -
 684  0.051724137931034503 * x('20') -
 685  0.24137931034482801 * x('21') -
 686  0.062068965517241399 * x('22') -
 687  0.15586206896551699 * x('23') +
 688  0.051724137931034503 * x('24') -
 689  0.53896551724137898 * x('25') -
 690  0.17241379310344801 * x('26') -
 691  0.45689655172413801 * x('27') +
 692  0.0562068965517242 * x('28') -
 693  0.19758620689655099 * x('29') +
 694  0.318965517241379 * x('30') -
 695  0.0431034482758621 * x('31') -
 696  0.077586206896551699 * x('32') -
 697  0.271724137931035 * x('33') +
 698  0.22482758620689899 * x('34') -
 699  0.0172413793103448 * x('35') -
 700  0.90448275862069405 * x('36') -
 701  0.44413793103448301 * x('37') +
 702  0.033793103448280397 * x('38') -
 703  0.50068965517241504 * x('39') -
 704  0.232758620689655 * x('40') +
 705  0.46999999999999997 * x('41') -
 706  0.20241379310344801 * x('42') -
 707  0.51724137931034497 * x('43') -
 708  0.71551724137931005 * x('44') -
 709  0.053448275862069398 * x('45') -
 710  0.0537931034482758 * x('46') -
 711  0.074827586206896599 * x('47') -
 712  0.48793103448275899 * x('48') -
 713  0.23344827586206801 * x('49') -
 714  1.1248275862068999 * x('50') +
 715  x('68') -
 716  x('97') =e= 0;
 717  con13.. (-0.25) * x('1') -
 718  0.30172413793103398 * x('2') -
 719  0.82413793103448496 * x('3') -
 720  0.38344827586206898 * x('4') -
 721  0.130000000000001 * x('5') -
 722  1.5172413793103401 * x('6') -
 723  0.10965517241379399 * x('7') -
 724  0.44448275862069198 * x('8') -
 725  1.25 * x('9') -
 726  0.49137931034482801 * x('10') -
 727  0.181034482758621 * x('11') +
 728  0.61275862068965403 * x('12') -
 729  0.094827586206896505 * x('13') -
 730  0.0475862068965517 * x('14') -
 731  1.4051724137931001 * x('15') -
 732  0.089999999999997499 * x('16') -
 733  0.10689655172413499 * x('17') -
 734  0.19379310344827599 * x('18') -
 735  0.064482758620689695 * x('19') -
 736  0.30172413793103398 * x('20') +
 737  2.5086206896551699 * x('21') -
 738  0.0020689655172413798 * x('22') +
 739  0.22413793103448301 * x('23') -
 740  0.068275862068962995 * x('24') -
 741  0.53896551724137898 * x('25') +
 742  0.32758620689655199 * x('26') -
 743  0.95689655172413801 * x('27') +
 744  0.30620689655172401 * x('28') +
 745  0.54241379310344795 * x('29') +
 746  0.568965517241379 * x('30') -
 747  2.5431034482758599 * x('31') -
 748  1.82758620689655 * x('32') -
 749  0.391724137931034 * x('33') -
 750  1.1551724137931001 * x('34') -
 751  0.0172413793103448 * x('35') -
 752  0.28448275862069 * x('36') -
 753  0.19413793103448601 * x('37') -
 754  2.8362068965517202 * x('38') -
 755  0.180689655172414 * x('39') -
 756  0.60275862068965302 * x('40') +
 757  0.46999999999999997 * x('41') +
 758  0.85758620689655196 * x('42') -
 759  1.14724137931035 * x('43') -
 760  1.2155172413793101 * x('44') +
 761  0.0065517241379310504 * x('45') +
 762  0.076206896551724093 * x('46') -
 763  0.014827586206896601 * x('47') -
 764  1.84793103448276 * x('48') -
 765  0.47344827586207 * x('49') -
 766  1.6248275862068999 * x('50') +
 767  x('67') -
 768  x('96') =e= 0;
 769  con14.. (-0.30172413793103398) * x('2') +
 770  0.55586206896551704 * x('3') +
 771  2.1165517241379299 * x('4') -
 772  2.2672413793103399 * x('6') -
 773  0.049655172413793101 * x('7') +
 774  0.93551724137931003 * x('8') -
 775  0.380000000000003 * x('9') -
 776  0.12137931034483 * x('10') -
 777  0.30103448275861799 * x('11') +
 778  0.35275862068965602 * x('12') +
 779  0.46517241379310598 * x('13') -
 780  0.16758620689655199 * x('14') -
 781  3.1551724137931001 * x('15') -
 782  0.22 * x('16') -
 783  0.11689655172414 * x('17') +
 784  0.176206896551724 * x('18') -
 785  0.064482758620689695 * x('19') -
 786  0.43172413793103298 * x('20') +
 787  0.12862068965517001 * x('21') +
 788  0.0579310344827587 * x('22') -
 789  0.21586206896551799 * x('23') -
 790  0.078275862068968097 * x('24') -
 791  0.53896551724137898 * x('25') -
 792  0.55241379310344696 * x('26') +
 793  1.5431034482758601 * x('27') +
 794  0.0562068965517242 * x('28') -
 795  0.19758620689655099 * x('29') +
 796  0.068965517241379296 * x('30') -
 797  0.79310344827586199 * x('31') +
 798  1.8024137931034501 * x('32') +
 799  0.098275862068964701 * x('33') -
 800  0.65517241379310298 * x('34') -
 801  0.26724137931034497 * x('35') -
 802  1.6644827586206901 * x('36') -
 803  0.074137931034481699 * x('37') +
 804  3.5437931034482699 * x('38') -
 805  1.0606896551724101 * x('39') +
 806  0.0172413793103448 * x('40') +
 807  0.099999999999999006 * x('41') +
 808  0.48758620689655102 * x('42') +
 809  0.232758620689655 * x('43') +
 810  1.1544827586206901 * x('44') +
 811  0.186551724137931 * x('45') -
 812  0.0537931034482758 * x('46') -
 813  0.084827586206896399 * x('47') +
 814  1.9520689655172401 * x('48') +
 815  0.51655172413793204 * x('49') +
 816  0.0051724137931060997 * x('50') +
 817  x('66') -
 818  x('95') =e= 0;
 819  con15.. (-0.25) * x('1') -
 820  0.68172413793103304 * x('2') -
 821  0.44413793103448301 * x('3') +
 822  0.74655172413792603 * x('4') +
 823  0.130000000000001 * x('5') -
 824  2.88724137931034 * x('6') -
 825  0.049655172413793101 * x('7') -
 826  0.43448275862068703 * x('8') -
 827  0.49137931034482801 * x('10') -
 828  0.0610344827586232 * x('11') -
 829  0.26724137931034497 * x('12') +
 830  0.34517241379310099 * x('13') -
 831  0.0475862068965517 * x('14') -
 832  1.4051724137931001 * x('15') -
 833  0.100000000000003 * x('16') -
 834  1.2368965517241399 * x('17') -
 835  0.69379310344827605 * x('18') -
 836  0.064482758620689695 * x('19') -
 837  0.051724137931034503 * x('20') -
 838  2.86137931034482 * x('21') -
 839  0.0020689655172413798 * x('22') +
 840  0.044137931034482998 * x('23') -
 841  0.69827586206896597 * x('24') +
 842  0.84103448275862003 * x('25') +
 843  0.207586206896551 * x('26') -
 844  2.4568965517241401 * x('27') +
 845  0.0562068965517242 * x('28') -
 846  0.82758620689655205 * x('29') +
 847  0.068965517241379296 * x('30') -
 848  7.5431034482758603 * x('31') -
 849  4.0775862068965498 * x('32') -
 850  0.271724137931035 * x('33') -
 851  2.5351724137931102 * x('34') -
 852  0.0172413793103448 * x('35') -
 853  0.15448275862069399 * x('36') +
 854  0.055862068965517299 * x('37') +
 855  1.66379310344828 * x('38') -
 856  1.24068965517241 * x('39') +
 857  0.26724137931034497 * x('40') -
 858  0.34999999999999998 * x('41') -
 859  0.45241379310344798 * x('42') -
 860  1.5172413793103401 * x('43') -
 861  4.3355172413793097 * x('44') -
 862  0.17344827586206901 * x('45') -
 863  0.123793103448276 * x('46') -
 864  0.074827586206896599 * x('47') -
 865  4.66793103448276 * x('48') -
 866  0.47344827586207 * x('49') -
 867  2.3748275862069002 * x('50') +
 868  x('65') -
 869  x('94') =e= 0;
 870  con16.. 0.380000000000001 * x('1') +
 871  0.198275862068966 * x('2') -
 872  0.064137931034480303 * x('3') -
 873  0.133448275862069 * x('4') +
 874  0.369999999999999 * x('5') +
 875  2.35275862068965 * x('6') +
 876  0.080344827586207604 * x('7') -
 877  0.064482758620689598 * x('8') +
 878  1.2586206896551699 * x('10') +
 879  0.318965517241379 * x('11') -
 880  0.76724137931034497 * x('12') +
 881  0.90517241379310298 * x('13') +
 882  0.51241379310344903 * x('14') +
 883  2.0948275862068999 * x('15') +
 884  0.78000000000000003 * x('16') +
 885  0.89310344827586496 * x('17') +
 886  0.056206896551724103 * x('18') -
 887  0.064482758620689695 * x('19') -
 888  0.171724137931035 * x('20') +
 889  0.50862068965517204 * x('21') -
 890  0.0020689655172413798 * x('22') +
 891  0.34413793103448298 * x('23') +
 892  2.8017241379310298 * x('24') +
 893  0.71103448275862102 * x('25') +
 894  0.19758620689655301 * x('26') +
 895  1.5431034482758601 * x('27') -
 896  0.073793103448276595 * x('28') +
 897  1.0424137931034501 * x('29') +
 898  0.068965517241379296 * x('30') +
 899  3.9568965517241401 * x('31') +
 900  1.2924137931034501 * x('32') +
 901  0.728275862068965 * x('33') +
 902  1.8448275862068999 * x('34') +
 903  0.35275862068965402 * x('35') +
 904  0.71551724137931005 * x('36') -
 905  0.064137931034483703 * x('37') +
 906  0.28379310344828002 * x('38') +
 907  0.62931034482758597 * x('39') +
 908  0.88724137931034197 * x('40') -
 909  0.33999999999999903 * x('41') +
 910  0.42758620689655302 * x('42') -
 911  0.38724137931034402 * x('43') -
 912  2.2155172413793101 * x('44') -
 913  0.063448275862069206 * x('45') -
 914  0.0537931034482758 * x('46') -
 915  0.134827586206897 * x('47') +
 916  2.83206896551724 * x('48') +
 917  1.01655172413793 * x('49') +
 918  3.8751724137930998 * x('50') +
 919  x('64') -
 920  x('93') =e= 0;
 921  con17.. (-0.55172413793103403) * x('2') +
 922  0.055862068965517202 * x('3') -
 923  0.88344827586206898 * x('4') +
 924  0.380000000000001 * x('5') -
 925  1.0172413793103401 * x('6') +
 926  0.070344827586206096 * x('7') -
 927  0.69448275862069198 * x('8') -
 928  0.5 * x('9') -
 929  0.111379310344825 * x('10') +
 930  0.068965517241379296 * x('11') -
 931  1.0172413793103401 * x('12') -
 932  0.41482758620689703 * x('13') +
 933  0.14241379310344801 * x('14') +
 934  0.59482758620689702 * x('15') -
 935  0.22 * x('16') -
 936  0.48689655172413798 * x('17') -
 937  0.31379310344827599 * x('18') -
 938  0.064482758620689695 * x('19') +
 939  0.81827586206896696 * x('20') -
 940  0.24137931034482801 * x('21') -
 941  0.0020689655172413798 * x('22') -
 942  0.27586206896551702 * x('23') +
 943  2.8017241379310298 * x('24') +
 944  0.081034482758621698 * x('25') -
 945  0.042413793103449303 * x('26') -
 946  0.45689655172413801 * x('27') -
 947  0.56379310344827505 * x('28') +
 948  0.30241379310344901 * x('29') +
 949  0.318965517241379 * x('30') +
 950  2.8368965517241298 * x('31') +
 951  0.42241379310344801 * x('32') -
 952  0.271724137931035 * x('33') +
 953  1.9748275862069 * x('34') -
 954  0.0172413793103448 * x('35') -
 955  1.9144827586206901 * x('36') +
 956  0.055862068965517299 * x('37') +
 957  1.16379310344828 * x('38') -
 958  0.12068965517241401 * x('39') -
 959  0.102758620689653 * x('40') -
 960  0.029999999999999999 * x('41') -
 961  0.20241379310344801 * x('42') +
 962  0.102758620689654 * x('43') -
 963  0.21551724137931 * x('44') +
 964  0.13655172413793201 * x('45') +
 965  0.076206896551724898 * x('46') +
 966  0.10517241379310401 * x('47') +
 967  0.58206896551724197 * x('48') +
 968  0.27655172413793 * x('49') -
 969  0.0048275862068990196 * x('50') +
 970  x('63') -
 971  x('92') =e= 0;
 972  con18.. 0.0599999999999987 * x('1') -
 973  0.30172413793103398 * x('2') -
 974  0.32413793103448502 * x('3') +
 975  0.73655172413793502 * x('4') -
 976  0.137241379310342 * x('6') +
 977  0.080344827586207604 * x('7') -
 978  0.31448275862068997 * x('8') -
 979  0.25 * x('9') -
 980  0.24137931034482801 * x('10') -
 981  0.30103448275861799 * x('11') -
 982  0.51724137931034497 * x('12') -
 983  0.094827586206896505 * x('13') +
 984  0.072413793103448407 * x('14') +
 985  2.8448275862068999 * x('15') -
 986  0.089999999999997499 * x('16') +
 987  0.13310344827585999 * x('17') -
 988  0.19379310344827599 * x('18') -
 989  0.064482758620689695 * x('19') +
 990  1.3882758620689699 * x('20') -
 991  0.24137931034482801 * x('21') -
 992  0.0020689655172413798 * x('22') +
 993  0.22413793103448301 * x('23') -
 994  0.068275862068962995 * x('24') +
 995  1.7110344827586199 * x('25') +
 996  0.19758620689655301 * x('26') +
 997  3.0431034482758599 * x('27') +
 998  0.55620689655172395 * x('28') -
 999  0.20758620689655199 * x('29') -
1000  0.181034482758621 * x('30') +
1001  4.8268965517241398 * x('31') +
1002  2.1724137931034502 * x('32') -
1003  0.271724137931035 * x('33') +
1004  2.4648275862068898 * x('34') -
1005  0.0172413793103448 * x('35') -
1006  2.0344827586206899 * x('36') -
1007  0.074137931034481699 * x('37') -
1008  0.70620689655172897 * x('38') -
1009  0.31068965517241498 * x('39') +
1010  1.13724137931034 * x('40') -
1011  0.53000000000000003 * x('41') +
1012  0.10758620689655 * x('42') +
1013  1.7327586206896599 * x('43') +
1014  2.1544827586206901 * x('44') +
1015  0.066551724137930701 * x('45') +
1016  0.066206896551723404 * x('46') -
1017  0.014827586206896601 * x('47') +
1018  2.08206896551724 * x('48') -
1019  0.60344827586206895 * x('49') +
1020  1.6251724137931001 * x('50') +
1021  x('62') -
1022  x('91') =e= 0;
1023  con19.. 0.31 * x('1') +
1024  0.078275862068964502 * x('2') -
1025  0.19413793103448301 * x('3') +
1026  0.116551724137931 * x('4') -
1027  0.5 * x('5') +
1028  3.35275862068965 * x('6') -
1029  0.049655172413793101 * x('7') -
1030  2.0644827586206902 * x('8') -
1031  0.24137931034482801 * x('10') -
1032  0.0610344827586232 * x('11') -
1033  0.26724137931034497 * x('12') -
1034  0.21482758620689399 * x('13') -
1035  0.29758620689655202 * x('14') +
1036  1.0948275862068999 * x('15') +
1037  0.28000000000000003 * x('16') -
1038  0.35689655172413498 * x('17') +
1039  0.056206896551724103 * x('18') -
1040  0.064482758620689695 * x('19') -
1041  0.241724137931036 * x('20') -
1042  0.49137931034482801 * x('21') +
1043  0.0579310344827587 * x('22') +
1044  0.104137931034483 * x('23') -
1045  0.57827586206896797 * x('24') -
1046  1.2889655172413801 * x('25') +
1047  0.457586206896551 * x('26') -
1048  0.45689655172413801 * x('27') -
1049  0.073793103448276595 * x('28') -
1050  0.19758620689655099 * x('29') +
1051  0.318965517241379 * x('30') -
1052  1.5431034482758601 * x('31') +
1053  0.30241379310345101 * x('32') -
1054  0.521724137931035 * x('33') +
1055  0.34482758620689702 * x('34') -
1056  0.137241379310344 * x('35') +
1057  2.0955172413793099 * x('36') +
1058  0.18586206896551599 * x('37') -
1059  2.3362068965517202 * x('38') -
1060  0.68068965517241298 * x('39') -
1061  1.7327586206896599 * x('40') -
1062  0.53000000000000003 * x('41') -
1063  0.012413793103447 * x('42') -
1064  0.137241379310346 * x('43') +
1065  0.53448275862068995 * x('44') +
1066  0.0065517241379310504 * x('45') -
1067  0.0537931034482758 * x('46') -
1068  0.20482758620689701 * x('47') -
1069  1.16793103448276 * x('48') +
1070  0.39655172413793099 * x('49') +
1071  0.25517241379310601 * x('50') +
1072  x('61') -
1073  x('90') =e= 0;
1074  con20.. 0.130000000000001 * x('1') +
1075  0.068275862068966506 * x('2') +
1076  0.18586206896551999 * x('3') -
1077  1.1334482758620701 * x('4') +
1078  0.119999999999999 * x('5') +
1079  2.7327586206896601 * x('6') -
1080  0.049655172413793101 * x('7') +
1081  0.18551724137931 * x('8') +
1082  0.130000000000003 * x('9') +
1083  1.0086206896551699 * x('10') -
1084  0.051034482758618098 * x('11') -
1085  0.0172413793103448 * x('12') -
1086  0.22482758620689899 * x('13') +
1087  0.45241379310344798 * x('14') +
1088  0.34482758620689702 * x('15') -
1089  1.22 * x('16') -
1090  0.36689655172413999 * x('17') +
1091  0.176206896551724 * x('18') +
1092  0.18551724137931 * x('19') +
1093  0.198275862068966 * x('20') +
1094  0.37862068965516998 * x('21') +
1095  0.0579310344827587 * x('22') -
1096  0.27586206896551702 * x('23') +
1097  0.43172413793103698 * x('24') +
1098  0.34103448275861997 * x('25') +
1099  0.57758620689655205 * x('26') +
1100  0.54310344827586199 * x('27') -
1101  0.44379310344827599 * x('28') +
1102  1.0424137931034501 * x('29') -
1103  0.051034482758619902 * x('30') -
1104  0.54310344827586199 * x('31') -
1105  0.20758620689655399 * x('32') +
1106  0.978275862068965 * x('33') +
1107  1.4748275862069 * x('34') -
1108  0.0172413793103448 * x('35') +
1109  0.96551724137931005 * x('36') -
1110  0.44413793103448301 * x('37') +
1111  0.41379310344827602 * x('38') -
1112  1.00068965517241 * x('39') +
1113  1.64724137931035 * x('40') +
1114  0.46999999999999997 * x('41') -
1115  0.082413793103448998 * x('42') -
1116  0.207241379310343 * x('43') +
1117  4.4144827586206903 * x('44') -
1118  0.0534482758620686 * x('45') -
1119  0.0537931034482758 * x('46') +
1120  0.055172413793103302 * x('47') +
1121  2.4620689655172399 * x('48') +
1122  0.64655172413793105 * x('49') +
1123  0.24517241379310101 * x('50') +
1124  x('60') -
1125  x('89') =e= 0;
1126  con21.. (-0.130000000000001) * x('1') -
1127  0.55172413793103403 * x('2') -
1128  0.19413793103448301 * x('3') -
1129  0.25344827586207402 * x('4') -
1130  0.25 * x('5') +
1131  2.9827586206896601 * x('6') +
1132  0.32034482758620603 * x('7') +
1133  0.68551724137931003 * x('8') -
1134  0.630000000000003 * x('9') +
1135  0.12862068965517001 * x('10') -
1136  0.0610344827586232 * x('11') +
1137  0.232758620689655 * x('12') -
1138  0.46482758620689402 * x('13') -
1139  0.16758620689655199 * x('14') -
1140  0.40517241379310298 * x('15') +
1141  0.029999999999999898 * x('16') -
1142  0.10689655172413499 * x('17') +
1143  0.18620689655172401 * x('18') +
1144  0.68551724137931003 * x('19') -
1145  0.051724137931034503 * x('20') +
1146  0.75862068965517204 * x('21') +
1147  0.127931034482758 * x('22') +
1148  0.34413793103448298 * x('23') +
1149  0.55172413793103403 * x('24') -
1150  0.28896551724137898 * x('25') +
1151  0.19758620689655301 * x('26') -
1152  1.2068965517241399 * x('27') +
1153  0.0562068965517242 * x('28') +
1154  0.36241379310344801 * x('29') -
1155  0.0610344827586215 * x('30') -
1156  1.0431034482758601 * x('31') -
1157  0.44758620689654899 * x('32') +
1158  0.358275862068966 * x('33') -
1159  0.65517241379310298 * x('34') +
1160  0.232758620689655 * x('35') -
1161  0.28448275862069 * x('36') +
1162  0.055862068965517299 * x('37') -
1163  0.71620689655171998 * x('38') +
1164  0.56931034482758602 * x('39') -
1165  1.11275862068966 * x('40') -
1166  0.029999999999999999 * x('41') +
1167  0.54758620689655202 * x('42') -
1168  1.0772413793103499 * x('43') -
1169  0.345517241379313 * x('44') +
1170  0.0065517241379310504 * x('45') -
1171  0.0537931034482758 * x('46') +
1172  0.045172413793103501 * x('47') -
1173  2.16793103448276 * x('48') +
1174  0.39655172413793099 * x('49') +
1175  0.50517241379310596 * x('50') +
1176  x('59') -
1177  x('88') =e= 0;
1178  con22.. (-0.119999999999999) * x('1') -
1179  0.55172413793103403 * x('2') +
1180  0.17586206896551501 * x('3') +
1181  0.61655172413793102 * x('4') +
1182  5.3627586206896503 * x('6') -
1183  0.16965517241379199 * x('7') +
1184  0.18551724137931 * x('8') -
1185  0.111379310344825 * x('10') -
1186  0.051034482758618098 * x('11') -
1187  0.38724137931034602 * x('12') -
1188  0.22482758620689899 * x('13') -
1189  0.42758620689655202 * x('14') +
1190  1.0948275862068999 * x('15') -
1191  0.100000000000003 * x('16') +
1192  0.0131034482758622 * x('17') +
1193  0.056206896551724103 * x('18') -
1194  0.064482758620689695 * x('19') +
1195  0.198275862068966 * x('20') +
1196  0.63862068965517504 * x('21') +
1197  0.0579310344827587 * x('22') -
1198  0.025862068965517199 * x('23') -
1199  1.01827586206897 * x('24') +
1200  0.21103448275862099 * x('25') -
1201  0.17241379310344801 * x('26') -
1202  1.07689655172414 * x('27') +
1203  0.0562068965517242 * x('28') -
1204  0.077586206896551699 * x('29') +
1205  0.318965517241379 * x('30') -
1206  4.5431034482758603 * x('31') +
1207  0.29241379310344601 * x('32') +
1208  0.098275862068964701 * x('33') -
1209  1.1551724137931001 * x('34') -
1210  0.0172413793103448 * x('35') -
1211  0.034482758620689703 * x('36') -
1212  0.074137931034481699 * x('37') +
1213  0.54379310344827103 * x('38') -
1214  0.060689655172413301 * x('39') -
1215  0.35275862068965302 * x('40') -
1216  0.28000000000000003 * x('41') -
1217  0.57241379310344698 * x('42') -
1218  2.1472413793103402 * x('43') -
1219  0.96551724137931005 * x('44') +
1220  0.066551724137930701 * x('45') -
1221  0.48379310344827597 * x('46') -
1222  0.074827586206896599 * x('47') -
1223  1.91793103448276 * x('48') -
1224  0.23344827586206801 * x('49') +
1225  0.12517241379310401 * x('50') +
1226  x('58') -
1227  x('87') =e= 0;
1228  con23.. 0.119999999999999 * x('1') +
1229  0.44827586206896602 * x('2') +
1230  0.80586206896551704 * x('3') +
1231  0.61655172413793102 * x('4') -
1232  0.14724137931034001 * x('6') +
1233  0.32034482758620603 * x('7') +
1234  0.68551724137931003 * x('8') +
1235  1.6299999999999999 * x('9') +
1236  0.62862068965517004 * x('10') -
1237  0.181034482758621 * x('11') +
1238  0.10275862068965599 * x('12') -
1239  0.52482758620689596 * x('13') -
1240  0.0475862068965517 * x('14') +
1241  0.34482758620689702 * x('15') +
1242  0.28000000000000003 * x('16') +
1243  0.0131034482758622 * x('17') +
1244  0.176206896551724 * x('18') -
1245  0.064482758620689695 * x('19') +
1246  0.078275862068964502 * x('20') +
1247  1.12862068965517 * x('21') -
1248  0.062068965517241399 * x('22') +
1249  0.22413793103448301 * x('23') -
1250  0.0082758620689678004 * x('24') -
1251  0.038965517241379297 * x('25') +
1252  0.57758620689655205 * x('26') +
1253  0.79310344827586199 * x('27') +
1254  0.0562068965517242 * x('28') -
1255  0.26758620689655099 * x('29') +
1256  0.44896551724138001 * x('30') +
1257  0.95689655172413801 * x('31') -
1258  0.19758620689654899 * x('32') +
1259  0.108275862068966 * x('33') -
1260  0.78517241379310598 * x('34') +
1261  0.102758620689654 * x('35') +
1262  0.085517241379314907 * x('36') +
1263  0.43586206896551599 * x('37') +
1264  0.78379310344828002 * x('38') -
1265  0.180689655172414 * x('39') +
1266  1.0172413793103401 * x('40') +
1267  0.71999999999999997 * x('41') +
1268  0.41758620689655102 * x('42') +
1269  0.112758620689656 * x('43') +
1270  1.2844827586206899 * x('44') +
1271  0.0065517241379310504 * x('45') +
1272  0.31620689655172401 * x('46') +
1273  0.235172413793103 * x('47') +
1274  0.58206896551724197 * x('48') +
1275  0.14655172413793099 * x('49') +
1276  3.1251724137930998 * x('50') +
1277  x('57') -
1278  x('86') =e= 0;
1279  con24.. 0.130000000000001 * x('1') -
1280  0.171724137931035 * x('2') -
1281  0.94413793103448296 * x('3') -
1282  1.3834482758620701 * x('4') +
1283  1.2327586206896599 * x('6') -
1284  0.049655172413793101 * x('7') -
1285  0.064482758620689598 * x('8') +
1286  0.13862068965517499 * x('10') +
1287  0.188965517241377 * x('11') -
1288  0.26724137931034497 * x('12') -
1289  0.094827586206896505 * x('13') +
1290  0.45241379310344798 * x('14') -
1291  0.90517241379310298 * x('15') +
1292  0.53000000000000003 * x('16') +
1293  0.0131034482758622 * x('17') +
1294  0.18620689655172401 * x('18') -
1295  0.184482758620691 * x('19') -
1296  0.121724137931035 * x('20') -
1297  0.24137931034482801 * x('21') -
1298  0.0020689655172413798 * x('22') +
1299  0.034137931034482399 * x('23') +
1300  0.55172413793103403 * x('24') +
1301  0.081034482758621698 * x('25') -
1302  0.17241379310344801 * x('26') -
1303  2.83689655172414 * x('27') +
1304  0.30620689655172401 * x('28') +
1305  0.55241379310344896 * x('29') -
1306  0.311034482758621 * x('30') +
1307  0.58689655172413302 * x('31') +
1308  1.7924137931034501 * x('32') -
1309  0.0217241379310345 * x('33') +
1310  1.5948275862068999 * x('34') -
1311  0.137241379310344 * x('35') -
1312  0.53448275862068995 * x('36') -
1313  0.32413793103448202 * x('37') -
1314  0.206206896551729 * x('38') -
1315  0.43068965517241298 * x('39') +
1316  1.0172413793103401 * x('40') +
1317  0.099999999999999006 * x('41') +
1318  0.0475862068965517 * x('42') +
1319  1.60275862068965 * x('43') +
1320  1.5344827586206899 * x('44') -
1321  0.0534482758620686 * x('45') +
1322  0.50620689655172402 * x('46') -
1323  0.20482758620689701 * x('47') +
1324  0.70206896551723896 * x('48') +
1325  0.02655172413793 * x('49') -
1326  0.0048275862068990196 * x('50') +
1327  x('56') -
1328  x('85') =e= 0;
1329  con25.. (-0.43172413793103298) * x('2') +
1330  0.30586206896551699 * x('3') -
1331  0.26344827586206498 * x('4') -
1332  0.88724137931034897 * x('6') -
1333  0.049655172413793101 * x('7') -
1334  1.06448275862069 * x('8') +
1335  0.369999999999997 * x('9') -
1336  0.87137931034482996 * x('10') +
1337  0.068965517241379296 * x('11') +
1338  0.73275862068965503 * x('12') +
1339  0.40517241379310298 * x('13') -
1340  0.29758620689655202 * x('14') +
1341  0.59482758620689702 * x('15') -
1342  1.3400000000000001 * x('16') +
1343  0.0131034482758622 * x('17') +
1344  0.056206896551724103 * x('18') +
1345  0.68551724137931003 * x('19') -
1346  1.1117241379310301 * x('20') -
1347  0.86137931034482496 * x('21') -
1348  0.0020689655172413798 * x('22') +
1349  0.22413793103448301 * x('23') -
1350  0.198275862068966 * x('24') +
1351  0.34103448275861997 * x('25') -
1352  0.42241379310344801 * x('26') -
1353  0.45689655172413801 * x('27') +
1354  0.18620689655172501 * x('28') -
1355  1.57758620689655 * x('29') +
1356  0.69896551724138001 * x('30') -
1357  3.4231034482758602 * x('31') +
1358  0.92241379310344795 * x('32') -
1359  0.0217241379310345 * x('33') +
1360  0.22482758620689899 * x('34') +
1361  0.102758620689654 * x('35') +
1362  0.34551724137930601 * x('36') -
1363  0.31413793103448401 * x('37') -
1364  0.96620689655171998 * x('38') +
1365  6.49931034482759 * x('39') -
1366  1.2327586206896599 * x('40') +
1367  0.090000000000000996 * x('41') +
1368  0.67758620689655302 * x('42') +
1369  0.98275862068965503 * x('43') +
1370  1.5344827586206899 * x('44') -
1371  0.053448275862069398 * x('45') +
1372  0.016206896551724401 * x('46') -
1373  0.014827586206896601 * x('47') +
1374  0.58206896551724197 * x('48') +
1375  0.14655172413793099 * x('49') -
1376  2.6248275862069002 * x('50') +
1377  x('55') -
1378  x('84') =e= 0;
1379  con26.. (-0.130000000000001) * x('1') +
1380  0.198275862068966 * x('2') -
1381  1.19413793103448 * x('3') -
1382  0.75344827586207397 * x('4') -
1383  0.119999999999999 * x('5') -
1384  1.0172413793103401 * x('6') -
1385  0.10965517241379399 * x('7') -
1386  0.064482758620689598 * x('8') -
1387  1.8700000000000001 * x('9') -
1388  0.111379310344825 * x('10') -
1389  0.051034482758618098 * x('11') -
1390  0.26724137931034497 * x('12') -
1391  1.2248275862069 * x('13') -
1392  0.29758620689655202 * x('14') -
1393  0.15517241379310301 * x('15') +
1394  0.029999999999999898 * x('16') +
1395  0.0131034482758622 * x('17') +
1396  0.176206896551724 * x('18') -
1397  1.06448275862069 * x('19') -
1398  0.49172413793103598 * x('20') -
1399  0.49137931034482801 * x('21') -
1400  0.19206896551724101 * x('22') -
1401  0.025862068965517199 * x('23') -
1402  2.0682758620689601 * x('24') +
1403  0.21103448275862099 * x('25') -
1404  0.54241379310344895 * x('26') +
1405  0.0431034482758621 * x('27') +
1406  0.0562068965517242 * x('28') -
1407  0.20758620689655199 * x('29') -
1408  0.181034482758621 * x('30') -
1409  3.7931034482758599 * x('31') -
1410  1.1975862068965499 * x('32') -
1411  0.0217241379310345 * x('33') -
1412  0.22517241379310399 * x('34') -
1413  0.137241379310344 * x('35') -
1414  0.16448275862068501 * x('36') +
1415  0.17586206896551801 * x('37') -
1416  2.3362068965517202 * x('38') +
1417  0.12931034482758599 * x('39') -
1418  0.86275862068965803 * x('40') +
1419  0.22 * x('41') +
1420  0.16758620689655099 * x('42') +
1421  0.36275862068965398 * x('43') -
1422  1.40551724137931 * x('44') +
1423  0.066551724137931506 * x('45') +
1424  0.066206896551724306 * x('46') +
1425  0.045172413793103501 * x('47') -
1426  0.91793103448275803 * x('48') -
1427  0.98344827586206796 * x('49') -
1428  2.3748275862069002 * x('50') +
1429  x('54') -
1430  x('83') =e= 0;
1431  con27.. 0.078275862068964502 * x('2') -
1432  1.0641379310344801 * x('3') -
1433  1.3834482758620701 * x('4') +
1434  0.25 * x('5') -
1435  1.39724137931034 * x('6') +
1436  0.140344827586208 * x('7') -
1437  0.93448275862068697 * x('8') -
1438  0.880000000000003 * x('9') -
1439  0.37137931034483002 * x('10') +
1440  0.318965517241379 * x('11') -
1441  0.0172413793103448 * x('12') +
1442  1.0351724137931 * x('13') -
1443  0.0475862068965517 * x('14') +
1444  0.094827586206896602 * x('15') -
1445  0.46999999999999997 * x('16') +
1446  0.0131034482758622 * x('17') +
1447  0.056206896551724103 * x('18') -
1448  0.69448275862068898 * x('19') -
1449  0.231724137931034 * x('20') +
1450  0.87862068965517004 * x('21') +
1451  0.0579310344827587 * x('22') -
1452  0.33586206896551701 * x('23') +
1453  0.30172413793103398 * x('24') -
1454  0.78896551724137898 * x('25') +
1455  0.32758620689655199 * x('26') -
1456  0.45689655172413801 * x('27') -
1457  0.073793103448276595 * x('28') +
1458  0.92241379310344795 * x('29') +
1459  0.318965517241379 * x('30') -
1460  0.41310344827586698 * x('31') +
1461  2.0424137931034498 * x('32') -
1462  0.211724137931036 * x('33') +
1463  0.164827586206897 * x('34') -
1464  0.147241379310346 * x('35') +
1465  0.34551724137930601 * x('36') +
1466  0.30586206896551699 * x('37') -
1467  0.33620689655172398 * x('38') +
1468  0.68931034482758502 * x('39') -
1469  0.35275862068965302 * x('40') +
1470  0.22 * x('41') +
1471  0.17758620689655299 * x('42') +
1472  2.3527586206896598 * x('43') +
1473  0.97448275862068701 * x('44') +
1474  0.0065517241379310504 * x('45') -
1475  0.0537931034482758 * x('46') +
1476  0.045172413793103501 * x('47') +
1477  1.2120689655172401 * x('48') +
1478  0.89655172413793105 * x('49') +
1479  0.75517241379310596 * x('50') +
1480  x('53') -
1481  x('82') =e= 0;
1482  con28.. (-0.25) * x('1') -
1483  0.051724137931034503 * x('2') +
1484  0.17586206896551501 * x('3') +
1485  0.61655172413793102 * x('4') -
1486  0.380000000000001 * x('5') -
1487  1.7672413793103401 * x('6') -
1488  0.29965517241379303 * x('7') +
1489  0.30551724137930802 * x('8') +
1490  0.630000000000003 * x('9') +
1491  0.38862068965517499 * x('10') -
1492  0.181034482758621 * x('11') -
1493  0.0172413793103448 * x('12') +
1494  1.4651724137931099 * x('13') +
1495  0.45241379310344798 * x('14') -
1496  1.4051724137931001 * x('15') -
1497  0.71999999999999997 * x('16') +
1498  0.88310344827585996 * x('17') +
1499  0.43620689655172401 * x('18') -
1500  0.184482758620691 * x('19') +
1501  0.94827586206896597 * x('20') -
1502  0.36137931034482501 * x('21') +
1503  0.067931034482758501 * x('22') -
1504  0.14586206896551701 * x('23') +
1505  0.92172413793103203 * x('24') +
1506  0.33103448275862202 * x('25') +
1507  0.077586206896551699 * x('26') +
1508  0.54310344827586199 * x('27') -
1509  0.063793103448275004 * x('28') -
1510  0.82758620689655205 * x('29') -
1511  0.181034482758621 * x('30') -
1512  0.29310344827586199 * x('31') -
1513  4.3275862068965498 * x('32') +
1514  0.28827586206896599 * x('33') -
1515  2.0351724137931102 * x('34') -
1516  0.0172413793103448 * x('35') -
1517  1.6644827586206901 * x('36') -
1518  0.31413793103448401 * x('37') -
1519  0.45620689655172902 * x('38') +
1520  0.069310344827587494 * x('39') -
1521  0.48275862068965503 * x('40') -
1522  0.28000000000000003 * x('41') -
1523  0.082413793103448998 * x('42') +
1524  0.232758620689655 * x('43') -
1525  0.405517241379308 * x('44') +
1526  0.12655172413793001 * x('45') -
1527  0.0537931034482758 * x('46') +
1528  0.175172413793103 * x('47') -
1529  0.91793103448275803 * x('48') +
1530  0.52655172413793006 * x('49') -
1531  1.1248275862068999 * x('50') +
1532  x('52') -
1533  x('81') =e= 0;
1534  con29.. (-0.43172413793103298) * x('2') +
1535  0.68586206896552004 * x('3') -
1536  0.51344827586206498 * x('4') -
1537  2.0172413793103399 * x('6') -
1538  0.049655172413793101 * x('7') -
1539  0.56448275862068997 * x('8') -
1540  0.75 * x('9') +
1541  0.12862068965517001 * x('10') +
1542  0.068965517241379296 * x('11') -
1543  0.0172413793103448 * x('12') +
1544  1.1551724137931001 * x('13') -
1545  0.16758620689655199 * x('14') -
1546  2.6551724137931001 * x('15') +
1547  0.53000000000000003 * x('16') -
1548  0.23689655172413801 * x('17') -
1549  0.82379310344827605 * x('18') +
1550  0.55551724137931102 * x('19') -
1551  1.4317241379310299 * x('20') -
1552  1.12137931034483 * x('21') -
1553  0.13206896551724101 * x('22') +
1554  0.22413793103448301 * x('23') +
1555  0.55172413793103403 * x('24') -
1556  0.40896551724138003 * x('25') +
1557  0.57758620689655205 * x('26') -
1558  0.95689655172413801 * x('27') -
1559  0.57379310344827705 * x('28') -
1560  0.69758620689655104 * x('29') -
1561  0.181034482758621 * x('30') -
1562  0.673103448275858 * x('31') -
1563  2.5775862068965498 * x('32') -
1564  0.391724137931034 * x('33') -
1565  1.6551724137931001 * x('34') +
1566  0.112758620689656 * x('35') +
1567  3.5955172413793099 * x('36') -
1568  0.44413793103448301 * x('37') +
1569  0.53379310344828002 * x('38') -
1570  0.37068965517241398 * x('39') +
1571  0.51724137931034497 * x('40') -
1572  0.029999999999999999 * x('41') -
1573  0.95241379310344798 * x('42') +
1574  0.98275862068965503 * x('43') -
1575  4.5255172413793101 * x('44') +
1576  0.0065517241379310504 * x('45') +
1577  0.0062068965517237604 * x('46') +
1578  0.045172413793103501 * x('47') -
1579  2.2979310344827599 * x('48') -
1580  0.60344827586206895 * x('49') -
1581  2.5048275862069 * x('50') +
1582  x('51') -
1583  x('80') =e= 0;
1584  con30.. x('1') +
1585  x('2') +
1586  x('3') +
1587  x('4') +
1588  x('5') +
1589  x('6') +
1590  x('7') +
1591  x('8') +
1592  x('9') +
1593  x('10') +
1594  x('11') +
1595  x('12') +
1596  x('13') +
1597  x('14') +
1598  x('15') +
1599  x('16') +
1600  x('17') +
1601  x('18') +
1602  x('19') +
1603  x('20') +
1604  x('21') +
1605  x('22') +
1606  x('23') +
1607  x('24') +
1608  x('25') +
1609  x('26') +
1610  x('27') +
1611  x('28') +
1612  x('29') +
1613  x('30') +
1614  x('31') +
1615  x('32') +
1616  x('33') +
1617  x('34') +
1618  x('35') +
1619  x('36') +
1620  x('37') +
1621  x('38') +
1622  x('39') +
1623  x('40') +
1624  x('41') +
1625  x('42') +
1626  x('43') +
1627  x('44') +
1628  x('45') +
1629  x('46') +
1630  x('47') +
1631  x('48') +
1632  x('49') +
1633  x('50') =e= 1;
1634  con31..(-0.051724137931034503) * x('2') +
1635  0.055862068965517202 * x('3') +
1636  0.116551724137931 * x('4') -
1637  0.0172413793103448 * x('6') -
1638  0.049655172413793101 * x('7') -
1639  0.064482758620689598 * x('8') +
1640  0.0086206896551724102 * x('10') +
1641  0.068965517241379296 * x('11') -
1642  0.0172413793103448 * x('12') -
1643  0.094827586206896505 * x('13') -
1644  0.0475862068965517 * x('14') +
1645  0.34482758620689702 * x('15') +
1646  0.029999999999999898 * x('16') +
1647  0.0131034482758622 * x('17') +
1648  0.056206896551724103 * x('18') -
1649  0.064482758620689695 * x('19') -
1650  0.30172413793103398 * x('20') -
1651  0.24137931034482801 * x('21') -
1652  0.0020689655172413798 * x('22') -
1653  0.025862068965517199 * x('23') -
1654  0.198275862068966 * x('24') -
1655  0.038965517241379297 * x('25') +
1656  0.077586206896551699 * x('26') -
1657  0.20689655172413801 * x('27') +
1658  0.0562068965517242 * x('28') -
1659  0.077586206896551699 * x('29') +
1660  0.068965517241379296 * x('30') -
1661  1.0431034482758601 * x('31') -
1662  0.32758620689655199 * x('32') -
1663  0.0217241379310345 * x('33') -
1664  0.15517241379310301 * x('34') -
1665  0.0172413793103448 * x('35') -
1666  0.28448275862069 * x('36') +
1667  0.055862068965517299 * x('37') +
1668  0.163793103448276 * x('38') -
1669  0.37068965517241398 * x('39') +
1670  0.0172413793103448 * x('40') -
1671  0.029999999999999999 * x('41') +
1672  0.0475862068965517 * x('42') -
1673  0.51724137931034497 * x('43') -
1674  0.21551724137931 * x('44') +
1675  0.0065517241379310504 * x('45') -
1676  0.0537931034482758 * x('46') -
1677  0.014827586206896601 * x('47') -
1678  0.41793103448275898 * x('48') -
1679  0.10344827586206901 * x('49') -
1680  0.124827586206896 * x('50') =g= -0.10024137931034501;
1681  x.lo('1')=0;
1682  x.lo('2')=0;
1683  x.lo('3')=0;
1684  x.lo('4')=0;
1685  x.lo('5')=0;
1686  x.lo('6')=0;
1687  x.lo('7')=0;
1688  x.lo('8')=0;
1689  x.lo('9')=0;
1690  x.lo('10')=0;
1691  x.lo('11')=0;
1692  x.lo('12')=0;
1693  x.lo('13')=0;
1694  x.lo('14')=0;
1695  x.lo('15')=0;
1696  x.lo('16')=0;
1697  x.lo('17')=0;
1698  x.lo('18')=0;
1699  x.lo('19')=0;
1700  x.lo('20')=0;
1701  x.lo('21')=0;
1702  x.lo('22')=0;
1703  x.lo('23')=0;
1704  x.lo('24')=0;
1705  x.lo('25')=0;
1706  x.lo('26')=0;
1707  x.lo('27')=0;
1708  x.lo('28')=0;
1709  x.lo('29')=0;
1710  x.lo('30')=0;
1711  x.lo('31')=0;
1712  x.lo('32')=0;
1713  x.lo('33')=0;
1714  x.lo('34')=0;
1715  x.lo('35')=0;
1716  x.lo('36')=0;
1717  x.lo('37')=0;
1718  x.lo('38')=0;
1719  x.lo('39')=0;
1720  x.lo('40')=0;
1721  x.lo('41')=0;
1722  x.lo('42')=0;
1723  x.lo('43')=0;
1724  x.lo('44')=0;
1725  x.lo('45')=0;
1726  x.lo('46')=0;
1727  x.lo('47')=0;
1728  x.lo('48')=0;
1729  x.lo('49')=0;
1730  x.lo('50')=0;
1731  x.lo('51')=0;
1732  x.lo('52')=0;
1733  x.lo('53')=0;
1734  x.lo('54')=0;
1735  x.lo('55')=0;
1736  x.lo('56')=0;
1737  x.lo('57')=0;
1738  x.lo('58')=0;
1739  x.lo('59')=0;
1740  x.lo('60')=0;
1741  x.lo('61')=0;
1742  x.lo('62')=0;
1743  x.lo('63')=0;
1744  x.lo('64')=0;
1745  x.lo('65')=0;
1746  x.lo('66')=0;
1747  x.lo('67')=0;
1748  x.lo('68')=0;
1749  x.lo('69')=0;
1750  x.lo('70')=0;
1751  x.lo('71')=0;
1752  x.lo('72')=0;
1753  x.lo('73')=0;
1754  x.lo('74')=0;
1755  x.lo('75')=0;
1756  x.lo('76')=0;
1757  x.lo('77')=0;
1758  x.lo('78')=0;
1759  x.lo('79')=0;
1760  x.lo('80')=0;
1761  x.lo('81')=0;
1762  x.lo('82')=0;
1763  x.lo('83')=0;
1764  x.lo('84')=0;
1765  x.lo('85')=0;
1766  x.lo('86')=0;
1767  x.lo('87')=0;
1768  x.lo('88')=0;
1769  x.lo('89')=0;
1770  x.lo('90')=0;
1771  x.lo('91')=0;
1772  x.lo('92')=0;
1773  x.lo('93')=0;
1774  x.lo('94')=0;
1775  x.lo('95')=0;
1776  x.lo('96')=0;
1777  x.lo('97')=0;
1778  x.lo('98')=0;
1779  x.lo('99')=0;
1780  x.lo('100')=0;
1781  x.lo('101')=0;
1782  x.lo('102')=0;
1783  x.lo('103')=0;
1784  x.lo('104')=0;
1785  x.lo('105')=0;
1786  x.lo('106')=0;
1787  x.lo('107')=0;
1788  x.lo('108')=0;
1789  Model m/All/;
1790  m.workspace = 32;
1791  m.optfile = 1;options nlp=convert;
1792  Solve m using nlp minimizing obj;
1793  display x.l, obj.l;
1794   
1795   
1796   


COMPILATION TIME     =        0.015 SECONDS      3 MB  53.5.1 f2e5fac3 WEX-WEI
GAMS 53.5.1  f2e5fac3 May 20, 2026          WEX-WEI x86 64bit/MS Windows - 06/14/26 21:50:20 Page 2
G e n e r a l   A l g e b r a i c   M o d e l i n g   S y s t e m
Equation Listing    SOLVE m Using NLP From line 1792


---- objcon  =E=  

objcon..  - x(51) - x(52) - x(53) - x(54) - x(55) - x(56) - x(57) - x(58) - x(59) - x(60) - x(61) - x(62) - x(63) - x(64) - x(65) - x(66) - x(67) - x(68) - x(69) - x(70) - x(71) - x(72) - x(73) - x(74) - x(75) - x(76) - x(77) - x(78) - x(79) - x(80) - x(81) - x(82) - x(83) - x(84) - x(85) - x(86) - x(87) - x(88) - x(89) - x(90) - x(91) - x(92) - x(93) - x(94) - x(95) - x(96) - x(97) - x(98) - x(99) - x(100) - x(101) - x(102) - x(103) - x(104) - x(105) - x(106) - x(107) - x(108) + obj =E= 0 ; (LHS = 0)
     

---- con1  =E=  

con1..  0.130000000000001*x(1) + 1.19827586206897*x(2) + 1.05586206896552*x(3) + 1.86655172413793*x(4) + 0.5*x(5) - 0.267241379310345*x(6) - 0.109655172413792*x(7) + 1.30551724137931*x(8) + 1.12*x(9) + 0.508620689655172*x(10) + 0.188965517241377*x(11) + 0.732758620689655*x(12) + 0.0251724137931009*x(13) + 0.202413793103448*x(14) + 4.3448275862069*x(15) + 0.660000000000002*x(16) + 0.88310344827586*x(17) + 0.0562068965517241*x(18) + 0.0555172413793113*x(19) - 0.171724137931034*x(20) + 0.638620689655175*x(21) + 0.117931034482759*x(22) - 0.0258620689655172*x(23) - 1.69827586206897*x(24) + 0.711034482758621*x(25) - 0.0524137931034473*x(26) + 2.54310344827586*x(27) + 0.176206896551723*x(28) - 0.0775862068965517*x(29) - 2.18103448275862*x(30) - 1.54310344827586*x(31) + 0.172413793103448*x(32) + 0.228275862068965*x(33) - 1.1551724137931*x(34) + 0.102758620689654*x(35) + 1.58551724137931*x(36) + 0.305862068965517*x(37) + 0.793793103448271*x(38) + 0.509310344827587*x(39) + 1.63724137931034*x(40) + 0.090000000000001*x(41) - 0.202413793103448*x(42) - 1.26724137931034*x(43) - 2.33551724137931*x(44) + 0.136551724137931*x(45) - 0.173793103448276*x(46) - 0.0148275862068966*x(47) - 1.04793103448276*x(48) - 1.23344827586207*x(49) + 0.995172413793101*x(50) + x(79) - x(108) =E= 0 ; (LHS = 0)
     

---- con2  =E=  

con2..  - 0.130000000000001*x(1) + 0.698275862068966*x(2) + 0.43586206896552*x(3) + 1.36655172413793*x(4) + 0.130000000000001*x(5) + 3.61275862068965*x(6) + 0.200344827586207*x(7) + 0.43551724137931*x(8) + 1.13*x(9) + 1.75862068965517*x(10) - 0.181034482758621*x(11) - 1.01724137931034*x(12) + 0.155172413793103*x(13) + 0.202413793103448*x(14) - 0.155172413793103*x(15) + 0.28*x(16) + 0.143103448275865*x(17) + 0.0562068965517241*x(18) + 0.565517241379309*x(19) - 0.181724137931035*x(20) + 0.758620689655172*x(21) - 0.122068965517241*x(22) - 0.0258620689655172*x(23) + 1.68172413793104*x(24) + 0.211034482758621*x(25) - 0.0424137931034493*x(26) + 1.29310344827586*x(27) - 0.063793103448275*x(28) + 1.04241379310345*x(29) - 0.181034482758621*x(30) + 2.83689655172414*x(31) + 3.67241379310345*x(32) - 0.0217241379310345*x(33) + 1.7248275862069*x(34) - 0.0172413793103448*x(35) + 0.0955172413793058*x(36) + 0.555862068965517*x(37) + 0.913793103448276*x(38) + 0.629310344827586*x(39) - 0.352758620689653*x(40) - 0.150000000000001*x(41) - 0.452413793103448*x(42) + 1.23275862068966*x(43) + 3.15448275862069*x(44) - 0.123448275862069*x(45) + 0.0662068965517243*x(46) - 0.0148275862068966*x(47) + 3.46206896551724*x(48) + 0.77655172413793*x(49) + 2.25517241379311*x(50) + x(78) - x(107) =E= 0 ; (LHS = 0)
     

---- con3  =E=  

con3..  0.198275862068966*x(2) + 0.0558620689655172*x(3) - 0.383448275862069*x(4) + 0.35275862068966*x(6) + 0.0703448275862061*x(7) + 0.315517241379313*x(8) - 0.25*x(9) - 0.241379310344828*x(10) + 0.198965517241382*x(11) + 0.732758620689655*x(12) + 0.405172413793103*x(13) - 0.107586206896551*x(14) - 6.0251724137931*x(15) + 0.0299999999999999*x(16) + 0.513103448275862*x(17) + 0.0562068965517241*x(18) + 0.0555172413793113*x(19) - 0.611724137931035*x(20) + 2.75862068965517*x(21) - 0.00206896551724138*x(22) - 0.0258620689655172*x(23) - 0.578275862068968*x(24) - 0.288965517241379*x(25) - 0.422413793103448*x(26) - 0.206896551724138*x(27) + 0.176206896551723*x(28) - 0.197586206896551*x(29) + 0.438965517241379*x(30) - 0.673103448275865*x(31) - 1.19758620689655*x(32) - 0.0217241379310345*x(33) + 0.0948275862068965*x(34) + 0.232758620689655*x(35) + 0.0855172413793149*x(36) + 0.0558620689655173*x(37) - 1.58620689655172*x(38) - 0.620689655172414*x(39) - 0.362758620689658*x(40) + 0.340000000000001*x(41) - 0.452413793103448*x(42) - 0.637241379310344*x(43) + 0.0344827586206897*x(44) - 0.113448275862069*x(45) - 0.0537931034482758*x(46) - 0.0148275862068966*x(47) - 0.547931034482761*x(48) + 0.646551724137931*x(49) + 0.495172413793101*x(50) + x(77) - x(106) =E= 0 ; (LHS = 0)
     

---- con4  =E=  

con4..  0.130000000000001*x(1) + 0.698275862068966*x(2) + 0.925862068965515*x(3) + 0.866551724137931*x(4) + 0.25*x(5) + 0.982758620689655*x(6) - 0.169655172413792*x(7) + 2.18551724137931*x(8) + 1.5*x(9) + 1.25862068965517*x(10) + 0.0689655172413793*x(11) + 0.482758620689655*x(12) - 1.0248275862069*x(13) + 0.262413793103448*x(14) - 0.785172413793106*x(15) + 0.28*x(16) - 0.11689655172414*x(17) + 0.0562068965517241*x(18) + 1.06551724137931*x(19) - 0.361724137931033*x(20) - 0.37137931034483*x(21) - 0.132068965517241*x(22) - 0.465862068965517*x(23) - 2.31827586206896*x(24) - 0.788965517241379*x(25) - 0.422413793103448*x(26) + 0.543103448275862*x(27) + 0.306206896551724*x(28) + 0.292413793103448*x(29) - 0.181034482758621*x(30) + 15.2068965517241*x(31) - 2.20758620689655*x(32) - 0.271724137931035*x(33) - 1.1551724137931*x(34) - 0.0172413793103448*x(35) - 0.78448275862069*x(36) - 0.194137931034483*x(37) + 0.163793103448276*x(38) - 0.250689655172415*x(39) + 0.647241379310347*x(40) - 0.03*x(41) - 0.14241379310345*x(42) - 0.267241379310345*x(43) - 1.96551724137931*x(44) + 0.00655172413793105*x(45) + 0.136206896551725*x(46) + 0.0451724137931035*x(47) + 0.392068965517244*x(48) - 1.48344827586207*x(49) + 1.6251724137931*x(50) + x(76) - x(105) =E= 0 ; (LHS = 0)
     

---- con5  =E=  

con5..  - 0.0517241379310345*x(2) + 0.0558620689655172*x(3) + 0.116551724137931*x(4) - 0.0172413793103448*x(6) - 0.179655172413794*x(7) - 0.0644827586206896*x(8) + 0.00862068965517241*x(10) + 0.0689655172413793*x(11) - 0.0172413793103448*x(12) - 0.0948275862068965*x(13) + 0.202413793103448*x(14) + 2.8448275862069*x(15) + 0.0299999999999999*x(16) + 0.0131034482758622*x(17) + 0.0562068965517241*x(18) - 0.0644827586206897*x(19) + 2.31827586206896*x(20) - 0.241379310344828*x(21) - 0.00206896551724138*x(22) - 0.0258620689655172*x(23) - 0.198275862068966*x(24) - 0.0389655172413793*x(25) + 0.0775862068965517*x(26) - 0.206896551724138*x(27) + 0.0562068965517242*x(28) - 0.0775862068965517*x(29) + 0.0689655172413793*x(30) + 0.83689655172414*x(31) + 1.42241379310345*x(32) - 0.141724137931034*x(33) - 0.785172413793106*x(34) - 0.0172413793103448*x(35) - 0.154482758620694*x(36) + 0.18586206896552*x(37) + 0.78379310344828*x(38) + 0.00931034482758697*x(39) + 1.13724137931034*x(40) + 0.22*x(41) - 0.012413793103447*x(42) - 0.397241379310346*x(43) - 0.775517241379313*x(44) + 0.00655172413793105*x(45) - 0.0537931034482758*x(46) - 0.0148275862068966*x(47) - 0.977931034482761*x(48) + 0.27655172413793*x(49) - 0.494827586206894*x(50) + x(75) - x(104) =E= 0 ; (LHS = 0)
     

---- con6  =E=  

con6..  - 0.130000000000001*x(1) - 0.0517241379310345*x(2) - 0.0641379310344803*x(3) - 0.0134482758620646*x(4) - 2.13724137931034*x(6) + 0.0803448275862076*x(7) + 1.18551724137931*x(8) + 0.369999999999997*x(9) - 1.24137931034483*x(10) + 0.318965517241379*x(11) + 0.232758620689655*x(12) - 0.414827586206897*x(13) - 1.04758620689655*x(14) + 0.594827586206897*x(15) + 0.78*x(16) - 0.736896551724138*x(17) + 0.0562068965517241*x(18) - 0.0644827586206897*x(19) + 0.698275862068966*x(20) - 1.11137931034483*x(21) + 0.0679310344827585*x(22) - 0.0858620689655177*x(23) - 0.198275862068966*x(24) - 0.40896551724138*x(25) - 0.422413793103448*x(26) + 0.293103448275862*x(27) - 0.313793103448275*x(28) + 0.172413793103448*x(29) + 0.568965517241379*x(30) + 2.70689655172413*x(31) + 1.92241379310345*x(32) + 0.478275862068965*x(33) + 3.8448275862069*x(34) - 0.267241379310345*x(35) - 0.53448275862069*x(36) + 0.175862068965515*x(37) + 0.663793103448276*x(38) - 0.310689655172415*x(39) - 1.23275862068966*x(40) - 0.53*x(41) + 0.0475862068965517*x(42) + 0.112758620689656*x(43) + 3.78448275862069*x(44) - 0.123448275862069*x(45) - 0.183793103448277*x(46) + 0.0451724137931035*x(47) + 3.46206896551724*x(48) + 0.016551724137932*x(49) + 0.625172413793104*x(50) + x(74) - x(103) =E= 0 ; (LHS = 0)
     

---- con7  =E=  

con7..  0.130000000000001*x(1) - 0.0517241379310345*x(2) - 0.324137931034485*x(3) - 1.38344827586207*x(4) + 0.369999999999999*x(5) - 1.26724137931034*x(6) + 0.0703448275862061*x(7) - 1.19448275862069*x(8) + 0.630000000000003*x(9) - 1.24137931034483*x(10) - 0.0610344827586232*x(11) - 0.517241379310345*x(12) - 1.4048275862069*x(13) - 0.417586206896552*x(14) + 2.3448275862069*x(15) + 0.53*x(16) - 0.356896551724135*x(17) + 0.0562068965517241*x(18) - 0.694482758620689*x(19) + 1.82827586206896*x(20) - 1.74137931034483*x(21) - 0.00206896551724138*x(22) - 0.155862068965517*x(23) - 0.448275862068969*x(24) - 0.0389655172413793*x(25) - 0.922413793103448*x(26) - 0.706896551724138*x(27) - 0.193793103448276*x(28) - 0.577586206896552*x(29) - 0.0510344827586199*x(30) - 3.17310344827586*x(31) + 0.672413793103448*x(32) - 0.0217241379310345*x(33) - 1.6551724137931*x(34) - 0.267241379310345*x(35) - 0.664482758620685*x(36) + 0.0558620689655173*x(37) + 0.663793103448276*x(38) - 0.930689655172413*x(39) - 1.73275862068966*x(40) - 0.28*x(41) - 0.702413793103448*x(42) - 0.517241379310345*x(43) - 0.905517241379308*x(44) + 0.00655172413793105*x(45) - 0.0537931034482758*x(46) - 0.0148275862068966*x(47) - 2.41793103448276*x(48) - 0.853448275862069*x(49) - 2.7548275862069*x(50) + x(73) - x(102) =E= 0 ; (LHS = 0)
     

---- con8  =E=  

con8..  0.0782758620689645*x(2) + 0.68586206896552*x(3) - 0.753448275862074*x(4) - 0.369999999999999*x(5) - 1.39724137931035*x(6) - 0.0496551724137931*x(7) - 0.684482758620687*x(8) - 2*x(9) + 0.00862068965517241*x(10) - 0.551034482758618*x(11) - 0.517241379310345*x(12) + 0.345172413793105*x(13) + 0.0724137931034484*x(14) + 0.0948275862068966*x(15) - 0.600000000000003*x(16) + 0.13310344827586*x(17) + 0.0562068965517241*x(18) - 0.0644827586206897*x(19) - 0.621724137931035*x(20) - 2.62137931034483*x(21) + 0.0579310344827587*x(22) - 0.0258620689655172*x(23) - 0.0782758620689645*x(24) - 0.168965517241378*x(25) - 0.172413793103448*x(26) - 0.206896551724138*x(27) + 0.0562068965517242*x(28) + 0.0524137931034491*x(29) + 0.0689655172413793*x(30) - 1.79310344827586*x(31) - 0.577586206896552*x(32) - 1.15172413793104*x(33) - 0.775172413793101*x(34) + 0.232758620689655*x(35) + 0.71551724137931*x(36) - 0.0641379310344802*x(37) - 0.456206896551729*x(38) - 0.250689655172415*x(39) + 0.397241379310347*x(40) - 0.28*x(41) + 0.167586206896551*x(42) + 1.23275862068966*x(43) - 0.0855172413793078*x(44) + 0.136551724137931*x(45) + 0.0762068965517249*x(46) - 0.0148275862068966*x(47) + 0.452068965517239*x(48) + 0.02655172413793*x(49) - 1.3748275862069*x(50) + x(72) - x(101) =E= 0 ; (LHS = 0)
     

---- con9  =E=  

con9..  0.119999999999999*x(1) + 0.0682758620689665*x(2) - 0.194137931034483*x(3) + 0.736551724137935*x(4) - 0.25*x(5) - 0.637241379310342*x(6) + 0.200344827586207*x(7) - 0.0644827586206896*x(8) + 0.25*x(9) + 0.00862068965517241*x(10) + 0.188965517241377*x(11) - 0.0172413793103448*x(12) + 0.0251724137931009*x(13) + 0.142413793103449*x(14) - 0.275172413793101*x(15) - 0.22*x(16) + 0.0131034482758622*x(17) + 0.0562068965517241*x(18) - 0.0644827586206897*x(19) - 0.481724137931034*x(20) - 0.991379310344828*x(21) - 0.00206896551724138*x(22) + 0.104137931034483*x(23) + 0.181724137931037*x(24) + 0.211034482758621*x(25) + 0.0775862068965517*x(26) - 0.456896551724138*x(27) + 0.0562068965517242*x(28) + 0.422413793103448*x(29) + 0.128965517241378*x(30) + 1.95689655172414*x(31) + 0.422413793103448*x(32) + 0.978275862068965*x(33) + 0.214827586206894*x(34) - 0.137241379310344*x(35) - 0.0344827586206897*x(36) + 0.0558620689655173*x(37) - 1.08620689655172*x(38) - 0.370689655172414*x(39) + 0.137241379310342*x(40) + 0.47*x(41) + 0.547586206896552*x(42) + 0.102758620689654*x(43) + 1.96448275862069*x(44) - 0.123448275862069*x(45) + 0.0662068965517234*x(46) - 0.0148275862068966*x(47) + 1.33206896551724*x(48) + 0.266551724137932*x(49) + 0.505172413793106*x(50) + x(71) - x(100) =E= 0 ; (LHS = 0)
     

---- con10  =E=  

con10..  0.130000000000001*x(1) + 0.328275862068965*x(2) - 0.194137931034483*x(3) + 0.496551724137926*x(4) - 0.25*x(5) - 1.01724137931034*x(6) + 0.0103448275862073*x(7) - 0.444482758620692*x(8) + 0.5*x(9) - 0.741379310344828*x(10) + 0.0689655172413793*x(11) + 0.732758620689655*x(12) - 0.964827586206894*x(13) + 0.262413793103448*x(14) + 0.0948275862068966*x(15) + 0.53*x(16) - 0.606896551724135*x(17) + 0.0562068965517241*x(18) - 0.0644827586206897*x(19) - 0.931724137931033*x(20) + 1.50862068965517*x(21) - 0.00206896551724138*x(22) + 0.224137931034483*x(23) - 0.518275862068966*x(24) + 0.211034482758621*x(25) + 0.0775862068965517*x(26) + 1.04310344827586*x(27) + 0.0562068965517242*x(28) + 0.0424137931034475*x(29) - 0.12103448275862*x(30) - 1.04310344827586*x(31) - 0.697586206896549*x(32) - 0.521724137931035*x(33) + 0.974827586206899*x(34) + 0.232758620689655*x(35) + 1.09551724137931*x(36) - 0.194137931034483*x(37) + 0.413793103448276*x(38) - 0.370689655172414*x(39) + 0.517241379310345*x(40) - 0.03*x(41) + 0.0475862068965517*x(42) - 0.767241379310345*x(43) + 0.60448275862069*x(44) - 0.0534482758620686*x(45) + 0.0162068965517244*x(46) + 0.0451724137931035*x(47) + 0.212068965517244*x(48) + 0.146551724137931*x(49) + 0.745172413793101*x(50) + x(70) - x(99) =E= 0 ; (LHS = 0)
     

---- con11  =E=  

con11..  0.198275862068966*x(2) - 0.0741379310344854*x(3) - 0.383448275862069*x(4) - 0.380000000000001*x(5) + 0.482758620689655*x(6) + 0.140344827586206*x(7) + 0.43551724137931*x(8) + 0.369999999999997*x(9) - 0.991379310344828*x(10) + 0.318965517241379*x(11) + 0.482758620689655*x(12) + 0.845172413793101*x(13) + 0.0824137931034482*x(14) + 0.464827586206894*x(15) - 0.0899999999999975*x(16) + 0.13310344827586*x(17) + 0.0562068965517241*x(18) - 0.0644827586206897*x(19) - 0.421724137931035*x(20) + 1.63862068965517*x(21) - 0.00206896551724138*x(22) - 0.0258620689655172*x(23) - 0.0082758620689678*x(24) - 0.0389655172413793*x(25) + 0.577586206896552*x(26) - 0.206896551724138*x(27) - 0.193793103448276*x(28) - 0.577586206896552*x(29) - 0.931034482758621*x(30) - 1.29310344827586*x(31) + 0.292413793103446*x(32) + 0.478275862068965*x(33) - 0.785172413793106*x(34) - 0.0172413793103448*x(35) + 0.0855172413793149*x(36) + 0.555862068965517*x(37) + 0.663793103448276*x(38) - 0.490689655172413*x(39) - 0.232758620689655*x(40) - 0.28*x(41) - 0.202413793103448*x(42) - 0.387241379310344*x(43) - 0.71551724137931*x(44) + 0.00655172413793105*x(45) + 0.0662068965517243*x(46) + 0.115172413793103*x(47) - 0.917931034482758*x(48) + 0.02655172413793*x(49) + 0.625172413793104*x(50) + x(69) - x(98) =E= 0 ; (LHS = 0)
     

---- con12  =E=  

con12..  - 0.380000000000001*x(1) - 0.0517241379310345*x(2) - 0.0641379310344803*x(3) - 1.01344827586206*x(4) + 0.130000000000001*x(5) - 1.64724137931035*x(6) - 0.239655172413793*x(7) + 0.315517241379313*x(8) + 0.130000000000003*x(9) + 0.388620689655175*x(10) - 0.181034482758621*x(11) + 0.482758620689655*x(12) - 0.0948275862068965*x(13) + 0.0724137931034484*x(14) - 1.1551724137931*x(15) - 0.100000000000003*x(16) + 1.01310344827586*x(17) - 0.193793103448276*x(18) - 0.0644827586206897*x(19) - 0.0517241379310345*x(20) - 0.241379310344828*x(21) - 0.0620689655172414*x(22) - 0.155862068965517*x(23) + 0.0517241379310345*x(24) - 0.538965517241379*x(25) - 0.172413793103448*x(26) - 0.456896551724138*x(27) + 0.0562068965517242*x(28) - 0.197586206896551*x(29) + 0.318965517241379*x(30) - 0.0431034482758621*x(31) - 0.0775862068965517*x(32) - 0.271724137931035*x(33) + 0.224827586206899*x(34) - 0.0172413793103448*x(35) - 0.904482758620694*x(36) - 0.444137931034483*x(37) + 0.0337931034482804*x(38) - 0.500689655172415*x(39) - 0.232758620689655*x(40) + 0.47*x(41) - 0.202413793103448*x(42) - 0.517241379310345*x(43) - 0.71551724137931*x(44) - 0.0534482758620694*x(45) - 0.0537931034482758*x(46) - 0.0748275862068966*x(47) - 0.487931034482759*x(48) - 0.233448275862068*x(49) - 1.1248275862069*x(50) + x(68) - x(97) =E= 0 ; (LHS = 0)
     

---- con13  =E=  

con13..  - 0.25*x(1) - 0.301724137931034*x(2) - 0.824137931034485*x(3) - 0.383448275862069*x(4) - 0.130000000000001*x(5) - 1.51724137931034*x(6) - 0.109655172413794*x(7) - 0.444482758620692*x(8) - 1.25*x(9) - 0.491379310344828*x(10) - 0.181034482758621*x(11) + 0.612758620689654*x(12) - 0.0948275862068965*x(13) - 0.0475862068965517*x(14) - 1.4051724137931*x(15) - 0.0899999999999975*x(16) - 0.106896551724135*x(17) - 0.193793103448276*x(18) - 0.0644827586206897*x(19) - 0.301724137931034*x(20) + 2.50862068965517*x(21) - 0.00206896551724138*x(22) + 0.224137931034483*x(23) - 0.068275862068963*x(24) - 0.538965517241379*x(25) + 0.327586206896552*x(26) - 0.956896551724138*x(27) + 0.306206896551724*x(28) + 0.542413793103448*x(29) + 0.568965517241379*x(30) - 2.54310344827586*x(31) - 1.82758620689655*x(32) - 0.391724137931034*x(33) - 1.1551724137931*x(34) - 0.0172413793103448*x(35) - 0.28448275862069*x(36) - 0.194137931034486*x(37) - 2.83620689655172*x(38) - 0.180689655172414*x(39) - 0.602758620689653*x(40) + 0.47*x(41) + 0.857586206896552*x(42) - 1.14724137931035*x(43) - 1.21551724137931*x(44) + 0.00655172413793105*x(45) + 0.0762068965517241*x(46) - 0.0148275862068966*x(47) - 1.84793103448276*x(48) - 0.47344827586207*x(49) - 1.6248275862069*x(50) + x(67) - x(96) =E= 0 ; (LHS = 0)
     

---- con14  =E=  

con14..  - 0.301724137931034*x(2) + 0.555862068965517*x(3) + 2.11655172413793*x(4) - 2.26724137931034*x(6) - 0.0496551724137931*x(7) + 0.93551724137931*x(8) - 0.380000000000003*x(9) - 0.12137931034483*x(10) - 0.301034482758618*x(11) + 0.352758620689656*x(12) + 0.465172413793106*x(13) - 0.167586206896552*x(14) - 3.1551724137931*x(15) - 0.22*x(16) - 0.11689655172414*x(17) + 0.176206896551724*x(18) - 0.0644827586206897*x(19) - 0.431724137931033*x(20) + 0.12862068965517*x(21) + 0.0579310344827587*x(22) - 0.215862068965518*x(23) - 0.0782758620689681*x(24) - 0.538965517241379*x(25) - 0.552413793103447*x(26) + 1.54310344827586*x(27) + 0.0562068965517242*x(28) - 0.197586206896551*x(29) + 0.0689655172413793*x(30) - 0.793103448275862*x(31) + 1.80241379310345*x(32) + 0.0982758620689647*x(33) - 0.655172413793103*x(34) - 0.267241379310345*x(35) - 1.66448275862069*x(36) - 0.0741379310344817*x(37) + 3.54379310344827*x(38) - 1.06068965517241*x(39) + 0.0172413793103448*x(40) + 0.099999999999999*x(41) + 0.487586206896551*x(42) + 0.232758620689655*x(43) + 1.15448275862069*x(44) + 0.186551724137931*x(45) - 0.0537931034482758*x(46) - 0.0848275862068964*x(47) + 1.95206896551724*x(48) + 0.516551724137932*x(49) + 0.0051724137931061*x(50) + x(66) - x(95) =E= 0 ; (LHS = 0)
     

---- con15  =E=  

con15..  - 0.25*x(1) - 0.681724137931033*x(2) - 0.444137931034483*x(3) + 0.746551724137926*x(4) + 0.130000000000001*x(5) - 2.88724137931034*x(6) - 0.0496551724137931*x(7) - 0.434482758620687*x(8) - 0.491379310344828*x(10) - 0.0610344827586232*x(11) - 0.267241379310345*x(12) + 0.345172413793101*x(13) - 0.0475862068965517*x(14) - 1.4051724137931*x(15) - 0.100000000000003*x(16) - 1.23689655172414*x(17) - 0.693793103448276*x(18) - 0.0644827586206897*x(19) - 0.0517241379310345*x(20) - 2.86137931034482*x(21) - 0.00206896551724138*x(22) + 0.044137931034483*x(23) - 0.698275862068966*x(24) + 0.84103448275862*x(25) + 0.207586206896551*x(26) - 2.45689655172414*x(27) + 0.0562068965517242*x(28) - 0.827586206896552*x(29) + 0.0689655172413793*x(30) - 7.54310344827586*x(31) - 4.07758620689655*x(32) - 0.271724137931035*x(33) - 2.53517241379311*x(34) - 0.0172413793103448*x(35) - 0.154482758620694*x(36) + 0.0558620689655173*x(37) + 1.66379310344828*x(38) - 1.24068965517241*x(39) + 0.267241379310345*x(40) - 0.35*x(41) - 0.452413793103448*x(42) - 1.51724137931034*x(43) - 4.33551724137931*x(44) - 0.173448275862069*x(45) - 0.123793103448276*x(46) - 0.0748275862068966*x(47) - 4.66793103448276*x(48) - 0.47344827586207*x(49) - 2.3748275862069*x(50) + x(65) - x(94) =E= 0 ; (LHS = 0)
     

---- con16  =E=  

con16..  0.380000000000001*x(1) + 0.198275862068966*x(2) - 0.0641379310344803*x(3) - 0.133448275862069*x(4) + 0.369999999999999*x(5) + 2.35275862068965*x(6) + 0.0803448275862076*x(7) - 0.0644827586206896*x(8) + 1.25862068965517*x(10) + 0.318965517241379*x(11) - 0.767241379310345*x(12) + 0.905172413793103*x(13) + 0.512413793103449*x(14) + 2.0948275862069*x(15) + 0.78*x(16) + 0.893103448275865*x(17) + 0.0562068965517241*x(18) - 0.0644827586206897*x(19) - 0.171724137931035*x(20) + 0.508620689655172*x(21) - 0.00206896551724138*x(22) + 0.344137931034483*x(23) + 2.80172413793103*x(24) + 0.711034482758621*x(25) + 0.197586206896553*x(26) + 1.54310344827586*x(27) - 0.0737931034482766*x(28) + 1.04241379310345*x(29) + 0.0689655172413793*x(30) + 3.95689655172414*x(31) + 1.29241379310345*x(32) + 0.728275862068965*x(33) + 1.8448275862069*x(34) + 0.352758620689654*x(35) + 0.71551724137931*x(36) - 0.0641379310344837*x(37) + 0.28379310344828*x(38) + 0.629310344827586*x(39) + 0.887241379310342*x(40) - 0.339999999999999*x(41) + 0.427586206896553*x(42) - 0.387241379310344*x(43) - 2.21551724137931*x(44) - 0.0634482758620692*x(45) - 0.0537931034482758*x(46) - 0.134827586206897*x(47) + 2.83206896551724*x(48) + 1.01655172413793*x(49) + 3.8751724137931*x(50) + x(64) - x(93) =E= 0 ; (LHS = 0)
     

---- con17  =E=  

con17..  - 0.551724137931034*x(2) + 0.0558620689655172*x(3) - 0.883448275862069*x(4) + 0.380000000000001*x(5) - 1.01724137931034*x(6) + 0.0703448275862061*x(7) - 0.694482758620692*x(8) - 0.5*x(9) - 0.111379310344825*x(10) + 0.0689655172413793*x(11) - 1.01724137931034*x(12) - 0.414827586206897*x(13) + 0.142413793103448*x(14) + 0.594827586206897*x(15) - 0.22*x(16) - 0.486896551724138*x(17) - 0.313793103448276*x(18) - 0.0644827586206897*x(19) + 0.818275862068967*x(20) - 0.241379310344828*x(21) - 0.00206896551724138*x(22) - 0.275862068965517*x(23) + 2.80172413793103*x(24) + 0.0810344827586217*x(25) - 0.0424137931034493*x(26) - 0.456896551724138*x(27) - 0.563793103448275*x(28) + 0.302413793103449*x(29) + 0.318965517241379*x(30) + 2.83689655172413*x(31) + 0.422413793103448*x(32) - 0.271724137931035*x(33) + 1.9748275862069*x(34) - 0.0172413793103448*x(35) - 1.91448275862069*x(36) + 0.0558620689655173*x(37) + 1.16379310344828*x(38) - 0.120689655172414*x(39) - 0.102758620689653*x(40) - 0.03*x(41) - 0.202413793103448*x(42) + 0.102758620689654*x(43) - 0.21551724137931*x(44) + 0.136551724137932*x(45) + 0.0762068965517249*x(46) + 0.105172413793104*x(47) + 0.582068965517242*x(48) + 0.27655172413793*x(49) - 0.00482758620689902*x(50) + x(63) - x(92) =E= 0 ; (LHS = 0)
     

---- con18  =E=  

con18..  0.0599999999999987*x(1) - 0.301724137931034*x(2) - 0.324137931034485*x(3) + 0.736551724137935*x(4) - 0.137241379310342*x(6) + 0.0803448275862076*x(7) - 0.31448275862069*x(8) - 0.25*x(9) - 0.241379310344828*x(10) - 0.301034482758618*x(11) - 0.517241379310345*x(12) - 0.0948275862068965*x(13) + 0.0724137931034484*x(14) + 2.8448275862069*x(15) - 0.0899999999999975*x(16) + 0.13310344827586*x(17) - 0.193793103448276*x(18) - 0.0644827586206897*x(19) + 1.38827586206897*x(20) - 0.241379310344828*x(21) - 0.00206896551724138*x(22) + 0.224137931034483*x(23) - 0.068275862068963*x(24) + 1.71103448275862*x(25) + 0.197586206896553*x(26) + 3.04310344827586*x(27) + 0.556206896551724*x(28) - 0.207586206896552*x(29) - 0.181034482758621*x(30) + 4.82689655172414*x(31) + 2.17241379310345*x(32) - 0.271724137931035*x(33) + 2.46482758620689*x(34) - 0.0172413793103448*x(35) - 2.03448275862069*x(36) - 0.0741379310344817*x(37) - 0.706206896551729*x(38) - 0.310689655172415*x(39) + 1.13724137931034*x(40) - 0.53*x(41) + 0.10758620689655*x(42) + 1.73275862068966*x(43) + 2.15448275862069*x(44) + 0.0665517241379307*x(45) + 0.0662068965517234*x(46) - 0.0148275862068966*x(47) + 2.08206896551724*x(48) - 0.603448275862069*x(49) + 1.6251724137931*x(50) + x(62) - x(91) =E= 0 ; (LHS = 0)
     

---- con19  =E=  

con19..  0.31*x(1) + 0.0782758620689645*x(2) - 0.194137931034483*x(3) + 0.116551724137931*x(4) - 0.5*x(5) + 3.35275862068965*x(6) - 0.0496551724137931*x(7) - 2.06448275862069*x(8) - 0.241379310344828*x(10) - 0.0610344827586232*x(11) - 0.267241379310345*x(12) - 0.214827586206894*x(13) - 0.297586206896552*x(14) + 1.0948275862069*x(15) + 0.28*x(16) - 0.356896551724135*x(17) + 0.0562068965517241*x(18) - 0.0644827586206897*x(19) - 0.241724137931036*x(20) - 0.491379310344828*x(21) + 0.0579310344827587*x(22) + 0.104137931034483*x(23) - 0.578275862068968*x(24) - 1.28896551724138*x(25) + 0.457586206896551*x(26) - 0.456896551724138*x(27) - 0.0737931034482766*x(28) - 0.197586206896551*x(29) + 0.318965517241379*x(30) - 1.54310344827586*x(31) + 0.302413793103451*x(32) - 0.521724137931035*x(33) + 0.344827586206897*x(34) - 0.137241379310344*x(35) + 2.09551724137931*x(36) + 0.185862068965516*x(37) - 2.33620689655172*x(38) - 0.680689655172413*x(39) - 1.73275862068966*x(40) - 0.53*x(41) - 0.012413793103447*x(42) - 0.137241379310346*x(43) + 0.53448275862069*x(44) + 0.00655172413793105*x(45) - 0.0537931034482758*x(46) - 0.204827586206897*x(47) - 1.16793103448276*x(48) + 0.396551724137931*x(49) + 0.255172413793106*x(50) + x(61) - x(90) =E= 0 ; (LHS = 0)
     

---- con20  =E=  

con20..  0.130000000000001*x(1) + 0.0682758620689665*x(2) + 0.18586206896552*x(3) - 1.13344827586207*x(4) + 0.119999999999999*x(5) + 2.73275862068966*x(6) - 0.0496551724137931*x(7) + 0.18551724137931*x(8) + 0.130000000000003*x(9) + 1.00862068965517*x(10) - 0.0510344827586181*x(11) - 0.0172413793103448*x(12) - 0.224827586206899*x(13) + 0.452413793103448*x(14) + 0.344827586206897*x(15) - 1.22*x(16) - 0.36689655172414*x(17) + 0.176206896551724*x(18) + 0.18551724137931*x(19) + 0.198275862068966*x(20) + 0.37862068965517*x(21) + 0.0579310344827587*x(22) - 0.275862068965517*x(23) + 0.431724137931037*x(24) + 0.34103448275862*x(25) + 0.577586206896552*x(26) + 0.543103448275862*x(27) - 0.443793103448276*x(28) + 1.04241379310345*x(29) - 0.0510344827586199*x(30) - 0.543103448275862*x(31) - 0.207586206896554*x(32) + 0.978275862068965*x(33) + 1.4748275862069*x(34) - 0.0172413793103448*x(35) + 0.96551724137931*x(36) - 0.444137931034483*x(37) + 0.413793103448276*x(38) - 1.00068965517241*x(39) + 1.64724137931035*x(40) + 0.47*x(41) - 0.082413793103449*x(42) - 0.207241379310343*x(43) + 4.41448275862069*x(44) - 0.0534482758620686*x(45) - 0.0537931034482758*x(46) + 0.0551724137931033*x(47) + 2.46206896551724*x(48) + 0.646551724137931*x(49) + 0.245172413793101*x(50) + x(60) - x(89) =E= 0 ; (LHS = 0)
     

---- con21  =E=  

con21..  - 0.130000000000001*x(1) - 0.551724137931034*x(2) - 0.194137931034483*x(3) - 0.253448275862074*x(4) - 0.25*x(5) + 2.98275862068966*x(6) + 0.320344827586206*x(7) + 0.68551724137931*x(8) - 0.630000000000003*x(9) + 0.12862068965517*x(10) - 0.0610344827586232*x(11) + 0.232758620689655*x(12) - 0.464827586206894*x(13) - 0.167586206896552*x(14) - 0.405172413793103*x(15) + 0.0299999999999999*x(16) - 0.106896551724135*x(17) + 0.186206896551724*x(18) + 0.68551724137931*x(19) - 0.0517241379310345*x(20) + 0.758620689655172*x(21) + 0.127931034482758*x(22) + 0.344137931034483*x(23) + 0.551724137931034*x(24) - 0.288965517241379*x(25) + 0.197586206896553*x(26) - 1.20689655172414*x(27) + 0.0562068965517242*x(28) + 0.362413793103448*x(29) - 0.0610344827586215*x(30) - 1.04310344827586*x(31) - 0.447586206896549*x(32) + 0.358275862068966*x(33) - 0.655172413793103*x(34) + 0.232758620689655*x(35) - 0.28448275862069*x(36) + 0.0558620689655173*x(37) - 0.71620689655172*x(38) + 0.569310344827586*x(39) - 1.11275862068966*x(40) - 0.03*x(41) + 0.547586206896552*x(42) - 1.07724137931035*x(43) - 0.345517241379313*x(44) + 0.00655172413793105*x(45) - 0.0537931034482758*x(46) + 0.0451724137931035*x(47) - 2.16793103448276*x(48) + 0.396551724137931*x(49) + 0.505172413793106*x(50) + x(59) - x(88) =E= 0 ; (LHS = 0)
     

---- con22  =E=  

con22..  - 0.119999999999999*x(1) - 0.551724137931034*x(2) + 0.175862068965515*x(3) + 0.616551724137931*x(4) + 5.36275862068965*x(6) - 0.169655172413792*x(7) + 0.18551724137931*x(8) - 0.111379310344825*x(10) - 0.0510344827586181*x(11) - 0.387241379310346*x(12) - 0.224827586206899*x(13) - 0.427586206896552*x(14) + 1.0948275862069*x(15) - 0.100000000000003*x(16) + 0.0131034482758622*x(17) + 0.0562068965517241*x(18) - 0.0644827586206897*x(19) + 0.198275862068966*x(20) + 0.638620689655175*x(21) + 0.0579310344827587*x(22) - 0.0258620689655172*x(23) - 1.01827586206897*x(24) + 0.211034482758621*x(25) - 0.172413793103448*x(26) - 1.07689655172414*x(27) + 0.0562068965517242*x(28) - 0.0775862068965517*x(29) + 0.318965517241379*x(30) - 4.54310344827586*x(31) + 0.292413793103446*x(32) + 0.0982758620689647*x(33) - 1.1551724137931*x(34) - 0.0172413793103448*x(35) - 0.0344827586206897*x(36) - 0.0741379310344817*x(37) + 0.543793103448271*x(38) - 0.0606896551724133*x(39) - 0.352758620689653*x(40) - 0.28*x(41) - 0.572413793103447*x(42) - 2.14724137931034*x(43) - 0.96551724137931*x(44) + 0.0665517241379307*x(45) - 0.483793103448276*x(46) - 0.0748275862068966*x(47) - 1.91793103448276*x(48) - 0.233448275862068*x(49) + 0.125172413793104*x(50) + x(58) - x(87) =E= 0 ; (LHS = 0)
     

---- con23  =E=  

con23..  0.119999999999999*x(1) + 0.448275862068966*x(2) + 0.805862068965517*x(3) + 0.616551724137931*x(4) - 0.14724137931034*x(6) + 0.320344827586206*x(7) + 0.68551724137931*x(8) + 1.63*x(9) + 0.62862068965517*x(10) - 0.181034482758621*x(11) + 0.102758620689656*x(12) - 0.524827586206896*x(13) - 0.0475862068965517*x(14) + 0.344827586206897*x(15) + 0.28*x(16) + 0.0131034482758622*x(17) + 0.176206896551724*x(18) - 0.0644827586206897*x(19) + 0.0782758620689645*x(20) + 1.12862068965517*x(21) - 0.0620689655172414*x(22) + 0.224137931034483*x(23) - 0.0082758620689678*x(24) - 0.0389655172413793*x(25) + 0.577586206896552*x(26) + 0.793103448275862*x(27) + 0.0562068965517242*x(28) - 0.267586206896551*x(29) + 0.44896551724138*x(30) + 0.956896551724138*x(31) - 0.197586206896549*x(32) + 0.108275862068966*x(33) - 0.785172413793106*x(34) + 0.102758620689654*x(35) + 0.0855172413793149*x(36) + 0.435862068965516*x(37) + 0.78379310344828*x(38) - 0.180689655172414*x(39) + 1.01724137931034*x(40) + 0.72*x(41) + 0.417586206896551*x(42) + 0.112758620689656*x(43) + 1.28448275862069*x(44) + 0.00655172413793105*x(45) + 0.316206896551724*x(46) + 0.235172413793103*x(47) + 0.582068965517242*x(48) + 0.146551724137931*x(49) + 3.1251724137931*x(50) + x(57) - x(86) =E= 0 ; (LHS = 0)
     

---- con24  =E=  

con24..  0.130000000000001*x(1) - 0.171724137931035*x(2) - 0.944137931034483*x(3) - 1.38344827586207*x(4) + 1.23275862068966*x(6) - 0.0496551724137931*x(7) - 0.0644827586206896*x(8) + 0.138620689655175*x(10) + 0.188965517241377*x(11) - 0.267241379310345*x(12) - 0.0948275862068965*x(13) + 0.452413793103448*x(14) - 0.905172413793103*x(15) + 0.53*x(16) + 0.0131034482758622*x(17) + 0.186206896551724*x(18) - 0.184482758620691*x(19) - 0.121724137931035*x(20) - 0.241379310344828*x(21) - 0.00206896551724138*x(22) + 0.0341379310344824*x(23) + 0.551724137931034*x(24) + 0.0810344827586217*x(25) - 0.172413793103448*x(26) - 2.83689655172414*x(27) + 0.306206896551724*x(28) + 0.552413793103449*x(29) - 0.311034482758621*x(30) + 0.586896551724133*x(31) + 1.79241379310345*x(32) - 0.0217241379310345*x(33) + 1.5948275862069*x(34) - 0.137241379310344*x(35) - 0.53448275862069*x(36) - 0.324137931034482*x(37) - 0.206206896551729*x(38) - 0.430689655172413*x(39) + 1.01724137931034*x(40) + 0.099999999999999*x(41) + 0.0475862068965517*x(42) + 1.60275862068965*x(43) + 1.53448275862069*x(44) - 0.0534482758620686*x(45) + 0.506206896551724*x(46) - 0.204827586206897*x(47) + 0.702068965517239*x(48) + 0.02655172413793*x(49) - 0.00482758620689902*x(50) + x(56) - x(85) =E= 0 ; (LHS = 0)
     

---- con25  =E=  

con25..  - 0.431724137931033*x(2) + 0.305862068965517*x(3) - 0.263448275862065*x(4) - 0.887241379310349*x(6) - 0.0496551724137931*x(7) - 1.06448275862069*x(8) + 0.369999999999997*x(9) - 0.87137931034483*x(10) + 0.0689655172413793*x(11) + 0.732758620689655*x(12) + 0.405172413793103*x(13) - 0.297586206896552*x(14) + 0.594827586206897*x(15) - 1.34*x(16) + 0.0131034482758622*x(17) + 0.0562068965517241*x(18) + 0.68551724137931*x(19) - 1.11172413793103*x(20) - 0.861379310344825*x(21) - 0.00206896551724138*x(22) + 0.224137931034483*x(23) - 0.198275862068966*x(24) + 0.34103448275862*x(25) - 0.422413793103448*x(26) - 0.456896551724138*x(27) + 0.186206896551725*x(28) - 1.57758620689655*x(29) + 0.69896551724138*x(30) - 3.42310344827586*x(31) + 0.922413793103448*x(32) - 0.0217241379310345*x(33) + 0.224827586206899*x(34) + 0.102758620689654*x(35) + 0.345517241379306*x(36) - 0.314137931034484*x(37) - 0.96620689655172*x(38) + 6.49931034482759*x(39) - 1.23275862068966*x(40) + 0.090000000000001*x(41) + 0.677586206896553*x(42) + 0.982758620689655*x(43) + 1.53448275862069*x(44) - 0.0534482758620694*x(45) + 0.0162068965517244*x(46) - 0.0148275862068966*x(47) + 0.582068965517242*x(48) + 0.146551724137931*x(49) - 2.6248275862069*x(50) + x(55) - x(84) =E= 0 ; (LHS = 0)
     

---- con26  =E=  

con26..  - 0.130000000000001*x(1) + 0.198275862068966*x(2) - 1.19413793103448*x(3) - 0.753448275862074*x(4) - 0.119999999999999*x(5) - 1.01724137931034*x(6) - 0.109655172413794*x(7) - 0.0644827586206896*x(8) - 1.87*x(9) - 0.111379310344825*x(10) - 0.0510344827586181*x(11) - 0.267241379310345*x(12) - 1.2248275862069*x(13) - 0.297586206896552*x(14) - 0.155172413793103*x(15) + 0.0299999999999999*x(16) + 0.0131034482758622*x(17) + 0.176206896551724*x(18) - 1.06448275862069*x(19) - 0.491724137931036*x(20) - 0.491379310344828*x(21) - 0.192068965517241*x(22) - 0.0258620689655172*x(23) - 2.06827586206896*x(24) + 0.211034482758621*x(25) - 0.542413793103449*x(26) + 0.0431034482758621*x(27) + 0.0562068965517242*x(28) - 0.207586206896552*x(29) - 0.181034482758621*x(30) - 3.79310344827586*x(31) - 1.19758620689655*x(32) - 0.0217241379310345*x(33) - 0.225172413793104*x(34) - 0.137241379310344*x(35) - 0.164482758620685*x(36) + 0.175862068965518*x(37) - 2.33620689655172*x(38) + 0.129310344827586*x(39) - 0.862758620689658*x(40) + 0.22*x(41) + 0.167586206896551*x(42) + 0.362758620689654*x(43) - 1.40551724137931*x(44) + 0.0665517241379315*x(45) + 0.0662068965517243*x(46) + 0.0451724137931035*x(47) - 0.917931034482758*x(48) - 0.983448275862068*x(49) - 2.3748275862069*x(50) + x(54) - x(83) =E= 0 ; (LHS = 0)
     

---- con27  =E=  

con27..  0.0782758620689645*x(2) - 1.06413793103448*x(3) - 1.38344827586207*x(4) + 0.25*x(5) - 1.39724137931034*x(6) + 0.140344827586208*x(7) - 0.934482758620687*x(8) - 0.880000000000003*x(9) - 0.37137931034483*x(10) + 0.318965517241379*x(11) - 0.0172413793103448*x(12) + 1.0351724137931*x(13) - 0.0475862068965517*x(14) + 0.0948275862068966*x(15) - 0.47*x(16) + 0.0131034482758622*x(17) + 0.0562068965517241*x(18) - 0.694482758620689*x(19) - 0.231724137931034*x(20) + 0.87862068965517*x(21) + 0.0579310344827587*x(22) - 0.335862068965517*x(23) + 0.301724137931034*x(24) - 0.788965517241379*x(25) + 0.327586206896552*x(26) - 0.456896551724138*x(27) - 0.0737931034482766*x(28) + 0.922413793103448*x(29) + 0.318965517241379*x(30) - 0.413103448275867*x(31) + 2.04241379310345*x(32) - 0.211724137931036*x(33) + 0.164827586206897*x(34) - 0.147241379310346*x(35) + 0.345517241379306*x(36) + 0.305862068965517*x(37) - 0.336206896551724*x(38) + 0.689310344827585*x(39) - 0.352758620689653*x(40) + 0.22*x(41) + 0.177586206896553*x(42) + 2.35275862068966*x(43) + 0.974482758620687*x(44) + 0.00655172413793105*x(45) - 0.0537931034482758*x(46) + 0.0451724137931035*x(47) + 1.21206896551724*x(48) + 0.896551724137931*x(49) + 0.755172413793106*x(50) + x(53) - x(82) =E= 0 ; (LHS = 0)
     

---- con28  =E=  

con28..  - 0.25*x(1) - 0.0517241379310345*x(2) + 0.175862068965515*x(3) + 0.616551724137931*x(4) - 0.380000000000001*x(5) - 1.76724137931034*x(6) - 0.299655172413793*x(7) + 0.305517241379308*x(8) + 0.630000000000003*x(9) + 0.388620689655175*x(10) - 0.181034482758621*x(11) - 0.0172413793103448*x(12) + 1.46517241379311*x(13) + 0.452413793103448*x(14) - 1.4051724137931*x(15) - 0.72*x(16) + 0.88310344827586*x(17) + 0.436206896551724*x(18) - 0.184482758620691*x(19) + 0.948275862068966*x(20) - 0.361379310344825*x(21) + 0.0679310344827585*x(22) - 0.145862068965517*x(23) + 0.921724137931032*x(24) + 0.331034482758622*x(25) + 0.0775862068965517*x(26) + 0.543103448275862*x(27) - 0.063793103448275*x(28) - 0.827586206896552*x(29) - 0.181034482758621*x(30) - 0.293103448275862*x(31) - 4.32758620689655*x(32) + 0.288275862068966*x(33) - 2.03517241379311*x(34) - 0.0172413793103448*x(35) - 1.66448275862069*x(36) - 0.314137931034484*x(37) - 0.456206896551729*x(38) + 0.0693103448275875*x(39) - 0.482758620689655*x(40) - 0.28*x(41) - 0.082413793103449*x(42) + 0.232758620689655*x(43) - 0.405517241379308*x(44) + 0.12655172413793*x(45) - 0.0537931034482758*x(46) + 0.175172413793103*x(47) - 0.917931034482758*x(48) + 0.52655172413793*x(49) - 1.1248275862069*x(50) + x(52) - x(81) =E= 0 ; (LHS = 0)
     

---- con29  =E=  

con29..  - 0.431724137931033*x(2) + 0.68586206896552*x(3) - 0.513448275862065*x(4) - 2.01724137931034*x(6) - 0.0496551724137931*x(7) - 0.56448275862069*x(8) - 0.75*x(9) + 0.12862068965517*x(10) + 0.0689655172413793*x(11) - 0.0172413793103448*x(12) + 1.1551724137931*x(13) - 0.167586206896552*x(14) - 2.6551724137931*x(15) + 0.53*x(16) - 0.236896551724138*x(17) - 0.823793103448276*x(18) + 0.555517241379311*x(19) - 1.43172413793103*x(20) - 1.12137931034483*x(21) - 0.132068965517241*x(22) + 0.224137931034483*x(23) + 0.551724137931034*x(24) - 0.40896551724138*x(25) + 0.577586206896552*x(26) - 0.956896551724138*x(27) - 0.573793103448277*x(28) - 0.697586206896551*x(29) - 0.181034482758621*x(30) - 0.673103448275858*x(31) - 2.57758620689655*x(32) - 0.391724137931034*x(33) - 1.6551724137931*x(34) + 0.112758620689656*x(35) + 3.59551724137931*x(36) - 0.444137931034483*x(37) + 0.53379310344828*x(38) - 0.370689655172414*x(39) + 0.517241379310345*x(40) - 0.03*x(41) - 0.952413793103448*x(42) + 0.982758620689655*x(43) - 4.52551724137931*x(44) + 0.00655172413793105*x(45) + 0.00620689655172376*x(46) + 0.0451724137931035*x(47) - 2.29793103448276*x(48) - 0.603448275862069*x(49) - 2.5048275862069*x(50) + x(51) - x(80) =E= 0 ; (LHS = 0)
     

---- con30  =E=  

con30..  x(1) + x(2) + x(3) + x(4) + x(5) + x(6) + x(7) + x(8) + x(9) + x(10) + x(11) + x(12) + x(13) + x(14) + x(15) + x(16) + x(17) + x(18) + x(19) + x(20) + x(21) + x(22) + x(23) + x(24) + x(25) + x(26) + x(27) + x(28) + x(29) + x(30) + x(31) + x(32) + x(33) + x(34) + x(35) + x(36) + x(37) + x(38) + x(39) + x(40) + x(41) + x(42) + x(43) + x(44) + x(45) + x(46) + x(47) + x(48) + x(49) + x(50) =E= 1 ; (LHS = 0, INFES = 1 ****)
     

---- con31  =G=  

con31..  - 0.0517241379310345*x(2) + 0.0558620689655172*x(3) + 0.116551724137931*x(4) - 0.0172413793103448*x(6) - 0.0496551724137931*x(7) - 0.0644827586206896*x(8) + 0.00862068965517241*x(10) + 0.0689655172413793*x(11) - 0.0172413793103448*x(12) - 0.0948275862068965*x(13) - 0.0475862068965517*x(14) + 0.344827586206897*x(15) + 0.0299999999999999*x(16) + 0.0131034482758622*x(17) + 0.0562068965517241*x(18) - 0.0644827586206897*x(19) - 0.301724137931034*x(20) - 0.241379310344828*x(21) - 0.00206896551724138*x(22) - 0.0258620689655172*x(23) - 0.198275862068966*x(24) - 0.0389655172413793*x(25) + 0.0775862068965517*x(26) - 0.206896551724138*x(27) + 0.0562068965517242*x(28) - 0.0775862068965517*x(29) + 0.0689655172413793*x(30) - 1.04310344827586*x(31) - 0.327586206896552*x(32) - 0.0217241379310345*x(33) - 0.155172413793103*x(34) - 0.0172413793103448*x(35) - 0.28448275862069*x(36) + 0.0558620689655173*x(37) + 0.163793103448276*x(38) - 0.370689655172414*x(39) + 0.0172413793103448*x(40) - 0.03*x(41) + 0.0475862068965517*x(42) - 0.517241379310345*x(43) - 0.21551724137931*x(44) + 0.00655172413793105*x(45) - 0.0537931034482758*x(46) - 0.0148275862068966*x(47) - 0.417931034482759*x(48) - 0.103448275862069*x(49) - 0.124827586206896*x(50) =G= -0.100241379310345 ; (LHS = 0)
     
GAMS 53.5.1  f2e5fac3 May 20, 2026          WEX-WEI x86 64bit/MS Windows - 06/14/26 21:50:20 Page 3
G e n e r a l   A l g e b r a i c   M o d e l i n g   S y s t e m
Column Listing      SOLVE m Using NLP From line 1792


---- x  

x(1)
                (.LO, .L, .UP, .M = 0, 0, +INF, 0)
        0.13    con1
       -0.13    con2
        0.13    con4
       -0.13    con6
        0.13    con7
        0.12    con9
        0.13    con10
       -0.38    con12
       -0.25    con13
       -0.25    con15
        0.38    con16
        0.06    con18
        0.31    con19
        0.13    con20
       -0.13    con21
       -0.12    con22
        0.12    con23
        0.13    con24
       -0.13    con26
       -0.25    con28
        1       con30

x(2)
                (.LO, .L, .UP, .M = 0, 0, +INF, 0)
        1.1983  con1
        0.6983  con2
        0.1983  con3
        0.6983  con4
       -0.0517  con5
       -0.0517  con6
       -0.0517  con7
        0.0783  con8
        0.0683  con9
        0.3283  con10
        0.1983  con11
       -0.0517  con12
       -0.3017  con13
       -0.3017  con14
       -0.6817  con15
        0.1983  con16
       -0.5517  con17
       -0.3017  con18
        0.0783  con19
        0.0683  con20
       -0.5517  con21
       -0.5517  con22
        0.4483  con23
       -0.1717  con24
       -0.4317  con25
        0.1983  con26
        0.0783  con27
       -0.0517  con28
       -0.4317  con29
        1       con30
       -0.0517  con31

x(3)
                (.LO, .L, .UP, .M = 0, 0, +INF, 0)
        1.0559  con1
        0.4359  con2
        0.0559  con3
        0.9259  con4
        0.0559  con5
       -0.0641  con6
       -0.3241  con7
        0.6859  con8
       -0.1941  con9
       -0.1941  con10
       -0.0741  con11
       -0.0641  con12
       -0.8241  con13
        0.5559  con14
       -0.4441  con15
       -0.0641  con16
        0.0559  con17
       -0.3241  con18
       -0.1941  con19
        0.1859  con20
       -0.1941  con21
        0.1759  con22
        0.8059  con23
       -0.9441  con24
        0.3059  con25
       -1.1941  con26
       -1.0641  con27
        0.1759  con28
        0.6859  con29
        1       con30
        0.0559  con31

REMAINING 105 ENTRIES SKIPPED

---- obj  

obj
                (.LO, .L, .UP, .M = -INF, 0, +INF, 0)
        1       objcon

GAMS 53.5.1  f2e5fac3 May 20, 2026          WEX-WEI x86 64bit/MS Windows - 06/14/26 21:50:20 Page 4
G e n e r a l   A l g e b r a i c   M o d e l i n g   S y s t e m
Range Statistics    SOLVE m Using NLP From line 1792


RANGE STATISTICS (ABSOLUTE NON-ZERO FINITE VALUES)

RHS       [min, max] : [ 1.002E-01, 1.000E+00] - Zero values observed as well
Bound     [min, max] : [        NA,        NA] - Zero values observed as well
Matrix    [min, max] : [ 2.069E-03, 1.521E+01]

GAMS 53.5.1  f2e5fac3 May 20, 2026          WEX-WEI x86 64bit/MS Windows - 06/14/26 21:50:20 Page 5
G e n e r a l   A l g e b r a i c   M o d e l i n g   S y s t e m
Model Statistics    SOLVE m Using NLP From line 1792


MODEL STATISTICS

BLOCKS OF EQUATIONS          32     SINGLE EQUATIONS           32
BLOCKS OF VARIABLES           2     SINGLE VARIABLES          109
NON ZERO ELEMENTS         1,639     NON LINEAR N-Z              0
CODE LENGTH                   0     CONSTANT POOL              16


GENERATION TIME      =        0.032 SECONDS      4 MB  53.5.1 f2e5fac3 WEX-WEI
GAMS 53.5.1  f2e5fac3 May 20, 2026          WEX-WEI x86 64bit/MS Windows - 06/14/26 21:50:20 Page 6
G e n e r a l   A l g e b r a i c   M o d e l i n g   S y s t e m
Solution Report     SOLVE m Using NLP From line 1792


               S O L V E      S U M M A R Y

     MODEL   m                   OBJECTIVE  obj
     TYPE    NLP                 DIRECTION  MINIMIZE
     SOLVER  CONVERT             FROM LINE  1792

**** SOLVER STATUS     1 Normal Completion
**** MODEL STATUS      14 No Solution Returned
**** OBJECTIVE VALUE                0.0000

 RESOURCE USAGE, LIMIT          0.000 10000000000.000
 ITERATION COUNT, LIMIT         0    2147483647
 EVALUATION ERRORS              0             0

*** Error Cannot open parameter file "C:\Users\edmil\Desktop\benchmark_nlp\convert.opt"
*** Error Error code = 2; No such file or directory

--- Writing Dict      : dict.txt
--- Writing Gams      : gams.gms


No solution returned
GAMS 53.5.1  f2e5fac3 May 20, 2026          WEX-WEI x86 64bit/MS Windows - 06/14/26 21:50:20 Page 7
G e n e r a l   A l g e b r a i c   M o d e l i n g   S y s t e m
E x e c u t i o n


----   1793 VARIABLE x.L  

                      ( ALL       0.000 )


----   1793 VARIABLE obj.L                 =        0.000  


EXECUTION TIME       =        0.110 SECONDS      4 MB  53.5.1 f2e5fac3 WEX-WEI


USER: GAMS Demo, for EULA and demo limitations see   G260130+0003Cc-GEN
      https://www.gams.com/latest/docs/UG%5FLicense.html         DC0000


**** FILE SUMMARY

Input      C:\Users\edmil\Desktop\benchmark_nlp\coconut_gams\qp5.gms
Output     C:\Users\edmil\Desktop\benchmark_nlp\logs\gams\qp5.lst
