GAMS 53.5.1  f2e5fac3 May 20, 2026          WEX-WEI x86 64bit/MS Windows - 06/14/26 21:50:21 Page 1
G e n e r a l   A l g e b r a i c   M o d e l i n g   S y s t e m
C o m p i l a t i o n


   1  * GAMS-model rocket100.dag.gms written by dag2gams Converter at 29/03/2004 14:15:15
   2  * University of Vienna
   4   Set i/1*502/;
   5   Set j/1*607/;
   6   Equations objcon
   7  con1
   8  con2
   9  con3
  10  con4
  11  con5
  12  con6
  13  con7
  14  con8
  15  con9
  16  con10
  17  con11
  18  con12
  19  con13
  20  con14
  21  con15
  22  con16
  23  con17
  24  con18
  25  con19
  26  con20
  27  con21
  28  con22
  29  con23
  30  con24
  31  con25
  32  con26
  33  con27
  34  con28
  35  con29
  36  con30
  37  con31
  38  con32
  39  con33
  40  con34
  41  con35
  42  con36
  43  con37
  44  con38
  45  con39
  46  con40
  47  con41
  48  con42
  49  con43
  50  con44
  51  con45
  52  con46
  53  con47
  54  con48
  55  con49
  56  con50
  57  con51
  58  con52
  59  con53
  60  con54
  61  con55
  62  con56
  63  con57
  64  con58
  65  con59
  66  con60
  67  con61
  68  con62
  69  con63
  70  con64
  71  con65
  72  con66
  73  con67
  74  con68
  75  con69
  76  con70
  77  con71
  78  con72
  79  con73
  80  con74
  81  con75
  82  con76
  83  con77
  84  con78
  85  con79
  86  con80
  87  con81
  88  con82
  89  con83
  90  con84
  91  con85
  92  con86
  93  con87
  94  con88
  95  con89
  96  con90
  97  con91
  98  con92
  99  con93
 100  con94
 101  con95
 102  con96
 103  con97
 104  con98
 105  con99
 106  con100
 107  con101
 108  con102
 109  con103
 110  con104
 111  con105
 112  con106
 113  con107
 114  con108
 115  con109
 116  con110
 117  con111
 118  con112
 119  con113
 120  con114
 121  con115
 122  con116
 123  con117
 124  con118
 125  con119
 126  con120
 127  con121
 128  con122
 129  con123
 130  con124
 131  con125
 132  con126
 133  con127
 134  con128
 135  con129
 136  con130
 137  con131
 138  con132
 139  con133
 140  con134
 141  con135
 142  con136
 143  con137
 144  con138
 145  con139
 146  con140
 147  con141
 148  con142
 149  con143
 150  con144
 151  con145
 152  con146
 153  con147
 154  con148
 155  con149
 156  con150
 157  con151
 158  con152
 159  con153
 160  con154
 161  con155
 162  con156
 163  con157
 164  con158
 165  con159
 166  con160
 167  con161
 168  con162
 169  con163
 170  con164
 171  con165
 172  con166
 173  con167
 174  con168
 175  con169
 176  con170
 177  con171
 178  con172
 179  con173
 180  con174
 181  con175
 182  con176
 183  con177
 184  con178
 185  con179
 186  con180
 187  con181
 188  con182
 189  con183
 190  con184
 191  con185
 192  con186
 193  con187
 194  con188
 195  con189
 196  con190
 197  con191
 198  con192
 199  con193
 200  con194
 201  con195
 202  con196
 203  con197
 204  con198
 205  con199
 206  con200
 207  con201
 208  con202
 209  con203
 210  con204
 211  con205
 212  con206
 213  con207
 214  con208
 215  con209
 216  con210
 217  con211
 218  con212
 219  con213
 220  con214
 221  con215
 222  con216
 223  con217
 224  con218
 225  con219
 226  con220
 227  con221
 228  con222
 229  con223
 230  con224
 231  con225
 232  con226
 233  con227
 234  con228
 235  con229
 236  con230
 237  con231
 238  con232
 239  con233
 240  con234
 241  con235
 242  con236
 243  con237
 244  con238
 245  con239
 246  con240
 247  con241
 248  con242
 249  con243
 250  con244
 251  con245
 252  con246
 253  con247
 254  con248
 255  con249
 256  con250
 257  con251
 258  con252
 259  con253
 260  con254
 261  con255
 262  con256
 263  con257
 264  con258
 265  con259
 266  con260
 267  con261
 268  con262
 269  con263
 270  con264
 271  con265
 272  con266
 273  con267
 274  con268
 275  con269
 276  con270
 277  con271
 278  con272
 279  con273
 280  con274
 281  con275
 282  con276
 283  con277
 284  con278
 285  con279
 286  con280
 287  con281
 288  con282
 289  con283
 290  con284
 291  con285
 292  con286
 293  con287
 294  con288
 295  con289
 296  con290
 297  con291
 298  con292
 299  con293
 300  con294
 301  con295
 302  con296
 303  con297
 304  con298
 305  con299
 306  con300
 307  con301
 308  con302
 309  con303
 310  con304
 311  con305
 312  con306
 313  con307
 314  con308
 315  con309
 316  con310
 317  con311
 318  con312
 319  con313
 320  con314
 321  con315
 322  con316
 323  con317
 324  con318
 325  con319
 326  con320
 327  con321
 328  con322
 329  con323
 330  con324
 331  con325
 332  con326
 333  con327
 334  con328
 335  con329
 336  con330
 337  con331
 338  con332
 339  con333
 340  con334
 341  con335
 342  con336
 343  con337
 344  con338
 345  con339
 346  con340
 347  con341
 348  con342
 349  con343
 350  con344
 351  con345
 352  con346
 353  con347
 354  con348
 355  con349
 356  con350
 357  con351
 358  con352
 359  con353
 360  con354
 361  con355
 362  con356
 363  con357
 364  con358
 365  con359
 366  con360
 367  con361
 368  con362
 369  con363
 370  con364
 371  con365
 372  con366
 373  con367
 374  con368
 375  con369
 376  con370
 377  con371
 378  con372
 379  con373
 380  con374
 381  con375
 382  con376
 383  con377
 384  con378
 385  con379
 386  con380
 387  con381
 388  con382
 389  con383
 390  con384
 391  con385
 392  con386
 393  con387
 394  con388
 395  con389
 396  con390
 397  con391
 398  con392
 399  con393
 400  con394
 401  con395
 402  con396
 403  con397
 404  con398
 405  con399
 406  con400
 407  con401
 408  con402
 409  con403
 410  con404
 411  con405
 412  con406
 413  con407
 414  con408
 415  con409
 416  con410
 417  con411
 418  con412
 419  con413
 420  con414
 421  con415
 422  con416
 423  con417
 424  con418
 425  con419
 426  con420
 427  con421
 428  con422
 429  con423
 430  con424
 431  con425
 432  con426
 433  con427
 434  con428
 435  con429
 436  con430
 437  con431
 438  con432
 439  con433
 440  con434
 441  con435
 442  con436
 443  con437
 444  con438
 445  con439
 446  con440
 447  con441
 448  con442
 449  con443
 450  con444
 451  con445
 452  con446
 453  con447
 454  con448
 455  con449
 456  con450
 457  con451
 458  con452
 459  con453
 460  con454
 461  con455
 462  con456
 463  con457
 464  con458
 465  con459
 466  con460
 467  con461
 468  con462
 469  con463
 470  con464
 471  con465
 472  con466
 473  con467
 474  con468
 475  con469
 476  con470
 477  con471
 478  con472
 479  con473
 480  con474
 481  con475
 482  con476
 483  con477
 484  con478
 485  con479
 486  con480
 487  con481
 488  con482
 489  con483
 490  con484
 491  con485
 492  con486
 493  con487
 494  con488
 495  con489
 496  con490
 497  con491
 498  con492
 499  con493
 500  con494
 501  con495
 502  con496
 503  con497
 504  con498
 505  con499
 506  con500
 507  con501
 508  con502
 509  ;
 510  Variables x(j), obj;
 511  * Objective function (to be minimized)
 512  objcon.. obj =e= -(x('203'));
 513   
 514   
 515  con1.. (-310) * exp((-500) * x('103') + 500) * power(x('2'), 2) +
 516  x('507') =e= 0;
 517  con2.. -x('404') +
 518  x('405') +
 519  x('1') * (x('505') +
 520  x('506')) =e= 0;
 521  con3.. -x('403') +
 522  x('404') +
 523  x('1') * (x('504') +
 524  x('505')) =e= 0;
 525  con4.. -x('402') +
 526  x('403') +
 527  x('1') * (x('503') +
 528  x('504')) =e= 0;
 529  con5.. (-310) * exp((-500) * x('104') + 500) * power(x('3'), 2) +
 530  x('508') =e= 0;
 531  con6.. -x('401') +
 532  x('402') +
 533  x('1') * (x('502') +
 534  x('503')) =e= 0;
 535  con7.. -x('400') +
 536  x('401') +
 537  x('1') * (x('501') +
 538  x('502')) =e= 0;
 539  con8.. -x('399') +
 540  x('400') +
 541  x('1') * (x('500') +
 542  x('501')) =e= 0;
 543  con9.. (-310) * exp((-500) * x('105') + 500) * power(x('4'), 2) +
 544  x('509') =e= 0;
 545  con10.. -x('398') +
 546  x('399') +
 547  x('1') * (x('499') +
 548  x('500')) =e= 0;
 549  con11.. -x('397') +
 550  x('398') +
 551  x('1') * (x('498') +
 552  x('499')) =e= 0;
 553  con12.. (-310) * exp((-500) * x('106') + 500) * power(x('5'), 2) +
 554  x('510') =e= 0;
 555  con13.. -x('396') +
 556  x('397') +
 557  x('1') * (x('497') +
 558  x('498')) =e= 0;
 559  con14.. -x('395') +
 560  x('396') +
 561  x('1') * (x('496') +
 562  x('497')) =e= 0;
 563  con15.. -x('394') +
 564  x('395') +
 565  x('1') * (x('495') +
 566  x('496')) =e= 0;
 567  con16.. (-310) * exp((-500) * x('107') + 500) * power(x('6'), 2) +
 568  x('511') =e= 0;
 569  con17.. -x('393') +
 570  x('394') +
 571  x('1') * (x('494') +
 572  x('495')) =e= 0;
 573  con18.. -x('392') +
 574  x('393') +
 575  x('1') * (x('493') +
 576  x('494')) =e= 0;
 577  con19.. -x('391') +
 578  x('392') +
 579  x('1') * (x('492') +
 580  x('493')) =e= 0;
 581  con20.. (-310) * exp((-500) * x('108') + 500) * power(x('7'), 2) +
 582  x('512') =e= 0;
 583  con21.. -x('390') +
 584  x('391') +
 585  x('1') * (x('491') +
 586  x('492')) =e= 0;
 587  con22.. -x('389') +
 588  x('390') +
 589  x('1') * (x('490') +
 590  x('491')) =e= 0;
 591  con23.. (-310) * exp((-500) * x('109') + 500) * power(x('8'), 2) +
 592  x('513') =e= 0;
 593  con24.. -x('388') +
 594  x('389') +
 595  x('1') * (x('489') +
 596  x('490')) =e= 0;
 597  con25.. -x('387') +
 598  x('388') +
 599  x('1') * (x('488') +
 600  x('489')) =e= 0;
 601  con26.. -x('386') +
 602  x('387') +
 603  x('1') * (x('487') +
 604  x('488')) =e= 0;
 605  con27.. (-310) * exp((-500) * x('110') + 500) * power(x('9'), 2) +
 606  x('514') =e= 0;
 607  con28.. -x('385') +
 608  x('386') +
 609  x('1') * (x('486') +
 610  x('487')) =e= 0;
 611  con29.. -x('384') +
 612  x('385') +
 613  x('1') * (x('485') +
 614  x('486')) =e= 0;
 615  con30.. -x('383') +
 616  x('384') +
 617  x('1') * (x('484') +
 618  x('485')) =e= 0;
 619  con31.. (-310) * exp((-500) * x('111') + 500) * power(x('10'), 2) +
 620  x('515') =e= 0;
 621  con32.. -x('382') +
 622  x('383') +
 623  x('1') * (x('483') +
 624  x('484')) =e= 0;
 625  con33.. -x('381') +
 626  x('382') +
 627  x('1') * (x('482') +
 628  x('483')) =e= 0;
 629  con34.. (-310) * exp((-500) * x('112') + 500) * power(x('11'), 2) +
 630  x('516') =e= 0;
 631  con35.. -x('380') +
 632  x('381') +
 633  x('1') * (x('481') +
 634  x('482')) =e= 0;
 635  con36.. -x('379') +
 636  x('380') +
 637  x('1') * (x('480') +
 638  x('481')) =e= 0;
 639  con37.. -x('378') +
 640  x('379') +
 641  x('1') * (x('479') +
 642  x('480')) =e= 0;
 643  con38.. (-310) * exp((-500) * x('113') + 500) * power(x('12'), 2) +
 644  x('517') =e= 0;
 645  con39.. -x('377') +
 646  x('378') +
 647  x('1') * (x('478') +
 648  x('479')) =e= 0;
 649  con40.. -x('376') +
 650  x('377') +
 651  x('1') * (x('477') +
 652  x('478')) =e= 0;
 653  con41.. -x('375') +
 654  x('376') +
 655  x('1') * (x('476') +
 656  x('477')) =e= 0;
 657  con42.. (-310) * exp((-500) * x('114') + 500) * power(x('13'), 2) +
 658  x('518') =e= 0;
 659  con43.. -x('374') +
 660  x('375') +
 661  x('1') * (x('475') +
 662  x('476')) =e= 0;
 663  con44.. -x('373') +
 664  x('374') +
 665  x('1') * (x('474') +
 666  x('475')) =e= 0;
 667  con45.. (-310) * exp((-500) * x('115') + 500) * power(x('14'), 2) +
 668  x('519') =e= 0;
 669  con46.. -x('372') +
 670  x('373') +
 671  x('1') * (x('473') +
 672  x('474')) =e= 0;
 673  con47.. -x('371') +
 674  x('372') +
 675  x('1') * (x('472') +
 676  x('473')) =e= 0;
 677  con48.. -x('370') +
 678  x('371') +
 679  x('1') * (x('471') +
 680  x('472')) =e= 0;
 681  con49.. (-310) * exp((-500) * x('116') + 500) * power(x('15'), 2) +
 682  x('520') =e= 0;
 683  con50.. -x('369') +
 684  x('370') +
 685  x('1') * (x('470') +
 686  x('471')) =e= 0;
 687  con51.. -x('368') +
 688  x('369') +
 689  x('1') * (x('469') +
 690  x('470')) =e= 0;
 691  con52.. -x('367') +
 692  x('368') +
 693  x('1') * (x('468') +
 694  x('469')) =e= 0;
 695  con53.. (-310) * exp((-500) * x('117') + 500) * power(x('16'), 2) +
 696  x('521') =e= 0;
 697  con54.. -x('366') +
 698  x('367') +
 699  x('1') * (x('467') +
 700  x('468')) =e= 0;
 701  con55.. -x('365') +
 702  x('366') +
 703  x('1') * (x('466') +
 704  x('467')) =e= 0;
 705  con56.. (-310) * exp((-500) * x('118') + 500) * power(x('17'), 2) +
 706  x('522') =e= 0;
 707  con57.. -x('364') +
 708  x('365') +
 709  x('1') * (x('465') +
 710  x('466')) =e= 0;
 711  con58.. -x('363') +
 712  x('364') +
 713  x('1') * (x('464') +
 714  x('465')) =e= 0;
 715  con59.. -x('362') +
 716  x('363') +
 717  x('1') * (x('463') +
 718  x('464')) =e= 0;
 719  con60.. (-310) * exp((-500) * x('119') + 500) * power(x('18'), 2) +
 720  x('523') =e= 0;
 721  con61.. -x('361') +
 722  x('362') +
 723  x('1') * (x('462') +
 724  x('463')) =e= 0;
 725  con62.. -x('360') +
 726  x('361') +
 727  x('1') * (x('461') +
 728  x('462')) =e= 0;
 729  con63.. -x('359') +
 730  x('360') +
 731  x('1') * (x('460') +
 732  x('461')) =e= 0;
 733  con64.. (-310) * exp((-500) * x('120') + 500) * power(x('19'), 2) +
 734  x('524') =e= 0;
 735  con65.. -x('358') +
 736  x('359') +
 737  x('1') * (x('459') +
 738  x('460')) =e= 0;
 739  con66.. -x('357') +
 740  x('358') +
 741  x('1') * (x('458') +
 742  x('459')) =e= 0;
 743  con67.. (-310) * exp((-500) * x('121') + 500) * power(x('20'), 2) +
 744  x('525') =e= 0;
 745  con68.. -x('356') +
 746  x('357') +
 747  x('1') * (x('457') +
 748  x('458')) =e= 0;
 749  con69.. -x('355') +
 750  x('356') +
 751  x('1') * (x('456') +
 752  x('457')) =e= 0;
 753  con70.. -x('354') +
 754  x('355') +
 755  x('1') * (x('455') +
 756  x('456')) =e= 0;
 757  con71.. (-310) * exp((-500) * x('122') + 500) * power(x('21'), 2) +
 758  x('526') =e= 0;
 759  con72.. -x('353') +
 760  x('354') +
 761  x('1') * (x('454') +
 762  x('455')) =e= 0;
 763  con73.. -x('352') +
 764  x('353') +
 765  x('1') * (x('453') +
 766  x('454')) =e= 0;
 767  con74.. -x('351') +
 768  x('352') +
 769  x('1') * (x('452') +
 770  x('453')) =e= 0;
 771  con75.. (-310) * exp((-500) * x('123') + 500) * power(x('22'), 2) +
 772  x('527') =e= 0;
 773  con76.. -x('350') +
 774  x('351') +
 775  x('1') * (x('451') +
 776  x('452')) =e= 0;
 777  con77.. -x('349') +
 778  x('350') +
 779  x('1') * (x('450') +
 780  x('451')) =e= 0;
 781  con78.. (-310) * exp((-500) * x('124') + 500) * power(x('23'), 2) +
 782  x('528') =e= 0;
 783  con79.. -x('348') +
 784  x('349') +
 785  x('1') * (x('449') +
 786  x('450')) =e= 0;
 787  con80.. -x('347') +
 788  x('348') +
 789  x('1') * (x('448') +
 790  x('449')) =e= 0;
 791  con81.. -x('346') +
 792  x('347') +
 793  x('1') * (x('447') +
 794  x('448')) =e= 0;
 795  con82.. (-310) * exp((-500) * x('125') + 500) * power(x('24'), 2) +
 796  x('529') =e= 0;
 797  con83.. -x('345') +
 798  x('346') +
 799  x('1') * (x('446') +
 800  x('447')) =e= 0;
 801  con84.. -x('344') +
 802  x('345') +
 803  x('1') * (x('445') +
 804  x('446')) =e= 0;
 805  con85.. -x('343') +
 806  x('344') +
 807  x('1') * (x('444') +
 808  x('445')) =e= 0;
 809  con86.. (-310) * exp((-500) * x('126') + 500) * power(x('25'), 2) +
 810  x('530') =e= 0;
 811  con87.. -x('342') +
 812  x('343') +
 813  x('1') * (x('443') +
 814  x('444')) =e= 0;
 815  con88.. -x('341') +
 816  x('342') +
 817  x('1') * (x('442') +
 818  x('443')) =e= 0;
 819  con89.. (-310) * exp((-500) * x('127') + 500) * power(x('26'), 2) +
 820  x('531') =e= 0;
 821  con90.. -x('340') +
 822  x('341') +
 823  x('1') * (x('441') +
 824  x('442')) =e= 0;
 825  con91.. -x('339') +
 826  x('340') +
 827  x('1') * (x('440') +
 828  x('441')) =e= 0;
 829  con92.. -x('338') +
 830  x('339') +
 831  x('1') * (x('439') +
 832  x('440')) =e= 0;
 833  con93.. (-310) * exp((-500) * x('128') + 500) * power(x('27'), 2) +
 834  x('532') =e= 0;
 835  con94.. -x('337') +
 836  x('338') +
 837  x('1') * (x('438') +
 838  x('439')) =e= 0;
 839  con95.. -x('336') +
 840  x('337') +
 841  x('1') * (x('437') +
 842  x('438')) =e= 0;
 843  con96.. -x('335') +
 844  x('336') +
 845  x('1') * (x('436') +
 846  x('437')) =e= 0;
 847  con97.. (-310) * exp((-500) * x('129') + 500) * power(x('28'), 2) +
 848  x('533') =e= 0;
 849  con98.. -x('334') +
 850  x('335') +
 851  x('1') * (x('435') +
 852  x('436')) =e= 0;
 853  con99.. -x('333') +
 854  x('334') +
 855  x('1') * (x('434') +
 856  x('435')) =e= 0;
 857  con100.. (-310) * exp((-500) * x('130') + 500) * power(x('29'), 2) +
 858  x('534') =e= 0;
 859  con101.. -x('332') +
 860  x('333') +
 861  x('1') * (x('433') +
 862  x('434')) =e= 0;
 863  con102.. -x('331') +
 864  x('332') +
 865  x('1') * (x('432') +
 866  x('433')) =e= 0;
 867  con103.. -x('330') +
 868  x('331') +
 869  x('1') * (x('431') +
 870  x('432')) =e= 0;
 871  con104.. (-310) * exp((-500) * x('131') + 500) * power(x('30'), 2) +
 872  x('535') =e= 0;
 873  con105.. -x('329') +
 874  x('330') +
 875  x('1') * (x('430') +
 876  x('431')) =e= 0;
 877  con106.. -x('328') +
 878  x('329') +
 879  x('1') * (x('429') +
 880  x('430')) =e= 0;
 881  con107.. -x('327') +
 882  x('328') +
 883  x('1') * (x('428') +
 884  x('429')) =e= 0;
 885  con108.. (-310) * exp((-500) * x('132') + 500) * power(x('31'), 2) +
 886  x('536') =e= 0;
 887  con109.. -x('326') +
 888  x('327') +
 889  x('1') * (x('427') +
 890  x('428')) =e= 0;
 891  con110.. -x('325') +
 892  x('326') +
 893  x('1') * (x('426') +
 894  x('427')) =e= 0;
 895  con111.. (-310) * exp((-500) * x('133') + 500) * power(x('32'), 2) +
 896  x('537') =e= 0;
 897  con112.. -x('324') +
 898  x('325') +
 899  x('1') * (x('425') +
 900  x('426')) =e= 0;
 901  con113.. -x('323') +
 902  x('324') +
 903  x('1') * (x('424') +
 904  x('425')) =e= 0;
 905  con114.. -x('322') +
 906  x('323') +
 907  x('1') * (x('423') +
 908  x('424')) =e= 0;
 909  con115.. (-310) * exp((-500) * x('134') + 500) * power(x('33'), 2) +
 910  x('538') =e= 0;
 911  con116.. -x('321') +
 912  x('322') +
 913  x('1') * (x('422') +
 914  x('423')) =e= 0;
 915  con117.. -x('320') +
 916  x('321') +
 917  x('1') * (x('421') +
 918  x('422')) =e= 0;
 919  con118.. -x('319') +
 920  x('320') +
 921  x('1') * (x('420') +
 922  x('421')) =e= 0;
 923  con119.. (-310) * exp((-500) * x('135') + 500) * power(x('34'), 2) +
 924  x('539') =e= 0;
 925  con120.. -x('318') +
 926  x('319') +
 927  x('1') * (x('419') +
 928  x('420')) =e= 0;
 929  con121.. -x('317') +
 930  x('318') +
 931  x('1') * (x('418') +
 932  x('419')) =e= 0;
 933  con122.. (-310) * exp((-500) * x('136') + 500) * power(x('35'), 2) +
 934  x('540') =e= 0;
 935  con123.. -x('316') +
 936  x('317') +
 937  x('1') * (x('417') +
 938  x('418')) =e= 0;
 939  con124.. -x('315') +
 940  x('316') +
 941  x('1') * (x('416') +
 942  x('417')) =e= 0;
 943  con125.. -x('314') +
 944  x('315') +
 945  x('1') * (x('415') +
 946  x('416')) =e= 0;
 947  con126.. (-310) * exp((-500) * x('137') + 500) * power(x('36'), 2) +
 948  x('541') =e= 0;
 949  con127.. -x('313') +
 950  x('314') +
 951  x('1') * (x('414') +
 952  x('415')) =e= 0;
 953  con128.. -x('312') +
 954  x('313') +
 955  x('1') * (x('413') +
 956  x('414')) =e= 0;
 957  con129.. -x('311') +
 958  x('312') +
 959  x('1') * (x('412') +
 960  x('413')) =e= 0;
 961  con130.. (-310) * exp((-500) * x('138') + 500) * power(x('37'), 2) +
 962  x('542') =e= 0;
 963  con131.. -x('310') +
 964  x('311') +
 965  x('1') * (x('411') +
 966  x('412')) =e= 0;
 967  con132.. -x('309') +
 968  x('310') +
 969  x('1') * (x('410') +
 970  x('411')) =e= 0;
 971  con133.. (-310) * exp((-500) * x('139') + 500) * power(x('38'), 2) +
 972  x('543') =e= 0;
 973  con134.. -x('308') +
 974  x('309') +
 975  x('1') * (x('409') +
 976  x('410')) =e= 0;
 977  con135.. -x('307') +
 978  x('308') +
 979  x('1') * (x('408') +
 980  x('409')) =e= 0;
 981  con136.. -x('306') +
 982  x('307') +
 983  x('1') * (x('407') +
 984  x('408')) =e= 0;
 985  con137.. (-310) * exp((-500) * x('140') + 500) * power(x('39'), 2) +
 986  x('544') =e= 0;
 987  con138.. -x('305') +
 988  x('306') +
 989  x('1') * (x('406') +
 990  x('407')) =e= 0;
 991  con139.. (-0.5) * ((x('505') -
 992  x('606') -
 993  x('303') * x('404')) / x('404') +
 994  (x('506') -
 995  x('607') -
 996  x('304') * x('405')) / x('405')) * x('1') -
 997  x('101') +
 998  x('102') =e= 0;
 999  con140.. (-310) * exp((-500) * x('141') + 500) * power(x('40'), 2) +
1000  x('545') =e= 0;
1001  con141.. (-0.5) * ((x('504') -
1002  x('605') -
1003  x('302') * x('403')) / x('403') +
1004  (x('505') -
1005  x('606') -
1006  x('303') * x('404')) / x('404')) * x('1') -
1007  x('100') +
1008  x('101') =e= 0;
1009  con142.. (-310) * exp((-500) * x('142') + 500) * power(x('41'), 2) +
1010  x('546') =e= 0;
1011  con143.. (-0.5) * ((x('503') -
1012  x('604') -
1013  x('301') * x('402')) / x('402') +
1014  (x('504') -
1015  x('605') -
1016  x('302') * x('403')) / x('403')) * x('1') -
1017  x('99') +
1018  x('100') =e= 0;
1019  con144.. (-310) * exp((-500) * x('143') + 500) * power(x('42'), 2) +
1020  x('547') =e= 0;
1021  con145.. (-0.5) * ((x('502') -
1022  x('603') -
1023  x('300') * x('401')) / x('401') +
1024  (x('503') -
1025  x('604') -
1026  x('301') * x('402')) / x('402')) * x('1') -
1027  x('98') +
1028  x('99') =e= 0;
1029  con146.. (-0.5) * ((x('501') -
1030  x('602') -
1031  x('299') * x('400')) / x('400') +
1032  (x('502') -
1033  x('603') -
1034  x('300') * x('401')) / x('401')) * x('1') -
1035  x('97') +
1036  x('98') =e= 0;
1037  con147.. (-310) * exp((-500) * x('144') + 500) * power(x('43'), 2) +
1038  x('548') =e= 0;
1039  con148.. (-0.5) * ((x('500') -
1040  x('601') -
1041  x('298') * x('399')) / x('399') +
1042  (x('501') -
1043  x('602') -
1044  x('299') * x('400')) / x('400')) * x('1') -
1045  x('96') +
1046  x('97') =e= 0;
1047  con149.. (-310) * exp((-500) * x('145') + 500) * power(x('44'), 2) +
1048  x('549') =e= 0;
1049  con150.. (-0.5) * ((x('499') -
1050  x('600') -
1051  x('297') * x('398')) / x('398') +
1052  (x('500') -
1053  x('601') -
1054  x('298') * x('399')) / x('399')) * x('1') -
1055  x('95') +
1056  x('96') =e= 0;
1057  con151.. (-310) * exp((-500) * x('146') + 500) * power(x('45'), 2) +
1058  x('550') =e= 0;
1059  con152.. (-0.5) * ((x('498') -
1060  x('599') -
1061  x('296') * x('397')) / x('397') +
1062  (x('499') -
1063  x('600') -
1064  x('297') * x('398')) / x('398')) * x('1') -
1065  x('94') +
1066  x('95') =e= 0;
1067  con153.. (-0.5) * ((x('497') -
1068  x('598') -
1069  x('295') * x('396')) / x('396') +
1070  (x('498') -
1071  x('599') -
1072  x('296') * x('397')) / x('397')) * x('1') -
1073  x('93') +
1074  x('94') =e= 0;
1075  con154.. (-310) * exp((-500) * x('147') + 500) * power(x('46'), 2) +
1076  x('551') =e= 0;
1077  con155.. (-0.5) * ((x('496') -
1078  x('597') -
1079  x('294') * x('395')) / x('395') +
1080  (x('497') -
1081  x('598') -
1082  x('295') * x('396')) / x('396')) * x('1') -
1083  x('92') +
1084  x('93') =e= 0;
1085  con156.. (-310) * exp((-500) * x('148') + 500) * power(x('47'), 2) +
1086  x('552') =e= 0;
1087  con157.. (-0.5) * ((x('495') -
1088  x('596') -
1089  x('293') * x('394')) / x('394') +
1090  (x('496') -
1091  x('597') -
1092  x('294') * x('395')) / x('395')) * x('1') -
1093  x('91') +
1094  x('92') =e= 0;
1095  con158.. (-310) * exp((-500) * x('149') + 500) * power(x('48'), 2) +
1096  x('553') =e= 0;
1097  con159.. (-0.5) * ((x('494') -
1098  x('595') -
1099  x('292') * x('393')) / x('393') +
1100  (x('495') -
1101  x('596') -
1102  x('293') * x('394')) / x('394')) * x('1') -
1103  x('90') +
1104  x('91') =e= 0;
1105  con160.. (-0.5) * ((x('493') -
1106  x('594') -
1107  x('291') * x('392')) / x('392') +
1108  (x('494') -
1109  x('595') -
1110  x('292') * x('393')) / x('393')) * x('1') -
1111  x('89') +
1112  x('90') =e= 0;
1113  con161.. (-310) * exp((-500) * x('150') + 500) * power(x('49'), 2) +
1114  x('554') =e= 0;
1115  con162.. (-0.5) * ((x('492') -
1116  x('593') -
1117  x('290') * x('391')) / x('391') +
1118  (x('493') -
1119  x('594') -
1120  x('291') * x('392')) / x('392')) * x('1') -
1121  x('88') +
1122  x('89') =e= 0;
1123  con163.. (-310) * exp((-500) * x('151') + 500) * power(x('50'), 2) +
1124  x('555') =e= 0;
1125  con164.. (-0.5) * ((x('491') -
1126  x('592') -
1127  x('289') * x('390')) / x('390') +
1128  (x('492') -
1129  x('593') -
1130  x('290') * x('391')) / x('391')) * x('1') -
1131  x('87') +
1132  x('88') =e= 0;
1133  con165.. (-310) * exp((-500) * x('152') + 500) * power(x('51'), 2) +
1134  x('556') =e= 0;
1135  con166.. (-0.5) * ((x('490') -
1136  x('591') -
1137  x('288') * x('389')) / x('389') +
1138  (x('491') -
1139  x('592') -
1140  x('289') * x('390')) / x('390')) * x('1') -
1141  x('86') +
1142  x('87') =e= 0;
1143  con167.. (-0.5) * ((x('489') -
1144  x('590') -
1145  x('287') * x('388')) / x('388') +
1146  (x('490') -
1147  x('591') -
1148  x('288') * x('389')) / x('389')) * x('1') -
1149  x('85') +
1150  x('86') =e= 0;
1151  con168.. (-310) * exp((-500) * x('153') + 500) * power(x('52'), 2) +
1152  x('557') =e= 0;
1153  con169.. (-0.5) * ((x('488') -
1154  x('589') -
1155  x('286') * x('387')) / x('387') +
1156  (x('489') -
1157  x('590') -
1158  x('287') * x('388')) / x('388')) * x('1') -
1159  x('84') +
1160  x('85') =e= 0;
1161  con170.. (-310) * exp((-500) * x('154') + 500) * power(x('53'), 2) +
1162  x('558') =e= 0;
1163  con171.. (-0.5) * ((x('487') -
1164  x('588') -
1165  x('285') * x('386')) / x('386') +
1166  (x('488') -
1167  x('589') -
1168  x('286') * x('387')) / x('387')) * x('1') -
1169  x('83') +
1170  x('84') =e= 0;
1171  con172.. (-310) * exp((-500) * x('155') + 500) * power(x('54'), 2) +
1172  x('559') =e= 0;
1173  con173.. (-0.5) * ((x('486') -
1174  x('587') -
1175  x('284') * x('385')) / x('385') +
1176  (x('487') -
1177  x('588') -
1178  x('285') * x('386')) / x('386')) * x('1') -
1179  x('82') +
1180  x('83') =e= 0;
1181  con174.. (-0.5) * ((x('485') -
1182  x('586') -
1183  x('283') * x('384')) / x('384') +
1184  (x('486') -
1185  x('587') -
1186  x('284') * x('385')) / x('385')) * x('1') -
1187  x('81') +
1188  x('82') =e= 0;
1189  con175.. (-310) * exp((-500) * x('156') + 500) * power(x('55'), 2) +
1190  x('560') =e= 0;
1191  con176.. (-0.5) * ((x('484') -
1192  x('585') -
1193  x('282') * x('383')) / x('383') +
1194  (x('485') -
1195  x('586') -
1196  x('283') * x('384')) / x('384')) * x('1') -
1197  x('80') +
1198  x('81') =e= 0;
1199  con177.. (-310) * exp((-500) * x('157') + 500) * power(x('56'), 2) +
1200  x('561') =e= 0;
1201  con178.. (-0.5) * ((x('483') -
1202  x('584') -
1203  x('281') * x('382')) / x('382') +
1204  (x('484') -
1205  x('585') -
1206  x('282') * x('383')) / x('383')) * x('1') -
1207  x('79') +
1208  x('80') =e= 0;
1209  con179.. (-310) * exp((-500) * x('158') + 500) * power(x('57'), 2) +
1210  x('562') =e= 0;
1211  con180.. (-0.5) * ((x('482') -
1212  x('583') -
1213  x('280') * x('381')) / x('381') +
1214  (x('483') -
1215  x('584') -
1216  x('281') * x('382')) / x('382')) * x('1') -
1217  x('78') +
1218  x('79') =e= 0;
1219  con181.. (-0.5) * ((x('481') -
1220  x('582') -
1221  x('279') * x('380')) / x('380') +
1222  (x('482') -
1223  x('583') -
1224  x('280') * x('381')) / x('381')) * x('1') -
1225  x('77') +
1226  x('78') =e= 0;
1227  con182.. (-310) * exp((-500) * x('159') + 500) * power(x('58'), 2) +
1228  x('563') =e= 0;
1229  con183.. (-0.5) * ((x('480') -
1230  x('581') -
1231  x('278') * x('379')) / x('379') +
1232  (x('481') -
1233  x('582') -
1234  x('279') * x('380')) / x('380')) * x('1') -
1235  x('76') +
1236  x('77') =e= 0;
1237  con184.. (-310) * exp((-500) * x('160') + 500) * power(x('59'), 2) +
1238  x('564') =e= 0;
1239  con185.. (-0.5) * ((x('479') -
1240  x('580') -
1241  x('277') * x('378')) / x('378') +
1242  (x('480') -
1243  x('581') -
1244  x('278') * x('379')) / x('379')) * x('1') -
1245  x('75') +
1246  x('76') =e= 0;
1247  con186.. (-310) * exp((-500) * x('161') + 500) * power(x('60'), 2) +
1248  x('565') =e= 0;
1249  con187.. (-0.5) * ((x('478') -
1250  x('579') -
1251  x('276') * x('377')) / x('377') +
1252  (x('479') -
1253  x('580') -
1254  x('277') * x('378')) / x('378')) * x('1') -
1255  x('74') +
1256  x('75') =e= 0;
1257  con188.. (-0.5) * ((x('477') -
1258  x('578') -
1259  x('275') * x('376')) / x('376') +
1260  (x('478') -
1261  x('579') -
1262  x('276') * x('377')) / x('377')) * x('1') -
1263  x('73') +
1264  x('74') =e= 0;
1265  con189.. (-310) * exp((-500) * x('162') + 500) * power(x('61'), 2) +
1266  x('566') =e= 0;
1267  con190.. (-0.5) * ((x('476') -
1268  x('577') -
1269  x('274') * x('375')) / x('375') +
1270  (x('477') -
1271  x('578') -
1272  x('275') * x('376')) / x('376')) * x('1') -
1273  x('72') +
1274  x('73') =e= 0;
1275  con191.. (-310) * exp((-500) * x('163') + 500) * power(x('62'), 2) +
1276  x('567') =e= 0;
1277  con192.. (-0.5) * ((x('475') -
1278  x('576') -
1279  x('273') * x('374')) / x('374') +
1280  (x('476') -
1281  x('577') -
1282  x('274') * x('375')) / x('375')) * x('1') -
1283  x('71') +
1284  x('72') =e= 0;
1285  con193.. (-310) * exp((-500) * x('164') + 500) * power(x('63'), 2) +
1286  x('568') =e= 0;
1287  con194.. (-0.5) * ((x('474') -
1288  x('575') -
1289  x('272') * x('373')) / x('373') +
1290  (x('475') -
1291  x('576') -
1292  x('273') * x('374')) / x('374')) * x('1') -
1293  x('70') +
1294  x('71') =e= 0;
1295  con195.. (-0.5) * ((x('473') -
1296  x('574') -
1297  x('271') * x('372')) / x('372') +
1298  (x('474') -
1299  x('575') -
1300  x('272') * x('373')) / x('373')) * x('1') -
1301  x('69') +
1302  x('70') =e= 0;
1303  con196.. (-310) * exp((-500) * x('165') + 500) * power(x('64'), 2) +
1304  x('569') =e= 0;
1305  con197.. (-0.5) * ((x('472') -
1306  x('573') -
1307  x('270') * x('371')) / x('371') +
1308  (x('473') -
1309  x('574') -
1310  x('271') * x('372')) / x('372')) * x('1') -
1311  x('68') +
1312  x('69') =e= 0;
1313  con198.. (-310) * exp((-500) * x('166') + 500) * power(x('65'), 2) +
1314  x('570') =e= 0;
1315  con199.. (-0.5) * ((x('471') -
1316  x('572') -
1317  x('269') * x('370')) / x('370') +
1318  (x('472') -
1319  x('573') -
1320  x('270') * x('371')) / x('371')) * x('1') -
1321  x('67') +
1322  x('68') =e= 0;
1323  con200.. (-310) * exp((-500) * x('167') + 500) * power(x('66'), 2) +
1324  x('571') =e= 0;
1325  con201.. (-0.5) * ((x('470') -
1326  x('571') -
1327  x('268') * x('369')) / x('369') +
1328  (x('471') -
1329  x('572') -
1330  x('269') * x('370')) / x('370')) * x('1') -
1331  x('66') +
1332  x('67') =e= 0;
1333  con202.. (-0.5) * ((x('469') -
1334  x('570') -
1335  x('267') * x('368')) / x('368') +
1336  (x('470') -
1337  x('571') -
1338  x('268') * x('369')) / x('369')) * x('1') -
1339  x('65') +
1340  x('66') =e= 0;
1341  con203.. (-310) * exp((-500) * x('168') + 500) * power(x('67'), 2) +
1342  x('572') =e= 0;
1343  con204.. (-0.5) * ((x('468') -
1344  x('569') -
1345  x('266') * x('367')) / x('367') +
1346  (x('469') -
1347  x('570') -
1348  x('267') * x('368')) / x('368')) * x('1') -
1349  x('64') +
1350  x('65') =e= 0;
1351  con205.. (-310) * exp((-500) * x('169') + 500) * power(x('68'), 2) +
1352  x('573') =e= 0;
1353  con206.. (-0.5) * ((x('467') -
1354  x('568') -
1355  x('265') * x('366')) / x('366') +
1356  (x('468') -
1357  x('569') -
1358  x('266') * x('367')) / x('367')) * x('1') -
1359  x('63') +
1360  x('64') =e= 0;
1361  con207.. (-310) * exp((-500) * x('170') + 500) * power(x('69'), 2) +
1362  x('574') =e= 0;
1363  con208.. (-0.5) * ((x('466') -
1364  x('567') -
1365  x('264') * x('365')) / x('365') +
1366  (x('467') -
1367  x('568') -
1368  x('265') * x('366')) / x('366')) * x('1') -
1369  x('62') +
1370  x('63') =e= 0;
1371  con209.. (-0.5) * ((x('465') -
1372  x('566') -
1373  x('263') * x('364')) / x('364') +
1374  (x('466') -
1375  x('567') -
1376  x('264') * x('365')) / x('365')) * x('1') -
1377  x('61') +
1378  x('62') =e= 0;
1379  con210.. (-310) * exp((-500) * x('171') + 500) * power(x('70'), 2) +
1380  x('575') =e= 0;
1381  con211.. (-0.5) * ((x('464') -
1382  x('565') -
1383  x('262') * x('363')) / x('363') +
1384  (x('465') -
1385  x('566') -
1386  x('263') * x('364')) / x('364')) * x('1') -
1387  x('60') +
1388  x('61') =e= 0;
1389  con212.. (-310) * exp((-500) * x('172') + 500) * power(x('71'), 2) +
1390  x('576') =e= 0;
1391  con213.. (-0.5) * ((x('463') -
1392  x('564') -
1393  x('261') * x('362')) / x('362') +
1394  (x('464') -
1395  x('565') -
1396  x('262') * x('363')) / x('363')) * x('1') -
1397  x('59') +
1398  x('60') =e= 0;
1399  con214.. (-310) * exp((-500) * x('173') + 500) * power(x('72'), 2) +
1400  x('577') =e= 0;
1401  con215.. (-0.5) * ((x('462') -
1402  x('563') -
1403  x('260') * x('361')) / x('361') +
1404  (x('463') -
1405  x('564') -
1406  x('261') * x('362')) / x('362')) * x('1') -
1407  x('58') +
1408  x('59') =e= 0;
1409  con216.. (-0.5) * ((x('461') -
1410  x('562') -
1411  x('259') * x('360')) / x('360') +
1412  (x('462') -
1413  x('563') -
1414  x('260') * x('361')) / x('361')) * x('1') -
1415  x('57') +
1416  x('58') =e= 0;
1417  con217.. (-310) * exp((-500) * x('174') + 500) * power(x('73'), 2) +
1418  x('578') =e= 0;
1419  con218.. (-0.5) * ((x('460') -
1420  x('561') -
1421  x('258') * x('359')) / x('359') +
1422  (x('461') -
1423  x('562') -
1424  x('259') * x('360')) / x('360')) * x('1') -
1425  x('56') +
1426  x('57') =e= 0;
1427  con219.. (-310) * exp((-500) * x('175') + 500) * power(x('74'), 2) +
1428  x('579') =e= 0;
1429  con220.. (-0.5) * ((x('459') -
1430  x('560') -
1431  x('257') * x('358')) / x('358') +
1432  (x('460') -
1433  x('561') -
1434  x('258') * x('359')) / x('359')) * x('1') -
1435  x('55') +
1436  x('56') =e= 0;
1437  con221.. (-310) * exp((-500) * x('176') + 500) * power(x('75'), 2) +
1438  x('580') =e= 0;
1439  con222.. (-0.5) * ((x('458') -
1440  x('559') -
1441  x('256') * x('357')) / x('357') +
1442  (x('459') -
1443  x('560') -
1444  x('257') * x('358')) / x('358')) * x('1') -
1445  x('54') +
1446  x('55') =e= 0;
1447  con223.. (-0.5) * ((x('457') -
1448  x('558') -
1449  x('255') * x('356')) / x('356') +
1450  (x('458') -
1451  x('559') -
1452  x('256') * x('357')) / x('357')) * x('1') -
1453  x('53') +
1454  x('54') =e= 0;
1455  con224.. (-310) * exp((-500) * x('177') + 500) * power(x('76'), 2) +
1456  x('581') =e= 0;
1457  con225.. (-0.5) * ((x('456') -
1458  x('557') -
1459  x('254') * x('355')) / x('355') +
1460  (x('457') -
1461  x('558') -
1462  x('255') * x('356')) / x('356')) * x('1') -
1463  x('52') +
1464  x('53') =e= 0;
1465  con226.. (-310) * exp((-500) * x('178') + 500) * power(x('77'), 2) +
1466  x('582') =e= 0;
1467  con227.. (-0.5) * ((x('455') -
1468  x('556') -
1469  x('253') * x('354')) / x('354') +
1470  (x('456') -
1471  x('557') -
1472  x('254') * x('355')) / x('355')) * x('1') -
1473  x('51') +
1474  x('52') =e= 0;
1475  con228.. (-310) * exp((-500) * x('179') + 500) * power(x('78'), 2) +
1476  x('583') =e= 0;
1477  con229.. (-0.5) * ((x('454') -
1478  x('555') -
1479  x('252') * x('353')) / x('353') +
1480  (x('455') -
1481  x('556') -
1482  x('253') * x('354')) / x('354')) * x('1') -
1483  x('50') +
1484  x('51') =e= 0;
1485  con230.. (-0.5) * ((x('453') -
1486  x('554') -
1487  x('251') * x('352')) / x('352') +
1488  (x('454') -
1489  x('555') -
1490  x('252') * x('353')) / x('353')) * x('1') -
1491  x('49') +
1492  x('50') =e= 0;
1493  con231.. (-310) * exp((-500) * x('180') + 500) * power(x('79'), 2) +
1494  x('584') =e= 0;
1495  con232.. (-0.5) * ((x('452') -
1496  x('553') -
1497  x('250') * x('351')) / x('351') +
1498  (x('453') -
1499  x('554') -
1500  x('251') * x('352')) / x('352')) * x('1') -
1501  x('48') +
1502  x('49') =e= 0;
1503  con233.. (-310) * exp((-500) * x('181') + 500) * power(x('80'), 2) +
1504  x('585') =e= 0;
1505  con234.. (-0.5) * ((x('451') -
1506  x('552') -
1507  x('249') * x('350')) / x('350') +
1508  (x('452') -
1509  x('553') -
1510  x('250') * x('351')) / x('351')) * x('1') -
1511  x('47') +
1512  x('48') =e= 0;
1513  con235.. (-310) * exp((-500) * x('182') + 500) * power(x('81'), 2) +
1514  x('586') =e= 0;
1515  con236.. (-0.5) * ((x('450') -
1516  x('551') -
1517  x('248') * x('349')) / x('349') +
1518  (x('451') -
1519  x('552') -
1520  x('249') * x('350')) / x('350')) * x('1') -
1521  x('46') +
1522  x('47') =e= 0;
1523  con237.. (-0.5) * ((x('449') -
1524  x('550') -
1525  x('247') * x('348')) / x('348') +
1526  (x('450') -
1527  x('551') -
1528  x('248') * x('349')) / x('349')) * x('1') -
1529  x('45') +
1530  x('46') =e= 0;
1531  con238.. (-310) * exp((-500) * x('183') + 500) * power(x('82'), 2) +
1532  x('587') =e= 0;
1533  con239.. (-0.5) * ((x('448') -
1534  x('549') -
1535  x('246') * x('347')) / x('347') +
1536  (x('449') -
1537  x('550') -
1538  x('247') * x('348')) / x('348')) * x('1') -
1539  x('44') +
1540  x('45') =e= 0;
1541  con240.. (-310) * exp((-500) * x('184') + 500) * power(x('83'), 2) +
1542  x('588') =e= 0;
1543  con241.. (-0.5) * ((x('447') -
1544  x('548') -
1545  x('245') * x('346')) / x('346') +
1546  (x('448') -
1547  x('549') -
1548  x('246') * x('347')) / x('347')) * x('1') -
1549  x('43') +
1550  x('44') =e= 0;
1551  con242.. (-310) * exp((-500) * x('185') + 500) * power(x('84'), 2) +
1552  x('589') =e= 0;
1553  con243.. (-0.5) * ((x('446') -
1554  x('547') -
1555  x('244') * x('345')) / x('345') +
1556  (x('447') -
1557  x('548') -
1558  x('245') * x('346')) / x('346')) * x('1') -
1559  x('42') +
1560  x('43') =e= 0;
1561  con244.. (-0.5) * ((x('445') -
1562  x('546') -
1563  x('243') * x('344')) / x('344') +
1564  (x('446') -
1565  x('547') -
1566  x('244') * x('345')) / x('345')) * x('1') -
1567  x('41') +
1568  x('42') =e= 0;
1569  con245.. (-310) * exp((-500) * x('186') + 500) * power(x('85'), 2) +
1570  x('590') =e= 0;
1571  con246.. (-0.5) * ((x('444') -
1572  x('545') -
1573  x('242') * x('343')) / x('343') +
1574  (x('445') -
1575  x('546') -
1576  x('243') * x('344')) / x('344')) * x('1') -
1577  x('40') +
1578  x('41') =e= 0;
1579  con247.. (-310) * exp((-500) * x('187') + 500) * power(x('86'), 2) +
1580  x('591') =e= 0;
1581  con248.. (-0.5) * ((x('443') -
1582  x('544') -
1583  x('241') * x('342')) / x('342') +
1584  (x('444') -
1585  x('545') -
1586  x('242') * x('343')) / x('343')) * x('1') -
1587  x('39') +
1588  x('40') =e= 0;
1589  con249.. (-310) * exp((-500) * x('188') + 500) * power(x('87'), 2) +
1590  x('592') =e= 0;
1591  con250.. (-0.5) * ((x('442') -
1592  x('543') -
1593  x('240') * x('341')) / x('341') +
1594  (x('443') -
1595  x('544') -
1596  x('241') * x('342')) / x('342')) * x('1') -
1597  x('38') +
1598  x('39') =e= 0;
1599  con251.. (-0.5) * ((x('441') -
1600  x('542') -
1601  x('239') * x('340')) / x('340') +
1602  (x('442') -
1603  x('543') -
1604  x('240') * x('341')) / x('341')) * x('1') -
1605  x('37') +
1606  x('38') =e= 0;
1607  con252.. (-310) * exp((-500) * x('189') + 500) * power(x('88'), 2) +
1608  x('593') =e= 0;
1609  con253.. (-0.5) * ((x('440') -
1610  x('541') -
1611  x('238') * x('339')) / x('339') +
1612  (x('441') -
1613  x('542') -
1614  x('239') * x('340')) / x('340')) * x('1') -
1615  x('36') +
1616  x('37') =e= 0;
1617  con254.. (-310) * exp((-500) * x('190') + 500) * power(x('89'), 2) +
1618  x('594') =e= 0;
1619  con255.. (-0.5) * ((x('439') -
1620  x('540') -
1621  x('237') * x('338')) / x('338') +
1622  (x('440') -
1623  x('541') -
1624  x('238') * x('339')) / x('339')) * x('1') -
1625  x('35') +
1626  x('36') =e= 0;
1627  con256.. (-310) * exp((-500) * x('191') + 500) * power(x('90'), 2) +
1628  x('595') =e= 0;
1629  con257.. (-0.5) * ((x('438') -
1630  x('539') -
1631  x('236') * x('337')) / x('337') +
1632  (x('439') -
1633  x('540') -
1634  x('237') * x('338')) / x('338')) * x('1') -
1635  x('34') +
1636  x('35') =e= 0;
1637  con258.. (-0.5) * ((x('437') -
1638  x('538') -
1639  x('235') * x('336')) / x('336') +
1640  (x('438') -
1641  x('539') -
1642  x('236') * x('337')) / x('337')) * x('1') -
1643  x('33') +
1644  x('34') =e= 0;
1645  con259.. (-310) * exp((-500) * x('192') + 500) * power(x('91'), 2) +
1646  x('596') =e= 0;
1647  con260.. (-0.5) * ((x('436') -
1648  x('537') -
1649  x('234') * x('335')) / x('335') +
1650  (x('437') -
1651  x('538') -
1652  x('235') * x('336')) / x('336')) * x('1') -
1653  x('32') +
1654  x('33') =e= 0;
1655  con261.. (-310) * exp((-500) * x('193') + 500) * power(x('92'), 2) +
1656  x('597') =e= 0;
1657  con262.. (-0.5) * ((x('435') -
1658  x('536') -
1659  x('233') * x('334')) / x('334') +
1660  (x('436') -
1661  x('537') -
1662  x('234') * x('335')) / x('335')) * x('1') -
1663  x('31') +
1664  x('32') =e= 0;
1665  con263.. (-310) * exp((-500) * x('194') + 500) * power(x('93'), 2) +
1666  x('598') =e= 0;
1667  con264.. (-0.5) * ((x('434') -
1668  x('535') -
1669  x('232') * x('333')) / x('333') +
1670  (x('435') -
1671  x('536') -
1672  x('233') * x('334')) / x('334')) * x('1') -
1673  x('30') +
1674  x('31') =e= 0;
1675  con265.. (-0.5) * ((x('433') -
1676  x('534') -
1677  x('231') * x('332')) / x('332') +
1678  (x('434') -
1679  x('535') -
1680  x('232') * x('333')) / x('333')) * x('1') -
1681  x('29') +
1682  x('30') =e= 0;
1683  con266.. (-310) * exp((-500) * x('195') + 500) * power(x('94'), 2) +
1684  x('599') =e= 0;
1685  con267.. (-0.5) * ((x('432') -
1686  x('533') -
1687  x('230') * x('331')) / x('331') +
1688  (x('433') -
1689  x('534') -
1690  x('231') * x('332')) / x('332')) * x('1') -
1691  x('28') +
1692  x('29') =e= 0;
1693  con268.. (-310) * exp((-500) * x('196') + 500) * power(x('95'), 2) +
1694  x('600') =e= 0;
1695  con269.. (-0.5) * ((x('431') -
1696  x('532') -
1697  x('229') * x('330')) / x('330') +
1698  (x('432') -
1699  x('533') -
1700  x('230') * x('331')) / x('331')) * x('1') -
1701  x('27') +
1702  x('28') =e= 0;
1703  con270.. (-310) * exp((-500) * x('197') + 500) * power(x('96'), 2) +
1704  x('601') =e= 0;
1705  con271.. (-0.5) * ((x('430') -
1706  x('531') -
1707  x('228') * x('329')) / x('329') +
1708  (x('431') -
1709  x('532') -
1710  x('229') * x('330')) / x('330')) * x('1') -
1711  x('26') +
1712  x('27') =e= 0;
1713  con272.. (-0.5) * ((x('429') -
1714  x('530') -
1715  x('227') * x('328')) / x('328') +
1716  (x('430') -
1717  x('531') -
1718  x('228') * x('329')) / x('329')) * x('1') -
1719  x('25') +
1720  x('26') =e= 0;
1721  con273.. (-310) * exp((-500) * x('198') + 500) * power(x('97'), 2) +
1722  x('602') =e= 0;
1723  con274.. (-0.5) * ((x('428') -
1724  x('529') -
1725  x('226') * x('327')) / x('327') +
1726  (x('429') -
1727  x('530') -
1728  x('227') * x('328')) / x('328')) * x('1') -
1729  x('24') +
1730  x('25') =e= 0;
1731  con275.. (-310) * exp((-500) * x('199') + 500) * power(x('98'), 2) +
1732  x('603') =e= 0;
1733  con276.. (-0.5) * ((x('427') -
1734  x('528') -
1735  x('225') * x('326')) / x('326') +
1736  (x('428') -
1737  x('529') -
1738  x('226') * x('327')) / x('327')) * x('1') -
1739  x('23') +
1740  x('24') =e= 0;
1741  con277.. (-310) * exp((-500) * x('200') + 500) * power(x('99'), 2) +
1742  x('604') =e= 0;
1743  con278.. (-0.5) * ((x('426') -
1744  x('527') -
1745  x('224') * x('325')) / x('325') +
1746  (x('427') -
1747  x('528') -
1748  x('225') * x('326')) / x('326')) * x('1') -
1749  x('22') +
1750  x('23') =e= 0;
1751  con279.. (-0.5) * ((x('425') -
1752  x('526') -
1753  x('223') * x('324')) / x('324') +
1754  (x('426') -
1755  x('527') -
1756  x('224') * x('325')) / x('325')) * x('1') -
1757  x('21') +
1758  x('22') =e= 0;
1759  con280.. (-310) * exp((-500) * x('201') + 500) * power(x('100'), 2) +
1760  x('605') =e= 0;
1761  con281.. (-0.5) * ((x('424') -
1762  x('525') -
1763  x('222') * x('323')) / x('323') +
1764  (x('425') -
1765  x('526') -
1766  x('223') * x('324')) / x('324')) * x('1') -
1767  x('20') +
1768  x('21') =e= 0;
1769  con282.. (-310) * exp((-500) * x('202') + 500) * power(x('101'), 2) +
1770  x('606') =e= 0;
1771  con283.. (-0.5) * ((x('423') -
1772  x('524') -
1773  x('221') * x('322')) / x('322') +
1774  (x('424') -
1775  x('525') -
1776  x('222') * x('323')) / x('323')) * x('1') -
1777  x('19') +
1778  x('20') =e= 0;
1779  con284.. (-310) * exp((-500) * x('203') + 500) * power(x('102'), 2) +
1780  x('607') =e= 0;
1781  con285.. (-0.5) * ((x('422') -
1782  x('523') -
1783  x('220') * x('321')) / x('321') +
1784  (x('423') -
1785  x('524') -
1786  x('221') * x('322')) / x('322')) * x('1') -
1787  x('18') +
1788  x('19') =e= 0;
1789  con286.. (-0.5) * ((x('421') -
1790  x('522') -
1791  x('219') * x('320')) / x('320') +
1792  (x('422') -
1793  x('523') -
1794  x('220') * x('321')) / x('321')) * x('1') -
1795  x('17') +
1796  x('18') =e= 0;
1797  con287.. -power(1/x('103'), 2) +
1798  x('204') =e= 0;
1799  con288.. -power(1/x('104'), 2) +
1800  x('205') =e= 0;
1801  con289.. (-0.5) * ((x('420') -
1802  x('521') -
1803  x('218') * x('319')) / x('319') +
1804  (x('421') -
1805  x('522') -
1806  x('219') * x('320')) / x('320')) * x('1') -
1807  x('16') +
1808  x('17') =e= 0;
1809  con290.. -power(1/x('105'), 2) +
1810  x('206') =e= 0;
1811  con291.. -power(1/x('106'), 2) +
1812  x('207') =e= 0;
1813  con292.. (-0.5) * ((x('419') -
1814  x('520') -
1815  x('217') * x('318')) / x('318') +
1816  (x('420') -
1817  x('521') -
1818  x('218') * x('319')) / x('319')) * x('1') -
1819  x('15') +
1820  x('16') =e= 0;
1821  con293.. -power(1/x('107'), 2) +
1822  x('208') =e= 0;
1823  con294.. -power(1/x('108'), 2) +
1824  x('209') =e= 0;
1825  con295.. (-0.5) * ((x('418') -
1826  x('519') -
1827  x('216') * x('317')) / x('317') +
1828  (x('419') -
1829  x('520') -
1830  x('217') * x('318')) / x('318')) * x('1') -
1831  x('14') +
1832  x('15') =e= 0;
1833  con296.. -power(1/x('109'), 2) +
1834  x('210') =e= 0;
1835  con297.. -power(1/x('110'), 2) +
1836  x('211') =e= 0;
1837  con298.. (-0.5) * ((x('417') -
1838  x('518') -
1839  x('215') * x('316')) / x('316') +
1840  (x('418') -
1841  x('519') -
1842  x('216') * x('317')) / x('317')) * x('1') -
1843  x('13') +
1844  x('14') =e= 0;
1845  con299.. -power(1/x('111'), 2) +
1846  x('212') =e= 0;
1847  con300.. -power(1/x('112'), 2) +
1848  x('213') =e= 0;
1849  con301.. (-0.5) * ((x('416') -
1850  x('517') -
1851  x('214') * x('315')) / x('315') +
1852  (x('417') -
1853  x('518') -
1854  x('215') * x('316')) / x('316')) * x('1') -
1855  x('12') +
1856  x('13') =e= 0;
1857  con302.. -power(1/x('113'), 2) +
1858  x('214') =e= 0;
1859  con303.. -power(1/x('114'), 2) +
1860  x('215') =e= 0;
1861  con304.. (-0.5) * ((x('415') -
1862  x('516') -
1863  x('213') * x('314')) / x('314') +
1864  (x('416') -
1865  x('517') -
1866  x('214') * x('315')) / x('315')) * x('1') -
1867  x('11') +
1868  x('12') =e= 0;
1869  con305.. -power(1/x('115'), 2) +
1870  x('216') =e= 0;
1871  con306.. -power(1/x('116'), 2) +
1872  x('217') =e= 0;
1873  con307.. (-0.5) * ((x('414') -
1874  x('515') -
1875  x('212') * x('313')) / x('313') +
1876  (x('415') -
1877  x('516') -
1878  x('213') * x('314')) / x('314')) * x('1') -
1879  x('10') +
1880  x('11') =e= 0;
1881  con308.. -power(1/x('117'), 2) +
1882  x('218') =e= 0;
1883  con309.. -power(1/x('118'), 2) +
1884  x('219') =e= 0;
1885  con310.. (-0.5) * ((x('413') -
1886  x('514') -
1887  x('211') * x('312')) / x('312') +
1888  (x('414') -
1889  x('515') -
1890  x('212') * x('313')) / x('313')) * x('1') -
1891  x('9') +
1892  x('10') =e= 0;
1893  con311.. -power(1/x('119'), 2) +
1894  x('220') =e= 0;
1895  con312.. -power(1/x('120'), 2) +
1896  x('221') =e= 0;
1897  con313.. (-0.5) * ((x('412') -
1898  x('513') -
1899  x('210') * x('311')) / x('311') +
1900  (x('413') -
1901  x('514') -
1902  x('211') * x('312')) / x('312')) * x('1') -
1903  x('8') +
1904  x('9') =e= 0;
1905  con314.. -power(1/x('121'), 2) +
1906  x('222') =e= 0;
1907  con315.. -power(1/x('122'), 2) +
1908  x('223') =e= 0;
1909  con316.. (-0.5) * ((x('411') -
1910  x('512') -
1911  x('209') * x('310')) / x('310') +
1912  (x('412') -
1913  x('513') -
1914  x('210') * x('311')) / x('311')) * x('1') -
1915  x('7') +
1916  x('8') =e= 0;
1917  con317.. -power(1/x('123'), 2) +
1918  x('224') =e= 0;
1919  con318.. -power(1/x('124'), 2) +
1920  x('225') =e= 0;
1921  con319.. (-0.5) * ((x('410') -
1922  x('511') -
1923  x('208') * x('309')) / x('309') +
1924  (x('411') -
1925  x('512') -
1926  x('209') * x('310')) / x('310')) * x('1') -
1927  x('6') +
1928  x('7') =e= 0;
1929  con320.. -power(1/x('125'), 2) +
1930  x('226') =e= 0;
1931  con321.. -power(1/x('126'), 2) +
1932  x('227') =e= 0;
1933  con322.. (-0.5) * ((x('409') -
1934  x('510') -
1935  x('207') * x('308')) / x('308') +
1936  (x('410') -
1937  x('511') -
1938  x('208') * x('309')) / x('309')) * x('1') -
1939  x('5') +
1940  x('6') =e= 0;
1941  con323.. -power(1/x('127'), 2) +
1942  x('228') =e= 0;
1943  con324.. -power(1/x('128'), 2) +
1944  x('229') =e= 0;
1945  con325.. (-0.5) * ((x('408') -
1946  x('509') -
1947  x('206') * x('307')) / x('307') +
1948  (x('409') -
1949  x('510') -
1950  x('207') * x('308')) / x('308')) * x('1') -
1951  x('4') +
1952  x('5') =e= 0;
1953  con326.. -power(1/x('129'), 2) +
1954  x('230') =e= 0;
1955  con327.. -power(1/x('130'), 2) +
1956  x('231') =e= 0;
1957  con328.. (-0.5) * ((x('407') -
1958  x('508') -
1959  x('205') * x('306')) / x('306') +
1960  (x('408') -
1961  x('509') -
1962  x('206') * x('307')) / x('307')) * x('1') -
1963  x('3') +
1964  x('4') =e= 0;
1965  con329.. -power(1/x('131'), 2) +
1966  x('232') =e= 0;
1967  con330.. -power(1/x('132'), 2) +
1968  x('233') =e= 0;
1969  con331.. -power(1/x('133'), 2) +
1970  x('234') =e= 0;
1971  con332.. (-0.5) * ((x('406') -
1972  x('507') -
1973  x('204') * x('305')) / x('305') +
1974  (x('407') -
1975  x('508') -
1976  x('205') * x('306')) / x('306')) * x('1') -
1977  x('2') +
1978  x('3') =e= 0;
1979  con333.. -power(1/x('134'), 2) +
1980  x('235') =e= 0;
1981  con334.. -x('202') +
1982  x('203') -
1983  0.5 * x('1') * (x('101') +
1984  x('102')) =e= 0;
1985  con335.. -power(1/x('135'), 2) +
1986  x('236') =e= 0;
1987  con336.. -x('201') +
1988  x('202') -
1989  0.5 * x('1') * (x('100') +
1990  x('101')) =e= 0;
1991  con337.. -power(1/x('136'), 2) +
1992  x('237') =e= 0;
1993  con338.. -x('200') +
1994  x('201') -
1995  0.5 * x('1') * (x('99') +
1996  x('100')) =e= 0;
1997  con339.. -power(1/x('137'), 2) +
1998  x('238') =e= 0;
1999  con340.. -x('199') +
2000  x('200') -
2001  0.5 * x('1') * (x('98') +
2002  x('99')) =e= 0;
2003  con341.. -power(1/x('138'), 2) +
2004  x('239') =e= 0;
2005  con342.. -x('198') +
2006  x('199') -
2007  0.5 * x('1') * (x('97') +
2008  x('98')) =e= 0;
2009  con343.. -power(1/x('139'), 2) +
2010  x('240') =e= 0;
2011  con344.. -x('197') +
2012  x('198') -
2013  0.5 * x('1') * (x('96') +
2014  x('97')) =e= 0;
2015  con345.. -power(1/x('140'), 2) +
2016  x('241') =e= 0;
2017  con346.. -x('196') +
2018  x('197') -
2019  0.5 * x('1') * (x('95') +
2020  x('96')) =e= 0;
2021  con347.. -power(1/x('141'), 2) +
2022  x('242') =e= 0;
2023  con348.. -x('195') +
2024  x('196') -
2025  0.5 * x('1') * (x('94') +
2026  x('95')) =e= 0;
2027  con349.. -power(1/x('142'), 2) +
2028  x('243') =e= 0;
2029  con350.. -x('194') +
2030  x('195') -
2031  0.5 * x('1') * (x('93') +
2032  x('94')) =e= 0;
2033  con351.. -power(1/x('143'), 2) +
2034  x('244') =e= 0;
2035  con352.. -x('193') +
2036  x('194') -
2037  0.5 * x('1') * (x('92') +
2038  x('93')) =e= 0;
2039  con353.. -power(1/x('144'), 2) +
2040  x('245') =e= 0;
2041  con354.. -x('192') +
2042  x('193') -
2043  0.5 * x('1') * (x('91') +
2044  x('92')) =e= 0;
2045  con355.. -power(1/x('145'), 2) +
2046  x('246') =e= 0;
2047  con356.. -x('191') +
2048  x('192') -
2049  0.5 * x('1') * (x('90') +
2050  x('91')) =e= 0;
2051  con357.. -power(1/x('146'), 2) +
2052  x('247') =e= 0;
2053  con358.. -x('190') +
2054  x('191') -
2055  0.5 * x('1') * (x('89') +
2056  x('90')) =e= 0;
2057  con359.. -power(1/x('147'), 2) +
2058  x('248') =e= 0;
2059  con360.. -x('189') +
2060  x('190') -
2061  0.5 * x('1') * (x('88') +
2062  x('89')) =e= 0;
2063  con361.. -power(1/x('148'), 2) +
2064  x('249') =e= 0;
2065  con362.. -x('188') +
2066  x('189') -
2067  0.5 * x('1') * (x('87') +
2068  x('88')) =e= 0;
2069  con363.. -power(1/x('149'), 2) +
2070  x('250') =e= 0;
2071  con364.. -x('187') +
2072  x('188') -
2073  0.5 * x('1') * (x('86') +
2074  x('87')) =e= 0;
2075  con365.. -power(1/x('150'), 2) +
2076  x('251') =e= 0;
2077  con366.. -x('186') +
2078  x('187') -
2079  0.5 * x('1') * (x('85') +
2080  x('86')) =e= 0;
2081  con367.. -power(1/x('151'), 2) +
2082  x('252') =e= 0;
2083  con368.. -x('185') +
2084  x('186') -
2085  0.5 * x('1') * (x('84') +
2086  x('85')) =e= 0;
2087  con369.. -power(1/x('152'), 2) +
2088  x('253') =e= 0;
2089  con370.. -x('184') +
2090  x('185') -
2091  0.5 * x('1') * (x('83') +
2092  x('84')) =e= 0;
2093  con371.. -power(1/x('153'), 2) +
2094  x('254') =e= 0;
2095  con372.. -x('183') +
2096  x('184') -
2097  0.5 * x('1') * (x('82') +
2098  x('83')) =e= 0;
2099  con373.. -power(1/x('154'), 2) +
2100  x('255') =e= 0;
2101  con374.. -x('182') +
2102  x('183') -
2103  0.5 * x('1') * (x('81') +
2104  x('82')) =e= 0;
2105  con375.. -power(1/x('155'), 2) +
2106  x('256') =e= 0;
2107  con376.. -x('181') +
2108  x('182') -
2109  0.5 * x('1') * (x('80') +
2110  x('81')) =e= 0;
2111  con377.. -power(1/x('156'), 2) +
2112  x('257') =e= 0;
2113  con378.. -x('180') +
2114  x('181') -
2115  0.5 * x('1') * (x('79') +
2116  x('80')) =e= 0;
2117  con379.. -power(1/x('157'), 2) +
2118  x('258') =e= 0;
2119  con380.. -x('179') +
2120  x('180') -
2121  0.5 * x('1') * (x('78') +
2122  x('79')) =e= 0;
2123  con381.. -power(1/x('158'), 2) +
2124  x('259') =e= 0;
2125  con382.. -x('178') +
2126  x('179') -
2127  0.5 * x('1') * (x('77') +
2128  x('78')) =e= 0;
2129  con383.. -power(1/x('159'), 2) +
2130  x('260') =e= 0;
2131  con384.. -x('177') +
2132  x('178') -
2133  0.5 * x('1') * (x('76') +
2134  x('77')) =e= 0;
2135  con385.. -power(1/x('160'), 2) +
2136  x('261') =e= 0;
2137  con386.. -x('176') +
2138  x('177') -
2139  0.5 * x('1') * (x('75') +
2140  x('76')) =e= 0;
2141  con387.. -power(1/x('161'), 2) +
2142  x('262') =e= 0;
2143  con388.. -x('175') +
2144  x('176') -
2145  0.5 * x('1') * (x('74') +
2146  x('75')) =e= 0;
2147  con389.. -power(1/x('162'), 2) +
2148  x('263') =e= 0;
2149  con390.. -x('174') +
2150  x('175') -
2151  0.5 * x('1') * (x('73') +
2152  x('74')) =e= 0;
2153  con391.. -power(1/x('163'), 2) +
2154  x('264') =e= 0;
2155  con392.. -x('173') +
2156  x('174') -
2157  0.5 * x('1') * (x('72') +
2158  x('73')) =e= 0;
2159  con393.. -power(1/x('164'), 2) +
2160  x('265') =e= 0;
2161  con394.. -x('172') +
2162  x('173') -
2163  0.5 * x('1') * (x('71') +
2164  x('72')) =e= 0;
2165  con395.. -power(1/x('165'), 2) +
2166  x('266') =e= 0;
2167  con396.. -x('171') +
2168  x('172') -
2169  0.5 * x('1') * (x('70') +
2170  x('71')) =e= 0;
2171  con397.. -power(1/x('166'), 2) +
2172  x('267') =e= 0;
2173  con398.. -x('170') +
2174  x('171') -
2175  0.5 * x('1') * (x('69') +
2176  x('70')) =e= 0;
2177  con399.. -power(1/x('167'), 2) +
2178  x('268') =e= 0;
2179  con400.. -x('169') +
2180  x('170') -
2181  0.5 * x('1') * (x('68') +
2182  x('69')) =e= 0;
2183  con401.. -power(1/x('168'), 2) +
2184  x('269') =e= 0;
2185  con402.. -x('168') +
2186  x('169') -
2187  0.5 * x('1') * (x('67') +
2188  x('68')) =e= 0;
2189  con403.. -power(1/x('169'), 2) +
2190  x('270') =e= 0;
2191  con404.. -x('167') +
2192  x('168') -
2193  0.5 * x('1') * (x('66') +
2194  x('67')) =e= 0;
2195  con405.. -power(1/x('170'), 2) +
2196  x('271') =e= 0;
2197  con406.. -x('166') +
2198  x('167') -
2199  0.5 * x('1') * (x('65') +
2200  x('66')) =e= 0;
2201  con407.. -power(1/x('171'), 2) +
2202  x('272') =e= 0;
2203  con408.. -x('165') +
2204  x('166') -
2205  0.5 * x('1') * (x('64') +
2206  x('65')) =e= 0;
2207  con409.. -power(1/x('172'), 2) +
2208  x('273') =e= 0;
2209  con410.. -x('164') +
2210  x('165') -
2211  0.5 * x('1') * (x('63') +
2212  x('64')) =e= 0;
2213  con411.. -power(1/x('173'), 2) +
2214  x('274') =e= 0;
2215  con412.. -x('163') +
2216  x('164') -
2217  0.5 * x('1') * (x('62') +
2218  x('63')) =e= 0;
2219  con413.. -power(1/x('174'), 2) +
2220  x('275') =e= 0;
2221  con414.. -x('162') +
2222  x('163') -
2223  0.5 * x('1') * (x('61') +
2224  x('62')) =e= 0;
2225  con415.. -power(1/x('175'), 2) +
2226  x('276') =e= 0;
2227  con416.. -x('161') +
2228  x('162') -
2229  0.5 * x('1') * (x('60') +
2230  x('61')) =e= 0;
2231  con417.. -power(1/x('176'), 2) +
2232  x('277') =e= 0;
2233  con418.. -x('160') +
2234  x('161') -
2235  0.5 * x('1') * (x('59') +
2236  x('60')) =e= 0;
2237  con419.. -power(1/x('177'), 2) +
2238  x('278') =e= 0;
2239  con420.. -x('159') +
2240  x('160') -
2241  0.5 * x('1') * (x('58') +
2242  x('59')) =e= 0;
2243  con421.. -power(1/x('178'), 2) +
2244  x('279') =e= 0;
2245  con422.. -x('158') +
2246  x('159') -
2247  0.5 * x('1') * (x('57') +
2248  x('58')) =e= 0;
2249  con423.. -power(1/x('179'), 2) +
2250  x('280') =e= 0;
2251  con424.. -x('157') +
2252  x('158') -
2253  0.5 * x('1') * (x('56') +
2254  x('57')) =e= 0;
2255  con425.. -power(1/x('180'), 2) +
2256  x('281') =e= 0;
2257  con426.. -x('156') +
2258  x('157') -
2259  0.5 * x('1') * (x('55') +
2260  x('56')) =e= 0;
2261  con427.. -power(1/x('181'), 2) +
2262  x('282') =e= 0;
2263  con428.. -x('155') +
2264  x('156') -
2265  0.5 * x('1') * (x('54') +
2266  x('55')) =e= 0;
2267  con429.. -power(1/x('182'), 2) +
2268  x('283') =e= 0;
2269  con430.. -x('154') +
2270  x('155') -
2271  0.5 * x('1') * (x('53') +
2272  x('54')) =e= 0;
2273  con431.. -power(1/x('183'), 2) +
2274  x('284') =e= 0;
2275  con432.. -x('153') +
2276  x('154') -
2277  0.5 * x('1') * (x('52') +
2278  x('53')) =e= 0;
2279  con433.. -power(1/x('184'), 2) +
2280  x('285') =e= 0;
2281  con434.. -x('152') +
2282  x('153') -
2283  0.5 * x('1') * (x('51') +
2284  x('52')) =e= 0;
2285  con435.. -power(1/x('185'), 2) +
2286  x('286') =e= 0;
2287  con436.. -x('151') +
2288  x('152') -
2289  0.5 * x('1') * (x('50') +
2290  x('51')) =e= 0;
2291  con437.. -power(1/x('186'), 2) +
2292  x('287') =e= 0;
2293  con438.. -x('150') +
2294  x('151') -
2295  0.5 * x('1') * (x('49') +
2296  x('50')) =e= 0;
2297  con439.. -power(1/x('187'), 2) +
2298  x('288') =e= 0;
2299  con440.. -x('149') +
2300  x('150') -
2301  0.5 * x('1') * (x('48') +
2302  x('49')) =e= 0;
2303  con441.. -power(1/x('188'), 2) +
2304  x('289') =e= 0;
2305  con442.. -x('148') +
2306  x('149') -
2307  0.5 * x('1') * (x('47') +
2308  x('48')) =e= 0;
2309  con443.. -power(1/x('189'), 2) +
2310  x('290') =e= 0;
2311  con444.. -x('147') +
2312  x('148') -
2313  0.5 * x('1') * (x('46') +
2314  x('47')) =e= 0;
2315  con445.. -power(1/x('190'), 2) +
2316  x('291') =e= 0;
2317  con446.. -x('146') +
2318  x('147') -
2319  0.5 * x('1') * (x('45') +
2320  x('46')) =e= 0;
2321  con447.. -power(1/x('191'), 2) +
2322  x('292') =e= 0;
2323  con448.. -x('145') +
2324  x('146') -
2325  0.5 * x('1') * (x('44') +
2326  x('45')) =e= 0;
2327  con449.. -power(1/x('192'), 2) +
2328  x('293') =e= 0;
2329  con450.. -x('144') +
2330  x('145') -
2331  0.5 * x('1') * (x('43') +
2332  x('44')) =e= 0;
2333  con451.. -power(1/x('193'), 2) +
2334  x('294') =e= 0;
2335  con452.. -x('143') +
2336  x('144') -
2337  0.5 * x('1') * (x('42') +
2338  x('43')) =e= 0;
2339  con453.. -power(1/x('194'), 2) +
2340  x('295') =e= 0;
2341  con454.. -x('142') +
2342  x('143') -
2343  0.5 * x('1') * (x('41') +
2344  x('42')) =e= 0;
2345  con455.. -power(1/x('195'), 2) +
2346  x('296') =e= 0;
2347  con456.. -x('141') +
2348  x('142') -
2349  0.5 * x('1') * (x('40') +
2350  x('41')) =e= 0;
2351  con457.. -power(1/x('196'), 2) +
2352  x('297') =e= 0;
2353  con458.. -x('140') +
2354  x('141') -
2355  0.5 * x('1') * (x('39') +
2356  x('40')) =e= 0;
2357  con459.. -power(1/x('197'), 2) +
2358  x('298') =e= 0;
2359  con460.. -x('139') +
2360  x('140') -
2361  0.5 * x('1') * (x('38') +
2362  x('39')) =e= 0;
2363  con461.. -power(1/x('198'), 2) +
2364  x('299') =e= 0;
2365  con462.. -x('138') +
2366  x('139') -
2367  0.5 * x('1') * (x('37') +
2368  x('38')) =e= 0;
2369  con463.. -power(1/x('199'), 2) +
2370  x('300') =e= 0;
2371  con464.. -x('137') +
2372  x('138') -
2373  0.5 * x('1') * (x('36') +
2374  x('37')) =e= 0;
2375  con465.. -power(1/x('200'), 2) +
2376  x('301') =e= 0;
2377  con466.. -x('136') +
2378  x('137') -
2379  0.5 * x('1') * (x('35') +
2380  x('36')) =e= 0;
2381  con467.. -power(1/x('201'), 2) +
2382  x('302') =e= 0;
2383  con468.. -x('135') +
2384  x('136') -
2385  0.5 * x('1') * (x('34') +
2386  x('35')) =e= 0;
2387  con469.. -power(1/x('202'), 2) +
2388  x('303') =e= 0;
2389  con470.. -x('134') +
2390  x('135') -
2391  0.5 * x('1') * (x('33') +
2392  x('34')) =e= 0;
2393  con471.. -power(1/x('203'), 2) +
2394  x('304') =e= 0;
2395  con472.. -x('133') +
2396  x('134') -
2397  0.5 * x('1') * (x('32') +
2398  x('33')) =e= 0;
2399  con473.. -x('103') +
2400  x('104') -
2401  0.5 * x('1') * (x('2') +
2402  x('3')) =e= 0;
2403  con474.. -x('132') +
2404  x('133') -
2405  0.5 * x('1') * (x('31') +
2406  x('32')) =e= 0;
2407  con475.. -x('131') +
2408  x('132') -
2409  0.5 * x('1') * (x('30') +
2410  x('31')) =e= 0;
2411  con476.. -x('104') +
2412  x('105') -
2413  0.5 * x('1') * (x('3') +
2414  x('4')) =e= 0;
2415  con477.. -x('130') +
2416  x('131') -
2417  0.5 * x('1') * (x('29') +
2418  x('30')) =e= 0;
2419  con478.. -x('129') +
2420  x('130') -
2421  0.5 * x('1') * (x('28') +
2422  x('29')) =e= 0;
2423  con479.. -x('105') +
2424  x('106') -
2425  0.5 * x('1') * (x('4') +
2426  x('5')) =e= 0;
2427  con480.. -x('128') +
2428  x('129') -
2429  0.5 * x('1') * (x('27') +
2430  x('28')) =e= 0;
2431  con481.. -x('127') +
2432  x('128') -
2433  0.5 * x('1') * (x('26') +
2434  x('27')) =e= 0;
2435  con482.. -x('106') +
2436  x('107') -
2437  0.5 * x('1') * (x('5') +
2438  x('6')) =e= 0;
2439  con483.. -x('126') +
2440  x('127') -
2441  0.5 * x('1') * (x('25') +
2442  x('26')) =e= 0;
2443  con484.. -x('125') +
2444  x('126') -
2445  0.5 * x('1') * (x('24') +
2446  x('25')) =e= 0;
2447  con485.. -x('107') +
2448  x('108') -
2449  0.5 * x('1') * (x('6') +
2450  x('7')) =e= 0;
2451  con486.. -x('124') +
2452  x('125') -
2453  0.5 * x('1') * (x('23') +
2454  x('24')) =e= 0;
2455  con487.. -x('123') +
2456  x('124') -
2457  0.5 * x('1') * (x('22') +
2458  x('23')) =e= 0;
2459  con488.. -x('108') +
2460  x('109') -
2461  0.5 * x('1') * (x('7') +
2462  x('8')) =e= 0;
2463  con489.. -x('122') +
2464  x('123') -
2465  0.5 * x('1') * (x('21') +
2466  x('22')) =e= 0;
2467  con490.. -x('121') +
2468  x('122') -
2469  0.5 * x('1') * (x('20') +
2470  x('21')) =e= 0;
2471  con491.. -x('109') +
2472  x('110') -
2473  0.5 * x('1') * (x('8') +
2474  x('9')) =e= 0;
2475  con492.. -x('120') +
2476  x('121') -
2477  0.5 * x('1') * (x('19') +
2478  x('20')) =e= 0;
2479  con493.. -x('119') +
2480  x('120') -
2481  0.5 * x('1') * (x('18') +
2482  x('19')) =e= 0;
2483  con494.. -x('110') +
2484  x('111') -
2485  0.5 * x('1') * (x('9') +
2486  x('10')) =e= 0;
2487  con495.. -x('118') +
2488  x('119') -
2489  0.5 * x('1') * (x('17') +
2490  x('18')) =e= 0;
2491  con496.. -x('117') +
2492  x('118') -
2493  0.5 * x('1') * (x('16') +
2494  x('17')) =e= 0;
2495  con497.. -x('111') +
2496  x('112') -
2497  0.5 * x('1') * (x('10') +
2498  x('11')) =e= 0;
2499  con498.. -x('116') +
2500  x('117') -
2501  0.5 * x('1') * (x('15') +
2502  x('16')) =e= 0;
2503  con499.. -x('115') +
2504  x('116') -
2505  0.5 * x('1') * (x('14') +
2506  x('15')) =e= 0;
2507  con500.. -x('112') +
2508  x('113') -
2509  0.5 * x('1') * (x('11') +
2510  x('12')) =e= 0;
2511  con501.. -x('114') +
2512  x('115') -
2513  0.5 * x('1') * (x('13') +
2514  x('14')) =e= 0;
2515  con502.. -x('113') +
2516  x('114') -
2517  0.5 * x('1') * (x('12') +
2518  x('13')) =e= 0;
2519  x.lo('2')=0;
2520  x.up('2')=0;
2521  x.lo('103')=1;
2522  x.up('103')=1;
2523  x.lo('305')=1;
2524  x.up('305')=1;
2525  x.lo('405')=0.59999999999999998;
2526  x.up('405')=0.59999999999999998;
2527  x.lo('1')=0;
2528  x.lo('3')=0;
2529  x.lo('4')=0;
2530  x.lo('5')=0;
2531  x.lo('6')=0;
2532  x.lo('7')=0;
2533  x.lo('8')=0;
2534  x.lo('9')=0;
2535  x.lo('10')=0;
2536  x.lo('11')=0;
2537  x.lo('12')=0;
2538  x.lo('13')=0;
2539  x.lo('14')=0;
2540  x.lo('15')=0;
2541  x.lo('16')=0;
2542  x.lo('17')=0;
2543  x.lo('18')=0;
2544  x.lo('19')=0;
2545  x.lo('20')=0;
2546  x.lo('21')=0;
2547  x.lo('22')=0;
2548  x.lo('23')=0;
2549  x.lo('24')=0;
2550  x.lo('25')=0;
2551  x.lo('26')=0;
2552  x.lo('27')=0;
2553  x.lo('28')=0;
2554  x.lo('29')=0;
2555  x.lo('30')=0;
2556  x.lo('31')=0;
2557  x.lo('32')=0;
2558  x.lo('33')=0;
2559  x.lo('34')=0;
2560  x.lo('35')=0;
2561  x.lo('36')=0;
2562  x.lo('37')=0;
2563  x.lo('38')=0;
2564  x.lo('39')=0;
2565  x.lo('40')=0;
2566  x.lo('41')=0;
2567  x.lo('42')=0;
2568  x.lo('43')=0;
2569  x.lo('44')=0;
2570  x.lo('45')=0;
2571  x.lo('46')=0;
2572  x.lo('47')=0;
2573  x.lo('48')=0;
2574  x.lo('49')=0;
2575  x.lo('50')=0;
2576  x.lo('51')=0;
2577  x.lo('52')=0;
2578  x.lo('53')=0;
2579  x.lo('54')=0;
2580  x.lo('55')=0;
2581  x.lo('56')=0;
2582  x.lo('57')=0;
2583  x.lo('58')=0;
2584  x.lo('59')=0;
2585  x.lo('60')=0;
2586  x.lo('61')=0;
2587  x.lo('62')=0;
2588  x.lo('63')=0;
2589  x.lo('64')=0;
2590  x.lo('65')=0;
2591  x.lo('66')=0;
2592  x.lo('67')=0;
2593  x.lo('68')=0;
2594  x.lo('69')=0;
2595  x.lo('70')=0;
2596  x.lo('71')=0;
2597  x.lo('72')=0;
2598  x.lo('73')=0;
2599  x.lo('74')=0;
2600  x.lo('75')=0;
2601  x.lo('76')=0;
2602  x.lo('77')=0;
2603  x.lo('78')=0;
2604  x.lo('79')=0;
2605  x.lo('80')=0;
2606  x.lo('81')=0;
2607  x.lo('82')=0;
2608  x.lo('83')=0;
2609  x.lo('84')=0;
2610  x.lo('85')=0;
2611  x.lo('86')=0;
2612  x.lo('87')=0;
2613  x.lo('88')=0;
2614  x.lo('89')=0;
2615  x.lo('90')=0;
2616  x.lo('91')=0;
2617  x.lo('92')=0;
2618  x.lo('93')=0;
2619  x.lo('94')=0;
2620  x.lo('95')=0;
2621  x.lo('96')=0;
2622  x.lo('97')=0;
2623  x.lo('98')=0;
2624  x.lo('99')=0;
2625  x.lo('100')=0;
2626  x.lo('101')=0;
2627  x.lo('102')=0;
2628  x.lo('104')=1;
2629  x.lo('105')=1;
2630  x.lo('106')=1;
2631  x.lo('107')=1;
2632  x.lo('108')=1;
2633  x.lo('109')=1;
2634  x.lo('110')=1;
2635  x.lo('111')=1;
2636  x.lo('112')=1;
2637  x.lo('113')=1;
2638  x.lo('114')=1;
2639  x.lo('115')=1;
2640  x.lo('116')=1;
2641  x.lo('117')=1;
2642  x.lo('118')=1;
2643  x.lo('119')=1;
2644  x.lo('120')=1;
2645  x.lo('121')=1;
2646  x.lo('122')=1;
2647  x.lo('123')=1;
2648  x.lo('124')=1;
2649  x.lo('125')=1;
2650  x.lo('126')=1;
2651  x.lo('127')=1;
2652  x.lo('128')=1;
2653  x.lo('129')=1;
2654  x.lo('130')=1;
2655  x.lo('131')=1;
2656  x.lo('132')=1;
2657  x.lo('133')=1;
2658  x.lo('134')=1;
2659  x.lo('135')=1;
2660  x.lo('136')=1;
2661  x.lo('137')=1;
2662  x.lo('138')=1;
2663  x.lo('139')=1;
2664  x.lo('140')=1;
2665  x.lo('141')=1;
2666  x.lo('142')=1;
2667  x.lo('143')=1;
2668  x.lo('144')=1;
2669  x.lo('145')=1;
2670  x.lo('146')=1;
2671  x.lo('147')=1;
2672  x.lo('148')=1;
2673  x.lo('149')=1;
2674  x.lo('150')=1;
2675  x.lo('151')=1;
2676  x.lo('152')=1;
2677  x.lo('153')=1;
2678  x.lo('154')=1;
2679  x.lo('155')=1;
2680  x.lo('156')=1;
2681  x.lo('157')=1;
2682  x.lo('158')=1;
2683  x.lo('159')=1;
2684  x.lo('160')=1;
2685  x.lo('161')=1;
2686  x.lo('162')=1;
2687  x.lo('163')=1;
2688  x.lo('164')=1;
2689  x.lo('165')=1;
2690  x.lo('166')=1;
2691  x.lo('167')=1;
2692  x.lo('168')=1;
2693  x.lo('169')=1;
2694  x.lo('170')=1;
2695  x.lo('171')=1;
2696  x.lo('172')=1;
2697  x.lo('173')=1;
2698  x.lo('174')=1;
2699  x.lo('175')=1;
2700  x.lo('176')=1;
2701  x.lo('177')=1;
2702  x.lo('178')=1;
2703  x.lo('179')=1;
2704  x.lo('180')=1;
2705  x.lo('181')=1;
2706  x.lo('182')=1;
2707  x.lo('183')=1;
2708  x.lo('184')=1;
2709  x.lo('185')=1;
2710  x.lo('186')=1;
2711  x.lo('187')=1;
2712  x.lo('188')=1;
2713  x.lo('189')=1;
2714  x.lo('190')=1;
2715  x.lo('191')=1;
2716  x.lo('192')=1;
2717  x.lo('193')=1;
2718  x.lo('194')=1;
2719  x.lo('195')=1;
2720  x.lo('196')=1;
2721  x.lo('197')=1;
2722  x.lo('198')=1;
2723  x.lo('199')=1;
2724  x.lo('200')=1;
2725  x.lo('201')=1;
2726  x.lo('202')=1;
2727  x.lo('203')=1;
2728  x.lo('204')=0;
2729  x.lo('205')=0;
2730  x.lo('206')=0;
2731  x.lo('207')=0;
2732  x.lo('208')=0;
2733  x.lo('209')=0;
2734  x.lo('210')=0;
2735  x.lo('211')=0;
2736  x.lo('212')=0;
2737  x.lo('213')=0;
2738  x.lo('214')=0;
2739  x.lo('215')=0;
2740  x.lo('216')=0;
2741  x.lo('217')=0;
2742  x.lo('218')=0;
2743  x.lo('219')=0;
2744  x.lo('220')=0;
2745  x.lo('221')=0;
2746  x.lo('222')=0;
2747  x.lo('223')=0;
2748  x.lo('224')=0;
2749  x.lo('225')=0;
2750  x.lo('226')=0;
2751  x.lo('227')=0;
2752  x.lo('228')=0;
2753  x.lo('229')=0;
2754  x.lo('230')=0;
2755  x.lo('231')=0;
2756  x.lo('232')=0;
2757  x.lo('233')=0;
2758  x.lo('234')=0;
2759  x.lo('235')=0;
2760  x.lo('236')=0;
2761  x.lo('237')=0;
2762  x.lo('238')=0;
2763  x.lo('239')=0;
2764  x.lo('240')=0;
2765  x.lo('241')=0;
2766  x.lo('242')=0;
2767  x.lo('243')=0;
2768  x.lo('244')=0;
2769  x.lo('245')=0;
2770  x.lo('246')=0;
2771  x.lo('247')=0;
2772  x.lo('248')=0;
2773  x.lo('249')=0;
2774  x.lo('250')=0;
2775  x.lo('251')=0;
2776  x.lo('252')=0;
2777  x.lo('253')=0;
2778  x.lo('254')=0;
2779  x.lo('255')=0;
2780  x.lo('256')=0;
2781  x.lo('257')=0;
2782  x.lo('258')=0;
2783  x.lo('259')=0;
2784  x.lo('260')=0;
2785  x.lo('261')=0;
2786  x.lo('262')=0;
2787  x.lo('263')=0;
2788  x.lo('264')=0;
2789  x.lo('265')=0;
2790  x.lo('266')=0;
2791  x.lo('267')=0;
2792  x.lo('268')=0;
2793  x.lo('269')=0;
2794  x.lo('270')=0;
2795  x.lo('271')=0;
2796  x.lo('272')=0;
2797  x.lo('273')=0;
2798  x.lo('274')=0;
2799  x.lo('275')=0;
2800  x.lo('276')=0;
2801  x.lo('277')=0;
2802  x.lo('278')=0;
2803  x.lo('279')=0;
2804  x.lo('280')=0;
2805  x.lo('281')=0;
2806  x.lo('282')=0;
2807  x.lo('283')=0;
2808  x.lo('284')=0;
2809  x.lo('285')=0;
2810  x.lo('286')=0;
2811  x.lo('287')=0;
2812  x.lo('288')=0;
2813  x.lo('289')=0;
2814  x.lo('290')=0;
2815  x.lo('291')=0;
2816  x.lo('292')=0;
2817  x.lo('293')=0;
2818  x.lo('294')=0;
2819  x.lo('295')=0;
2820  x.lo('296')=0;
2821  x.lo('297')=0;
2822  x.lo('298')=0;
2823  x.lo('299')=0;
2824  x.lo('300')=0;
2825  x.lo('301')=0;
2826  x.lo('302')=0;
2827  x.lo('303')=0;
2828  x.lo('304')=0;
2829  x.lo('306')=0.59999999999999998;
2830  x.up('306')=1;
2831  x.lo('307')=0.59999999999999998;
2832  x.up('307')=1;
2833  x.lo('308')=0.59999999999999998;
2834  x.up('308')=1;
2835  x.lo('309')=0.59999999999999998;
2836  x.up('309')=1;
2837  x.lo('310')=0.59999999999999998;
2838  x.up('310')=1;
2839  x.lo('311')=0.59999999999999998;
2840  x.up('311')=1;
2841  x.lo('312')=0.59999999999999998;
2842  x.up('312')=1;
2843  x.lo('313')=0.59999999999999998;
2844  x.up('313')=1;
2845  x.lo('314')=0.59999999999999998;
2846  x.up('314')=1;
2847  x.lo('315')=0.59999999999999998;
2848  x.up('315')=1;
2849  x.lo('316')=0.59999999999999998;
2850  x.up('316')=1;
2851  x.lo('317')=0.59999999999999998;
2852  x.up('317')=1;
2853  x.lo('318')=0.59999999999999998;
2854  x.up('318')=1;
2855  x.lo('319')=0.59999999999999998;
2856  x.up('319')=1;
2857  x.lo('320')=0.59999999999999998;
2858  x.up('320')=1;
2859  x.lo('321')=0.59999999999999998;
2860  x.up('321')=1;
2861  x.lo('322')=0.59999999999999998;
2862  x.up('322')=1;
2863  x.lo('323')=0.59999999999999998;
2864  x.up('323')=1;
2865  x.lo('324')=0.59999999999999998;
2866  x.up('324')=1;
2867  x.lo('325')=0.59999999999999998;
2868  x.up('325')=1;
2869  x.lo('326')=0.59999999999999998;
2870  x.up('326')=1;
2871  x.lo('327')=0.59999999999999998;
2872  x.up('327')=1;
2873  x.lo('328')=0.59999999999999998;
2874  x.up('328')=1;
2875  x.lo('329')=0.59999999999999998;
2876  x.up('329')=1;
2877  x.lo('330')=0.59999999999999998;
2878  x.up('330')=1;
2879  x.lo('331')=0.59999999999999998;
2880  x.up('331')=1;
2881  x.lo('332')=0.59999999999999998;
2882  x.up('332')=1;
2883  x.lo('333')=0.59999999999999998;
2884  x.up('333')=1;
2885  x.lo('334')=0.59999999999999998;
2886  x.up('334')=1;
2887  x.lo('335')=0.59999999999999998;
2888  x.up('335')=1;
2889  x.lo('336')=0.59999999999999998;
2890  x.up('336')=1;
2891  x.lo('337')=0.59999999999999998;
2892  x.up('337')=1;
2893  x.lo('338')=0.59999999999999998;
2894  x.up('338')=1;
2895  x.lo('339')=0.59999999999999998;
2896  x.up('339')=1;
2897  x.lo('340')=0.59999999999999998;
2898  x.up('340')=1;
2899  x.lo('341')=0.59999999999999998;
2900  x.up('341')=1;
2901  x.lo('342')=0.59999999999999998;
2902  x.up('342')=1;
2903  x.lo('343')=0.59999999999999998;
2904  x.up('343')=1;
2905  x.lo('344')=0.59999999999999998;
2906  x.up('344')=1;
2907  x.lo('345')=0.59999999999999998;
2908  x.up('345')=1;
2909  x.lo('346')=0.59999999999999998;
2910  x.up('346')=1;
2911  x.lo('347')=0.59999999999999998;
2912  x.up('347')=1;
2913  x.lo('348')=0.59999999999999998;
2914  x.up('348')=1;
2915  x.lo('349')=0.59999999999999998;
2916  x.up('349')=1;
2917  x.lo('350')=0.59999999999999998;
2918  x.up('350')=1;
2919  x.lo('351')=0.59999999999999998;
2920  x.up('351')=1;
2921  x.lo('352')=0.59999999999999998;
2922  x.up('352')=1;
2923  x.lo('353')=0.59999999999999998;
2924  x.up('353')=1;
2925  x.lo('354')=0.59999999999999998;
2926  x.up('354')=1;
2927  x.lo('355')=0.59999999999999998;
2928  x.up('355')=1;
2929  x.lo('356')=0.59999999999999998;
2930  x.up('356')=1;
2931  x.lo('357')=0.59999999999999998;
2932  x.up('357')=1;
2933  x.lo('358')=0.59999999999999998;
2934  x.up('358')=1;
2935  x.lo('359')=0.59999999999999998;
2936  x.up('359')=1;
2937  x.lo('360')=0.59999999999999998;
2938  x.up('360')=1;
2939  x.lo('361')=0.59999999999999998;
2940  x.up('361')=1;
2941  x.lo('362')=0.59999999999999998;
2942  x.up('362')=1;
2943  x.lo('363')=0.59999999999999998;
2944  x.up('363')=1;
2945  x.lo('364')=0.59999999999999998;
2946  x.up('364')=1;
2947  x.lo('365')=0.59999999999999998;
2948  x.up('365')=1;
2949  x.lo('366')=0.59999999999999998;
2950  x.up('366')=1;
2951  x.lo('367')=0.59999999999999998;
2952  x.up('367')=1;
2953  x.lo('368')=0.59999999999999998;
2954  x.up('368')=1;
2955  x.lo('369')=0.59999999999999998;
2956  x.up('369')=1;
2957  x.lo('370')=0.59999999999999998;
2958  x.up('370')=1;
2959  x.lo('371')=0.59999999999999998;
2960  x.up('371')=1;
2961  x.lo('372')=0.59999999999999998;
2962  x.up('372')=1;
2963  x.lo('373')=0.59999999999999998;
2964  x.up('373')=1;
2965  x.lo('374')=0.59999999999999998;
2966  x.up('374')=1;
2967  x.lo('375')=0.59999999999999998;
2968  x.up('375')=1;
2969  x.lo('376')=0.59999999999999998;
2970  x.up('376')=1;
2971  x.lo('377')=0.59999999999999998;
2972  x.up('377')=1;
2973  x.lo('378')=0.59999999999999998;
2974  x.up('378')=1;
2975  x.lo('379')=0.59999999999999998;
2976  x.up('379')=1;
2977  x.lo('380')=0.59999999999999998;
2978  x.up('380')=1;
2979  x.lo('381')=0.59999999999999998;
2980  x.up('381')=1;
2981  x.lo('382')=0.59999999999999998;
2982  x.up('382')=1;
2983  x.lo('383')=0.59999999999999998;
2984  x.up('383')=1;
2985  x.lo('384')=0.59999999999999998;
2986  x.up('384')=1;
2987  x.lo('385')=0.59999999999999998;
2988  x.up('385')=1;
2989  x.lo('386')=0.59999999999999998;
2990  x.up('386')=1;
2991  x.lo('387')=0.59999999999999998;
2992  x.up('387')=1;
2993  x.lo('388')=0.59999999999999998;
2994  x.up('388')=1;
2995  x.lo('389')=0.59999999999999998;
2996  x.up('389')=1;
2997  x.lo('390')=0.59999999999999998;
2998  x.up('390')=1;
2999  x.lo('391')=0.59999999999999998;
3000  x.up('391')=1;
3001  x.lo('392')=0.59999999999999998;
3002  x.up('392')=1;
3003  x.lo('393')=0.59999999999999998;
3004  x.up('393')=1;
3005  x.lo('394')=0.59999999999999998;
3006  x.up('394')=1;
3007  x.lo('395')=0.59999999999999998;
3008  x.up('395')=1;
3009  x.lo('396')=0.59999999999999998;
3010  x.up('396')=1;
3011  x.lo('397')=0.59999999999999998;
3012  x.up('397')=1;
3013  x.lo('398')=0.59999999999999998;
3014  x.up('398')=1;
3015  x.lo('399')=0.59999999999999998;
3016  x.up('399')=1;
3017  x.lo('400')=0.59999999999999998;
3018  x.up('400')=1;
3019  x.lo('401')=0.59999999999999998;
3020  x.up('401')=1;
3021  x.lo('402')=0.59999999999999998;
3022  x.up('402')=1;
3023  x.lo('403')=0.59999999999999998;
3024  x.up('403')=1;
3025  x.lo('404')=0.59999999999999998;
3026  x.up('404')=1;
3027  x.lo('406')=0;
3028  x.up('406')=3.5;
3029  x.lo('407')=0;
3030  x.up('407')=3.5;
3031  x.lo('408')=0;
3032  x.up('408')=3.5;
3033  x.lo('409')=0;
3034  x.up('409')=3.5;
3035  x.lo('410')=0;
3036  x.up('410')=3.5;
3037  x.lo('411')=0;
3038  x.up('411')=3.5;
3039  x.lo('412')=0;
3040  x.up('412')=3.5;
3041  x.lo('413')=0;
3042  x.up('413')=3.5;
3043  x.lo('414')=0;
3044  x.up('414')=3.5;
3045  x.lo('415')=0;
3046  x.up('415')=3.5;
3047  x.lo('416')=0;
3048  x.up('416')=3.5;
3049  x.lo('417')=0;
3050  x.up('417')=3.5;
3051  x.lo('418')=0;
3052  x.up('418')=3.5;
3053  x.lo('419')=0;
3054  x.up('419')=3.5;
3055  x.lo('420')=0;
3056  x.up('420')=3.5;
3057  x.lo('421')=0;
3058  x.up('421')=3.5;
3059  x.lo('422')=0;
3060  x.up('422')=3.5;
3061  x.lo('423')=0;
3062  x.up('423')=3.5;
3063  x.lo('424')=0;
3064  x.up('424')=3.5;
3065  x.lo('425')=0;
3066  x.up('425')=3.5;
3067  x.lo('426')=0;
3068  x.up('426')=3.5;
3069  x.lo('427')=0;
3070  x.up('427')=3.5;
3071  x.lo('428')=0;
3072  x.up('428')=3.5;
3073  x.lo('429')=0;
3074  x.up('429')=3.5;
3075  x.lo('430')=0;
3076  x.up('430')=3.5;
3077  x.lo('431')=0;
3078  x.up('431')=3.5;
3079  x.lo('432')=0;
3080  x.up('432')=3.5;
3081  x.lo('433')=0;
3082  x.up('433')=3.5;
3083  x.lo('434')=0;
3084  x.up('434')=3.5;
3085  x.lo('435')=0;
3086  x.up('435')=3.5;
3087  x.lo('436')=0;
3088  x.up('436')=3.5;
3089  x.lo('437')=0;
3090  x.up('437')=3.5;
3091  x.lo('438')=0;
3092  x.up('438')=3.5;
3093  x.lo('439')=0;
3094  x.up('439')=3.5;
3095  x.lo('440')=0;
3096  x.up('440')=3.5;
3097  x.lo('441')=0;
3098  x.up('441')=3.5;
3099  x.lo('442')=0;
3100  x.up('442')=3.5;
3101  x.lo('443')=0;
3102  x.up('443')=3.5;
3103  x.lo('444')=0;
3104  x.up('444')=3.5;
3105  x.lo('445')=0;
3106  x.up('445')=3.5;
3107  x.lo('446')=0;
3108  x.up('446')=3.5;
3109  x.lo('447')=0;
3110  x.up('447')=3.5;
3111  x.lo('448')=0;
3112  x.up('448')=3.5;
3113  x.lo('449')=0;
3114  x.up('449')=3.5;
3115  x.lo('450')=0;
3116  x.up('450')=3.5;
3117  x.lo('451')=0;
3118  x.up('451')=3.5;
3119  x.lo('452')=0;
3120  x.up('452')=3.5;
3121  x.lo('453')=0;
3122  x.up('453')=3.5;
3123  x.lo('454')=0;
3124  x.up('454')=3.5;
3125  x.lo('455')=0;
3126  x.up('455')=3.5;
3127  x.lo('456')=0;
3128  x.up('456')=3.5;
3129  x.lo('457')=0;
3130  x.up('457')=3.5;
3131  x.lo('458')=0;
3132  x.up('458')=3.5;
3133  x.lo('459')=0;
3134  x.up('459')=3.5;
3135  x.lo('460')=0;
3136  x.up('460')=3.5;
3137  x.lo('461')=0;
3138  x.up('461')=3.5;
3139  x.lo('462')=0;
3140  x.up('462')=3.5;
3141  x.lo('463')=0;
3142  x.up('463')=3.5;
3143  x.lo('464')=0;
3144  x.up('464')=3.5;
3145  x.lo('465')=0;
3146  x.up('465')=3.5;
3147  x.lo('466')=0;
3148  x.up('466')=3.5;
3149  x.lo('467')=0;
3150  x.up('467')=3.5;
3151  x.lo('468')=0;
3152  x.up('468')=3.5;
3153  x.lo('469')=0;
3154  x.up('469')=3.5;
3155  x.lo('470')=0;
3156  x.up('470')=3.5;
3157  x.lo('471')=0;
3158  x.up('471')=3.5;
3159  x.lo('472')=0;
3160  x.up('472')=3.5;
3161  x.lo('473')=0;
3162  x.up('473')=3.5;
3163  x.lo('474')=0;
3164  x.up('474')=3.5;
3165  x.lo('475')=0;
3166  x.up('475')=3.5;
3167  x.lo('476')=0;
3168  x.up('476')=3.5;
3169  x.lo('477')=0;
3170  x.up('477')=3.5;
3171  x.lo('478')=0;
3172  x.up('478')=3.5;
3173  x.lo('479')=0;
3174  x.up('479')=3.5;
3175  x.lo('480')=0;
3176  x.up('480')=3.5;
3177  x.lo('481')=0;
3178  x.up('481')=3.5;
3179  x.lo('482')=0;
3180  x.up('482')=3.5;
3181  x.lo('483')=0;
3182  x.up('483')=3.5;
3183  x.lo('484')=0;
3184  x.up('484')=3.5;
3185  x.lo('485')=0;
3186  x.up('485')=3.5;
3187  x.lo('486')=0;
3188  x.up('486')=3.5;
3189  x.lo('487')=0;
3190  x.up('487')=3.5;
3191  x.lo('488')=0;
3192  x.up('488')=3.5;
3193  x.lo('489')=0;
3194  x.up('489')=3.5;
3195  x.lo('490')=0;
3196  x.up('490')=3.5;
3197  x.lo('491')=0;
3198  x.up('491')=3.5;
3199  x.lo('492')=0;
3200  x.up('492')=3.5;
3201  x.lo('493')=0;
3202  x.up('493')=3.5;
3203  x.lo('494')=0;
3204  x.up('494')=3.5;
3205  x.lo('495')=0;
3206  x.up('495')=3.5;
3207  x.lo('496')=0;
3208  x.up('496')=3.5;
3209  x.lo('497')=0;
3210  x.up('497')=3.5;
3211  x.lo('498')=0;
3212  x.up('498')=3.5;
3213  x.lo('499')=0;
3214  x.up('499')=3.5;
3215  x.lo('500')=0;
3216  x.up('500')=3.5;
3217  x.lo('501')=0;
3218  x.up('501')=3.5;
3219  x.lo('502')=0;
3220  x.up('502')=3.5;
3221  x.lo('503')=0;
3222  x.up('503')=3.5;
3223  x.lo('504')=0;
3224  x.up('504')=3.5;
3225  x.lo('505')=0;
3226  x.up('505')=3.5;
3227  x.lo('506')=0;
3228  x.up('506')=3.5;
3229  x.lo('507')=0;
3230  x.lo('508')=0;
3231  x.lo('509')=0;
3232  x.lo('510')=0;
3233  x.lo('511')=0;
3234  x.lo('512')=0;
3235  x.lo('513')=0;
3236  x.lo('514')=0;
3237  x.lo('515')=0;
3238  x.lo('516')=0;
3239  x.lo('517')=0;
3240  x.lo('518')=0;
3241  x.lo('519')=0;
3242  x.lo('520')=0;
3243  x.lo('521')=0;
3244  x.lo('522')=0;
3245  x.lo('523')=0;
3246  x.lo('524')=0;
3247  x.lo('525')=0;
3248  x.lo('526')=0;
3249  x.lo('527')=0;
3250  x.lo('528')=0;
3251  x.lo('529')=0;
3252  x.lo('530')=0;
3253  x.lo('531')=0;
3254  x.lo('532')=0;
3255  x.lo('533')=0;
3256  x.lo('534')=0;
3257  x.lo('535')=0;
3258  x.lo('536')=0;
3259  x.lo('537')=0;
3260  x.lo('538')=0;
3261  x.lo('539')=0;
3262  x.lo('540')=0;
3263  x.lo('541')=0;
3264  x.lo('542')=0;
3265  x.lo('543')=0;
3266  x.lo('544')=0;
3267  x.lo('545')=0;
3268  x.lo('546')=0;
3269  x.lo('547')=0;
3270  x.lo('548')=0;
3271  x.lo('549')=0;
3272  x.lo('550')=0;
3273  x.lo('551')=0;
3274  x.lo('552')=0;
3275  x.lo('553')=0;
3276  x.lo('554')=0;
3277  x.lo('555')=0;
3278  x.lo('556')=0;
3279  x.lo('557')=0;
3280  x.lo('558')=0;
3281  x.lo('559')=0;
3282  x.lo('560')=0;
3283  x.lo('561')=0;
3284  x.lo('562')=0;
3285  x.lo('563')=0;
3286  x.lo('564')=0;
3287  x.lo('565')=0;
3288  x.lo('566')=0;
3289  x.lo('567')=0;
3290  x.lo('568')=0;
3291  x.lo('569')=0;
3292  x.lo('570')=0;
3293  x.lo('571')=0;
3294  x.lo('572')=0;
3295  x.lo('573')=0;
3296  x.lo('574')=0;
3297  x.lo('575')=0;
3298  x.lo('576')=0;
3299  x.lo('577')=0;
3300  x.lo('578')=0;
3301  x.lo('579')=0;
3302  x.lo('580')=0;
3303  x.lo('581')=0;
3304  x.lo('582')=0;
3305  x.lo('583')=0;
3306  x.lo('584')=0;
3307  x.lo('585')=0;
3308  x.lo('586')=0;
3309  x.lo('587')=0;
3310  x.lo('588')=0;
3311  x.lo('589')=0;
3312  x.lo('590')=0;
3313  x.lo('591')=0;
3314  x.lo('592')=0;
3315  x.lo('593')=0;
3316  x.lo('594')=0;
3317  x.lo('595')=0;
3318  x.lo('596')=0;
3319  x.lo('597')=0;
3320  x.lo('598')=0;
3321  x.lo('599')=0;
3322  x.lo('600')=0;
3323  x.lo('601')=0;
3324  x.lo('602')=0;
3325  x.lo('603')=0;
3326  x.lo('604')=0;
3327  x.lo('605')=0;
3328  x.lo('606')=0;
3329  x.lo('607')=0;
3330  Model m/All/;
3331  m.workspace = 32;
3332  m.optfile = 1;options nlp=convert;
3333  Solve m using nlp minimizing obj;
3334  display x.l, obj.l;
3335   
3336   
3337   


COMPILATION TIME     =        0.000 SECONDS      3 MB  53.5.1 f2e5fac3 WEX-WEI
GAMS 53.5.1  f2e5fac3 May 20, 2026          WEX-WEI x86 64bit/MS Windows - 06/14/26 21:50:21 Page 2
G e n e r a l   A l g e b r a i c   M o d e l i n g   S y s t e m
Equation Listing    SOLVE m Using NLP From line 3333


---- objcon  =E=  

objcon..  x(203) + obj =E= 0 ; (LHS = 1, INFES = 1 ****)
     

---- con1  =E=  

con1..  (0)*x(2) + (0)*x(103) + x(507) =E= 0 ; (LHS = 0)
     

---- con2  =E=  

con2..  (0)*x(1) - x(404) + x(405) + (0)*x(505) + (0)*x(506) =E= 0 ; (LHS = 0)
     

---- con3  =E=  

con3..  (0)*x(1) - x(403) + x(404) + (0)*x(504) + (0)*x(505) =E= 0 ; (LHS = 0)
     

---- con4  =E=  

con4..  (0)*x(1) - x(402) + x(403) + (0)*x(503) + (0)*x(504) =E= 0 ; (LHS = 0)
     

---- con5  =E=  

con5..  (0)*x(3) + (0)*x(104) + x(508) =E= 0 ; (LHS = 0)
     

---- con6  =E=  

con6..  (0)*x(1) - x(401) + x(402) + (0)*x(502) + (0)*x(503) =E= 0 ; (LHS = 0)
     

---- con7  =E=  

con7..  (0)*x(1) - x(400) + x(401) + (0)*x(501) + (0)*x(502) =E= 0 ; (LHS = 0)
     

---- con8  =E=  

con8..  (0)*x(1) - x(399) + x(400) + (0)*x(500) + (0)*x(501) =E= 0 ; (LHS = 0)
     

---- con9  =E=  

con9..  (0)*x(4) + (0)*x(105) + x(509) =E= 0 ; (LHS = 0)
     

---- con10  =E=  

con10..  (0)*x(1) - x(398) + x(399) + (0)*x(499) + (0)*x(500) =E= 0 ; (LHS = 0)
     

---- con11  =E=  

con11..  (0)*x(1) - x(397) + x(398) + (0)*x(498) + (0)*x(499) =E= 0 ; (LHS = 0)
     

---- con12  =E=  

con12..  (0)*x(5) + (0)*x(106) + x(510) =E= 0 ; (LHS = 0)
     

---- con13  =E=  

con13..  (0)*x(1) - x(396) + x(397) + (0)*x(497) + (0)*x(498) =E= 0 ; (LHS = 0)
     

---- con14  =E=  

con14..  (0)*x(1) - x(395) + x(396) + (0)*x(496) + (0)*x(497) =E= 0 ; (LHS = 0)
     

---- con15  =E=  

con15..  (0)*x(1) - x(394) + x(395) + (0)*x(495) + (0)*x(496) =E= 0 ; (LHS = 0)
     

---- con16  =E=  

con16..  (0)*x(6) + (0)*x(107) + x(511) =E= 0 ; (LHS = 0)
     

---- con17  =E=  

con17..  (0)*x(1) - x(393) + x(394) + (0)*x(494) + (0)*x(495) =E= 0 ; (LHS = 0)
     

---- con18  =E=  

con18..  (0)*x(1) - x(392) + x(393) + (0)*x(493) + (0)*x(494) =E= 0 ; (LHS = 0)
     

---- con19  =E=  

con19..  (0)*x(1) - x(391) + x(392) + (0)*x(492) + (0)*x(493) =E= 0 ; (LHS = 0)
     

---- con20  =E=  

con20..  (0)*x(7) + (0)*x(108) + x(512) =E= 0 ; (LHS = 0)
     

---- con21  =E=  

con21..  (0)*x(1) - x(390) + x(391) + (0)*x(491) + (0)*x(492) =E= 0 ; (LHS = 0)
     

---- con22  =E=  

con22..  (0)*x(1) - x(389) + x(390) + (0)*x(490) + (0)*x(491) =E= 0 ; (LHS = 0)
     

---- con23  =E=  

con23..  (0)*x(8) + (0)*x(109) + x(513) =E= 0 ; (LHS = 0)
     

---- con24  =E=  

con24..  (0)*x(1) - x(388) + x(389) + (0)*x(489) + (0)*x(490) =E= 0 ; (LHS = 0)
     

---- con25  =E=  

con25..  (0)*x(1) - x(387) + x(388) + (0)*x(488) + (0)*x(489) =E= 0 ; (LHS = 0)
     

---- con26  =E=  

con26..  (0)*x(1) - x(386) + x(387) + (0)*x(487) + (0)*x(488) =E= 0 ; (LHS = 0)
     

---- con27  =E=  

con27..  (0)*x(9) + (0)*x(110) + x(514) =E= 0 ; (LHS = 0)
     

---- con28  =E=  

con28..  (0)*x(1) - x(385) + x(386) + (0)*x(486) + (0)*x(487) =E= 0 ; (LHS = 0)
     

---- con29  =E=  

con29..  (0)*x(1) - x(384) + x(385) + (0)*x(485) + (0)*x(486) =E= 0 ; (LHS = 0)
     

---- con30  =E=  

con30..  (0)*x(1) - x(383) + x(384) + (0)*x(484) + (0)*x(485) =E= 0 ; (LHS = 0)
     

---- con31  =E=  

con31..  (0)*x(10) + (0)*x(111) + x(515) =E= 0 ; (LHS = 0)
     

---- con32  =E=  

con32..  (0)*x(1) - x(382) + x(383) + (0)*x(483) + (0)*x(484) =E= 0 ; (LHS = 0)
     

---- con33  =E=  

con33..  (0)*x(1) - x(381) + x(382) + (0)*x(482) + (0)*x(483) =E= 0 ; (LHS = 0)
     

---- con34  =E=  

con34..  (0)*x(11) + (0)*x(112) + x(516) =E= 0 ; (LHS = 0)
     

---- con35  =E=  

con35..  (0)*x(1) - x(380) + x(381) + (0)*x(481) + (0)*x(482) =E= 0 ; (LHS = 0)
     

---- con36  =E=  

con36..  (0)*x(1) - x(379) + x(380) + (0)*x(480) + (0)*x(481) =E= 0 ; (LHS = 0)
     

---- con37  =E=  

con37..  (0)*x(1) - x(378) + x(379) + (0)*x(479) + (0)*x(480) =E= 0 ; (LHS = 0)
     

---- con38  =E=  

con38..  (0)*x(12) + (0)*x(113) + x(517) =E= 0 ; (LHS = 0)
     

---- con39  =E=  

con39..  (0)*x(1) - x(377) + x(378) + (0)*x(478) + (0)*x(479) =E= 0 ; (LHS = 0)
     

---- con40  =E=  

con40..  (0)*x(1) - x(376) + x(377) + (0)*x(477) + (0)*x(478) =E= 0 ; (LHS = 0)
     

---- con41  =E=  

con41..  (0)*x(1) - x(375) + x(376) + (0)*x(476) + (0)*x(477) =E= 0 ; (LHS = 0)
     

---- con42  =E=  

con42..  (0)*x(13) + (0)*x(114) + x(518) =E= 0 ; (LHS = 0)
     

---- con43  =E=  

con43..  (0)*x(1) - x(374) + x(375) + (0)*x(475) + (0)*x(476) =E= 0 ; (LHS = 0)
     

---- con44  =E=  

con44..  (0)*x(1) - x(373) + x(374) + (0)*x(474) + (0)*x(475) =E= 0 ; (LHS = 0)
     

---- con45  =E=  

con45..  (0)*x(14) + (0)*x(115) + x(519) =E= 0 ; (LHS = 0)
     

---- con46  =E=  

con46..  (0)*x(1) - x(372) + x(373) + (0)*x(473) + (0)*x(474) =E= 0 ; (LHS = 0)
     

---- con47  =E=  

con47..  (0)*x(1) - x(371) + x(372) + (0)*x(472) + (0)*x(473) =E= 0 ; (LHS = 0)
     

---- con48  =E=  

con48..  (0)*x(1) - x(370) + x(371) + (0)*x(471) + (0)*x(472) =E= 0 ; (LHS = 0)
     

---- con49  =E=  

con49..  (0)*x(15) + (0)*x(116) + x(520) =E= 0 ; (LHS = 0)
     

---- con50  =E=  

con50..  (0)*x(1) - x(369) + x(370) + (0)*x(470) + (0)*x(471) =E= 0 ; (LHS = 0)
     

---- con51  =E=  

con51..  (0)*x(1) - x(368) + x(369) + (0)*x(469) + (0)*x(470) =E= 0 ; (LHS = 0)
     

---- con52  =E=  

con52..  (0)*x(1) - x(367) + x(368) + (0)*x(468) + (0)*x(469) =E= 0 ; (LHS = 0)
     

---- con53  =E=  

con53..  (0)*x(16) + (0)*x(117) + x(521) =E= 0 ; (LHS = 0)
     

---- con54  =E=  

con54..  (0)*x(1) - x(366) + x(367) + (0)*x(467) + (0)*x(468) =E= 0 ; (LHS = 0)
     

---- con55  =E=  

con55..  (0)*x(1) - x(365) + x(366) + (0)*x(466) + (0)*x(467) =E= 0 ; (LHS = 0)
     

---- con56  =E=  

con56..  (0)*x(17) + (0)*x(118) + x(522) =E= 0 ; (LHS = 0)
     

---- con57  =E=  

con57..  (0)*x(1) - x(364) + x(365) + (0)*x(465) + (0)*x(466) =E= 0 ; (LHS = 0)
     

---- con58  =E=  

con58..  (0)*x(1) - x(363) + x(364) + (0)*x(464) + (0)*x(465) =E= 0 ; (LHS = 0)
     

---- con59  =E=  

con59..  (0)*x(1) - x(362) + x(363) + (0)*x(463) + (0)*x(464) =E= 0 ; (LHS = 0)
     

---- con60  =E=  

con60..  (0)*x(18) + (0)*x(119) + x(523) =E= 0 ; (LHS = 0)
     

---- con61  =E=  

con61..  (0)*x(1) - x(361) + x(362) + (0)*x(462) + (0)*x(463) =E= 0 ; (LHS = 0)
     

---- con62  =E=  

con62..  (0)*x(1) - x(360) + x(361) + (0)*x(461) + (0)*x(462) =E= 0 ; (LHS = 0)
     

---- con63  =E=  

con63..  (0)*x(1) - x(359) + x(360) + (0)*x(460) + (0)*x(461) =E= 0 ; (LHS = 0)
     

---- con64  =E=  

con64..  (0)*x(19) + (0)*x(120) + x(524) =E= 0 ; (LHS = 0)
     

---- con65  =E=  

con65..  (0)*x(1) - x(358) + x(359) + (0)*x(459) + (0)*x(460) =E= 0 ; (LHS = 0)
     

---- con66  =E=  

con66..  (0)*x(1) - x(357) + x(358) + (0)*x(458) + (0)*x(459) =E= 0 ; (LHS = 0)
     

---- con67  =E=  

con67..  (0)*x(20) + (0)*x(121) + x(525) =E= 0 ; (LHS = 0)
     

---- con68  =E=  

con68..  (0)*x(1) - x(356) + x(357) + (0)*x(457) + (0)*x(458) =E= 0 ; (LHS = 0)
     

---- con69  =E=  

con69..  (0)*x(1) - x(355) + x(356) + (0)*x(456) + (0)*x(457) =E= 0 ; (LHS = 0)
     

---- con70  =E=  

con70..  (0)*x(1) - x(354) + x(355) + (0)*x(455) + (0)*x(456) =E= 0 ; (LHS = 0)
     

---- con71  =E=  

con71..  (0)*x(21) + (0)*x(122) + x(526) =E= 0 ; (LHS = 0)
     

---- con72  =E=  

con72..  (0)*x(1) - x(353) + x(354) + (0)*x(454) + (0)*x(455) =E= 0 ; (LHS = 0)
     

---- con73  =E=  

con73..  (0)*x(1) - x(352) + x(353) + (0)*x(453) + (0)*x(454) =E= 0 ; (LHS = 0)
     

---- con74  =E=  

con74..  (0)*x(1) - x(351) + x(352) + (0)*x(452) + (0)*x(453) =E= 0 ; (LHS = 0)
     

---- con75  =E=  

con75..  (0)*x(22) + (0)*x(123) + x(527) =E= 0 ; (LHS = 0)
     

---- con76  =E=  

con76..  (0)*x(1) - x(350) + x(351) + (0)*x(451) + (0)*x(452) =E= 0 ; (LHS = 0)
     

---- con77  =E=  

con77..  (0)*x(1) - x(349) + x(350) + (0)*x(450) + (0)*x(451) =E= 0 ; (LHS = 0)
     

---- con78  =E=  

con78..  (0)*x(23) + (0)*x(124) + x(528) =E= 0 ; (LHS = 0)
     

---- con79  =E=  

con79..  (0)*x(1) - x(348) + x(349) + (0)*x(449) + (0)*x(450) =E= 0 ; (LHS = 0)
     

---- con80  =E=  

con80..  (0)*x(1) - x(347) + x(348) + (0)*x(448) + (0)*x(449) =E= 0 ; (LHS = 0)
     

---- con81  =E=  

con81..  (0)*x(1) - x(346) + x(347) + (0)*x(447) + (0)*x(448) =E= 0 ; (LHS = 0)
     

---- con82  =E=  

con82..  (0)*x(24) + (0)*x(125) + x(529) =E= 0 ; (LHS = 0)
     

---- con83  =E=  

con83..  (0)*x(1) - x(345) + x(346) + (0)*x(446) + (0)*x(447) =E= 0 ; (LHS = 0)
     

---- con84  =E=  

con84..  (0)*x(1) - x(344) + x(345) + (0)*x(445) + (0)*x(446) =E= 0 ; (LHS = 0)
     

---- con85  =E=  

con85..  (0)*x(1) - x(343) + x(344) + (0)*x(444) + (0)*x(445) =E= 0 ; (LHS = 0)
     

---- con86  =E=  

con86..  (0)*x(25) + (0)*x(126) + x(530) =E= 0 ; (LHS = 0)
     

---- con87  =E=  

con87..  (0)*x(1) - x(342) + x(343) + (0)*x(443) + (0)*x(444) =E= 0 ; (LHS = 0)
     

---- con88  =E=  

con88..  (0)*x(1) - x(341) + x(342) + (0)*x(442) + (0)*x(443) =E= 0 ; (LHS = 0)
     

---- con89  =E=  

con89..  (0)*x(26) + (0)*x(127) + x(531) =E= 0 ; (LHS = 0)
     

---- con90  =E=  

con90..  (0)*x(1) - x(340) + x(341) + (0)*x(441) + (0)*x(442) =E= 0 ; (LHS = 0)
     

---- con91  =E=  

con91..  (0)*x(1) - x(339) + x(340) + (0)*x(440) + (0)*x(441) =E= 0 ; (LHS = 0)
     

---- con92  =E=  

con92..  (0)*x(1) - x(338) + x(339) + (0)*x(439) + (0)*x(440) =E= 0 ; (LHS = 0)
     

---- con93  =E=  

con93..  (0)*x(27) + (0)*x(128) + x(532) =E= 0 ; (LHS = 0)
     

---- con94  =E=  

con94..  (0)*x(1) - x(337) + x(338) + (0)*x(438) + (0)*x(439) =E= 0 ; (LHS = 0)
     

---- con95  =E=  

con95..  (0)*x(1) - x(336) + x(337) + (0)*x(437) + (0)*x(438) =E= 0 ; (LHS = 0)
     

---- con96  =E=  

con96..  (0)*x(1) - x(335) + x(336) + (0)*x(436) + (0)*x(437) =E= 0 ; (LHS = 0)
     

---- con97  =E=  

con97..  (0)*x(28) + (0)*x(129) + x(533) =E= 0 ; (LHS = 0)
     

---- con98  =E=  

con98..  (0)*x(1) - x(334) + x(335) + (0)*x(435) + (0)*x(436) =E= 0 ; (LHS = 0)
     

---- con99  =E=  

con99..  (0)*x(1) - x(333) + x(334) + (0)*x(434) + (0)*x(435) =E= 0 ; (LHS = 0)
     

---- con100  =E=  

con100..  (0)*x(29) + (0)*x(130) + x(534) =E= 0 ; (LHS = 0)
     

---- con101  =E=  

con101..  (0)*x(1) - x(332) + x(333) + (0)*x(433) + (0)*x(434) =E= 0 ; (LHS = 0)
     

---- con102  =E=  

con102..  (0)*x(1) - x(331) + x(332) + (0)*x(432) + (0)*x(433) =E= 0 ; (LHS = 0)
     

---- con103  =E=  

con103..  (0)*x(1) - x(330) + x(331) + (0)*x(431) + (0)*x(432) =E= 0 ; (LHS = 0)
     

---- con104  =E=  

con104..  (0)*x(30) + (0)*x(131) + x(535) =E= 0 ; (LHS = 0)
     

---- con105  =E=  

con105..  (0)*x(1) - x(329) + x(330) + (0)*x(430) + (0)*x(431) =E= 0 ; (LHS = 0)
     

---- con106  =E=  

con106..  (0)*x(1) - x(328) + x(329) + (0)*x(429) + (0)*x(430) =E= 0 ; (LHS = 0)
     

---- con107  =E=  

con107..  (0)*x(1) - x(327) + x(328) + (0)*x(428) + (0)*x(429) =E= 0 ; (LHS = 0)
     

---- con108  =E=  

con108..  (0)*x(31) + (0)*x(132) + x(536) =E= 0 ; (LHS = 0)
     

---- con109  =E=  

con109..  (0)*x(1) - x(326) + x(327) + (0)*x(427) + (0)*x(428) =E= 0 ; (LHS = 0)
     

---- con110  =E=  

con110..  (0)*x(1) - x(325) + x(326) + (0)*x(426) + (0)*x(427) =E= 0 ; (LHS = 0)
     

---- con111  =E=  

con111..  (0)*x(32) + (0)*x(133) + x(537) =E= 0 ; (LHS = 0)
     

---- con112  =E=  

con112..  (0)*x(1) - x(324) + x(325) + (0)*x(425) + (0)*x(426) =E= 0 ; (LHS = 0)
     

---- con113  =E=  

con113..  (0)*x(1) - x(323) + x(324) + (0)*x(424) + (0)*x(425) =E= 0 ; (LHS = 0)
     

---- con114  =E=  

con114..  (0)*x(1) - x(322) + x(323) + (0)*x(423) + (0)*x(424) =E= 0 ; (LHS = 0)
     

---- con115  =E=  

con115..  (0)*x(33) + (0)*x(134) + x(538) =E= 0 ; (LHS = 0)
     

---- con116  =E=  

con116..  (0)*x(1) - x(321) + x(322) + (0)*x(422) + (0)*x(423) =E= 0 ; (LHS = 0)
     

---- con117  =E=  

con117..  (0)*x(1) - x(320) + x(321) + (0)*x(421) + (0)*x(422) =E= 0 ; (LHS = 0)
     

---- con118  =E=  

con118..  (0)*x(1) - x(319) + x(320) + (0)*x(420) + (0)*x(421) =E= 0 ; (LHS = 0)
     

---- con119  =E=  

con119..  (0)*x(34) + (0)*x(135) + x(539) =E= 0 ; (LHS = 0)
     

---- con120  =E=  

con120..  (0)*x(1) - x(318) + x(319) + (0)*x(419) + (0)*x(420) =E= 0 ; (LHS = 0)
     

---- con121  =E=  

con121..  (0)*x(1) - x(317) + x(318) + (0)*x(418) + (0)*x(419) =E= 0 ; (LHS = 0)
     

---- con122  =E=  

con122..  (0)*x(35) + (0)*x(136) + x(540) =E= 0 ; (LHS = 0)
     

---- con123  =E=  

con123..  (0)*x(1) - x(316) + x(317) + (0)*x(417) + (0)*x(418) =E= 0 ; (LHS = 0)
     

---- con124  =E=  

con124..  (0)*x(1) - x(315) + x(316) + (0)*x(416) + (0)*x(417) =E= 0 ; (LHS = 0)
     

---- con125  =E=  

con125..  (0)*x(1) - x(314) + x(315) + (0)*x(415) + (0)*x(416) =E= 0 ; (LHS = 0)
     

---- con126  =E=  

con126..  (0)*x(36) + (0)*x(137) + x(541) =E= 0 ; (LHS = 0)
     

---- con127  =E=  

con127..  (0)*x(1) - x(313) + x(314) + (0)*x(414) + (0)*x(415) =E= 0 ; (LHS = 0)
     

---- con128  =E=  

con128..  (0)*x(1) - x(312) + x(313) + (0)*x(413) + (0)*x(414) =E= 0 ; (LHS = 0)
     

---- con129  =E=  

con129..  (0)*x(1) - x(311) + x(312) + (0)*x(412) + (0)*x(413) =E= 0 ; (LHS = 0)
     

---- con130  =E=  

con130..  (0)*x(37) + (0)*x(138) + x(542) =E= 0 ; (LHS = 0)
     

---- con131  =E=  

con131..  (0)*x(1) - x(310) + x(311) + (0)*x(411) + (0)*x(412) =E= 0 ; (LHS = 0)
     

---- con132  =E=  

con132..  (0)*x(1) - x(309) + x(310) + (0)*x(410) + (0)*x(411) =E= 0 ; (LHS = 0)
     

---- con133  =E=  

con133..  (0)*x(38) + (0)*x(139) + x(543) =E= 0 ; (LHS = 0)
     

---- con134  =E=  

con134..  (0)*x(1) - x(308) + x(309) + (0)*x(409) + (0)*x(410) =E= 0 ; (LHS = 0)
     

---- con135  =E=  

con135..  (0)*x(1) - x(307) + x(308) + (0)*x(408) + (0)*x(409) =E= 0 ; (LHS = 0)
     

---- con136  =E=  

con136..  (0)*x(1) - x(306) + x(307) + (0)*x(407) + (0)*x(408) =E= 0 ; (LHS = 0)
     

---- con137  =E=  

con137..  (0)*x(39) + (0)*x(140) + x(544) =E= 0 ; (LHS = 0)
     

---- con138  =E=  

con138..  (0)*x(1) - x(305) + x(306) + (0)*x(406) + (0)*x(407) =E= 0 ; (LHS = -0.4, INFES = 0.4 ****)
     

---- con139  =E=  

con139..  (0)*x(1) - x(101) + x(102) + (0)*x(303) + (0)*x(304) + (0)*x(404) + (0)*x(405) + (0)*x(505) + (0)*x(506) + (0)*x(606) + (0)*x(607) =E= 0 ; (LHS = 0)
     

---- con140  =E=  

con140..  (0)*x(40) + (0)*x(141) + x(545) =E= 0 ; (LHS = 0)
     

---- con141  =E=  

con141..  (0)*x(1) - x(100) + x(101) + (0)*x(302) + (0)*x(303) + (0)*x(403) + (0)*x(404) + (0)*x(504) + (0)*x(505) + (0)*x(605) + (0)*x(606) =E= 0 ; (LHS = 0)
     

---- con142  =E=  

con142..  (0)*x(41) + (0)*x(142) + x(546) =E= 0 ; (LHS = 0)
     

---- con143  =E=  

con143..  (0)*x(1) - x(99) + x(100) + (0)*x(301) + (0)*x(302) + (0)*x(402) + (0)*x(403) + (0)*x(503) + (0)*x(504) + (0)*x(604) + (0)*x(605) =E= 0 ; (LHS = 0)
     

---- con144  =E=  

con144..  (0)*x(42) + (0)*x(143) + x(547) =E= 0 ; (LHS = 0)
     

---- con145  =E=  

con145..  (0)*x(1) - x(98) + x(99) + (0)*x(300) + (0)*x(301) + (0)*x(401) + (0)*x(402) + (0)*x(502) + (0)*x(503) + (0)*x(603) + (0)*x(604) =E= 0 ; (LHS = 0)
     

---- con146  =E=  

con146..  (0)*x(1) - x(97) + x(98) + (0)*x(299) + (0)*x(300) + (0)*x(400) + (0)*x(401) + (0)*x(501) + (0)*x(502) + (0)*x(602) + (0)*x(603) =E= 0 ; (LHS = 0)
     

---- con147  =E=  

con147..  (0)*x(43) + (0)*x(144) + x(548) =E= 0 ; (LHS = 0)
     

---- con148  =E=  

con148..  (0)*x(1) - x(96) + x(97) + (0)*x(298) + (0)*x(299) + (0)*x(399) + (0)*x(400) + (0)*x(500) + (0)*x(501) + (0)*x(601) + (0)*x(602) =E= 0 ; (LHS = 0)
     

---- con149  =E=  

con149..  (0)*x(44) + (0)*x(145) + x(549) =E= 0 ; (LHS = 0)
     

---- con150  =E=  

con150..  (0)*x(1) - x(95) + x(96) + (0)*x(297) + (0)*x(298) + (0)*x(398) + (0)*x(399) + (0)*x(499) + (0)*x(500) + (0)*x(600) + (0)*x(601) =E= 0 ; (LHS = 0)
     

---- con151  =E=  

con151..  (0)*x(45) + (0)*x(146) + x(550) =E= 0 ; (LHS = 0)
     

---- con152  =E=  

con152..  (0)*x(1) - x(94) + x(95) + (0)*x(296) + (0)*x(297) + (0)*x(397) + (0)*x(398) + (0)*x(498) + (0)*x(499) + (0)*x(599) + (0)*x(600) =E= 0 ; (LHS = 0)
     

---- con153  =E=  

con153..  (0)*x(1) - x(93) + x(94) + (0)*x(295) + (0)*x(296) + (0)*x(396) + (0)*x(397) + (0)*x(497) + (0)*x(498) + (0)*x(598) + (0)*x(599) =E= 0 ; (LHS = 0)
     

---- con154  =E=  

con154..  (0)*x(46) + (0)*x(147) + x(551) =E= 0 ; (LHS = 0)
     

---- con155  =E=  

con155..  (0)*x(1) - x(92) + x(93) + (0)*x(294) + (0)*x(295) + (0)*x(395) + (0)*x(396) + (0)*x(496) + (0)*x(497) + (0)*x(597) + (0)*x(598) =E= 0 ; (LHS = 0)
     

---- con156  =E=  

con156..  (0)*x(47) + (0)*x(148) + x(552) =E= 0 ; (LHS = 0)
     

---- con157  =E=  

con157..  (0)*x(1) - x(91) + x(92) + (0)*x(293) + (0)*x(294) + (0)*x(394) + (0)*x(395) + (0)*x(495) + (0)*x(496) + (0)*x(596) + (0)*x(597) =E= 0 ; (LHS = 0)
     

---- con158  =E=  

con158..  (0)*x(48) + (0)*x(149) + x(553) =E= 0 ; (LHS = 0)
     

---- con159  =E=  

con159..  (0)*x(1) - x(90) + x(91) + (0)*x(292) + (0)*x(293) + (0)*x(393) + (0)*x(394) + (0)*x(494) + (0)*x(495) + (0)*x(595) + (0)*x(596) =E= 0 ; (LHS = 0)
     

---- con160  =E=  

con160..  (0)*x(1) - x(89) + x(90) + (0)*x(291) + (0)*x(292) + (0)*x(392) + (0)*x(393) + (0)*x(493) + (0)*x(494) + (0)*x(594) + (0)*x(595) =E= 0 ; (LHS = 0)
     

---- con161  =E=  

con161..  (0)*x(49) + (0)*x(150) + x(554) =E= 0 ; (LHS = 0)
     

---- con162  =E=  

con162..  (0)*x(1) - x(88) + x(89) + (0)*x(290) + (0)*x(291) + (0)*x(391) + (0)*x(392) + (0)*x(492) + (0)*x(493) + (0)*x(593) + (0)*x(594) =E= 0 ; (LHS = 0)
     

---- con163  =E=  

con163..  (0)*x(50) + (0)*x(151) + x(555) =E= 0 ; (LHS = 0)
     

---- con164  =E=  

con164..  (0)*x(1) - x(87) + x(88) + (0)*x(289) + (0)*x(290) + (0)*x(390) + (0)*x(391) + (0)*x(491) + (0)*x(492) + (0)*x(592) + (0)*x(593) =E= 0 ; (LHS = 0)
     

---- con165  =E=  

con165..  (0)*x(51) + (0)*x(152) + x(556) =E= 0 ; (LHS = 0)
     

---- con166  =E=  

con166..  (0)*x(1) - x(86) + x(87) + (0)*x(288) + (0)*x(289) + (0)*x(389) + (0)*x(390) + (0)*x(490) + (0)*x(491) + (0)*x(591) + (0)*x(592) =E= 0 ; (LHS = 0)
     

---- con167  =E=  

con167..  (0)*x(1) - x(85) + x(86) + (0)*x(287) + (0)*x(288) + (0)*x(388) + (0)*x(389) + (0)*x(489) + (0)*x(490) + (0)*x(590) + (0)*x(591) =E= 0 ; (LHS = 0)
     

---- con168  =E=  

con168..  (0)*x(52) + (0)*x(153) + x(557) =E= 0 ; (LHS = 0)
     

---- con169  =E=  

con169..  (0)*x(1) - x(84) + x(85) + (0)*x(286) + (0)*x(287) + (0)*x(387) + (0)*x(388) + (0)*x(488) + (0)*x(489) + (0)*x(589) + (0)*x(590) =E= 0 ; (LHS = 0)
     

---- con170  =E=  

con170..  (0)*x(53) + (0)*x(154) + x(558) =E= 0 ; (LHS = 0)
     

---- con171  =E=  

con171..  (0)*x(1) - x(83) + x(84) + (0)*x(285) + (0)*x(286) + (0)*x(386) + (0)*x(387) + (0)*x(487) + (0)*x(488) + (0)*x(588) + (0)*x(589) =E= 0 ; (LHS = 0)
     

---- con172  =E=  

con172..  (0)*x(54) + (0)*x(155) + x(559) =E= 0 ; (LHS = 0)
     

---- con173  =E=  

con173..  (0)*x(1) - x(82) + x(83) + (0)*x(284) + (0)*x(285) + (0)*x(385) + (0)*x(386) + (0)*x(486) + (0)*x(487) + (0)*x(587) + (0)*x(588) =E= 0 ; (LHS = 0)
     

---- con174  =E=  

con174..  (0)*x(1) - x(81) + x(82) + (0)*x(283) + (0)*x(284) + (0)*x(384) + (0)*x(385) + (0)*x(485) + (0)*x(486) + (0)*x(586) + (0)*x(587) =E= 0 ; (LHS = 0)
     

---- con175  =E=  

con175..  (0)*x(55) + (0)*x(156) + x(560) =E= 0 ; (LHS = 0)
     

---- con176  =E=  

con176..  (0)*x(1) - x(80) + x(81) + (0)*x(282) + (0)*x(283) + (0)*x(383) + (0)*x(384) + (0)*x(484) + (0)*x(485) + (0)*x(585) + (0)*x(586) =E= 0 ; (LHS = 0)
     

---- con177  =E=  

con177..  (0)*x(56) + (0)*x(157) + x(561) =E= 0 ; (LHS = 0)
     

---- con178  =E=  

con178..  (0)*x(1) - x(79) + x(80) + (0)*x(281) + (0)*x(282) + (0)*x(382) + (0)*x(383) + (0)*x(483) + (0)*x(484) + (0)*x(584) + (0)*x(585) =E= 0 ; (LHS = 0)
     

---- con179  =E=  

con179..  (0)*x(57) + (0)*x(158) + x(562) =E= 0 ; (LHS = 0)
     

---- con180  =E=  

con180..  (0)*x(1) - x(78) + x(79) + (0)*x(280) + (0)*x(281) + (0)*x(381) + (0)*x(382) + (0)*x(482) + (0)*x(483) + (0)*x(583) + (0)*x(584) =E= 0 ; (LHS = 0)
     

---- con181  =E=  

con181..  (0)*x(1) - x(77) + x(78) + (0)*x(279) + (0)*x(280) + (0)*x(380) + (0)*x(381) + (0)*x(481) + (0)*x(482) + (0)*x(582) + (0)*x(583) =E= 0 ; (LHS = 0)
     

---- con182  =E=  

con182..  (0)*x(58) + (0)*x(159) + x(563) =E= 0 ; (LHS = 0)
     

---- con183  =E=  

con183..  (0)*x(1) - x(76) + x(77) + (0)*x(278) + (0)*x(279) + (0)*x(379) + (0)*x(380) + (0)*x(480) + (0)*x(481) + (0)*x(581) + (0)*x(582) =E= 0 ; (LHS = 0)
     

---- con184  =E=  

con184..  (0)*x(59) + (0)*x(160) + x(564) =E= 0 ; (LHS = 0)
     

---- con185  =E=  

con185..  (0)*x(1) - x(75) + x(76) + (0)*x(277) + (0)*x(278) + (0)*x(378) + (0)*x(379) + (0)*x(479) + (0)*x(480) + (0)*x(580) + (0)*x(581) =E= 0 ; (LHS = 0)
     

---- con186  =E=  

con186..  (0)*x(60) + (0)*x(161) + x(565) =E= 0 ; (LHS = 0)
     

---- con187  =E=  

con187..  (0)*x(1) - x(74) + x(75) + (0)*x(276) + (0)*x(277) + (0)*x(377) + (0)*x(378) + (0)*x(478) + (0)*x(479) + (0)*x(579) + (0)*x(580) =E= 0 ; (LHS = 0)
     

---- con188  =E=  

con188..  (0)*x(1) - x(73) + x(74) + (0)*x(275) + (0)*x(276) + (0)*x(376) + (0)*x(377) + (0)*x(477) + (0)*x(478) + (0)*x(578) + (0)*x(579) =E= 0 ; (LHS = 0)
     

---- con189  =E=  

con189..  (0)*x(61) + (0)*x(162) + x(566) =E= 0 ; (LHS = 0)
     

---- con190  =E=  

con190..  (0)*x(1) - x(72) + x(73) + (0)*x(274) + (0)*x(275) + (0)*x(375) + (0)*x(376) + (0)*x(476) + (0)*x(477) + (0)*x(577) + (0)*x(578) =E= 0 ; (LHS = 0)
     

---- con191  =E=  

con191..  (0)*x(62) + (0)*x(163) + x(567) =E= 0 ; (LHS = 0)
     

---- con192  =E=  

con192..  (0)*x(1) - x(71) + x(72) + (0)*x(273) + (0)*x(274) + (0)*x(374) + (0)*x(375) + (0)*x(475) + (0)*x(476) + (0)*x(576) + (0)*x(577) =E= 0 ; (LHS = 0)
     

---- con193  =E=  

con193..  (0)*x(63) + (0)*x(164) + x(568) =E= 0 ; (LHS = 0)
     

---- con194  =E=  

con194..  (0)*x(1) - x(70) + x(71) + (0)*x(272) + (0)*x(273) + (0)*x(373) + (0)*x(374) + (0)*x(474) + (0)*x(475) + (0)*x(575) + (0)*x(576) =E= 0 ; (LHS = 0)
     

---- con195  =E=  

con195..  (0)*x(1) - x(69) + x(70) + (0)*x(271) + (0)*x(272) + (0)*x(372) + (0)*x(373) + (0)*x(473) + (0)*x(474) + (0)*x(574) + (0)*x(575) =E= 0 ; (LHS = 0)
     

---- con196  =E=  

con196..  (0)*x(64) + (0)*x(165) + x(569) =E= 0 ; (LHS = 0)
     

---- con197  =E=  

con197..  (0)*x(1) - x(68) + x(69) + (0)*x(270) + (0)*x(271) + (0)*x(371) + (0)*x(372) + (0)*x(472) + (0)*x(473) + (0)*x(573) + (0)*x(574) =E= 0 ; (LHS = 0)
     

---- con198  =E=  

con198..  (0)*x(65) + (0)*x(166) + x(570) =E= 0 ; (LHS = 0)
     

---- con199  =E=  

con199..  (0)*x(1) - x(67) + x(68) + (0)*x(269) + (0)*x(270) + (0)*x(370) + (0)*x(371) + (0)*x(471) + (0)*x(472) + (0)*x(572) + (0)*x(573) =E= 0 ; (LHS = 0)
     

---- con200  =E=  

con200..  (0)*x(66) + (0)*x(167) + x(571) =E= 0 ; (LHS = 0)
     

---- con201  =E=  

con201..  (0)*x(1) - x(66) + x(67) + (0)*x(268) + (0)*x(269) + (0)*x(369) + (0)*x(370) + (0)*x(470) + (0)*x(471) + (0)*x(571) + (0)*x(572) =E= 0 ; (LHS = 0)
     

---- con202  =E=  

con202..  (0)*x(1) - x(65) + x(66) + (0)*x(267) + (0)*x(268) + (0)*x(368) + (0)*x(369) + (0)*x(469) + (0)*x(470) + (0)*x(570) + (0)*x(571) =E= 0 ; (LHS = 0)
     

---- con203  =E=  

con203..  (0)*x(67) + (0)*x(168) + x(572) =E= 0 ; (LHS = 0)
     

---- con204  =E=  

con204..  (0)*x(1) - x(64) + x(65) + (0)*x(266) + (0)*x(267) + (0)*x(367) + (0)*x(368) + (0)*x(468) + (0)*x(469) + (0)*x(569) + (0)*x(570) =E= 0 ; (LHS = 0)
     

---- con205  =E=  

con205..  (0)*x(68) + (0)*x(169) + x(573) =E= 0 ; (LHS = 0)
     

---- con206  =E=  

con206..  (0)*x(1) - x(63) + x(64) + (0)*x(265) + (0)*x(266) + (0)*x(366) + (0)*x(367) + (0)*x(467) + (0)*x(468) + (0)*x(568) + (0)*x(569) =E= 0 ; (LHS = 0)
     

---- con207  =E=  

con207..  (0)*x(69) + (0)*x(170) + x(574) =E= 0 ; (LHS = 0)
     

---- con208  =E=  

con208..  (0)*x(1) - x(62) + x(63) + (0)*x(264) + (0)*x(265) + (0)*x(365) + (0)*x(366) + (0)*x(466) + (0)*x(467) + (0)*x(567) + (0)*x(568) =E= 0 ; (LHS = 0)
     

---- con209  =E=  

con209..  (0)*x(1) - x(61) + x(62) + (0)*x(263) + (0)*x(264) + (0)*x(364) + (0)*x(365) + (0)*x(465) + (0)*x(466) + (0)*x(566) + (0)*x(567) =E= 0 ; (LHS = 0)
     

---- con210  =E=  

con210..  (0)*x(70) + (0)*x(171) + x(575) =E= 0 ; (LHS = 0)
     

---- con211  =E=  

con211..  (0)*x(1) - x(60) + x(61) + (0)*x(262) + (0)*x(263) + (0)*x(363) + (0)*x(364) + (0)*x(464) + (0)*x(465) + (0)*x(565) + (0)*x(566) =E= 0 ; (LHS = 0)
     

---- con212  =E=  

con212..  (0)*x(71) + (0)*x(172) + x(576) =E= 0 ; (LHS = 0)
     

---- con213  =E=  

con213..  (0)*x(1) - x(59) + x(60) + (0)*x(261) + (0)*x(262) + (0)*x(362) + (0)*x(363) + (0)*x(463) + (0)*x(464) + (0)*x(564) + (0)*x(565) =E= 0 ; (LHS = 0)
     

---- con214  =E=  

con214..  (0)*x(72) + (0)*x(173) + x(577) =E= 0 ; (LHS = 0)
     

---- con215  =E=  

con215..  (0)*x(1) - x(58) + x(59) + (0)*x(260) + (0)*x(261) + (0)*x(361) + (0)*x(362) + (0)*x(462) + (0)*x(463) + (0)*x(563) + (0)*x(564) =E= 0 ; (LHS = 0)
     

---- con216  =E=  

con216..  (0)*x(1) - x(57) + x(58) + (0)*x(259) + (0)*x(260) + (0)*x(360) + (0)*x(361) + (0)*x(461) + (0)*x(462) + (0)*x(562) + (0)*x(563) =E= 0 ; (LHS = 0)
     

---- con217  =E=  

con217..  (0)*x(73) + (0)*x(174) + x(578) =E= 0 ; (LHS = 0)
     

---- con218  =E=  

con218..  (0)*x(1) - x(56) + x(57) + (0)*x(258) + (0)*x(259) + (0)*x(359) + (0)*x(360) + (0)*x(460) + (0)*x(461) + (0)*x(561) + (0)*x(562) =E= 0 ; (LHS = 0)
     

---- con219  =E=  

con219..  (0)*x(74) + (0)*x(175) + x(579) =E= 0 ; (LHS = 0)
     

---- con220  =E=  

con220..  (0)*x(1) - x(55) + x(56) + (0)*x(257) + (0)*x(258) + (0)*x(358) + (0)*x(359) + (0)*x(459) + (0)*x(460) + (0)*x(560) + (0)*x(561) =E= 0 ; (LHS = 0)
     

---- con221  =E=  

con221..  (0)*x(75) + (0)*x(176) + x(580) =E= 0 ; (LHS = 0)
     

---- con222  =E=  

con222..  (0)*x(1) - x(54) + x(55) + (0)*x(256) + (0)*x(257) + (0)*x(357) + (0)*x(358) + (0)*x(458) + (0)*x(459) + (0)*x(559) + (0)*x(560) =E= 0 ; (LHS = 0)
     

---- con223  =E=  

con223..  (0)*x(1) - x(53) + x(54) + (0)*x(255) + (0)*x(256) + (0)*x(356) + (0)*x(357) + (0)*x(457) + (0)*x(458) + (0)*x(558) + (0)*x(559) =E= 0 ; (LHS = 0)
     

---- con224  =E=  

con224..  (0)*x(76) + (0)*x(177) + x(581) =E= 0 ; (LHS = 0)
     

---- con225  =E=  

con225..  (0)*x(1) - x(52) + x(53) + (0)*x(254) + (0)*x(255) + (0)*x(355) + (0)*x(356) + (0)*x(456) + (0)*x(457) + (0)*x(557) + (0)*x(558) =E= 0 ; (LHS = 0)
     

---- con226  =E=  

con226..  (0)*x(77) + (0)*x(178) + x(582) =E= 0 ; (LHS = 0)
     

---- con227  =E=  

con227..  (0)*x(1) - x(51) + x(52) + (0)*x(253) + (0)*x(254) + (0)*x(354) + (0)*x(355) + (0)*x(455) + (0)*x(456) + (0)*x(556) + (0)*x(557) =E= 0 ; (LHS = 0)
     

---- con228  =E=  

con228..  (0)*x(78) + (0)*x(179) + x(583) =E= 0 ; (LHS = 0)
     

---- con229  =E=  

con229..  (0)*x(1) - x(50) + x(51) + (0)*x(252) + (0)*x(253) + (0)*x(353) + (0)*x(354) + (0)*x(454) + (0)*x(455) + (0)*x(555) + (0)*x(556) =E= 0 ; (LHS = 0)
     

---- con230  =E=  

con230..  (0)*x(1) - x(49) + x(50) + (0)*x(251) + (0)*x(252) + (0)*x(352) + (0)*x(353) + (0)*x(453) + (0)*x(454) + (0)*x(554) + (0)*x(555) =E= 0 ; (LHS = 0)
     

---- con231  =E=  

con231..  (0)*x(79) + (0)*x(180) + x(584) =E= 0 ; (LHS = 0)
     

---- con232  =E=  

con232..  (0)*x(1) - x(48) + x(49) + (0)*x(250) + (0)*x(251) + (0)*x(351) + (0)*x(352) + (0)*x(452) + (0)*x(453) + (0)*x(553) + (0)*x(554) =E= 0 ; (LHS = 0)
     

---- con233  =E=  

con233..  (0)*x(80) + (0)*x(181) + x(585) =E= 0 ; (LHS = 0)
     

---- con234  =E=  

con234..  (0)*x(1) - x(47) + x(48) + (0)*x(249) + (0)*x(250) + (0)*x(350) + (0)*x(351) + (0)*x(451) + (0)*x(452) + (0)*x(552) + (0)*x(553) =E= 0 ; (LHS = 0)
     

---- con235  =E=  

con235..  (0)*x(81) + (0)*x(182) + x(586) =E= 0 ; (LHS = 0)
     

---- con236  =E=  

con236..  (0)*x(1) - x(46) + x(47) + (0)*x(248) + (0)*x(249) + (0)*x(349) + (0)*x(350) + (0)*x(450) + (0)*x(451) + (0)*x(551) + (0)*x(552) =E= 0 ; (LHS = 0)
     

---- con237  =E=  

con237..  (0)*x(1) - x(45) + x(46) + (0)*x(247) + (0)*x(248) + (0)*x(348) + (0)*x(349) + (0)*x(449) + (0)*x(450) + (0)*x(550) + (0)*x(551) =E= 0 ; (LHS = 0)
     

---- con238  =E=  

con238..  (0)*x(82) + (0)*x(183) + x(587) =E= 0 ; (LHS = 0)
     

---- con239  =E=  

con239..  (0)*x(1) - x(44) + x(45) + (0)*x(246) + (0)*x(247) + (0)*x(347) + (0)*x(348) + (0)*x(448) + (0)*x(449) + (0)*x(549) + (0)*x(550) =E= 0 ; (LHS = 0)
     

---- con240  =E=  

con240..  (0)*x(83) + (0)*x(184) + x(588) =E= 0 ; (LHS = 0)
     

---- con241  =E=  

con241..  (0)*x(1) - x(43) + x(44) + (0)*x(245) + (0)*x(246) + (0)*x(346) + (0)*x(347) + (0)*x(447) + (0)*x(448) + (0)*x(548) + (0)*x(549) =E= 0 ; (LHS = 0)
     

---- con242  =E=  

con242..  (0)*x(84) + (0)*x(185) + x(589) =E= 0 ; (LHS = 0)
     

---- con243  =E=  

con243..  (0)*x(1) - x(42) + x(43) + (0)*x(244) + (0)*x(245) + (0)*x(345) + (0)*x(346) + (0)*x(446) + (0)*x(447) + (0)*x(547) + (0)*x(548) =E= 0 ; (LHS = 0)
     

---- con244  =E=  

con244..  (0)*x(1) - x(41) + x(42) + (0)*x(243) + (0)*x(244) + (0)*x(344) + (0)*x(345) + (0)*x(445) + (0)*x(446) + (0)*x(546) + (0)*x(547) =E= 0 ; (LHS = 0)
     

---- con245  =E=  

con245..  (0)*x(85) + (0)*x(186) + x(590) =E= 0 ; (LHS = 0)
     

---- con246  =E=  

con246..  (0)*x(1) - x(40) + x(41) + (0)*x(242) + (0)*x(243) + (0)*x(343) + (0)*x(344) + (0)*x(444) + (0)*x(445) + (0)*x(545) + (0)*x(546) =E= 0 ; (LHS = 0)
     

---- con247  =E=  

con247..  (0)*x(86) + (0)*x(187) + x(591) =E= 0 ; (LHS = 0)
     

---- con248  =E=  

con248..  (0)*x(1) - x(39) + x(40) + (0)*x(241) + (0)*x(242) + (0)*x(342) + (0)*x(343) + (0)*x(443) + (0)*x(444) + (0)*x(544) + (0)*x(545) =E= 0 ; (LHS = 0)
     

---- con249  =E=  

con249..  (0)*x(87) + (0)*x(188) + x(592) =E= 0 ; (LHS = 0)
     

---- con250  =E=  

con250..  (0)*x(1) - x(38) + x(39) + (0)*x(240) + (0)*x(241) + (0)*x(341) + (0)*x(342) + (0)*x(442) + (0)*x(443) + (0)*x(543) + (0)*x(544) =E= 0 ; (LHS = 0)
     

---- con251  =E=  

con251..  (0)*x(1) - x(37) + x(38) + (0)*x(239) + (0)*x(240) + (0)*x(340) + (0)*x(341) + (0)*x(441) + (0)*x(442) + (0)*x(542) + (0)*x(543) =E= 0 ; (LHS = 0)
     

---- con252  =E=  

con252..  (0)*x(88) + (0)*x(189) + x(593) =E= 0 ; (LHS = 0)
     

---- con253  =E=  

con253..  (0)*x(1) - x(36) + x(37) + (0)*x(238) + (0)*x(239) + (0)*x(339) + (0)*x(340) + (0)*x(440) + (0)*x(441) + (0)*x(541) + (0)*x(542) =E= 0 ; (LHS = 0)
     

---- con254  =E=  

con254..  (0)*x(89) + (0)*x(190) + x(594) =E= 0 ; (LHS = 0)
     

---- con255  =E=  

con255..  (0)*x(1) - x(35) + x(36) + (0)*x(237) + (0)*x(238) + (0)*x(338) + (0)*x(339) + (0)*x(439) + (0)*x(440) + (0)*x(540) + (0)*x(541) =E= 0 ; (LHS = 0)
     

---- con256  =E=  

con256..  (0)*x(90) + (0)*x(191) + x(595) =E= 0 ; (LHS = 0)
     

---- con257  =E=  

con257..  (0)*x(1) - x(34) + x(35) + (0)*x(236) + (0)*x(237) + (0)*x(337) + (0)*x(338) + (0)*x(438) + (0)*x(439) + (0)*x(539) + (0)*x(540) =E= 0 ; (LHS = 0)
     

---- con258  =E=  

con258..  (0)*x(1) - x(33) + x(34) + (0)*x(235) + (0)*x(236) + (0)*x(336) + (0)*x(337) + (0)*x(437) + (0)*x(438) + (0)*x(538) + (0)*x(539) =E= 0 ; (LHS = 0)
     

---- con259  =E=  

con259..  (0)*x(91) + (0)*x(192) + x(596) =E= 0 ; (LHS = 0)
     

---- con260  =E=  

con260..  (0)*x(1) - x(32) + x(33) + (0)*x(234) + (0)*x(235) + (0)*x(335) + (0)*x(336) + (0)*x(436) + (0)*x(437) + (0)*x(537) + (0)*x(538) =E= 0 ; (LHS = 0)
     

---- con261  =E=  

con261..  (0)*x(92) + (0)*x(193) + x(597) =E= 0 ; (LHS = 0)
     

---- con262  =E=  

con262..  (0)*x(1) - x(31) + x(32) + (0)*x(233) + (0)*x(234) + (0)*x(334) + (0)*x(335) + (0)*x(435) + (0)*x(436) + (0)*x(536) + (0)*x(537) =E= 0 ; (LHS = 0)
     

---- con263  =E=  

con263..  (0)*x(93) + (0)*x(194) + x(598) =E= 0 ; (LHS = 0)
     

---- con264  =E=  

con264..  (0)*x(1) - x(30) + x(31) + (0)*x(232) + (0)*x(233) + (0)*x(333) + (0)*x(334) + (0)*x(434) + (0)*x(435) + (0)*x(535) + (0)*x(536) =E= 0 ; (LHS = 0)
     

---- con265  =E=  

con265..  (0)*x(1) - x(29) + x(30) + (0)*x(231) + (0)*x(232) + (0)*x(332) + (0)*x(333) + (0)*x(433) + (0)*x(434) + (0)*x(534) + (0)*x(535) =E= 0 ; (LHS = 0)
     

---- con266  =E=  

con266..  (0)*x(94) + (0)*x(195) + x(599) =E= 0 ; (LHS = 0)
     

---- con267  =E=  

con267..  (0)*x(1) - x(28) + x(29) + (0)*x(230) + (0)*x(231) + (0)*x(331) + (0)*x(332) + (0)*x(432) + (0)*x(433) + (0)*x(533) + (0)*x(534) =E= 0 ; (LHS = 0)
     

---- con268  =E=  

con268..  (0)*x(95) + (0)*x(196) + x(600) =E= 0 ; (LHS = 0)
     

---- con269  =E=  

con269..  (0)*x(1) - x(27) + x(28) + (0)*x(229) + (0)*x(230) + (0)*x(330) + (0)*x(331) + (0)*x(431) + (0)*x(432) + (0)*x(532) + (0)*x(533) =E= 0 ; (LHS = 0)
     

---- con270  =E=  

con270..  (0)*x(96) + (0)*x(197) + x(601) =E= 0 ; (LHS = 0)
     

---- con271  =E=  

con271..  (0)*x(1) - x(26) + x(27) + (0)*x(228) + (0)*x(229) + (0)*x(329) + (0)*x(330) + (0)*x(430) + (0)*x(431) + (0)*x(531) + (0)*x(532) =E= 0 ; (LHS = 0)
     

---- con272  =E=  

con272..  (0)*x(1) - x(25) + x(26) + (0)*x(227) + (0)*x(228) + (0)*x(328) + (0)*x(329) + (0)*x(429) + (0)*x(430) + (0)*x(530) + (0)*x(531) =E= 0 ; (LHS = 0)
     

---- con273  =E=  

con273..  (0)*x(97) + (0)*x(198) + x(602) =E= 0 ; (LHS = 0)
     

---- con274  =E=  

con274..  (0)*x(1) - x(24) + x(25) + (0)*x(226) + (0)*x(227) + (0)*x(327) + (0)*x(328) + (0)*x(428) + (0)*x(429) + (0)*x(529) + (0)*x(530) =E= 0 ; (LHS = 0)
     

---- con275  =E=  

con275..  (0)*x(98) + (0)*x(199) + x(603) =E= 0 ; (LHS = 0)
     

---- con276  =E=  

con276..  (0)*x(1) - x(23) + x(24) + (0)*x(225) + (0)*x(226) + (0)*x(326) + (0)*x(327) + (0)*x(427) + (0)*x(428) + (0)*x(528) + (0)*x(529) =E= 0 ; (LHS = 0)
     

---- con277  =E=  

con277..  (0)*x(99) + (0)*x(200) + x(604) =E= 0 ; (LHS = 0)
     

---- con278  =E=  

con278..  (0)*x(1) - x(22) + x(23) + (0)*x(224) + (0)*x(225) + (0)*x(325) + (0)*x(326) + (0)*x(426) + (0)*x(427) + (0)*x(527) + (0)*x(528) =E= 0 ; (LHS = 0)
     

---- con279  =E=  

con279..  (0)*x(1) - x(21) + x(22) + (0)*x(223) + (0)*x(224) + (0)*x(324) + (0)*x(325) + (0)*x(425) + (0)*x(426) + (0)*x(526) + (0)*x(527) =E= 0 ; (LHS = 0)
     

---- con280  =E=  

con280..  (0)*x(100) + (0)*x(201) + x(605) =E= 0 ; (LHS = 0)
     

---- con281  =E=  

con281..  (0)*x(1) - x(20) + x(21) + (0)*x(222) + (0)*x(223) + (0)*x(323) + (0)*x(324) + (0)*x(424) + (0)*x(425) + (0)*x(525) + (0)*x(526) =E= 0 ; (LHS = 0)
     

---- con282  =E=  

con282..  (0)*x(101) + (0)*x(202) + x(606) =E= 0 ; (LHS = 0)
     

---- con283  =E=  

con283..  (0)*x(1) - x(19) + x(20) + (0)*x(221) + (0)*x(222) + (0)*x(322) + (0)*x(323) + (0)*x(423) + (0)*x(424) + (0)*x(524) + (0)*x(525) =E= 0 ; (LHS = 0)
     

---- con284  =E=  

con284..  (0)*x(102) + (0)*x(203) + x(607) =E= 0 ; (LHS = 0)
     

---- con285  =E=  

con285..  (0)*x(1) - x(18) + x(19) + (0)*x(220) + (0)*x(221) + (0)*x(321) + (0)*x(322) + (0)*x(422) + (0)*x(423) + (0)*x(523) + (0)*x(524) =E= 0 ; (LHS = 0)
     

---- con286  =E=  

con286..  (0)*x(1) - x(17) + x(18) + (0)*x(219) + (0)*x(220) + (0)*x(320) + (0)*x(321) + (0)*x(421) + (0)*x(422) + (0)*x(522) + (0)*x(523) =E= 0 ; (LHS = 0)
     

---- con287  =E=  

con287..  (2)*x(103) + x(204) =E= 0 ; (LHS = -1, INFES = 1 ****)
     

---- con288  =E=  

con288..  (2)*x(104) + x(205) =E= 0 ; (LHS = -1, INFES = 1 ****)
     

---- con289  =E=  

con289..  (0)*x(1) - x(16) + x(17) + (0)*x(218) + (0)*x(219) + (0)*x(319) + (0)*x(320) + (0)*x(420) + (0)*x(421) + (0)*x(521) + (0)*x(522) =E= 0 ; (LHS = 0)
     

---- con290  =E=  

con290..  (2)*x(105) + x(206) =E= 0 ; (LHS = -1, INFES = 1 ****)
     

---- con291  =E=  

con291..  (2)*x(106) + x(207) =E= 0 ; (LHS = -1, INFES = 1 ****)
     

---- con292  =E=  

con292..  (0)*x(1) - x(15) + x(16) + (0)*x(217) + (0)*x(218) + (0)*x(318) + (0)*x(319) + (0)*x(419) + (0)*x(420) + (0)*x(520) + (0)*x(521) =E= 0 ; (LHS = 0)
     

---- con293  =E=  

con293..  (2)*x(107) + x(208) =E= 0 ; (LHS = -1, INFES = 1 ****)
     

---- con294  =E=  

con294..  (2)*x(108) + x(209) =E= 0 ; (LHS = -1, INFES = 1 ****)
     

---- con295  =E=  

con295..  (0)*x(1) - x(14) + x(15) + (0)*x(216) + (0)*x(217) + (0)*x(317) + (0)*x(318) + (0)*x(418) + (0)*x(419) + (0)*x(519) + (0)*x(520) =E= 0 ; (LHS = 0)
     

---- con296  =E=  

con296..  (2)*x(109) + x(210) =E= 0 ; (LHS = -1, INFES = 1 ****)
     

---- con297  =E=  

con297..  (2)*x(110) + x(211) =E= 0 ; (LHS = -1, INFES = 1 ****)
     

---- con298  =E=  

con298..  (0)*x(1) - x(13) + x(14) + (0)*x(215) + (0)*x(216) + (0)*x(316) + (0)*x(317) + (0)*x(417) + (0)*x(418) + (0)*x(518) + (0)*x(519) =E= 0 ; (LHS = 0)
     

---- con299  =E=  

con299..  (2)*x(111) + x(212) =E= 0 ; (LHS = -1, INFES = 1 ****)
     

---- con300  =E=  

con300..  (2)*x(112) + x(213) =E= 0 ; (LHS = -1, INFES = 1 ****)
     

---- con301  =E=  

con301..  (0)*x(1) - x(12) + x(13) + (0)*x(214) + (0)*x(215) + (0)*x(315) + (0)*x(316) + (0)*x(416) + (0)*x(417) + (0)*x(517) + (0)*x(518) =E= 0 ; (LHS = 0)
     

---- con302  =E=  

con302..  (2)*x(113) + x(214) =E= 0 ; (LHS = -1, INFES = 1 ****)
     

---- con303  =E=  

con303..  (2)*x(114) + x(215) =E= 0 ; (LHS = -1, INFES = 1 ****)
     

---- con304  =E=  

con304..  (0)*x(1) - x(11) + x(12) + (0)*x(213) + (0)*x(214) + (0)*x(314) + (0)*x(315) + (0)*x(415) + (0)*x(416) + (0)*x(516) + (0)*x(517) =E= 0 ; (LHS = 0)
     

---- con305  =E=  

con305..  (2)*x(115) + x(216) =E= 0 ; (LHS = -1, INFES = 1 ****)
     

---- con306  =E=  

con306..  (2)*x(116) + x(217) =E= 0 ; (LHS = -1, INFES = 1 ****)
     

---- con307  =E=  

con307..  (0)*x(1) - x(10) + x(11) + (0)*x(212) + (0)*x(213) + (0)*x(313) + (0)*x(314) + (0)*x(414) + (0)*x(415) + (0)*x(515) + (0)*x(516) =E= 0 ; (LHS = 0)
     

---- con308  =E=  

con308..  (2)*x(117) + x(218) =E= 0 ; (LHS = -1, INFES = 1 ****)
     

---- con309  =E=  

con309..  (2)*x(118) + x(219) =E= 0 ; (LHS = -1, INFES = 1 ****)
     

---- con310  =E=  

con310..  (0)*x(1) - x(9) + x(10) + (0)*x(211) + (0)*x(212) + (0)*x(312) + (0)*x(313) + (0)*x(413) + (0)*x(414) + (0)*x(514) + (0)*x(515) =E= 0 ; (LHS = 0)
     

---- con311  =E=  

con311..  (2)*x(119) + x(220) =E= 0 ; (LHS = -1, INFES = 1 ****)
     

---- con312  =E=  

con312..  (2)*x(120) + x(221) =E= 0 ; (LHS = -1, INFES = 1 ****)
     

---- con313  =E=  

con313..  (0)*x(1) - x(8) + x(9) + (0)*x(210) + (0)*x(211) + (0)*x(311) + (0)*x(312) + (0)*x(412) + (0)*x(413) + (0)*x(513) + (0)*x(514) =E= 0 ; (LHS = 0)
     

---- con314  =E=  

con314..  (2)*x(121) + x(222) =E= 0 ; (LHS = -1, INFES = 1 ****)
     

---- con315  =E=  

con315..  (2)*x(122) + x(223) =E= 0 ; (LHS = -1, INFES = 1 ****)
     

---- con316  =E=  

con316..  (0)*x(1) - x(7) + x(8) + (0)*x(209) + (0)*x(210) + (0)*x(310) + (0)*x(311) + (0)*x(411) + (0)*x(412) + (0)*x(512) + (0)*x(513) =E= 0 ; (LHS = 0)
     

---- con317  =E=  

con317..  (2)*x(123) + x(224) =E= 0 ; (LHS = -1, INFES = 1 ****)
     

---- con318  =E=  

con318..  (2)*x(124) + x(225) =E= 0 ; (LHS = -1, INFES = 1 ****)
     

---- con319  =E=  

con319..  (0)*x(1) - x(6) + x(7) + (0)*x(208) + (0)*x(209) + (0)*x(309) + (0)*x(310) + (0)*x(410) + (0)*x(411) + (0)*x(511) + (0)*x(512) =E= 0 ; (LHS = 0)
     

---- con320  =E=  

con320..  (2)*x(125) + x(226) =E= 0 ; (LHS = -1, INFES = 1 ****)
     

---- con321  =E=  

con321..  (2)*x(126) + x(227) =E= 0 ; (LHS = -1, INFES = 1 ****)
     

---- con322  =E=  

con322..  (0)*x(1) - x(5) + x(6) + (0)*x(207) + (0)*x(208) + (0)*x(308) + (0)*x(309) + (0)*x(409) + (0)*x(410) + (0)*x(510) + (0)*x(511) =E= 0 ; (LHS = 0)
     

---- con323  =E=  

con323..  (2)*x(127) + x(228) =E= 0 ; (LHS = -1, INFES = 1 ****)
     

---- con324  =E=  

con324..  (2)*x(128) + x(229) =E= 0 ; (LHS = -1, INFES = 1 ****)
     

---- con325  =E=  

con325..  (0)*x(1) - x(4) + x(5) + (0)*x(206) + (0)*x(207) + (0)*x(307) + (0)*x(308) + (0)*x(408) + (0)*x(409) + (0)*x(509) + (0)*x(510) =E= 0 ; (LHS = 0)
     

---- con326  =E=  

con326..  (2)*x(129) + x(230) =E= 0 ; (LHS = -1, INFES = 1 ****)
     

---- con327  =E=  

con327..  (2)*x(130) + x(231) =E= 0 ; (LHS = -1, INFES = 1 ****)
     

---- con328  =E=  

con328..  (0)*x(1) - x(3) + x(4) + (0)*x(205) + (0)*x(206) + (0)*x(306) + (0)*x(307) + (0)*x(407) + (0)*x(408) + (0)*x(508) + (0)*x(509) =E= 0 ; (LHS = 0)
     

---- con329  =E=  

con329..  (2)*x(131) + x(232) =E= 0 ; (LHS = -1, INFES = 1 ****)
     

---- con330  =E=  

con330..  (2)*x(132) + x(233) =E= 0 ; (LHS = -1, INFES = 1 ****)
     

---- con331  =E=  

con331..  (2)*x(133) + x(234) =E= 0 ; (LHS = -1, INFES = 1 ****)
     

---- con332  =E=  

con332..  (0)*x(1) - x(2) + x(3) + (0)*x(204) + (0)*x(205) + (0)*x(305) + (0)*x(306) + (0)*x(406) + (0)*x(407) + (0)*x(507) + (0)*x(508) =E= 0 ; (LHS = 0)
     

---- con333  =E=  

con333..  (2)*x(134) + x(235) =E= 0 ; (LHS = -1, INFES = 1 ****)
     

---- con334  =E=  

con334..  (0)*x(1) + (0)*x(101) + (0)*x(102) - x(202) + x(203) =E= 0 ; (LHS = 0)
     

---- con335  =E=  

con335..  (2)*x(135) + x(236) =E= 0 ; (LHS = -1, INFES = 1 ****)
     

---- con336  =E=  

con336..  (0)*x(1) + (0)*x(100) + (0)*x(101) - x(201) + x(202) =E= 0 ; (LHS = 0)
     

---- con337  =E=  

con337..  (2)*x(136) + x(237) =E= 0 ; (LHS = -1, INFES = 1 ****)
     

---- con338  =E=  

con338..  (0)*x(1) + (0)*x(99) + (0)*x(100) - x(200) + x(201) =E= 0 ; (LHS = 0)
     

---- con339  =E=  

con339..  (2)*x(137) + x(238) =E= 0 ; (LHS = -1, INFES = 1 ****)
     

---- con340  =E=  

con340..  (0)*x(1) + (0)*x(98) + (0)*x(99) - x(199) + x(200) =E= 0 ; (LHS = 0)
     

---- con341  =E=  

con341..  (2)*x(138) + x(239) =E= 0 ; (LHS = -1, INFES = 1 ****)
     

---- con342  =E=  

con342..  (0)*x(1) + (0)*x(97) + (0)*x(98) - x(198) + x(199) =E= 0 ; (LHS = 0)
     

---- con343  =E=  

con343..  (2)*x(139) + x(240) =E= 0 ; (LHS = -1, INFES = 1 ****)
     

---- con344  =E=  

con344..  (0)*x(1) + (0)*x(96) + (0)*x(97) - x(197) + x(198) =E= 0 ; (LHS = 0)
     

---- con345  =E=  

con345..  (2)*x(140) + x(241) =E= 0 ; (LHS = -1, INFES = 1 ****)
     

---- con346  =E=  

con346..  (0)*x(1) + (0)*x(95) + (0)*x(96) - x(196) + x(197) =E= 0 ; (LHS = 0)
     

---- con347  =E=  

con347..  (2)*x(141) + x(242) =E= 0 ; (LHS = -1, INFES = 1 ****)
     

---- con348  =E=  

con348..  (0)*x(1) + (0)*x(94) + (0)*x(95) - x(195) + x(196) =E= 0 ; (LHS = 0)
     

---- con349  =E=  

con349..  (2)*x(142) + x(243) =E= 0 ; (LHS = -1, INFES = 1 ****)
     

---- con350  =E=  

con350..  (0)*x(1) + (0)*x(93) + (0)*x(94) - x(194) + x(195) =E= 0 ; (LHS = 0)
     

---- con351  =E=  

con351..  (2)*x(143) + x(244) =E= 0 ; (LHS = -1, INFES = 1 ****)
     

---- con352  =E=  

con352..  (0)*x(1) + (0)*x(92) + (0)*x(93) - x(193) + x(194) =E= 0 ; (LHS = 0)
     

---- con353  =E=  

con353..  (2)*x(144) + x(245) =E= 0 ; (LHS = -1, INFES = 1 ****)
     

---- con354  =E=  

con354..  (0)*x(1) + (0)*x(91) + (0)*x(92) - x(192) + x(193) =E= 0 ; (LHS = 0)
     

---- con355  =E=  

con355..  (2)*x(145) + x(246) =E= 0 ; (LHS = -1, INFES = 1 ****)
     

---- con356  =E=  

con356..  (0)*x(1) + (0)*x(90) + (0)*x(91) - x(191) + x(192) =E= 0 ; (LHS = 0)
     

---- con357  =E=  

con357..  (2)*x(146) + x(247) =E= 0 ; (LHS = -1, INFES = 1 ****)
     

---- con358  =E=  

con358..  (0)*x(1) + (0)*x(89) + (0)*x(90) - x(190) + x(191) =E= 0 ; (LHS = 0)
     

---- con359  =E=  

con359..  (2)*x(147) + x(248) =E= 0 ; (LHS = -1, INFES = 1 ****)
     

---- con360  =E=  

con360..  (0)*x(1) + (0)*x(88) + (0)*x(89) - x(189) + x(190) =E= 0 ; (LHS = 0)
     

---- con361  =E=  

con361..  (2)*x(148) + x(249) =E= 0 ; (LHS = -1, INFES = 1 ****)
     

---- con362  =E=  

con362..  (0)*x(1) + (0)*x(87) + (0)*x(88) - x(188) + x(189) =E= 0 ; (LHS = 0)
     

---- con363  =E=  

con363..  (2)*x(149) + x(250) =E= 0 ; (LHS = -1, INFES = 1 ****)
     

---- con364  =E=  

con364..  (0)*x(1) + (0)*x(86) + (0)*x(87) - x(187) + x(188) =E= 0 ; (LHS = 0)
     

---- con365  =E=  

con365..  (2)*x(150) + x(251) =E= 0 ; (LHS = -1, INFES = 1 ****)
     

---- con366  =E=  

con366..  (0)*x(1) + (0)*x(85) + (0)*x(86) - x(186) + x(187) =E= 0 ; (LHS = 0)
     

---- con367  =E=  

con367..  (2)*x(151) + x(252) =E= 0 ; (LHS = -1, INFES = 1 ****)
     

---- con368  =E=  

con368..  (0)*x(1) + (0)*x(84) + (0)*x(85) - x(185) + x(186) =E= 0 ; (LHS = 0)
     

---- con369  =E=  

con369..  (2)*x(152) + x(253) =E= 0 ; (LHS = -1, INFES = 1 ****)
     

---- con370  =E=  

con370..  (0)*x(1) + (0)*x(83) + (0)*x(84) - x(184) + x(185) =E= 0 ; (LHS = 0)
     

---- con371  =E=  

con371..  (2)*x(153) + x(254) =E= 0 ; (LHS = -1, INFES = 1 ****)
     

---- con372  =E=  

con372..  (0)*x(1) + (0)*x(82) + (0)*x(83) - x(183) + x(184) =E= 0 ; (LHS = 0)
     

---- con373  =E=  

con373..  (2)*x(154) + x(255) =E= 0 ; (LHS = -1, INFES = 1 ****)
     

---- con374  =E=  

con374..  (0)*x(1) + (0)*x(81) + (0)*x(82) - x(182) + x(183) =E= 0 ; (LHS = 0)
     

---- con375  =E=  

con375..  (2)*x(155) + x(256) =E= 0 ; (LHS = -1, INFES = 1 ****)
     

---- con376  =E=  

con376..  (0)*x(1) + (0)*x(80) + (0)*x(81) - x(181) + x(182) =E= 0 ; (LHS = 0)
     

---- con377  =E=  

con377..  (2)*x(156) + x(257) =E= 0 ; (LHS = -1, INFES = 1 ****)
     

---- con378  =E=  

con378..  (0)*x(1) + (0)*x(79) + (0)*x(80) - x(180) + x(181) =E= 0 ; (LHS = 0)
     

---- con379  =E=  

con379..  (2)*x(157) + x(258) =E= 0 ; (LHS = -1, INFES = 1 ****)
     

---- con380  =E=  

con380..  (0)*x(1) + (0)*x(78) + (0)*x(79) - x(179) + x(180) =E= 0 ; (LHS = 0)
     

---- con381  =E=  

con381..  (2)*x(158) + x(259) =E= 0 ; (LHS = -1, INFES = 1 ****)
     

---- con382  =E=  

con382..  (0)*x(1) + (0)*x(77) + (0)*x(78) - x(178) + x(179) =E= 0 ; (LHS = 0)
     

---- con383  =E=  

con383..  (2)*x(159) + x(260) =E= 0 ; (LHS = -1, INFES = 1 ****)
     

---- con384  =E=  

con384..  (0)*x(1) + (0)*x(76) + (0)*x(77) - x(177) + x(178) =E= 0 ; (LHS = 0)
     

---- con385  =E=  

con385..  (2)*x(160) + x(261) =E= 0 ; (LHS = -1, INFES = 1 ****)
     

---- con386  =E=  

con386..  (0)*x(1) + (0)*x(75) + (0)*x(76) - x(176) + x(177) =E= 0 ; (LHS = 0)
     

---- con387  =E=  

con387..  (2)*x(161) + x(262) =E= 0 ; (LHS = -1, INFES = 1 ****)
     

---- con388  =E=  

con388..  (0)*x(1) + (0)*x(74) + (0)*x(75) - x(175) + x(176) =E= 0 ; (LHS = 0)
     

---- con389  =E=  

con389..  (2)*x(162) + x(263) =E= 0 ; (LHS = -1, INFES = 1 ****)
     

---- con390  =E=  

con390..  (0)*x(1) + (0)*x(73) + (0)*x(74) - x(174) + x(175) =E= 0 ; (LHS = 0)
     

---- con391  =E=  

con391..  (2)*x(163) + x(264) =E= 0 ; (LHS = -1, INFES = 1 ****)
     

---- con392  =E=  

con392..  (0)*x(1) + (0)*x(72) + (0)*x(73) - x(173) + x(174) =E= 0 ; (LHS = 0)
     

---- con393  =E=  

con393..  (2)*x(164) + x(265) =E= 0 ; (LHS = -1, INFES = 1 ****)
     

---- con394  =E=  

con394..  (0)*x(1) + (0)*x(71) + (0)*x(72) - x(172) + x(173) =E= 0 ; (LHS = 0)
     

---- con395  =E=  

con395..  (2)*x(165) + x(266) =E= 0 ; (LHS = -1, INFES = 1 ****)
     

---- con396  =E=  

con396..  (0)*x(1) + (0)*x(70) + (0)*x(71) - x(171) + x(172) =E= 0 ; (LHS = 0)
     

---- con397  =E=  

con397..  (2)*x(166) + x(267) =E= 0 ; (LHS = -1, INFES = 1 ****)
     

---- con398  =E=  

con398..  (0)*x(1) + (0)*x(69) + (0)*x(70) - x(170) + x(171) =E= 0 ; (LHS = 0)
     

---- con399  =E=  

con399..  (2)*x(167) + x(268) =E= 0 ; (LHS = -1, INFES = 1 ****)
     

---- con400  =E=  

con400..  (0)*x(1) + (0)*x(68) + (0)*x(69) - x(169) + x(170) =E= 0 ; (LHS = 0)
     

---- con401  =E=  

con401..  (2)*x(168) + x(269) =E= 0 ; (LHS = -1, INFES = 1 ****)
     

---- con402  =E=  

con402..  (0)*x(1) + (0)*x(67) + (0)*x(68) - x(168) + x(169) =E= 0 ; (LHS = 0)
     

---- con403  =E=  

con403..  (2)*x(169) + x(270) =E= 0 ; (LHS = -1, INFES = 1 ****)
     

---- con404  =E=  

con404..  (0)*x(1) + (0)*x(66) + (0)*x(67) - x(167) + x(168) =E= 0 ; (LHS = 0)
     

---- con405  =E=  

con405..  (2)*x(170) + x(271) =E= 0 ; (LHS = -1, INFES = 1 ****)
     

---- con406  =E=  

con406..  (0)*x(1) + (0)*x(65) + (0)*x(66) - x(166) + x(167) =E= 0 ; (LHS = 0)
     

---- con407  =E=  

con407..  (2)*x(171) + x(272) =E= 0 ; (LHS = -1, INFES = 1 ****)
     

---- con408  =E=  

con408..  (0)*x(1) + (0)*x(64) + (0)*x(65) - x(165) + x(166) =E= 0 ; (LHS = 0)
     

---- con409  =E=  

con409..  (2)*x(172) + x(273) =E= 0 ; (LHS = -1, INFES = 1 ****)
     

---- con410  =E=  

con410..  (0)*x(1) + (0)*x(63) + (0)*x(64) - x(164) + x(165) =E= 0 ; (LHS = 0)
     

---- con411  =E=  

con411..  (2)*x(173) + x(274) =E= 0 ; (LHS = -1, INFES = 1 ****)
     

---- con412  =E=  

con412..  (0)*x(1) + (0)*x(62) + (0)*x(63) - x(163) + x(164) =E= 0 ; (LHS = 0)
     

---- con413  =E=  

con413..  (2)*x(174) + x(275) =E= 0 ; (LHS = -1, INFES = 1 ****)
     

---- con414  =E=  

con414..  (0)*x(1) + (0)*x(61) + (0)*x(62) - x(162) + x(163) =E= 0 ; (LHS = 0)
     

---- con415  =E=  

con415..  (2)*x(175) + x(276) =E= 0 ; (LHS = -1, INFES = 1 ****)
     

---- con416  =E=  

con416..  (0)*x(1) + (0)*x(60) + (0)*x(61) - x(161) + x(162) =E= 0 ; (LHS = 0)
     

---- con417  =E=  

con417..  (2)*x(176) + x(277) =E= 0 ; (LHS = -1, INFES = 1 ****)
     

---- con418  =E=  

con418..  (0)*x(1) + (0)*x(59) + (0)*x(60) - x(160) + x(161) =E= 0 ; (LHS = 0)
     

---- con419  =E=  

con419..  (2)*x(177) + x(278) =E= 0 ; (LHS = -1, INFES = 1 ****)
     

---- con420  =E=  

con420..  (0)*x(1) + (0)*x(58) + (0)*x(59) - x(159) + x(160) =E= 0 ; (LHS = 0)
     

---- con421  =E=  

con421..  (2)*x(178) + x(279) =E= 0 ; (LHS = -1, INFES = 1 ****)
     

---- con422  =E=  

con422..  (0)*x(1) + (0)*x(57) + (0)*x(58) - x(158) + x(159) =E= 0 ; (LHS = 0)
     

---- con423  =E=  

con423..  (2)*x(179) + x(280) =E= 0 ; (LHS = -1, INFES = 1 ****)
     

---- con424  =E=  

con424..  (0)*x(1) + (0)*x(56) + (0)*x(57) - x(157) + x(158) =E= 0 ; (LHS = 0)
     

---- con425  =E=  

con425..  (2)*x(180) + x(281) =E= 0 ; (LHS = -1, INFES = 1 ****)
     

---- con426  =E=  

con426..  (0)*x(1) + (0)*x(55) + (0)*x(56) - x(156) + x(157) =E= 0 ; (LHS = 0)
     

---- con427  =E=  

con427..  (2)*x(181) + x(282) =E= 0 ; (LHS = -1, INFES = 1 ****)
     

---- con428  =E=  

con428..  (0)*x(1) + (0)*x(54) + (0)*x(55) - x(155) + x(156) =E= 0 ; (LHS = 0)
     

---- con429  =E=  

con429..  (2)*x(182) + x(283) =E= 0 ; (LHS = -1, INFES = 1 ****)
     

---- con430  =E=  

con430..  (0)*x(1) + (0)*x(53) + (0)*x(54) - x(154) + x(155) =E= 0 ; (LHS = 0)
     

---- con431  =E=  

con431..  (2)*x(183) + x(284) =E= 0 ; (LHS = -1, INFES = 1 ****)
     

---- con432  =E=  

con432..  (0)*x(1) + (0)*x(52) + (0)*x(53) - x(153) + x(154) =E= 0 ; (LHS = 0)
     

---- con433  =E=  

con433..  (2)*x(184) + x(285) =E= 0 ; (LHS = -1, INFES = 1 ****)
     

---- con434  =E=  

con434..  (0)*x(1) + (0)*x(51) + (0)*x(52) - x(152) + x(153) =E= 0 ; (LHS = 0)
     

---- con435  =E=  

con435..  (2)*x(185) + x(286) =E= 0 ; (LHS = -1, INFES = 1 ****)
     

---- con436  =E=  

con436..  (0)*x(1) + (0)*x(50) + (0)*x(51) - x(151) + x(152) =E= 0 ; (LHS = 0)
     

---- con437  =E=  

con437..  (2)*x(186) + x(287) =E= 0 ; (LHS = -1, INFES = 1 ****)
     

---- con438  =E=  

con438..  (0)*x(1) + (0)*x(49) + (0)*x(50) - x(150) + x(151) =E= 0 ; (LHS = 0)
     

---- con439  =E=  

con439..  (2)*x(187) + x(288) =E= 0 ; (LHS = -1, INFES = 1 ****)
     

---- con440  =E=  

con440..  (0)*x(1) + (0)*x(48) + (0)*x(49) - x(149) + x(150) =E= 0 ; (LHS = 0)
     

---- con441  =E=  

con441..  (2)*x(188) + x(289) =E= 0 ; (LHS = -1, INFES = 1 ****)
     

---- con442  =E=  

con442..  (0)*x(1) + (0)*x(47) + (0)*x(48) - x(148) + x(149) =E= 0 ; (LHS = 0)
     

---- con443  =E=  

con443..  (2)*x(189) + x(290) =E= 0 ; (LHS = -1, INFES = 1 ****)
     

---- con444  =E=  

con444..  (0)*x(1) + (0)*x(46) + (0)*x(47) - x(147) + x(148) =E= 0 ; (LHS = 0)
     

---- con445  =E=  

con445..  (2)*x(190) + x(291) =E= 0 ; (LHS = -1, INFES = 1 ****)
     

---- con446  =E=  

con446..  (0)*x(1) + (0)*x(45) + (0)*x(46) - x(146) + x(147) =E= 0 ; (LHS = 0)
     

---- con447  =E=  

con447..  (2)*x(191) + x(292) =E= 0 ; (LHS = -1, INFES = 1 ****)
     

---- con448  =E=  

con448..  (0)*x(1) + (0)*x(44) + (0)*x(45) - x(145) + x(146) =E= 0 ; (LHS = 0)
     

---- con449  =E=  

con449..  (2)*x(192) + x(293) =E= 0 ; (LHS = -1, INFES = 1 ****)
     

---- con450  =E=  

con450..  (0)*x(1) + (0)*x(43) + (0)*x(44) - x(144) + x(145) =E= 0 ; (LHS = 0)
     

---- con451  =E=  

con451..  (2)*x(193) + x(294) =E= 0 ; (LHS = -1, INFES = 1 ****)
     

---- con452  =E=  

con452..  (0)*x(1) + (0)*x(42) + (0)*x(43) - x(143) + x(144) =E= 0 ; (LHS = 0)
     

---- con453  =E=  

con453..  (2)*x(194) + x(295) =E= 0 ; (LHS = -1, INFES = 1 ****)
     

---- con454  =E=  

con454..  (0)*x(1) + (0)*x(41) + (0)*x(42) - x(142) + x(143) =E= 0 ; (LHS = 0)
     

---- con455  =E=  

con455..  (2)*x(195) + x(296) =E= 0 ; (LHS = -1, INFES = 1 ****)
     

---- con456  =E=  

con456..  (0)*x(1) + (0)*x(40) + (0)*x(41) - x(141) + x(142) =E= 0 ; (LHS = 0)
     

---- con457  =E=  

con457..  (2)*x(196) + x(297) =E= 0 ; (LHS = -1, INFES = 1 ****)
     

---- con458  =E=  

con458..  (0)*x(1) + (0)*x(39) + (0)*x(40) - x(140) + x(141) =E= 0 ; (LHS = 0)
     

---- con459  =E=  

con459..  (2)*x(197) + x(298) =E= 0 ; (LHS = -1, INFES = 1 ****)
     

---- con460  =E=  

con460..  (0)*x(1) + (0)*x(38) + (0)*x(39) - x(139) + x(140) =E= 0 ; (LHS = 0)
     

---- con461  =E=  

con461..  (2)*x(198) + x(299) =E= 0 ; (LHS = -1, INFES = 1 ****)
     

---- con462  =E=  

con462..  (0)*x(1) + (0)*x(37) + (0)*x(38) - x(138) + x(139) =E= 0 ; (LHS = 0)
     

---- con463  =E=  

con463..  (2)*x(199) + x(300) =E= 0 ; (LHS = -1, INFES = 1 ****)
     

---- con464  =E=  

con464..  (0)*x(1) + (0)*x(36) + (0)*x(37) - x(137) + x(138) =E= 0 ; (LHS = 0)
     

---- con465  =E=  

con465..  (2)*x(200) + x(301) =E= 0 ; (LHS = -1, INFES = 1 ****)
     

---- con466  =E=  

con466..  (0)*x(1) + (0)*x(35) + (0)*x(36) - x(136) + x(137) =E= 0 ; (LHS = 0)
     

---- con467  =E=  

con467..  (2)*x(201) + x(302) =E= 0 ; (LHS = -1, INFES = 1 ****)
     

---- con468  =E=  

con468..  (0)*x(1) + (0)*x(34) + (0)*x(35) - x(135) + x(136) =E= 0 ; (LHS = 0)
     

---- con469  =E=  

con469..  (2)*x(202) + x(303) =E= 0 ; (LHS = -1, INFES = 1 ****)
     

---- con470  =E=  

con470..  (0)*x(1) + (0)*x(33) + (0)*x(34) - x(134) + x(135) =E= 0 ; (LHS = 0)
     

---- con471  =E=  

con471..  (2)*x(203) + x(304) =E= 0 ; (LHS = -1, INFES = 1 ****)
     

---- con472  =E=  

con472..  (0)*x(1) + (0)*x(32) + (0)*x(33) - x(133) + x(134) =E= 0 ; (LHS = 0)
     

---- con473  =E=  

con473..  (0)*x(1) + (0)*x(2) + (0)*x(3) - x(103) + x(104) =E= 0 ; (LHS = 0)
     

---- con474  =E=  

con474..  (0)*x(1) + (0)*x(31) + (0)*x(32) - x(132) + x(133) =E= 0 ; (LHS = 0)
     

---- con475  =E=  

con475..  (0)*x(1) + (0)*x(30) + (0)*x(31) - x(131) + x(132) =E= 0 ; (LHS = 0)
     

---- con476  =E=  

con476..  (0)*x(1) + (0)*x(3) + (0)*x(4) - x(104) + x(105) =E= 0 ; (LHS = 0)
     

---- con477  =E=  

con477..  (0)*x(1) + (0)*x(29) + (0)*x(30) - x(130) + x(131) =E= 0 ; (LHS = 0)
     

---- con478  =E=  

con478..  (0)*x(1) + (0)*x(28) + (0)*x(29) - x(129) + x(130) =E= 0 ; (LHS = 0)
     

---- con479  =E=  

con479..  (0)*x(1) + (0)*x(4) + (0)*x(5) - x(105) + x(106) =E= 0 ; (LHS = 0)
     

---- con480  =E=  

con480..  (0)*x(1) + (0)*x(27) + (0)*x(28) - x(128) + x(129) =E= 0 ; (LHS = 0)
     

---- con481  =E=  

con481..  (0)*x(1) + (0)*x(26) + (0)*x(27) - x(127) + x(128) =E= 0 ; (LHS = 0)
     

---- con482  =E=  

con482..  (0)*x(1) + (0)*x(5) + (0)*x(6) - x(106) + x(107) =E= 0 ; (LHS = 0)
     

---- con483  =E=  

con483..  (0)*x(1) + (0)*x(25) + (0)*x(26) - x(126) + x(127) =E= 0 ; (LHS = 0)
     

---- con484  =E=  

con484..  (0)*x(1) + (0)*x(24) + (0)*x(25) - x(125) + x(126) =E= 0 ; (LHS = 0)
     

---- con485  =E=  

con485..  (0)*x(1) + (0)*x(6) + (0)*x(7) - x(107) + x(108) =E= 0 ; (LHS = 0)
     

---- con486  =E=  

con486..  (0)*x(1) + (0)*x(23) + (0)*x(24) - x(124) + x(125) =E= 0 ; (LHS = 0)
     

---- con487  =E=  

con487..  (0)*x(1) + (0)*x(22) + (0)*x(23) - x(123) + x(124) =E= 0 ; (LHS = 0)
     

---- con488  =E=  

con488..  (0)*x(1) + (0)*x(7) + (0)*x(8) - x(108) + x(109) =E= 0 ; (LHS = 0)
     

---- con489  =E=  

con489..  (0)*x(1) + (0)*x(21) + (0)*x(22) - x(122) + x(123) =E= 0 ; (LHS = 0)
     

---- con490  =E=  

con490..  (0)*x(1) + (0)*x(20) + (0)*x(21) - x(121) + x(122) =E= 0 ; (LHS = 0)
     

---- con491  =E=  

con491..  (0)*x(1) + (0)*x(8) + (0)*x(9) - x(109) + x(110) =E= 0 ; (LHS = 0)
     

---- con492  =E=  

con492..  (0)*x(1) + (0)*x(19) + (0)*x(20) - x(120) + x(121) =E= 0 ; (LHS = 0)
     

---- con493  =E=  

con493..  (0)*x(1) + (0)*x(18) + (0)*x(19) - x(119) + x(120) =E= 0 ; (LHS = 0)
     

---- con494  =E=  

con494..  (0)*x(1) + (0)*x(9) + (0)*x(10) - x(110) + x(111) =E= 0 ; (LHS = 0)
     

---- con495  =E=  

con495..  (0)*x(1) + (0)*x(17) + (0)*x(18) - x(118) + x(119) =E= 0 ; (LHS = 0)
     

---- con496  =E=  

con496..  (0)*x(1) + (0)*x(16) + (0)*x(17) - x(117) + x(118) =E= 0 ; (LHS = 0)
     

---- con497  =E=  

con497..  (0)*x(1) + (0)*x(10) + (0)*x(11) - x(111) + x(112) =E= 0 ; (LHS = 0)
     

---- con498  =E=  

con498..  (0)*x(1) + (0)*x(15) + (0)*x(16) - x(116) + x(117) =E= 0 ; (LHS = 0)
     

---- con499  =E=  

con499..  (0)*x(1) + (0)*x(14) + (0)*x(15) - x(115) + x(116) =E= 0 ; (LHS = 0)
     

---- con500  =E=  

con500..  (0)*x(1) + (0)*x(11) + (0)*x(12) - x(112) + x(113) =E= 0 ; (LHS = 0)
     

---- con501  =E=  

con501..  (0)*x(1) + (0)*x(13) + (0)*x(14) - x(114) + x(115) =E= 0 ; (LHS = 0)
     

---- con502  =E=  

con502..  (0)*x(1) + (0)*x(12) + (0)*x(13) - x(113) + x(114) =E= 0 ; (LHS = 0)
     
GAMS 53.5.1  f2e5fac3 May 20, 2026          WEX-WEI x86 64bit/MS Windows - 06/14/26 21:50:21 Page 3
G e n e r a l   A l g e b r a i c   M o d e l i n g   S y s t e m
Column Listing      SOLVE m Using NLP From line 3333


---- x  

x(1)
                (.LO, .L, .UP, .M = 0, 0, +INF, 0)
       (0)      con2
       (0)      con3
       (0)      con4
       (0)      con6
       (0)      con7
       (0)      con8
       (0)      con10
       (0)      con11
       (0)      con13
       (0)      con14
       (0)      con15
       (0)      con17
       (0)      con18
       (0)      con19
       (0)      con21
       (0)      con22
       (0)      con24
       (0)      con25
       (0)      con26
       (0)      con28
       (0)      con29
       (0)      con30
       (0)      con32
       (0)      con33
       (0)      con35
       (0)      con36
       (0)      con37
       (0)      con39
       (0)      con40
       (0)      con41
       (0)      con43
       (0)      con44
       (0)      con46
       (0)      con47
       (0)      con48
       (0)      con50
       (0)      con51
       (0)      con52
       (0)      con54
       (0)      con55
       (0)      con57
       (0)      con58
       (0)      con59
       (0)      con61
       (0)      con62
       (0)      con63
       (0)      con65
       (0)      con66
       (0)      con68
       (0)      con69
       (0)      con70
       (0)      con72
       (0)      con73
       (0)      con74
       (0)      con76
       (0)      con77
       (0)      con79
       (0)      con80
       (0)      con81
       (0)      con83
       (0)      con84
       (0)      con85
       (0)      con87
       (0)      con88
       (0)      con90
       (0)      con91
       (0)      con92
       (0)      con94
       (0)      con95
       (0)      con96
       (0)      con98
       (0)      con99
       (0)      con101
       (0)      con102
       (0)      con103
       (0)      con105
       (0)      con106
       (0)      con107
       (0)      con109
       (0)      con110
       (0)      con112
       (0)      con113
       (0)      con114
       (0)      con116
       (0)      con117
       (0)      con118
       (0)      con120
       (0)      con121
       (0)      con123
       (0)      con124
       (0)      con125
       (0)      con127
       (0)      con128
       (0)      con129
       (0)      con131
       (0)      con132
       (0)      con134
       (0)      con135
       (0)      con136
       (0)      con138
       (0)      con139
       (0)      con141
       (0)      con143
       (0)      con145
       (0)      con146
       (0)      con148
       (0)      con150
       (0)      con152
       (0)      con153
       (0)      con155
       (0)      con157
       (0)      con159
       (0)      con160
       (0)      con162
       (0)      con164
       (0)      con166
       (0)      con167
       (0)      con169
       (0)      con171
       (0)      con173
       (0)      con174
       (0)      con176
       (0)      con178
       (0)      con180
       (0)      con181
       (0)      con183
       (0)      con185
       (0)      con187
       (0)      con188
       (0)      con190
       (0)      con192
       (0)      con194
       (0)      con195
       (0)      con197
       (0)      con199
       (0)      con201
       (0)      con202
       (0)      con204
       (0)      con206
       (0)      con208
       (0)      con209
       (0)      con211
       (0)      con213
       (0)      con215
       (0)      con216
       (0)      con218
       (0)      con220
       (0)      con222
       (0)      con223
       (0)      con225
       (0)      con227
       (0)      con229
       (0)      con230
       (0)      con232
       (0)      con234
       (0)      con236
       (0)      con237
       (0)      con239
       (0)      con241
       (0)      con243
       (0)      con244
       (0)      con246
       (0)      con248
       (0)      con250
       (0)      con251
       (0)      con253
       (0)      con255
       (0)      con257
       (0)      con258
       (0)      con260
       (0)      con262
       (0)      con264
       (0)      con265
       (0)      con267
       (0)      con269
       (0)      con271
       (0)      con272
       (0)      con274
       (0)      con276
       (0)      con278
       (0)      con279
       (0)      con281
       (0)      con283
       (0)      con285
       (0)      con286
       (0)      con289
       (0)      con292
       (0)      con295
       (0)      con298
       (0)      con301
       (0)      con304
       (0)      con307
       (0)      con310
       (0)      con313
       (0)      con316
       (0)      con319
       (0)      con322
       (0)      con325
       (0)      con328
       (0)      con332
       (0)      con334
       (0)      con336
       (0)      con338
       (0)      con340
       (0)      con342
       (0)      con344
       (0)      con346
       (0)      con348
       (0)      con350
       (0)      con352
       (0)      con354
       (0)      con356
       (0)      con358
       (0)      con360
       (0)      con362
       (0)      con364
       (0)      con366
       (0)      con368
       (0)      con370
       (0)      con372
       (0)      con374
       (0)      con376
       (0)      con378
       (0)      con380
       (0)      con382
       (0)      con384
       (0)      con386
       (0)      con388
       (0)      con390
       (0)      con392
       (0)      con394
       (0)      con396
       (0)      con398
       (0)      con400
       (0)      con402
       (0)      con404
       (0)      con406
       (0)      con408
       (0)      con410
       (0)      con412
       (0)      con414
       (0)      con416
       (0)      con418
       (0)      con420
       (0)      con422
       (0)      con424
       (0)      con426
       (0)      con428
       (0)      con430
       (0)      con432
       (0)      con434
       (0)      con436
       (0)      con438
       (0)      con440
       (0)      con442
       (0)      con444
       (0)      con446
       (0)      con448
       (0)      con450
       (0)      con452
       (0)      con454
       (0)      con456
       (0)      con458
       (0)      con460
       (0)      con462
       (0)      con464
       (0)      con466
       (0)      con468
       (0)      con470
       (0)      con472
       (0)      con473
       (0)      con474
       (0)      con475
       (0)      con476
       (0)      con477
       (0)      con478
       (0)      con479
       (0)      con480
       (0)      con481
       (0)      con482
       (0)      con483
       (0)      con484
       (0)      con485
       (0)      con486
       (0)      con487
       (0)      con488
       (0)      con489
       (0)      con490
       (0)      con491
       (0)      con492
       (0)      con493
       (0)      con494
       (0)      con495
       (0)      con496
       (0)      con497
       (0)      con498
       (0)      con499
       (0)      con500
       (0)      con501
       (0)      con502

x(2)
                (.LO, .L, .UP, .M = 0, 0, 0, 0)
       (0)      con1
       -1       con332
       (0)      con473

x(3)
                (.LO, .L, .UP, .M = 0, 0, +INF, 0)
       (0)      con5
       -1       con328
        1       con332
       (0)      con473
       (0)      con476

REMAINING 604 ENTRIES SKIPPED

---- obj  

obj
                (.LO, .L, .UP, .M = -INF, 0, +INF, 0)
        1       objcon

GAMS 53.5.1  f2e5fac3 May 20, 2026          WEX-WEI x86 64bit/MS Windows - 06/14/26 21:50:21 Page 4
G e n e r a l   A l g e b r a i c   M o d e l i n g   S y s t e m
Range Statistics    SOLVE m Using NLP From line 3333


RANGE STATISTICS (ABSOLUTE NON-ZERO FINITE VALUES)

RHS       [min, max] : [        NA,        NA] - Zero values observed as well
Bound     [min, max] : [ 6.000E-01, 3.500E+00] - Zero values observed as well
Matrix    [min, max] : [ 1.000E+00, 2.000E+00] - Zero values observed as well

GAMS 53.5.1  f2e5fac3 May 20, 2026          WEX-WEI x86 64bit/MS Windows - 06/14/26 21:50:21 Page 5
G e n e r a l   A l g e b r a i c   M o d e l i n g   S y s t e m
Model Statistics    SOLVE m Using NLP From line 3333


MODEL STATISTICS

BLOCKS OF EQUATIONS         503     SINGLE EQUATIONS          503
BLOCKS OF VARIABLES           2     SINGLE VARIABLES          608  202 projected
NON ZERO ELEMENTS         2,607     NON LINEAR N-Z          1,803
CODE LENGTH               5,018     CONSTANT POOL              20


GENERATION TIME      =        0.000 SECONDS      4 MB  53.5.1 f2e5fac3 WEX-WEI
GAMS 53.5.1  f2e5fac3 May 20, 2026          WEX-WEI x86 64bit/MS Windows - 06/14/26 21:50:21 Page 6
G e n e r a l   A l g e b r a i c   M o d e l i n g   S y s t e m
Solution Report     SOLVE m Using NLP From line 3333


               S O L V E      S U M M A R Y

     MODEL   m                   OBJECTIVE  obj
     TYPE    NLP                 DIRECTION  MINIMIZE
     SOLVER  CONVERT             FROM LINE  3333

**** SOLVER STATUS     1 Normal Completion
**** MODEL STATUS      14 No Solution Returned
**** OBJECTIVE VALUE                0.0000

 RESOURCE USAGE, LIMIT          0.000 10000000000.000
 ITERATION COUNT, LIMIT         0    2147483647
 EVALUATION ERRORS              0             0

*** Error Cannot open parameter file "C:\Users\edmil\Desktop\benchmark_nlp\convert.opt"
*** Error Error code = 2; No such file or directory

--- Writing Dict      : dict.txt
--- Writing Gams      : gams.gms


No solution returned
GAMS 53.5.1  f2e5fac3 May 20, 2026          WEX-WEI x86 64bit/MS Windows - 06/14/26 21:50:21 Page 7
G e n e r a l   A l g e b r a i c   M o d e l i n g   S y s t e m
E x e c u t i o n


----   3334 VARIABLE x.L  

                      ( ALL       0.000 )


----   3334 VARIABLE obj.L                 =        0.000  


EXECUTION TIME       =        0.078 SECONDS      4 MB  53.5.1 f2e5fac3 WEX-WEI


USER: GAMS Demo, for EULA and demo limitations see   G260130+0003Cc-GEN
      https://www.gams.com/latest/docs/UG%5FLicense.html         DC0000


**** FILE SUMMARY

Input      C:\Users\edmil\Desktop\benchmark_nlp\coconut_gams\rocket100.gms
Output     C:\Users\edmil\Desktop\benchmark_nlp\logs\gams\rocket100.lst
