GAMS 53.5.1  f2e5fac3 May 20, 2026          WEX-WEI x86 64bit/MS Windows - 06/14/26 21:50:21 Page 1
G e n e r a l   A l g e b r a i c   M o d e l i n g   S y s t e m
C o m p i l a t i o n


   1  * GAMS-model turkey.dag.gms written by dag2gams Converter at 29/03/2004 14:15:07
   2  * University of Vienna
   4   Set i/1*279/;
   5   Set j/1*518/;
   6   Equations objcon
   7  con1
   8  con2
   9  con3
  10  con4
  11  con5
  12  con6
  13  con7
  14  con8
  15  con9
  16  con10
  17  con11
  18  con12
  19  con13
  20  con14
  21  con15
  22  con16
  23  con17
  24  con18
  25  con19
  26  con20
  27  con21
  28  con22
  29  con23
  30  con24
  31  con25
  32  con26
  33  con27
  34  con28
  35  con29
  36  con30
  37  con31
  38  con32
  39  con33
  40  con34
  41  con35
  42  con36
  43  con37
  44  con38
  45  con39
  46  con40
  47  con41
  48  con42
  49  con43
  50  con44
  51  con45
  52  con46
  53  con47
  54  con48
  55  con49
  56  con50
  57  con51
  58  con52
  59  con53
  60  con54
  61  con55
  62  con56
  63  con57
  64  con58
  65  con59
  66  con60
  67  con61
  68  con62
  69  con63
  70  con64
  71  con65
  72  con66
  73  con67
  74  con68
  75  con69
  76  con70
  77  con71
  78  con72
  79  con73
  80  con74
  81  con75
  82  con76
  83  con77
  84  con78
  85  con79
  86  con80
  87  con81
  88  con82
  89  con83
  90  con84
  91  con85
  92  con86
  93  con87
  94  con88
  95  con89
  96  con90
  97  con91
  98  con92
  99  con93
 100  con94
 101  con95
 102  con96
 103  con97
 104  con98
 105  con99
 106  con100
 107  con101
 108  con102
 109  con103
 110  con104
 111  con105
 112  con106
 113  con107
 114  con108
 115  con109
 116  con110
 117  con111
 118  con112
 119  con113
 120  con114
 121  con115
 122  con116
 123  con117
 124  con118
 125  con119
 126  con120
 127  con121
 128  con122
 129  con123
 130  con124
 131  con125
 132  con126
 133  con127
 134  con128
 135  con129
 136  con130
 137  con131
 138  con132
 139  con133
 140  con134
 141  con135
 142  con136
 143  con137
 144  con138
 145  con139
 146  con140
 147  con141
 148  con142
 149  con143
 150  con144
 151  con145
 152  con146
 153  con147
 154  con148
 155  con149
 156  con150
 157  con151
 158  con152
 159  con153
 160  con154
 161  con155
 162  con156
 163  con157
 164  con158
 165  con159
 166  con160
 167  con161
 168  con162
 169  con163
 170  con164
 171  con165
 172  con166
 173  con167
 174  con168
 175  con169
 176  con170
 177  con171
 178  con172
 179  con173
 180  con174
 181  con175
 182  con176
 183  con177
 184  con178
 185  con179
 186  con180
 187  con181
 188  con182
 189  con183
 190  con184
 191  con185
 192  con186
 193  con187
 194  con188
 195  con189
 196  con190
 197  con191
 198  con192
 199  con193
 200  con194
 201  con195
 202  con196
 203  con197
 204  con198
 205  con199
 206  con200
 207  con201
 208  con202
 209  con203
 210  con204
 211  con205
 212  con206
 213  con207
 214  con208
 215  con209
 216  con210
 217  con211
 218  con212
 219  con213
 220  con214
 221  con215
 222  con216
 223  con217
 224  con218
 225  con219
 226  con220
 227  con221
 228  con222
 229  con223
 230  con224
 231  con225
 232  con226
 233  con227
 234  con228
 235  con229
 236  con230
 237  con231
 238  con232
 239  con233
 240  con234
 241  con235
 242  con236
 243  con237
 244  con238
 245  con239
 246  con240
 247  con241
 248  con242
 249  con243
 250  con244
 251  con245
 252  con246
 253  con247
 254  con248
 255  con249
 256  con250
 257  con251
 258  con252
 259  con253
 260  con254
 261  con255
 262  con256
 263  con257
 264  con258
 265  con259
 266  con260
 267  con261
 268  con262
 269  con263
 270  con264
 271  con265
 272  con266
 273  con267
 274  con268
 275  con269
 276  con270
 277  con271
 278  con272
 279  con273
 280  con274
 281  con275
 282  con276
 283  con277
 284  con278
 285  con279
 286  ;
 287  Variables x(j), obj;
 288  * Objective function (to be minimized)
 289  objcon.. obj =e= (-0.28399516746638104) * x('1') -
 290  0.37114861702127699 * x('2') -
 291  0.30682799999999999 * x('3') -
 292  2.06521614893617 * x('4') -
 293  0.50851063829787202 * x('5') -
 294  2.0418737131091302 * x('6') -
 295  3.48494166094715 * x('7') -
 296  1.73258064516129 * x('8') -
 297  1.32255319148936 * x('9') -
 298  0.95971293481931796 * x('10') -
 299  1.4763784757401799 * x('11') -
 300  1.1069492288641201 * x('12') -
 301  1.3933907463694699 * x('13') -
 302  0.66221919659010908 * x('14') -
 303  2.5790477851412601 * x('15') -
 304  4.5739716312056702 * x('16') -
 305  0.0549669099782319 * x('17') -
 306  5.6407092198581603 * x('18') -
 307  1.1337194641450001 * x('19') -
 308  0.71782530491803298 * x('20') -
 309  6.1772078046738796 * x('21') -
 310  2.3043293993721701 * x('22') -
 311  0.78792251489361698 * x('23') -
 312  1.2987094789339002 * x('24') -
 313  3.5213093289689001 * x('25') -
 314  2.3562310030395102 * x('26') -
 315  3.2779331306990898 * x('27') -
 316  2.6334346504559298 * x('28') -
 317  2.9989969604863198 * x('29') -
 318  2.7165957446808502 * x('30') -
 319  9.1823708206686891 * x('31') -
 320  13.979726443769 * x('32') -
 321  2.5000303951367799 * x('33') -
 322  8.3046808510638304 * x('34') -
 323  2.94074468085106 * x('35') -
 324  3.63191489361702 * x('36') -
 325  2.8889361702127698 * x('37') -
 326  3.0255319148936199 * x('38') -
 327  3.5068981888517703 * x('39') -
 328  3.85914893617021 * x('40') -
 329  9.115790399155971 * x('41') -
 330  1.6420567375886501 * x('42') -
 331  1.1524822695035501 * x('43') -
 332  1.1524822695035501 * x('44') -
 333  0.912765957446808 * x('45') -
 334  0.81765957446808502 * x('46') -
 335  21.635744680851101 * x('47') -
 336  12.674042553191502 * x('48') -
 337  34.32 * x('49') -
 338  4.7757097056251796 * x('50') -
 339  4.7757097056251796 * x('51') -
 340  4.7757097056251796 * x('52') -
 341  0.21006120664529301 * x('53') -
 342  0.21006120664529301 * x('54') -
 343  0.18723404255319201 * x('55') -
 344  x('500') +
 345  x('501') +
 346  x('502') +
 347  x('503') +
 348  x('504') +
 349  x('505') +
 350  0.22882307575941699 * x('518') +
 351  9.3433730067065008e-06 * power(x('1'), 2) +
 352  0.00025400261225107902 * power(x('2'), 2) +
 353  0.00032121859296482401 * power(x('3'), 2) +
 354  0.0034725856687788702 * power(x('4'), 2) +
 355  0.00019854002471366401 * power(x('5'), 2) +
 356  0.0031809841300967901 * power(x('6'), 2) +
 357  0.021214201035752202 * power(x('7'), 2) +
 358  0.0033568036679220603 * power(x('8'), 2) +
 359  0.00019287523355403498 * power(x('9'), 2) +
 360  0.00043701123082293196 * power(x('10'), 2) +
 361  0.00114000883646378 * power(x('11'), 2) +
 362  0.00013764330436376199 * power(x('12'), 2) +
 363  0.00117190138466734 * power(x('13'), 2) +
 364  0.00040430595744232799 * power(x('14'), 2) +
 365  0.017613920032927399 * power(x('15'), 2) +
 366  0.0054030093923710908 * power(x('16'), 2) +
 367  2.4078132820568602e-06 * power(x('17'), 2) +
 368  0.0158589440504334 * power(x('18'), 2) +
 369  9.1739791620569304e-05 * power(x('19'), 2) +
 370  0.083342076502732301 * power(x('20'), 2) +
 371  0.091028703281371609 * power(x('21'), 2) +
 372  0.0031919191154940602 * power(x('22'), 2) +
 373  0.00050026826342451907 * power(x('23'), 2) +
 374  0.00053416036026581002 * power(x('24'), 2) +
 375  0.00048844837549612502 * power(x('25'), 2) +
 376  0.00078272714569107508 * power(x('26'), 2) +
 377  0.0065617981269049004 * power(x('27'), 2) +
 378  0.0105001381597126 * power(x('28'), 2) +
 379  0.014297277652966801 * power(x('29'), 2) +
 380  0.023829787234042599 * power(x('30'), 2) +
 381  0.183897517036544 * power(x('31'), 2) +
 382  0.26315274534615202 * power(x('32'), 2) +
 383  0.024421036954799899 * power(x('33'), 2) +
 384  0.152884404474666 * power(x('34'), 2) +
 385  0.099081694098755307 * power(x('35'), 2) +
 386  0.0039434472243398706 * power(x('36'), 2) +
 387  0.0095628473029220999 * power(x('37'), 2) +
 388  0.16008105369807502 * power(x('38'), 2) +
 389  0.0028229758336366204 * power(x('39'), 2) +
 390  0.041496225120109802 * power(x('40'), 2) +
 391  0.0249106148525878 * power(x('41'), 2) +
 392  0.00057299971301755009 * power(x('42'), 2) +
 393  0.00077615550927599003 * power(x('43'), 2) +
 394  0.0080739965637070601 * power(x('44'), 2) +
 395  8.9846243547406099e-05 * power(x('45'), 2) +
 396  0.000918925123025494 * power(x('46'), 2) +
 397  0.13805350102635899 * power(x('47'), 2) +
 398  0.59335405211570602 * power(x('48'), 2) +
 399  3.32558139534884 * power(x('49'), 2) +
 400  0.10798421077251401 * power(x('50'), 2) +
 401  0.46035374066176799 * power(x('51'), 2) +
 402  5.8311473817157307 * power(x('52'), 2) +
 403  0.00149119180115635 * power(x('53'), 2) +
 404  0.028498332199876898 * power(x('54'), 2) +
 405  1.3535669442217201e-05 * power(x('55'), 2);
 406   
 407   
 408  con1.. (-0.13200000000000001) * x('458') -
 409  0.60440000000000005 * x('459') -
 410  3.3079999999999998 * x('460') -
 411  2.2233000000000001 * x('461') -
 412  1.1645000000000001 * x('462') -
 413  2.6993 * x('463') -
 414  0.12559999999999999 * x('466') -
 415  0.13 * x('467') -
 416  0.1411 * x('468') -
 417  0.58909999999999996 * x('469') -
 418  0.83260000000000001 * x('470') -
 419  0.3967 * x('471') -
 420  0.1714 * x('472') -
 421  0.094700000000000006 * x('473') -
 422  0.49709999999999999 * x('474') -
 423  0.1178 * x('475') -
 424  0.70960000000000001 * x('476') -
 425  1.7512000000000001 * x('477') -
 426  1.9083000000000001 * x('478') -
 427  0.086900000000000005 * x('479') -
 428  0.68000000000000005 * x('480') -
 429  0.1827 * x('481') -
 430  0.27660000000000001 * x('482') -
 431  0.22420000000000001 * x('483') -
 432  0.21010000000000001 * x('484') -
 433  0.83030000000000004 * x('485') -
 434  0.18490000000000001 * x('486') -
 435  3.7599999999999998 * x('487') -
 436  1.1158999999999999 * x('488') -
 437  2.2200000000000002 * x('489') -
 438  2.2200000000000002 * x('490') -
 439  2.2200000000000002 * x('491') -
 440  1.1399999999999999 * x('492') -
 441  1.1399999999999999 * x('493') -
 442  0.76200000000000001 * x('494') -
 443  0.70020000000000004 * x('495') -
 444  0.80459999999999998 * x('496') +
 445  x('500') =e= 0;
 446  con2.. (-0.38329999999999997) * x('464') -
 447  4.3158000000000003 * x('465') +
 448  x('501') =e= 0;
 449  con3.. (-0.021276595744680899) * x('256') -
 450  0.021276595744680899 * x('257') -
 451  0.53191489361702105 * x('258') -
 452  0.10638297872340401 * x('259') -
 453  0.10638297872340401 * x('260') -
 454  0.081276595744680893 * x('261') -
 455  0.081276595744680893 * x('262') -
 456  0.083404255319148898 * x('263') -
 457  0.083404255319148898 * x('264') -
 458  0.23000000000000001 * x('265') -
 459  0.23000000000000001 * x('266') -
 460  0.127446808510638 * x('267') -
 461  0.127446808510638 * x('268') -
 462  0.16148936170212799 * x('269') -
 463  0.16148936170212799 * x('270') -
 464  0.14319148936170201 * x('271') -
 465  0.14319148936170201 * x('272') -
 466  0.98872340425531902 * x('273') -
 467  0.98872340425531902 * x('274') -
 468  1.55276595744681 * x('275') -
 469  1.55276595744681 * x('276') -
 470  0.135744680851064 * x('277') -
 471  0.135744680851064 * x('278') -
 472  0.042553191489361701 * x('279') -
 473  0.042553191489361701 * x('280') -
 474  0.042553191489361701 * x('281') -
 475  0.042553191489361701 * x('282') +
 476  x('505') =e= 0;
 477  con4.. (-0.42339095744680799) * x('56') -
 478  0.35019414893617001 * x('57') -
 479  0.40106382978723398 * x('58') -
 480  0.32475531914893602 * x('59') -
 481  0.35720744680851102 * x('60') -
 482  0.26792553191489399 * x('61') -
 483  0.316622340425532 * x('62') -
 484  0.24131914893617001 * x('63') -
 485  0.53008865248227 * x('64') -
 486  0.43625886524822699 * x('65') -
 487  0.24235815602836899 * x('66') -
 488  0.183539007092199 * x('67') -
 489  0.40861702127659599 * x('68') -
 490  0.33680851063829798 * x('69') -
 491  0.33601063829787198 * x('70') -
 492  0.24234042553191501 * x('71') -
 493  0.32767730496453901 * x('72') -
 494  0.248209219858156 * x('73') -
 495  0.30519946808510601 * x('74') -
 496  0.22154255319148899 * x('75') -
 497  0.34253546099290799 * x('76') -
 498  0.26067375886524802 * x('77') -
 499  0.26941489361702098 * x('78') -
 500  0.20127659574468099 * x('79') -
 501  0.33601063829787198 * x('80') -
 502  0.24234042553191501 * x('81') -
 503  0.34253546099290799 * x('82') -
 504  0.26067375886524802 * x('83') -
 505  0.38394281914893602 * x('84') -
 506  0.315784574468085 * x('85') -
 507  0.50150265957446805 * x('86') -
 508  0.390558510638298 * x('87') -
 509  0.457207446808511 * x('88') -
 510  0.360984042553192 * x('89') -
 511  0.50623005319148895 * x('90') -
 512  0.42753989361702099 * x('91') -
 513  0.57099069148936199 * x('92') -
 514  0.47386968085106401 * x('93') -
 515  0.39654920212765998 * x('94') -
 516  0.33844414893616998 * x('95') -
 517  0.56241134751773103 * x('96') -
 518  0.48916666666666703 * x('97') -
 519  0.201462765957447 * x('98') -
 520  0.15658244680851099 * x('99') -
 521  0.168617021276596 * x('100') -
 522  0.115718085106383 * x('101') -
 523  0.16255319148936201 * x('102') -
 524  0.122101063829787 * x('103') -
 525  0.19331560283687901 * x('104') -
 526  0.12804964539007099 * x('105') -
 527  0.48039007092198599 * x('106') -
 528  0.38703900709219902 * x('107') -
 529  0.081223404255319098 * x('108') -
 530  0.0453191489361702 * x('109') -
 531  0.30668439716312101 * x('110') -
 532  0.235099290780142 * x('111') -
 533  0.25566489361702099 * x('112') -
 534  0.18074468085106399 * x('113') -
 535  0.10625 * x('114') -
 536  0.063404255319148894 * x('115') -
 537  0.157446808510638 * x('116') -
 538  0.105425531914894 * x('117') -
 539  0.30906028368794303 * x('118') -
 540  0.23166666666666699 * x('119') -
 541  0.360957446808511 * x('120') -
 542  0.297765957446809 * x('121') -
 543  0.43053191489361697 * x('122') -
 544  0.342127659574468 * x('123') -
 545  0.21861702127659599 * x('124') -
 546  0.13500000000000001 * x('125') -
 547  0.259042553191489 * x('126') -
 548  0.195595744680851 * x('127') -
 549  0.12978723404255299 * x('128') -
 550  0.078563829787234002 * x('129') -
 551  0.167420212765957 * x('130') -
 552  0.119308510638298 * x('131') -
 553  0.28484042553191502 * x('132') -
 554  0.23385638297872299 * x('133') -
 555  0.44590425531914901 * x('134') -
 556  0.370026595744681 * x('135') -
 557  0.25207446808510597 * x('136') -
 558  0.19031914893617 * x('137') -
 559  0.201462765957447 * x('138') -
 560  0.15658244680851099 * x('139') -
 561  0.168617021276596 * x('140') -
 562  0.115718085106383 * x('141') -
 563  0.16255319148936201 * x('142') -
 564  0.122101063829787 * x('143') -
 565  0.19331560283687901 * x('144') -
 566  0.12804964539007099 * x('145') -
 567  0.48039007092198599 * x('146') -
 568  0.38703900709219902 * x('147') -
 569  0.081223404255319098 * x('148') -
 570  0.0453191489361702 * x('149') -
 571  0.30668439716312101 * x('150') -
 572  0.235099290780142 * x('151') -
 573  0.25566489361702099 * x('152') -
 574  0.18074468085106399 * x('153') -
 575  0.10625 * x('154') -
 576  0.063404255319148894 * x('155') -
 577  0.157446808510638 * x('156') -
 578  0.105425531914894 * x('157') -
 579  0.30906028368794303 * x('158') -
 580  0.23166666666666699 * x('159') -
 581  0.360957446808511 * x('160') -
 582  0.297765957446809 * x('161') -
 583  0.43053191489361697 * x('162') -
 584  0.342127659574468 * x('163') -
 585  0.21861702127659599 * x('164') -
 586  0.13500000000000001 * x('165') -
 587  0.259042553191489 * x('166') -
 588  0.195595744680851 * x('167') -
 589  0.12978723404255299 * x('168') -
 590  0.078563829787234002 * x('169') -
 591  0.167420212765957 * x('170') -
 592  0.119308510638298 * x('171') -
 593  0.28484042553191502 * x('172') -
 594  0.23385638297872299 * x('173') -
 595  0.44590425531914901 * x('174') -
 596  0.370026595744681 * x('175') -
 597  0.25207446808510597 * x('176') -
 598  0.19031914893617 * x('177') -
 599  0.067805851063829803 * x('178') -
 600  0.030226063829787202 * x('179') -
 601  0.054244680851063799 * x('180') -
 602  0.024180851063829799 * x('181') -
 603  0.068218085106382997 * x('182') -
 604  0.042175531914893601 * x('183') -
 605  0.074202127659574499 * x('184') -
 606  0.039255319148936201 * x('185') -
 607  0.081489361702127699 * x('186') -
 608  0.040319148936170203 * x('187') -
 609  0.071303191489361706 * x('188') -
 610  0.037313829787234 * x('189') -
 611  0.43148936170212798 * x('190') -
 612  0.37811170212765999 * x('191') -
 613  0.26843085106383002 * x('192') -
 614  0.22965425531914899 * x('193') -
 615  0.14813829787234001 * x('194') -
 616  0.099308510638297903 * x('195') -
 617  0.054122340425531899 * x('196') -
 618  0.020132978723404301 * x('197') -
 619  0.098058510638297902 * x('198') -
 620  0.062441489361702102 * x('199') -
 621  0.104042553191489 * x('200') -
 622  0.059521276595744702 * x('201') -
 623  0.11132978723404301 * x('202') -
 624  0.060585106382978697 * x('203') -
 625  0.101143617021277 * x('204') -
 626  0.057579787234042598 * x('205') -
 627  0.461329787234042 * x('206') -
 628  0.39837765957446802 * x('207') -
 629  0.177978723404255 * x('208') -
 630  0.11957446808510599 * x('209') -
 631  0.083962765957446797 * x('210') -
 632  0.040398936170212799 * x('211') -
 633  0.070611702127659604 * x('212') -
 634  0.0573989361702128 * x('213') -
 635  0.100132978723404 * x('214') -
 636  0.073611702127659606 * x('215') -
 637  0.072446808510638297 * x('216') -
 638  0.041617021276595799 * x('217') -
 639  0.078430851063829798 * x('218') -
 640  0.038696808510638302 * x('219') -
 641  0.085718085106382999 * x('220') -
 642  0.039760638297872297 * x('221') -
 643  0.075531914893617005 * x('222') -
 644  0.036755319148936198 * x('223') -
 645  0.43571808510638299 * x('224') -
 646  0.37755319148936201 * x('225') -
 647  0.27265957446808498 * x('226') -
 648  0.229095744680851 * x('227') -
 649  0.15236702127659599 * x('228') -
 650  0.098750000000000004 * x('229') -
 651  0.058351063829787199 * x('230') -
 652  0.019574468085106399 * x('231') -
 653  0.0270212765957447 * x('232') -
 654  0.0045212765957446796 * x('233') -
 655  0.024680851063829799 * x('234') -
 656  0.0031382978723404199 * x('235') -
 657  0.070611702127659604 * x('236') -
 658  0.0573989361702128 * x('237') -
 659  0.100132978723404 * x('238') -
 660  0.073611702127659606 * x('239') -
 661  0.072446808510638297 * x('240') -
 662  0.041617021276595799 * x('241') -
 663  0.078430851063829798 * x('242') -
 664  0.038696808510638302 * x('243') -
 665  0.085718085106382999 * x('244') -
 666  0.039760638297872297 * x('245') -
 667  0.075531914893617005 * x('246') -
 668  0.036755319148936198 * x('247') -
 669  0.43571808510638299 * x('248') -
 670  0.37755319148936201 * x('249') -
 671  0.27265957446808498 * x('250') -
 672  0.229095744680851 * x('251') -
 673  0.15236702127659599 * x('252') -
 674  0.098750000000000004 * x('253') -
 675  0.058351063829787199 * x('254') -
 676  0.019574468085106399 * x('255') -
 677  0.117234042553191 * x('256') -
 678  0.079031914893616995 * x('257') -
 679  0.0829787234042553 * x('258') -
 680  0.94978723404255305 * x('259') -
 681  0.90612765957446795 * x('260') -
 682  0.40909574468085103 * x('261') -
 683  0.34829787234042497 * x('262') -
 684  0.26824468085106401 * x('263') -
 685  0.19155319148936201 * x('264') -
 686  0.47962765957446801 * x('265') -
 687  0.42395212765957402 * x('266') -
 688  0.42585106382978699 * x('267') -
 689  0.33489361702127701 * x('268') -
 690  0.90968085106383001 * x('269') -
 691  0.76175531914893602 * x('270') -
 692  0.85446808510638295 * x('271') -
 693  0.72425531914893604 * x('272') -
 694  1.08590425531915 * x('273') -
 695  1.06282978723404 * x('274') -
 696  1.19015957446809 * x('275') -
 697  1.1293617021276601 * x('276') -
 698  0.29420212765957399 * x('277') -
 699  0.23862234042553199 * x('278') -
 700  0.26670212765957402 * x('279') -
 701  0.19585106382978701 * x('280') -
 702  0.49468085106382997 * x('281') -
 703  0.48989361702127698 * x('282') -
 704  0.0061329787234042504 * x('321') -
 705  0.0061329787234042504 * x('322') -
 706  0.0061329787234042504 * x('323') -
 707  0.075531914893617005 * x('324') -
 708  0.034574468085106398 * x('325') -
 709  0.041489361702127699 * x('326') -
 710  0.00035106382978723402 * x('327') +
 711  x('504') =e= 0;
 712  con5.. (-0.22935) * x('57') -
 713  0.23910000000000001 * x('59') -
 714  0.27975 * x('61') -
 715  0.23594999999999999 * x('63') -
 716  0.29399999999999998 * x('65') -
 717  0.18429999999999999 * x('67') -
 718  0.22500000000000001 * x('69') -
 719  0.29349999999999998 * x('71') -
 720  0.249 * x('73') -
 721  0.262125 * x('75') -
 722  0.25650000000000001 * x('77') -
 723  0.2135 * x('79') -
 724  0.29349999999999998 * x('81') -
 725  0.25650000000000001 * x('83') -
 726  0.21356249999999999 * x('85') -
 727  0.34762500000000002 * x('87') -
 728  0.30149999999999999 * x('89') -
 729  0.24656249999999999 * x('91') -
 730  0.30431249999999999 * x('93') -
 731  0.18206249999999999 * x('95') -
 732  0.22950000000000001 * x('97') -
 733  0.140625 * x('99') -
 734  0.16575000000000001 * x('101') -
 735  0.12675 * x('103') -
 736  0.20449999999999999 * x('105') -
 737  0.29249999999999998 * x('107') -
 738  0.1125 * x('109') -
 739  0.2243 * x('111') -
 740  0.23474999999999999 * x('113') -
 741  0.13425000000000001 * x('115') -
 742  0.16300000000000001 * x('117') -
 743  0.24249999999999999 * x('119') -
 744  0.19800000000000001 * x('121') -
 745  0.27700000000000002 * x('123') -
 746  0.26200000000000001 * x('125') -
 747  0.1988 * x('127') -
 748  0.1605 * x('129') -
 749  0.15075 * x('131') -
 750  0.15975 * x('133') -
 751  0.23774999999999999 * x('135') -
 752  0.19350000000000001 * x('137') -
 753  0.140625 * x('139') -
 754  0.16575000000000001 * x('141') -
 755  0.12675 * x('143') -
 756  0.20449999999999999 * x('145') -
 757  0.29249999999999998 * x('147') -
 758  0.1125 * x('149') -
 759  0.2243 * x('151') -
 760  0.23474999999999999 * x('153') -
 761  0.13425000000000001 * x('155') -
 762  0.16300000000000001 * x('157') -
 763  0.24249999999999999 * x('159') -
 764  0.19800000000000001 * x('161') -
 765  0.27700000000000002 * x('163') -
 766  0.26200000000000001 * x('165') -
 767  0.1988 * x('167') -
 768  0.1605 * x('169') -
 769  0.15075 * x('171') -
 770  0.15975 * x('173') -
 771  0.23774999999999999 * x('175') -
 772  0.19350000000000001 * x('177') -
 773  0.11774999999999999 * x('179') -
 774  0.094200000000000006 * x('181') -
 775  0.081600000000000006 * x('183') -
 776  0.1095 * x('185') -
 777  0.129 * x('187') -
 778  0.1065 * x('189') -
 779  0.16725000000000001 * x('191') -
 780  0.1215 * x('193') -
 781  0.153 * x('195') -
 782  0.1065 * x('197') -
 783  0.1116 * x('199') -
 784  0.13950000000000001 * x('201') -
 785  0.159 * x('203') -
 786  0.13650000000000001 * x('205') -
 787  0.19725000000000001 * x('207') -
 788  0.183 * x('209') -
 789  0.13650000000000001 * x('211') -
 790  0.041399999999999999 * x('213') -
 791  0.083099999999999993 * x('215') -
 792  0.096600000000000005 * x('217') -
 793  0.1245 * x('219') -
 794  0.14399999999999999 * x('221') -
 795  0.1215 * x('223') -
 796  0.18225 * x('225') -
 797  0.13650000000000001 * x('227') -
 798  0.16800000000000001 * x('229') -
 799  0.1215 * x('231') -
 800  0.070499999999999993 * x('233') -
 801  0.067500000000000004 * x('235') -
 802  0.041399999999999999 * x('237') -
 803  0.083099999999999993 * x('239') -
 804  0.096600000000000005 * x('241') -
 805  0.1245 * x('243') -
 806  0.14399999999999999 * x('245') -
 807  0.1215 * x('247') -
 808  0.18225 * x('249') -
 809  0.13650000000000001 * x('251') -
 810  0.16800000000000001 * x('253') -
 811  0.1215 * x('255') -
 812  0.1197 * x('257') -
 813  0.1368 * x('260') -
 814  0.1905 * x('262') -
 815  0.24030000000000001 * x('264') -
 816  0.17444999999999999 * x('266') -
 817  0.28499999999999998 * x('268') -
 818  0.46350000000000002 * x('270') -
 819  0.40799999999999997 * x('272') -
 820  0.072300000000000003 * x('274') -
 821  0.1905 * x('276') -
 822  0.17415 * x('278') -
 823  0.222 * x('280') -
 824  0.014999999999999999 * x('282') +
 825  x('503') =e= 0;
 826  con6.. (-0.074944326148936202) * x('56') -
 827  0.074944326148936202 * x('57') -
 828  0.081292238489361707 * x('58') -
 829  0.081292238489361707 * x('59') -
 830  0.046676979404255303 * x('60') -
 831  0.046676979404255303 * x('61') -
 832  0.047233204638297902 * x('62') -
 833  0.047233204638297902 * x('63') -
 834  0.20938165710638301 * x('64') -
 835  0.20938165710638301 * x('65') -
 836  0.036548542099290801 * x('66') -
 837  0.036548542099290801 * x('67') -
 838  0.072301427404255297 * x('68') -
 839  0.072301427404255297 * x('69') -
 840  0.054716719035460999 * x('70') -
 841  0.054716719035460999 * x('71') -
 842  0.058448184851063803 * x('72') -
 843  0.058448184851063803 * x('73') -
 844  0.043394639276595703 * x('74') -
 845  0.043394639276595703 * x('75') -
 846  0.039062654921985802 * x('76') -
 847  0.039062654921985802 * x('77') -
 848  0.036177725276595803 * x('78') -
 849  0.036177725276595803 * x('79') -
 850  0.054716719035460999 * x('80') -
 851  0.054716719035460999 * x('81') -
 852  0.039062654921985802 * x('82') -
 853  0.039062654921985802 * x('83') -
 854  0.100024880042553 * x('84') -
 855  0.100024880042553 * x('85') -
 856  0.048888413106382998 * x('86') -
 857  0.048888413106382998 * x('87') -
 858  0.066545221276595706 * x('88') -
 859  0.066545221276595706 * x('89') -
 860  0.090814827021276606 * x('90') -
 861  0.090814827021276606 * x('91') -
 862  0.26234167455319102 * x('92') -
 863  0.26234167455319102 * x('93') -
 864  0.086487432553191496 * x('94') -
 865  0.086487432553191496 * x('95') -
 866  0.10377840446808501 * x('96') -
 867  0.10377840446808501 * x('97') -
 868  0.061492946808510598 * x('98') -
 869  0.061492946808510598 * x('99') -
 870  0.0621223538723404 * x('100') -
 871  0.0621223538723404 * x('101') -
 872  0.061272914085106399 * x('102') -
 873  0.061272914085106399 * x('103') -
 874  0.15046530834042601 * x('104') -
 875  0.15046530834042601 * x('105') -
 876  0.110684489531915 * x('106') -
 877  0.110684489531915 * x('107') -
 878  0.028716664510638298 * x('108') -
 879  0.028716664510638298 * x('109') -
 880  0.065569068340425501 * x('110') -
 881  0.065569068340425501 * x('111') -
 882  0.204570906510638 * x('112') -
 883  0.204570906510638 * x('113') -
 884  0.041561692170212799 * x('114') -
 885  0.041561692170212799 * x('115') -
 886  0.024846437333333301 * x('116') -
 887  0.024846437333333301 * x('117') -
 888  0.034260786269503601 * x('118') -
 889  0.034260786269503601 * x('119') -
 890  0.034935820148936203 * x('120') -
 891  0.034935820148936203 * x('121') -
 892  0.034066564539007103 * x('122') -
 893  0.034066564539007103 * x('123') -
 894  0.061282169531914898 * x('124') -
 895  0.061282169531914898 * x('125') -
 896  0.045111893872340401 * x('126') -
 897  0.045111893872340401 * x('127') -
 898  0.032555456000000003 * x('128') -
 899  0.032555456000000003 * x('129') -
 900  0.0318630361702128 * x('130') -
 901  0.0318630361702128 * x('131') -
 902  0.052062861063829798 * x('132') -
 903  0.052062861063829798 * x('133') -
 904  0.055579545531914902 * x('134') -
 905  0.055579545531914902 * x('135') -
 906  0.023345402978723399 * x('136') -
 907  0.023345402978723399 * x('137') -
 908  0.061492946808510598 * x('138') -
 909  0.061492946808510598 * x('139') -
 910  0.0621223538723404 * x('140') -
 911  0.0621223538723404 * x('141') -
 912  0.061272914085106399 * x('142') -
 913  0.061272914085106399 * x('143') -
 914  0.15046530834042601 * x('144') -
 915  0.15046530834042601 * x('145') -
 916  0.110684489531915 * x('146') -
 917  0.110684489531915 * x('147') -
 918  0.028716664510638298 * x('148') -
 919  0.028716664510638298 * x('149') -
 920  0.065569068340425501 * x('150') -
 921  0.065569068340425501 * x('151') -
 922  0.204570906510638 * x('152') -
 923  0.204570906510638 * x('153') -
 924  0.041561692170212799 * x('154') -
 925  0.041561692170212799 * x('155') -
 926  0.024846437333333301 * x('156') -
 927  0.024846437333333301 * x('157') -
 928  0.034260786269503601 * x('158') -
 929  0.034260786269503601 * x('159') -
 930  0.034935820148936203 * x('160') -
 931  0.034935820148936203 * x('161') -
 932  0.034066564539007103 * x('162') -
 933  0.034066564539007103 * x('163') -
 934  0.061282169531914898 * x('164') -
 935  0.061282169531914898 * x('165') -
 936  0.045111893872340401 * x('166') -
 937  0.045111893872340401 * x('167') -
 938  0.032555456000000003 * x('168') -
 939  0.032555456000000003 * x('169') -
 940  0.0318630361702128 * x('170') -
 941  0.0318630361702128 * x('171') -
 942  0.052062861063829798 * x('172') -
 943  0.052062861063829798 * x('173') -
 944  0.055579545531914902 * x('174') -
 945  0.055579545531914902 * x('175') -
 946  0.023345402978723399 * x('176') -
 947  0.023345402978723399 * x('177') -
 948  0.057995251351063801 * x('178') -
 949  0.057995251351063801 * x('179') -
 950  0.046396201080851102 * x('180') -
 951  0.046396201080851102 * x('181') -
 952  0.033971982340425498 * x('182') -
 953  0.033971982340425498 * x('183') -
 954  0.074569894680851095 * x('184') -
 955  0.074569894680851095 * x('185') -
 956  0.043666822914893599 * x('186') -
 957  0.043666822914893599 * x('187') -
 958  0.028078998936170201 * x('188') -
 959  0.028078998936170201 * x('189') -
 960  0.067897390851063805 * x('190') -
 961  0.067897390851063805 * x('191') -
 962  0.033281843617021301 * x('192') -
 963  0.033281843617021301 * x('193') -
 964  0.068392828723404298 * x('194') -
 965  0.068392828723404298 * x('195') -
 966  0.072323679787234002 * x('196') -
 967  0.072323679787234002 * x('197') -
 968  0.029645768085106401 * x('198') -
 969  0.029645768085106401 * x('199') -
 970  0.070243680425531904 * x('200') -
 971  0.070243680425531904 * x('201') -
 972  0.039340608659574498 * x('202') -
 973  0.039340608659574498 * x('203') -
 974  0.0237527846808511 * x('204') -
 975  0.0237527846808511 * x('205') -
 976  0.063571176595744697 * x('206') -
 977  0.063571176595744697 * x('207') -
 978  0.064066614468085106 * x('208') -
 979  0.064066614468085106 * x('209') -
 980  0.067997465531914894 * x('210') -
 981  0.067997465531914894 * x('211') -
 982  0.0178166144680851 * x('212') -
 983  0.0178166144680851 * x('213') -
 984  0.064353398297872302 * x('214') -
 985  0.064353398297872302 * x('215') -
 986  0.0293545855319149 * x('216') -
 987  0.0293545855319149 * x('217') -
 988  0.069952497872340397 * x('218') -
 989  0.069952497872340397 * x('219') -
 990  0.039049426106382998 * x('220') -
 991  0.039049426106382998 * x('221') -
 992  0.0234616021276596 * x('222') -
 993  0.0234616021276596 * x('223') -
 994  0.063279994042553203 * x('224') -
 995  0.063279994042553203 * x('225') -
 996  0.028664446808510598 * x('226') -
 997  0.028664446808510598 * x('227') -
 998  0.063775431914893599 * x('228') -
 999  0.063775431914893599 * x('229') -
1000  0.067706282978723401 * x('230') -
1001  0.067706282978723401 * x('231') -
1002  0.019829809276595702 * x('232') -
1003  0.019829809276595702 * x('233') -
1004  0.014732738638297899 * x('234') -
1005  0.014732738638297899 * x('235') -
1006  0.0178166144680851 * x('236') -
1007  0.0178166144680851 * x('237') -
1008  0.064353398297872302 * x('238') -
1009  0.064353398297872302 * x('239') -
1010  0.0293545855319149 * x('240') -
1011  0.0293545855319149 * x('241') -
1012  0.069952497872340397 * x('242') -
1013  0.069952497872340397 * x('243') -
1014  0.039049426106382998 * x('244') -
1015  0.039049426106382998 * x('245') -
1016  0.0234616021276596 * x('246') -
1017  0.0234616021276596 * x('247') -
1018  0.063279994042553203 * x('248') -
1019  0.063279994042553203 * x('249') -
1020  0.028664446808510598 * x('250') -
1021  0.028664446808510598 * x('251') -
1022  0.063775431914893599 * x('252') -
1023  0.063775431914893599 * x('253') -
1024  0.067706282978723401 * x('254') -
1025  0.067706282978723401 * x('255') -
1026  0.001764264 * x('256') -
1027  0.001764264 * x('257') -
1028  0.0048199260000000004 * x('258') -
1029  0.03908528 * x('259') -
1030  0.03908528 * x('260') -
1031  0.0079284999999999998 * x('261') -
1032  0.0079284999999999998 * x('262') -
1033  0.0055628120000000003 * x('263') -
1034  0.0055628120000000003 * x('264') -
1035  0.0032842679999999999 * x('265') -
1036  0.0032842679999999999 * x('266') -
1037  0.0112856 * x('267') -
1038  0.0112856 * x('268') -
1039  0.011856999999999999 * x('269') -
1040  0.011856999999999999 * x('270') -
1041  0.015857 * x('271') -
1042  0.015857 * x('272') -
1043  0.0038970720000000001 * x('273') -
1044  0.0038970720000000001 * x('274') -
1045  0.086856000000000003 * x('275') -
1046  0.086856000000000003 * x('276') -
1047  0.0098213499999999995 * x('277') -
1048  0.0098213499999999995 * x('278') -
1049  0.002 * x('279') -
1050  0.002 * x('280') -
1051  0.020598200000000001 * x('281') -
1052  0.020598200000000001 * x('282') +
1053  x('502') =e= 0;
1054  con7.. x('55') -
1055  x('457') =e= 0;
1056  con8.. x('54') -
1057  x('456') =e= 0;
1058  con9.. x('53') -
1059  x('455') =e= 0;
1060  con10.. x('52') -
1061  x('454') =e= 0;
1062  con11.. x('51') -
1063  x('453') =e= 0;
1064  con12.. x('50') -
1065  x('452') =e= 0;
1066  con13.. x('49') -
1067  x('451') +
1068  x('496') =e= 0;
1069  con14.. x('48') -
1070  x('450') +
1071  x('495') =e= 0;
1072  con15.. x('47') -
1073  x('449') -
1074  x('465') =e= 0;
1075  con16.. x('46') -
1076  x('448') =e= 0;
1077  con17.. x('45') -
1078  x('447') =e= 0;
1079  con18.. x('44') -
1080  x('446') =e= 0;
1081  con19.. x('43') -
1082  x('445') =e= 0;
1083  con20.. x('42') -
1084  x('444') =e= 0;
1085  con21.. x('41') -
1086  x('443') +
1087  x('494') =e= 0;
1088  con22.. x('40') -
1089  x('442') +
1090  x('493') =e= 0;
1091  con23.. x('39') -
1092  x('441') +
1093  x('492') =e= 0;
1094  con24.. x('38') -
1095  x('440') +
1096  x('491') =e= 0;
1097  con25.. x('37') -
1098  x('439') +
1099  x('490') =e= 0;
1100  con26.. x('36') -
1101  x('438') +
1102  x('489') =e= 0;
1103  con27.. x('35') -
1104  x('437') +
1105  x('488') =e= 0;
1106  con28.. x('34') -
1107  x('436') +
1108  x('487') =e= 0;
1109  con29.. x('33') -
1110  x('435') +
1111  x('486') =e= 0;
1112  con30.. x('32') -
1113  x('434') =e= 0;
1114  con31.. x('31') -
1115  x('433') +
1116  x('485') =e= 0;
1117  con32.. x('30') -
1118  x('432') =e= 0;
1119  con33.. x('29') -
1120  x('431') =e= 0;
1121  con34.. x('28') -
1122  x('430') =e= 0;
1123  con35.. x('27') -
1124  x('429') +
1125  x('484') =e= 0;
1126  con36.. x('26') -
1127  x('428') +
1128  x('483') =e= 0;
1129  con37.. x('25') -
1130  x('427') +
1131  x('482') =e= 0;
1132  con38.. x('24') -
1133  x('426') +
1134  x('481') =e= 0;
1135  con39.. x('23') -
1136  x('425') =e= 0;
1137  con40.. x('22') -
1138  x('424') +
1139  x('480') =e= 0;
1140  con41.. -x('423') +
1141  x('499') =e= 0;
1142  con42.. x('21') -
1143  x('422') =e= 0;
1144  con43.. x('20') -
1145  x('421') =e= 0;
1146  con44.. -x('420') +
1147  x('498') =e= 0;
1148  con45.. -x('419') +
1149  x('497') =e= 0;
1150  con46.. x('19') -
1151  x('418') +
1152  x('479') =e= 0;
1153  con47.. x('18') -
1154  x('417') +
1155  x('478') =e= 0;
1156  con48.. x('17') -
1157  x('416') =e= 0;
1158  con49.. x('16') -
1159  x('415') +
1160  x('477') =e= 0;
1161  con50.. x('15') -
1162  x('414') +
1163  x('476') =e= 0;
1164  con51.. x('14') -
1165  x('413') =e= 0;
1166  con52.. x('13') -
1167  x('412') =e= 0;
1168  con53.. x('12') -
1169  x('411') +
1170  x('475') =e= 0;
1171  con54.. x('11') -
1172  x('410') +
1173  x('474') =e= 0;
1174  con55.. x('10') -
1175  x('409') +
1176  x('473') =e= 0;
1177  con56.. x('9') -
1178  x('408') +
1179  x('472') =e= 0;
1180  con57.. x('8') -
1181  x('407') +
1182  x('471') =e= 0;
1183  con58.. x('7') -
1184  x('406') +
1185  x('470') =e= 0;
1186  con59.. x('6') -
1187  x('405') +
1188  x('469') =e= 0;
1189  con60.. x('5') -
1190  x('404') +
1191  x('468') =e= 0;
1192  con61.. x('4') -
1193  x('403') -
1194  x('464') =e= 0;
1195  con62.. x('3') -
1196  x('402') +
1197  x('467') =e= 0;
1198  con63.. x('2') -
1199  x('401') =e= 0;
1200  con64.. x('1') -
1201  x('400') +
1202  x('466') =e= 0;
1203  con65.. (-0.0025000000000000001) * x('327') +
1204  x('391') =e= 0;
1205  con66.. -x('506') -
1206  x('507') -
1207  x('508') -
1208  x('509') -
1209  x('510') -
1210  x('511') -
1211  x('512') -
1212  x('513') -
1213  x('514') -
1214  x('515') -
1215  x('516') -
1216  x('517') +
1217  x('518') =e= 0;
1218  con67.. (-0.031913331610474001) * x('283') -
1219  0.22679193063141201 * x('284') -
1220  0.014321703060373199 * x('285') -
1221  0.077643670718489696 * x('286') +
1222  0.203145472747501 * x('287') -
1223  0.083397256735626799 * x('288') -
1224  0.100940477320103 * x('289') -
1225  0.338243224807945 * x('290') -
1226  0.44540603519691702 * x('291') -
1227  0.80654316649134306 * x('292') +
1228  0.69226301671013102 * x('293') -
1229  0.0115821184545699 * x('294') +
1230  0.0367570464408183 * x('295') +
1231  0.0665591790370616 * x('296') +
1232  0.026209684276869299 * x('297') -
1233  0.0093311123331099796 * x('298') -
1234  0.0040549574864990499 * x('299') -
1235  0.037805752694776103 * x('300') -
1236  0.0056824785154440697 * x('301') -
1237  0.140457184776272 * x('302') -
1238  0.0152496047982581 * x('303') +
1239  0.0025426226446890001 * x('304') +
1240  0.22123118885767101 * x('305') -
1241  0.19861045458222701 * x('306') -
1242  0.40198190860493899 * x('307') -
1243  0.75015370875795995 * x('308') -
1244  0.313499999173318 * x('309') -
1245  0.0057398999731048603 * x('310') +
1246  0.0013979470281691999 * x('311') +
1247  0.042033639715957097 * x('312') -
1248  0.033337960957034903 * x('313') -
1249  0.30015775031931002 * x('314') +
1250  0.27180174795043099 * x('315') +
1251  0.0091239474062946302 * x('318') +
1252  0.195646021812455 * x('319') -
1253  0.000200223613788152 * x('321') +
1254  0.00026912505233902699 * x('322') +
1255  0.0012198219631718501 * x('323') +
1256  0.0038756900689648701 * x('324') +
1257  0.0098426027544602605 * x('325') -
1258  0.00022713653842027401 * x('327') -
1259  x('511') +
1260  x('517') =e= 0;
1261  con68.. 0.17560583850979899 * x('283') +
1262  0.00537630716207707 * x('284') +
1263  0.182335787463039 * x('285') +
1264  0.15624970145985601 * x('286') -
1265  0.014310077537532899 * x('287') +
1266  0.28461473151862299 * x('288') -
1267  0.0070231534508056401 * x('289') -
1268  0.034640202168436003 * x('290') +
1269  0.59547183628776401 * x('291') -
1270  0.19915895281332399 * x('292') -
1271  2.7995296512098098 * x('293') +
1272  0.070611210069732699 * x('294') -
1273  0.11603363407808399 * x('295') -
1274  0.040004597386597597 * x('296') -
1275  0.074748579556411607 * x('297') +
1276  0.00072840905823598197 * x('298') -
1277  0.0051874268603519201 * x('299') +
1278  0.044297525021887302 * x('300') -
1279  0.0052385480049700296 * x('301') +
1280  0.13757013556195899 * x('302') +
1281  0.1117787028835 * x('303') -
1282  0.0011562615561580901 * x('304') -
1283  0.072784295399798804 * x('305') +
1284  0.13776995341033901 * x('306') +
1285  0.66282953760708097 * x('307') +
1286  0.89249124578845596 * x('308') +
1287  0.71215093064462198 * x('309') -
1288  0.042856776149110598 * x('310') -
1289  0.049848743873486 * x('311') -
1290  0.12738863822249799 * x('312') -
1291  0.165784120003059 * x('313') -
1292  0.059896546773503201 * x('314') -
1293  0.035930022138724302 * x('315') +
1294  0.045876062819988503 * x('318') -
1295  0.19092308792881399 * x('319') -
1296  0.000517901564532166 * x('321') -
1297  0.0012284773677397501 * x('322') -
1298  0.0019296334202401201 * x('323') -
1299  0.00553410729854663 * x('324') -
1300  0.0075940257795184696 * x('325') +
1301  0.00052134569080030204 * x('327') -
1302  x('510') +
1303  x('516') =e= 0;
1304  con69.. (-0.16921529014419401) * x('283') +
1305  0.44124643292661703 * x('284') +
1306  0.23868999273213001 * x('285') +
1307  0.125438877329176 * x('286') -
1308  0.23989483939626899 * x('287') -
1309  0.00063861260934459105 * x('288') +
1310  0.234549340770351 * x('289') +
1311  0.60058195557244898 * x('290') +
1312  0.022273567012036401 * x('291') +
1313  1.3801240041498 * x('292') +
1314  4.43687112904058 * x('293') -
1315  0.061411618568767597 * x('294') +
1316  0.17762167380309801 * x('295') -
1317  0.045596920867003198 * x('296') +
1318  0.023024188555334099 * x('297') +
1319  0.012654388971436999 * x('298') -
1320  0.0012096968985957099 * x('299') +
1321  0.17983529301776 * x('300') -
1322  0.0015277237626717399 * x('301') +
1323  0.116739859923383 * x('302') -
1324  0.079246922217005605 * x('303') +
1325  5.4189815406871797e-05 * x('304') -
1326  0.40752927286727803 * x('305') +
1327  0.078662885934888793 * x('306') +
1328  0.0134267513711861 * x('307') +
1329  0.57808002529969305 * x('308') -
1330  0.120127763189792 * x('309') +
1331  0.037966563938781298 * x('310') +
1332  0.12191666153015 * x('311') +
1333  0.063869462260480001 * x('312') +
1334  0.11156783665539501 * x('313') +
1335  0.28100740810439601 * x('314') -
1336  0.26312266267531598 * x('315') -
1337  0.042327149598807103 * x('318') -
1338  0.027804492522715 * x('319') +
1339  0.000605958647398993 * x('321') -
1340  0.00052875951620741499 * x('322') -
1341  0.00019001031099958899 * x('323') -
1342  0.00098615418442397494 * x('324') -
1343  0.0111145677688227 * x('325') +
1344  0.00023599021401419999 * x('327') -
1345  x('509') +
1346  x('515') =e= 0;
1347  con70.. 0.039581240200931199 * x('283') -
1348  0.056164400999318402 * x('284') -
1349  0.69848397710927201 * x('285') -
1350  0.22923498427620601 * x('286') -
1351  0.109388934669541 * x('287') -
1352  0.40458144119779399 * x('288') -
1353  0.11971674505857501 * x('289') +
1354  0.15343496570781101 * x('290') -
1355  0.106236593549853 * x('291') +
1356  0.39745907415366399 * x('292') -
1357  4.2436233873664202 * x('293') -
1358  0.066711819313463705 * x('294') -
1359  0.15160294557397 * x('295') -
1360  0.074371222673460899 * x('296') +
1361  0.033933833721682502 * x('297') +
1362  0.0016987405775199 * x('298') +
1363  0.0131711429350012 * x('299') -
1364  0.23154338849894401 * x('300') +
1365  0.014950066308556701 * x('301') -
1366  0.072834258901930293 * x('302') -
1367  0.112320976381292 * x('303') -
1368  0.0091852651230259694 * x('304') +
1369  0.24493163876767399 * x('305') +
1370  0.18949409931694799 * x('306') -
1371  0.27522634811952001 * x('307') -
1372  0.61667138699956903 * x('308') -
1373  0.32549180511746001 * x('309') +
1374  0.034534564837622198 * x('310') +
1375  0.055598632898204298 * x('311') +
1376  0.14705575856817299 * x('312') +
1377  0.25837749436305602 * x('313') +
1378  0.47155217300290198 * x('314') -
1379  0.14699725989877199 * x('315') -
1380  0.0034631373521414699 * x('318') -
1381  0.131785192690758 * x('319') +
1382  0.00030503377433311203 * x('321') +
1383  0.0021074704582767002 * x('322') +
1384  0.00109118840303404 * x('323') +
1385  0.0018206133111218 * x('324') +
1386  0.0026926780398444099 * x('325') -
1387  0.00060287878193058695 * x('327') -
1388  x('508') +
1389  x('514') =e= 0;
1390  con71.. (-0.114373305956105) * x('283') -
1391  0.098956072272484805 * x('284') +
1392  0.023163341471866401 * x('285') -
1393  0.154627115682097 * x('286') -
1394  0.020024666059494 * x('287') +
1395  0.089606077827255007 * x('288') +
1396  0.068580468209830894 * x('289') -
1397  0.27883886541949199 * x('290') -
1398  0.0092046831028887392 * x('291') -
1399  0.105938517046776 * x('292') +
1400  2.9134369088995 * x('293') +
1401  0.093124246327142404 * x('294') +
1402  0.050690173846890098 * x('295') +
1403  0.11275570230901399 * x('296') +
1404  0.0310056637319337 * x('297') +
1405  0.0023812773632557998 * x('298') +
1406  0.018311299699688699 * x('299') -
1407  0.064580438669068693 * x('300') +
1408  0.0240496232680029 * x('301') -
1409  0.052545680332769698 * x('302') +
1410  0.091515931870888606 * x('303') +
1411  0.010119893801020199 * x('304') -
1412  0.082294221622697894 * x('305') -
1413  0.17300439716878899 * x('306') -
1414  0.131236165278172 * x('307') -
1415  0.32009374126398799 * x('308') -
1416  0.26973682690760398 * x('309') +
1417  0.017157782970378899 * x('310') -
1418  0.28454201003376001 * x('311') -
1419  0.186333549607578 * x('312') -
1420  0.021632213894884601 * x('313') -
1421  0.045751631628430801 * x('314') -
1422  0.13192614337377601 * x('315') -
1423  0.095216264810721193 * x('318') +
1424  0.132446105602645 * x('319') +
1425  0.00064478083620615701 * x('321') +
1426  0.00093962184133267298 * x('322') +
1427  7.0779920318566699e-06 * x('323') +
1428  0.0020752147803902998 * x('324') +
1429  0.0091214365725519192 * x('325') -
1430  0.00045191314928130902 * x('327') -
1431  x('507') +
1432  x('513') =e= 0;
1433  con72.. 0.100314849000043 * x('283') -
1434  0.064710336185480097 * x('284') +
1435  0.26861655850260902 * x('285') +
1436  0.17981719188775999 * x('286') +
1437  0.180473044915335 * x('287') +
1438  0.114396501196888 * x('288') -
1439  0.075449433150698297 * x('289') -
1440  0.10229462888438801 * x('290') -
1441  0.056898091450142699 * x('291') -
1442  0.66594244195202401 * x('292') -
1443  0.99941801607398695 * x('293') -
1444  0.024029900060074001 * x('294') +
1445  0.0025676855612471201 * x('295') -
1446  0.0193421404190133 * x('296') -
1447  0.039424790729408001 * x('297') -
1448  0.0081317036373389304 * x('298') -
1449  0.0210303613892431 * x('299') +
1450  0.10979676182314101 * x('300') -
1451  0.026550939293473699 * x('301') +
1452  0.0115271285256296 * x('302') +
1453  0.0035228686421663398 * x('303') -
1454  0.0023751795819318398 * x('304') +
1455  0.096444962264430403 * x('305') -
1456  0.034312086911159598 * x('306') +
1457  0.132188133024363 * x('307') +
1458  0.21634756593336901 * x('308') +
1459  0.31670546374355302 * x('309') -
1460  0.041062235624567102 * x('310') +
1461  0.155477512450723 * x('311') +
1462  0.060763327285466101 * x('312') -
1463  0.14919103616347301 * x('313') -
1464  0.34675365238605599 * x('314') +
1465  0.30617434013615802 * x('315') +
1466  0.086006541535386893 * x('318') +
1467  0.022420645727188299 * x('319') -
1468  0.00083764807961794697 * x('321') -
1469  0.0015589804680012399 * x('322') -
1470  0.00019844462699804299 * x('323') -
1471  0.0012512566775063499 * x('324') -
1472  0.0029481238185154099 * x('325') +
1473  0.00052459256481767098 * x('327') -
1474  x('506') +
1475  x('512') =e= 0;
1476  con73.. (-0.90000000000000002) * x('281') -
1477  0.90000000000000002 * x('282') +
1478  x('365') =e= 0;
1479  con74.. (-0.34999999999999998) * x('279') -
1480  0.34999999999999998 * x('280') +
1481  x('364') =e= 0;
1482  con75.. (-6.1600000000000001) * x('277') -
1483  6.1600000000000001 * x('278') +
1484  x('363') =e= 0;
1485  con76.. (-15.6) * x('275') -
1486  15.6 * x('276') +
1487  x('362') =e= 0;
1488  con77.. (-4.4100000000000001) * x('273') -
1489  4.4100000000000001 * x('274') +
1490  x('361') =e= 0;
1491  con78.. (-4.3499999999999996) * x('271') -
1492  4.3499999999999996 * x('272') +
1493  x('360') =e= 0;
1494  con79.. (-4.7000000000000002) * x('269') -
1495  4.7000000000000002 * x('270') +
1496  x('359') =e= 0;
1497  con80.. (-4.04) * x('267') -
1498  4.04 * x('268') +
1499  x('358') =e= 0;
1500  con81.. (-9.8100000000000005) * x('265') -
1501  9.8100000000000005 * x('266') +
1502  x('357') =e= 0;
1503  con82.. (-5.8520000000000003) * x('263') -
1504  5.8520000000000003 * x('264') +
1505  x('356') =e= 0;
1506  con83.. (-4.0289999999999999) * x('261') -
1507  4.0289999999999999 * x('262') +
1508  x('355') =e= 0;
1509  con84.. (-22.800000000000001) * x('259') -
1510  22.800000000000001 * x('260') +
1511  x('354') =e= 0;
1512  con85.. (-6.3159999999999998) * x('258') +
1513  x('353') =e= 0;
1514  con86.. (-0.91200000000000003) * x('256') -
1515  0.91200000000000003 * x('257') +
1516  x('352') =e= 0;
1517  con87.. (-0.41666666666666702) * x('116') -
1518  0.41666666666666702 * x('117') -
1519  0.625 * x('128') -
1520  0.625 * x('129') -
1521  0.625 * x('130') -
1522  0.625 * x('131') -
1523  0.625 * x('136') -
1524  0.625 * x('137') -
1525  0.41666666666666702 * x('156') -
1526  0.41666666666666702 * x('157') -
1527  0.625 * x('168') -
1528  0.625 * x('169') -
1529  0.625 * x('170') -
1530  0.625 * x('171') -
1531  0.625 * x('176') -
1532  0.625 * x('177') +
1533  x('350') =e= 0;
1534  con88.. (-0.40000000000000002) * x('74') -
1535  0.40000000000000002 * x('75') -
1536  0.53333333333333299 * x('116') -
1537  0.53333333333333299 * x('117') -
1538  0.53333333333333299 * x('118') -
1539  0.53333333333333299 * x('119') -
1540  0.53333333333333299 * x('156') -
1541  0.53333333333333299 * x('157') -
1542  0.53333333333333299 * x('158') -
1543  0.53333333333333299 * x('159') +
1544  x('349') =e= 0;
1545  con89.. (-0.77500000000000002) * x('178') -
1546  0.77500000000000002 * x('179') -
1547  0.62 * x('180') -
1548  0.62 * x('181') -
1549  1.55 * x('196') -
1550  1.55 * x('197') -
1551  1.55 * x('210') -
1552  1.55 * x('211') -
1553  1.55 * x('230') -
1554  1.55 * x('231') -
1555  1.55 * x('254') -
1556  1.55 * x('255') +
1557  x('348') =e= 0;
1558  con90.. (-5.5) * x('114') -
1559  5.5 * x('115') -
1560  3.6666666666666701 * x('126') -
1561  3.6666666666666701 * x('127') -
1562  5.5 * x('130') -
1563  5.5 * x('131') -
1564  5.5 * x('154') -
1565  5.5 * x('155') -
1566  3.6666666666666701 * x('166') -
1567  3.6666666666666701 * x('167') -
1568  5.5 * x('170') -
1569  5.5 * x('171') +
1570  x('347') =e= 0;
1571  con91.. (-6.0999999999999996) * x('70') -
1572  6.0999999999999996 * x('71') -
1573  4.5750000000000002 * x('74') -
1574  4.5750000000000002 * x('75') -
1575  6.0999999999999996 * x('80') -
1576  6.0999999999999996 * x('81') -
1577  6.0999999999999996 * x('106') -
1578  6.0999999999999996 * x('107') -
1579  12.199999999999999 * x('124') -
1580  12.199999999999999 * x('125') -
1581  6.0999999999999996 * x('146') -
1582  6.0999999999999996 * x('147') -
1583  12.199999999999999 * x('164') -
1584  12.199999999999999 * x('165') -
1585  5.2000000000000002 * x('194') -
1586  5.2000000000000002 * x('195') -
1587  5.2000000000000002 * x('208') -
1588  5.2000000000000002 * x('209') -
1589  5.2000000000000002 * x('228') -
1590  5.2000000000000002 * x('229') -
1591  5.2000000000000002 * x('252') -
1592  5.2000000000000002 * x('253') +
1593  x('346') =e= 0;
1594  con92.. (-0.45000000000000001) * x('190') -
1595  0.45000000000000001 * x('191') -
1596  0.45000000000000001 * x('206') -
1597  0.45000000000000001 * x('207') -
1598  0.45000000000000001 * x('224') -
1599  0.45000000000000001 * x('225') -
1600  0.45000000000000001 * x('248') -
1601  0.45000000000000001 * x('249') +
1602  x('345') =e= 0;
1603  con93.. (-10.0725) * x('56') -
1604  10.0725 * x('57') -
1605  10.0725 * x('58') -
1606  10.0725 * x('59') -
1607  20.145 * x('62') -
1608  20.145 * x('63') -
1609  13.43 * x('66') -
1610  13.43 * x('67') -
1611  13.43 * x('110') -
1612  13.43 * x('111') -
1613  13.43 * x('126') -
1614  13.43 * x('127') -
1615  13.43 * x('150') -
1616  13.43 * x('151') -
1617  13.43 * x('166') -
1618  13.43 * x('167') +
1619  x('344') =e= 0;
1620  con94.. (-0.46250000000000002) * x('60') -
1621  0.46250000000000002 * x('61') -
1622  0.30833333333333302 * x('70') -
1623  0.30833333333333302 * x('71') -
1624  0.30833333333333302 * x('72') -
1625  0.30833333333333302 * x('73') -
1626  0.23125000000000001 * x('74') -
1627  0.23125000000000001 * x('75') -
1628  0.30833333333333302 * x('76') -
1629  0.30833333333333302 * x('77') -
1630  0.30833333333333302 * x('78') -
1631  0.30833333333333302 * x('79') -
1632  0.30833333333333302 * x('80') -
1633  0.30833333333333302 * x('81') -
1634  0.30833333333333302 * x('82') -
1635  0.30833333333333302 * x('83') -
1636  0.69374999999999998 * x('86') -
1637  0.69374999999999998 * x('87') -
1638  0.46250000000000002 * x('88') -
1639  0.46250000000000002 * x('89') -
1640  0.30833333333333302 * x('118') -
1641  0.30833333333333302 * x('119') -
1642  0.61666666666666703 * x('122') -
1643  0.61666666666666703 * x('123') -
1644  0.30833333333333302 * x('158') -
1645  0.30833333333333302 * x('159') -
1646  0.61666666666666703 * x('162') -
1647  0.61666666666666703 * x('163') +
1648  x('343') =e= 0;
1649  con95.. (-1.6000000000000001) * x('68') -
1650  1.6000000000000001 * x('69') -
1651  1.2 * x('134') -
1652  1.2 * x('135') -
1653  1.2 * x('174') -
1654  1.2 * x('175') +
1655  x('342') =e= 0;
1656  con96.. (-0.56666666666666698) * x('66') -
1657  0.56666666666666698 * x('67') -
1658  0.56666666666666698 * x('78') -
1659  0.56666666666666698 * x('79') -
1660  0.84999999999999998 * x('94') -
1661  0.84999999999999998 * x('95') -
1662  0.84999999999999998 * x('108') -
1663  0.84999999999999998 * x('109') -
1664  0.84999999999999998 * x('148') -
1665  0.84999999999999998 * x('149') -
1666  0.57499999999999996 * x('188') -
1667  0.57499999999999996 * x('189') -
1668  0.57499999999999996 * x('204') -
1669  0.57499999999999996 * x('205') -
1670  0.57499999999999996 * x('222') -
1671  0.57499999999999996 * x('223') -
1672  0.57499999999999996 * x('246') -
1673  0.57499999999999996 * x('247') +
1674  x('341') =e= 0;
1675  con97.. (-4.1749999999999998) * x('58') -
1676  4.1749999999999998 * x('59') -
1677  2.0874999999999999 * x('84') -
1678  2.0874999999999999 * x('85') -
1679  2.0874999999999999 * x('90') -
1680  2.0874999999999999 * x('91') -
1681  2.0874999999999999 * x('92') -
1682  2.0874999999999999 * x('93') -
1683  2.0874999999999999 * x('94') -
1684  2.0874999999999999 * x('95') +
1685  x('340') =e= 0;
1686  con98.. (-10.800000000000001) * x('64') -
1687  10.800000000000001 * x('65') -
1688  4.0499999999999998 * x('84') -
1689  4.0499999999999998 * x('85') -
1690  4.0499999999999998 * x('90') -
1691  4.0499999999999998 * x('91') -
1692  4.0499999999999998 * x('92') -
1693  4.0499999999999998 * x('93') -
1694  4.0499999999999998 * x('94') -
1695  4.0499999999999998 * x('95') -
1696  10.800000000000001 * x('106') -
1697  10.800000000000001 * x('107') -
1698  10.800000000000001 * x('146') -
1699  10.800000000000001 * x('147') +
1700  x('339') =e= 0;
1701  con99.. (-4) * x('56') -
1702  4 * x('57') -
1703  2 * x('84') -
1704  2 * x('85') -
1705  2 * x('90') -
1706  2 * x('91') -
1707  2 * x('92') -
1708  2 * x('93') -
1709  2 * x('94') -
1710  2 * x('95') -
1711  5.3333333333333304 * x('96') -
1712  5.3333333333333304 * x('97') +
1713  x('338') =e= 0;
1714  con100.. (-6.2000000000000002) * x('96') -
1715  6.2000000000000002 * x('97') -
1716  9.3000000000000007 * x('120') -
1717  9.3000000000000007 * x('121') -
1718  9.3000000000000007 * x('160') -
1719  9.3000000000000007 * x('161') -
1720  4.5999999999999996 * x('192') -
1721  4.5999999999999996 * x('193') -
1722  4.5999999999999996 * x('226') -
1723  4.5999999999999996 * x('227') -
1724  4.5999999999999996 * x('250') -
1725  4.5999999999999996 * x('251') +
1726  x('337') =e= 0;
1727  con101.. (-4.6333333333333302) * x('64') -
1728  4.6333333333333302 * x('65') -
1729  6.9500000000000002 * x('92') -
1730  6.9500000000000002 * x('93') -
1731  4.6333333333333302 * x('104') -
1732  4.6333333333333302 * x('105') -
1733  6.9500000000000002 * x('112') -
1734  6.9500000000000002 * x('113') -
1735  4.6333333333333302 * x('144') -
1736  4.6333333333333302 * x('145') -
1737  6.9500000000000002 * x('152') -
1738  6.9500000000000002 * x('153') +
1739  x('336') =e= 0;
1740  con102.. (-0.25) * x('178') -
1741  0.25 * x('179') -
1742  0.20000000000000001 * x('180') -
1743  0.20000000000000001 * x('181') -
1744  0.5 * x('186') -
1745  0.5 * x('187') -
1746  0.5 * x('202') -
1747  0.5 * x('203') -
1748  0.5 * x('220') -
1749  0.5 * x('221') -
1750  0.5 * x('244') -
1751  0.5 * x('245') +
1752  x('335') =e= 0;
1753  con103.. (-0.375) * x('58') -
1754  0.375 * x('59') -
1755  0.1875 * x('84') -
1756  0.1875 * x('85') -
1757  0.1875 * x('90') -
1758  0.1875 * x('91') -
1759  0.1875 * x('92') -
1760  0.1875 * x('93') -
1761  0.1875 * x('94') -
1762  0.1875 * x('95') -
1763  0.5 * x('96') -
1764  0.5 * x('97') -
1765  0.5 * x('110') -
1766  0.5 * x('111') -
1767  0.5 * x('150') -
1768  0.5 * x('151') +
1769  x('334') =e= 0;
1770  con104.. (-0.90000000000000002) * x('102') -
1771  0.90000000000000002 * x('103') -
1772  0.90000000000000002 * x('132') -
1773  0.90000000000000002 * x('133') -
1774  0.90000000000000002 * x('142') -
1775  0.90000000000000002 * x('143') -
1776  0.90000000000000002 * x('172') -
1777  0.90000000000000002 * x('173') -
1778  0.45000000000000001 * x('184') -
1779  0.45000000000000001 * x('185') -
1780  0.45000000000000001 * x('200') -
1781  0.45000000000000001 * x('201') -
1782  0.45000000000000001 * x('214') -
1783  0.45000000000000001 * x('215') -
1784  0.45000000000000001 * x('218') -
1785  0.45000000000000001 * x('219') -
1786  0.45000000000000001 * x('238') -
1787  0.45000000000000001 * x('239') -
1788  0.45000000000000001 * x('242') -
1789  0.45000000000000001 * x('243') +
1790  x('333') =e= 0;
1791  con105.. (-1.1499999999999999) * x('198') -
1792  1.1499999999999999 * x('199') -
1793  1.1499999999999999 * x('200') -
1794  1.1499999999999999 * x('201') -
1795  1.1499999999999999 * x('202') -
1796  1.1499999999999999 * x('203') -
1797  1.1499999999999999 * x('204') -
1798  1.1499999999999999 * x('205') -
1799  1.1499999999999999 * x('206') -
1800  1.1499999999999999 * x('207') -
1801  1.1499999999999999 * x('208') -
1802  1.1499999999999999 * x('209') -
1803  1.1499999999999999 * x('210') -
1804  1.1499999999999999 * x('211') -
1805  x('234') -
1806  x('235') +
1807  x('332') =e= 0;
1808  con106.. (-1.54) * x('72') -
1809  1.54 * x('73') -
1810  2.3100000000000001 * x('88') -
1811  2.3100000000000001 * x('89') -
1812  3.4649999999999999 * x('98') -
1813  3.4649999999999999 * x('99') -
1814  2.3100000000000001 * x('100') -
1815  2.3100000000000001 * x('101') -
1816  3.4649999999999999 * x('138') -
1817  3.4649999999999999 * x('139') -
1818  2.3100000000000001 * x('140') -
1819  2.3100000000000001 * x('141') +
1820  x('331') =e= 0;
1821  con107.. (-0.75) * x('216') -
1822  0.75 * x('217') -
1823  0.75 * x('218') -
1824  0.75 * x('219') -
1825  0.75 * x('220') -
1826  0.75 * x('221') -
1827  0.75 * x('222') -
1828  0.75 * x('223') -
1829  0.75 * x('224') -
1830  0.75 * x('225') -
1831  0.75 * x('226') -
1832  0.75 * x('227') -
1833  0.75 * x('228') -
1834  0.75 * x('229') -
1835  0.75 * x('230') -
1836  0.75 * x('231') -
1837  0.75 * x('240') -
1838  0.75 * x('241') -
1839  0.75 * x('242') -
1840  0.75 * x('243') -
1841  0.75 * x('244') -
1842  0.75 * x('245') -
1843  0.75 * x('246') -
1844  0.75 * x('247') -
1845  0.75 * x('248') -
1846  0.75 * x('249') -
1847  0.75 * x('250') -
1848  0.75 * x('251') -
1849  0.75 * x('252') -
1850  0.75 * x('253') -
1851  0.75 * x('254') -
1852  0.75 * x('255') +
1853  x('330') =e= 0;
1854  con108.. (-1.175) * x('56') -
1855  1.175 * x('57') -
1856  1.56666666666667 * x('76') -
1857  1.56666666666667 * x('77') -
1858  1.56666666666667 * x('82') -
1859  1.56666666666667 * x('83') -
1860  2.3500000000000001 * x('90') -
1861  2.3500000000000001 * x('91') -
1862  2.3500000000000001 * x('132') -
1863  2.3500000000000001 * x('133') -
1864  2.3500000000000001 * x('134') -
1865  2.3500000000000001 * x('135') -
1866  2.3500000000000001 * x('136') -
1867  2.3500000000000001 * x('137') -
1868  2.3500000000000001 * x('172') -
1869  2.3500000000000001 * x('173') -
1870  2.3500000000000001 * x('174') -
1871  2.3500000000000001 * x('175') -
1872  2.3500000000000001 * x('176') -
1873  2.3500000000000001 * x('177') -
1874  0.84999999999999998 * x('182') -
1875  0.84999999999999998 * x('183') -
1876  0.84999999999999998 * x('198') -
1877  0.84999999999999998 * x('199') -
1878  1.2749999999999999 * x('212') -
1879  1.2749999999999999 * x('213') -
1880  0.84999999999999998 * x('214') -
1881  0.84999999999999998 * x('215') -
1882  0.84999999999999998 * x('216') -
1883  0.84999999999999998 * x('217') -
1884  1.2749999999999999 * x('236') -
1885  1.2749999999999999 * x('237') -
1886  0.84999999999999998 * x('238') -
1887  0.84999999999999998 * x('239') -
1888  0.84999999999999998 * x('240') -
1889  0.84999999999999998 * x('241') +
1890  x('329') =e= 0;
1891  con109.. (-0.84999999999999998) * x('56') -
1892  0.84999999999999998 * x('57') -
1893  0.84999999999999998 * x('58') -
1894  0.84999999999999998 * x('59') -
1895  1.7 * x('60') -
1896  1.7 * x('61') -
1897  1.7 * x('62') -
1898  1.7 * x('63') -
1899  1.13333333333333 * x('64') -
1900  1.13333333333333 * x('65') -
1901  1.13333333333333 * x('66') -
1902  1.13333333333333 * x('67') -
1903  1.13333333333333 * x('68') -
1904  1.13333333333333 * x('69') -
1905  1.13333333333333 * x('70') -
1906  1.13333333333333 * x('71') -
1907  1.13333333333333 * x('72') -
1908  1.13333333333333 * x('73') -
1909  0.84999999999999998 * x('74') -
1910  0.84999999999999998 * x('75') -
1911  1.13333333333333 * x('76') -
1912  1.13333333333333 * x('77') -
1913  1.13333333333333 * x('78') -
1914  1.13333333333333 * x('79') -
1915  1.13333333333333 * x('80') -
1916  1.13333333333333 * x('81') -
1917  1.13333333333333 * x('82') -
1918  1.13333333333333 * x('83') -
1919  1.7 * x('84') -
1920  1.7 * x('85') -
1921  0.84999999999999998 * x('86') -
1922  0.84999999999999998 * x('87') -
1923  1.7 * x('100') -
1924  1.7 * x('101') -
1925  1.7 * x('102') -
1926  1.7 * x('103') -
1927  2.2666666666666702 * x('104') -
1928  2.2666666666666702 * x('105') -
1929  1.13333333333333 * x('106') -
1930  1.13333333333333 * x('107') -
1931  1.7 * x('108') -
1932  1.7 * x('109') -
1933  1.13333333333333 * x('110') -
1934  1.13333333333333 * x('111') -
1935  1.7 * x('112') -
1936  1.7 * x('113') -
1937  1.7 * x('114') -
1938  1.7 * x('115') -
1939  1.13333333333333 * x('116') -
1940  1.13333333333333 * x('117') -
1941  1.13333333333333 * x('118') -
1942  1.13333333333333 * x('119') -
1943  1.7 * x('120') -
1944  1.7 * x('121') -
1945  1.13333333333333 * x('124') -
1946  1.13333333333333 * x('125') -
1947  1.13333333333333 * x('126') -
1948  1.13333333333333 * x('127') -
1949  1.7 * x('128') -
1950  1.7 * x('129') -
1951  1.7 * x('140') -
1952  1.7 * x('141') -
1953  1.7 * x('142') -
1954  1.7 * x('143') -
1955  2.2666666666666702 * x('144') -
1956  2.2666666666666702 * x('145') -
1957  1.13333333333333 * x('146') -
1958  1.13333333333333 * x('147') -
1959  1.7 * x('148') -
1960  1.7 * x('149') -
1961  1.13333333333333 * x('150') -
1962  1.13333333333333 * x('151') -
1963  1.7 * x('152') -
1964  1.7 * x('153') -
1965  1.7 * x('154') -
1966  1.7 * x('155') -
1967  1.13333333333333 * x('156') -
1968  1.13333333333333 * x('157') -
1969  1.13333333333333 * x('158') -
1970  1.13333333333333 * x('159') -
1971  1.7 * x('160') -
1972  1.7 * x('161') -
1973  1.13333333333333 * x('164') -
1974  1.13333333333333 * x('165') -
1975  1.13333333333333 * x('166') -
1976  1.13333333333333 * x('167') -
1977  1.7 * x('168') -
1978  1.7 * x('169') -
1979  0.77500000000000002 * x('178') -
1980  0.77500000000000002 * x('179') -
1981  0.62 * x('180') -
1982  0.62 * x('181') -
1983  0.77500000000000002 * x('182') -
1984  0.77500000000000002 * x('183') -
1985  0.77500000000000002 * x('184') -
1986  0.77500000000000002 * x('185') -
1987  0.77500000000000002 * x('186') -
1988  0.77500000000000002 * x('187') -
1989  0.77500000000000002 * x('188') -
1990  0.77500000000000002 * x('189') -
1991  0.77500000000000002 * x('190') -
1992  0.77500000000000002 * x('191') -
1993  0.77500000000000002 * x('192') -
1994  0.77500000000000002 * x('193') -
1995  0.77500000000000002 * x('194') -
1996  0.77500000000000002 * x('195') -
1997  0.77500000000000002 * x('196') -
1998  0.77500000000000002 * x('197') -
1999  x('232') -
2000  x('233') +
2001  x('328') =e= 0;
2002  con110.. x('281') +
2003  x('282') -
2004  x('296') =e= 0;
2005  con111.. x('279') +
2006  x('280') -
2007  x('295') =e= 0;
2008  con112.. x('277') +
2009  x('278') -
2010  x('294') =e= 0;
2011  con113.. x('275') +
2012  x('276') -
2013  x('293') =e= 0;
2014  con114.. x('273') +
2015  x('274') -
2016  x('292') =e= 0;
2017  con115.. x('271') +
2018  x('272') -
2019  x('291') =e= 0;
2020  con116.. x('269') +
2021  x('270') -
2022  x('290') =e= 0;
2023  con117.. x('267') +
2024  x('268') -
2025  x('289') =e= 0;
2026  con118.. x('265') +
2027  x('266') -
2028  x('288') =e= 0;
2029  con119.. x('263') +
2030  x('264') -
2031  x('287') =e= 0;
2032  con120.. x('261') +
2033  x('262') -
2034  x('286') =e= 0;
2035  con121.. x('259') +
2036  x('260') -
2037  x('285') =e= 0;
2038  con122.. x('258') -
2039  x('284') =e= 0;
2040  con123.. x('256') +
2041  x('257') -
2042  x('283') =e= 0;
2043  con124.. (-0.25) * x('98') -
2044  0.25 * x('99') -
2045  0.33333333333333298 * x('122') -
2046  0.33333333333333298 * x('123') -
2047  0.25 * x('138') -
2048  0.25 * x('139') -
2049  0.33333333333333298 * x('162') -
2050  0.33333333333333298 * x('163') -
2051  0.20000000000000001 * x('180') -
2052  0.20000000000000001 * x('181') -
2053  0.25 * x('212') -
2054  0.25 * x('213') -
2055  0.5 * x('232') -
2056  0.5 * x('233') -
2057  0.5 * x('234') -
2058  0.5 * x('235') -
2059  0.25 * x('236') -
2060  0.25 * x('237') +
2061  x('320') =e= 0;
2062  con125.. (-0.33333333333333298) * x('116') -
2063  0.33333333333333298 * x('117') -
2064  0.5 * x('128') -
2065  0.5 * x('129') -
2066  0.5 * x('130') -
2067  0.5 * x('131') -
2068  0.5 * x('136') -
2069  0.5 * x('137') -
2070  0.33333333333333298 * x('156') -
2071  0.33333333333333298 * x('157') -
2072  0.5 * x('168') -
2073  0.5 * x('169') -
2074  0.5 * x('170') -
2075  0.5 * x('171') -
2076  0.5 * x('176') -
2077  0.5 * x('177') +
2078  x('319') =e= 0;
2079  con126.. (-0.25) * x('74') -
2080  0.25 * x('75') -
2081  0.33333333333333298 * x('116') -
2082  0.33333333333333298 * x('117') -
2083  0.33333333333333298 * x('118') -
2084  0.33333333333333298 * x('119') -
2085  0.33333333333333298 * x('156') -
2086  0.33333333333333298 * x('157') -
2087  0.33333333333333298 * x('158') -
2088  0.33333333333333298 * x('159') +
2089  x('318') =e= 0;
2090  con127.. (-0.25) * x('178') -
2091  0.25 * x('179') -
2092  0.20000000000000001 * x('180') -
2093  0.20000000000000001 * x('181') -
2094  0.5 * x('196') -
2095  0.5 * x('197') -
2096  0.5 * x('210') -
2097  0.5 * x('211') -
2098  0.5 * x('230') -
2099  0.5 * x('231') -
2100  0.5 * x('254') -
2101  0.5 * x('255') +
2102  x('317') =e= 0;
2103  con128.. (-0.5) * x('114') -
2104  0.5 * x('115') -
2105  0.33333333333333298 * x('126') -
2106  0.33333333333333298 * x('127') -
2107  0.5 * x('130') -
2108  0.5 * x('131') -
2109  0.5 * x('154') -
2110  0.5 * x('155') -
2111  0.33333333333333298 * x('166') -
2112  0.33333333333333298 * x('167') -
2113  0.5 * x('170') -
2114  0.5 * x('171') +
2115  x('316') =e= 0;
2116  con129.. (-0.33333333333333298) * x('70') -
2117  0.33333333333333298 * x('71') -
2118  0.25 * x('74') -
2119  0.25 * x('75') -
2120  0.33333333333333298 * x('80') -
2121  0.33333333333333298 * x('81') -
2122  0.33333333333333298 * x('106') -
2123  0.33333333333333298 * x('107') -
2124  0.66666666666666696 * x('124') -
2125  0.66666666666666696 * x('125') -
2126  0.33333333333333298 * x('146') -
2127  0.33333333333333298 * x('147') -
2128  0.66666666666666696 * x('164') -
2129  0.66666666666666696 * x('165') -
2130  0.5 * x('194') -
2131  0.5 * x('195') -
2132  0.5 * x('208') -
2133  0.5 * x('209') -
2134  0.5 * x('228') -
2135  0.5 * x('229') -
2136  0.5 * x('252') -
2137  0.5 * x('253') +
2138  x('315') =e= 0;
2139  con130.. (-0.5) * x('190') -
2140  0.5 * x('191') -
2141  0.5 * x('206') -
2142  0.5 * x('207') -
2143  0.5 * x('224') -
2144  0.5 * x('225') -
2145  0.5 * x('248') -
2146  0.5 * x('249') +
2147  x('314') =e= 0;
2148  con131.. (-0.25) * x('56') -
2149  0.25 * x('57') -
2150  0.25 * x('58') -
2151  0.25 * x('59') -
2152  0.5 * x('62') -
2153  0.5 * x('63') -
2154  0.33333333333333298 * x('66') -
2155  0.33333333333333298 * x('67') -
2156  0.33333333333333298 * x('110') -
2157  0.33333333333333298 * x('111') -
2158  0.33333333333333298 * x('126') -
2159  0.33333333333333298 * x('127') -
2160  0.33333333333333298 * x('150') -
2161  0.33333333333333298 * x('151') -
2162  0.33333333333333298 * x('166') -
2163  0.33333333333333298 * x('167') +
2164  x('313') =e= 0;
2165  con132.. (-0.5) * x('60') -
2166  0.5 * x('61') -
2167  0.33333333333333298 * x('70') -
2168  0.33333333333333298 * x('71') -
2169  0.33333333333333298 * x('72') -
2170  0.33333333333333298 * x('73') -
2171  0.25 * x('74') -
2172  0.25 * x('75') -
2173  0.33333333333333298 * x('76') -
2174  0.33333333333333298 * x('77') -
2175  0.33333333333333298 * x('78') -
2176  0.33333333333333298 * x('79') -
2177  0.33333333333333298 * x('80') -
2178  0.33333333333333298 * x('81') -
2179  0.33333333333333298 * x('82') -
2180  0.33333333333333298 * x('83') -
2181  0.75 * x('86') -
2182  0.75 * x('87') -
2183  0.5 * x('88') -
2184  0.5 * x('89') -
2185  0.33333333333333298 * x('118') -
2186  0.33333333333333298 * x('119') -
2187  0.66666666666666696 * x('122') -
2188  0.66666666666666696 * x('123') -
2189  0.33333333333333298 * x('158') -
2190  0.33333333333333298 * x('159') -
2191  0.66666666666666696 * x('162') -
2192  0.66666666666666696 * x('163') +
2193  x('312') =e= 0;
2194  con133.. (-0.66666666666666696) * x('68') -
2195  0.66666666666666696 * x('69') -
2196  0.5 * x('134') -
2197  0.5 * x('135') -
2198  0.5 * x('174') -
2199  0.5 * x('175') +
2200  x('311') =e= 0;
2201  con134.. (-0.33333333333333298) * x('66') -
2202  0.33333333333333298 * x('67') -
2203  0.33333333333333298 * x('78') -
2204  0.33333333333333298 * x('79') -
2205  0.5 * x('94') -
2206  0.5 * x('95') -
2207  0.5 * x('108') -
2208  0.5 * x('109') -
2209  0.5 * x('148') -
2210  0.5 * x('149') -
2211  0.5 * x('188') -
2212  0.5 * x('189') -
2213  0.5 * x('204') -
2214  0.5 * x('205') -
2215  0.5 * x('222') -
2216  0.5 * x('223') -
2217  0.5 * x('246') -
2218  0.5 * x('247') +
2219  x('310') =e= 0;
2220  con135.. (-0.25) * x('58') -
2221  0.25 * x('59') -
2222  0.125 * x('84') -
2223  0.125 * x('85') -
2224  0.125 * x('90') -
2225  0.125 * x('91') -
2226  0.125 * x('92') -
2227  0.125 * x('93') -
2228  0.125 * x('94') -
2229  0.125 * x('95') +
2230  x('309') =e= 0;
2231  con136.. (-0.33333333333333298) * x('64') -
2232  0.33333333333333298 * x('65') -
2233  0.125 * x('84') -
2234  0.125 * x('85') -
2235  0.125 * x('90') -
2236  0.125 * x('91') -
2237  0.125 * x('92') -
2238  0.125 * x('93') -
2239  0.125 * x('94') -
2240  0.125 * x('95') -
2241  0.33333333333333298 * x('106') -
2242  0.33333333333333298 * x('107') -
2243  0.33333333333333298 * x('146') -
2244  0.33333333333333298 * x('147') +
2245  x('308') =e= 0;
2246  con137.. (-0.25) * x('56') -
2247  0.25 * x('57') -
2248  0.125 * x('84') -
2249  0.125 * x('85') -
2250  0.125 * x('90') -
2251  0.125 * x('91') -
2252  0.125 * x('92') -
2253  0.125 * x('93') -
2254  0.125 * x('94') -
2255  0.125 * x('95') -
2256  0.33333333333333298 * x('96') -
2257  0.33333333333333298 * x('97') +
2258  x('307') =e= 0;
2259  con138.. (-0.33333333333333298) * x('96') -
2260  0.33333333333333298 * x('97') -
2261  0.5 * x('120') -
2262  0.5 * x('121') -
2263  0.5 * x('160') -
2264  0.5 * x('161') -
2265  0.5 * x('192') -
2266  0.5 * x('193') -
2267  0.5 * x('226') -
2268  0.5 * x('227') -
2269  0.5 * x('250') -
2270  0.5 * x('251') +
2271  x('306') =e= 0;
2272  con139.. (-0.33333333333333298) * x('64') -
2273  0.33333333333333298 * x('65') -
2274  0.5 * x('92') -
2275  0.5 * x('93') -
2276  0.33333333333333298 * x('104') -
2277  0.33333333333333298 * x('105') -
2278  0.5 * x('112') -
2279  0.5 * x('113') -
2280  0.33333333333333298 * x('144') -
2281  0.33333333333333298 * x('145') -
2282  0.5 * x('152') -
2283  0.5 * x('153') +
2284  x('305') =e= 0;
2285  con140.. (-0.25) * x('178') -
2286  0.25 * x('179') -
2287  0.20000000000000001 * x('180') -
2288  0.20000000000000001 * x('181') -
2289  0.5 * x('186') -
2290  0.5 * x('187') -
2291  0.5 * x('202') -
2292  0.5 * x('203') -
2293  0.5 * x('220') -
2294  0.5 * x('221') -
2295  0.5 * x('244') -
2296  0.5 * x('245') +
2297  x('304') =e= 0;
2298  con141.. (-0.25) * x('58') -
2299  0.25 * x('59') -
2300  0.125 * x('84') -
2301  0.125 * x('85') -
2302  0.125 * x('90') -
2303  0.125 * x('91') -
2304  0.125 * x('92') -
2305  0.125 * x('93') -
2306  0.125 * x('94') -
2307  0.125 * x('95') -
2308  0.33333333333333298 * x('96') -
2309  0.33333333333333298 * x('97') -
2310  0.33333333333333298 * x('110') -
2311  0.33333333333333298 * x('111') -
2312  0.33333333333333298 * x('150') -
2313  0.33333333333333298 * x('151') +
2314  x('303') =e= 0;
2315  con142.. (-0.5) * x('102') -
2316  0.5 * x('103') -
2317  0.5 * x('132') -
2318  0.5 * x('133') -
2319  0.5 * x('142') -
2320  0.5 * x('143') -
2321  0.5 * x('172') -
2322  0.5 * x('173') -
2323  0.5 * x('184') -
2324  0.5 * x('185') -
2325  0.5 * x('200') -
2326  0.5 * x('201') -
2327  0.5 * x('214') -
2328  0.5 * x('215') -
2329  0.5 * x('218') -
2330  0.5 * x('219') -
2331  0.5 * x('238') -
2332  0.5 * x('239') -
2333  0.5 * x('242') -
2334  0.5 * x('243') +
2335  x('302') =e= 0;
2336  con143.. (-0.5) * x('198') -
2337  0.5 * x('199') -
2338  0.5 * x('200') -
2339  0.5 * x('201') -
2340  0.5 * x('202') -
2341  0.5 * x('203') -
2342  0.5 * x('204') -
2343  0.5 * x('205') -
2344  0.5 * x('206') -
2345  0.5 * x('207') -
2346  0.5 * x('208') -
2347  0.5 * x('209') -
2348  0.5 * x('210') -
2349  0.5 * x('211') -
2350  0.5 * x('234') -
2351  0.5 * x('235') +
2352  x('301') =e= 0;
2353  con144.. (-0.33333333333333298) * x('72') -
2354  0.33333333333333298 * x('73') -
2355  0.5 * x('88') -
2356  0.5 * x('89') -
2357  0.75 * x('98') -
2358  0.75 * x('99') -
2359  0.5 * x('100') -
2360  0.5 * x('101') -
2361  0.75 * x('138') -
2362  0.75 * x('139') -
2363  0.5 * x('140') -
2364  0.5 * x('141') +
2365  x('300') =e= 0;
2366  con145.. (-0.5) * x('216') -
2367  0.5 * x('217') -
2368  0.5 * x('218') -
2369  0.5 * x('219') -
2370  0.5 * x('220') -
2371  0.5 * x('221') -
2372  0.5 * x('222') -
2373  0.5 * x('223') -
2374  0.5 * x('224') -
2375  0.5 * x('225') -
2376  0.5 * x('226') -
2377  0.5 * x('227') -
2378  0.5 * x('228') -
2379  0.5 * x('229') -
2380  0.5 * x('230') -
2381  0.5 * x('231') -
2382  0.5 * x('240') -
2383  0.5 * x('241') -
2384  0.5 * x('242') -
2385  0.5 * x('243') -
2386  0.5 * x('244') -
2387  0.5 * x('245') -
2388  0.5 * x('246') -
2389  0.5 * x('247') -
2390  0.5 * x('248') -
2391  0.5 * x('249') -
2392  0.5 * x('250') -
2393  0.5 * x('251') -
2394  0.5 * x('252') -
2395  0.5 * x('253') -
2396  0.5 * x('254') -
2397  0.5 * x('255') +
2398  x('299') =e= 0;
2399  con146.. (-0.25) * x('56') -
2400  0.25 * x('57') -
2401  0.33333333333333298 * x('76') -
2402  0.33333333333333298 * x('77') -
2403  0.33333333333333298 * x('82') -
2404  0.33333333333333298 * x('83') -
2405  0.5 * x('90') -
2406  0.5 * x('91') -
2407  0.5 * x('132') -
2408  0.5 * x('133') -
2409  0.5 * x('134') -
2410  0.5 * x('135') -
2411  0.5 * x('136') -
2412  0.5 * x('137') -
2413  0.5 * x('172') -
2414  0.5 * x('173') -
2415  0.5 * x('174') -
2416  0.5 * x('175') -
2417  0.5 * x('176') -
2418  0.5 * x('177') -
2419  0.5 * x('182') -
2420  0.5 * x('183') -
2421  0.5 * x('198') -
2422  0.5 * x('199') -
2423  0.75 * x('212') -
2424  0.75 * x('213') -
2425  0.5 * x('214') -
2426  0.5 * x('215') -
2427  0.5 * x('216') -
2428  0.5 * x('217') -
2429  0.75 * x('236') -
2430  0.75 * x('237') -
2431  0.5 * x('238') -
2432  0.5 * x('239') -
2433  0.5 * x('240') -
2434  0.5 * x('241') +
2435  x('298') =e= 0;
2436  con147.. (-0.25) * x('56') -
2437  0.25 * x('57') -
2438  0.25 * x('58') -
2439  0.25 * x('59') -
2440  0.5 * x('60') -
2441  0.5 * x('61') -
2442  0.5 * x('62') -
2443  0.5 * x('63') -
2444  0.33333333333333298 * x('64') -
2445  0.33333333333333298 * x('65') -
2446  0.33333333333333298 * x('66') -
2447  0.33333333333333298 * x('67') -
2448  0.33333333333333298 * x('68') -
2449  0.33333333333333298 * x('69') -
2450  0.33333333333333298 * x('70') -
2451  0.33333333333333298 * x('71') -
2452  0.33333333333333298 * x('72') -
2453  0.33333333333333298 * x('73') -
2454  0.25 * x('74') -
2455  0.25 * x('75') -
2456  0.33333333333333298 * x('76') -
2457  0.33333333333333298 * x('77') -
2458  0.33333333333333298 * x('78') -
2459  0.33333333333333298 * x('79') -
2460  0.33333333333333298 * x('80') -
2461  0.33333333333333298 * x('81') -
2462  0.33333333333333298 * x('82') -
2463  0.33333333333333298 * x('83') -
2464  0.5 * x('84') -
2465  0.5 * x('85') -
2466  0.25 * x('86') -
2467  0.25 * x('87') -
2468  0.5 * x('100') -
2469  0.5 * x('101') -
2470  0.5 * x('102') -
2471  0.5 * x('103') -
2472  0.66666666666666696 * x('104') -
2473  0.66666666666666696 * x('105') -
2474  0.33333333333333298 * x('106') -
2475  0.33333333333333298 * x('107') -
2476  0.5 * x('108') -
2477  0.5 * x('109') -
2478  0.33333333333333298 * x('110') -
2479  0.33333333333333298 * x('111') -
2480  0.5 * x('112') -
2481  0.5 * x('113') -
2482  0.5 * x('114') -
2483  0.5 * x('115') -
2484  0.33333333333333298 * x('116') -
2485  0.33333333333333298 * x('117') -
2486  0.33333333333333298 * x('118') -
2487  0.33333333333333298 * x('119') -
2488  0.5 * x('120') -
2489  0.5 * x('121') -
2490  0.33333333333333298 * x('124') -
2491  0.33333333333333298 * x('125') -
2492  0.33333333333333298 * x('126') -
2493  0.33333333333333298 * x('127') -
2494  0.5 * x('128') -
2495  0.5 * x('129') -
2496  0.5 * x('140') -
2497  0.5 * x('141') -
2498  0.5 * x('142') -
2499  0.5 * x('143') -
2500  0.66666666666666696 * x('144') -
2501  0.66666666666666696 * x('145') -
2502  0.33333333333333298 * x('146') -
2503  0.33333333333333298 * x('147') -
2504  0.5 * x('148') -
2505  0.5 * x('149') -
2506  0.33333333333333298 * x('150') -
2507  0.33333333333333298 * x('151') -
2508  0.5 * x('152') -
2509  0.5 * x('153') -
2510  0.5 * x('154') -
2511  0.5 * x('155') -
2512  0.33333333333333298 * x('156') -
2513  0.33333333333333298 * x('157') -
2514  0.33333333333333298 * x('158') -
2515  0.33333333333333298 * x('159') -
2516  0.5 * x('160') -
2517  0.5 * x('161') -
2518  0.33333333333333298 * x('164') -
2519  0.33333333333333298 * x('165') -
2520  0.33333333333333298 * x('166') -
2521  0.33333333333333298 * x('167') -
2522  0.5 * x('168') -
2523  0.5 * x('169') -
2524  0.5 * x('178') -
2525  0.5 * x('179') -
2526  0.40000000000000002 * x('180') -
2527  0.40000000000000002 * x('181') -
2528  0.5 * x('182') -
2529  0.5 * x('183') -
2530  0.5 * x('184') -
2531  0.5 * x('185') -
2532  0.5 * x('186') -
2533  0.5 * x('187') -
2534  0.5 * x('188') -
2535  0.5 * x('189') -
2536  0.5 * x('190') -
2537  0.5 * x('191') -
2538  0.5 * x('192') -
2539  0.5 * x('193') -
2540  0.5 * x('194') -
2541  0.5 * x('195') -
2542  0.5 * x('196') -
2543  0.5 * x('197') -
2544  0.5 * x('232') -
2545  0.5 * x('233') +
2546  x('297') =e= 0;
2547  con148..(-0.35536000000000001) * x('326') +
2548  x('389') =l= 0;
2549  con149..(-0.15547) * x('326') +
2550  x('388') =l= 0;
2551  con150..(-0.22209999999999999) * x('326') +
2552  x('387') =l= 0;
2553  con151..(-0.15547) * x('326') +
2554  x('386') =l= 0;
2555  con152..(-0.43975999999999998) * x('325') +
2556  x('385') =l= 0;
2557  con153..(-0.19239500000000001) * x('325') +
2558  x('384') =l= 0;
2559  con154..(-0.27484999999999998) * x('325') +
2560  x('383') =l= 0;
2561  con155..(-0.19239500000000001) * x('325') +
2562  x('382') =l= 0;
2563  con156..(-0.34095999999999999) * x('324') +
2564  x('381') =l= 0;
2565  con157..(-0.14917) * x('324') +
2566  x('380') =l= 0;
2567  con158..(-0.21310000000000001) * x('324') +
2568  x('379') =l= 0;
2569  con159..(-0.14917) * x('324') +
2570  x('378') =l= 0;
2571  con160..(-0.11816) * x('323') +
2572  x('377') =l= 0;
2573  con161..(-0.036924999999999999) * x('323') +
2574  x('376') =l= 0;
2575  con162..(-0.059080000000000001) * x('323') +
2576  x('375') =l= 0;
2577  con163..(-0.073849999999999999) * x('323') +
2578  x('374') =l= 0;
2579  con164..(-0.095600000000000004) * x('322') +
2580  x('373') =l= 0;
2581  con165..(-0.029874999999999999) * x('322') +
2582  x('372') =l= 0;
2583  con166..(-0.047800000000000002) * x('322') +
2584  x('371') =l= 0;
2585  con167..(-0.059749999999999998) * x('322') +
2586  x('370') =l= 0;
2587  con168..(-0.090880000000000002) * x('321') +
2588  x('369') =l= 0;
2589  con169..(-0.028400000000000002) * x('321') +
2590  x('368') =l= 0;
2591  con170..(-0.045440000000000001) * x('321') +
2592  x('367') =l= 0;
2593  con171..(-0.056800000000000003) * x('321') +
2594  x('366') =l= 0;
2595  con172..(-0.0044419999999999998) * x('326') +
2596  x('389') =g= 0;
2597  con173..(-0.044420000000000001) * x('326') +
2598  x('388') =g= 0;
2599  con174..(-0.044420000000000001) * x('326') +
2600  x('387') =g= 0;
2601  con175..(-0.088840000000000002) * x('326') +
2602  x('386') =g= 0;
2603  con176..(-0.0054970000000000001) * x('325') +
2604  x('385') =g= 0;
2605  con177..(-0.054969999999999998) * x('325') +
2606  x('384') =g= 0;
2607  con178..(-0.054969999999999998) * x('325') +
2608  x('383') =g= 0;
2609  con179..(-0.10994) * x('325') +
2610  x('382') =g= 0;
2611  con180..(-0.0042620000000000002) * x('324') +
2612  x('381') =g= 0;
2613  con181..(-0.042619999999999998) * x('324') +
2614  x('380') =g= 0;
2615  con182..(-0.042619999999999998) * x('324') +
2616  x('379') =g= 0;
2617  con183..(-0.085239999999999996) * x('324') +
2618  x('378') =g= 0;
2619  con184..(-0.001477) * x('323') +
2620  x('377') =g= 0;
2621  con185..(-0.01477) * x('323') +
2622  x('376') =g= 0;
2623  con186..(-0.0073850000000000001) * x('323') +
2624  x('375') =g= 0;
2625  con187..(-0.044310000000000002) * x('323') +
2626  x('374') =g= 0;
2627  con188..(-0.0011950000000000001) * x('322') +
2628  x('373') =g= 0;
2629  con189..(-0.011950000000000001) * x('322') +
2630  x('372') =g= 0;
2631  con190..(-0.0059750000000000003) * x('322') +
2632  x('371') =g= 0;
2633  con191..(-0.03585) * x('322') +
2634  x('370') =g= 0;
2635  con192..(-0.0011360000000000001) * x('321') +
2636  x('369') =g= 0;
2637  con193..(-0.01136) * x('321') +
2638  x('368') =g= 0;
2639  con194..(-0.0056800000000000002) * x('321') +
2640  x('367') =g= 0;
2641  con195..(-0.034079999999999999) * x('321') +
2642  x('366') =g= 0;
2643  con196..(-0.0025000000000000001) * x('327') +
2644  x('390') +
2645  x('391') +
2646  x('392') +
2647  x('393') =g= 0;
2648  con197..(-0.44419999999999998) * x('326') +
2649  x('386') +
2650  x('387') +
2651  x('388') +
2652  x('389') =g= 0;
2653  con198..(-0.54969999999999997) * x('325') +
2654  x('382') +
2655  x('383') +
2656  x('384') +
2657  x('385') =g= 0;
2658  con199..(-0.42620000000000002) * x('324') +
2659  x('378') +
2660  x('379') +
2661  x('380') +
2662  x('381') =g= 0;
2663  con200..(-0.1477) * x('323') +
2664  x('374') +
2665  x('375') +
2666  x('376') +
2667  x('377') =g= 0;
2668  con201..(-0.1195) * x('322') +
2669  x('370') +
2670  x('371') +
2671  x('372') +
2672  x('373') =g= 0;
2673  con202..(-0.11360000000000001) * x('321') +
2674  x('366') +
2675  x('367') +
2676  x('368') +
2677  x('369') =g= 0;
2678  con203..x('369') +
2679  x('373') +
2680  x('377') +
2681  x('381') +
2682  x('385') +
2683  x('389') +
2684  x('393') -
2685  0.29999999999999999 * x('398') -
2686  0.40000000000000002 * x('399') =l= 0;
2687  con204..(-0.48575000000000002) * x('56') -
2688  0.48575000000000002 * x('57') -
2689  0.26150000000000001 * x('58') -
2690  0.26150000000000001 * x('59') -
2691  0.26650000000000001 * x('60') -
2692  0.26650000000000001 * x('61') -
2693  0.26650000000000001 * x('62') -
2694  0.26650000000000001 * x('63') -
2695  0.177666666666667 * x('64') -
2696  0.177666666666667 * x('65') -
2697  0.177666666666667 * x('66') -
2698  0.177666666666667 * x('67') -
2699  0.177666666666667 * x('68') -
2700  0.177666666666667 * x('69') -
2701  0.177666666666667 * x('70') -
2702  0.177666666666667 * x('71') -
2703  0.177666666666667 * x('72') -
2704  0.177666666666667 * x('73') -
2705  0.13325000000000001 * x('74') -
2706  0.13325000000000001 * x('75') -
2707  0.64766666666666695 * x('76') -
2708  0.64766666666666695 * x('77') -
2709  0.177666666666667 * x('78') -
2710  0.177666666666667 * x('79') -
2711  0.177666666666667 * x('80') -
2712  0.177666666666667 * x('81') -
2713  0.64766666666666695 * x('82') -
2714  0.64766666666666695 * x('83') -
2715  0.330625 * x('84') -
2716  0.330625 * x('85') -
2717  0.13325000000000001 * x('86') -
2718  0.13325000000000001 * x('87') -
2719  0.76912499999999995 * x('90') -
2720  0.76912499999999995 * x('91') -
2721  0.064125000000000001 * x('92') -
2722  0.064125000000000001 * x('93') -
2723  0.064125000000000001 * x('94') -
2724  0.064125000000000001 * x('95') -
2725  0.17100000000000001 * x('96') -
2726  0.17100000000000001 * x('97') -
2727  0.26650000000000001 * x('100') -
2728  0.26650000000000001 * x('101') -
2729  0.47170000000000001 * x('102') -
2730  0.47170000000000001 * x('103') -
2731  0.355333333333333 * x('104') -
2732  0.355333333333333 * x('105') -
2733  0.177666666666667 * x('106') -
2734  0.177666666666667 * x('107') -
2735  0.26650000000000001 * x('108') -
2736  0.26650000000000001 * x('109') -
2737  0.34866666666666701 * x('110') -
2738  0.34866666666666701 * x('111') -
2739  0.26650000000000001 * x('112') -
2740  0.26650000000000001 * x('113') -
2741  0.26650000000000001 * x('114') -
2742  0.26650000000000001 * x('115') -
2743  0.177666666666667 * x('116') -
2744  0.177666666666667 * x('117') -
2745  0.177666666666667 * x('118') -
2746  0.177666666666667 * x('119') -
2747  0.26650000000000001 * x('120') -
2748  0.26650000000000001 * x('121') -
2749  0.177666666666667 * x('124') -
2750  0.177666666666667 * x('125') -
2751  0.177666666666667 * x('126') -
2752  0.177666666666667 * x('127') -
2753  0.26650000000000001 * x('128') -
2754  0.26650000000000001 * x('129') -
2755  0.91020000000000001 * x('132') -
2756  0.91020000000000001 * x('133') -
2757  0.70499999999999996 * x('134') -
2758  0.70499999999999996 * x('135') -
2759  0.70499999999999996 * x('136') -
2760  0.70499999999999996 * x('137') -
2761  0.26650000000000001 * x('140') -
2762  0.26650000000000001 * x('141') -
2763  0.47170000000000001 * x('142') -
2764  0.47170000000000001 * x('143') -
2765  0.355333333333333 * x('144') -
2766  0.355333333333333 * x('145') -
2767  0.177666666666667 * x('146') -
2768  0.177666666666667 * x('147') -
2769  0.26650000000000001 * x('148') -
2770  0.26650000000000001 * x('149') -
2771  0.34866666666666701 * x('150') -
2772  0.34866666666666701 * x('151') -
2773  0.26650000000000001 * x('152') -
2774  0.26650000000000001 * x('153') -
2775  0.26650000000000001 * x('154') -
2776  0.26650000000000001 * x('155') -
2777  0.177666666666667 * x('156') -
2778  0.177666666666667 * x('157') -
2779  0.177666666666667 * x('158') -
2780  0.177666666666667 * x('159') -
2781  0.26650000000000001 * x('160') -
2782  0.26650000000000001 * x('161') -
2783  0.177666666666667 * x('164') -
2784  0.177666666666667 * x('165') -
2785  0.177666666666667 * x('166') -
2786  0.177666666666667 * x('167') -
2787  0.26650000000000001 * x('168') -
2788  0.26650000000000001 * x('169') -
2789  0.91020000000000001 * x('172') -
2790  0.91020000000000001 * x('173') -
2791  0.70499999999999996 * x('174') -
2792  0.70499999999999996 * x('175') -
2793  0.70499999999999996 * x('176') -
2794  0.70499999999999996 * x('177') -
2795  0.17249999999999999 * x('178') -
2796  0.17249999999999999 * x('179') -
2797  0.13800000000000001 * x('180') -
2798  0.13800000000000001 * x('181') -
2799  0.37524999999999997 * x('182') -
2800  0.37524999999999997 * x('183') -
2801  0.22475000000000001 * x('184') -
2802  0.22475000000000001 * x('185') -
2803  0.22475000000000001 * x('186') -
2804  0.22475000000000001 * x('187') -
2805  0.12025 * x('188') -
2806  0.12025 * x('189') -
2807  0.12025 * x('190') -
2808  0.12025 * x('191') -
2809  0.12025 * x('192') -
2810  0.12025 * x('193') -
2811  0.12025 * x('194') -
2812  0.12025 * x('195') -
2813  0.12025 * x('196') -
2814  0.12025 * x('197') -
2815  0.57699999999999996 * x('198') -
2816  0.57699999999999996 * x('199') -
2817  0.42649999999999999 * x('200') -
2818  0.42649999999999999 * x('201') -
2819  0.42649999999999999 * x('202') -
2820  0.42649999999999999 * x('203') -
2821  0.32200000000000001 * x('204') -
2822  0.32200000000000001 * x('205') -
2823  0.32200000000000001 * x('206') -
2824  0.32200000000000001 * x('207') -
2825  0.32200000000000001 * x('208') -
2826  0.32200000000000001 * x('209') -
2827  0.32200000000000001 * x('210') -
2828  0.32200000000000001 * x('211') -
2829  0.38250000000000001 * x('212') -
2830  0.38250000000000001 * x('213') -
2831  0.35949999999999999 * x('214') -
2832  0.35949999999999999 * x('215') -
2833  0.40799999999999997 * x('216') -
2834  0.40799999999999997 * x('217') -
2835  0.25750000000000001 * x('218') -
2836  0.25750000000000001 * x('219') -
2837  0.25750000000000001 * x('220') -
2838  0.25750000000000001 * x('221') -
2839  0.153 * x('222') -
2840  0.153 * x('223') -
2841  0.153 * x('224') -
2842  0.153 * x('225') -
2843  0.153 * x('226') -
2844  0.153 * x('227') -
2845  0.153 * x('228') -
2846  0.153 * x('229') -
2847  0.153 * x('230') -
2848  0.153 * x('231') -
2849  0.156 * x('232') -
2850  0.156 * x('233') -
2851  0.27600000000000002 * x('234') -
2852  0.27600000000000002 * x('235') -
2853  0.38250000000000001 * x('236') -
2854  0.38250000000000001 * x('237') -
2855  0.35949999999999999 * x('238') -
2856  0.35949999999999999 * x('239') -
2857  0.40799999999999997 * x('240') -
2858  0.40799999999999997 * x('241') -
2859  0.25750000000000001 * x('242') -
2860  0.25750000000000001 * x('243') -
2861  0.25750000000000001 * x('244') -
2862  0.25750000000000001 * x('245') -
2863  0.153 * x('246') -
2864  0.153 * x('247') -
2865  0.153 * x('248') -
2866  0.153 * x('249') -
2867  0.153 * x('250') -
2868  0.153 * x('251') -
2869  0.153 * x('252') -
2870  0.153 * x('253') -
2871  0.153 * x('254') -
2872  0.153 * x('255') +
2873  x('368') +
2874  x('372') +
2875  x('376') +
2876  x('380') +
2877  x('384') +
2878  x('388') +
2879  x('392') =l= 0;
2880  con205..(-0.074999999999999997) * x('1') -
2881  0.024 * x('3') -
2882  0.089999999999999997 * x('5') -
2883  0.053999999999999999 * x('17') +
2884  x('367') +
2885  x('371') +
2886  x('375') +
2887  x('379') +
2888  x('383') +
2889  x('387') +
2890  x('391') -
2891  0.71999999999999997 * x('394') -
2892  0.78000000000000003 * x('395') -
2893  0.65000000000000002 * x('396') -
2894  0.70999999999999996 * x('397') =l= 0;
2895  con206..0.076369999999999993 * x('327') -
2896  x('457') =g= 0;
2897  con207..0.0030200000000000001 * x('325') -
2898  x('456') =g= 0;
2899  con208..0.0033 * x('324') -
2900  x('455') =g= 0;
2901  con209..9.0000000000000006e-05 * x('323') -
2902  x('454') =g= 0;
2903  con210..0.00027999999999999998 * x('322') -
2904  x('453') =g= 0;
2905  con211..0.00038999999999999999 * x('321') -
2906  x('452') =g= 0;
2907  con212..0.00158 * x('323') -
2908  x('451') =g= 0;
2909  con213..0.00059999999999999995 * x('322') -
2910  x('450') =g= 0;
2911  con214..0.0012899999999999999 * x('321') -
2912  x('449') =g= 0;
2913  con215..0.28510000000000002 * x('325') -
2914  x('448') =g= 0;
2915  con216..0.217 * x('324') -
2916  x('447') =g= 0;
2917  con217..0.014999999999999999 * x('323') -
2918  x('446') =g= 0;
2919  con218..0.03832 * x('322') -
2920  x('445') =g= 0;
2921  con219..0.02402 * x('321') -
2922  x('444') =g= 0;
2923  con220..0.0022399999999999998 * x('327') -
2924  x('443') =g= 0;
2925  con221..0.032680000000000001 * x('325') -
2926  x('442') =g= 0;
2927  con222..0.02512 * x('324') -
2928  x('441') =g= 0;
2929  con223..0.0017700000000000001 * x('323') -
2930  x('440') =g= 0;
2931  con224..0.0068500000000000002 * x('322') -
2932  x('439') =g= 0;
2933  con225..0.0073400000000000002 * x('321') -
2934  x('438') =g= 0;
2935  con226..x('365') -
2936  x('437') -
2937  2.2222222222222201 * x('463') =g= 0;
2938  con227..x('364') -
2939  x('436') =g= 0;
2940  con228..x('363') -
2941  x('435') =g= 0;
2942  con229..x('362') -
2943  x('434') =g= 0;
2944  con230..x('361') -
2945  x('433') =g= 0;
2946  con231..x('360') -
2947  x('432') =g= 0;
2948  con232..x('359') -
2949  x('431') =g= 0;
2950  con233..x('358') -
2951  x('430') =g= 0;
2952  con234..x('357') -
2953  x('429') =g= 0;
2954  con235..x('356') -
2955  x('428') =g= 0;
2956  con236..x('355') -
2957  x('427') -
2958  4 * x('462') =g= 0;
2959  con237..x('354') -
2960  x('426') =g= 0;
2961  con238..x('353') -
2962  x('425') -
2963  5.2631578947368398 * x('461') =g= 0;
2964  con239..x('352') -
2965  x('424') -
2966  5 * x('460') =g= 0;
2967  con240..x('351') -
2968  x('423') =g= 0;
2969  con241..x('350') -
2970  x('422') =g= 0;
2971  con242..x('349') -
2972  x('421') =g= 0;
2973  con243..x('348') -
2974  x('399') -
2975  x('420') =g= 0;
2976  con244..x('347') -
2977  x('398') -
2978  x('419') =g= 0;
2979  con245..x('346') -
2980  x('418') =g= 0;
2981  con246..x('56') +
2982  x('57') +
2983  x('58') +
2984  x('59') +
2985  x('60') +
2986  x('61') +
2987  x('62') +
2988  x('63') +
2989  x('64') +
2990  x('65') +
2991  x('66') +
2992  x('67') +
2993  x('68') +
2994  x('69') +
2995  x('70') +
2996  x('71') +
2997  x('72') +
2998  x('73') +
2999  x('74') +
3000  x('75') +
3001  x('76') +
3002  x('77') +
3003  x('78') +
3004  x('79') +
3005  x('80') +
3006  x('81') +
3007  x('82') +
3008  x('83') +
3009  x('84') +
3010  x('85') +
3011  x('86') +
3012  x('87') +
3013  x('88') +
3014  x('89') +
3015  x('90') +
3016  x('91') +
3017  x('92') +
3018  x('93') +
3019  x('94') +
3020  x('95') +
3021  x('96') +
3022  x('97') +
3023  x('98') +
3024  x('99') +
3025  x('100') +
3026  x('101') +
3027  x('102') +
3028  x('103') +
3029  x('104') +
3030  x('105') +
3031  x('106') +
3032  x('107') +
3033  x('108') +
3034  x('109') +
3035  x('110') +
3036  x('111') +
3037  x('112') +
3038  x('113') +
3039  x('114') +
3040  x('115') +
3041  x('116') +
3042  x('117') +
3043  x('118') +
3044  x('119') +
3045  x('120') +
3046  x('121') +
3047  x('122') +
3048  x('123') +
3049  x('124') +
3050  x('125') +
3051  x('126') +
3052  x('127') +
3053  x('128') +
3054  x('129') +
3055  x('130') +
3056  x('131') +
3057  x('132') +
3058  x('133') +
3059  x('134') +
3060  x('135') +
3061  x('136') +
3062  x('137') =l= 1221.8;
3063  con247..x('345') -
3064  x('417') =g= 0;
3065  con248..x('344') -
3066  x('416') =g= 0;
3067  con249..x('343') -
3068  x('415') =g= 0;
3069  con250..x('342') -
3070  x('414') =g= 0;
3071  con251..x('341') -
3072  x('413') =g= 0;
3073  con252..x('340') -
3074  x('412') =g= 0;
3075  con253..x('339') -
3076  x('411') -
3077  5 * x('459') =g= 0;
3078  con254..x('338') -
3079  x('410') =g= 0;
3080  con255..x('337') -
3081  x('409') =g= 0;
3082  con256..x('336') -
3083  x('408') =g= 0;
3084  con257..x('335') -
3085  x('407') =g= 0;
3086  con258..x('334') -
3087  x('406') =g= 0;
3088  con259..x('333') -
3089  x('405') =g= 0;
3090  con260..x('332') -
3091  x('397') -
3092  x('404') =g= 0;
3093  con261..x('331') -
3094  x('403') =g= 0;
3095  con262..x('330') -
3096  x('396') -
3097  x('402') =g= 0;
3098  con263..x('329') -
3099  x('395') -
3100  x('401') =g= 0;
3101  con264..x('328') -
3102  x('394') -
3103  x('400') -
3104  1.1764705882352899 * x('458') =g= 0;
3105  con265..x('138') +
3106  x('139') +
3107  x('140') +
3108  x('141') +
3109  x('142') +
3110  x('143') +
3111  x('144') +
3112  x('145') +
3113  x('146') +
3114  x('147') +
3115  x('148') +
3116  x('149') +
3117  x('150') +
3118  x('151') +
3119  x('152') +
3120  x('153') +
3121  x('154') +
3122  x('155') +
3123  x('156') +
3124  x('157') +
3125  x('158') +
3126  x('159') +
3127  x('160') +
3128  x('161') +
3129  x('162') +
3130  x('163') +
3131  x('164') +
3132  x('165') +
3133  x('166') +
3134  x('167') +
3135  x('168') +
3136  x('169') +
3137  x('170') +
3138  x('171') +
3139  x('172') +
3140  x('173') +
3141  x('174') +
3142  x('175') +
3143  x('176') +
3144  x('177') =l= 1571.9000000000001;
3145  con266..0.0043325000000000004 * x('57') +
3146  0.0053074999999999997 * x('59') +
3147  0.0044999999999999997 * x('61') +
3148  0.0069150000000000001 * x('63') +
3149  0.0064000000000000003 * x('65') +
3150  0.00481 * x('67') +
3151  0.0042333333333333303 * x('69') +
3152  0.0035333333333333302 * x('71') +
3153  0.0030000000000000001 * x('73') +
3154  0.0041949999999999999 * x('75') +
3155  0.0041666666666666701 * x('77') +
3156  0.0032000000000000002 * x('79') +
3157  0.0035333333333333302 * x('81') +
3158  0.0041666666666666701 * x('83') +
3159  0.0038999999999999998 * x('85') +
3160  0.0043 * x('87') +
3161  0.0020500000000000002 * x('89') +
3162  0.0032000000000000002 * x('91') +
3163  0.0064999999999999997 * x('93') +
3164  0.00175 * x('95') +
3165  0.0022333333333333298 * x('97') +
3166  0.0024499999999999999 * x('101') +
3167  0.00315 * x('103') +
3168  0.0066333333333333296 * x('105') +
3169  0.0035666666666666698 * x('107') +
3170  0.0027499999999999998 * x('109') +
3171  0.00594333333333333 * x('111') +
3172  0.0074999999999999997 * x('113') +
3173  0.0024499999999999999 * x('115') +
3174  0.0050933333333333299 * x('117') +
3175  0.0050600000000000003 * x('119') +
3176  0.0038 * x('121') +
3177  0.0027333333333333298 * x('123') +
3178  0.0027000000000000001 * x('125') +
3179  0.0046100000000000004 * x('127') +
3180  0.0045500000000000002 * x('129') +
3181  0.0020999999999999999 * x('131') +
3182  0.0024499999999999999 * x('133') +
3183  0.0037000000000000002 * x('135') +
3184  0.0038500000000000001 * x('137') +
3185  0.0024499999999999999 * x('141') +
3186  0.00315 * x('143') +
3187  0.0066333333333333296 * x('145') +
3188  0.0035666666666666698 * x('147') +
3189  0.0027499999999999998 * x('149') +
3190  0.00594333333333333 * x('151') +
3191  0.0074999999999999997 * x('153') +
3192  0.0024499999999999999 * x('155') +
3193  0.0050933333333333299 * x('157') +
3194  0.0050600000000000003 * x('159') +
3195  0.0038 * x('161') +
3196  0.0027333333333333298 * x('163') +
3197  0.0027000000000000001 * x('165') +
3198  0.0046100000000000004 * x('167') +
3199  0.0045500000000000002 * x('169') +
3200  0.0020999999999999999 * x('171') +
3201  0.0024499999999999999 * x('173') +
3202  0.0037000000000000002 * x('175') +
3203  0.0038500000000000001 * x('177') +
3204  0.0023999999999999998 * x('179') +
3205  0.00192 * x('181') +
3206  0.00215 * x('183') +
3207  0.0035500000000000002 * x('185') +
3208  0.00265 * x('187') +
3209  0.00215 * x('189') +
3210  0.00315 * x('191') +
3211  0.00215 * x('193') +
3212  0.00215 * x('195') +
3213  0.00215 * x('197') +
3214  0.00084999999999999995 * x('199') +
3215  0.0022499999999999998 * x('201') +
3216  0.0013500000000000001 * x('203') +
3217  0.00084999999999999995 * x('205') +
3218  0.0018500000000000001 * x('207') +
3219  0.00084999999999999995 * x('209') +
3220  0.00084999999999999995 * x('211') +
3221  0.0014 * x('215') +
3222  0.0014 * x('217') +
3223  0.0028 * x('219') +
3224  0.0019 * x('221') +
3225  0.0014 * x('223') +
3226  0.0023999999999999998 * x('225') +
3227  0.0014 * x('227') +
3228  0.0014 * x('229') +
3229  0.0014 * x('231') +
3230  0.0015 * x('233') +
3231  0.0012999999999999999 * x('235') +
3232  0.0014 * x('239') +
3233  0.0014 * x('241') +
3234  0.0028 * x('243') +
3235  0.0019 * x('245') +
3236  0.0014 * x('247') +
3237  0.0023999999999999998 * x('249') +
3238  0.0014 * x('251') +
3239  0.0014 * x('253') +
3240  0.0014 * x('255') +
3241  0.0019 * x('257') +
3242  0.0045599999999999998 * x('260') +
3243  0.0028 * x('262') +
3244  0.0023800000000000002 * x('264') +
3245  0.0039300000000000003 * x('266') +
3246  0.00315 * x('274') +
3247  0.012699999999999999 * x('276') +
3248  0.0022599999999999999 * x('278') =l= 165.19999999999999;
3249  con267..0.0039424999999999998 * x('57') +
3250  0.0056924999999999996 * x('59') +
3251  0.0053499999999999997 * x('61') +
3252  0.0050850000000000001 * x('63') +
3253  0.0070666666666666699 * x('65') +
3254  0.0033899999999999998 * x('67') +
3255  0.00183333333333333 * x('69') +
3256  0.0068333333333333302 * x('71') +
3257  0.0044000000000000003 * x('73') +
3258  0.0063800000000000003 * x('75') +
3259  0.0035666666666666698 * x('77') +
3260  0.0035666666666666698 * x('79') +
3261  0.0068333333333333302 * x('81') +
3262  0.0035666666666666698 * x('83') +
3263  0.0059500000000000004 * x('85') +
3264  0.005875 * x('87') +
3265  0.00445 * x('89') +
3266  0.0038 * x('91') +
3267  0.0061500000000000001 * x('93') +
3268  0.0038 * x('95') +
3269  0.0043666666666666697 * x('97') +
3270  0.0018749999999999999 * x('99') +
3271  0.0033999999999999998 * x('101') +
3272  0.0028999999999999998 * x('103') +
3273  0.0044333333333333299 * x('105') +
3274  0.0087666666666666691 * x('107') +
3275  0.00215 * x('109') +
3276  0.0044233333333333303 * x('111') +
3277  0.0044999999999999997 * x('113') +
3278  0.0038 * x('115') +
3279  0.0038233333333333301 * x('117') +
3280  0.0052399999999999999 * x('119') +
3281  0.0043499999999999997 * x('121') +
3282  0.0042666666666666703 * x('123') +
3283  0.0079666666666666705 * x('125') +
3284  0.0044900000000000001 * x('127') +
3285  0.003225 * x('129') +
3286  0.002725 * x('131') +
3287  0.00075000000000000002 * x('133') +
3288  0.00029999999999999997 * x('135') +
3289  0.001075 * x('137') +
3290  0.0018749999999999999 * x('139') +
3291  0.0033999999999999998 * x('141') +
3292  0.0028999999999999998 * x('143') +
3293  0.0044333333333333299 * x('145') +
3294  0.0087666666666666691 * x('147') +
3295  0.00215 * x('149') +
3296  0.0044233333333333303 * x('151') +
3297  0.0044999999999999997 * x('153') +
3298  0.0038 * x('155') +
3299  0.0038233333333333301 * x('157') +
3300  0.0052399999999999999 * x('159') +
3301  0.0043499999999999997 * x('161') +
3302  0.0042666666666666703 * x('163') +
3303  0.0079666666666666705 * x('165') +
3304  0.0044900000000000001 * x('167') +
3305  0.003225 * x('169') +
3306  0.002725 * x('171') +
3307  0.00075000000000000002 * x('173') +
3308  0.00029999999999999997 * x('175') +
3309  0.001075 * x('177') +
3310  0.00315 * x('179') +
3311  0.0025200000000000001 * x('181') +
3312  0.0015299999999999999 * x('183') +
3313  0.0015499999999999999 * x('185') +
3314  0.0039500000000000004 * x('187') +
3315  0.0023 * x('189') +
3316  0.0020999999999999999 * x('191') +
3317  0.0030000000000000001 * x('193') +
3318  0.0061500000000000001 * x('195') +
3319  0.0023500000000000001 * x('197') +
3320  0.0049300000000000004 * x('199') +
3321  0.0049500000000000004 * x('201') +
3322  0.0073499999999999998 * x('203') +
3323  0.0057000000000000002 * x('205') +
3324  0.0054999999999999997 * x('207') +
3325  0.0095499999999999995 * x('209') +
3326  0.0057499999999999999 * x('211') +
3327  0.00027 * x('213') +
3328  0.00038000000000000002 * x('215') +
3329  0.00123 * x('217') +
3330  0.00125 * x('219') +
3331  0.00365 * x('221') +
3332  0.002 * x('223') +
3333  0.0018 * x('225') +
3334  0.0027000000000000001 * x('227') +
3335  0.0058500000000000002 * x('229') +
3336  0.0020500000000000002 * x('231') +
3337  0.0011999999999999999 * x('233') +
3338  0.00089999999999999998 * x('235') +
3339  0.00027 * x('237') +
3340  0.00038000000000000002 * x('239') +
3341  0.00123 * x('241') +
3342  0.00125 * x('243') +
3343  0.00365 * x('245') +
3344  0.002 * x('247') +
3345  0.0018 * x('249') +
3346  0.0027000000000000001 * x('251') +
3347  0.0058500000000000002 * x('253') +
3348  0.0020500000000000002 * x('255') +
3349  0.0044000000000000003 * x('262') +
3350  0.0074799999999999997 * x('264') +
3351  0.0077000000000000002 * x('266') +
3352  0.00089999999999999998 * x('268') +
3353  0.0028 * x('272') +
3354  0.00080999999999999996 * x('274') +
3355  0.001 * x('280') +
3356  0.001 * x('282') =l= 165.19999999999999;
3357  con268..0.0029475 * x('57') +
3358  0.0023974999999999999 * x('59') +
3359  0.0067499999999999999 * x('61') +
3360  0.001645 * x('63') +
3361  0.0037000000000000002 * x('65') +
3362  0.0014300000000000001 * x('67') +
3363  0.00513333333333333 * x('69') +
3364  0.00643333333333333 * x('71') +
3365  0.0078333333333333293 * x('73') +
3366  0.0048250000000000003 * x('75') +
3367  0.0050666666666666698 * x('77') +
3368  0.0048333333333333301 * x('79') +
3369  0.00643333333333333 * x('81') +
3370  0.0050666666666666698 * x('83') +
3371  0.0025125 * x('85') +
3372  0.0099249999999999998 * x('87') +
3373  0.01155 * x('89') +
3374  0.0031624999999999999 * x('91') +
3375  0.0049624999999999999 * x('93') +
3376  0.0028124999999999999 * x('95') +
3377  0.0040666666666666698 * x('97') +
3378  0.0074999999999999997 * x('99') +
3379  0.0051999999999999998 * x('101') +
3380  0.0016999999999999999 * x('103') +
3381  0.0020333333333333301 * x('105') +
3382  0.0038666666666666702 * x('107') +
3383  0.00069999999999999999 * x('109') +
3384  0.0025633333333333298 * x('111') +
3385  0.0028500000000000001 * x('113') +
3386  0.0027000000000000001 * x('115') +
3387  0.0019499999999999999 * x('117') +
3388  0.0044999999999999997 * x('119') +
3389  0.00069999999999999999 * x('121') +
3390  0.0087333333333333308 * x('123') +
3391  0.0040000000000000001 * x('125') +
3392  0.0027633333333333299 * x('127') +
3393  0.0029250000000000001 * x('129') +
3394  0.0052249999999999996 * x('131') +
3395  0.0023500000000000001 * x('133') +
3396  0.0045999999999999999 * x('135') +
3397  0.0035750000000000001 * x('137') +
3398  0.0074999999999999997 * x('139') +
3399  0.0051999999999999998 * x('141') +
3400  0.0016999999999999999 * x('143') +
3401  0.0020333333333333301 * x('145') +
3402  0.0038666666666666702 * x('147') +
3403  0.00069999999999999999 * x('149') +
3404  0.0025633333333333298 * x('151') +
3405  0.0028500000000000001 * x('153') +
3406  0.0027000000000000001 * x('155') +
3407  0.0019499999999999999 * x('157') +
3408  0.0044999999999999997 * x('159') +
3409  0.00069999999999999999 * x('161') +
3410  0.0087333333333333308 * x('163') +
3411  0.0040000000000000001 * x('165') +
3412  0.0027633333333333299 * x('167') +
3413  0.0029250000000000001 * x('169') +
3414  0.0052249999999999996 * x('171') +
3415  0.0023500000000000001 * x('173') +
3416  0.0045999999999999999 * x('175') +
3417  0.0035750000000000001 * x('177') +
3418  0.0018 * x('179') +
3419  0.0014400000000000001 * x('181') +
3420  0.00106 * x('183') +
3421  0.00084999999999999995 * x('185') +
3422  0.00175 * x('187') +
3423  0.00095 * x('189') +
3424  0.0045999999999999999 * x('191') +
3425  0.0001 * x('193') +
3426  0.0014 * x('195') +
3427  0.0018500000000000001 * x('197') +
3428  0.00096000000000000002 * x('199') +
3429  0.00075000000000000002 * x('201') +
3430  0.00165 * x('203') +
3431  0.00084999999999999995 * x('205') +
3432  0.0044999999999999997 * x('207') +
3433  0.0012999999999999999 * x('209') +
3434  0.00175 * x('211') +
3435  0.0014400000000000001 * x('213') +
3436  0.0017099999999999999 * x('215') +
3437  0.0025600000000000002 * x('217') +
3438  0.0023500000000000001 * x('219') +
3439  0.0032499999999999999 * x('221') +
3440  0.0024499999999999999 * x('223') +
3441  0.0061000000000000004 * x('225') +
3442  0.0016000000000000001 * x('227') +
3443  0.0028999999999999998 * x('229') +
3444  0.0033500000000000001 * x('231') +
3445  0.0012999999999999999 * x('233') +
3446  0.0019 * x('235') +
3447  0.0014400000000000001 * x('237') +
3448  0.0017099999999999999 * x('239') +
3449  0.0025600000000000002 * x('241') +
3450  0.0023500000000000001 * x('243') +
3451  0.0032499999999999999 * x('245') +
3452  0.0024499999999999999 * x('247') +
3453  0.0061000000000000004 * x('249') +
3454  0.0016000000000000001 * x('251') +
3455  0.0028999999999999998 * x('253') +
3456  0.0033500000000000001 * x('255') +
3457  0.0030400000000000002 * x('257') +
3458  0.0054999999999999997 * x('262') +
3459  0.0061599999999999997 * x('264') +
3460  0.018100000000000002 * x('268') +
3461  0.0172 * x('270') +
3462  0.024400000000000002 * x('272') +
3463  0.00085999999999999998 * x('274') +
3464  0.0093500000000000007 * x('278') +
3465  0.0018 * x('280') =l= 165.19999999999999;
3466  con269..0.0040674999999999999 * x('57') +
3467  0.0025425000000000001 * x('59') +
3468  0.0020500000000000002 * x('61') +
3469  0.002085 * x('63') +
3470  0.0024333333333333299 * x('65') +
3471  0.00265666666666667 * x('67') +
3472  0.0038 * x('69') +
3473  0.0027666666666666699 * x('71') +
3474  0.0013666666666666701 * x('73') +
3475  0.002075 * x('75') +
3476  0.0043 * x('77') +
3477  0.00263333333333333 * x('79') +
3478  0.0027666666666666699 * x('81') +
3479  0.0043 * x('83') +
3480  0.0018749999999999999 * x('85') +
3481  0.003075 * x('87') +
3482  0.0020500000000000002 * x('89') +
3483  0.0062750000000000002 * x('91') +
3484  0.0026749999999999999 * x('93') +
3485  0.0037750000000000001 * x('95') +
3486  0.0046333333333333296 * x('97') +
3487  0.00069999999999999999 * x('103') +
3488  0.00053333333333333303 * x('105') +
3489  0.0033 * x('107') +
3490  0.0019 * x('109') +
3491  0.0020233333333333301 * x('111') +
3492  0.00080000000000000004 * x('113') +
3493  0.0013666666666666701 * x('119') +
3494  0.0043499999999999997 * x('121') +
3495  0.0027333333333333298 * x('123') +
3496  0.0028 * x('125') +
3497  0.00139 * x('127') +
3498  0.0051000000000000004 * x('133') +
3499  0.0072500000000000004 * x('135') +
3500  0.0044000000000000003 * x('137') +
3501  0.00069999999999999999 * x('143') +
3502  0.00053333333333333303 * x('145') +
3503  0.0033 * x('147') +
3504  0.0019 * x('149') +
3505  0.0020233333333333301 * x('151') +
3506  0.00080000000000000004 * x('153') +
3507  0.0013666666666666701 * x('159') +
3508  0.0043499999999999997 * x('161') +
3509  0.0027333333333333298 * x('163') +
3510  0.0028 * x('165') +
3511  0.00139 * x('167') +
3512  0.0051000000000000004 * x('173') +
3513  0.0072500000000000004 * x('175') +
3514  0.0044000000000000003 * x('177') +
3515  0.00050000000000000001 * x('179') +
3516  0.00040000000000000002 * x('181') +
3517  0.00069999999999999999 * x('183') +
3518  0.0013500000000000001 * x('185') +
3519  0.00025000000000000001 * x('187') +
3520  0.0016999999999999999 * x('189') +
3521  0.0012999999999999999 * x('191') +
3522  0.0028500000000000001 * x('193') +
3523  0.00050000000000000001 * x('195') +
3524  0.00075000000000000002 * x('197') +
3525  0.00069999999999999999 * x('199') +
3526  0.0013500000000000001 * x('201') +
3527  0.00025000000000000001 * x('203') +
3528  0.0016999999999999999 * x('205') +
3529  0.0012999999999999999 * x('207') +
3530  0.00050000000000000001 * x('209') +
3531  0.00075000000000000002 * x('211') +
3532  0.0010499999999999999 * x('213') +
3533  0.0020500000000000002 * x('215') +
3534  0.00125 * x('217') +
3535  0.0019 * x('219') +
3536  0.00080000000000000004 * x('221') +
3537  0.0022499999999999998 * x('223') +
3538  0.0018500000000000001 * x('225') +
3539  0.0033999999999999998 * x('227') +
3540  0.0010499999999999999 * x('229') +
3541  0.0012999999999999999 * x('231') +
3542  0.00069999999999999999 * x('233') +
3543  0.00040000000000000002 * x('235') +
3544  0.0010499999999999999 * x('237') +
3545  0.0020500000000000002 * x('239') +
3546  0.00125 * x('241') +
3547  0.0019 * x('243') +
3548  0.00080000000000000004 * x('245') +
3549  0.0022499999999999998 * x('247') +
3550  0.0018500000000000001 * x('249') +
3551  0.0033999999999999998 * x('251') +
3552  0.0010499999999999999 * x('253') +
3553  0.0012999999999999999 * x('255') +
3554  0.0030400000000000002 * x('257') +
3555  0.0045599999999999998 * x('260') +
3556  0.0137 * x('270') +
3557  0.012 * x('280') =l= 165.19999999999999;
3558  con270..0.043325000000000002 * x('56') +
3559  0.053074999999999997 * x('58') +
3560  0.044999999999999998 * x('60') +
3561  0.069150000000000003 * x('62') +
3562  0.064000000000000001 * x('64') +
3563  0.048099999999999997 * x('66') +
3564  0.042333333333333299 * x('68') +
3565  0.0353333333333333 * x('70') +
3566  0.029999999999999999 * x('72') +
3567  0.041950000000000001 * x('74') +
3568  0.041666666666666699 * x('76') +
3569  0.032000000000000001 * x('78') +
3570  0.0353333333333333 * x('80') +
3571  0.041666666666666699 * x('82') +
3572  0.039 * x('84') +
3573  0.042999999999999997 * x('86') +
3574  0.020500000000000001 * x('88') +
3575  0.032000000000000001 * x('90') +
3576  0.065000000000000002 * x('92') +
3577  0.017500000000000002 * x('94') +
3578  0.022333333333333299 * x('96') +
3579  0.024500000000000001 * x('100') +
3580  0.0315 * x('102') +
3581  0.0663333333333333 * x('104') +
3582  0.035666666666666701 * x('106') +
3583  0.0275 * x('108') +
3584  0.059433333333333303 * x('110') +
3585  0.074999999999999997 * x('112') +
3586  0.024500000000000001 * x('114') +
3587  0.050933333333333303 * x('116') +
3588  0.050599999999999999 * x('118') +
3589  0.037999999999999999 * x('120') +
3590  0.0273333333333333 * x('122') +
3591  0.027 * x('124') +
3592  0.046100000000000002 * x('126') +
3593  0.045499999999999999 * x('128') +
3594  0.021000000000000001 * x('130') +
3595  0.024500000000000001 * x('132') +
3596  0.036999999999999998 * x('134') +
3597  0.0385 * x('136') +
3598  0.024500000000000001 * x('140') +
3599  0.0315 * x('142') +
3600  0.0663333333333333 * x('144') +
3601  0.035666666666666701 * x('146') +
3602  0.0275 * x('148') +
3603  0.059433333333333303 * x('150') +
3604  0.074999999999999997 * x('152') +
3605  0.024500000000000001 * x('154') +
3606  0.050933333333333303 * x('156') +
3607  0.050599999999999999 * x('158') +
3608  0.037999999999999999 * x('160') +
3609  0.0273333333333333 * x('162') +
3610  0.027 * x('164') +
3611  0.046100000000000002 * x('166') +
3612  0.045499999999999999 * x('168') +
3613  0.021000000000000001 * x('170') +
3614  0.024500000000000001 * x('172') +
3615  0.036999999999999998 * x('174') +
3616  0.0385 * x('176') +
3617  0.024 * x('178') +
3618  0.019199999999999998 * x('180') +
3619  0.021499999999999998 * x('182') +
3620  0.035499999999999997 * x('184') +
3621  0.026499999999999999 * x('186') +
3622  0.021499999999999998 * x('188') +
3623  0.0315 * x('190') +
3624  0.021499999999999998 * x('192') +
3625  0.021499999999999998 * x('194') +
3626  0.021499999999999998 * x('196') +
3627  0.0085000000000000006 * x('198') +
3628  0.022499999999999999 * x('200') +
3629  0.0135 * x('202') +
3630  0.0085000000000000006 * x('204') +
3631  0.018499999999999999 * x('206') +
3632  0.0085000000000000006 * x('208') +
3633  0.0085000000000000006 * x('210') +
3634  0.014 * x('214') +
3635  0.014 * x('216') +
3636  0.028000000000000001 * x('218') +
3637  0.019 * x('220') +
3638  0.014 * x('222') +
3639  0.024 * x('224') +
3640  0.014 * x('226') +
3641  0.014 * x('228') +
3642  0.014 * x('230') +
3643  0.014999999999999999 * x('232') +
3644  0.012999999999999999 * x('234') +
3645  0.014 * x('238') +
3646  0.014 * x('240') +
3647  0.028000000000000001 * x('242') +
3648  0.019 * x('244') +
3649  0.014 * x('246') +
3650  0.024 * x('248') +
3651  0.014 * x('250') +
3652  0.014 * x('252') +
3653  0.014 * x('254') +
3654  0.019 * x('256') +
3655  0.045600000000000002 * x('259') +
3656  0.028000000000000001 * x('261') +
3657  0.023800000000000002 * x('263') +
3658  0.039300000000000002 * x('265') +
3659  0.0315 * x('273') +
3660  0.127 * x('275') +
3661  0.022599999999999999 * x('277') -
3662  0.01 * x('324') -
3663  0.014999999999999999 * x('325') -
3664  0.029999999999999999 * x('326') =l= 0;
3665  con271..0.039425000000000002 * x('56') +
3666  0.056925000000000003 * x('58') +
3667  0.053499999999999999 * x('60') +
3668  0.050849999999999999 * x('62') +
3669  0.070666666666666697 * x('64') +
3670  0.0339 * x('66') +
3671  0.018333333333333299 * x('68') +
3672  0.068333333333333302 * x('70') +
3673  0.043999999999999997 * x('72') +
3674  0.063799999999999996 * x('74') +
3675  0.035666666666666701 * x('76') +
3676  0.035666666666666701 * x('78') +
3677  0.068333333333333302 * x('80') +
3678  0.035666666666666701 * x('82') +
3679  0.059499999999999997 * x('84') +
3680  0.058749999999999997 * x('86') +
3681  0.044499999999999998 * x('88') +
3682  0.037999999999999999 * x('90') +
3683  0.061499999999999999 * x('92') +
3684  0.037999999999999999 * x('94') +
3685  0.043666666666666701 * x('96') +
3686  0.018749999999999999 * x('98') +
3687  0.034000000000000002 * x('100') +
3688  0.029000000000000001 * x('102') +
3689  0.044333333333333301 * x('104') +
3690  0.087666666666666698 * x('106') +
3691  0.021499999999999998 * x('108') +
3692  0.044233333333333298 * x('110') +
3693  0.044999999999999998 * x('112') +
3694  0.037999999999999999 * x('114') +
3695  0.0382333333333333 * x('116') +
3696  0.052400000000000002 * x('118') +
3697  0.043499999999999997 * x('120') +
3698  0.0426666666666667 * x('122') +
3699  0.079666666666666705 * x('124') +
3700  0.044900000000000002 * x('126') +
3701  0.032250000000000001 * x('128') +
3702  0.02725 * x('130') +
3703  0.0074999999999999997 * x('132') +
3704  0.0030000000000000001 * x('134') +
3705  0.010749999999999999 * x('136') +
3706  0.018749999999999999 * x('138') +
3707  0.034000000000000002 * x('140') +
3708  0.029000000000000001 * x('142') +
3709  0.044333333333333301 * x('144') +
3710  0.087666666666666698 * x('146') +
3711  0.021499999999999998 * x('148') +
3712  0.044233333333333298 * x('150') +
3713  0.044999999999999998 * x('152') +
3714  0.037999999999999999 * x('154') +
3715  0.0382333333333333 * x('156') +
3716  0.052400000000000002 * x('158') +
3717  0.043499999999999997 * x('160') +
3718  0.0426666666666667 * x('162') +
3719  0.079666666666666705 * x('164') +
3720  0.044900000000000002 * x('166') +
3721  0.032250000000000001 * x('168') +
3722  0.02725 * x('170') +
3723  0.0074999999999999997 * x('172') +
3724  0.0030000000000000001 * x('174') +
3725  0.010749999999999999 * x('176') +
3726  0.0315 * x('178') +
3727  0.0252 * x('180') +
3728  0.015299999999999999 * x('182') +
3729  0.0155 * x('184') +
3730  0.0395 * x('186') +
3731  0.023 * x('188') +
3732  0.021000000000000001 * x('190') +
3733  0.029999999999999999 * x('192') +
3734  0.061499999999999999 * x('194') +
3735  0.0235 * x('196') +
3736  0.049299999999999997 * x('198') +
3737  0.049500000000000002 * x('200') +
3738  0.073499999999999996 * x('202') +
3739  0.057000000000000002 * x('204') +
3740  0.055 * x('206') +
3741  0.095500000000000002 * x('208') +
3742  0.057500000000000002 * x('210') +
3743  0.0027000000000000001 * x('212') +
3744  0.0038 * x('214') +
3745  0.0123 * x('216') +
3746  0.012500000000000001 * x('218') +
3747  0.036499999999999998 * x('220') +
3748  0.02 * x('222') +
3749  0.017999999999999999 * x('224') +
3750  0.027 * x('226') +
3751  0.058500000000000003 * x('228') +
3752  0.020500000000000001 * x('230') +
3753  0.012 * x('232') +
3754  0.0089999999999999993 * x('234') +
3755  0.0027000000000000001 * x('236') +
3756  0.0038 * x('238') +
3757  0.0123 * x('240') +
3758  0.012500000000000001 * x('242') +
3759  0.036499999999999998 * x('244') +
3760  0.02 * x('246') +
3761  0.017999999999999999 * x('248') +
3762  0.027 * x('250') +
3763  0.058500000000000003 * x('252') +
3764  0.020500000000000001 * x('254') +
3765  0.043999999999999997 * x('261') +
3766  0.074800000000000005 * x('263') +
3767  0.076999999999999999 * x('265') +
3768  0.0089999999999999993 * x('267') +
3769  0.028000000000000001 * x('271') +
3770  0.0080999999999999996 * x('273') +
3771  0.01 * x('279') +
3772  0.01 * x('281') -
3773  0.01 * x('324') -
3774  0.014999999999999999 * x('325') -
3775  0.029999999999999999 * x('326') =l= 0;
3776  con272..0.029475000000000001 * x('56') +
3777  0.023975 * x('58') +
3778  0.067500000000000004 * x('60') +
3779  0.016449999999999999 * x('62') +
3780  0.036999999999999998 * x('64') +
3781  0.0143 * x('66') +
3782  0.0513333333333333 * x('68') +
3783  0.064333333333333298 * x('70') +
3784  0.078333333333333297 * x('72') +
3785  0.048250000000000001 * x('74') +
3786  0.0506666666666667 * x('76') +
3787  0.048333333333333298 * x('78') +
3788  0.064333333333333298 * x('80') +
3789  0.0506666666666667 * x('82') +
3790  0.025125000000000001 * x('84') +
3791  0.099250000000000005 * x('86') +
3792  0.11550000000000001 * x('88') +
3793  0.031625 * x('90') +
3794  0.049625000000000002 * x('92') +
3795  0.028125000000000001 * x('94') +
3796  0.040666666666666698 * x('96') +
3797  0.074999999999999997 * x('98') +
3798  0.051999999999999998 * x('100') +
3799  0.017000000000000001 * x('102') +
3800  0.020333333333333301 * x('104') +
3801  0.038666666666666703 * x('106') +
3802  0.0070000000000000001 * x('108') +
3803  0.0256333333333333 * x('110') +
3804  0.028500000000000001 * x('112') +
3805  0.027 * x('114') +
3806  0.0195 * x('116') +
3807  0.044999999999999998 * x('118') +
3808  0.0070000000000000001 * x('120') +
3809  0.087333333333333305 * x('122') +
3810  0.040000000000000001 * x('124') +
3811  0.027633333333333301 * x('126') +
3812  0.029250000000000002 * x('128') +
3813  0.052249999999999998 * x('130') +
3814  0.0235 * x('132') +
3815  0.045999999999999999 * x('134') +
3816  0.035749999999999997 * x('136') +
3817  0.074999999999999997 * x('138') +
3818  0.051999999999999998 * x('140') +
3819  0.017000000000000001 * x('142') +
3820  0.020333333333333301 * x('144') +
3821  0.038666666666666703 * x('146') +
3822  0.0070000000000000001 * x('148') +
3823  0.0256333333333333 * x('150') +
3824  0.028500000000000001 * x('152') +
3825  0.027 * x('154') +
3826  0.0195 * x('156') +
3827  0.044999999999999998 * x('158') +
3828  0.0070000000000000001 * x('160') +
3829  0.087333333333333305 * x('162') +
3830  0.040000000000000001 * x('164') +
3831  0.027633333333333301 * x('166') +
3832  0.029250000000000002 * x('168') +
3833  0.052249999999999998 * x('170') +
3834  0.0235 * x('172') +
3835  0.045999999999999999 * x('174') +
3836  0.035749999999999997 * x('176') +
3837  0.017999999999999999 * x('178') +
3838  0.0144 * x('180') +
3839  0.0106 * x('182') +
3840  0.0085000000000000006 * x('184') +
3841  0.017500000000000002 * x('186') +
3842  0.0094999999999999998 * x('188') +
3843  0.045999999999999999 * x('190') +
3844  0.001 * x('192') +
3845  0.014 * x('194') +
3846  0.018499999999999999 * x('196') +
3847  0.0095999999999999992 * x('198') +
3848  0.0074999999999999997 * x('200') +
3849  0.016500000000000001 * x('202') +
3850  0.0085000000000000006 * x('204') +
3851  0.044999999999999998 * x('206') +
3852  0.012999999999999999 * x('208') +
3853  0.017500000000000002 * x('210') +
3854  0.0144 * x('212') +
3855  0.017100000000000001 * x('214') +
3856  0.025600000000000001 * x('216') +
3857  0.0235 * x('218') +
3858  0.032500000000000001 * x('220') +
3859  0.024500000000000001 * x('222') +
3860  0.060999999999999999 * x('224') +
3861  0.016 * x('226') +
3862  0.029000000000000001 * x('228') +
3863  0.033500000000000002 * x('230') +
3864  0.012999999999999999 * x('232') +
3865  0.019 * x('234') +
3866  0.0144 * x('236') +
3867  0.017100000000000001 * x('238') +
3868  0.025600000000000001 * x('240') +
3869  0.0235 * x('242') +
3870  0.032500000000000001 * x('244') +
3871  0.024500000000000001 * x('246') +
3872  0.060999999999999999 * x('248') +
3873  0.016 * x('250') +
3874  0.029000000000000001 * x('252') +
3875  0.033500000000000002 * x('254') +
3876  0.0304 * x('256') +
3877  0.002 * x('258') +
3878  0.055 * x('261') +
3879  0.061600000000000002 * x('263') +
3880  0.18099999999999999 * x('267') +
3881  0.17199999999999999 * x('269') +
3882  0.24399999999999999 * x('271') +
3883  0.0086 * x('273') +
3884  0.0935 * x('277') +
3885  0.017999999999999999 * x('279') -
3886  0.01 * x('324') -
3887  0.014999999999999999 * x('325') -
3888  0.029999999999999999 * x('326') =l= 0;
3889  con273..0.040675000000000003 * x('56') +
3890  0.025425 * x('58') +
3891  0.020500000000000001 * x('60') +
3892  0.02085 * x('62') +
3893  0.024333333333333301 * x('64') +
3894  0.0265666666666667 * x('66') +
3895  0.037999999999999999 * x('68') +
3896  0.0276666666666667 * x('70') +
3897  0.0136666666666667 * x('72') +
3898  0.020750000000000001 * x('74') +
3899  0.042999999999999997 * x('76') +
3900  0.026333333333333299 * x('78') +
3901  0.0276666666666667 * x('80') +
3902  0.042999999999999997 * x('82') +
3903  0.018749999999999999 * x('84') +
3904  0.03075 * x('86') +
3905  0.020500000000000001 * x('88') +
3906  0.06275 * x('90') +
3907  0.026749999999999999 * x('92') +
3908  0.037749999999999999 * x('94') +
3909  0.046333333333333303 * x('96') +
3910  0.0070000000000000001 * x('102') +
3911  0.0053333333333333297 * x('104') +
3912  0.033000000000000002 * x('106') +
3913  0.019 * x('108') +
3914  0.020233333333333301 * x('110') +
3915  0.0080000000000000002 * x('112') +
3916  0.0136666666666667 * x('118') +
3917  0.043499999999999997 * x('120') +
3918  0.0273333333333333 * x('122') +
3919  0.028000000000000001 * x('124') +
3920  0.013899999999999999 * x('126') +
3921  0.050999999999999997 * x('132') +
3922  0.072499999999999995 * x('134') +
3923  0.043999999999999997 * x('136') +
3924  0.0070000000000000001 * x('142') +
3925  0.0053333333333333297 * x('144') +
3926  0.033000000000000002 * x('146') +
3927  0.019 * x('148') +
3928  0.020233333333333301 * x('150') +
3929  0.0080000000000000002 * x('152') +
3930  0.0136666666666667 * x('158') +
3931  0.043499999999999997 * x('160') +
3932  0.0273333333333333 * x('162') +
3933  0.028000000000000001 * x('164') +
3934  0.013899999999999999 * x('166') +
3935  0.050999999999999997 * x('172') +
3936  0.072499999999999995 * x('174') +
3937  0.043999999999999997 * x('176') +
3938  0.0050000000000000001 * x('178') +
3939  0.0040000000000000001 * x('180') +
3940  0.0070000000000000001 * x('182') +
3941  0.0135 * x('184') +
3942  0.0025000000000000001 * x('186') +
3943  0.017000000000000001 * x('188') +
3944  0.012999999999999999 * x('190') +
3945  0.028500000000000001 * x('192') +
3946  0.0050000000000000001 * x('194') +
3947  0.0074999999999999997 * x('196') +
3948  0.0070000000000000001 * x('198') +
3949  0.0135 * x('200') +
3950  0.0025000000000000001 * x('202') +
3951  0.017000000000000001 * x('204') +
3952  0.012999999999999999 * x('206') +
3953  0.0050000000000000001 * x('208') +
3954  0.0074999999999999997 * x('210') +
3955  0.010500000000000001 * x('212') +
3956  0.020500000000000001 * x('214') +
3957  0.012500000000000001 * x('216') +
3958  0.019 * x('218') +
3959  0.0080000000000000002 * x('220') +
3960  0.022499999999999999 * x('222') +
3961  0.018499999999999999 * x('224') +
3962  0.034000000000000002 * x('226') +
3963  0.010500000000000001 * x('228') +
3964  0.012999999999999999 * x('230') +
3965  0.0070000000000000001 * x('232') +
3966  0.0040000000000000001 * x('234') +
3967  0.010500000000000001 * x('236') +
3968  0.020500000000000001 * x('238') +
3969  0.012500000000000001 * x('240') +
3970  0.019 * x('242') +
3971  0.0080000000000000002 * x('244') +
3972  0.022499999999999999 * x('246') +
3973  0.018499999999999999 * x('248') +
3974  0.034000000000000002 * x('250') +
3975  0.010500000000000001 * x('252') +
3976  0.012999999999999999 * x('254') +
3977  0.0304 * x('256') +
3978  0.045600000000000002 * x('259') +
3979  0.13700000000000001 * x('269') +
3980  0.12 * x('279') -
3981  0.01 * x('324') -
3982  0.014999999999999999 * x('325') -
3983  0.029999999999999999 * x('326') =l= 0;
3984  con274..0.12015000000000001 * x('56') +
3985  0.081157499999999994 * x('57') +
3986  0.12684999999999999 * x('58') +
3987  0.0790825 * x('59') +
3988  0.22825000000000001 * x('60') +
3989  0.18775 * x('61') +
3990  0.20785000000000001 * x('62') +
3991  0.14561499999999999 * x('63') +
3992  0.111433333333333 * x('64') +
3993  0.053833333333333303 * x('65') +
3994  0.14123333333333299 * x('66') +
3995  0.097943333333333299 * x('67') +
3996  0.26526666666666698 * x('68') +
3997  0.22716666666666699 * x('69') +
3998  0.1575 * x('70') +
3999  0.12570000000000001 * x('71') +
4000  0.15216666666666701 * x('72') +
4001  0.12516666666666701 * x('73') +
4002  0.18254999999999999 * x('74') +
4003  0.14479500000000001 * x('75') +
4004  0.17380000000000001 * x('76') +
4005  0.1363 * x('77') +
4006  0.15483333333333299 * x('78') +
4007  0.126033333333333 * x('79') +
4008  0.1575 * x('80') +
4009  0.12570000000000001 * x('81') +
4010  0.17380000000000001 * x('82') +
4011  0.1363 * x('83') +
4012  0.051025000000000001 * x('84') +
4013  0.015925000000000002 * x('85') +
4014  0.31597500000000001 * x('86') +
4015  0.27727499999999999 * x('87') +
4016  0.20185 * x('88') +
4017  0.18340000000000001 * x('89') +
4018  0.057075000000000001 * x('90') +
4019  0.028275000000000002 * x('91') +
4020  0.11272500000000001 * x('92') +
4021  0.054225000000000002 * x('93') +
4022  0.028625000000000001 * x('94') +
4023  0.012874999999999999 * x('95') +
4024  0.035433333333333303 * x('96') +
4025  0.0153333333333333 * x('97') +
4026  0.0264 * x('100') +
4027  0.0043499999999999997 * x('101') +
4028  0.033399999999999999 * x('102') +
4029  0.0050499999999999998 * x('103') +
4030  0.093933333333333299 * x('104') +
4031  0.034233333333333303 * x('105') +
4032  0.058033333333333298 * x('106') +
4033  0.025933333333333301 * x('107') +
4034  0.0304 * x('108') +
4035  0.0056499999999999996 * x('109') +
4036  0.1578 * x('110') +
4037  0.10431 * x('111') +
4038  0.1145 * x('112') +
4039  0.047 * x('113') +
4040  0.0264 * x('114') +
4041  0.0043499999999999997 * x('115') +
4042  0.123133333333333 * x('116') +
4043  0.077293333333333297 * x('117') +
4044  0.23806666666666701 * x('118') +
4045  0.19252666666666701 * x('119') +
4046  0.050700000000000002 * x('120') +
4047  0.016500000000000001 * x('121') +
4048  0.269133333333333 * x('122') +
4049  0.24453333333333299 * x('123') +
4050  0.0282666666666667 * x('124') +
4051  0.0039666666666666704 * x('125') +
4052  0.138566666666667 * x('126') +
4053  0.0970766666666667 * x('127') +
4054  0.055849999999999997 * x('128') +
4055  0.0149 * x('129') +
4056  0.02945 * x('130') +
4057  0.01055 * x('131') +
4058  0.039449999999999999 * x('132') +
4059  0.017399999999999999 * x('133') +
4060  0.21820000000000001 * x('134') +
4061  0.18490000000000001 * x('135') +
4062  0.061899999999999997 * x('136') +
4063  0.02725 * x('137') +
4064  0.0264 * x('140') +
4065  0.0043499999999999997 * x('141') +
4066  0.033399999999999999 * x('142') +
4067  0.0050499999999999998 * x('143') +
4068  0.093933333333333299 * x('144') +
4069  0.034233333333333303 * x('145') +
4070  0.058033333333333298 * x('146') +
4071  0.025933333333333301 * x('147') +
4072  0.0304 * x('148') +
4073  0.0056499999999999996 * x('149') +
4074  0.1578 * x('150') +
4075  0.10431 * x('151') +
4076  0.1145 * x('152') +
4077  0.047 * x('153') +
4078  0.0264 * x('154') +
4079  0.0043499999999999997 * x('155') +
4080  0.123133333333333 * x('156') +
4081  0.077293333333333297 * x('157') +
4082  0.23806666666666701 * x('158') +
4083  0.19252666666666701 * x('159') +
4084  0.050700000000000002 * x('160') +
4085  0.016500000000000001 * x('161') +
4086  0.269133333333333 * x('162') +
4087  0.24453333333333299 * x('163') +
4088  0.0282666666666667 * x('164') +
4089  0.0039666666666666704 * x('165') +
4090  0.138566666666667 * x('166') +
4091  0.0970766666666667 * x('167') +
4092  0.055849999999999997 * x('168') +
4093  0.0149 * x('169') +
4094  0.02945 * x('170') +
4095  0.01055 * x('171') +
4096  0.039449999999999999 * x('172') +
4097  0.017399999999999999 * x('173') +
4098  0.21820000000000001 * x('174') +
4099  0.18490000000000001 * x('175') +
4100  0.061899999999999997 * x('176') +
4101  0.02725 * x('177') +
4102  0.0258 * x('178') +
4103  0.0041999999999999997 * x('179') +
4104  0.020639999999999999 * x('180') +
4105  0.0033600000000000001 * x('181') +
4106  0.023199999999999998 * x('182') +
4107  0.0038500000000000001 * x('183') +
4108  0.037199999999999997 * x('184') +
4109  0.0052500000000000003 * x('185') +
4110  0.028400000000000002 * x('186') +
4111  0.0045500000000000002 * x('187') +
4112  0.023199999999999998 * x('188') +
4113  0.0038500000000000001 * x('189') +
4114  0.21229999999999999 * x('190') +
4115  0.18395 * x('191') +
4116  0.023199999999999998 * x('192') +
4117  0.0038500000000000001 * x('193') +
4118  0.064949999999999994 * x('194') +
4119  0.045600000000000002 * x('195') +
4120  0.023199999999999998 * x('196') +
4121  0.0038500000000000001 * x('197') +
4122  0.01005 * x('198') +
4123  0.0023999999999999998 * x('199') +
4124  0.024049999999999998 * x('200') +
4125  0.0038 * x('201') +
4126  0.01525 * x('202') +
4127  0.0030999999999999999 * x('203') +
4128  0.01005 * x('204') +
4129  0.0023999999999999998 * x('205') +
4130  0.19914999999999999 * x('206') +
4131  0.1825 * x('207') +
4132  0.051799999999999999 * x('208') +
4133  0.044150000000000002 * x('209') +
4134  0.01005 * x('210') +
4135  0.0023999999999999998 * x('211') +
4136  0.014 * x('214') +
4137  0.0014 * x('215') +
4138  0.0146 * x('216') +
4139  0.002 * x('217') +
4140  0.0286 * x('218') +
4141  0.0033999999999999998 * x('219') +
4142  0.019800000000000002 * x('220') +
4143  0.0027000000000000001 * x('221') +
4144  0.0146 * x('222') +
4145  0.002 * x('223') +
4146  0.20369999999999999 * x('224') +
4147  0.18210000000000001 * x('225') +
4148  0.0146 * x('226') +
4149  0.002 * x('227') +
4150  0.056349999999999997 * x('228') +
4151  0.043749999999999997 * x('229') +
4152  0.0146 * x('230') +
4153  0.002 * x('231') +
4154  0.015599999999999999 * x('232') +
4155  0.0020999999999999999 * x('233') +
4156  0.013599999999999999 * x('234') +
4157  0.0019 * x('235') +
4158  0.014 * x('238') +
4159  0.0014 * x('239') +
4160  0.0146 * x('240') +
4161  0.002 * x('241') +
4162  0.0286 * x('242') +
4163  0.0033999999999999998 * x('243') +
4164  0.019800000000000002 * x('244') +
4165  0.0027000000000000001 * x('245') +
4166  0.0146 * x('246') +
4167  0.002 * x('247') +
4168  0.20369999999999999 * x('248') +
4169  0.18210000000000001 * x('249') +
4170  0.0146 * x('250') +
4171  0.002 * x('251') +
4172  0.056349999999999997 * x('252') +
4173  0.043749999999999997 * x('253') +
4174  0.0146 * x('254') +
4175  0.002 * x('255') +
4176  0.1396 * x('256') +
4177  0.1225 * x('257') +
4178  0.014999999999999999 * x('258') +
4179  0.51529999999999998 * x('259') +
4180  0.47426000000000001 * x('260') +
4181  0.077899999999999997 * x('261') +
4182  0.052699999999999997 * x('262') +
4183  0.11260000000000001 * x('263') +
4184  0.091179999999999997 * x('264') +
4185  0.1019 * x('265') +
4186  0.066530000000000006 * x('266') +
4187  0.040000000000000001 * x('267') +
4188  0.040000000000000001 * x('268') +
4189  0.029999999999999999 * x('269') +
4190  0.029999999999999999 * x('270') +
4191  0.029999999999999999 * x('271') +
4192  0.029999999999999999 * x('272') +
4193  0.28100000000000003 * x('273') +
4194  0.25264999999999999 * x('274') +
4195  0.97250000000000003 * x('275') +
4196  0.85819999999999996 * x('276') +
4197  0.16539999999999999 * x('277') +
4198  0.14505999999999999 * x('278') +
4199  0.15440000000000001 * x('279') +
4200  0.15440000000000001 * x('280') +
4201  0.113 * x('281') +
4202  0.113 * x('282') +
4203  0.0028825000000000001 * x('321') +
4204  0.0028825000000000001 * x('322') +
4205  0.0028825000000000001 * x('323') +
4206  0.035499999999999997 * x('324') +
4207  0.016250000000000001 * x('325') +
4208  0.0195 * x('326') +
4209  0.000165 * x('327') =l= 3088;
4210  con275..0.36207499999999998 * x('56') +
4211  0.32659250000000001 * x('57') +
4212  0.35442499999999999 * x('58') +
4213  0.30319249999999998 * x('59') +
4214  0.24875 * x('60') +
4215  0.2006 * x('61') +
4216  0.11525000000000001 * x('62') +
4217  0.069485000000000005 * x('63') +
4218  0.47923333333333301 * x('64') +
4219  0.41563333333333302 * x('65') +
4220  0.084133333333333296 * x('66') +
4221  0.053623333333333301 * x('67') +
4222  0.25083333333333302 * x('68') +
4223  0.234333333333333 * x('69') +
4224  0.27260000000000001 * x('70') +
4225  0.21110000000000001 * x('71') +
4226  0.200833333333333 * x('72') +
4227  0.16123333333333301 * x('73') +
4228  0.24002499999999999 * x('74') +
4229  0.18260499999999999 * x('75') +
4230  0.225033333333333 * x('76') +
4231  0.19293333333333301 * x('77') +
4232  0.173133333333333 * x('78') +
4233  0.14103333333333301 * x('79') +
4234  0.27260000000000001 * x('80') +
4235  0.21110000000000001 * x('81') +
4236  0.225033333333333 * x('82') +
4237  0.19293333333333301 * x('83') +
4238  0.43480000000000002 * x('84') +
4239  0.38124999999999998 * x('85') +
4240  0.35017500000000001 * x('86') +
4241  0.29730000000000001 * x('87') +
4242  0.27829999999999999 * x('88') +
4243  0.23824999999999999 * x('89') +
4244  0.50065000000000004 * x('90') +
4245  0.46644999999999998 * x('91') +
4246  0.57404999999999995 * x('92') +
4247  0.51870000000000005 * x('93') +
4248  0.42280000000000001 * x('94') +
4249  0.3886 * x('95') +
4250  0.61476666666666702 * x('96') +
4251  0.57546666666666701 * x('97') +
4252  0.078750000000000001 * x('98') +
4253  0.061874999999999999 * x('99') +
4254  0.075450000000000003 * x('100') +
4255  0.044850000000000001 * x('101') +
4256  0.10555 * x('102') +
4257  0.079450000000000007 * x('103') +
4258  0.13873333333333299 * x('104') +
4259  0.098833333333333301 * x('105') +
4260  0.47786666666666699 * x('106') +
4261  0.39896666666666702 * x('107') +
4262  0.0339 * x('108') +
4263  0.01455 * x('109') +
4264  0.15643333333333301 * x('110') +
4265  0.116623333333333 * x('111') +
4266  0.18515000000000001 * x('112') +
4267  0.14465 * x('113') +
4268  0.1157 * x('114') +
4269  0.081500000000000003 * x('115') +
4270  0.10000000000000001 * x('116') +
4271  0.065589999999999996 * x('117') +
4272  0.21326666666666699 * x('118') +
4273  0.16610666666666701 * x('119') +
4274  0.30559999999999998 * x('120') +
4275  0.26645000000000002 * x('121') +
4276  0.30106666666666698 * x('122') +
4277  0.26266666666666699 * x('123') +
4278  0.228833333333333 * x('124') +
4279  0.15713333333333299 * x('125') +
4280  0.13866666666666699 * x('126') +
4281  0.0982566666666667 * x('127') +
4282  0.078850000000000003 * x('128') +
4283  0.049825000000000001 * x('129') +
4284  0.14865 * x('130') +
4285  0.124125 * x('131') +
4286  0.1714 * x('132') +
4287  0.16464999999999999 * x('133') +
4288  0.26545000000000002 * x('134') +
4289  0.26274999999999998 * x('135') +
4290  0.1447 * x('136') +
4291  0.13502500000000001 * x('137') +
4292  0.078750000000000001 * x('138') +
4293  0.061874999999999999 * x('139') +
4294  0.075450000000000003 * x('140') +
4295  0.044850000000000001 * x('141') +
4296  0.10555 * x('142') +
4297  0.079450000000000007 * x('143') +
4298  0.13873333333333299 * x('144') +
4299  0.098833333333333301 * x('145') +
4300  0.47786666666666699 * x('146') +
4301  0.39896666666666702 * x('147') +
4302  0.0339 * x('148') +
4303  0.01455 * x('149') +
4304  0.15643333333333301 * x('150') +
4305  0.116623333333333 * x('151') +
4306  0.18515000000000001 * x('152') +
4307  0.14465 * x('153') +
4308  0.1157 * x('154') +
4309  0.081500000000000003 * x('155') +
4310  0.10000000000000001 * x('156') +
4311  0.065589999999999996 * x('157') +
4312  0.21326666666666699 * x('158') +
4313  0.16610666666666701 * x('159') +
4314  0.30559999999999998 * x('160') +
4315  0.26645000000000002 * x('161') +
4316  0.30106666666666698 * x('162') +
4317  0.26266666666666699 * x('163') +
4318  0.228833333333333 * x('164') +
4319  0.15713333333333299 * x('165') +
4320  0.13866666666666699 * x('166') +
4321  0.0982566666666667 * x('167') +
4322  0.078850000000000003 * x('168') +
4323  0.049825000000000001 * x('169') +
4324  0.14865 * x('170') +
4325  0.124125 * x('171') +
4326  0.1714 * x('172') +
4327  0.16464999999999999 * x('173') +
4328  0.26545000000000002 * x('174') +
4329  0.26274999999999998 * x('175') +
4330  0.1447 * x('176') +
4331  0.13502500000000001 * x('177') +
4332  0.067224999999999993 * x('178') +
4333  0.038875 * x('179') +
4334  0.053780000000000001 * x('180') +
4335  0.031099999999999999 * x('181') +
4336  0.051950000000000003 * x('182') +
4337  0.038179999999999999 * x('183') +
4338  0.058200000000000002 * x('184') +
4339  0.044249999999999998 * x('185') +
4340  0.086050000000000001 * x('186') +
4341  0.050500000000000003 * x('187') +
4342  0.024799999999999999 * x('188') +
4343  0.0041000000000000003 * x('189') +
4344  0.34525 * x('190') +
4345  0.32634999999999997 * x('191') +
4346  0.27775 * x('192') +
4347  0.25074999999999997 * x('193') +
4348  0.19105 * x('194') +
4349  0.13569999999999999 * x('195') +
4350  0.048399999999999999 * x('196') +
4351  0.02725 * x('197') +
4352  0.12185 * x('198') +
4353  0.077479999999999993 * x('199') +
4354  0.12809999999999999 * x('200') +
4355  0.083549999999999999 * x('201') +
4356  0.15595000000000001 * x('202') +
4357  0.089800000000000005 * x('203') +
4358  0.094700000000000006 * x('204') +
4359  0.043400000000000001 * x('205') +
4360  0.41515000000000002 * x('206') +
4361  0.36564999999999998 * x('207') +
4362  0.26095000000000002 * x('208') +
4363  0.17499999999999999 * x('209') +
4364  0.1183 * x('210') +
4365  0.066549999999999998 * x('211') +
4366  0.0567 * x('212') +
4367  0.054269999999999999 * x('213') +
4368  0.081850000000000006 * x('214') +
4369  0.07843 * x('215') +
4370  0.04895 * x('216') +
4371  0.037879999999999997 * x('217') +
4372  0.055199999999999999 * x('218') +
4373  0.043950000000000003 * x('219') +
4374  0.083049999999999999 * x('220') +
4375  0.050200000000000002 * x('221') +
4376  0.0218 * x('222') +
4377  0.0038 * x('223') +
4378  0.34225 * x('224') +
4379  0.32605000000000001 * x('225') +
4380  0.27474999999999999 * x('226') +
4381  0.25045000000000001 * x('227') +
4382  0.18804999999999999 * x('228') +
4383  0.13539999999999999 * x('229') +
4384  0.045400000000000003 * x('230') +
4385  0.026950000000000002 * x('231') +
4386  0.0126 * x('232') +
4387  0.0018 * x('233') +
4388  0.0097000000000000003 * x('234') +
4389  0.0016000000000000001 * x('235') +
4390  0.0567 * x('236') +
4391  0.054269999999999999 * x('237') +
4392  0.081850000000000006 * x('238') +
4393  0.07843 * x('239') +
4394  0.04895 * x('240') +
4395  0.037879999999999997 * x('241') +
4396  0.055199999999999999 * x('242') +
4397  0.043950000000000003 * x('243') +
4398  0.083049999999999999 * x('244') +
4399  0.050200000000000002 * x('245') +
4400  0.0218 * x('246') +
4401  0.0038 * x('247') +
4402  0.34225 * x('248') +
4403  0.32605000000000001 * x('249') +
4404  0.27474999999999999 * x('250') +
4405  0.25045000000000001 * x('251') +
4406  0.18804999999999999 * x('252') +
4407  0.13539999999999999 * x('253') +
4408  0.045400000000000003 * x('254') +
4409  0.026950000000000002 * x('255') +
4410  0.0019 * x('256') +
4411  0.0019 * x('257') +
4412  0.055 * x('258') +
4413  0.19 * x('259') +
4414  0.19 * x('260') +
4415  0.34699999999999998 * x('261') +
4416  0.30740000000000001 * x('262') +
4417  0.22059999999999999 * x('263') +
4418  0.15328 * x('264') +
4419  0.63249999999999995 * x('265') +
4420  0.56320000000000003 * x('266') +
4421  0.2341 * x('267') +
4422  0.22600000000000001 * x('268') +
4423  0.058000000000000003 * x('269') +
4424  0.058000000000000003 * x('270') +
4425  1.1513 * x('271') +
4426  1.1261000000000001 * x('272') +
4427  0.077499999999999999 * x('273') +
4428  0.070209999999999995 * x('274') +
4429  0.28499999999999998 * x('275') +
4430  0.28499999999999998 * x('276') +
4431  0.15939999999999999 * x('277') +
4432  0.15939999999999999 * x('278') +
4433  0.17000000000000001 * x('279') +
4434  0.161 * x('280') +
4435  0.59099999999999997 * x('281') +
4436  0.58199999999999996 * x('282') +
4437  0.0028825000000000001 * x('321') +
4438  0.0028825000000000001 * x('322') +
4439  0.0028825000000000001 * x('323') +
4440  0.035499999999999997 * x('324') +
4441  0.016250000000000001 * x('325') +
4442  0.0195 * x('326') +
4443  0.000165 * x('327') =l= 3088;
4444  con276..0.27229999999999999 * x('56') +
4445  0.2457725 * x('57') +
4446  0.24652499999999999 * x('58') +
4447  0.22494749999999999 * x('59') +
4448  0.17335 * x('60') +
4449  0.11260000000000001 * x('61') +
4450  0.24975 * x('62') +
4451  0.23494499999999999 * x('63') +
4452  0.35780000000000001 * x('64') +
4453  0.32450000000000001 * x('65') +
4454  0.2014 * x('66') +
4455  0.18853 * x('67') +
4456  0.21229999999999999 * x('68') +
4457  0.1661 * x('69') +
4458  0.17346666666666699 * x('70') +
4459  0.115566666666667 * x('71') +
4460  0.24890000000000001 * x('72') +
4461  0.1784 * x('73') +
4462  0.13009999999999999 * x('74') +
4463  0.086675000000000002 * x('75') +
4464  0.20166666666666699 * x('76') +
4465  0.15606666666666699 * x('77') +
4466  0.150466666666667 * x('78') +
4467  0.106966666666667 * x('79') +
4468  0.17346666666666699 * x('80') +
4469  0.115566666666667 * x('81') +
4470  0.20166666666666699 * x('82') +
4471  0.15606666666666699 * x('83') +
4472  0.20780000000000001 * x('84') +
4473  0.1851875 * x('85') +
4474  0.24557499999999999 * x('86') +
4475  0.15625 * x('87') +
4476  0.3589 * x('88') +
4477  0.25495000000000001 * x('89') +
4478  0.32250000000000001 * x('90') +
4479  0.29403750000000001 * x('91') +
4480  0.35120000000000001 * x('92') +
4481  0.30653750000000002 * x('93') +
4482  0.2457 * x('94') +
4483  0.22038749999999999 * x('95') +
4484  0.32393333333333302 * x('96') +
4485  0.287333333333333 * x('97') +
4486  0.29999999999999999 * x('98') +
4487  0.23250000000000001 * x('99') +
4488  0.21445 * x('100') +
4489  0.16764999999999999 * x('101') +
4490  0.15895000000000001 * x('102') +
4491  0.14365 * x('103') +
4492  0.1245 * x('104') +
4493  0.1062 * x('105') +
4494  0.310466666666667 * x('106') +
4495  0.275666666666667 * x('107') +
4496  0.066799999999999998 * x('108') +
4497  0.060499999999999998 * x('109') +
4498  0.24106666666666701 * x('110') +
4499  0.217996666666667 * x('111') +
4500  0.17230000000000001 * x('112') +
4501  0.14665 * x('113') +
4502  0.056950000000000001 * x('114') +
4503  0.032649999999999998 * x('115') +
4504  0.072400000000000006 * x('116') +
4505  0.054850000000000003 * x('117') +
4506  0.115566666666667 * x('118') +
4507  0.075066666666666698 * x('119') +
4508  0.2228 * x('120') +
4509  0.2165 * x('121') +
4510  0.21186666666666701 * x('122') +
4511  0.13326666666666701 * x('123') +
4512  0.12543333333333301 * x('124') +
4513  0.089433333333333295 * x('125') +
4514  0.194833333333333 * x('126') +
4515  0.16996333333333299 * x('127') +
4516  0.1086 * x('128') +
4517  0.082275000000000001 * x('129') +
4518  0.13664999999999999 * x('130') +
4519  0.089624999999999996 * x('131') +
4520  0.27365 * x('132') +
4521  0.2525 * x('133') +
4522  0.28115000000000001 * x('134') +
4523  0.23974999999999999 * x('135') +
4524  0.2233 * x('136') +
4525  0.19112499999999999 * x('137') +
4526  0.29999999999999999 * x('138') +
4527  0.23250000000000001 * x('139') +
4528  0.21445 * x('140') +
4529  0.16764999999999999 * x('141') +
4530  0.15895000000000001 * x('142') +
4531  0.14365 * x('143') +
4532  0.1245 * x('144') +
4533  0.1062 * x('145') +
4534  0.310466666666667 * x('146') +
4535  0.275666666666667 * x('147') +
4536  0.066799999999999998 * x('148') +
4537  0.060499999999999998 * x('149') +
4538  0.24106666666666701 * x('150') +
4539  0.217996666666667 * x('151') +
4540  0.17230000000000001 * x('152') +
4541  0.14665 * x('153') +
4542  0.056950000000000001 * x('154') +
4543  0.032649999999999998 * x('155') +
4544  0.072400000000000006 * x('156') +
4545  0.054850000000000003 * x('157') +
4546  0.115566666666667 * x('158') +
4547  0.075066666666666698 * x('159') +
4548  0.2228 * x('160') +
4549  0.2165 * x('161') +
4550  0.21186666666666701 * x('162') +
4551  0.13326666666666701 * x('163') +
4552  0.12543333333333301 * x('164') +
4553  0.089433333333333295 * x('165') +
4554  0.194833333333333 * x('166') +
4555  0.16996333333333299 * x('167') +
4556  0.1086 * x('168') +
4557  0.082275000000000001 * x('169') +
4558  0.13664999999999999 * x('170') +
4559  0.089624999999999996 * x('171') +
4560  0.27365 * x('172') +
4561  0.2525 * x('173') +
4562  0.28115000000000001 * x('174') +
4563  0.23974999999999999 * x('175') +
4564  0.2233 * x('176') +
4565  0.19112499999999999 * x('177') +
4566  0.029049999999999999 * x('178') +
4567  0.01285 * x('179') +
4568  0.02324 * x('180') +
4569  0.010279999999999999 * x('181') +
4570  0.045699999999999998 * x('182') +
4571  0.036159999999999998 * x('183') +
4572  0.030200000000000001 * x('184') +
4573  0.022550000000000001 * x('185') +
4574  0.03585 * x('186') +
4575  0.0201 * x('187') +
4576  0.068049999999999999 * x('188') +
4577  0.059499999999999997 * x('189') +
4578  0.24024999999999999 * x('190') +
4579  0.19885 * x('191') +
4580  0.1048 * x('192') +
4581  0.10390000000000001 * x('193') +
4582  0.016250000000000001 * x('194') +
4583  0.00365 * x('195') +
4584  0.022249999999999999 * x('196') +
4585  0.0055999999999999999 * x('197') +
4586  0.044200000000000003 * x('198') +
4587  0.035560000000000001 * x('199') +
4588  0.0287 * x('200') +
4589  0.021950000000000001 * x('201') +
4590  0.034349999999999999 * x('202') +
4591  0.0195 * x('203') +
4592  0.066549999999999998 * x('204') +
4593  0.058900000000000001 * x('205') +
4594  0.23874999999999999 * x('206') +
4595  0.19825000000000001 * x('207') +
4596  0.014749999999999999 * x('208') +
4597  0.0030500000000000002 * x('209') +
4598  0.020750000000000001 * x('210') +
4599  0.0050000000000000001 * x('211') +
4600  0.065549999999999997 * x('212') +
4601  0.052589999999999998 * x('213') +
4602  0.071900000000000006 * x('214') +
4603  0.056509999999999998 * x('215') +
4604  0.060049999999999999 * x('216') +
4605  0.037010000000000001 * x('217') +
4606  0.044549999999999999 * x('218') +
4607  0.023400000000000001 * x('219') +
4608  0.050200000000000002 * x('220') +
4609  0.02095 * x('221') +
4610  0.082400000000000001 * x('222') +
4611  0.060350000000000001 * x('223') +
4612  0.25459999999999999 * x('224') +
4613  0.19969999999999999 * x('225') +
4614  0.11915000000000001 * x('226') +
4615  0.10475 * x('227') +
4616  0.030599999999999999 * x('228') +
4617  0.0044999999999999997 * x('229') +
4618  0.036600000000000001 * x('230') +
4619  0.00645 * x('231') +
4620  0.013599999999999999 * x('232') +
4621  0.0019 * x('233') +
4622  0.019099999999999999 * x('234') +
4623  0.002 * x('235') +
4624  0.065549999999999997 * x('236') +
4625  0.052589999999999998 * x('237') +
4626  0.071900000000000006 * x('238') +
4627  0.056509999999999998 * x('239') +
4628  0.060049999999999999 * x('240') +
4629  0.037010000000000001 * x('241') +
4630  0.044549999999999999 * x('242') +
4631  0.023400000000000001 * x('243') +
4632  0.050200000000000002 * x('244') +
4633  0.02095 * x('245') +
4634  0.082400000000000001 * x('246') +
4635  0.060350000000000001 * x('247') +
4636  0.25459999999999999 * x('248') +
4637  0.19969999999999999 * x('249') +
4638  0.11915000000000001 * x('250') +
4639  0.10475 * x('251') +
4640  0.030599999999999999 * x('252') +
4641  0.0044999999999999997 * x('253') +
4642  0.036600000000000001 * x('254') +
4643  0.00645 * x('255') +
4644  0.0361 * x('256') +
4645  0.0087399999999999995 * x('257') +
4646  0.073999999999999996 * x('258') +
4647  0.36859999999999998 * x('259') +
4648  0.36859999999999998 * x('260') +
4649  0.1855 * x('261') +
4650  0.13600000000000001 * x('262') +
4651  0.1012 * x('263') +
4652  0.045760000000000002 * x('264') +
4653  0.063399999999999998 * x('265') +
4654  0.063399999999999998 * x('266') +
4655  0.41930000000000001 * x('267') +
4656  0.25640000000000002 * x('268') +
4657  1.3656999999999999 * x('269') +
4658  1.2109000000000001 * x('270') +
4659  0.34000000000000002 * x('271') +
4660  0.12039999999999999 * x('272') +
4661  1.5806 * x('273') +
4662  1.5728599999999999 * x('274') +
4663  0.89400000000000002 * x('275') +
4664  0.89400000000000002 * x('276') +
4665  0.1615 * x('277') +
4666  0.077350000000000002 * x('278') +
4667  0.017999999999999999 * x('279') +
4668  0.0018 * x('280') +
4669  0.113 * x('281') +
4670  0.113 * x('282') +
4671  0.0028825000000000001 * x('321') +
4672  0.0028825000000000001 * x('322') +
4673  0.0028825000000000001 * x('323') +
4674  0.035499999999999997 * x('324') +
4675  0.016250000000000001 * x('325') +
4676  0.0195 * x('326') +
4677  0.000165 * x('327') =l= 3088;
4678  con277..0.041450000000000001 * x('56') +
4679  0.0048424999999999996 * x('57') +
4680  0.026200000000000001 * x('58') +
4681  0.0033175000000000001 * x('59') +
4682  0.0212 * x('60') +
4683  0.0027499999999999998 * x('61') +
4684  0.0224 * x('62') +
4685  0.0036350000000000002 * x('63') +
4686  0.048099999999999997 * x('64') +
4687  0.026200000000000001 * x('65') +
4688  0.0288666666666667 * x('66') +
4689  0.00495666666666667 * x('67') +
4690  0.039800000000000002 * x('68') +
4691  0.0055999999999999999 * x('69') +
4692  0.028133333333333298 * x('70') +
4693  0.0032333333333333298 * x('71') +
4694  0.0141333333333333 * x('72') +
4695  0.00183333333333333 * x('73') +
4696  0.021100000000000001 * x('74') +
4697  0.0024250000000000001 * x('75') +
4698  0.043466666666666702 * x('76') +
4699  0.0047666666666666699 * x('77') +
4700  0.028066666666666702 * x('78') +
4701  0.0043666666666666697 * x('79') +
4702  0.028133333333333298 * x('80') +
4703  0.0032333333333333298 * x('81') +
4704  0.043466666666666702 * x('82') +
4705  0.0047666666666666699 * x('83') +
4706  0.028187500000000001 * x('84') +
4707  0.0113125 * x('85') +
4708  0.031099999999999999 * x('86') +
4709  0.0034250000000000001 * x('87') +
4710  0.020500000000000001 * x('88') +
4711  0.0020500000000000002 * x('89') +
4712  0.071487499999999995 * x('90') +
4713  0.0150125 * x('91') +
4714  0.035487499999999998 * x('92') +
4715  0.011412500000000001 * x('93') +
4716  0.0483875 * x('94') +
4717  0.0144125 * x('95') +
4718  0.083199999999999996 * x('96') +
4719  0.041500000000000002 * x('97') +
4720  0.00069999999999999999 * x('100') +
4721  0.00069999999999999999 * x('101') +
4722  0.0077000000000000002 * x('102') +
4723  0.0014 * x('103') +
4724  0.0062666666666666704 * x('104') +
4725  0.0014666666666666699 * x('105') +
4726  0.056766666666666701 * x('106') +
4727  0.027066666666666701 * x('107') +
4728  0.021600000000000001 * x('108') +
4729  0.0044999999999999997 * x('109') +
4730  0.021266666666666701 * x('110') +
4731  0.0030566666666666702 * x('111') +
4732  0.0086999999999999994 * x('112') +
4733  0.0015 * x('113') +
4734  0.00069999999999999999 * x('114') +
4735  0.00069999999999999999 * x('115') +
4736  0.00046666666666666699 * x('116') +
4737  0.00046666666666666699 * x('117') +
4738  0.0141333333333333 * x('118') +
4739  0.00183333333333333 * x('119') +
4740  0.099500000000000005 * x('120') +
4741  0.060350000000000001 * x('121') +
4742  0.0273333333333333 * x('122') +
4743  0.0027333333333333298 * x('123') +
4744  0.028466666666666699 * x('124') +
4745  0.0032666666666666599 * x('125') +
4746  0.0149333333333333 * x('126') +
4747  0.0024233333333333299 * x('127') +
4748  0.00069999999999999999 * x('128') +
4749  0.00069999999999999999 * x('129') +
4750  0.050999999999999997 * x('132') +
4751  0.0051000000000000004 * x('133') +
4752  0.073499999999999996 * x('134') +
4753  0.0082500000000000004 * x('135') +
4754  0.043999999999999997 * x('136') +
4755  0.0044000000000000003 * x('137') +
4756  0.00069999999999999999 * x('140') +
4757  0.00069999999999999999 * x('141') +
4758  0.0077000000000000002 * x('142') +
4759  0.0014 * x('143') +
4760  0.0062666666666666704 * x('144') +
4761  0.0014666666666666699 * x('145') +
4762  0.056766666666666701 * x('146') +
4763  0.027066666666666701 * x('147') +
4764  0.021600000000000001 * x('148') +
4765  0.0044999999999999997 * x('149') +
4766  0.021266666666666701 * x('150') +
4767  0.0030566666666666702 * x('151') +
4768  0.0086999999999999994 * x('152') +
4769  0.0015 * x('153') +
4770  0.00069999999999999999 * x('154') +
4771  0.00069999999999999999 * x('155') +
4772  0.00046666666666666699 * x('156') +
4773  0.00046666666666666699 * x('157') +
4774  0.0141333333333333 * x('158') +
4775  0.00183333333333333 * x('159') +
4776  0.099500000000000005 * x('160') +
4777  0.060350000000000001 * x('161') +
4778  0.0273333333333333 * x('162') +
4779  0.0027333333333333298 * x('163') +
4780  0.028466666666666699 * x('164') +
4781  0.0032666666666666599 * x('165') +
4782  0.0149333333333333 * x('166') +
4783  0.0024233333333333299 * x('167') +
4784  0.00069999999999999999 * x('168') +
4785  0.00069999999999999999 * x('169') +
4786  0.050999999999999997 * x('172') +
4787  0.0051000000000000004 * x('173') +
4788  0.073499999999999996 * x('174') +
4789  0.0082500000000000004 * x('175') +
4790  0.043999999999999997 * x('176') +
4791  0.0044000000000000003 * x('177') +
4792  0.0054000000000000003 * x('178') +
4793  0.00089999999999999998 * x('179') +
4794  0.0043200000000000001 * x('180') +
4795  0.00072000000000000005 * x('181') +
4796  0.0074000000000000003 * x('182') +
4797  0.0011000000000000001 * x('183') +
4798  0.013899999999999999 * x('184') +
4799  0.00175 * x('185') +
4800  0.0028999999999999998 * x('186') +
4801  0.00064999999999999997 * x('187') +
4802  0.017999999999999999 * x('188') +
4803  0.0027000000000000001 * x('189') +
4804  0.0134 * x('190') +
4805  0.0016999999999999999 * x('191') +
4806  0.098900000000000002 * x('192') +
4807  0.073249999999999996 * x('193') +
4808  0.0062500000000000003 * x('194') +
4809  0.00175 * x('195') +
4810  0.0079000000000000008 * x('196') +
4811  0.00115 * x('197') +
4812  0.0082500000000000004 * x('198') +
4813  0.0019499999999999999 * x('199') +
4814  0.014749999999999999 * x('200') +
4815  0.0025999999999999999 * x('201') +
4816  0.0037499999999999999 * x('202') +
4817  0.0015 * x('203') +
4818  0.018849999999999999 * x('204') +
4819  0.0035500000000000002 * x('205') +
4820  0.014250000000000001 * x('206') +
4821  0.0025500000000000002 * x('207') +
4822  0.0071000000000000004 * x('208') +
4823  0.0025999999999999999 * x('209') +
4824  0.0087500000000000008 * x('210') +
4825  0.002 * x('211') +
4826  0.010500000000000001 * x('212') +
4827  0.0010499999999999999 * x('213') +
4828  0.020500000000000001 * x('214') +
4829  0.0020500000000000002 * x('215') +
4830  0.0126 * x('216') +
4831  0.0013500000000000001 * x('217') +
4832  0.019099999999999999 * x('218') +
4833  0.002 * x('219') +
4834  0.0080999999999999996 * x('220') +
4835  0.000899999999999999 * x('221') +
4836  0.023199999999999998 * x('222') +
4837  0.0029499999999999999 * x('223') +
4838  0.018599999999999998 * x('224') +
4839  0.0019499999999999999 * x('225') +
4840  0.1041 * x('226') +
4841  0.073499999999999996 * x('227') +
4842  0.01145 * x('228') +
4843  0.002 * x('229') +
4844  0.013100000000000001 * x('230') +
4845  0.0014 * x('231') +
4846  0.0089999999999999993 * x('232') +
4847  0.0027000000000000001 * x('233') +
4848  0.0040000000000000001 * x('234') +
4849  0.00040000000000000002 * x('235') +
4850  0.010500000000000001 * x('236') +
4851  0.0010499999999999999 * x('237') +
4852  0.020500000000000001 * x('238') +
4853  0.0020500000000000002 * x('239') +
4854  0.0126 * x('240') +
4855  0.0013500000000000001 * x('241') +
4856  0.019099999999999999 * x('242') +
4857  0.002 * x('243') +
4858  0.0080999999999999996 * x('244') +
4859  0.000899999999999999 * x('245') +
4860  0.023199999999999998 * x('246') +
4861  0.0029499999999999999 * x('247') +
4862  0.018599999999999998 * x('248') +
4863  0.0019499999999999999 * x('249') +
4864  0.1041 * x('250') +
4865  0.073499999999999996 * x('251') +
4866  0.01145 * x('252') +
4867  0.002 * x('253') +
4868  0.013100000000000001 * x('254') +
4869  0.0014 * x('255') +
4870  0.042799999999999998 * x('256') +
4871  0.015440000000000001 * x('257') +
4872  0.012 * x('258') +
4873  0.7117 * x('259') +
4874  0.67066000000000003 * x('260') +
4875  0.15870000000000001 * x('261') +
4876  0.15870000000000001 * x('262') +
4877  0.069900000000000004 * x('263') +
4878  0.069900000000000004 * x('264') +
4879  0.10390000000000001 * x('265') +
4880  0.10390000000000001 * x('266') +
4881  0.1072 * x('267') +
4882  0.1072 * x('268') +
4883  0.25650000000000001 * x('269') +
4884  0.13320000000000001 * x('270') +
4885  0.085099999999999995 * x('271') +
4886  0.085099999999999995 * x('272') +
4887  0.1024 * x('273') +
4888  0.1024 * x('274') +
4889  0.085999999999999993 * x('275') +
4890  0.085999999999999993 * x('276') +
4891  0.066799999999999998 * x('277') +
4892  0.066799999999999998 * x('278') +
4893  0.159 * x('279') +
4894  0.050999999999999997 * x('280') +
4895  0.113 * x('281') +
4896  0.113 * x('282') +
4897  0.0028825000000000001 * x('321') +
4898  0.0028825000000000001 * x('322') +
4899  0.0028825000000000001 * x('323') +
4900  0.035499999999999997 * x('324') +
4901  0.016250000000000001 * x('325') +
4902  0.0195 * x('326') +
4903  0.000165 * x('327') =l= 3088;
4904  con278..x('178') +
4905  x('179') +
4906  x('180') +
4907  x('181') +
4908  x('182') +
4909  x('183') +
4910  x('184') +
4911  x('185') +
4912  x('186') +
4913  x('187') +
4914  x('188') +
4915  x('189') +
4916  x('190') +
4917  x('191') +
4918  x('192') +
4919  x('193') +
4920  x('194') +
4921  x('195') +
4922  x('196') +
4923  x('197') +
4924  x('198') +
4925  x('199') +
4926  x('200') +
4927  x('201') +
4928  x('202') +
4929  x('203') +
4930  x('204') +
4931  x('205') +
4932  x('206') +
4933  x('207') +
4934  x('208') +
4935  x('209') +
4936  x('210') +
4937  x('211') +
4938  x('212') +
4939  x('213') +
4940  x('214') +
4941  x('215') +
4942  x('216') +
4943  x('217') +
4944  x('218') +
4945  x('219') +
4946  x('220') +
4947  x('221') +
4948  x('222') +
4949  x('223') +
4950  x('224') +
4951  x('225') +
4952  x('226') +
4953  x('227') +
4954  x('228') +
4955  x('229') +
4956  x('230') +
4957  x('231') =l= 6560;
4958  con279..x('232') +
4959  x('233') +
4960  x('234') +
4961  x('235') +
4962  x('236') +
4963  x('237') +
4964  x('238') +
4965  x('239') +
4966  x('240') +
4967  x('241') +
4968  x('242') +
4969  x('243') +
4970  x('244') +
4971  x('245') +
4972  x('246') +
4973  x('247') +
4974  x('248') +
4975  x('249') +
4976  x('250') +
4977  x('251') +
4978  x('252') +
4979  x('253') +
4980  x('254') +
4981  x('255') =l= 16047.4;
4982  x.lo('390')=0;
4983  x.up('390')=0;
4984  x.lo('392')=0;
4985  x.up('392')=0;
4986  x.lo('393')=0;
4987  x.up('393')=0;
4988  x.lo('351')=-0;
4989  x.up('351')=0;
4990  x.lo('56')=0;
4991  x.lo('57')=0;
4992  x.lo('58')=0;
4993  x.lo('59')=0;
4994  x.lo('60')=0;
4995  x.lo('61')=0;
4996  x.lo('62')=0;
4997  x.lo('63')=0;
4998  x.lo('64')=0;
4999  x.lo('65')=0;
5000  x.lo('66')=0;
5001  x.lo('67')=0;
5002  x.lo('68')=0;
5003  x.lo('69')=0;
5004  x.lo('70')=0;
5005  x.lo('71')=0;
5006  x.lo('72')=0;
5007  x.lo('73')=0;
5008  x.lo('74')=0;
5009  x.lo('75')=0;
5010  x.lo('76')=0;
5011  x.lo('77')=0;
5012  x.lo('78')=0;
5013  x.lo('79')=0;
5014  x.lo('80')=0;
5015  x.lo('81')=0;
5016  x.lo('82')=0;
5017  x.lo('83')=0;
5018  x.lo('84')=0;
5019  x.lo('85')=0;
5020  x.lo('86')=0;
5021  x.lo('87')=0;
5022  x.lo('88')=0;
5023  x.lo('89')=0;
5024  x.lo('90')=0;
5025  x.lo('91')=0;
5026  x.lo('92')=0;
5027  x.lo('93')=0;
5028  x.lo('94')=0;
5029  x.lo('95')=0;
5030  x.lo('96')=0;
5031  x.lo('97')=0;
5032  x.lo('98')=0;
5033  x.lo('99')=0;
5034  x.lo('100')=0;
5035  x.lo('101')=0;
5036  x.lo('102')=0;
5037  x.lo('103')=0;
5038  x.lo('104')=0;
5039  x.lo('105')=0;
5040  x.lo('106')=0;
5041  x.lo('107')=0;
5042  x.lo('108')=0;
5043  x.lo('109')=0;
5044  x.lo('110')=0;
5045  x.lo('111')=0;
5046  x.lo('112')=0;
5047  x.lo('113')=0;
5048  x.lo('114')=0;
5049  x.lo('115')=0;
5050  x.lo('116')=0;
5051  x.lo('117')=0;
5052  x.lo('118')=0;
5053  x.lo('119')=0;
5054  x.lo('120')=0;
5055  x.lo('121')=0;
5056  x.lo('122')=0;
5057  x.lo('123')=0;
5058  x.lo('124')=0;
5059  x.lo('125')=0;
5060  x.lo('126')=0;
5061  x.lo('127')=0;
5062  x.lo('128')=0;
5063  x.lo('129')=0;
5064  x.lo('130')=0;
5065  x.lo('131')=0;
5066  x.lo('132')=0;
5067  x.lo('133')=0;
5068  x.lo('134')=0;
5069  x.lo('135')=0;
5070  x.lo('136')=0;
5071  x.lo('137')=0;
5072  x.lo('138')=0;
5073  x.lo('139')=0;
5074  x.lo('140')=0;
5075  x.lo('141')=0;
5076  x.lo('142')=0;
5077  x.lo('143')=0;
5078  x.lo('144')=0;
5079  x.lo('145')=0;
5080  x.lo('146')=0;
5081  x.lo('147')=0;
5082  x.lo('148')=0;
5083  x.lo('149')=0;
5084  x.lo('150')=0;
5085  x.lo('151')=0;
5086  x.lo('152')=0;
5087  x.lo('153')=0;
5088  x.lo('154')=0;
5089  x.lo('155')=0;
5090  x.lo('156')=0;
5091  x.lo('157')=0;
5092  x.lo('158')=0;
5093  x.lo('159')=0;
5094  x.lo('160')=0;
5095  x.lo('161')=0;
5096  x.lo('162')=0;
5097  x.lo('163')=0;
5098  x.lo('164')=0;
5099  x.lo('165')=0;
5100  x.lo('166')=0;
5101  x.lo('167')=0;
5102  x.lo('168')=0;
5103  x.lo('169')=0;
5104  x.lo('170')=0;
5105  x.lo('171')=0;
5106  x.lo('172')=0;
5107  x.lo('173')=0;
5108  x.lo('174')=0;
5109  x.lo('175')=0;
5110  x.lo('176')=0;
5111  x.lo('177')=0;
5112  x.lo('178')=0;
5113  x.lo('179')=0;
5114  x.lo('180')=0;
5115  x.lo('181')=0;
5116  x.lo('182')=0;
5117  x.lo('183')=0;
5118  x.lo('184')=0;
5119  x.lo('185')=0;
5120  x.lo('186')=0;
5121  x.lo('187')=0;
5122  x.lo('188')=0;
5123  x.lo('189')=0;
5124  x.lo('190')=0;
5125  x.lo('191')=0;
5126  x.lo('192')=0;
5127  x.lo('193')=0;
5128  x.lo('194')=0;
5129  x.lo('195')=0;
5130  x.lo('196')=0;
5131  x.lo('197')=0;
5132  x.lo('198')=0;
5133  x.lo('199')=0;
5134  x.lo('200')=0;
5135  x.lo('201')=0;
5136  x.lo('202')=0;
5137  x.lo('203')=0;
5138  x.lo('204')=0;
5139  x.lo('205')=0;
5140  x.lo('206')=0;
5141  x.lo('207')=0;
5142  x.lo('208')=0;
5143  x.lo('209')=0;
5144  x.lo('210')=0;
5145  x.lo('211')=0;
5146  x.lo('212')=0;
5147  x.lo('213')=0;
5148  x.lo('214')=0;
5149  x.lo('215')=0;
5150  x.lo('216')=0;
5151  x.lo('217')=0;
5152  x.lo('218')=0;
5153  x.lo('219')=0;
5154  x.lo('220')=0;
5155  x.lo('221')=0;
5156  x.lo('222')=0;
5157  x.lo('223')=0;
5158  x.lo('224')=0;
5159  x.lo('225')=0;
5160  x.lo('226')=0;
5161  x.lo('227')=0;
5162  x.lo('228')=0;
5163  x.lo('229')=0;
5164  x.lo('230')=0;
5165  x.lo('231')=0;
5166  x.lo('232')=0;
5167  x.lo('233')=0;
5168  x.lo('234')=0;
5169  x.lo('235')=0;
5170  x.lo('236')=0;
5171  x.lo('237')=0;
5172  x.lo('238')=0;
5173  x.lo('239')=0;
5174  x.lo('240')=0;
5175  x.lo('241')=0;
5176  x.lo('242')=0;
5177  x.lo('243')=0;
5178  x.lo('244')=0;
5179  x.lo('245')=0;
5180  x.lo('246')=0;
5181  x.lo('247')=0;
5182  x.lo('248')=0;
5183  x.lo('249')=0;
5184  x.lo('250')=0;
5185  x.lo('251')=0;
5186  x.lo('252')=0;
5187  x.lo('253')=0;
5188  x.lo('254')=0;
5189  x.lo('255')=0;
5190  x.lo('256')=0;
5191  x.lo('257')=0;
5192  x.lo('258')=0;
5193  x.lo('259')=0;
5194  x.lo('260')=0;
5195  x.lo('261')=0;
5196  x.lo('262')=0;
5197  x.lo('263')=0;
5198  x.lo('264')=0;
5199  x.lo('265')=0;
5200  x.lo('266')=0;
5201  x.lo('267')=0;
5202  x.lo('268')=0;
5203  x.lo('269')=0;
5204  x.lo('270')=0;
5205  x.lo('271')=0;
5206  x.lo('272')=0;
5207  x.lo('273')=0;
5208  x.lo('274')=0;
5209  x.lo('275')=0;
5210  x.lo('276')=0;
5211  x.lo('277')=0;
5212  x.lo('278')=0;
5213  x.lo('279')=0;
5214  x.lo('280')=0;
5215  x.lo('281')=0;
5216  x.lo('282')=0;
5217  x.lo('283')=409.125;
5218  x.up('283')=681.875;
5219  x.lo('284')=40.200000000000003;
5220  x.up('284')=67;
5221  x.lo('285')=42.075000000000003;
5222  x.up('285')=70.125;
5223  x.lo('286')=637.5;
5224  x.up('286')=1062.5;
5225  x.lo('287')=174.97499999999999;
5226  x.up('287')=291.625;
5227  x.lo('288')=16.800000000000001;
5228  x.up('288')=28;
5229  x.lo('289')=20.550000000000001;
5230  x.up('289')=34.25;
5231  x.lo('290')=14.699999999999999;
5232  x.up('290')=24.5;
5233  x.lo('291')=8.625;
5234  x.up('291')=14.375;
5235  x.lo('292')=3.75;
5236  x.up('292')=6.25;
5237  x.lo('293')=1.125;
5238  x.up('293')=1.875;
5239  x.lo('294')=5.5499999999999998;
5240  x.up('294')=9.25;
5241  x.lo('295')=53.174999999999997;
5242  x.up('295')=88.625;
5243  x.lo('296')=251.09999999999999;
5244  x.up('296')=418.5;
5245  x.lo('297')=0;
5246  x.lo('298')=0;
5247  x.lo('299')=0;
5248  x.lo('300')=0;
5249  x.lo('301')=0;
5250  x.lo('302')=0;
5251  x.lo('303')=0;
5252  x.lo('304')=0;
5253  x.lo('305')=0;
5254  x.lo('306')=0;
5255  x.lo('307')=0;
5256  x.lo('308')=0;
5257  x.lo('309')=0;
5258  x.lo('310')=0;
5259  x.lo('311')=0;
5260  x.lo('312')=0;
5261  x.lo('313')=0;
5262  x.lo('314')=0;
5263  x.lo('315')=0;
5264  x.lo('316')=0;
5265  x.lo('317')=0;
5266  x.lo('318')=0;
5267  x.lo('319')=0;
5268  x.lo('320')=0;
5269  x.lo('321')=0;
5270  x.up('321')=46026;
5271  x.lo('322')=0;
5272  x.up('322')=15109;
5273  x.lo('323')=0;
5274  x.up('323')=3666;
5275  x.lo('324')=0;
5276  x.up('324')=15567.1;
5277  x.lo('325')=0;
5278  x.up('325')=1040.3;
5279  x.lo('326')=0;
5280  x.up('326')=2453;
5281  x.lo('327')=0;
5282  x.up('327')=58938.699999999997;
5283  x.lo('366')=0;
5284  x.lo('367')=0;
5285  x.lo('368')=0;
5286  x.lo('369')=0;
5287  x.lo('370')=0;
5288  x.lo('371')=0;
5289  x.lo('372')=0;
5290  x.lo('373')=0;
5291  x.lo('374')=0;
5292  x.lo('375')=0;
5293  x.lo('376')=0;
5294  x.lo('377')=0;
5295  x.lo('378')=0;
5296  x.lo('379')=0;
5297  x.lo('380')=0;
5298  x.lo('381')=0;
5299  x.lo('382')=0;
5300  x.lo('383')=0;
5301  x.lo('384')=0;
5302  x.lo('385')=0;
5303  x.lo('386')=0;
5304  x.lo('387')=0;
5305  x.lo('388')=0;
5306  x.lo('389')=0;
5307  x.lo('391')=0;
5308  x.lo('394')=0;
5309  x.lo('395')=0;
5310  x.lo('396')=0;
5311  x.lo('397')=0;
5312  x.lo('398')=0;
5313  x.lo('399')=0;
5314  x.lo('400')=0;
5315  x.lo('401')=0;
5316  x.lo('402')=0;
5317  x.lo('403')=0;
5318  x.lo('404')=0;
5319  x.lo('405')=0;
5320  x.lo('406')=0;
5321  x.lo('407')=0;
5322  x.lo('408')=0;
5323  x.lo('409')=0;
5324  x.lo('410')=0;
5325  x.lo('411')=0;
5326  x.lo('412')=0;
5327  x.lo('413')=0;
5328  x.lo('414')=0;
5329  x.lo('415')=0;
5330  x.lo('416')=0;
5331  x.lo('417')=0;
5332  x.lo('418')=0;
5333  x.lo('419')=0;
5334  x.lo('420')=0;
5335  x.lo('421')=0;
5336  x.lo('422')=0;
5337  x.lo('423')=0;
5338  x.lo('424')=0;
5339  x.lo('425')=0;
5340  x.lo('426')=0;
5341  x.lo('427')=0;
5342  x.lo('428')=0;
5343  x.lo('429')=0;
5344  x.lo('430')=0;
5345  x.lo('431')=0;
5346  x.lo('432')=0;
5347  x.lo('433')=0;
5348  x.lo('434')=0;
5349  x.lo('435')=0;
5350  x.lo('436')=0;
5351  x.lo('437')=0;
5352  x.lo('438')=0;
5353  x.lo('439')=0;
5354  x.lo('440')=0;
5355  x.lo('441')=0;
5356  x.lo('442')=0;
5357  x.lo('443')=0;
5358  x.lo('444')=0;
5359  x.lo('445')=0;
5360  x.lo('446')=0;
5361  x.lo('447')=0;
5362  x.lo('448')=0;
5363  x.lo('449')=0;
5364  x.lo('450')=0;
5365  x.lo('451')=0;
5366  x.lo('452')=0;
5367  x.lo('453')=0;
5368  x.lo('454')=0;
5369  x.lo('455')=0;
5370  x.lo('456')=0;
5371  x.lo('457')=0;
5372  x.lo('458')=0;
5373  x.up('458')=40;
5374  x.lo('459')=0;
5375  x.up('459')=18.5;
5376  x.lo('460')=0;
5377  x.up('460')=29.600000000000001;
5378  x.lo('461')=0;
5379  x.up('461')=5.7000000000000002;
5380  x.lo('462')=0;
5381  x.up('462')=75.599999999999994;
5382  x.lo('463')=0;
5383  x.up('463')=127;
5384  x.lo('464')=0;
5385  x.up('464')=22.800000000000001;
5386  x.lo('465')=0;
5387  x.up('465')=6;
5388  x.lo('466')=0;
5389  x.up('466')=1231;
5390  x.lo('467')=0;
5391  x.up('467')=10;
5392  x.lo('468')=0;
5393  x.up('468')=0.5;
5394  x.lo('469')=0;
5395  x.up('469')=50;
5396  x.lo('470')=0;
5397  x.up('470')=0.29999999999999999;
5398  x.lo('471')=0;
5399  x.up('471')=108;
5400  x.lo('472')=0;
5401  x.up('472')=12.9;
5402  x.lo('473')=0;
5403  x.up('473')=76.5;
5404  x.lo('474')=0;
5405  x.up('474')=0.40000000000000002;
5406  x.lo('475')=0;
5407  x.up('475')=25.600000000000001;
5408  x.lo('476')=0;
5409  x.up('476')=1.3999999999999999;
5410  x.lo('477')=0;
5411  x.up('477')=150.59999999999999;
5412  x.lo('478')=0;
5413  x.up('478')=69.599999999999994;
5414  x.lo('479')=0;
5415  x.up('479')=23.199999999999999;
5416  x.lo('480')=0;
5417  x.up('480')=5.4000000000000004;
5418  x.lo('481')=0;
5419  x.up('481')=131.5;
5420  x.lo('482')=0;
5421  x.up('482')=8.0999999999999996;
5422  x.lo('483')=0;
5423  x.up('483')=29.699999999999999;
5424  x.lo('484')=0;
5425  x.up('484')=0.90000000000000002;
5426  x.lo('485')=0;
5427  x.up('485')=0.10000000000000001;
5428  x.lo('486')=0;
5429  x.up('486')=0.10000000000000001;
5430  x.lo('487')=0;
5431  x.up('487')=0.59999999999999998;
5432  x.lo('488')=0;
5433  x.up('488')=7.4000000000000004;
5434  x.lo('489')=0;
5435  x.up('489')=31;
5436  x.lo('490')=0;
5437  x.up('490')=2.7999999999999998;
5438  x.lo('491')=0;
5439  x.up('491')=0.20000000000000001;
5440  x.lo('492')=0;
5441  x.up('492')=4;
5442  x.lo('493')=0;
5443  x.up('493')=3;
5444  x.lo('494')=0;
5445  x.up('494')=18;
5446  x.lo('495')=0;
5447  x.up('495')=0.29999999999999999;
5448  x.lo('496')=0;
5449  x.up('496')=1.5;
5450  x.lo('506')=0;
5451  x.lo('507')=0;
5452  x.lo('508')=0;
5453  x.lo('509')=0;
5454  x.lo('510')=0;
5455  x.lo('511')=0;
5456  x.lo('512')=0;
5457  x.lo('513')=0;
5458  x.lo('514')=0;
5459  x.lo('515')=0;
5460  x.lo('516')=0;
5461  x.lo('517')=0;
5462  Model m/All/;
5463  m.workspace = 32;
5464  m.optfile = 1;options nlp=convert;
5465  Solve m using nlp minimizing obj;
5466  display x.l, obj.l;
5467   
5468   
5469   


COMPILATION TIME     =        0.016 SECONDS      3 MB  53.5.1 f2e5fac3 WEX-WEI
GAMS 53.5.1  f2e5fac3 May 20, 2026          WEX-WEI x86 64bit/MS Windows - 06/14/26 21:50:21 Page 2
G e n e r a l   A l g e b r a i c   M o d e l i n g   S y s t e m
Equation Listing    SOLVE m Using NLP From line 5465


---- objcon  =E=  

objcon..  (0.283995167466381)*x(1) + (0.371148617021277)*x(2) + (0.306828)*x(3) + (2.06521614893617)*x(4) + (0.508510638297872)*x(5) + (2.04187371310913)*x(6) + (3.48494166094715)*x(7) + (1.73258064516129)*x(8) + (1.32255319148936)*x(9) + (0.959712934819318)*x(10) + (1.47637847574018)*x(11) + (1.10694922886412)*x(12) + (1.39339074636947)*x(13) + (0.662219196590109)*x(14) + (2.57904778514126)*x(15) + (4.57397163120567)*x(16) + (0.0549669099782319)*x(17) + (5.64070921985816)*x(18) + (1.133719464145)*x(19) + (0.717825304918033)*x(20) + (6.17720780467388)*x(21) + (2.30432939937217)*x(22) + (0.787922514893617)*x(23) + (1.2987094789339)*x(24) + (3.5213093289689)*x(25) + (2.35623100303951)*x(26) + (3.27793313069909)*x(27) + (2.63343465045593)*x(28) + (2.99899696048632)*x(29) + (2.71659574468085)*x(30) + (9.18237082066869)*x(31) + (13.979726443769)*x(32) + (2.50003039513678)*x(33) + (8.30468085106383)*x(34) + (2.94074468085106)*x(35) + (3.63191489361702)*x(36) + (2.88893617021277)*x(37) + (3.02553191489362)*x(38) + (3.50689818885177)*x(39) + (3.85914893617021)*x(40) + (9.11579039915597)*x(41) + (1.64205673758865)*x(42) + (1.15248226950355)*x(43) + (1.15248226950355)*x(44) + (0.912765957446808)*x(45) + (0.817659574468085)*x(46) + (21.6357446808511)*x(47) + (12.6740425531915)*x(48) + (34.32)*x(49) + (4.77570970562518)*x(50) + (4.77570970562518)*x(51) + (4.77570970562518)*x(52) + (0.210061206645293)*x(53) + (0.210061206645293)*x(54) + (0.187234042553192)*x(55) + x(500) - x(501) - x(502) - x(503) - x(504) - x(505) - 0.228823075759417*x(518) + obj =E= 0 ; (LHS = 0)
     

---- con1  =E=  

con1..  - 0.132*x(458) - 0.6044*x(459) - 3.308*x(460) - 2.2233*x(461) - 1.1645*x(462) - 2.6993*x(463) - 0.1256*x(466) - 0.13*x(467) - 0.1411*x(468) - 0.5891*x(469) - 0.8326*x(470) - 0.3967*x(471) - 0.1714*x(472) - 0.0947*x(473) - 0.4971*x(474) - 0.1178*x(475) - 0.7096*x(476) - 1.7512*x(477) - 1.9083*x(478) - 0.0869*x(479) - 0.68*x(480) - 0.1827*x(481) - 0.2766*x(482) - 0.2242*x(483) - 0.2101*x(484) - 0.8303*x(485) - 0.1849*x(486) - 3.76*x(487) - 1.1159*x(488) - 2.22*x(489) - 2.22*x(490) - 2.22*x(491) - 1.14*x(492) - 1.14*x(493) - 0.762*x(494) - 0.7002*x(495) - 0.8046*x(496) + x(500) =E= 0 ; (LHS = 0)
     

---- con2  =E=  

con2..  - 0.3833*x(464) - 4.3158*x(465) + x(501) =E= 0 ; (LHS = 0)
     

---- con3  =E=  

con3..  - 0.0212765957446809*x(256) - 0.0212765957446809*x(257) - 0.531914893617021*x(258) - 0.106382978723404*x(259) - 0.106382978723404*x(260) - 0.0812765957446809*x(261) - 0.0812765957446809*x(262) - 0.0834042553191489*x(263) - 0.0834042553191489*x(264) - 0.23*x(265) - 0.23*x(266) - 0.127446808510638*x(267) - 0.127446808510638*x(268) - 0.161489361702128*x(269) - 0.161489361702128*x(270) - 0.143191489361702*x(271) - 0.143191489361702*x(272) - 0.988723404255319*x(273) - 0.988723404255319*x(274) - 1.55276595744681*x(275) - 1.55276595744681*x(276) - 0.135744680851064*x(277) - 0.135744680851064*x(278) - 0.0425531914893617*x(279) - 0.0425531914893617*x(280) - 0.0425531914893617*x(281) - 0.0425531914893617*x(282) + x(505) =E= 0 ; (LHS = 0)
     

---- con4  =E=  

con4..  - 0.423390957446808*x(56) - 0.35019414893617*x(57) - 0.401063829787234*x(58) - 0.324755319148936*x(59) - 0.357207446808511*x(60) - 0.267925531914894*x(61) - 0.316622340425532*x(62) - 0.24131914893617*x(63) - 0.53008865248227*x(64) - 0.436258865248227*x(65) - 0.242358156028369*x(66) - 0.183539007092199*x(67) - 0.408617021276596*x(68) - 0.336808510638298*x(69) - 0.336010638297872*x(70) - 0.242340425531915*x(71) - 0.327677304964539*x(72) - 0.248209219858156*x(73) - 0.305199468085106*x(74) - 0.221542553191489*x(75) - 0.342535460992908*x(76) - 0.260673758865248*x(77) - 0.269414893617021*x(78) - 0.201276595744681*x(79) - 0.336010638297872*x(80) - 0.242340425531915*x(81) - 0.342535460992908*x(82) - 0.260673758865248*x(83) - 0.383942819148936*x(84) - 0.315784574468085*x(85) - 0.501502659574468*x(86) - 0.390558510638298*x(87) - 0.457207446808511*x(88) - 0.360984042553192*x(89) - 0.506230053191489*x(90) - 0.427539893617021*x(91) - 0.570990691489362*x(92) - 0.473869680851064*x(93) - 0.39654920212766*x(94) - 0.33844414893617*x(95) - 0.562411347517731*x(96) - 0.489166666666667*x(97) - 0.201462765957447*x(98) - 0.156582446808511*x(99) - 0.168617021276596*x(100) - 0.115718085106383*x(101) - 0.162553191489362*x(102) - 0.122101063829787*x(103) - 0.193315602836879*x(104) - 0.128049645390071*x(105) - 0.480390070921986*x(106) - 0.387039007092199*x(107) - 0.0812234042553191*x(108) - 0.0453191489361702*x(109) - 0.306684397163121*x(110) - 0.235099290780142*x(111) - 0.255664893617021*x(112) - 0.180744680851064*x(113) - 0.10625*x(114) - 0.0634042553191489*x(115) - 0.157446808510638*x(116) - 0.105425531914894*x(117) - 0.309060283687943*x(118) - 0.231666666666667*x(119) - 0.360957446808511*x(120) - 0.297765957446809*x(121) - 0.430531914893617*x(122) - 0.342127659574468*x(123) - 0.218617021276596*x(124) - 0.135*x(125) - 0.259042553191489*x(126) - 0.195595744680851*x(127) - 0.129787234042553*x(128) - 0.078563829787234*x(129) - 0.167420212765957*x(130) - 0.119308510638298*x(131) - 0.284840425531915*x(132) - 0.233856382978723*x(133) - 0.445904255319149*x(134) - 0.370026595744681*x(135) - 0.252074468085106*x(136) - 0.19031914893617*x(137) - 0.201462765957447*x(138) - 0.156582446808511*x(139) - 0.168617021276596*x(140) - 0.115718085106383*x(141) - 0.162553191489362*x(142) - 0.122101063829787*x(143) - 0.193315602836879*x(144) - 0.128049645390071*x(145) - 0.480390070921986*x(146) - 0.387039007092199*x(147) - 0.0812234042553191*x(148) - 0.0453191489361702*x(149) - 0.306684397163121*x(150) - 0.235099290780142*x(151) - 0.255664893617021*x(152) - 0.180744680851064*x(153) - 0.10625*x(154) - 0.0634042553191489*x(155) - 0.157446808510638*x(156) - 0.105425531914894*x(157) - 0.309060283687943*x(158) - 0.231666666666667*x(159) - 0.360957446808511*x(160) - 0.297765957446809*x(161) - 0.430531914893617*x(162) - 0.342127659574468*x(163) - 0.218617021276596*x(164) - 0.135*x(165) - 0.259042553191489*x(166) - 0.195595744680851*x(167) - 0.129787234042553*x(168) - 0.078563829787234*x(169) - 0.167420212765957*x(170) - 0.119308510638298*x(171) - 0.284840425531915*x(172) - 0.233856382978723*x(173) - 0.445904255319149*x(174) - 0.370026595744681*x(175) - 0.252074468085106*x(176) - 0.19031914893617*x(177) - 0.0678058510638298*x(178) - 0.0302260638297872*x(179) - 0.0542446808510638*x(180) - 0.0241808510638298*x(181) - 0.068218085106383*x(182) - 0.0421755319148936*x(183) - 0.0742021276595745*x(184) - 0.0392553191489362*x(185) - 0.0814893617021277*x(186) - 0.0403191489361702*x(187) - 0.0713031914893617*x(188) - 0.037313829787234*x(189) - 0.431489361702128*x(190) - 0.37811170212766*x(191) - 0.26843085106383*x(192) - 0.229654255319149*x(193) - 0.14813829787234*x(194) - 0.0993085106382979*x(195) - 0.0541223404255319*x(196) - 0.0201329787234043*x(197) - 0.0980585106382979*x(198) - 0.0624414893617021*x(199) - 0.104042553191489*x(200) - 0.0595212765957447*x(201) - 0.111329787234043*x(202) - 0.0605851063829787*x(203) - 0.101143617021277*x(204) - 0.0575797872340426*x(205) - 0.461329787234042*x(206) - 0.398377659574468*x(207) - 0.177978723404255*x(208) - 0.119574468085106*x(209) - 0.0839627659574468*x(210) - 0.0403989361702128*x(211) - 0.0706117021276596*x(212) - 0.0573989361702128*x(213) - 0.100132978723404*x(214) - 0.0736117021276596*x(215) - 0.0724468085106383*x(216) - 0.0416170212765958*x(217) - 0.0784308510638298*x(218) - 0.0386968085106383*x(219) - 0.085718085106383*x(220) - 0.0397606382978723*x(221) - 0.075531914893617*x(222) - 0.0367553191489362*x(223) - 0.435718085106383*x(224) - 0.377553191489362*x(225) - 0.272659574468085*x(226) - 0.229095744680851*x(227) - 0.152367021276596*x(228) - 0.09875*x(229) - 0.0583510638297872*x(230) - 0.0195744680851064*x(231) - 0.0270212765957447*x(232) - 0.00452127659574468*x(233) - 0.0246808510638298*x(234) - 0.00313829787234042*x(235) - 0.0706117021276596*x(236) - 0.0573989361702128*x(237) - 0.100132978723404*x(238) - 0.0736117021276596*x(239) - 0.0724468085106383*x(240) - 0.0416170212765958*x(241) - 0.0784308510638298*x(242) - 0.0386968085106383*x(243) - 0.085718085106383*x(244) - 0.0397606382978723*x(245) - 0.075531914893617*x(246) - 0.0367553191489362*x(247) - 0.435718085106383*x(248) - 0.377553191489362*x(249) - 0.272659574468085*x(250) - 0.229095744680851*x(251) - 0.152367021276596*x(252) - 0.09875*x(253) - 0.0583510638297872*x(254) - 0.0195744680851064*x(255) - 0.117234042553191*x(256) - 0.079031914893617*x(257) - 0.0829787234042553*x(258) - 0.949787234042553*x(259) - 0.906127659574468*x(260) - 0.409095744680851*x(261) - 0.348297872340425*x(262) - 0.268244680851064*x(263) - 0.191553191489362*x(264) - 0.479627659574468*x(265) - 0.423952127659574*x(266) - 0.425851063829787*x(267) - 0.334893617021277*x(268) - 0.90968085106383*x(269) - 0.761755319148936*x(270) - 0.854468085106383*x(271) - 0.724255319148936*x(272) - 1.08590425531915*x(273) - 1.06282978723404*x(274) - 1.19015957446809*x(275) - 1.12936170212766*x(276) - 0.294202127659574*x(277) - 0.238622340425532*x(278) - 0.266702127659574*x(279) - 0.195851063829787*x(280) - 0.49468085106383*x(281) - 0.489893617021277*x(282) - 0.00613297872340425*x(321) - 0.00613297872340425*x(322) - 0.00613297872340425*x(323) - 0.075531914893617*x(324) - 0.0345744680851064*x(325) - 0.0414893617021277*x(326) - 0.000351063829787234*x(327) + x(504) =E= 0 ; (LHS = 0)
     

---- con5  =E=  

con5..  - 0.22935*x(57) - 0.2391*x(59) - 0.27975*x(61) - 0.23595*x(63) - 0.294*x(65) - 0.1843*x(67) - 0.225*x(69) - 0.2935*x(71) - 0.249*x(73) - 0.262125*x(75) - 0.2565*x(77) - 0.2135*x(79) - 0.2935*x(81) - 0.2565*x(83) - 0.2135625*x(85) - 0.347625*x(87) - 0.3015*x(89) - 0.2465625*x(91) - 0.3043125*x(93) - 0.1820625*x(95) - 0.2295*x(97) - 0.140625*x(99) - 0.16575*x(101) - 0.12675*x(103) - 0.2045*x(105) - 0.2925*x(107) - 0.1125*x(109) - 0.2243*x(111) - 0.23475*x(113) - 0.13425*x(115) - 0.163*x(117) - 0.2425*x(119) - 0.198*x(121) - 0.277*x(123) - 0.262*x(125) - 0.1988*x(127) - 0.1605*x(129) - 0.15075*x(131) - 0.15975*x(133) - 0.23775*x(135) - 0.1935*x(137) - 0.140625*x(139) - 0.16575*x(141) - 0.12675*x(143) - 0.2045*x(145) - 0.2925*x(147) - 0.1125*x(149) - 0.2243*x(151) - 0.23475*x(153) - 0.13425*x(155) - 0.163*x(157) - 0.2425*x(159) - 0.198*x(161) - 0.277*x(163) - 0.262*x(165) - 0.1988*x(167) - 0.1605*x(169) - 0.15075*x(171) - 0.15975*x(173) - 0.23775*x(175) - 0.1935*x(177) - 0.11775*x(179) - 0.0942*x(181) - 0.0816*x(183) - 0.1095*x(185) - 0.129*x(187) - 0.1065*x(189) - 0.16725*x(191) - 0.1215*x(193) - 0.153*x(195) - 0.1065*x(197) - 0.1116*x(199) - 0.1395*x(201) - 0.159*x(203) - 0.1365*x(205) - 0.19725*x(207) - 0.183*x(209) - 0.1365*x(211) - 0.0414*x(213) - 0.0831*x(215) - 0.0966*x(217) - 0.1245*x(219) - 0.144*x(221) - 0.1215*x(223) - 0.18225*x(225) - 0.1365*x(227) - 0.168*x(229) - 0.1215*x(231) - 0.0705*x(233) - 0.0675*x(235) - 0.0414*x(237) - 0.0831*x(239) - 0.0966*x(241) - 0.1245*x(243) - 0.144*x(245) - 0.1215*x(247) - 0.18225*x(249) - 0.1365*x(251) - 0.168*x(253) - 0.1215*x(255) - 0.1197*x(257) - 0.1368*x(260) - 0.1905*x(262) - 0.2403*x(264) - 0.17445*x(266) - 0.285*x(268) - 0.4635*x(270) - 0.408*x(272) - 0.0723*x(274) - 0.1905*x(276) - 0.17415*x(278) - 0.222*x(280) - 0.015*x(282) + x(503) =E= 0 ; (LHS = 0)
     

---- con6  =E=  

con6..  - 0.0749443261489362*x(56) - 0.0749443261489362*x(57) - 0.0812922384893617*x(58) - 0.0812922384893617*x(59) - 0.0466769794042553*x(60) - 0.0466769794042553*x(61) - 0.0472332046382979*x(62) - 0.0472332046382979*x(63) - 0.209381657106383*x(64) - 0.209381657106383*x(65) - 0.0365485420992908*x(66) - 0.0365485420992908*x(67) - 0.0723014274042553*x(68) - 0.0723014274042553*x(69) - 0.054716719035461*x(70) - 0.054716719035461*x(71) - 0.0584481848510638*x(72) - 0.0584481848510638*x(73) - 0.0433946392765957*x(74) - 0.0433946392765957*x(75) - 0.0390626549219858*x(76) - 0.0390626549219858*x(77) - 0.0361777252765958*x(78) - 0.0361777252765958*x(79) - 0.054716719035461*x(80) - 0.054716719035461*x(81) - 0.0390626549219858*x(82) - 0.0390626549219858*x(83) - 0.100024880042553*x(84) - 0.100024880042553*x(85) - 0.048888413106383*x(86) - 0.048888413106383*x(87) - 0.0665452212765957*x(88) - 0.0665452212765957*x(89) - 0.0908148270212766*x(90) - 0.0908148270212766*x(91) - 0.262341674553191*x(92) - 0.262341674553191*x(93) - 0.0864874325531915*x(94) - 0.0864874325531915*x(95) - 0.103778404468085*x(96) - 0.103778404468085*x(97) - 0.0614929468085106*x(98) - 0.0614929468085106*x(99) - 0.0621223538723404*x(100) - 0.0621223538723404*x(101) - 0.0612729140851064*x(102) - 0.0612729140851064*x(103) - 0.150465308340426*x(104) - 0.150465308340426*x(105) - 0.110684489531915*x(106) - 0.110684489531915*x(107) - 0.0287166645106383*x(108) - 0.0287166645106383*x(109) - 0.0655690683404255*x(110) - 0.0655690683404255*x(111) - 0.204570906510638*x(112) - 0.204570906510638*x(113) - 0.0415616921702128*x(114) - 0.0415616921702128*x(115) - 0.0248464373333333*x(116) - 0.0248464373333333*x(117) - 0.0342607862695036*x(118) - 0.0342607862695036*x(119) - 0.0349358201489362*x(120) - 0.0349358201489362*x(121) - 0.0340665645390071*x(122) - 0.0340665645390071*x(123) - 0.0612821695319149*x(124) - 0.0612821695319149*x(125) - 0.0451118938723404*x(126) - 0.0451118938723404*x(127) - 0.032555456*x(128) - 0.032555456*x(129) - 0.0318630361702128*x(130) - 0.0318630361702128*x(131) - 0.0520628610638298*x(132) - 0.0520628610638298*x(133) - 0.0555795455319149*x(134) - 0.0555795455319149*x(135) - 0.0233454029787234*x(136) - 0.0233454029787234*x(137) - 0.0614929468085106*x(138) - 0.0614929468085106*x(139) - 0.0621223538723404*x(140) - 0.0621223538723404*x(141) - 0.0612729140851064*x(142) - 0.0612729140851064*x(143) - 0.150465308340426*x(144) - 0.150465308340426*x(145) - 0.110684489531915*x(146) - 0.110684489531915*x(147) - 0.0287166645106383*x(148) - 0.0287166645106383*x(149) - 0.0655690683404255*x(150) - 0.0655690683404255*x(151) - 0.204570906510638*x(152) - 0.204570906510638*x(153) - 0.0415616921702128*x(154) - 0.0415616921702128*x(155) - 0.0248464373333333*x(156) - 0.0248464373333333*x(157) - 0.0342607862695036*x(158) - 0.0342607862695036*x(159) - 0.0349358201489362*x(160) - 0.0349358201489362*x(161) - 0.0340665645390071*x(162) - 0.0340665645390071*x(163) - 0.0612821695319149*x(164) - 0.0612821695319149*x(165) - 0.0451118938723404*x(166) - 0.0451118938723404*x(167) - 0.032555456*x(168) - 0.032555456*x(169) - 0.0318630361702128*x(170) - 0.0318630361702128*x(171) - 0.0520628610638298*x(172) - 0.0520628610638298*x(173) - 0.0555795455319149*x(174) - 0.0555795455319149*x(175) - 0.0233454029787234*x(176) - 0.0233454029787234*x(177) - 0.0579952513510638*x(178) - 0.0579952513510638*x(179) - 0.0463962010808511*x(180) - 0.0463962010808511*x(181) - 0.0339719823404255*x(182) - 0.0339719823404255*x(183) - 0.0745698946808511*x(184) - 0.0745698946808511*x(185) - 0.0436668229148936*x(186) - 0.0436668229148936*x(187) - 0.0280789989361702*x(188) - 0.0280789989361702*x(189) - 0.0678973908510638*x(190) - 0.0678973908510638*x(191) - 0.0332818436170213*x(192) - 0.0332818436170213*x(193) - 0.0683928287234043*x(194) - 0.0683928287234043*x(195) - 0.072323679787234*x(196) - 0.072323679787234*x(197) - 0.0296457680851064*x(198) - 0.0296457680851064*x(199) - 0.0702436804255319*x(200) - 0.0702436804255319*x(201) - 0.0393406086595745*x(202) - 0.0393406086595745*x(203) - 0.0237527846808511*x(204) - 0.0237527846808511*x(205) - 0.0635711765957447*x(206) - 0.0635711765957447*x(207) - 0.0640666144680851*x(208) - 0.0640666144680851*x(209) - 0.0679974655319149*x(210) - 0.0679974655319149*x(211) - 0.0178166144680851*x(212) - 0.0178166144680851*x(213) - 0.0643533982978723*x(214) - 0.0643533982978723*x(215) - 0.0293545855319149*x(216) - 0.0293545855319149*x(217) - 0.0699524978723404*x(218) - 0.0699524978723404*x(219) - 0.039049426106383*x(220) - 0.039049426106383*x(221) - 0.0234616021276596*x(222) - 0.0234616021276596*x(223) - 0.0632799940425532*x(224) - 0.0632799940425532*x(225) - 0.0286644468085106*x(226) - 0.0286644468085106*x(227) - 0.0637754319148936*x(228) - 0.0637754319148936*x(229) - 0.0677062829787234*x(230) - 0.0677062829787234*x(231) - 0.0198298092765957*x(232) - 0.0198298092765957*x(233) - 0.0147327386382979*x(234) - 0.0147327386382979*x(235) - 0.0178166144680851*x(236) - 0.0178166144680851*x(237) - 0.0643533982978723*x(238) - 0.0643533982978723*x(239) - 0.0293545855319149*x(240) - 0.0293545855319149*x(241) - 0.0699524978723404*x(242) - 0.0699524978723404*x(243) - 0.039049426106383*x(244) - 0.039049426106383*x(245) - 0.0234616021276596*x(246) - 0.0234616021276596*x(247) - 0.0632799940425532*x(248) - 0.0632799940425532*x(249) - 0.0286644468085106*x(250) - 0.0286644468085106*x(251) - 0.0637754319148936*x(252) - 0.0637754319148936*x(253) - 0.0677062829787234*x(254) - 0.0677062829787234*x(255) - 0.001764264*x(256) - 0.001764264*x(257) - 0.004819926*x(258) - 0.03908528*x(259) - 0.03908528*x(260) - 0.0079285*x(261) - 0.0079285*x(262) - 0.005562812*x(263) - 0.005562812*x(264) - 0.003284268*x(265) - 0.003284268*x(266) - 0.0112856*x(267) - 0.0112856*x(268) - 0.011857*x(269) - 0.011857*x(270) - 0.015857*x(271) - 0.015857*x(272) - 0.003897072*x(273) - 0.003897072*x(274) - 0.086856*x(275) - 0.086856*x(276) - 0.00982135*x(277) - 0.00982135*x(278) - 0.002*x(279) - 0.002*x(280) - 0.0205982*x(281) - 0.0205982*x(282) + x(502) =E= 0 ; (LHS = 0)
     

---- con7  =E=  

con7..  x(55) - x(457) =E= 0 ; (LHS = 0)
     

---- con8  =E=  

con8..  x(54) - x(456) =E= 0 ; (LHS = 0)
     

---- con9  =E=  

con9..  x(53) - x(455) =E= 0 ; (LHS = 0)
     

---- con10  =E=  

con10..  x(52) - x(454) =E= 0 ; (LHS = 0)
     

---- con11  =E=  

con11..  x(51) - x(453) =E= 0 ; (LHS = 0)
     

---- con12  =E=  

con12..  x(50) - x(452) =E= 0 ; (LHS = 0)
     

---- con13  =E=  

con13..  x(49) - x(451) + x(496) =E= 0 ; (LHS = 0)
     

---- con14  =E=  

con14..  x(48) - x(450) + x(495) =E= 0 ; (LHS = 0)
     

---- con15  =E=  

con15..  x(47) - x(449) - x(465) =E= 0 ; (LHS = 0)
     

---- con16  =E=  

con16..  x(46) - x(448) =E= 0 ; (LHS = 0)
     

---- con17  =E=  

con17..  x(45) - x(447) =E= 0 ; (LHS = 0)
     

---- con18  =E=  

con18..  x(44) - x(446) =E= 0 ; (LHS = 0)
     

---- con19  =E=  

con19..  x(43) - x(445) =E= 0 ; (LHS = 0)
     

---- con20  =E=  

con20..  x(42) - x(444) =E= 0 ; (LHS = 0)
     

---- con21  =E=  

con21..  x(41) - x(443) + x(494) =E= 0 ; (LHS = 0)
     

---- con22  =E=  

con22..  x(40) - x(442) + x(493) =E= 0 ; (LHS = 0)
     

---- con23  =E=  

con23..  x(39) - x(441) + x(492) =E= 0 ; (LHS = 0)
     

---- con24  =E=  

con24..  x(38) - x(440) + x(491) =E= 0 ; (LHS = 0)
     

---- con25  =E=  

con25..  x(37) - x(439) + x(490) =E= 0 ; (LHS = 0)
     

---- con26  =E=  

con26..  x(36) - x(438) + x(489) =E= 0 ; (LHS = 0)
     

---- con27  =E=  

con27..  x(35) - x(437) + x(488) =E= 0 ; (LHS = 0)
     

---- con28  =E=  

con28..  x(34) - x(436) + x(487) =E= 0 ; (LHS = 0)
     

---- con29  =E=  

con29..  x(33) - x(435) + x(486) =E= 0 ; (LHS = 0)
     

---- con30  =E=  

con30..  x(32) - x(434) =E= 0 ; (LHS = 0)
     

---- con31  =E=  

con31..  x(31) - x(433) + x(485) =E= 0 ; (LHS = 0)
     

---- con32  =E=  

con32..  x(30) - x(432) =E= 0 ; (LHS = 0)
     

---- con33  =E=  

con33..  x(29) - x(431) =E= 0 ; (LHS = 0)
     

---- con34  =E=  

con34..  x(28) - x(430) =E= 0 ; (LHS = 0)
     

---- con35  =E=  

con35..  x(27) - x(429) + x(484) =E= 0 ; (LHS = 0)
     

---- con36  =E=  

con36..  x(26) - x(428) + x(483) =E= 0 ; (LHS = 0)
     

---- con37  =E=  

con37..  x(25) - x(427) + x(482) =E= 0 ; (LHS = 0)
     

---- con38  =E=  

con38..  x(24) - x(426) + x(481) =E= 0 ; (LHS = 0)
     

---- con39  =E=  

con39..  x(23) - x(425) =E= 0 ; (LHS = 0)
     

---- con40  =E=  

con40..  x(22) - x(424) + x(480) =E= 0 ; (LHS = 0)
     

---- con41  =E=  

con41..  - x(423) + x(499) =E= 0 ; (LHS = 0)
     

---- con42  =E=  

con42..  x(21) - x(422) =E= 0 ; (LHS = 0)
     

---- con43  =E=  

con43..  x(20) - x(421) =E= 0 ; (LHS = 0)
     

---- con44  =E=  

con44..  - x(420) + x(498) =E= 0 ; (LHS = 0)
     

---- con45  =E=  

con45..  - x(419) + x(497) =E= 0 ; (LHS = 0)
     

---- con46  =E=  

con46..  x(19) - x(418) + x(479) =E= 0 ; (LHS = 0)
     

---- con47  =E=  

con47..  x(18) - x(417) + x(478) =E= 0 ; (LHS = 0)
     

---- con48  =E=  

con48..  x(17) - x(416) =E= 0 ; (LHS = 0)
     

---- con49  =E=  

con49..  x(16) - x(415) + x(477) =E= 0 ; (LHS = 0)
     

---- con50  =E=  

con50..  x(15) - x(414) + x(476) =E= 0 ; (LHS = 0)
     

---- con51  =E=  

con51..  x(14) - x(413) =E= 0 ; (LHS = 0)
     

---- con52  =E=  

con52..  x(13) - x(412) =E= 0 ; (LHS = 0)
     

---- con53  =E=  

con53..  x(12) - x(411) + x(475) =E= 0 ; (LHS = 0)
     

---- con54  =E=  

con54..  x(11) - x(410) + x(474) =E= 0 ; (LHS = 0)
     

---- con55  =E=  

con55..  x(10) - x(409) + x(473) =E= 0 ; (LHS = 0)
     

---- con56  =E=  

con56..  x(9) - x(408) + x(472) =E= 0 ; (LHS = 0)
     

---- con57  =E=  

con57..  x(8) - x(407) + x(471) =E= 0 ; (LHS = 0)
     

---- con58  =E=  

con58..  x(7) - x(406) + x(470) =E= 0 ; (LHS = 0)
     

---- con59  =E=  

con59..  x(6) - x(405) + x(469) =E= 0 ; (LHS = 0)
     

---- con60  =E=  

con60..  x(5) - x(404) + x(468) =E= 0 ; (LHS = 0)
     

---- con61  =E=  

con61..  x(4) - x(403) - x(464) =E= 0 ; (LHS = 0)
     

---- con62  =E=  

con62..  x(3) - x(402) + x(467) =E= 0 ; (LHS = 0)
     

---- con63  =E=  

con63..  x(2) - x(401) =E= 0 ; (LHS = 0)
     

---- con64  =E=  

con64..  x(1) - x(400) + x(466) =E= 0 ; (LHS = 0)
     

---- con65  =E=  

con65..  - 0.0025*x(327) + x(391) =E= 0 ; (LHS = 0)
     

---- con66  =E=  

con66..  - x(506) - x(507) - x(508) - x(509) - x(510) - x(511) - x(512) - x(513) - x(514) - x(515) - x(516) - x(517) + x(518) =E= 0 ; (LHS = 0)
     

---- con67  =E=  

con67..  - 0.031913331610474*x(283) - 0.226791930631412*x(284) - 0.0143217030603732*x(285) - 0.0776436707184897*x(286) + 0.203145472747501*x(287) - 0.0833972567356268*x(288) - 0.100940477320103*x(289) - 0.338243224807945*x(290) - 0.445406035196917*x(291) - 0.806543166491343*x(292) + 0.692263016710131*x(293) - 0.0115821184545699*x(294) + 0.0367570464408183*x(295) + 0.0665591790370616*x(296) + 0.0262096842768693*x(297) - 0.00933111233310998*x(298) - 0.00405495748649905*x(299) - 0.0378057526947761*x(300) - 0.00568247851544407*x(301) - 0.140457184776272*x(302) - 0.0152496047982581*x(303) + 0.002542622644689*x(304) + 0.221231188857671*x(305) - 0.198610454582227*x(306) - 0.401981908604939*x(307) - 0.75015370875796*x(308) - 0.313499999173318*x(309) - 0.00573989997310486*x(310) + 0.0013979470281692*x(311) + 0.0420336397159571*x(312) - 0.0333379609570349*x(313) - 0.30015775031931*x(314) + 0.271801747950431*x(315) + 0.00912394740629463*x(318) + 0.195646021812455*x(319) - 0.000200223613788152*x(321) + 0.000269125052339027*x(322) + 0.00121982196317185*x(323) + 0.00387569006896487*x(324) + 0.00984260275446026*x(325) - 0.000227136538420274*x(327) - x(511) + x(517) =E= 0 ; (LHS = -32.660283169433, INFES = 32.660283169433 ****)
     

---- con68  =E=  

con68..  0.175605838509799*x(283) + 0.00537630716207707*x(284) + 0.182335787463039*x(285) + 0.156249701459856*x(286) - 0.0143100775375329*x(287) + 0.284614731518623*x(288) - 0.00702315345080564*x(289) - 0.034640202168436*x(290) + 0.595471836287764*x(291) - 0.199158952813324*x(292) - 2.79952965120981*x(293) + 0.0706112100697327*x(294) - 0.116033634078084*x(295) - 0.0400045973865976*x(296) - 0.0747485795564116*x(297) + 0.000728409058235982*x(298) - 0.00518742686035192*x(299) + 0.0442975250218873*x(300) - 0.00523854800497003*x(301) + 0.137570135561959*x(302) + 0.1117787028835*x(303) - 0.00115626155615809*x(304) - 0.0727842953997988*x(305) + 0.137769953410339*x(306) + 0.662829537607081*x(307) + 0.892491245788456*x(308) + 0.712150930644622*x(309) - 0.0428567761491106*x(310) - 0.049848743873486*x(311) - 0.127388638222498*x(312) - 0.165784120003059*x(313) - 0.0598965467735032*x(314) - 0.0359300221387243*x(315) + 0.0458760628199885*x(318) - 0.190923087928814*x(319) - 0.000517901564532166*x(321) - 0.00122847736773975*x(322) - 0.00192963342024012*x(323) - 0.00553410729854663*x(324) - 0.00759402577951847*x(325) + 0.000521345690800302*x(327) - x(510) + x(516) =E= 0 ; (LHS = 166.382191040827, INFES = 166.382191040827 ****)
     

---- con69  =E=  

con69..  - 0.169215290144194*x(283) + 0.441246432926617*x(284) + 0.23868999273213*x(285) + 0.125438877329176*x(286) - 0.239894839396269*x(287) - 0.000638612609344591*x(288) + 0.234549340770351*x(289) + 0.600581955572449*x(290) + 0.0222735670120364*x(291) + 1.3801240041498*x(292) + 4.43687112904058*x(293) - 0.0614116185687676*x(294) + 0.177621673803098*x(295) - 0.0455969208670032*x(296) + 0.0230241885553341*x(297) + 0.012654388971437*x(298) - 0.00120969689859571*x(299) + 0.17983529301776*x(300) - 0.00152772376267174*x(301) + 0.116739859923383*x(302) - 0.0792469222170056*x(303) + 5.41898154068718E-5*x(304) - 0.407529272867278*x(305) + 0.0786628859348888*x(306) + 0.0134267513711861*x(307) + 0.578080025299693*x(308) - 0.120127763189792*x(309) + 0.0379665639387813*x(310) + 0.12191666153015*x(311) + 0.06386946226048*x(312) + 0.111567836655395*x(313) + 0.281007408104396*x(314) - 0.263122662675316*x(315) - 0.0423271495988071*x(318) - 0.027804492522715*x(319) + 0.000605958647398993*x(321) - 0.000528759516207415*x(322) - 0.000190010310999589*x(323) - 0.000986154184423975*x(324) - 0.0111145677688227*x(325) + 0.0002359902140142*x(327) - x(509) + x(515) =E= 0 ; (LHS = 18.194147992437, INFES = 18.194147992437 ****)
     

---- con70  =E=  

con70..  0.0395812402009312*x(283) - 0.0561644009993184*x(284) - 0.698483977109272*x(285) - 0.229234984276206*x(286) - 0.109388934669541*x(287) - 0.404581441197794*x(288) - 0.119716745058575*x(289) + 0.153434965707811*x(290) - 0.106236593549853*x(291) + 0.397459074153664*x(292) - 4.24362338736642*x(293) - 0.0667118193134637*x(294) - 0.15160294557397*x(295) - 0.0743712226734609*x(296) + 0.0339338337216825*x(297) + 0.0016987405775199*x(298) + 0.0131711429350012*x(299) - 0.231543388498944*x(300) + 0.0149500663085567*x(301) - 0.0728342589019303*x(302) - 0.112320976381292*x(303) - 0.00918526512302597*x(304) + 0.244931638767674*x(305) + 0.189494099316948*x(306) - 0.27522634811952*x(307) - 0.616671386999569*x(308) - 0.32549180511746*x(309) + 0.0345345648376222*x(310) + 0.0555986328982043*x(311) + 0.147055758568173*x(312) + 0.258377494363056*x(313) + 0.471552173002902*x(314) - 0.146997259898772*x(315) - 0.00346313735214147*x(318) - 0.131785192690758*x(319) + 0.000305033774333112*x(321) + 0.0021074704582767*x(322) + 0.00109118840303404*x(323) + 0.0018206133111218*x(324) + 0.00269267803984441*x(325) - 0.000602878781930587*x(327) - x(508) + x(514) =E= 0 ; (LHS = -219.038378650365, INFES = 219.038378650365 ****)
     

---- con71  =E=  

con71..  - 0.114373305956105*x(283) - 0.0989560722724848*x(284) + 0.0231633414718664*x(285) - 0.154627115682097*x(286) - 0.020024666059494*x(287) + 0.089606077827255*x(288) + 0.0685804682098309*x(289) - 0.278838865419492*x(290) - 0.00920468310288874*x(291) - 0.105938517046776*x(292) + 2.9134369088995*x(293) + 0.0931242463271424*x(294) + 0.0506901738468901*x(295) + 0.112755702309014*x(296) + 0.0310056637319337*x(297) + 0.0023812773632558*x(298) + 0.0183112996996887*x(299) - 0.0645804386690687*x(300) + 0.0240496232680029*x(301) - 0.0525456803327697*x(302) + 0.0915159318708886*x(303) + 0.0101198938010202*x(304) - 0.0822942216226979*x(305) - 0.173004397168789*x(306) - 0.131236165278172*x(307) - 0.320093741263988*x(308) - 0.269736826907604*x(309) + 0.0171577829703789*x(310) - 0.28454201003376*x(311) - 0.186333549607578*x(312) - 0.0216322138948846*x(313) - 0.0457516316284308*x(314) - 0.131926143373776*x(315) - 0.0952162648107212*x(318) + 0.132446105602645*x(319) + 0.000644780836206157*x(321) + 0.000939621841332673*x(322) + 7.07799203185667E-6*x(323) + 0.0020752147803903*x(324) + 0.00912143657255192*x(325) - 0.000451913149281309*x(327) - x(507) + x(513) =E= 0 ; (LHS = -118.733034992728, INFES = 118.733034992728 ****)
     

---- con72  =E=  

con72..  0.100314849000043*x(283) - 0.0647103361854801*x(284) + 0.268616558502609*x(285) + 0.17981719188776*x(286) + 0.180473044915335*x(287) + 0.114396501196888*x(288) - 0.0754494331506983*x(289) - 0.102294628884388*x(290) - 0.0568980914501427*x(291) - 0.665942441952024*x(292) - 0.999418016073987*x(293) - 0.024029900060074*x(294) + 0.00256768556124712*x(295) - 0.0193421404190133*x(296) - 0.039424790729408*x(297) - 0.00813170363733893*x(298) - 0.0210303613892431*x(299) + 0.109796761823141*x(300) - 0.0265509392934737*x(301) + 0.0115271285256296*x(302) + 0.00352286864216634*x(303) - 0.00237517958193184*x(304) + 0.0964449622644304*x(305) - 0.0343120869111596*x(306) + 0.132188133024363*x(307) + 0.216347565933369*x(308) + 0.316705463743553*x(309) - 0.0410622356245671*x(310) + 0.155477512450723*x(311) + 0.0607633272854661*x(312) - 0.149191036163473*x(313) - 0.346753652386056*x(314) + 0.306174340136158*x(315) + 0.0860065415353869*x(318) + 0.0224206457271883*x(319) - 0.000837648079617947*x(321) - 0.00155898046800124*x(322) - 0.000198444626998043*x(323) - 0.00125125667750635*x(324) - 0.00294812381851541*x(325) + 0.000524592564817671*x(327) - x(506) + x(512) =E= 0 ; (LHS = 185.855357779263, INFES = 185.855357779263 ****)
     

---- con73  =E=  

con73..  - 0.9*x(281) - 0.9*x(282) + x(365) =E= 0 ; (LHS = 0)
     

---- con74  =E=  

con74..  - 0.35*x(279) - 0.35*x(280) + x(364) =E= 0 ; (LHS = 0)
     

---- con75  =E=  

con75..  - 6.16*x(277) - 6.16*x(278) + x(363) =E= 0 ; (LHS = 0)
     

---- con76  =E=  

con76..  - 15.6*x(275) - 15.6*x(276) + x(362) =E= 0 ; (LHS = 0)
     

---- con77  =E=  

con77..  - 4.41*x(273) - 4.41*x(274) + x(361) =E= 0 ; (LHS = 0)
     

---- con78  =E=  

con78..  - 4.35*x(271) - 4.35*x(272) + x(360) =E= 0 ; (LHS = 0)
     

---- con79  =E=  

con79..  - 4.7*x(269) - 4.7*x(270) + x(359) =E= 0 ; (LHS = 0)
     

---- con80  =E=  

con80..  - 4.04*x(267) - 4.04*x(268) + x(358) =E= 0 ; (LHS = 0)
     

---- con81  =E=  

con81..  - 9.81*x(265) - 9.81*x(266) + x(357) =E= 0 ; (LHS = 0)
     

---- con82  =E=  

con82..  - 5.852*x(263) - 5.852*x(264) + x(356) =E= 0 ; (LHS = 0)
     

---- con83  =E=  

con83..  - 4.029*x(261) - 4.029*x(262) + x(355) =E= 0 ; (LHS = 0)
     

---- con84  =E=  

con84..  - 22.8*x(259) - 22.8*x(260) + x(354) =E= 0 ; (LHS = 0)
     

---- con85  =E=  

con85..  - 6.316*x(258) + x(353) =E= 0 ; (LHS = 0)
     

---- con86  =E=  

con86..  - 0.912*x(256) - 0.912*x(257) + x(352) =E= 0 ; (LHS = 0)
     

---- con87  =E=  

con87..  - 0.416666666666667*x(116) - 0.416666666666667*x(117) - 0.625*x(128) - 0.625*x(129) - 0.625*x(130) - 0.625*x(131) - 0.625*x(136) - 0.625*x(137) - 0.416666666666667*x(156) - 0.416666666666667*x(157) - 0.625*x(168) - 0.625*x(169) - 0.625*x(170) - 0.625*x(171) - 0.625*x(176) - 0.625*x(177) + x(350) =E= 0 ; (LHS = 0)
     

---- con88  =E=  

con88..  - 0.4*x(74) - 0.4*x(75) - 0.533333333333333*x(116) - 0.533333333333333*x(117) - 0.533333333333333*x(118) - 0.533333333333333*x(119) - 0.533333333333333*x(156) - 0.533333333333333*x(157) - 0.533333333333333*x(158) - 0.533333333333333*x(159) + x(349) =E= 0 ; (LHS = 0)
     

---- con89  =E=  

con89..  - 0.775*x(178) - 0.775*x(179) - 0.62*x(180) - 0.62*x(181) - 1.55*x(196) - 1.55*x(197) - 1.55*x(210) - 1.55*x(211) - 1.55*x(230) - 1.55*x(231) - 1.55*x(254) - 1.55*x(255) + x(348) =E= 0 ; (LHS = 0)
     

---- con90  =E=  

con90..  - 5.5*x(114) - 5.5*x(115) - 3.66666666666667*x(126) - 3.66666666666667*x(127) - 5.5*x(130) - 5.5*x(131) - 5.5*x(154) - 5.5*x(155) - 3.66666666666667*x(166) - 3.66666666666667*x(167) - 5.5*x(170) - 5.5*x(171) + x(347) =E= 0 ; (LHS = 0)
     

---- con91  =E=  

con91..  - 6.1*x(70) - 6.1*x(71) - 4.575*x(74) - 4.575*x(75) - 6.1*x(80) - 6.1*x(81) - 6.1*x(106) - 6.1*x(107) - 12.2*x(124) - 12.2*x(125) - 6.1*x(146) - 6.1*x(147) - 12.2*x(164) - 12.2*x(165) - 5.2*x(194) - 5.2*x(195) - 5.2*x(208) - 5.2*x(209) - 5.2*x(228) - 5.2*x(229) - 5.2*x(252) - 5.2*x(253) + x(346) =E= 0 ; (LHS = 0)
     

---- con92  =E=  

con92..  - 0.45*x(190) - 0.45*x(191) - 0.45*x(206) - 0.45*x(207) - 0.45*x(224) - 0.45*x(225) - 0.45*x(248) - 0.45*x(249) + x(345) =E= 0 ; (LHS = 0)
     

---- con93  =E=  

con93..  - 10.0725*x(56) - 10.0725*x(57) - 10.0725*x(58) - 10.0725*x(59) - 20.145*x(62) - 20.145*x(63) - 13.43*x(66) - 13.43*x(67) - 13.43*x(110) - 13.43*x(111) - 13.43*x(126) - 13.43*x(127) - 13.43*x(150) - 13.43*x(151) - 13.43*x(166) - 13.43*x(167) + x(344) =E= 0 ; (LHS = 0)
     

---- con94  =E=  

con94..  - 0.4625*x(60) - 0.4625*x(61) - 0.308333333333333*x(70) - 0.308333333333333*x(71) - 0.308333333333333*x(72) - 0.308333333333333*x(73) - 0.23125*x(74) - 0.23125*x(75) - 0.308333333333333*x(76) - 0.308333333333333*x(77) - 0.308333333333333*x(78) - 0.308333333333333*x(79) - 0.308333333333333*x(80) - 0.308333333333333*x(81) - 0.308333333333333*x(82) - 0.308333333333333*x(83) - 0.69375*x(86) - 0.69375*x(87) - 0.4625*x(88) - 0.4625*x(89) - 0.308333333333333*x(118) - 0.308333333333333*x(119) - 0.616666666666667*x(122) - 0.616666666666667*x(123) - 0.308333333333333*x(158) - 0.308333333333333*x(159) - 0.616666666666667*x(162) - 0.616666666666667*x(163) + x(343) =E= 0 ; (LHS = 0)
     

---- con95  =E=  

con95..  - 1.6*x(68) - 1.6*x(69) - 1.2*x(134) - 1.2*x(135) - 1.2*x(174) - 1.2*x(175) + x(342) =E= 0 ; (LHS = 0)
     

---- con96  =E=  

con96..  - 0.566666666666667*x(66) - 0.566666666666667*x(67) - 0.566666666666667*x(78) - 0.566666666666667*x(79) - 0.85*x(94) - 0.85*x(95) - 0.85*x(108) - 0.85*x(109) - 0.85*x(148) - 0.85*x(149) - 0.575*x(188) - 0.575*x(189) - 0.575*x(204) - 0.575*x(205) - 0.575*x(222) - 0.575*x(223) - 0.575*x(246) - 0.575*x(247) + x(341) =E= 0 ; (LHS = 0)
     

---- con97  =E=  

con97..  - 4.175*x(58) - 4.175*x(59) - 2.0875*x(84) - 2.0875*x(85) - 2.0875*x(90) - 2.0875*x(91) - 2.0875*x(92) - 2.0875*x(93) - 2.0875*x(94) - 2.0875*x(95) + x(340) =E= 0 ; (LHS = 0)
     

---- con98  =E=  

con98..  - 10.8*x(64) - 10.8*x(65) - 4.05*x(84) - 4.05*x(85) - 4.05*x(90) - 4.05*x(91) - 4.05*x(92) - 4.05*x(93) - 4.05*x(94) - 4.05*x(95) - 10.8*x(106) - 10.8*x(107) - 10.8*x(146) - 10.8*x(147) + x(339) =E= 0 ; (LHS = 0)
     

---- con99  =E=  

con99..  - 4*x(56) - 4*x(57) - 2*x(84) - 2*x(85) - 2*x(90) - 2*x(91) - 2*x(92) - 2*x(93) - 2*x(94) - 2*x(95) - 5.33333333333333*x(96) - 5.33333333333333*x(97) + x(338) =E= 0 ; (LHS = 0)
     

---- con100  =E=  

con100..  - 6.2*x(96) - 6.2*x(97) - 9.3*x(120) - 9.3*x(121) - 9.3*x(160) - 9.3*x(161) - 4.6*x(192) - 4.6*x(193) - 4.6*x(226) - 4.6*x(227) - 4.6*x(250) - 4.6*x(251) + x(337) =E= 0 ; (LHS = 0)
     

---- con101  =E=  

con101..  - 4.63333333333333*x(64) - 4.63333333333333*x(65) - 6.95*x(92) - 6.95*x(93) - 4.63333333333333*x(104) - 4.63333333333333*x(105) - 6.95*x(112) - 6.95*x(113) - 4.63333333333333*x(144) - 4.63333333333333*x(145) - 6.95*x(152) - 6.95*x(153) + x(336) =E= 0 ; (LHS = 0)
     

---- con102  =E=  

con102..  - 0.25*x(178) - 0.25*x(179) - 0.2*x(180) - 0.2*x(181) - 0.5*x(186) - 0.5*x(187) - 0.5*x(202) - 0.5*x(203) - 0.5*x(220) - 0.5*x(221) - 0.5*x(244) - 0.5*x(245) + x(335) =E= 0 ; (LHS = 0)
     

---- con103  =E=  

con103..  - 0.375*x(58) - 0.375*x(59) - 0.1875*x(84) - 0.1875*x(85) - 0.1875*x(90) - 0.1875*x(91) - 0.1875*x(92) - 0.1875*x(93) - 0.1875*x(94) - 0.1875*x(95) - 0.5*x(96) - 0.5*x(97) - 0.5*x(110) - 0.5*x(111) - 0.5*x(150) - 0.5*x(151) + x(334) =E= 0 ; (LHS = 0)
     

---- con104  =E=  

con104..  - 0.9*x(102) - 0.9*x(103) - 0.9*x(132) - 0.9*x(133) - 0.9*x(142) - 0.9*x(143) - 0.9*x(172) - 0.9*x(173) - 0.45*x(184) - 0.45*x(185) - 0.45*x(200) - 0.45*x(201) - 0.45*x(214) - 0.45*x(215) - 0.45*x(218) - 0.45*x(219) - 0.45*x(238) - 0.45*x(239) - 0.45*x(242) - 0.45*x(243) + x(333) =E= 0 ; (LHS = 0)
     

---- con105  =E=  

con105..  - 1.15*x(198) - 1.15*x(199) - 1.15*x(200) - 1.15*x(201) - 1.15*x(202) - 1.15*x(203) - 1.15*x(204) - 1.15*x(205) - 1.15*x(206) - 1.15*x(207) - 1.15*x(208) - 1.15*x(209) - 1.15*x(210) - 1.15*x(211) - x(234) - x(235) + x(332) =E= 0 ; (LHS = 0)
     

---- con106  =E=  

con106..  - 1.54*x(72) - 1.54*x(73) - 2.31*x(88) - 2.31*x(89) - 3.465*x(98) - 3.465*x(99) - 2.31*x(100) - 2.31*x(101) - 3.465*x(138) - 3.465*x(139) - 2.31*x(140) - 2.31*x(141) + x(331) =E= 0 ; (LHS = 0)
     

---- con107  =E=  

con107..  - 0.75*x(216) - 0.75*x(217) - 0.75*x(218) - 0.75*x(219) - 0.75*x(220) - 0.75*x(221) - 0.75*x(222) - 0.75*x(223) - 0.75*x(224) - 0.75*x(225) - 0.75*x(226) - 0.75*x(227) - 0.75*x(228) - 0.75*x(229) - 0.75*x(230) - 0.75*x(231) - 0.75*x(240) - 0.75*x(241) - 0.75*x(242) - 0.75*x(243) - 0.75*x(244) - 0.75*x(245) - 0.75*x(246) - 0.75*x(247) - 0.75*x(248) - 0.75*x(249) - 0.75*x(250) - 0.75*x(251) - 0.75*x(252) - 0.75*x(253) - 0.75*x(254) - 0.75*x(255) + x(330) =E= 0 ; (LHS = 0)
     

---- con108  =E=  

con108..  - 1.175*x(56) - 1.175*x(57) - 1.56666666666667*x(76) - 1.56666666666667*x(77) - 1.56666666666667*x(82) - 1.56666666666667*x(83) - 2.35*x(90) - 2.35*x(91) - 2.35*x(132) - 2.35*x(133) - 2.35*x(134) - 2.35*x(135) - 2.35*x(136) - 2.35*x(137) - 2.35*x(172) - 2.35*x(173) - 2.35*x(174) - 2.35*x(175) - 2.35*x(176) - 2.35*x(177) - 0.85*x(182) - 0.85*x(183) - 0.85*x(198) - 0.85*x(199) - 1.275*x(212) - 1.275*x(213) - 0.85*x(214) - 0.85*x(215) - 0.85*x(216) - 0.85*x(217) - 1.275*x(236) - 1.275*x(237) - 0.85*x(238) - 0.85*x(239) - 0.85*x(240) - 0.85*x(241) + x(329) =E= 0 ; (LHS = 0)
     

---- con109  =E=  

con109..  - 0.85*x(56) - 0.85*x(57) - 0.85*x(58) - 0.85*x(59) - 1.7*x(60) - 1.7*x(61) - 1.7*x(62) - 1.7*x(63) - 1.13333333333333*x(64) - 1.13333333333333*x(65) - 1.13333333333333*x(66) - 1.13333333333333*x(67) - 1.13333333333333*x(68) - 1.13333333333333*x(69) - 1.13333333333333*x(70) - 1.13333333333333*x(71) - 1.13333333333333*x(72) - 1.13333333333333*x(73) - 0.85*x(74) - 0.85*x(75) - 1.13333333333333*x(76) - 1.13333333333333*x(77) - 1.13333333333333*x(78) - 1.13333333333333*x(79) - 1.13333333333333*x(80) - 1.13333333333333*x(81) - 1.13333333333333*x(82) - 1.13333333333333*x(83) - 1.7*x(84) - 1.7*x(85) - 0.85*x(86) - 0.85*x(87) - 1.7*x(100) - 1.7*x(101) - 1.7*x(102) - 1.7*x(103) - 2.26666666666667*x(104) - 2.26666666666667*x(105) - 1.13333333333333*x(106) - 1.13333333333333*x(107) - 1.7*x(108) - 1.7*x(109) - 1.13333333333333*x(110) - 1.13333333333333*x(111) - 1.7*x(112) - 1.7*x(113) - 1.7*x(114) - 1.7*x(115) - 1.13333333333333*x(116) - 1.13333333333333*x(117) - 1.13333333333333*x(118) - 1.13333333333333*x(119) - 1.7*x(120) - 1.7*x(121) - 1.13333333333333*x(124) - 1.13333333333333*x(125) - 1.13333333333333*x(126) - 1.13333333333333*x(127) - 1.7*x(128) - 1.7*x(129) - 1.7*x(140) - 1.7*x(141) - 1.7*x(142) - 1.7*x(143) - 2.26666666666667*x(144) - 2.26666666666667*x(145) - 1.13333333333333*x(146) - 1.13333333333333*x(147) - 1.7*x(148) - 1.7*x(149) - 1.13333333333333*x(150) - 1.13333333333333*x(151) - 1.7*x(152) - 1.7*x(153) - 1.7*x(154) - 1.7*x(155) - 1.13333333333333*x(156) - 1.13333333333333*x(157) - 1.13333333333333*x(158) - 1.13333333333333*x(159) - 1.7*x(160) - 1.7*x(161) - 1.13333333333333*x(164) - 1.13333333333333*x(165) - 1.13333333333333*x(166) - 1.13333333333333*x(167) - 1.7*x(168) - 1.7*x(169) - 0.775*x(178) - 0.775*x(179) - 0.62*x(180) - 0.62*x(181) - 0.775*x(182) - 0.775*x(183) - 0.775*x(184) - 0.775*x(185) - 0.775*x(186) - 0.775*x(187) - 0.775*x(188) - 0.775*x(189) - 0.775*x(190) - 0.775*x(191) - 0.775*x(192) - 0.775*x(193) - 0.775*x(194) - 0.775*x(195) - 0.775*x(196) - 0.775*x(197) - x(232) - x(233) + x(328) =E= 0 ; (LHS = 0)
     

---- con110  =E=  

con110..  x(281) + x(282) - x(296) =E= 0 ; (LHS = -251.1, INFES = 251.1 ****)
     

---- con111  =E=  

con111..  x(279) + x(280) - x(295) =E= 0 ; (LHS = -53.175, INFES = 53.175 ****)
     

---- con112  =E=  

con112..  x(277) + x(278) - x(294) =E= 0 ; (LHS = -5.55, INFES = 5.55 ****)
     

---- con113  =E=  

con113..  x(275) + x(276) - x(293) =E= 0 ; (LHS = -1.125, INFES = 1.125 ****)
     

---- con114  =E=  

con114..  x(273) + x(274) - x(292) =E= 0 ; (LHS = -3.75, INFES = 3.75 ****)
     

---- con115  =E=  

con115..  x(271) + x(272) - x(291) =E= 0 ; (LHS = -8.625, INFES = 8.625 ****)
     

---- con116  =E=  

con116..  x(269) + x(270) - x(290) =E= 0 ; (LHS = -14.7, INFES = 14.7 ****)
     

---- con117  =E=  

con117..  x(267) + x(268) - x(289) =E= 0 ; (LHS = -20.55, INFES = 20.55 ****)
     

---- con118  =E=  

con118..  x(265) + x(266) - x(288) =E= 0 ; (LHS = -16.8, INFES = 16.8 ****)
     

---- con119  =E=  

con119..  x(263) + x(264) - x(287) =E= 0 ; (LHS = -174.975, INFES = 174.975 ****)
     

---- con120  =E=  

con120..  x(261) + x(262) - x(286) =E= 0 ; (LHS = -637.5, INFES = 637.5 ****)
     

---- con121  =E=  

con121..  x(259) + x(260) - x(285) =E= 0 ; (LHS = -42.075, INFES = 42.075 ****)
     

---- con122  =E=  

con122..  x(258) - x(284) =E= 0 ; (LHS = -40.2, INFES = 40.2 ****)
     

---- con123  =E=  

con123..  x(256) + x(257) - x(283) =E= 0 ; (LHS = -409.125, INFES = 409.125 ****)
     

---- con124  =E=  

con124..  - 0.25*x(98) - 0.25*x(99) - 0.333333333333333*x(122) - 0.333333333333333*x(123) - 0.25*x(138) - 0.25*x(139) - 0.333333333333333*x(162) - 0.333333333333333*x(163) - 0.2*x(180) - 0.2*x(181) - 0.25*x(212) - 0.25*x(213) - 0.5*x(232) - 0.5*x(233) - 0.5*x(234) - 0.5*x(235) - 0.25*x(236) - 0.25*x(237) + x(320) =E= 0 ; (LHS = 0)
     

---- con125  =E=  

con125..  - 0.333333333333333*x(116) - 0.333333333333333*x(117) - 0.5*x(128) - 0.5*x(129) - 0.5*x(130) - 0.5*x(131) - 0.5*x(136) - 0.5*x(137) - 0.333333333333333*x(156) - 0.333333333333333*x(157) - 0.5*x(168) - 0.5*x(169) - 0.5*x(170) - 0.5*x(171) - 0.5*x(176) - 0.5*x(177) + x(319) =E= 0 ; (LHS = 0)
     

---- con126  =E=  

con126..  - 0.25*x(74) - 0.25*x(75) - 0.333333333333333*x(116) - 0.333333333333333*x(117) - 0.333333333333333*x(118) - 0.333333333333333*x(119) - 0.333333333333333*x(156) - 0.333333333333333*x(157) - 0.333333333333333*x(158) - 0.333333333333333*x(159) + x(318) =E= 0 ; (LHS = 0)
     

---- con127  =E=  

con127..  - 0.25*x(178) - 0.25*x(179) - 0.2*x(180) - 0.2*x(181) - 0.5*x(196) - 0.5*x(197) - 0.5*x(210) - 0.5*x(211) - 0.5*x(230) - 0.5*x(231) - 0.5*x(254) - 0.5*x(255) + x(317) =E= 0 ; (LHS = 0)
     

---- con128  =E=  

con128..  - 0.5*x(114) - 0.5*x(115) - 0.333333333333333*x(126) - 0.333333333333333*x(127) - 0.5*x(130) - 0.5*x(131) - 0.5*x(154) - 0.5*x(155) - 0.333333333333333*x(166) - 0.333333333333333*x(167) - 0.5*x(170) - 0.5*x(171) + x(316) =E= 0 ; (LHS = 0)
     

---- con129  =E=  

con129..  - 0.333333333333333*x(70) - 0.333333333333333*x(71) - 0.25*x(74) - 0.25*x(75) - 0.333333333333333*x(80) - 0.333333333333333*x(81) - 0.333333333333333*x(106) - 0.333333333333333*x(107) - 0.666666666666667*x(124) - 0.666666666666667*x(125) - 0.333333333333333*x(146) - 0.333333333333333*x(147) - 0.666666666666667*x(164) - 0.666666666666667*x(165) - 0.5*x(194) - 0.5*x(195) - 0.5*x(208) - 0.5*x(209) - 0.5*x(228) - 0.5*x(229) - 0.5*x(252) - 0.5*x(253) + x(315) =E= 0 ; (LHS = 0)
     

---- con130  =E=  

con130..  - 0.5*x(190) - 0.5*x(191) - 0.5*x(206) - 0.5*x(207) - 0.5*x(224) - 0.5*x(225) - 0.5*x(248) - 0.5*x(249) + x(314) =E= 0 ; (LHS = 0)
     

---- con131  =E=  

con131..  - 0.25*x(56) - 0.25*x(57) - 0.25*x(58) - 0.25*x(59) - 0.5*x(62) - 0.5*x(63) - 0.333333333333333*x(66) - 0.333333333333333*x(67) - 0.333333333333333*x(110) - 0.333333333333333*x(111) - 0.333333333333333*x(126) - 0.333333333333333*x(127) - 0.333333333333333*x(150) - 0.333333333333333*x(151) - 0.333333333333333*x(166) - 0.333333333333333*x(167) + x(313) =E= 0 ; (LHS = 0)
     

---- con132  =E=  

con132..  - 0.5*x(60) - 0.5*x(61) - 0.333333333333333*x(70) - 0.333333333333333*x(71) - 0.333333333333333*x(72) - 0.333333333333333*x(73) - 0.25*x(74) - 0.25*x(75) - 0.333333333333333*x(76) - 0.333333333333333*x(77) - 0.333333333333333*x(78) - 0.333333333333333*x(79) - 0.333333333333333*x(80) - 0.333333333333333*x(81) - 0.333333333333333*x(82) - 0.333333333333333*x(83) - 0.75*x(86) - 0.75*x(87) - 0.5*x(88) - 0.5*x(89) - 0.333333333333333*x(118) - 0.333333333333333*x(119) - 0.666666666666667*x(122) - 0.666666666666667*x(123) - 0.333333333333333*x(158) - 0.333333333333333*x(159) - 0.666666666666667*x(162) - 0.666666666666667*x(163) + x(312) =E= 0 ; (LHS = 0)
     

---- con133  =E=  

con133..  - 0.666666666666667*x(68) - 0.666666666666667*x(69) - 0.5*x(134) - 0.5*x(135) - 0.5*x(174) - 0.5*x(175) + x(311) =E= 0 ; (LHS = 0)
     

---- con134  =E=  

con134..  - 0.333333333333333*x(66) - 0.333333333333333*x(67) - 0.333333333333333*x(78) - 0.333333333333333*x(79) - 0.5*x(94) - 0.5*x(95) - 0.5*x(108) - 0.5*x(109) - 0.5*x(148) - 0.5*x(149) - 0.5*x(188) - 0.5*x(189) - 0.5*x(204) - 0.5*x(205) - 0.5*x(222) - 0.5*x(223) - 0.5*x(246) - 0.5*x(247) + x(310) =E= 0 ; (LHS = 0)
     

---- con135  =E=  

con135..  - 0.25*x(58) - 0.25*x(59) - 0.125*x(84) - 0.125*x(85) - 0.125*x(90) - 0.125*x(91) - 0.125*x(92) - 0.125*x(93) - 0.125*x(94) - 0.125*x(95) + x(309) =E= 0 ; (LHS = 0)
     

---- con136  =E=  

con136..  - 0.333333333333333*x(64) - 0.333333333333333*x(65) - 0.125*x(84) - 0.125*x(85) - 0.125*x(90) - 0.125*x(91) - 0.125*x(92) - 0.125*x(93) - 0.125*x(94) - 0.125*x(95) - 0.333333333333333*x(106) - 0.333333333333333*x(107) - 0.333333333333333*x(146) - 0.333333333333333*x(147) + x(308) =E= 0 ; (LHS = 0)
     

---- con137  =E=  

con137..  - 0.25*x(56) - 0.25*x(57) - 0.125*x(84) - 0.125*x(85) - 0.125*x(90) - 0.125*x(91) - 0.125*x(92) - 0.125*x(93) - 0.125*x(94) - 0.125*x(95) - 0.333333333333333*x(96) - 0.333333333333333*x(97) + x(307) =E= 0 ; (LHS = 0)
     

---- con138  =E=  

con138..  - 0.333333333333333*x(96) - 0.333333333333333*x(97) - 0.5*x(120) - 0.5*x(121) - 0.5*x(160) - 0.5*x(161) - 0.5*x(192) - 0.5*x(193) - 0.5*x(226) - 0.5*x(227) - 0.5*x(250) - 0.5*x(251) + x(306) =E= 0 ; (LHS = 0)
     

---- con139  =E=  

con139..  - 0.333333333333333*x(64) - 0.333333333333333*x(65) - 0.5*x(92) - 0.5*x(93) - 0.333333333333333*x(104) - 0.333333333333333*x(105) - 0.5*x(112) - 0.5*x(113) - 0.333333333333333*x(144) - 0.333333333333333*x(145) - 0.5*x(152) - 0.5*x(153) + x(305) =E= 0 ; (LHS = 0)
     

---- con140  =E=  

con140..  - 0.25*x(178) - 0.25*x(179) - 0.2*x(180) - 0.2*x(181) - 0.5*x(186) - 0.5*x(187) - 0.5*x(202) - 0.5*x(203) - 0.5*x(220) - 0.5*x(221) - 0.5*x(244) - 0.5*x(245) + x(304) =E= 0 ; (LHS = 0)
     

---- con141  =E=  

con141..  - 0.25*x(58) - 0.25*x(59) - 0.125*x(84) - 0.125*x(85) - 0.125*x(90) - 0.125*x(91) - 0.125*x(92) - 0.125*x(93) - 0.125*x(94) - 0.125*x(95) - 0.333333333333333*x(96) - 0.333333333333333*x(97) - 0.333333333333333*x(110) - 0.333333333333333*x(111) - 0.333333333333333*x(150) - 0.333333333333333*x(151) + x(303) =E= 0 ; (LHS = 0)
     

---- con142  =E=  

con142..  - 0.5*x(102) - 0.5*x(103) - 0.5*x(132) - 0.5*x(133) - 0.5*x(142) - 0.5*x(143) - 0.5*x(172) - 0.5*x(173) - 0.5*x(184) - 0.5*x(185) - 0.5*x(200) - 0.5*x(201) - 0.5*x(214) - 0.5*x(215) - 0.5*x(218) - 0.5*x(219) - 0.5*x(238) - 0.5*x(239) - 0.5*x(242) - 0.5*x(243) + x(302) =E= 0 ; (LHS = 0)
     

---- con143  =E=  

con143..  - 0.5*x(198) - 0.5*x(199) - 0.5*x(200) - 0.5*x(201) - 0.5*x(202) - 0.5*x(203) - 0.5*x(204) - 0.5*x(205) - 0.5*x(206) - 0.5*x(207) - 0.5*x(208) - 0.5*x(209) - 0.5*x(210) - 0.5*x(211) - 0.5*x(234) - 0.5*x(235) + x(301) =E= 0 ; (LHS = 0)
     

---- con144  =E=  

con144..  - 0.333333333333333*x(72) - 0.333333333333333*x(73) - 0.5*x(88) - 0.5*x(89) - 0.75*x(98) - 0.75*x(99) - 0.5*x(100) - 0.5*x(101) - 0.75*x(138) - 0.75*x(139) - 0.5*x(140) - 0.5*x(141) + x(300) =E= 0 ; (LHS = 0)
     

---- con145  =E=  

con145..  - 0.5*x(216) - 0.5*x(217) - 0.5*x(218) - 0.5*x(219) - 0.5*x(220) - 0.5*x(221) - 0.5*x(222) - 0.5*x(223) - 0.5*x(224) - 0.5*x(225) - 0.5*x(226) - 0.5*x(227) - 0.5*x(228) - 0.5*x(229) - 0.5*x(230) - 0.5*x(231) - 0.5*x(240) - 0.5*x(241) - 0.5*x(242) - 0.5*x(243) - 0.5*x(244) - 0.5*x(245) - 0.5*x(246) - 0.5*x(247) - 0.5*x(248) - 0.5*x(249) - 0.5*x(250) - 0.5*x(251) - 0.5*x(252) - 0.5*x(253) - 0.5*x(254) - 0.5*x(255) + x(299) =E= 0 ; (LHS = 0)
     

---- con146  =E=  

con146..  - 0.25*x(56) - 0.25*x(57) - 0.333333333333333*x(76) - 0.333333333333333*x(77) - 0.333333333333333*x(82) - 0.333333333333333*x(83) - 0.5*x(90) - 0.5*x(91) - 0.5*x(132) - 0.5*x(133) - 0.5*x(134) - 0.5*x(135) - 0.5*x(136) - 0.5*x(137) - 0.5*x(172) - 0.5*x(173) - 0.5*x(174) - 0.5*x(175) - 0.5*x(176) - 0.5*x(177) - 0.5*x(182) - 0.5*x(183) - 0.5*x(198) - 0.5*x(199) - 0.75*x(212) - 0.75*x(213) - 0.5*x(214) - 0.5*x(215) - 0.5*x(216) - 0.5*x(217) - 0.75*x(236) - 0.75*x(237) - 0.5*x(238) - 0.5*x(239) - 0.5*x(240) - 0.5*x(241) + x(298) =E= 0 ; (LHS = 0)
     

---- con147  =E=  

con147..  - 0.25*x(56) - 0.25*x(57) - 0.25*x(58) - 0.25*x(59) - 0.5*x(60) - 0.5*x(61) - 0.5*x(62) - 0.5*x(63) - 0.333333333333333*x(64) - 0.333333333333333*x(65) - 0.333333333333333*x(66) - 0.333333333333333*x(67) - 0.333333333333333*x(68) - 0.333333333333333*x(69) - 0.333333333333333*x(70) - 0.333333333333333*x(71) - 0.333333333333333*x(72) - 0.333333333333333*x(73) - 0.25*x(74) - 0.25*x(75) - 0.333333333333333*x(76) - 0.333333333333333*x(77) - 0.333333333333333*x(78) - 0.333333333333333*x(79) - 0.333333333333333*x(80) - 0.333333333333333*x(81) - 0.333333333333333*x(82) - 0.333333333333333*x(83) - 0.5*x(84) - 0.5*x(85) - 0.25*x(86) - 0.25*x(87) - 0.5*x(100) - 0.5*x(101) - 0.5*x(102) - 0.5*x(103) - 0.666666666666667*x(104) - 0.666666666666667*x(105) - 0.333333333333333*x(106) - 0.333333333333333*x(107) - 0.5*x(108) - 0.5*x(109) - 0.333333333333333*x(110) - 0.333333333333333*x(111) - 0.5*x(112) - 0.5*x(113) - 0.5*x(114) - 0.5*x(115) - 0.333333333333333*x(116) - 0.333333333333333*x(117) - 0.333333333333333*x(118) - 0.333333333333333*x(119) - 0.5*x(120) - 0.5*x(121) - 0.333333333333333*x(124) - 0.333333333333333*x(125) - 0.333333333333333*x(126) - 0.333333333333333*x(127) - 0.5*x(128) - 0.5*x(129) - 0.5*x(140) - 0.5*x(141) - 0.5*x(142) - 0.5*x(143) - 0.666666666666667*x(144) - 0.666666666666667*x(145) - 0.333333333333333*x(146) - 0.333333333333333*x(147) - 0.5*x(148) - 0.5*x(149) - 0.333333333333333*x(150) - 0.333333333333333*x(151) - 0.5*x(152) - 0.5*x(153) - 0.5*x(154) - 0.5*x(155) - 0.333333333333333*x(156) - 0.333333333333333*x(157) - 0.333333333333333*x(158) - 0.333333333333333*x(159) - 0.5*x(160) - 0.5*x(161) - 0.333333333333333*x(164) - 0.333333333333333*x(165) - 0.333333333333333*x(166) - 0.333333333333333*x(167) - 0.5*x(168) - 0.5*x(169) - 0.5*x(178) - 0.5*x(179) - 0.4*x(180) - 0.4*x(181) - 0.5*x(182) - 0.5*x(183) - 0.5*x(184) - 0.5*x(185) - 0.5*x(186) - 0.5*x(187) - 0.5*x(188) - 0.5*x(189) - 0.5*x(190) - 0.5*x(191) - 0.5*x(192) - 0.5*x(193) - 0.5*x(194) - 0.5*x(195) - 0.5*x(196) - 0.5*x(197) - 0.5*x(232) - 0.5*x(233) + x(297) =E= 0 ; (LHS = 0)
     

---- con148  =L=  

con148..  - 0.35536*x(326) + x(389) =L= 0 ; (LHS = 0)
     

---- con149  =L=  

con149..  - 0.15547*x(326) + x(388) =L= 0 ; (LHS = 0)
     

---- con150  =L=  

con150..  - 0.2221*x(326) + x(387) =L= 0 ; (LHS = 0)
     

---- con151  =L=  

con151..  - 0.15547*x(326) + x(386) =L= 0 ; (LHS = 0)
     

---- con152  =L=  

con152..  - 0.43976*x(325) + x(385) =L= 0 ; (LHS = 0)
     

---- con153  =L=  

con153..  - 0.192395*x(325) + x(384) =L= 0 ; (LHS = 0)
     

---- con154  =L=  

con154..  - 0.27485*x(325) + x(383) =L= 0 ; (LHS = 0)
     

---- con155  =L=  

con155..  - 0.192395*x(325) + x(382) =L= 0 ; (LHS = 0)
     

---- con156  =L=  

con156..  - 0.34096*x(324) + x(381) =L= 0 ; (LHS = 0)
     

---- con157  =L=  

con157..  - 0.14917*x(324) + x(380) =L= 0 ; (LHS = 0)
     

---- con158  =L=  

con158..  - 0.2131*x(324) + x(379) =L= 0 ; (LHS = 0)
     

---- con159  =L=  

con159..  - 0.14917*x(324) + x(378) =L= 0 ; (LHS = 0)
     

---- con160  =L=  

con160..  - 0.11816*x(323) + x(377) =L= 0 ; (LHS = 0)
     

---- con161  =L=  

con161..  - 0.036925*x(323) + x(376) =L= 0 ; (LHS = 0)
     

---- con162  =L=  

con162..  - 0.05908*x(323) + x(375) =L= 0 ; (LHS = 0)
     

---- con163  =L=  

con163..  - 0.07385*x(323) + x(374) =L= 0 ; (LHS = 0)
     

---- con164  =L=  

con164..  - 0.0956*x(322) + x(373) =L= 0 ; (LHS = 0)
     

---- con165  =L=  

con165..  - 0.029875*x(322) + x(372) =L= 0 ; (LHS = 0)
     

---- con166  =L=  

con166..  - 0.0478*x(322) + x(371) =L= 0 ; (LHS = 0)
     

---- con167  =L=  

con167..  - 0.05975*x(322) + x(370) =L= 0 ; (LHS = 0)
     

---- con168  =L=  

con168..  - 0.09088*x(321) + x(369) =L= 0 ; (LHS = 0)
     

---- con169  =L=  

con169..  - 0.0284*x(321) + x(368) =L= 0 ; (LHS = 0)
     

---- con170  =L=  

con170..  - 0.04544*x(321) + x(367) =L= 0 ; (LHS = 0)
     

---- con171  =L=  

con171..  - 0.0568*x(321) + x(366) =L= 0 ; (LHS = 0)
     

---- con172  =G=  

con172..  - 0.004442*x(326) + x(389) =G= 0 ; (LHS = 0)
     

---- con173  =G=  

con173..  - 0.04442*x(326) + x(388) =G= 0 ; (LHS = 0)
     

---- con174  =G=  

con174..  - 0.04442*x(326) + x(387) =G= 0 ; (LHS = 0)
     

---- con175  =G=  

con175..  - 0.08884*x(326) + x(386) =G= 0 ; (LHS = 0)
     

---- con176  =G=  

con176..  - 0.005497*x(325) + x(385) =G= 0 ; (LHS = 0)
     

---- con177  =G=  

con177..  - 0.05497*x(325) + x(384) =G= 0 ; (LHS = 0)
     

---- con178  =G=  

con178..  - 0.05497*x(325) + x(383) =G= 0 ; (LHS = 0)
     

---- con179  =G=  

con179..  - 0.10994*x(325) + x(382) =G= 0 ; (LHS = 0)
     

---- con180  =G=  

con180..  - 0.004262*x(324) + x(381) =G= 0 ; (LHS = 0)
     

---- con181  =G=  

con181..  - 0.04262*x(324) + x(380) =G= 0 ; (LHS = 0)
     

---- con182  =G=  

con182..  - 0.04262*x(324) + x(379) =G= 0 ; (LHS = 0)
     

---- con183  =G=  

con183..  - 0.08524*x(324) + x(378) =G= 0 ; (LHS = 0)
     

---- con184  =G=  

con184..  - 0.001477*x(323) + x(377) =G= 0 ; (LHS = 0)
     

---- con185  =G=  

con185..  - 0.01477*x(323) + x(376) =G= 0 ; (LHS = 0)
     

---- con186  =G=  

con186..  - 0.007385*x(323) + x(375) =G= 0 ; (LHS = 0)
     

---- con187  =G=  

con187..  - 0.04431*x(323) + x(374) =G= 0 ; (LHS = 0)
     

---- con188  =G=  

con188..  - 0.001195*x(322) + x(373) =G= 0 ; (LHS = 0)
     

---- con189  =G=  

con189..  - 0.01195*x(322) + x(372) =G= 0 ; (LHS = 0)
     

---- con190  =G=  

con190..  - 0.005975*x(322) + x(371) =G= 0 ; (LHS = 0)
     

---- con191  =G=  

con191..  - 0.03585*x(322) + x(370) =G= 0 ; (LHS = 0)
     

---- con192  =G=  

con192..  - 0.001136*x(321) + x(369) =G= 0 ; (LHS = 0)
     

---- con193  =G=  

con193..  - 0.01136*x(321) + x(368) =G= 0 ; (LHS = 0)
     

---- con194  =G=  

con194..  - 0.00568*x(321) + x(367) =G= 0 ; (LHS = 0)
     

---- con195  =G=  

con195..  - 0.03408*x(321) + x(366) =G= 0 ; (LHS = 0)
     

---- con196  =G=  

con196..  - 0.0025*x(327) + x(390) + x(391) + x(392) + x(393) =G= 0 ; (LHS = 0)
     

---- con197  =G=  

con197..  - 0.4442*x(326) + x(386) + x(387) + x(388) + x(389) =G= 0 ; (LHS = 0)
     

---- con198  =G=  

con198..  - 0.5497*x(325) + x(382) + x(383) + x(384) + x(385) =G= 0 ; (LHS = 0)
     

---- con199  =G=  

con199..  - 0.4262*x(324) + x(378) + x(379) + x(380) + x(381) =G= 0 ; (LHS = 0)
     

---- con200  =G=  

con200..  - 0.1477*x(323) + x(374) + x(375) + x(376) + x(377) =G= 0 ; (LHS = 0)
     

---- con201  =G=  

con201..  - 0.1195*x(322) + x(370) + x(371) + x(372) + x(373) =G= 0 ; (LHS = 0)
     

---- con202  =G=  

con202..  - 0.1136*x(321) + x(366) + x(367) + x(368) + x(369) =G= 0 ; (LHS = 0)
     

---- con203  =L=  

con203..  x(369) + x(373) + x(377) + x(381) + x(385) + x(389) + x(393) - 0.3*x(398) - 0.4*x(399) =L= 0 ; (LHS = 0)
     

---- con204  =L=  

con204..  - 0.48575*x(56) - 0.48575*x(57) - 0.2615*x(58) - 0.2615*x(59) - 0.2665*x(60) - 0.2665*x(61) - 0.2665*x(62) - 0.2665*x(63) - 0.177666666666667*x(64) - 0.177666666666667*x(65) - 0.177666666666667*x(66) - 0.177666666666667*x(67) - 0.177666666666667*x(68) - 0.177666666666667*x(69) - 0.177666666666667*x(70) - 0.177666666666667*x(71) - 0.177666666666667*x(72) - 0.177666666666667*x(73) - 0.13325*x(74) - 0.13325*x(75) - 0.647666666666667*x(76) - 0.647666666666667*x(77) - 0.177666666666667*x(78) - 0.177666666666667*x(79) - 0.177666666666667*x(80) - 0.177666666666667*x(81) - 0.647666666666667*x(82) - 0.647666666666667*x(83) - 0.330625*x(84) - 0.330625*x(85) - 0.13325*x(86) - 0.13325*x(87) - 0.769125*x(90) - 0.769125*x(91) - 0.064125*x(92) - 0.064125*x(93) - 0.064125*x(94) - 0.064125*x(95) - 0.171*x(96) - 0.171*x(97) - 0.2665*x(100) - 0.2665*x(101) - 0.4717*x(102) - 0.4717*x(103) - 0.355333333333333*x(104) - 0.355333333333333*x(105) - 0.177666666666667*x(106) - 0.177666666666667*x(107) - 0.2665*x(108) - 0.2665*x(109) - 0.348666666666667*x(110) - 0.348666666666667*x(111) - 0.2665*x(112) - 0.2665*x(113) - 0.2665*x(114) - 0.2665*x(115) - 0.177666666666667*x(116) - 0.177666666666667*x(117) - 0.177666666666667*x(118) - 0.177666666666667*x(119) - 0.2665*x(120) - 0.2665*x(121) - 0.177666666666667*x(124) - 0.177666666666667*x(125) - 0.177666666666667*x(126) - 0.177666666666667*x(127) - 0.2665*x(128) - 0.2665*x(129) - 0.9102*x(132) - 0.9102*x(133) - 0.705*x(134) - 0.705*x(135) - 0.705*x(136) - 0.705*x(137) - 0.2665*x(140) - 0.2665*x(141) - 0.4717*x(142) - 0.4717*x(143) - 0.355333333333333*x(144) - 0.355333333333333*x(145) - 0.177666666666667*x(146) - 0.177666666666667*x(147) - 0.2665*x(148) - 0.2665*x(149) - 0.348666666666667*x(150) - 0.348666666666667*x(151) - 0.2665*x(152) - 0.2665*x(153) - 0.2665*x(154) - 0.2665*x(155) - 0.177666666666667*x(156) - 0.177666666666667*x(157) - 0.177666666666667*x(158) - 0.177666666666667*x(159) - 0.2665*x(160) - 0.2665*x(161) - 0.177666666666667*x(164) - 0.177666666666667*x(165) - 0.177666666666667*x(166) - 0.177666666666667*x(167) - 0.2665*x(168) - 0.2665*x(169) - 0.9102*x(172) - 0.9102*x(173) - 0.705*x(174) - 0.705*x(175) - 0.705*x(176) - 0.705*x(177) - 0.1725*x(178) - 0.1725*x(179) - 0.138*x(180) - 0.138*x(181) - 0.37525*x(182) - 0.37525*x(183) - 0.22475*x(184) - 0.22475*x(185) - 0.22475*x(186) - 0.22475*x(187) - 0.12025*x(188) - 0.12025*x(189) - 0.12025*x(190) - 0.12025*x(191) - 0.12025*x(192) - 0.12025*x(193) - 0.12025*x(194) - 0.12025*x(195) - 0.12025*x(196) - 0.12025*x(197) - 0.577*x(198) - 0.577*x(199) - 0.4265*x(200) - 0.4265*x(201) - 0.4265*x(202) - 0.4265*x(203) - 0.322*x(204) - 0.322*x(205) - 0.322*x(206) - 0.322*x(207) - 0.322*x(208) - 0.322*x(209) - 0.322*x(210) - 0.322*x(211) - 0.3825*x(212) - 0.3825*x(213) - 0.3595*x(214) - 0.3595*x(215) - 0.408*x(216) - 0.408*x(217) - 0.2575*x(218) - 0.2575*x(219) - 0.2575*x(220) - 0.2575*x(221) - 0.153*x(222) - 0.153*x(223) - 0.153*x(224) - 0.153*x(225) - 0.153*x(226) - 0.153*x(227) - 0.153*x(228) - 0.153*x(229) - 0.153*x(230) - 0.153*x(231) - 0.156*x(232) - 0.156*x(233) - 0.276*x(234) - 0.276*x(235) - 0.3825*x(236) - 0.3825*x(237) - 0.3595*x(238) - 0.3595*x(239) - 0.408*x(240) - 0.408*x(241) - 0.2575*x(242) - 0.2575*x(243) - 0.2575*x(244) - 0.2575*x(245) - 0.153*x(246) - 0.153*x(247) - 0.153*x(248) - 0.153*x(249) - 0.153*x(250) - 0.153*x(251) - 0.153*x(252) - 0.153*x(253) - 0.153*x(254) - 0.153*x(255) + x(368) + x(372) + x(376) + x(380) + x(384) + x(388) + x(392) =L= 0 ; (LHS = 0)
     

---- con205  =L=  

con205..  - 0.075*x(1) - 0.024*x(3) - 0.09*x(5) - 0.054*x(17) + x(367) + x(371) + x(375) + x(379) + x(383) + x(387) + x(391) - 0.72*x(394) - 0.78*x(395) - 0.65*x(396) - 0.71*x(397) =L= 0 ; (LHS = 0)
     

---- con206  =G=  

con206..  0.07637*x(327) - x(457) =G= 0 ; (LHS = 0)
     

---- con207  =G=  

con207..  0.00302*x(325) - x(456) =G= 0 ; (LHS = 0)
     

---- con208  =G=  

con208..  0.0033*x(324) - x(455) =G= 0 ; (LHS = 0)
     

---- con209  =G=  

con209..  9E-5*x(323) - x(454) =G= 0 ; (LHS = 0)
     

---- con210  =G=  

con210..  0.00028*x(322) - x(453) =G= 0 ; (LHS = 0)
     

---- con211  =G=  

con211..  0.00039*x(321) - x(452) =G= 0 ; (LHS = 0)
     

---- con212  =G=  

con212..  0.00158*x(323) - x(451) =G= 0 ; (LHS = 0)
     

---- con213  =G=  

con213..  0.0006*x(322) - x(450) =G= 0 ; (LHS = 0)
     

---- con214  =G=  

con214..  0.00129*x(321) - x(449) =G= 0 ; (LHS = 0)
     

---- con215  =G=  

con215..  0.2851*x(325) - x(448) =G= 0 ; (LHS = 0)
     

---- con216  =G=  

con216..  0.217*x(324) - x(447) =G= 0 ; (LHS = 0)
     

---- con217  =G=  

con217..  0.015*x(323) - x(446) =G= 0 ; (LHS = 0)
     

---- con218  =G=  

con218..  0.03832*x(322) - x(445) =G= 0 ; (LHS = 0)
     

---- con219  =G=  

con219..  0.02402*x(321) - x(444) =G= 0 ; (LHS = 0)
     

---- con220  =G=  

con220..  0.00224*x(327) - x(443) =G= 0 ; (LHS = 0)
     

---- con221  =G=  

con221..  0.03268*x(325) - x(442) =G= 0 ; (LHS = 0)
     

---- con222  =G=  

con222..  0.02512*x(324) - x(441) =G= 0 ; (LHS = 0)
     

---- con223  =G=  

con223..  0.00177*x(323) - x(440) =G= 0 ; (LHS = 0)
     

---- con224  =G=  

con224..  0.00685*x(322) - x(439) =G= 0 ; (LHS = 0)
     

---- con225  =G=  

con225..  0.00734*x(321) - x(438) =G= 0 ; (LHS = 0)
     

---- con226  =G=  

con226..  x(365) - x(437) - 2.22222222222222*x(463) =G= 0 ; (LHS = 0)
     

---- con227  =G=  

con227..  x(364) - x(436) =G= 0 ; (LHS = 0)
     

---- con228  =G=  

con228..  x(363) - x(435) =G= 0 ; (LHS = 0)
     

---- con229  =G=  

con229..  x(362) - x(434) =G= 0 ; (LHS = 0)
     

---- con230  =G=  

con230..  x(361) - x(433) =G= 0 ; (LHS = 0)
     

---- con231  =G=  

con231..  x(360) - x(432) =G= 0 ; (LHS = 0)
     

---- con232  =G=  

con232..  x(359) - x(431) =G= 0 ; (LHS = 0)
     

---- con233  =G=  

con233..  x(358) - x(430) =G= 0 ; (LHS = 0)
     

---- con234  =G=  

con234..  x(357) - x(429) =G= 0 ; (LHS = 0)
     

---- con235  =G=  

con235..  x(356) - x(428) =G= 0 ; (LHS = 0)
     

---- con236  =G=  

con236..  x(355) - x(427) - 4*x(462) =G= 0 ; (LHS = 0)
     

---- con237  =G=  

con237..  x(354) - x(426) =G= 0 ; (LHS = 0)
     

---- con238  =G=  

con238..  x(353) - x(425) - 5.26315789473684*x(461) =G= 0 ; (LHS = 0)
     

---- con239  =G=  

con239..  x(352) - x(424) - 5*x(460) =G= 0 ; (LHS = 0)
     

---- con240  =G=  

con240..  x(351) - x(423) =G= 0 ; (LHS = 0)
     

---- con241  =G=  

con241..  x(350) - x(422) =G= 0 ; (LHS = 0)
     

---- con242  =G=  

con242..  x(349) - x(421) =G= 0 ; (LHS = 0)
     

---- con243  =G=  

con243..  x(348) - x(399) - x(420) =G= 0 ; (LHS = 0)
     

---- con244  =G=  

con244..  x(347) - x(398) - x(419) =G= 0 ; (LHS = 0)
     

---- con245  =G=  

con245..  x(346) - x(418) =G= 0 ; (LHS = 0)
     

---- con246  =L=  

con246..  x(56) + x(57) + x(58) + x(59) + x(60) + x(61) + x(62) + x(63) + x(64) + x(65) + x(66) + x(67) + x(68) + x(69) + x(70) + x(71) + x(72) + x(73) + x(74) + x(75) + x(76) + x(77) + x(78) + x(79) + x(80) + x(81) + x(82) + x(83) + x(84) + x(85) + x(86) + x(87) + x(88) + x(89) + x(90) + x(91) + x(92) + x(93) + x(94) + x(95) + x(96) + x(97) + x(98) + x(99) + x(100) + x(101) + x(102) + x(103) + x(104) + x(105) + x(106) + x(107) + x(108) + x(109) + x(110) + x(111) + x(112) + x(113) + x(114) + x(115) + x(116) + x(117) + x(118) + x(119) + x(120) + x(121) + x(122) + x(123) + x(124) + x(125) + x(126) + x(127) + x(128) + x(129) + x(130) + x(131) + x(132) + x(133) + x(134) + x(135) + x(136) + x(137) =L= 1221.8 ; (LHS = 0)
     

---- con247  =G=  

con247..  x(345) - x(417) =G= 0 ; (LHS = 0)
     

---- con248  =G=  

con248..  x(344) - x(416) =G= 0 ; (LHS = 0)
     

---- con249  =G=  

con249..  x(343) - x(415) =G= 0 ; (LHS = 0)
     

---- con250  =G=  

con250..  x(342) - x(414) =G= 0 ; (LHS = 0)
     

---- con251  =G=  

con251..  x(341) - x(413) =G= 0 ; (LHS = 0)
     

---- con252  =G=  

con252..  x(340) - x(412) =G= 0 ; (LHS = 0)
     

---- con253  =G=  

con253..  x(339) - x(411) - 5*x(459) =G= 0 ; (LHS = 0)
     

---- con254  =G=  

con254..  x(338) - x(410) =G= 0 ; (LHS = 0)
     

---- con255  =G=  

con255..  x(337) - x(409) =G= 0 ; (LHS = 0)
     

---- con256  =G=  

con256..  x(336) - x(408) =G= 0 ; (LHS = 0)
     

---- con257  =G=  

con257..  x(335) - x(407) =G= 0 ; (LHS = 0)
     

---- con258  =G=  

con258..  x(334) - x(406) =G= 0 ; (LHS = 0)
     

---- con259  =G=  

con259..  x(333) - x(405) =G= 0 ; (LHS = 0)
     

---- con260  =G=  

con260..  x(332) - x(397) - x(404) =G= 0 ; (LHS = 0)
     

---- con261  =G=  

con261..  x(331) - x(403) =G= 0 ; (LHS = 0)
     

---- con262  =G=  

con262..  x(330) - x(396) - x(402) =G= 0 ; (LHS = 0)
     

---- con263  =G=  

con263..  x(329) - x(395) - x(401) =G= 0 ; (LHS = 0)
     

---- con264  =G=  

con264..  x(328) - x(394) - x(400) - 1.17647058823529*x(458) =G= 0 ; (LHS = 0)
     

---- con265  =L=  

con265..  x(138) + x(139) + x(140) + x(141) + x(142) + x(143) + x(144) + x(145) + x(146) + x(147) + x(148) + x(149) + x(150) + x(151) + x(152) + x(153) + x(154) + x(155) + x(156) + x(157) + x(158) + x(159) + x(160) + x(161) + x(162) + x(163) + x(164) + x(165) + x(166) + x(167) + x(168) + x(169) + x(170) + x(171) + x(172) + x(173) + x(174) + x(175) + x(176) + x(177) =L= 1571.9 ; (LHS = 0)
     

---- con266  =L=  

con266..  0.0043325*x(57) + 0.0053075*x(59) + 0.0045*x(61) + 0.006915*x(63) + 0.0064*x(65) + 0.00481*x(67) + 0.00423333333333333*x(69) + 0.00353333333333333*x(71) + 0.003*x(73) + 0.004195*x(75) + 0.00416666666666667*x(77) + 0.0032*x(79) + 0.00353333333333333*x(81) + 0.00416666666666667*x(83) + 0.0039*x(85) + 0.0043*x(87) + 0.00205*x(89) + 0.0032*x(91) + 0.0065*x(93) + 0.00175*x(95) + 0.00223333333333333*x(97) + 0.00245*x(101) + 0.00315*x(103) + 0.00663333333333333*x(105) + 0.00356666666666667*x(107) + 0.00275*x(109) + 0.00594333333333333*x(111) + 0.0075*x(113) + 0.00245*x(115) + 0.00509333333333333*x(117) + 0.00506*x(119) + 0.0038*x(121) + 0.00273333333333333*x(123) + 0.0027*x(125) + 0.00461*x(127) + 0.00455*x(129) + 0.0021*x(131) + 0.00245*x(133) + 0.0037*x(135) + 0.00385*x(137) + 0.00245*x(141) + 0.00315*x(143) + 0.00663333333333333*x(145) + 0.00356666666666667*x(147) + 0.00275*x(149) + 0.00594333333333333*x(151) + 0.0075*x(153) + 0.00245*x(155) + 0.00509333333333333*x(157) + 0.00506*x(159) + 0.0038*x(161) + 0.00273333333333333*x(163) + 0.0027*x(165) + 0.00461*x(167) + 0.00455*x(169) + 0.0021*x(171) + 0.00245*x(173) + 0.0037*x(175) + 0.00385*x(177) + 0.0024*x(179) + 0.00192*x(181) + 0.00215*x(183) + 0.00355*x(185) + 0.00265*x(187) + 0.00215*x(189) + 0.00315*x(191) + 0.00215*x(193) + 0.00215*x(195) + 0.00215*x(197) + 0.00085*x(199) + 0.00225*x(201) + 0.00135*x(203) + 0.00085*x(205) + 0.00185*x(207) + 0.00085*x(209) + 0.00085*x(211) + 0.0014*x(215) + 0.0014*x(217) + 0.0028*x(219) + 0.0019*x(221) + 0.0014*x(223) + 0.0024*x(225) + 0.0014*x(227) + 0.0014*x(229) + 0.0014*x(231) + 0.0015*x(233) + 0.0013*x(235) + 0.0014*x(239) + 0.0014*x(241) + 0.0028*x(243) + 0.0019*x(245) + 0.0014*x(247) + 0.0024*x(249) + 0.0014*x(251) + 0.0014*x(253) + 0.0014*x(255) + 0.0019*x(257) + 0.00456*x(260) + 0.0028*x(262) + 0.00238*x(264) + 0.00393*x(266) + 0.00315*x(274) + 0.0127*x(276) + 0.00226*x(278) =L= 165.2 ; (LHS = 0)
     

---- con267  =L=  

con267..  0.0039425*x(57) + 0.0056925*x(59) + 0.00535*x(61) + 0.005085*x(63) + 0.00706666666666667*x(65) + 0.00339*x(67) + 0.00183333333333333*x(69) + 0.00683333333333333*x(71) + 0.0044*x(73) + 0.00638*x(75) + 0.00356666666666667*x(77) + 0.00356666666666667*x(79) + 0.00683333333333333*x(81) + 0.00356666666666667*x(83) + 0.00595*x(85) + 0.005875*x(87) + 0.00445*x(89) + 0.0038*x(91) + 0.00615*x(93) + 0.0038*x(95) + 0.00436666666666667*x(97) + 0.001875*x(99) + 0.0034*x(101) + 0.0029*x(103) + 0.00443333333333333*x(105) + 0.00876666666666667*x(107) + 0.00215*x(109) + 0.00442333333333333*x(111) + 0.0045*x(113) + 0.0038*x(115) + 0.00382333333333333*x(117) + 0.00524*x(119) + 0.00435*x(121) + 0.00426666666666667*x(123) + 0.00796666666666667*x(125) + 0.00449*x(127) + 0.003225*x(129) + 0.002725*x(131) + 0.00075*x(133) + 0.0003*x(135) + 0.001075*x(137) + 0.001875*x(139) + 0.0034*x(141) + 0.0029*x(143) + 0.00443333333333333*x(145) + 0.00876666666666667*x(147) + 0.00215*x(149) + 0.00442333333333333*x(151) + 0.0045*x(153) + 0.0038*x(155) + 0.00382333333333333*x(157) + 0.00524*x(159) + 0.00435*x(161) + 0.00426666666666667*x(163) + 0.00796666666666667*x(165) + 0.00449*x(167) + 0.003225*x(169) + 0.002725*x(171) + 0.00075*x(173) + 0.0003*x(175) + 0.001075*x(177) + 0.00315*x(179) + 0.00252*x(181) + 0.00153*x(183) + 0.00155*x(185) + 0.00395*x(187) + 0.0023*x(189) + 0.0021*x(191) + 0.003*x(193) + 0.00615*x(195) + 0.00235*x(197) + 0.00493*x(199) + 0.00495*x(201) + 0.00735*x(203) + 0.0057*x(205) + 0.0055*x(207) + 0.00955*x(209) + 0.00575*x(211) + 0.00027*x(213) + 0.00038*x(215) + 0.00123*x(217) + 0.00125*x(219) + 0.00365*x(221) + 0.002*x(223) + 0.0018*x(225) + 0.0027*x(227) + 0.00585*x(229) + 0.00205*x(231) + 0.0012*x(233) + 0.0009*x(235) + 0.00027*x(237) + 0.00038*x(239) + 0.00123*x(241) + 0.00125*x(243) + 0.00365*x(245) + 0.002*x(247) + 0.0018*x(249) + 0.0027*x(251) + 0.00585*x(253) + 0.00205*x(255) + 0.0044*x(262) + 0.00748*x(264) + 0.0077*x(266) + 0.0009*x(268) + 0.0028*x(272) + 0.00081*x(274) + 0.001*x(280) + 0.001*x(282) =L= 165.2 ; (LHS = 0)
     

---- con268  =L=  

con268..  0.0029475*x(57) + 0.0023975*x(59) + 0.00675*x(61) + 0.001645*x(63) + 0.0037*x(65) + 0.00143*x(67) + 0.00513333333333333*x(69) + 0.00643333333333333*x(71) + 0.00783333333333333*x(73) + 0.004825*x(75) + 0.00506666666666667*x(77) + 0.00483333333333333*x(79) + 0.00643333333333333*x(81) + 0.00506666666666667*x(83) + 0.0025125*x(85) + 0.009925*x(87) + 0.01155*x(89) + 0.0031625*x(91) + 0.0049625*x(93) + 0.0028125*x(95) + 0.00406666666666667*x(97) + 0.0075*x(99) + 0.0052*x(101) + 0.0017*x(103) + 0.00203333333333333*x(105) + 0.00386666666666667*x(107) + 0.0007*x(109) + 0.00256333333333333*x(111) + 0.00285*x(113) + 0.0027*x(115) + 0.00195*x(117) + 0.0045*x(119) + 0.0007*x(121) + 0.00873333333333333*x(123) + 0.004*x(125) + 0.00276333333333333*x(127) + 0.002925*x(129) + 0.005225*x(131) + 0.00235*x(133) + 0.0046*x(135) + 0.003575*x(137) + 0.0075*x(139) + 0.0052*x(141) + 0.0017*x(143) + 0.00203333333333333*x(145) + 0.00386666666666667*x(147) + 0.0007*x(149) + 0.00256333333333333*x(151) + 0.00285*x(153) + 0.0027*x(155) + 0.00195*x(157) + 0.0045*x(159) + 0.0007*x(161) + 0.00873333333333333*x(163) + 0.004*x(165) + 0.00276333333333333*x(167) + 0.002925*x(169) + 0.005225*x(171) + 0.00235*x(173) + 0.0046*x(175) + 0.003575*x(177) + 0.0018*x(179) + 0.00144*x(181) + 0.00106*x(183) + 0.00085*x(185) + 0.00175*x(187) + 0.00095*x(189) + 0.0046*x(191) + 0.0001*x(193) + 0.0014*x(195) + 0.00185*x(197) + 0.00096*x(199) + 0.00075*x(201) + 0.00165*x(203) + 0.00085*x(205) + 0.0045*x(207) + 0.0013*x(209) + 0.00175*x(211) + 0.00144*x(213) + 0.00171*x(215) + 0.00256*x(217) + 0.00235*x(219) + 0.00325*x(221) + 0.00245*x(223) + 0.0061*x(225) + 0.0016*x(227) + 0.0029*x(229) + 0.00335*x(231) + 0.0013*x(233) + 0.0019*x(235) + 0.00144*x(237) + 0.00171*x(239) + 0.00256*x(241) + 0.00235*x(243) + 0.00325*x(245) + 0.00245*x(247) + 0.0061*x(249) + 0.0016*x(251) + 0.0029*x(253) + 0.00335*x(255) + 0.00304*x(257) + 0.0055*x(262) + 0.00616*x(264) + 0.0181*x(268) + 0.0172*x(270) + 0.0244*x(272) + 0.00086*x(274) + 0.00935*x(278) + 0.0018*x(280) =L= 165.2 ; (LHS = 0)
     

---- con269  =L=  

con269..  0.0040675*x(57) + 0.0025425*x(59) + 0.00205*x(61) + 0.002085*x(63) + 0.00243333333333333*x(65) + 0.00265666666666667*x(67) + 0.0038*x(69) + 0.00276666666666667*x(71) + 0.00136666666666667*x(73) + 0.002075*x(75) + 0.0043*x(77) + 0.00263333333333333*x(79) + 0.00276666666666667*x(81) + 0.0043*x(83) + 0.001875*x(85) + 0.003075*x(87) + 0.00205*x(89) + 0.006275*x(91) + 0.002675*x(93) + 0.003775*x(95) + 0.00463333333333333*x(97) + 0.0007*x(103) + 0.000533333333333333*x(105) + 0.0033*x(107) + 0.0019*x(109) + 0.00202333333333333*x(111) + 0.0008*x(113) + 0.00136666666666667*x(119) + 0.00435*x(121) + 0.00273333333333333*x(123) + 0.0028*x(125) + 0.00139*x(127) + 0.0051*x(133) + 0.00725*x(135) + 0.0044*x(137) + 0.0007*x(143) + 0.000533333333333333*x(145) + 0.0033*x(147) + 0.0019*x(149) + 0.00202333333333333*x(151) + 0.0008*x(153) + 0.00136666666666667*x(159) + 0.00435*x(161) + 0.00273333333333333*x(163) + 0.0028*x(165) + 0.00139*x(167) + 0.0051*x(173) + 0.00725*x(175) + 0.0044*x(177) + 0.0005*x(179) + 0.0004*x(181) + 0.0007*x(183) + 0.00135*x(185) + 0.00025*x(187) + 0.0017*x(189) + 0.0013*x(191) + 0.00285*x(193) + 0.0005*x(195) + 0.00075*x(197) + 0.0007*x(199) + 0.00135*x(201) + 0.00025*x(203) + 0.0017*x(205) + 0.0013*x(207) + 0.0005*x(209) + 0.00075*x(211) + 0.00105*x(213) + 0.00205*x(215) + 0.00125*x(217) + 0.0019*x(219) + 0.0008*x(221) + 0.00225*x(223) + 0.00185*x(225) + 0.0034*x(227) + 0.00105*x(229) + 0.0013*x(231) + 0.0007*x(233) + 0.0004*x(235) + 0.00105*x(237) + 0.00205*x(239) + 0.00125*x(241) + 0.0019*x(243) + 0.0008*x(245) + 0.00225*x(247) + 0.00185*x(249) + 0.0034*x(251) + 0.00105*x(253) + 0.0013*x(255) + 0.00304*x(257) + 0.00456*x(260) + 0.0137*x(270) + 0.012*x(280) =L= 165.2 ; (LHS = 0)
     

---- con270  =L=  

con270..  0.043325*x(56) + 0.053075*x(58) + 0.045*x(60) + 0.06915*x(62) + 0.064*x(64) + 0.0481*x(66) + 0.0423333333333333*x(68) + 0.0353333333333333*x(70) + 0.03*x(72) + 0.04195*x(74) + 0.0416666666666667*x(76) + 0.032*x(78) + 0.0353333333333333*x(80) + 0.0416666666666667*x(82) + 0.039*x(84) + 0.043*x(86) + 0.0205*x(88) + 0.032*x(90) + 0.065*x(92) + 0.0175*x(94) + 0.0223333333333333*x(96) + 0.0245*x(100) + 0.0315*x(102) + 0.0663333333333333*x(104) + 0.0356666666666667*x(106) + 0.0275*x(108) + 0.0594333333333333*x(110) + 0.075*x(112) + 0.0245*x(114) + 0.0509333333333333*x(116) + 0.0506*x(118) + 0.038*x(120) + 0.0273333333333333*x(122) + 0.027*x(124) + 0.0461*x(126) + 0.0455*x(128) + 0.021*x(130) + 0.0245*x(132) + 0.037*x(134) + 0.0385*x(136) + 0.0245*x(140) + 0.0315*x(142) + 0.0663333333333333*x(144) + 0.0356666666666667*x(146) + 0.0275*x(148) + 0.0594333333333333*x(150) + 0.075*x(152) + 0.0245*x(154) + 0.0509333333333333*x(156) + 0.0506*x(158) + 0.038*x(160) + 0.0273333333333333*x(162) + 0.027*x(164) + 0.0461*x(166) + 0.0455*x(168) + 0.021*x(170) + 0.0245*x(172) + 0.037*x(174) + 0.0385*x(176) + 0.024*x(178) + 0.0192*x(180) + 0.0215*x(182) + 0.0355*x(184) + 0.0265*x(186) + 0.0215*x(188) + 0.0315*x(190) + 0.0215*x(192) + 0.0215*x(194) + 0.0215*x(196) + 0.0085*x(198) + 0.0225*x(200) + 0.0135*x(202) + 0.0085*x(204) + 0.0185*x(206) + 0.0085*x(208) + 0.0085*x(210) + 0.014*x(214) + 0.014*x(216) + 0.028*x(218) + 0.019*x(220) + 0.014*x(222) + 0.024*x(224) + 0.014*x(226) + 0.014*x(228) + 0.014*x(230) + 0.015*x(232) + 0.013*x(234) + 0.014*x(238) + 0.014*x(240) + 0.028*x(242) + 0.019*x(244) + 0.014*x(246) + 0.024*x(248) + 0.014*x(250) + 0.014*x(252) + 0.014*x(254) + 0.019*x(256) + 0.0456*x(259) + 0.028*x(261) + 0.0238*x(263) + 0.0393*x(265) + 0.0315*x(273) + 0.127*x(275) + 0.0226*x(277) - 0.01*x(324) - 0.015*x(325) - 0.03*x(326) =L= 0 ; (LHS = 0)
     

---- con271  =L=  

con271..  0.039425*x(56) + 0.056925*x(58) + 0.0535*x(60) + 0.05085*x(62) + 0.0706666666666667*x(64) + 0.0339*x(66) + 0.0183333333333333*x(68) + 0.0683333333333333*x(70) + 0.044*x(72) + 0.0638*x(74) + 0.0356666666666667*x(76) + 0.0356666666666667*x(78) + 0.0683333333333333*x(80) + 0.0356666666666667*x(82) + 0.0595*x(84) + 0.05875*x(86) + 0.0445*x(88) + 0.038*x(90) + 0.0615*x(92) + 0.038*x(94) + 0.0436666666666667*x(96) + 0.01875*x(98) + 0.034*x(100) + 0.029*x(102) + 0.0443333333333333*x(104) + 0.0876666666666667*x(106) + 0.0215*x(108) + 0.0442333333333333*x(110) + 0.045*x(112) + 0.038*x(114) + 0.0382333333333333*x(116) + 0.0524*x(118) + 0.0435*x(120) + 0.0426666666666667*x(122) + 0.0796666666666667*x(124) + 0.0449*x(126) + 0.03225*x(128) + 0.02725*x(130) + 0.0075*x(132) + 0.003*x(134) + 0.01075*x(136) + 0.01875*x(138) + 0.034*x(140) + 0.029*x(142) + 0.0443333333333333*x(144) + 0.0876666666666667*x(146) + 0.0215*x(148) + 0.0442333333333333*x(150) + 0.045*x(152) + 0.038*x(154) + 0.0382333333333333*x(156) + 0.0524*x(158) + 0.0435*x(160) + 0.0426666666666667*x(162) + 0.0796666666666667*x(164) + 0.0449*x(166) + 0.03225*x(168) + 0.02725*x(170) + 0.0075*x(172) + 0.003*x(174) + 0.01075*x(176) + 0.0315*x(178) + 0.0252*x(180) + 0.0153*x(182) + 0.0155*x(184) + 0.0395*x(186) + 0.023*x(188) + 0.021*x(190) + 0.03*x(192) + 0.0615*x(194) + 0.0235*x(196) + 0.0493*x(198) + 0.0495*x(200) + 0.0735*x(202) + 0.057*x(204) + 0.055*x(206) + 0.0955*x(208) + 0.0575*x(210) + 0.0027*x(212) + 0.0038*x(214) + 0.0123*x(216) + 0.0125*x(218) + 0.0365*x(220) + 0.02*x(222) + 0.018*x(224) + 0.027*x(226) + 0.0585*x(228) + 0.0205*x(230) + 0.012*x(232) + 0.009*x(234) + 0.0027*x(236) + 0.0038*x(238) + 0.0123*x(240) + 0.0125*x(242) + 0.0365*x(244) + 0.02*x(246) + 0.018*x(248) + 0.027*x(250) + 0.0585*x(252) + 0.0205*x(254) + 0.044*x(261) + 0.0748*x(263) + 0.077*x(265) + 0.009*x(267) + 0.028*x(271) + 0.0081*x(273) + 0.01*x(279) + 0.01*x(281) - 0.01*x(324) - 0.015*x(325) - 0.03*x(326) =L= 0 ; (LHS = 0)
     

---- con272  =L=  

con272..  0.029475*x(56) + 0.023975*x(58) + 0.0675*x(60) + 0.01645*x(62) + 0.037*x(64) + 0.0143*x(66) + 0.0513333333333333*x(68) + 0.0643333333333333*x(70) + 0.0783333333333333*x(72) + 0.04825*x(74) + 0.0506666666666667*x(76) + 0.0483333333333333*x(78) + 0.0643333333333333*x(80) + 0.0506666666666667*x(82) + 0.025125*x(84) + 0.09925*x(86) + 0.1155*x(88) + 0.031625*x(90) + 0.049625*x(92) + 0.028125*x(94) + 0.0406666666666667*x(96) + 0.075*x(98) + 0.052*x(100) + 0.017*x(102) + 0.0203333333333333*x(104) + 0.0386666666666667*x(106) + 0.007*x(108) + 0.0256333333333333*x(110) + 0.0285*x(112) + 0.027*x(114) + 0.0195*x(116) + 0.045*x(118) + 0.007*x(120) + 0.0873333333333333*x(122) + 0.04*x(124) + 0.0276333333333333*x(126) + 0.02925*x(128) + 0.05225*x(130) + 0.0235*x(132) + 0.046*x(134) + 0.03575*x(136) + 0.075*x(138) + 0.052*x(140) + 0.017*x(142) + 0.0203333333333333*x(144) + 0.0386666666666667*x(146) + 0.007*x(148) + 0.0256333333333333*x(150) + 0.0285*x(152) + 0.027*x(154) + 0.0195*x(156) + 0.045*x(158) + 0.007*x(160) + 0.0873333333333333*x(162) + 0.04*x(164) + 0.0276333333333333*x(166) + 0.02925*x(168) + 0.05225*x(170) + 0.0235*x(172) + 0.046*x(174) + 0.03575*x(176) + 0.018*x(178) + 0.0144*x(180) + 0.0106*x(182) + 0.0085*x(184) + 0.0175*x(186) + 0.0095*x(188) + 0.046*x(190) + 0.001*x(192) + 0.014*x(194) + 0.0185*x(196) + 0.0096*x(198) + 0.0075*x(200) + 0.0165*x(202) + 0.0085*x(204) + 0.045*x(206) + 0.013*x(208) + 0.0175*x(210) + 0.0144*x(212) + 0.0171*x(214) + 0.0256*x(216) + 0.0235*x(218) + 0.0325*x(220) + 0.0245*x(222) + 0.061*x(224) + 0.016*x(226) + 0.029*x(228) + 0.0335*x(230) + 0.013*x(232) + 0.019*x(234) + 0.0144*x(236) + 0.0171*x(238) + 0.0256*x(240) + 0.0235*x(242) + 0.0325*x(244) + 0.0245*x(246) + 0.061*x(248) + 0.016*x(250) + 0.029*x(252) + 0.0335*x(254) + 0.0304*x(256) + 0.002*x(258) + 0.055*x(261) + 0.0616*x(263) + 0.181*x(267) + 0.172*x(269) + 0.244*x(271) + 0.0086*x(273) + 0.0935*x(277) + 0.018*x(279) - 0.01*x(324) - 0.015*x(325) - 0.03*x(326) =L= 0 ; (LHS = 0)
     

---- con273  =L=  

con273..  0.040675*x(56) + 0.025425*x(58) + 0.0205*x(60) + 0.02085*x(62) + 0.0243333333333333*x(64) + 0.0265666666666667*x(66) + 0.038*x(68) + 0.0276666666666667*x(70) + 0.0136666666666667*x(72) + 0.02075*x(74) + 0.043*x(76) + 0.0263333333333333*x(78) + 0.0276666666666667*x(80) + 0.043*x(82) + 0.01875*x(84) + 0.03075*x(86) + 0.0205*x(88) + 0.06275*x(90) + 0.02675*x(92) + 0.03775*x(94) + 0.0463333333333333*x(96) + 0.007*x(102) + 0.00533333333333333*x(104) + 0.033*x(106) + 0.019*x(108) + 0.0202333333333333*x(110) + 0.008*x(112) + 0.0136666666666667*x(118) + 0.0435*x(120) + 0.0273333333333333*x(122) + 0.028*x(124) + 0.0139*x(126) + 0.051*x(132) + 0.0725*x(134) + 0.044*x(136) + 0.007*x(142) + 0.00533333333333333*x(144) + 0.033*x(146) + 0.019*x(148) + 0.0202333333333333*x(150) + 0.008*x(152) + 0.0136666666666667*x(158) + 0.0435*x(160) + 0.0273333333333333*x(162) + 0.028*x(164) + 0.0139*x(166) + 0.051*x(172) + 0.0725*x(174) + 0.044*x(176) + 0.005*x(178) + 0.004*x(180) + 0.007*x(182) + 0.0135*x(184) + 0.0025*x(186) + 0.017*x(188) + 0.013*x(190) + 0.0285*x(192) + 0.005*x(194) + 0.0075*x(196) + 0.007*x(198) + 0.0135*x(200) + 0.0025*x(202) + 0.017*x(204) + 0.013*x(206) + 0.005*x(208) + 0.0075*x(210) + 0.0105*x(212) + 0.0205*x(214) + 0.0125*x(216) + 0.019*x(218) + 0.008*x(220) + 0.0225*x(222) + 0.0185*x(224) + 0.034*x(226) + 0.0105*x(228) + 0.013*x(230) + 0.007*x(232) + 0.004*x(234) + 0.0105*x(236) + 0.0205*x(238) + 0.0125*x(240) + 0.019*x(242) + 0.008*x(244) + 0.0225*x(246) + 0.0185*x(248) + 0.034*x(250) + 0.0105*x(252) + 0.013*x(254) + 0.0304*x(256) + 0.0456*x(259) + 0.137*x(269) + 0.12*x(279) - 0.01*x(324) - 0.015*x(325) - 0.03*x(326) =L= 0 ; (LHS = 0)
     

---- con274  =L=  

con274..  0.12015*x(56) + 0.0811575*x(57) + 0.12685*x(58) + 0.0790825*x(59) + 0.22825*x(60) + 0.18775*x(61) + 0.20785*x(62) + 0.145615*x(63) + 0.111433333333333*x(64) + 0.0538333333333333*x(65) + 0.141233333333333*x(66) + 0.0979433333333333*x(67) + 0.265266666666667*x(68) + 0.227166666666667*x(69) + 0.1575*x(70) + 0.1257*x(71) + 0.152166666666667*x(72) + 0.125166666666667*x(73) + 0.18255*x(74) + 0.144795*x(75) + 0.1738*x(76) + 0.1363*x(77) + 0.154833333333333*x(78) + 0.126033333333333*x(79) + 0.1575*x(80) + 0.1257*x(81) + 0.1738*x(82) + 0.1363*x(83) + 0.051025*x(84) + 0.015925*x(85) + 0.315975*x(86) + 0.277275*x(87) + 0.20185*x(88) + 0.1834*x(89) + 0.057075*x(90) + 0.028275*x(91) + 0.112725*x(92) + 0.054225*x(93) + 0.028625*x(94) + 0.012875*x(95) + 0.0354333333333333*x(96) + 0.0153333333333333*x(97) + 0.0264*x(100) + 0.00435*x(101) + 0.0334*x(102) + 0.00505*x(103) + 0.0939333333333333*x(104) + 0.0342333333333333*x(105) + 0.0580333333333333*x(106) + 0.0259333333333333*x(107) + 0.0304*x(108) + 0.00565*x(109) + 0.1578*x(110) + 0.10431*x(111) + 0.1145*x(112) + 0.047*x(113) + 0.0264*x(114) + 0.00435*x(115) + 0.123133333333333*x(116) + 0.0772933333333333*x(117) + 0.238066666666667*x(118) + 0.192526666666667*x(119) + 0.0507*x(120) + 0.0165*x(121) + 0.269133333333333*x(122) + 0.244533333333333*x(123) + 0.0282666666666667*x(124) + 0.00396666666666667*x(125) + 0.138566666666667*x(126) + 0.0970766666666667*x(127) + 0.05585*x(128) + 0.0149*x(129) + 0.02945*x(130) + 0.01055*x(131) + 0.03945*x(132) + 0.0174*x(133) + 0.2182*x(134) + 0.1849*x(135) + 0.0619*x(136) + 0.02725*x(137) + 0.0264*x(140) + 0.00435*x(141) + 0.0334*x(142) + 0.00505*x(143) + 0.0939333333333333*x(144) + 0.0342333333333333*x(145) + 0.0580333333333333*x(146) + 0.0259333333333333*x(147) + 0.0304*x(148) + 0.00565*x(149) + 0.1578*x(150) + 0.10431*x(151) + 0.1145*x(152) + 0.047*x(153) + 0.0264*x(154) + 0.00435*x(155) + 0.123133333333333*x(156) + 0.0772933333333333*x(157) + 0.238066666666667*x(158) + 0.192526666666667*x(159) + 0.0507*x(160) + 0.0165*x(161) + 0.269133333333333*x(162) + 0.244533333333333*x(163) + 0.0282666666666667*x(164) + 0.00396666666666667*x(165) + 0.138566666666667*x(166) + 0.0970766666666667*x(167) + 0.05585*x(168) + 0.0149*x(169) + 0.02945*x(170) + 0.01055*x(171) + 0.03945*x(172) + 0.0174*x(173) + 0.2182*x(174) + 0.1849*x(175) + 0.0619*x(176) + 0.02725*x(177) + 0.0258*x(178) + 0.0042*x(179) + 0.02064*x(180) + 0.00336*x(181) + 0.0232*x(182) + 0.00385*x(183) + 0.0372*x(184) + 0.00525*x(185) + 0.0284*x(186) + 0.00455*x(187) + 0.0232*x(188) + 0.00385*x(189) + 0.2123*x(190) + 0.18395*x(191) + 0.0232*x(192) + 0.00385*x(193) + 0.06495*x(194) + 0.0456*x(195) + 0.0232*x(196) + 0.00385*x(197) + 0.01005*x(198) + 0.0024*x(199) + 0.02405*x(200) + 0.0038*x(201) + 0.01525*x(202) + 0.0031*x(203) + 0.01005*x(204) + 0.0024*x(205) + 0.19915*x(206) + 0.1825*x(207) + 0.0518*x(208) + 0.04415*x(209) + 0.01005*x(210) + 0.0024*x(211) + 0.014*x(214) + 0.0014*x(215) + 0.0146*x(216) + 0.002*x(217) + 0.0286*x(218) + 0.0034*x(219) + 0.0198*x(220) + 0.0027*x(221) + 0.0146*x(222) + 0.002*x(223) + 0.2037*x(224) + 0.1821*x(225) + 0.0146*x(226) + 0.002*x(227) + 0.05635*x(228) + 0.04375*x(229) + 0.0146*x(230) + 0.002*x(231) + 0.0156*x(232) + 0.0021*x(233) + 0.0136*x(234) + 0.0019*x(235) + 0.014*x(238) + 0.0014*x(239) + 0.0146*x(240) + 0.002*x(241) + 0.0286*x(242) + 0.0034*x(243) + 0.0198*x(244) + 0.0027*x(245) + 0.0146*x(246) + 0.002*x(247) + 0.2037*x(248) + 0.1821*x(249) + 0.0146*x(250) + 0.002*x(251) + 0.05635*x(252) + 0.04375*x(253) + 0.0146*x(254) + 0.002*x(255) + 0.1396*x(256) + 0.1225*x(257) + 0.015*x(258) + 0.5153*x(259) + 0.47426*x(260) + 0.0779*x(261) + 0.0527*x(262) + 0.1126*x(263) + 0.09118*x(264) + 0.1019*x(265) + 0.06653*x(266) + 0.04*x(267) + 0.04*x(268) + 0.03*x(269) + 0.03*x(270) + 0.03*x(271) + 0.03*x(272) + 0.281*x(273) + 0.25265*x(274) + 0.9725*x(275) + 0.8582*x(276) + 0.1654*x(277) + 0.14506*x(278) + 0.1544*x(279) + 0.1544*x(280) + 0.113*x(281) + 0.113*x(282) + 0.0028825*x(321) + 0.0028825*x(322) + 0.0028825*x(323) + 0.0355*x(324) + 0.01625*x(325) + 0.0195*x(326) + 0.000165*x(327) =L= 3088 ; (LHS = 0)
     

---- con275  =L=  

con275..  0.362075*x(56) + 0.3265925*x(57) + 0.354425*x(58) + 0.3031925*x(59) + 0.24875*x(60) + 0.2006*x(61) + 0.11525*x(62) + 0.069485*x(63) + 0.479233333333333*x(64) + 0.415633333333333*x(65) + 0.0841333333333333*x(66) + 0.0536233333333333*x(67) + 0.250833333333333*x(68) + 0.234333333333333*x(69) + 0.2726*x(70) + 0.2111*x(71) + 0.200833333333333*x(72) + 0.161233333333333*x(73) + 0.240025*x(74) + 0.182605*x(75) + 0.225033333333333*x(76) + 0.192933333333333*x(77) + 0.173133333333333*x(78) + 0.141033333333333*x(79) + 0.2726*x(80) + 0.2111*x(81) + 0.225033333333333*x(82) + 0.192933333333333*x(83) + 0.4348*x(84) + 0.38125*x(85) + 0.350175*x(86) + 0.2973*x(87) + 0.2783*x(88) + 0.23825*x(89) + 0.50065*x(90) + 0.46645*x(91) + 0.57405*x(92) + 0.5187*x(93) + 0.4228*x(94) + 0.3886*x(95) + 0.614766666666667*x(96) + 0.575466666666667*x(97) + 0.07875*x(98) + 0.061875*x(99) + 0.07545*x(100) + 0.04485*x(101) + 0.10555*x(102) + 0.07945*x(103) + 0.138733333333333*x(104) + 0.0988333333333333*x(105) + 0.477866666666667*x(106) + 0.398966666666667*x(107) + 0.0339*x(108) + 0.01455*x(109) + 0.156433333333333*x(110) + 0.116623333333333*x(111) + 0.18515*x(112) + 0.14465*x(113) + 0.1157*x(114) + 0.0815*x(115) + 0.1*x(116) + 0.06559*x(117) + 0.213266666666667*x(118) + 0.166106666666667*x(119) + 0.3056*x(120) + 0.26645*x(121) + 0.301066666666667*x(122) + 0.262666666666667*x(123) + 0.228833333333333*x(124) + 0.157133333333333*x(125) + 0.138666666666667*x(126) + 0.0982566666666667*x(127) + 0.07885*x(128) + 0.049825*x(129) + 0.14865*x(130) + 0.124125*x(131) + 0.1714*x(132) + 0.16465*x(133) + 0.26545*x(134) + 0.26275*x(135) + 0.1447*x(136) + 0.135025*x(137) + 0.07875*x(138) + 0.061875*x(139) + 0.07545*x(140) + 0.04485*x(141) + 0.10555*x(142) + 0.07945*x(143) + 0.138733333333333*x(144) + 0.0988333333333333*x(145) + 0.477866666666667*x(146) + 0.398966666666667*x(147) + 0.0339*x(148) + 0.01455*x(149) + 0.156433333333333*x(150) + 0.116623333333333*x(151) + 0.18515*x(152) + 0.14465*x(153) + 0.1157*x(154) + 0.0815*x(155) + 0.1*x(156) + 0.06559*x(157) + 0.213266666666667*x(158) + 0.166106666666667*x(159) + 0.3056*x(160) + 0.26645*x(161) + 0.301066666666667*x(162) + 0.262666666666667*x(163) + 0.228833333333333*x(164) + 0.157133333333333*x(165) + 0.138666666666667*x(166) + 0.0982566666666667*x(167) + 0.07885*x(168) + 0.049825*x(169) + 0.14865*x(170) + 0.124125*x(171) + 0.1714*x(172) + 0.16465*x(173) + 0.26545*x(174) + 0.26275*x(175) + 0.1447*x(176) + 0.135025*x(177) + 0.067225*x(178) + 0.038875*x(179) + 0.05378*x(180) + 0.0311*x(181) + 0.05195*x(182) + 0.03818*x(183) + 0.0582*x(184) + 0.04425*x(185) + 0.08605*x(186) + 0.0505*x(187) + 0.0248*x(188) + 0.0041*x(189) + 0.34525*x(190) + 0.32635*x(191) + 0.27775*x(192) + 0.25075*x(193) + 0.19105*x(194) + 0.1357*x(195) + 0.0484*x(196) + 0.02725*x(197) + 0.12185*x(198) + 0.07748*x(199) + 0.1281*x(200) + 0.08355*x(201) + 0.15595*x(202) + 0.0898*x(203) + 0.0947*x(204) + 0.0434*x(205) + 0.41515*x(206) + 0.36565*x(207) + 0.26095*x(208) + 0.175*x(209) + 0.1183*x(210) + 0.06655*x(211) + 0.0567*x(212) + 0.05427*x(213) + 0.08185*x(214) + 0.07843*x(215) + 0.04895*x(216) + 0.03788*x(217) + 0.0552*x(218) + 0.04395*x(219) + 0.08305*x(220) + 0.0502*x(221) + 0.0218*x(222) + 0.0038*x(223) + 0.34225*x(224) + 0.32605*x(225) + 0.27475*x(226) + 0.25045*x(227) + 0.18805*x(228) + 0.1354*x(229) + 0.0454*x(230) + 0.02695*x(231) + 0.0126*x(232) + 0.0018*x(233) + 0.0097*x(234) + 0.0016*x(235) + 0.0567*x(236) + 0.05427*x(237) + 0.08185*x(238) + 0.07843*x(239) + 0.04895*x(240) + 0.03788*x(241) + 0.0552*x(242) + 0.04395*x(243) + 0.08305*x(244) + 0.0502*x(245) + 0.0218*x(246) + 0.0038*x(247) + 0.34225*x(248) + 0.32605*x(249) + 0.27475*x(250) + 0.25045*x(251) + 0.18805*x(252) + 0.1354*x(253) + 0.0454*x(254) + 0.02695*x(255) + 0.0019*x(256) + 0.0019*x(257) + 0.055*x(258) + 0.19*x(259) + 0.19*x(260) + 0.347*x(261) + 0.3074*x(262) + 0.2206*x(263) + 0.15328*x(264) + 0.6325*x(265) + 0.5632*x(266) + 0.2341*x(267) + 0.226*x(268) + 0.058*x(269) + 0.058*x(270) + 1.1513*x(271) + 1.1261*x(272) + 0.0775*x(273) + 0.07021*x(274) + 0.285*x(275) + 0.285*x(276) + 0.1594*x(277) + 0.1594*x(278) + 0.17*x(279) + 0.161*x(280) + 0.591*x(281) + 0.582*x(282) + 0.0028825*x(321) + 0.0028825*x(322) + 0.0028825*x(323) + 0.0355*x(324) + 0.01625*x(325) + 0.0195*x(326) + 0.000165*x(327) =L= 3088 ; (LHS = 0)
     

---- con276  =L=  

con276..  0.2723*x(56) + 0.2457725*x(57) + 0.246525*x(58) + 0.2249475*x(59) + 0.17335*x(60) + 0.1126*x(61) + 0.24975*x(62) + 0.234945*x(63) + 0.3578*x(64) + 0.3245*x(65) + 0.2014*x(66) + 0.18853*x(67) + 0.2123*x(68) + 0.1661*x(69) + 0.173466666666667*x(70) + 0.115566666666667*x(71) + 0.2489*x(72) + 0.1784*x(73) + 0.1301*x(74) + 0.086675*x(75) + 0.201666666666667*x(76) + 0.156066666666667*x(77) + 0.150466666666667*x(78) + 0.106966666666667*x(79) + 0.173466666666667*x(80) + 0.115566666666667*x(81) + 0.201666666666667*x(82) + 0.156066666666667*x(83) + 0.2078*x(84) + 0.1851875*x(85) + 0.245575*x(86) + 0.15625*x(87) + 0.3589*x(88) + 0.25495*x(89) + 0.3225*x(90) + 0.2940375*x(91) + 0.3512*x(92) + 0.3065375*x(93) + 0.2457*x(94) + 0.2203875*x(95) + 0.323933333333333*x(96) + 0.287333333333333*x(97) + 0.3*x(98) + 0.2325*x(99) + 0.21445*x(100) + 0.16765*x(101) + 0.15895*x(102) + 0.14365*x(103) + 0.1245*x(104) + 0.1062*x(105) + 0.310466666666667*x(106) + 0.275666666666667*x(107) + 0.0668*x(108) + 0.0605*x(109) + 0.241066666666667*x(110) + 0.217996666666667*x(111) + 0.1723*x(112) + 0.14665*x(113) + 0.05695*x(114) + 0.03265*x(115) + 0.0724*x(116) + 0.05485*x(117) + 0.115566666666667*x(118) + 0.0750666666666667*x(119) + 0.2228*x(120) + 0.2165*x(121) + 0.211866666666667*x(122) + 0.133266666666667*x(123) + 0.125433333333333*x(124) + 0.0894333333333333*x(125) + 0.194833333333333*x(126) + 0.169963333333333*x(127) + 0.1086*x(128) + 0.082275*x(129) + 0.13665*x(130) + 0.089625*x(131) + 0.27365*x(132) + 0.2525*x(133) + 0.28115*x(134) + 0.23975*x(135) + 0.2233*x(136) + 0.191125*x(137) + 0.3*x(138) + 0.2325*x(139) + 0.21445*x(140) + 0.16765*x(141) + 0.15895*x(142) + 0.14365*x(143) + 0.1245*x(144) + 0.1062*x(145) + 0.310466666666667*x(146) + 0.275666666666667*x(147) + 0.0668*x(148) + 0.0605*x(149) + 0.241066666666667*x(150) + 0.217996666666667*x(151) + 0.1723*x(152) + 0.14665*x(153) + 0.05695*x(154) + 0.03265*x(155) + 0.0724*x(156) + 0.05485*x(157) + 0.115566666666667*x(158) + 0.0750666666666667*x(159) + 0.2228*x(160) + 0.2165*x(161) + 0.211866666666667*x(162) + 0.133266666666667*x(163) + 0.125433333333333*x(164) + 0.0894333333333333*x(165) + 0.194833333333333*x(166) + 0.169963333333333*x(167) + 0.1086*x(168) + 0.082275*x(169) + 0.13665*x(170) + 0.089625*x(171) + 0.27365*x(172) + 0.2525*x(173) + 0.28115*x(174) + 0.23975*x(175) + 0.2233*x(176) + 0.191125*x(177) + 0.02905*x(178) + 0.01285*x(179) + 0.02324*x(180) + 0.01028*x(181) + 0.0457*x(182) + 0.03616*x(183) + 0.0302*x(184) + 0.02255*x(185) + 0.03585*x(186) + 0.0201*x(187) + 0.06805*x(188) + 0.0595*x(189) + 0.24025*x(190) + 0.19885*x(191) + 0.1048*x(192) + 0.1039*x(193) + 0.01625*x(194) + 0.00365*x(195) + 0.02225*x(196) + 0.0056*x(197) + 0.0442*x(198) + 0.03556*x(199) + 0.0287*x(200) + 0.02195*x(201) + 0.03435*x(202) + 0.0195*x(203) + 0.06655*x(204) + 0.0589*x(205) + 0.23875*x(206) + 0.19825*x(207) + 0.01475*x(208) + 0.00305*x(209) + 0.02075*x(210) + 0.005*x(211) + 0.06555*x(212) + 0.05259*x(213) + 0.0719*x(214) + 0.05651*x(215) + 0.06005*x(216) + 0.03701*x(217) + 0.04455*x(218) + 0.0234*x(219) + 0.0502*x(220) + 0.02095*x(221) + 0.0824*x(222) + 0.06035*x(223) + 0.2546*x(224) + 0.1997*x(225) + 0.11915*x(226) + 0.10475*x(227) + 0.0306*x(228) + 0.0045*x(229) + 0.0366*x(230) + 0.00645*x(231) + 0.0136*x(232) + 0.0019*x(233) + 0.0191*x(234) + 0.002*x(235) + 0.06555*x(236) + 0.05259*x(237) + 0.0719*x(238) + 0.05651*x(239) + 0.06005*x(240) + 0.03701*x(241) + 0.04455*x(242) + 0.0234*x(243) + 0.0502*x(244) + 0.02095*x(245) + 0.0824*x(246) + 0.06035*x(247) + 0.2546*x(248) + 0.1997*x(249) + 0.11915*x(250) + 0.10475*x(251) + 0.0306*x(252) + 0.0045*x(253) + 0.0366*x(254) + 0.00645*x(255) + 0.0361*x(256) + 0.00874*x(257) + 0.074*x(258) + 0.3686*x(259) + 0.3686*x(260) + 0.1855*x(261) + 0.136*x(262) + 0.1012*x(263) + 0.04576*x(264) + 0.0634*x(265) + 0.0634*x(266) + 0.4193*x(267) + 0.2564*x(268) + 1.3657*x(269) + 1.2109*x(270) + 0.34*x(271) + 0.1204*x(272) + 1.5806*x(273) + 1.57286*x(274) + 0.894*x(275) + 0.894*x(276) + 0.1615*x(277) + 0.07735*x(278) + 0.018*x(279) + 0.0018*x(280) + 0.113*x(281) + 0.113*x(282) + 0.0028825*x(321) + 0.0028825*x(322) + 0.0028825*x(323) + 0.0355*x(324) + 0.01625*x(325) + 0.0195*x(326) + 0.000165*x(327) =L= 3088 ; (LHS = 0)
     

---- con277  =L=  

con277..  0.04145*x(56) + 0.0048425*x(57) + 0.0262*x(58) + 0.0033175*x(59) + 0.0212*x(60) + 0.00275*x(61) + 0.0224*x(62) + 0.003635*x(63) + 0.0481*x(64) + 0.0262*x(65) + 0.0288666666666667*x(66) + 0.00495666666666667*x(67) + 0.0398*x(68) + 0.0056*x(69) + 0.0281333333333333*x(70) + 0.00323333333333333*x(71) + 0.0141333333333333*x(72) + 0.00183333333333333*x(73) + 0.0211*x(74) + 0.002425*x(75) + 0.0434666666666667*x(76) + 0.00476666666666667*x(77) + 0.0280666666666667*x(78) + 0.00436666666666667*x(79) + 0.0281333333333333*x(80) + 0.00323333333333333*x(81) + 0.0434666666666667*x(82) + 0.00476666666666667*x(83) + 0.0281875*x(84) + 0.0113125*x(85) + 0.0311*x(86) + 0.003425*x(87) + 0.0205*x(88) + 0.00205*x(89) + 0.0714875*x(90) + 0.0150125*x(91) + 0.0354875*x(92) + 0.0114125*x(93) + 0.0483875*x(94) + 0.0144125*x(95) + 0.0832*x(96) + 0.0415*x(97) + 0.0007*x(100) + 0.0007*x(101) + 0.0077*x(102) + 0.0014*x(103) + 0.00626666666666667*x(104) + 0.00146666666666667*x(105) + 0.0567666666666667*x(106) + 0.0270666666666667*x(107) + 0.0216*x(108) + 0.0045*x(109) + 0.0212666666666667*x(110) + 0.00305666666666667*x(111) + 0.0087*x(112) + 0.0015*x(113) + 0.0007*x(114) + 0.0007*x(115) + 0.000466666666666667*x(116) + 0.000466666666666667*x(117) + 0.0141333333333333*x(118) + 0.00183333333333333*x(119) + 0.0995*x(120) + 0.06035*x(121) + 0.0273333333333333*x(122) + 0.00273333333333333*x(123) + 0.0284666666666667*x(124) + 0.00326666666666666*x(125) + 0.0149333333333333*x(126) + 0.00242333333333333*x(127) + 0.0007*x(128) + 0.0007*x(129) + 0.051*x(132) + 0.0051*x(133) + 0.0735*x(134) + 0.00825*x(135) + 0.044*x(136) + 0.0044*x(137) + 0.0007*x(140) + 0.0007*x(141) + 0.0077*x(142) + 0.0014*x(143) + 0.00626666666666667*x(144) + 0.00146666666666667*x(145) + 0.0567666666666667*x(146) + 0.0270666666666667*x(147) + 0.0216*x(148) + 0.0045*x(149) + 0.0212666666666667*x(150) + 0.00305666666666667*x(151) + 0.0087*x(152) + 0.0015*x(153) + 0.0007*x(154) + 0.0007*x(155) + 0.000466666666666667*x(156) + 0.000466666666666667*x(157) + 0.0141333333333333*x(158) + 0.00183333333333333*x(159) + 0.0995*x(160) + 0.06035*x(161) + 0.0273333333333333*x(162) + 0.00273333333333333*x(163) + 0.0284666666666667*x(164) + 0.00326666666666666*x(165) + 0.0149333333333333*x(166) + 0.00242333333333333*x(167) + 0.0007*x(168) + 0.0007*x(169) + 0.051*x(172) + 0.0051*x(173) + 0.0735*x(174) + 0.00825*x(175) + 0.044*x(176) + 0.0044*x(177) + 0.0054*x(178) + 0.0009*x(179) + 0.00432*x(180) + 0.00072*x(181) + 0.0074*x(182) + 0.0011*x(183) + 0.0139*x(184) + 0.00175*x(185) + 0.0029*x(186) + 0.00065*x(187) + 0.018*x(188) + 0.0027*x(189) + 0.0134*x(190) + 0.0017*x(191) + 0.0989*x(192) + 0.07325*x(193) + 0.00625*x(194) + 0.00175*x(195) + 0.0079*x(196) + 0.00115*x(197) + 0.00825*x(198) + 0.00195*x(199) + 0.01475*x(200) + 0.0026*x(201) + 0.00375*x(202) + 0.0015*x(203) + 0.01885*x(204) + 0.00355*x(205) + 0.01425*x(206) + 0.00255*x(207) + 0.0071*x(208) + 0.0026*x(209) + 0.00875*x(210) + 0.002*x(211) + 0.0105*x(212) + 0.00105*x(213) + 0.0205*x(214) + 0.00205*x(215) + 0.0126*x(216) + 0.00135*x(217) + 0.0191*x(218) + 0.002*x(219) + 0.0081*x(220) + 0.000899999999999999*x(221) + 0.0232*x(222) + 0.00295*x(223) + 0.0186*x(224) + 0.00195*x(225) + 0.1041*x(226) + 0.0735*x(227) + 0.01145*x(228) + 0.002*x(229) + 0.0131*x(230) + 0.0014*x(231) + 0.009*x(232) + 0.0027*x(233) + 0.004*x(234) + 0.0004*x(235) + 0.0105*x(236) + 0.00105*x(237) + 0.0205*x(238) + 0.00205*x(239) + 0.0126*x(240) + 0.00135*x(241) + 0.0191*x(242) + 0.002*x(243) + 0.0081*x(244) + 0.000899999999999999*x(245) + 0.0232*x(246) + 0.00295*x(247) + 0.0186*x(248) + 0.00195*x(249) + 0.1041*x(250) + 0.0735*x(251) + 0.01145*x(252) + 0.002*x(253) + 0.0131*x(254) + 0.0014*x(255) + 0.0428*x(256) + 0.01544*x(257) + 0.012*x(258) + 0.7117*x(259) + 0.67066*x(260) + 0.1587*x(261) + 0.1587*x(262) + 0.0699*x(263) + 0.0699*x(264) + 0.1039*x(265) + 0.1039*x(266) + 0.1072*x(267) + 0.1072*x(268) + 0.2565*x(269) + 0.1332*x(270) + 0.0851*x(271) + 0.0851*x(272) + 0.1024*x(273) + 0.1024*x(274) + 0.086*x(275) + 0.086*x(276) + 0.0668*x(277) + 0.0668*x(278) + 0.159*x(279) + 0.051*x(280) + 0.113*x(281) + 0.113*x(282) + 0.0028825*x(321) + 0.0028825*x(322) + 0.0028825*x(323) + 0.0355*x(324) + 0.01625*x(325) + 0.0195*x(326) + 0.000165*x(327) =L= 3088 ; (LHS = 0)
     

---- con278  =L=  

con278..  x(178) + x(179) + x(180) + x(181) + x(182) + x(183) + x(184) + x(185) + x(186) + x(187) + x(188) + x(189) + x(190) + x(191) + x(192) + x(193) + x(194) + x(195) + x(196) + x(197) + x(198) + x(199) + x(200) + x(201) + x(202) + x(203) + x(204) + x(205) + x(206) + x(207) + x(208) + x(209) + x(210) + x(211) + x(212) + x(213) + x(214) + x(215) + x(216) + x(217) + x(218) + x(219) + x(220) + x(221) + x(222) + x(223) + x(224) + x(225) + x(226) + x(227) + x(228) + x(229) + x(230) + x(231) =L= 6560 ; (LHS = 0)
     

---- con279  =L=  

con279..  x(232) + x(233) + x(234) + x(235) + x(236) + x(237) + x(238) + x(239) + x(240) + x(241) + x(242) + x(243) + x(244) + x(245) + x(246) + x(247) + x(248) + x(249) + x(250) + x(251) + x(252) + x(253) + x(254) + x(255) =L= 16047.4 ; (LHS = 0)
     
GAMS 53.5.1  f2e5fac3 May 20, 2026          WEX-WEI x86 64bit/MS Windows - 06/14/26 21:50:21 Page 3
G e n e r a l   A l g e b r a i c   M o d e l i n g   S y s t e m
Column Listing      SOLVE m Using NLP From line 5465


---- x  

x(1)
                (.LO, .L, .UP, .M = -INF, 0, +INF, 0)
       (0.284)  objcon
        1       con64
       -0.075   con205

x(2)
                (.LO, .L, .UP, .M = -INF, 0, +INF, 0)
       (0.3711) objcon
        1       con63

x(3)
                (.LO, .L, .UP, .M = -INF, 0, +INF, 0)
       (0.3068) objcon
        1       con62
       -0.024   con205

REMAINING 515 ENTRIES SKIPPED

---- obj  

obj
                (.LO, .L, .UP, .M = -INF, 0, +INF, 0)
        1       objcon

GAMS 53.5.1  f2e5fac3 May 20, 2026          WEX-WEI x86 64bit/MS Windows - 06/14/26 21:50:21 Page 4
G e n e r a l   A l g e b r a i c   M o d e l i n g   S y s t e m
Range Statistics    SOLVE m Using NLP From line 5465


RANGE STATISTICS (ABSOLUTE NON-ZERO FINITE VALUES)

RHS       [min, max] : [ 1.652E+02, 1.605E+04] - Zero values observed as well
Bound     [min, max] : [ 1.000E-01, 5.894E+04] - Zero values observed as well
Matrix    [min, max] : [ 7.078E-06, 3.432E+01]

GAMS 53.5.1  f2e5fac3 May 20, 2026          WEX-WEI x86 64bit/MS Windows - 06/14/26 21:50:21 Page 5
G e n e r a l   A l g e b r a i c   M o d e l i n g   S y s t e m
Model Statistics    SOLVE m Using NLP From line 5465


MODEL STATISTICS

BLOCKS OF EQUATIONS         280     SINGLE EQUATIONS          280
BLOCKS OF VARIABLES           2     SINGLE VARIABLES          519  14 projected
NON ZERO ELEMENTS         4,637     NON LINEAR N-Z             55
CODE LENGTH                 278     CONSTANT POOL             122


GENERATION TIME      =        0.016 SECONDS      4 MB  53.5.1 f2e5fac3 WEX-WEI
GAMS 53.5.1  f2e5fac3 May 20, 2026          WEX-WEI x86 64bit/MS Windows - 06/14/26 21:50:21 Page 6
G e n e r a l   A l g e b r a i c   M o d e l i n g   S y s t e m
Solution Report     SOLVE m Using NLP From line 5465


               S O L V E      S U M M A R Y

     MODEL   m                   OBJECTIVE  obj
     TYPE    NLP                 DIRECTION  MINIMIZE
     SOLVER  CONVERT             FROM LINE  5465

**** SOLVER STATUS     1 Normal Completion
**** MODEL STATUS      14 No Solution Returned
**** OBJECTIVE VALUE                0.0000

 RESOURCE USAGE, LIMIT          0.016 10000000000.000
 ITERATION COUNT, LIMIT         0    2147483647
 EVALUATION ERRORS              0             0

*** Error Cannot open parameter file "C:\Users\edmil\Desktop\benchmark_nlp\convert.opt"
*** Error Error code = 2; No such file or directory

--- Writing Dict      : dict.txt
--- Writing Gams      : gams.gms


No solution returned
GAMS 53.5.1  f2e5fac3 May 20, 2026          WEX-WEI x86 64bit/MS Windows - 06/14/26 21:50:21 Page 7
G e n e r a l   A l g e b r a i c   M o d e l i n g   S y s t e m
E x e c u t i o n


----   5466 VARIABLE x.L  

                      ( ALL       0.000 )


----   5466 VARIABLE obj.L                 =        0.000  


EXECUTION TIME       =        0.109 SECONDS      4 MB  53.5.1 f2e5fac3 WEX-WEI


USER: GAMS Demo, for EULA and demo limitations see   G260130+0003Cc-GEN
      https://www.gams.com/latest/docs/UG%5FLicense.html         DC0000


**** FILE SUMMARY

Input      C:\Users\edmil\Desktop\benchmark_nlp\coconut_gams\turkey.gms
Output     C:\Users\edmil\Desktop\benchmark_nlp\logs\gams\turkey.lst
